d,c
2009-01-02,40.410000
2009-01-05,40.000000
2009-01-06,40.810000
2009-01-07,40.110000
2009-01-08,40.610000
2009-01-09,38.610000
2009-01-12,38.560000
2009-01-13,38.920000
2009-01-14,37.940000
2009-01-15,39.180000
2009-01-16,39.420000
2009-01-20,37.640000
2009-01-21,37.480000
2009-01-22,36.730000
2009-01-23,37.090000
2009-01-26,37.640000
2009-01-27,37.150000
2009-01-28,37.460000
2009-01-29,36.680000
2009-01-30,36.330000
2009-02-02,36.640000
2009-02-03,39.040000
2009-02-04,37.960000
2009-02-05,38.760000
2009-02-06,39.570000
2009-02-09,39.250000
2009-02-10,37.580000
2009-02-11,37.960000
2009-02-12,37.860000
2009-02-13,37.170000
2009-02-17,36.480000
2009-02-18,36.840000
2009-02-19,35.670000
2009-02-20,35.870000
2009-02-23,34.250000
2009-02-24,35.300000
2009-02-25,34.910000
2009-02-26,34.180000
2009-02-27,34.150000
2009-03-02,33.030000
2009-03-03,33.060000
2009-03-04,34.000000
2009-03-05,32.800000
2009-03-06,33.280000
2009-03-09,33.200000
2009-03-10,34.610000
2009-03-11,34.260000
2009-03-12,35.120000
2009-03-13,35.360000
2009-03-16,35.360000
2009-03-17,36.630000
2009-03-18,37.110000
2009-03-19,36.720000
2009-03-20,36.300000
2009-03-23,37.290000
2009-03-24,36.430000
2009-03-25,35.620000
2009-03-26,36.500000
2009-03-27,35.500000
2009-03-30,35.240000
2009-03-31,35.160000
2009-04-01,35.100000
2009-04-02,36.220000
2009-04-03,36.670000
2009-04-06,36.220000
2009-04-07,35.250000
2009-04-08,35.260000
2009-04-09,36.200000
2009-04-13,36.050000
2009-04-14,35.630000
2009-04-15,35.530000
2009-04-16,36.520000
2009-04-17,36.110000
2009-04-20,35.500000
2009-04-21,36.040000
2009-04-22,35.540000
2009-04-23,34.980000
2009-04-24,35.350000
2009-04-27,34.460000
2009-04-28,34.660000
2009-04-29,35.420000
2009-04-30,35.200000
2009-05-01,35.520000
2009-05-04,34.860000
2009-05-05,35.680000
2009-05-06,36.820000
2009-05-07,36.390000
2009-05-08,36.840000
2009-05-11,36.820000
2009-05-12,37.010000
2009-05-13,36.300000
2009-05-14,36.170000
2009-05-15,35.790000
2009-05-18,36.360000
2009-05-19,35.720000
2009-05-20,35.330000
2009-05-21,35.550000
2009-05-22,35.970000
2009-05-26,36.980000
2009-05-27,37.080000
2009-05-28,38.000000
2009-05-29,38.010000
2009-06-01,38.820000
2009-06-02,38.580000
2009-06-03,37.990000
2009-06-04,38.130000
2009-06-05,38.550000
2009-06-08,38.280000
2009-06-09,38.300000
2009-06-10,37.390000
2009-06-11,37.410000
2009-06-12,37.290000
2009-06-15,36.500000
2009-06-16,36.230000
2009-06-17,36.190000
2009-06-18,35.390000
2009-06-19,35.680000
2009-06-22,35.180000
2009-06-23,35.070000
2009-06-24,35.430000
2009-06-25,34.610000
2009-06-26,34.690000
2009-06-29,35.290000
2009-06-30,35.440000
2009-07-01,35.350000
2009-07-02,34.180000
2009-07-06,34.270000
2009-07-07,33.330000
2009-07-08,33.950000
2009-07-09,33.670000
2009-07-10,33.730000
2009-07-13,34.110000
2009-07-14,34.440000
2009-07-15,35.110000
2009-07-16,35.480000
2009-07-17,35.310000
2009-07-20,35.580000
2009-07-21,35.720000
2009-07-22,35.400000
2009-07-23,36.000000
2009-07-24,36.930000
2009-07-27,36.960000
2009-07-28,37.240000
2009-07-29,37.820000
2009-07-30,36.690000
2009-07-31,37.250000
2009-08-03,38.060000
2009-08-04,37.930000
2009-08-05,37.720000
2009-08-06,37.220000
2009-08-07,38.370000
2009-08-10,38.060000
2009-08-11,37.850000
2009-08-12,38.200000
2009-08-13,38.740000
2009-08-14,38.480000
2009-08-17,37.620000
2009-08-18,37.600000
2009-08-19,37.670000
2009-08-20,37.990000
2009-08-21,39.070000
2009-08-24,39.220000
2009-08-25,38.990000
2009-08-26,38.620000
2009-08-27,38.610000
2009-08-28,38.560000
2009-08-31,38.350000
2009-09-01,37.780000
2009-09-02,37.670000
2009-09-03,37.810000
2009-09-04,38.570000
2009-09-08,38.750000
2009-09-09,38.440000
2009-09-10,38.310000
2009-09-11,38.400000
2009-09-14,38.390000
2009-09-15,38.670000
2009-09-16,39.340000
2009-09-17,39.280000
2009-09-18,39.390000
2009-09-21,39.190000
2009-09-22,39.820000
2009-09-23,39.850000
2009-09-24,39.180000
2009-09-25,38.910000
2009-09-28,39.880000
2009-09-29,39.370000
2009-09-30,39.300000
2009-10-01,38.950000
2009-10-02,38.790000
2009-10-05,38.780000
2009-10-06,38.790000
2009-10-07,39.020000
2009-10-08,39.720000
2009-10-09,40.170000
2009-10-12,40.040000
2009-10-13,39.900000
2009-10-14,40.800000
2009-10-15,40.850000
2009-10-16,40.620000
2009-10-19,40.810000
2009-10-20,40.190000
2009-10-21,40.300000
2009-10-22,41.000000
2009-10-23,40.370000
2009-10-26,40.370000
2009-10-27,40.230000
2009-10-28,40.010000
2009-10-29,40.250000
2009-10-30,39.800000
2009-11-02,40.440000
2009-11-03,40.650000
2009-11-04,40.800000
2009-11-05,42.240000
2009-11-06,42.320000
2009-11-09,42.950000
2009-11-10,43.130000
2009-11-11,43.390000
2009-11-12,43.320000
2009-11-13,43.510000
2009-11-16,43.940000
2009-11-17,44.010000
2009-11-18,43.810000
2009-11-19,43.440000
2009-11-20,43.450000
2009-11-23,44.240000
2009-11-24,43.990000
2009-11-25,44.000000
2009-11-27,43.530000
2009-11-30,43.450000
2009-12-01,43.840000
2009-12-02,43.800000
2009-12-03,43.190000
2009-12-04,43.690000
2009-12-07,43.880000
2009-12-08,43.020000
2009-12-09,43.080000
2009-12-10,43.200000
2009-12-11,43.040000
2009-12-14,43.100000
2009-12-15,42.900000
2009-12-16,42.890000
2009-12-17,42.280000
2009-12-18,42.360000
2009-12-21,42.770000
2009-12-22,42.910000
2009-12-23,42.800000
2009-12-24,43.010000
2009-12-28,43.170000
2009-12-29,43.220000
2009-12-30,43.260000
2009-12-31,42.820000
2010-01-04,42.830000
2010-01-05,42.600000
2010-01-06,42.500000
2010-01-07,42.480000
2010-01-08,42.420000
2010-01-11,42.610000
2010-01-12,42.310000
2010-01-13,42.620000
2010-01-14,42.500000
2010-01-15,42.270000
2010-01-19,42.910000
2010-01-20,42.340000
2010-01-21,42.150000
2010-01-22,41.170000
2010-01-25,41.270000
2010-01-26,41.060000
2010-01-27,41.020000
2010-01-28,40.680000
2010-01-29,40.790000
2010-02-01,41.070000
2010-02-02,41.180000
2010-02-03,40.800000
2010-02-04,40.380000
2010-02-05,40.280000
2010-02-08,40.400000
2010-02-09,40.700000
2010-02-10,40.680000
2010-02-11,40.900000
2010-02-12,40.590000
2010-02-16,41.300000
2010-02-17,41.460000
2010-02-18,41.190000
2010-02-19,41.560000
2010-02-22,41.600000
2010-02-23,41.200000
2010-02-24,42.240000
2010-02-25,41.710000
2010-02-26,41.610000
2010-03-01,41.970000
2010-03-02,41.850000
2010-03-03,41.910000
2010-03-04,41.710000
2010-03-05,43.180000
2010-03-08,43.150000
2010-03-09,43.670000
2010-03-10,43.880000
2010-03-11,43.930000
2010-03-12,43.810000
2010-03-15,44.240000
2010-03-16,44.250000
2010-03-17,44.690000
2010-03-18,44.720000
2010-03-19,44.600000
2010-03-22,44.830000
2010-03-23,44.910000
2010-03-24,44.340000
2010-03-25,43.980000
2010-03-26,44.240000
2010-03-29,44.540000
2010-03-30,44.590000
2010-03-31,44.470000
2010-04-01,44.180000
2010-04-05,44.390000
2010-04-06,44.290000
2010-04-07,43.930000
2010-04-08,43.880000
2010-04-09,44.260000
2010-04-12,44.210000
2010-04-13,43.950000
2010-04-14,44.180000
2010-04-15,44.680000
2010-04-16,44.290000
2010-04-19,44.720000
2010-04-20,45.030000
2010-04-21,45.060000
2010-04-22,45.070000
2010-04-23,45.480000
2010-04-26,45.330000
2010-04-27,44.420000
2010-04-28,44.140000
2010-04-29,44.390000
2010-04-30,43.370000
2010-05-03,43.670000
2010-05-04,42.860000
2010-05-05,42.660000
2010-05-06,41.410000
2010-05-07,41.560000
2010-05-10,42.480000
2010-05-11,42.500000
2010-05-12,43.020000
2010-05-13,42.450000
2010-05-14,41.800000
2010-05-17,42.120000
2010-05-18,41.730000
2010-05-19,41.590000
2010-05-20,40.320000
2010-05-21,40.620000
2010-05-24,40.280000
2010-05-25,40.140000
2010-05-26,39.910000
2010-05-27,41.160000
2010-05-28,40.880000
2010-06-01,40.490000
2010-06-02,41.470000
2010-06-03,41.960000
2010-06-04,40.455000
2010-06-07,40.010000
2010-06-08,41.080000
2010-06-09,40.860000
2010-06-10,42.020000
2010-06-11,41.830000
2010-06-14,41.890000
2010-06-15,42.630000
2010-06-16,42.410000
2010-06-17,42.410000
2010-06-18,42.280000
2010-06-21,41.700000
2010-06-22,41.140000
2010-06-23,41.060000
2010-06-24,40.580000
2010-06-25,40.860000
2010-06-28,40.920000
2010-06-29,40.390000
2010-06-30,40.260000
2010-07-01,39.710000
2010-07-02,39.430000
2010-07-06,39.410000
2010-07-07,40.210000
2010-07-08,40.370000
2010-07-09,40.720000
2010-07-12,40.980000
2010-07-13,41.490000
2010-07-14,41.700000
2010-07-15,41.720000
2010-07-16,40.630000
2010-07-19,41.020000
2010-07-20,41.430000
2010-07-21,40.250000
2010-07-22,41.460000
2010-07-23,41.890000
2010-07-26,42.050000
2010-07-27,42.040000
2010-07-28,42.100000
2010-07-29,41.320000
2010-07-30,41.270000
2010-08-02,41.950000
2010-08-03,42.010000
2010-08-04,42.140000
2010-08-05,41.930000
2010-08-06,41.570000
2010-08-09,41.770000
2010-08-10,41.360000
2010-08-11,40.400000
2010-08-12,40.000000
2010-08-13,39.790000
2010-08-16,40.070000
2010-08-17,40.350000
2010-08-18,40.220000
2010-08-19,39.450000
2010-08-20,39.400000
2010-08-23,39.050000
2010-08-24,38.810000
2010-08-25,38.930000
2010-08-26,38.750000
2010-08-27,39.360000
2010-08-30,38.830000
2010-08-31,38.610000
2010-09-01,39.370000
2010-09-02,39.690000
2010-09-03,40.080000
2010-09-07,39.680000
2010-09-08,39.660000
2010-09-09,39.920000
2010-09-10,40.100000
2010-09-13,40.410000
2010-09-14,40.550000
2010-09-15,41.200000
2010-09-16,41.130000
2010-09-17,41.330000
2010-09-20,42.030000
2010-09-21,41.755000
2010-09-22,41.910000
2010-09-23,41.620000
2010-09-24,42.640000
2010-09-27,42.100000
2010-09-28,42.480000
2010-09-29,42.120000
2010-09-30,42.030000
2010-10-01,41.820000
2010-10-04,41.750000
2010-10-05,42.160000
2010-10-06,42.110000
2010-10-07,42.180000
2010-10-08,42.100000
2010-10-11,42.040000
2010-10-12,42.000000
2010-10-13,42.460000
2010-10-14,42.470000
2010-10-15,42.940000
2010-10-18,42.960000
2010-10-19,42.600000
2010-10-20,43.290000
2010-10-21,43.570000
2010-10-22,43.800000
2010-10-25,43.990000
2010-10-26,44.190000
2010-10-27,44.680000
2010-10-28,44.370000
2010-10-29,44.490000
2010-11-01,44.720000
2010-11-02,44.820000
2010-11-03,45.140000
2010-11-04,45.760000
2010-11-05,45.840000
2010-11-08,45.470000
2010-11-09,45.310000
2010-11-10,45.710000
2010-11-11,45.830000
2010-11-12,45.420000
2010-11-15,45.410000
2010-11-16,44.630000
2010-11-17,44.470000
2010-11-18,45.270000
2010-11-19,45.390000
2010-11-22,45.580000
2010-11-23,45.000000
2010-11-24,45.740000
2010-11-26,45.480000
2010-11-29,45.060000
2010-11-30,44.570000
2010-12-01,46.110000
2010-12-02,46.690000
2010-12-03,46.732500
2010-12-06,46.592500
2010-12-07,46.510000
2010-12-08,46.460000
2010-12-09,46.530000
2010-12-10,46.530000
2010-12-13,46.475000
2010-12-14,46.830000
2010-12-15,46.600000
2010-12-16,46.850000
2010-12-17,46.860000
2010-12-20,46.770000
2010-12-21,46.850000
2010-12-22,46.910000
2010-12-23,46.520000
2010-12-27,46.570000
2010-12-28,46.530000
2010-12-29,46.470000
2010-12-30,46.430000
2010-12-31,46.280000
2011-01-04,46.880000
2011-01-05,47.630000
2011-01-06,48.000000
2011-01-07,48.110000
2011-01-10,48.130000
2011-01-11,48.350000
2011-01-12,48.982500
2011-01-13,48.510000
2011-01-14,48.750000
2011-01-18,48.962500
2011-01-19,48.710000
2011-01-20,49.090000
2011-01-21,49.040000
2011-01-24,49.520000
2011-01-25,49.690000
2011-01-26,48.470000
2011-01-27,48.660000
2011-01-28,47.890000
2011-01-31,47.900000
2011-02-01,48.910000
2011-02-02,48.910000
2011-02-03,49.080000
2011-02-04,49.340000
2011-02-07,49.490000
2011-02-08,49.520000
2011-02-09,49.180000
2011-02-10,49.580000
2011-02-11,49.730000
2011-02-14,49.760000
2011-02-15,49.550000
2011-02-16,49.500000
2011-02-17,49.840000
2011-02-18,49.940000
2011-02-22,49.110000
2011-02-23,48.850000
2011-02-24,48.990000
2011-02-25,49.610000
2011-02-28,50.000000
2011-03-01,49.390000
2011-03-02,49.830000
2011-03-03,50.530000
2011-03-04,50.330000
2011-03-07,50.070000
2011-03-08,50.880000
2011-03-09,50.910000
2011-03-10,50.390000
2011-03-11,50.410000
2011-03-14,50.100000
2011-03-15,49.330000
2011-03-16,48.360000
2011-03-17,48.770000
2011-03-18,49.310000
2011-03-21,49.900000
2011-03-22,50.060000
2011-03-23,50.100000
2011-03-24,50.360000
2011-03-25,50.370000
2011-03-28,50.350000
2011-03-29,50.640000
2011-03-30,51.150000
2011-03-31,51.310000
2011-04-01,51.680000
2011-04-04,52.010000
2011-04-05,51.790000
2011-04-06,52.770000
2011-04-07,52.930000
2011-04-08,52.450000
2011-04-11,52.420000
2011-04-12,52.040000
2011-04-13,52.060000
2011-04-14,52.040000
2011-04-15,52.120000
2011-04-18,51.720000
2011-04-19,51.870000
2011-04-20,52.760000
2011-04-21,53.000000
2011-04-25,53.170000
2011-04-26,53.820000
2011-04-27,54.280000
2011-04-28,54.210000
2011-04-29,54.360000
2011-05-02,54.700000
2011-05-03,54.410000
2011-05-04,54.310000
2011-05-05,53.540000
2011-05-06,53.590000
2011-05-09,53.920000
2011-05-10,54.160000
2011-05-11,53.790000
2011-05-12,54.580000
2011-05-13,54.010000
2011-05-16,53.580000
2011-05-17,53.680000
2011-05-18,54.240000
2011-05-19,54.250000
2011-05-20,54.170000
2011-05-23,53.420000
2011-05-24,53.240000
2011-05-25,53.330000
2011-05-26,53.630000
2011-05-27,54.130000
2011-05-31,55.110000
2011-06-01,54.420000
2011-06-02,54.270000
2011-06-03,53.280000
2011-06-06,53.150000
2011-06-07,52.990000
2011-06-08,52.470000
2011-06-09,52.720000
2011-06-10,51.940000
2011-06-13,52.650000
2011-06-14,52.680000
2011-06-15,51.660000
2011-06-16,51.810000
2011-06-17,51.670000
2011-06-20,52.400000
2011-06-21,52.700000
2011-06-22,52.370000
2011-06-23,51.920000
2011-06-24,51.220000
2011-06-27,51.620000
2011-06-28,52.090000
2011-06-29,52.530000
2011-06-30,52.680000
2011-07-01,53.890000
2011-07-05,53.670000
2011-07-06,54.000000
2011-07-07,55.020000
2011-07-08,54.500000
2011-07-11,53.870000
2011-07-12,53.810000
2011-07-13,53.690000
2011-07-14,53.290000
2011-07-15,53.110000
2011-07-18,52.340000
2011-07-19,53.030000
2011-07-20,52.470000
2011-07-21,53.155000
2011-07-22,53.230000
2011-07-25,52.960000
2011-07-26,53.180000
2011-07-27,52.380000
2011-07-28,51.775000
2011-07-29,51.490000
2011-08-01,50.650000
2011-08-02,49.600000
2011-08-03,49.670000
2011-08-04,47.880000
2011-08-05,48.400000
2011-08-08,45.650000
2011-08-09,46.800000
2011-08-10,44.810000
2011-08-11,46.800000
2011-08-12,47.270000
2011-08-15,47.880000
2011-08-16,47.970000
2011-08-17,47.840000
2011-08-18,46.420000
2011-08-19,46.320000
2011-08-22,46.700000
2011-08-23,48.265000
2011-08-24,48.760000
2011-08-25,47.950000
2011-08-26,48.680000
2011-08-29,49.400000
2011-08-30,49.850000
2011-08-31,50.030000
2011-09-01,49.660000
2011-09-02,48.510000
2011-09-06,48.010000
2011-09-07,49.020000
2011-09-08,48.710000
2011-09-09,47.620000
2011-09-12,48.310000
2011-09-13,48.600000
2011-09-14,49.395000
2011-09-15,50.540000
2011-09-16,50.760000
2011-09-19,50.630000
2011-09-20,50.720000
2011-09-21,49.120000
2011-09-22,47.390000
2011-09-23,46.960000
2011-09-26,47.750000
2011-09-27,48.030000
2011-09-28,47.670000
2011-09-29,48.120000
2011-09-30,47.150000
2011-10-03,46.470000
2011-10-04,47.330000
2011-10-05,48.150000
2011-10-06,48.790000
2011-10-07,48.860000
2011-10-10,49.970000
2011-10-11,50.280000
2011-10-12,51.220000
2011-10-13,50.890000
2011-10-14,51.720000
2011-10-17,51.000000
2011-10-18,51.720000
2011-10-19,51.150000
2011-10-20,51.160000
2011-10-21,52.250000
2011-10-24,52.660000
2011-10-25,52.070000
2011-10-26,50.820000
2011-10-27,52.770000
2011-10-28,52.600000
2011-10-31,52.330000
2011-11-01,50.690000
2011-11-02,50.950000
2011-11-03,52.150000
2011-11-04,51.630000
2011-11-07,51.790000
2011-11-08,52.850000
2011-11-09,50.790000
2011-11-10,51.190000
2011-11-11,52.160000
2011-11-14,51.640000
2011-11-15,52.440000
2011-11-16,50.930000
2011-11-17,50.030000
2011-11-18,49.890000
2011-11-21,49.250000
2011-11-22,48.770000
2011-11-23,47.860000
2011-11-25,47.930000
2011-11-28,48.890000
2011-11-29,48.760000
2011-11-30,51.090000
2011-12-01,51.500000
2011-12-02,51.300000
2011-12-05,52.090000
2011-12-06,52.140000
2011-12-07,52.170000
2011-12-08,51.610000
2011-12-09,52.480000
2011-12-12,51.770000
2011-12-13,51.440000
2011-12-14,51.110000
2011-12-15,51.170000
2011-12-16,51.730000
2011-12-19,51.450000
2011-12-20,53.630000
2011-12-21,53.650000
2011-12-22,53.830000
2011-12-23,54.330000
2011-12-27,54.440000
2011-12-28,53.800000
2011-12-29,54.350000
2011-12-30,54.010000
2012-01-03,54.460000
2012-01-04,54.395000
2012-01-05,54.800000
2012-01-06,54.880000
2012-01-09,54.670000
2012-01-10,54.660000
2012-01-11,54.610000
2012-01-12,54.960000
2012-01-13,54.950000
2012-01-17,55.660000
2012-01-18,56.500000
2012-01-19,56.900000
2012-01-20,56.790000
2012-01-23,56.680000
2012-01-24,56.730000
2012-01-25,56.920000
2012-01-26,55.820000
2012-01-27,55.340000
2012-01-30,54.900000
2012-01-31,54.780000
2012-02-01,54.950000
2012-02-02,54.820000
2012-02-03,55.510000
2012-02-06,55.125000
2012-02-07,54.870000
2012-02-08,54.590000
2012-02-09,54.570000
2012-02-10,54.010000
2012-02-13,54.230000
2012-02-14,54.250000
2012-02-15,53.790000
2012-02-16,53.840000
2012-02-17,54.250000
2012-02-21,53.860000
2012-02-22,53.810000
2012-02-23,53.800000
2012-02-24,53.820000
2012-02-27,54.110000
2012-02-28,54.540000
2012-02-29,54.320000
2012-03-01,54.870000
2012-03-02,54.440000
2012-03-05,54.490000
2012-03-06,53.880000
2012-03-07,54.270000
2012-03-08,54.600000
2012-03-09,54.950000
2012-03-12,54.880000
2012-03-13,55.070000
2012-03-14,55.190000
2012-03-15,55.380000
2012-03-16,55.100000
2012-03-19,55.320000
2012-03-20,55.080000
2012-03-21,55.080000
2012-03-22,55.050000
2012-03-23,54.990000
2012-03-26,55.730000
2012-03-27,55.740000
2012-03-28,55.460000
2012-03-29,55.030000
2012-03-30,55.190000
2012-04-02,55.940000
2012-04-03,55.950000
2012-04-04,55.490000
2012-04-05,55.600000
2012-04-09,54.570000
2012-04-10,53.920000
2012-04-11,54.620000
2012-04-12,54.980000
2012-04-13,54.490000
2012-04-16,54.700000
2012-04-17,55.550000
2012-04-18,54.625000
2012-04-19,54.620000
2012-04-20,55.020000
2012-04-23,54.540000
2012-04-24,54.730000
2012-04-25,55.310000
2012-04-26,55.580000
2012-04-27,55.820000
2012-04-30,55.620000
2012-05-01,55.210000
2012-05-02,54.700000
2012-05-03,54.470000
2012-05-04,53.560000
2012-05-07,53.560000
2012-05-08,53.690000
2012-05-09,53.280000
2012-05-10,53.540000
2012-05-11,53.700000
2012-05-14,53.400000
2012-05-15,53.110000
2012-05-16,53.330000
2012-05-17,52.520000
2012-05-18,51.989000
2012-05-21,52.700000
2012-05-22,52.960000
2012-05-23,52.840000
2012-05-24,53.150000
2012-05-25,52.680000
2012-05-29,52.890000
2012-05-30,52.510000
2012-05-31,52.150000
2012-06-01,50.920000
2012-06-04,51.550000
2012-06-05,51.810000
2012-06-06,53.085000
2012-06-07,53.150000
2012-06-08,53.680000
2012-06-11,53.190000
2012-06-12,53.700000
2012-06-13,53.360000
2012-06-14,54.420000
2012-06-15,55.040000
2012-06-18,55.100000
2012-06-19,55.470000
2012-06-20,55.310000
2012-06-21,54.540000
2012-06-22,54.700000
2012-06-25,53.920000
2012-06-26,53.930000
2012-06-27,54.480000
2012-06-28,54.180000
2012-06-29,55.660000
2012-07-02,55.760000
2012-07-03,56.000000
2012-07-05,56.470000
2012-07-06,55.430000
2012-07-09,55.520000
2012-07-10,55.420000
2012-07-11,55.450000
2012-07-12,55.380000
2012-07-13,55.840000
2012-07-16,55.680000
2012-07-17,56.040000
2012-07-18,56.850000
2012-07-19,56.500000
2012-07-20,56.095000
2012-07-23,55.520000
2012-07-24,55.250000
2012-07-25,55.410000
2012-07-26,56.520000
2012-07-27,57.600000
2012-07-30,57.340000
2012-07-31,56.550000
2012-08-01,55.850000
2012-08-02,55.750000
2012-08-03,56.930000
2012-08-06,56.790000
2012-08-07,57.220000
2012-08-08,57.470000
2012-08-09,57.150000
2012-08-10,57.610000
2012-08-13,57.170000
2012-08-14,57.780000
2012-08-15,57.840000
2012-08-16,58.430000
2012-08-17,58.510000
2012-08-20,58.360000
2012-08-21,58.170000
2012-08-22,58.075000
2012-08-23,57.970000
2012-08-24,58.420000
2012-08-27,58.510000
2012-08-28,58.390000
2012-08-29,58.380000
2012-08-30,57.930000
2012-08-31,58.080000
2012-09-04,58.100000
2012-09-05,58.190000
2012-09-06,59.360000
2012-09-07,59.250000
2012-09-10,59.040000
2012-09-11,58.840000
2012-09-12,57.390000
2012-09-13,57.780000
2012-09-14,58.450000
2012-09-17,58.410000
2012-09-18,58.465000
2012-09-19,58.450000
2012-09-20,58.640000
2012-09-21,58.640000
2012-09-24,58.860000
2012-09-25,58.390000
2012-09-26,58.080000
2012-09-27,58.430000
2012-09-28,58.660000
2012-10-01,58.510000
2012-10-02,58.495000
2012-10-03,58.870000
2012-10-04,58.900000
2012-10-05,59.530000
2012-10-08,59.220000
2012-10-09,58.480000
2012-10-10,58.200000
2012-10-11,58.360000
2012-10-12,58.320300
2012-10-15,58.910000
2012-10-16,59.230000
2012-10-17,59.330000
2012-10-18,59.113200
2012-10-19,58.420000
2012-10-22,58.200000
2012-10-23,57.690000
2012-10-24,57.860000
2012-10-25,58.230000
2012-10-26,58.190000
2012-10-31,57.790000
2012-11-01,59.360000
2012-11-02,57.370000
2012-11-05,56.400000
2012-11-06,57.310000
2012-11-07,56.360000
2012-11-08,55.380000
2012-11-09,55.300000
2012-11-12,55.420000
2012-11-13,55.590000
2012-11-14,54.765000
2012-11-15,54.670000
2012-11-16,54.740000
2012-11-19,55.220000
2012-11-20,55.060000
2012-11-21,55.400000
2012-11-23,56.120000
2012-11-26,55.670000
2012-11-27,55.380000
2012-11-28,55.890000
2012-11-29,56.280000
2012-11-30,56.745000
2012-12-03,56.410000
2012-12-04,56.670000
2012-12-05,57.240000
2012-12-06,57.540000
2012-12-07,57.310000
2012-12-10,57.330000
2012-12-11,58.030000
2012-12-12,57.400000
2012-12-13,57.580000
2012-12-14,57.400000
2012-12-17,57.950000
2012-12-18,58.260000
2012-12-19,58.120000
2012-12-20,58.370000
2012-12-21,57.580000
2012-12-24,57.480000
2012-12-26,57.100000
2012-12-27,56.890000
2012-12-28,56.330000
2012-12-31,56.930000
2013-01-02,58.390000
2013-01-03,58.620000
2013-01-04,59.137600
2013-01-07,58.910000
2013-01-08,59.250000
2013-01-09,59.110000
2013-01-10,59.320000
2013-01-11,59.420000
2013-01-14,59.410000
2013-01-15,59.140000
2013-01-16,58.830000
2013-01-17,59.170000
2013-01-18,59.720000
2013-01-22,59.960000
2013-01-23,59.560000
2013-01-24,59.710000
2013-01-25,59.890000
2013-01-28,59.640000
2013-01-29,60.270000
2013-01-30,59.470000
2013-01-31,59.290000
2013-02-01,60.650000
2013-02-04,59.550000
2013-02-05,61.230000
2013-02-06,60.770000
2013-02-07,60.500000
2013-02-08,60.925000
2013-02-11,60.340000
2013-02-12,60.360000
2013-02-13,60.450000
2013-02-14,60.740000
2013-02-15,61.220000
2013-02-19,61.460000
2013-02-20,61.210000
2013-02-21,60.270000
2013-02-22,61.010000
2013-02-25,60.770000
2013-02-26,61.080000
2013-02-27,61.590000
2013-02-28,61.360000
2013-03-01,61.650000
2013-03-04,61.835000
2013-03-05,62.660000
2013-03-06,62.300000
2013-03-07,63.340000
2013-03-08,63.350000
2013-03-11,63.870000
2013-03-12,63.970000
2013-03-13,64.180000
2013-03-14,65.020000
2013-03-15,64.480000
2013-03-18,64.220000
2013-03-19,64.310000
2013-03-20,64.425000
2013-03-21,63.730000
2013-03-22,64.080000
2013-03-25,63.930000
2013-03-26,64.790000
2013-03-27,64.660000
2013-03-28,65.030000
2013-04-01,64.685000
2013-04-02,65.280000
2013-04-03,64.750000
2013-04-04,64.720000
2013-04-05,63.770000
2013-04-08,64.260000
2013-04-09,64.460000
2013-04-10,65.660000
2013-04-11,66.110000
2013-04-12,65.910000
2013-04-15,64.460000
2013-04-16,65.410000
2013-04-17,65.350000
2013-04-18,64.630000
2013-04-19,65.230000
2013-04-22,65.500000
2013-04-23,66.360000
2013-04-24,66.670000
2013-04-25,66.770000
2013-04-26,66.590000
2013-04-29,67.140000
2013-04-30,67.340000
2013-05-01,66.820000
2013-05-02,67.390000
2013-05-03,69.230000
2013-05-06,68.685000
2013-05-07,68.650000
2013-05-08,68.560000
2013-05-09,70.000000
2013-05-10,70.030000
2013-05-13,70.080000
2013-05-14,70.810000
2013-05-15,71.740000
2013-05-16,70.980000
2013-05-17,71.990000
2013-05-20,71.050000
2013-05-21,71.030000
2013-05-22,70.260000
2013-05-23,69.930000
2013-05-24,69.850000
2013-05-28,70.490000
2013-05-29,69.770000
2013-05-30,69.810000
2013-05-31,68.720000
2013-06-03,69.550000
2013-06-04,68.970000
2013-06-05,67.860000
2013-06-06,67.940000
2013-06-07,68.910000
2013-06-10,68.780000
2013-06-11,68.110000
2013-06-12,67.330000
2013-06-13,68.280000
2013-06-14,68.010000
2013-06-17,68.700000
2013-06-18,69.600000
2013-06-19,69.040000
2013-06-20,68.200000
2013-06-21,68.680000
2013-06-24,68.380000
2013-06-25,68.840000
2013-06-26,69.350000
2013-06-27,69.370000
2013-06-28,68.860000
2013-07-01,69.450000
2013-07-02,70.080000
2013-07-03,70.240000
2013-07-05,70.750000
2013-07-08,70.970000
2013-07-09,71.040000
2013-07-10,71.750000
2013-07-11,71.850000
2013-07-12,73.410000
2013-07-15,72.360000
2013-07-16,72.300000
2013-07-17,72.320000
2013-07-18,72.820000
2013-07-19,72.880000
2013-07-22,73.160000
2013-07-23,72.490000
2013-07-24,72.220000
2013-07-25,72.170000
2013-07-26,72.480000
2013-07-29,72.100000
2013-07-30,72.140000
2013-07-31,72.092000
2013-08-01,71.850000
2013-08-02,71.580000
2013-08-05,71.600000
2013-08-06,72.240000
2013-08-07,71.990000
2013-08-08,72.340000
2013-08-09,72.460000
2013-08-12,72.800000
2013-08-13,72.990000
2013-08-14,72.680000
2013-08-15,71.610000
2013-08-16,71.890000
2013-08-19,71.900000
2013-08-20,72.340000
2013-08-21,71.830000
2013-08-22,72.440000
2013-08-23,72.280000
2013-08-26,72.030000
2013-08-27,70.940000
2013-08-28,70.940000
2013-08-29,71.300000
2013-08-30,71.160000
2013-09-03,71.410000
2013-09-04,72.050000
2013-09-05,72.340000
2013-09-06,73.130000
2013-09-09,73.790000
2013-09-10,73.740000
2013-09-11,74.010000
2013-09-12,74.180000
2013-09-13,74.090000
2013-09-16,74.100000
2013-09-17,74.160000
2013-09-18,74.740000
2013-09-19,74.680000
2013-09-20,74.430000
2013-09-23,73.130000
2013-09-24,72.950000
2013-09-25,72.520000
2013-09-26,72.920000
2013-09-27,72.560000
2013-09-30,72.380000
2013-10-01,72.160000
2013-10-02,72.020000
2013-10-03,71.100000
2013-10-04,71.520000
2013-10-07,71.020000
2013-10-08,70.240000
2013-10-09,70.280000
2013-10-10,71.810000
2013-10-11,72.510000
2013-10-14,72.860000
2013-10-15,72.320000
2013-10-16,73.720000
2013-10-17,74.080000
2013-10-18,74.190000
2013-10-21,74.700000
2013-10-22,75.450000
2013-10-23,75.110000
2013-10-24,75.410000
2013-10-25,75.510000
2013-10-28,75.670000
2013-10-29,76.350000
2013-10-30,74.300000
2013-10-31,75.025000
2013-11-01,75.310000
2013-11-04,75.510000
2013-11-05,75.510000
2013-11-06,75.830000
2013-11-07,75.330000
2013-11-08,76.010000
2013-11-11,75.760000
2013-11-12,75.720000
2013-11-13,76.450000
2013-11-14,76.970000
2013-11-15,77.330000
2013-11-18,77.360000
2013-11-19,79.710000
2013-11-20,79.050000
2013-11-21,79.780000
2013-11-22,80.010000
2013-11-25,80.120000
2013-11-26,80.310000
2013-11-27,80.330000
2013-11-29,80.020000
2013-12-02,79.570000
2013-12-03,80.340000
2013-12-04,79.330000
2013-12-05,78.530000
2013-12-06,79.660000
2013-12-09,79.010000
2013-12-10,78.510000
2013-12-11,77.430000
2013-12-12,77.150000
2013-12-13,77.020000
2013-12-16,77.515000
2013-12-17,77.250000
2013-12-18,79.090000
2013-12-19,79.425000
2013-12-20,79.970000
2013-12-23,79.940000
2013-12-24,80.220000
2013-12-26,80.750000
2013-12-27,80.720000
2013-12-30,81.080000
2013-12-31,80.799000
2014-01-02,79.860000
2014-01-03,80.730000
2014-01-06,79.810000
2014-01-07,80.780000
2014-01-08,80.350000
2014-01-09,80.630000
2014-01-10,80.350000
2014-01-13,79.050000
2014-01-14,79.950000
2014-01-15,80.090000
2014-01-16,79.810000
2014-01-17,79.970000
2014-01-21,80.320000
2014-01-22,80.380000
2014-01-23,79.310000
2014-01-24,76.970000
2014-01-27,76.500000
2014-01-28,77.030000
2014-01-29,76.530000
2014-01-30,77.300000
2014-01-31,76.600000
2014-02-03,74.080000
2014-02-04,74.950000
2014-02-05,73.530000
2014-02-06,74.200000
2014-02-07,74.890000
2014-02-10,74.450000
2014-02-11,74.660000
2014-02-12,75.580000
2014-02-13,76.210000
2014-02-14,76.270000
2014-02-18,76.490000
2014-02-19,76.150000
2014-02-20,76.510000
2014-02-21,76.200000
2014-02-24,76.800000
2014-02-25,77.010000
2014-02-26,77.420000
2014-02-27,77.720000
2014-02-28,77.780000
2014-03-03,76.670000
2014-03-04,78.450000
2014-03-05,77.720000
2014-03-06,78.030000
2014-03-07,78.560000
2014-03-10,78.210000
2014-03-11,77.900000
2014-03-12,77.690000
2014-03-13,76.990000
2014-03-14,77.550000
2014-03-17,78.490000
2014-03-18,78.990000
2014-03-19,78.290000
2014-03-20,78.340000
2014-03-21,77.750000
2014-03-24,76.450000
2014-03-25,76.680000
2014-03-26,76.200000
2014-03-27,76.670000
2014-03-28,76.950000
2014-03-31,77.260000
2014-04-01,77.500000
2014-04-02,77.670000
2014-04-03,77.370000
2014-04-04,75.820000
2014-04-07,75.270000
2014-04-08,75.560000
2014-04-09,75.880000
2014-04-10,75.220000
2014-04-11,73.730000
2014-04-14,74.240000
2014-04-15,75.080000
2014-04-16,75.430000
2014-04-17,76.310000
2014-04-21,76.060000
2014-04-22,76.330000
2014-04-23,76.290000
2014-04-24,76.620000
2014-04-25,75.660000
2014-04-28,75.680000
2014-04-29,76.990000
2014-04-30,77.960000
2014-05-01,77.620000
2014-05-02,77.540000
2014-05-05,77.870000
2014-05-06,77.060000
2014-05-07,77.460000
2014-05-08,77.850000
2014-05-09,78.070000
2014-05-12,78.890000
2014-05-13,78.920000
2014-05-14,78.090000
2014-05-15,76.750000
2014-05-16,77.810000
2014-05-19,78.050000
2014-05-20,77.560000
2014-05-21,77.720000
2014-05-22,78.080000
2014-05-23,78.850000
2014-05-27,79.300000
2014-05-28,78.870000
2014-05-29,79.560000
2014-05-30,79.680000
2014-06-02,79.380000
2014-06-03,78.710000
2014-06-04,78.830000
2014-06-05,78.700000
2014-06-06,79.610000
2014-06-09,80.000000
2014-06-10,79.400000
2014-06-11,78.540000
2014-06-12,78.250000
2014-06-13,78.810000
2014-06-16,78.650000
2014-06-17,78.220000
2014-06-18,78.610000
2014-06-19,78.460000
2014-06-20,79.450000
2014-06-23,79.220000
2014-06-24,79.060000
2014-06-25,79.250000
2014-06-26,79.110000
2014-06-27,79.480000
2014-06-30,79.280000
2014-07-01,80.370000
2014-07-02,80.220000
2014-07-03,80.590000
2014-07-07,80.440000
2014-07-08,80.470000
2014-07-09,80.470000
2014-07-10,80.145000
2014-07-11,80.130000
2014-07-14,80.340000
2014-07-15,80.340000
2014-07-16,80.500000
2014-07-17,79.960000
2014-07-18,81.030000
2014-07-21,80.980000
2014-07-22,81.680000
2014-07-23,81.830000
2014-07-24,82.430000
2014-07-25,82.610000
2014-07-28,82.490000
2014-07-29,81.870000
2014-07-30,82.150000
2014-07-31,81.310000
2014-08-01,81.540000
2014-08-04,81.210000
2014-08-05,80.480000
2014-08-06,80.360000
2014-08-07,80.070000
2014-08-08,81.120000
2014-08-11,81.340000
2014-08-12,81.270000
2014-08-13,82.000000
2014-08-14,82.390000
2014-08-15,82.270000
2014-08-18,83.250000
2014-08-19,83.430000
2014-08-20,83.570000
2014-08-21,83.890000
2014-08-22,83.490000
2014-08-25,83.620000
2014-08-26,83.820000
2014-08-27,83.670000
2014-08-28,83.500000
2014-08-29,83.480000
2014-09-02,83.690000
2014-09-03,83.780000
2014-09-04,83.810000
2014-09-05,84.340000
2014-09-08,84.090000
2014-09-09,83.610000
2014-09-10,83.610000
2014-09-11,83.200000
2014-09-12,83.020000
2014-09-15,83.460000
2014-09-16,83.410000
2014-09-17,83.350000
2014-09-18,84.190000
2014-09-19,83.880000
2014-09-22,83.090000
2014-09-23,82.610000
2014-09-24,83.930000
2014-09-25,82.360000
2014-09-26,82.590000
2014-09-29,82.810000
2014-09-30,83.080000
2014-10-01,71.420000
2014-10-02,72.500000
2014-10-03,74.850000
2014-10-06,74.520000
2014-10-07,73.520000
2014-10-08,74.780000
2014-10-09,73.190000
2014-10-10,72.660000
2014-10-13,71.950000
2014-10-14,72.640000
2014-10-15,71.780000
2014-10-16,71.630000
2014-10-17,72.680000
2014-10-20,73.350000
2014-10-21,74.805000
2014-10-22,74.610000
2014-10-23,75.440000
2014-10-24,76.200000
2014-10-27,76.470000
2014-10-28,77.260000
2014-10-29,77.920000
2014-10-30,78.950000
2014-10-31,81.780000
2014-11-03,81.740000
2014-11-04,83.150000
2014-11-05,84.300000
2014-11-06,84.745000
2014-11-07,84.375000
2014-11-10,85.120000
2014-11-11,84.950000
2014-11-12,85.205000
2014-11-13,85.410000
2014-11-14,84.750000
2014-11-17,84.840000
2014-11-18,84.750000
2014-11-19,84.270000
2014-11-20,84.115000
2014-11-21,84.140000
2014-11-24,84.785000
2014-11-25,84.520000
2014-11-26,84.860000
2014-11-28,85.640000
2014-12-01,86.070000
2014-12-02,85.800000
2014-12-03,85.940000
2014-12-04,86.055000
2014-12-05,85.820000
2014-12-08,85.590000
2014-12-09,85.255000
2014-12-10,84.130000
2014-12-11,84.600000
2014-12-12,82.500000
2014-12-15,82.780000
2014-12-16,82.910000
2014-12-17,84.685000
2014-12-18,85.680000
2014-12-19,84.710000
2014-12-22,85.700000
2014-12-23,85.170000
2014-12-24,85.240000
2014-12-26,85.200000
2014-12-29,84.870000
2014-12-30,84.110000
2014-12-31,83.370000
2015-01-02,83.290000
2015-01-05,83.230000
2015-01-06,82.535000
2015-01-07,83.260000
2015-01-08,85.170000
2015-01-09,84.560000
2015-01-12,84.145000
2015-01-13,83.980000
2015-01-14,83.735000
2015-01-15,83.700000
2015-01-16,84.570000
2015-01-20,84.970000
2015-01-21,84.560000
2015-01-22,86.610000
2015-01-23,86.850000
2015-01-26,86.570000
2015-01-27,85.630000
2015-01-28,84.530000
2015-01-29,84.350000
2015-01-30,82.530000
2015-02-02,83.440000
2015-02-03,85.140000
2015-02-04,86.580000
2015-02-05,87.170000
2015-02-06,86.440000
2015-02-09,86.010000
2015-02-10,86.520000
2015-02-11,86.820000
2015-02-12,87.745000
2015-02-13,88.750000
2015-02-17,87.110000
2015-02-18,87.590000
2015-02-19,87.730000
2015-02-20,88.685000
2015-02-23,89.170000
2015-02-24,89.260000
2015-02-25,89.070000
2015-02-26,88.840000
2015-02-27,88.840000
2015-03-02,90.180000
2015-03-03,88.700000
2015-03-04,86.575000
2015-03-05,86.750000
2015-03-06,85.995000
2015-03-09,86.840000
2015-03-10,85.150000
2015-03-11,84.985000
2015-03-12,86.390000
2015-03-13,85.880000
2015-03-16,87.350000
2015-03-17,86.640000
2015-03-18,87.350000
2015-03-19,87.370000
2015-03-20,87.770000
2015-03-23,87.305000
2015-03-24,86.965000
2015-03-25,84.740000
2015-03-26,84.410000
2015-03-27,84.630000
2015-03-30,85.890000
2015-03-31,85.640000
2015-04-01,85.260000
2015-04-02,85.920000
2015-04-06,86.250000
2015-04-07,85.855000
2015-04-08,86.570000
2015-04-09,86.600000
2015-04-10,86.340000
2015-04-13,85.920000
2015-04-14,85.620000
2015-04-15,85.760000
2015-04-16,85.380000
2015-04-17,83.530000
2015-04-20,84.800000
2015-04-21,85.100000
2015-04-22,85.310000
2015-04-23,85.765000
2015-04-24,84.995000
2015-04-27,84.700000
2015-04-28,85.610000
2015-04-29,85.390000
2015-04-30,84.540000
2015-05-01,86.030000
2015-05-04,86.500000
2015-05-05,85.610000
2015-05-06,85.410000
2015-05-07,86.295000
2015-05-08,87.350000
2015-05-11,87.210000
2015-05-12,86.760000
2015-05-13,86.310000
2015-05-14,87.990000
2015-05-15,87.770000
2015-05-18,87.480000
2015-05-19,87.900000
2015-05-20,87.430000
2015-05-21,87.270000
2015-05-22,86.820000
2015-05-26,85.420000
2015-05-27,85.910000
2015-05-28,85.970000
2015-05-29,85.510000
2015-06-01,85.300000
2015-06-02,85.450000
2015-06-03,85.465000
2015-06-04,84.080000
2015-06-05,84.260000
2015-06-08,83.500000
2015-06-09,83.160000
2015-06-10,84.175000
2015-06-11,84.620000
2015-06-12,83.850000
2015-06-15,82.920000
2015-06-16,83.275000
2015-06-17,83.275000
2015-06-18,84.580000
2015-06-19,84.410000
2015-06-22,85.000000
2015-06-23,84.770000
2015-06-24,83.630000
2015-06-25,83.350000
2015-06-26,83.310000
2015-06-29,80.910000
2015-06-30,80.230000
2015-07-01,80.890000
2015-07-02,80.830000
2015-07-06,80.830000
2015-07-07,81.070000
2015-07-08,80.030000
2015-07-09,80.690000
2015-07-10,81.520000
2015-07-13,81.730000
2015-07-14,81.890000
2015-07-15,82.500000
2015-07-16,82.900000
2015-07-17,82.390000
2015-07-20,82.170000
2015-07-21,81.410000
2015-07-22,81.690000
2015-07-23,80.940000
2015-07-24,79.780000
2015-07-27,79.720000
2015-07-28,80.580000
2015-07-29,82.340000
2015-07-30,80.130000
2015-07-31,79.770000
2015-08-03,80.110000
2015-08-04,80.680000
2015-08-05,81.840000
2015-08-06,80.300000
2015-08-07,80.290000
2015-08-10,81.600000
2015-08-11,81.330000
2015-08-12,81.550000
2015-08-13,82.450000
2015-08-14,82.990000
2015-08-17,84.700000
2015-08-18,84.690000
2015-08-19,84.470000
2015-08-20,82.710000
2015-08-21,79.230000
2015-08-24,76.280000
2015-08-25,73.520000
2015-08-26,77.800000
2015-08-27,78.030000
2015-08-28,78.410000
2015-08-31,77.320000
2015-09-01,75.100000
2015-09-02,77.090000
2015-09-03,77.550000
2015-09-04,76.150000
2015-09-08,78.200000
2015-09-09,77.510000
2015-09-10,77.920000
2015-09-11,78.310000
2015-09-14,77.760000
2015-09-15,78.890000
2015-09-16,79.590000
2015-09-17,79.430000
2015-09-18,79.010000
2015-09-21,79.900000
2015-09-22,79.190000
2015-09-23,79.370000
2015-09-24,79.580000
2015-09-25,80.300000
2015-09-28,78.620000
2015-09-29,79.090000
2015-09-30,80.360000
2015-10-01,80.890000
2015-10-02,81.360000
2015-10-05,82.700000
2015-10-06,82.440000
2015-10-07,83.650000
2015-10-08,85.120000
2015-10-09,85.240000
2015-10-12,85.680000
2015-10-13,85.160000
2015-10-14,85.140000
2015-10-15,85.970000
2015-10-16,86.690000
2015-10-19,87.300000
2015-10-20,87.420000
2015-10-21,87.450000
2015-10-22,89.690000
2015-10-23,90.530000
2015-10-26,90.110000
2015-10-27,90.330000
2015-10-28,87.910000
2015-10-29,88.360000
2015-10-30,86.990000
2015-11-02,86.990000
2015-11-03,86.730000
2015-11-04,86.960000
2015-11-05,86.980000
2015-11-06,87.630000
2015-11-09,86.760000
2015-11-10,86.950000
2015-11-11,87.180000
2015-11-12,86.220000
2015-11-13,85.050000
2015-11-16,86.520000
2015-11-17,85.890000
2015-11-18,86.500000
2015-11-19,86.390000
2015-11-20,87.290000
2015-11-23,87.350000
2015-11-24,86.710000
2015-11-25,86.410000
2015-11-27,86.690000
2015-11-30,86.260000
2015-12-01,87.560000
2015-12-02,86.910000
2015-12-03,85.260000
2015-12-04,87.430000
2015-12-07,86.600000
2015-12-08,86.320000
2015-12-09,84.950000
2015-12-10,85.460000
2015-12-11,83.330000
2015-12-14,84.600000
2015-12-15,85.470000
2015-12-16,86.200000
2015-12-17,84.810000
2015-12-18,83.280000
2015-12-21,84.140000
2015-12-22,84.860000
2015-12-23,85.730000
2015-12-24,85.940000
2015-12-28,85.750000
2015-12-29,86.840000
2015-12-30,86.380000
2015-12-31,84.720000
2016-01-04,82.070000
2016-01-05,82.270000
2016-01-06,81.260000
2016-01-07,78.780000
2016-01-08,78.130000
2016-01-11,78.510000
2016-01-12,79.470000
2016-01-13,77.340000
2016-01-14,78.990000
2016-01-15,77.920000
2016-01-19,79.110000
2016-01-20,78.220000
2016-01-21,79.250000
2016-01-22,81.110000
2016-01-25,80.090000
2016-01-26,80.890000
2016-01-27,80.480000
2016-01-28,80.750000
2016-01-29,83.090000
2016-02-01,82.970000
2016-02-02,82.170000
2016-02-03,82.150000
2016-02-04,82.800000
2016-02-05,81.310000
2016-02-08,81.250000
2016-02-09,80.670000
2016-02-10,80.830000
2016-02-11,80.210000
2016-02-12,81.740000
2016-02-16,83.780000
2016-02-17,85.330000
2016-02-18,84.910000
2016-02-19,85.560000
2016-02-22,86.400000
2016-02-23,84.850000
2016-02-24,85.260000
2016-02-25,85.920000
2016-02-26,85.660000
2016-02-29,84.690000
2016-03-01,86.770000
2016-03-02,85.650000
2016-03-03,85.650000
2016-03-04,86.190000
2016-03-07,86.090000
2016-03-08,85.490000
2016-03-09,85.720000
2016-03-10,85.200000
2016-03-11,87.270000
2016-03-14,87.270000
2016-03-15,87.320000
2016-03-16,87.660000
2016-03-17,88.840000
2016-03-18,88.640000
2016-03-21,89.010000
2016-03-22,88.640000
2016-03-23,88.530000
2016-03-24,88.750000
2016-03-28,88.300000
2016-03-29,89.430000
2016-03-30,89.150000
2016-03-31,89.710000
2016-04-01,90.260000
2016-04-04,89.710000
2016-04-05,89.750000
2016-04-06,90.840000
2016-04-07,89.800000
2016-04-08,90.330000
2016-04-11,89.710000
2016-04-12,90.110000
2016-04-13,90.240000
2016-04-14,90.260000
2016-04-15,90.150000
2016-04-18,90.700000
2016-04-19,90.740000
2016-04-20,90.120000
2016-04-21,89.350000
2016-04-22,89.650000
2016-04-25,89.580000
2016-04-26,89.790000
2016-04-27,90.120000
2016-04-28,89.100000
2016-04-29,88.440000
2016-05-02,89.430000
2016-05-03,88.810000
2016-05-04,88.390000
2016-05-05,86.450000
2016-05-06,86.850000
2016-05-09,87.160000
2016-05-10,88.500000
2016-05-11,86.670000
2016-05-12,86.540000
2016-05-13,85.760000
2016-05-16,86.700000
2016-05-17,85.350000
2016-05-18,85.600000
2016-05-19,85.140000
2016-05-20,85.470000
2016-05-23,85.250000
2016-05-24,87.460000
2016-05-25,87.520000
2016-05-26,87.700000
2016-05-27,88.040000
2016-05-31,87.840000
2016-06-01,88.120000
2016-06-02,88.090000
2016-06-03,87.330000
2016-06-06,87.690000
2016-06-07,86.870000
2016-06-08,87.220000
2016-06-09,87.630000
2016-06-10,87.090000
2016-06-13,87.160000
2016-06-14,87.490000
2016-06-15,87.610000
2016-06-16,88.030000
2016-06-17,87.610000
2016-06-20,89.040000
2016-06-21,89.340000
2016-06-22,88.820000
2016-06-23,89.940000
2016-06-24,86.720000
2016-06-27,85.660000
2016-06-28,87.920000
2016-06-29,89.130000
2016-06-30,91.870000
2016-07-01,92.750000
2016-07-05,93.310000
2016-07-06,93.420000
2016-07-07,93.500000
2016-07-08,94.470000
2016-07-11,95.140000
2016-07-12,94.810000
2016-07-13,95.140000
2016-07-14,95.210000
2016-07-15,95.060000
2016-07-18,94.930000
2016-07-19,95.020000
2016-07-20,95.390000
2016-07-21,94.880000
2016-07-22,95.440000
2016-07-25,95.290000
2016-07-26,95.720000
2016-07-27,94.930000
2016-07-28,91.730000
2016-07-29,88.950000
2016-08-01,88.670000
2016-08-02,87.970000
2016-08-03,88.190000
2016-08-04,88.410000
2016-08-05,89.670000
2016-08-08,89.440000
2016-08-09,89.970000
2016-08-10,90.040000
2016-08-11,90.400000
2016-08-12,90.130000
2016-08-15,90.350000
2016-08-16,89.560000
2016-08-17,89.330000
2016-08-18,89.830000
2016-08-19,89.850000
2016-08-22,89.910000
2016-08-23,89.980000
2016-08-24,89.680000
2016-08-25,89.770000
2016-08-26,89.790000
2016-08-29,89.590000
2016-08-30,89.790000
2016-08-31,89.810000
2016-09-01,90.630000
2016-09-02,90.390000
2016-09-06,89.860000
2016-09-07,89.960000
2016-09-08,89.470000
2016-09-09,86.570000
2016-09-12,88.140000
2016-09-13,86.690000
2016-09-14,86.690000
2016-09-15,87.480000
2016-09-16,86.750000
2016-09-19,86.560000
2016-09-20,87.790000
2016-09-21,88.880000
2016-09-22,89.460000
2016-09-23,88.470000
2016-09-26,88.190000
2016-09-27,88.950000
2016-09-28,87.450000
2016-09-29,87.210000
2016-09-30,88.200000
2016-10-03,87.630000
2016-10-04,87.170000
2016-10-05,87.580000
2016-10-06,87.560000
2016-10-07,87.370000
2016-10-10,87.770000
2016-10-11,86.090000
2016-10-12,86.870000
2016-10-13,86.890000
2016-10-14,87.560000
2016-10-17,87.240000
2016-10-18,87.380000
2016-10-19,87.430000
2016-10-20,86.840000
2016-10-21,86.720000
2016-10-24,87.670000
2016-10-25,87.500000
2016-10-26,87.190000
2016-10-27,86.660000
2016-10-28,87.160000
2016-10-31,87.060000
2016-11-01,86.920000
2016-11-02,89.980000
2016-11-03,89.330000
2016-11-04,89.080000
2016-11-07,90.600000
2016-11-08,91.150000
2016-11-09,90.900000
2016-11-10,91.390000
2016-11-11,91.080000
2016-11-14,91.890000
2016-11-15,92.340000
2016-11-16,93.270000
2016-11-17,94.380000
2016-11-18,94.390000
2016-11-21,95.590000
2016-11-22,96.390000
2016-11-23,96.650000
2016-11-25,96.920000
2016-11-28,96.570000
2016-11-29,97.040000
2016-11-30,96.020000
2016-12-01,95.770000
2016-12-02,95.240000
2016-12-05,96.050000
2016-12-06,96.000000
2016-12-07,97.570000
2016-12-08,98.190000
2016-12-09,98.220000
2016-12-12,98.060000
2016-12-13,98.400000
2016-12-14,97.690000
2016-12-15,98.760000
2016-12-16,100.850000
2016-12-19,101.090000
2016-12-20,102.330000
2016-12-21,102.470000
2016-12-22,102.600000
2016-12-23,102.930000
2016-12-27,103.310000
2016-12-28,103.050000
2016-12-29,103.450000
2016-12-30,102.780000
2017-01-03,103.500000
2017-01-04,103.660000
2017-01-05,103.040000
2017-01-06,103.110000
2017-01-09,102.470000
2017-01-10,102.200000
2017-01-11,103.200000
2017-01-12,103.800000
2017-01-13,103.770000
2017-01-17,103.070000
2017-01-18,102.910000
2017-01-19,102.970000
2017-01-20,103.240000
2017-01-23,102.200000
2017-01-24,103.240000
2017-01-25,102.700000
2017-01-26,102.040000
2017-01-27,101.710000
2017-01-30,101.970000
2017-01-31,100.990000
2017-02-01,95.250000
2017-02-02,96.320000
2017-02-03,96.870000
2017-02-06,96.470000
2017-02-07,96.290000
2017-02-08,96.580000
2017-02-09,97.650000
2017-02-10,97.820000
2017-02-13,98.580000
2017-02-14,99.440000
2017-02-15,99.650000
2017-02-16,99.880000
2017-02-17,99.680000
2017-02-21,99.220000
2017-02-22,100.420000
2017-02-23,101.640000
2017-02-24,103.000000
2017-02-27,102.700000
2017-02-28,102.620000
2017-03-01,104.530000
2017-03-02,104.070000
2017-03-03,104.500000
2017-03-06,104.950000
2017-03-07,104.270000
2017-03-08,103.710000
2017-03-09,103.400000
2017-03-10,104.550000
2017-03-13,104.840000
2017-03-14,103.970000
2017-03-15,104.670000
2017-03-16,104.250000
2017-03-17,105.110000
2017-03-20,104.450000
2017-03-21,103.120000
2017-03-22,103.680000
2017-03-23,103.520000
2017-03-24,103.380000
2017-03-27,102.910000
2017-03-28,103.280000
2017-03-29,102.130000
2017-03-30,102.170000
2017-03-31,102.390000
2017-04-03,101.270000
2017-04-04,101.450000
2017-04-05,101.930000
2017-04-06,101.750000
2017-04-07,102.190000
2017-04-10,102.140000
2017-04-11,102.090000
2017-04-12,101.950000
2017-04-13,101.260000
2017-04-17,101.860000
2017-04-18,101.930000
2017-04-19,102.070000
2017-04-20,103.040000
2017-04-21,102.690000
2017-04-24,104.140000
2017-04-25,105.010000
2017-04-26,104.860000
2017-04-27,105.160000
2017-04-28,104.490000
2017-05-01,103.970000
2017-05-02,104.010000
2017-05-03,97.510000
2017-05-04,99.100000
2017-05-05,99.290000
2017-05-08,96.700000
2017-05-09,97.080000
2017-05-10,96.630000
2017-05-11,96.460000
2017-05-12,97.170000
2017-05-15,98.450000
2017-05-16,98.320000
2017-05-17,97.300000
2017-05-18,98.350000
2017-05-19,98.620000
2017-05-22,99.450000
2017-05-23,99.530000
2017-05-24,99.980000
2017-05-25,101.160000
2017-05-26,101.350000
2017-05-30,101.530000
2017-05-31,102.370000
2017-06-01,103.350000
2017-06-02,100.980000
2017-06-05,101.100000
2017-06-06,101.200000
2017-06-07,100.940000
2017-06-08,100.770000
2017-06-09,100.110000
2017-06-12,101.540000
2017-06-13,101.870000
2017-06-14,101.250000
2017-06-15,102.170000
2017-06-16,103.490000
2017-06-19,104.110000
2017-06-20,102.480000
2017-06-21,102.500000
2017-06-22,101.910000
2017-06-23,101.410000
2017-06-26,102.210000
2017-06-27,101.500000
2017-06-28,102.680000
2017-06-29,101.460000
2017-06-30,102.460000
2017-07-03,102.420000
2017-07-05,104.070000
2017-07-06,103.440000
2017-07-07,105.140000
2017-07-10,103.660000
2017-07-11,101.840000
2017-07-12,102.500000
2017-07-13,101.630000
2017-07-14,101.350000
2017-07-17,101.700000
2017-07-18,101.305000
2017-07-19,102.750000
2017-07-20,103.340000
2017-07-21,104.580000
2017-07-24,103.540000
2017-07-25,103.180000
2017-07-26,105.980000
2017-07-27,115.630000
2017-07-28,117.380000
2017-07-31,118.910000
2017-08-01,116.780000
2017-08-02,115.250000
2017-08-03,111.770000
2017-08-04,111.390000
2017-08-07,112.170000
2017-08-08,108.510000
2017-08-09,109.660000
2017-08-10,108.900000
2017-08-11,108.810000
2017-08-14,109.690000
2017-08-15,111.580000
2017-08-16,111.100000
2017-08-17,104.680000
2017-08-18,104.410000
2017-08-21,102.890000
2017-08-22,103.720000
2017-08-23,103.460000
2017-08-24,104.590000
2017-08-25,104.590000
2017-08-28,104.760000
2017-08-29,105.120000
2017-08-30,105.930000
2017-08-31,106.470000
2017-09-01,107.350000
2017-09-05,106.430000
2017-09-06,108.050000
2017-09-07,108.920000
2017-09-08,108.410000
2017-09-11,107.500000
2017-09-12,107.920000
2017-09-13,107.200000
2017-09-14,106.790000
2017-09-15,106.780000
2017-09-18,106.550000
2017-09-19,107.480000
2017-09-20,106.830000
2017-09-21,106.790000
2017-09-22,108.160000
2017-09-25,108.820000
2017-09-26,108.270000
2017-09-27,109.640000
2017-09-28,109.020000
2017-09-29,109.320000
2017-10-02,109.320000
2017-10-03,110.710000
2017-10-04,111.400000
2017-10-05,113.570000
2017-10-06,113.480000
2017-10-09,113.570000
2017-10-10,114.110000
2017-10-11,113.090000
2017-10-12,113.590000
2017-10-13,113.860000
2017-10-16,114.580000
2017-10-17,113.720000
2017-10-18,113.930000
2017-10-19,114.620000
2017-10-20,115.930000
2017-10-23,117.010000
2017-10-24,116.460000
2017-10-25,116.340000
2017-10-26,117.300000
2017-10-27,118.250000
2017-10-30,116.980000
2017-10-31,116.260000
2017-11-01,115.400000
2017-11-02,114.340000
2017-11-03,112.240000
2017-11-06,111.330000
2017-11-07,112.750000
2017-11-08,112.590000
2017-11-09,111.970000
2017-11-10,111.090000
2017-11-13,111.530000
2017-11-14,112.080000
2017-11-15,110.660000
2017-11-16,111.030000
2017-11-17,111.060000
2017-11-20,110.530000
2017-11-21,110.560000
2017-11-22,110.210000
2017-11-24,110.020000
2017-11-27,110.140000
2017-11-28,111.220000
2017-11-29,113.330000
2017-11-30,114.460000
2017-12-01,113.750000
2017-12-04,114.810000
2017-12-05,115.680000
2017-12-06,115.920000
2017-12-07,115.880000
2017-12-08,116.020000
2017-12-11,117.820000
2017-12-12,117.050000
2017-12-13,117.020000
2017-12-14,116.460000
2017-12-15,118.190000
2017-12-18,118.640000
2017-12-19,118.340000
2017-12-20,117.860000
2017-12-21,117.400000
2017-12-22,116.880000
2017-12-26,117.570000
2017-12-27,117.260000
2017-12-28,117.310000
2017-12-29,117.190000
2018-01-02,115.990000
2018-01-03,117.250000
2018-01-04,118.370000
2018-01-05,118.300000
2018-01-08,117.940000
2018-01-09,118.760000
2018-01-10,117.650000
2018-01-11,117.180000
2018-01-12,118.470000
2018-01-16,119.390000
2018-01-17,122.050000
2018-01-18,120.900000
2018-01-19,121.440000
2018-01-22,122.770000
2018-01-23,122.100000
2018-01-24,120.860000
2018-01-25,120.630000
2018-01-26,122.330000
2018-01-29,120.760000
2018-01-30,120.810000
2018-01-31,123.630000
2018-02-01,120.420000
2018-02-02,118.570000
2018-02-05,114.070000
2018-02-06,112.950000
2018-02-07,113.560000
2018-02-08,108.250000
2018-02-09,111.430000
2018-02-12,111.650000
2018-02-13,111.820000
2018-02-14,112.710000
2018-02-15,115.510000
2018-02-16,116.180000
2018-02-20,115.410000
2018-02-21,116.100000
2018-02-22,115.430000
2018-02-23,117.650000
2018-02-26,117.900000
2018-02-27,116.470000
2018-02-28,115.320000
2018-03-01,113.790000
2018-03-02,113.600000
2018-03-05,115.660000
2018-03-06,115.410000
2018-03-07,115.180000
2018-03-08,116.960000
2018-03-09,118.830000
2018-03-12,117.530000
2018-03-13,117.390000
2018-03-14,116.100000
2018-03-15,116.480000
2018-03-16,117.160000
2018-03-19,114.480000
2018-03-20,115.560000
2018-03-21,116.360000
2018-03-22,113.140000
2018-03-23,109.200000
2018-03-26,114.060000
2018-03-27,112.260000
2018-03-28,111.760000
2018-03-29,113.480000
2018-04-02,113.300000
2018-04-03,114.040000
2018-04-04,116.720000
2018-04-05,117.510000
2018-04-06,113.700000
2018-04-09,114.440000
2018-04-10,115.910000
2018-04-11,115.580000
2018-04-12,115.260000
2018-04-13,115.270000
2018-04-16,116.910000
2018-04-17,117.890000
2018-04-18,118.610000
2018-04-19,117.750000
2018-04-20,116.840000
2018-04-23,117.100000
2018-04-24,116.320000
2018-04-25,116.700000
2018-04-26,118.690000
2018-04-27,119.880000
2018-04-30,118.080000
2018-05-01,118.800000
2018-05-02,122.060000
2018-05-03,123.100000
2018-05-04,125.360000
2018-05-07,125.570000
2018-05-08,125.770000
2018-05-09,127.040000
2018-05-10,127.390000
2018-05-11,127.340000
2018-05-14,126.680000
2018-05-15,127.070000
2018-05-16,128.020000
2018-05-17,127.990000
2018-05-18,128.910000
2018-05-21,128.840000
2018-05-22,128.380000
2018-05-23,129.360000
2018-05-24,130.270000
2018-05-25,130.650000
2018-05-29,129.930000
2018-05-30,130.630000
2018-05-31,130.020000
2018-06-01,132.730000
2018-06-04,134.250000
2018-06-05,134.070000
2018-06-06,136.100000
2018-06-07,134.580000
2018-06-08,135.350000
2018-06-11,134.080000
2018-06-12,139.300000
2018-06-13,140.340000
2018-06-14,139.820000
2018-06-15,139.570000
2018-06-18,138.990000
2018-06-19,138.600000
2018-06-20,137.790000
2018-06-21,138.210000
2018-06-22,139.090000
2018-06-25,136.630000
2018-06-26,135.090000
2018-06-27,133.070000
2018-06-28,134.250000
2018-06-29,134.140000
2018-07-02,134.860000
2018-07-03,133.660000
2018-07-05,133.710000
2018-07-06,134.220000
2018-07-09,134.520000
2018-07-10,135.970000
2018-07-11,135.370000
2018-07-12,137.500000
2018-07-13,137.340000
2018-07-16,137.120000
2018-07-17,137.360000
2018-07-18,137.500000
2018-07-19,137.060000
2018-07-20,137.330000
2018-07-23,137.700000
2018-07-24,137.110000
2018-07-25,139.150000
2018-07-26,139.240000
2018-07-27,137.410000
2018-07-30,134.290000
2018-07-31,134.990000
2018-08-01,132.610000
2018-08-02,133.150000
2018-08-03,134.250000
2018-08-06,135.560000
2018-08-07,137.910000
2018-08-08,137.820000
2018-08-09,138.370000
2018-08-10,139.290000
2018-08-13,139.670000
2018-08-14,141.150000
2018-08-15,141.240000
2018-08-16,141.240000
2018-08-17,142.550000
2018-08-20,142.160000
2018-08-21,143.040000
2018-08-22,143.300000
2018-08-23,143.350000
2018-08-24,143.590000
2018-08-27,143.600000
2018-08-28,143.830000
2018-08-29,146.350000
2018-08-30,145.490000
2018-08-31,146.750000
2018-09-04,145.810000
2018-09-05,146.140000
2018-09-06,147.280000
2018-09-07,146.730000
2018-09-10,147.020000
2018-09-11,147.000000
2018-09-12,147.130000
2018-09-13,146.920000
2018-09-14,147.460000
2018-09-17,147.040000
2018-09-18,147.560000
2018-09-19,146.970000
2018-09-20,148.880000
2018-09-21,150.680000
2018-09-24,149.070000
2018-09-25,148.890000
2018-09-26,149.620000
2018-09-27,149.910000
2018-09-28,150.660000
2018-10-01,150.740000
2018-10-02,151.770000
2018-10-03,151.590000
2018-10-04,150.220000
2018-10-05,150.990000
2018-10-08,149.300000
2018-10-09,150.140000
2018-10-10,141.780000
2018-10-11,138.180000
2018-10-12,140.720000
2018-10-15,140.250000
2018-10-16,143.280000
2018-10-17,143.660000
2018-10-18,142.920000
2018-10-19,143.410000
2018-10-22,143.990000
2018-10-23,142.440000
2018-10-24,137.650000
2018-10-25,140.490000
2018-10-26,136.350000
2018-10-29,135.300000
2018-10-30,137.260000
2018-10-31,144.080000
2018-11-01,140.910000
2018-11-02,140.720000
2018-11-05,141.410000
2018-11-06,143.920000
2018-11-07,148.300000
2018-11-08,147.890000
2018-11-09,147.190000
2018-11-12,144.170000
2018-11-13,144.720000
2018-11-14,142.720000
2018-11-15,147.250000
2018-11-16,146.550000
2018-11-19,143.440000
2018-11-20,140.520000
2018-11-21,141.080000
2018-11-23,140.890000
2018-11-26,144.650000
2018-11-27,145.320000
2018-11-28,148.610000
2018-11-29,145.850000
2018-11-30,147.420000
2018-12-03,147.410000
2018-12-04,143.610000
2018-12-06,143.180000
2018-12-07,139.330000
2018-12-10,139.730000
2018-12-11,139.990000
2018-12-12,139.570000
2018-12-13,138.200000
2018-12-14,134.820000
2018-12-17,132.470000
2018-12-18,130.000000
2018-12-19,130.330000
2018-12-20,130.290000
2018-12-21,125.370000
2018-12-24,121.950000
2018-12-26,127.700000
2018-12-27,129.730000
2018-12-28,129.230000
2018-12-31,131.120000
2019-01-02,130.140000
2019-01-03,126.210000
2019-01-04,131.240000
2019-01-07,130.530000
2019-01-08,131.300000
2019-01-09,131.420000
2019-01-10,132.460000
2019-01-11,131.650000
2019-01-14,130.900000
2019-01-15,132.330000
2019-01-16,132.760000
2019-01-17,132.940000
2019-01-18,135.180000
2019-01-22,133.170000
2019-01-23,134.420000
2019-01-24,134.750000
2019-01-25,136.410000
2019-01-28,135.500000
2019-01-29,134.000000
2019-01-30,139.410000
2019-01-31,139.840000
2019-02-01,141.620000
2019-02-04,143.630000
2019-02-05,145.290000
2019-02-06,145.540000
2019-02-07,145.680000
2019-02-08,146.810000
2019-02-11,147.510000
2019-02-12,149.500000
2019-02-13,150.460000
2019-02-14,148.150000
2019-02-15,149.670000
2019-02-19,150.310000
2019-02-20,150.560000
2019-02-21,150.980000
2019-02-22,153.180000
2019-02-25,152.490000
2019-02-26,152.880000
2019-02-27,152.980000
2019-02-28,153.030000
2019-03-01,153.900000
2019-03-04,153.260000
2019-03-05,152.690000
2019-03-06,152.530000
2019-03-07,150.420000
2019-03-08,149.240000
2019-03-11,151.090000
2019-03-12,151.990005
2019-03-13,152.840000
2019-03-14,153.510000
2019-03-15,155.310000
2019-03-18,154.690000
2019-03-19,154.630000
2019-03-20,154.020000
2019-03-21,155.340000
2019-03-22,153.810000
2019-03-25,153.750000
2019-03-26,156.199997
2019-03-27,156.790000
2019-03-28,158.370000
2019-03-29,159.740000
2019-04-01,162.070000
2019-04-02,161.440000
2019-04-03,161.100000
2019-04-04,159.340000
2019-04-05,160.370000
2019-04-08,160.460007
2019-04-09,159.680000
2019-04-10,160.420000
2019-04-11,161.670000
2019-04-12,163.310000
2019-04-15,163.680000
2019-04-16,162.140000
2019-04-17,162.850000
2019-04-18,162.440000
2019-04-22,161.910000
2019-04-23,165.040000
2019-04-24,163.500000
2019-04-25,163.860000
2019-04-26,163.700000
2019-04-29,162.990000
2019-04-30,164.390000
2019-05-01,157.480000
2019-05-02,158.420000
2019-05-03,160.190000
2019-05-06,160.250000
2019-05-07,158.350000
2019-05-08,159.190000
2019-05-09,160.570000
2019-05-10,161.030000
2019-05-13,157.260000
2019-05-14,158.510000
2019-05-15,159.370000
2019-05-16,161.530000
2019-05-17,161.720000
2019-05-20,161.340000
2019-05-21,163.000000
2019-05-22,163.370000
2019-05-23,161.130000
2019-05-24,161.850000
2019-05-28,161.730000
2019-05-29,159.870000
2019-05-30,160.910000
2019-05-31,160.120000
2019-06-03,156.000000
2019-06-04,159.450000
2019-06-05,162.650000
2019-06-06,164.300000
2019-06-07,166.920000
2019-06-10,167.690000
2019-06-11,165.120000
2019-06-12,165.220000
2019-06-13,164.450000
2019-06-14,165.540000
2019-06-17,165.940000
2019-06-18,168.220000
2019-06-19,168.250000
2019-06-20,169.610000
2019-06-21,168.160000
2019-06-24,167.760000
2019-06-25,165.520000
2019-06-26,162.820000
2019-06-27,164.010000
2019-06-28,165.330000
2019-07-01,166.389999
2019-07-02,161.960000
2019-07-03,164.090000
2019-07-05,164.840000
2019-07-08,164.070000
2019-07-09,163.540000
2019-07-10,164.540000
2019-07-11,165.210007
2019-07-12,165.130000
2019-07-15,165.010000
2019-07-16,164.200000
2019-07-17,165.390000
2019-07-18,167.770000
2019-07-19,166.460000
2019-07-22,167.140000
2019-07-23,167.910000
2019-07-24,167.210000
2019-07-25,167.060000
2019-07-26,169.270000
2019-07-29,167.910000
2019-07-30,165.000000
2019-07-31,166.520000
2019-08-01,164.300000
2019-08-02,164.270000
2019-08-05,159.750000
2019-08-06,163.390000
2019-08-07,164.470000
2019-08-08,170.320000
2019-08-09,167.730000
2019-08-12,165.870000
2019-08-13,168.710000
2019-08-14,163.840000
2019-08-15,165.070000
2019-08-16,167.020000
2019-08-19,168.960000
2019-08-20,167.880000
2019-08-21,169.690000
2019-08-22,169.530000
2019-08-23,164.800000
2019-08-26,166.810000
2019-08-27,166.850000
2019-08-28,167.220000
2019-08-29,169.440000
2019-08-30,169.840000
2019-09-03,167.210000
2019-09-04,169.710000
2019-09-05,173.270000
2019-09-06,173.250000
2019-09-09,168.050000
2019-09-10,164.330000
2019-09-11,161.140000
2019-09-12,160.410000
2019-09-13,159.740000
2019-09-16,158.170000
2019-09-17,158.830000
2019-09-18,157.770000
2019-09-19,159.350000
2019-09-20,159.300000
2019-09-23,159.700000
2019-09-24,160.030000
2019-09-25,161.680000
2019-09-26,163.270000
2019-09-27,160.430000
2019-09-30,161.420000
2019-10-01,160.430000
2019-10-02,156.620000
2019-10-03,157.540000
2019-10-04,159.170000
2019-10-07,158.890000
2019-10-08,156.320000
2019-10-09,158.460000
2019-10-10,160.720000
2019-10-11,162.520000
2019-10-14,162.460000
2019-10-15,164.120000
2019-10-16,164.160000
2019-10-17,163.830000
2019-10-18,163.540000
2019-10-21,162.030000
2019-10-22,159.490000
2019-10-23,160.040000
2019-10-24,162.540000
2019-10-25,161.960000
2019-10-28,162.480000
2019-10-29,162.830000
2019-10-30,164.150000
2019-10-31,162.230000
2019-11-01,162.980000
2019-11-04,161.880000
2019-11-05,157.010000
2019-11-06,159.660000
2019-11-07,162.100000
2019-11-08,162.730000
2019-11-11,163.420000
2019-11-12,166.360000
2019-11-13,168.980000
2019-11-14,170.140000
2019-11-15,171.170000
2019-11-18,170.730000
2019-11-19,171.090000
2019-11-20,170.580000
2019-11-21,169.860000
2019-11-22,169.650000
2019-11-25,170.200000
2019-11-26,171.620000
2019-11-27,171.480000
2019-11-29,170.780000
2019-12-02,168.590000
2019-12-03,167.130000
2019-12-04,168.570000
2019-12-05,168.360000
2019-12-06,169.980000
2019-12-09,169.070000
2019-12-10,168.430000
2019-12-11,167.240000
2019-12-12,167.160000
2019-12-13,168.260000
2019-12-16,168.590000
2019-12-17,168.320000
2019-12-18,167.560000
2019-12-19,168.740000
2019-12-20,171.090000
2019-12-23,170.020000
2019-12-24,169.910000
2019-12-26,170.350000
2019-12-27,170.770000
2019-12-30,169.590000
2019-12-31,170.500000
2020-01-02,170.320000
2020-01-03,169.960000
2020-01-06,170.190000
2020-01-07,168.130000
2020-01-08,169.710000
2020-01-09,171.210000
2020-01-10,171.090000
2020-01-13,172.360000
2020-01-14,171.230000
2020-01-15,172.810000
2020-01-16,174.880000
2020-01-17,176.870000
2020-01-21,176.200000
2020-01-22,178.330000
2020-01-23,177.830000
2020-01-24,177.210000
2020-01-27,175.740000
2020-01-28,178.300000
2020-01-29,171.040000
2020-01-30,175.005000
2020-01-31,171.390000
2020-02-03,173.940000
2020-02-04,175.920000
2020-02-05,178.620000
2020-02-06,180.260000
2020-02-07,179.100000
2020-02-10,179.360000
2020-02-11,177.970000
2020-02-12,178.030000
2020-02-13,180.110000
2020-02-14,181.250000
2020-02-18,179.930000
2020-02-19,181.250000
2020-02-20,180.770000
2020-02-21,178.580000
2020-02-24,174.540000
2020-02-25,167.180000
2020-02-26,166.330000
2020-02-27,157.530000
2020-02-28,154.740000
2020-03-02,163.000000
2020-03-03,155.240000
2020-03-04,164.390000
2020-03-05,160.670000
2020-03-06,159.150000
2020-03-09,150.920000
2020-03-10,154.420000
2020-03-11,148.010000
2020-03-12,130.280000
2020-03-13,144.500000
2020-03-16,122.460000
2020-03-17,129.390000
2020-03-18,117.600000
2020-03-19,117.370000
2020-03-20,112.060000
2020-03-23,109.070000
2020-03-24,120.960000
2020-03-25,122.590000
2020-03-26,137.060000
2020-03-27,131.380000
2020-03-30,137.820000
2020-03-31,136.680000
2020-04-01,129.720000
2020-04-02,131.550000
2020-04-03,128.570000
2020-04-06,139.650000
2020-04-07,136.960000
2020-04-08,138.530000
2020-04-09,142.520000
2020-04-13,139.530000
2020-04-14,143.870000
2020-04-15,137.640000
2020-04-16,136.920000
2020-04-17,141.080000
2020-04-20,139.820000
2020-04-21,133.610000
2020-04-22,138.700000
2020-04-23,135.920000
2020-04-24,139.230000
2020-04-27,142.220000
2020-04-28,143.010000
2020-04-29,145.840000
2020-04-30,146.690000
2020-05-01,140.420000
2020-05-04,144.480000
2020-05-05,145.820000
2020-05-06,144.560000
2020-05-07,147.770000
2020-05-08,146.000000
2020-05-11,144.610000
2020-05-12,141.730000
2020-05-13,134.580000
2020-05-14,134.950000
2020-05-15,134.850000
2020-05-18,136.400000
2020-05-19,133.100000
2020-05-20,134.780000
2020-05-21,133.340000
2020-05-22,134.870000
2020-05-26,138.920000
2020-05-27,144.670000
2020-05-28,144.800000
2020-05-29,146.490000
2020-06-01,145.550000
2020-06-02,148.250000
2020-06-03,151.680000
2020-06-04,149.970000
2020-06-05,160.130000
2020-06-08,161.150000
2020-06-09,157.690000
2020-06-10,156.040000
2020-06-11,142.990000
2020-06-12,147.010000
2020-06-15,147.290000
2020-06-16,151.780000
2020-06-17,150.680000
2020-06-18,151.730000
2020-06-19,149.000000
2020-06-22,150.480000
2020-06-23,150.520000
2020-06-24,144.840000
2020-06-25,147.450000
2020-06-26,144.720000
2020-06-29,146.380000
2020-06-30,148.890000
2020-07-01,149.110000
2020-07-02,150.540000
2020-07-06,150.730000
2020-07-07,147.000000
2020-07-08,148.100000
2020-07-09,145.730000
2020-07-10,147.170000
2020-07-13,145.480000
2020-07-14,145.480000
2020-07-15,148.600000
2020-07-16,146.180000
2020-07-17,147.600000
2020-07-20,147.450000
2020-07-21,147.100000
2020-07-22,147.680000
2020-07-23,146.970000
2020-07-24,145.430000
2020-07-27,145.720000
2020-07-28,146.650000
2020-07-29,137.120000
2020-07-30,132.890000
2020-07-31,132.910000
2020-08-03,134.460000
2020-08-04,136.740000
2020-08-05,134.770000
2020-08-06,136.520000
2020-08-07,137.990000
2020-08-10,138.170000
2020-08-11,138.100000
2020-08-12,139.580000
2020-08-13,139.260000
2020-08-14,138.960000
2020-08-17,139.660000
2020-08-18,139.950000
2020-08-19,138.900000
2020-08-20,139.150000
2020-08-21,138.080000
2020-08-24,140.660000
2020-08-25,141.060000
2020-08-26,139.610000
2020-08-27,141.010000
2020-08-28,141.340000
2020-08-31,139.090000
2020-09-01,138.530000
2020-09-02,142.480000
2020-09-03,139.140000
2020-09-04,138.530000
2020-09-08,135.890000
2020-09-09,137.260000
2020-09-10,131.900000
2020-09-11,133.440000
2020-09-14,136.570000
2020-09-15,136.970000
2020-09-16,137.710000
2020-09-17,137.870000
2020-09-18,135.090000
2020-09-21,131.030000
2020-09-22,132.910000
2020-09-23,128.720000
2020-09-24,130.800000
2020-09-25,134.540000
2020-09-28,137.310000
2020-09-29,137.540000
2020-09-30,139.490000
2020-10-01,137.700000
2020-10-02,138.670000
2020-10-05,140.960000
2020-10-06,142.260000
2020-10-07,143.730000
2020-10-08,147.010000
2020-10-09,149.850000
2020-10-12,150.580000
2020-10-13,149.690000
2020-10-14,148.510000
2020-10-15,147.390000
2020-10-16,148.420000
2020-10-19,145.050000
2020-10-20,146.620000
2020-10-21,146.850000
2020-10-22,148.850000
2020-10-23,149.200000
2020-10-26,145.770000
2020-10-27,146.030000
2020-10-28,155.080000
2020-10-29,158.190000
2020-10-30,157.960000
2020-11-02,161.460000
2020-11-03,166.480000
2020-11-04,164.580000
2020-11-05,162.710000
2020-11-06,166.230000
2020-11-09,169.890000
2020-11-10,171.070000
2020-11-11,171.870000
2020-11-12,169.430000
2020-11-13,171.630000
2020-11-16,177.050000
2020-11-17,176.150000
2020-11-18,173.160000
2020-11-19,173.630000
2020-11-20,171.270000
2020-11-23,172.060000
2020-11-24,175.270000
2020-11-25,174.080000
2020-11-27,175.250000
2020-11-30,173.880000
2020-12-01,174.670000
2020-12-02,171.580000
2020-12-03,172.090000
2020-12-04,174.790000
2020-12-07,174.570000
2020-12-08,174.530000
2020-12-09,173.840000
2020-12-10,172.000000
2020-12-11,173.530000
2020-12-14,173.150000
2020-12-15,175.750000
2020-12-16,175.590000
2020-12-17,177.340000
2020-12-18,179.240000
2020-12-21,177.490000
2020-12-22,176.340000
2020-12-23,175.190000
2020-12-24,176.560000
2020-12-28,176.610000
2020-12-29,174.870000
2020-12-30,173.810000
2020-12-31,176.200000
2021-01-04,168.960000
2021-01-05,168.490000
2021-01-06,167.900000
2021-01-07,168.850000
2021-01-08,171.050000
2021-01-11,168.510000
2021-01-12,169.060000
2021-01-13,164.660000
2021-01-14,161.910000
2021-01-15,161.120000
2021-01-19,161.980000
2021-01-20,162.350000
2021-01-21,161.030000
2021-01-22,161.980000
2021-01-25,163.680000
2021-01-26,164.530000
2021-01-27,165.670000
2021-01-28,166.750000
2021-01-29,165.120000
2021-02-01,166.350000
2021-02-02,168.380000
2021-02-03,166.830000
2021-02-04,170.560000
2021-02-05,167.280000
2021-02-08,167.920000
2021-02-09,167.380000
2021-02-10,166.940000
2021-02-11,166.800000
2021-02-12,167.030000
2021-02-16,166.160000
2021-02-17,167.130000
2021-02-18,172.600000
2021-02-19,169.290000
2021-02-22,170.820000
2021-02-23,172.065000
2021-02-24,176.620000
2021-02-25,175.530000
2021-02-26,174.020000
2021-03-01,177.500000
2021-03-02,174.940000
2021-03-03,174.490000
2021-03-04,171.010000
2021-03-05,178.260000
2021-03-08,180.420000
2021-03-09,183.060000
2021-03-10,182.070000
2021-03-11,181.560000
2021-03-12,182.770000
2021-03-15,189.080000
2021-03-16,188.280000
2021-03-17,187.880000
2021-03-18,186.060000
2021-03-19,183.930000
2021-03-22,184.390000
2021-03-23,184.040000
2021-03-24,185.270000
2021-03-25,187.000000
2021-03-26,192.690000
2021-03-29,192.500000
2021-03-30,187.890000
2021-03-31,188.470000
2021-04-01,189.400000
2021-04-05,193.070000
2021-04-06,189.410000
2021-04-07,185.810000
2021-04-08,188.200000
2021-04-09,189.440000
2021-04-12,189.760000
2021-04-13,191.920000
2021-04-14,191.150000
2021-04-15,191.890000
2021-04-16,192.940000
2021-04-19,192.750000
2021-04-20,192.810000
2021-04-21,194.310000
2021-04-22,194.830000
2021-04-23,195.860000
2021-04-26,195.140000
2021-04-27,195.890000
2021-04-28,186.620000
2021-04-29,188.400000
2021-04-30,186.990000
2021-05-03,191.460000
2021-05-04,193.970000
2021-05-05,193.660000
2021-05-06,195.320000
2021-05-07,194.890000
2021-05-10,194.400000
2021-05-11,194.470000
2021-05-12,189.440000
2021-05-13,192.520000
2021-05-14,194.640000
2021-05-17,194.570000
2021-05-18,192.540000
2021-05-19,190.840000
2021-05-20,194.140000
2021-05-21,195.280000
2021-05-24,197.040000
2021-05-25,195.200000
2021-05-26,194.380000
2021-05-27,197.240000
2021-05-28,196.020000
2021-06-01,196.710000
2021-06-02,198.440000
2021-06-03,196.990000
2021-06-04,197.720000
2021-06-07,196.720000
2021-06-08,198.880000
2021-06-09,198.190000
2021-06-10,200.060000
2021-06-11,199.650000
2021-06-14,199.170000
2021-06-15,199.030000
2021-06-16,197.230000
2021-06-17,197.500000
2021-06-18,192.900000
2021-06-21,196.470000
2021-06-22,196.790000
2021-06-23,195.230000
2021-06-24,196.080000
2021-06-25,197.360000
2021-06-28,196.630000
2021-06-29,197.620000
2021-06-30,198.620000
2021-07-01,199.810000
2021-07-02,201.480000
2021-07-06,201.110000
2021-07-07,203.340000
2021-07-08,201.860000
2021-07-09,203.720000
2021-07-12,203.750000
2021-07-13,203.910000
2021-07-14,204.500000
2021-07-15,207.030000
2021-07-16,205.600000
2021-07-19,201.680000
2021-07-20,203.140000
2021-07-21,204.470000
2021-07-22,203.290000
2021-07-23,206.080000
2021-07-26,206.270000
2021-07-27,207.890000
2021-07-28,206.880000
2021-07-29,208.830000
2021-07-30,209.630000
2021-08-02,209.450000
2021-08-03,213.440000
2021-08-04,212.000000
2021-08-05,213.290000
2021-08-06,213.000000
2021-08-09,213.700000
2021-08-10,216.720000
2021-08-11,216.250000
2021-08-12,214.900000
2021-08-13,215.170000
2021-08-16,216.560000
2021-08-17,214.800000
2021-08-18,208.470000
2021-08-19,211.120000
2021-08-20,211.580000
2021-08-23,211.730000
2021-08-24,208.190000
2021-08-25,208.190000
2021-08-26,207.080000
2021-08-27,208.960000
2021-08-30,209.070000
2021-08-31,209.040000
2021-09-01,206.860000
2021-09-02,206.530000
2021-09-03,207.380000
2021-09-07,202.230000
2021-09-08,205.130000
2021-09-09,203.160000
2021-09-10,200.830000
2021-09-13,200.000000
2021-09-14,199.740000
2021-09-15,200.520000
2021-09-16,198.400000
2021-09-17,198.670000
2021-09-20,198.810000
2021-09-21,197.050000
2021-09-22,198.310000
2021-09-23,201.390000
2021-09-24,202.220000
2021-09-27,201.720000
2021-09-28,197.280000
2021-09-29,199.580000
2021-09-30,199.920000
2021-10-01,202.000000
2021-10-04,199.970000
2021-10-05,203.760000
2021-10-06,204.990000
2021-10-07,207.570000
2021-10-08,206.160000
2021-10-11,203.750000
2021-10-12,203.840000
2021-10-13,205.190000
2021-10-14,208.520000
2021-10-15,212.980000
2021-10-18,212.570000
2021-10-19,213.980000
2021-10-20,213.050000
2021-10-21,214.710000
2021-10-22,217.750000
2021-10-25,218.070000
2021-10-26,218.800000
2021-10-27,221.950000
2021-10-28,222.940000
2021-10-29,224.490000
2021-11-01,222.140000
2021-11-02,225.170000
2021-11-03,225.750000
2021-11-04,226.190000
2021-11-05,229.600000
2021-11-08,227.490000
2021-11-09,229.200000
2021-11-10,229.640000
2021-11-11,228.550000
2021-11-12,230.930000
2021-11-15,233.060000
2021-11-16,235.250000
2021-11-17,236.880000
2021-11-18,237.950000
2021-11-19,237.910000
2021-11-22,236.820000
2021-11-23,236.140000
2021-11-24,234.370000
2021-11-26,229.620000
2021-11-29,235.900000
2021-11-30,230.890000
2021-12-01,226.870000
2021-12-02,232.430000
2021-12-03,229.890000
2021-12-06,232.200000
2021-12-07,235.130000
2021-12-08,234.300000
2021-12-09,232.740000
2021-12-10,236.730000
2021-12-13,235.020000
2021-12-14,229.720000
2021-12-15,233.920000
2021-12-16,231.850000
2021-12-17,229.410000
2021-12-20,229.360000
2021-12-21,231.950000
2021-12-22,237.620000
2021-12-23,242.000000
2021-12-27,246.290000
2021-12-28,246.070000
2021-12-29,248.010000
2021-12-30,245.560000
2021-12-31,246.580000
2022-01-03,244.010000
2022-01-04,245.150000
2022-01-05,243.060000
2022-01-06,241.390000
2022-01-07,238.840000
2022-01-10,232.890000
2022-01-11,235.280000
2022-01-12,234.630000
2022-01-13,231.930000
2022-01-14,228.750000
2022-01-18,226.440000
2022-01-19,224.830000
2022-01-20,220.310000
2022-01-21,217.130000
2022-01-24,218.240000
2022-01-25,216.880000
2022-01-26,197.460000
2022-01-27,196.420000
2022-01-28,199.270000
2022-01-31,206.170000
2022-02-01,205.560000
2022-02-02,207.900000
2022-02-03,205.130000
2022-02-04,206.250000
2022-02-07,205.980000
2022-02-08,208.410000
2022-02-09,211.160000
2022-02-10,205.540000
2022-02-11,203.790000
2022-02-14,201.980000
2022-02-15,204.020000
2022-02-16,204.240000
2022-02-17,200.460000
2022-02-18,200.450000
2022-02-22,199.900000
2022-02-23,196.290000
2022-02-24,200.220000
2022-02-25,204.360000
2022-02-28,204.440000
2022-03-01,202.310000
2022-03-02,206.290000
2022-03-03,204.700000
2022-03-04,208.460000
2022-03-07,208.390000
2022-03-08,205.380000
2022-03-09,209.700000
2022-03-10,209.430000
2022-03-11,207.270000
2022-03-14,207.000000
2022-03-15,212.310000
2022-03-16,212.460000
2022-03-17,213.920000
2022-03-18,214.690000
2022-03-21,212.530000
2022-03-22,215.210000
2022-03-23,212.570000
2022-03-24,216.950000
2022-03-25,219.040000
2022-03-28,220.650000
2022-03-29,224.950000
2022-03-30,227.760000
2022-03-31,227.540000
2022-04-01,233.500000
2022-04-04,235.180000
2022-04-05,238.000000
2022-04-06,237.790000
2022-04-07,238.500000
2022-04-08,237.710000
2022-04-11,230.960000
2022-04-12,231.060000
2022-04-13,233.740000
2022-04-14,229.200000
2022-04-18,227.200000
2022-04-19,229.600000
2022-04-20,232.620000
2022-04-21,230.180000
2022-04-22,223.520000
2022-04-25,227.060000
2022-04-26,222.280000
2022-04-27,228.000000
2022-04-28,229.680000
2022-04-29,218.180000
2022-05-02,219.320000
2022-05-03,221.540000
2022-05-04,228.880000
2022-05-05,218.560000
2022-05-06,216.940000
2022-05-09,209.790000
2022-05-10,212.340000
2022-05-11,208.530000
2022-05-12,207.480000
2022-05-13,208.790000
2022-05-16,208.600000
2022-05-17,214.960000
2022-05-18,208.500000
2022-05-19,206.850000
2022-05-20,208.640000
2022-05-23,212.960000
2022-05-24,212.730000
2022-05-25,213.900000
2022-05-26,218.280000
2022-05-27,224.660000
2022-05-31,222.940000
2022-06-01,219.320000
2022-06-02,223.710000
2022-06-03,220.680000
2022-06-06,219.510000
2022-06-07,222.280000
2022-06-08,219.990000
2022-06-09,215.700000
2022-06-10,211.620000
2022-06-13,204.760000
2022-06-14,204.130000
2022-06-15,207.150000
2022-06-16,199.940000
2022-06-17,200.280000
2022-06-21,206.840000
2022-06-22,207.400000
2022-06-23,210.580000
2022-06-24,218.790000
2022-06-27,218.310000
2022-06-28,214.060000
2022-06-29,212.190000
2022-06-30,210.040000
2022-07-01,213.230000
2022-07-05,212.480000
2022-07-06,217.260000
2022-07-07,216.520000
2022-07-08,217.270000
2022-07-11,214.890000
2022-07-12,212.290000
2022-07-13,211.070000
2022-07-14,211.200000
2022-07-15,214.130000
2022-07-18,211.310000
2022-07-19,218.950000
2022-07-20,216.050000
2022-07-21,218.090000
2022-07-22,220.340000
2022-07-25,218.380000
2022-07-26,217.910000
2022-07-27,234.040000
2022-07-28,239.480000
2022-07-29,241.120000
2022-08-01,241.320000
2022-08-02,240.620000
2022-08-03,244.320000
2022-08-04,243.990000
2022-08-05,247.200000
2022-08-08,248.610000
2022-08-09,249.800000
2022-08-10,252.470000
2022-08-11,250.230000
2022-08-12,256.780000
2022-08-15,259.710000
2022-08-16,260.040000
2022-08-17,260.690000
2022-08-18,260.940000
2022-08-19,259.820000
2022-08-22,256.380000
2022-08-23,255.770000
2022-08-24,256.140000
2022-08-25,258.210000
2022-08-26,250.480000
2022-08-29,248.880000
2022-08-30,245.590000
2022-08-31,244.410000
2022-09-01,245.960000
2022-09-02,238.480000
2022-09-06,238.140000
2022-09-07,241.720000
2022-09-08,241.940000
2022-09-09,244.300000
2022-09-12,243.950000
2022-09-13,235.060000
2022-09-14,234.480000
2022-09-15,230.710000
2022-09-16,233.640000
2022-09-19,235.720000
2022-09-20,233.540000
2022-09-21,230.420000
2022-09-22,230.470000
2022-09-23,230.280000
2022-09-26,228.640000
2022-09-27,227.620000
2022-09-28,231.950000
2022-09-29,227.750000
2022-09-30,226.190000
2022-10-03,232.250000
2022-10-04,236.620000
2022-10-05,239.050000
2022-10-06,234.890000
2022-10-07,227.120000
2022-10-10,228.690000
2022-10-11,226.270000
2022-10-12,224.110000
2022-10-13,229.900000
2022-10-14,225.910000
2022-10-17,233.080000
2022-10-18,235.020000
2022-10-19,233.240000
2022-10-20,229.480000
2022-10-21,232.740000
2022-10-24,236.910000
2022-10-25,237.760000
2022-10-26,235.140000
2022-10-27,234.970000
2022-10-28,242.640000
2022-10-31,241.700000
2022-11-01,243.640000
2022-11-02,237.440000
2022-11-03,236.100000
2022-11-04,236.860000
2022-11-07,240.410000
2022-11-08,245.040000
2022-11-09,240.380000
2022-11-10,254.880000
2022-11-11,249.230000
2022-11-14,250.080000
2022-11-15,253.320000
2022-11-16,253.620000
2022-11-17,253.550000
2022-11-18,256.020000
2022-11-21,257.600000
2022-11-22,261.970000
2022-11-23,262.580000
2022-11-25,263.950000
2022-11-28,258.330000
2022-11-29,257.060000
2022-11-30,264.140000
2022-12-01,267.950000
2022-12-02,269.900000
2022-12-05,264.390000
2022-12-06,258.530000
2022-12-07,259.220000
2022-12-08,260.050000
2022-12-09,257.200000
2022-12-12,264.430000
2022-12-13,262.200000
2022-12-14,260.080000
2022-12-15,248.790000
2022-12-16,247.050000
2022-12-19,245.060000
2022-12-20,243.910000
2022-12-21,247.040000
2022-12-22,239.160000
2022-12-23,240.940000
2022-12-27,241.030000
2022-12-28,237.850000
2022-12-29,240.620000
2022-12-30,238.860000
2023-01-03,237.660000
2023-01-04,238.780000
2023-01-05,233.630000
2023-01-06,240.160000
2023-01-09,239.510000
2023-01-10,240.780000
2023-01-11,245.050000
2023-01-12,244.260000
2023-01-13,245.360000
2023-01-17,236.780000
2023-01-18,234.250000
2023-01-19,233.320000
2023-01-20,237.170000
2023-01-23,240.960000
2023-01-24,239.150000
2023-01-25,228.010000
2023-01-26,225.430000
2023-01-27,220.800000
2023-01-30,222.350000
2023-01-31,225.810000
2023-02-01,226.730000
2023-02-02,228.990000
2023-02-03,225.310000
2023-02-06,223.470000
2023-02-07,226.770000
2023-02-08,223.980000
2023-02-09,223.910000
2023-02-10,225.820000
2023-02-13,227.360000
2023-02-14,224.590000
2023-02-15,227.850000
2023-02-16,227.480000
2023-02-17,228.695000
2023-02-21,224.680000
2023-02-22,222.930000
2023-02-23,222.780000
2023-02-24,221.580000
2023-02-27,221.600000
2023-02-28,219.820000
2023-03-01,219.560000
2023-03-02,222.550000
2023-03-03,224.750000
2023-03-06,225.520000
2023-03-07,221.280000
2023-03-08,221.970000
2023-03-09,218.980000
2023-03-10,213.560000
2023-03-13,213.550000
2023-03-14,213.590000
2023-03-15,213.250000
2023-03-16,215.800000
2023-03-17,213.220000
2023-03-20,215.870000
2023-03-21,218.100000
2023-03-22,213.260000
2023-03-23,213.620000
2023-03-24,214.130000
2023-03-27,214.360000
2023-03-28,214.150000
2023-03-29,219.900000
2023-03-30,219.490000
2023-03-31,222.630000
2023-04-03,216.810000
2023-04-04,214.040000
2023-04-05,213.170000
2023-04-06,216.110000
2023-04-10,214.220000
2023-04-11,215.210000
2023-04-12,215.610000
2023-04-13,217.250000
2023-04-14,215.700000
2023-04-17,218.160000
2023-04-18,217.320000
2023-04-19,217.040000
2023-04-20,215.620000
2023-04-21,215.210000
2023-04-24,215.470000
2023-04-25,211.690000
2023-04-26,210.830000
2023-04-27,216.160000
2023-04-28,220.000000
2023-05-01,221.120000
2023-05-02,216.540000
2023-05-03,215.980000
2023-05-04,213.810000
2023-05-05,215.480000
2023-05-08,214.270000
2023-05-09,213.660000
2023-05-10,215.010000
2023-05-11,209.810000
2023-05-12,212.740000
2023-05-15,214.390000
2023-05-16,212.340000
2023-05-17,213.960000
2023-05-18,215.430000
2023-05-19,216.180000
2023-05-22,216.530000
2023-05-23,215.550000
2023-05-24,214.000000
2023-05-25,210.400000
2023-05-26,212.480000
2023-05-30,210.120000
2023-05-31,208.990000
2023-06-01,211.810000
2023-06-02,216.520000
2023-06-05,216.240000
2023-06-06,216.740000
2023-06-07,216.470000
2023-06-08,215.190000
2023-06-09,215.220000
2023-06-12,218.360000
2023-06-13,220.490000
2023-06-14,216.090000
2023-06-15,220.970000
2023-06-16,221.320000
2023-06-20,220.280000
2023-06-21,220.560000
2023-06-22,220.400000
2023-06-23,213.830000
2023-06-26,215.540000
2023-06-27,215.610000
2023-06-28,215.610000
2023-06-29,216.460000
2023-06-30,219.790000
2023-07-03,218.730000
2023-07-05,219.700000
2023-07-06,221.650000
2023-07-07,218.740000
2023-07-10,224.260000
2023-07-11,226.380000
2023-07-12,224.990000
2023-07-13,227.160000
2023-07-14,229.470000
2023-07-17,233.720000
2023-07-18,235.900000
2023-07-19,237.330000
2023-07-20,237.080000
2023-07-21,237.690000
2023-07-24,239.500000
2023-07-25,240.480000
2023-07-26,253.450000
2023-07-27,250.880000
2023-07-28,250.610000
2023-07-31,247.260000
2023-08-01,248.320000
2023-08-02,247.360000
2023-08-03,248.000000
2023-08-04,245.760000
2023-08-07,250.820000
2023-08-08,248.340000
2023-08-09,250.310000
2023-08-10,250.560000
2023-08-11,252.820000
2023-08-14,251.960000
2023-08-15,250.970000
2023-08-16,250.900000
2023-08-17,250.280000
2023-08-18,251.050000
2023-08-21,251.110000
2023-08-22,249.530000
2023-08-23,250.920000
2023-08-24,249.795000
2023-08-25,253.050000
2023-08-28,254.390000
2023-08-29,254.350000
2023-08-30,254.930000
2023-08-31,254.610000
2023-09-01,255.750000
2023-09-05,252.850000
2023-09-06,251.050000
2023-09-07,250.120000
2023-09-08,249.370000
2023-09-11,248.200000
2023-09-12,248.020000
2023-09-13,247.810000
2023-09-14,248.290000
2023-09-15,245.310000
2023-09-18,247.280000
2023-09-19,245.840000
2023-09-20,243.865000
2023-09-21,238.720000
2023-09-22,239.350000
2023-09-25,240.020000
2023-09-26,237.240000
2023-09-27,242.630000
2023-09-28,243.310000
2023-09-29,240.580000
2023-10-02,239.370000
2023-10-03,240.420000
2023-10-04,243.980000
2023-10-05,243.360000
2023-10-06,246.380000
2023-10-09,250.180000
2023-10-10,249.150000
2023-10-11,249.460000
2023-10-12,247.650000
2023-10-13,247.500000
2023-10-16,249.260000
2023-10-17,249.330000
2023-10-18,248.260000
2023-10-19,246.080000
2023-10-20,241.680000
2023-10-23,241.160000
2023-10-24,240.450000
2023-10-25,218.330000
2023-10-26,218.840000
2023-10-27,214.840000
2023-10-30,216.080000
2023-10-31,218.220000
2023-11-01,210.370000
2023-11-02,218.560000
2023-11-03,219.310000
2023-11-06,220.540000
2023-11-07,222.250000
2023-11-08,225.480000
2023-11-09,226.520000
2023-11-10,228.490000
2023-11-13,226.350000
2023-11-14,230.420000
2023-11-15,230.460000
2023-11-16,229.910000
2023-11-17,229.390000
2023-11-20,231.710000
2023-11-21,231.210000
2023-11-22,231.150000
2023-11-24,230.660000
2023-11-27,229.160000
2023-11-28,228.990000
2023-11-29,229.160000
2023-11-30,229.920000
2023-12-01,232.940000
2023-12-04,232.580000
2023-12-05,231.560000
2023-12-06,232.350000
2023-12-07,229.990000
2023-12-08,229.270000
2023-12-11,233.290000
2023-12-12,236.680000
2023-12-13,239.220000
2023-12-14,235.970000
2023-12-15,234.140000
2023-12-18,234.850000
2023-12-19,233.700000
2023-12-20,232.230000
2023-12-21,228.990000
2023-12-22,230.970000
2023-12-26,232.540000
2023-12-27,231.610000
2023-12-28,232.490000
2023-12-29,232.970000
2024-01-02,233.420000
2024-01-03,232.510000
2024-01-04,233.660000
2024-01-05,235.210000
2024-01-08,236.760000
2024-01-09,235.220000
2024-01-10,235.290000
2024-01-11,235.340000
2024-01-12,235.950000
2024-01-16,235.280000
2024-01-17,235.390000
2024-01-18,236.080000
2024-01-19,238.240000
2024-01-22,239.400000
2024-01-23,240.360000
2024-01-24,238.440000
2024-01-25,236.720000
2024-01-26,236.100000
2024-01-29,237.710000
2024-01-30,238.590000
2024-01-31,245.790000
2024-02-01,247.080000
2024-02-02,248.810000
2024-02-05,248.280000
2024-02-06,250.810000
2024-02-07,250.270000
2024-02-08,251.080000
2024-02-09,249.990000
2024-02-12,250.070000
2024-02-13,249.610000
2024-02-14,250.900000
2024-02-15,252.050000
2024-02-16,252.970000
2024-02-20,252.940000
2024-02-21,253.920000
2024-02-22,254.760000
2024-02-23,255.860000
2024-02-26,253.550000
2024-02-27,251.310000
2024-02-28,251.560000
2024-02-29,251.130000
2024-03-01,249.690000
2024-03-04,246.190000
2024-03-05,243.990000
2024-03-06,243.760000
2024-03-07,244.260000
2024-03-08,242.460000
2024-03-11,244.090000
2024-03-12,244.670000
2024-03-13,244.210000
2024-03-14,243.250000
2024-03-15,242.090000
2024-03-18,241.850000
2024-03-19,244.130000
2024-03-20,247.720000
2024-03-21,248.950000
2024-03-22,247.610000
2024-03-25,244.200000
2024-03-26,245.070000
2024-03-27,248.330000
2024-03-28,249.740000
2024-04-01,245.310000
2024-04-02,247.660000
2024-04-03,245.130000
2024-04-04,241.490000
2024-04-05,244.840000
2024-04-08,246.640000
2024-04-09,250.010000
2024-04-10,245.790000
2024-04-11,244.420000
2024-04-12,243.850000
2024-04-15,244.080000
2024-04-16,244.210000
2024-04-17,242.900000
2024-04-18,241.990000
2024-04-19,243.310000
2024-04-22,246.310000
2024-04-23,246.840000
2024-04-24,246.610000
2024-04-25,246.340000
2024-04-26,243.070000
2024-04-29,243.950000
2024-04-30,241.890000
2024-05-01,247.330000
2024-05-02,242.030000
2024-05-03,241.890000
2024-05-06,242.740000
2024-05-07,245.120000
2024-05-08,242.940000
2024-05-09,245.145000
2024-05-10,246.860000
2024-05-13,247.800000
2024-05-14,245.500000
2024-05-15,246.620000
2024-05-16,250.060000
2024-05-17,252.330000
2024-05-20,251.780000
2024-05-21,252.140000
2024-05-22,254.020000
2024-05-23,251.490000
2024-05-24,248.900000
2024-05-28,243.300000
2024-05-29,240.090000
2024-05-30,240.970000
2024-05-31,244.920000
2024-06-03,244.020000
2024-06-04,245.670000
2024-06-05,245.780000
2024-06-06,247.970000
2024-06-07,252.320000
2024-06-10,246.870000
2024-06-11,246.580000
2024-06-12,246.130000
2024-06-13,244.270000
2024-06-14,242.620000
2024-06-17,244.960000
2024-06-18,244.410000
2024-06-20,246.060000
2024-06-21,247.970000
2024-06-24,249.200000
2024-06-25,248.400000
2024-06-26,238.020000
2024-06-27,237.300000
2024-06-28,238.690000
2024-07-01,235.670000
2024-07-02,236.630000
2024-07-03,236.910000
2024-07-05,235.560000
2024-07-08,233.440000
2024-07-09,234.710000
2024-07-10,234.150000
2024-07-11,235.630000
2024-07-12,238.020000
2024-07-15,242.640000
2024-07-16,245.820000
2024-07-17,249.250000
2024-07-18,247.400000
2024-07-19,246.970000
2024-07-22,247.990000
2024-07-23,248.350000
2024-07-24,247.100000
2024-07-25,249.580000
2024-07-26,252.670000
2024-07-29,255.210000
2024-07-30,257.740000
2024-07-31,262.620000
2024-08-01,261.300000
2024-08-02,263.520000
2024-08-05,258.140000
2024-08-06,259.470000
2024-08-07,258.910000
2024-08-08,262.790000
2024-08-09,262.180000
2024-08-12,259.120000
2024-08-13,261.910000
2024-08-14,262.820000
2024-08-15,263.660000
2024-08-16,264.090000
2024-08-19,264.650000
2024-08-20,264.540000
2024-08-21,267.850000
2024-08-22,269.380000
2024-08-23,269.600000
2024-08-26,271.350000
2024-08-27,274.680000
2024-08-28,272.680000
2024-08-29,273.360000
2024-08-30,275.910000
2024-09-03,275.550000
2024-09-04,275.220000
2024-09-05,270.170000
2024-09-06,269.560000
2024-09-09,275.590000
2024-09-10,279.260000
2024-09-11,277.480000
2024-09-12,278.400000
2024-09-13,277.510000
2024-09-16,278.600000
2024-09-17,279.410000
2024-09-18,275.910000
2024-09-19,277.690000
2024-09-20,276.410000
2024-09-23,277.580000
2024-09-24,276.640000
2024-09-25,275.250000
2024-09-26,274.430000
2024-09-27,272.880000
2024-09-30,276.730000
2024-10-01,280.080000
2024-10-02,283.550000
2024-10-03,284.620000
2024-10-04,285.160000
2024-10-07,282.120000
2024-10-08,285.420000
2024-10-09,287.770000
2024-10-10,286.910000
2024-10-11,288.360000
2024-10-14,291.000000
2024-10-15,290.040000
2024-10-16,290.700000
2024-10-17,291.960000
2024-10-18,292.290000
2024-10-21,290.910000
2024-10-22,291.340000
2024-10-23,290.040000
2024-10-24,289.430000
2024-10-25,287.960000
2024-10-28,286.440000
2024-10-29,287.950000
2024-10-30,292.780000
2024-10-31,289.240000
2024-11-01,288.180000
2024-11-04,289.860000
2024-11-05,291.180000
2024-11-06,305.180000
2024-11-07,304.850000
2024-11-08,304.730000
2024-11-11,306.780000
2024-11-12,307.910000
2024-11-13,307.500000
2024-11-14,301.990000
2024-11-15,297.640000
2024-11-18,297.890000
2024-11-19,297.540000
2024-11-20,298.590000
2024-11-21,304.570000
2024-11-22,305.150000
2024-11-25,304.665000
2024-11-26,307.970000
2024-11-27,306.920000
2024-11-29,306.930000
2024-12-02,306.030000
2024-12-03,303.570000
2024-12-04,303.490000
2024-12-05,301.800000
2024-12-06,304.560000
2024-12-09,297.560000
2024-12-10,302.230000
2024-12-11,300.750000
2024-12-12,298.750000
2024-12-13,296.760000
2024-12-16,296.810000
2024-12-17,295.570000
2024-12-18,288.500000
2024-12-19,291.330000
2024-12-20,294.020000
2024-12-23,294.150000
2024-12-24,296.460000
2024-12-26,297.230000
2024-12-27,296.180000
2024-12-30,292.970000
2024-12-31,292.730000
2025-01-02,289.650000
2025-01-03,291.690000
2025-01-06,287.130000
2025-01-07,288.400000
2025-01-08,291.890000
2025-01-10,286.850000
2025-01-13,290.200000
2025-01-14,291.690000
2025-01-15,293.370000
2025-01-16,296.230000
2025-01-17,296.180000
2025-01-21,298.150000
2025-01-22,296.360000
2025-01-23,295.800000
2025-01-24,297.100000
2025-01-27,300.150000
2025-01-28,298.310000
2025-01-29,300.570000
2025-01-30,303.260000
2025-01-31,303.010000
2025-02-03,307.320000
2025-02-04,304.670000
2025-02-05,308.150000
2025-02-06,308.970000
2025-02-07,305.970000
2025-02-10,306.930000
2025-02-11,305.780000
2025-02-12,306.650000
2025-02-13,310.220000
2025-02-14,308.150000
2025-02-18,309.950000
2025-02-19,313.220000
2025-02-20,311.970000
2025-02-21,310.760000
2025-02-24,312.200000
2025-02-25,313.370000
2025-02-26,311.380000
2025-02-27,311.300000
2025-02-28,315.180000
2025-03-03,318.640000
2025-03-04,313.440000
2025-03-05,310.430000
2025-03-06,302.460000
2025-03-07,306.450000
2025-03-10,302.990000
2025-03-11,292.440000
2025-03-12,294.180000
2025-03-13,290.550000
2025-03-14,291.760000
2025-03-17,296.580000
2025-03-18,295.930000
2025-03-19,298.790000
2025-03-20,297.510000
2025-03-21,295.320000
2025-03-24,298.890000
2025-03-25,299.380000
2025-03-26,302.410000
2025-03-27,305.430000
2025-03-28,300.830000
2025-03-31,305.530000
2025-04-01,306.540000
2025-04-02,307.230000
2025-04-03,305.390000
2025-04-04,286.130000
2025-04-07,281.220000
2025-04-08,276.760000
2025-04-09,294.690000
2025-04-10,292.210000
2025-04-11,299.540000
2025-04-14,301.560000
2025-04-15,298.060000
2025-04-16,294.140000
2025-04-17,293.280000
2025-04-21,284.850000
2025-04-22,292.890000
2025-04-23,293.540000
2025-04-24,294.550000
2025-04-25,291.760000
2025-04-28,293.570000
2025-04-29,295.770000
2025-04-30,300.600000
2025-05-01,298.690000
2025-05-02,303.570000
2025-05-05,303.960000
2025-05-06,303.330000
2025-05-07,305.180000
2025-05-08,307.090000
2025-05-09,307.720000
2025-05-12,309.380000
2025-05-13,308.190000
2025-05-14,309.410000
2025-05-15,315.850000
2025-05-16,319.370000
2025-05-19,322.960000
2025-05-20,322.800000
2025-05-21,322.630000
2025-05-22,321.650000
2025-05-23,321.090000
2025-05-27,325.710000
2025-05-28,324.140000
2025-05-29,324.120000
2025-05-30,325.530000
2025-06-02,325.800000
2025-06-03,326.530000
2025-06-04,326.210000
2025-06-05,326.230000
2025-06-06,326.810000
2025-06-09,318.570000
2025-06-10,314.520000
2025-06-11,312.365000
2025-06-12,309.750000
2025-06-13,306.820000
2025-06-16,307.910000
2025-06-17,307.620000
2025-06-18,306.770000
2025-06-20,306.260000
2025-06-23,310.240000
2025-06-24,311.400000
2025-06-25,298.190000
2025-06-26,302.980000
2025-06-27,303.450000
2025-06-30,308.400000
2025-07-01,310.130000
2025-07-02,305.050000
2025-07-03,309.200000
2025-07-07,308.400000
2025-07-08,306.900000
2025-07-09,308.410000
2025-07-10,305.820000
2025-07-11,302.650000
2025-07-14,303.360000
2025-07-15,298.180000
2025-07-16,300.270000
2025-07-17,302.120000
2025-07-18,301.790000
2025-07-21,300.900000
2025-07-22,302.980000
2025-07-23,304.230000
2025-07-24,306.240000
2025-07-25,308.630000
2025-07-28,306.890000
2025-07-29,308.640000
2025-07-30,310.940000
2025-07-31,309.500000
2025-08-01,300.440000
2025-08-04,302.260000
2025-08-05,299.440000
2025-08-06,301.640000
2025-08-07,303.490000
2025-08-08,305.810000
2025-08-11,303.720000
2025-08-12,299.630000
2025-08-13,304.950000
2025-08-14,301.680000
2025-08-15,301.790000
2025-08-18,302.650000
2025-08-19,305.720000
2025-08-20,309.030000
2025-08-21,304.940000
2025-08-22,307.950000
2025-08-25,303.840000
2025-08-26,303.450000
2025-08-27,303.090000
2025-08-28,304.100000
2025-08-29,304.050000
2025-09-02,299.770000
2025-09-03,298.860000
2025-09-04,301.190000
2025-09-05,295.970000
2025-09-08,298.430000
2025-09-09,297.240000
2025-09-10,292.390000
2025-09-11,298.030000
2025-09-12,293.500000
2025-09-15,290.870000
2025-09-16,288.690000
2025-09-17,288.750000
2025-09-18,290.950000
2025-09-19,292.000000
2025-09-22,293.660000
2025-09-23,289.215000
2025-09-24,291.500000
2025-09-25,288.890000
2025-09-26,291.540000
2025-09-29,292.660000
2025-09-30,293.500000
2025-10-01,291.610000
2025-10-02,289.870000
2025-10-03,291.310000
2025-10-06,290.550000
2025-10-07,292.940000
2025-10-08,290.700000
2025-10-09,285.890000
2025-10-10,285.190000
2025-10-13,284.350000
2025-10-14,285.920000
2025-10-15,284.210000
2025-10-16,280.160000
2025-10-17,281.270000
2025-10-20,283.030000
2025-10-21,283.980000
2025-10-22,283.950000
2025-10-23,281.550000
2025-10-24,280.940000
2025-10-27,280.530000
2025-10-28,279.630000
2025-10-29,261.220000
2025-10-30,261.530000
2025-10-31,260.300000
2025-11-03,257.170000
2025-11-04,259.220000
2025-11-05,259.570000
2025-11-06,252.360000
2025-11-07,254.160000
2025-11-10,254.060000
2025-11-11,255.200000
2025-11-12,254.550000
2025-11-13,254.610000
2025-11-14,253.090000
2025-11-17,250.900000
2025-11-18,249.690000
2025-11-19,250.410000
2025-11-20,249.060000
2025-11-21,253.120000
2025-11-24,250.100000
2025-11-25,256.310000
2025-11-26,254.330000
2025-11-28,255.300000
2025-12-01,255.840000
2025-12-02,257.180000
2025-12-03,260.220000
2025-12-04,259.400000
2025-12-05,261.630000
2025-12-08,258.690000
2025-12-09,258.230000
2025-12-10,259.340000
2025-12-11,264.690000
2025-12-12,266.100000
2025-12-15,264.950000
2025-12-16,262.170000
2025-12-17,265.470000
2025-12-18,260.970000
2025-12-19,257.940000
2025-12-22,259.740000
2025-12-23,257.005000
2025-12-24,258.100000
2025-12-26,258.840000
2025-12-29,259.610000
2025-12-30,259.530000
2025-12-31,257.230000
2026-01-02,252.880000
2026-01-05,257.320000
2026-01-06,261.120000
2026-01-07,261.260000
2026-01-08,265.670000
2026-01-09,266.020000
2026-01-12,262.800000
2026-01-13,257.070000
2026-01-14,258.500000
2026-01-15,260.200000
2026-01-16,260.440000
2026-01-20,255.100000
2026-01-21,256.990000
2026-01-22,259.855000
2026-01-23,257.870000
2026-01-26,258.170000
2026-01-27,254.510000
2026-01-28,250.690000
2026-01-29,245.970000
2026-01-30,246.820000
2026-02-02,247.560000
2026-02-03,235.080000
2026-02-04,234.670000
2026-02-05,233.990000
2026-02-06,231.360000
2026-02-09,226.620000
2026-02-10,225.530000
2026-02-11,217.570000
2026-02-12,209.960000
2026-02-13,212.110000
2026-02-17,213.080000
2026-02-18,217.210000
2026-02-19,215.970000
2026-02-20,214.470000
2026-02-23,205.730000
2026-02-24,205.680000
2026-02-25,214.250000
2026-02-26,218.360000
2026-02-27,214.360000
2026-03-02,214.970000
2026-03-03,216.270000
2026-03-04,217.160000
2026-03-05,222.700000
2026-03-06,226.240000
2026-03-09,223.040000
2026-03-10,217.370000
2026-03-11,213.000000
2026-03-12,207.450000
2026-03-13,208.520000
2026-03-16,209.110000
2026-03-17,209.730000
2026-03-18,208.280000
2026-03-19,210.660000
2026-03-20,208.690000
2026-03-23,209.710000
2026-03-24,204.890000
2026-03-25,202.110000
2026-03-26,204.510000
2026-03-27,201.250000
2026-03-30,205.470000
2026-03-31,203.180000
2026-04-01,201.280000
2026-04-02,204.010000
2026-04-06,204.340000
2026-04-07,203.610000
2026-04-08,200.780000
2026-04-09,196.020000
2026-04-10,188.790000
2026-04-13,195.380000
2026-04-14,195.080000
2026-04-15,196.920000
2026-04-16,200.390000
2026-04-17,200.470000
2026-04-20,202.390000
2026-04-21,202.870000
2026-04-22,201.690000
2026-04-23,198.530000
2026-04-24,196.530000
2026-04-27,197.230000
2026-04-28,199.170000
2026-04-29,215.060000
2026-04-30,211.940000
2026-05-01,214.210000
2026-05-04,211.320000
2026-05-05,210.600000
2026-05-06,207.200000
2026-05-07,214.090000
2026-05-08,212.995000
2026-05-11,211.670000
2026-05-12,213.810000
2026-05-13,208.630000
2026-05-14,208.370000
2026-05-15,214.480000
2026-05-18,222.940000
2026-05-19,220.440000
2026-05-20,220.690000
2026-05-21,220.075000
2026-05-22,225.310000
2026-05-26,218.350000
2026-05-27,217.650000
2026-05-28,219.860000
2026-05-29,221.840000
2026-06-01,233.740000
2026-06-02,231.180000
2026-06-03,227.750000
2026-06-04,231.310000
2026-06-05,231.950000
2026-06-08,229.075000
2026-06-09,231.170000
2026-06-10,231.100000
2026-06-11,225.770000
2026-06-12,226.210000
2026-06-15,223.220000
2026-06-16,222.000000
2026-06-17,218.760000
2026-06-18,218.410000
2026-06-22,214.600000
2026-06-23,220.500000
2026-06-24,219.855000
2026-06-25,216.310000
2026-06-26,223.550000
2026-06-29,224.970000
2026-06-30,223.950000
2026-07-01,235.730000
2026-07-02,242.270000
2026-07-06,239.490000
2026-07-07,245.600000
2026-07-08,241.370000
2026-07-09,241.280000
2026-07-10,241.920000
2026-07-13,251.050000
2026-07-14,246.440000
2026-07-15,247.470000
2026-07-16,256.560000
2026-07-17,255.265000
2026-07-20,255.240000
2026-07-21,246.220000
2026-07-22,243.120000
2026-07-23,242.880000
2026-07-24,250.090000
2026-07-27,254.980000
2026-07-28,264.170000
2026-07-29,273.370000
2026-07-30,263.870000
2026-07-31,266.460000
2026-08-03,269.780000
2026-08-04,270.620000
2026-08-05,270.090000
2026-08-06,273.510000
2026-08-07,271.320000
2026-08-10,273.675000
2026-08-11,271.090000
2026-08-12,269.330000
2026-08-13,276.230000
2026-08-14,272.960000
2026-08-17,266.060000
2026-08-18,269.310000
2026-08-19,277.220000
2026-08-20,279.210000
2026-08-21,280.810000
2026-08-24,283.010000
2026-08-25,282.780000
2026-08-26,281.390000
2026-08-27,284.680000
