d,c
2009-01-02,17.790000
2009-01-05,18.150000
2009-01-06,18.170000
2009-01-07,17.090000
2009-01-08,17.390000
2009-01-09,16.710000
2009-01-12,16.030000
2009-01-13,15.420000
2009-01-14,14.660000
2009-01-15,14.720000
2009-01-16,15.270000
2009-01-20,14.110000
2009-01-21,14.850000
2009-01-22,14.950000
2009-01-23,15.520000
2009-01-26,15.600000
2009-01-27,16.550000
2009-01-28,18.290000
2009-01-29,17.600000
2009-01-30,17.360000
2009-02-02,17.660000
2009-02-03,18.370000
2009-02-04,18.020000
2009-02-05,21.390000
2009-02-06,21.730000
2009-02-09,22.250000
2009-02-10,20.530000
2009-02-11,21.140000
2009-02-12,21.490000
2009-02-13,21.300000
2009-02-17,19.920000
2009-02-18,20.600000
2009-02-19,19.220000
2009-02-20,18.670000
2009-02-23,17.720000
2009-02-24,18.800000
2009-02-25,17.920000
2009-02-26,16.390000
2009-02-27,15.760000
2009-03-02,14.030000
2009-03-03,13.330000
2009-03-04,14.340000
2009-03-05,12.870000
2009-03-06,13.440000
2009-03-09,13.610000
2009-03-10,15.320000
2009-03-11,15.290000
2009-03-12,16.540000
2009-03-13,17.240000
2009-03-16,16.670000
2009-03-17,17.250000
2009-03-18,18.500000
2009-03-19,17.820000
2009-03-20,17.260000
2009-03-23,18.720000
2009-03-24,17.760000
2009-03-25,17.750000
2009-03-26,18.640000
2009-03-27,17.900000
2009-03-30,17.130000
2009-03-31,17.590000
2009-04-01,17.890000
2009-04-02,18.600000
2009-04-03,18.340000
2009-04-06,17.900000
2009-04-07,17.850000
2009-04-08,19.030000
2009-04-09,20.450000
2009-04-13,20.430000
2009-04-14,19.560000
2009-04-15,20.750000
2009-04-16,21.220000
2009-04-17,21.410000
2009-04-20,20.050000
2009-04-21,20.120000
2009-04-22,20.020000
2009-04-23,19.570000
2009-04-24,19.580000
2009-04-27,19.500000
2009-04-28,20.390000
2009-04-29,20.770000
2009-04-30,19.710000
2009-05-01,19.490000
2009-05-04,19.310000
2009-05-05,19.230000
2009-05-06,20.070000
2009-05-07,22.340000
2009-05-08,23.680000
2009-05-11,21.430000
2009-05-12,21.500000
2009-05-13,21.210000
2009-05-14,21.860000
2009-05-15,21.660000
2009-05-18,21.470000
2009-05-19,21.000000
2009-05-20,20.940000
2009-05-21,20.740000
2009-05-22,19.930000
2009-05-26,20.470000
2009-05-27,20.330000
2009-05-28,21.890000
2009-05-29,22.170000
2009-06-01,23.120000
2009-06-02,23.460000
2009-06-03,23.200000
2009-06-04,23.070000
2009-06-05,22.840000
2009-06-08,21.270000
2009-06-09,20.410000
2009-06-10,20.470000
2009-06-11,20.900000
2009-06-12,20.890000
2009-06-15,20.400000
2009-06-16,21.540000
2009-06-17,21.840000
2009-06-18,23.660000
2009-06-19,25.240000
2009-06-22,23.920000
2009-06-23,23.880000
2009-06-24,23.710000
2009-06-25,24.980000
2009-06-26,24.670000
2009-06-29,24.250000
2009-06-30,24.090000
2009-07-01,24.570000
2009-07-02,23.660000
2009-07-06,23.470000
2009-07-07,25.240000
2009-07-08,24.130000
2009-07-09,24.070000
2009-07-10,23.980000
2009-07-13,24.680000
2009-07-14,24.610000
2009-07-15,24.520000
2009-07-16,24.750000
2009-07-17,24.870000
2009-07-20,24.970000
2009-07-21,24.630000
2009-07-22,24.410000
2009-07-23,25.320000
2009-07-24,26.200000
2009-07-27,26.440000
2009-07-28,28.470000
2009-07-29,26.580000
2009-07-30,27.760000
2009-07-31,28.400000
2009-08-03,28.050000
2009-08-04,27.930000
2009-08-05,27.550000
2009-08-06,26.840000
2009-08-07,27.650000
2009-08-10,28.010000
2009-08-11,28.130000
2009-08-12,28.720000
2009-08-13,29.050000
2009-08-14,28.820000
2009-08-17,29.680000
2009-08-18,29.470000
2009-08-19,29.120000
2009-08-20,29.920000
2009-08-21,29.870000
2009-08-24,30.000000
2009-08-25,30.400000
2009-08-26,29.970000
2009-08-27,30.570000
2009-08-28,29.670000
2009-08-31,29.430000
2009-09-01,28.690000
2009-09-02,29.700000
2009-09-03,29.640000
2009-09-04,29.900000
2009-09-08,29.400000
2009-09-09,29.410000
2009-09-10,31.060000
2009-09-11,31.330000
2009-09-14,32.080000
2009-09-15,31.390000
2009-09-16,32.540000
2009-09-17,32.600000
2009-09-18,31.840000
2009-09-21,31.750000
2009-09-22,31.310000
2009-09-23,30.340000
2009-09-24,29.200000
2009-09-25,28.310000
2009-09-28,29.040000
2009-09-29,28.600000
2009-09-30,28.090000
2009-10-01,27.810000
2009-10-02,27.820000
2009-10-05,28.700000
2009-10-06,28.680000
2009-10-07,29.560000
2009-10-08,28.330000
2009-10-09,29.520000
2009-10-12,29.640000
2009-10-13,28.710000
2009-10-14,29.710000
2009-10-15,28.930000
2009-10-16,28.370000
2009-10-19,28.850000
2009-10-20,29.250000
2009-10-21,28.160000
2009-10-22,28.920000
2009-10-23,28.500000
2009-10-26,27.500000
2009-10-27,28.630000
2009-10-28,27.550000
2009-10-29,28.730000
2009-10-30,27.840000
2009-11-02,28.030000
2009-11-03,28.310000
2009-11-04,29.780000
2009-11-05,30.440000
2009-11-06,30.880000
2009-11-09,30.960000
2009-11-10,30.950000
2009-11-11,30.900000
2009-11-12,30.220000
2009-11-13,30.590000
2009-11-16,30.930000
2009-11-17,30.590000
2009-11-18,30.180000
2009-11-19,29.840000
2009-11-20,30.030000
2009-11-23,32.300000
2009-11-24,32.800000
2009-11-25,33.160000
2009-11-27,32.640000
2009-11-30,32.080000
2009-12-01,33.080000
2009-12-02,33.370000
2009-12-03,32.230000
2009-12-04,32.160000
2009-12-07,33.240000
2009-12-08,33.850000
2009-12-09,33.550000
2009-12-10,35.580000
2009-12-11,35.560000
2009-12-14,36.280000
2009-12-15,36.050000
2009-12-16,36.800000
2009-12-17,36.060000
2009-12-18,35.800000
2009-12-21,37.190000
2009-12-22,36.670000
2009-12-23,36.490000
2009-12-24,36.330000
2009-12-28,36.060000
2009-12-29,36.210000
2009-12-30,35.820000
2009-12-31,35.270000
2010-01-04,36.370000
2010-01-05,36.980000
2010-01-06,36.900000
2010-01-07,38.260000
2010-01-08,37.970000
2010-01-11,37.370000
2010-01-12,36.540000
2010-01-13,36.450000
2010-01-14,36.770000
2010-01-15,36.840000
2010-01-19,37.920000
2010-01-20,38.200000
2010-01-21,37.050000
2010-01-22,36.720000
2010-01-25,36.350000
2010-01-26,34.360000
2010-01-27,34.590000
2010-01-28,34.490000
2010-01-29,33.770000
2010-02-01,33.790000
2010-02-02,35.240000
2010-02-03,34.760000
2010-02-04,33.520000
2010-02-05,33.360000
2010-02-08,33.080000
2010-02-09,33.480000
2010-02-10,33.060000
2010-02-11,33.340000
2010-02-12,32.760000
2010-02-16,32.720000
2010-02-17,33.190000
2010-02-18,33.150000
2010-02-19,32.800000
2010-02-22,33.420000
2010-02-23,33.000000
2010-02-24,33.930000
2010-02-25,33.870000
2010-02-26,34.260000
2010-03-01,34.580000
2010-03-02,34.440000
2010-03-03,34.690000
2010-03-04,34.040000
2010-03-05,34.770000
2010-03-08,34.800000
2010-03-09,34.050000
2010-03-10,34.330000
2010-03-11,34.950000
2010-03-12,34.540000
2010-03-15,34.290000
2010-03-16,34.960000
2010-03-17,34.830000
2010-03-18,35.840000
2010-03-19,37.080000
2010-03-22,37.280000
2010-03-23,36.940000
2010-03-24,36.390000
2010-03-25,36.100000
2010-03-26,35.900000
2010-03-29,36.350000
2010-03-30,36.580000
2010-03-31,36.580000
2010-04-01,37.150000
2010-04-05,37.000000
2010-04-06,37.090000
2010-04-07,36.250000
2010-04-08,36.620000
2010-04-09,36.630000
2010-04-12,36.420000
2010-04-13,35.710000
2010-04-14,34.680000
2010-04-15,34.720000
2010-04-16,34.490000
2010-04-19,35.300000
2010-04-20,34.930000
2010-04-21,34.000000
2010-04-22,33.530000
2010-04-23,33.990000
2010-04-26,32.880000
2010-04-27,32.360000
2010-04-28,33.100000
2010-04-29,33.810000
2010-04-30,32.060000
2010-05-03,32.720000
2010-05-04,31.220000
2010-05-05,32.000000
2010-05-06,32.930000
2010-05-07,31.390000
2010-05-10,32.650000
2010-05-11,33.130000
2010-05-12,33.960000
2010-05-13,33.840000
2010-05-14,33.430000
2010-05-17,33.670000
2010-05-18,33.750000
2010-05-19,33.740000
2010-05-20,32.630000
2010-05-21,32.650000
2010-05-24,32.710000
2010-05-25,32.160000
2010-05-26,32.430000
2010-05-27,33.680000
2010-05-28,33.470000
2010-06-01,32.860000
2010-06-02,33.760000
2010-06-03,34.800000
2010-06-04,34.070000
2010-06-07,33.910000
2010-06-08,33.630000
2010-06-09,33.290000
2010-06-10,34.140000
2010-06-11,34.490000
2010-06-14,34.550000
2010-06-15,35.110000
2010-06-16,35.190000
2010-06-17,35.340000
2010-06-18,35.210000
2010-06-21,35.210000
2010-06-22,34.210000
2010-06-23,33.950000
2010-06-24,33.340000
2010-06-25,33.290000
2010-06-28,33.190000
2010-06-29,31.870000
2010-06-30,31.060000
2010-07-01,29.860000
2010-07-02,29.770000
2010-07-06,30.190000
2010-07-07,30.700000
2010-07-08,31.010000
2010-07-09,31.290000
2010-07-12,31.130000
2010-07-13,31.370000
2010-07-14,31.450000
2010-07-15,31.610000
2010-07-16,30.340000
2010-07-19,31.150000
2010-07-20,31.250000
2010-07-21,30.690000
2010-07-22,31.520000
2010-07-23,31.010000
2010-07-26,31.780000
2010-07-27,31.530000
2010-07-28,30.370000
2010-07-29,30.620000
2010-07-30,30.760000
2010-08-02,31.590000
2010-08-03,31.770000
2010-08-04,32.150000
2010-08-05,33.960000
2010-08-06,34.390000
2010-08-09,34.640000
2010-08-10,34.860000
2010-08-11,33.400000
2010-08-12,33.420000
2010-08-13,33.380000
2010-08-16,33.370000
2010-08-17,33.780000
2010-08-18,33.770000
2010-08-19,32.880000
2010-08-20,32.410000
2010-08-23,32.720000
2010-08-24,31.770000
2010-08-25,32.330000
2010-08-26,32.000000
2010-08-27,32.520000
2010-08-30,31.910000
2010-08-31,32.220000
2010-09-01,33.570000
2010-09-02,33.020000
2010-09-03,33.760000
2010-09-07,33.480000
2010-09-08,33.650000
2010-09-09,34.390000
2010-09-10,34.640000
2010-09-13,35.260000
2010-09-14,35.070000
2010-09-15,34.650000
2010-09-16,34.640000
2010-09-17,34.470000
2010-09-20,34.980000
2010-09-21,35.590000
2010-09-22,35.470000
2010-09-23,35.140000
2010-09-24,36.010000
2010-09-27,35.640000
2010-09-28,35.540000
2010-09-29,35.340000
2010-09-30,35.780000
2010-10-01,36.030000
2010-10-04,35.160000
2010-10-05,35.820000
2010-10-06,34.580000
2010-10-07,35.370000
2010-10-08,35.420000
2010-10-11,36.050000
2010-10-12,36.130000
2010-10-13,36.190000
2010-10-14,35.950000
2010-10-15,35.870000
2010-10-18,35.710000
2010-10-19,34.620000
2010-10-20,35.310000
2010-10-21,35.660000
2010-10-22,36.170000
2010-10-25,36.380000
2010-10-26,36.130000
2010-10-27,35.840000
2010-10-28,35.660000
2010-10-29,35.160000
2010-11-01,35.380000
2010-11-02,36.850000
2010-11-03,36.820000
2010-11-04,37.370000
2010-11-05,37.360000
2010-11-08,36.830000
2010-11-09,36.560000
2010-11-10,36.650000
2010-11-11,37.000000
2010-11-12,37.360000
2010-11-15,36.460000
2010-11-16,35.810000
2010-11-17,36.240000
2010-11-18,36.500000
2010-11-19,37.450000
2010-11-22,37.510000
2010-11-23,36.360000
2010-11-24,36.690000
2010-11-26,36.210000
2010-11-29,36.920000
2010-11-30,36.810000
2010-12-01,38.000000
2010-12-02,38.260000
2010-12-03,37.980000
2010-12-06,37.560000
2010-12-07,37.030000
2010-12-08,36.930000
2010-12-09,37.620000
2010-12-10,37.650000
2010-12-13,37.500000
2010-12-14,37.150000
2010-12-15,36.830000
2010-12-16,36.340000
2010-12-17,36.700000
2010-12-20,36.760000
2010-12-21,37.000000
2010-12-22,36.650000
2010-12-23,36.630000
2010-12-27,36.550000
2010-12-28,36.600000
2010-12-29,36.540000
2010-12-30,36.250000
2010-12-31,36.660000
2011-01-04,37.480000
2011-01-05,37.600000
2011-01-06,39.010000
2011-01-07,39.410000
2011-01-10,39.280000
2011-01-11,39.500000
2011-01-12,39.320000
2011-01-13,39.530000
2011-01-14,40.030000
2011-01-18,41.140000
2011-01-19,40.410000
2011-01-20,40.850000
2011-01-21,40.970000
2011-01-24,40.510000
2011-01-25,41.620000
2011-01-26,42.060000
2011-01-27,42.550000
2011-01-28,41.260000
2011-01-31,42.020000
2011-02-01,42.910000
2011-02-02,42.260000
2011-02-03,42.560000
2011-02-04,42.830000
2011-02-07,42.310000
2011-02-08,42.660000
2011-02-09,42.810000
2011-02-10,43.000000
2011-02-11,42.920000
2011-02-14,42.970000
2011-02-15,42.480000
2011-02-16,43.010000
2011-02-17,43.520000
2011-02-18,43.130000
2011-02-22,42.200000
2011-02-23,41.890000
2011-02-24,41.530000
2011-02-25,41.990000
2011-02-28,42.070000
2011-03-01,41.850000
2011-03-02,42.430000
2011-03-03,43.820000
2011-03-04,43.820000
2011-03-07,43.000000
2011-03-08,43.470000
2011-03-09,44.120000
2011-03-10,42.940000
2011-03-11,43.570000
2011-03-14,42.960000
2011-03-15,42.400000
2011-03-16,41.410000
2011-03-17,41.720000
2011-03-18,41.610000
2011-03-21,41.960000
2011-03-22,41.890000
2011-03-23,41.440000
2011-03-24,42.430000
2011-03-25,42.600000
2011-03-28,42.570000
2011-03-29,42.760000
2011-03-30,43.520000
2011-03-31,44.280000
2011-04-01,44.560000
2011-04-04,44.440000
2011-04-05,43.760000
2011-04-06,43.840000
2011-04-07,43.350000
2011-04-08,43.130000
2011-04-11,43.980000
2011-04-12,44.650000
2011-04-13,44.250000
2011-04-14,44.330000
2011-04-15,44.480000
2011-04-18,43.140000
2011-04-19,43.350000
2011-04-20,43.880000
2011-04-21,45.290000
2011-04-25,45.300000
2011-04-26,45.500000
2011-04-27,45.920000
2011-04-28,46.970000
2011-04-29,46.830000
2011-05-02,46.400000
2011-05-03,46.500000
2011-05-04,45.920000
2011-05-05,47.180000
2011-05-06,46.880000
2011-05-09,47.170000
2011-05-10,47.430000
2011-05-11,47.720000
2011-05-12,48.050000
2011-05-13,48.690000
2011-05-16,48.580000
2011-05-17,48.130000
2011-05-18,49.650000
2011-05-19,49.530000
2011-05-20,49.140000
2011-05-23,48.490000
2011-05-24,47.490000
2011-05-25,47.480000
2011-05-26,48.700000
2011-05-27,49.470000
2011-05-31,49.890000
2011-06-01,49.180000
2011-06-02,49.730000
2011-06-03,49.610000
2011-06-06,47.980000
2011-06-07,48.230000
2011-06-08,48.240000
2011-06-09,50.400000
2011-06-10,49.090000
2011-06-13,49.260000
2011-06-14,50.410000
2011-06-15,49.220000
2011-06-16,49.040000
2011-06-17,48.890000
2011-06-20,50.050000
2011-06-21,50.510000
2011-06-22,49.750000
2011-06-23,49.320000
2011-06-24,48.420000
2011-06-27,49.410000
2011-06-28,51.140000
2011-06-29,51.270000
2011-06-30,51.430000
2011-07-01,52.200000
2011-07-05,52.090000
2011-07-06,52.040000
2011-07-07,51.860000
2011-07-08,51.850000
2011-07-11,50.150000
2011-07-12,50.350000
2011-07-13,51.120000
2011-07-14,52.060000
2011-07-15,51.660000
2011-07-18,51.610000
2011-07-19,51.530000
2011-07-20,51.900000
2011-07-21,52.550000
2011-07-22,52.620000
2011-07-25,52.010000
2011-07-26,51.560000
2011-07-27,50.010000
2011-07-28,50.210000
2011-07-29,49.770000
2011-08-01,47.630000
2011-08-02,46.010000
2011-08-03,46.550000
2011-08-04,45.500000
2011-08-05,45.190000
2011-08-08,40.250000
2011-08-09,43.470000
2011-08-10,40.980000
2011-08-11,42.830000
2011-08-12,43.790000
2011-08-15,44.760000
2011-08-16,44.140000
2011-08-17,44.120000
2011-08-18,42.370000
2011-08-19,41.650000
2011-08-22,42.030000
2011-08-23,43.830000
2011-08-24,44.860000
2011-08-25,44.290000
2011-08-26,44.860000
2011-08-29,46.080000
2011-08-30,46.700000
2011-08-31,46.740000
2011-09-01,46.170000
2011-09-02,44.840000
2011-09-06,44.410000
2011-09-07,46.310000
2011-09-08,45.200000
2011-09-09,42.880000
2011-09-12,43.680000
2011-09-13,45.090000
2011-09-14,45.830000
2011-09-15,46.590000
2011-09-16,46.400000
2011-09-19,46.020000
2011-09-20,45.630000
2011-09-21,43.620000
2011-09-22,41.960000
2011-09-23,42.260000
2011-09-26,43.280000
2011-09-27,44.230000
2011-09-28,42.240000
2011-09-29,42.520000
2011-09-30,41.940000
2011-10-03,39.980000
2011-10-04,40.640000
2011-10-05,41.600000
2011-10-06,42.430000
2011-10-07,41.980000
2011-10-10,43.430000
2011-10-11,43.620000
2011-10-12,44.450000
2011-10-13,43.300000
2011-10-14,44.700000
2011-10-17,43.840000
2011-10-18,43.430000
2011-10-19,43.190000
2011-10-20,44.200000
2011-10-21,44.700000
2011-10-24,45.340000
2011-10-25,44.920000
2011-10-26,45.270000
2011-10-27,46.770000
2011-10-28,46.630000
2011-10-31,44.340000
2011-11-01,43.180000
2011-11-02,42.660000
2011-11-03,42.780000
2011-11-04,42.990000
2011-11-07,42.640000
2011-11-08,43.510000
2011-11-09,42.470000
2011-11-10,43.190000
2011-11-11,43.770000
2011-11-14,43.740000
2011-11-15,44.240000
2011-11-16,42.750000
2011-11-17,42.510000
2011-11-18,42.090000
2011-11-21,42.320000
2011-11-22,41.980000
2011-11-23,40.780000
2011-11-25,40.920000
2011-11-28,41.860000
2011-11-29,42.060000
2011-11-30,44.230000
2011-12-01,43.590000
2011-12-02,43.070000
2011-12-05,43.490000
2011-12-06,43.170000
2011-12-07,43.200000
2011-12-08,42.320000
2011-12-09,42.610000
2011-12-12,42.340000
2011-12-13,42.780000
2011-12-14,42.570000
2011-12-15,42.740000
2011-12-16,42.380000
2011-12-19,40.850000
2011-12-20,42.170000
2011-12-21,42.210000
2011-12-22,43.080000
2011-12-23,43.130000
2011-12-27,43.530000
2011-12-28,42.210000
2011-12-29,42.290000
2011-12-30,42.000000
2012-01-03,43.230000
2012-01-04,43.210000
2012-01-05,43.210000
2012-01-06,43.610000
2012-01-09,43.780000
2012-01-10,45.670000
2012-01-11,45.760000
2012-01-12,45.380000
2012-01-13,45.610000
2012-01-17,46.670000
2012-01-18,46.940000
2012-01-19,46.280000
2012-01-20,46.140000
2012-01-23,45.880000
2012-01-24,45.390000
2012-01-25,45.770000
2012-01-26,44.100000
2012-01-27,45.180000
2012-01-30,44.500000
2012-01-31,44.830000
2012-02-01,45.680000
2012-02-02,44.130000
2012-02-03,43.550000
2012-02-06,42.920000
2012-02-07,43.240000
2012-02-08,43.350000
2012-02-09,43.540000
2012-02-10,43.540000
2012-02-13,43.180000
2012-02-14,43.990000
2012-02-15,44.130000
2012-02-16,44.700000
2012-02-17,44.930000
2012-02-21,45.370000
2012-02-22,45.140000
2012-02-23,44.830000
2012-02-24,45.090000
2012-02-27,44.640000
2012-02-28,44.340000
2012-02-29,44.110000
2012-03-01,44.540000
2012-03-02,44.200000
2012-03-05,44.450000
2012-03-06,43.280000
2012-03-07,43.580000
2012-03-08,44.120000
2012-03-09,45.180000
2012-03-12,44.780000
2012-03-13,46.040000
2012-03-14,46.700000
2012-03-15,46.810000
2012-03-16,46.820000
2012-03-19,47.120000
2012-03-20,46.480000
2012-03-21,46.120000
2012-03-22,45.560000
2012-03-23,45.840000
2012-03-26,46.970000
2012-03-27,47.160000
2012-03-28,47.070000
2012-03-29,48.970000
2012-03-30,49.250000
2012-04-02,49.430000
2012-04-03,48.940000
2012-04-04,48.800000
2012-04-05,48.990000
2012-04-09,47.910000
2012-04-10,47.390000
2012-04-11,47.580000
2012-04-12,48.420000
2012-04-13,48.310000
2012-04-16,47.680000
2012-04-17,48.220000
2012-04-18,48.210000
2012-04-19,48.010000
2012-04-20,48.020000
2012-04-23,48.080000
2012-04-24,48.100000
2012-04-25,48.210000
2012-04-26,47.560000
2012-04-27,46.900000
2012-04-30,46.230000
2012-05-01,46.610000
2012-05-02,46.550000
2012-05-03,46.070000
2012-05-04,45.260000
2012-05-07,45.590000
2012-05-08,45.740000
2012-05-09,44.990000
2012-05-10,44.910000
2012-05-11,45.110000
2012-05-14,44.740000
2012-05-15,44.130000
2012-05-16,43.970000
2012-05-17,43.430000
2012-05-18,42.910000
2012-05-21,43.890000
2012-05-22,43.550000
2012-05-23,43.240000
2012-05-24,44.090000
2012-05-25,44.500000
2012-05-29,45.280000
2012-05-30,44.200000
2012-05-31,43.910000
2012-06-01,42.580000
2012-06-04,42.650000
2012-06-05,43.370000
2012-06-06,44.210000
2012-06-07,44.090000
2012-06-08,44.870000
2012-06-11,44.410000
2012-06-12,44.880000
2012-06-13,44.680000
2012-06-14,45.120000
2012-06-15,45.290000
2012-06-18,45.080000
2012-06-19,45.640000
2012-06-20,45.190000
2012-06-21,44.110000
2012-06-22,45.150000
2012-06-25,44.710000
2012-06-26,45.300000
2012-06-27,45.400000
2012-06-28,44.180000
2012-06-29,44.000000
2012-07-02,42.980000
2012-07-03,42.750000
2012-07-05,42.730000
2012-07-06,42.540000
2012-07-09,42.980000
2012-07-10,42.890000
2012-07-11,43.060000
2012-07-12,42.440000
2012-07-13,43.630000
2012-07-16,43.230000
2012-07-17,42.970000
2012-07-18,43.030000
2012-07-19,42.380000
2012-07-20,41.680000
2012-07-23,41.140000
2012-07-24,41.220000
2012-07-25,39.950000
2012-07-26,39.660000
2012-07-27,41.390000
2012-07-30,41.370000
2012-07-31,40.280000
2012-08-01,40.240000
2012-08-02,41.860000
2012-08-03,42.080000
2012-08-06,42.150000
2012-08-07,43.490000
2012-08-08,43.870000
2012-08-09,43.880000
2012-08-10,43.820000
2012-08-13,43.470000
2012-08-14,43.640000
2012-08-15,43.860000
2012-08-16,44.490000
2012-08-17,44.300000
2012-08-20,44.510000
2012-08-21,44.430000
2012-08-22,44.680000
2012-08-23,44.160000
2012-08-24,44.500000
2012-08-27,44.750000
2012-08-28,44.720000
2012-08-29,44.870000
2012-08-30,45.680000
2012-08-31,45.770000
2012-09-04,45.500000
2012-09-05,45.490000
2012-09-06,45.990000
2012-09-07,46.130000
2012-09-10,45.990000
2012-09-11,46.550000
2012-09-12,46.130000
2012-09-13,47.300000
2012-09-14,47.800000
2012-09-17,47.180000
2012-09-18,47.450000
2012-09-19,47.150000
2012-09-20,46.940000
2012-09-21,47.100000
2012-09-24,47.170000
2012-09-25,46.850000
2012-09-26,46.730000
2012-09-27,47.020000
2012-09-28,47.170000
2012-10-01,48.090000
2012-10-02,48.630000
2012-10-03,48.860000
2012-10-04,49.180000
2012-10-05,48.850000
2012-10-08,48.950000
2012-10-09,49.180000
2012-10-10,48.770000
2012-10-11,50.140000
2012-10-12,49.710000
2012-10-15,49.980000
2012-10-16,50.340000
2012-10-17,49.690000
2012-10-18,50.140000
2012-10-19,49.660000
2012-10-22,50.330000
2012-10-23,49.840000
2012-10-24,50.140000
2012-10-25,50.370000
2012-10-26,49.700000
2012-10-31,51.000000
2012-11-01,53.270000
2012-11-02,53.090000
2012-11-05,53.300000
2012-11-06,53.310000
2012-11-07,52.960000
2012-11-08,52.240000
2012-11-09,51.650000
2012-11-12,51.080000
2012-11-13,51.050000
2012-11-14,49.629700
2012-11-15,50.869300
2012-11-16,50.470000
2012-11-19,51.900000
2012-11-20,51.850000
2012-11-21,52.010000
2012-11-23,52.760000
2012-11-26,52.240000
2012-11-27,52.420000
2012-11-28,51.970000
2012-11-29,52.080000
2012-11-30,52.270000
2012-12-03,52.090000
2012-12-04,51.660000
2012-12-05,51.920000
2012-12-06,52.500000
2012-12-07,52.900000
2012-12-10,52.930000
2012-12-11,53.110000
2012-12-12,53.960000
2012-12-13,53.700000
2012-12-14,53.020000
2012-12-17,53.760000
2012-12-18,54.490000
2012-12-19,53.670000
2012-12-20,54.170000
2012-12-21,53.790000
2012-12-24,53.790000
2012-12-26,53.600000
2012-12-27,53.660000
2012-12-28,52.850000
2012-12-31,53.460000
2013-01-02,55.160000
2013-01-03,54.350000
2013-01-04,54.750000
2013-01-07,54.940000
2013-01-08,54.420000
2013-01-09,54.630000
2013-01-10,55.620000
2013-01-11,55.600000
2013-01-14,55.680000
2013-01-15,55.870000
2013-01-16,55.530000
2013-01-17,56.560000
2013-01-18,56.330000
2013-01-22,57.140000
2013-01-23,57.380000
2013-01-24,58.150000
2013-01-25,58.480000
2013-01-28,58.460000
2013-01-29,58.770000
2013-01-30,58.800000
2013-01-31,58.340000
2013-02-01,58.880000
2013-02-04,58.350000
2013-02-05,60.380000
2013-02-06,59.670000
2013-02-07,61.350000
2013-02-08,61.930000
2013-02-11,61.830000
2013-02-12,61.980000
2013-02-13,61.890000
2013-02-14,61.450000
2013-02-15,61.080000
2013-02-19,60.430000
2013-02-20,59.270000
2013-02-21,59.170000
2013-02-22,58.710000
2013-02-25,57.640000
2013-02-26,57.880000
2013-02-27,58.980000
2013-02-28,58.460000
2013-03-01,58.260000
2013-03-04,58.170000
2013-03-05,59.390000
2013-03-06,59.500000
2013-03-07,58.940000
2013-03-08,59.660000
2013-03-11,60.570000
2013-03-12,61.550000
2013-03-13,62.050000
2013-03-14,62.260000
2013-03-15,62.630000
2013-03-18,62.110000
2013-03-19,62.210000
2013-03-20,62.150000
2013-03-21,61.740000
2013-03-22,61.750000
2013-03-25,61.610000
2013-03-26,62.240000
2013-03-27,62.520000
2013-03-28,62.370000
2013-04-01,62.910000
2013-04-02,64.750000
2013-04-03,63.610000
2013-04-04,64.080000
2013-04-05,64.540000
2013-04-08,65.240000
2013-04-09,64.930000
2013-04-10,65.270000
2013-04-11,65.900000
2013-04-12,66.720000
2013-04-15,65.170000
2013-04-16,66.400000
2013-04-17,64.870000
2013-04-18,64.010000
2013-04-19,65.150000
2013-04-22,65.040000
2013-04-23,65.640000
2013-04-24,65.220000
2013-04-25,65.720000
2013-04-26,65.810000
2013-04-29,66.070000
2013-04-30,66.170000
2013-05-01,65.380000
2013-05-02,68.070000
2013-05-03,67.130000
2013-05-06,67.090000
2013-05-07,66.930000
2013-05-08,68.380000
2013-05-09,68.030000
2013-05-10,68.820000
2013-05-13,69.030000
2013-05-14,67.880000
2013-05-15,68.100000
2013-05-16,67.360000
2013-05-17,67.900000
2013-05-20,66.920000
2013-05-21,67.600000
2013-05-22,67.960000
2013-05-23,67.920000
2013-05-24,67.230000
2013-05-28,69.070000
2013-05-29,68.850000
2013-05-30,69.750000
2013-05-31,67.900000
2013-06-03,66.940000
2013-06-04,67.520000
2013-06-05,65.970000
2013-06-06,66.960000
2013-06-07,68.450000
2013-06-10,69.000000
2013-06-11,69.950000
2013-06-12,69.440000
2013-06-13,69.430000
2013-06-14,68.160000
2013-06-17,68.280000
2013-06-18,69.660000
2013-06-19,68.930000
2013-06-20,69.240000
2013-06-21,71.040000
2013-06-24,70.840000
2013-06-25,70.670000
2013-06-26,71.370000
2013-06-27,72.560000
2013-06-28,72.490000
2013-07-01,72.810000
2013-07-02,72.120000
2013-07-03,72.920000
2013-07-05,73.940000
2013-07-08,73.830000
2013-07-09,74.650000
2013-07-10,74.880000
2013-07-11,76.140000
2013-07-12,76.030000
2013-07-15,75.890000
2013-07-16,74.950000
2013-07-17,75.490000
2013-07-18,77.550000
2013-07-19,77.840000
2013-07-22,78.400000
2013-07-23,78.160000
2013-07-24,78.110000
2013-07-25,78.000000
2013-07-26,77.570000
2013-07-29,77.200000
2013-07-30,76.450000
2013-07-31,77.830000
2013-08-01,77.270000
2013-08-02,77.300000
2013-08-05,77.840000
2013-08-06,77.760000
2013-08-07,77.820000
2013-08-08,78.670000
2013-08-09,78.440000
2013-08-12,78.490000
2013-08-13,78.970000
2013-08-14,77.990000
2013-08-15,76.710000
2013-08-16,77.360000
2013-08-19,77.430000
2013-08-20,78.570000
2013-08-21,77.840000
2013-08-22,79.080000
2013-08-23,79.330000
2013-08-26,79.530000
2013-08-27,78.220000
2013-08-28,78.450000
2013-08-29,79.040000
2013-08-30,78.690000
2013-09-03,79.460000
2013-09-04,80.340000
2013-09-05,81.250000
2013-09-06,80.830000
2013-09-09,80.670000
2013-09-10,81.690000
2013-09-11,82.300000
2013-09-12,82.670000
2013-09-13,83.650000
2013-09-16,84.270000
2013-09-17,83.720000
2013-09-18,81.250000
2013-09-19,77.720000
2013-09-20,78.590000
2013-09-23,78.240000
2013-09-24,78.310000
2013-09-25,78.320000
2013-09-26,78.040000
2013-09-27,77.650000
2013-09-30,76.860000
2013-10-01,78.550000
2013-10-02,78.420000
2013-10-03,78.100000
2013-10-04,79.230000
2013-10-07,78.140000
2013-10-08,77.400000
2013-10-09,77.180000
2013-10-10,79.080000
2013-10-11,79.600000
2013-10-14,79.250000
2013-10-15,78.150000
2013-10-16,80.470000
2013-10-17,77.480000
2013-10-18,74.950000
2013-10-21,75.950000
2013-10-22,76.470000
2013-10-23,73.900000
2013-10-24,73.170000
2013-10-25,73.900000
2013-10-28,74.230000
2013-10-29,74.300000
2013-10-30,74.640000
2013-10-31,76.980000
2013-11-01,78.380000
2013-11-04,79.610000
2013-11-05,79.510000
2013-11-06,80.410000
2013-11-07,79.280000
2013-11-08,80.680000
2013-11-11,81.110000
2013-11-12,81.100000
2013-11-13,82.170000
2013-11-14,83.030000
2013-11-15,83.640000
2013-11-18,84.110000
2013-11-19,84.650000
2013-11-20,85.820000
2013-11-21,85.730000
2013-11-22,86.620000
2013-11-25,88.180000
2013-11-26,87.950000
2013-11-27,88.020000
2013-11-29,87.450000
2013-12-02,87.170000
2013-12-03,86.160000
2013-12-04,85.950000
2013-12-05,84.320000
2013-12-06,86.500000
2013-12-09,87.150000
2013-12-10,86.100000
2013-12-11,85.130000
2013-12-12,84.280000
2013-12-13,83.250000
2013-12-16,83.950000
2013-12-17,83.780000
2013-12-18,85.040000
2013-12-19,85.320000
2013-12-20,85.250000
2013-12-23,85.990000
2013-12-24,86.170000
2013-12-26,86.810000
2013-12-27,86.530000
2013-12-30,86.610000
2013-12-31,87.480000
2014-01-02,86.200000
2014-01-03,86.400000
2014-01-06,86.130000
2014-01-07,88.350000
2014-01-08,87.910000
2014-01-09,90.050000
2014-01-10,89.210000
2014-01-13,88.780000
2014-01-14,89.490000
2014-01-15,89.860000
2014-01-16,88.820000
2014-01-17,89.460000
2014-01-21,90.130000
2014-01-22,89.660000
2014-01-23,89.540000
2014-01-24,86.700000
2014-01-27,87.000000
2014-01-28,85.940000
2014-01-29,85.880000
2014-01-30,87.650000
2014-01-31,86.310000
2014-02-03,84.520000
2014-02-04,84.950000
2014-02-05,85.070000
2014-02-06,85.370000
2014-02-07,77.470000
2014-02-10,76.740000
2014-02-11,77.220000
2014-02-12,75.940000
2014-02-13,76.140000
2014-02-14,77.710000
2014-02-18,77.590000
2014-02-19,76.440000
2014-02-20,77.100000
2014-02-21,77.340000
2014-02-24,79.190000
2014-02-25,78.160000
2014-02-26,78.020000
2014-02-27,77.800000
2014-02-28,79.590000
2014-03-03,78.610000
2014-03-04,79.710000
2014-03-05,79.730000
2014-03-06,79.070000
2014-03-07,79.050000
2014-03-10,79.660000
2014-03-11,79.960000
2014-03-12,79.300000
2014-03-13,77.680000
2014-03-14,76.550000
2014-03-17,77.780000
2014-03-18,77.690000
2014-03-19,80.280000
2014-03-20,82.790000
2014-03-21,82.040000
2014-03-24,80.820000
2014-03-25,80.310000
2014-03-26,80.000000
2014-03-27,77.490000
2014-03-28,79.410000
2014-03-31,83.730000
2014-04-01,83.050000
2014-04-02,82.490000
2014-04-03,83.020000
2014-04-04,81.800000
2014-04-07,80.870000
2014-04-08,81.320000
2014-04-09,81.580000
2014-04-10,79.090000
2014-04-11,77.110000
2014-04-14,77.350000
2014-04-15,77.330000
2014-04-16,76.780000
2014-04-17,75.640000
2014-04-21,76.300000
2014-04-22,77.280000
2014-04-23,77.360000
2014-04-24,79.480000
2014-04-25,78.950000
2014-04-28,77.760000
2014-04-29,77.850000
2014-04-30,80.040000
2014-05-01,82.050000
2014-05-02,82.660000
2014-05-05,83.780000
2014-05-06,83.870000
2014-05-07,85.370000
2014-05-08,85.600000
2014-05-09,86.490000
2014-05-12,88.530000
2014-05-13,88.400000
2014-05-14,88.390000
2014-05-15,87.460000
2014-05-16,87.490000
2014-05-19,88.460000
2014-05-20,88.390000
2014-05-21,89.180000
2014-05-22,88.770000
2014-05-23,89.240000
2014-05-27,89.120000
2014-05-28,89.470000
2014-05-29,90.100000
2014-05-30,89.780000
2014-06-02,90.450000
2014-06-03,90.400000
2014-06-04,90.410000
2014-06-05,90.290000
2014-06-06,90.330000
2014-06-09,89.840000
2014-06-10,89.840000
2014-06-11,91.460000
2014-06-12,90.740000
2014-06-13,91.020000
2014-06-16,90.700000
2014-06-17,90.000000
2014-06-18,90.580000
2014-06-19,91.370000
2014-06-20,91.860000
2014-06-23,91.460000
2014-06-24,90.280000
2014-06-25,92.110000
2014-06-26,91.350000
2014-06-27,91.920000
2014-06-30,91.970000
2014-07-01,92.620000
2014-07-02,92.840000
2014-07-03,93.660000
2014-07-07,92.430000
2014-07-08,91.920000
2014-07-09,92.520000
2014-07-10,92.300000
2014-07-11,93.360000
2014-07-14,94.220000
2014-07-15,94.050000
2014-07-16,93.960000
2014-07-17,94.490000
2014-07-18,96.320000
2014-07-21,95.530000
2014-07-22,96.390000
2014-07-23,96.800000
2014-07-24,96.750000
2014-07-25,95.760000
2014-07-28,96.870000
2014-07-29,94.630000
2014-07-30,93.500000
2014-07-31,90.040000
2014-08-01,90.760000
2014-08-04,91.810000
2014-08-05,90.870000
2014-08-06,91.470000
2014-08-07,88.750000
2014-08-08,90.600000
2014-08-11,90.010000
2014-08-12,90.470000
2014-08-13,91.340000
2014-08-14,92.970000
2014-08-15,92.560000
2014-08-18,93.150000
2014-08-19,93.680000
2014-08-20,93.950000
2014-08-21,93.970000
2014-08-22,93.140000
2014-08-25,93.280000
2014-08-26,93.760000
2014-08-27,94.480000
2014-08-28,94.530000
2014-08-29,94.600000
2014-09-02,94.200000
2014-09-03,94.750000
2014-09-04,95.490000
2014-09-05,96.390000
2014-09-08,96.010000
2014-09-09,95.980000
2014-09-10,94.330000
2014-09-11,93.350000
2014-09-12,92.320000
2014-09-15,91.520000
2014-09-16,93.240000
2014-09-17,94.090000
2014-09-18,95.210000
2014-09-19,95.250000
2014-09-22,94.700000
2014-09-23,92.980000
2014-09-24,94.820000
2014-09-25,91.720000
2014-09-26,91.820000
2014-09-29,91.240000
2014-09-30,90.690000
2014-10-01,89.440000
2014-10-02,88.720000
2014-10-03,90.590000
2014-10-06,89.190000
2014-10-07,89.110000
2014-10-08,91.420000
2014-10-09,89.980000
2014-10-10,90.590000
2014-10-13,89.680000
2014-10-14,87.710000
2014-10-15,88.730000
2014-10-16,88.030000
2014-10-17,89.040000
2014-10-20,90.600000
2014-10-21,92.710000
2014-10-22,91.450000
2014-10-23,92.270000
2014-10-24,92.830000
2014-10-27,92.650000
2014-10-28,92.580000
2014-10-29,94.000000
2014-10-30,97.100000
2014-10-31,99.570000
2014-11-03,99.730000
2014-11-04,101.020000
2014-11-05,100.000000
2014-11-06,101.340000
2014-11-07,98.990000
2014-11-10,101.280000
2014-11-11,102.130000
2014-11-12,102.110000
2014-11-13,102.710000
2014-11-14,101.900000
2014-11-17,102.940000
2014-11-18,103.950000
2014-11-19,102.630000
2014-11-20,102.210000
2014-11-21,102.180000
2014-11-24,102.400000
2014-11-25,101.900000
2014-11-26,102.010000
2014-11-28,102.890000
2014-12-01,102.560000
2014-12-02,103.380000
2014-12-03,104.030000
2014-12-04,103.190000
2014-12-05,104.710000
2014-12-08,104.880000
2014-12-09,104.390000
2014-12-10,102.400000
2014-12-11,102.430000
2014-12-12,101.730000
2014-12-15,101.350000
2014-12-16,99.970000
2014-12-17,101.600000
2014-12-18,104.580000
2014-12-19,104.530000
2014-12-22,105.200000
2014-12-23,104.310000
2014-12-24,104.230000
2014-12-26,104.000000
2014-12-29,104.120000
2014-12-30,104.350000
2014-12-31,102.910000
2015-01-02,102.830000
2015-01-05,101.060000
2015-01-06,101.460000
2015-01-07,103.840000
2015-01-08,109.130000
2015-01-09,108.000000
2015-01-12,106.180000
2015-01-13,106.830000
2015-01-14,107.440000
2015-01-15,106.860000
2015-01-16,107.890000
2015-01-20,108.460000
2015-01-21,110.130000
2015-01-22,112.180000
2015-01-23,109.970000
2015-01-26,109.410000
2015-01-27,108.830000
2015-01-28,108.700000
2015-01-29,109.620000
2015-01-30,106.830000
2015-02-02,107.880000
2015-02-03,108.700000
2015-02-04,110.100000
2015-02-05,112.220000
2015-02-06,111.700000
2015-02-09,111.020000
2015-02-10,113.700000
2015-02-11,115.070000
2015-02-12,114.980000
2015-02-13,114.470000
2015-02-17,115.480000
2015-02-18,116.010000
2015-02-19,116.190000
2015-02-20,118.540000
2015-02-23,121.390000
2015-02-24,120.760000
2015-02-25,121.180000
2015-02-26,121.590000
2015-02-27,121.630000
2015-03-02,122.480000
2015-03-03,121.110000
2015-03-04,121.860000
2015-03-05,122.510000
2015-03-06,120.570000
2015-03-09,122.010000
2015-03-10,119.810000
2015-03-11,120.450000
2015-03-12,122.750000
2015-03-13,122.890000
2015-03-16,125.010000
2015-03-17,124.850000
2015-03-18,127.490000
2015-03-19,128.100000
2015-03-20,128.380000
2015-03-23,128.420000
2015-03-24,129.570000
2015-03-25,126.910000
2015-03-26,126.210000
2015-03-27,128.980000
2015-03-30,129.960000
2015-03-31,129.440000
2015-04-01,130.370000
2015-04-02,130.470000
2015-04-06,131.810000
2015-04-07,129.880000
2015-04-08,131.490000
2015-04-09,132.180000
2015-04-10,133.310000
2015-04-13,132.800000
2015-04-14,132.900000
2015-04-15,130.220000
2015-04-16,132.800000
2015-04-17,131.130000
2015-04-20,130.270000
2015-04-21,130.700000
2015-04-22,130.250000
2015-04-23,130.570000
2015-04-24,130.660000
2015-04-27,130.250000
2015-04-28,131.710000
2015-04-29,126.680000
2015-04-30,124.640000
2015-05-01,125.490000
2015-05-04,126.730000
2015-05-05,125.250000
2015-05-06,125.290000
2015-05-07,126.490000
2015-05-08,128.490000
2015-05-11,128.300000
2015-05-12,131.860000
2015-05-13,131.690000
2015-05-14,131.850000
2015-05-15,132.060000
2015-05-18,133.270000
2015-05-19,133.780000
2015-05-20,133.660000
2015-05-21,132.950000
2015-05-22,135.860000
2015-05-26,133.910000
2015-05-27,134.940000
2015-05-28,135.870000
2015-05-29,140.830000
2015-06-01,143.860000
2015-06-02,141.510000
2015-06-03,140.150000
2015-06-04,137.690000
2015-06-05,139.500000
2015-06-08,138.770000
2015-06-09,138.500000
2015-06-10,139.840000
2015-06-11,139.200000
2015-06-12,137.310000
2015-06-15,153.430000
2015-06-16,153.970000
2015-06-17,155.400000
2015-06-18,156.410000
2015-06-19,155.260000
2015-06-22,162.600000
2015-06-23,164.750000
2015-06-24,165.750000
2015-06-25,169.770000
2015-06-26,168.060000
2015-06-29,164.670000
2015-06-30,162.000000
2015-07-01,162.040000
2015-07-02,161.290000
2015-07-06,160.060000
2015-07-07,154.430000
2015-07-08,150.440000
2015-07-09,156.560000
2015-07-10,157.210000
2015-07-13,155.050000
2015-07-14,155.950000
2015-07-15,156.070000
2015-07-16,154.290000
2015-07-17,153.410000
2015-07-20,152.930000
2015-07-21,151.290000
2015-07-22,151.070000
2015-07-23,154.360000
2015-07-24,145.720000
2015-07-27,145.900000
2015-07-28,145.870000
2015-07-29,145.410000
2015-07-30,143.900000
2015-07-31,144.060000
2015-08-03,143.360000
2015-08-04,143.890000
2015-08-05,147.550000
2015-08-06,146.800000
2015-08-07,145.850000
2015-08-10,145.680000
2015-08-11,144.680000
2015-08-12,143.350000
2015-08-13,143.180000
2015-08-14,144.120000
2015-08-17,146.590000
2015-08-18,148.490000
2015-08-19,149.150000
2015-08-20,145.240000
2015-08-21,142.710000
2015-08-24,135.750000
2015-08-25,133.790000
2015-08-26,137.550000
2015-08-27,138.300000
2015-08-28,137.870000
2015-08-31,140.790000
2015-09-01,139.000000
2015-09-02,139.340000
2015-09-03,141.620000
2015-09-04,139.380000
2015-09-08,141.050000
2015-09-09,139.750000
2015-09-10,137.460000
2015-09-11,139.620000
2015-09-14,139.340000
2015-09-15,140.690000
2015-09-16,142.590000
2015-09-17,142.750000
2015-09-18,141.620000
2015-09-21,142.090000
2015-09-22,141.150000
2015-09-23,142.710000
2015-09-24,141.020000
2015-09-25,137.480000
2015-09-28,133.000000
2015-09-29,132.500000
2015-09-30,135.020000
2015-10-01,135.430000
2015-10-02,138.580000
2015-10-05,139.690000
2015-10-06,136.710000
2015-10-07,136.630000
2015-10-08,133.630000
2015-10-09,136.360000
2015-10-12,137.610000
2015-10-13,138.850000
2015-10-14,137.600000
2015-10-15,139.090000
2015-10-16,140.740000
2015-10-19,141.900000
2015-10-20,142.210000
2015-10-21,136.610000
2015-10-22,129.490000
2015-10-23,132.540000
2015-10-26,133.130000
2015-10-27,136.970000
2015-10-28,136.050000
2015-10-29,135.550000
2015-10-30,134.040000
2015-11-02,133.750000
2015-11-03,131.950000
2015-11-04,129.940000
2015-11-05,132.400000
2015-11-06,132.810000
2015-11-09,132.940000
2015-11-10,134.250000
2015-11-11,131.810000
2015-11-12,131.390000
2015-11-13,131.570000
2015-11-16,133.490000
2015-11-17,133.760000
2015-11-18,135.140000
2015-11-19,127.830000
2015-11-20,132.170000
2015-11-23,133.170000
2015-11-24,134.260000
2015-11-25,134.130000
2015-11-27,135.300000
2015-11-30,134.980000
2015-12-01,139.590000
2015-12-02,139.740000
2015-12-03,137.260000
2015-12-04,140.430000
2015-12-07,137.790000
2015-12-08,137.300000
2015-12-09,137.120000
2015-12-10,139.230000
2015-12-11,140.080000
2015-12-14,140.690000
2015-12-15,140.640000
2015-12-16,141.190000
2015-12-17,143.000000
2015-12-18,143.970000
2015-12-21,144.470000
2015-12-22,145.650000
2015-12-23,146.860000
2015-12-24,146.460000
2015-12-28,147.070000
2015-12-29,148.370000
2015-12-30,146.850000
2015-12-31,146.330000
2016-01-04,146.550000
2016-01-05,144.140000
2016-01-06,143.030000
2016-01-07,141.370000
2016-01-08,138.740000
2016-01-11,134.730000
2016-01-12,139.080000
2016-01-13,135.260000
2016-01-14,138.720000
2016-01-15,136.230000
2016-01-19,139.920000
2016-01-20,139.230000
2016-01-21,140.130000
2016-01-22,137.900000
2016-01-25,135.850000
2016-01-26,135.420000
2016-01-27,131.440000
2016-01-28,129.830000
2016-01-29,133.600000
2016-02-01,133.230000
2016-02-02,131.900000
2016-02-03,132.500000
2016-02-04,134.770000
2016-02-05,133.050000
2016-02-08,124.960000
2016-02-09,128.180000
2016-02-10,129.500000
2016-02-11,128.000000
2016-02-12,130.300000
2016-02-16,134.180000
2016-02-17,135.850000
2016-02-18,135.650000
2016-02-19,133.940000
2016-02-22,136.360000
2016-02-23,137.840000
2016-02-24,137.240000
2016-02-25,140.320000
2016-02-26,141.250000
2016-02-29,139.610000
2016-03-01,138.530000
2016-03-02,140.500000
2016-03-03,140.430000
2016-03-04,138.940000
2016-03-07,140.470000
2016-03-08,139.920000
2016-03-09,140.090000
2016-03-10,142.130000
2016-03-11,144.620000
2016-03-14,145.270000
2016-03-15,143.390000
2016-03-16,141.950000
2016-03-17,137.800000
2016-03-18,139.530000
2016-03-21,138.150000
2016-03-22,138.950000
2016-03-23,137.870000
2016-03-24,137.950000
2016-03-28,137.610000
2016-03-29,138.070000
2016-03-30,137.460000
2016-03-31,137.240000
2016-04-01,137.160000
2016-04-04,141.230000
2016-04-05,135.490000
2016-04-06,135.200000
2016-04-07,131.860000
2016-04-08,130.410000
2016-04-11,132.050000
2016-04-12,135.780000
2016-04-13,137.000000
2016-04-14,135.000000
2016-04-15,136.650000
2016-04-18,137.120000
2016-04-19,139.870000
2016-04-20,141.270000
2016-04-21,140.340000
2016-04-22,141.820000
2016-04-25,140.250000
2016-04-26,140.680000
2016-04-27,139.270000
2016-04-28,139.940000
2016-04-29,138.540000
2016-05-02,138.280000
2016-05-03,137.740000
2016-05-04,135.300000
2016-05-05,134.930000
2016-05-06,130.850000
2016-05-09,131.380000
2016-05-10,133.050000
2016-05-11,130.510000
2016-05-12,128.060000
2016-05-13,128.360000
2016-05-16,130.010000
2016-05-17,130.440000
2016-05-18,129.480000
2016-05-19,129.060000
2016-05-20,131.280000
2016-05-23,126.150000
2016-05-24,124.810000
2016-05-25,129.300000
2016-05-26,128.870000
2016-05-27,128.820000
2016-05-31,128.110000
2016-06-01,127.720000
2016-06-02,129.570000
2016-06-03,129.700000
2016-06-06,129.630000
2016-06-07,128.860000
2016-06-08,131.170000
2016-06-09,129.250000
2016-06-10,128.080000
2016-06-13,126.500000
2016-06-14,127.370000
2016-06-15,126.560000
2016-06-16,128.690000
2016-06-17,129.500000
2016-06-20,127.840000
2016-06-21,127.790000
2016-06-22,127.900000
2016-06-23,129.750000
2016-06-24,127.710000
2016-06-27,122.090000
2016-06-28,125.210000
2016-06-29,128.830000
2016-06-30,127.990000
2016-07-01,128.270000
2016-07-05,126.750000
2016-07-06,128.300000
2016-07-07,127.000000
2016-07-08,129.600000
2016-07-11,128.370000
2016-07-12,129.000000
2016-07-13,130.190000
2016-07-14,130.010000
2016-07-15,131.670000
2016-07-18,133.130000
2016-07-19,130.300000
2016-07-20,133.110000
2016-07-21,140.320000
2016-07-22,146.000000
2016-07-25,140.210000
2016-07-26,140.010000
2016-07-27,138.130000
2016-07-28,135.990000
2016-07-29,128.960000
2016-08-01,126.790000
2016-08-02,124.130000
2016-08-03,124.600000
2016-08-04,128.280000
2016-08-05,128.500000
2016-08-08,128.390000
2016-08-09,127.170000
2016-08-10,127.600000
2016-08-11,126.620000
2016-08-12,133.310000
2016-08-15,132.630000
2016-08-16,131.830000
2016-08-17,132.300000
2016-08-18,132.620000
2016-08-19,133.000000
2016-08-22,133.350000
2016-08-23,133.000000
2016-08-24,131.370000
2016-08-25,129.410000
2016-08-26,127.650000
2016-08-29,128.490000
2016-08-30,128.220000
2016-08-31,128.260000
2016-09-01,127.640000
2016-09-02,128.180000
2016-09-06,127.580000
2016-09-07,126.740000
2016-09-08,127.670000
2016-09-09,128.450000
2016-09-12,129.010000
2016-09-13,127.540000
2016-09-14,126.250000
2016-09-15,128.640000
2016-09-16,131.990000
2016-09-19,131.890000
2016-09-20,131.570000
2016-09-21,132.560000
2016-09-22,132.000000
2016-09-23,131.000000
2016-09-26,130.340000
2016-09-27,131.700000
2016-09-28,131.500000
2016-09-29,130.800000
2016-09-30,130.320000
2016-10-03,128.010000
2016-10-04,128.110000
2016-10-05,127.090000
2016-10-06,126.900000
2016-10-07,127.230000
2016-10-10,127.730000
2016-10-11,125.000000
2016-10-12,121.960000
2016-10-13,121.160000
2016-10-14,120.900000
2016-10-17,118.640000
2016-10-18,123.650000
2016-10-19,123.550000
2016-10-20,123.630000
2016-10-21,124.180000
2016-10-24,124.060000
2016-10-25,124.300000
2016-10-26,123.800000
2016-10-27,123.060000
2016-10-28,121.620000
2016-10-31,118.830000
2016-11-01,116.030000
2016-11-02,117.850000
2016-11-03,117.310000
2016-11-04,121.650000
2016-11-07,126.250000
2016-11-08,128.770000
2016-11-09,135.800000
2016-11-10,134.770000
2016-11-11,133.670000
2016-11-14,136.120000
2016-11-15,137.800000
2016-11-16,137.890000
2016-11-17,140.000000
2016-11-18,138.700000
2016-11-21,137.080000
2016-11-22,139.730000
2016-11-23,139.530000
2016-11-25,138.670000
2016-11-28,136.770000
2016-11-29,138.300000
2016-11-30,134.740000
2016-12-01,134.500000
2016-12-02,133.440000
2016-12-05,134.700000
2016-12-06,137.250000
2016-12-07,136.830000
2016-12-08,137.130000
2016-12-09,134.800000
2016-12-12,132.380000
2016-12-13,134.570000
2016-12-14,133.240000
2016-12-15,133.990000
2016-12-16,136.760000
2016-12-19,138.090000
2016-12-20,137.110000
2016-12-21,137.070000
2016-12-22,136.970000
2016-12-23,138.610000
2016-12-27,139.390000
2016-12-28,137.000000
2016-12-29,135.500000
2016-12-30,133.390000
2017-01-03,135.720000
2017-01-04,138.720000
2017-01-05,141.710000
2017-01-06,141.810000
2017-01-09,142.350000
2017-01-10,140.230000
2017-01-11,142.640000
2017-01-12,144.670000
2017-01-13,146.310000
2017-01-17,144.770000
2017-01-18,141.970000
2017-01-19,144.160000
2017-01-20,144.770000
2017-01-23,145.310000
2017-01-24,146.530000
2017-01-25,148.570000
2017-01-26,146.800000
2017-01-27,146.810000
2017-01-30,145.700000
2017-01-31,146.220000
2017-02-01,147.640000
2017-02-02,148.290000
2017-02-03,149.300000
2017-02-06,147.030000
2017-02-07,147.900000
2017-02-08,147.840000
2017-02-09,148.140000
2017-02-10,145.550000
2017-02-13,145.850000
2017-02-14,146.680000
2017-02-15,146.590000
2017-02-16,145.330000
2017-02-17,143.560000
2017-02-21,146.970000
2017-02-22,147.490000
2017-02-23,147.510000
2017-02-24,147.040000
2017-02-27,149.720000
2017-02-28,148.900000
2017-03-01,152.200000
2017-03-02,151.580000
2017-03-03,151.990000
2017-03-06,152.960000
2017-03-07,151.840000
2017-03-08,152.240000
2017-03-09,152.200000
2017-03-10,151.920000
2017-03-13,153.400000
2017-03-14,153.540000
2017-03-15,154.000000
2017-03-16,151.790000
2017-03-17,151.890000
2017-03-20,151.130000
2017-03-21,149.610000
2017-03-22,150.370000
2017-03-23,149.180000
2017-03-24,145.820000
2017-03-27,146.040000
2017-03-28,148.300000
2017-03-29,147.230000
2017-03-30,147.600000
2017-03-31,146.490000
2017-04-03,149.390000
2017-04-04,150.540000
2017-04-05,149.910000
2017-04-06,151.210000
2017-04-07,152.040000
2017-04-10,152.280000
2017-04-11,151.570000
2017-04-12,150.590000
2017-04-13,150.410000
2017-04-17,151.170000
2017-04-18,149.820000
2017-04-19,151.950000
2017-04-20,155.380000
2017-04-21,155.080000
2017-04-24,155.960000
2017-04-25,157.180000
2017-04-26,156.930000
2017-04-27,156.210000
2017-04-28,156.370000
2017-05-01,157.520000
2017-05-02,158.380000
2017-05-03,157.030000
2017-05-04,156.730000
2017-05-05,160.250000
2017-05-08,161.750000
2017-05-09,162.650000
2017-05-10,162.900000
2017-05-11,163.820000
2017-05-12,162.030000
2017-05-15,162.100000
2017-05-16,161.340000
2017-05-17,158.410000
2017-05-18,160.100000
2017-05-19,159.480000
2017-05-22,159.350000
2017-05-23,160.520000
2017-05-24,161.860000
2017-05-25,161.650000
2017-05-26,161.320000
2017-05-30,161.500000
2017-05-31,161.230000
2017-06-01,163.950000
2017-06-02,164.460000
2017-06-05,164.760000
2017-06-06,165.500000
2017-06-07,168.480000
2017-06-08,166.510000
2017-06-09,166.740000
2017-06-12,166.800000
2017-06-13,166.550000
2017-06-14,168.110000
2017-06-15,167.280000
2017-06-16,169.080000
2017-06-19,170.260000
2017-06-20,169.580000
2017-06-21,170.180000
2017-06-22,170.680000
2017-06-23,169.610000
2017-06-26,168.260000
2017-06-27,167.050000
2017-06-28,168.130000
2017-06-29,166.700000
2017-06-30,167.390000
2017-07-03,167.500000
2017-07-05,169.160000
2017-07-06,167.940000
2017-07-07,169.610000
2017-07-10,169.570000
2017-07-11,171.160000
2017-07-12,172.060000
2017-07-13,173.050000
2017-07-14,173.800000
2017-07-17,174.190000
2017-07-18,172.100000
2017-07-19,174.310000
2017-07-20,174.490000
2017-07-21,174.230000
2017-07-24,174.530000
2017-07-25,173.810000
2017-07-26,173.570000
2017-07-27,172.070000
2017-07-28,173.970000
2017-07-31,173.560000
2017-08-01,172.960000
2017-08-02,174.740000
2017-08-03,176.050000
2017-08-04,172.550000
2017-08-07,175.980000
2017-08-08,175.630000
2017-08-09,178.080000
2017-08-10,175.360000
2017-08-11,174.380000
2017-08-14,176.350000
2017-08-15,179.160000
2017-08-16,179.860000
2017-08-17,178.030000
2017-08-18,177.030000
2017-08-21,177.980000
2017-08-22,179.820000
2017-08-23,179.390000
2017-08-24,179.770000
2017-08-25,179.300000
2017-08-28,180.500000
2017-08-29,180.090000
2017-08-30,179.670000
2017-08-31,182.060000
2017-09-01,183.170000
2017-09-05,185.310000
2017-09-06,182.100000
2017-09-07,184.980000
2017-09-08,184.560000
2017-09-11,186.320000
2017-09-12,185.550000
2017-09-13,187.620000
2017-09-14,185.230000
2017-09-15,186.050000
2017-09-18,185.300000
2017-09-19,181.510000
2017-09-20,181.820000
2017-09-21,182.130000
2017-09-22,182.740000
2017-09-25,181.440000
2017-09-26,183.640000
2017-09-27,184.430000
2017-09-28,187.000000
2017-09-29,186.940000
2017-10-02,189.010000
2017-10-03,191.990000
2017-10-04,190.750000
2017-10-05,190.680000
2017-10-06,190.950000
2017-10-09,189.090000
2017-10-10,188.070000
2017-10-11,186.950000
2017-10-12,186.960000
2017-10-13,186.150000
2017-10-16,184.990000
2017-10-17,187.200000
2017-10-18,189.360000
2017-10-19,188.220000
2017-10-20,191.420000
2017-10-23,193.380000
2017-10-24,193.890000
2017-10-25,195.700000
2017-10-26,198.750000
2017-10-27,201.940000
2017-10-30,197.720000
2017-10-31,197.220000
2017-11-01,197.840000
2017-11-02,198.390000
2017-11-03,201.900000
2017-11-06,205.000000
2017-11-07,205.490000
2017-11-08,200.500000
2017-11-09,197.520000
2017-11-10,197.980000
2017-11-13,197.610000
2017-11-14,197.140000
2017-11-15,196.500000
2017-11-16,200.970000
2017-11-17,197.970000
2017-11-20,199.410000
2017-11-21,201.990000
2017-11-22,200.720000
2017-11-24,200.600000
2017-11-27,199.930000
2017-11-28,200.550000
2017-11-29,205.830000
2017-11-30,211.730000
2017-12-01,208.410000
2017-12-04,204.110000
2017-12-05,204.120000
2017-12-06,204.210000
2017-12-07,206.000000
2017-12-08,209.970000
2017-12-11,209.160000
2017-12-12,208.480000
2017-12-13,207.920000
2017-12-14,203.630000
2017-12-15,204.140000
2017-12-18,206.340000
2017-12-19,207.260000
2017-12-20,206.030000
2017-12-21,204.520000
2017-12-22,203.390000
2017-12-26,203.780000
2017-12-27,202.710000
2017-12-28,205.240000
2017-12-29,203.090000
2018-01-02,202.560000
2018-01-03,205.960000
2018-01-04,207.040000
2018-01-05,210.550000
2018-01-08,208.220000
2018-01-09,207.870000
2018-01-10,207.090000
2018-01-11,210.890000
2018-01-12,213.390000
2018-01-16,214.750000
2018-01-17,220.360000
2018-01-18,219.660000
2018-01-19,220.150000
2018-01-22,220.750000
2018-01-23,219.790000
2018-01-24,221.000000
2018-01-25,221.880000
2018-01-26,226.220000
2018-01-29,223.900000
2018-01-30,207.890000
2018-01-31,208.350000
2018-02-01,205.010000
2018-02-02,204.460000
2018-02-05,196.410000
2018-02-06,197.590000
2018-02-07,195.440000
2018-02-08,189.270000
2018-02-09,193.770000
2018-02-12,193.560000
2018-02-13,195.440000
2018-02-14,195.550000
2018-02-15,191.940000
2018-02-16,193.810000
2018-02-20,192.600000
2018-02-21,191.650000
2018-02-22,191.900000
2018-02-23,194.790000
2018-02-26,195.880000
2018-02-27,196.850000
2018-02-28,195.890000
2018-03-01,193.420000
2018-03-02,193.060000
2018-03-05,192.340000
2018-03-06,194.130000
2018-03-07,194.250000
2018-03-08,172.000000
2018-03-09,173.360000
2018-03-12,167.310000
2018-03-13,164.390000
2018-03-14,166.880000
2018-03-15,166.900000
2018-03-16,168.670000
2018-03-19,166.440000
2018-03-20,165.000000
2018-03-21,167.050000
2018-03-22,165.340000
2018-03-23,164.000000
2018-03-26,168.680000
2018-03-27,165.540000
2018-03-28,168.320000
2018-03-29,167.740000
2018-04-02,164.650000
2018-04-03,167.850000
2018-04-04,168.790000
2018-04-05,169.030000
2018-04-06,167.820000
2018-04-09,167.940000
2018-04-10,169.850000
2018-04-11,169.000000
2018-04-12,170.560000
2018-04-13,171.650000
2018-04-16,175.080000
2018-04-17,174.380000
2018-04-18,175.210000
2018-04-19,171.730000
2018-04-20,169.940000
2018-04-23,172.350000
2018-04-24,171.290000
2018-04-25,171.700000
2018-04-26,172.150000
2018-04-27,173.950000
2018-04-30,171.820000
2018-05-01,171.070000
2018-05-02,172.360000
2018-05-03,172.880000
2018-05-04,171.170000
2018-05-07,172.590000
2018-05-08,170.700000
2018-05-09,169.580000
2018-05-10,171.060000
2018-05-11,173.730000
2018-05-14,177.540000
2018-05-15,176.060000
2018-05-16,177.150000
2018-05-17,178.910000
2018-05-18,178.070000
2018-05-21,177.450000
2018-05-22,177.240000
2018-05-23,177.090000
2018-05-24,175.850000
2018-05-25,175.900000
2018-05-29,172.580000
2018-05-30,173.320000
2018-05-31,169.370000
2018-06-01,170.820000
2018-06-04,171.000000
2018-06-05,170.830000
2018-06-06,174.930000
2018-06-07,177.110000
2018-06-08,177.810000
2018-06-11,180.950000
2018-06-12,178.820000
2018-06-13,176.180000
2018-06-14,175.330000
2018-06-15,175.050000
2018-06-18,173.930000
2018-06-19,173.360000
2018-06-20,175.720000
2018-06-21,175.000000
2018-06-22,174.080000
2018-06-25,173.850000
2018-06-26,172.950000
2018-06-27,172.810000
2018-06-28,169.760000
2018-06-29,169.950000
2018-07-02,169.030000
2018-07-03,170.250000
2018-07-05,171.980000
2018-07-06,172.100000
2018-07-09,173.220000
2018-07-10,173.450000
2018-07-11,171.790000
2018-07-12,172.960000
2018-07-13,173.090000
2018-07-16,172.350000
2018-07-17,170.710000
2018-07-18,177.750000
2018-07-19,175.900000
2018-07-20,178.090000
2018-07-23,177.420000
2018-07-24,176.430000
2018-07-25,177.500000
2018-07-26,177.940000
2018-07-27,177.250000
2018-07-30,176.800000
2018-07-31,179.420000
2018-08-01,182.930000
2018-08-02,188.900000
2018-08-03,189.250000
2018-08-06,187.860000
2018-08-07,188.270000
2018-08-08,189.460000
2018-08-09,185.420000
2018-08-10,183.280000
2018-08-13,181.760000
2018-08-14,185.300000
2018-08-15,185.480000
2018-08-16,188.190000
2018-08-17,188.340000
2018-08-20,187.890000
2018-08-21,186.050000
2018-08-22,186.360000
2018-08-23,185.800000
2018-08-24,185.720000
2018-08-27,187.000000
2018-08-28,187.960000
2018-08-29,190.460000
2018-08-30,189.800000
2018-08-31,188.340000
2018-09-04,186.070000
2018-09-05,184.930000
2018-09-06,185.180000
2018-09-07,188.590000
2018-09-10,186.360000
2018-09-11,184.870000
2018-09-12,186.890000
2018-09-13,193.210000
2018-09-14,195.110000
2018-09-17,197.840000
2018-09-18,200.070000
2018-09-19,199.190000
2018-09-20,201.330000
2018-09-21,202.230000
2018-09-24,203.240000
2018-09-25,201.500000
2018-09-26,202.430000
2018-09-27,206.350000
2018-09-28,208.250000
2018-10-01,210.930000
2018-10-02,210.590000
2018-10-03,212.330000
2018-10-04,212.620000
2018-10-05,215.720000
2018-10-08,212.900000
2018-10-09,214.040000
2018-10-10,209.970000
2018-10-11,206.000000
2018-10-12,207.090000
2018-10-15,203.920000
2018-10-16,211.960000
2018-10-17,211.200000
2018-10-18,212.740000
2018-10-19,210.000000
2018-10-22,208.800000
2018-10-23,210.340000
2018-10-24,201.920000
2018-10-25,210.370000
2018-10-26,206.690000
2018-10-29,206.870000
2018-10-30,210.260000
2018-10-31,213.810000
2018-11-01,216.280000
2018-11-02,213.130000
2018-11-05,215.500000
2018-11-06,214.240000
2018-11-07,220.290000
2018-11-08,220.490000
2018-11-09,217.650000
2018-11-12,217.420000
2018-11-13,213.050000
2018-11-14,212.350000
2018-11-15,212.800000
2018-11-16,213.720000
2018-11-19,211.190000
2018-11-20,207.780000
2018-11-21,209.710000
2018-11-23,211.160000
2018-11-26,216.280000
2018-11-27,216.800000
2018-11-28,221.720000
2018-11-29,222.520000
2018-11-30,223.380000
2018-12-03,224.840000
2018-12-04,217.840000
2018-12-06,214.290000
2018-12-07,206.110000
2018-12-10,206.080000
2018-12-11,205.940000
2018-12-12,207.690000
2018-12-13,211.950000
2018-12-14,205.370000
2018-12-17,198.660000
2018-12-18,192.060000
2018-12-19,193.300000
2018-12-20,179.800000
2018-12-21,181.300000
2018-12-24,178.010000
2018-12-26,187.630000
2018-12-27,192.790000
2018-12-28,190.650000
2018-12-31,189.920000
2019-01-02,187.170000
2019-01-03,185.570000
2019-01-04,188.690000
2019-01-07,186.500000
2019-01-08,189.930000
2019-01-09,190.350000
2019-01-10,191.780000
2019-01-11,194.660000
2019-01-14,192.050000
2019-01-15,196.550000
2019-01-16,196.730000
2019-01-17,194.500000
2019-01-18,194.830000
2019-01-22,193.080000
2019-01-23,196.920000
2019-01-24,193.070000
2019-01-25,196.280000
2019-01-28,195.080000
2019-01-29,198.390000
2019-01-30,199.800000
2019-01-31,199.810000
2019-02-01,194.060000
2019-02-04,192.070000
2019-02-05,186.450000
2019-02-06,187.480000
2019-02-07,185.960000
2019-02-08,181.370000
2019-02-11,182.890000
2019-02-12,185.120000
2019-02-13,188.800000
2019-02-14,192.220000
2019-02-15,197.870000
2019-02-19,198.280000
2019-02-20,194.120000
2019-02-21,191.870000
2019-02-22,193.770000
2019-02-25,191.620000
2019-02-26,188.150000
2019-02-27,180.720000
2019-02-28,174.440000
2019-03-01,178.250000
2019-03-04,171.680000
2019-03-05,170.110000
2019-03-06,164.910000
2019-03-07,163.810000
2019-03-08,163.140000
2019-03-11,163.630000
2019-03-12,164.300000
2019-03-13,168.000000
2019-03-14,169.560000
2019-03-15,166.450000
2019-03-18,167.110000
2019-03-19,172.780000
2019-03-20,167.870000
2019-03-21,168.870000
2019-03-22,166.090000
2019-03-25,163.770000
2019-03-26,160.740000
2019-03-27,159.790000
2019-03-28,159.690000
2019-03-29,160.820000
2019-04-01,161.870000
2019-04-02,158.620000
2019-04-03,159.000000
2019-04-04,161.480000
2019-04-05,166.130000
2019-04-08,167.400000
2019-04-09,169.130000
2019-04-10,168.200000
2019-04-11,164.010000
2019-04-12,160.600000
2019-04-15,163.820000
2019-04-16,151.040000
2019-04-17,145.490000
2019-04-18,149.000000
2019-04-22,147.990000
2019-04-23,153.820000
2019-04-24,154.220000
2019-04-25,156.810000
2019-04-26,160.940000
2019-04-29,160.670000
2019-04-30,158.840000
2019-05-01,162.000000
2019-05-02,158.220000
2019-05-03,152.830000
2019-05-06,158.800000
2019-05-07,155.160000
2019-05-08,156.510000
2019-05-09,155.860000
2019-05-10,158.440000
2019-05-13,157.320000
2019-05-14,155.290000
2019-05-15,155.270000
2019-05-16,153.790000
2019-05-17,154.860000
2019-05-20,153.670000
2019-05-21,154.660000
2019-05-22,152.830000
2019-05-23,150.010000
2019-05-24,149.480000
2019-05-28,146.490000
2019-05-29,148.410000
2019-05-30,147.990000
2019-05-31,148.020000
2019-06-03,150.410000
2019-06-04,154.050000
2019-06-05,153.810000
2019-06-06,153.720000
2019-06-07,157.470000
2019-06-10,156.550000
2019-06-11,156.360000
2019-06-12,156.070000
2019-06-13,158.110000
2019-06-14,158.410000
2019-06-17,159.110000
2019-06-18,159.840000
2019-06-19,160.200000
2019-06-20,159.750000
2019-06-21,161.150000
2019-06-24,160.460000
2019-06-25,160.080000
2019-06-26,156.910000
2019-06-27,157.890000
2019-06-28,157.550000
2019-07-01,158.750000
2019-07-02,161.810000
2019-07-03,164.830000
2019-07-05,163.440000
2019-07-08,161.730000
2019-07-09,159.730000
2019-07-10,160.510000
2019-07-11,175.340000
2019-07-12,179.210000
2019-07-15,177.030000
2019-07-16,179.960000
2019-07-17,178.480000
2019-07-18,176.940000
2019-07-19,173.690000
2019-07-22,170.610000
2019-07-23,172.100000
2019-07-24,171.280000
2019-07-25,166.550000
2019-07-26,167.300000
2019-07-29,172.240000
2019-07-30,172.250000
2019-07-31,169.920000
2019-08-01,167.560000
2019-08-02,164.580000
2019-08-05,159.000000
2019-08-06,163.720000
2019-08-07,166.480000
2019-08-08,166.600000
2019-08-09,169.900000
2019-08-12,165.610000
2019-08-13,169.470000
2019-08-14,160.180000
2019-08-15,159.700000
2019-08-16,161.240000
2019-08-19,162.980000
2019-08-20,161.150000
2019-08-21,162.340000
2019-08-22,155.780000
2019-08-23,153.300000
2019-08-26,152.910000
2019-08-27,146.270000
2019-08-28,147.450000
2019-08-29,152.500000
2019-08-30,153.970000
2019-09-03,154.990000
2019-09-04,152.940000
2019-09-05,151.000000
2019-09-06,153.800000
2019-09-09,162.160000
2019-09-10,164.990000
2019-09-11,161.890000
2019-09-12,158.980000
2019-09-13,160.850000
2019-09-16,165.500000
2019-09-17,161.500000
2019-09-18,160.440000
2019-09-19,164.710000
2019-09-20,161.380000
2019-09-23,160.150000
2019-09-24,157.910000
2019-09-25,155.220000
2019-09-26,149.790000
2019-09-27,149.480000
2019-09-30,151.790000
2019-10-01,150.430000
2019-10-02,149.240000
2019-10-03,148.610000
2019-10-04,150.740000
2019-10-07,149.200000
2019-10-08,147.190000
2019-10-09,149.590000
2019-10-10,150.830000
2019-10-11,152.400000
2019-10-14,151.580000
2019-10-15,160.160000
2019-10-16,161.470000
2019-10-17,164.770000
2019-10-18,166.880000
2019-10-21,166.740000
2019-10-22,170.380000
2019-10-23,172.910000
2019-10-24,170.110000
2019-10-25,171.490000
2019-10-28,174.790000
2019-10-29,177.980000
2019-10-30,176.440000
2019-10-31,178.460000
2019-11-01,179.510000
2019-11-04,183.120000
2019-11-05,181.850000
2019-11-06,183.130000
2019-11-07,185.340000
2019-11-08,188.200000
2019-11-11,187.160000
2019-11-12,188.970000
2019-11-13,190.250000
2019-11-14,189.700000
2019-11-15,196.010000
2019-11-18,198.380000
2019-11-19,200.020000
2019-11-20,199.910000
2019-11-21,201.210000
2019-11-22,201.850000
2019-11-25,203.870000
2019-11-26,200.370000
2019-11-27,200.030000
2019-11-29,199.920000
2019-12-02,196.940000
2019-12-03,195.330000
2019-12-04,196.740000
2019-12-05,195.590000
2019-12-06,198.930000
2019-12-09,195.950000
2019-12-10,191.710000
2019-12-11,191.750000
2019-12-12,193.560000
2019-12-13,189.870000
2019-12-16,195.130000
2019-12-17,193.520000
2019-12-18,198.200000
2019-12-19,198.720000
2019-12-20,204.590000
2019-12-23,206.470000
2019-12-24,204.010000
2019-12-26,204.380000
2019-12-27,204.000000
2019-12-30,202.970000
2019-12-31,204.490000
2020-01-02,204.940000
2020-01-03,203.180000
2020-01-06,206.920000
2020-01-07,207.930000
2020-01-08,211.410000
2020-01-09,210.850000
2020-01-10,210.280000
2020-01-13,203.510000
2020-01-14,205.190000
2020-01-15,208.230000
2020-01-16,210.950000
2020-01-17,212.520000
2020-01-21,213.000000
2020-01-22,211.260000
2020-01-23,212.700000
2020-01-24,206.010000
2020-01-27,199.950000
2020-01-28,205.330000
2020-01-29,202.540000
2020-01-30,196.990000
2020-01-31,192.380000
2020-02-03,191.770000
2020-02-04,196.860000
2020-02-05,206.480000
2020-02-06,211.860000
2020-02-07,208.920000
2020-02-10,210.320000
2020-02-11,215.180000
2020-02-12,222.560000
2020-02-13,221.890000
2020-02-14,220.340000
2020-02-18,221.950000
2020-02-19,221.440000
2020-02-20,220.410000
2020-02-21,217.190000
2020-02-24,200.360000
2020-02-25,191.760000
2020-02-26,188.920000
2020-02-27,181.930000
2020-02-28,182.940000
2020-03-02,194.340000
2020-03-03,189.250000
2020-03-04,209.540000
2020-03-05,200.930000
2020-03-06,195.520000
2020-03-09,181.600000
2020-03-10,197.770000
2020-03-11,187.230000
2020-03-12,164.270000
2020-03-13,179.870000
2020-03-16,150.690000
2020-03-17,155.090000
2020-03-18,142.910000
2020-03-19,146.520000
2020-03-20,142.090000
2020-03-23,130.060000
2020-03-24,147.200000
2020-03-25,156.820000
2020-03-26,169.540000
2020-03-27,161.290000
2020-03-30,178.260000
2020-03-31,177.180000
2020-04-01,173.070000
2020-04-02,168.810000
2020-04-03,163.840000
2020-04-06,173.490000
2020-04-07,177.170000
2020-04-08,186.220000
2020-04-09,181.830000
2020-04-13,177.480000
2020-04-14,185.620000
2020-04-15,182.600000
2020-04-16,195.350000
2020-04-17,194.130000
2020-04-20,188.700000
2020-04-21,177.910000
2020-04-22,182.590000
2020-04-23,184.280000
2020-04-24,188.200000
2020-04-27,192.810000
2020-04-28,189.590000
2020-04-29,195.870000
2020-04-30,195.780000
2020-05-01,187.090000
2020-05-04,184.610000
2020-05-05,190.390000
2020-05-06,183.430000
2020-05-07,184.180000
2020-05-08,189.270000
2020-05-11,188.990000
2020-05-12,189.560000
2020-05-13,181.010000
2020-05-14,184.460000
2020-05-15,190.150000
2020-05-18,193.510000
2020-05-19,191.780000
2020-05-20,188.270000
2020-05-21,188.680000
2020-05-22,189.000000
2020-05-26,195.920000
2020-05-27,199.460000
2020-05-28,200.570000
2020-05-29,197.320000
2020-06-01,198.100000
2020-06-02,201.310000
2020-06-03,201.360000
2020-06-04,202.390000
2020-06-05,209.480000
2020-06-08,215.840000
2020-06-09,214.500000
2020-06-10,209.000000
2020-06-11,191.560000
2020-06-12,190.020000
2020-06-15,187.130000
2020-06-16,193.020000
2020-06-17,191.800000
2020-06-18,189.980000
2020-06-19,191.400000
2020-06-22,190.380000
2020-06-23,192.310000
2020-06-24,183.970000
2020-06-25,185.480000
2020-06-26,185.060000
2020-06-29,187.550000
2020-06-30,187.650000
2020-07-01,190.500000
2020-07-02,190.490000
2020-07-06,189.330000
2020-07-07,182.050000
2020-07-08,180.080000
2020-07-09,173.900000
2020-07-10,175.540000
2020-07-13,177.370000
2020-07-14,182.170000
2020-07-15,181.040000
2020-07-16,180.000000
2020-07-17,179.810000
2020-07-20,175.860000
2020-07-21,178.300000
2020-07-22,176.930000
2020-07-23,179.120000
2020-07-24,181.020000
2020-07-27,175.500000
2020-07-28,175.750000
2020-07-29,181.800000
2020-07-30,178.470000
2020-07-31,172.690000
2020-08-03,173.000000
2020-08-04,173.500000
2020-08-05,174.870000
2020-08-06,173.070000
2020-08-07,178.190000
2020-08-10,183.000000
2020-08-11,182.380000
2020-08-12,184.320000
2020-08-13,180.880000
2020-08-14,183.400000
2020-08-17,182.190000
2020-08-18,181.930000
2020-08-19,181.250000
2020-08-20,178.010000
2020-08-21,178.300000
2020-08-24,177.680000
2020-08-25,177.410000
2020-08-26,174.100000
2020-08-27,177.080000
2020-08-28,181.150000
2020-08-31,177.370000
2020-09-01,176.150000
2020-09-02,181.340000
2020-09-03,178.430000
2020-09-04,178.610000
2020-09-08,173.980000
2020-09-09,174.030000
2020-09-10,169.740000
2020-09-11,169.360000
2020-09-14,171.850000
2020-09-15,166.500000
2020-09-16,168.590000
2020-09-17,169.000000
2020-09-18,167.920000
2020-09-21,164.960000
2020-09-22,161.740000
2020-09-23,160.500000
2020-09-24,160.880000
2020-09-25,162.450000
2020-09-28,164.290000
2020-09-29,164.310000
2020-09-30,169.410000
2020-10-01,167.380000
2020-10-02,167.230000
2020-10-05,172.220000
2020-10-06,170.880000
2020-10-07,176.300000
2020-10-08,177.870000
2020-10-09,176.400000
2020-10-12,177.460000
2020-10-13,174.580000
2020-10-14,174.490000
2020-10-15,176.820000
2020-10-16,177.900000
2020-10-19,171.660000
2020-10-20,171.090000
2020-10-21,174.560000
2020-10-22,179.330000
2020-10-23,184.490000
2020-10-26,181.880000
2020-10-27,178.290000
2020-10-28,168.330000
2020-10-29,163.400000
2020-10-30,166.970000
2020-11-02,174.840000
2020-11-03,183.880000
2020-11-04,210.620000
2020-11-05,214.160000
2020-11-06,201.470000
2020-11-09,211.200000
2020-11-10,220.200000
2020-11-11,221.110000
2020-11-12,220.150000
2020-11-13,219.690000
2020-11-16,218.300000
2020-11-17,214.810000
2020-11-18,210.930000
2020-11-19,204.740000
2020-11-20,204.820000
2020-11-23,206.940000
2020-11-24,210.020000
2020-11-25,207.010000
2020-11-27,212.500000
2020-11-30,209.140000
2020-12-01,207.510000
2020-12-02,212.010000
2020-12-03,213.390000
2020-12-04,217.650000
2020-12-07,218.590000
2020-12-08,218.670000
2020-12-09,217.000000
2020-12-10,212.650000
2020-12-11,209.350000
2020-12-14,203.150000
2020-12-15,205.510000
2020-12-16,202.400000
2020-12-17,202.630000
2020-12-18,197.080000
2020-12-21,197.380000
2020-12-22,194.970000
2020-12-23,198.980000
2020-12-24,198.830000
2020-12-28,202.160000
2020-12-29,204.050000
2020-12-30,204.050000
2020-12-31,208.180000
2021-01-04,205.720000
2021-01-05,203.430000
2021-01-06,209.430000
2021-01-07,220.500000
2021-01-08,220.800000
2021-01-11,219.920000
2021-01-12,225.220000
2021-01-13,223.810000
2021-01-14,220.780000
2021-01-15,218.900000
2021-01-19,220.800000
2021-01-20,228.420000
2021-01-21,226.190000
2021-01-22,223.420000
2021-01-25,220.090000
2021-01-26,215.760000
2021-01-27,212.560000
2021-01-28,218.790000
2021-01-29,217.050000
2021-02-01,216.800000
2021-02-02,217.810000
2021-02-03,219.430000
2021-02-04,205.380000
2021-02-05,203.430000
2021-02-08,206.050000
2021-02-09,210.990000
2021-02-10,211.170000
2021-02-11,208.460000
2021-02-12,206.930000
2021-02-16,203.270000
2021-02-17,208.020000
2021-02-18,205.650000
2021-02-19,204.260000
2021-02-22,209.150000
2021-02-23,212.670000
2021-02-24,214.940000
2021-02-25,209.340000
2021-02-26,209.900000
2021-03-01,214.950000
2021-03-02,219.510000
2021-03-03,220.630000
2021-03-04,224.580000
2021-03-05,230.620000
2021-03-08,235.860000
2021-03-09,236.610000
2021-03-10,238.220000
2021-03-11,239.110000
2021-03-12,243.460000
2021-03-15,245.490000
2021-03-16,241.690000
2021-03-17,241.910000
2021-03-18,243.820000
2021-03-19,243.260000
2021-03-22,242.400000
2021-03-23,238.440000
2021-03-24,240.540000
2021-03-25,241.390000
2021-03-26,243.780000
2021-03-29,247.550000
2021-03-30,245.800000
2021-03-31,241.740000
2021-04-01,241.830000
2021-04-05,243.340000
2021-04-06,239.130000
2021-04-07,240.220000
2021-04-08,238.250000
2021-04-09,246.100000
2021-04-12,245.820000
2021-04-13,245.260000
2021-04-14,249.440000
2021-04-15,254.360000
2021-04-16,252.570000
2021-04-19,252.490000
2021-04-20,253.370000
2021-04-21,253.000000
2021-04-22,252.540000
2021-04-23,251.800000
2021-04-26,249.380000
2021-04-27,250.440000
2021-04-28,247.140000
2021-04-29,250.240000
2021-04-30,249.010000
2021-05-03,252.050000
2021-05-04,259.500000
2021-05-05,258.420000
2021-05-06,256.930000
2021-05-07,261.180000
2021-05-10,266.910000
2021-05-11,260.860000
2021-05-12,258.720000
2021-05-13,264.000000
2021-05-14,263.520000
2021-05-17,264.720000
2021-05-18,263.170000
2021-05-19,262.420000
2021-05-20,260.660000
2021-05-21,262.240000
2021-05-24,261.530000
2021-05-25,259.600000
2021-05-26,259.390000
2021-05-27,259.500000
2021-05-28,258.850000
2021-06-01,257.680000
2021-06-02,255.410000
2021-06-03,256.970000
2021-06-04,252.940000
2021-06-07,247.600000
2021-06-08,245.920000
2021-06-09,242.010000
2021-06-10,239.650000
2021-06-11,241.850000
2021-06-14,239.590000
2021-06-15,239.080000
2021-06-16,236.990000
2021-06-17,236.690000
2021-06-18,231.970000
2021-06-21,236.480000
2021-06-22,236.010000
2021-06-23,232.930000
2021-06-24,234.770000
2021-06-25,237.100000
2021-06-28,240.040000
2021-06-29,236.690000
2021-06-30,237.070000
2021-07-01,238.300000
2021-07-02,238.030000
2021-07-06,235.240000
2021-07-07,235.930000
2021-07-08,231.410000
2021-07-09,234.900000
2021-07-12,235.220000
2021-07-13,235.560000
2021-07-14,236.020000
2021-07-15,234.910000
2021-07-16,233.830000
2021-07-19,227.630000
2021-07-20,232.020000
2021-07-21,233.570000
2021-07-22,232.240000
2021-07-23,232.880000
2021-07-26,228.440000
2021-07-27,228.880000
2021-07-28,227.250000
2021-07-29,228.950000
2021-07-30,229.490000
2021-08-02,229.350000
2021-08-03,233.960000
2021-08-04,231.480000
2021-08-05,206.210000
2021-08-06,209.300000
2021-08-09,211.150000
2021-08-10,210.950000
2021-08-11,211.300000
2021-08-12,209.680000
2021-08-13,210.610000
2021-08-16,210.900000
2021-08-17,210.500000
2021-08-18,205.600000
2021-08-19,206.180000
2021-08-20,207.530000
2021-08-23,207.740000
2021-08-24,211.890000
2021-08-25,211.390000
2021-08-26,207.790000
2021-08-27,210.680000
2021-08-30,207.470000
2021-08-31,211.650000
2021-09-01,211.050000
2021-09-02,218.210000
2021-09-03,216.920000
2021-09-07,216.320000
2021-09-08,213.360000
2021-09-09,213.950000
2021-09-10,204.690000
2021-09-13,209.100000
2021-09-14,203.650000
2021-09-15,206.580000
2021-09-16,205.520000
2021-09-17,205.620000
2021-09-20,202.530000
2021-09-21,202.390000
2021-09-22,201.990000
2021-09-23,202.460000
2021-09-24,203.890000
2021-09-27,206.610000
2021-09-28,203.280000
2021-09-29,203.930000
2021-09-30,200.160000
2021-10-01,202.600000
2021-10-04,199.450000
2021-10-05,201.400000
2021-10-06,203.250000
2021-10-07,204.710000
2021-10-08,205.180000
2021-10-11,203.930000
2021-10-12,202.100000
2021-10-13,199.470000
2021-10-14,203.040000
2021-10-15,206.190000
2021-10-18,204.570000
2021-10-19,206.630000
2021-10-20,214.760000
2021-10-21,216.230000
2021-10-22,216.400000
2021-10-25,215.620000
2021-10-26,215.670000
2021-10-27,213.400000
2021-10-28,215.750000
2021-10-29,213.610000
2021-11-01,216.130000
2021-11-02,214.710000
2021-11-03,218.250000
2021-11-04,213.160000
2021-11-05,214.120000
2021-11-08,218.160000
2021-11-09,216.200000
2021-11-10,217.840000
2021-11-11,217.700000
2021-11-12,217.730000
2021-11-15,215.530000
2021-11-16,217.760000
2021-11-17,216.980000
2021-11-18,218.750000
2021-11-19,210.510000
2021-11-22,211.550000
2021-11-23,213.240000
2021-11-24,210.580000
2021-11-26,202.030000
2021-11-29,199.610000
2021-11-30,191.900000
2021-12-01,194.720000
2021-12-02,197.790000
2021-12-03,199.860000
2021-12-06,206.590000
2021-12-07,207.970000
2021-12-08,208.310000
2021-12-09,211.300000
2021-12-10,214.940000
2021-12-13,215.150000
2021-12-14,216.620000
2021-12-15,217.460000
2021-12-16,218.670000
2021-12-17,219.620000
2021-12-20,217.000000
2021-12-21,220.240000
2021-12-22,222.330000
2021-12-23,225.890000
2021-12-27,227.860000
2021-12-28,230.540000
2021-12-29,231.650000
2021-12-30,230.750000
2021-12-31,229.630000
2022-01-03,234.200000
2022-01-04,233.300000
2022-01-05,236.520000
2022-01-06,227.540000
2022-01-07,233.180000
2022-01-10,233.690000
2022-01-11,240.140000
2022-01-12,238.780000
2022-01-13,240.550000
2022-01-14,242.170000
2022-01-18,239.980000
2022-01-19,238.800000
2022-01-20,240.390000
2022-01-21,236.250000
2022-01-24,236.420000
2022-01-25,234.740000
2022-01-26,234.020000
2022-01-27,227.430000
2022-01-28,233.450000
2022-01-31,230.460000
2022-02-01,225.910000
2022-02-02,230.020000
2022-02-03,217.560000
2022-02-04,221.370000
2022-02-07,224.480000
2022-02-08,231.770000
2022-02-09,232.380000
2022-02-10,230.270000
2022-02-11,227.500000
2022-02-14,225.240000
2022-02-15,228.410000
2022-02-16,229.000000
2022-02-17,227.110000
2022-02-18,228.650000
2022-02-22,227.730000
2022-02-23,225.090000
2022-02-24,224.430000
2022-02-25,232.840000
2022-02-28,237.780000
2022-03-01,237.100000
2022-03-02,240.510000
2022-03-03,237.810000
2022-03-04,241.630000
2022-03-07,237.850000
2022-03-08,229.100000
2022-03-09,231.260000
2022-03-10,229.460000
2022-03-11,226.860000
2022-03-14,226.200000
2022-03-15,233.080000
2022-03-16,237.500000
2022-03-17,242.390000
2022-03-18,241.160000
2022-03-21,243.510000
2022-03-22,243.530000
2022-03-23,238.500000
2022-03-24,242.100000
2022-03-25,243.580000
2022-03-28,243.660000
2022-03-29,243.340000
2022-03-30,245.830000
2022-03-31,239.610000
2022-04-01,246.250000
2022-04-04,242.260000
2022-04-05,245.090000
2022-04-06,249.610000
2022-04-07,255.130000
2022-04-08,257.900000
2022-04-11,254.120000
2022-04-12,254.820000
2022-04-13,258.990000
2022-04-14,259.210000
2022-04-18,258.960000
2022-04-19,261.030000
2022-04-20,268.870000
2022-04-21,264.610000
2022-04-22,255.060000
2022-04-25,254.360000
2022-04-26,252.600000
2022-04-27,250.770000
2022-04-28,254.240000
2022-04-29,246.780000
2022-05-02,246.110000
2022-05-03,247.290000
2022-05-04,255.670000
2022-05-05,252.080000
2022-05-06,266.900000
2022-05-09,261.410000
2022-05-10,260.650000
2022-05-11,260.200000
2022-05-12,260.030000
2022-05-13,259.190000
2022-05-16,266.490000
2022-05-17,271.350000
2022-05-18,257.570000
2022-05-19,256.880000
2022-05-20,259.490000
2022-05-23,263.370000
2022-05-24,264.960000
2022-05-25,265.750000
2022-05-26,268.880000
2022-05-27,272.400000
2022-05-31,268.290000
2022-06-01,264.580000
2022-06-02,263.430000
2022-06-03,253.970000
2022-06-06,258.320000
2022-06-07,262.280000
2022-06-08,260.780000
2022-06-09,257.580000
2022-06-10,253.290000
2022-06-13,242.230000
2022-06-14,245.710000
2022-06-15,247.100000
2022-06-16,248.300000
2022-06-17,244.520000
2022-06-21,252.180000
2022-06-22,255.900000
2022-06-23,259.680000
2022-06-24,265.130000
2022-06-27,267.880000
2022-06-28,266.210000
2022-06-29,267.340000
2022-06-30,263.520000
2022-07-01,268.030000
2022-07-05,264.840000
2022-07-06,271.090000
2022-07-07,275.780000
2022-07-08,279.190000
2022-07-11,279.910000
2022-07-12,279.350000
2022-07-13,273.750000
2022-07-14,264.910000
2022-07-15,274.110000
2022-07-18,268.350000
2022-07-19,274.600000
2022-07-20,266.720000
2022-07-21,266.350000
2022-07-22,269.200000
2022-07-25,272.630000
2022-07-26,274.830000
2022-07-27,274.730000
2022-07-28,273.220000
2022-07-29,275.360000
2022-08-01,273.410000
2022-08-02,271.440000
2022-08-03,271.740000
2022-08-04,280.100000
2022-08-05,281.770000
2022-08-08,281.770000
2022-08-09,285.040000
2022-08-10,287.070000
2022-08-11,286.000000
2022-08-12,290.920000
2022-08-15,290.870000
2022-08-16,290.610000
2022-08-17,291.600000
2022-08-18,290.890000
2022-08-19,292.980000
2022-08-22,291.500000
2022-08-23,286.330000
2022-08-24,288.760000
2022-08-25,291.850000
2022-08-26,284.870000
2022-08-29,287.190000
2022-08-30,285.070000
2022-08-31,283.450000
2022-09-01,288.040000
2022-09-02,287.700000
2022-09-06,285.250000
2022-09-07,290.000000
2022-09-08,290.710000
2022-09-09,292.840000
2022-09-12,294.150000
2022-09-13,286.820000
2022-09-14,284.080000
2022-09-15,289.960000
2022-09-16,290.350000
2022-09-19,289.320000
2022-09-20,288.080000
2022-09-21,284.950000
2022-09-22,282.900000
2022-09-23,277.770000
2022-09-26,276.800000
2022-09-27,277.620000
2022-09-28,282.550000
2022-09-29,280.560000
2022-09-30,277.470000
2022-10-03,287.220000
2022-10-04,293.020000
2022-10-05,294.030000
2022-10-06,293.080000
2022-10-07,288.380000
2022-10-10,285.730000
2022-10-11,290.950000
2022-10-12,288.360000
2022-10-13,297.640000
2022-10-14,295.300000
2022-10-17,289.920000
2022-10-18,293.740000
2022-10-19,293.080000
2022-10-20,294.310000
2022-10-21,301.340000
2022-10-24,306.950000
2022-10-25,310.920000
2022-10-26,314.950000
2022-10-27,316.580000
2022-10-28,324.760000
2022-10-31,323.060000
2022-11-01,325.120000
2022-11-02,320.860000
2022-11-03,324.240000
2022-11-04,322.130000
2022-11-07,324.370000
2022-11-08,327.740000
2022-11-09,324.990000
2022-11-10,323.340000
2022-11-11,303.820000
2022-11-14,306.850000
2022-11-15,305.170000
2022-11-16,306.690000
2022-11-17,312.100000
2022-11-18,319.210000
2022-11-21,315.290000
2022-11-22,319.350000
2022-11-23,319.840000
2022-11-25,323.900000
2022-11-28,319.510000
2022-11-29,320.700000
2022-11-30,328.890000
2022-12-01,323.450000
2022-12-02,327.200000
2022-12-05,327.390000
2022-12-06,329.640000
2022-12-07,332.190000
2022-12-08,333.500000
2022-12-09,332.120000
2022-12-12,339.300000
2022-12-13,330.250000
2022-12-14,334.680000
2022-12-15,331.450000
2022-12-16,327.290000
2022-12-19,330.780000
2022-12-20,329.540000
2022-12-21,333.160000
2022-12-22,333.280000
2022-12-23,334.310000
2022-12-27,334.100000
2022-12-28,331.850000
2022-12-29,330.720000
2022-12-30,331.340000
2023-01-03,321.480000
2023-01-04,310.300000
2023-01-05,304.190000
2023-01-06,302.680000
2023-01-09,303.040000
2023-01-10,303.790000
2023-01-11,309.230000
2023-01-12,310.220000
2023-01-13,314.210000
2023-01-17,315.000000
2023-01-18,308.360000
2023-01-19,310.660000
2023-01-20,308.360000
2023-01-23,308.170000
2023-01-24,308.990000
2023-01-25,313.590000
2023-01-26,313.200000
2023-01-27,308.300000
2023-01-30,310.360000
2023-01-31,316.670000
2023-02-01,313.280000
2023-02-02,301.530000
2023-02-03,292.590000
2023-02-06,288.440000
2023-02-07,289.000000
2023-02-08,290.200000
2023-02-09,291.510000
2023-02-10,296.510000
2023-02-13,298.560000
2023-02-14,299.360000
2023-02-15,298.580000
2023-02-16,299.430000
2023-02-17,301.060000
2023-02-21,293.980000
2023-02-22,294.920000
2023-02-23,294.650000
2023-02-24,293.730000
2023-02-27,296.360000
2023-02-28,292.100000
2023-03-01,288.750000
2023-03-02,287.590000
2023-03-03,286.970000
2023-03-06,288.470000
2023-03-07,281.720000
2023-03-08,279.320000
2023-03-09,271.930000
2023-03-10,275.640000
2023-03-13,273.050000
2023-03-14,272.130000
2023-03-15,270.360000
2023-03-16,274.430000
2023-03-17,269.450000
2023-03-20,272.900000
2023-03-21,276.620000
2023-03-22,270.440000
2023-03-23,256.580000
2023-03-24,260.210000
2023-03-27,261.780000
2023-03-28,256.500000
2023-03-29,254.030000
2023-03-30,254.090000
2023-03-31,255.530000
2023-04-03,262.000000
2023-04-04,256.540000
2023-04-05,265.880000
2023-04-06,265.290000
2023-04-10,263.100000
2023-04-11,266.480000
2023-04-12,260.770000
2023-04-13,263.810000
2023-04-14,259.100000
2023-04-17,258.670000
2023-04-18,259.690000
2023-04-19,256.100000
2023-04-20,255.780000
2023-04-21,252.120000
2023-04-24,256.100000
2023-04-25,253.710000
2023-04-26,248.170000
2023-04-27,250.330000
2023-04-28,253.290000
2023-05-01,254.900000
2023-05-02,250.420000
2023-05-03,246.000000
2023-05-04,243.690000
2023-05-05,260.740000
2023-05-08,264.690000
2023-05-09,262.790000
2023-05-10,263.450000
2023-05-11,260.000000
2023-05-12,256.570000
2023-05-15,258.000000
2023-05-16,255.480000
2023-05-17,263.220000
2023-05-18,256.490000
2023-05-19,255.130000
2023-05-22,255.520000
2023-05-23,251.920000
2023-05-24,249.760000
2023-05-25,247.070000
2023-05-26,244.100000
2023-05-30,242.640000
2023-05-31,247.410000
2023-06-01,253.390000
2023-06-02,257.030000
2023-06-05,262.740000
2023-06-06,263.200000
2023-06-07,261.790000
2023-06-08,264.510000
2023-06-09,265.880000
2023-06-12,266.990000
2023-06-13,272.250000
2023-06-14,263.770000
2023-06-15,269.490000
2023-06-16,268.830000
2023-06-20,270.050000
2023-06-21,273.830000
2023-06-22,275.330000
2023-06-23,274.850000
2023-06-26,276.410000
2023-06-27,275.800000
2023-06-28,274.740000
2023-06-29,277.250000
2023-06-30,280.600000
2023-07-03,280.330000
2023-07-05,280.750000
2023-07-06,279.000000
2023-07-07,277.120000
2023-07-10,278.340000
2023-07-11,281.740000
2023-07-12,268.690000
2023-07-13,270.060000
2023-07-14,282.760000
2023-07-17,281.160000
2023-07-18,284.820000
2023-07-19,292.660000
2023-07-20,294.220000
2023-07-21,293.770000
2023-07-24,292.060000
2023-07-25,294.690000
2023-07-26,290.690000
2023-07-27,292.750000
2023-07-28,292.100000
2023-07-31,295.100000
2023-08-01,295.640000
2023-08-02,299.400000
2023-08-03,287.640000
2023-08-04,286.580000
2023-08-07,291.820000
2023-08-08,292.150000
2023-08-09,288.330000
2023-08-10,288.910000
2023-08-11,289.510000
2023-08-14,289.840000
2023-08-15,289.290000
2023-08-16,288.960000
2023-08-17,270.530000
2023-08-18,276.010000
2023-08-21,281.260000
2023-08-22,280.070000
2023-08-23,281.830000
2023-08-24,282.380000
2023-08-25,279.230000
2023-08-28,281.550000
2023-08-29,281.640000
2023-08-30,282.670000
2023-08-31,276.260000
2023-09-01,276.670000
2023-09-05,278.750000
2023-09-06,275.630000
2023-09-07,281.290000
2023-09-08,281.480000
2023-09-11,284.820000
2023-09-12,286.530000
2023-09-13,285.210000
2023-09-14,283.310000
2023-09-15,283.220000
2023-09-18,285.340000
2023-09-19,284.640000
2023-09-20,287.330000
2023-09-21,290.840000
2023-09-22,289.440000
2023-09-25,294.340000
2023-09-26,288.470000
2023-09-27,288.610000
2023-09-28,290.320000
2023-09-29,286.070000
2023-10-02,287.540000
2023-10-03,284.410000
2023-10-04,285.080000
2023-10-05,285.350000
2023-10-06,288.230000
2023-10-09,289.670000
2023-10-10,291.760000
2023-10-11,294.450000
2023-10-12,295.800000
2023-10-13,305.090000
2023-10-16,312.130000
2023-10-17,310.600000
2023-10-18,311.940000
2023-10-19,310.170000
2023-10-20,306.780000
2023-10-23,301.050000
2023-10-24,304.640000
2023-10-25,303.890000
2023-10-26,304.220000
2023-10-27,303.240000
2023-10-30,305.220000
2023-10-31,309.200000
2023-11-01,309.410000
2023-11-02,318.890000
2023-11-03,310.650000
2023-11-06,306.840000
2023-11-07,295.030000
2023-11-08,295.350000
2023-11-09,288.910000
2023-11-10,293.210000
2023-11-13,294.120000
2023-11-14,290.080000
2023-11-15,282.980000
2023-11-16,282.240000
2023-11-17,282.560000
2023-11-20,284.300000
2023-11-21,286.490000
2023-11-22,288.310000
2023-11-24,287.850000
2023-11-27,286.260000
2023-11-28,286.080000
2023-11-29,262.870000
2023-11-30,262.880000
2023-12-01,269.020000
2023-12-04,262.910000
2023-12-05,257.780000
2023-12-06,257.490000
2023-12-07,257.940000
2023-12-08,258.800000
2023-12-11,301.970000
2023-12-12,296.710000
2023-12-13,297.180000
2023-12-14,298.640000
2023-12-15,290.500000
2023-12-18,292.070000
2023-12-19,294.320000
2023-12-20,295.850000
2023-12-21,297.240000
2023-12-22,298.090000
2023-12-26,300.120000
2023-12-27,299.140000
2023-12-28,299.400000
2023-12-29,299.450000
2024-01-02,310.100000
2024-01-03,303.660000
2024-01-04,306.220000
2024-01-05,313.590000
2024-01-08,313.630000
2024-01-09,312.870000
2024-01-10,307.720000
2024-01-11,307.390000
2024-01-12,305.010000
2024-01-16,306.940000
2024-01-17,308.480000
2024-01-18,309.080000
2024-01-19,302.060000
2024-01-22,305.030000
2024-01-23,304.400000
2024-01-24,304.500000
2024-01-25,298.570000
2024-01-26,297.820000
2024-01-29,298.880000
2024-01-30,298.950000
2024-01-31,300.950000
2024-02-01,307.320000
2024-02-02,323.840000
2024-02-05,321.270000
2024-02-06,327.580000
2024-02-07,330.550000
2024-02-08,332.290000
2024-02-09,334.930000
2024-02-12,337.250000
2024-02-13,337.420000
2024-02-14,338.610000
2024-02-15,339.200000
2024-02-16,341.090000
2024-02-20,341.350000
2024-02-21,343.380000
2024-02-22,342.160000
2024-02-23,344.240000
2024-02-26,342.310000
2024-02-27,340.740000
2024-02-28,335.130000
2024-02-29,336.140000
2024-03-01,332.960000
2024-03-04,336.800000
2024-03-05,332.730000
2024-03-06,339.820000
2024-03-07,342.740000
2024-03-08,341.790000
2024-03-11,342.270000
2024-03-12,343.940000
2024-03-13,348.720000
2024-03-14,349.510000
2024-03-15,352.050000
2024-03-18,352.630000
2024-03-19,352.370000
2024-03-20,353.830000
2024-03-21,353.720000
2024-03-22,351.780000
2024-03-25,355.550000
2024-03-26,357.730000
2024-03-27,363.340000
2024-03-28,363.190000
2024-04-01,364.080000
2024-04-02,363.090000
2024-04-03,361.070000
2024-04-04,360.370000
2024-04-05,362.450000
2024-04-08,357.980000
2024-04-09,357.480000
2024-04-10,357.840000
2024-04-11,353.080000
2024-04-12,349.840000
2024-04-15,348.900000
2024-04-16,346.850000
2024-04-17,346.080000
2024-04-18,348.780000
2024-04-19,352.390000
2024-04-22,353.180000
2024-04-23,352.650000
2024-04-24,352.280000
2024-04-25,354.510000
2024-04-26,354.470000
2024-04-29,356.440000
2024-04-30,357.040000
2024-05-01,357.180000
2024-05-02,344.500000
2024-05-03,341.500000
2024-05-06,342.410000
2024-05-07,346.700000
2024-05-08,347.350000
2024-05-09,350.970000
2024-05-10,348.390000
2024-05-13,349.140000
2024-05-14,346.420000
2024-05-15,343.280000
2024-05-16,339.310000
2024-05-17,338.710000
2024-05-20,333.370000
2024-05-21,336.380000
2024-05-22,336.470000
2024-05-23,337.830000
2024-05-24,332.610000
2024-05-28,333.210000
2024-05-29,332.920000
2024-05-30,331.000000
2024-05-31,344.620000
2024-06-03,341.490000
2024-06-04,337.060000
2024-06-05,334.180000
2024-06-06,337.910000
2024-06-07,338.100000
2024-06-10,338.650000
2024-06-11,337.940000
2024-06-12,336.050000
2024-06-13,334.150000
2024-06-14,333.290000
2024-06-17,333.900000
2024-06-18,334.800000
2024-06-20,337.880000
2024-06-21,339.980000
2024-06-24,343.140000
2024-06-25,338.800000
2024-06-26,337.580000
2024-06-27,334.150000
2024-06-28,330.570000
2024-07-01,326.270000
2024-07-02,325.910000
2024-07-03,325.430000
2024-07-05,319.120000
2024-07-08,323.780000
2024-07-09,328.370000
2024-07-10,329.910000
2024-07-11,333.560000
2024-07-12,334.790000
2024-07-15,331.420000
2024-07-16,339.710000
2024-07-17,344.760000
2024-07-18,340.520000
2024-07-19,335.840000
2024-07-22,335.790000
2024-07-23,336.170000
2024-07-24,342.210000
2024-07-25,341.150000
2024-07-26,343.640000
2024-07-29,346.540000
2024-07-30,352.770000
2024-07-31,348.670000
2024-08-01,332.600000
2024-08-02,337.330000
2024-08-05,325.710000
2024-08-06,329.290000
2024-08-07,329.010000
2024-08-08,335.020000
2024-08-09,336.140000
2024-08-12,328.100000
2024-08-13,332.720000
2024-08-14,334.900000
2024-08-15,336.700000
2024-08-16,342.320000
2024-08-19,342.330000
2024-08-20,342.600000
2024-08-21,342.400000
2024-08-22,346.470000
2024-08-23,353.990000
2024-08-26,353.940000
2024-08-27,353.890000
2024-08-28,357.930000
2024-08-29,361.060000
2024-08-30,361.810000
2024-09-03,365.480000
2024-09-04,366.640000
2024-09-05,355.120000
2024-09-06,353.490000
2024-09-09,357.610000
2024-09-10,358.100000
2024-09-11,357.780000
2024-09-12,362.170000
2024-09-13,364.720000
2024-09-16,366.850000
2024-09-17,356.230000
2024-09-18,355.390000
2024-09-19,357.260000
2024-09-20,356.140000
2024-09-23,354.940000
2024-09-24,353.170000
2024-09-25,348.860000
2024-09-26,344.990000
2024-09-27,347.700000
2024-09-30,346.440000
2024-10-01,348.090000
2024-10-02,340.710000
2024-10-03,340.560000
2024-10-04,341.700000
2024-10-07,340.270000
2024-10-08,343.930000
2024-10-09,346.720000
2024-10-10,350.500000
2024-10-11,350.300000
2024-10-14,351.450000
2024-10-15,348.840000
2024-10-16,358.580000
2024-10-17,353.120000
2024-10-18,336.000000
2024-10-21,320.230000
2024-10-22,317.460000
2024-10-23,317.570000
2024-10-24,318.240000
2024-10-25,316.850000
2024-10-28,314.920000
2024-10-29,308.230000
2024-10-30,312.890000
2024-10-31,314.810000
2024-11-01,316.490000
2024-11-04,312.320000
2024-11-05,318.390000
2024-11-06,315.220000
2024-11-07,319.490000
2024-11-08,319.770000
2024-11-11,343.060000
2024-11-12,339.870000
2024-11-13,332.040000
2024-11-14,323.880000
2024-11-15,321.520000
2024-11-18,322.450000
2024-11-19,322.500000
2024-11-20,323.390000
2024-11-21,330.070000
2024-11-22,328.450000
2024-11-25,333.010000
2024-11-26,335.000000
2024-11-27,336.500000
2024-11-29,337.800000
2024-12-02,337.060000
2024-12-03,334.900000
2024-12-04,330.120000
2024-12-05,322.610000
2024-12-06,317.810000
2024-12-09,319.150000
2024-12-10,311.370000
2024-12-11,294.030000
2024-12-12,282.960000
2024-12-13,281.860000
2024-12-16,273.260000
2024-12-17,265.590000
2024-12-18,282.410000
2024-12-19,274.800000
2024-12-20,276.920000
2024-12-23,281.630000
2024-12-24,280.060000
2024-12-26,281.580000
2024-12-27,278.710000
2024-12-30,275.140000
2024-12-31,276.140000
2025-01-02,274.490000
2025-01-03,280.700000
2025-01-06,279.660000
2025-01-07,279.930000
2025-01-08,279.320000
2025-01-10,278.990000
2025-01-13,282.450000
2025-01-14,285.030000
2025-01-15,284.580000
2025-01-16,280.970000
2025-01-17,283.990000
2025-01-21,288.590000
2025-01-22,289.040000
2025-01-23,294.990000
2025-01-24,293.640000
2025-01-27,305.720000
2025-01-28,302.820000
2025-01-29,303.310000
2025-01-30,282.980000
2025-01-31,294.210000
2025-02-03,292.460000
2025-02-04,291.460000
2025-02-05,293.310000
2025-02-06,287.230000
2025-02-07,286.710000
2025-02-10,292.820000
2025-02-11,295.240000
2025-02-12,292.690000
2025-02-13,299.820000
2025-02-14,292.320000
2025-02-18,294.750000
2025-02-19,297.230000
2025-02-20,299.680000
2025-02-21,299.810000
2025-02-24,301.020000
2025-02-25,313.900000
2025-02-26,305.340000
2025-02-27,302.920000
2025-02-28,308.850000
2025-03-03,311.510000
2025-03-04,308.860000
2025-03-05,309.830000
2025-03-06,315.630000
2025-03-07,321.020000
2025-03-10,326.680000
2025-03-11,317.870000
2025-03-12,311.050000
2025-03-13,311.990000
2025-03-14,312.900000
2025-03-17,316.800000
2025-03-18,322.430000
2025-03-19,320.830000
2025-03-20,321.390000
2025-03-21,316.650000
2025-03-24,320.400000
2025-03-25,316.840000
2025-03-26,321.230000
2025-03-27,324.740000
2025-03-28,325.040000
2025-03-31,329.000000
2025-04-01,331.000000
2025-04-02,331.920000
2025-04-03,338.450000
2025-04-04,322.400000
2025-04-07,315.390000
2025-04-08,313.840000
2025-04-09,319.990000
2025-04-10,327.270000
2025-04-11,330.190000
2025-04-14,329.200000
2025-04-15,328.630000
2025-04-16,329.440000
2025-04-17,330.130000
2025-04-21,324.770000
2025-04-22,337.070000
2025-04-23,336.690000
2025-04-24,335.700000
2025-04-25,335.360000
2025-04-28,334.820000
2025-04-29,337.210000
2025-04-30,340.040000
2025-05-01,335.180000
2025-05-02,334.750000
2025-05-05,333.010000
2025-05-06,333.820000
2025-05-07,334.440000
2025-05-08,333.110000
2025-05-09,333.460000
2025-05-12,315.740000
2025-05-13,301.890000
2025-05-14,303.350000
2025-05-15,308.860000
2025-05-16,320.940000
2025-05-19,321.960000
2025-05-20,325.000000
2025-05-21,317.090000
2025-05-22,312.680000
2025-05-23,315.990000
2025-05-27,315.280000
2025-05-28,310.860000
2025-05-29,312.050000
2025-05-30,316.640000
2025-06-02,314.990000
2025-06-03,311.670000
2025-06-04,310.120000
2025-06-05,311.020000
2025-06-06,312.180000
2025-06-09,311.400000
2025-06-10,313.620000
2025-06-11,310.200000
2025-06-12,315.370000
2025-06-13,317.400000
2025-06-16,314.440000
2025-06-17,312.510000
2025-06-18,314.400000
2025-06-20,314.350000
2025-06-23,316.970000
2025-06-24,316.830000
2025-06-25,316.000000
2025-06-26,330.000000
2025-06-27,326.310000
2025-06-30,330.580000
2025-07-01,334.390000
2025-07-02,320.390000
2025-07-03,319.750000
2025-07-07,313.630000
2025-07-08,312.000000
2025-07-09,309.780000
2025-07-10,308.780000
2025-07-11,303.270000
2025-07-14,303.060000
2025-07-15,302.440000
2025-07-16,305.820000
2025-07-17,298.280000
2025-07-18,295.710000
2025-07-21,294.800000
2025-07-22,300.050000
2025-07-23,304.340000
2025-07-24,293.930000
2025-07-25,296.370000
2025-07-28,292.390000
2025-07-29,292.170000
2025-07-30,297.860000
2025-07-31,267.380000
2025-08-01,262.230000
2025-08-04,266.590000
2025-08-05,270.740000
2025-08-06,269.960000
2025-08-07,271.000000
2025-08-08,274.900000
2025-08-11,277.040000
2025-08-12,280.470000
2025-08-13,287.100000
2025-08-14,290.350000
2025-08-15,296.860000
2025-08-18,298.320000
2025-08-19,302.110000
2025-08-20,304.570000
2025-08-21,300.950000
2025-08-22,304.350000
2025-08-25,300.760000
2025-08-26,300.320000
2025-08-27,299.950000
2025-08-28,299.000000
2025-08-29,300.870000
2025-09-02,300.720000
2025-09-03,300.480000
2025-09-04,304.030000
2025-09-05,305.310000
2025-09-08,300.890000
2025-09-09,302.010000
2025-09-10,302.440000
2025-09-11,305.870000
2025-09-12,302.760000
2025-09-15,297.140000
2025-09-16,294.210000
2025-09-17,296.590000
2025-09-18,293.760000
2025-09-19,290.360000
2025-09-22,288.620000
2025-09-23,290.080000
2025-09-24,291.430000
2025-09-25,284.060000
2025-09-26,286.170000
2025-09-29,286.640000
2025-09-30,288.250000
2025-10-01,291.650000
2025-10-02,296.980000
2025-10-03,311.000000
2025-10-06,302.990000
2025-10-07,307.140000
2025-10-08,306.760000
2025-10-09,306.130000
2025-10-10,300.730000
2025-10-13,295.410000
2025-10-14,302.130000
2025-10-15,294.570000
2025-10-16,291.070000
2025-10-17,299.270000
2025-10-20,306.840000
2025-10-21,307.500000
2025-10-22,307.870000
2025-10-23,305.070000
2025-10-24,301.780000
2025-10-27,309.180000
2025-10-28,308.410000
2025-10-29,299.120000
2025-10-30,247.100000
2025-10-31,244.410000
2025-11-03,258.620000
2025-11-04,264.660000
2025-11-05,259.580000
2025-11-06,256.380000
2025-11-07,264.580000
2025-11-10,258.160000
2025-11-11,268.000000
2025-11-12,270.610000
2025-11-13,270.890000
2025-11-14,269.660000
2025-11-17,271.330000
2025-11-18,272.610000
2025-11-19,271.990000
2025-11-20,269.600000
2025-11-21,278.090000
2025-11-24,271.470000
2025-11-25,278.200000
2025-11-26,278.350000
2025-11-28,277.280000
2025-12-01,273.570000
2025-12-02,274.100000
2025-12-03,270.320000
2025-12-04,268.420000
2025-12-05,265.440000
2025-12-08,263.540000
2025-12-09,262.710000
2025-12-10,262.600000
2025-12-11,272.260000
2025-12-12,274.700000
2025-12-15,277.150000
2025-12-16,276.110000
2025-12-17,273.840000
2025-12-18,274.000000
2025-12-19,271.890000
2025-12-22,275.600000
2025-12-23,273.750000
2025-12-24,274.860000
2025-12-26,276.510000
2025-12-29,276.010000
2025-12-30,276.480000
2025-12-31,275.230000
2026-01-02,279.120000
2026-01-05,283.970000
2026-01-06,284.760000
2026-01-07,279.120000
2026-01-08,283.910000
2026-01-09,278.950000
2026-01-12,276.020000
2026-01-13,271.810000
2026-01-14,271.000000
2026-01-15,277.940000
2026-01-16,272.210000
2026-01-20,271.240000
2026-01-21,274.910000
2026-01-22,280.390000
2026-01-23,279.200000
2026-01-26,280.410000
2026-01-27,270.090000
2026-01-28,272.380000
2026-01-29,271.270000
2026-01-30,274.110000
2026-02-02,271.540000
2026-02-03,275.390000
2026-02-04,271.710000
2026-02-05,284.530000
2026-02-06,292.050000
2026-02-09,294.400000
2026-02-10,287.810000
2026-02-11,294.730000
2026-02-12,287.610000
2026-02-13,291.440000
2026-02-17,290.710000
2026-02-18,290.120000
2026-02-19,285.920000
2026-02-20,280.310000
2026-02-23,283.180000
2026-02-24,281.000000
2026-02-25,284.440000
2026-02-26,288.820000
2026-02-27,289.820000
2026-03-02,290.850000
2026-03-03,283.930000
2026-03-04,284.740000
2026-03-05,281.270000
2026-03-06,271.630000
2026-03-09,269.660000
2026-03-10,262.440000
2026-03-11,260.870000
2026-03-12,265.880000
2026-03-13,267.190000
2026-03-16,268.350000
2026-03-17,263.470000
2026-03-18,264.610000
2026-03-19,264.570000
2026-03-20,262.840000
2026-03-23,261.490000
2026-03-24,265.870000
2026-03-25,270.360000
2026-03-26,272.080000
2026-03-27,261.960000
2026-03-30,258.080000
2026-03-31,266.750000
2026-04-01,267.320000
2026-04-02,270.020000
2026-04-06,275.690000
2026-04-07,274.250000
2026-04-08,277.560000
2026-04-09,278.450000
2026-04-10,271.250000
2026-04-13,275.120000
2026-04-14,272.600000
2026-04-15,268.630000
2026-04-16,276.370000
2026-04-17,278.640000
2026-04-20,279.920000
2026-04-21,276.690000
2026-04-22,274.700000
2026-04-23,279.720000
2026-04-24,275.640000
2026-04-27,282.580000
2026-04-28,284.920000
2026-04-29,292.320000
2026-04-30,290.580000
2026-05-01,282.900000
2026-05-04,279.350000
2026-05-05,275.660000
2026-05-06,281.980000
2026-05-07,284.040000
2026-05-08,288.060000
2026-05-11,289.070000
2026-05-12,298.490000
2026-05-13,300.710000
2026-05-14,294.930000
2026-05-15,285.270000
2026-05-18,286.690000
2026-05-19,291.280000
2026-05-20,283.100000
2026-05-21,282.020000
2026-05-22,286.240000
2026-05-26,280.830000
2026-05-27,285.750000
2026-05-28,284.330000
2026-05-29,277.400000
2026-06-01,274.190000
2026-06-02,272.720000
2026-06-03,270.730000
2026-06-04,280.680000
2026-06-05,289.480000
2026-06-08,289.610000
2026-06-09,295.000000
2026-06-10,295.810000
2026-06-11,294.840000
2026-06-12,298.000000
2026-06-15,293.830000
2026-06-16,291.880000
2026-06-17,285.090000
2026-06-18,279.270000
2026-06-22,282.080000
2026-06-23,283.080000
2026-06-24,279.460000
2026-06-25,281.870000
2026-06-26,282.790000
2026-06-29,278.740000
2026-06-30,275.680000
2026-07-01,277.070000
2026-07-02,287.770000
2026-07-06,281.980000
2026-07-07,286.620000
2026-07-08,289.730000
2026-07-09,291.800000
2026-07-10,293.460000
2026-07-13,304.500000
2026-07-14,303.350000
2026-07-15,297.810000
2026-07-16,283.820000
2026-07-17,281.450000
2026-07-20,283.940000
2026-07-21,290.490000
2026-07-22,284.850000
2026-07-23,286.290000
2026-07-24,289.570000
2026-07-27,291.020000
2026-07-28,301.060000
2026-07-29,296.470000
2026-07-30,287.660000
2026-07-31,279.050000
2026-08-03,282.060000
2026-08-04,274.050000
2026-08-05,270.500000
2026-08-06,275.250000
2026-08-07,282.490000
2026-08-10,278.400000
2026-08-11,273.870000
2026-08-12,277.410000
2026-08-13,277.990000
2026-08-14,282.560000
2026-08-17,275.330000
2026-08-18,278.500000
2026-08-19,277.450000
2026-08-20,274.410000
2026-08-21,277.510000
2026-08-24,280.450000
2026-08-25,279.320000
2026-08-26,280.870000
2026-08-27,277.670000
