d,c
2009-01-02,5.020000
2009-01-05,5.170000
2009-01-06,5.730000
2009-01-07,6.030000
2009-01-08,6.260000
2009-01-09,6.130000
2009-01-12,6.530000
2009-01-13,6.180000
2009-01-14,5.790000
2009-01-15,5.900000
2009-01-16,6.220000
2009-01-20,5.440000
2009-01-21,6.110000
2009-01-22,5.990000
2009-01-23,6.650000
2009-01-26,7.020000
2009-01-27,7.120000
2009-01-28,7.090000
2009-01-29,6.870000
2009-01-30,6.690000
2009-02-02,6.930000
2009-02-03,7.070000
2009-02-04,6.870000
2009-02-05,6.970000
2009-02-06,7.000000
2009-02-09,7.000000
2009-02-10,6.590000
2009-02-11,6.520000
2009-02-12,6.510000
2009-02-13,6.450000
2009-02-17,6.040000
2009-02-18,5.940000
2009-02-19,6.220000
2009-02-20,6.550000
2009-02-23,6.490000
2009-02-24,6.150000
2009-02-25,6.400000
2009-02-26,6.520000
2009-02-27,6.830000
2009-03-02,6.700000
2009-03-03,6.330000
2009-03-04,6.440000
2009-03-05,5.910000
2009-03-06,5.880000
2009-03-09,5.730000
2009-03-10,6.110000
2009-03-11,6.200000
2009-03-12,6.280000
2009-03-13,6.420000
2009-03-16,6.230000
2009-03-17,6.370000
2009-03-18,6.620000
2009-03-19,6.550000
2009-03-20,6.450000
2009-03-23,6.720000
2009-03-24,6.650000
2009-03-25,6.780000
2009-03-26,7.050000
2009-03-27,6.820000
2009-03-30,6.640000
2009-03-31,6.550000
2009-04-01,6.420000
2009-04-02,6.760000
2009-04-03,7.030000
2009-04-06,6.750000
2009-04-07,6.670000
2009-04-08,6.870000
2009-04-09,7.380000
2009-04-13,7.360000
2009-04-14,7.180000
2009-04-15,7.100000
2009-04-16,7.250000
2009-04-17,7.050000
2009-04-20,6.650000
2009-04-21,7.200000
2009-04-22,7.410000
2009-04-23,7.920000
2009-04-24,8.380000
2009-04-27,8.490000
2009-04-28,8.620000
2009-04-29,9.210000
2009-04-30,9.440000
2009-05-01,9.490000
2009-05-04,9.300000
2009-05-05,9.130000
2009-05-06,8.850000
2009-05-07,8.420000
2009-05-08,9.200000
2009-05-11,8.940000
2009-05-12,8.690000
2009-05-13,8.140000
2009-05-14,8.140000
2009-05-15,8.060000
2009-05-18,8.680000
2009-05-19,8.880000
2009-05-20,8.710000
2009-05-21,8.400000
2009-05-22,8.270000
2009-05-26,8.870000
2009-05-27,8.750000
2009-05-28,8.790000
2009-05-29,9.060000
2009-06-01,9.670000
2009-06-02,9.300000
2009-06-03,9.050000
2009-06-04,9.090000
2009-06-05,8.900000
2009-06-08,8.390000
2009-06-09,8.520000
2009-06-10,8.240000
2009-06-11,7.870000
2009-06-12,7.890000
2009-06-15,7.720000
2009-06-16,7.770000
2009-06-17,7.690000
2009-06-18,7.870000
2009-06-19,7.560000
2009-06-22,7.450000
2009-06-23,7.400000
2009-06-24,7.250000
2009-06-25,7.350000
2009-06-26,7.590000
2009-06-29,7.480000
2009-06-30,7.490000
2009-07-01,7.960000
2009-07-02,7.650000
2009-07-06,7.600000
2009-07-07,7.520000
2009-07-08,7.630000
2009-07-09,7.480000
2009-07-10,7.630000
2009-07-13,7.810000
2009-07-14,8.170000
2009-07-15,8.200000
2009-07-16,7.970000
2009-07-17,7.910000
2009-07-20,8.090000
2009-07-21,8.370000
2009-07-22,8.440000
2009-07-23,8.330000
2009-07-24,8.310000
2009-07-27,8.300000
2009-07-28,8.240000
2009-07-29,8.140000
2009-07-30,8.300000
2009-07-31,8.220000
2009-08-03,8.300000
2009-08-04,8.250000
2009-08-05,8.250000
2009-08-06,8.080000
2009-08-07,8.080000
2009-08-10,8.200000
2009-08-11,7.830000
2009-08-12,7.730000
2009-08-13,7.760000
2009-08-14,7.610000
2009-08-17,7.370000
2009-08-18,7.590000
2009-08-19,7.660000
2009-08-20,7.780000
2009-08-21,7.820000
2009-08-24,7.720000
2009-08-25,7.710000
2009-08-26,8.090000
2009-08-27,8.270000
2009-08-28,8.290000
2009-08-31,8.090000
2009-09-01,7.840000
2009-09-02,7.760000
2009-09-03,8.010000
2009-09-04,8.070000
2009-09-08,8.070000
2009-09-09,8.100000
2009-09-10,8.150000
2009-09-11,8.000000
2009-09-14,8.150000
2009-09-15,8.930000
2009-09-16,9.110000
2009-09-17,9.000000
2009-09-18,8.910000
2009-09-21,9.110000
2009-09-22,8.990000
2009-09-23,8.800000
2009-09-24,8.730000
2009-09-25,8.730000
2009-09-28,8.770000
2009-09-29,8.780000
2009-09-30,8.840000
2009-10-01,8.690000
2009-10-02,8.410000
2009-10-05,8.470000
2009-10-06,8.340000
2009-10-07,8.220000
2009-10-08,8.600000
2009-10-09,8.900000
2009-10-12,9.370000
2009-10-13,8.430000
2009-10-14,8.420000
2009-10-15,8.440000
2009-10-16,8.540000
2009-10-19,8.520000
2009-10-20,8.370000
2009-10-21,8.040000
2009-10-22,8.100000
2009-10-23,7.900000
2009-10-26,7.900000
2009-10-27,7.780000
2009-10-28,7.400000
2009-10-29,7.510000
2009-10-30,7.340000
2009-11-02,7.300000
2009-11-03,7.520000
2009-11-04,7.410000
2009-11-05,7.550000
2009-11-06,7.460000
2009-11-09,7.440000
2009-11-10,7.490000
2009-11-11,7.960000
2009-11-12,7.790000
2009-11-13,7.790000
2009-11-16,8.020000
2009-11-17,7.850000
2009-11-18,7.720000
2009-11-19,7.490000
2009-11-20,7.620000
2009-11-23,7.840000
2009-11-24,7.990000
2009-11-25,8.080000
2009-11-27,7.950000
2009-11-30,7.870000
2009-12-01,7.750000
2009-12-02,7.790000
2009-12-03,7.580000
2009-12-04,7.790000
2009-12-07,7.710000
2009-12-08,7.740000
2009-12-09,7.740000
2009-12-10,7.660000
2009-12-11,7.690000
2009-12-14,7.660000
2009-12-15,7.830000
2009-12-16,7.850000
2009-12-17,7.690000
2009-12-18,7.730000
2009-12-21,8.080000
2009-12-22,8.120000
2009-12-23,8.490000
2009-12-24,8.590000
2009-12-28,8.540000
2009-12-29,8.700000
2009-12-30,8.650000
2009-12-31,8.380000
2010-01-04,8.680000
2010-01-05,8.760000
2010-01-06,9.010000
2010-01-07,9.370000
2010-01-08,9.370000
2010-01-11,9.440000
2010-01-12,9.920000
2010-01-13,10.280000
2010-01-14,11.310000
2010-01-15,11.330000
2010-01-19,11.420000
2010-01-20,11.160000
2010-01-21,11.030000
2010-01-22,11.070000
2010-01-25,11.220000
2010-01-26,11.000000
2010-01-27,11.170000
2010-01-28,11.120000
2010-01-29,11.300000
2010-02-01,11.360000
2010-02-02,11.120000
2010-02-03,11.080000
2010-02-04,10.700000
2010-02-05,10.620000
2010-02-08,10.650000
2010-02-09,11.140000
2010-02-10,11.160000
2010-02-11,11.470000
2010-02-12,11.530000
2010-02-16,11.830000
2010-02-17,12.290000
2010-02-18,12.250000
2010-02-19,12.280000
2010-02-22,12.320000
2010-02-23,12.140000
2010-02-24,12.440000
2010-02-25,12.430000
2010-02-26,12.490000
2010-03-01,12.740000
2010-03-02,13.390000
2010-03-03,14.060000
2010-03-04,13.700000
2010-03-05,13.890000
2010-03-08,13.790000
2010-03-09,14.190000
2010-03-10,13.570000
2010-03-11,13.740000
2010-03-12,13.900000
2010-03-15,13.770000
2010-03-16,14.080000
2010-03-17,14.190000
2010-03-18,13.560000
2010-03-19,13.350000
2010-03-22,13.920000
2010-03-23,13.900000
2010-03-24,13.830000
2010-03-25,13.970000
2010-03-26,13.790000
2010-03-29,13.780000
2010-03-30,13.860000
2010-03-31,13.640000
2010-04-01,13.780000
2010-04-05,14.000000
2010-04-06,13.940000
2010-04-07,14.010000
2010-04-08,14.710000
2010-04-09,14.460000
2010-04-12,14.420000
2010-04-13,15.160000
2010-04-14,15.350000
2010-04-15,15.080000
2010-04-16,14.820000
2010-04-19,14.860000
2010-04-20,15.370000
2010-04-21,15.520000
2010-04-22,15.180000
2010-04-23,15.190000
2010-04-26,16.160000
2010-04-27,15.700000
2010-04-28,15.350000
2010-04-29,15.780000
2010-04-30,15.410000
2010-05-03,16.060000
2010-05-04,14.020000
2010-05-05,14.280000
2010-05-06,13.360000
2010-05-07,12.570000
2010-05-10,13.460000
2010-05-11,13.890000
2010-05-12,14.220000
2010-05-13,13.930000
2010-05-14,13.550000
2010-05-17,13.710000
2010-05-18,13.600000
2010-05-19,13.280000
2010-05-20,12.750000
2010-05-21,12.980000
2010-05-24,12.960000
2010-05-25,12.970000
2010-05-26,13.020000
2010-05-27,13.350000
2010-05-28,13.000000
2010-06-01,12.780000
2010-06-02,13.070000
2010-06-03,13.290000
2010-06-04,12.690000
2010-06-07,12.080000
2010-06-08,12.110000
2010-06-09,12.260000
2010-06-10,12.540000
2010-06-11,12.670000
2010-06-14,12.780000
2010-06-15,13.000000
2010-06-16,12.960000
2010-06-17,12.810000
2010-06-18,12.850000
2010-06-21,12.360000
2010-06-22,12.160000
2010-06-23,12.020000
2010-06-24,11.690000
2010-06-25,11.790000
2010-06-28,11.510000
2010-06-29,10.990000
2010-06-30,11.300000
2010-07-01,11.310000
2010-07-02,11.500000
2010-07-06,11.160000
2010-07-07,11.370000
2010-07-08,11.870000
2010-07-09,12.210000
2010-07-12,12.070000
2010-07-13,12.580000
2010-07-14,12.740000
2010-07-15,12.770000
2010-07-16,12.160000
2010-07-19,12.080000
2010-07-20,12.320000
2010-07-21,12.030000
2010-07-22,12.870000
2010-07-23,13.200000
2010-07-26,13.590000
2010-07-27,13.210000
2010-07-28,13.130000
2010-07-29,12.940000
2010-07-30,12.790000
2010-08-02,12.670000
2010-08-03,12.480000
2010-08-04,12.820000
2010-08-05,12.830000
2010-08-06,13.000000
2010-08-09,13.440000
2010-08-10,13.260000
2010-08-11,12.880000
2010-08-12,13.020000
2010-08-13,13.170000
2010-08-16,13.270000
2010-08-17,13.300000
2010-08-18,13.300000
2010-08-19,13.110000
2010-08-20,13.080000
2010-08-23,13.150000
2010-08-24,12.870000
2010-08-25,12.930000
2010-08-26,12.600000
2010-08-27,12.850000
2010-08-30,12.790000
2010-08-31,12.820000
2010-09-01,13.180000
2010-09-02,13.540000
2010-09-03,13.830000
2010-09-07,13.390000
2010-09-08,13.800000
2010-09-09,14.070000
2010-09-10,13.860000
2010-09-13,13.980000
2010-09-14,14.010000
2010-09-15,14.020000
2010-09-16,13.950000
2010-09-17,13.970000
2010-09-20,14.130000
2010-09-21,13.900000
2010-09-22,13.520000
2010-09-23,13.200000
2010-09-24,13.350000
2010-09-27,13.190000
2010-09-28,13.250000
2010-09-29,13.240000
2010-09-30,13.220000
2010-10-01,13.150000
2010-10-04,13.090000
2010-10-05,13.250000
2010-10-06,13.290000
2010-10-07,13.940000
2010-10-08,14.180000
2010-10-11,14.510000
2010-10-12,14.480000
2010-10-13,14.550000
2010-10-14,14.560000
2010-10-15,14.620000
2010-10-18,14.630000
2010-10-19,15.550000
2010-10-20,15.590000
2010-10-21,15.050000
2010-10-22,15.280000
2010-10-25,15.300000
2010-10-26,15.360000
2010-10-27,14.880000
2010-10-28,14.880000
2010-10-29,14.840000
2010-11-01,14.880000
2010-11-02,15.120000
2010-11-03,15.090000
2010-11-04,15.060000
2010-11-05,15.150000
2010-11-08,15.470000
2010-11-09,15.550000
2010-11-10,15.040000
2010-11-11,15.030000
2010-11-12,14.650000
2010-11-15,14.560000
2010-11-16,13.980000
2010-11-17,14.200000
2010-11-18,14.410000
2010-11-19,14.390000
2010-11-22,14.730000
2010-11-23,14.610000
2010-11-24,14.900000
2010-11-26,14.780000
2010-11-29,14.810000
2010-11-30,14.770000
2010-12-01,14.800000
2010-12-02,14.870000
2010-12-03,14.850000
2010-12-06,14.840000
2010-12-07,15.190000
2010-12-08,15.550000
2010-12-09,15.470000
2010-12-10,15.410000
2010-12-13,15.140000
2010-12-14,15.170000
2010-12-15,15.660000
2010-12-16,15.590000
2010-12-17,15.850000
2010-12-20,16.020000
2010-12-21,16.090000
2010-12-22,15.990000
2010-12-23,16.000000
2010-12-27,15.980000
2010-12-28,15.910000
2010-12-29,15.920000
2010-12-30,16.000000
2010-12-31,15.950000
2011-01-04,16.170000
2011-01-05,16.680000
2011-01-06,16.600000
2011-01-07,16.630000
2011-01-10,16.670000
2011-01-11,16.430000
2011-01-12,16.900000
2011-01-13,17.010000
2011-01-14,17.160000
2011-01-18,16.930000
2011-01-19,16.460000
2011-01-20,16.640000
2011-01-21,16.670000
2011-01-24,16.550000
2011-01-25,16.820000
2011-01-26,16.640000
2011-01-27,16.990000
2011-01-28,16.370000
2011-01-31,16.400000
2011-02-01,16.880000
2011-02-02,16.780000
2011-02-03,16.450000
2011-02-04,16.520000
2011-02-07,16.390000
2011-02-08,16.540000
2011-02-09,16.640000
2011-02-10,16.570000
2011-02-11,17.050000
2011-02-14,17.100000
2011-02-15,16.930000
2011-02-16,17.400000
2011-02-17,17.340000
2011-02-18,17.140000
2011-02-22,17.010000
2011-02-23,16.490000
2011-02-24,16.440000
2011-02-25,16.790000
2011-02-28,16.870000
2011-03-01,16.400000
2011-03-02,16.940000
2011-03-03,17.100000
2011-03-04,17.320000
2011-03-07,17.070000
2011-03-08,17.360000
2011-03-09,17.600000
2011-03-10,17.500000
2011-03-11,17.860000
2011-03-14,17.530000
2011-03-15,17.710000
2011-03-16,17.580000
2011-03-17,17.670000
2011-03-18,17.720000
2011-03-21,18.000000
2011-03-22,17.850000
2011-03-23,17.950000
2011-03-24,17.920000
2011-03-25,18.190000
2011-03-28,18.050000
2011-03-29,18.050000
2011-03-30,17.880000
2011-03-31,18.430000
2011-04-01,18.470000
2011-04-04,18.440000
2011-04-05,18.600000
2011-04-06,18.360000
2011-04-07,18.110000
2011-04-08,18.050000
2011-04-11,17.880000
2011-04-12,17.870000
2011-04-13,18.030000
2011-04-14,18.140000
2011-04-15,18.060000
2011-04-18,18.150000
2011-04-19,18.160000
2011-04-20,18.380000
2011-04-21,18.300000
2011-04-25,18.250000
2011-04-26,18.590000
2011-04-27,18.570000
2011-04-28,18.750000
2011-04-29,18.570000
2011-05-02,18.560000
2011-05-03,18.950000
2011-05-04,19.200000
2011-05-05,21.300000
2011-05-06,21.940000
2011-05-09,21.940000
2011-05-10,22.800000
2011-05-11,22.770000
2011-05-12,23.050000
2011-05-13,23.530000
2011-05-16,23.360000
2011-05-17,23.630000
2011-05-18,24.330000
2011-05-19,24.490000
2011-05-20,24.520000
2011-05-23,24.440000
2011-05-24,24.400000
2011-05-25,24.670000
2011-05-26,24.690000
2011-05-27,24.580000
2011-05-31,24.920000
2011-06-01,24.610000
2011-06-02,24.190000
2011-06-03,24.240000
2011-06-06,23.600000
2011-06-07,23.860000
2011-06-08,23.320000
2011-06-09,23.510000
2011-06-10,23.120000
2011-06-13,23.210000
2011-06-14,23.990000
2011-06-15,23.670000
2011-06-16,23.810000
2011-06-17,23.800000
2011-06-20,24.070000
2011-06-21,24.620000
2011-06-22,24.420000
2011-06-23,24.840000
2011-06-24,24.790000
2011-06-27,25.220000
2011-06-28,25.810000
2011-06-29,25.290000
2011-06-30,25.240000
2011-07-01,25.780000
2011-07-05,25.870000
2011-07-06,25.820000
2011-07-07,25.940000
2011-07-08,26.130000
2011-07-11,25.920000
2011-07-12,25.630000
2011-07-13,25.960000
2011-07-14,25.690000
2011-07-15,25.470000
2011-07-18,25.430000
2011-07-19,26.000000
2011-07-20,25.780000
2011-07-21,25.920000
2011-07-22,25.820000
2011-07-25,26.070000
2011-07-26,27.200000
2011-07-27,27.090000
2011-07-28,26.540000
2011-07-29,26.870000
2011-08-01,26.920000
2011-08-02,25.770000
2011-08-03,26.800000
2011-08-04,25.490000
2011-08-05,25.370000
2011-08-08,23.170000
2011-08-09,25.050000
2011-08-10,25.200000
2011-08-11,25.540000
2011-08-12,25.880000
2011-08-15,25.880000
2011-08-16,25.840000
2011-08-17,26.010000
2011-08-18,25.270000
2011-08-19,25.020000
2011-08-22,25.670000
2011-08-23,26.400000
2011-08-24,27.000000
2011-08-25,25.920000
2011-08-26,26.980000
2011-08-29,27.520000
2011-08-30,28.050000
2011-08-31,27.730000
2011-09-01,27.380000
2011-09-02,26.860000
2011-09-06,27.360000
2011-09-07,27.240000
2011-09-08,27.910000
2011-09-09,26.870000
2011-09-12,26.390000
2011-09-13,26.940000
2011-09-14,27.300000
2011-09-15,27.420000
2011-09-16,28.280000
2011-09-19,28.870000
2011-09-20,28.330000
2011-09-21,28.450000
2011-09-22,27.490000
2011-09-23,28.160000
2011-09-26,28.610000
2011-09-27,28.800000
2011-09-28,27.170000
2011-09-29,27.040000
2011-09-30,27.250000
2011-10-03,26.000000
2011-10-04,26.730000
2011-10-05,26.820000
2011-10-06,27.500000
2011-10-07,26.630000
2011-10-10,27.810000
2011-10-11,27.830000
2011-10-12,27.760000
2011-10-13,27.940000
2011-10-14,28.320000
2011-10-17,27.860000
2011-10-18,29.850000
2011-10-19,31.020000
2011-10-20,30.540000
2011-10-21,32.250000
2011-10-24,32.540000
2011-10-25,31.900000
2011-10-26,31.400000
2011-10-27,32.250000
2011-10-28,32.150000
2011-10-31,32.030000
2011-11-01,31.560000
2011-11-02,31.740000
2011-11-03,31.590000
2011-11-04,32.010000
2011-11-07,32.630000
2011-11-08,32.570000
2011-11-09,31.890000
2011-11-10,31.980000
2011-11-11,32.370000
2011-11-14,32.600000
2011-11-15,33.320000
2011-11-16,32.210000
2011-11-17,32.320000
2011-11-18,32.500000
2011-11-21,31.420000
2011-11-22,31.530000
2011-11-23,30.750000
2011-11-25,30.510000
2011-11-28,31.210000
2011-11-29,31.740000
2011-11-30,32.940000
2011-12-01,33.440000
2011-12-02,33.560000
2011-12-05,33.320000
2011-12-06,33.230000
2011-12-07,33.460000
2011-12-08,34.250000
2011-12-09,34.700000
2011-12-12,34.910000
2011-12-13,34.900000
2011-12-14,33.110000
2011-12-15,33.420000
2011-12-16,33.300000
2011-12-19,32.570000
2011-12-20,33.480000
2011-12-21,33.600000
2011-12-22,33.360000
2011-12-23,33.870000
2011-12-27,34.090000
2011-12-28,34.170000
2011-12-29,34.380000
2011-12-30,33.950000
2012-01-03,33.150000
2012-01-04,33.820000
2012-01-05,33.370000
2012-01-06,33.300000
2012-01-09,33.570000
2012-01-10,34.020000
2012-01-11,34.370000
2012-01-12,34.080000
2012-01-13,33.760000
2012-01-17,32.260000
2012-01-18,32.770000
2012-01-19,32.400000
2012-01-20,32.000000
2012-01-23,31.250000
2012-01-24,31.890000
2012-01-25,32.440000
2012-01-26,32.200000
2012-01-27,32.310000
2012-01-30,32.640000
2012-01-31,32.650000
2012-02-01,32.880000
2012-02-02,32.930000
2012-02-03,33.870000
2012-02-06,33.280000
2012-02-07,33.250000
2012-02-08,33.230000
2012-02-09,33.200000
2012-02-10,32.460000
2012-02-13,32.510000
2012-02-14,32.730000
2012-02-15,32.630000
2012-02-16,33.070000
2012-02-17,32.970000
2012-02-21,33.520000
2012-02-22,33.210000
2012-02-23,33.480000
2012-02-24,33.200000
2012-02-27,33.540000
2012-02-28,38.820000
2012-02-29,38.460000
2012-03-01,38.400000
2012-03-02,37.850000
2012-03-05,38.530000
2012-03-06,38.540000
2012-03-07,39.480000
2012-03-08,39.750000
2012-03-09,39.830000
2012-03-12,39.610000
2012-03-13,40.110000
2012-03-14,39.600000
2012-03-15,40.090000
2012-03-16,39.960000
2012-03-19,41.300000
2012-03-20,40.140000
2012-03-21,40.250000
2012-03-22,36.690000
2012-03-23,36.250000
2012-03-26,36.620000
2012-03-27,35.970000
2012-03-28,35.680000
2012-03-29,36.310000
2012-03-30,36.300000
2012-04-02,36.980000
2012-04-03,36.990000
2012-04-04,36.230000
2012-04-05,36.330000
2012-04-09,35.410000
2012-04-10,34.350000
2012-04-11,35.500000
2012-04-12,35.370000
2012-04-13,35.490000
2012-04-16,35.690000
2012-04-17,35.450000
2012-04-18,35.060000
2012-04-19,34.600000
2012-04-20,35.320000
2012-04-23,34.880000
2012-04-24,34.370000
2012-04-25,35.970000
2012-04-26,36.510000
2012-04-27,37.140000
2012-04-30,37.810000
2012-05-01,34.310000
2012-05-02,33.450000
2012-05-03,33.050000
2012-05-04,32.640000
2012-05-07,32.750000
2012-05-08,32.650000
2012-05-09,32.430000
2012-05-10,33.690000
2012-05-11,33.650000
2012-05-14,32.560000
2012-05-15,32.360000
2012-05-16,31.750000
2012-05-17,30.310000
2012-05-18,29.960000
2012-05-21,31.080000
2012-05-22,31.410000
2012-05-23,30.930000
2012-05-24,30.580000
2012-05-25,30.810000
2012-05-29,30.970000
2012-05-30,30.500000
2012-05-31,30.710000
2012-06-01,28.900000
2012-06-04,28.800000
2012-06-05,29.790000
2012-06-06,30.030000
2012-06-07,29.870000
2012-06-08,29.940000
2012-06-11,29.400000
2012-06-12,29.560000
2012-06-13,28.750000
2012-06-14,29.320000
2012-06-15,29.370000
2012-06-18,29.720000
2012-06-19,30.170000
2012-06-20,29.530000
2012-06-21,28.750000
2012-06-22,29.520000
2012-06-25,29.340000
2012-06-26,29.150000
2012-06-27,29.660000
2012-06-28,29.900000
2012-06-29,30.910000
2012-07-02,30.950000
2012-07-03,30.890000
2012-07-05,30.830000
2012-07-06,30.470000
2012-07-09,30.740000
2012-07-10,30.570000
2012-07-11,30.520000
2012-07-12,30.720000
2012-07-13,31.810000
2012-07-16,31.240000
2012-07-17,32.180000
2012-07-18,32.990000
2012-07-19,33.240000
2012-07-20,32.690000
2012-07-23,31.990000
2012-07-24,32.960000
2012-07-25,33.370000
2012-07-26,33.740000
2012-07-27,33.850000
2012-07-30,33.900000
2012-07-31,34.140000
2012-08-01,33.730000
2012-08-02,33.560000
2012-08-03,34.460000
2012-08-06,34.330000
2012-08-07,34.700000
2012-08-08,34.510000
2012-08-09,34.410000
2012-08-10,34.090000
2012-08-13,34.050000
2012-08-14,33.780000
2012-08-15,34.220000
2012-08-16,35.350000
2012-08-17,36.050000
2012-08-20,35.840000
2012-08-21,35.570000
2012-08-22,35.410000
2012-08-23,35.030000
2012-08-24,35.540000
2012-08-27,36.010000
2012-08-28,36.010000
2012-08-29,36.190000
2012-08-30,35.570000
2012-08-31,35.440000
2012-09-04,35.740000
2012-09-05,35.330000
2012-09-06,35.950000
2012-09-07,36.160000
2012-09-10,36.090000
2012-09-11,35.770000
2012-09-12,35.080000
2012-09-13,35.100000
2012-09-14,34.170000
2012-09-17,34.190000
2012-09-18,33.930000
2012-09-19,34.440000
2012-09-20,34.500000
2012-09-21,34.690000
2012-09-24,35.390000
2012-09-25,35.890000
2012-09-26,36.310000
2012-09-27,37.750000
2012-09-28,37.700000
2012-10-01,38.240000
2012-10-02,37.740000
2012-10-03,37.790000
2012-10-04,37.820000
2012-10-05,37.780000
2012-10-08,37.800000
2012-10-09,38.080000
2012-10-10,37.310000
2012-10-11,37.740000
2012-10-12,37.700000
2012-10-15,38.240000
2012-10-16,41.160000
2012-10-17,41.200000
2012-10-18,41.100000
2012-10-19,40.170000
2012-10-22,40.450000
2012-10-23,40.380000
2012-10-24,40.310000
2012-10-25,40.590000
2012-10-26,40.490000
2012-10-31,40.620000
2012-11-01,40.760000
2012-11-02,40.520000
2012-11-05,41.110000
2012-11-06,41.010000
2012-11-07,40.510000
2012-11-08,39.900000
2012-11-09,39.840000
2012-11-12,40.110000
2012-11-13,40.240000
2012-11-14,39.810000
2012-11-15,39.800000
2012-11-16,40.000000
2012-11-19,40.890000
2012-11-20,40.980000
2012-11-21,41.260000
2012-11-23,41.690000
2012-11-26,41.520000
2012-11-27,41.360000
2012-11-28,41.790000
2012-11-29,42.000000
2012-11-30,41.600000
2012-12-03,41.600000
2012-12-04,41.050000
2012-12-05,40.780000
2012-12-06,41.360000
2012-12-07,41.770000
2012-12-10,41.820000
2012-12-11,42.400000
2012-12-12,42.060000
2012-12-13,42.140000
2012-12-14,42.140000
2012-12-17,42.560000
2012-12-18,42.850000
2012-12-19,42.640000
2012-12-20,43.460000
2012-12-21,42.900000
2012-12-24,42.720000
2012-12-26,42.810000
2012-12-27,43.280000
2012-12-28,42.630000
2012-12-31,43.550000
2013-01-02,45.480000
2013-01-03,44.610000
2013-01-04,45.310000
2013-01-07,45.490000
2013-01-08,45.630000
2013-01-09,45.410000
2013-01-10,44.960000
2013-01-11,45.160000
2013-01-14,45.190000
2013-01-15,45.080000
2013-01-16,44.950000
2013-01-17,45.460000
2013-01-18,46.050000
2013-01-22,46.940000
2013-01-23,46.660000
2013-01-24,46.650000
2013-01-25,46.400000
2013-01-28,46.200000
2013-01-29,46.470000
2013-01-30,46.370000
2013-01-31,46.570000
2013-02-01,47.770000
2013-02-04,46.680000
2013-02-05,46.720000
2013-02-06,46.760000
2013-02-07,46.500000
2013-02-08,46.730000
2013-02-11,46.810000
2013-02-12,46.530000
2013-02-13,45.470000
2013-02-14,44.790000
2013-02-15,45.370000
2013-02-19,45.460000
2013-02-20,44.960000
2013-02-21,44.620000
2013-02-22,46.070000
2013-02-25,45.160000
2013-02-26,46.000000
2013-02-27,46.830000
2013-02-28,47.620000
2013-03-01,48.270000
2013-03-04,48.630000
2013-03-05,49.620000
2013-03-06,49.800000
2013-03-07,49.660000
2013-03-08,49.740000
2013-03-11,49.880000
2013-03-12,49.680000
2013-03-13,49.820000
2013-03-14,49.960000
2013-03-15,49.820000
2013-03-18,49.960000
2013-03-19,50.300000
2013-03-20,50.940000
2013-03-21,50.840000
2013-03-22,51.190000
2013-03-25,51.110000
2013-03-26,51.180000
2013-03-27,51.180000
2013-03-28,51.440000
2013-04-01,50.840000
2013-04-02,50.090000
2013-04-03,49.650000
2013-04-04,51.220000
2013-04-05,50.550000
2013-04-08,51.130000
2013-04-09,50.670000
2013-04-10,51.750000
2013-04-11,52.110000
2013-04-12,51.860000
2013-04-15,50.390000
2013-04-16,50.850000
2013-04-17,49.750000
2013-04-18,49.900000
2013-04-19,50.580000
2013-04-22,50.880000
2013-04-23,51.010000
2013-04-24,51.430000
2013-04-25,51.920000
2013-04-26,52.380000
2013-04-29,52.950000
2013-04-30,55.200000
2013-05-01,54.640000
2013-05-02,55.490000
2013-05-03,55.980000
2013-05-06,56.790000
2013-05-07,57.800000
2013-05-08,58.050000
2013-05-09,57.660000
2013-05-10,58.020000
2013-05-13,58.250000
2013-05-14,59.000000
2013-05-15,57.640000
2013-05-16,56.960000
2013-05-17,57.570000
2013-05-20,56.720000
2013-05-21,56.950000
2013-05-22,56.610000
2013-05-23,59.210000
2013-05-24,58.720000
2013-05-28,59.660000
2013-05-29,59.280000
2013-05-30,59.790000
2013-05-31,59.270000
2013-06-03,59.720000
2013-06-04,60.180000
2013-06-05,58.350000
2013-06-06,59.450000
2013-06-07,60.530000
2013-06-10,60.720000
2013-06-11,59.800000
2013-06-12,59.430000
2013-06-13,60.020000
2013-06-14,59.590000
2013-06-17,59.550000
2013-06-18,60.440000
2013-06-19,59.770000
2013-06-20,57.530000
2013-06-21,57.500000
2013-06-24,57.010000
2013-06-25,57.570000
2013-06-26,57.690000
2013-06-27,58.800000
2013-06-28,58.150000
2013-07-01,59.910000
2013-07-02,60.140000
2013-07-03,60.230000
2013-07-05,61.010000
2013-07-08,61.180000
2013-07-09,62.140000
2013-07-10,62.240000
2013-07-11,63.000000
2013-07-12,63.330000
2013-07-15,63.610000
2013-07-16,63.160000
2013-07-17,63.050000
2013-07-18,63.950000
2013-07-19,63.580000
2013-07-22,63.610000
2013-07-23,59.430000
2013-07-24,61.010000
2013-07-25,61.500000
2013-07-26,62.360000
2013-07-29,61.880000
2013-07-30,62.130000
2013-07-31,62.580000
2013-08-01,63.810000
2013-08-02,63.150000
2013-08-05,64.000000
2013-08-06,62.950000
2013-08-07,62.500000
2013-08-08,62.700000
2013-08-09,62.770000
2013-08-12,62.410000
2013-08-13,62.120000
2013-08-14,62.490000
2013-08-15,61.600000
2013-08-16,61.460000
2013-08-19,61.030000
2013-08-20,61.910000
2013-08-21,61.500000
2013-08-22,62.570000
2013-08-23,62.220000
2013-08-26,61.870000
2013-08-27,61.160000
2013-08-28,61.800000
2013-08-29,62.050000
2013-08-30,61.440000
2013-09-03,61.460000
2013-09-04,62.130000
2013-09-05,62.090000
2013-09-06,61.580000
2013-09-09,63.040000
2013-09-10,64.700000
2013-09-11,64.840000
2013-09-12,65.250000
2013-09-13,66.120000
2013-09-16,66.260000
2013-09-17,66.860000
2013-09-18,67.280000
2013-09-19,67.620000
2013-09-20,66.740000
2013-09-23,66.980000
2013-09-24,67.310000
2013-09-25,66.890000
2013-09-26,67.650000
2013-09-27,67.550000
2013-09-30,67.950000
2013-10-01,69.520000
2013-10-02,69.630000
2013-10-03,68.340000
2013-10-04,68.730000
2013-10-07,68.360000
2013-10-08,67.430000
2013-10-09,66.590000
2013-10-10,67.180000
2013-10-11,68.360000
2013-10-14,68.850000
2013-10-15,64.900000
2013-10-16,66.660000
2013-10-17,66.630000
2013-10-18,67.050000
2013-10-21,66.980000
2013-10-22,67.210000
2013-10-23,66.350000
2013-10-24,67.390000
2013-10-25,67.510000
2013-10-28,67.630000
2013-10-29,68.360000
2013-10-30,67.870000
2013-10-31,67.060000
2013-11-01,66.890000
2013-11-04,67.100000
2013-11-05,68.010000
2013-11-06,67.930000
2013-11-07,66.700000
2013-11-08,67.600000
2013-11-11,67.810000
2013-11-12,68.440000
2013-11-13,69.210000
2013-11-14,69.220000
2013-11-15,68.840000
2013-11-18,67.870000
2013-11-19,67.660000
2013-11-20,67.990000
2013-11-21,69.150000
2013-11-22,69.750000
2013-11-25,69.520000
2013-11-26,69.400000
2013-11-27,69.310000
2013-11-29,69.130000
2013-12-02,68.570000
2013-12-03,68.240000
2013-12-04,68.710000
2013-12-05,69.310000
2013-12-06,69.780000
2013-12-09,70.620000
2013-12-10,69.740000
2013-12-11,69.020000
2013-12-12,69.030000
2013-12-13,69.190000
2013-12-16,69.510000
2013-12-17,69.520000
2013-12-18,69.960000
2013-12-19,68.680000
2013-12-20,68.950000
2013-12-23,69.680000
2013-12-24,69.860000
2013-12-26,70.680000
2013-12-27,70.200000
2013-12-30,69.920000
2013-12-31,69.650000
2014-01-02,68.940000
2014-01-03,68.980000
2014-01-06,69.100000
2014-01-07,69.670000
2014-01-08,69.780000
2014-01-09,70.280000
2014-01-10,71.210000
2014-01-13,70.950000
2014-01-14,71.000000
2014-01-15,71.210000
2014-01-16,71.080000
2014-01-17,71.650000
2014-01-21,72.010000
2014-01-22,73.390000
2014-01-23,72.850000
2014-01-24,71.180000
2014-01-27,70.110000
2014-01-28,69.860000
2014-01-29,68.700000
2014-01-30,69.570000
2014-01-31,70.610000
2014-02-03,67.580000
2014-02-04,68.300000
2014-02-05,67.170000
2014-02-06,67.660000
2014-02-07,69.500000
2014-02-10,69.880000
2014-02-11,70.460000
2014-02-12,70.810000
2014-02-13,71.800000
2014-02-14,72.180000
2014-02-18,72.060000
2014-02-19,71.840000
2014-02-20,72.260000
2014-02-21,73.250000
2014-02-24,74.690000
2014-02-25,75.030000
2014-02-26,77.650000
2014-02-27,77.990000
2014-02-28,79.060000
2014-03-03,78.780000
2014-03-04,79.480000
2014-03-05,79.110000
2014-03-06,79.190000
2014-03-07,79.340000
2014-03-10,79.560000
2014-03-11,79.050000
2014-03-12,79.920000
2014-03-13,78.910000
2014-03-14,79.560000
2014-03-17,80.020000
2014-03-18,79.980000
2014-03-19,78.270000
2014-03-20,78.840000
2014-03-21,77.530000
2014-03-24,76.840000
2014-03-25,76.640000
2014-03-26,75.540000
2014-03-27,75.260000
2014-03-28,76.230000
2014-03-31,76.970000
2014-04-01,78.620000
2014-04-02,78.200000
2014-04-03,77.620000
2014-04-04,75.430000
2014-04-07,73.680000
2014-04-08,75.750000
2014-04-09,76.610000
2014-04-10,74.290000
2014-04-11,72.710000
2014-04-14,73.750000
2014-04-15,74.170000
2014-04-16,74.970000
2014-04-17,74.280000
2014-04-21,74.360000
2014-04-22,75.510000
2014-04-23,75.260000
2014-04-24,75.090000
2014-04-25,73.760000
2014-04-28,72.690000
2014-04-29,72.580000
2014-04-30,74.380000
2014-05-01,71.800000
2014-05-02,72.990000
2014-05-05,72.510000
2014-05-06,72.250000
2014-05-07,71.550000
2014-05-08,71.130000
2014-05-09,71.200000
2014-05-12,72.450000
2014-05-13,71.710000
2014-05-14,71.250000
2014-05-15,71.210000
2014-05-16,71.530000
2014-05-19,72.020000
2014-05-20,71.240000
2014-05-21,71.740000
2014-05-22,73.160000
2014-05-23,72.900000
2014-05-27,73.340000
2014-05-28,72.420000
2014-05-29,72.470000
2014-05-30,72.450000
2014-06-02,72.990000
2014-06-03,72.670000
2014-06-04,73.230000
2014-06-05,73.310000
2014-06-06,73.910000
2014-06-09,73.420000
2014-06-10,73.060000
2014-06-11,73.360000
2014-06-12,72.360000
2014-06-13,72.540000
2014-06-16,72.180000
2014-06-17,71.000000
2014-06-18,71.990000
2014-06-19,71.840000
2014-06-20,71.800000
2014-06-23,71.580000
2014-06-24,72.120000
2014-06-25,72.420000
2014-06-26,72.570000
2014-06-27,72.980000
2014-06-30,73.090000
2014-07-01,74.040000
2014-07-02,73.420000
2014-07-03,73.630000
2014-07-07,73.550000
2014-07-08,73.400000
2014-07-09,74.630000
2014-07-10,73.700000
2014-07-11,73.580000
2014-07-14,73.650000
2014-07-15,73.250000
2014-07-16,73.040000
2014-07-17,72.600000
2014-07-18,73.230000
2014-07-21,73.390000
2014-07-22,76.110000
2014-07-23,75.430000
2014-07-24,74.610000
2014-07-25,74.230000
2014-07-28,74.040000
2014-07-29,73.870000
2014-07-30,73.550000
2014-07-31,72.000000
2014-08-01,70.170000
2014-08-04,71.300000
2014-08-05,71.300000
2014-08-06,71.330000
2014-08-07,71.340000
2014-08-08,72.060000
2014-08-11,72.750000
2014-08-12,73.700000
2014-08-13,74.490000
2014-08-14,74.750000
2014-08-15,74.550000
2014-08-18,75.040000
2014-08-19,75.150000
2014-08-20,74.660000
2014-08-21,74.750000
2014-08-22,74.030000
2014-08-25,75.030000
2014-08-26,75.250000
2014-08-27,75.160000
2014-08-28,75.260000
2014-08-29,75.450000
2014-09-02,76.000000
2014-09-03,75.610000
2014-09-04,75.380000
2014-09-05,76.430000
2014-09-08,76.060000
2014-09-09,75.540000
2014-09-10,76.220000
2014-09-11,76.240000
2014-09-12,76.030000
2014-09-15,76.210000
2014-09-16,76.580000
2014-09-17,76.570000
2014-09-18,76.740000
2014-09-19,77.000000
2014-09-22,75.860000
2014-09-23,75.830000
2014-09-24,76.360000
2014-09-25,76.300000
2014-09-26,77.270000
2014-09-29,77.630000
2014-09-30,76.960000
2014-10-01,77.100000
2014-10-02,77.580000
2014-10-03,77.700000
2014-10-06,77.850000
2014-10-07,76.810000
2014-10-08,77.920000
2014-10-09,76.700000
2014-10-10,76.410000
2014-10-13,75.720000
2014-10-14,84.300000
2014-10-15,83.650000
2014-10-16,83.930000
2014-10-17,84.840000
2014-10-20,86.000000
2014-10-21,85.990000
2014-10-22,86.450000
2014-10-23,87.300000
2014-10-24,87.680000
2014-10-27,88.260000
2014-10-28,89.000000
2014-10-29,88.980000
2014-10-30,88.880000
2014-10-31,88.790000
2014-11-03,89.550000
2014-11-04,90.250000
2014-11-05,90.500000
2014-11-06,90.850000
2014-11-07,90.800000
2014-11-10,92.080000
2014-11-11,91.570000
2014-11-12,91.650000
2014-11-13,91.870000
2014-11-14,91.460000
2014-11-17,91.020000
2014-11-18,91.520000
2014-11-19,91.410000
2014-11-20,92.470000
2014-11-21,92.700000
2014-11-24,93.370000
2014-11-25,93.160000
2014-11-26,93.230000
2014-11-28,93.850000
2014-12-01,94.200000
2014-12-02,95.090000
2014-12-03,95.700000
2014-12-04,95.930000
2014-12-05,94.890000
2014-12-08,95.400000
2014-12-09,94.920000
2014-12-10,93.320000
2014-12-11,94.120000
2014-12-12,95.070000
2014-12-15,94.000000
2014-12-16,92.920000
2014-12-17,93.430000
2014-12-18,94.450000
2014-12-19,95.690000
2014-12-22,95.900000
2014-12-23,95.620000
2014-12-24,95.390000
2014-12-26,95.450000
2014-12-29,95.440000
2014-12-30,94.920000
2014-12-31,94.170000
2015-01-02,94.290000
2015-01-05,95.470000
2015-01-06,94.290000
2015-01-07,97.500000
2015-01-08,100.780000
2015-01-09,100.500000
2015-01-12,102.120000
2015-01-13,101.700000
2015-01-14,98.910000
2015-01-15,96.830000
2015-01-16,98.490000
2015-01-20,97.510000
2015-01-21,97.380000
2015-01-22,99.010000
2015-01-23,98.100000
2015-01-26,98.740000
2015-01-27,98.930000
2015-01-28,99.890000
2015-01-29,101.290000
2015-01-30,99.050000
2015-02-02,98.080000
2015-02-03,99.370000
2015-02-04,99.720000
2015-02-05,99.740000
2015-02-06,99.860000
2015-02-09,98.630000
2015-02-10,100.930000
2015-02-11,100.450000
2015-02-12,100.560000
2015-02-13,100.000000
2015-02-17,100.670000
2015-02-18,101.850000
2015-02-19,101.750000
2015-02-20,102.500000
2015-02-23,104.500000
2015-02-24,103.530000
2015-02-25,103.930000
2015-02-26,104.000000
2015-02-27,101.530000
2015-03-02,104.440000
2015-03-03,102.830000
2015-03-04,103.280000
2015-03-05,103.380000
2015-03-06,100.870000
2015-03-09,101.360000
2015-03-10,99.030000
2015-03-11,98.160000
2015-03-12,100.720000
2015-03-13,99.720000
2015-03-16,101.530000
2015-03-17,102.150000
2015-03-18,102.170000
2015-03-19,103.770000
2015-03-20,104.630000
2015-03-23,104.020000
2015-03-24,104.090000
2015-03-25,101.110000
2015-03-26,100.540000
2015-03-27,101.050000
2015-03-30,102.550000
2015-03-31,100.550000
2015-04-01,100.500000
2015-04-02,100.990000
2015-04-06,100.810000
2015-04-07,99.390000
2015-04-08,100.290000
2015-04-09,99.200000
2015-04-10,100.500000
2015-04-13,100.200000
2015-04-14,98.490000
2015-04-15,98.360000
2015-04-16,100.430000
2015-04-17,99.240000
2015-04-20,99.660000
2015-04-21,99.400000
2015-04-22,99.800000
2015-04-23,109.230000
2015-04-24,113.960000
2015-04-27,110.250000
2015-04-28,111.790000
2015-04-29,109.390000
2015-04-30,107.850000
2015-05-01,108.340000
2015-05-04,107.930000
2015-05-05,105.710000
2015-05-06,106.130000
2015-05-07,107.930000
2015-05-08,109.130000
2015-05-11,109.840000
2015-05-12,109.060000
2015-05-13,108.680000
2015-05-14,109.910000
2015-05-15,110.340000
2015-05-18,111.090000
2015-05-19,110.550000
2015-05-20,110.410000
2015-05-21,110.070000
2015-05-22,109.030000
2015-05-26,108.560000
2015-05-27,108.650000
2015-05-28,109.210000
2015-05-29,108.660000
2015-06-01,109.050000
2015-06-02,108.870000
2015-06-03,108.990000
2015-06-04,109.030000
2015-06-05,110.000000
2015-06-08,109.870000
2015-06-09,110.430000
2015-06-10,112.390000
2015-06-11,111.930000
2015-06-12,112.290000
2015-06-15,110.810000
2015-06-16,110.760000
2015-06-17,110.920000
2015-06-18,112.570000
2015-06-19,111.910000
2015-06-22,113.860000
2015-06-23,113.620000
2015-06-24,111.640000
2015-06-25,111.720000
2015-06-26,114.900000
2015-06-29,114.000000
2015-06-30,113.400000
2015-07-01,114.550000
2015-07-02,113.880000
2015-07-06,113.130000
2015-07-07,113.420000
2015-07-08,113.240000
2015-07-09,113.690000
2015-07-10,115.920000
2015-07-13,119.430000
2015-07-14,118.790000
2015-07-15,118.540000
2015-07-16,115.570000
2015-07-17,110.040000
2015-07-20,111.040000
2015-07-21,111.370000
2015-07-22,112.310000
2015-07-23,111.650000
2015-07-24,110.960000
2015-07-27,111.310000
2015-07-28,111.770000
2015-07-29,113.510000
2015-07-30,113.840000
2015-07-31,113.840000
2015-08-03,114.270000
2015-08-04,115.230000
2015-08-05,114.400000
2015-08-06,111.840000
2015-08-07,113.430000
2015-08-10,113.140000
2015-08-11,113.490000
2015-08-12,111.880000
2015-08-13,114.200000
2015-08-14,114.170000
2015-08-17,114.990000
2015-08-18,112.900000
2015-08-19,110.530000
2015-08-20,107.660000
2015-08-21,104.480000
2015-08-24,101.780000
2015-08-25,105.020000
2015-08-26,106.300000
2015-08-27,107.800000
2015-08-28,108.410000
2015-08-31,105.940000
2015-09-01,103.850000
2015-09-02,105.180000
2015-09-03,105.150000
2015-09-04,105.500000
2015-09-08,109.000000
2015-09-09,108.180000
2015-09-10,107.930000
2015-09-11,110.220000
2015-09-14,110.290000
2015-09-15,111.820000
2015-09-16,111.620000
2015-09-17,112.600000
2015-09-18,111.680000
2015-09-21,111.030000
2015-09-22,110.870000
2015-09-23,110.970000
2015-09-24,110.290000
2015-09-25,112.950000
2015-09-28,108.540000
2015-09-29,105.870000
2015-09-30,107.910000
2015-10-01,105.330000
2015-10-02,106.880000
2015-10-05,108.350000
2015-10-06,107.260000
2015-10-07,108.030000
2015-10-08,102.640000
2015-10-09,105.380000
2015-10-12,106.080000
2015-10-13,106.170000
2015-10-14,104.370000
2015-10-15,105.860000
2015-10-16,106.220000
2015-10-19,107.250000
2015-10-20,106.190000
2015-10-21,103.460000
2015-10-22,103.960000
2015-10-23,104.100000
2015-10-26,105.810000
2015-10-27,104.960000
2015-10-28,109.710000
2015-10-29,109.400000
2015-10-30,106.670000
2015-11-02,108.750000
2015-11-03,107.170000
2015-11-04,105.050000
2015-11-05,104.110000
2015-11-06,104.440000
2015-11-09,103.040000
2015-11-10,104.230000
2015-11-11,105.210000
2015-11-12,102.890000
2015-11-13,101.620000
2015-11-16,103.490000
2015-11-17,102.240000
2015-11-18,104.070000
2015-11-19,104.520000
2015-11-20,105.020000
2015-11-23,107.710000
2015-11-24,107.440000
2015-11-25,109.150000
2015-11-27,108.650000
2015-11-30,107.470000
2015-12-01,108.860000
2015-12-02,108.800000
2015-12-03,107.440000
2015-12-04,109.830000
2015-12-07,110.390000
2015-12-08,109.940000
2015-12-09,109.100000
2015-12-10,109.340000
2015-12-11,108.640000
2015-12-14,109.380000
2015-12-15,109.930000
2015-12-16,109.220000
2015-12-17,109.370000
2015-12-18,108.840000
2015-12-21,109.730000
2015-12-22,109.410000
2015-12-23,109.480000
2015-12-24,109.540000
2015-12-28,110.130000
2015-12-29,112.000000
2015-12-30,111.510000
2015-12-31,111.250000
2016-01-04,109.230000
2016-01-05,109.930000
2016-01-06,109.770000
2016-01-07,106.750000
2016-01-08,108.970000
2016-01-11,106.220000
2016-01-12,109.760000
2016-01-13,107.960000
2016-01-14,107.140000
2016-01-15,104.160000
2016-01-19,104.920000
2016-01-20,106.460000
2016-01-21,107.710000
2016-01-22,111.600000
2016-01-25,110.730000
2016-01-26,112.170000
2016-01-27,111.060000
2016-01-28,112.200000
2016-01-29,113.930000
2016-02-01,114.350000
2016-02-02,113.750000
2016-02-03,113.800000
2016-02-04,114.000000
2016-02-05,110.370000
2016-02-08,108.160000
2016-02-09,105.620000
2016-02-10,107.000000
2016-02-11,106.900000
2016-02-12,109.500000
2016-02-16,111.080000
2016-02-17,112.950000
2016-02-18,112.040000
2016-02-19,112.870000
2016-02-22,115.090000
2016-02-23,117.620000
2016-02-24,117.610000
2016-02-25,132.900000
2016-02-26,134.390000
2016-02-29,133.040000
2016-03-01,134.150000
2016-03-02,133.060000
2016-03-03,132.840000
2016-03-04,132.990000
2016-03-07,134.020000
2016-03-08,134.240000
2016-03-09,133.780000
2016-03-10,133.010000
2016-03-11,131.720000
2016-03-14,132.650000
2016-03-15,131.200000
2016-03-16,131.850000
2016-03-17,131.270000
2016-03-18,130.810000
2016-03-21,131.170000
2016-03-22,130.730000
2016-03-23,130.120000
2016-03-24,128.740000
2016-03-28,129.150000
2016-03-29,130.090000
2016-03-30,130.970000
2016-03-31,131.860000
2016-04-01,133.470000
2016-04-04,133.360000
2016-04-05,132.320000
2016-04-06,135.940000
2016-04-07,136.260000
2016-04-08,137.050000
2016-04-11,137.240000
2016-04-12,136.740000
2016-04-13,137.140000
2016-04-14,137.270000
2016-04-15,138.620000
2016-04-18,138.650000
2016-04-19,137.520000
2016-04-20,140.010000
2016-04-21,137.900000
2016-04-22,132.410000
2016-04-25,133.670000
2016-04-26,133.810000
2016-04-27,133.630000
2016-04-28,120.470000
2016-04-29,120.880000
2016-05-02,120.370000
2016-05-03,118.560000
2016-05-04,119.020000
2016-05-05,119.930000
2016-05-06,119.310000
2016-05-09,121.510000
2016-05-10,122.220000
2016-05-11,119.830000
2016-05-12,121.460000
2016-05-13,121.950000
2016-05-16,123.170000
2016-05-17,121.070000
2016-05-18,121.130000
2016-05-19,120.820000
2016-05-20,123.060000
2016-05-23,121.880000
2016-05-24,122.520000
2016-05-25,121.290000
2016-05-26,123.000000
2016-05-27,122.180000
2016-05-31,120.880000
2016-06-01,121.400000
2016-06-02,123.250000
2016-06-03,122.210000
2016-06-06,124.360000
2016-06-07,124.820000
2016-06-08,126.390000
2016-06-09,127.480000
2016-06-10,126.250000
2016-06-13,124.790000
2016-06-14,126.360000
2016-06-15,126.380000
2016-06-16,126.950000
2016-06-17,127.290000
2016-06-20,127.490000
2016-06-21,127.330000
2016-06-22,125.320000
2016-06-23,127.250000
2016-06-24,124.970000
2016-06-27,122.080000
2016-06-28,124.530000
2016-06-29,126.880000
2016-06-30,131.380000
2016-07-01,132.590000
2016-07-05,133.930000
2016-07-06,134.980000
2016-07-07,133.860000
2016-07-08,135.110000
2016-07-11,136.000000
2016-07-12,135.650000
2016-07-13,135.420000
2016-07-14,135.640000
2016-07-15,135.700000
2016-07-18,135.550000
2016-07-19,135.550000
2016-07-20,136.890000
2016-07-21,144.660000
2016-07-22,148.780000
2016-07-25,147.690000
2016-07-26,146.130000
2016-07-27,147.230000
2016-07-28,147.250000
2016-07-29,147.300000
2016-08-01,147.520000
2016-08-02,145.450000
2016-08-03,146.160000
2016-08-04,146.500000
2016-08-05,146.180000
2016-08-08,144.700000
2016-08-09,144.920000
2016-08-10,145.000000
2016-08-11,146.020000
2016-08-12,146.130000
2016-08-15,145.150000
2016-08-16,143.970000
2016-08-17,144.570000
2016-08-18,147.130000
2016-08-19,147.280000
2016-08-22,150.070000
2016-08-23,150.480000
2016-08-24,149.820000
2016-08-25,150.240000
2016-08-26,148.350000
2016-08-29,149.990000
2016-08-30,149.430000
2016-08-31,149.570000
2016-09-01,149.010000
2016-09-02,151.000000
2016-09-06,150.180000
2016-09-07,150.480000
2016-09-08,149.240000
2016-09-09,146.130000
2016-09-12,150.210000
2016-09-13,149.660000
2016-09-14,150.300000
2016-09-15,151.790000
2016-09-16,150.030000
2016-09-19,151.510000
2016-09-20,151.940000
2016-09-21,152.610000
2016-09-22,154.080000
2016-09-23,154.260000
2016-09-26,153.490000
2016-09-27,153.630000
2016-09-28,152.780000
2016-09-29,151.750000
2016-09-30,151.850000
2016-10-03,151.580000
2016-10-04,151.470000
2016-10-05,150.970000
2016-10-06,151.130000
2016-10-07,150.840000
2016-10-10,153.190000
2016-10-11,152.380000
2016-10-12,152.240000
2016-10-13,150.310000
2016-10-14,151.120000
2016-10-17,152.010000
2016-10-18,159.450000
2016-10-19,165.020000
2016-10-20,165.400000
2016-10-21,166.360000
2016-10-24,166.530000
2016-10-25,164.890000
2016-10-26,164.800000
2016-10-27,165.940000
2016-10-28,167.920000
2016-10-31,169.240000
2016-11-01,167.560000
2016-11-02,167.250000
2016-11-03,166.170000
2016-11-04,166.760000
2016-11-07,168.210000
2016-11-08,168.890000
2016-11-09,170.360000
2016-11-10,161.110000
2016-11-11,159.620000
2016-11-14,157.170000
2016-11-15,161.340000
2016-11-16,161.570000
2016-11-17,161.570000
2016-11-18,164.310000
2016-11-21,166.460000
2016-11-22,168.470000
2016-11-23,170.560000
2016-11-25,172.260000
2016-11-28,170.040000
2016-11-29,170.870000
2016-11-30,168.040000
2016-12-01,168.700000
2016-12-02,168.000000
2016-12-05,166.290000
2016-12-06,169.090000
2016-12-07,167.720000
2016-12-08,164.530000
2016-12-09,163.570000
2016-12-12,161.870000
2016-12-13,161.860000
2016-12-14,161.990000
2016-12-15,159.780000
2016-12-16,160.040000
2016-12-19,161.230000
2016-12-20,161.100000
2016-12-21,162.630000
2016-12-22,161.330000
2016-12-23,161.570000
2016-12-27,161.970000
2016-12-28,161.250000
2016-12-29,162.360000
2016-12-30,159.240000
2017-01-03,158.360000
2017-01-04,162.990000
2017-01-05,162.770000
2017-01-06,163.490000
2017-01-09,164.510000
2017-01-10,166.360000
2017-01-11,168.960000
2017-01-12,168.360000
2017-01-13,167.160000
2017-01-17,164.930000
2017-01-18,165.570000
2017-01-19,166.040000
2017-01-20,167.870000
2017-01-23,167.040000
2017-01-24,169.510000
2017-01-25,170.570000
2017-01-26,170.940000
2017-01-27,172.020000
2017-01-30,173.930000
2017-01-31,174.540000
2017-02-01,170.890000
2017-02-02,174.910000
2017-02-03,175.890000
2017-02-06,177.940000
2017-02-07,182.960000
2017-02-08,185.180000
2017-02-09,185.900000
2017-02-10,186.370000
2017-02-13,183.800000
2017-02-14,184.910000
2017-02-15,185.940000
2017-02-16,186.100000
2017-02-17,187.930000
2017-02-21,188.920000
2017-02-22,183.000000
2017-02-23,186.300000
2017-02-24,186.280000
2017-02-27,185.420000
2017-02-28,189.810000
2017-03-01,187.450000
2017-03-02,189.370000
2017-03-03,189.040000
2017-03-06,188.890000
2017-03-07,189.300000
2017-03-08,188.360000
2017-03-09,184.690000
2017-03-10,186.730000
2017-03-13,186.790000
2017-03-14,183.670000
2017-03-15,186.270000
2017-03-16,185.620000
2017-03-17,184.830000
2017-03-20,183.690000
2017-03-21,184.020000
2017-03-22,184.130000
2017-03-23,184.350000
2017-03-24,182.950000
2017-03-27,183.950000
2017-03-28,184.940000
2017-03-29,182.770000
2017-03-30,184.110000
2017-03-31,184.300000
2017-04-03,186.230000
2017-04-04,186.360000
2017-04-05,185.140000
2017-04-06,186.000000
2017-04-07,175.160000
2017-04-10,173.750000
2017-04-11,175.510000
2017-04-12,175.130000
2017-04-13,174.040000
2017-04-17,175.040000
2017-04-18,176.630000
2017-04-19,175.710000
2017-04-20,176.910000
2017-04-21,179.300000
2017-04-24,180.590000
2017-04-25,180.590000
2017-04-26,180.960000
2017-04-27,185.550000
2017-04-28,181.390000
2017-05-01,182.160000
2017-05-02,184.410000
2017-05-03,187.070000
2017-05-04,190.390000
2017-05-05,193.120000
2017-05-08,192.290000
2017-05-09,195.360000
2017-05-10,195.670000
2017-05-11,195.380000
2017-05-12,195.280000
2017-05-15,196.520000
2017-05-16,196.230000
2017-05-17,191.460000
2017-05-18,194.710000
2017-05-19,195.800000
2017-05-22,198.820000
2017-05-23,199.250000
2017-05-24,205.970000
2017-05-25,208.040000
2017-05-26,207.050000
2017-05-30,208.490000
2017-05-31,211.720000
2017-06-01,215.340000
2017-06-02,218.050000
2017-06-05,217.100000
2017-06-06,217.850000
2017-06-07,218.150000
2017-06-08,217.880000
2017-06-09,206.190000
2017-06-12,204.070000
2017-06-13,208.400000
2017-06-14,210.560000
2017-06-15,209.560000
2017-06-16,210.840000
2017-06-19,215.730000
2017-06-20,215.030000
2017-06-21,216.090000
2017-06-22,218.090000
2017-06-23,217.050000
2017-06-26,218.880000
2017-06-27,213.140000
2017-06-28,213.600000
2017-06-29,210.750000
2017-06-30,211.530000
2017-07-03,209.920000
2017-07-05,208.030000
2017-07-06,208.840000
2017-07-07,212.320000
2017-07-10,211.620000
2017-07-11,212.110000
2017-07-12,213.540000
2017-07-13,210.450000
2017-07-14,209.210000
2017-07-17,208.250000
2017-07-18,211.450000
2017-07-19,212.520000
2017-07-20,212.440000
2017-07-21,213.220000
2017-07-24,213.970000
2017-07-25,192.400000
2017-07-26,186.430000
2017-07-27,182.430000
2017-07-28,183.090000
2017-07-31,186.500000
2017-08-01,186.450000
2017-08-02,192.350000
2017-08-03,198.230000
2017-08-04,196.790000
2017-08-07,195.430000
2017-08-08,192.140000
2017-08-09,193.830000
2017-08-10,192.530000
2017-08-11,192.860000
2017-08-14,193.910000
2017-08-15,188.170000
2017-08-16,187.670000
2017-08-17,188.260000
2017-08-18,188.660000
2017-08-21,189.480000
2017-08-22,189.010000
2017-08-23,187.690000
2017-08-24,183.300000
2017-08-25,178.730000
2017-08-28,178.760000
2017-08-29,178.380000
2017-08-30,178.930000
2017-08-31,182.260000
2017-09-01,183.590000
2017-09-05,182.500000
2017-09-06,182.630000
2017-09-07,183.320000
2017-09-08,186.430000
2017-09-11,189.020000
2017-09-12,189.920000
2017-09-13,188.550000
2017-09-14,189.910000
2017-09-15,194.680000
2017-09-18,195.620000
2017-09-19,195.930000
2017-09-20,197.580000
2017-09-21,198.040000
2017-09-22,197.210000
2017-09-25,193.420000
2017-09-26,193.310000
2017-09-27,196.840000
2017-09-28,197.040000
2017-09-29,198.550000
2017-10-02,199.990000
2017-10-03,202.810000
2017-10-04,201.640000
2017-10-05,206.020000
2017-10-06,205.390000
2017-10-09,205.800000
2017-10-10,209.440000
2017-10-11,209.240000
2017-10-12,201.030000
2017-10-13,192.980000
2017-10-16,193.190000
2017-10-17,192.270000
2017-10-18,187.790000
2017-10-19,186.120000
2017-10-20,186.110000
2017-10-23,182.630000
2017-10-24,183.840000
2017-10-25,185.750000
2017-10-26,185.680000
2017-10-27,184.680000
2017-10-30,181.700000
2017-10-31,183.000000
2017-11-01,177.250000
2017-11-02,178.090000
2017-11-03,177.940000
2017-11-06,173.460000
2017-11-07,170.100000
2017-11-08,168.710000
2017-11-09,173.210000
2017-11-10,173.330000
2017-11-13,173.030000
2017-11-14,175.660000
2017-11-15,175.760000
2017-11-16,177.470000
2017-11-17,178.650000
2017-11-20,177.770000
2017-11-21,176.880000
2017-11-22,176.550000
2017-11-24,177.340000
2017-11-27,174.520000
2017-11-28,172.290000
2017-11-29,179.170000
2017-11-30,186.160000
2017-12-01,184.620000
2017-12-04,187.620000
2017-12-05,185.500000
2017-12-06,181.170000
2017-12-07,179.510000
2017-12-08,183.910000
2017-12-11,180.960000
2017-12-12,180.610000
2017-12-13,180.510000
2017-12-14,182.520000
2017-12-15,185.040000
2017-12-18,186.000000
2017-12-19,187.060000
2017-12-20,183.620000
2017-12-21,188.390000
2017-12-22,192.870000
2017-12-26,190.370000
2017-12-27,190.570000
2017-12-28,189.980000
2017-12-29,188.960000
2018-01-02,186.940000
2018-01-03,191.660000
2018-01-04,197.290000
2018-01-05,200.300000
2018-01-08,203.610000
2018-01-09,206.710000
2018-01-10,200.090000
2018-01-11,209.850000
2018-01-12,211.150000
2018-01-16,209.290000
2018-01-17,207.890000
2018-01-18,210.910000
2018-01-19,213.540000
2018-01-22,216.290000
2018-01-23,219.570000
2018-01-24,218.720000
2018-01-25,219.330000
2018-01-26,216.780000
2018-01-29,215.330000
2018-01-30,215.950000
2018-01-31,216.850000
2018-02-01,218.670000
2018-02-02,214.380000
2018-02-05,208.020000
2018-02-06,208.460000
2018-02-07,211.310000
2018-02-08,198.570000
2018-02-09,206.090000
2018-02-12,211.870000
2018-02-13,208.000000
2018-02-14,209.780000
2018-02-15,217.700000
2018-02-16,220.740000
2018-02-20,221.490000
2018-02-21,230.530000
2018-02-22,227.000000
2018-02-23,228.850000
2018-02-26,228.020000
2018-02-27,226.470000
2018-02-28,222.410000
2018-03-01,222.820000
2018-03-02,223.100000
2018-03-05,219.610000
2018-03-06,221.440000
2018-03-07,222.960000
2018-03-08,222.780000
2018-03-09,230.260000
2018-03-12,227.690000
2018-03-13,226.400000
2018-03-14,226.660000
2018-03-15,226.820000
2018-03-16,229.790000
2018-03-19,227.670000
2018-03-20,231.590000
2018-03-21,228.260000
2018-03-22,226.400000
2018-03-23,226.650000
2018-03-26,231.280000
2018-03-27,231.580000
2018-03-28,233.870000
2018-03-29,233.560000
2018-04-02,230.420000
2018-04-03,233.470000
2018-04-04,231.450000
2018-04-05,235.790000
2018-04-06,231.460000
2018-04-09,232.430000
2018-04-10,231.700000
2018-04-11,231.000000
2018-04-12,231.480000
2018-04-13,230.320000
2018-04-16,232.350000
2018-04-17,237.160000
2018-04-18,238.190000
2018-04-19,240.690000
2018-04-20,238.930000
2018-04-23,239.480000
2018-04-24,231.820000
2018-04-25,233.530000
2018-04-26,250.610000
2018-04-27,248.420000
2018-04-30,241.730000
2018-05-01,247.680000
2018-05-02,244.280000
2018-05-03,245.830000
2018-05-04,248.240000
2018-05-07,250.500000
2018-05-08,250.410000
2018-05-09,249.910000
2018-05-10,249.720000
2018-05-11,249.910000
2018-05-14,246.140000
2018-05-15,247.100000
2018-05-16,247.340000
2018-05-17,246.550000
2018-05-18,244.860000
2018-05-21,248.370000
2018-05-22,248.210000
2018-05-23,249.490000
2018-05-24,252.240000
2018-05-25,250.340000
2018-05-29,245.800000
2018-05-30,251.700000
2018-05-31,251.480000
2018-06-01,252.850000
2018-06-04,255.390000
2018-06-05,262.630000
2018-06-06,269.630000
2018-06-07,272.040000
2018-06-08,270.040000
2018-06-11,269.770000
2018-06-12,273.200000
2018-06-13,273.580000
2018-06-14,273.650000
2018-06-15,277.340000
2018-06-18,281.730000
2018-06-19,287.390000
2018-06-20,287.900000
2018-06-21,290.760000
2018-06-22,292.390000
2018-06-25,279.510000
2018-06-26,283.110000
2018-06-27,281.470000
2018-06-28,282.090000
2018-06-29,282.170000
2018-07-02,281.000000
2018-07-03,280.130000
2018-07-05,277.740000
2018-07-06,279.150000
2018-07-09,278.270000
2018-07-10,272.390000
2018-07-11,279.660000
2018-07-12,279.030000
2018-07-13,281.400000
2018-07-16,279.190000
2018-07-17,282.040000
2018-07-18,283.680000
2018-07-19,276.750000
2018-07-20,277.170000
2018-07-23,271.750000
2018-07-24,263.070000
2018-07-25,262.200000
2018-07-26,260.000000
2018-07-27,260.700000
2018-07-30,256.410000
2018-07-31,262.660000
2018-08-01,270.340000
2018-08-02,276.750000
2018-08-03,279.500000
2018-08-06,280.140000
2018-08-07,277.450000
2018-08-08,286.920000
2018-08-09,291.450000
2018-08-10,291.310000
2018-08-13,288.600000
2018-08-14,287.510000
2018-08-15,284.190000
2018-08-16,287.720000
2018-08-17,285.040000
2018-08-20,284.750000
2018-08-21,287.370000
2018-08-22,291.540000
2018-08-23,289.400000
2018-08-24,297.950000
2018-08-27,297.890000
2018-08-28,299.430000
2018-08-29,300.640000
2018-08-30,300.670000
2018-08-31,298.560000
2018-09-04,296.600000
2018-09-05,289.810000
2018-09-06,290.530000
2018-09-07,294.070000
2018-09-10,293.780000
2018-09-11,286.620000
2018-09-12,285.240000
2018-09-13,284.840000
2018-09-14,280.050000
2018-09-17,274.600000
2018-09-18,281.810000
2018-09-19,279.470000
2018-09-20,282.710000
2018-09-21,286.220000
2018-09-24,288.990000
2018-09-25,290.790000
2018-09-26,289.180000
2018-09-27,293.450000
2018-09-28,294.800000
2018-10-01,285.520000
2018-10-02,282.280000
2018-10-03,286.000000
2018-10-04,281.770000
2018-10-05,282.910000
2018-10-08,280.240000
2018-10-09,284.180000
2018-10-10,274.920000
2018-10-11,270.880000
2018-10-12,277.340000
2018-10-15,272.940000
2018-10-16,259.630000
2018-10-17,267.690000
2018-10-18,266.380000
2018-10-19,267.750000
2018-10-22,267.750000
2018-10-23,265.820000
2018-10-24,255.490000
2018-10-25,261.770000
2018-10-26,261.240000
2018-10-29,256.490000
2018-10-30,266.230000
2018-10-31,268.790000
2018-11-01,266.050000
2018-11-02,265.300000
2018-11-05,260.260000
2018-11-06,263.560000
2018-11-07,271.470000
2018-11-08,273.150000
2018-11-09,274.350000
2018-11-12,269.090000
2018-11-13,264.710000
2018-11-14,266.120000
2018-11-15,259.620000
2018-11-16,264.620000
2018-11-19,252.070000
2018-11-20,255.220000
2018-11-21,259.590000
2018-11-23,262.500000
2018-11-26,266.360000
2018-11-27,268.580000
2018-11-28,273.800000
2018-11-29,280.180000
2018-11-30,277.320000
2018-12-03,276.360000
2018-12-04,266.020000
2018-12-06,266.400000
2018-12-07,258.320000
2018-12-10,255.210000
2018-12-11,252.000000
2018-12-12,249.680000
2018-12-13,250.160000
2018-12-14,249.010000
2018-12-17,242.190000
2018-12-18,244.650000
2018-12-19,239.380000
2018-12-20,235.390000
2018-12-21,239.490000
2018-12-24,234.350000
2018-12-26,248.910000
2018-12-27,248.470000
2018-12-28,249.950000
2018-12-31,247.990000
2019-01-02,243.300000
2019-01-03,239.690000
2019-01-04,243.600000
2019-01-07,246.430000
2019-01-08,242.210000
2019-01-09,246.590000
2019-01-10,246.190000
2019-01-11,248.990000
2019-01-14,244.170000
2019-01-15,247.890000
2019-01-16,246.850000
2019-01-17,258.940000
2019-01-18,267.460000
2019-01-22,263.430000
2019-01-23,273.160000
2019-01-24,276.880000
2019-01-25,284.160000
2019-01-28,279.790000
2019-01-29,274.850000
2019-01-30,277.060000
2019-01-31,283.730000
2019-02-01,278.390000
2019-02-04,281.070000
2019-02-05,289.290000
2019-02-06,287.890000
2019-02-07,288.890000
2019-02-08,290.160000
2019-02-11,294.860000
2019-02-12,287.210000
2019-02-13,288.800000
2019-02-14,287.180000
2019-02-15,281.650000
2019-02-19,279.230000
2019-02-20,278.490000
2019-02-21,253.010000
2019-02-22,260.710000
2019-02-25,255.940000
2019-02-26,252.810000
2019-02-27,252.510000
2019-02-28,250.940000
2019-03-01,250.730000
2019-03-04,248.570000
2019-03-05,249.330000
2019-03-06,248.600000
2019-03-07,247.940000
2019-03-08,250.520000
2019-03-11,246.990000
2019-03-12,240.000000
2019-03-13,245.370000
2019-03-14,247.250000
2019-03-15,244.270000
2019-03-18,243.410000
2019-03-19,248.760000
2019-03-20,243.940000
2019-03-21,245.050000
2019-03-22,239.250000
2019-03-25,242.560000
2019-03-26,245.400000
2019-03-27,247.580000
2019-03-28,253.920000
2019-03-29,258.100000
2019-04-01,249.450000
2019-04-02,245.220000
2019-04-03,253.110000
2019-04-04,248.940000
2019-04-05,254.560000
2019-04-08,247.500000
2019-04-09,247.830000
2019-04-10,248.940000
2019-04-11,255.550000
2019-04-12,257.610000
2019-04-15,258.900000
2019-04-16,255.340000
2019-04-17,265.250000
2019-04-18,267.610000
2019-04-22,266.000000
2019-04-23,270.200000
2019-04-24,283.420000
2019-04-25,276.450000
2019-04-26,273.430000
2019-04-29,268.870000
2019-04-30,270.580000
2019-05-01,271.460000
2019-05-02,274.320000
2019-05-03,279.750000
2019-05-06,282.020000
2019-05-07,277.390000
2019-05-08,283.150000
2019-05-09,282.160000
2019-05-10,278.370000
2019-05-13,273.880000
2019-05-14,272.860000
2019-05-15,276.670000
2019-05-16,277.840000
2019-05-17,281.250000
2019-05-20,284.860000
2019-05-21,284.970000
2019-05-22,284.430000
2019-05-23,285.310000
2019-05-24,282.610000
2019-05-28,280.730000
2019-05-29,277.730000
2019-05-30,277.280000
2019-05-31,279.500000
2019-06-03,276.490000
2019-06-04,284.000000
2019-06-05,285.340000
2019-06-06,287.000000
2019-06-07,287.000000
2019-06-10,282.640000
2019-06-11,280.130000
2019-06-12,282.000000
2019-06-13,281.290000
2019-06-14,280.650000
2019-06-17,282.000000
2019-06-18,282.350000
2019-06-19,280.680000
2019-06-20,281.820000
2019-06-21,280.330000
2019-06-24,274.370000
2019-06-25,277.140000
2019-06-26,275.870000
2019-06-27,277.940000
2019-06-28,278.280000
2019-07-01,271.100000
2019-07-02,273.810000
2019-07-03,280.960000
2019-07-05,278.260000
2019-07-08,277.210000
2019-07-09,280.000000
2019-07-10,275.350000
2019-07-11,277.640000
2019-07-12,282.110000
2019-07-15,269.920000
2019-07-16,246.540000
2019-07-17,253.010000
2019-07-18,252.680000
2019-07-19,257.930000
2019-07-22,255.400000
2019-07-23,257.710000
2019-07-24,262.210000
2019-07-25,260.670000
2019-07-26,259.060000
2019-07-29,252.480000
2019-07-30,247.550000
2019-07-31,244.530000
2019-08-01,245.830000
2019-08-02,244.750000
2019-08-05,239.720000
2019-08-06,242.510000
2019-08-07,245.740000
2019-08-08,246.750000
2019-08-09,247.830000
2019-08-12,240.010000
2019-08-13,240.600000
2019-08-14,236.200000
2019-08-15,232.890000
2019-08-16,234.950000
2019-08-19,232.020000
2019-08-20,232.430000
2019-08-21,231.520000
2019-08-22,231.850000
2019-08-23,226.150000
2019-08-26,227.690000
2019-08-27,222.450000
2019-08-28,225.850000
2019-08-29,225.260000
2019-08-30,226.840000
2019-09-03,226.870000
2019-09-04,239.060000
2019-09-05,244.830000
2019-09-06,237.350000
2019-09-09,239.200000
2019-09-10,243.570000
2019-09-11,249.090000
2019-09-12,246.790000
2019-09-13,245.050000
2019-09-16,244.790000
2019-09-17,243.540000
2019-09-18,245.000000
2019-09-19,247.010000
2019-09-20,247.620000
2019-09-23,246.260000
2019-09-24,242.970000
2019-09-25,241.450000
2019-09-26,239.460000
2019-09-27,240.460000
2019-09-30,244.590000
2019-10-01,245.770000
2019-10-02,241.750000
2019-10-03,243.350000
2019-10-04,242.130000
2019-10-07,242.210000
2019-10-08,253.480000
2019-10-09,248.190000
2019-10-10,254.770000
2019-10-11,257.790000
2019-10-14,252.200000
2019-10-15,255.730000
2019-10-16,255.960000
2019-10-17,256.450000
2019-10-18,255.700000
2019-10-21,257.520000
2019-10-22,258.940000
2019-10-23,256.000000
2019-10-24,263.600000
2019-10-25,271.750000
2019-10-28,269.460000
2019-10-29,263.180000
2019-10-30,270.900000
2019-10-31,271.620000
2019-11-01,269.260000
2019-11-04,269.290000
2019-11-05,276.310000
2019-11-06,277.820000
2019-11-07,282.680000
2019-11-08,280.660000
2019-11-11,280.690000
2019-11-12,277.880000
2019-11-13,279.400000
2019-11-14,278.660000
2019-11-15,281.410000
2019-11-18,284.610000
2019-11-19,285.740000
2019-11-20,288.240000
2019-11-21,284.050000
2019-11-22,285.760000
2019-11-25,293.000000
2019-11-26,289.140000
2019-11-27,295.330000
2019-11-29,294.300000
2019-12-02,294.050000
2019-12-03,284.090000
2019-12-04,286.000000
2019-12-05,286.870000
2019-12-06,286.570000
2019-12-09,286.370000
2019-12-10,285.240000
2019-12-11,293.620000
2019-12-12,296.650000
2019-12-13,294.930000
2019-12-16,292.150000
2019-12-17,291.750000
2019-12-18,284.320000
2019-12-19,292.000000
2019-12-20,292.000000
2019-12-23,288.270000
2019-12-24,289.640000
2019-12-26,292.240000
2019-12-27,292.310000
2019-12-30,293.250000
2019-12-31,293.780000
2020-01-02,293.400000
2020-01-03,294.670000
2020-01-06,293.950000
2020-01-07,291.850000
2020-01-08,290.560000
2020-01-09,288.900000
2020-01-10,289.090000
2020-01-13,284.000000
2020-01-14,285.120000
2020-01-15,288.570000
2020-01-16,287.360000
2020-01-17,286.470000
2020-01-21,285.110000
2020-01-22,285.910000
2020-01-23,288.020000
2020-01-24,285.100000
2020-01-27,282.890000
2020-01-28,284.180000
2020-01-29,285.470000
2020-01-30,282.400000
2020-01-31,281.750000
2020-02-03,270.750000
2020-02-04,273.400000
2020-02-05,278.010000
2020-02-06,279.410000
2020-02-07,275.510000
2020-02-10,274.850000
2020-02-11,275.750000
2020-02-12,281.030000
2020-02-13,286.030000
2020-02-14,291.600000
2020-02-18,295.780000
2020-02-19,297.100000
2020-02-20,373.160000
2020-02-21,371.960000
2020-02-24,363.010000
2020-02-25,368.660000
2020-02-26,366.670000
2020-02-27,347.860000
2020-02-28,339.460000
2020-03-02,347.520000
2020-03-03,339.470000
2020-03-04,341.890000
2020-03-05,333.030000
2020-03-06,336.410000
2020-03-09,336.670000
2020-03-10,343.950000
2020-03-11,332.660000
2020-03-12,317.110000
2020-03-13,316.630000
2020-03-16,286.320000
2020-03-17,298.740000
2020-03-18,290.000000
2020-03-19,323.140000
2020-03-20,299.950000
2020-03-23,323.870000
2020-03-24,343.560000
2020-03-25,321.450000
2020-03-26,338.510000
2020-03-27,338.740000
2020-03-30,346.750000
2020-03-31,324.070000
2020-04-01,333.770000
2020-04-02,333.450000
2020-04-03,328.230000
2020-04-06,338.520000
2020-04-07,333.960000
2020-04-08,343.830000
2020-04-09,343.640000
2020-04-13,355.140000
2020-04-14,358.260000
2020-04-15,354.620000
2020-04-16,360.470000
2020-04-17,362.970000
2020-04-20,370.480000
2020-04-21,365.220000
2020-04-22,383.750000
2020-04-23,369.640000
2020-04-24,367.290000
2020-04-27,362.030000
2020-04-28,356.010000
2020-04-29,362.010000
2020-04-30,361.930000
2020-05-01,357.300000
2020-05-04,359.100000
2020-05-05,371.460000
2020-05-06,372.300000
2020-05-07,367.170000
2020-05-08,369.110000
2020-05-11,377.490000
2020-05-12,377.940000
2020-05-13,384.960000
2020-05-14,376.010000
2020-05-15,376.040000
2020-05-18,364.500000
2020-05-19,370.010000
2020-05-20,377.240000
2020-05-21,375.240000
2020-05-22,372.100000
2020-05-26,360.160000
2020-05-27,373.970000
2020-05-28,365.550000
2020-05-29,385.840000
2020-06-01,383.580000
2020-06-02,384.860000
2020-06-03,390.140000
2020-06-04,382.780000
2020-06-05,376.410000
2020-06-08,375.820000
2020-06-09,382.220000
2020-06-10,392.320000
2020-06-11,382.790000
2020-06-12,378.150000
2020-06-15,377.920000
2020-06-16,374.860000
2020-06-17,380.670000
2020-06-18,375.550000
2020-06-19,378.410000
2020-06-22,384.630000
2020-06-23,377.550000
2020-06-24,375.480000
2020-06-25,373.700000
2020-06-26,365.810000
2020-06-29,369.170000
2020-06-30,369.440000
2020-07-01,375.710000
2020-07-02,374.090000
2020-07-06,385.000000
2020-07-07,381.140000
2020-07-08,384.140000
2020-07-09,385.500000
2020-07-10,398.310000
2020-07-13,401.380000
2020-07-14,402.300000
2020-07-15,413.680000
2020-07-16,407.520000
2020-07-17,390.220000
2020-07-20,391.430000
2020-07-21,387.810000
2020-07-22,389.120000
2020-07-23,381.320000
2020-07-24,386.910000
2020-07-27,389.610000
2020-07-28,385.420000
2020-07-29,385.150000
2020-07-30,384.530000
2020-07-31,386.610000
2020-08-03,387.030000
2020-08-04,391.860000
2020-08-05,393.440000
2020-08-06,392.550000
2020-08-07,389.120000
2020-08-10,385.930000
2020-08-11,388.650000
2020-08-12,392.670000
2020-08-13,399.040000
2020-08-14,398.990000
2020-08-17,409.390000
2020-08-18,411.450000
2020-08-19,414.230000
2020-08-20,418.330000
2020-08-21,419.700000
2020-08-24,418.990000
2020-08-25,419.360000
2020-08-26,418.090000
2020-08-27,416.320000
2020-08-28,415.980000
2020-08-31,408.960000
2020-09-01,410.150000
2020-09-02,403.600000
2020-09-03,397.500000
2020-09-04,381.810000
2020-09-08,376.320000
2020-09-09,382.070000
2020-09-10,388.970000
2020-09-11,394.680000
2020-09-14,388.520000
2020-09-15,389.520000
2020-09-16,385.980000
2020-09-17,395.070000
2020-09-18,397.590000
2020-09-21,404.970000
2020-09-22,413.750000
2020-09-23,413.540000
2020-09-24,413.300000
2020-09-25,418.080000
2020-09-28,421.540000
2020-09-29,423.460000
2020-09-30,425.280000
2020-10-01,426.990000
2020-10-02,433.780000
2020-10-05,424.940000
2020-10-06,427.530000
2020-10-07,431.050000
2020-10-08,401.010000
2020-10-09,390.950000
2020-10-12,392.580000
2020-10-13,407.720000
2020-10-14,403.210000
2020-10-15,401.840000
2020-10-16,399.450000
2020-10-19,394.890000
2020-10-20,394.410000
2020-10-21,389.950000
2020-10-22,391.740000
2020-10-23,394.100000
2020-10-26,394.610000
2020-10-27,397.030000
2020-10-28,384.000000
2020-10-29,386.720000
2020-10-30,378.320000
2020-11-02,376.030000
2020-11-03,383.240000
2020-11-04,392.520000
2020-11-05,396.220000
2020-11-06,399.850000
2020-11-09,376.550000
2020-11-10,381.670000
2020-11-11,394.670000
2020-11-12,390.550000
2020-11-13,389.600000
2020-11-16,384.820000
2020-11-17,384.470000
2020-11-18,382.460000
2020-11-19,385.040000
2020-11-20,389.560000
2020-11-23,387.210000
2020-11-24,383.130000
2020-11-25,383.440000
2020-11-27,390.470000
2020-11-30,392.570000
2020-12-01,391.750000
2020-12-02,387.830000
2020-12-03,383.380000
2020-12-04,382.990000
2020-12-07,384.550000
2020-12-08,386.690000
2020-12-09,384.970000
2020-12-10,386.050000
2020-12-11,383.370000
2020-12-14,383.230000
2020-12-15,384.680000
2020-12-16,382.520000
2020-12-17,395.160000
2020-12-18,396.710000
2020-12-21,397.180000
2020-12-22,398.720000
2020-12-23,403.750000
2020-12-24,396.730000
2020-12-28,400.180000
2020-12-29,384.360000
2020-12-30,384.620000
2020-12-31,383.460000
2021-01-04,379.500000
2021-01-05,381.340000
2021-01-06,384.870000
2021-01-07,383.190000
2021-01-08,388.830000
2021-01-11,390.540000
2021-01-12,385.500000
2021-01-13,381.860000
2021-01-14,373.800000
2021-01-15,375.230000
2021-01-19,372.650000
2021-01-20,379.000000
2021-01-21,381.120000
2021-01-22,380.370000
2021-01-25,378.490000
2021-01-26,378.840000
2021-01-27,376.910000
2021-01-28,371.600000
2021-01-29,370.760000
2021-02-01,371.420000
2021-02-02,377.220000
2021-02-03,373.330000
2021-02-04,373.000000
2021-02-05,377.230000
2021-02-08,380.060000
2021-02-09,382.960000
2021-02-10,382.060000
2021-02-11,385.200000
2021-02-12,385.170000
2021-02-16,377.920000
2021-02-17,376.490000
2021-02-18,377.140000
2021-02-19,371.460000
2021-02-22,365.160000
2021-02-23,366.740000
2021-02-24,364.590000
2021-02-25,339.000000
2021-02-26,346.510000
2021-03-01,345.060000
2021-03-02,343.010000
2021-03-03,332.730000
2021-03-04,330.530000
2021-03-05,330.240000
2021-03-08,333.510000
2021-03-09,354.080000
2021-03-10,357.930000
2021-03-11,358.370000
2021-03-12,361.110000
2021-03-15,362.970000
2021-03-16,366.010000
2021-03-17,363.250000
2021-03-18,363.820000
2021-03-19,363.700000
2021-03-22,369.320000
2021-03-23,374.420000
2021-03-24,366.220000
2021-03-25,367.600000
2021-03-26,371.840000
2021-03-29,372.080000
2021-03-30,368.130000
2021-03-31,367.790000
2021-04-01,373.380000
2021-04-05,371.640000
2021-04-06,380.680000
2021-04-07,382.300000
2021-04-08,383.920000
2021-04-09,390.350000
2021-04-12,390.620000
2021-04-13,394.930000
2021-04-14,390.640000
2021-04-15,392.990000
2021-04-16,394.830000
2021-04-19,397.960000
2021-04-20,398.050000
2021-04-21,394.800000
2021-04-22,398.760000
2021-04-23,397.710000
2021-04-26,400.210000
2021-04-27,401.030000
2021-04-28,403.950000
2021-04-29,415.980000
2021-04-30,422.340000
2021-05-03,433.590000
2021-05-04,433.990000
2021-05-05,431.890000
2021-05-06,430.030000
2021-05-07,432.470000
2021-05-10,431.070000
2021-05-11,422.340000
2021-05-12,425.440000
2021-05-13,422.400000
2021-05-14,427.290000
2021-05-17,432.860000
2021-05-18,432.860000
2021-05-19,431.950000
2021-05-20,428.940000
2021-05-21,427.650000
2021-05-24,420.900000
2021-05-25,421.040000
2021-05-26,420.690000
2021-05-27,423.970000
2021-05-28,426.870000
2021-06-01,423.000000
2021-06-02,426.200000
2021-06-03,425.120000
2021-06-04,431.140000
2021-06-07,437.920000
2021-06-08,443.360000
2021-06-09,442.710000
2021-06-10,448.430000
2021-06-11,452.960000
2021-06-14,448.160000
2021-06-15,445.760000
2021-06-16,447.590000
2021-06-17,457.200000
2021-06-18,460.190000
2021-06-21,459.460000
2021-06-22,459.820000
2021-06-23,456.750000
2021-06-24,459.810000
2021-06-25,457.980000
2021-06-28,463.530000
2021-06-29,463.450000
2021-06-30,466.490000
2021-07-01,466.020000
2021-07-02,474.240000
2021-07-06,476.610000
2021-07-07,478.180000
2021-07-08,474.550000
2021-07-09,477.560000
2021-07-12,480.110000
2021-07-13,485.680000
2021-07-14,485.320000
2021-07-15,484.840000
2021-07-16,482.680000
2021-07-19,478.490000
2021-07-20,474.970000
2021-07-21,470.370000
2021-07-22,538.820000
2021-07-23,525.450000
2021-07-26,534.320000
2021-07-27,538.010000
2021-07-28,524.570000
2021-07-29,526.170000
2021-07-30,525.490000
2021-08-02,530.360000
2021-08-03,540.470000
2021-08-04,536.680000
2021-08-05,535.480000
2021-08-06,533.440000
2021-08-09,529.470000
2021-08-10,518.930000
2021-08-11,515.330000
2021-08-12,516.480000
2021-08-13,517.020000
2021-08-16,513.190000
2021-08-17,527.750000
2021-08-18,525.620000
2021-08-19,518.320000
2021-08-20,509.520000
2021-08-23,509.520000
2021-08-24,501.580000
2021-08-25,512.140000
2021-08-26,510.590000
2021-08-27,511.870000
2021-08-30,517.250000
2021-08-31,516.890000
2021-09-01,515.400000
2021-09-02,517.290000
2021-09-03,514.500000
2021-09-07,514.020000
2021-09-08,521.370000
2021-09-09,516.120000
2021-09-10,510.870000
2021-09-13,511.100000
2021-09-14,506.960000
2021-09-15,505.560000
2021-09-16,511.210000
2021-09-17,503.540000
2021-09-20,497.060000
2021-09-21,498.150000
2021-09-22,495.520000
2021-09-23,492.810000
2021-09-24,489.840000
2021-09-27,487.230000
2021-09-28,484.910000
2021-09-29,483.000000
2021-09-30,476.960000
2021-10-01,475.070000
2021-10-04,470.910000
2021-10-05,474.620000
2021-10-06,482.660000
2021-10-07,482.710000
2021-10-08,480.320000
2021-10-11,479.480000
2021-10-12,480.050000
2021-10-13,476.280000
2021-10-14,477.480000
2021-10-15,454.910000
2021-10-18,459.900000
2021-10-19,465.370000
2021-10-20,458.580000
2021-10-21,467.960000
2021-10-22,464.330000
2021-10-25,466.240000
2021-10-26,465.780000
2021-10-27,480.270000
2021-10-28,479.330000
2021-10-29,488.970000
2021-11-01,487.380000
2021-11-02,486.870000
2021-11-03,485.260000
2021-11-04,509.380000
2021-11-05,495.880000
2021-11-08,496.670000
2021-11-09,498.490000
2021-11-10,495.150000
2021-11-11,506.960000
2021-11-12,513.300000
2021-11-15,517.320000
2021-11-16,525.250000
2021-11-17,531.480000
2021-11-18,536.830000
2021-11-19,535.590000
2021-11-22,533.360000
2021-11-23,531.910000
2021-11-24,533.980000
2021-11-26,529.880000
2021-11-29,533.950000
2021-11-30,524.140000
2021-12-01,511.650000
2021-12-02,525.000000
2021-12-03,521.770000
2021-12-06,517.080000
2021-12-07,537.430000
2021-12-08,534.170000
2021-12-09,530.290000
2021-12-10,534.420000
2021-12-13,537.360000
2021-12-14,523.150000
2021-12-15,523.920000
2021-12-16,532.200000
2021-12-17,528.380000
2021-12-20,530.610000
2021-12-21,529.960000
2021-12-22,534.830000
2021-12-23,545.840000
2021-12-27,557.210000
2021-12-28,557.770000
2021-12-29,562.400000
2021-12-30,557.410000
2021-12-31,564.330000
2022-01-03,553.220000
2022-01-04,535.280000
2022-01-05,520.530000
2022-01-06,524.410000
2022-01-07,508.430000
2022-01-10,502.650000
2022-01-11,486.420000
2022-01-12,486.890000
2022-01-13,481.400000
2022-01-14,473.040000
2022-01-18,466.460000
2022-01-19,469.390000
2022-01-20,452.270000
2022-01-21,434.810000
2022-01-24,456.240000
2022-01-25,436.360000
2022-01-26,423.700000
2022-01-27,429.580000
2022-01-28,441.010000
2022-01-31,454.650000
2022-02-01,458.300000
2022-02-02,451.940000
2022-02-03,443.790000
2022-02-04,438.070000
2022-02-07,434.360000
2022-02-08,438.730000
2022-02-09,444.760000
2022-02-10,438.580000
2022-02-11,431.520000
2022-02-14,430.710000
2022-02-15,432.000000
2022-02-16,433.340000
2022-02-17,430.530000
2022-02-18,435.620000
2022-02-22,422.110000
2022-02-23,402.090000
2022-02-24,417.410000
2022-02-25,429.980000
2022-02-28,432.210000
2022-03-01,432.210000
2022-03-02,423.250000
2022-03-03,402.670000
2022-03-04,413.710000
2022-03-07,400.070000
2022-03-08,393.150000
2022-03-09,397.190000
2022-03-10,393.140000
2022-03-11,386.370000
2022-03-14,386.180000
2022-03-15,389.910000
2022-03-16,405.470000
2022-03-17,409.460000
2022-03-18,415.660000
2022-03-21,400.050000
2022-03-22,396.830000
2022-03-23,393.940000
2022-03-24,393.200000
2022-03-25,394.740000
2022-03-28,399.070000
2022-03-29,412.010000
2022-03-30,406.270000
2022-03-31,407.010000
2022-04-01,397.180000
2022-04-04,403.790000
2022-04-05,391.170000
2022-04-06,391.100000
2022-04-07,397.400000
2022-04-08,394.790000
2022-04-11,387.920000
2022-04-12,388.570000
2022-04-13,392.160000
2022-04-14,387.240000
2022-04-18,379.490000
2022-04-19,394.080000
2022-04-20,396.490000
2022-04-21,391.000000
2022-04-22,378.830000
2022-04-25,378.160000
2022-04-26,369.730000
2022-04-27,372.910000
2022-04-28,353.880000
2022-04-29,338.000000
2022-05-02,351.120000
2022-05-03,343.840000
2022-05-04,353.200000
2022-05-05,341.690000
2022-05-06,341.790000
2022-05-09,333.600000
2022-05-10,335.720000
2022-05-11,325.130000
2022-05-12,327.850000
2022-05-13,340.940000
2022-05-16,336.450000
2022-05-17,336.460000
2022-05-18,328.020000
2022-05-19,336.430000
2022-05-20,341.690000
2022-05-23,343.010000
2022-05-24,342.170000
2022-05-25,352.570000
2022-05-26,355.610000
2022-05-27,365.910000
2022-05-31,363.170000
2022-06-01,360.850000
2022-06-02,372.870000
2022-06-03,368.120000
2022-06-06,377.270000
2022-06-07,385.280000
2022-06-08,384.000000
2022-06-09,385.440000
2022-06-10,380.500000
2022-06-13,380.630000
2022-06-14,377.130000
2022-06-15,385.420000
2022-06-16,379.550000
2022-06-17,379.170000
2022-06-21,386.360000
2022-06-22,389.760000
2022-06-23,398.130000
2022-06-24,396.540000
2022-06-27,397.580000
2022-06-28,390.710000
2022-06-29,389.040000
2022-06-30,389.710000
2022-07-01,403.610000
2022-07-05,396.800000
2022-07-06,397.570000
2022-07-07,405.540000
2022-07-08,401.350000
2022-07-11,397.250000
2022-07-12,391.490000
2022-07-13,401.370000
2022-07-14,399.150000
2022-07-15,406.600000
2022-07-18,406.810000
2022-07-19,410.240000
2022-07-20,410.860000
2022-07-21,405.640000
2022-07-22,399.270000
2022-07-25,387.990000
2022-07-26,386.750000
2022-07-27,392.990000
2022-07-28,389.820000
2022-07-29,392.110000
2022-08-01,390.120000
2022-08-02,391.070000
2022-08-03,390.910000
2022-08-04,391.340000
2022-08-05,387.930000
2022-08-08,394.890000
2022-08-09,392.560000
2022-08-10,405.750000
2022-08-11,404.130000
2022-08-12,412.240000
2022-08-15,410.860000
2022-08-16,410.930000
2022-08-17,411.990000
2022-08-18,416.950000
2022-08-19,405.200000
2022-08-22,401.210000
2022-08-23,392.460000
2022-08-24,396.960000
2022-08-25,406.970000
2022-08-26,390.280000
2022-08-29,378.510000
2022-08-30,380.370000
2022-08-31,371.860000
2022-09-01,371.620000
2022-09-02,365.800000
2022-09-06,362.770000
2022-09-07,362.610000
2022-09-08,362.000000
2022-09-09,367.120000
2022-09-12,364.440000
2022-09-13,350.380000
2022-09-14,340.280000
2022-09-15,349.510000
2022-09-16,342.970000
2022-09-19,332.980000
2022-09-20,332.350000
2022-09-21,333.200000
2022-09-22,320.140000
2022-09-23,330.000000
2022-09-26,324.740000
2022-09-27,314.190000
2022-09-28,321.180000
2022-09-29,316.350000
2022-09-30,310.200000
2022-10-03,316.440000
2022-10-04,330.610000
2022-10-05,335.130000
2022-10-06,324.220000
2022-10-07,314.520000
2022-10-10,309.670000
2022-10-11,303.500000
2022-10-12,301.760000
2022-10-13,333.260000
2022-10-14,317.340000
2022-10-17,321.160000
2022-10-18,328.900000
2022-10-19,323.400000
2022-10-20,319.500000
2022-10-21,321.560000
2022-10-24,323.160000
2022-10-25,328.880000
2022-10-26,322.020000
2022-10-27,331.500000
2022-10-28,334.800000
2022-10-31,332.240000
2022-11-01,333.440000
2022-11-02,339.030000
2022-11-03,352.070000
2022-11-04,359.650000
2022-11-07,347.930000
2022-11-08,337.490000
2022-11-09,338.540000
2022-11-10,357.820000
2022-11-11,366.520000
2022-11-14,370.230000
2022-11-15,366.740000
2022-11-16,364.470000
2022-11-17,366.730000
2022-11-18,367.890000
2022-11-21,377.830000
2022-11-22,376.070000
2022-11-23,391.740000
2022-11-25,389.060000
2022-11-28,382.290000
2022-11-29,383.060000
2022-11-30,388.730000
2022-12-01,385.580000
2022-12-02,382.760000
2022-12-05,381.260000
2022-12-06,369.360000
2022-12-07,372.140000
2022-12-08,374.940000
2022-12-09,362.650000
2022-12-12,363.350000
2022-12-13,361.870000
2022-12-14,366.740000
2022-12-15,356.990000
2022-12-16,357.230000
2022-12-19,356.330000
2022-12-20,353.730000
2022-12-21,358.330000
2022-12-22,352.210000
2022-12-23,353.020000
2022-12-27,354.400000
2022-12-28,344.410000
2022-12-29,349.800000
2022-12-30,346.400000
2023-01-03,339.270000
2023-01-04,344.390000
2023-01-05,338.830000
2023-01-06,342.620000
2023-01-09,333.880000
2023-01-10,339.730000
2023-01-11,349.850000
2023-01-12,337.620000
2023-01-13,337.440000
2023-01-17,344.190000
2023-01-18,346.480000
2023-01-19,348.850000
2023-01-20,348.040000
2023-01-23,345.450000
2023-01-24,339.340000
2023-01-25,350.640000
2023-01-26,354.040000
2023-01-27,355.170000
2023-01-30,348.490000
2023-01-31,353.000000
2023-02-01,359.790000
2023-02-02,360.470000
2023-02-03,359.620000
2023-02-06,355.980000
2023-02-07,357.200000
2023-02-08,353.590000
2023-02-09,354.970000
2023-02-10,354.060000
2023-02-13,355.050000
2023-02-14,347.580000
2023-02-15,360.100000
2023-02-16,356.830000
2023-02-17,357.360000
2023-02-21,350.230000
2023-02-22,348.460000
2023-02-23,307.860000
2023-02-24,297.470000
2023-02-27,295.630000
2023-02-28,294.010000
2023-03-01,301.730000
2023-03-02,305.320000
2023-03-03,304.760000
2023-03-06,316.320000
2023-03-07,310.850000
2023-03-08,312.130000
2023-03-09,309.120000
2023-03-10,300.160000
2023-03-13,302.590000
2023-03-14,307.100000
2023-03-15,312.600000
2023-03-16,313.940000
2023-03-17,310.670000
2023-03-20,317.180000
2023-03-21,317.640000
2023-03-22,312.280000
2023-03-23,315.430000
2023-03-24,311.510000
2023-03-27,322.220000
2023-03-28,324.230000
2023-03-29,327.580000
2023-03-30,327.650000
2023-03-31,329.870000
2023-04-03,332.520000
2023-04-04,328.970000
2023-04-05,328.380000
2023-04-06,330.580000
2023-04-10,329.710000
2023-04-11,332.440000
2023-04-12,326.440000
2023-04-13,332.600000
2023-04-14,330.380000
2023-04-17,329.900000
2023-04-18,326.700000
2023-04-19,325.660000
2023-04-20,322.900000
2023-04-21,330.520000
2023-04-24,330.270000
2023-04-25,329.630000
2023-04-26,339.030000
2023-04-27,317.140000
2023-04-28,317.470000
2023-05-01,311.250000
2023-05-02,311.590000
2023-05-03,314.860000
2023-05-04,311.410000
2023-05-05,311.110000
2023-05-08,308.940000
2023-05-09,308.640000
2023-05-10,306.890000
2023-05-11,306.930000
2023-05-12,307.580000
2023-05-15,307.850000
2023-05-16,301.850000
2023-05-17,305.050000
2023-05-18,311.360000
2023-05-19,312.460000
2023-05-22,308.910000
2023-05-23,304.290000
2023-05-24,306.800000
2023-05-25,304.500000
2023-05-26,299.830000
2023-05-30,291.390000
2023-05-31,289.850000
2023-06-01,296.670000
2023-06-02,303.190000
2023-06-05,297.830000
2023-06-06,297.740000
2023-06-07,297.560000
2023-06-08,299.900000
2023-06-09,298.070000
2023-06-12,301.860000
2023-06-13,301.890000
2023-06-14,305.720000
2023-06-15,325.460000
2023-06-16,331.410000
2023-06-20,325.540000
2023-06-21,323.110000
2023-06-22,321.040000
2023-06-23,316.820000
2023-06-26,319.240000
2023-06-27,324.930000
2023-06-28,325.520000
2023-06-29,330.730000
2023-06-30,336.990000
2023-07-03,336.660000
2023-07-05,334.960000
2023-07-06,333.910000
2023-07-07,341.680000
2023-07-10,347.410000
2023-07-11,349.790000
2023-07-12,388.590000
2023-07-13,386.870000
2023-07-14,384.660000
2023-07-17,389.740000
2023-07-18,392.290000
2023-07-19,392.330000
2023-07-20,387.830000
2023-07-21,385.440000
2023-07-24,385.900000
2023-07-25,397.050000
2023-07-26,401.360000
2023-07-27,402.580000
2023-07-28,400.880000
2023-07-31,396.740000
2023-08-01,399.650000
2023-08-02,398.300000
2023-08-03,401.360000
2023-08-04,395.360000
2023-08-07,398.690000
2023-08-08,398.010000
2023-08-09,396.220000
2023-08-10,398.400000
2023-08-11,394.170000
2023-08-14,397.590000
2023-08-15,393.820000
2023-08-16,389.110000
2023-08-17,382.300000
2023-08-18,378.830000
2023-08-21,379.880000
2023-08-22,379.720000
2023-08-23,382.620000
2023-08-24,378.860000
2023-08-25,380.720000
2023-08-28,388.250000
2023-08-29,386.170000
2023-08-30,394.190000
2023-08-31,387.400000
2023-09-01,391.140000
2023-09-05,389.890000
2023-09-06,384.440000
2023-09-07,389.350000
2023-09-08,387.370000
2023-09-11,394.900000
2023-09-12,393.590000
2023-09-13,396.460000
2023-09-14,399.070000
2023-09-15,388.480000
2023-09-18,384.310000
2023-09-19,382.830000
2023-09-20,384.840000
2023-09-21,378.050000
2023-09-22,381.350000
2023-09-25,383.110000
2023-09-26,379.220000
2023-09-27,380.210000
2023-09-28,382.310000
2023-09-29,378.790000
2023-10-02,380.540000
2023-10-03,364.180000
2023-10-04,371.000000
2023-10-05,363.230000
2023-10-06,341.560000
2023-10-09,350.140000
2023-10-10,355.600000
2023-10-11,354.050000
2023-10-12,350.170000
2023-10-13,346.810000
2023-10-16,351.680000
2023-10-17,350.490000
2023-10-18,345.120000
2023-10-19,344.310000
2023-10-20,347.690000
2023-10-23,348.300000
2023-10-24,353.590000
2023-10-25,349.910000
2023-10-26,345.940000
2023-10-27,340.600000
2023-10-30,338.710000
2023-10-31,338.990000
2023-11-01,344.130000
2023-11-02,348.380000
2023-11-03,361.940000
2023-11-06,368.250000
2023-11-07,371.700000
2023-11-08,371.840000
2023-11-09,369.690000
2023-11-10,378.510000
2023-11-13,374.550000
2023-11-14,382.410000
2023-11-15,381.430000
2023-11-16,374.740000
2023-11-17,372.420000
2023-11-20,368.500000
2023-11-21,369.310000
2023-11-22,369.490000
2023-11-24,370.320000
2023-11-27,387.070000
2023-11-28,388.270000
2023-11-29,388.860000
2023-11-30,392.890000
2023-12-01,397.180000
2023-12-04,399.820000
2023-12-05,394.050000
2023-12-06,392.540000
2023-12-07,402.000000
2023-12-08,394.900000
2023-12-11,397.480000
2023-12-12,396.810000
2023-12-13,402.800000
2023-12-14,402.850000
2023-12-15,400.050000
2023-12-18,403.040000
2023-12-19,406.550000
2023-12-20,403.250000
2023-12-21,408.800000
2023-12-22,409.840000
2023-12-26,411.340000
2023-12-27,413.850000
2023-12-28,411.210000
2023-12-29,412.230000
2024-01-02,413.140000
2024-01-03,400.460000
2024-01-04,401.270000
2024-01-05,400.030000
2024-01-08,402.690000
2024-01-09,410.140000
2024-01-10,414.130000
2024-01-11,411.800000
2024-01-12,411.300000
2024-01-16,425.940000
2024-01-17,422.400000
2024-01-18,425.930000
2024-01-19,426.770000
2024-01-22,428.010000
2024-01-23,425.710000
2024-01-24,421.770000
2024-01-25,418.080000
2024-01-26,419.120000
2024-01-29,433.440000
2024-01-30,434.740000
2024-01-31,426.220000
2024-02-01,433.530000
2024-02-02,422.060000
2024-02-05,418.050000
2024-02-06,421.580000
2024-02-07,421.950000
2024-02-08,426.580000
2024-02-09,425.090000
2024-02-12,427.290000
2024-02-13,421.500000
2024-02-14,424.480000
2024-02-15,424.720000
2024-02-16,421.850000
2024-02-20,417.150000
2024-02-21,420.760000
2024-02-22,428.010000
2024-02-23,433.650000
2024-02-26,459.000000
2024-02-27,446.270000
2024-02-28,446.370000
2024-02-29,448.350000
2024-03-01,447.230000
2024-03-04,449.990000
2024-03-05,449.590000
2024-03-06,447.240000
2024-03-07,447.370000
2024-03-08,445.010000
2024-03-11,443.900000
2024-03-12,452.580000
2024-03-13,452.480000
2024-03-14,443.660000
2024-03-15,441.220000
2024-03-18,442.790000
2024-03-19,444.900000
2024-03-20,451.720000
2024-03-21,455.870000
2024-03-22,458.420000
2024-03-25,465.110000
2024-03-26,483.000000
2024-03-27,492.130000
2024-03-28,496.880000
2024-04-01,493.920000
2024-04-02,497.260000
2024-04-03,505.860000
2024-04-04,482.860000
2024-04-05,493.200000
2024-04-08,501.980000
2024-04-09,498.450000
2024-04-10,506.830000
2024-04-11,504.520000
2024-04-12,495.310000
2024-04-15,488.020000
2024-04-16,486.650000
2024-04-17,482.050000
2024-04-18,481.660000
2024-04-19,473.550000
2024-04-22,471.280000
2024-04-23,481.160000
2024-04-24,487.710000
2024-04-25,494.770000
2024-04-26,499.070000
2024-04-29,527.130000
2024-04-30,529.270000
2024-05-01,516.420000
2024-05-02,512.700000
2024-05-03,514.330000
2024-05-06,522.380000
2024-05-07,517.230000
2024-05-08,516.670000
2024-05-09,517.260000
2024-05-10,518.650000
2024-05-13,510.240000
2024-05-14,510.710000
2024-05-15,517.680000
2024-05-16,513.300000
2024-05-17,513.030000
2024-05-20,516.080000
2024-05-21,513.720000
2024-05-22,511.920000
2024-05-23,502.130000
2024-05-24,502.160000
2024-05-28,509.080000
2024-05-29,510.010000
2024-05-30,509.100000
2024-05-31,508.580000
2024-06-03,522.980000
2024-06-04,520.980000
2024-06-05,517.100000
2024-06-06,513.690000
2024-06-07,513.550000
2024-06-10,526.550000
2024-06-11,527.950000
2024-06-12,531.400000
2024-06-13,528.750000
2024-06-14,521.410000
2024-06-17,532.160000
2024-06-18,533.640000
2024-06-20,525.000000
2024-06-21,521.830000
2024-06-24,533.420000
2024-06-25,527.870000
2024-06-26,519.370000
2024-06-27,515.990000
2024-06-28,516.330000
2024-07-01,505.350000
2024-07-02,492.610000
2024-07-03,497.330000
2024-07-05,493.730000
2024-07-08,500.330000
2024-07-09,477.830000
2024-07-10,477.990000
2024-07-11,473.090000
2024-07-12,491.480000
2024-07-15,483.030000
2024-07-16,489.850000
2024-07-17,473.270000
2024-07-18,409.040000
2024-07-19,404.170000
2024-07-22,415.550000
2024-07-23,422.940000
2024-07-24,424.730000
2024-07-25,425.170000
2024-07-26,417.450000
2024-07-29,428.130000
2024-07-30,429.150000
2024-07-31,428.700000
2024-08-01,426.640000
2024-08-02,429.000000
2024-08-05,429.220000
2024-08-06,428.980000
2024-08-07,427.570000
2024-08-08,437.610000
2024-08-09,438.400000
2024-08-12,444.900000
2024-08-13,441.300000
2024-08-14,442.240000
2024-08-15,444.580000
2024-08-16,442.910000
2024-08-19,432.840000
2024-08-20,427.060000
2024-08-21,427.700000
2024-08-22,416.230000
2024-08-23,425.280000
2024-08-26,424.480000
2024-08-27,418.410000
2024-08-28,416.090000
2024-08-29,412.960000
2024-08-30,414.210000
2024-09-03,403.550000
2024-09-04,405.530000
2024-09-05,410.260000
2024-09-06,408.490000
2024-09-09,420.160000
2024-09-10,416.770000
2024-09-11,407.970000
2024-09-12,405.840000
2024-09-13,402.520000
2024-09-16,408.970000
2024-09-17,412.440000
2024-09-18,409.020000
2024-09-19,411.710000
2024-09-20,414.420000
2024-09-23,420.700000
2024-09-24,426.540000
2024-09-25,425.920000
2024-09-26,432.350000
2024-09-27,429.030000
2024-09-30,430.140000
2024-10-01,430.660000
2024-10-02,423.200000
2024-10-03,420.890000
2024-10-04,425.310000
2024-10-07,410.000000
2024-10-08,411.150000
2024-10-09,413.200000
2024-10-10,408.750000
2024-10-11,429.670000
2024-10-14,428.080000
2024-10-15,427.260000
2024-10-16,428.360000
2024-10-17,429.380000
2024-10-18,428.850000
2024-10-21,431.290000
2024-10-22,426.780000
2024-10-23,422.700000
2024-10-24,415.110000
2024-10-25,413.810000
2024-10-28,417.240000
2024-10-29,413.140000
2024-10-30,410.020000
2024-10-31,413.730000
2024-11-01,425.830000
2024-11-04,429.980000
2024-11-05,428.000000
2024-11-06,441.950000
2024-11-07,448.440000
2024-11-08,459.730000
2024-11-11,446.870000
2024-11-12,440.600000
2024-11-13,439.550000
2024-11-14,435.970000
2024-11-15,430.430000
2024-11-18,444.900000
2024-11-19,439.800000
2024-11-20,438.970000
2024-11-21,445.850000
2024-11-22,453.350000
2024-11-25,469.180000
2024-11-26,472.910000
2024-11-27,472.340000
2024-11-29,476.190000
2024-12-02,466.180000
2024-12-03,462.220000
2024-12-04,466.860000
2024-12-05,465.410000
2024-12-06,459.590000
2024-12-09,457.740000
2024-12-10,454.160000
2024-12-11,457.350000
2024-12-12,464.890000
2024-12-13,453.170000
2024-12-16,447.720000
2024-12-17,446.740000
2024-12-18,430.710000
2024-12-19,427.640000
2024-12-20,426.180000
2024-12-23,426.540000
2024-12-24,431.000000
2024-12-26,432.620000
2024-12-27,429.620000
2024-12-30,420.720000
2024-12-31,419.760000
2025-01-02,434.930000
2025-01-03,438.080000
2025-01-06,424.500000
2025-01-07,410.900000
2025-01-08,412.690000
2025-01-10,402.330000
2025-01-13,410.140000
2025-01-14,416.080000
2025-01-15,413.930000
2025-01-16,418.910000
2025-01-17,427.350000
2025-01-21,440.800000
2025-01-22,442.120000
2025-01-23,447.760000
2025-01-24,434.230000
2025-01-27,431.150000
2025-01-28,429.810000
2025-01-29,427.780000
2025-01-30,450.800000
2025-01-31,449.120000
2025-02-03,455.850000
2025-02-04,465.930000
2025-02-05,454.750000
2025-02-06,470.560000
2025-02-07,466.740000
2025-02-10,474.940000
2025-02-11,474.060000
2025-02-12,471.470000
2025-02-13,479.880000
2025-02-14,476.660000
2025-02-18,477.530000
2025-02-19,475.350000
2025-02-20,471.760000
2025-02-21,462.370000
2025-02-24,455.640000
2025-02-25,470.140000
2025-02-26,479.110000
2025-02-27,482.280000
2025-02-28,489.710000
2025-03-03,483.820000
2025-03-04,481.770000
2025-03-05,476.180000
2025-03-06,480.240000
2025-03-07,472.050000
2025-03-10,440.030000
2025-03-11,430.560000
2025-03-12,438.710000
2025-03-13,428.670000
2025-03-14,425.580000
2025-03-17,449.600000
2025-03-18,452.680000
2025-03-19,461.670000
2025-03-20,466.050000
2025-03-21,461.400000
2025-03-24,466.040000
2025-03-25,460.270000
2025-03-26,466.840000
2025-03-27,471.280000
2025-03-28,447.120000
2025-03-31,459.450000
2025-04-01,465.470000
2025-04-02,468.350000
2025-04-03,463.780000
2025-04-04,444.210000
2025-04-07,436.570000
2025-04-08,430.720000
2025-04-09,456.350000
2025-04-10,453.050000
2025-04-11,462.170000
2025-04-14,475.870000
2025-04-15,468.560000
2025-04-16,462.250000
2025-04-17,466.740000
2025-04-21,468.270000
2025-04-22,486.140000
2025-04-23,485.880000
2025-04-24,487.970000
2025-04-25,487.580000
2025-04-28,490.640000
2025-04-29,493.430000
2025-04-30,490.370000
2025-05-01,481.390000
2025-05-02,484.610000
2025-05-05,477.840000
2025-05-06,479.490000
2025-05-07,476.680000
2025-05-08,476.820000
2025-05-09,478.900000
2025-05-12,482.110000
2025-05-13,484.400000
2025-05-14,483.230000
2025-05-15,485.910000
2025-05-16,495.050000
2025-05-19,497.520000
2025-05-20,493.070000
2025-05-21,480.490000
2025-05-22,482.260000
2025-05-23,480.430000
2025-05-27,484.560000
2025-05-28,483.110000
2025-05-29,474.520000
2025-05-30,473.820000
2025-06-02,466.000000
2025-06-03,464.530000
2025-06-04,465.910000
2025-06-05,460.030000
2025-06-06,468.210000
2025-06-09,467.950000
2025-06-10,455.490000
2025-06-11,446.900000
2025-06-12,451.000000
2025-06-13,452.150000
2025-06-16,454.450000
2025-06-17,458.780000
2025-06-18,447.160000
2025-06-20,447.280000
2025-06-23,457.610000
2025-06-24,459.970000
2025-06-25,453.130000
2025-06-26,454.720000
2025-06-27,446.390000
2025-06-30,450.600000
2025-07-01,457.530000
2025-07-02,453.940000
2025-07-03,452.180000
2025-07-07,453.220000
2025-07-08,459.430000
2025-07-09,463.480000
2025-07-10,469.920000
2025-07-11,464.480000
2025-07-14,472.940000
2025-07-15,465.390000
2025-07-16,465.300000
2025-07-17,468.705000
2025-07-18,465.950000
2025-07-21,462.240000
2025-07-22,480.970000
2025-07-23,478.050000
2025-07-24,476.340000
2025-07-25,485.530000
2025-07-28,474.320000
2025-07-29,470.050000
2025-07-30,475.380000
2025-07-31,463.210000
2025-08-01,466.170000
2025-08-04,467.980000
2025-08-05,447.130000
2025-08-06,443.780000
2025-08-07,442.420000
2025-08-08,440.040000
2025-08-11,440.540000
2025-08-12,441.190000
2025-08-13,450.980000
2025-08-14,450.590000
2025-08-15,451.260000
2025-08-18,444.850000
2025-08-19,450.560000
2025-08-20,442.860000
2025-08-21,446.860000
2025-08-22,450.990000
2025-08-25,460.660000
2025-08-26,451.220000
2025-08-27,452.550000
2025-08-28,448.960000
2025-08-29,458.300000
2025-09-02,467.300000
2025-09-03,466.600000
2025-09-04,462.600000
2025-09-05,463.830000
2025-09-08,466.105000
2025-09-09,458.970000
2025-09-10,450.560000
2025-09-11,456.620000
2025-09-12,452.050000
2025-09-15,449.950000
2025-09-16,442.420000
2025-09-17,438.210000
2025-09-18,430.080000
2025-09-19,428.710000
2025-09-22,424.960000
2025-09-23,423.890000
2025-09-24,425.300000
2025-09-25,422.750000
2025-09-26,435.750000
2025-09-29,434.410000
2025-09-30,431.710000
2025-10-01,428.160000
2025-10-02,431.240000
2025-10-03,426.710000
2025-10-06,422.910000
2025-10-07,411.430000
2025-10-08,413.500000
2025-10-09,405.330000
2025-10-10,406.370000
2025-10-13,408.260000
2025-10-14,424.230000
2025-10-15,417.460000
2025-10-16,416.950000
2025-10-17,416.260000
2025-10-20,422.940000
2025-10-21,419.880000
2025-10-22,424.820000
2025-10-23,421.760000
2025-10-24,414.860000
2025-10-27,412.700000
2025-10-28,410.970000
2025-10-29,405.870000
2025-10-30,403.960000
2025-10-31,398.460000
2025-11-03,403.630000
2025-11-04,406.880000
2025-11-05,400.410000
2025-11-06,401.460000
2025-11-07,410.180000
2025-11-10,407.590000
2025-11-11,409.230000
2025-11-12,403.760000
2025-11-13,408.680000
2025-11-14,410.160000
2025-11-17,404.630000
2025-11-18,403.340000
2025-11-19,399.670000
2025-11-20,397.210000
2025-11-21,407.400000
2025-11-24,402.670000
2025-11-25,417.620000
2025-11-26,415.590000
2025-11-28,419.630000
2025-12-01,423.850000
2025-12-02,424.640000
2025-12-03,431.690000
2025-12-04,427.070000
2025-12-05,416.550000
2025-12-08,418.470000
2025-12-09,417.190000
2025-12-10,418.880000
2025-12-11,433.670000
2025-12-12,431.730000
2025-12-15,437.500000
2025-12-16,433.900000
2025-12-17,438.420000
2025-12-18,431.370000
2025-12-19,431.510000
2025-12-22,427.890000
2025-12-23,426.180000
2025-12-24,425.430000
2025-12-26,425.560000
2025-12-29,421.250000
2025-12-30,421.920000
2025-12-31,416.820000
2026-01-02,425.280000
2026-01-05,411.440000
2026-01-06,406.500000
2026-01-07,405.500000
2026-01-08,406.580000
2026-01-09,405.090000
2026-01-12,415.950000
2026-01-13,410.910000
2026-01-14,407.380000
2026-01-15,409.090000
2026-01-16,400.280000
2026-01-20,387.640000
2026-01-21,398.920000
2026-01-22,405.330000
2026-01-23,411.500000
2026-01-26,413.910000
2026-01-27,413.870000
2026-01-28,405.370000
2026-01-29,407.080000
2026-01-30,410.330000
2026-02-02,409.220000
2026-02-03,401.110000
2026-02-04,401.730000
2026-02-05,393.430000
2026-02-06,394.880000
2026-02-09,392.160000
2026-02-10,389.730000
2026-02-11,384.000000
2026-02-12,381.780000
2026-02-13,375.500000
2026-02-17,373.500000
2026-02-18,382.990000
2026-02-19,385.130000
2026-02-20,384.610000
2026-02-23,400.360000
2026-02-24,414.200000
2026-02-25,403.940000
2026-02-26,399.290000
2026-02-27,402.510000
2026-03-02,401.370000
2026-03-03,408.380000
2026-03-04,406.620000
2026-03-05,402.700000
2026-03-06,408.410000
2026-03-09,415.780000
2026-03-10,400.520000
2026-03-11,393.290000
2026-03-12,395.980000
2026-03-13,401.625000
2026-03-16,392.270000
2026-03-17,396.180000
2026-03-18,376.920000
2026-03-19,375.300000
2026-03-20,373.350000
2026-03-23,366.800000
2026-03-24,360.090000
2026-03-25,362.530000
2026-03-26,358.540000
2026-03-27,348.140000
2026-03-30,352.940000
2026-03-31,358.790000
2026-04-01,361.540000
2026-04-02,370.820000
2026-04-06,380.770000
2026-04-07,368.150000
2026-04-08,376.240000
2026-04-09,373.300000
2026-04-10,365.950000
2026-04-13,368.830000
2026-04-14,369.170000
2026-04-15,368.070000
2026-04-16,369.000000
2026-04-17,372.060000
2026-04-20,369.460000
2026-04-21,369.200000
2026-04-22,365.930000
2026-04-23,372.390000
2026-04-24,367.830000
2026-04-27,335.300000
2026-04-28,340.460000
2026-04-29,332.310000
2026-04-30,339.420000
2026-05-01,337.770000
2026-05-04,330.420000
2026-05-05,331.730000
2026-05-06,324.660000
2026-05-07,332.530000
2026-05-08,323.480000
2026-05-11,313.220000
2026-05-12,310.160000
2026-05-13,308.480000
2026-05-14,304.010000
2026-05-15,302.290000
2026-05-18,308.000000
2026-05-19,312.750000
2026-05-20,315.970000
2026-05-21,316.470000
2026-05-22,316.520000
2026-05-26,310.420000
2026-05-27,311.720000
2026-05-28,310.350000
2026-05-29,310.580000
2026-06-01,313.710000
2026-06-02,307.530000
2026-06-03,306.770000
2026-06-04,307.510000
2026-06-05,313.990000
2026-06-08,313.530000
2026-06-09,317.690000
2026-06-10,314.770000
2026-06-11,312.260000
2026-06-12,323.880000
2026-06-15,316.520000
2026-06-16,320.510000
2026-06-17,314.360000
2026-06-18,312.470000
2026-06-22,295.110000
2026-06-23,283.030000
2026-06-24,287.620000
2026-06-25,285.440000
2026-06-26,298.180000
2026-06-29,294.050000
2026-06-30,296.040000
2026-07-01,304.180000
2026-07-02,311.660000
2026-07-06,305.910000
2026-07-07,313.140000
2026-07-08,302.350000
2026-07-09,300.880000
2026-07-10,299.460000
2026-07-13,309.850000
2026-07-14,309.850000
2026-07-15,310.870000
2026-07-16,329.670000
2026-07-17,322.180000
2026-07-20,328.970000
2026-07-21,326.340000
2026-07-22,319.830000
2026-07-23,323.250000
2026-07-24,332.970000
2026-07-27,343.530000
2026-07-28,350.470000
2026-07-29,360.000000
2026-07-30,352.250000
2026-07-31,347.440000
2026-08-03,364.410000
2026-08-04,367.630000
2026-08-05,366.610000
2026-08-06,358.430000
2026-08-07,350.950000
2026-08-10,347.850000
2026-08-11,357.340000
2026-08-12,353.720000
2026-08-13,350.880000
2026-08-14,346.270000
2026-08-17,335.420000
2026-08-18,336.250000
2026-08-19,336.520000
2026-08-20,334.370000
2026-08-21,341.850000
2026-08-24,349.010000
2026-08-25,349.910000
2026-08-26,344.560000
2026-08-27,332.055000
