d,c
2009-01-02,52.781644
2009-01-05,52.380294
2009-01-06,52.486775
2009-01-07,51.315487
2009-01-08,50.856801
2009-01-09,49.407026
2009-01-12,49.398835
2009-01-13,49.529889
2009-01-14,47.424848
2009-01-15,47.965442
2009-01-16,47.981824
2009-01-20,45.033128
2009-01-21,46.589384
2009-01-22,46.138889
2009-01-23,44.328718
2009-01-26,44.697305
2009-01-27,45.516387
2009-01-28,46.482903
2009-01-29,44.664541
2009-01-30,41.724037
2009-02-02,40.257880
2009-02-03,43.272102
2009-02-04,41.977953
2009-02-05,43.067332
2009-02-06,45.270662
2009-02-09,45.590104
2009-02-10,42.616836
2009-02-11,43.034568
2009-02-12,42.780653
2009-02-13,42.436638
2009-02-17,40.298834
2009-02-18,39.315936
2009-02-19,39.045639
2009-02-20,38.464091
2009-02-23,36.490103
2009-02-24,38.390373
2009-02-25,36.301714
2009-02-26,35.490823
2009-02-27,35.392533
2009-03-02,33.009005
2009-03-03,32.828807
2009-03-04,34.876512
2009-03-05,31.944198
2009-03-06,29.290372
2009-03-09,28.078131
2009-03-10,30.379751
2009-03-11,30.764720
2009-03-12,31.583802
2009-03-13,31.125116
2009-03-16,32.894333
2009-03-17,34.385062
2009-03-18,35.261480
2009-03-19,36.940598
2009-03-20,34.319536
2009-03-23,36.481912
2009-03-24,35.687403
2009-03-25,35.441678
2009-03-26,38.480472
2009-03-27,37.415666
2009-03-30,36.105135
2009-03-31,36.440958
2009-04-01,36.825927
2009-04-02,40.200545
2009-04-03,40.970482
2009-04-06,39.569851
2009-04-07,38.079122
2009-04-08,39.291364
2009-04-09,41.707655
2009-04-13,41.756800
2009-04-14,41.502885
2009-04-15,40.986863
2009-04-16,44.427008
2009-04-17,43.616116
2009-04-20,41.838709
2009-04-21,43.026377
2009-04-22,43.607926
2009-04-23,45.082273
2009-04-24,45.917737
2009-04-27,43.263911
2009-04-28,43.665261
2009-04-29,45.270662
2009-04-30,45.835829
2009-05-01,45.155991
2009-05-04,48.743570
2009-05-05,49.767422
2009-05-06,50.545550
2009-05-07,48.587944
2009-05-08,49.194065
2009-05-11,46.826918
2009-05-12,45.147800
2009-05-13,43.173812
2009-05-14,43.747170
2009-05-15,43.394964
2009-05-18,44.279573
2009-05-19,44.754640
2009-05-20,45.606486
2009-05-21,43.763551
2009-05-22,43.280293
2009-05-26,45.336189
2009-05-27,43.706216
2009-05-28,43.886414
2009-05-29,45.401715
2009-06-01,47.408466
2009-06-02,47.220077
2009-06-03,46.114317
2009-06-04,46.687674
2009-06-05,46.777773
2009-06-08,46.245370
2009-06-09,46.736819
2009-06-10,46.892444
2009-06-11,45.999645
2009-06-12,44.549870
2009-06-15,42.600455
2009-06-16,42.117196
2009-06-17,41.527457
2009-06-18,42.559501
2009-06-19,42.141769
2009-06-22,40.995054
2009-06-23,41.568411
2009-06-24,43.321247
2009-06-25,46.106126
2009-06-26,45.385334
2009-06-29,45.565532
2009-06-30,45.557341
2009-07-01,46.016027
2009-07-02,44.492534
2009-07-06,45.901355
2009-07-07,44.492534
2009-07-08,43.706216
2009-07-09,44.173092
2009-07-10,44.951220
2009-07-13,45.704776
2009-07-14,45.491814
2009-07-15,46.982544
2009-07-16,50.611077
2009-07-17,49.529889
2009-07-20,50.529169
2009-07-21,49.529889
2009-07-22,50.619268
2009-07-23,52.617828
2009-07-24,53.223948
2009-07-27,54.542670
2009-07-28,53.739970
2009-07-29,53.854641
2009-07-30,55.189745
2009-07-31,55.566523
2009-08-03,56.467513
2009-08-04,56.057972
2009-08-05,55.189745
2009-08-06,54.362472
2009-08-07,55.582905
2009-08-10,54.976784
2009-08-11,54.034840
2009-08-12,54.370663
2009-08-13,54.804777
2009-08-14,54.067603
2009-08-17,52.322958
2009-08-18,53.871023
2009-08-19,53.772733
2009-08-20,54.141320
2009-08-21,55.591095
2009-08-24,55.566523
2009-08-25,55.910537
2009-08-26,55.500996
2009-08-27,56.131689
2009-08-28,57.221069
2009-08-31,56.279124
2009-09-01,56.549421
2009-09-02,56.115308
2009-09-03,57.122779
2009-09-04,58.040151
2009-09-08,58.097486
2009-09-09,59.006667
2009-09-10,59.514498
2009-09-11,63.331420
2009-09-14,64.609188
2009-09-15,65.141591
2009-09-16,64.052212
2009-09-17,62.627010
2009-09-18,62.389476
2009-09-21,61.914408
2009-09-22,62.381285
2009-09-23,61.660493
2009-09-24,61.750592
2009-09-25,60.104237
2009-09-28,62.143751
2009-09-29,61.463913
2009-09-30,61.611348
2009-10-01,60.349962
2009-10-02,60.268054
2009-10-05,61.799737
2009-10-06,61.496677
2009-10-07,62.422239
2009-10-08,64.027640
2009-10-09,63.462473
2009-10-12,63.577145
2009-10-13,64.044022
2009-10-14,65.764094
2009-10-15,66.280115
2009-10-16,65.567514
2009-10-19,65.518369
2009-10-20,66.902618
2009-10-21,65.207118
2009-10-22,64.674715
2009-10-23,63.151222
2009-10-26,62.954643
2009-10-27,61.250952
2009-10-28,60.235290
2009-10-29,61.390196
2009-10-30,59.539071
2009-11-02,59.686505
2009-11-03,61.291906
2009-11-04,59.727459
2009-11-05,61.431150
2009-11-06,63.167604
2009-11-09,66.525840
2009-11-10,67.271205
2009-11-11,67.574265
2009-11-12,66.149062
2009-11-13,67.140152
2009-11-16,69.458154
2009-11-17,69.834931
2009-11-18,68.565354
2009-11-19,67.557883
2009-11-20,66.984526
2009-11-23,67.664364
2009-11-24,66.992717
2009-11-25,68.393347
2009-11-27,67.697127
2009-11-30,69.171475
2009-12-01,70.342762
2009-12-02,71.342042
2009-12-03,70.391907
2009-12-04,72.021880
2009-12-07,71.686057
2009-12-08,73.619090
2009-12-09,72.898298
2009-12-10,72.111979
2009-12-11,72.030071
2009-12-14,74.176066
2009-12-15,74.831332
2009-12-16,73.676426
2009-12-17,69.187857
2009-12-18,69.581016
2009-12-21,69.392627
2009-12-22,68.393347
2009-12-23,68.606308
2009-12-24,67.631601
2009-12-28,68.000188
2009-12-29,69.753023
2009-12-30,69.761214
2009-12-31,68.352393
2010-01-04,68.352393
2010-01-05,69.245192
2010-01-06,68.671835
2010-01-07,67.926470
2010-01-08,69.613779
2010-01-11,71.464905
2010-01-12,70.916120
2010-01-13,70.293617
2010-01-14,70.678586
2010-01-15,69.712069
2010-01-19,70.359144
2010-01-20,68.852033
2010-01-21,66.837091
2010-01-22,65.764094
2010-01-25,66.091727
2010-01-26,66.149062
2010-01-27,65.870574
2010-01-28,64.764814
2010-01-29,64.175075
2010-02-01,66.075345
2010-02-02,67.435021
2010-02-03,67.263014
2010-02-04,64.584616
2010-02-05,62.815399
2010-02-08,62.815399
2010-02-09,64.887676
2010-02-10,64.125930
2010-02-11,65.141591
2010-02-12,64.338891
2010-02-16,65.501988
2010-02-17,65.477415
2010-02-18,65.608468
2010-02-19,66.968144
2010-02-22,67.459594
2010-02-23,66.746992
2010-02-24,68.049333
2010-02-25,68.131241
2010-02-26,69.425390
2010-03-01,70.285426
2010-03-02,69.957794
2010-03-03,70.555723
2010-03-04,70.735922
2010-03-05,71.219180
2010-03-08,70.989837
2010-03-09,71.137272
2010-03-10,71.473095
2010-03-11,70.842402
2010-03-12,70.588487
2010-03-15,71.939972
2010-03-16,72.595238
2010-03-17,73.553564
2010-03-18,75.904329
2010-03-19,74.577416
2010-03-22,73.455274
2010-03-23,75.052484
2010-03-24,73.913960
2010-03-25,74.487317
2010-03-26,74.823141
2010-03-29,75.543933
2010-03-30,76.027191
2010-03-31,76.502259
2010-04-01,75.494788
2010-04-05,75.732322
2010-04-06,75.658604
2010-04-07,74.266165
2010-04-08,74.307119
2010-04-09,74.749423
2010-04-12,74.389027
2010-04-13,74.307119
2010-04-14,77.001899
2010-04-15,78.320621
2010-04-16,76.887227
2010-04-19,75.806039
2010-04-20,75.388307
2010-04-21,74.946003
2010-04-22,75.118010
2010-04-23,76.019000
2010-04-26,75.765085
2010-04-27,73.488037
2010-04-28,74.405409
2010-04-29,75.830612
2010-04-30,73.725571
2010-05-03,75.740513
2010-05-04,73.201358
2010-05-05,72.537902
2010-05-06,70.432861
2010-05-07,68.098477
2010-05-10,71.849873
2010-05-11,72.169315
2010-05-12,73.520800
2010-05-13,72.062834
2010-05-14,70.367335
2010-05-17,70.350953
2010-05-18,68.852033
2010-05-19,68.876605
2010-05-20,66.427550
2010-05-21,68.032951
2010-05-24,66.730611
2010-05-25,66.108108
2010-05-26,66.869854
2010-05-27,68.933941
2010-05-28,68.385156
2010-06-01,66.583176
2010-06-02,68.245912
2010-06-03,68.786506
2010-06-04,65.010538
2010-06-07,62.676155
2010-06-08,64.445372
2010-06-09,63.519809
2010-06-10,65.739521
2010-06-11,66.042582
2010-06-14,66.730611
2010-06-15,67.991997
2010-06-16,63.945732
2010-06-17,63.978495
2010-06-18,64.461753
2010-06-21,64.363464
2010-06-22,62.414048
2010-06-23,62.733490
2010-06-24,62.217469
2010-06-25,62.217469
2010-06-28,61.537631
2010-06-29,58.572554
2010-06-30,57.425839
2010-07-01,58.973904
2010-07-02,58.490646
2010-07-06,57.909097
2010-07-07,59.702887
2010-07-08,60.349962
2010-07-09,60.792266
2010-07-12,60.743121
2010-07-13,63.306848
2010-07-14,64.486326
2010-07-15,63.249512
2010-07-16,61.111708
2010-07-19,61.422959
2010-07-20,62.176515
2010-07-21,60.636640
2010-07-22,64.322509
2010-07-23,64.674715
2010-07-26,68.303248
2010-07-27,67.467784
2010-07-28,67.852753
2010-07-29,67.222060
2010-07-30,67.615219
2010-08-02,69.294337
2010-08-03,68.499828
2010-08-04,70.408289
2010-08-05,70.236282
2010-08-06,69.884076
2010-08-09,71.497668
2010-08-10,71.342042
2010-08-11,68.090287
2010-08-12,67.115579
2010-08-13,66.181826
2010-08-16,66.329260
2010-08-17,68.606308
2010-08-18,68.835651
2010-08-19,66.820710
2010-08-20,66.534031
2010-08-23,66.706038
2010-08-24,64.781195
2010-08-25,64.502707
2010-08-26,64.510898
2010-08-27,65.862384
2010-08-30,64.527280
2010-08-31,63.929350
2010-09-01,66.648702
2010-09-02,66.935381
2010-09-03,67.779035
2010-09-07,67.148342
2010-09-08,68.647262
2010-09-09,69.032231
2010-09-10,68.933941
2010-09-13,69.310719
2010-09-14,69.695687
2010-09-15,70.391907
2010-09-16,67.754463
2010-09-17,67.394067
2010-09-20,67.910089
2010-09-21,68.499828
2010-09-22,69.048613
2010-09-23,67.705318
2010-09-24,68.991277
2010-09-27,68.860224
2010-09-28,69.384436
2010-09-29,70.744112
2010-09-30,70.031511
2010-10-01,70.146182
2010-10-04,69.974175
2010-10-05,71.939972
2010-10-06,71.571385
2010-10-07,71.047173
2010-10-08,72.644383
2010-10-11,72.406849
2010-10-12,72.062834
2010-10-13,73.512609
2010-10-14,73.217740
2010-10-15,73.406129
2010-10-18,73.283267
2010-10-19,71.374805
2010-10-20,72.832771
2010-10-21,72.546093
2010-10-22,72.783627
2010-10-25,73.356984
2010-10-26,73.422510
2010-10-27,72.185697
2010-10-28,72.759054
2010-10-29,71.849873
2010-11-01,70.785066
2010-11-02,71.284706
2010-11-03,71.620530
2010-11-04,72.734482
2010-11-05,73.717380
2010-11-08,73.971295
2010-11-09,72.177506
2010-11-10,72.472375
2010-11-11,72.062834
2010-11-12,71.522240
2010-11-15,70.760494
2010-11-16,70.334571
2010-11-17,70.137992
2010-11-18,71.333851
2010-11-19,71.088127
2010-11-22,71.538622
2010-11-23,70.555723
2010-11-24,72.464185
2010-11-26,71.989117
2010-11-29,75.019720
2010-11-30,74.634752
2010-12-01,76.985517
2010-12-02,77.984797
2010-12-03,77.812790
2010-12-06,76.412160
2010-12-07,75.896138
2010-12-08,76.019000
2010-12-09,77.067425
2010-12-10,76.969136
2010-12-13,77.247623
2010-12-14,76.444923
2010-12-15,75.674986
2010-12-16,77.173906
2010-12-17,76.231962
2010-12-20,76.633312
2010-12-21,76.739793
2010-12-22,76.477686
2010-12-23,76.182817
2010-12-27,76.199198
2010-12-28,76.191008
2010-12-29,76.010810
2010-12-30,76.141863
2010-12-31,76.182817
2011-01-04,76.272916
2011-01-05,76.887227
2011-01-06,76.256534
2011-01-07,76.297488
2011-01-10,77.042853
2011-01-11,76.428541
2011-01-12,77.812790
2011-01-13,78.328812
2011-01-14,78.492628
2011-01-18,78.468056
2011-01-19,77.272196
2011-01-20,76.592358
2011-01-21,76.453114
2011-01-24,77.296768
2011-01-25,76.985517
2011-01-26,77.247623
2011-01-27,77.288578
2011-01-28,74.110539
2011-01-31,73.979486
2011-02-01,75.920711
2011-02-02,74.372646
2011-02-03,74.913240
2011-02-04,75.142583
2011-02-07,74.913240
2011-02-08,75.396498
2011-02-09,75.027911
2011-02-10,77.354104
2011-02-11,78.156804
2011-02-14,76.985517
2011-02-15,78.615490
2011-02-16,79.319901
2011-02-17,79.835923
2011-02-18,80.532142
2011-02-22,76.412160
2011-02-23,73.103068
2011-02-24,73.561754
2011-02-25,73.619090
2011-02-28,73.733762
2011-03-01,71.980926
2011-03-02,71.522240
2011-03-03,73.545373
2011-03-04,72.644383
2011-03-07,72.292177
2011-03-08,73.676426
2011-03-09,74.356264
2011-03-10,73.676426
2011-03-11,74.298928
2011-03-14,72.595238
2011-03-15,71.907209
2011-03-16,69.851313
2011-03-17,71.989117
2011-03-18,73.127641
2011-03-21,73.602709
2011-03-22,72.316750
2011-03-23,72.865535
2011-03-24,74.364455
2011-03-25,73.946723
2011-03-28,76.191008
2011-03-29,76.207389
2011-03-30,76.788938
2011-03-31,76.625121
2011-04-01,77.812790
2011-04-04,77.911080
2011-04-05,77.149334
2011-04-06,77.476966
2011-04-07,76.919991
2011-04-08,74.667515
2011-04-11,75.789657
2011-04-12,77.059235
2011-04-13,76.526831
2011-04-14,76.125481
2011-04-15,75.830612
2011-04-18,75.322781
2011-04-19,75.232682
2011-04-20,76.363015
2011-04-21,76.944563
2011-04-25,76.870846
2011-04-26,77.395058
2011-04-27,77.648974
2011-04-28,78.042133
2011-04-29,78.361575
2011-05-02,77.296768
2011-05-03,77.173906
2011-05-04,75.879756
2011-05-05,78.050324
2011-05-06,78.345193
2011-05-09,77.739073
2011-05-10,78.418911
2011-05-11,77.943843
2011-05-12,77.780027
2011-05-13,76.649694
2011-05-16,76.322061
2011-05-17,75.838802
2011-05-18,76.707029
2011-05-19,77.468776
2011-05-20,76.846273
2011-05-23,75.388307
2011-05-24,74.929621
2011-05-25,75.224491
2011-05-26,74.831332
2011-05-27,75.273636
2011-05-31,76.698838
2011-06-01,74.888667
2011-06-02,74.962385
2011-06-03,73.840242
2011-06-06,71.874445
2011-06-07,71.063554
2011-06-08,70.105228
2011-06-09,70.613059
2011-06-10,69.933221
2011-06-13,70.375525
2011-06-14,71.612339
2011-06-15,70.842402
2011-06-16,70.834211
2011-06-17,71.251943
2011-06-20,71.669675
2011-06-21,73.004779
2011-06-22,74.896858
2011-06-23,76.141863
2011-06-24,75.249063
2011-06-27,76.051764
2011-06-28,77.010090
2011-06-29,76.690648
2011-06-30,77.689928
2011-07-01,79.057795
2011-07-05,78.222331
2011-07-06,79.270756
2011-07-07,80.679577
2011-07-08,79.909640
2011-07-11,77.878317
2011-07-12,77.059235
2011-07-13,77.198478
2011-07-14,76.223771
2011-07-15,75.519360
2011-07-18,74.094158
2011-07-19,75.167155
2011-07-20,75.511170
2011-07-21,76.240153
2011-07-22,76.002619
2011-07-25,75.257254
2011-07-26,74.536462
2011-07-27,73.012969
2011-07-28,71.964545
2011-07-29,71.161844
2011-08-01,70.441052
2011-08-02,69.163284
2011-08-03,70.228091
2011-08-04,67.246632
2011-08-05,67.459594
2011-08-08,63.511618
2011-08-09,65.321789
2011-08-10,61.693256
2011-08-11,65.428270
2011-08-12,65.919719
2011-08-15,67.041862
2011-08-16,65.608468
2011-08-17,64.813959
2011-08-18,60.988846
2011-08-19,59.924039
2011-08-22,59.792986
2011-08-23,61.259143
2011-08-24,62.741681
2011-08-25,61.234570
2011-08-26,62.020889
2011-08-29,64.502707
2011-08-30,64.568234
2011-08-31,64.478135
2011-09-01,63.921159
2011-09-02,61.349242
2011-09-06,60.284435
2011-09-07,62.471384
2011-09-08,61.422959
2011-09-09,60.120619
2011-09-12,60.309008
2011-09-13,61.406578
2011-09-14,62.258423
2011-09-15,63.134841
2011-09-16,62.577865
2011-09-19,62.053652
2011-09-20,61.611348
2011-09-21,59.383445
2011-09-22,54.534480
2011-09-23,55.124219
2011-09-26,57.130969
2011-09-27,57.769853
2011-09-28,56.680474
2011-09-29,57.090015
2011-09-30,55.435470
2011-10-03,53.363192
2011-10-04,55.582905
2011-10-05,57.671564
2011-10-06,59.137720
2011-10-07,58.203967
2011-10-10,60.300817
2011-10-11,60.145191
2011-10-12,61.578585
2011-10-13,60.505587
2011-10-14,62.037271
2011-10-17,60.587496
2011-10-18,61.938981
2011-10-19,61.660493
2011-10-20,62.733490
2011-10-21,64.985966
2011-10-24,66.771565
2011-10-25,66.116299
2011-10-26,66.640512
2011-10-27,69.728451
2011-10-28,69.007659
2011-10-31,67.025480
2011-11-01,65.174355
2011-11-02,65.993437
2011-11-03,67.443212
2011-11-04,67.172915
2011-11-07,67.107388
2011-11-08,67.991997
2011-11-09,64.994157
2011-11-10,65.624850
2011-11-11,67.353113
2011-11-14,66.681466
2011-11-15,67.688936
2011-11-16,66.746992
2011-11-17,65.755903
2011-11-18,66.525840
2011-11-21,65.018729
2011-11-22,64.060403
2011-11-23,62.708918
2011-11-25,62.315759
2011-11-28,64.650142
2011-11-29,64.363464
2011-11-30,68.049333
2011-12-01,67.189296
2011-12-02,67.279395
2011-12-05,68.147622
2011-12-06,67.713509
2011-12-07,68.958514
2011-12-08,67.443212
2011-12-09,68.180386
2011-12-12,66.861664
2011-12-13,64.674715
2011-12-14,63.306848
2011-12-15,68.368775
2011-12-16,69.531871
2011-12-19,66.632321
2011-12-20,68.647262
2011-12-21,68.999468
2011-12-22,69.187857
2011-12-23,69.556443
2011-12-27,69.376245
2011-12-28,67.959234
2011-12-29,69.056803
2011-12-30,68.401538
2012-01-03,69.761214
2012-01-04,69.589207
2012-01-05,68.876605
2012-01-06,70.023320
2012-01-09,70.318190
2012-01-10,72.496948
2012-01-11,73.520800
2012-01-12,74.692088
2012-01-13,74.020440
2012-01-17,73.700998
2012-01-18,74.651133
2012-01-19,76.207389
2012-01-20,75.003339
2012-01-23,74.585607
2012-01-24,74.364455
2012-01-25,75.838802
2012-01-26,75.961665
2012-01-27,76.133672
2012-01-30,75.486597
2012-01-31,74.937812
2012-02-01,75.928901
2012-02-02,76.002619
2012-02-03,77.436012
2012-02-06,78.017561
2012-02-07,77.583447
2012-02-08,77.386867
2012-02-09,77.648974
2012-02-10,78.033942
2012-02-13,79.434572
2012-02-14,78.263285
2012-02-15,77.116570
2012-02-16,77.812790
2012-02-17,76.166435
2012-02-21,74.544653
2012-02-22,74.331691
2012-02-23,75.330972
2012-02-24,73.913960
2012-02-27,74.831332
2012-02-28,74.520080
2012-02-29,73.709189
2012-03-01,74.634752
2012-03-02,74.356264
2012-03-05,74.069585
2012-03-06,72.693528
2012-03-07,73.520800
2012-03-08,74.528271
2012-03-09,75.183537
2012-03-12,74.806759
2012-03-13,76.076336
2012-03-14,75.519360
2012-03-15,77.493348
2012-03-16,77.272196
2012-03-19,77.722691
2012-03-20,77.517920
2012-03-21,78.484437
2012-03-22,75.765085
2012-03-23,75.666795
2012-03-26,75.986237
2012-03-27,75.273636
2012-03-28,74.937812
2012-03-29,75.142583
2012-03-30,75.322781
2012-04-02,75.511170
2012-04-03,74.937812
2012-04-04,74.241592
2012-04-05,74.036822
2012-04-09,72.464185
2012-04-10,70.957074
2012-04-11,72.005499
2012-04-12,73.586327
2012-04-13,72.103788
2012-04-16,72.226651
2012-04-17,74.094158
2012-04-18,74.036822
2012-04-19,73.217740
2012-04-20,73.447083
2012-04-23,72.169315
2012-04-24,72.849153
2012-04-25,72.259414
2012-04-26,71.710629
2012-04-27,72.300368
2012-04-30,72.275796
2012-05-01,72.931061
2012-05-02,73.184977
2012-05-03,72.783627
2012-05-04,73.144023
2012-05-07,73.201358
2012-05-08,72.865535
2012-05-09,71.366615
2012-05-10,70.973455
2012-05-11,71.915400
2012-05-14,71.899018
2012-05-15,71.923590
2012-05-16,71.989117
2012-05-17,71.071745
2012-05-18,69.679306
2012-05-21,71.014409
2012-05-22,71.137272
2012-05-23,72.685337
2012-05-24,73.733762
2012-05-25,73.127641
2012-05-29,74.520080
2012-05-30,72.840962
2012-05-31,73.012969
2012-06-01,69.826740
2012-06-04,69.785786
2012-06-05,69.081376
2012-06-06,71.120890
2012-06-07,70.522960
2012-06-08,71.727011
2012-06-11,70.670395
2012-06-12,71.825301
2012-06-13,70.596678
2012-06-14,71.129081
2012-06-15,71.776156
2012-06-18,72.496948
2012-06-19,74.544653
2012-06-20,74.814950
2012-06-21,74.233402
2012-06-22,74.159684
2012-06-25,72.742672
2012-06-26,71.710629
2012-06-27,71.997308
2012-06-28,72.726291
2012-06-29,75.036102
2012-07-02,74.978766
2012-07-03,75.846993
2012-07-05,75.445643
2012-07-06,74.765805
2012-07-09,74.642943
2012-07-10,74.110539
2012-07-11,74.217020
2012-07-12,73.307839
2012-07-13,75.642223
2012-07-16,75.290017
2012-07-17,74.741232
2012-07-18,75.945283
2012-07-19,76.002619
2012-07-20,73.782907
2012-07-23,73.111259
2012-07-24,71.808919
2012-07-25,71.448523
2012-07-26,72.529711
2012-07-27,74.446363
2012-07-30,74.528271
2012-07-31,73.963105
2012-08-01,72.775436
2012-08-02,72.013689
2012-08-03,73.569945
2012-08-06,73.815670
2012-08-07,73.569945
2012-08-08,73.152213
2012-08-09,72.619810
2012-08-10,71.915400
2012-08-13,71.890827
2012-08-14,71.735202
2012-08-15,73.348793
2012-08-16,73.504419
2012-08-17,73.717380
2012-08-20,73.700998
2012-08-21,73.971295
2012-08-22,73.340602
2012-08-23,72.783627
2012-08-24,72.955634
2012-08-27,72.079216
2012-08-28,71.636912
2012-08-29,71.776156
2012-08-30,71.415760
2012-08-31,71.776156
2012-09-04,71.702438
2012-09-05,70.277236
2012-09-06,71.702438
2012-09-07,71.571385
2012-09-10,72.046453
2012-09-11,72.652573
2012-09-12,72.963825
2012-09-13,74.012250
2012-09-14,73.840242
2012-09-17,73.127641
2012-09-18,70.891547
2012-09-19,71.178226
2012-09-20,69.761214
2012-09-21,69.122330
2012-09-24,69.753023
2012-09-25,69.245192
2012-09-26,69.122330
2012-09-27,70.252663
2012-09-28,69.310719
2012-10-01,69.638352
2012-10-02,69.212429
2012-10-03,70.129801
2012-10-04,70.875165
2012-10-05,70.826021
2012-10-08,70.744112
2012-10-09,70.097038
2012-10-10,73.709189
2012-10-11,73.717380
2012-10-12,74.045013
2012-10-15,74.249783
2012-10-16,75.290017
2012-10-17,76.133672
2012-10-18,76.575976
2012-10-19,75.445643
2012-10-22,74.929621
2012-10-23,75.183537
2012-10-24,74.397218
2012-10-25,74.634752
2012-10-26,74.282547
2012-10-31,75.347353
2012-11-01,76.182817
2012-11-02,75.879756
2012-11-05,76.043573
2012-11-06,76.494068
2012-11-07,74.954194
2012-11-08,73.741952
2012-11-09,73.496228
2012-11-12,73.782907
2012-11-13,74.094158
2012-11-14,71.358424
2012-11-15,70.883356
2012-11-16,70.547533
2012-11-19,71.260134
2012-11-20,71.546813
2012-11-21,71.792537
2012-11-23,71.858064
2012-11-26,72.455994
2012-11-27,72.652573
2012-11-28,73.299648
2012-11-29,74.372646
2012-11-30,73.332411
2012-12-03,72.185697
2012-12-04,72.398658
2012-12-05,73.250503
2012-12-06,73.111259
2012-12-07,73.193168
2012-12-10,74.151493
2012-12-11,73.922151
2012-12-12,73.479846
2012-12-13,73.479846
2012-12-14,73.791097
2012-12-17,74.552844
2012-12-18,75.650414
2012-12-19,76.338442
2012-12-20,76.395778
2012-12-21,75.961665
2012-12-24,75.470215
2012-12-26,75.412880
2012-12-27,74.946003
2012-12-28,74.036822
2012-12-31,75.126201
2013-01-02,77.198478
2013-01-03,77.485157
2013-01-04,77.739073
2013-01-07,77.583447
2013-01-08,77.902889
2013-01-09,79.262565
2013-01-10,80.024311
2013-01-11,79.778587
2013-01-14,80.614050
2013-01-15,80.818821
2013-01-16,81.531422
2013-01-17,81.850864
2013-01-18,81.760765
2013-01-22,82.399649
2013-01-23,81.613330
2013-01-24,83.325212
2013-01-25,84.013241
2013-01-28,84.373637
2013-01-29,83.955905
2013-01-30,83.030342
2013-01-31,83.095869
2013-02-01,84.168866
2013-02-04,84.684888
2013-02-05,86.060946
2013-02-06,86.961936
2013-02-07,87.625392
2013-02-08,87.158516
2013-02-11,86.830883
2013-02-12,86.920982
2013-02-13,86.953745
2013-02-14,87.281378
2013-02-15,87.166706
2013-02-19,87.912071
2013-02-20,86.568777
2013-02-21,85.905320
2013-02-22,86.675257
2013-02-25,84.455545
2013-02-26,84.496499
2013-02-27,86.609731
2013-02-28,86.355815
2013-03-01,86.314861
2013-03-04,86.658876
2013-03-05,88.387139
2013-03-06,88.493619
2013-03-07,87.609011
2013-03-08,88.297040
2013-03-11,87.977598
2013-03-12,87.174897
2013-03-13,88.354375
2013-03-14,89.148885
2013-03-15,89.337274
2013-03-18,87.879308
2013-03-19,87.199470
2013-03-20,81.195599
2013-03-21,79.041413
2013-03-22,80.663195
2013-03-25,79.467336
2013-03-26,80.040693
2013-03-27,79.983357
2013-03-28,80.433852
2013-04-01,80.089838
2013-04-02,79.549244
2013-04-03,78.861215
2013-04-04,78.615490
2013-04-05,78.222331
2013-04-08,78.017561
2013-04-09,78.091278
2013-04-10,80.229082
2013-04-11,79.172466
2013-04-12,78.902169
2013-04-15,77.575256
2013-04-16,77.927461
2013-04-17,77.091998
2013-04-18,75.249063
2013-04-19,75.674986
2013-04-22,75.765085
2013-04-23,76.313870
2013-04-24,77.370486
2013-04-25,77.239433
2013-04-26,77.141143
2013-04-29,76.788938
2013-04-30,77.001899
2013-05-01,75.355544
2013-05-02,75.593078
2013-05-03,77.419631
2013-05-06,78.820261
2013-05-07,81.515041
2013-05-08,83.505410
2013-05-09,82.260405
2013-05-10,82.006490
2013-05-13,80.925302
2013-05-14,82.465176
2013-05-15,82.137543
2013-05-16,81.039973
2013-05-17,81.949154
2013-05-20,82.874717
2013-05-21,83.685608
2013-05-22,81.621521
2013-05-23,81.171026
2013-05-24,80.122601
2013-05-28,79.065985
2013-05-29,79.082367
2013-05-30,79.057795
2013-05-31,78.910360
2013-06-03,80.024311
2013-06-04,80.581287
2013-06-05,79.524671
2013-06-06,79.319901
2013-06-07,81.728002
2013-06-10,80.810630
2013-06-11,80.302799
2013-06-12,79.852304
2013-06-13,81.564186
2013-06-14,81.187408
2013-06-17,80.605860
2013-06-18,81.482277
2013-06-19,82.350504
2013-06-20,78.394338
2013-06-21,79.008650
2013-06-24,78.549964
2013-06-25,79.606580
2013-06-26,80.573096
2013-06-27,81.392178
2013-06-28,80.745104
2013-07-01,80.999019
2013-07-02,80.491188
2013-07-03,80.081647
2013-07-05,81.056355
2013-07-08,80.949874
2013-07-09,84.488308
2013-07-10,84.365446
2013-07-11,85.512161
2013-07-12,83.783898
2013-07-15,84.938803
2013-07-16,84.783178
2013-07-17,85.397489
2013-07-18,89.001450
2013-07-19,88.485428
2013-07-22,88.256085
2013-07-23,87.469767
2013-07-24,86.724402
2013-07-25,85.897129
2013-07-26,85.659596
2013-07-29,84.684888
2013-07-30,84.824132
2013-07-31,86.822692
2013-08-01,90.099020
2013-08-02,89.402800
2013-08-05,89.623952
2013-08-06,89.091549
2013-08-07,88.444474
2013-08-08,89.345465
2013-08-09,88.641054
2013-08-12,89.312701
2013-08-13,88.960496
2013-08-14,88.976878
2013-08-15,88.493619
2013-08-16,89.017832
2013-08-19,89.009641
2013-08-20,89.451945
2013-08-21,88.518192
2013-08-22,90.598660
2013-08-23,90.664187
2013-08-26,91.769947
2013-08-27,88.829443
2013-08-28,88.870397
2013-08-29,88.935924
2013-08-30,87.936644
2013-09-03,88.133223
2013-09-04,88.141414
2013-09-05,89.320892
2013-09-06,88.591909
2013-09-09,89.361846
2013-09-10,90.582278
2013-09-11,90.303790
2013-09-12,88.780298
2013-09-13,87.838354
2013-09-16,89.746815
2013-09-17,90.655996
2013-09-18,95.218283
2013-09-19,95.693350
2013-09-20,95.693350
2013-09-23,94.120713
2013-09-24,93.965087
2013-09-25,93.023143
2013-09-26,93.014952
2013-09-27,93.186959
2013-09-30,93.465447
2013-10-01,94.407391
2013-10-02,94.423773
2013-10-03,93.006761
2013-10-04,93.973278
2013-10-07,93.121433
2013-10-08,91.802711
2013-10-09,92.212252
2013-10-10,94.243575
2013-10-11,94.907031
2013-10-14,94.497490
2013-10-15,98.355367
2013-10-16,100.960047
2013-10-17,102.540876
2013-10-18,103.564728
2013-10-21,104.359238
2013-10-22,106.226745
2013-10-23,106.333225
2013-10-24,107.766619
2013-10-25,108.167969
2013-10-28,108.552937
2013-10-29,109.052577
2013-10-30,108.782280
2013-10-31,107.299742
2013-11-01,110.289391
2013-11-04,110.674360
2013-11-05,111.583541
2013-11-06,108.749517
2013-11-07,106.931155
2013-11-08,108.585701
2013-11-11,108.544747
2013-11-12,110.273010
2013-11-13,110.813604
2013-11-14,111.755548
2013-11-15,113.565719
2013-11-18,112.328905
2013-11-19,109.756988
2013-11-20,110.232056
2013-11-21,113.344567
2013-11-22,112.271570
2013-11-25,112.394432
2013-11-26,112.877690
2013-11-27,114.556809
2013-11-29,113.606673
2013-12-02,114.843487
2013-12-03,113.066079
2013-12-04,113.614864
2013-12-05,113.213514
2013-12-06,114.171840
2013-12-09,114.515854
2013-12-10,113.434666
2013-12-11,111.812884
2013-12-12,111.673640
2013-12-13,112.951408
2013-12-16,114.548618
2013-12-17,113.926115
2013-12-18,114.442137
2013-12-19,114.417565
2013-12-20,116.891192
2013-12-23,116.465270
2013-12-24,116.309644
2013-12-26,117.374451
2013-12-27,117.480931
2013-12-30,117.169680
2013-12-31,117.759419
2014-01-02,114.483091
2014-01-03,114.712434
2014-01-06,113.623055
2014-01-07,115.195692
2014-01-08,114.974540
2014-01-09,115.908294
2014-01-10,116.825666
2014-01-13,115.072830
2014-01-14,116.883001
2014-01-15,116.760139
2014-01-16,116.154018
2014-01-17,115.089212
2014-01-21,116.432506
2014-01-22,116.555369
2014-01-23,114.868060
2014-01-24,110.232056
2014-01-27,108.077870
2014-01-28,110.035476
2014-01-29,107.995962
2014-01-30,109.568599
2014-01-31,109.200012
2014-02-03,106.021974
2014-02-04,106.824674
2014-02-05,106.456088
2014-02-06,107.168689
2014-02-07,107.922244
2014-02-10,106.382370
2014-02-11,109.060768
2014-02-12,108.937906
2014-02-13,108.995242
2014-02-14,109.691461
2014-02-18,108.765899
2014-02-19,107.586421
2014-02-20,108.929715
2014-02-21,110.494162
2014-02-24,110.469589
2014-02-25,108.806853
2014-02-26,108.421884
2014-02-27,109.388401
2014-02-28,109.208203
2014-03-03,109.249157
2014-03-04,112.287951
2014-03-05,112.140517
2014-03-06,112.451768
2014-03-07,112.566439
2014-03-10,112.918645
2014-03-11,112.451768
2014-03-12,112.861309
2014-03-13,111.952128
2014-03-14,112.017654
2014-03-17,112.689302
2014-03-18,113.500193
2014-03-19,113.344567
2014-03-20,111.804693
2014-03-21,112.042227
2014-03-24,110.535116
2014-03-25,109.888041
2014-03-26,108.217114
2014-03-27,108.208923
2014-03-28,108.127015
2014-03-31,108.577510
2014-04-01,109.847087
2014-04-02,110.379490
2014-04-03,110.821795
2014-04-04,110.043667
2014-04-07,108.921524
2014-04-08,108.864189
2014-04-09,109.756988
2014-04-10,108.167969
2014-04-11,107.488131
2014-04-14,108.118824
2014-04-15,108.258068
2014-04-16,109.552217
2014-04-17,111.026565
2014-04-21,111.616304
2014-04-22,112.238806
2014-04-23,111.665449
2014-04-24,111.460679
2014-04-25,109.928995
2014-04-28,110.191101
2014-04-29,110.961039
2014-04-30,111.599922
2014-05-01,111.591732
2014-05-02,112.173280
2014-05-05,111.272290
2014-05-06,110.977420
2014-05-07,113.475620
2014-05-08,111.968509
2014-05-09,112.640157
2014-05-12,114.794342
2014-05-13,114.786151
2014-05-14,114.122695
2014-05-15,113.590292
2014-05-16,113.221705
2014-05-19,113.852398
2014-05-20,112.591012
2014-05-21,113.893352
2014-05-22,114.122695
2014-05-23,115.900103
2014-05-27,116.506224
2014-05-28,117.513695
2014-05-29,118.381921
2014-05-30,118.078861
2014-06-02,118.152578
2014-06-03,117.087772
2014-06-04,117.128726
2014-06-05,116.842047
2014-06-06,116.883001
2014-06-09,117.661129
2014-06-10,117.775801
2014-06-11,116.923955
2014-06-12,114.024405
2014-06-13,114.892632
2014-06-16,114.220985
2014-06-17,114.925395
2014-06-18,122.002264
2014-06-19,120.896503
2014-06-20,121.322426
2014-06-23,121.944928
2014-06-24,122.600194
2014-06-25,124.025396
2014-06-26,124.090923
2014-06-27,124.017206
2014-06-30,123.992633
2014-07-01,124.811715
2014-07-02,124.721616
2014-07-03,125.819186
2014-07-07,124.238358
2014-07-08,123.820626
2014-07-09,123.943488
2014-07-10,123.075261
2014-07-11,123.386512
2014-07-14,123.738718
2014-07-15,124.418556
2014-07-16,126.449879
2014-07-17,124.418556
2014-07-18,125.213065
2014-07-21,124.787143
2014-07-22,125.557080
2014-07-23,125.057440
2014-07-24,124.910005
2014-07-25,123.566711
2014-07-28,122.477331
2014-07-29,120.519725
2014-07-30,122.338088
2014-07-31,120.306764
2014-08-01,120.200283
2014-08-04,121.903974
2014-08-05,120.274001
2014-08-06,119.151859
2014-08-07,119.602354
2014-08-08,121.101274
2014-08-11,121.453479
2014-08-12,121.576341
2014-08-13,122.329897
2014-08-14,122.567430
2014-08-15,121.813875
2014-08-18,123.206314
2014-08-19,122.862300
2014-08-20,123.378322
2014-08-21,123.312795
2014-08-22,122.419996
2014-08-25,122.690293
2014-08-26,122.272561
2014-08-27,122.125126
2014-08-28,121.117655
2014-08-29,121.125846
2014-09-02,123.189933
2014-09-03,124.262930
2014-09-04,124.533227
2014-09-05,125.565271
2014-09-08,124.828097
2014-09-09,123.681382
2014-09-10,123.484802
2014-09-11,124.934577
2014-09-12,125.950239
2014-09-15,126.171391
2014-09-16,126.679222
2014-09-17,130.815586
2014-09-18,130.176702
2014-09-19,129.685253
2014-09-22,129.300285
2014-09-23,129.414956
2014-09-24,130.487953
2014-09-25,128.726927
2014-09-26,130.872922
2014-09-29,132.838719
2014-09-30,132.240789
2014-10-01,129.529627
2014-10-02,130.258610
2014-10-03,133.297405
2014-10-06,130.430618
2014-10-07,127.825937
2014-10-08,131.257891
2014-10-09,128.194524
2014-10-10,126.752939
2014-10-13,123.894343
2014-10-14,125.909285
2014-10-15,125.991193
2014-10-16,124.443128
2014-10-17,127.875082
2014-10-20,127.670311
2014-10-21,130.954830
2014-10-22,129.799925
2014-10-23,133.100825
2014-10-24,134.231158
2014-10-27,135.328728
2014-10-28,137.769592
2014-10-29,135.779223
2014-10-30,135.386064
2014-10-31,137.114327
2014-11-03,136.950510
2014-11-04,136.753931
2014-11-05,138.768872
2014-11-06,140.636379
2014-11-07,140.243220
2014-11-10,140.669143
2014-11-11,141.160592
2014-11-12,140.718288
2014-11-13,140.529899
2014-11-14,140.521708
2014-11-17,140.325128
2014-11-18,140.882104
2014-11-19,140.619998
2014-11-20,141.291645
2014-11-21,142.897046
2014-11-24,143.773463
2014-11-25,143.224679
2014-11-26,143.404877
2014-11-28,145.944031
2014-12-01,145.550871
2014-12-02,147.754202
2014-12-03,147.467523
2014-12-04,147.582195
2014-12-05,149.097496
2014-12-08,148.687955
2014-12-09,146.427289
2014-12-10,144.535210
2014-12-11,144.879224
2014-12-12,143.986425
2014-12-15,144.379584
2014-12-16,142.733229
2014-12-17,137.425578
2014-12-18,142.831519
2014-12-19,142.700466
2014-12-22,144.871033
2014-12-23,144.928369
2014-12-24,144.502446
2014-12-26,144.076524
2014-12-29,143.765273
2014-12-30,143.339350
2014-12-31,142.241780
2015-01-02,141.250691
2015-01-05,139.080124
2015-01-06,139.071933
2015-01-07,140.095785
2015-01-08,143.372113
2015-01-09,141.422698
2015-01-12,141.348981
2015-01-13,140.472563
2015-01-14,141.496415
2015-01-15,142.397406
2015-01-16,144.780934
2015-01-20,146.722159
2015-01-21,146.361763
2015-01-22,148.581475
2015-01-23,146.845021
2015-01-26,144.699026
2015-01-27,142.421978
2015-01-28,140.431609
2015-01-29,141.611087
2015-01-30,138.514957
2015-02-02,140.267792
2015-02-03,141.676614
2015-02-04,140.947631
2015-02-05,142.004246
2015-02-06,141.905957
2015-02-09,140.587234
2015-02-10,141.946911
2015-02-11,142.454741
2015-02-12,144.404157
2015-02-13,144.543401
2015-02-17,147.057982
2015-02-18,147.254562
2015-02-19,146.328999
2015-02-20,146.206137
2015-02-23,146.042321
2015-02-24,145.632780
2015-02-25,143.863562
2015-02-26,143.011717
2015-02-27,144.961132
2015-03-02,144.813698
2015-03-03,144.281294
2015-03-04,143.028099
2015-03-05,143.191915
2015-03-06,141.856812
2015-03-09,141.627469
2015-03-10,139.243940
2015-03-11,140.521708
2015-03-12,142.176254
2015-03-13,141.963292
2015-03-16,145.239620
2015-03-17,143.920898
2015-03-18,141.946911
2015-03-19,142.397406
2015-03-20,140.914867
2015-03-23,139.768152
2015-03-24,138.555911
2015-03-25,135.500735
2015-03-26,135.549880
2015-03-27,134.812706
2015-03-30,136.581923
2015-03-31,135.517117
2015-04-01,136.164192
2015-04-02,136.147810
2015-04-06,136.516397
2015-04-07,140.194075
2015-04-08,140.751051
2015-04-09,141.635659
2015-04-10,142.823328
2015-04-13,141.807667
2015-04-14,140.472563
2015-04-15,138.850781
2015-04-16,138.621438
2015-04-17,137.605776
2015-04-20,138.474003
2015-04-21,139.170223
2015-04-22,139.252131
2015-04-23,139.325848
2015-04-24,139.202986
2015-04-27,138.449430
2015-04-28,140.259602
2015-04-29,138.891735
2015-04-30,138.891735
2015-05-01,140.660952
2015-05-04,141.152401
2015-05-05,139.088314
2015-05-06,138.883544
2015-05-07,140.669143
2015-05-08,141.987865
2015-05-11,142.684084
2015-05-12,142.045200
2015-05-13,140.824768
2015-05-14,142.069773
2015-05-15,143.454021
2015-05-18,145.124949
2015-05-19,145.780214
2015-05-20,145.403437
2015-05-21,144.608927
2015-05-22,143.486785
2015-05-26,142.610367
2015-05-27,144.699026
2015-05-28,143.421258
2015-05-29,141.881384
2015-06-01,143.642410
2015-06-02,143.929089
2015-06-03,147.369233
2015-06-04,147.131700
2015-06-05,149.269504
2015-06-08,147.344661
2015-06-09,147.737820
2015-06-10,149.335030
2015-06-11,151.513788
2015-06-12,150.408028
2015-06-15,149.613518
2015-06-16,149.179405
2015-06-17,144.756362
2015-06-18,146.116038
2015-06-19,144.109287
2015-06-22,144.387775
2015-06-23,143.560502
2015-06-24,142.045200
2015-06-25,141.537370
2015-06-26,142.241780
2015-06-29,140.079404
2015-06-30,139.571573
2015-07-01,139.088314
2015-07-02,140.169503
2015-07-06,138.220088
2015-07-07,139.522428
2015-07-08,136.778503
2015-07-09,137.368242
2015-07-10,137.982554
2015-07-13,140.038450
2015-07-14,140.259602
2015-07-15,138.531339
2015-07-16,138.826208
2015-07-17,139.432329
2015-07-20,139.415947
2015-07-21,139.702626
2015-07-22,138.015317
2015-07-23,136.672023
2015-07-24,134.419547
2015-07-27,134.935569
2015-07-28,138.777063
2015-07-29,140.792005
2015-07-30,140.284174
2015-07-31,140.407036
2015-08-03,139.907396
2015-08-04,139.317657
2015-08-05,140.300556
2015-08-06,138.916307
2015-08-07,136.778503
2015-08-10,138.752491
2015-08-11,137.957981
2015-08-12,135.402445
2015-08-13,134.001815
2015-08-14,134.992904
2015-08-17,135.123958
2015-08-18,135.689124
2015-08-19,135.107576
2015-08-20,131.421707
2015-08-21,127.801364
2015-08-24,121.527196
2015-08-25,118.816035
2015-08-26,121.576341
2015-08-27,125.352309
2015-08-28,124.910005
2015-08-31,123.361940
2015-09-01,121.248708
2015-09-02,123.533947
2015-09-03,123.853389
2015-09-04,121.723776
2015-09-08,125.557080
2015-09-09,124.140068
2015-09-10,122.510095
2015-09-11,123.746909
2015-09-14,123.050689
2015-09-15,126.138628
2015-09-16,122.559240
2015-09-17,122.444568
2015-09-18,119.012615
2015-09-21,119.594163
2015-09-22,117.923236
2015-09-23,117.661129
2015-09-24,116.670040
2015-09-25,118.316395
2015-09-28,115.277601
2015-09-29,116.252308
2015-09-30,117.931426
2015-10-01,118.529356
2015-10-02,119.192813
2015-10-05,122.796773
2015-10-06,124.099114
2015-10-07,125.294974
2015-10-08,127.408205
2015-10-09,127.228007
2015-10-12,126.482642
2015-10-13,124.074541
2015-10-14,123.460230
2015-10-15,124.590563
2015-10-16,124.893623
2015-10-19,124.811715
2015-10-20,126.138628
2015-10-21,127.760410
2015-10-22,130.823777
2015-10-23,130.659961
2015-10-26,129.308475
2015-10-27,127.752220
2015-10-28,127.178862
2015-10-29,128.096234
2015-10-30,127.817746
2015-11-02,130.193084
2015-11-03,130.332328
2015-11-04,130.234038
2015-11-05,131.274272
2015-11-06,133.002535
2015-11-09,131.503615
2015-11-10,132.281743
2015-11-11,131.896774
2015-11-12,130.062031
2015-11-13,129.505055
2015-11-16,132.093354
2015-11-17,132.208026
2015-11-18,133.354740
2015-11-19,133.797045
2015-11-20,134.444119
2015-11-23,133.870762
2015-11-24,133.665992
2015-11-25,133.018917
2015-11-27,134.403165
2015-11-30,129.857260
2015-12-01,131.421707
2015-12-02,129.308475
2015-12-03,125.835568
2015-12-04,127.342679
2015-12-07,124.967341
2015-12-08,121.543578
2015-12-09,120.446008
2015-12-10,121.625486
2015-12-11,118.160769
2015-12-14,117.693893
2015-12-15,118.512975
2015-12-16,121.903974
2015-12-17,124.369411
2015-12-18,120.527916
2015-12-21,119.381202
2015-12-22,121.559960
2015-12-23,123.452039
2015-12-24,122.575621
2015-12-28,121.559960
2015-12-29,122.239798
2015-12-30,122.190653
2015-12-31,122.035027
2016-01-04,117.480931
2016-01-05,118.480211
2016-01-06,115.302173
2016-01-07,110.240246
2016-01-08,110.338536
2016-01-11,108.913334
2016-01-12,110.338536
2016-01-13,106.718194
2016-01-14,107.873099
2016-01-15,103.957887
2016-01-19,104.187230
2016-01-20,100.894521
2016-01-21,101.213963
2016-01-22,104.482100
2016-01-25,103.237095
2016-01-26,104.252757
2016-01-27,105.047266
2016-01-28,105.022694
2016-01-29,108.839616
2016-02-01,108.372739
2016-02-02,106.603522
2016-02-03,107.283360
2016-02-04,109.928995
2016-02-05,108.045107
2016-02-08,106.750957
2016-02-09,106.292271
2016-02-10,104.547626
2016-02-11,101.910182
2016-02-12,105.333945
2016-02-16,108.208923
2016-02-17,109.011623
2016-02-18,107.570039
2016-02-19,106.284080
2016-02-22,110.895512
2016-02-23,109.601362
2016-02-24,109.339256
2016-02-25,111.378770
2016-02-26,112.525485
2016-02-29,112.115944
2016-03-01,115.801813
2016-03-02,116.530796
2016-03-03,117.833137
2016-03-04,117.874091
2016-03-07,118.832417
2016-03-08,116.743757
2016-03-09,116.293262
2016-03-10,115.990202
2016-03-11,118.291822
2016-03-14,117.816755
2016-03-15,117.186062
2016-03-16,118.168960
2016-03-17,132.150690
2016-03-18,134.091914
2016-03-21,134.771752
2016-03-22,133.854380
2016-03-23,133.207306
2016-03-24,133.223687
2016-03-28,132.846910
2016-03-29,133.502175
2016-03-30,132.339079
2016-03-31,133.281023
2016-04-01,134.059151
2016-04-04,134.165632
2016-04-05,132.642139
2016-04-06,133.321977
2016-04-07,132.101545
2016-04-08,133.854380
2016-04-11,133.551320
2016-04-12,135.238629
2016-04-13,136.966892
2016-04-14,135.721887
2016-04-15,135.885704
2016-04-18,136.893175
2016-04-19,137.826928
2016-04-20,137.114327
2016-04-21,135.615407
2016-04-22,136.229718
2016-04-25,135.607216
2016-04-26,136.876793
2016-04-27,137.245380
2016-04-28,135.689124
2016-04-29,135.238629
2016-05-02,137.269952
2016-05-03,134.976523
2016-05-04,135.353300
2016-05-05,131.356180
2016-05-06,131.896774
2016-05-09,132.928818
2016-05-10,133.715136
2016-05-11,132.109736
2016-05-12,130.537098
2016-05-13,129.218376
2016-05-16,129.898214
2016-05-17,129.980123
2016-05-18,130.635388
2016-05-19,130.324137
2016-05-20,132.388224
2016-05-23,132.724047
2016-05-24,134.640699
2016-05-25,134.509646
2016-05-26,133.837999
2016-05-27,134.714417
2016-05-31,135.123958
2016-06-01,134.902805
2016-06-02,134.984714
2016-06-03,134.182013
2016-06-06,133.731518
2016-06-07,135.009286
2016-06-08,134.943759
2016-06-09,134.419547
2016-06-10,131.765721
2016-06-13,131.405325
2016-06-14,130.848349
2016-06-15,130.774632
2016-06-16,132.584803
2016-06-17,132.896054
2016-06-20,134.714417
2016-06-21,134.288494
2016-06-22,128.194524
2016-06-23,129.324857
2016-06-24,123.329177
2016-06-27,119.692453
2016-06-28,121.306044
2016-06-29,123.075261
2016-06-30,124.320266
2016-07-01,126.007575
2016-07-05,124.639708
2016-07-06,124.049969
2016-07-07,124.991913
2016-07-08,127.956990
2016-07-11,128.685973
2016-07-12,131.012166
2016-07-13,131.397134
2016-07-14,132.281743
2016-07-15,131.536378
2016-07-18,131.675622
2016-07-19,130.791014
2016-07-20,131.110456
2016-07-21,129.750780
2016-07-22,131.683813
2016-07-25,131.241509
2016-07-26,132.281743
2016-07-27,131.798485
2016-07-28,132.240789
2016-07-29,132.609376
2016-08-01,132.412796
2016-08-02,130.381473
2016-08-03,131.552760
2016-08-04,130.905685
2016-08-05,133.436649
2016-08-08,134.083723
2016-08-09,134.599745
2016-08-10,134.861851
2016-08-11,135.795605
2016-08-12,135.558071
2016-08-15,136.295245
2016-08-16,136.565542
2016-08-17,136.336199
2016-08-18,136.942320
2016-08-19,138.121798
2016-08-22,137.515677
2016-08-23,138.089034
2016-08-24,137.794165
2016-08-25,135.582643
2016-08-26,135.107576
2016-08-29,135.287774
2016-08-30,135.091194
2016-08-31,135.091194
2016-09-01,135.672742
2016-09-02,135.549880
2016-09-06,135.009286
2016-09-07,135.312346
2016-09-08,135.476163
2016-09-09,131.749340
2016-09-12,133.723327
2016-09-13,131.339799
2016-09-14,130.602625
2016-09-15,131.110456
2016-09-16,130.143939
2016-09-19,132.085163
2016-09-20,133.223687
2016-09-21,142.405597
2016-09-22,142.241780
2016-09-23,142.839710
2016-09-26,143.617838
2016-09-27,145.223239
2016-09-28,143.707937
2016-09-29,143.437640
2016-09-30,143.077244
2016-10-03,142.765993
2016-10-04,142.192635
2016-10-05,142.733229
2016-10-06,141.774903
2016-10-07,141.709377
2016-10-10,142.692275
2016-10-11,142.585795
2016-10-12,142.143490
2016-10-13,140.022068
2016-10-14,140.046640
2016-10-17,139.931969
2016-10-18,139.850061
2016-10-19,139.620718
2016-10-20,138.998215
2016-10-21,139.407756
2016-10-24,140.947631
2016-10-25,140.824768
2016-10-26,142.184444
2016-10-27,142.847901
2016-10-28,142.725038
2016-10-31,142.782374
2016-11-01,140.497135
2016-11-02,141.193355
2016-11-03,142.233589
2016-11-04,143.175534
2016-11-07,147.451142
2016-11-08,148.507757
2016-11-09,148.393086
2016-11-10,150.358883
2016-11-11,150.457173
2016-11-14,152.480305
2016-11-15,151.849612
2016-11-16,150.563653
2016-11-17,151.595697
2016-11-18,153.405868
2016-11-21,154.110278
2016-11-22,154.052943
2016-11-23,155.723870
2016-11-25,156.878775
2016-11-28,155.650152
2016-11-29,155.887686
2016-11-30,156.993447
2016-12-01,157.419370
2016-12-02,157.919010
2016-12-05,159.311449
2016-12-06,158.353123
2016-12-07,160.965995
2016-12-08,161.416490
2016-12-09,161.031521
2016-12-12,161.883366
2016-12-13,164.651864
2016-12-14,162.112709
2016-12-15,162.112709
2016-12-16,160.933231
2016-12-19,161.866985
2016-12-20,162.784357
2016-12-21,157.362034
2016-12-22,156.354563
2016-12-23,157.149073
2016-12-27,156.076075
2016-12-28,154.356003
2016-12-29,153.127380
2016-12-30,152.513068
2017-01-03,153.741691
2017-01-04,154.568964
2017-01-05,154.323240
2017-01-06,155.830351
2017-01-09,155.371665
2017-01-10,154.331430
2017-01-11,155.003078
2017-01-12,153.479585
2017-01-13,153.176525
2017-01-17,152.390206
2017-01-18,153.356723
2017-01-19,152.488496
2017-01-20,152.128100
2017-01-23,151.906948
2017-01-24,156.944302
2017-01-25,158.041872
2017-01-26,157.738812
2017-01-27,160.474545
2017-01-30,158.287597
2017-01-31,154.896597
2017-02-01,152.570404
2017-02-02,151.210728
2017-02-03,154.159423
2017-02-06,154.151232
2017-02-07,154.003798
2017-02-08,153.954653
2017-02-09,154.454293
2017-02-10,156.329991
2017-02-13,157.730621
2017-02-14,157.640522
2017-02-15,159.450693
2017-02-16,158.369505
2017-02-17,158.656183
2017-02-21,160.015860
2017-02-22,158.762664
2017-02-23,156.592097
2017-02-24,158.172925
2017-02-27,159.204968
2017-02-28,158.066444
2017-03-01,161.703168
2017-03-02,159.483456
2017-03-03,159.188587
2017-03-06,158.860954
2017-03-07,158.009109
2017-03-08,158.017299
2017-03-09,156.698577
2017-03-10,157.386606
2017-03-13,158.181116
2017-03-14,156.755913
2017-03-15,158.295787
2017-03-16,158.172925
2017-03-17,159.385166
2017-03-20,157.484896
2017-03-21,157.132691
2017-03-22,160.474545
2017-03-23,154.962124
2017-03-24,154.085706
2017-03-27,153.201097
2017-03-28,155.535481
2017-03-29,156.379135
2017-03-30,159.041152
2017-03-31,159.843852
2017-04-03,160.015860
2017-04-04,160.761224
2017-04-05,160.417210
2017-04-06,160.531881
2017-04-07,160.253393
2017-04-10,160.343492
2017-04-11,158.074635
2017-04-12,152.603167
2017-04-13,150.489936
2017-04-17,151.972474
2017-04-18,150.391646
2017-04-19,150.350692
2017-04-20,152.742411
2017-04-21,151.759513
2017-04-24,154.446102
2017-04-25,154.781926
2017-04-26,155.281566
2017-04-27,157.026210
2017-04-28,155.379855
2017-05-01,154.175805
2017-05-02,154.831070
2017-05-03,155.560053
2017-05-04,156.600288
2017-05-05,157.607758
2017-05-08,156.534761
2017-05-09,156.272655
2017-05-10,155.420809
2017-05-11,156.313609
2017-05-12,156.985256
2017-05-15,159.524410
2017-05-16,159.016579
2017-05-17,153.569684
2017-05-18,154.585346
2017-05-19,155.109558
2017-05-22,156.977065
2017-05-23,158.131971
2017-05-24,158.303978
2017-05-25,159.565364
2017-05-26,159.114869
2017-05-30,158.803618
2017-05-31,158.770855
2017-06-01,162.473106
2017-06-02,166.363745
2017-06-05,165.659334
2017-06-06,166.412890
2017-06-07,168.853754
2017-06-08,168.599839
2017-06-09,169.058525
2017-06-12,171.286428
2017-06-13,171.532152
2017-06-14,171.106230
2017-06-15,172.375807
2017-06-16,172.416761
2017-06-19,172.785348
2017-06-20,171.147184
2017-06-21,173.891109
2017-06-22,173.342324
2017-06-23,176.389309
2017-06-26,176.397500
2017-06-27,175.553845
2017-06-28,177.863656
2017-06-29,176.291019
2017-06-30,178.011091
2017-07-03,178.052045
2017-07-05,178.813791
2017-07-06,176.127202
2017-07-07,178.977608
2017-07-10,179.272477
2017-07-11,178.183098
2017-07-12,178.821982
2017-07-13,178.535304
2017-07-14,179.428103
2017-07-17,176.495789
2017-07-18,172.859065
2017-07-19,174.366176
2017-07-20,173.547094
2017-07-21,174.063116
2017-07-24,174.202360
2017-07-25,175.586608
2017-07-26,174.980488
2017-07-27,169.992278
2017-07-28,170.401819
2017-07-31,170.393628
2017-08-01,169.312440
2017-08-02,171.597679
2017-08-03,171.483008
2017-08-04,171.450244
2017-08-07,170.672116
2017-08-08,169.549974
2017-08-09,168.878327
2017-08-10,166.724141
2017-08-11,167.805329
2017-08-14,170.254385
2017-08-15,171.245474
2017-08-16,171.704160
2017-08-17,168.214870
2017-08-18,168.730892
2017-08-21,169.001189
2017-08-22,171.417481
2017-08-23,169.607310
2017-08-24,169.279677
2017-08-25,170.172476
2017-08-28,171.057085
2017-08-29,173.072027
2017-08-30,175.103350
2017-08-31,175.594799
2017-09-01,176.143584
2017-09-05,174.677427
2017-09-06,173.571667
2017-09-07,175.005060
2017-09-08,172.400379
2017-09-11,173.973017
2017-09-12,176.544934
2017-09-13,176.102630
2017-09-14,175.709471
2017-09-15,175.963386
2017-09-18,176.168157
2017-09-19,176.921712
2017-09-20,180.607581
2017-09-21,179.239714
2017-09-22,180.198040
2017-09-25,179.542774
2017-09-26,180.042414
2017-09-27,180.198040
2017-09-28,183.687329
2017-09-29,184.768518
2017-10-02,185.382829
2017-10-03,182.655286
2017-10-04,181.279228
2017-10-05,181.516762
2017-10-06,180.853306
2017-10-09,180.722252
2017-10-10,180.836924
2017-10-11,182.393180
2017-10-12,184.342595
2017-10-13,182.016402
2017-10-16,181.303801
2017-10-17,180.279948
2017-10-18,182.081929
2017-10-19,183.449796
2017-10-20,184.350786
2017-10-23,184.571938
2017-10-24,184.981479
2017-10-25,184.702991
2017-10-26,187.602541
2017-10-27,188.773829
2017-10-30,186.521353
2017-10-31,184.956906
2017-11-01,184.670228
2017-11-02,184.539175
2017-11-03,183.670948
2017-11-06,180.976168
2017-11-07,181.148175
2017-11-08,180.607581
2017-11-09,178.101190
2017-11-10,178.682738
2017-11-13,181.369327
2017-11-14,180.148895
2017-11-15,175.652135
2017-11-16,178.486159
2017-11-17,176.921712
2017-11-20,177.945564
2017-11-21,178.002900
2017-11-22,178.420632
2017-11-24,177.740794
2017-11-27,178.453395
2017-11-28,178.977608
2017-11-29,185.055196
2017-11-30,189.584720
2017-12-01,189.076889
2017-12-04,195.801552
2017-12-05,192.811903
2017-12-06,193.622794
2017-12-07,196.006323
2017-12-08,197.177610
2017-12-11,195.441156
2017-12-12,196.170139
2017-12-13,198.234226
2017-12-14,195.351057
2017-12-15,196.620634
2017-12-18,198.144127
2017-12-19,198.660148
2017-12-20,205.646918
2017-12-21,204.909744
2017-12-22,204.786882
2017-12-26,204.475630
2017-12-27,204.795072
2017-12-28,203.394442
2017-12-29,204.393722
2018-01-02,210.995523
2018-01-03,213.632967
2018-01-04,216.958440
2018-01-05,217.810285
2018-01-08,220.054570
2018-01-09,219.309205
2018-01-10,219.522167
2018-01-11,222.126848
2018-01-12,222.667442
2018-01-16,220.808126
2018-01-17,222.372572
2018-01-18,222.937739
2018-01-19,224.690574
2018-01-22,224.338369
2018-01-23,222.806686
2018-01-24,221.487964
2018-01-25,219.546739
2018-01-26,220.210196
2018-01-29,219.260061
2018-01-30,214.157180
2018-01-31,214.992643
2018-02-01,214.460240
2018-02-02,209.578511
2018-02-05,203.541877
2018-02-06,204.917935
2018-02-07,205.712444
2018-02-08,195.981750
2018-02-09,192.746376
2018-02-12,196.522344
2018-02-13,196.841786
2018-02-14,197.251327
2018-02-15,200.699662
2018-02-16,200.011634
2018-02-20,197.382380
2018-02-21,199.282651
2018-02-22,201.027295
2018-02-23,206.588862
2018-02-26,208.464560
2018-02-27,203.738457
2018-02-28,201.829996
2018-03-01,199.610283
2018-03-02,197.652677
2018-03-05,198.168699
2018-03-06,199.069689
2018-03-07,197.955738
2018-03-08,196.964649
2018-03-09,202.411544
2018-03-12,201.936476
2018-03-13,205.401193
2018-03-14,202.239537
2018-03-15,202.640887
2018-03-16,206.433236
2018-03-19,204.451058
2018-03-20,206.400473
2018-03-21,203.967800
2018-03-22,193.524504
2018-03-23,187.962937
2018-03-26,196.456818
2018-03-27,192.189400
2018-03-28,192.320454
2018-03-29,196.669779
2018-04-02,195.351057
2018-04-03,197.431525
2018-04-04,195.564018
2018-04-05,197.456098
2018-04-06,191.902722
2018-04-09,191.927294
2018-04-10,194.941516
2018-04-11,194.941516
2018-04-12,198.144127
2018-04-13,200.257358
2018-04-16,204.795072
2018-04-17,206.408664
2018-04-18,209.300023
2018-04-19,206.072840
2018-04-20,202.411544
2018-04-23,203.803983
2018-04-24,201.133776
2018-04-25,202.231346
2018-04-26,202.255918
2018-04-27,205.040797
2018-04-30,202.477070
2018-05-01,200.396602
2018-05-02,197.071129
2018-05-03,198.340706
2018-05-04,200.625945
2018-05-07,199.135216
2018-05-08,198.176890
2018-05-09,199.995252
2018-05-10,202.886611
2018-05-11,205.507674
2018-05-14,205.876261
2018-05-15,202.591742
2018-05-16,202.411544
2018-05-17,203.509114
2018-05-18,204.320005
2018-05-21,208.587422
2018-05-22,206.891922
2018-05-23,205.155469
2018-05-24,206.195703
2018-05-25,205.999123
2018-05-29,202.812894
2018-05-30,207.293273
2018-05-31,204.049708
2018-06-01,207.719195
2018-06-04,206.310374
2018-06-05,206.408664
2018-06-06,210.135487
2018-06-07,210.708844
2018-06-08,213.084182
2018-06-11,214.574912
2018-06-12,217.490843
2018-06-13,215.353039
2018-06-14,215.811725
2018-06-15,216.696334
2018-06-18,215.967351
2018-06-19,211.642598
2018-06-20,205.941787
2018-06-21,202.083911
2018-06-22,198.029455
2018-06-25,192.099301
2018-06-26,193.999572
2018-06-27,188.184089
2018-06-28,185.661317
2018-06-29,185.980759
2018-07-02,187.889220
2018-07-03,186.431254
2018-07-05,187.225764
2018-07-06,186.971848
2018-07-09,192.435125
2018-07-10,193.024864
2018-07-11,188.569058
2018-07-12,190.592191
2018-07-13,191.460418
2018-07-16,188.536295
2018-07-17,189.330804
2018-07-18,193.458978
2018-07-19,193.753847
2018-07-20,192.426934
2018-07-23,193.630985
2018-07-24,193.983190
2018-07-25,196.776260
2018-07-26,197.595342
2018-07-27,197.267709
2018-07-30,196.940076
2018-07-31,201.387691
2018-08-01,197.480670
2018-08-02,197.497052
2018-08-03,199.299032
2018-08-06,200.781571
2018-08-07,203.009474
2018-08-08,201.076440
2018-08-09,200.511274
2018-08-10,198.021264
2018-08-13,197.390571
2018-08-14,199.610283
2018-08-15,199.430085
2018-08-16,201.698942
2018-08-17,202.264109
2018-08-20,203.779411
2018-08-21,205.679681
2018-08-22,202.264109
2018-08-23,200.240977
2018-08-24,200.691472
2018-08-27,203.869510
2018-08-28,202.829276
2018-08-29,202.804703
2018-08-30,202.100293
2018-08-31,199.815054
2018-09-04,197.636296
2018-09-05,200.478510
2018-09-06,201.649798
2018-09-07,201.469600
2018-09-10,204.320005
2018-09-11,204.246288
2018-09-12,207.211364
2018-09-13,207.366990
2018-09-14,209.226306
2018-09-17,209.463840
2018-09-18,197.873830
2018-09-19,198.938636
2018-09-20,202.157628
2018-09-21,202.575360
2018-09-24,199.724955
2018-09-25,195.924414
2018-09-26,197.488861
2018-09-27,197.153037
2018-09-28,197.226755
2018-10-01,196.522344
2018-10-02,195.760598
2018-10-03,197.349617
2018-10-04,195.817934
2018-10-05,193.352497
2018-10-08,192.476079
2018-10-09,188.184089
2018-10-10,181.393900
2018-10-11,178.084808
2018-10-12,181.017122
2018-10-15,181.033504
2018-10-16,185.259967
2018-10-17,183.032064
2018-10-18,177.978328
2018-10-19,180.034224
2018-10-22,178.887509
2018-10-23,178.871127
2018-10-24,171.351954
2018-10-25,175.103350
2018-10-26,172.441333
2018-10-29,172.859065
2018-10-30,177.355825
2018-10-31,180.476528
2018-11-01,183.507131
2018-11-02,181.557716
2018-11-05,182.335844
2018-11-06,185.743225
2018-11-07,189.437285
2018-11-08,187.897411
2018-11-09,183.802001
2018-11-12,179.894980
2018-11-13,182.253936
2018-11-14,184.424503
2018-11-15,186.595070
2018-11-16,185.677699
2018-11-19,185.358257
2018-11-20,181.295610
2018-11-21,182.286699
2018-11-23,182.982919
2018-11-26,184.326213
2018-11-27,184.481839
2018-11-28,189.904162
2018-11-29,186.341155
2018-11-30,187.569778
2018-12-03,188.421623
2018-12-04,176.528553
2018-12-06,176.151775
2018-12-07,164.954924
2018-12-10,158.025490
2018-12-11,155.338901
2018-12-12,154.208568
2018-12-13,153.315769
2018-12-14,150.801187
2018-12-17,149.228550
2018-12-18,151.538361
2018-12-19,133.109016
2018-12-20,130.823777
2018-12-21,129.414956
2018-12-24,125.073821
2018-12-26,131.175982
2018-12-27,131.888584
2018-12-28,130.217656
2018-12-31,132.142499
2019-01-02,133.665992
2019-01-03,128.751500
2019-01-04,134.681653
2019-01-07,136.565542
2019-01-08,136.803076
2019-01-09,139.727198
2019-01-10,139.342230
2019-01-11,140.054831
2019-01-14,140.513517
2019-01-15,139.759962
2019-01-16,140.357892
2019-01-17,141.922338
2019-01-18,144.903797
2019-01-22,144.076524
2019-01-23,142.258162
2019-01-24,142.602176
2019-01-25,143.634220
2019-01-28,142.487505
2019-01-29,142.176254
2019-01-30,145.362483
2019-01-31,145.444391
2019-02-01,146.869593
2019-02-04,149.670854
2019-02-05,150.489936
2019-02-06,150.555462
2019-02-07,148.556902
2019-02-08,145.174094
2019-02-11,148.327559
2019-02-12,151.898757
2019-02-13,152.038001
2019-02-14,150.645561
2019-02-15,146.861403
2019-02-19,147.639531
2019-02-20,148.999207
2019-02-21,149.302267
2019-02-22,147.836110
2019-02-25,148.311178
2019-02-26,148.835390
2019-02-27,148.917298
2019-02-28,148.253842
2019-03-01,149.728190
2019-03-04,148.368513
2019-03-05,147.442951
2019-03-06,145.944031
2019-03-07,141.586515
2019-03-08,140.701906
2019-03-11,144.527019
2019-03-12,145.116758
2019-03-13,147.049791
2019-03-14,146.681205
2019-03-15,145.780214
2019-03-18,149.400557
2019-03-19,148.589666
2019-03-20,143.396686
2019-03-21,146.607487
2019-03-22,142.512077
2019-03-25,140.939440
2019-03-26,143.462212
2019-03-27,144.232149
2019-03-28,145.714688
2019-03-29,148.589666
2019-04-01,152.717839
2019-04-02,150.735660
2019-04-03,151.685796
2019-04-04,153.717119
2019-04-05,155.543672
2019-04-08,156.755913
2019-04-09,155.584626
2019-04-10,156.444662
2019-04-11,157.157263
2019-04-12,161.318200
2019-04-15,160.687507
2019-04-16,161.547543
2019-04-17,162.227381
2019-04-18,162.301098
2019-04-22,160.523690
2019-04-23,159.827471
2019-04-24,162.063565
2019-04-25,154.700017
2019-04-26,150.743851
2019-04-29,152.865274
2019-04-30,155.183276
2019-05-01,152.038001
2019-05-02,153.201097
2019-05-03,154.036561
2019-05-06,152.021619
2019-05-07,147.975354
2019-05-08,146.967883
2019-05-09,147.074364
2019-05-10,145.796596
2019-05-13,141.127829
2019-05-14,140.767433
2019-05-15,141.324408
2019-05-16,143.970043
2019-05-17,139.178413
2019-05-20,137.777783
2019-05-21,137.597585
2019-05-22,132.691284
2019-05-23,131.536378
2019-05-24,130.995784
2019-05-28,129.783543
2019-05-29,130.700915
2019-05-30,129.423147
2019-05-31,126.367971
2019-06-03,124.778952
2019-06-04,130.717296
2019-06-05,129.898214
2019-06-06,128.473012
2019-06-07,129.431338
2019-06-10,132.560231
2019-06-11,130.594434
2019-06-12,132.175262
2019-06-13,135.697315
2019-06-14,134.779943
2019-06-17,134.100105
2019-06-18,136.246100
2019-06-19,136.426298
2019-06-20,138.015317
2019-06-21,135.435209
2019-06-24,131.790294
2019-06-25,127.760410
2019-06-26,130.987593
2019-06-27,133.764281
2019-06-28,134.485074
2019-07-01,133.485794
2019-07-02,130.881113
2019-07-03,132.216216
2019-07-05,132.666712
2019-07-08,131.724767
2019-07-09,130.389664
2019-07-10,131.044929
2019-07-11,133.182733
2019-07-12,137.171663
2019-07-15,137.523868
2019-07-16,139.071933
2019-07-17,135.189484
2019-07-18,135.459781
2019-07-19,136.893175
2019-07-22,138.875353
2019-07-23,142.331879
2019-07-24,144.166623
2019-07-25,144.051951
2019-07-26,143.290205
2019-07-29,141.373553
2019-07-30,141.201546
2019-07-31,139.678053
2019-08-01,133.764281
2019-08-02,134.108296
2019-08-05,128.808835
2019-08-06,132.027828
2019-08-07,131.593714
2019-08-08,134.517837
2019-08-09,132.797765
2019-08-12,130.078412
2019-08-13,131.479043
2019-08-14,127.006855
2019-08-15,125.172111
2019-08-16,127.776792
2019-08-19,129.668871
2019-08-20,127.645739
2019-08-21,129.562391
2019-08-22,129.496864
2019-08-23,124.475892
2019-08-26,124.901814
2019-08-27,122.477331
2019-08-28,125.466981
2019-08-29,128.964461
2019-08-30,129.914596
2019-09-03,127.260770
2019-09-04,130.283183
2019-09-05,134.640699
2019-09-06,132.584803
2019-09-09,137.130708
2019-09-10,141.095065
2019-09-11,142.487505
2019-09-12,142.118918
2019-09-13,142.602176
2019-09-16,142.168063
2019-09-17,141.946911
2019-09-18,123.607665
2019-09-19,124.869051
2019-09-20,121.863020
2019-09-23,119.315675
2019-09-24,117.333496
2019-09-25,120.437817
2019-09-26,118.897943
2019-09-27,118.734127
2019-09-30,119.233767
2019-10-01,116.014774
2019-10-02,115.310364
2019-10-03,116.072110
2019-10-04,117.128726
2019-10-07,116.383361
2019-10-08,113.352758
2019-10-09,114.057169
2019-10-10,115.785432
2019-10-11,119.209194
2019-10-14,120.224856
2019-10-15,122.829537
2019-10-16,123.492993
2019-10-17,123.435657
2019-10-18,122.788583
2019-10-21,124.533227
2019-10-22,126.654650
2019-10-23,127.760410
2019-10-24,126.179582
2019-10-25,129.488673
2019-10-28,129.742589
2019-10-29,129.423147
2019-10-30,127.645739
2019-10-31,125.041058
2019-11-01,128.202715
2019-11-04,135.017477
2019-11-05,135.025668
2019-11-06,133.649610
2019-11-07,134.263921
2019-11-08,133.690564
2019-11-11,132.838719
2019-11-12,132.052400
2019-11-13,127.965181
2019-11-14,128.333768
2019-11-15,129.685253
2019-11-18,129.046369
2019-11-19,127.383633
2019-11-20,124.721616
2019-11-21,124.565991
2019-11-22,128.227287
2019-11-25,130.676342
2019-11-26,132.281743
2019-11-27,132.289934
2019-11-29,131.094074
2019-12-02,129.439528
2019-12-03,123.796053
2019-12-04,126.032147
2019-12-05,126.089483
2019-12-06,128.276432
2019-12-09,128.194524
2019-12-10,128.595874
2019-12-11,130.299565
2019-12-12,135.058431
2019-12-13,135.697315
2019-12-16,134.411356
2019-12-17,133.698755
2019-12-18,120.290383
2019-12-19,120.421436
2019-12-20,121.322426
2019-12-23,124.246549
2019-12-24,123.501184
2019-12-26,124.901814
2019-12-27,124.934577
2019-12-30,122.976971
2019-12-31,123.853389
2020-01-02,127.039618
2020-01-03,125.466981
2020-01-06,125.565271
2020-01-07,126.793894
2020-01-08,128.702355
2020-01-09,129.455910
2020-01-10,128.292814
2020-01-13,130.463381
2020-01-14,132.797765
2020-01-15,130.356900
2020-01-16,130.676342
2020-01-17,131.036738
2020-01-21,129.029987
2020-01-22,127.400014
2020-01-23,126.859420
2020-01-24,126.195964
2020-01-27,121.625486
2020-01-28,121.551769
2020-01-29,121.273281
2020-01-30,121.437097
2020-01-31,118.472020
2020-02-03,117.816755
2020-02-04,120.822786
2020-02-05,122.821346
2020-02-06,121.740158
2020-02-07,127.498304
2020-02-10,128.415676
2020-02-11,129.414956
2020-02-12,129.832688
2020-02-13,132.257171
2020-02-14,129.922787
2020-02-18,129.881833
2020-02-19,131.986873
2020-02-20,135.074813
2020-02-21,133.715136
2020-02-24,126.834848
2020-02-25,119.258339
2020-02-26,118.381921
2020-02-27,113.655818
2020-02-28,115.629806
2020-03-02,114.466709
2020-03-03,109.011623
2020-03-04,111.730976
2020-03-05,106.423324
2020-03-06,104.580390
2020-03-09,94.767787
2020-03-10,98.838625
2020-03-11,90.926293
2020-03-12,79.450954
2020-03-13,87.338714
2020-03-16,74.118730
2020-03-17,77.780027
2020-03-18,81.646094
2020-03-19,91.475078
2020-03-20,90.967247
2020-03-23,91.540604
2020-03-24,98.322603
2020-03-25,96.905591
2020-03-26,102.876699
2020-03-27,98.764908
2020-03-30,101.820083
2020-03-31,99.321883
2020-04-01,92.949425
2020-04-02,95.537724
2020-04-03,89.460136
2020-04-06,97.487140
2020-04-07,94.972558
2020-04-08,102.827554
2020-04-09,100.165538
2020-04-13,101.181199
2020-04-14,102.450777
2020-04-15,98.207932
2020-04-16,97.536285
2020-04-17,102.262388
2020-04-20,100.452216
2020-04-21,98.682999
2020-04-22,97.093980
2020-04-23,99.010632
2020-04-24,100.796231
2020-04-27,104.260948
2020-04-28,104.629535
2020-04-29,106.054737
2020-04-30,103.835025
2020-05-01,96.815492
2020-05-04,94.890650
2020-05-05,96.381379
2020-05-06,94.292720
2020-05-07,95.619633
2020-05-08,98.650236
2020-05-11,96.291280
2020-05-12,92.670937
2020-05-13,89.558426
2020-05-14,89.370037
2020-05-15,88.067697
2020-05-18,97.626384
2020-05-19,94.022423
2020-05-20,95.840785
2020-05-21,94.825123
2020-05-22,95.832594
2020-05-26,102.229624
2020-05-27,106.832865
2020-05-28,107.422604
2020-05-29,106.939346
2020-06-01,106.243126
2020-06-02,109.920804
2020-06-03,113.098843
2020-06-04,114.024405
2020-06-05,116.481651
2020-06-08,122.354469
2020-06-09,118.512975
2020-06-10,114.999113
2020-06-11,105.505952
2020-06-12,108.708563
2020-06-15,109.494882
2020-06-16,111.018374
2020-06-17,111.116664
2020-06-18,113.352758
2020-06-19,112.730256
2020-06-22,112.525485
2020-06-23,113.909734
2020-06-24,110.649787
2020-06-25,111.485251
2020-06-26,106.546187
2020-06-29,110.207483
2020-06-30,114.851678
2020-07-01,128.317386
2020-07-02,127.350869
2020-07-06,127.997944
2020-07-07,129.857260
2020-07-08,129.873642
2020-07-09,127.563831
2020-07-10,129.898214
2020-07-13,127.965181
2020-07-14,129.824497
2020-07-15,132.076972
2020-07-16,136.049520
2020-07-17,135.951230
2020-07-20,134.435929
2020-07-21,135.558071
2020-07-22,135.263201
2020-07-23,135.959421
2020-07-24,135.181293
2020-07-27,139.768152
2020-07-28,136.729358
2020-07-29,138.875353
2020-07-30,141.463652
2020-07-31,137.933409
2020-08-03,138.605056
2020-08-04,139.784534
2020-08-05,140.636379
2020-08-06,141.078684
2020-08-07,150.326119
2020-08-10,163.800018
2020-08-11,160.908659
2020-08-12,165.421801
2020-08-13,166.978057
2020-08-14,170.860505
2020-08-17,169.255104
2020-08-18,169.525402
2020-08-19,170.270766
2020-08-20,171.040703
2020-08-21,172.408570
2020-08-24,178.068427
2020-08-25,175.537463
2020-08-26,176.733323
2020-08-27,178.731883
2020-08-28,181.754296
2020-08-31,180.066987
2020-09-01,184.670228
2020-09-02,186.676979
2020-09-03,180.992550
2020-09-04,185.210822
2020-09-08,181.058076
2020-09-09,184.907761
2020-09-10,183.834764
2020-09-11,190.674099
2020-09-14,193.581840
2020-09-15,193.852137
2020-09-16,205.016225
2020-09-17,199.921535
2020-09-18,198.856728
2020-09-21,195.547637
2020-09-22,199.380940
2020-09-23,197.742776
2020-09-24,200.036206
2020-09-25,204.909744
2020-09-28,208.407224
2020-09-29,207.637287
2020-09-30,206.015505
2020-10-01,208.112355
2020-10-02,209.029726
2020-10-05,212.314245
2020-10-06,212.363390
2020-10-07,219.726937
2020-10-08,222.020367
2020-10-09,222.421717
2020-10-12,224.018927
2020-10-13,223.396425
2020-10-14,226.263212
2020-10-15,231.071223
2020-10-16,232.512807
2020-10-19,230.956552
2020-10-20,235.404167
2020-10-21,231.210467
2020-10-22,226.025678
2020-10-23,232.258892
2020-10-26,227.393545
2020-10-27,224.764292
2020-10-28,212.953129
2020-10-29,218.711276
2020-10-30,212.527207
2020-11-02,218.678512
2020-11-03,224.821627
2020-11-04,220.414966
2020-11-05,228.581214
2020-11-06,229.154571
2020-11-09,216.139358
2020-11-10,218.916046
2020-11-11,219.358350
2020-11-12,218.825947
2020-11-13,222.716587
2020-11-16,229.203716
2020-11-17,233.479324
2020-11-18,231.390665
2020-11-19,229.220098
2020-11-20,226.631799
2020-11-23,234.544131
2020-11-24,238.909838
2020-11-25,236.141341
2020-11-27,235.412358
2020-11-30,234.732520
2020-12-01,235.699036
2020-12-02,238.942601
2020-12-03,239.745301
2020-12-04,241.530900
2020-12-07,243.300117
2020-12-08,246.912269
2020-12-09,241.891296
2020-12-10,238.270954
2020-12-11,237.099667
2020-12-14,233.880674
2020-12-15,234.044491
2020-12-16,236.559072
2020-12-17,239.384905
2020-12-18,225.714427
2020-12-21,222.741159
2020-12-22,223.838729
2020-12-23,221.733688
2020-12-24,220.185623
2020-12-28,215.369421
2020-12-29,214.239088
2020-12-30,212.944938
2020-12-31,212.650069
2021-01-04,207.383372
2021-01-05,207.375181
2021-01-06,207.686432
2021-01-07,201.518744
2021-01-08,200.642327
2021-01-11,200.929005
2021-01-12,203.984181
2021-01-13,206.588862
2021-01-14,209.906144
2021-01-15,206.867350
2021-01-19,204.377341
2021-01-20,206.375901
2021-01-21,207.997683
2021-01-22,208.112355
2021-01-25,207.620905
2021-01-26,204.500203
2021-01-27,198.897682
2021-01-28,198.864919
2021-01-29,192.762758
2021-02-01,195.957178
2021-02-02,198.627385
2021-02-03,197.636296
2021-02-04,203.230626
2021-02-05,208.874101
2021-02-08,210.872661
2021-02-09,212.248719
2021-02-10,210.880852
2021-02-11,208.341698
2021-02-12,215.418566
2021-02-16,214.460240
2021-02-17,212.215955
2021-02-18,209.381932
2021-02-19,208.571040
2021-02-22,208.595613
2021-02-23,208.562850
2021-02-24,213.010465
2021-02-25,208.227026
2021-02-26,208.456369
2021-03-01,214.673201
2021-03-02,212.633687
2021-03-03,211.953849
2021-03-04,205.016225
2021-03-05,210.741608
2021-03-08,205.868070
2021-03-09,211.257629
2021-03-10,213.305334
2021-03-11,219.915326
2021-03-12,221.315956
2021-03-15,218.596604
2021-03-16,213.616586
2021-03-17,217.744759
2021-03-18,215.836298
2021-03-19,228.998946
2021-03-22,224.444850
2021-03-23,218.539268
2021-03-24,219.751510
2021-03-25,224.575903
2021-03-26,230.440530
2021-03-29,228.704076
2021-03-30,234.191925
2021-03-31,232.652051
2021-04-01,232.242510
2021-04-05,230.628919
2021-04-06,231.120368
2021-04-07,228.613977
2021-04-08,232.979684
2021-04-09,234.732520
2021-04-12,238.180855
2021-04-13,238.262763
2021-04-14,235.739990
2021-04-15,238.516678
2021-04-16,235.559792
2021-04-19,232.004976
2021-04-20,229.621448
2021-04-21,227.917757
2021-04-22,226.508936
2021-04-23,227.491835
2021-04-26,225.870052
2021-04-27,235.494266
2021-04-28,235.395976
2021-04-29,242.497417
2021-04-30,237.787695
2021-05-03,249.451423
2021-05-04,249.230271
2021-05-05,251.073205
2021-05-06,254.701739
2021-05-07,257.756915
2021-05-10,253.317490
2021-05-11,250.344222
2021-05-12,242.456463
2021-05-13,248.509479
2021-05-14,253.448543
2021-05-17,253.309299
2021-05-18,250.680046
2021-05-19,252.219920
2021-05-20,253.137292
2021-05-21,253.587787
2021-05-24,255.422531
2021-05-25,252.760514
2021-05-26,254.529731
2021-05-27,258.494088
2021-05-28,257.855204
2021-06-01,254.611640
2021-06-02,251.105969
2021-06-03,250.893007
2021-06-04,247.461054
2021-06-07,248.460334
2021-06-08,247.837832
2021-06-09,240.081125
2021-06-10,239.859973
2021-06-11,242.521989
2021-06-14,239.982835
2021-06-15,245.151243
2021-06-16,241.367084
2021-06-17,235.543411
2021-06-18,233.700476
2021-06-21,240.122079
2021-06-22,243.832521
2021-06-23,243.570414
2021-06-24,248.747013
2021-06-25,239.130990
2021-06-28,240.801917
2021-06-29,243.996337
2021-06-30,244.356733
2021-07-01,245.003808
2021-07-02,245.216769
2021-07-06,241.309748
2021-07-07,240.441521
2021-07-08,240.187606
2021-07-09,242.775905
2021-07-12,245.454303
2021-07-13,244.971045
2021-07-14,242.333601
2021-07-15,242.513799
2021-07-16,239.573294
2021-07-19,241.481755
2021-07-20,244.102818
2021-07-21,244.373115
2021-07-22,242.956103
2021-07-23,243.324690
2021-07-26,243.676895
2021-07-27,231.497146
2021-07-28,230.841880
2021-07-29,230.915597
2021-07-30,229.302006
2021-08-02,226.197685
2021-08-03,230.006416
2021-08-04,225.345840
2021-08-05,225.902816
2021-08-06,226.287784
2021-08-09,223.339089
2021-08-10,222.184183
2021-08-11,226.287784
2021-08-12,226.148540
2021-08-13,227.033149
2021-08-16,230.702636
2021-08-17,227.590125
2021-08-18,223.412806
2021-08-19,219.153580
2021-08-20,218.326307
2021-08-23,218.612986
2021-08-24,219.358350
2021-08-25,221.455200
2021-08-26,219.071672
2021-08-27,219.432068
2021-08-30,217.499034
2021-08-31,217.621897
2021-09-01,217.818476
2021-09-02,218.768611
2021-09-03,217.908575
2021-09-07,215.942778
2021-09-08,213.796784
2021-09-09,212.322436
2021-09-10,210.954569
2021-09-13,214.484813
2021-09-14,209.029726
2021-09-15,210.168250
2021-09-16,211.634407
2021-09-17,209.046108
2021-09-20,205.425766
2021-09-21,206.466000
2021-09-22,187.635305
2021-09-23,187.504251
2021-09-24,185.636744
2021-09-27,185.530264
2021-09-28,182.163837
2021-09-29,181.090839
2021-09-30,179.616492
2021-10-01,182.270317
2021-10-04,178.453395
2021-10-05,183.695520
2021-10-06,183.638184
2021-10-07,182.614332
2021-10-08,183.015682
2021-10-11,180.050605
2021-10-12,181.279228
2021-10-13,183.253216
2021-10-14,186.300201
2021-10-15,187.668068
2021-10-18,186.734314
2021-10-19,187.831884
2021-10-20,189.453667
2021-10-21,190.715053
2021-10-22,190.829724
2021-10-25,192.811903
2021-10-26,194.802272
2021-10-27,192.721804
2021-10-28,193.270589
2021-10-29,192.918383
2021-11-01,193.008482
2021-11-02,193.114963
2021-11-03,196.596062
2021-11-04,200.683281
2021-11-05,198.848537
2021-11-08,203.566449
2021-11-09,204.344577
2021-11-10,203.558259
2021-11-11,205.581391
2021-11-12,207.948538
2021-11-15,206.654389
2021-11-16,207.375181
2021-11-17,202.599933
2021-11-18,200.445747
2021-11-19,198.783011
2021-11-22,203.124145
2021-11-23,201.846377
2021-11-24,199.503803
2021-11-26,195.064378
2021-11-29,197.046557
2021-11-30,188.691920
2021-12-01,186.570498
2021-12-02,192.729995
2021-12-03,197.267709
2021-12-06,200.716044
2021-12-07,202.362399
2021-12-08,200.470319
2021-12-09,200.879861
2021-12-10,201.723515
2021-12-13,197.316854
2021-12-14,196.612443
2021-12-15,197.218564
2021-12-16,195.367439
2021-12-17,205.032606
2021-12-20,201.125585
2021-12-21,206.367710
2021-12-22,204.737737
2021-12-23,207.899393
2021-12-27,209.889762
2021-12-28,210.045388
2021-12-29,210.905424
2021-12-30,211.781842
2021-12-31,211.847368
2022-01-03,211.773651
2022-01-04,216.983013
2022-01-05,214.705965
2022-01-06,215.574192
2022-01-07,216.229457
2022-01-10,210.135487
2022-01-11,209.308214
2022-01-12,209.856999
2022-01-13,211.052859
2022-01-14,209.865190
2022-01-18,207.498043
2022-01-19,206.564290
2022-01-20,205.376621
2022-01-21,200.601373
2022-01-24,201.264829
2022-01-25,199.888771
2022-01-26,199.167979
2022-01-27,198.160508
2022-01-28,200.494892
2022-01-31,201.379501
2022-02-01,206.408664
2022-02-02,206.261229
2022-02-03,202.575360
2022-02-04,199.946107
2022-02-07,199.634856
2022-02-08,199.741337
2022-02-09,200.052588
2022-02-10,196.915504
2022-02-11,190.199031
2022-02-14,187.127474
2022-02-15,188.716493
2022-02-16,187.577969
2022-02-17,183.777428
2022-02-18,182.024593
2022-02-22,178.387869
2022-02-23,175.971577
2022-02-24,176.856185
2022-02-25,180.787779
2022-02-28,182.057356
2022-03-01,176.028913
2022-03-02,179.583729
2022-03-03,181.271037
2022-03-04,175.725852
2022-03-07,164.709199
2022-03-08,167.084537
2022-03-09,177.511451
2022-03-10,179.608301
2022-03-11,174.611901
2022-03-14,172.932783
2022-03-15,177.110101
2022-03-16,185.055196
2022-03-17,186.734314
2022-03-18,179.305241
2022-03-21,181.967257
2022-03-22,185.579409
2022-03-23,181.402091
2022-03-24,184.391740
2022-03-25,185.571218
2022-03-28,188.429814
2022-03-29,195.408393
2022-03-30,192.689041
2022-03-31,189.527384
2022-04-01,181.221892
2022-04-04,178.551685
2022-04-05,172.850874
2022-04-06,167.092728
2022-04-07,166.904339
2022-04-08,165.061405
2022-04-11,167.191018
2022-04-12,167.403979
2022-04-13,168.984807
2022-04-14,168.517931
2022-04-18,166.486607
2022-04-19,171.032512
2022-04-20,171.343764
2022-04-21,169.435303
2022-04-22,168.083817
2022-04-25,168.239443
2022-04-26,163.816400
2022-04-27,163.210279
2022-04-28,169.427112
2022-04-29,162.784357
2022-05-02,161.367345
2022-05-03,163.357714
2022-05-04,171.589488
2022-05-05,169.746554
2022-05-06,172.179227
2022-05-09,170.590208
2022-05-10,170.418201
2022-05-11,169.713790
2022-05-12,170.532872
2022-05-13,173.063836
2022-05-16,171.777877
2022-05-17,181.426663
2022-05-18,166.740523
2022-05-19,163.038272
2022-05-20,164.553574
2022-05-23,167.657895
2022-05-24,168.116580
2022-05-25,167.346643
2022-05-26,173.882918
2022-05-27,179.927743
2022-05-31,183.949436
2022-06-01,179.108661
2022-06-02,181.443045
2022-06-03,179.133233
2022-06-06,182.532424
2022-06-07,181.320182
2022-06-08,177.880038
2022-06-09,177.740794
2022-06-10,169.361585
2022-06-13,164.619100
2022-06-14,188.347906
2022-06-15,190.665908
2022-06-16,184.547365
2022-06-17,188.306952
2022-06-21,188.814783
2022-06-22,187.586160
2022-06-23,186.857177
2022-06-24,199.233506
2022-06-27,196.964649
2022-06-28,196.653397
2022-06-29,191.509562
2022-06-30,185.694080
2022-07-01,183.154926
2022-07-05,188.069418
2022-07-06,186.521353
2022-07-07,189.494621
2022-07-08,188.790210
2022-07-11,183.629994
2022-07-12,182.638904
2022-07-13,177.028193
2022-07-14,175.521082
2022-07-15,178.420632
2022-07-18,178.543494
2022-07-19,184.645655
2022-07-20,186.472208
2022-07-21,186.472208
2022-07-22,186.177339
2022-07-25,186.889940
2022-07-26,184.186969
2022-07-27,186.447636
2022-07-28,188.233234
2022-07-29,190.919823
2022-08-01,194.695791
2022-08-02,191.067258
2022-08-03,191.001732
2022-08-04,193.385260
2022-08-05,192.394171
2022-08-08,187.586160
2022-08-09,184.268878
2022-08-10,190.395611
2022-08-11,187.766358
2022-08-12,188.945836
2022-08-15,191.018113
2022-08-16,195.121714
2022-08-17,191.190120
2022-08-18,192.377789
2022-08-19,189.805872
2022-08-22,183.122163
2022-08-23,184.506411
2022-08-24,185.161677
2022-08-25,186.775268
2022-08-26,178.690929
2022-08-29,177.519642
2022-08-30,174.857625
2022-08-31,172.670676
2022-09-01,173.530713
2022-09-02,170.958795
2022-09-06,167.231972
2022-09-07,165.143313
2022-09-08,166.167165
2022-09-09,171.245474
2022-09-12,175.152495
2022-09-13,168.190298
2022-09-14,167.920001
2022-09-15,167.805329
2022-09-16,131.888584
2022-09-19,133.428458
2022-09-20,128.923507
2022-09-21,125.524316
2022-09-22,126.580932
2022-09-23,122.313515
2022-09-26,117.046818
2022-09-27,118.725936
2022-09-28,122.854109
2022-09-29,124.754379
2022-09-30,121.609105
2022-10-03,124.058160
2022-10-04,130.332328
2022-10-05,128.489393
2022-10-06,127.113336
2022-10-07,126.474452
2022-10-10,125.491553
2022-10-11,124.565991
2022-10-12,125.229447
2022-10-13,127.981562
2022-10-14,128.563111
2022-10-17,128.579492
2022-10-18,128.022517
2022-10-19,125.286783
2022-10-20,122.976971
2022-10-21,125.507935
2022-10-24,126.761130
2022-10-25,127.612976
2022-10-26,129.382193
2022-10-27,128.522157
2022-10-28,131.356180
2022-10-31,131.282463
2022-11-01,129.570582
2022-11-02,126.597314
2022-11-03,126.892183
2022-11-04,128.317386
2022-11-07,130.430618
2022-11-08,130.676342
2022-11-09,129.447719
2022-11-10,135.967612
2022-11-11,143.838990
2022-11-14,143.142770
2022-11-15,144.371393
2022-11-16,139.874633
2022-11-17,140.505326
2022-11-18,143.110007
2022-11-21,142.225398
2022-11-22,143.888135
2022-11-23,144.453302
2022-11-25,144.731789
2022-11-28,141.873193
2022-11-29,145.649161
2022-11-30,149.253122
2022-12-01,147.803347
2022-12-02,148.589666
2022-12-05,144.649881
2022-12-06,141.742140
2022-12-07,141.111447
2022-12-08,140.808387
2022-12-09,141.152401
2022-12-12,145.280574
2022-12-13,144.879224
2022-12-14,145.853932
2022-12-15,141.840430
2022-12-16,140.652761
2022-12-19,138.244660
2022-12-20,134.616127
2022-12-21,139.235749
2022-12-22,143.904517
2022-12-23,144.101096
2022-12-27,145.018468
2022-12-28,141.742140
2022-12-29,143.789845
2022-12-30,141.865002
2023-01-03,145.198666
2023-01-04,148.622429
2023-01-05,148.483185
2023-01-06,152.160863
2023-01-09,155.412619
2023-01-10,154.593537
2023-01-11,157.427560
2023-01-12,157.173645
2023-01-13,154.503438
2023-01-17,154.093897
2023-01-18,153.717119
2023-01-19,150.899477
2023-01-20,153.070044
2023-01-23,156.567524
2023-01-24,155.011268
2023-01-25,153.831790
2023-01-26,155.740251
2023-01-27,156.084266
2023-01-30,150.776615
2023-01-31,158.787237
2023-02-01,165.544663
2023-02-02,175.693089
2023-02-03,175.832333
2023-02-06,172.490478
2023-02-07,171.933503
2023-02-08,171.581297
2023-02-09,170.876887
2023-02-10,171.491198
2023-02-13,173.366896
2023-02-14,174.194169
2023-02-15,174.497229
2023-02-16,173.375087
2023-02-17,172.252945
2023-02-21,168.444213
2023-02-22,166.134402
2023-02-23,168.059245
2023-02-24,166.502989
2023-02-27,167.141873
2023-02-28,166.453844
2023-03-01,167.363025
2023-03-02,169.492638
2023-03-03,171.253665
2023-03-06,172.113701
2023-03-07,168.992998
2023-03-08,171.630442
2023-03-09,170.229812
2023-03-10,164.791108
2023-03-13,161.678596
2023-03-14,162.088137
2023-03-15,159.966715
2023-03-16,167.133682
2023-03-17,180.451955
2023-03-20,177.118292
2023-03-21,180.058796
2023-03-22,177.789939
2023-03-23,177.675267
2023-03-24,178.232243
2023-03-27,180.050605
2023-03-28,180.558436
2023-03-29,183.187689
2023-03-30,183.802001
2023-03-31,187.152046
2023-04-03,187.438725
2023-04-04,185.513882
2023-04-05,188.331524
2023-04-06,190.108932
2023-04-10,189.699391
2023-04-11,189.642055
2023-04-12,187.954747
2023-04-13,189.265278
2023-04-14,188.954027
2023-04-17,187.823693
2023-04-18,187.741785
2023-04-19,187.971128
2023-04-20,187.881029
2023-04-21,188.749256
2023-04-24,190.158077
2023-04-25,184.678419
2023-04-26,182.466897
2023-04-27,185.063387
2023-04-28,186.570498
2023-05-01,188.863928
2023-05-02,187.078329
2023-05-03,187.176619
2023-05-04,185.415592
2023-05-05,187.815503
2023-05-08,188.986790
2023-05-09,187.266718
2023-05-10,185.382829
2023-05-11,184.162397
2023-05-12,182.597950
2023-05-15,182.180218
2023-05-16,181.238274
2023-05-17,185.022433
2023-05-18,188.741065
2023-05-19,187.635305
2023-05-22,187.307672
2023-05-23,185.636744
2023-05-24,183.105781
2023-05-25,184.358977
2023-05-26,183.597230
2023-05-30,185.227203
2023-05-31,178.543494
2023-06-01,177.978328
2023-06-02,181.623243
2023-06-05,181.082649
2023-06-06,179.788499
2023-06-07,183.965817
2023-06-08,184.301641
2023-06-09,183.277788
2023-06-12,183.924863
2023-06-13,187.463297
2023-06-14,188.118563
2023-06-15,193.663748
2023-06-16,191.222884
2023-06-20,189.740345
2023-06-21,184.981479
2023-06-22,190.788770
2023-06-23,190.305512
2023-06-26,192.426934
2023-06-27,202.116674
2023-06-28,203.492732
2023-06-29,204.754118
2023-06-30,203.050428
2023-07-03,202.763749
2023-07-05,203.394442
2023-07-06,202.862039
2023-07-07,205.794353
2023-07-10,206.154749
2023-07-11,211.650789
2023-07-12,214.280042
2023-07-13,211.699934
2023-07-14,210.872661
2023-07-17,208.644758
2023-07-18,214.574912
2023-07-19,213.174281
2023-07-20,215.860870
2023-07-21,212.691023
2023-07-24,211.953849
2023-07-25,212.682832
2023-07-26,219.620457
2023-07-27,217.359790
2023-07-28,220.210196
2023-07-31,221.111186
2023-08-01,219.645029
2023-08-02,217.425317
2023-08-03,215.844489
2023-08-04,215.418566
2023-08-07,216.532518
2023-08-08,219.726937
2023-08-09,217.449889
2023-08-10,218.309925
2023-08-11,217.687423
2023-08-14,218.645749
2023-08-15,217.507225
2023-08-16,217.114066
2023-08-17,216.983013
2023-08-18,215.131887
2023-08-21,212.912175
2023-08-22,212.125856
2023-08-23,213.329907
2023-08-24,211.962040
2023-08-25,211.921086
2023-08-28,211.609835
2023-08-29,213.436388
2023-08-30,216.147549
2023-08-31,213.796784
2023-09-01,213.755830
2023-09-05,210.192823
2023-09-06,210.889043
2023-09-07,209.816045
2023-09-08,207.481661
2023-09-11,208.620185
2023-09-12,205.974551
2023-09-13,206.539717
2023-09-14,210.528646
2023-09-15,208.112355
2023-09-18,204.197143
2023-09-19,204.762309
2023-09-20,205.196423
2023-09-21,214.476622
2023-09-22,213.854119
2023-09-25,218.228017
2023-09-26,214.099844
2023-09-27,215.181032
2023-09-28,218.236208
2023-09-29,216.991203
2023-10-02,217.146829
2023-10-03,213.116946
2023-10-04,213.002274
2023-10-05,212.273291
2023-10-06,211.241248
2023-10-09,209.455649
2023-10-10,210.332067
2023-10-11,209.242688
2023-10-12,206.441427
2023-10-13,198.905873
2023-10-16,202.771940
2023-10-17,203.156908
2023-10-18,199.536566
2023-10-19,199.274460
2023-10-20,197.087511
2023-10-23,194.916944
2023-10-24,197.955738
2023-10-25,192.656277
2023-10-26,186.693360
2023-10-27,187.438725
2023-10-30,193.974999
2023-10-31,196.661588
2023-11-01,199.225315
2023-11-02,202.518024
2023-11-03,202.427925
2023-11-06,200.945387
2023-11-07,200.019824
2023-11-08,200.978150
2023-11-09,197.554388
2023-11-10,201.518744
2023-11-13,200.994532
2023-11-14,208.194263
2023-11-15,210.848088
2023-11-16,208.816765
2023-11-17,209.644038
2023-11-20,209.308214
2023-11-21,209.570321
2023-11-22,210.061770
2023-11-24,211.003714
2023-11-27,207.719195
2023-11-28,207.563570
2023-11-29,207.989492
2023-11-30,212.002994
2023-12-01,216.581662
2023-12-04,217.548179
2023-12-05,217.941339
2023-12-06,218.866901
2023-12-07,219.210916
2023-12-08,222.962311
2023-12-11,222.282473
2023-12-12,223.617577
2023-12-13,224.289224
2023-12-14,228.900656
2023-12-15,230.399576
2023-12-18,230.915597
2023-12-19,229.342960
2023-12-20,201.698942
2023-12-21,202.608124
2023-12-22,203.156908
2023-12-26,206.400473
2023-12-27,205.540437
2023-12-28,207.702814
2023-12-29,207.203174
2024-01-02,206.605244
2024-01-03,202.837466
2024-01-04,200.912624
2024-01-05,202.157628
2024-01-08,203.615594
2024-01-09,202.518024
2024-01-10,205.433956
2024-01-11,205.466720
2024-01-12,203.599213
2024-01-16,200.707853
2024-01-17,199.274460
2024-01-18,199.913344
2024-01-19,201.928285
2024-01-22,205.335667
2024-01-23,205.466720
2024-01-24,204.549348
2024-01-25,207.334227
2024-01-26,206.040077
2024-01-29,203.156908
2024-01-30,199.667619
2024-01-31,197.636296
2024-02-01,198.176890
2024-02-02,198.512714
2024-02-05,195.195431
2024-02-06,197.660868
2024-02-07,198.324325
2024-02-08,198.013073
2024-02-09,198.725675
2024-02-12,200.216404
2024-02-13,193.622794
2024-02-14,193.983190
2024-02-15,193.729275
2024-02-16,194.605692
2024-02-20,196.202902
2024-02-21,197.734586
2024-02-22,199.987061
2024-02-23,199.413704
2024-02-26,197.497052
2024-02-27,197.726395
2024-02-28,200.159068
2024-02-29,203.926846
2024-03-01,201.985621
2024-03-04,202.124865
2024-03-05,203.722075
2024-03-06,203.459969
2024-03-07,204.967080
2024-03-08,202.870230
2024-03-11,206.982021
2024-03-12,208.227026
2024-03-13,209.046108
2024-03-14,209.300023
2024-03-15,207.465280
2024-03-18,207.375181
2024-03-19,210.192823
2024-03-20,212.953129
2024-03-21,216.933868
2024-03-22,232.881394
2024-03-25,231.448001
2024-03-26,236.706507
2024-03-27,235.797326
2024-03-28,237.320819
2024-04-01,229.449441
2024-04-02,225.485084
2024-04-03,228.106146
2024-04-04,225.665282
2024-04-05,224.035309
2024-04-08,225.714427
2024-04-09,226.369692
2024-04-10,221.397865
2024-04-11,222.937739
2024-04-12,219.350160
2024-04-15,218.481933
2024-04-16,217.007585
2024-04-17,215.475902
2024-04-18,215.721626
2024-04-19,218.686703
2024-04-22,221.275002
2024-04-23,222.585533
2024-04-24,217.933148
2024-04-25,217.482653
2024-04-26,217.744759
2024-04-29,217.761141
2024-04-30,214.419286
2024-05-01,213.559250
2024-05-02,214.624056
2024-05-03,213.493723
2024-05-06,213.198854
2024-05-07,212.527207
2024-05-08,211.331347
2024-05-09,214.648629
2024-05-10,217.654660
2024-05-13,218.604795
2024-05-14,212.175001
2024-05-15,212.404344
2024-05-16,211.962040
2024-05-17,210.708844
2024-05-20,208.628376
2024-05-21,206.678961
2024-05-22,206.466000
2024-05-23,204.188952
2024-05-24,202.796512
2024-05-28,203.165099
2024-05-29,200.765189
2024-05-30,204.426486
2024-05-31,208.014065
2024-06-03,203.640167
2024-06-04,201.453218
2024-06-05,203.173290
2024-06-06,204.991652
2024-06-07,202.911184
2024-06-10,207.817485
2024-06-11,206.760869
2024-06-12,203.623785
2024-06-13,203.623785
2024-06-14,201.846377
2024-06-17,204.819645
2024-06-18,203.206053
2024-06-20,206.834587
2024-06-21,207.768340
2024-06-24,210.102724
2024-06-25,209.996243
2024-06-26,242.603898
2024-06-27,242.014159
2024-06-28,245.593547
2024-07-01,244.643412
2024-07-02,244.266634
2024-07-03,240.572574
2024-07-05,240.810108
2024-07-08,242.063303
2024-07-09,239.769874
2024-07-10,240.212178
2024-07-11,245.347822
2024-07-12,244.921900
2024-07-15,249.836392
2024-07-16,256.798589
2024-07-17,254.267625
2024-07-18,251.146923
2024-07-19,250.893007
2024-07-22,251.810379
2024-07-23,246.379866
2024-07-24,244.315779
2024-07-25,244.569694
2024-07-26,245.839271
2024-07-29,245.093907
2024-07-30,246.445392
2024-07-31,247.567534
2024-08-01,243.947192
2024-08-02,239.417669
2024-08-05,231.873923
2024-08-06,234.036300
2024-08-07,227.811277
2024-08-08,228.212627
2024-08-09,227.221538
2024-08-12,228.646740
2024-08-13,231.882114
2024-08-14,232.070503
2024-08-15,232.766723
2024-08-16,233.766003
2024-08-19,236.239630
2024-08-20,236.256012
2024-08-21,238.778785
2024-08-22,241.039451
2024-08-23,243.414789
2024-08-26,243.463934
2024-08-27,241.547282
2024-08-28,242.554753
2024-08-29,242.653042
2024-08-30,244.717129
2024-09-03,240.384185
2024-09-04,239.859973
2024-09-05,233.692285
2024-09-06,231.832969
2024-09-09,232.045931
2024-09-10,232.496426
2024-09-11,233.323699
2024-09-12,234.257452
2024-09-13,234.568703
2024-09-16,239.687966
2024-09-17,243.545842
2024-09-18,244.225680
2024-09-19,246.044042
2024-09-20,208.571040
2024-09-23,211.970231
2024-09-24,218.801375
2024-09-25,216.049259
2024-09-26,218.146109
2024-09-27,219.145389
2024-09-30,224.166362
2024-10-01,220.791744
2024-10-02,218.637558
2024-10-03,214.665011
2024-10-04,213.649349
2024-10-07,213.370861
2024-10-08,214.108035
2024-10-09,216.761860
2024-10-10,216.458800
2024-10-11,216.532518
2024-10-14,219.063481
2024-10-15,217.810285
2024-10-16,222.626488
2024-10-17,224.641429
2024-10-18,224.756101
2024-10-21,220.177432
2024-10-22,220.980133
2024-10-23,219.554930
2024-10-24,223.502905
2024-10-25,222.888594
2024-10-28,225.616137
2024-10-29,225.280313
2024-10-30,224.493995
2024-10-31,224.305606
2024-11-01,224.715147
2024-11-04,222.118657
2024-11-05,225.591564
2024-11-06,229.392105
2024-11-07,231.972213
2024-11-08,234.486795
2024-11-11,237.361773
2024-11-12,235.297686
2024-11-13,239.081845
2024-11-14,239.409478
2024-11-15,241.186886
2024-11-18,241.801197
2024-11-19,240.040171
2024-11-20,235.920188
2024-11-21,241.760243
2024-11-22,245.700028
2024-11-25,249.942872
2024-11-26,248.165464
2024-11-27,248.501288
2024-11-29,247.911549
2024-12-02,243.013439
2024-12-03,231.677344
2024-12-04,232.152411
2024-12-05,228.867892
2024-12-06,229.899936
2024-12-09,228.957991
2024-12-10,228.785984
2024-12-11,230.293095
2024-12-12,232.365373
2024-12-13,232.144220
2024-12-16,232.160602
2024-12-17,227.237919
2024-12-18,223.740439
2024-12-19,225.968342
2024-12-20,225.845480
2024-12-23,220.341249
2024-12-24,222.659251
2024-12-26,228.245390
2024-12-27,229.637830
2024-12-30,229.793455
2024-12-31,230.432339
2025-01-02,224.657811
2025-01-03,224.764292
2025-01-06,224.403896
2025-01-07,225.247550
2025-01-08,225.165642
2025-01-10,221.750070
2025-01-13,224.911726
2025-01-14,227.393545
2025-01-15,226.549890
2025-01-16,227.188774
2025-01-17,225.329458
2025-01-21,225.714427
2025-01-22,221.504345
2025-01-23,221.176712
2025-01-24,223.846920
2025-01-27,230.596155
2025-01-28,228.237199
2025-01-29,225.296695
2025-01-30,220.529638
2025-01-31,216.950249
2025-02-03,202.591742
2025-02-04,205.548628
2025-02-05,206.744488
2025-02-06,211.953849
2025-02-07,209.750519
2025-02-10,211.511545
2025-02-11,213.993363
2025-02-12,215.131887
2025-02-13,215.516856
2025-02-14,219.325587
2025-02-18,219.063481
2025-02-19,218.588413
2025-02-20,219.890754
2025-02-21,208.202454
2025-02-24,207.670050
2025-02-25,210.078151
2025-02-26,209.783282
2025-02-27,211.765460
2025-02-28,215.336658
2025-03-03,211.953849
2025-03-04,202.919375
2025-03-05,205.106324
2025-03-06,204.598493
2025-03-07,207.981301
2025-03-10,201.911904
2025-03-11,199.004163
2025-03-12,199.454658
2025-03-13,197.382380
2025-03-14,198.381660
2025-03-17,200.920815
2025-03-18,201.330356
2025-03-19,202.411544
2025-03-20,201.666179
2025-03-21,188.659157
2025-03-24,198.479950
2025-03-25,197.456098
2025-03-26,199.585711
2025-03-27,199.790481
2025-03-28,197.980310
2025-03-31,199.675810
2025-04-01,198.201462
2025-04-02,200.814334
2025-04-03,176.807041
2025-04-04,172.105510
2025-04-07,168.100199
2025-04-08,162.235572
2025-04-09,178.510731
2025-04-10,169.058525
2025-04-11,170.180667
2025-04-14,172.375807
2025-04-15,169.836653
2025-04-16,166.732332
2025-04-17,170.000469
2025-04-21,168.010100
2025-04-22,169.197769
2025-04-23,172.859065
2025-04-24,176.667797
2025-04-25,173.284988
2025-04-28,173.235843
2025-04-29,171.884358
2025-04-30,172.277517
2025-05-01,172.056365
2025-05-02,179.968697
2025-05-05,177.732603
2025-05-06,174.800290
2025-05-07,176.561316
2025-05-08,179.550965
2025-05-09,178.420632
2025-05-12,190.805152
2025-05-13,189.330804
2025-05-14,189.863208
2025-05-15,189.298041
2025-05-16,187.987510
2025-05-19,185.210822
2025-05-20,181.131793
2025-05-21,177.585168
2025-05-22,179.223332
2025-05-23,177.421352
2025-05-27,180.001460
2025-05-28,177.863656
2025-05-29,180.411001
2025-05-30,178.641784
2025-06-02,178.469777
2025-06-03,180.017842
2025-06-04,179.288859
2025-06-05,177.519642
2025-06-06,179.878598
2025-06-09,181.983639
2025-06-10,186.717933
2025-06-11,183.474368
2025-06-12,184.293450
2025-06-13,183.785619
2025-06-16,185.743225
2025-06-17,182.270317
2025-06-18,182.901011
2025-06-20,185.145295
2025-06-23,187.758167
2025-06-24,187.987510
2025-06-25,181.836204
2025-06-26,181.074458
2025-06-27,187.496061
2025-06-30,186.185529
2025-07-01,191.935485
2025-07-02,195.875269
2025-07-03,197.587151
2025-07-07,192.557987
2025-07-08,195.523064
2025-07-09,193.721084
2025-07-10,195.539446
2025-07-11,193.352497
2025-07-14,191.648806
2025-07-15,188.929454
2025-07-16,187.365007
2025-07-17,187.053756
2025-07-18,185.620363
2025-07-21,184.891380
2025-07-22,189.781299
2025-07-23,194.859608
2025-07-24,193.721084
2025-07-25,199.200742
2025-07-28,198.553668
2025-07-29,192.107492
2025-07-30,183.359697
2025-07-31,183.056636
2025-08-01,177.822702
2025-08-04,178.142144
2025-08-05,182.172028
2025-08-06,185.481119
2025-08-07,184.014962
2025-08-08,186.791650
2025-08-11,183.974008
2025-08-12,188.732874
2025-08-13,188.798401
2025-08-14,189.265278
2025-08-15,186.144575
2025-08-18,186.521353
2025-08-19,190.952587
2025-08-20,186.103621
2025-08-21,184.522793
2025-08-22,193.958618
2025-08-25,190.846106
2025-08-26,189.289850
2025-08-27,190.199031
2025-08-28,189.429094
2025-08-29,189.265278
2025-09-02,183.621803
2025-09-03,184.571938
2025-09-04,184.522793
2025-09-05,186.521353
2025-09-08,184.293450
2025-09-09,184.907761
2025-09-10,184.858617
2025-09-11,187.414152
2025-09-12,188.020273
2025-09-15,184.858617
2025-09-16,186.504971
2025-09-17,184.932334
2025-09-18,185.522073
2025-09-19,189.822253
2025-09-22,188.487150
2025-09-23,191.419463
2025-09-24,191.460418
2025-09-25,193.647366
2025-09-26,194.794081
2025-09-29,193.778420
2025-09-30,193.147726
2025-10-01,196.211093
2025-10-02,198.479950
2025-10-03,200.355648
2025-10-06,202.337826
2025-10-07,198.488141
2025-10-08,196.522344
2025-10-09,194.122434
2025-10-10,183.990390
2025-10-13,188.102181
2025-10-14,192.213973
2025-10-15,193.139536
2025-10-16,194.048717
2025-10-17,194.777700
2025-10-20,196.424054
2025-10-21,198.905873
2025-10-22,196.096422
2025-10-23,195.080760
2025-10-24,197.521624
2025-10-27,202.591742
2025-10-28,204.401913
2025-10-29,204.475630
2025-10-30,203.894082
2025-10-31,207.899393
2025-11-03,207.219555
2025-11-04,206.310374
2025-11-05,209.766900
2025-11-06,212.027567
2025-11-07,214.673201
2025-11-10,207.956729
2025-11-11,219.284633
2025-11-12,220.062761
2025-11-13,218.973382
2025-11-14,219.153580
2025-11-17,216.835578
2025-11-18,215.484093
2025-11-19,215.066361
2025-11-20,215.500474
2025-11-21,220.685263
2025-11-24,218.678512
2025-11-25,224.321987
2025-11-26,225.927388
2025-11-28,225.804526
2025-12-01,223.887874
2025-12-02,221.455200
2025-12-03,221.520727
2025-12-04,224.469422
2025-12-05,224.666002
2025-12-08,226.590844
2025-12-09,225.354031
2025-12-10,232.873203
2025-12-11,233.258172
2025-12-12,232.897776
2025-12-15,230.350431
2025-12-16,231.357902
2025-12-17,231.153131
2025-12-18,235.174824
2025-12-19,236.534500
2025-12-22,239.810828
2025-12-23,241.801197
2025-12-24,242.366364
2025-12-26,242.718569
2025-12-29,239.900927
2025-12-30,238.402007
2025-12-31,236.600027
2026-01-02,240.097507
2026-01-05,243.644132
2026-01-06,252.219920
2026-01-07,251.728471
2026-01-08,253.104529
2026-01-09,255.848454
2026-01-12,255.488057
2026-01-13,253.636932
2026-01-14,256.823161
2026-01-15,256.503719
2026-01-16,252.424691
2026-01-20,246.568254
2026-01-21,251.417220
2026-01-22,253.759794
2026-01-23,249.172935
2026-01-26,249.385897
2026-01-27,255.897598
2026-01-28,257.724151
2026-01-29,262.048904
2026-01-30,263.949174
2026-02-02,274.638195
2026-02-03,289.488151
2026-02-04,296.949988
2026-02-05,298.113085
2026-02-06,302.429647
2026-02-09,298.637297
2026-02-10,301.381222
2026-02-11,300.734147
2026-02-12,302.618036
2026-02-13,306.926407
2026-02-17,307.401475
2026-02-18,313.773933
2026-02-19,313.823077
2026-02-20,318.196975
2026-02-23,314.289954
2026-02-24,316.624338
2026-02-25,313.372582
2026-02-26,317.541710
2026-02-27,316.984734
2026-03-02,317.189504
2026-03-03,313.323437
2026-03-04,314.601205
2026-03-05,305.804265
2026-03-06,294.132346
2026-03-09,295.770510
2026-03-10,294.435407
2026-03-11,296.008044
2026-03-12,289.242427
2026-03-13,288.054758
2026-03-16,288.603543
2026-03-17,290.495622
2026-03-18,286.465739
2026-03-19,291.683291
2026-03-20,293.927576
2026-03-23,291.412994
2026-03-24,294.836757
2026-03-25,292.838197
2026-03-26,286.310113
2026-03-27,281.739636
2026-03-30,279.929464
2026-03-31,291.740627
2026-04-01,294.304353
2026-04-02,296.204624
2026-04-06,293.919385
2026-04-07,292.412274
2026-04-08,305.869791
2026-04-09,308.793914
2026-04-10,306.402195
2026-04-13,304.608405
2026-04-14,303.175011
2026-04-15,298.899403
2026-04-16,311.971952
2026-04-17,321.391395
2026-04-20,322.521728
2026-04-21,323.201566
2026-04-22,316.124698
2026-04-23,321.645311
2026-04-24,317.787434
2026-04-27,317.713717
2026-04-28,319.613987
2026-04-29,318.287074
2026-04-30,330.343961
2026-05-01,322.448011
2026-05-04,293.067540
2026-05-05,297.121995
2026-05-06,308.949540
2026-05-07,307.917496
2026-05-08,310.088064
2026-05-11,310.350170
2026-05-12,308.318846
2026-05-13,302.814615
2026-05-14,311.234778
2026-05-15,307.794634
2026-05-18,302.830997
2026-05-19,307.131178
2026-05-20,316.853681
2026-05-21,318.549181
2026-05-22,322.882124
2026-05-26,327.632800
2026-05-27,337.281586
2026-05-28,336.970335
2026-05-29,337.257013
2026-06-01,338.490000
2026-06-02,329.000000
2026-06-03,324.460000
2026-06-04,328.000000
2026-06-05,331.000000
2026-06-08,330.220000
2026-06-09,331.760000
2026-06-10,319.250000
2026-06-11,338.000000
2026-06-12,338.310000
2026-06-15,338.750000
2026-06-16,335.740000
2026-06-17,325.930000
2026-06-18,326.200000
2026-06-22,328.780000
2026-06-23,317.240000
2026-06-24,316.830000
2026-06-25,329.440000
2026-06-26,318.530000
2026-06-29,325.400000
2026-06-30,313.130000
2026-07-01,313.890000
2026-07-02,313.000000
2026-07-06,309.930000
2026-07-07,312.880000
2026-07-08,309.760000
2026-07-09,310.840000
2026-07-10,314.690000
2026-07-13,313.740000
2026-07-14,313.660000
2026-07-15,313.420000
2026-07-16,318.200000
2026-07-17,312.980000
2026-07-20,306.220000
2026-07-21,315.190000
2026-07-22,321.020000
2026-07-23,315.620000
2026-07-24,314.960000
2026-07-27,310.790000
2026-07-28,312.640000
2026-07-29,308.610000
2026-07-30,308.550000
2026-07-31,307.400000
2026-08-03,309.240000
2026-08-04,313.340000
2026-08-05,310.720000
2026-08-06,315.870000
2026-08-07,318.570000
2026-08-10,325.080000
2026-08-11,322.430000
2026-08-12,326.770000
2026-08-13,339.350000
2026-08-14,334.640000
2026-08-17,331.490000
2026-08-18,328.380000
2026-08-19,328.380000
2026-08-20,326.040000
2026-08-21,325.080000
2026-08-24,334.050000
2026-08-25,333.710000
2026-08-26,335.990000
2026-08-27,331.410000
