d,c
2009-01-02,17.250000
2009-01-05,16.720000
2009-01-06,16.920000
2009-01-07,16.540000
2009-01-08,16.030000
2009-01-09,15.490000
2009-01-12,15.560000
2009-01-13,15.860000
2009-01-14,15.410000
2009-01-15,15.700000
2009-01-16,15.790000
2009-01-20,14.890000
2009-01-21,15.680000
2009-01-22,14.870000
2009-01-23,14.760000
2009-01-26,14.820000
2009-01-27,15.250000
2009-01-28,16.030000
2009-01-29,13.110000
2009-01-30,12.700000
2009-02-02,13.220000
2009-02-03,13.260000
2009-02-04,13.140000
2009-02-05,12.990000
2009-02-06,13.540000
2009-02-09,13.160000
2009-02-10,12.590000
2009-02-11,12.510000
2009-02-12,12.380000
2009-02-13,12.250000
2009-02-17,11.750000
2009-02-18,11.960000
2009-02-19,11.600000
2009-02-20,11.240000
2009-02-23,10.790000
2009-02-24,11.360000
2009-02-25,10.900000
2009-02-26,10.740000
2009-02-27,10.950000
2009-03-02,10.480000
2009-03-03,10.240000
2009-03-04,10.660000
2009-03-05,9.900000
2009-03-06,10.090000
2009-03-09,11.140000
2009-03-10,12.770000
2009-03-11,12.690000
2009-03-12,13.280000
2009-03-13,13.120000
2009-03-16,12.860000
2009-03-17,13.240000
2009-03-18,13.440000
2009-03-19,13.340000
2009-03-20,12.720000
2009-03-23,13.600000
2009-03-24,13.350000
2009-03-25,14.180000
2009-03-26,14.970000
2009-03-27,14.190000
2009-03-30,13.440000
2009-03-31,14.070000
2009-04-01,14.150000
2009-04-02,15.210000
2009-04-03,15.350000
2009-04-06,15.510000
2009-04-07,15.090000
2009-04-08,15.330000
2009-04-09,16.650000
2009-04-13,16.640000
2009-04-14,16.070000
2009-04-15,16.140000
2009-04-16,17.360000
2009-04-17,18.240000
2009-04-20,14.500000
2009-04-21,15.130000
2009-04-22,15.190000
2009-04-23,15.270000
2009-04-24,16.010000
2009-04-27,16.950000
2009-04-28,15.880000
2009-04-29,16.810000
2009-04-30,16.820000
2009-05-01,16.540000
2009-05-04,17.270000
2009-05-05,17.340000
2009-05-06,17.530000
2009-05-07,16.660000
2009-05-08,17.550000
2009-05-11,17.230000
2009-05-12,16.930000
2009-05-13,15.860000
2009-05-14,16.470000
2009-05-15,16.590000
2009-05-18,17.190000
2009-05-19,17.250000
2009-05-20,17.050000
2009-05-21,16.910000
2009-05-22,16.880000
2009-05-26,17.730000
2009-05-27,17.340000
2009-05-28,17.320000
2009-05-29,17.580000
2009-06-01,18.350000
2009-06-02,18.360000
2009-06-03,18.110000
2009-06-04,18.260000
2009-06-05,18.370000
2009-06-08,18.070000
2009-06-09,17.720000
2009-06-10,17.000000
2009-06-11,17.060000
2009-06-12,17.000000
2009-06-15,16.230000
2009-06-16,15.760000
2009-06-17,15.870000
2009-06-18,15.830000
2009-06-19,15.620000
2009-06-22,15.130000
2009-06-23,15.160000
2009-06-24,15.310000
2009-06-25,15.400000
2009-06-26,15.700000
2009-06-29,15.410000
2009-06-30,15.460000
2009-07-01,15.830000
2009-07-02,14.980000
2009-07-06,14.690000
2009-07-07,14.320000
2009-07-08,14.000000
2009-07-09,13.880000
2009-07-10,14.040000
2009-07-13,14.190000
2009-07-14,14.100000
2009-07-15,14.190000
2009-07-16,14.740000
2009-07-17,14.980000
2009-07-20,15.130000
2009-07-21,15.430000
2009-07-22,15.810000
2009-07-23,18.080000
2009-07-24,17.800000
2009-07-27,17.920000
2009-07-28,18.480000
2009-07-29,18.450000
2009-07-30,18.920000
2009-07-31,19.190000
2009-08-03,19.720000
2009-08-04,20.600000
2009-08-05,20.280000
2009-08-06,20.700000
2009-08-07,21.550000
2009-08-10,21.600000
2009-08-11,21.300000
2009-08-12,21.820000
2009-08-13,22.390000
2009-08-14,22.280000
2009-08-17,21.320000
2009-08-18,22.160000
2009-08-19,22.510000
2009-08-20,23.360000
2009-08-21,24.130000
2009-08-24,23.960000
2009-08-25,24.120000
2009-08-26,24.220000
2009-08-27,23.750000
2009-08-28,23.320000
2009-08-31,22.300000
2009-09-01,21.750000
2009-09-02,21.230000
2009-09-03,21.430000
2009-09-04,21.560000
2009-09-08,21.740000
2009-09-09,22.360000
2009-09-10,22.570000
2009-09-11,22.280000
2009-09-14,22.080000
2009-09-15,21.990000
2009-09-16,22.130000
2009-09-17,22.200000
2009-09-18,22.200000
2009-09-21,22.070000
2009-09-22,22.230000
2009-09-23,21.970000
2009-09-24,21.650000
2009-09-25,21.190000
2009-09-28,21.730000
2009-09-29,21.550000
2009-09-30,21.490000
2009-10-01,21.190000
2009-10-02,21.370000
2009-10-05,21.540000
2009-10-06,21.580000
2009-10-07,21.630000
2009-10-08,22.250000
2009-10-09,22.750000
2009-10-12,22.680000
2009-10-13,22.230000
2009-10-14,22.530000
2009-10-15,22.550000
2009-10-16,22.210000
2009-10-19,22.640000
2009-10-20,22.090000
2009-10-21,22.220000
2009-10-22,22.620000
2009-10-23,22.310000
2009-10-26,22.180000
2009-10-27,21.970000
2009-10-28,21.370000
2009-10-29,21.440000
2009-10-30,20.330000
2009-11-02,20.020000
2009-11-03,20.310000
2009-11-04,19.510000
2009-11-05,18.560000
2009-11-06,18.650000
2009-11-09,19.000000
2009-11-10,18.070000
2009-11-11,18.370000
2009-11-12,18.280000
2009-11-13,18.630000
2009-11-16,19.460000
2009-11-17,18.940000
2009-11-18,18.800000
2009-11-19,18.770000
2009-11-20,18.710000
2009-11-23,19.360000
2009-11-24,19.420000
2009-11-25,19.270000
2009-11-27,18.670000
2009-11-30,18.250000
2009-12-01,18.170000
2009-12-02,18.600000
2009-12-03,18.250000
2009-12-04,19.060000
2009-12-07,19.110000
2009-12-08,19.140000
2009-12-09,18.940000
2009-12-10,18.540000
2009-12-11,19.320000
2009-12-14,20.060000
2009-12-15,19.750000
2009-12-16,20.190000
2009-12-17,20.020000
2009-12-18,20.310000
2009-12-21,21.010000
2009-12-22,20.980000
2009-12-23,21.120000
2009-12-24,21.510000
2009-12-28,21.370000
2009-12-29,21.490000
2009-12-30,21.510000
2009-12-31,21.310000
2010-01-04,21.650000
2010-01-05,21.460000
2010-01-06,21.530000
2010-01-07,21.550000
2010-01-08,21.510000
2010-01-11,21.520000
2010-01-12,21.540000
2010-01-13,21.910000
2010-01-14,22.000000
2010-01-15,22.060000
2010-01-19,22.760000
2010-01-20,22.610000
2010-01-21,22.040000
2010-01-22,21.890000
2010-01-25,22.350000
2010-01-26,22.920000
2010-01-27,22.690000
2010-01-28,22.210000
2010-01-29,21.930000
2010-02-01,22.010000
2010-02-02,21.770000
2010-02-03,21.530000
2010-02-04,20.620000
2010-02-05,20.470000
2010-02-08,19.950000
2010-02-09,20.860000
2010-02-10,20.740000
2010-02-11,21.010000
2010-02-12,21.060000
2010-02-16,21.460000
2010-02-17,21.800000
2010-02-18,22.410000
2010-02-19,22.730000
2010-02-22,22.880000
2010-02-23,22.600000
2010-02-24,23.020000
2010-02-25,22.960000
2010-02-26,22.960000
2010-03-01,23.830000
2010-03-02,23.800000
2010-03-03,23.670000
2010-03-04,23.650000
2010-03-05,24.450000
2010-03-08,24.100000
2010-03-09,24.570000
2010-03-10,24.710000
2010-03-11,25.250000
2010-03-12,25.470000
2010-03-15,25.250000
2010-03-16,25.610000
2010-03-17,26.040000
2010-03-18,25.660000
2010-03-19,25.460000
2010-03-22,26.460000
2010-03-23,26.480000
2010-03-24,26.570000
2010-03-25,26.350000
2010-03-26,25.770000
2010-03-29,25.500000
2010-03-30,25.680000
2010-03-31,25.340000
2010-04-01,25.480000
2010-04-05,26.020000
2010-04-06,25.930000
2010-04-07,25.310000
2010-04-08,25.310000
2010-04-09,25.240000
2010-04-12,25.170000
2010-04-13,25.380000
2010-04-14,25.530000
2010-04-15,25.360000
2010-04-16,25.000000
2010-04-19,24.980000
2010-04-20,24.990000
2010-04-21,25.170000
2010-04-22,24.990000
2010-04-23,25.850000
2010-04-26,25.610000
2010-04-27,24.960000
2010-04-28,24.220000
2010-04-29,22.070000
2010-04-30,21.060000
2010-05-03,21.480000
2010-05-04,21.950000
2010-05-05,22.020000
2010-05-06,22.000000
2010-05-07,21.870000
2010-05-10,22.190000
2010-05-11,22.180000
2010-05-12,22.580000
2010-05-13,23.460000
2010-05-14,22.980000
2010-05-17,22.730000
2010-05-18,22.770000
2010-05-19,22.590000
2010-05-20,21.790000
2010-05-21,22.040000
2010-05-24,22.000000
2010-05-25,22.640000
2010-05-26,22.830000
2010-05-27,23.060000
2010-05-28,23.200000
2010-06-01,21.800000
2010-06-02,22.550000
2010-06-03,22.650000
2010-06-04,21.520000
2010-06-07,20.970000
2010-06-08,21.150000
2010-06-09,21.450000
2010-06-10,22.090000
2010-06-11,22.110000
2010-06-14,22.990000
2010-06-15,24.050000
2010-06-16,24.050000
2010-06-17,24.610000
2010-06-18,24.320000
2010-06-21,24.150000
2010-06-22,23.440000
2010-06-23,22.950000
2010-06-24,22.640000
2010-06-25,22.910000
2010-06-28,22.910000
2010-06-29,21.990000
2010-06-30,21.790000
2010-07-01,22.060000
2010-07-02,22.230000
2010-07-06,21.970000
2010-07-07,22.950000
2010-07-08,23.160000
2010-07-09,23.910000
2010-07-12,23.780000
2010-07-13,24.150000
2010-07-14,24.190000
2010-07-15,23.760000
2010-07-16,22.880000
2010-07-19,22.330000
2010-07-20,22.760000
2010-07-21,22.540000
2010-07-22,23.410000
2010-07-23,24.450000
2010-07-26,24.910000
2010-07-27,24.490000
2010-07-28,23.560000
2010-07-29,24.390000
2010-07-30,23.850000
2010-08-02,23.860000
2010-08-03,23.600000
2010-08-04,24.320000
2010-08-05,24.290000
2010-08-06,24.270000
2010-08-09,24.830000
2010-08-10,24.530000
2010-08-11,23.600000
2010-08-12,23.140000
2010-08-13,22.940000
2010-08-16,23.240000
2010-08-17,23.490000
2010-08-18,23.430000
2010-08-19,22.640000
2010-08-20,22.550000
2010-08-23,22.670000
2010-08-24,22.170000
2010-08-25,22.940000
2010-08-26,22.500000
2010-08-27,23.020000
2010-08-30,22.290000
2010-08-31,22.390000
2010-09-01,23.410000
2010-09-02,23.600000
2010-09-03,24.280000
2010-09-07,23.470000
2010-09-08,23.550000
2010-09-09,23.690000
2010-09-10,23.880000
2010-09-13,24.680000
2010-09-14,24.840000
2010-09-15,24.810000
2010-09-16,24.450000
2010-09-17,24.360000
2010-09-20,24.950000
2010-09-21,24.740000
2010-09-22,24.280000
2010-09-23,24.270000
2010-09-24,25.270000
2010-09-27,24.490000
2010-09-28,24.910000
2010-09-29,24.720000
2010-09-30,24.660000
2010-10-01,24.780000
2010-10-04,24.100000
2010-10-05,24.950000
2010-10-06,24.480000
2010-10-07,24.450000
2010-10-08,24.670000
2010-10-11,24.180000
2010-10-12,24.560000
2010-10-13,24.840000
2010-10-14,24.910000
2010-10-15,24.820000
2010-10-18,24.380000
2010-10-19,23.670000
2010-10-20,24.130000
2010-10-21,24.250000
2010-10-22,24.760000
2010-10-25,24.530000
2010-10-26,24.450000
2010-10-27,23.890000
2010-10-28,23.940000
2010-10-29,24.040000
2010-11-01,23.760000
2010-11-02,24.440000
2010-11-03,24.630000
2010-11-04,25.440000
2010-11-05,25.480000
2010-11-08,25.180000
2010-11-09,24.860000
2010-11-10,24.470000
2010-11-11,24.240000
2010-11-12,23.920000
2010-11-15,23.950000
2010-11-16,23.300000
2010-11-17,23.520000
2010-11-18,23.840000
2010-11-19,23.770000
2010-11-22,23.730000
2010-11-23,23.520000
2010-11-24,23.950000
2010-11-26,23.720000
2010-11-29,23.600000
2010-11-30,23.350000
2010-12-01,24.090000
2010-12-02,24.430000
2010-12-03,24.480000
2010-12-06,24.480000
2010-12-07,24.150000
2010-12-08,24.120000
2010-12-09,24.310000
2010-12-10,24.610000
2010-12-13,24.030000
2010-12-14,24.030000
2010-12-15,23.990000
2010-12-16,24.000000
2010-12-17,24.000000
2010-12-20,23.640000
2010-12-21,23.560000
2010-12-22,23.650000
2010-12-23,23.420000
2010-12-27,23.850000
2010-12-28,23.510000
2010-12-29,23.960000
2010-12-30,23.800000
2010-12-31,23.370000
2011-01-04,23.030000
2011-01-05,23.040000
2011-01-06,23.120000
2011-01-07,22.520000
2011-01-10,22.710000
2011-01-11,22.720000
2011-01-12,23.080000
2011-01-13,23.160000
2011-01-14,23.540000
2011-01-18,24.080000
2011-01-19,23.530000
2011-01-20,23.550000
2011-01-21,23.310000
2011-01-24,23.650000
2011-01-25,24.020000
2011-01-26,24.770000
2011-01-27,25.990000
2011-01-28,25.650000
2011-01-31,25.380000
2011-02-01,25.870000
2011-02-02,25.780000
2011-02-03,25.160000
2011-02-04,25.210000
2011-02-07,25.610000
2011-02-08,25.810000
2011-02-09,25.590000
2011-02-10,25.170000
2011-02-11,25.640000
2011-02-14,25.530000
2011-02-15,25.440000
2011-02-16,25.350000
2011-02-17,28.120000
2011-02-18,28.350000
2011-02-22,27.750000
2011-02-23,26.970000
2011-02-24,27.410000
2011-02-25,28.400000
2011-02-28,27.950000
2011-03-01,27.300000
2011-03-02,27.920000
2011-03-03,28.380000
2011-03-04,27.870000
2011-03-07,27.640000
2011-03-08,28.130000
2011-03-09,27.960000
2011-03-10,27.400000
2011-03-11,27.730000
2011-03-14,27.970000
2011-03-15,28.180000
2011-03-16,27.900000
2011-03-17,27.860000
2011-03-18,28.970000
2011-03-21,30.460000
2011-03-22,30.060000
2011-03-23,30.250000
2011-03-24,30.490000
2011-03-25,30.620000
2011-03-28,31.000000
2011-03-29,30.990000
2011-03-30,31.290000
2011-03-31,31.610000
2011-04-01,31.300000
2011-04-04,31.410000
2011-04-05,31.210000
2011-04-06,31.000000
2011-04-07,30.740000
2011-04-08,30.340000
2011-04-11,29.940000
2011-04-12,29.690000
2011-04-13,30.000000
2011-04-14,29.820000
2011-04-15,30.010000
2011-04-18,29.160000
2011-04-19,28.900000
2011-04-20,29.680000
2011-04-21,29.690000
2011-04-25,29.340000
2011-04-26,29.450000
2011-04-27,29.730000
2011-04-28,29.740000
2011-04-29,29.880000
2011-05-02,29.220000
2011-05-03,29.150000
2011-05-04,29.100000
2011-05-05,28.600000
2011-05-06,28.500000
2011-05-09,29.160000
2011-05-10,29.810000
2011-05-11,29.210000
2011-05-12,29.280000
2011-05-13,28.960000
2011-05-16,28.640000
2011-05-17,28.610000
2011-05-18,28.900000
2011-05-19,28.890000
2011-05-20,28.730000
2011-05-23,28.740000
2011-05-24,28.390000
2011-05-25,28.800000
2011-05-26,28.980000
2011-05-27,28.990000
2011-05-31,29.250000
2011-06-01,28.370000
2011-06-02,28.730000
2011-06-03,28.170000
2011-06-06,28.270000
2011-06-07,28.600000
2011-06-08,28.260000
2011-06-09,28.600000
2011-06-10,28.270000
2011-06-13,28.360000
2011-06-14,28.810000
2011-06-15,28.260000
2011-06-16,28.350000
2011-06-17,28.650000
2011-06-20,28.960000
2011-06-21,29.700000
2011-06-22,29.530000
2011-06-23,29.250000
2011-06-24,28.980000
2011-06-27,29.290000
2011-06-28,29.980000
2011-06-29,29.990000
2011-06-30,30.200000
2011-07-01,30.490000
2011-07-05,30.180000
2011-07-06,30.490000
2011-07-07,30.890000
2011-07-08,30.530000
2011-07-11,29.990000
2011-07-12,30.000000
2011-07-13,30.320000
2011-07-14,30.060000
2011-07-15,30.050000
2011-07-18,29.720000
2011-07-19,30.150000
2011-07-20,30.260000
2011-07-21,30.330000
2011-07-22,30.160000
2011-07-25,29.910000
2011-07-26,29.540000
2011-07-27,28.960000
2011-07-28,29.360000
2011-07-29,29.750000
2011-08-01,29.870000
2011-08-02,29.030000
2011-08-03,29.380000
2011-08-04,28.000000
2011-08-05,26.580000
2011-08-08,24.400000
2011-08-09,26.050000
2011-08-10,24.810000
2011-08-11,25.460000
2011-08-12,25.700000
2011-08-15,26.340000
2011-08-16,26.310000
2011-08-17,26.740000
2011-08-18,25.230000
2011-08-19,24.490000
2011-08-22,24.570000
2011-08-23,25.650000
2011-08-24,26.080000
2011-08-25,25.400000
2011-08-26,25.640000
2011-08-29,26.270000
2011-08-30,25.800000
2011-08-31,25.550000
2011-09-01,24.960000
2011-09-02,23.850000
2011-09-06,23.820000
2011-09-07,25.050000
2011-09-08,23.960000
2011-09-09,22.910000
2011-09-12,23.550000
2011-09-13,24.430000
2011-09-14,24.820000
2011-09-15,24.900000
2011-09-16,24.500000
2011-09-19,23.590000
2011-09-20,23.300000
2011-09-21,22.300000
2011-09-22,21.190000
2011-09-23,21.670000
2011-09-26,22.300000
2011-09-27,23.030000
2011-09-28,22.140000
2011-09-29,22.700000
2011-09-30,21.830000
2011-10-03,20.260000
2011-10-04,21.590000
2011-10-05,22.880000
2011-10-06,23.590000
2011-10-07,23.100000
2011-10-10,24.220000
2011-10-11,24.610000
2011-10-12,25.320000
2011-10-13,25.020000
2011-10-14,25.870000
2011-10-17,25.050000
2011-10-18,25.990000
2011-10-19,25.420000
2011-10-20,25.960000
2011-10-21,26.190000
2011-10-24,27.100000
2011-10-25,26.600000
2011-10-26,27.210000
2011-10-27,29.180000
2011-10-28,28.380000
2011-10-31,27.350000
2011-11-01,25.920000
2011-11-02,27.180000
2011-11-03,33.990000
2011-11-04,33.980000
2011-11-07,33.730000
2011-11-08,35.030000
2011-11-09,33.520000
2011-11-10,34.670000
2011-11-11,35.030000
2011-11-14,34.080000
2011-11-15,35.140000
2011-11-16,33.980000
2011-11-17,33.560000
2011-11-18,34.360000
2011-11-21,33.670000
2011-11-22,33.840000
2011-11-23,33.160000
2011-11-25,32.800000
2011-11-28,34.280000
2011-11-29,34.120000
2011-11-30,36.370000
2011-12-01,35.930000
2011-12-02,36.620000
2011-12-05,37.310000
2011-12-06,36.500000
2011-12-07,37.260000
2011-12-08,36.380000
2011-12-09,37.900000
2011-12-12,36.960000
2011-12-13,35.990000
2011-12-14,35.760000
2011-12-15,36.120000
2011-12-16,36.380000
2011-12-19,35.230000
2011-12-20,37.160000
2011-12-21,36.400000
2011-12-22,36.350000
2011-12-23,36.470000
2011-12-27,36.800000
2011-12-28,35.980000
2011-12-29,36.660000
2011-12-30,35.840000
2012-01-03,36.610000
2012-01-04,35.490000
2012-01-05,36.280000
2012-01-06,35.970000
2012-01-09,35.890000
2012-01-10,36.730000
2012-01-11,37.060000
2012-01-12,37.030000
2012-01-13,37.250000
2012-01-17,35.900000
2012-01-18,36.910000
2012-01-19,37.770000
2012-01-20,38.110000
2012-01-23,37.800000
2012-01-24,38.640000
2012-01-25,39.210000
2012-01-26,39.230000
2012-01-27,36.010000
2012-01-30,36.500000
2012-01-31,36.240000
2012-02-01,38.080000
2012-02-02,37.740000
2012-02-03,39.000000
2012-02-06,38.530000
2012-02-07,39.110000
2012-02-08,38.480000
2012-02-09,38.980000
2012-02-10,38.560000
2012-02-13,39.240000
2012-02-14,39.220000
2012-02-15,38.980000
2012-02-16,40.120000
2012-02-17,40.170000
2012-02-21,40.030000
2012-02-22,40.320000
2012-02-23,40.730000
2012-02-24,40.530000
2012-02-27,40.200000
2012-02-28,40.530000
2012-02-29,40.480000
2012-03-01,40.770000
2012-03-02,39.750000
2012-03-05,40.240000
2012-03-06,39.680000
2012-03-07,40.030000
2012-03-08,41.270000
2012-03-09,41.900000
2012-03-12,41.980000
2012-03-13,43.000000
2012-03-14,42.550000
2012-03-15,43.150000
2012-03-16,42.990000
2012-03-19,42.850000
2012-03-20,42.810000
2012-03-21,42.880000
2012-03-22,42.980000
2012-03-23,43.390000
2012-03-26,44.040000
2012-03-27,43.600000
2012-03-28,42.940000
2012-03-29,43.360000
2012-03-30,43.900000
2012-04-02,44.340000
2012-04-03,43.050000
2012-04-04,42.450000
2012-04-05,42.310000
2012-04-09,41.910000
2012-04-10,40.980000
2012-04-11,42.310000
2012-04-12,42.440000
2012-04-13,42.020000
2012-04-16,42.160000
2012-04-17,42.850000
2012-04-18,42.390000
2012-04-19,41.610000
2012-04-20,42.420000
2012-04-23,41.740000
2012-04-24,41.670000
2012-04-25,43.050000
2012-04-26,43.310000
2012-04-27,44.370000
2012-04-30,42.900000
2012-05-01,42.870000
2012-05-02,43.200000
2012-05-03,42.260000
2012-05-04,41.510000
2012-05-07,41.570000
2012-05-08,41.830000
2012-05-09,41.430000
2012-05-10,41.520000
2012-05-11,41.470000
2012-05-14,41.040000
2012-05-15,40.940000
2012-05-16,40.740000
2012-05-17,39.970000
2012-05-18,39.920000
2012-05-21,41.170000
2012-05-22,41.090000
2012-05-23,41.340000
2012-05-24,41.240000
2012-05-25,41.040000
2012-05-29,40.800000
2012-05-30,40.210000
2012-05-31,40.660000
2012-06-01,38.530000
2012-06-04,38.510000
2012-06-05,39.010000
2012-06-06,40.010000
2012-06-07,40.180000
2012-06-08,40.700000
2012-06-11,40.820000
2012-06-12,41.370000
2012-06-13,41.290000
2012-06-14,41.000000
2012-06-15,41.060000
2012-06-18,41.360000
2012-06-19,42.400000
2012-06-20,42.440000
2012-06-21,41.070000
2012-06-22,41.680000
2012-06-25,40.250000
2012-06-26,40.610000
2012-06-27,41.460000
2012-06-28,41.200000
2012-06-29,42.280000
2012-07-02,43.410000
2012-07-03,44.230000
2012-07-05,44.000000
2012-07-06,43.530000
2012-07-09,43.670000
2012-07-10,43.260000
2012-07-11,43.840000
2012-07-12,43.300000
2012-07-13,44.290000
2012-07-16,43.890000
2012-07-17,44.210000
2012-07-18,44.040000
2012-07-19,44.050000
2012-07-20,43.590000
2012-07-23,42.840000
2012-07-24,43.190000
2012-07-25,43.870000
2012-07-26,39.190000
2012-07-27,43.190000
2012-07-30,43.100000
2012-07-31,43.290000
2012-08-01,42.790000
2012-08-02,43.320000
2012-08-03,44.020000
2012-08-06,44.080000
2012-08-07,44.110000
2012-08-08,44.370000
2012-08-09,44.350000
2012-08-10,44.410000
2012-08-13,44.300000
2012-08-14,43.440000
2012-08-15,43.960000
2012-08-16,44.350000
2012-08-17,45.680000
2012-08-20,44.680000
2012-08-21,44.870000
2012-08-22,44.050000
2012-08-23,43.980000
2012-08-24,43.540000
2012-08-27,43.460000
2012-08-28,44.250000
2012-08-29,43.440000
2012-08-30,42.300000
2012-08-31,42.710000
2012-09-04,44.410000
2012-09-05,44.010000
2012-09-06,45.180000
2012-09-07,44.760000
2012-09-10,44.830000
2012-09-11,44.990000
2012-09-12,45.270000
2012-09-13,45.160000
2012-09-14,45.580000
2012-09-17,45.100000
2012-09-18,45.080000
2012-09-19,44.950000
2012-09-20,45.180000
2012-09-21,45.950000
2012-09-24,45.830000
2012-09-25,44.850000
2012-09-26,44.570000
2012-09-27,44.650000
2012-09-28,44.260000
2012-10-01,43.440000
2012-10-02,43.800000
2012-10-03,44.500000
2012-10-04,45.470000
2012-10-05,44.660000
2012-10-08,44.560000
2012-10-09,43.610000
2012-10-10,43.830000
2012-10-11,44.010000
2012-10-12,44.210000
2012-10-15,44.710000
2012-10-16,44.690000
2012-10-17,44.960000
2012-10-18,44.700000
2012-10-19,43.710000
2012-10-22,44.540000
2012-10-23,44.320000
2012-10-24,44.410000
2012-10-25,45.330000
2012-10-26,45.830000
2012-10-31,46.600000
2012-11-01,47.860000
2012-11-02,43.470000
2012-11-05,43.730000
2012-11-06,43.030000
2012-11-07,41.740000
2012-11-08,41.870000
2012-11-09,42.190000
2012-11-12,42.000000
2012-11-13,41.970000
2012-11-14,41.390000
2012-11-15,40.620000
2012-11-16,41.190000
2012-11-19,41.780000
2012-11-20,41.910000
2012-11-21,42.810000
2012-11-23,42.740000
2012-11-26,42.830000
2012-11-27,42.310000
2012-11-28,42.050000
2012-11-29,43.140000
2012-11-30,42.820000
2012-12-03,42.400000
2012-12-04,43.240000
2012-12-05,42.630000
2012-12-06,42.250000
2012-12-07,42.160000
2012-12-10,41.710000
2012-12-11,42.460000
2012-12-12,42.120000
2012-12-13,41.890000
2012-12-14,41.650000
2012-12-17,42.000000
2012-12-18,42.180000
2012-12-19,41.950000
2012-12-20,42.240000
2012-12-21,42.020000
2012-12-24,41.760000
2012-12-26,41.520000
2012-12-27,41.710000
2012-12-28,41.400000
2012-12-31,42.030000
2013-01-02,43.370000
2013-01-03,43.090000
2013-01-04,43.310000
2013-01-07,42.980000
2013-01-08,43.030000
2013-01-09,43.770000
2013-01-10,43.990000
2013-01-11,44.110000
2013-01-14,43.850000
2013-01-15,44.040000
2013-01-16,43.830000
2013-01-17,44.510000
2013-01-18,44.490000
2013-01-22,44.740000
2013-01-23,44.550000
2013-01-24,44.860000
2013-01-25,44.510000
2013-01-28,44.860000
2013-01-29,44.380000
2013-01-30,44.440000
2013-01-31,45.070000
2013-02-01,45.270000
2013-02-04,44.650000
2013-02-05,45.100000
2013-02-06,45.250000
2013-02-07,45.260000
2013-02-08,45.560000
2013-02-11,45.890000
2013-02-12,44.970000
2013-02-13,45.030000
2013-02-14,44.970000
2013-02-15,45.060000
2013-02-19,45.100000
2013-02-20,44.560000
2013-02-21,43.350000
2013-02-22,44.100000
2013-02-25,43.350000
2013-02-26,43.460000
2013-02-27,44.240000
2013-02-28,44.340000
2013-03-01,44.020000
2013-03-04,44.200000
2013-03-05,45.290000
2013-03-06,45.670000
2013-03-07,45.540000
2013-03-08,45.850000
2013-03-11,45.410000
2013-03-12,45.190000
2013-03-13,45.420000
2013-03-14,45.970000
2013-03-15,45.900000
2013-03-18,45.660000
2013-03-19,45.700000
2013-03-20,46.030000
2013-03-21,45.480000
2013-03-22,45.450000
2013-03-25,45.230000
2013-03-26,45.350000
2013-03-27,45.890000
2013-03-28,45.690000
2013-04-01,44.450000
2013-04-02,44.040000
2013-04-03,43.700000
2013-04-04,42.810000
2013-04-05,41.870000
2013-04-08,42.220000
2013-04-09,41.620000
2013-04-10,43.070000
2013-04-11,43.300000
2013-04-12,42.570000
2013-04-15,41.780000
2013-04-16,43.190000
2013-04-17,42.690000
2013-04-18,42.670000
2013-04-19,43.010000
2013-04-22,43.330000
2013-04-23,44.000000
2013-04-24,44.000000
2013-04-25,44.280000
2013-04-26,44.180000
2013-04-29,45.110000
2013-04-30,46.580000
2013-05-01,45.550000
2013-05-02,46.290000
2013-05-03,47.480000
2013-05-06,47.900000
2013-05-07,48.190000
2013-05-08,48.320000
2013-05-09,48.170000
2013-05-10,48.750000
2013-05-13,48.470000
2013-05-14,49.310000
2013-05-15,49.830000
2013-05-16,50.170000
2013-05-17,50.760000
2013-05-20,49.800000
2013-05-21,50.010000
2013-05-22,49.290000
2013-05-23,49.210000
2013-05-24,49.120000
2013-05-28,49.770000
2013-05-29,49.700000
2013-05-30,49.940000
2013-05-31,49.080000
2013-06-03,49.040000
2013-06-04,49.080000
2013-06-05,48.020000
2013-06-06,48.390000
2013-06-07,48.790000
2013-06-10,48.780000
2013-06-11,47.720000
2013-06-12,47.120000
2013-06-13,47.770000
2013-06-14,47.170000
2013-06-17,47.090000
2013-06-18,47.340000
2013-06-19,46.570000
2013-06-20,45.470000
2013-06-21,44.980000
2013-06-24,44.560000
2013-06-25,44.510000
2013-06-26,44.860000
2013-06-27,46.270000
2013-06-28,45.830000
2013-07-01,46.690000
2013-07-02,46.820000
2013-07-03,47.500000
2013-07-05,48.220000
2013-07-08,48.090000
2013-07-09,48.140000
2013-07-10,48.130000
2013-07-11,48.330000
2013-07-12,48.510000
2013-07-15,49.490000
2013-07-16,49.500000
2013-07-17,49.630000
2013-07-18,50.430000
2013-07-19,50.370000
2013-07-22,50.640000
2013-07-23,50.420000
2013-07-24,50.160000
2013-07-25,51.170000
2013-07-26,50.440000
2013-07-29,49.790000
2013-07-30,50.130000
2013-07-31,49.960000
2013-08-01,51.910000
2013-08-02,51.720000
2013-08-05,52.180000
2013-08-06,51.770000
2013-08-07,51.720000
2013-08-08,51.880000
2013-08-09,51.870000
2013-08-12,52.450000
2013-08-13,52.790000
2013-08-14,52.490000
2013-08-15,51.840000
2013-08-16,51.800000
2013-08-19,51.270000
2013-08-20,51.810000
2013-08-21,51.800000
2013-08-22,52.590000
2013-08-23,52.400000
2013-08-26,52.650000
2013-08-27,51.170000
2013-08-28,50.850000
2013-08-29,50.990000
2013-08-30,50.080000
2013-09-03,49.330000
2013-09-04,50.220000
2013-09-05,50.300000
2013-09-06,50.300000
2013-09-09,51.300000
2013-09-10,52.560000
2013-09-11,53.460000
2013-09-12,52.410000
2013-09-13,52.430000
2013-09-16,52.540000
2013-09-17,53.430000
2013-09-18,54.420000
2013-09-19,53.930000
2013-09-20,53.840000
2013-09-23,53.920000
2013-09-24,54.910000
2013-09-25,55.190000
2013-09-26,55.290000
2013-09-27,55.220000
2013-09-30,55.280000
2013-10-01,55.280000
2013-10-02,55.540000
2013-10-03,55.010000
2013-10-04,55.410000
2013-10-07,55.860000
2013-10-08,55.650000
2013-10-09,55.360000
2013-10-10,56.620000
2013-10-11,57.330000
2013-10-14,54.670000
2013-10-15,54.500000
2013-10-16,54.970000
2013-10-17,55.000000
2013-10-18,56.760000
2013-10-21,57.350000
2013-10-22,57.650000
2013-10-23,56.880000
2013-10-24,57.270000
2013-10-25,57.150000
2013-10-28,57.220000
2013-10-29,57.860000
2013-10-30,56.720000
2013-10-31,57.280000
2013-11-01,56.690000
2013-11-04,57.300000
2013-11-05,56.370000
2013-11-06,55.470000
2013-11-07,54.370000
2013-11-08,55.570000
2013-11-11,55.660000
2013-11-12,56.730000
2013-11-13,57.190000
2013-11-14,56.860000
2013-11-15,57.590000
2013-11-18,57.660000
2013-11-19,57.400000
2013-11-20,57.710000
2013-11-21,58.700000
2013-11-22,58.150000
2013-11-25,58.500000
2013-11-26,58.940000
2013-11-27,59.040000
2013-11-29,59.010000
2013-12-02,58.210000
2013-12-03,58.380000
2013-12-04,58.420000
2013-12-05,58.720000
2013-12-06,59.620000
2013-12-09,58.210000
2013-12-10,57.690000
2013-12-11,56.540000
2013-12-12,56.790000
2013-12-13,57.000000
2013-12-16,59.270000
2013-12-17,58.230000
2013-12-18,60.130000
2013-12-19,60.150000
2013-12-20,61.760000
2013-12-23,62.580000
2013-12-24,62.790000
2013-12-26,62.790000
2013-12-27,62.800000
2013-12-30,62.970000
2013-12-31,62.840000
2014-01-02,61.570000
2014-01-03,61.590000
2014-01-06,61.160000
2014-01-07,61.150000
2014-01-08,60.930000
2014-01-09,60.990000
2014-01-10,60.870000
2014-01-13,59.520000
2014-01-14,60.000000
2014-01-15,60.200000
2014-01-16,60.000000
2014-01-17,60.000000
2014-01-21,59.950000
2014-01-22,60.000000
2014-01-23,57.710000
2014-01-24,56.700000
2014-01-27,55.460000
2014-01-28,55.240000
2014-01-29,53.920000
2014-01-30,54.530000
2014-01-31,54.360000
2014-02-03,52.140000
2014-02-04,52.200000
2014-02-05,51.540000
2014-02-06,51.440000
2014-02-07,51.000000
2014-02-10,51.710000
2014-02-11,52.590000
2014-02-12,52.770000
2014-02-13,53.480000
2014-02-14,53.410000
2014-02-18,52.970000
2014-02-19,52.770000
2014-02-20,53.130000
2014-02-21,52.960000
2014-02-24,53.430000
2014-02-25,53.100000
2014-02-26,52.820000
2014-02-27,53.150000
2014-02-28,53.730000
2014-03-03,53.070000
2014-03-04,53.960000
2014-03-05,53.630000
2014-03-06,53.410000
2014-03-07,53.650000
2014-03-10,53.120000
2014-03-11,53.880000
2014-03-12,53.720000
2014-03-13,52.660000
2014-03-14,52.720000
2014-03-17,53.290000
2014-03-18,55.000000
2014-03-19,54.540000
2014-03-20,54.790000
2014-03-21,54.750000
2014-03-24,54.770000
2014-03-25,54.800000
2014-03-26,54.310000
2014-03-27,54.310000
2014-03-28,54.310000
2014-03-31,55.320000
2014-04-01,56.280000
2014-04-02,55.990000
2014-04-03,55.070000
2014-04-04,53.800000
2014-04-07,53.480000
2014-04-08,53.600000
2014-04-09,54.010000
2014-04-10,53.530000
2014-04-11,51.420000
2014-04-14,51.650000
2014-04-15,51.560000
2014-04-16,52.220000
2014-04-17,53.390000
2014-04-21,53.450000
2014-04-22,54.180000
2014-04-23,54.350000
2014-04-24,54.250000
2014-04-25,57.410000
2014-04-28,58.260000
2014-04-29,57.340000
2014-04-30,57.200000
2014-05-01,56.560000
2014-05-02,56.900000
2014-05-05,56.430000
2014-05-06,55.590000
2014-05-07,56.360000
2014-05-08,55.980000
2014-05-09,56.800000
2014-05-12,58.270000
2014-05-13,56.440000
2014-05-14,54.950000
2014-05-15,54.270000
2014-05-16,55.590000
2014-05-19,57.130000
2014-05-20,56.150000
2014-05-21,56.580000
2014-05-22,56.580000
2014-05-23,57.160000
2014-05-27,57.820000
2014-05-28,59.010000
2014-05-29,59.500000
2014-05-30,58.900000
2014-06-02,58.480000
2014-06-03,58.030000
2014-06-04,57.540000
2014-06-05,58.120000
2014-06-06,58.600000
2014-06-09,59.490000
2014-06-10,59.600000
2014-06-11,59.640000
2014-06-12,59.300000
2014-06-13,59.540000
2014-06-16,59.800000
2014-06-17,59.870000
2014-06-18,60.300000
2014-06-19,60.540000
2014-06-20,61.430000
2014-06-23,61.170000
2014-06-24,61.640000
2014-06-25,62.050000
2014-06-26,62.110000
2014-06-27,62.920000
2014-06-30,63.760000
2014-07-01,64.880000
2014-07-02,64.860000
2014-07-03,64.870000
2014-07-07,63.930000
2014-07-08,62.990000
2014-07-09,63.420000
2014-07-10,63.230000
2014-07-11,63.290000
2014-07-14,63.410000
2014-07-15,63.180000
2014-07-16,62.940000
2014-07-17,62.020000
2014-07-18,62.490000
2014-07-21,62.320000
2014-07-22,63.030000
2014-07-23,63.040000
2014-07-24,62.800000
2014-07-25,58.510000
2014-07-28,58.150000
2014-07-29,58.560000
2014-07-30,58.850000
2014-07-31,57.150000
2014-08-01,55.780000
2014-08-04,56.130000
2014-08-05,54.930000
2014-08-06,55.550000
2014-08-07,54.890000
2014-08-08,54.900000
2014-08-11,56.050000
2014-08-12,55.460000
2014-08-13,55.920000
2014-08-14,55.660000
2014-08-15,55.430000
2014-08-18,56.220000
2014-08-19,56.060000
2014-08-20,55.660000
2014-08-21,58.450000
2014-08-22,57.100000
2014-08-25,57.180000
2014-08-26,57.340000
2014-08-27,56.970000
2014-08-28,57.550000
2014-08-29,58.170000
2014-09-02,59.410000
2014-09-03,59.460000
2014-09-04,59.260000
2014-09-05,60.040000
2014-09-08,59.940000
2014-09-09,59.520000
2014-09-10,61.270000
2014-09-11,60.830000
2014-09-12,60.210000
2014-09-15,59.640000
2014-09-16,59.490000
2014-09-17,59.210000
2014-09-18,58.980000
2014-09-19,57.970000
2014-09-22,57.230000
2014-09-23,56.070000
2014-09-24,56.320000
2014-09-25,55.110000
2014-09-26,55.650000
2014-09-29,55.460000
2014-09-30,55.100000
2014-10-01,55.140000
2014-10-02,55.260000
2014-10-03,55.550000
2014-10-06,55.000000
2014-10-07,53.990000
2014-10-08,55.360000
2014-10-09,54.250000
2014-10-10,53.900000
2014-10-13,53.890000
2014-10-14,54.320000
2014-10-15,54.860000
2014-10-16,54.580000
2014-10-17,54.610000
2014-10-20,56.130000
2014-10-21,57.230000
2014-10-22,56.300000
2014-10-23,57.020000
2014-10-24,56.920000
2014-10-27,57.990000
2014-10-28,59.390000
2014-10-29,60.150000
2014-10-30,61.380000
2014-10-31,62.300000
2014-11-03,62.460000
2014-11-04,62.240000
2014-11-05,61.140000
2014-11-06,61.750000
2014-11-07,70.340000
2014-11-10,70.730000
2014-11-11,71.840000
2014-11-12,71.750000
2014-11-13,71.810000
2014-11-14,71.440000
2014-11-17,71.510000
2014-11-18,71.780000
2014-11-19,71.680000
2014-11-20,72.000000
2014-11-21,71.980000
2014-11-24,72.010000
2014-11-25,71.740000
2014-11-26,71.930000
2014-11-28,71.780000
2014-12-01,72.370000
2014-12-02,72.910000
2014-12-03,73.340000
2014-12-04,72.960000
2014-12-05,73.200000
2014-12-08,72.060000
2014-12-09,73.240000
2014-12-10,71.950000
2014-12-11,72.520000
2014-12-12,71.160000
2014-12-15,69.980000
2014-12-16,67.740000
2014-12-17,68.400000
2014-12-18,70.840000
2014-12-19,71.820000
2014-12-22,71.900000
2014-12-23,72.450000
2014-12-24,72.850000
2014-12-26,73.030000
2014-12-29,73.460000
2014-12-30,73.240000
2014-12-31,72.300000
2015-01-02,72.170000
2015-01-05,71.360000
2015-01-06,70.050000
2015-01-07,70.490000
2015-01-08,72.720000
2015-01-09,71.830000
2015-01-12,70.960000
2015-01-13,72.160000
2015-01-14,72.600000
2015-01-15,71.810000
2015-01-16,73.890000
2015-01-20,73.580000
2015-01-21,78.020000
2015-01-22,79.460000
2015-01-23,78.820000
2015-01-26,78.670000
2015-01-27,79.280000
2015-01-28,78.710000
2015-01-29,78.220000
2015-01-30,71.350000
2015-02-02,76.410000
2015-02-03,77.200000
2015-02-04,78.010000
2015-02-05,78.390000
2015-02-06,78.050000
2015-02-09,77.510000
2015-02-10,78.020000
2015-02-11,78.530000
2015-02-12,80.500000
2015-02-13,82.000000
2015-02-17,81.520000
2015-02-18,81.960000
2015-02-19,81.830000
2015-02-20,82.590000
2015-02-23,82.480000
2015-02-24,83.310000
2015-02-25,84.240000
2015-02-26,85.110000
2015-02-27,85.120000
2015-03-02,87.120000
2015-03-03,86.000000
2015-03-04,85.000000
2015-03-05,85.000000
2015-03-06,84.640000
2015-03-09,84.680000
2015-03-10,83.020000
2015-03-11,83.720000
2015-03-12,85.880000
2015-03-13,84.030000
2015-03-16,84.700000
2015-03-17,84.170000
2015-03-18,85.590000
2015-03-19,86.490000
2015-03-20,88.050000
2015-03-23,87.420000
2015-03-24,87.190000
2015-03-25,85.110000
2015-03-26,85.850000
2015-03-27,86.750000
2015-03-30,88.840000
2015-03-31,88.720000
2015-04-01,90.460000
2015-04-02,91.240000
2015-04-06,92.030000
2015-04-07,91.620000
2015-04-08,92.800000
2015-04-09,93.270000
2015-04-10,93.190000
2015-04-13,92.450000
2015-04-14,92.000000
2015-04-15,92.400000
2015-04-16,92.660000
2015-04-17,92.230000
2015-04-20,92.340000
2015-04-21,92.150000
2015-04-22,92.000000
2015-04-23,93.300000
2015-04-24,93.850000
2015-04-27,90.940000
2015-04-28,90.810000
2015-04-29,91.040000
2015-04-30,88.460000
2015-05-01,88.610000
2015-05-04,89.140000
2015-05-05,87.590000
2015-05-06,87.020000
2015-05-07,87.780000
2015-05-08,87.300000
2015-05-11,87.090000
2015-05-12,86.630000
2015-05-13,86.850000
2015-05-14,88.370000
2015-05-15,87.870000
2015-05-18,88.790000
2015-05-19,87.870000
2015-05-20,88.070000
2015-05-21,88.290000
2015-05-22,88.480000
2015-05-26,86.700000
2015-05-27,87.730000
2015-05-28,87.280000
2015-05-29,87.720000
2015-06-01,88.170000
2015-06-02,88.730000
2015-06-03,88.740000
2015-06-04,87.460000
2015-06-05,87.750000
2015-06-08,87.660000
2015-06-09,86.600000
2015-06-10,87.030000
2015-06-11,87.380000
2015-06-12,88.610000
2015-06-15,86.980000
2015-06-16,87.760000
2015-06-17,87.070000
2015-06-18,88.900000
2015-06-19,90.330000
2015-06-22,92.230000
2015-06-23,92.520000
2015-06-24,92.510000
2015-06-25,93.330000
2015-06-26,93.890000
2015-06-29,91.160000
2015-06-30,90.780000
2015-07-01,91.560000
2015-07-02,91.030000
2015-07-06,90.690000
2015-07-07,91.700000
2015-07-08,91.480000
2015-07-09,92.440000
2015-07-10,93.830000
2015-07-13,95.270000
2015-07-14,95.700000
2015-07-15,95.870000
2015-07-16,97.250000
2015-07-17,94.980000
2015-07-20,94.930000
2015-07-21,93.670000
2015-07-22,93.590000
2015-07-23,92.460000
2015-07-24,91.930000
2015-07-27,91.090000
2015-07-28,92.000000
2015-07-29,93.970000
2015-07-30,91.970000
2015-07-31,90.690000
2015-08-03,90.050000
2015-08-04,90.910000
2015-08-05,91.580000
2015-08-06,90.680000
2015-08-07,90.630000
2015-08-10,92.150000
2015-08-11,90.850000
2015-08-12,89.620000
2015-08-13,89.020000
2015-08-14,89.580000
2015-08-17,90.860000
2015-08-18,89.540000
2015-08-19,87.870000
2015-08-20,85.270000
2015-08-21,83.190000
2015-08-24,80.690000
2015-08-25,81.190000
2015-08-26,84.240000
2015-08-27,86.000000
2015-08-28,86.040000
2015-08-31,85.570000
2015-09-01,82.320000
2015-09-02,83.300000
2015-09-03,84.190000
2015-09-04,82.530000
2015-09-08,84.940000
2015-09-09,83.730000
2015-09-10,83.630000
2015-09-11,84.100000
2015-09-14,83.850000
2015-09-15,84.240000
2015-09-16,82.430000
2015-09-17,83.330000
2015-09-18,82.200000
2015-09-21,83.530000
2015-09-22,82.930000
2015-09-23,82.580000
2015-09-24,82.980000
2015-09-25,82.400000
2015-09-28,81.720000
2015-09-29,82.820000
2015-09-30,84.500000
2015-10-01,84.950000
2015-10-02,84.020000
2015-10-05,85.820000
2015-10-06,86.000000
2015-10-07,87.290000
2015-10-08,88.640000
2015-10-09,90.140000
2015-10-12,90.480000
2015-10-13,88.540000
2015-10-14,87.620000
2015-10-15,89.980000
2015-10-16,89.510000
2015-10-19,89.820000
2015-10-20,89.560000
2015-10-21,88.030000
2015-10-22,89.210000
2015-10-23,90.680000
2015-10-26,90.970000
2015-10-27,88.650000
2015-10-28,93.350000
2015-10-29,92.220000
2015-10-30,92.370000
2015-11-02,92.770000
2015-11-03,93.650000
2015-11-04,93.420000
2015-11-05,92.210000
2015-11-06,87.370000
2015-11-09,87.010000
2015-11-10,87.190000
2015-11-11,86.890000
2015-11-12,86.380000
2015-11-13,87.000000
2015-11-16,87.560000
2015-11-17,87.760000
2015-11-18,89.700000
2015-11-19,90.040000
2015-11-20,91.580000
2015-11-23,92.130000
2015-11-24,92.840000
2015-11-25,94.590000
2015-11-27,94.850000
2015-11-30,95.250000
2015-12-01,95.890000
2015-12-02,94.850000
2015-12-03,92.100000
2015-12-04,93.640000
2015-12-07,91.990000
2015-12-08,91.910000
2015-12-09,89.110000
2015-12-10,90.720000
2015-12-11,89.610000
2015-12-14,89.920000
2015-12-15,91.530000
2015-12-16,92.850000
2015-12-17,92.900000
2015-12-18,91.750000
2015-12-21,92.840000
2015-12-22,94.000000
2015-12-23,94.750000
2015-12-24,95.100000
2015-12-28,95.830000
2015-12-29,96.430000
2015-12-30,95.450000
2015-12-31,94.180000
2016-01-04,93.060000
2016-01-05,94.000000
2016-01-06,94.000000
2016-01-07,91.460000
2016-01-08,88.960000
2016-01-11,89.340000
2016-01-12,88.380000
2016-01-13,84.380000
2016-01-14,85.480000
2016-01-15,85.490000
2016-01-19,85.310000
2016-01-20,85.250000
2016-01-21,81.010000
2016-01-22,83.970000
2016-01-25,81.080000
2016-01-26,84.060000
2016-01-27,82.050000
2016-01-28,82.340000
2016-01-29,95.570000
2016-02-01,95.560000
2016-02-02,96.090000
2016-02-03,96.650000
2016-02-04,95.910000
2016-02-05,94.330000
2016-02-08,92.370000
2016-02-09,91.380000
2016-02-10,92.470000
2016-02-11,91.420000
2016-02-12,93.010000
2016-02-16,93.980000
2016-02-17,94.350000
2016-02-18,92.910000
2016-02-19,93.000000
2016-02-22,94.920000
2016-02-23,94.550000
2016-02-24,95.590000
2016-02-25,98.580000
2016-02-26,96.660000
2016-02-29,99.520000
2016-03-01,102.630000
2016-03-02,102.900000
2016-03-03,102.180000
2016-03-04,101.260000
2016-03-07,100.160000
2016-03-08,97.890000
2016-03-09,97.750000
2016-03-10,99.290000
2016-03-11,99.920000
2016-03-14,100.280000
2016-03-15,99.450000
2016-03-16,102.330000
2016-03-17,104.020000
2016-03-18,104.340000
2016-03-21,104.130000
2016-03-22,104.610000
2016-03-23,100.590000
2016-03-24,101.000000
2016-03-28,100.650000
2016-03-29,105.390000
2016-03-30,105.060000
2016-03-31,106.090000
2016-04-01,108.800000
2016-04-04,104.860000
2016-04-05,105.410000
2016-04-06,105.940000
2016-04-07,104.420000
2016-04-08,104.860000
2016-04-11,103.330000
2016-04-12,104.160000
2016-04-13,106.280000
2016-04-14,106.110000
2016-04-15,106.230000
2016-04-18,106.790000
2016-04-19,107.440000
2016-04-20,107.990000
2016-04-21,107.180000
2016-04-22,105.440000
2016-04-25,105.160000
2016-04-26,105.400000
2016-04-27,105.430000
2016-04-28,106.550000
2016-04-29,106.710000
2016-05-02,108.960000
2016-05-03,104.960000
2016-05-04,104.340000
2016-05-05,106.130000
2016-05-06,106.020000
2016-05-09,107.690000
2016-05-10,109.400000
2016-05-11,108.000000
2016-05-12,108.790000
2016-05-13,109.140000
2016-05-16,110.020000
2016-05-17,106.160000
2016-05-18,105.740000
2016-05-19,104.580000
2016-05-20,107.160000
2016-05-23,106.280000
2016-05-24,109.990000
2016-05-25,109.430000
2016-05-26,109.110000
2016-05-27,111.570000
2016-05-31,111.430000
2016-06-01,112.580000
2016-06-02,114.070000
2016-06-03,112.890000
2016-06-06,113.620000
2016-06-07,113.750000
2016-06-08,114.830000
2016-06-09,115.730000
2016-06-10,113.550000
2016-06-13,110.910000
2016-06-14,111.390000
2016-06-15,110.860000
2016-06-16,111.430000
2016-06-17,109.370000
2016-06-20,111.150000
2016-06-21,111.310000
2016-06-22,111.710000
2016-06-23,113.080000
2016-06-24,109.000000
2016-06-27,105.980000
2016-06-28,106.880000
2016-06-29,109.370000
2016-06-30,113.010000
2016-07-01,113.920000
2016-07-05,113.760000
2016-07-06,113.450000
2016-07-07,114.850000
2016-07-08,114.860000
2016-07-11,115.150000
2016-07-12,117.840000
2016-07-13,118.200000
2016-07-14,117.940000
2016-07-15,116.750000
2016-07-18,116.400000
2016-07-19,117.460000
2016-07-20,118.760000
2016-07-21,116.730000
2016-07-22,118.950000
2016-07-25,117.770000
2016-07-26,117.600000
2016-07-27,117.510000
2016-07-28,115.600000
2016-07-29,126.640000
2016-08-01,130.220000
2016-08-02,128.560000
2016-08-03,128.630000
2016-08-04,127.960000
2016-08-05,129.100000
2016-08-08,127.800000
2016-08-09,127.520000
2016-08-10,127.510000
2016-08-11,127.550000
2016-08-12,126.830000
2016-08-15,127.450000
2016-08-16,125.610000
2016-08-17,125.280000
2016-08-18,126.330000
2016-08-19,127.060000
2016-08-22,126.900000
2016-08-23,127.290000
2016-08-24,125.920000
2016-08-25,127.810000
2016-08-26,126.750000
2016-08-29,127.140000
2016-08-30,128.260000
2016-08-31,127.940000
2016-09-01,129.950000
2016-09-02,132.360000
2016-09-06,132.710000
2016-09-07,132.510000
2016-09-08,132.870000
2016-09-09,128.510000
2016-09-12,131.730000
2016-09-13,127.450000
2016-09-14,128.180000
2016-09-15,131.370000
2016-09-16,129.430000
2016-09-19,129.450000
2016-09-20,128.870000
2016-09-21,128.360000
2016-09-22,129.570000
2016-09-23,128.470000
2016-09-26,127.940000
2016-09-27,127.490000
2016-09-28,127.390000
2016-09-29,125.170000
2016-09-30,124.590000
2016-10-03,124.240000
2016-10-04,122.820000
2016-10-05,122.160000
2016-10-06,123.400000
2016-10-07,122.070000
2016-10-10,121.890000
2016-10-11,119.660000
2016-10-12,120.750000
2016-10-13,120.280000
2016-10-14,120.850000
2016-10-17,121.460000
2016-10-18,122.130000
2016-10-19,122.790000
2016-10-20,123.270000
2016-10-21,123.490000
2016-10-24,123.640000
2016-10-25,122.470000
2016-10-26,122.320000
2016-10-27,119.810000
2016-10-28,119.170000
2016-10-31,120.680000
2016-11-01,116.910000
2016-11-02,115.720000
2016-11-03,115.090000
2016-11-04,113.620000
2016-11-07,117.530000
2016-11-08,114.820000
2016-11-09,114.620000
2016-11-10,113.190000
2016-11-11,114.010000
2016-11-14,112.320000
2016-11-15,111.420000
2016-11-16,113.000000
2016-11-17,114.290000
2016-11-18,114.260000
2016-11-21,114.590000
2016-11-22,116.080000
2016-11-23,116.400000
2016-11-25,117.290000
2016-11-28,116.760000
2016-11-29,117.730000
2016-11-30,113.690000
2016-12-01,112.980000
2016-12-02,112.500000
2016-12-05,115.210000
2016-12-06,116.260000
2016-12-07,120.000000
2016-12-08,121.480000
2016-12-09,122.150000
2016-12-12,122.050000
2016-12-13,121.670000
2016-12-14,120.490000
2016-12-15,120.800000
2016-12-16,120.910000
2016-12-19,121.300000
2016-12-20,121.290000
2016-12-21,121.240000
2016-12-22,120.740000
2016-12-23,120.970000
2016-12-27,121.400000
2016-12-28,119.340000
2016-12-29,120.520000
2016-12-30,119.220000
2017-01-03,120.170000
2017-01-04,123.470000
2017-01-05,123.000000
2017-01-06,122.510000
2017-01-09,121.540000
2017-01-10,122.040000
2017-01-11,122.690000
2017-01-12,122.910000
2017-01-13,124.710000
2017-01-17,122.750000
2017-01-18,123.030000
2017-01-19,122.380000
2017-01-20,123.120000
2017-01-23,123.300000
2017-01-24,124.980000
2017-01-25,125.610000
2017-01-26,125.850000
2017-01-27,125.510000
2017-01-30,123.460000
2017-01-31,123.300000
2017-02-01,120.940000
2017-02-02,123.930000
2017-02-03,124.540000
2017-02-06,123.690000
2017-02-07,123.310000
2017-02-08,122.970000
2017-02-09,125.430000
2017-02-10,126.810000
2017-02-13,126.770000
2017-02-14,128.460000
2017-02-15,128.800000
2017-02-16,128.790000
2017-02-17,129.870000
2017-02-21,131.220000
2017-02-22,130.720000
2017-02-23,130.950000
2017-02-24,132.370000
2017-02-27,131.950000
2017-02-28,130.070000
2017-03-01,132.080000
2017-03-02,131.680000
2017-03-03,131.790000
2017-03-06,130.690000
2017-03-07,129.670000
2017-03-08,129.800000
2017-03-09,129.630000
2017-03-10,128.900000
2017-03-13,130.340000
2017-03-14,129.920000
2017-03-15,131.450000
2017-03-16,131.820000
2017-03-17,131.690000
2017-03-20,130.710000
2017-03-21,128.310000
2017-03-22,127.160000
2017-03-23,126.980000
2017-03-24,126.850000
2017-03-27,126.910000
2017-03-28,127.230000
2017-03-29,128.220000
2017-03-30,128.400000
2017-03-31,128.950000
2017-04-03,127.940000
2017-04-04,127.700000
2017-04-05,125.930000
2017-04-06,127.730000
2017-04-07,128.500000
2017-04-10,128.110000
2017-04-11,129.750000
2017-04-12,128.160000
2017-04-13,126.030000
2017-04-17,128.080000
2017-04-18,128.500000
2017-04-19,128.800000
2017-04-20,130.380000
2017-04-21,130.190000
2017-04-24,132.730000
2017-04-25,133.590000
2017-04-26,133.570000
2017-04-27,133.470000
2017-04-28,135.480000
2017-05-01,137.370000
2017-05-02,137.980000
2017-05-03,137.600000
2017-05-04,137.490000
2017-05-05,137.910000
2017-05-08,137.080000
2017-05-09,137.020000
2017-05-10,137.210000
2017-05-11,135.720000
2017-05-12,134.900000
2017-05-15,135.580000
2017-05-16,135.800000
2017-05-17,132.170000
2017-05-18,131.540000
2017-05-19,133.200000
2017-05-22,131.990000
2017-05-23,132.170000
2017-05-24,132.900000
2017-05-25,132.960000
2017-05-26,133.530000
2017-05-30,132.710000
2017-05-31,132.660000
2017-06-01,133.940000
2017-06-02,138.240000
2017-06-05,136.570000
2017-06-06,135.720000
2017-06-07,134.620000
2017-06-08,134.230000
2017-06-09,133.100000
2017-06-12,134.150000
2017-06-13,135.280000
2017-06-14,134.530000
2017-06-15,134.740000
2017-06-16,135.400000
2017-06-19,136.410000
2017-06-20,134.010000
2017-06-21,133.780000
2017-06-22,135.180000
2017-06-23,136.420000
2017-06-26,136.700000
2017-06-27,137.690000
2017-06-28,140.290000
2017-06-29,138.210000
2017-06-30,139.410000
2017-07-03,138.460000
2017-07-05,138.920000
2017-07-06,138.180000
2017-07-07,140.580000
2017-07-10,139.620000
2017-07-11,139.870000
2017-07-12,142.540000
2017-07-13,141.540000
2017-07-14,141.840000
2017-07-17,141.640000
2017-07-18,141.550000
2017-07-19,143.110000
2017-07-20,142.750000
2017-07-21,142.410000
2017-07-24,144.050000
2017-07-25,145.540000
2017-07-26,145.350000
2017-07-27,143.990000
2017-07-28,142.720000
2017-07-31,142.550000
2017-08-01,143.120000
2017-08-02,141.260000
2017-08-03,140.330000
2017-08-04,140.490000
2017-08-07,139.610000
2017-08-08,139.460000
2017-08-09,139.110000
2017-08-10,136.930000
2017-08-11,137.030000
2017-08-14,140.270000
2017-08-15,139.250000
2017-08-16,140.940000
2017-08-17,138.560000
2017-08-18,137.940000
2017-08-21,139.250000
2017-08-22,141.560000
2017-08-23,139.500000
2017-08-24,138.450000
2017-08-25,138.380000
2017-08-28,139.050000
2017-08-29,138.550000
2017-08-30,139.220000
2017-08-31,140.760000
2017-09-01,141.510000
2017-09-05,140.470000
2017-09-06,139.650000
2017-09-07,139.330000
2017-09-08,138.290000
2017-09-11,140.150000
2017-09-12,142.080000
2017-09-13,139.730000
2017-09-14,134.370000
2017-09-15,131.750000
2017-09-18,135.040000
2017-09-19,136.270000
2017-09-20,137.710000
2017-09-21,137.680000
2017-09-22,140.130000
2017-09-25,139.880000
2017-09-26,140.010000
2017-09-27,142.200000
2017-09-28,141.540000
2017-09-29,140.500000
2017-10-02,142.250000
2017-10-03,142.950000
2017-10-04,142.410000
2017-10-05,142.940000
2017-10-06,143.960000
2017-10-09,144.890000
2017-10-10,145.470000
2017-10-11,146.280000
2017-10-12,146.480000
2017-10-13,146.840000
2017-10-16,147.490000
2017-10-17,146.670000
2017-10-18,147.150000
2017-10-19,145.240000
2017-10-20,146.590000
2017-10-23,147.090000
2017-10-24,147.550000
2017-10-25,147.440000
2017-10-26,147.230000
2017-10-27,147.030000
2017-10-30,143.810000
2017-10-31,145.160000
2017-11-01,143.940000
2017-11-02,147.900000
2017-11-03,152.550000
2017-11-06,151.160000
2017-11-07,152.450000
2017-11-08,154.610000
2017-11-09,153.760000
2017-11-10,154.680000
2017-11-13,153.940000
2017-11-14,152.410000
2017-11-15,151.900000
2017-11-16,152.890000
2017-11-17,152.700000
2017-11-20,154.010000
2017-11-21,154.620000
2017-11-22,154.000000
2017-11-24,155.430000
2017-11-27,155.440000
2017-11-28,156.280000
2017-11-29,155.370000
2017-11-30,157.060000
2017-12-01,157.500000
2017-12-04,156.290000
2017-12-05,155.590000
2017-12-06,155.570000
2017-12-07,156.680000
2017-12-08,157.310000
2017-12-11,155.560000
2017-12-12,154.950000
2017-12-13,155.640000
2017-12-14,154.440000
2017-12-15,157.700000
2017-12-18,158.130000
2017-12-19,157.010000
2017-12-20,156.750000
2017-12-21,156.550000
2017-12-22,153.730000
2017-12-26,153.240000
2017-12-27,154.440000
2017-12-28,154.260000
2017-12-29,153.200000
2018-01-02,153.390000
2018-01-03,153.430000
2018-01-04,155.180000
2018-01-05,156.920000
2018-01-08,158.860000
2018-01-09,158.360000
2018-01-10,158.220000
2018-01-11,160.250000
2018-01-12,159.560000
2018-01-16,159.750000
2018-01-17,162.320000
2018-01-18,161.200000
2018-01-19,163.450000
2018-01-22,163.520000
2018-01-23,164.020000
2018-01-24,162.880000
2018-01-25,162.890000
2018-01-26,170.090000
2018-01-29,176.130000
2018-01-30,173.520000
2018-01-31,172.660000
2018-02-01,172.840000
2018-02-02,169.380000
2018-02-05,164.010000
2018-02-06,164.470000
2018-02-07,163.190000
2018-02-08,156.250000
2018-02-09,157.820000
2018-02-12,159.830000
2018-02-13,159.720000
2018-02-14,163.720000
2018-02-15,165.740000
2018-02-16,166.480000
2018-02-20,172.020000
2018-02-21,172.340000
2018-02-22,172.750000
2018-02-23,176.300000
2018-02-26,175.250000
2018-02-27,172.690000
2018-02-28,169.940000
2018-03-01,169.600000
2018-03-02,172.220000
2018-03-05,173.490000
2018-03-06,175.900000
2018-03-07,177.850000
2018-03-08,177.640000
2018-03-09,178.090000
2018-03-12,177.140000
2018-03-13,176.100000
2018-03-14,173.750000
2018-03-15,171.300000
2018-03-16,170.650000
2018-03-19,167.600000
2018-03-20,169.960000
2018-03-21,170.880000
2018-03-22,167.760000
2018-03-23,163.100000
2018-03-26,169.930000
2018-03-27,165.750000
2018-03-28,167.510000
2018-03-29,169.370000
2018-04-02,163.170000
2018-04-03,167.260000
2018-04-04,167.040000
2018-04-05,168.920000
2018-04-06,164.230000
2018-04-09,163.330000
2018-04-10,167.620000
2018-04-11,168.970000
2018-04-12,171.030000
2018-04-13,168.810000
2018-04-16,171.000000
2018-04-17,173.860000
2018-04-18,174.130000
2018-04-19,173.230000
2018-04-20,172.690000
2018-04-23,171.710000
2018-04-24,169.190000
2018-04-25,166.840000
2018-04-26,170.400000
2018-04-27,176.540000
2018-04-30,173.180000
2018-05-01,174.380000
2018-05-02,171.250000
2018-05-03,173.590000
2018-05-04,176.140000
2018-05-07,176.350000
2018-05-08,176.090000
2018-05-09,176.440000
2018-05-10,179.120000
2018-05-11,178.030000
2018-05-14,176.420000
2018-05-15,178.280000
2018-05-16,180.090000
2018-05-17,180.300000
2018-05-18,180.040000
2018-05-21,181.760000
2018-05-22,180.410000
2018-05-23,181.870000
2018-05-24,181.080000
2018-05-25,181.290000
2018-05-29,181.790000
2018-05-30,184.320000
2018-05-31,184.030000
2018-06-01,187.380000
2018-06-04,189.790000
2018-06-05,191.770000
2018-06-06,192.860000
2018-06-07,192.830000
2018-06-08,198.950000
2018-06-11,196.590000
2018-06-12,194.020000
2018-06-13,197.470000
2018-06-14,200.720000
2018-06-15,199.970000
2018-06-18,200.560000
2018-06-19,200.160000
2018-06-20,202.120000
2018-06-21,198.420000
2018-06-22,195.610000
2018-06-25,190.380000
2018-06-26,191.570000
2018-06-27,188.110000
2018-06-28,191.970000
2018-06-29,193.320000
2018-07-02,194.220000
2018-07-03,195.810000
2018-07-05,195.860000
2018-07-06,197.650000
2018-07-09,199.260000
2018-07-10,199.460000
2018-07-11,198.470000
2018-07-12,202.310000
2018-07-13,202.890000
2018-07-16,202.510000
2018-07-17,206.470000
2018-07-18,206.240000
2018-07-19,206.700000
2018-07-20,206.270000
2018-07-23,206.630000
2018-07-24,203.350000
2018-07-25,205.810000
2018-07-26,205.170000
2018-07-27,203.020000
2018-07-30,200.140000
2018-07-31,201.460000
2018-08-01,205.550000
2018-08-02,209.130000
2018-08-03,208.150000
2018-08-06,212.030000
2018-08-07,212.090000
2018-08-08,212.110000
2018-08-09,213.210000
2018-08-10,213.960000
2018-08-13,213.500000
2018-08-14,216.140000
2018-08-15,215.380000
2018-08-16,216.120000
2018-08-17,217.290000
2018-08-20,217.570000
2018-08-21,218.600000
2018-08-22,222.020000
2018-08-23,222.830000
2018-08-24,225.140000
2018-08-27,222.630000
2018-08-28,224.220000
2018-08-29,227.780000
2018-08-30,227.490000
2018-08-31,230.980000
2018-09-04,233.730000
2018-09-05,230.780000
2018-09-06,235.190000
2018-09-07,235.000000
2018-09-10,236.100000
2018-09-11,236.990000
2018-09-12,236.830000
2018-09-13,237.510000
2018-09-14,240.030000
2018-09-17,234.250000
2018-09-18,235.140000
2018-09-19,227.960000
2018-09-20,229.720000
2018-09-21,228.230000
2018-09-24,229.110000
2018-09-25,230.030000
2018-09-26,227.250000
2018-09-27,227.320000
2018-09-28,228.550000
2018-10-01,227.470000
2018-10-02,224.270000
2018-10-03,225.690000
2018-10-04,221.210000
2018-10-05,220.570000
2018-10-08,216.660000
2018-10-09,215.780000
2018-10-10,208.220000
2018-10-11,203.180000
2018-10-12,206.750000
2018-10-15,206.520000
2018-10-16,213.940000
2018-10-17,212.760000
2018-10-18,210.990000
2018-10-19,207.740000
2018-10-22,208.010000
2018-10-23,206.550000
2018-10-24,196.800000
2018-10-25,196.620000
2018-10-26,189.880000
2018-10-29,187.900000
2018-10-30,188.990000
2018-10-31,192.710000
2018-11-01,198.420000
2018-11-02,190.070000
2018-11-05,192.150000
2018-11-06,190.460000
2018-11-07,199.520000
2018-11-08,198.250000
2018-11-09,196.330000
2018-11-12,189.160000
2018-11-13,190.770000
2018-11-14,188.000000
2018-11-15,193.300000
2018-11-16,191.920000
2018-11-19,181.230000
2018-11-20,177.200000
2018-11-21,179.370000
2018-11-23,179.800000
2018-11-26,179.770000
2018-11-27,177.640000
2018-11-28,186.230000
2018-11-29,190.440000
2018-11-30,198.630000
2018-12-03,201.910000
2018-12-04,192.560000
2018-12-06,190.480000
2018-12-07,182.410000
2018-12-10,185.050000
2018-12-11,185.590000
2018-12-12,189.260000
2018-12-13,191.730000
2018-12-14,188.070000
2018-12-17,182.200000
2018-12-18,186.500000
2018-12-19,187.700000
2018-12-20,182.310000
2018-12-21,175.050000
2018-12-24,171.500000
2018-12-26,182.270000
2018-12-27,183.970000
2018-12-28,184.160000
2018-12-31,187.000000
2019-01-02,185.490000
2019-01-03,178.770000
2019-01-04,189.480000
2019-01-07,193.450000
2019-01-08,197.170000
2019-01-09,199.020000
2019-01-10,204.310000
2019-01-11,205.780000
2019-01-14,203.440000
2019-01-15,208.510000
2019-01-16,210.590000
2019-01-17,211.690000
2019-01-18,216.390000
2019-01-22,212.880000
2019-01-23,215.300000
2019-01-24,215.140000
2019-01-25,218.010000
2019-01-28,216.240000
2019-01-29,214.510000
2019-01-30,217.730000
2019-01-31,225.200000
2019-02-01,228.510000
2019-02-04,230.060000
2019-02-05,231.850000
2019-02-06,232.190000
2019-02-07,232.210000
2019-02-08,235.980000
2019-02-11,235.740000
2019-02-12,239.690000
2019-02-13,240.640000
2019-02-14,242.460000
2019-02-15,240.640000
2019-02-19,244.340000
2019-02-20,243.630000
2019-02-21,245.470000
2019-02-22,248.650000
2019-02-25,247.020000
2019-02-26,246.510000
2019-02-27,249.060000
2019-02-28,247.820000
2019-03-01,251.580000
2019-03-04,248.050000
2019-03-05,247.260000
2019-03-06,245.430000
2019-03-07,246.800000
2019-03-08,245.600000
2019-03-11,252.760000
2019-03-12,256.750000
2019-03-13,257.810000
2019-03-14,261.240000
2019-03-15,263.380000
2019-03-18,264.180000
2019-03-19,264.610000
2019-03-20,263.390000
2019-03-21,269.070000
2019-03-22,263.330000
2019-03-25,262.580000
2019-03-26,265.510000
2019-03-27,262.940000
2019-03-28,266.450000
2019-03-29,271.630000
2019-04-01,272.770000
2019-04-02,275.590000
2019-04-03,276.630000
2019-04-04,270.630000
2019-04-05,272.310000
2019-04-08,275.450000
2019-04-09,275.790000
2019-04-10,276.310000
2019-04-11,279.340000
2019-04-12,279.110000
2019-04-15,278.230000
2019-04-16,283.390000
2019-04-17,275.440000
2019-04-18,275.460000
2019-04-22,280.250000
2019-04-23,283.750000
2019-04-24,283.000000
2019-04-25,280.500000
2019-04-26,283.680000
2019-04-29,279.810000
2019-04-30,279.750000
2019-05-01,270.900000
2019-05-02,272.500000
2019-05-03,280.250000
2019-05-06,284.470000
2019-05-07,278.920000
2019-05-08,283.120000
2019-05-09,287.210000
2019-05-10,287.330000
2019-05-13,273.070000
2019-05-14,282.360000
2019-05-15,287.300000
2019-05-16,294.250000
2019-05-17,291.850000
2019-05-20,290.160000
2019-05-21,293.450000
2019-05-22,296.910000
2019-05-23,294.320000
2019-05-24,295.730000
2019-05-28,299.140000
2019-05-29,295.880000
2019-05-30,297.560000
2019-05-31,295.900000
2019-06-03,287.560000
2019-06-04,297.390000
2019-06-05,302.000000
2019-06-06,312.170000
2019-06-07,313.150000
2019-06-10,315.240000
2019-06-11,309.910000
2019-06-12,311.480000
2019-06-13,311.670000
2019-06-14,306.200000
2019-06-17,305.950000
2019-06-18,306.110000
2019-06-19,305.660000
2019-06-20,305.920000
2019-06-21,304.580000
2019-06-24,300.740000
2019-06-25,294.890000
2019-06-26,297.880000
2019-06-27,302.100000
2019-06-28,314.020000
2019-07-01,316.740000
2019-07-02,323.570000
2019-07-03,331.400000
2019-07-05,332.430000
2019-07-08,334.600000
2019-07-09,338.100000
2019-07-10,340.810000
2019-07-11,345.740000
2019-07-12,344.430000
2019-07-15,344.640000
2019-07-16,339.000000
2019-07-17,341.490000
2019-07-18,345.280000
2019-07-19,340.630000
2019-07-22,342.500000
2019-07-23,338.090000
2019-07-24,344.880000
2019-07-25,345.740000
2019-07-26,352.670000
2019-07-29,350.190000
2019-07-30,349.880000
2019-07-31,347.420000
2019-08-01,359.810000
2019-08-02,352.300000
2019-08-05,338.650000
2019-08-06,344.540000
2019-08-07,350.810000
2019-08-08,368.170000
2019-08-09,365.160000
2019-08-12,357.900000
2019-08-13,337.330000
2019-08-14,326.930000
2019-08-15,340.980000
2019-08-16,350.120000
2019-08-19,345.470000
2019-08-20,346.400000
2019-08-21,349.680000
2019-08-22,352.540000
2019-08-23,346.190000
2019-08-26,350.370000
2019-08-27,353.350000
2019-08-28,346.360000
2019-08-29,354.180000
2019-08-30,352.720000
2019-09-03,352.000000
2019-09-04,355.500000
2019-09-05,364.820000
2019-09-06,369.400000
2019-09-09,349.260000
2019-09-10,326.200000
2019-09-11,313.930000
2019-09-12,313.260000
2019-09-13,309.340000
2019-09-16,309.910000
2019-09-17,319.460000
2019-09-18,314.900000
2019-09-19,320.990000
2019-09-20,312.240000
2019-09-23,316.510000
2019-09-24,313.280000
2019-09-25,313.460000
2019-09-26,317.590000
2019-09-27,298.980000
2019-09-30,303.520000
2019-10-01,303.280000
2019-10-02,301.080000
2019-10-03,303.830000
2019-10-04,309.950000
2019-10-07,310.310000
2019-10-08,300.720000
2019-10-09,307.990000
2019-10-10,305.500000
2019-10-11,309.220000
2019-10-14,310.570000
2019-10-15,313.370000
2019-10-16,310.500000
2019-10-17,311.980000
2019-10-18,301.860000
2019-10-21,298.000000
2019-10-22,289.020000
2019-10-23,286.040000
2019-10-24,299.580000
2019-10-25,299.280000
2019-10-28,301.850000
2019-10-29,301.850000
2019-10-30,302.240000
2019-10-31,304.040000
2019-11-01,309.120000
2019-11-04,300.820000
2019-11-05,331.370000
2019-11-06,329.930000
2019-11-07,328.780000
2019-11-08,331.590000
2019-11-11,336.110000
2019-11-12,334.420000
2019-11-13,338.030000
2019-11-14,342.820000
2019-11-15,348.110000
2019-11-18,354.250000
2019-11-19,357.000000
2019-11-20,355.620000
2019-11-21,355.360000
2019-11-22,355.690000
2019-11-25,365.320000
2019-11-26,368.980000
2019-11-27,369.290000
2019-11-29,367.750000
2019-12-02,359.920000
2019-12-03,357.740000
2019-12-04,361.890000
2019-12-05,360.970000
2019-12-06,363.830000
2019-12-09,357.710000
2019-12-10,354.180000
2019-12-11,354.500000
2019-12-12,352.830000
2019-12-13,356.880000
2019-12-16,362.280000
2019-12-17,364.120000
2019-12-18,365.770000
2019-12-19,368.200000
2019-12-20,373.540000
2019-12-23,376.060000
2019-12-24,375.700000
2019-12-26,379.350000
2019-12-27,378.800000
2019-12-30,374.420000
2019-12-31,374.680000
2020-01-02,382.920000
2020-01-03,381.920000
2020-01-06,384.000000
2020-01-07,388.490000
2020-01-08,391.330000
2020-01-09,401.510000
2020-01-10,404.010000
2020-01-13,408.920000
2020-01-14,402.770000
2020-01-15,403.870000
2020-01-16,407.840000
2020-01-17,404.970000
2020-01-21,407.530000
2020-01-22,410.970000
2020-01-23,415.080000
2020-01-24,409.300000
2020-01-27,403.750000
2020-01-28,408.940000
2020-01-29,409.350000
2020-01-30,409.890000
2020-01-31,402.380000
2020-02-03,415.830000
2020-02-04,421.580000
2020-02-05,410.810000
2020-02-06,413.720000
2020-02-07,417.600000
2020-02-10,419.720000
2020-02-11,411.750000
2020-02-12,410.570000
2020-02-13,418.090000
2020-02-14,424.580000
2020-02-18,430.550000
2020-02-19,431.780000
2020-02-20,420.120000
2020-02-21,409.480000
2020-02-24,402.710000
2020-02-25,390.380000
2020-02-26,390.360000
2020-02-27,366.100000
2020-02-28,376.030000
2020-03-02,387.060000
2020-03-03,372.610000
2020-03-04,391.570000
2020-03-05,380.400000
2020-03-06,357.930000
2020-03-09,315.860000
2020-03-10,336.560000
2020-03-11,314.540000
2020-03-12,279.130000
2020-03-13,303.550000
2020-03-16,240.680000
2020-03-17,245.690000
2020-03-18,212.000000
2020-03-19,244.780000
2020-03-20,241.430000
2020-03-23,231.140000
2020-03-24,269.310000
2020-03-25,268.930000
2020-03-26,305.000000
2020-03-27,291.060000
2020-03-30,313.830000
2020-03-31,307.690000
2020-04-01,288.820000
2020-04-02,282.920000
2020-04-03,263.850000
2020-04-06,301.600000
2020-04-07,297.590000
2020-04-08,300.690000
2020-04-09,301.110000
2020-04-13,298.000000
2020-04-14,313.180000
2020-04-15,309.960000
2020-04-16,301.520000
2020-04-17,319.260000
2020-04-20,307.340000
2020-04-21,291.560000
2020-04-22,303.880000
2020-04-23,302.260000
2020-04-24,300.040000
2020-04-27,309.660000
2020-04-28,324.890000
2020-04-29,356.990000
2020-04-30,352.940000
2020-05-01,336.610000
2020-05-04,345.830000
2020-05-05,353.410000
2020-05-06,357.300000
2020-05-07,366.580000
2020-05-08,371.100000
2020-05-11,370.580000
2020-05-12,351.580000
2020-05-13,349.940000
2020-05-14,349.920000
2020-05-15,352.360000
2020-05-18,366.670000
2020-05-19,369.080000
2020-05-20,383.600000
2020-05-21,385.180000
2020-05-22,389.400000
2020-05-26,396.550000
2020-05-27,394.940000
2020-05-28,397.610000
2020-05-29,402.650000
2020-06-01,407.840000
2020-06-02,416.240000
2020-06-03,423.920000
2020-06-04,407.070000
2020-06-05,420.710000
2020-06-08,411.900000
2020-06-09,419.510000
2020-06-10,426.870000
2020-06-11,403.410000
2020-06-12,413.520000
2020-06-15,419.540000
2020-06-16,425.320000
2020-06-17,422.430000
2020-06-18,423.990000
2020-06-19,421.900000
2020-06-22,428.470000
2020-06-23,425.530000
2020-06-24,409.060000
2020-06-25,416.370000
2020-06-26,406.200000
2020-06-29,406.030000
2020-06-30,418.040000
2020-07-01,423.570000
2020-07-02,418.770000
2020-07-06,416.850000
2020-07-07,409.800000
2020-07-08,422.000000
2020-07-09,421.760000
2020-07-10,412.170000
2020-07-13,399.620000
2020-07-14,408.590000
2020-07-15,406.010000
2020-07-16,400.290000
2020-07-17,413.150000
2020-07-20,415.730000
2020-07-21,416.910000
2020-07-22,422.100000
2020-07-23,420.570000
2020-07-24,414.330000
2020-07-27,425.720000
2020-07-28,416.300000
2020-07-29,438.390000
2020-07-30,439.100000
2020-07-31,439.190000
2020-08-03,438.170000
2020-08-04,435.770000
2020-08-05,437.440000
2020-08-06,441.060000
2020-08-07,441.720000
2020-08-10,437.260000
2020-08-11,429.420000
2020-08-12,431.700000
2020-08-13,434.800000
2020-08-14,429.670000
2020-08-17,434.560000
2020-08-18,430.140000
2020-08-19,426.500000
2020-08-20,428.510000
2020-08-21,421.600000
2020-08-24,420.660000
2020-08-25,423.420000
2020-08-26,425.380000
2020-08-27,425.010000
2020-08-28,425.480000
2020-08-31,420.790000
2020-09-01,444.710000
2020-09-02,451.020000
2020-09-03,419.340000
2020-09-04,419.430000
2020-09-08,406.320000
2020-09-09,419.700000
2020-09-10,413.370000
2020-09-11,417.390000
2020-09-14,424.630000
2020-09-15,435.720000
2020-09-16,431.250000
2020-09-17,443.260000
2020-09-18,437.010000
2020-09-21,424.240000
2020-09-22,428.330000
2020-09-23,417.420000
2020-09-24,410.000000
2020-09-25,420.200000
2020-09-28,427.520000
2020-09-29,427.210000
2020-09-30,425.380000
2020-10-01,436.990000
2020-10-02,433.720000
2020-10-05,437.350000
2020-10-06,435.830000
2020-10-07,446.440000
2020-10-08,439.190000
2020-10-09,442.300000
2020-10-12,444.520000
2020-10-13,440.170000
2020-10-14,437.730000
2020-10-15,437.010000
2020-10-16,437.400000
2020-10-19,432.430000
2020-10-20,434.810000
2020-10-21,431.770000
2020-10-22,433.060000
2020-10-23,435.600000
2020-10-26,415.590000
2020-10-27,405.840000
2020-10-28,390.150000
2020-10-29,393.430000
2020-10-30,391.450000
2020-11-02,390.850000
2020-11-03,402.710000
2020-11-04,441.650000
2020-11-05,444.600000
2020-11-06,443.850000
2020-11-09,430.500000
2020-11-10,432.890000
2020-11-11,471.780000
2020-11-12,461.720000
2020-11-13,473.250000
2020-11-16,473.250000
2020-11-17,478.020000
2020-11-18,474.280000
2020-11-19,479.300000
2020-11-20,482.790000
2020-11-23,486.170000
2020-11-24,480.020000
2020-11-25,475.570000
2020-11-27,473.520000
2020-11-30,472.780000
2020-12-01,477.350000
2020-12-02,476.010000
2020-12-03,483.520000
2020-12-04,494.810000
2020-12-07,501.640000
2020-12-08,509.970000
2020-12-09,498.320000
2020-12-10,506.910000
2020-12-11,511.910000
2020-12-14,517.640000
2020-12-15,518.330000
2020-12-16,522.410000
2020-12-17,527.430000
2020-12-18,521.980000
2020-12-21,516.230000
2020-12-22,515.620000
2020-12-23,514.070000
2020-12-24,518.450000
2020-12-28,508.420000
2020-12-29,507.510000
2020-12-30,503.950000
2020-12-31,511.040000
2021-01-04,505.260000
2021-01-05,505.010000
2021-01-06,497.010000
2021-01-07,490.110000
2021-01-08,500.360000
2021-01-11,495.670000
2021-01-12,492.280000
2021-01-13,488.960000
2021-01-14,481.380000
2021-01-15,483.300000
2021-01-19,483.720000
2021-01-20,503.050000
2021-01-21,491.320000
2021-01-22,496.160000
2021-01-25,511.080000
2021-01-26,511.560000
2021-01-27,469.070000
2021-01-28,491.150000
2021-01-29,450.110000
2021-02-01,451.980000
2021-02-02,464.270000
2021-02-03,463.630000
2021-02-04,477.550000
2021-02-05,477.920000
2021-02-08,477.680000
2021-02-09,476.980000
2021-02-10,472.070000
2021-02-11,470.330000
2021-02-12,473.780000
2021-02-16,466.130000
2021-02-17,469.240000
2021-02-18,473.090000
2021-02-19,473.820000
2021-02-22,459.340000
2021-02-23,458.570000
2021-02-24,465.060000
2021-02-25,448.250000
2021-02-26,457.550000
2021-03-01,471.950000
2021-03-02,466.380000
2021-03-03,455.130000
2021-03-04,439.270000
2021-03-05,444.740000
2021-03-08,429.860000
2021-03-09,457.170000
2021-03-10,458.730000
2021-03-11,469.090000
2021-03-12,464.330000
2021-03-15,486.470000
2021-03-16,480.000000
2021-03-17,483.520000
2021-03-18,461.620000
2021-03-19,458.870000
2021-03-22,471.800000
2021-03-23,471.930000
2021-03-24,475.390000
2021-03-25,479.480000
2021-03-26,492.910000
2021-03-29,485.140000
2021-03-30,484.000000
2021-03-31,486.050000
2021-04-01,500.950000
2021-04-05,498.790000
2021-04-06,505.010000
2021-04-07,501.480000
2021-04-08,513.740000
2021-04-09,518.350000
2021-04-12,525.110000
2021-04-13,524.780000
2021-04-14,521.570000
2021-04-15,530.910000
2021-04-16,532.950000
2021-04-19,529.990000
2021-04-20,523.600000
2021-04-21,527.640000
2021-04-22,534.010000
2021-04-23,542.490000
2021-04-26,544.420000
2021-04-27,542.550000
2021-04-28,539.470000
2021-04-29,533.000000
2021-04-30,521.410000
2021-05-03,515.750000
2021-05-04,507.240000
2021-05-05,496.360000
2021-05-06,494.210000
2021-05-07,496.170000
2021-05-10,492.900000
2021-05-11,487.060000
2021-05-12,466.160000
2021-05-13,475.780000
2021-05-14,491.410000
2021-05-17,490.190000
2021-05-18,489.920000
2021-05-19,483.770000
2021-05-20,501.240000
2021-05-21,491.730000
2021-05-24,500.300000
2021-05-25,506.600000
2021-05-26,503.510000
2021-05-27,501.650000
2021-05-28,506.060000
2021-06-01,498.960000
2021-06-02,494.690000
2021-06-03,479.760000
2021-06-04,490.340000
2021-06-07,484.710000
2021-06-08,488.170000
2021-06-09,491.190000
2021-06-10,496.420000
2021-06-11,504.780000
2021-06-14,505.600000
2021-06-15,499.520000
2021-06-16,493.600000
2021-06-17,500.940000
2021-06-18,502.350000
2021-06-21,506.320000
2021-06-22,506.020000
2021-06-23,496.960000
2021-06-24,501.010000
2021-06-25,500.980000
2021-06-28,506.370000
2021-06-29,511.770000
2021-06-30,502.680000
2021-07-01,500.320000
2021-07-02,507.810000
2021-07-06,516.710000
2021-07-07,521.370000
2021-07-08,515.070000
2021-07-09,524.050000
2021-07-12,517.700000
2021-07-13,516.990000
2021-07-14,521.620000
2021-07-15,519.330000
2021-07-16,523.930000
2021-07-19,521.880000
2021-07-20,533.300000
2021-07-21,540.830000
2021-07-22,550.240000
2021-07-23,552.880000
2021-07-26,539.940000
2021-07-27,529.790000
2021-07-28,527.460000
2021-07-29,527.780000
2021-07-30,523.910000
2021-08-02,526.050000
2021-08-03,513.610000
2021-08-04,501.310000
2021-08-05,487.000000
2021-08-06,477.610000
2021-08-09,469.900000
2021-08-10,459.520000
2021-08-11,460.040000
2021-08-12,454.220000
2021-08-13,451.650000
2021-08-16,448.120000
2021-08-17,457.330000
2021-08-18,450.040000
2021-08-19,447.160000
2021-08-20,442.380000
2021-08-23,448.430000
2021-08-24,454.280000
2021-08-25,458.150000
2021-08-26,450.550000
2021-08-27,459.500000
2021-08-30,455.140000
2021-08-31,459.740000
2021-09-01,468.980000
2021-09-02,471.970000
2021-09-03,467.230000
2021-09-07,462.290000
2021-09-08,462.640000
2021-09-09,461.590000
2021-09-10,451.380000
2021-09-13,444.350000
2021-09-14,439.270000
2021-09-15,440.500000
2021-09-16,444.440000
2021-09-17,434.250000
2021-09-20,426.560000
2021-09-21,419.820000
2021-09-22,417.960000
2021-09-23,423.350000
2021-09-24,419.310000
2021-09-27,416.360000
2021-09-28,404.420000
2021-09-29,399.750000
2021-09-30,397.930000
2021-10-01,406.080000
2021-10-04,396.120000
2021-10-05,395.770000
2021-10-06,400.160000
2021-10-07,406.450000
2021-10-08,400.960000
2021-10-11,394.540000
2021-10-12,399.160000
2021-10-13,397.260000
2021-10-14,408.230000
2021-10-15,409.800000
2021-10-18,415.220000
2021-10-19,415.450000
2021-10-20,410.640000
2021-10-21,407.830000
2021-10-22,410.050000
2021-10-25,413.990000
2021-10-26,410.820000
2021-10-27,395.050000
2021-10-28,395.340000
2021-10-29,398.200000
2021-11-01,400.260000
2021-11-02,390.540000
2021-11-03,384.000000
2021-11-04,382.850000
2021-11-05,380.200000
2021-11-08,398.180000
2021-11-09,403.740000
2021-11-10,388.610000
2021-11-11,377.810000
2021-11-12,375.670000
2021-11-15,390.660000
2021-11-16,377.860000
2021-11-17,362.580000
2021-11-18,352.760000
2021-11-19,357.510000
2021-11-22,354.180000
2021-11-23,349.930000
2021-11-24,353.370000
2021-11-26,345.620000
2021-11-29,350.660000
2021-11-30,353.130000
2021-12-01,363.580000
2021-12-02,380.550000
2021-12-03,381.510000
2021-12-06,399.280000
2021-12-07,400.330000
2021-12-08,404.400000
2021-12-09,406.990000
2021-12-10,407.490000
2021-12-13,414.040000
2021-12-14,407.770000
2021-12-15,415.010000
2021-12-16,408.460000
2021-12-17,412.250000
2021-12-20,423.130000
2021-12-21,424.720000
2021-12-22,430.260000
2021-12-23,435.100000
2021-12-27,434.880000
2021-12-28,433.700000
2021-12-29,439.630000
2021-12-30,437.110000
2021-12-31,433.670000
2022-01-03,443.130000
2022-01-04,445.830000
2022-01-05,425.890000
2022-01-06,443.530000
2022-01-07,440.050000
2022-01-10,440.190000
2022-01-11,448.500000
2022-01-12,451.980000
2022-01-13,438.580000
2022-01-14,436.440000
2022-01-18,435.940000
2022-01-19,438.800000
2022-01-20,430.970000
2022-01-21,427.030000
2022-01-24,439.450000
2022-01-25,416.770000
2022-01-26,417.290000
2022-01-27,422.990000
2022-01-28,493.120000
2022-01-31,494.990000
2022-02-01,497.540000
2022-02-02,504.660000
2022-02-03,495.220000
2022-02-04,502.060000
2022-02-07,502.740000
2022-02-08,512.480000
2022-02-09,523.430000
2022-02-10,516.820000
2022-02-11,516.620000
2022-02-14,512.400000
2022-02-15,517.930000
2022-02-16,511.560000
2022-02-17,508.930000
2022-02-18,498.200000
2022-02-22,485.160000
2022-02-23,454.800000
2022-02-24,472.450000
2022-02-25,473.390000
2022-02-28,471.190000
2022-03-01,475.460000
2022-03-02,490.000000
2022-03-03,481.970000
2022-03-04,497.230000
2022-03-07,477.020000
2022-03-08,468.910000
2022-03-09,485.920000
2022-03-10,481.610000
2022-03-11,463.180000
2022-03-14,466.030000
2022-03-15,478.680000
2022-03-16,483.720000
2022-03-17,480.200000
2022-03-18,491.650000
2022-03-21,483.730000
2022-03-22,484.790000
2022-03-23,464.420000
2022-03-24,465.170000
2022-03-25,457.500000
2022-03-28,462.390000
2022-03-29,479.360000
2022-03-30,476.960000
2022-03-31,466.460000
2022-04-01,449.290000
2022-04-04,452.430000
2022-04-05,439.910000
2022-04-06,419.100000
2022-04-07,421.180000
2022-04-08,418.750000
2022-04-11,411.010000
2022-04-12,407.400000
2022-04-13,414.980000
2022-04-14,413.720000
2022-04-18,404.740000
2022-04-19,409.550000
2022-04-20,408.090000
2022-04-21,386.670000
2022-04-22,382.600000
2022-04-25,386.500000
2022-04-26,369.340000
2022-04-27,375.280000
2022-04-28,385.380000
2022-04-29,373.510000
2022-05-02,374.090000
2022-05-03,370.520000
2022-05-04,378.420000
2022-05-05,362.670000
2022-05-06,349.890000
2022-05-09,341.440000
2022-05-10,358.410000
2022-05-11,351.090000
2022-05-12,352.730000
2022-05-13,361.530000
2022-05-16,364.400000
2022-05-17,379.600000
2022-05-18,375.630000
2022-05-19,378.720000
2022-05-20,395.420000
2022-05-23,398.720000
2022-05-24,390.840000
2022-05-25,398.100000
2022-05-26,401.620000
2022-05-27,410.920000
2022-05-31,409.550000
2022-06-01,406.250000
2022-06-02,419.560000
2022-06-03,420.450000
2022-06-06,416.590000
2022-06-07,421.880000
2022-06-08,408.480000
2022-06-09,404.830000
2022-06-10,401.810000
2022-06-13,381.140000
2022-06-14,379.410000
2022-06-15,395.800000
2022-06-16,374.790000
2022-06-17,379.030000
2022-06-21,385.010000
2022-06-22,386.630000
2022-06-23,402.240000
2022-06-24,416.150000
2022-06-27,415.030000
2022-06-28,401.360000
2022-06-29,401.060000
2022-06-30,400.900000
2022-07-01,408.260000
2022-07-05,411.330000
2022-07-06,419.000000
2022-07-07,423.610000
2022-07-08,418.850000
2022-07-11,417.820000
2022-07-12,412.130000
2022-07-13,416.320000
2022-07-14,419.500000
2022-07-15,428.300000
2022-07-18,425.400000
2022-07-19,440.430000
2022-07-20,450.000000
2022-07-21,466.220000
2022-07-22,467.650000
2022-07-25,469.700000
2022-07-26,427.620000
2022-07-27,437.670000
2022-07-28,456.270000
2022-07-29,462.030000
2022-08-01,460.700000
2022-08-02,462.600000
2022-08-03,470.460000
2022-08-04,475.400000
2022-08-05,482.470000
2022-08-08,489.840000
2022-08-09,490.580000
2022-08-10,501.110000
2022-08-11,486.230000
2022-08-12,490.750000
2022-08-15,489.790000
2022-08-16,501.490000
2022-08-17,499.180000
2022-08-18,497.380000
2022-08-19,489.790000
2022-08-22,477.920000
2022-08-23,476.130000
2022-08-24,478.720000
2022-08-25,485.580000
2022-08-26,476.850000
2022-08-29,462.540000
2022-08-30,455.830000
2022-08-31,449.400000
2022-09-01,442.820000
2022-09-02,439.780000
2022-09-06,441.630000
2022-09-07,449.540000
2022-09-08,451.610000
2022-09-09,451.770000
2022-09-12,460.670000
2022-09-13,454.330000
2022-09-14,463.980000
2022-09-15,458.000000
2022-09-16,465.950000
2022-09-19,449.840000
2022-09-20,450.070000
2022-09-21,449.700000
2022-09-22,439.590000
2022-09-23,427.910000
2022-09-26,428.180000
2022-09-27,425.570000
2022-09-28,433.030000
2022-09-29,424.840000
2022-09-30,412.010000
2022-10-03,423.910000
2022-10-04,441.140000
2022-10-05,439.980000
2022-10-06,413.820000
2022-10-07,402.200000
2022-10-10,396.310000
2022-10-11,405.730000
2022-10-12,405.310000
2022-10-13,404.070000
2022-10-14,400.410000
2022-10-17,409.280000
2022-10-18,420.010000
2022-10-19,408.950000
2022-10-20,408.590000
2022-10-21,409.660000
2022-10-24,415.880000
2022-10-25,432.750000
2022-10-26,447.560000
2022-10-27,474.570000
2022-10-28,485.110000
2022-10-31,478.840000
2022-11-01,476.120000
2022-11-02,447.500000
2022-11-03,436.680000
2022-11-04,435.350000
2022-11-07,436.850000
2022-11-08,450.530000
2022-11-09,443.770000
2022-11-10,581.780000
2022-11-11,607.570000
2022-11-14,592.900000
2022-11-15,616.490000
2022-11-16,617.870000
2022-11-17,586.710000
2022-11-18,576.200000
2022-11-21,581.490000
2022-11-22,577.900000
2022-11-23,579.290000
2022-11-25,589.070000
2022-11-28,587.680000
2022-11-29,590.740000
2022-11-30,619.720000
2022-12-01,621.140000
2022-12-02,621.320000
2022-12-05,612.100000
2022-12-06,609.610000
2022-12-07,613.500000
2022-12-08,624.990000
2022-12-09,615.450000
2022-12-12,616.310000
2022-12-13,620.560000
2022-12-14,606.680000
2022-12-15,598.210000
2022-12-16,590.630000
2022-12-19,585.650000
2022-12-20,591.150000
2022-12-21,614.200000
2022-12-22,614.520000
2022-12-23,616.760000
2022-12-27,614.300000
2022-12-28,606.840000
2022-12-29,600.900000
2022-12-30,598.580000
2023-01-03,591.190000
2023-01-04,609.040000
2023-01-05,596.900000
2023-01-06,601.940000
2023-01-09,593.870000
2023-01-10,585.860000
2023-01-11,598.970000
2023-01-12,605.580000
2023-01-13,617.920000
2023-01-17,627.880000
2023-01-18,629.970000
2023-01-19,623.860000
2023-01-20,649.180000
2023-01-23,649.950000
2023-01-24,640.220000
2023-01-25,642.830000
2023-01-26,646.050000
2023-01-27,660.250000
2023-01-30,644.280000
2023-01-31,665.950000
2023-02-01,682.680000
2023-02-02,690.320000
2023-02-03,681.320000
2023-02-06,673.450000
2023-02-07,677.530000
2023-02-08,676.850000
2023-02-09,677.740000
2023-02-10,679.730000
2023-02-13,694.240000
2023-02-14,698.060000
2023-02-15,698.940000
2023-02-16,687.800000
2023-02-17,682.190000
2023-02-21,665.000000
2023-02-22,663.480000
2023-02-23,671.670000
2023-02-24,665.940000
2023-02-27,670.410000
2023-02-28,677.390000
2023-03-01,682.790000
2023-03-02,687.520000
2023-03-03,705.230000
2023-03-06,696.580000
2023-03-07,701.730000
2023-03-08,700.540000
2023-03-09,696.430000
2023-03-10,695.760000
2023-03-13,682.890000
2023-03-14,696.890000
2023-03-15,668.300000
2023-03-16,679.970000
2023-03-17,654.940000
2023-03-20,682.550000
2023-03-21,696.880000
2023-03-22,678.700000
2023-03-23,680.850000
2023-03-24,690.940000
2023-03-27,688.630000
2023-03-28,679.520000
2023-03-29,698.130000
2023-03-30,696.400000
2023-03-31,702.690000
2023-04-03,689.840000
2023-04-04,689.290000
2023-04-05,676.620000
2023-04-06,672.420000
2023-04-10,679.570000
2023-04-11,678.960000
2023-04-12,684.430000
2023-04-13,698.780000
2023-04-14,698.060000
2023-04-17,696.470000
2023-04-18,697.370000
2023-04-19,695.310000
2023-04-20,703.440000
2023-04-21,719.230000
2023-04-24,713.560000
2023-04-25,709.520000
2023-04-26,714.360000
2023-04-27,734.680000
2023-04-28,727.950000
2023-05-01,745.990000
2023-05-02,739.710000
2023-05-03,752.390000
2023-05-04,736.650000
2023-05-05,731.980000
2023-05-08,736.410000
2023-05-09,737.240000
2023-05-10,757.900000
2023-05-11,749.290000
2023-05-12,743.830000
2023-05-15,756.140000
2023-05-16,754.130000
2023-05-17,749.210000
2023-05-18,765.940000
2023-05-19,755.790000
2023-05-22,776.730000
2023-05-23,760.210000
2023-05-24,765.210000
2023-05-25,772.130000
2023-05-26,791.620000
2023-05-30,790.410000
2023-05-31,787.670000
2023-06-01,793.240000
2023-06-02,790.840000
2023-06-05,791.600000
2023-06-06,789.990000
2023-06-07,757.180000
2023-06-08,766.690000
2023-06-09,774.710000
2023-06-12,800.180000
2023-06-13,801.580000
2023-06-14,795.250000
2023-06-15,802.110000
2023-06-16,799.960000
2023-06-20,795.540000
2023-06-21,790.500000
2023-06-22,786.850000
2023-06-23,776.050000
2023-06-26,768.480000
2023-06-27,775.540000
2023-06-28,787.840000
2023-06-29,796.540000
2023-06-30,809.210000
2023-07-03,795.000000
2023-07-05,791.970000
2023-07-06,782.400000
2023-07-07,793.790000
2023-07-10,802.380000
2023-07-11,808.410000
2023-07-12,810.970000
2023-07-13,810.800000
2023-07-14,824.450000
2023-07-17,837.240000
2023-07-18,843.670000
2023-07-19,844.850000
2023-07-20,852.160000
2023-07-21,860.000000
2023-07-24,834.780000
2023-07-25,852.490000
2023-07-26,834.750000
2023-07-27,820.320000
2023-07-28,824.970000
2023-07-31,838.010000
2023-08-01,829.690000
2023-08-02,822.190000
2023-08-03,855.180000
2023-08-04,841.020000
2023-08-07,861.270000
2023-08-08,856.160000
2023-08-09,854.770000
2023-08-10,859.090000
2023-08-11,860.110000
2023-08-14,875.660000
2023-08-15,871.090000
2023-08-16,848.800000
2023-08-17,843.480000
2023-08-18,846.130000
2023-08-21,845.400000
2023-08-22,843.510000
2023-08-23,859.910000
2023-08-24,846.910000
2023-08-25,851.890000
2023-08-28,865.000000
2023-08-29,888.340000
2023-08-30,898.690000
2023-08-31,904.590000
2023-09-01,896.560000
2023-09-05,892.710000
2023-09-06,907.880000
2023-09-07,904.220000
2023-09-08,899.720000
2023-09-11,904.930000
2023-09-12,890.350000
2023-09-13,897.460000
2023-09-14,906.520000
2023-09-15,891.400000
2023-09-18,903.120000
2023-09-19,909.970000
2023-09-20,903.870000
2023-09-21,889.840000
2023-09-22,889.510000
2023-09-25,889.980000
2023-09-26,871.220000
2023-09-27,885.610000
2023-09-28,886.840000
2023-09-29,868.530000
2023-10-02,863.590000
2023-10-03,836.540000
2023-10-04,860.850000
2023-10-05,862.530000
2023-10-06,873.520000
2023-10-09,889.390000
2023-10-10,889.150000
2023-10-11,904.680000
2023-10-12,892.340000
2023-10-13,895.340000
2023-10-16,886.600000
2023-10-17,918.290000
2023-10-18,914.700000
2023-10-19,919.260000
2023-10-20,912.000000
2023-10-23,927.190000
2023-10-24,862.120000
2023-10-25,825.100000
2023-10-26,829.720000
2023-10-27,848.100000
2023-10-30,851.290000
2023-10-31,845.870000
2023-11-01,870.990000
2023-11-02,900.690000
2023-11-03,930.410000
2023-11-06,927.760000
2023-11-07,938.400000
2023-11-08,940.430000
2023-11-09,962.700000
2023-11-10,996.700000
2023-11-13,1012.270000
2023-11-14,1027.150000
2023-11-15,1020.960000
2023-11-16,1034.060000
2023-11-17,1042.270000
2023-11-20,1051.450000
2023-11-21,1054.900000
2023-11-22,1065.170000
2023-11-24,1069.540000
2023-11-27,1081.960000
2023-11-28,1073.310000
2023-11-29,1075.100000
2023-11-30,1087.600000
2023-12-01,1127.710000
2023-12-04,1122.430000
2023-12-05,1131.040000
2023-12-06,1111.610000
2023-12-07,1118.060000
2023-12-08,1134.390000
2023-12-11,1145.820000
2023-12-12,1159.220000
2023-12-13,1166.780000
2023-12-14,1129.590000
2023-12-15,1129.780000
2023-12-18,1148.770000
2023-12-19,1152.510000
2023-12-20,1155.150000
2023-12-21,1165.460000
2023-12-22,1168.880000
2023-12-26,1164.620000
2023-12-27,1170.610000
2023-12-28,1169.340000
2023-12-29,1164.010000
2024-01-02,1131.160000
2024-01-03,1122.370000
2024-01-04,1117.460000
2024-01-05,1115.460000
2024-01-08,1152.430000
2024-01-09,1159.660000
2024-01-10,1200.230000
2024-01-11,1214.840000
2024-01-12,1230.990000
2024-01-16,1224.390000
2024-01-17,1230.160000
2024-01-18,1250.420000
2024-01-19,1260.210000
2024-01-22,1288.320000
2024-01-23,1281.510000
2024-01-24,1275.550000
2024-01-25,1284.270000
2024-01-26,1196.360000
2024-01-29,1222.380000
2024-01-30,1197.060000
2024-01-31,1198.830000
2024-02-01,1243.170000
2024-02-02,1255.300000
2024-02-05,1256.130000
2024-02-06,1259.810000
2024-02-07,1280.450000
2024-02-08,1321.440000
2024-02-09,1323.810000
2024-02-12,1298.350000
2024-02-13,1269.480000
2024-02-14,1293.840000
2024-02-15,1302.700000
2024-02-16,1282.060000
2024-02-20,1259.200000
2024-02-21,1246.560000
2024-02-22,1288.260000
2024-02-23,1282.330000
2024-02-26,1288.250000
2024-02-27,1276.030000
2024-02-28,1274.630000
2024-02-29,1269.910000
2024-03-01,1295.200000
2024-03-04,1301.250000
2024-03-05,1263.650000
2024-03-06,1288.110000
2024-03-07,1334.990000
2024-03-08,1300.450000
2024-03-11,1282.680000
2024-03-12,1328.590000
2024-03-13,1245.820000
2024-03-14,1202.000000
2024-03-15,1211.810000
2024-03-18,1222.740000
2024-03-19,1235.630000
2024-03-20,1245.400000
2024-03-21,1280.020000
2024-03-22,1276.740000
2024-03-25,1266.610000
2024-03-26,1282.470000
2024-03-27,1258.510000
2024-03-28,1249.610000
2024-04-01,1254.370000
2024-04-02,1247.290000
2024-04-03,1248.550000
2024-04-04,1219.850000
2024-04-05,1231.650000
2024-04-08,1238.880000
2024-04-09,1219.080000
2024-04-10,1181.230000
2024-04-11,1191.680000
2024-04-12,1175.610000
2024-04-15,1150.520000
2024-04-16,1152.700000
2024-04-17,1153.280000
2024-04-18,1162.250000
2024-04-19,1130.060000
2024-04-22,1150.660000
2024-04-23,1188.190000
2024-04-24,1193.030000
2024-04-25,1193.660000
2024-04-26,1110.850000
2024-04-29,1143.060000
2024-04-30,1133.330000
2024-05-01,1140.730000
2024-05-02,1165.350000
2024-05-03,1193.010000
2024-05-06,1242.630000
2024-05-07,1240.620000
2024-05-08,1251.440000
2024-05-09,1286.780000
2024-05-10,1328.610000
2024-05-13,1332.530000
2024-05-14,1353.930000
2024-05-15,1368.160000
2024-05-16,1404.430000
2024-05-17,1411.350000
2024-05-20,1446.280000
2024-05-21,1374.800000
2024-05-22,1366.640000
2024-05-23,1353.180000
2024-05-24,1384.640000
2024-05-28,1385.130000
2024-05-29,1356.300000
2024-05-30,1302.660000
2024-05-31,1289.930000
2024-06-03,1293.820000
2024-06-04,1302.740000
2024-06-05,1351.070000
2024-06-06,1329.880000
2024-06-07,1310.320000
2024-06-10,1310.150000
2024-06-11,1315.330000
2024-06-12,1378.360000
2024-06-13,1379.010000
2024-06-14,1390.590000
2024-06-17,1409.960000
2024-06-18,1421.800000
2024-06-20,1412.760000
2024-06-21,1436.110000
2024-06-24,1441.500000
2024-06-25,1457.290000
2024-06-26,1470.000000
2024-06-27,1477.510000
2024-06-28,1488.660000
2024-07-01,1496.510000
2024-07-02,1529.380000
2024-07-03,1530.060000
2024-07-05,1551.550000
2024-07-08,1530.060000
2024-07-09,1568.060000
2024-07-10,1534.090000
2024-07-11,1567.520000
2024-07-12,1588.520000
2024-07-15,1590.030000
2024-07-16,1614.770000
2024-07-17,1602.800000
2024-07-18,1584.760000
2024-07-19,1590.790000
2024-07-22,1632.170000
2024-07-23,1628.120000
2024-07-24,1559.240000
2024-07-25,1576.930000
2024-07-26,1605.940000
2024-07-29,1588.720000
2024-07-30,1588.500000
2024-07-31,1600.000000
2024-08-01,1578.950000
2024-08-02,1600.380000
2024-08-05,1581.820000
2024-08-06,1654.990000
2024-08-07,1668.630000
2024-08-08,1717.120000
2024-08-09,1752.250000
2024-08-12,1720.000000
2024-08-13,1774.660000
2024-08-14,1809.750000
2024-08-15,1733.790000
2024-08-16,1751.700000
2024-08-19,1753.700000
2024-08-20,1750.000000
2024-08-21,1751.600000
2024-08-22,1737.160000
2024-08-23,1745.380000
2024-08-26,1706.270000
2024-08-27,1714.900000
2024-08-28,1722.350000
2024-08-29,1713.290000
2024-08-30,1730.270000
2024-09-03,1688.410000
2024-09-04,1751.250000
2024-09-05,1757.140000
2024-09-06,1734.010000
2024-09-09,1776.490000
2024-09-10,1797.280000
2024-09-11,1834.230000
2024-09-12,1862.080000
2024-09-13,1868.960000
2024-09-16,1894.980000
2024-09-17,1884.450000
2024-09-18,1900.330000
2024-09-19,1929.210000
2024-09-20,1934.630000
2024-09-23,1947.380000
2024-09-24,1916.900000
2024-09-25,1909.850000
2024-09-26,1923.810000
2024-09-27,1919.650000
2024-09-30,1943.520000
2024-10-01,1915.690000
2024-10-02,1938.160000
2024-10-03,1935.950000
2024-10-04,1913.380000
2024-10-07,1955.000000
2024-10-08,1989.580000
2024-10-09,2024.990000
2024-10-10,1984.520000
2024-10-11,2031.000000
2024-10-14,2068.910000
2024-10-15,2061.050000
2024-10-16,2051.780000
2024-10-17,2038.950000
2024-10-18,1973.460000
2024-10-21,1994.450000
2024-10-22,2027.820000
2024-10-23,1998.660000
2024-10-24,1994.050000
2024-10-25,1999.970000
2024-10-28,1996.880000
2024-10-29,2021.860000
2024-10-30,2006.990000
2024-10-31,1993.110000
2024-11-01,1988.910000
2024-11-04,1990.940000
2024-11-05,2009.750000
2024-11-06,2090.630000
2024-11-07,2176.100000
2024-11-08,2332.290000
2024-11-11,2350.000000
2024-11-12,2348.100000
2024-11-13,2348.450000
2024-11-14,2323.170000
2024-11-15,2261.000000
2024-11-18,2272.310000
2024-11-19,2284.430000
2024-11-20,2309.600000
2024-11-21,2337.830000
2024-11-22,2355.350000
2024-11-25,2360.220000
2024-11-26,2382.400000
2024-11-27,2354.000000
2024-11-29,2375.030000
2024-12-02,2332.110000
2024-12-03,2345.320000
2024-12-04,2375.830000
2024-12-05,2367.160000
2024-12-06,2371.830000
2024-12-09,2227.110000
2024-12-10,2172.690000
2024-12-11,2196.050000
2024-12-12,2190.920000
2024-12-13,2168.890000
2024-12-16,2170.490000
2024-12-17,2138.180000
2024-12-18,2051.100000
2024-12-19,2044.890000
2024-12-20,2090.980000
2024-12-23,2080.430000
2024-12-24,2104.990000
2024-12-26,2062.710000
2024-12-27,2037.330000
2024-12-30,2013.650000
2024-12-31,1990.930000
2025-01-02,1995.920000
2025-01-03,1966.260000
2025-01-06,1968.010000
2025-01-07,1935.160000
2025-01-08,1964.420000
2025-01-10,1917.630000
2025-01-13,1911.980000
2025-01-14,1949.530000
2025-01-15,2030.470000
2025-01-16,1969.680000
2025-01-17,1900.540000
2025-01-21,1894.190000
2025-01-22,1880.320000
2025-01-23,1854.600000
2025-01-24,1814.850000
2025-01-27,1842.640000
2025-01-28,1851.100000
2025-01-29,1860.210000
2025-01-30,1866.420000
2025-01-31,1873.560000
2025-02-03,1827.960000
2025-02-04,1809.700000
2025-02-05,1847.800000
2025-02-06,1887.300000
2025-02-07,1858.860000
2025-02-10,1857.350000
2025-02-11,1797.170000
2025-02-12,1767.410000
2025-02-13,1802.790000
2025-02-14,1799.190000
2025-02-18,1794.240000
2025-02-19,1755.260000
2025-02-20,1725.540000
2025-02-21,1698.110000
2025-02-24,1732.200000
2025-02-25,1816.760000
2025-02-26,1869.970000
2025-02-27,1836.180000
2025-02-28,1886.350000
2025-03-03,1864.880000
2025-03-04,1871.030000
2025-03-05,1873.010000
2025-03-06,1816.510000
2025-03-07,1834.130000
2025-03-10,1695.350000
2025-03-11,1722.850000
2025-03-12,1779.000000
2025-03-13,1743.540000
2025-03-14,1799.900000
2025-03-17,1845.850000
2025-03-18,1813.610000
2025-03-19,1872.990000
2025-03-20,1853.460000
2025-03-21,1853.290000
2025-03-24,1897.660000
2025-03-25,1919.640000
2025-03-26,1887.000000
2025-03-27,1872.280000
2025-03-28,1835.240000
2025-03-31,1844.160000
2025-04-01,1868.470000
2025-04-02,1889.890000
2025-04-03,1801.050000
2025-04-04,1673.980000
2025-04-07,1713.200000
2025-04-08,1677.110000
2025-04-09,1848.000000
2025-04-10,1850.060000
2025-04-11,1888.450000
2025-04-14,1932.740000
2025-04-15,1923.930000
2025-04-16,1899.780000
2025-04-17,1908.690000
2025-04-21,1816.080000
2025-04-22,1872.900000
2025-04-23,1926.060000
2025-04-24,1936.810000
2025-04-25,1952.310000
2025-04-28,1943.270000
2025-04-29,1961.500000
2025-04-30,1989.680000
2025-05-01,2001.680000
2025-05-02,2048.170000
2025-05-05,2080.410000
2025-05-06,2060.860000
2025-05-07,2095.030000
2025-05-08,2105.760000
2025-05-09,2088.220000
2025-05-12,2130.000000
2025-05-13,2136.030000
2025-05-14,2125.900000
2025-05-15,2180.440000
2025-05-16,2201.890000
2025-05-19,2206.010000
2025-05-20,2027.000000
2025-05-21,1707.940000
2025-05-22,1700.320000
2025-05-23,1694.360000
2025-05-27,1503.620000
2025-05-28,1619.940000
2025-05-29,1685.000000
2025-05-30,1726.280000
2025-06-02,1748.260000
2025-06-03,1741.550000
2025-06-04,1755.030000
2025-06-05,1771.900000
2025-06-06,1775.100000
2025-06-09,1749.410000
2025-06-10,1785.000000
2025-06-11,1805.000000
2025-06-12,1784.370000
2025-06-13,1784.570000
2025-06-16,1814.390000
2025-06-17,1776.940000
2025-06-18,1763.640000
2025-06-20,1804.820000
2025-06-23,1881.250000
2025-06-24,1926.520000
2025-06-25,1893.450000
2025-06-26,1815.840000
2025-06-27,1816.260000
2025-06-30,1827.960000
2025-07-01,1843.180000
2025-07-02,1842.780000
2025-07-03,1855.380000
2025-07-07,1869.830000
2025-07-08,1703.170000
2025-07-09,1591.730000
2025-07-10,1584.380000
2025-07-11,1544.230000
2025-07-14,1547.020000
2025-07-15,1507.150000
2025-07-16,1536.750000
2025-07-17,1525.290000
2025-07-18,1541.620000
2025-07-21,1531.090000
2025-07-22,1531.630000
2025-07-23,1531.260000
2025-07-24,1535.800000
2025-07-25,1532.520000
2025-07-28,1513.730000
2025-07-29,1505.060000
2025-07-30,1527.800000
2025-07-31,1436.720000
2025-08-01,1381.070000
2025-08-04,1360.990000
2025-08-05,1343.120000
2025-08-06,1393.610000
2025-08-07,1333.620000
2025-08-08,1320.880000
2025-08-11,1311.260000
2025-08-12,1318.700000
2025-08-13,1335.290000
2025-08-14,1318.180000
2025-08-15,1343.160000
2025-08-18,1350.140000
2025-08-19,1384.930000
2025-08-20,1344.110000
2025-08-21,1361.720000
2025-08-22,1415.900000
2025-08-25,1423.870000
2025-08-26,1420.130000
2025-08-27,1419.370000
2025-08-28,1506.370000
2025-08-29,1521.640000
2025-09-02,1504.880000
2025-09-03,1520.750000
2025-09-04,1518.920000
2025-09-05,1531.990000
2025-09-08,1538.200000
2025-09-09,1546.560000
2025-09-10,1530.360000
2025-09-11,1596.560000
2025-09-12,1544.050000
2025-09-15,1555.210000
2025-09-16,1553.540000
2025-09-17,1551.830000
2025-09-18,1522.100000
2025-09-19,1477.210000
2025-09-22,1538.950000
2025-09-23,1534.770000
2025-09-24,1543.180000
2025-09-25,1548.360000
2025-09-26,1518.780000
2025-09-29,1525.440000
2025-09-30,1496.530000
2025-10-01,1512.710000
2025-10-02,1784.680000
2025-10-03,1850.650000
2025-10-06,1850.180000
2025-10-07,1879.550000
2025-10-08,1695.010000
2025-10-09,1708.770000
2025-10-10,1665.210000
2025-10-13,1649.990000
2025-10-14,1649.510000
2025-10-15,1636.650000
2025-10-16,1620.140000
2025-10-17,1616.000000
2025-10-20,1620.390000
2025-10-21,1565.830000
2025-10-22,1573.940000
2025-10-23,1615.360000
2025-10-24,1667.000000
2025-10-27,1685.090000
2025-10-28,1666.640000
2025-10-29,1566.900000
2025-10-30,1585.360000
2025-10-31,1659.530000
2025-11-03,1650.510000
2025-11-04,1606.100000
2025-11-05,1629.200000
2025-11-06,1674.800000
2025-11-07,1740.000000
2025-11-10,1756.340000
2025-11-11,1797.690000
2025-11-12,1777.910000
2025-11-13,1737.270000
2025-11-14,1741.370000
2025-11-17,1760.250000
2025-11-18,1724.970000
2025-11-19,1736.160000
2025-11-20,1720.550000
2025-11-21,1788.200000
2025-11-24,1748.250000
2025-11-25,1810.000000
2025-11-26,1797.270000
2025-11-28,1805.830000
2025-12-01,1768.680000
2025-12-02,1778.710000
2025-12-03,1762.350000
2025-12-04,1771.870000
2025-12-05,1798.530000
2025-12-08,1760.450000
2025-12-09,1751.690000
2025-12-10,1752.240000
2025-12-11,1825.830000
2025-12-12,1844.980000
2025-12-15,1807.730000
2025-12-16,1792.130000
2025-12-17,1755.020000
2025-12-18,1761.410000
2025-12-19,1748.430000
2025-12-22,1742.630000
2025-12-23,1725.780000
2025-12-24,1731.010000
2025-12-26,1753.190000
2025-12-29,1771.690000
2025-12-30,1745.750000
2025-12-31,1690.620000
2026-01-02,1643.270000
2026-01-05,1653.480000
2026-01-06,1599.960000
2026-01-07,1580.510000
2026-01-08,1585.600000
2026-01-09,1665.530000
2026-01-12,1631.310000
2026-01-13,1623.180000
2026-01-14,1616.290000
2026-01-15,1581.190000
2026-01-16,1567.190000
2026-01-20,1494.500000
2026-01-21,1535.540000
2026-01-22,1556.950000
2026-01-23,1544.690000
2026-01-26,1550.740000
2026-01-27,1545.000000
2026-01-28,1525.670000
2026-01-29,1501.750000
2026-01-30,1463.170000
2026-02-02,1450.910000
2026-02-03,1328.070000
2026-02-04,1386.880000
2026-02-05,1357.340000
2026-02-06,1391.000000
2026-02-09,1372.760000
2026-02-10,1380.680000
2026-02-11,1363.310000
2026-02-12,1337.640000
2026-02-13,1344.740000
2026-02-17,1351.600000
2026-02-18,1366.930000
2026-02-19,1352.730000
2026-02-20,1350.450000
2026-02-23,1281.640000
2026-02-24,1227.630000
2026-02-25,1300.940000
2026-02-26,1388.440000
2026-02-27,1409.360000
2026-03-02,1407.540000
2026-03-03,1448.020000
2026-03-04,1464.010000
2026-03-05,1475.090000
2026-03-06,1476.000000
2026-03-09,1441.200000
2026-03-10,1285.150000
2026-03-11,1165.230000
2026-03-12,1093.620000
2026-03-13,1131.220000
2026-03-16,1161.530000
2026-03-17,1199.930000
2026-03-18,1203.700000
2026-03-19,1113.160000
2026-03-20,1127.620000
2026-03-23,1063.330000
2026-03-24,995.000000
2026-03-25,1043.100000
2026-03-26,1039.840000
2026-03-27,1011.060000
2026-03-30,1047.940000
2026-03-31,1067.540000
2026-04-01,1061.990000
2026-04-02,1089.760000
2026-04-06,1094.320000
2026-04-07,1082.080000
2026-04-08,1092.040000
2026-04-09,1072.350000
2026-04-10,922.370000
2026-04-13,1000.910000
2026-04-14,1007.280000
2026-04-15,1030.810000
2026-04-16,1069.930000
2026-04-17,1073.520000
2026-04-20,1063.410000
2026-04-21,1036.700000
2026-04-22,970.170000
2026-04-23,979.760000
2026-04-24,1004.720000
2026-04-27,1013.830000
2026-04-28,1010.500000
2026-04-29,1043.570000
2026-04-30,1025.000000
2026-05-01,1035.500000
2026-05-04,1060.000000
2026-05-05,1066.270000
2026-05-06,1067.000000
2026-05-07,1128.390000
2026-05-08,1126.000000
2026-05-11,1092.000000
2026-05-12,1086.000000
2026-05-13,1064.640000
2026-05-14,1076.930000
2026-05-15,1098.590000
2026-05-18,1181.820000
2026-05-19,1186.150000
2026-05-20,1230.230000
2026-05-21,1228.100000
2026-05-22,1239.910000
2026-05-26,1259.890000
2026-05-27,1278.470000
2026-05-28,1296.360000
2026-05-29,1250.590000
2026-06-01,1284.750000
2026-06-02,1251.630000
2026-06-03,1174.660000
2026-06-04,1166.700000
2026-06-05,1137.330000
2026-06-08,1207.340000
2026-06-09,1225.150000
2026-06-10,1220.150000
2026-06-11,1185.370000
2026-06-12,1179.190000
2026-06-15,1181.620000
2026-06-16,1186.240000
2026-06-17,1126.840000
2026-06-18,1096.480000
2026-06-22,1090.850000
2026-06-23,1099.410000
2026-06-24,1140.340000
2026-06-25,1143.480000
2026-06-26,1182.790000
2026-06-29,1177.520000
2026-06-30,1194.780000
2026-07-01,1206.650000
2026-07-02,1270.830000
2026-07-06,1286.510000
2026-07-07,1300.270000
2026-07-08,1266.080000
2026-07-09,1279.410000
2026-07-10,1250.900000
2026-07-13,1278.250000
2026-07-14,1210.520000
2026-07-15,1205.790000
2026-07-16,1241.220000
2026-07-17,1257.110000
2026-07-20,1263.830000
2026-07-21,1227.340000
2026-07-22,1221.470000
2026-07-23,1206.190000
2026-07-24,1237.370000
2026-07-27,1280.570000
2026-07-28,1336.220000
2026-07-29,1373.080000
2026-07-30,1139.540000
2026-07-31,1122.970000
2026-08-03,1045.460000
2026-08-04,1046.990000
2026-08-05,1091.550000
2026-08-06,1031.890000
2026-08-07,1041.400000
2026-08-10,1049.740000
2026-08-11,1038.230000
2026-08-12,1044.210000
2026-08-13,1110.700000
2026-08-14,1085.780000
2026-08-17,1064.410000
2026-08-18,1078.120000
2026-08-19,1161.590000
2026-08-20,1149.750000
2026-08-21,1172.670000
2026-08-24,1166.400000
2026-08-25,1137.140000
2026-08-26,1133.700000
2026-08-27,1157.060000
