d,c
2009-01-02,86.760000
2009-01-05,88.780000
2009-01-06,88.710000
2009-01-07,84.500000
2009-01-08,85.410000
2009-01-09,83.920000
2009-01-12,77.670000
2009-01-13,77.920000
2009-01-14,75.690000
2009-01-15,73.830000
2009-01-16,73.050000
2009-01-20,59.200000
2009-01-21,69.900000
2009-01-22,71.030000
2009-01-23,74.910000
2009-01-26,74.200000
2009-01-27,78.260000
2009-01-28,87.700000
2009-01-29,82.720000
2009-01-30,80.730000
2009-02-02,83.570000
2009-02-03,82.810000
2009-02-04,87.970000
2009-02-05,92.850000
2009-02-06,96.570000
2009-02-09,97.890000
2009-02-10,90.400000
2009-02-11,94.710000
2009-02-12,95.580000
2009-02-13,96.450000
2009-02-17,85.710000
2009-02-18,84.500000
2009-02-19,86.010000
2009-02-20,84.590000
2009-02-23,80.070000
2009-02-24,92.980000
2009-02-25,89.920000
2009-02-26,92.150000
2009-02-27,91.080000
2009-03-02,86.270000
2009-03-03,82.370000
2009-03-04,85.470000
2009-03-05,81.720000
2009-03-06,75.650000
2009-03-09,73.950000
2009-03-10,85.280000
2009-03-11,92.390000
2009-03-12,97.250000
2009-03-13,98.800000
2009-03-16,93.900000
2009-03-17,98.990000
2009-03-18,105.250000
2009-03-19,99.300000
2009-03-20,97.320000
2009-03-23,111.930000
2009-03-24,110.600000
2009-03-25,112.950000
2009-03-26,111.990000
2009-03-27,108.080000
2009-03-30,100.460000
2009-03-31,106.020000
2009-04-01,110.290000
2009-04-02,114.220000
2009-04-03,119.400000
2009-04-06,116.650000
2009-04-07,116.080000
2009-04-08,114.750000
2009-04-09,124.330000
2009-04-13,130.150000
2009-04-14,115.110000
2009-04-15,121.190000
2009-04-16,121.190000
2009-04-17,120.600000
2009-04-20,115.010000
2009-04-21,120.360000
2009-04-22,120.490000
2009-04-23,122.810000
2009-04-24,121.300000
2009-04-27,120.900000
2009-04-28,120.670000
2009-04-29,127.180000
2009-04-30,128.500000
2009-05-01,127.080000
2009-05-04,134.160000
2009-05-05,135.200000
2009-05-06,139.220000
2009-05-07,133.730000
2009-05-08,139.590000
2009-05-11,135.780000
2009-05-12,135.410000
2009-05-13,129.260000
2009-05-14,133.600000
2009-05-15,134.400000
2009-05-18,143.150000
2009-05-19,141.150000
2009-05-20,136.440000
2009-05-21,137.160000
2009-05-22,136.350000
2009-05-26,142.050000
2009-05-27,140.010000
2009-05-28,144.650000
2009-05-29,144.570000
2009-06-01,144.330000
2009-06-02,143.130000
2009-06-03,142.150000
2009-06-04,149.470000
2009-06-05,149.010000
2009-06-08,148.350000
2009-06-09,149.310000
2009-06-10,146.680000
2009-06-11,145.150000
2009-06-12,145.640000
2009-06-15,143.010000
2009-06-16,144.160000
2009-06-17,139.730000
2009-06-18,143.090000
2009-06-19,143.130000
2009-06-22,137.010000
2009-06-23,141.190000
2009-06-24,142.650000
2009-06-25,144.430000
2009-06-26,146.740000
2009-06-29,149.360000
2009-06-30,147.440000
2009-07-01,147.320000
2009-07-02,143.490000
2009-07-06,146.460000
2009-07-07,142.540000
2009-07-08,138.550000
2009-07-09,143.210000
2009-07-10,141.870000
2009-07-13,149.440000
2009-07-14,149.660000
2009-07-15,155.260000
2009-07-16,156.840000
2009-07-17,156.840000
2009-07-20,160.030000
2009-07-21,159.800000
2009-07-22,160.460000
2009-07-23,165.450000
2009-07-24,164.720000
2009-07-27,163.870000
2009-07-28,160.540000
2009-07-29,159.440000
2009-07-30,162.420000
2009-07-31,163.300000
2009-08-03,164.100000
2009-08-04,165.170000
2009-08-05,168.640000
2009-08-06,166.750000
2009-08-07,163.650000
2009-08-10,160.360000
2009-08-11,159.220000
2009-08-12,163.760000
2009-08-13,164.480000
2009-08-14,162.730000
2009-08-17,157.250000
2009-08-18,160.480000
2009-08-19,159.930000
2009-08-20,162.330000
2009-08-21,163.510000
2009-08-24,162.580000
2009-08-25,164.940000
2009-08-26,165.950000
2009-08-27,165.020000
2009-08-28,164.420000
2009-08-31,165.460000
2009-09-01,160.170000
2009-09-02,158.540000
2009-09-03,161.660000
2009-09-04,162.970000
2009-09-08,167.220000
2009-09-09,170.270000
2009-09-10,174.870000
2009-09-11,174.700000
2009-09-14,177.710000
2009-09-15,176.660000
2009-09-16,179.870000
2009-09-17,181.460000
2009-09-18,183.180000
2009-09-21,182.390000
2009-09-22,185.520000
2009-09-23,183.640000
2009-09-24,183.060000
2009-09-25,179.500000
2009-09-28,182.500000
2009-09-29,183.580000
2009-09-30,184.350000
2009-10-01,178.990000
2009-10-02,179.610000
2009-10-05,186.470000
2009-10-06,186.980000
2009-10-07,190.480000
2009-10-08,188.170000
2009-10-09,189.300000
2009-10-12,190.150000
2009-10-13,187.230000
2009-10-14,192.280000
2009-10-15,188.630000
2009-10-16,184.370000
2009-10-19,185.500000
2009-10-20,184.960000
2009-10-21,179.260000
2009-10-22,183.690000
2009-10-23,180.360000
2009-10-26,179.370000
2009-10-27,178.610000
2009-10-28,172.160000
2009-10-29,178.580000
2009-10-30,170.170000
2009-11-02,170.680000
2009-11-03,171.610000
2009-11-04,169.500000
2009-11-05,173.400000
2009-11-06,171.780000
2009-11-09,176.570000
2009-11-10,176.510000
2009-11-11,179.850000
2009-11-12,178.480000
2009-11-13,176.760000
2009-11-16,177.250000
2009-11-17,176.600000
2009-11-18,176.900000
2009-11-19,172.830000
2009-11-20,170.010000
2009-11-23,172.000000
2009-11-24,171.130000
2009-11-25,168.920000
2009-11-27,164.160000
2009-11-30,169.660000
2009-12-01,167.630000
2009-12-02,166.660000
2009-12-03,164.300000
2009-12-04,167.240000
2009-12-07,163.850000
2009-12-08,161.840000
2009-12-09,166.440000
2009-12-10,166.730000
2009-12-11,166.000000
2009-12-14,166.100000
2009-12-15,162.740000
2009-12-16,164.990000
2009-12-17,160.930000
2009-12-18,163.190000
2009-12-21,165.450000
2009-12-22,164.600000
2009-12-23,163.630000
2009-12-24,163.970000
2009-12-28,163.760000
2009-12-29,164.120000
2009-12-30,166.700000
2009-12-31,168.840000
2010-01-04,173.080000
2010-01-05,176.140000
2010-01-06,174.260000
2010-01-07,177.670000
2010-01-08,174.310000
2010-01-11,171.560000
2010-01-12,167.820000
2010-01-13,169.070000
2010-01-14,168.530000
2010-01-15,165.210000
2010-01-19,166.860000
2010-01-20,167.790000
2010-01-21,160.870000
2010-01-22,154.120000
2010-01-25,154.980000
2010-01-26,150.880000
2010-01-27,151.500000
2010-01-28,153.290000
2010-01-29,148.720000
2010-02-01,153.130000
2010-02-02,156.940000
2010-02-03,157.230000
2010-02-04,150.680000
2010-02-05,154.160000
2010-02-08,151.100000
2010-02-09,152.490000
2010-02-10,153.630000
2010-02-11,154.050000
2010-02-12,153.930000
2010-02-16,157.400000
2010-02-17,157.260000
2010-02-18,155.730000
2010-02-19,156.180000
2010-02-22,156.710000
2010-02-23,156.700000
2010-02-24,158.189000
2010-02-25,156.440000
2010-02-26,156.350000
2010-03-01,156.540000
2010-03-02,158.750000
2010-03-03,157.720000
2010-03-04,163.610000
2010-03-05,167.180000
2010-03-08,169.840000
2010-03-09,168.850000
2010-03-10,171.940000
2010-03-11,173.510000
2010-03-12,174.960000
2010-03-15,173.530000
2010-03-16,176.190000
2010-03-17,176.640000
2010-03-18,177.450000
2010-03-19,177.900000
2010-03-22,176.157500
2010-03-23,174.830000
2010-03-24,174.410000
2010-03-25,174.900000
2010-03-26,172.870000
2010-03-29,174.050000
2010-03-30,171.380000
2010-03-31,170.630000
2010-04-01,170.220000
2010-04-05,173.160000
2010-04-06,172.900000
2010-04-07,176.360000
2010-04-08,179.500000
2010-04-09,179.120000
2010-04-12,177.840000
2010-04-13,179.250000
2010-04-14,184.920000
2010-04-15,184.270000
2010-04-16,160.700000
2010-04-19,163.320000
2010-04-20,159.980000
2010-04-21,158.930000
2010-04-22,159.050000
2010-04-23,157.400000
2010-04-26,152.030000
2010-04-27,153.040000
2010-04-28,157.010000
2010-04-29,160.240000
2010-04-30,145.200000
2010-05-03,149.500000
2010-05-04,149.450000
2010-05-05,148.190000
2010-05-06,142.320000
2010-05-07,142.990000
2010-05-10,143.830000
2010-05-11,141.970000
2010-05-12,147.200000
2010-05-13,144.650000
2010-05-14,143.230000
2010-05-17,142.640000
2010-05-18,137.360000
2010-05-19,140.100000
2010-05-20,136.100000
2010-05-21,140.620000
2010-05-24,136.690000
2010-05-25,142.560000
2010-05-26,140.300000
2010-05-27,144.950000
2010-05-28,144.260000
2010-06-01,141.860000
2010-06-02,144.830000
2010-06-03,144.040000
2010-06-04,142.250000
2010-06-07,138.680000
2010-06-08,137.780000
2010-06-09,136.800000
2010-06-10,133.770000
2010-06-11,135.640000
2010-06-14,133.440000
2010-06-15,136.900000
2010-06-16,137.060000
2010-06-17,137.320000
2010-06-18,138.180000
2010-06-21,137.740000
2010-06-22,134.790000
2010-06-23,135.070000
2010-06-24,134.980000
2010-06-25,139.660000
2010-06-28,136.660000
2010-06-29,133.760000
2010-06-30,131.270000
2010-07-01,131.140000
2010-07-02,131.080000
2010-07-06,132.260000
2010-07-07,135.830000
2010-07-08,135.460000
2010-07-09,138.060000
2010-07-12,137.250000
2010-07-13,140.250000
2010-07-14,139.060000
2010-07-15,145.220000
2010-07-16,146.170000
2010-07-19,145.680000
2010-07-20,148.910000
2010-07-21,146.990000
2010-07-22,146.550000
2010-07-23,147.380000
2010-07-26,148.200000
2010-07-27,147.230000
2010-07-28,147.200000
2010-07-29,152.580000
2010-07-30,150.820000
2010-08-02,152.740000
2010-08-03,153.190000
2010-08-04,156.410000
2010-08-05,155.920000
2010-08-06,155.180000
2010-08-09,155.400000
2010-08-10,153.900000
2010-08-11,149.250000
2010-08-12,149.420000
2010-08-13,148.080000
2010-08-16,147.760000
2010-08-17,148.590000
2010-08-18,149.200000
2010-08-19,147.050000
2010-08-20,148.240000
2010-08-23,146.740000
2010-08-24,143.950000
2010-08-25,144.680000
2010-08-26,141.810000
2010-08-27,139.750000
2010-08-30,136.660000
2010-08-31,136.930000
2010-09-01,139.740000
2010-09-02,139.780000
2010-09-03,147.290000
2010-09-07,145.210000
2010-09-08,147.540000
2010-09-09,149.140000
2010-09-10,150.390000
2010-09-13,154.370000
2010-09-14,152.530000
2010-09-15,152.560000
2010-09-16,152.230000
2010-09-17,150.980000
2010-09-20,151.900000
2010-09-21,151.400000
2010-09-22,148.070000
2010-09-23,144.910000
2010-09-24,147.280000
2010-09-27,146.000000
2010-09-28,145.010000
2010-09-29,144.420000
2010-09-30,144.580000
2010-10-01,147.700000
2010-10-04,146.570000
2010-10-05,149.570000
2010-10-06,150.840000
2010-10-07,151.110000
2010-10-08,152.660000
2010-10-11,152.200000
2010-10-12,155.210000
2010-10-13,154.730000
2010-10-14,151.590000
2010-10-15,150.690000
2010-10-18,153.700000
2010-10-19,156.720000
2010-10-20,159.600000
2010-10-21,159.300000
2010-10-22,157.760000
2010-10-25,157.390000
2010-10-26,158.290000
2010-10-27,160.150000
2010-10-28,163.240000
2010-10-29,161.130000
2010-11-01,161.570000
2010-11-02,162.820000
2010-11-03,162.630000
2010-11-04,166.390000
2010-11-05,171.070000
2010-11-08,169.200000
2010-11-09,166.550000
2010-11-10,167.220000
2010-11-11,167.710000
2010-11-12,165.830000
2010-11-15,167.220000
2010-11-16,165.100000
2010-11-17,164.890000
2010-11-18,167.350000
2010-11-19,166.670000
2010-11-22,161.050000
2010-11-23,157.780000
2010-11-24,160.260000
2010-11-26,158.220000
2010-11-29,159.280000
2010-11-30,156.140000
2010-12-01,158.450000
2010-12-02,162.500000
2010-12-03,162.310000
2010-12-06,162.650000
2010-12-07,161.590000
2010-12-08,166.140000
2010-12-09,166.450000
2010-12-10,168.470000
2010-12-13,169.480000
2010-12-14,167.330000
2010-12-15,165.210000
2010-12-16,164.460000
2010-12-17,164.040000
2010-12-20,166.050000
2010-12-21,168.230000
2010-12-22,169.600000
2010-12-23,167.600000
2010-12-27,169.830000
2010-12-28,169.190000
2010-12-29,167.630000
2010-12-30,167.640000
2010-12-31,168.160000
2011-01-04,173.080000
2011-01-05,174.000000
2011-01-06,172.210000
2011-01-07,170.690000
2011-01-10,169.760000
2011-01-11,169.360000
2011-01-12,171.670000
2011-01-13,171.570000
2011-01-14,175.000000
2011-01-18,174.680000
2011-01-19,166.490000
2011-01-20,165.690000
2011-01-21,166.200000
2011-01-24,166.300000
2011-01-25,161.980000
2011-01-26,161.310000
2011-01-27,164.030000
2011-01-28,161.770000
2011-01-31,163.620000
2011-02-01,165.330000
2011-02-02,165.050000
2011-02-03,164.640000
2011-02-04,164.830000
2011-02-07,167.130000
2011-02-08,168.550000
2011-02-09,166.010000
2011-02-10,165.340000
2011-02-11,166.660000
2011-02-14,167.520000
2011-02-15,167.910000
2011-02-16,168.810000
2011-02-17,167.160000
2011-02-18,168.040000
2011-02-22,162.940000
2011-02-23,163.090000
2011-02-24,163.440000
2011-02-25,165.120000
2011-02-28,163.780000
2011-03-01,161.310000
2011-03-02,161.690000
2011-03-03,164.490000
2011-03-04,161.000000
2011-03-07,159.150000
2011-03-08,161.300000
2011-03-09,162.350000
2011-03-10,160.270000
2011-03-11,160.680000
2011-03-14,158.430000
2011-03-15,157.250000
2011-03-16,154.380000
2011-03-17,155.750000
2011-03-18,159.960000
2011-03-21,160.210000
2011-03-22,160.790000
2011-03-23,159.530000
2011-03-24,159.910000
2011-03-25,157.970000
2011-03-28,156.470000
2011-03-29,158.470000
2011-03-30,159.070000
2011-03-31,158.600000
2011-04-01,160.230000
2011-04-04,158.900000
2011-04-05,158.910000
2011-04-06,161.890000
2011-04-07,162.400000
2011-04-08,160.960000
2011-04-11,161.470000
2011-04-12,160.420000
2011-04-13,160.170000
2011-04-14,155.790000
2011-04-15,155.130000
2011-04-18,153.780000
2011-04-19,151.860000
2011-04-20,152.700000
2011-04-21,153.510000
2011-04-25,152.190000
2011-04-26,153.270000
2011-04-27,152.860000
2011-04-28,150.600000
2011-04-29,151.010000
2011-05-02,151.300000
2011-05-03,151.870000
2011-05-04,151.520000
2011-05-05,150.410000
2011-05-06,150.100000
2011-05-09,149.120000
2011-05-10,150.400000
2011-05-11,147.880000
2011-05-12,142.750000
2011-05-13,141.460000
2011-05-16,140.600000
2011-05-17,140.810000
2011-05-18,140.840000
2011-05-19,139.340000
2011-05-20,134.990000
2011-05-23,135.840000
2011-05-24,136.340000
2011-05-25,136.240000
2011-05-26,136.260000
2011-05-27,138.660000
2011-05-31,140.730000
2011-06-01,136.170000
2011-06-02,134.380000
2011-06-03,135.330000
2011-06-06,133.900000
2011-06-07,132.990000
2011-06-08,131.590000
2011-06-09,133.530000
2011-06-10,135.920000
2011-06-13,137.530000
2011-06-14,137.100000
2011-06-15,134.850000
2011-06-16,136.090000
2011-06-17,137.230000
2011-06-20,135.140000
2011-06-21,135.960000
2011-06-22,134.520000
2011-06-23,132.360000
2011-06-24,130.910000
2011-06-27,130.710000
2011-06-28,129.260000
2011-06-29,132.530000
2011-06-30,133.090000
2011-07-01,136.650000
2011-07-05,134.500000
2011-07-06,133.890000
2011-07-07,135.010000
2011-07-08,134.080000
2011-07-11,132.020000
2011-07-12,130.310000
2011-07-13,129.920000
2011-07-14,129.890000
2011-07-15,130.160000
2011-07-18,129.330000
2011-07-19,128.490000
2011-07-20,132.750000
2011-07-21,135.580000
2011-07-22,135.490000
2011-07-25,136.850000
2011-07-26,137.600000
2011-07-27,134.720000
2011-07-28,135.840000
2011-07-29,134.970000
2011-08-01,134.150000
2011-08-02,131.230000
2011-08-03,132.080000
2011-08-04,126.230000
2011-08-05,125.180000
2011-08-08,117.660000
2011-08-09,122.730000
2011-08-10,110.340000
2011-08-11,118.100000
2011-08-12,116.470000
2011-08-15,119.130000
2011-08-16,116.870000
2011-08-17,117.250000
2011-08-18,113.140000
2011-08-19,111.760000
2011-08-22,106.510000
2011-08-23,106.860000
2011-08-24,110.310000
2011-08-25,109.840000
2011-08-26,111.750000
2011-08-29,116.070000
2011-08-30,115.180000
2011-08-31,116.220000
2011-09-01,112.160000
2011-09-02,107.060000
2011-09-06,104.560000
2011-09-07,108.340000
2011-09-08,104.790000
2011-09-09,102.250000
2011-09-12,102.920000
2011-09-13,104.090000
2011-09-14,104.540000
2011-09-15,107.970000
2011-09-16,107.490000
2011-09-19,104.810000
2011-09-20,102.610000
2011-09-21,97.860000
2011-09-22,93.980000
2011-09-23,95.180000
2011-09-26,99.140000
2011-09-27,99.550000
2011-09-28,96.320000
2011-09-29,99.870000
2011-09-30,94.550000
2011-10-03,90.080000
2011-10-04,94.580000
2011-10-05,94.290000
2011-10-06,97.930000
2011-10-07,92.690000
2011-10-10,96.140000
2011-10-11,96.700000
2011-10-12,99.110000
2011-10-13,96.150000
2011-10-14,96.730000
2011-10-17,96.900000
2011-10-18,102.250000
2011-10-19,100.790000
2011-10-20,100.860000
2011-10-21,102.090000
2011-10-24,103.980000
2011-10-25,100.440000
2011-10-26,106.330000
2011-10-27,114.910000
2011-10-28,115.860000
2011-10-31,109.550000
2011-11-01,103.540000
2011-11-02,106.130000
2011-11-03,107.680000
2011-11-04,105.040000
2011-11-07,105.570000
2011-11-08,108.580000
2011-11-09,99.670000
2011-11-10,99.500000
2011-11-11,101.660000
2011-11-14,99.290000
2011-11-15,99.750000
2011-11-16,95.600000
2011-11-17,92.350000
2011-11-18,91.910000
2011-11-21,91.300000
2011-11-22,89.400000
2011-11-23,87.890000
2011-11-25,88.750000
2011-11-28,90.430000
2011-11-29,88.810000
2011-11-30,95.860000
2011-12-01,94.430000
2011-12-02,97.250000
2011-12-05,99.820000
2011-12-06,101.160000
2011-12-07,105.130000
2011-12-08,99.920000
2011-12-09,101.450000
2011-12-12,98.030000
2011-12-13,95.040000
2011-12-14,93.250000
2011-12-15,91.900000
2011-12-16,90.100000
2011-12-19,87.700000
2011-12-20,90.980000
2011-12-21,92.000000
2011-12-22,94.420000
2011-12-23,93.790000
2011-12-27,91.900000
2011-12-28,90.120000
2011-12-29,91.010000
2011-12-30,90.430000
2012-01-03,95.360000
2012-01-04,94.740000
2012-01-05,94.580000
2012-01-06,93.420000
2012-01-09,94.690000
2012-01-10,98.330000
2012-01-11,99.760000
2012-01-12,101.210000
2012-01-13,98.960000
2012-01-17,97.680000
2012-01-18,104.310000
2012-01-19,107.680000
2012-01-20,108.740000
2012-01-23,108.190000
2012-01-24,108.870000
2012-01-25,108.270000
2012-01-26,108.560000
2012-01-27,111.770000
2012-01-30,109.730000
2012-01-31,111.470000
2012-02-01,113.450000
2012-02-02,113.390000
2012-02-03,117.530000
2012-02-06,117.390000
2012-02-07,115.980000
2012-02-08,116.150000
2012-02-09,115.880000
2012-02-10,114.120000
2012-02-13,114.530000
2012-02-14,112.870000
2012-02-15,113.170000
2012-02-16,114.740000
2012-02-17,115.910000
2012-02-21,116.630000
2012-02-22,114.360000
2012-02-23,115.800000
2012-02-24,115.870000
2012-02-27,116.230000
2012-02-28,117.110000
2012-02-29,115.140000
2012-03-01,121.130000
2012-03-02,119.960000
2012-03-05,118.630000
2012-03-06,113.670000
2012-03-07,116.400000
2012-03-08,117.170000
2012-03-09,117.290000
2012-03-12,116.990000
2012-03-13,124.540000
2012-03-14,120.370000
2012-03-15,123.060000
2012-03-16,122.930000
2012-03-19,124.300000
2012-03-20,126.020000
2012-03-21,125.990000
2012-03-22,124.740000
2012-03-23,126.180000
2012-03-26,128.070000
2012-03-27,126.330000
2012-03-28,126.360000
2012-03-29,123.760000
2012-03-30,124.370000
2012-04-02,124.900000
2012-04-03,122.710000
2012-04-04,119.960000
2012-04-05,118.000000
2012-04-09,117.020000
2012-04-10,114.560000
2012-04-11,115.930000
2012-04-12,120.390000
2012-04-13,115.090000
2012-04-16,117.730000
2012-04-17,116.860000
2012-04-18,115.330000
2012-04-19,113.600000
2012-04-20,112.440000
2012-04-23,111.750000
2012-04-24,114.110000
2012-04-25,113.980000
2012-04-26,114.560000
2012-04-27,114.600000
2012-04-30,115.150000
2012-05-01,115.330000
2012-05-02,113.770000
2012-05-03,111.530000
2012-05-04,108.990000
2012-05-07,110.040000
2012-05-08,109.370000
2012-05-09,107.290000
2012-05-10,106.320000
2012-05-11,102.130000
2012-05-14,99.770000
2012-05-15,99.870000
2012-05-16,98.200000
2012-05-17,97.080000
2012-05-18,95.490000
2012-05-21,96.510000
2012-05-22,97.530000
2012-05-23,98.040000
2012-05-24,96.860000
2012-05-25,96.700000
2012-05-29,97.860000
2012-05-30,94.610000
2012-05-31,95.700000
2012-06-01,92.640000
2012-06-04,91.000000
2012-06-05,92.210000
2012-06-06,94.960000
2012-06-07,94.000000
2012-06-08,94.540000
2012-06-11,92.800000
2012-06-12,94.040000
2012-06-13,92.720000
2012-06-14,93.820000
2012-06-15,95.660000
2012-06-18,93.630000
2012-06-19,96.370000
2012-06-20,96.550000
2012-06-21,93.900000
2012-06-22,93.630000
2012-06-25,91.220000
2012-06-26,91.030000
2012-06-27,93.270000
2012-06-28,93.490000
2012-06-29,95.860000
2012-07-02,97.130000
2012-07-03,98.600000
2012-07-05,95.920000
2012-07-06,95.470000
2012-07-09,94.470000
2012-07-10,94.250000
2012-07-11,95.130000
2012-07-12,94.020000
2012-07-13,97.430000
2012-07-16,97.680000
2012-07-17,97.980000
2012-07-18,96.510000
2012-07-19,95.000000
2012-07-20,94.160000
2012-07-23,93.160000
2012-07-24,94.470000
2012-07-25,95.960000
2012-07-26,98.060000
2012-07-27,101.640000
2012-07-30,100.880000
2012-07-31,100.900000
2012-08-01,100.090000
2012-08-02,97.810000
2012-08-03,100.980000
2012-08-06,102.020000
2012-08-07,103.240000
2012-08-08,102.500000
2012-08-09,103.600000
2012-08-10,103.020000
2012-08-13,103.610000
2012-08-14,103.260000
2012-08-15,103.130000
2012-08-16,103.490000
2012-08-17,103.600000
2012-08-20,105.280000
2012-08-21,105.320000
2012-08-22,104.670000
2012-08-23,104.080000
2012-08-24,104.960000
2012-08-27,105.120000
2012-08-28,105.030000
2012-08-29,105.530000
2012-08-30,104.720000
2012-08-31,105.720000
2012-09-04,106.410000
2012-09-05,109.940000
2012-09-06,113.540000
2012-09-07,116.330000
2012-09-10,114.680000
2012-09-11,116.690000
2012-09-12,118.240000
2012-09-13,120.670000
2012-09-14,121.360000
2012-09-17,119.900000
2012-09-18,119.880000
2012-09-19,119.020000
2012-09-20,117.630000
2012-09-21,116.720000
2012-09-24,116.600000
2012-09-25,113.500000
2012-09-26,113.080000
2012-09-27,115.230000
2012-09-28,113.680000
2012-10-01,116.860000
2012-10-02,117.250000
2012-10-03,117.910000
2012-10-04,119.900000
2012-10-05,119.310000
2012-10-08,119.460000
2012-10-09,119.630000
2012-10-10,120.080000
2012-10-11,121.990000
2012-10-12,120.200000
2012-10-15,124.500000
2012-10-16,123.220000
2012-10-17,124.920000
2012-10-18,125.150000
2012-10-19,123.620000
2012-10-22,122.770000
2012-10-23,119.000000
2012-10-24,119.770000
2012-10-25,119.720000
2012-10-26,119.440000
2012-10-31,122.390000
2012-11-01,124.850000
2012-11-02,123.250000
2012-11-05,124.080000
2012-11-06,126.250000
2012-11-07,117.980000
2012-11-08,115.270000
2012-11-09,116.150000
2012-11-12,117.240000
2012-11-13,116.470000
2012-11-14,114.240000
2012-11-15,115.440000
2012-11-16,115.840000
2012-11-19,118.300000
2012-11-20,118.090000
2012-11-21,117.700000
2012-11-23,120.310000
2012-11-26,120.940000
2012-11-27,118.410000
2012-11-28,119.330000
2012-11-29,118.730000
2012-11-30,117.790000
2012-12-03,118.400000
2012-12-04,116.580000
2012-12-05,117.130000
2012-12-06,117.200000
2012-12-07,116.570000
2012-12-10,117.010000
2012-12-11,118.860000
2012-12-12,118.090000
2012-12-13,118.500000
2012-12-14,119.360000
2012-12-17,123.490000
2012-12-18,127.770000
2012-12-19,127.248100
2012-12-20,129.720000
2012-12-21,128.440000
2012-12-24,127.540000
2012-12-26,127.160000
2012-12-27,126.670000
2012-12-28,125.520000
2012-12-31,127.560000
2013-01-02,131.660000
2013-01-03,130.940000
2013-01-04,134.510000
2013-01-07,134.260000
2013-01-08,133.050000
2013-01-09,134.320000
2013-01-10,137.370000
2013-01-11,137.130000
2013-01-14,136.130000
2013-01-15,135.590000
2013-01-16,141.090000
2013-01-17,141.010000
2013-01-18,144.450000
2013-01-22,145.950000
2013-01-23,145.560000
2013-01-24,144.960000
2013-01-25,144.460000
2013-01-28,144.150000
2013-01-29,147.100000
2013-01-30,147.150000
2013-01-31,147.860000
2013-02-01,149.900000
2013-02-04,147.520000
2013-02-05,150.450000
2013-02-06,151.120000
2013-02-07,150.260000
2013-02-08,151.600000
2013-02-11,152.240000
2013-02-12,154.110000
2013-02-13,154.520000
2013-02-14,155.930000
2013-02-15,154.990000
2013-02-19,158.650000
2013-02-20,155.180000
2013-02-21,150.880000
2013-02-22,154.090000
2013-02-25,147.650000
2013-02-26,148.000000
2013-02-27,151.650000
2013-02-28,149.760000
2013-03-01,150.530000
2013-03-04,152.180000
2013-03-05,152.960000
2013-03-06,154.130000
2013-03-07,156.620000
2013-03-08,152.980000
2013-03-11,153.300000
2013-03-12,151.850000
2013-03-13,151.910000
2013-03-14,154.020000
2013-03-15,154.840000
2013-03-18,151.950000
2013-03-19,148.840000
2013-03-20,150.130000
2013-03-21,145.380000
2013-03-22,146.600000
2013-03-25,146.110000
2013-03-26,146.540000
2013-03-27,147.840000
2013-03-28,147.150000
2013-04-01,146.040000
2013-04-02,146.680000
2013-04-03,143.410000
2013-04-04,142.990000
2013-04-05,143.690000
2013-04-08,143.820000
2013-04-09,146.520000
2013-04-10,149.460000
2013-04-11,149.070000
2013-04-12,149.120000
2013-04-15,146.460000
2013-04-16,144.100000
2013-04-17,140.600000
2013-04-18,138.600000
2013-04-19,138.720000
2013-04-22,139.520000
2013-04-23,142.940000
2013-04-24,143.930000
2013-04-25,144.760000
2013-04-26,144.110000
2013-04-29,145.110000
2013-04-30,146.070000
2013-05-01,142.610000
2013-05-02,143.670000
2013-05-03,145.370000
2013-05-06,148.450000
2013-05-07,149.320000
2013-05-08,150.260000
2013-05-09,148.540000
2013-05-10,149.100000
2013-05-13,149.630000
2013-05-14,154.520000
2013-05-15,155.610000
2013-05-16,154.470000
2013-05-17,158.180000
2013-05-20,158.900000
2013-05-21,160.730000
2013-05-22,159.340000
2013-05-23,157.410000
2013-05-24,158.720000
2013-05-28,160.700000
2013-05-29,162.870000
2013-05-30,164.350000
2013-05-31,162.080000
2013-06-03,163.560000
2013-06-04,161.680000
2013-06-05,158.300000
2013-06-06,159.680000
2013-06-07,166.010000
2013-06-10,167.490000
2013-06-11,163.310000
2013-06-12,161.860000
2013-06-13,165.820000
2013-06-14,162.920000
2013-06-17,164.110000
2013-06-18,164.150000
2013-06-19,161.560000
2013-06-20,155.410000
2013-06-21,154.250000
2013-06-24,150.780000
2013-06-25,153.060000
2013-06-26,151.660000
2013-06-27,153.510000
2013-06-28,151.250000
2013-07-01,151.750000
2013-07-02,150.920000
2013-07-03,150.430000
2013-07-05,153.240000
2013-07-08,153.810000
2013-07-09,156.940000
2013-07-10,155.830000
2013-07-11,157.710000
2013-07-12,160.110000
2013-07-15,163.000000
2013-07-16,160.240000
2013-07-17,161.500000
2013-07-18,164.060000
2013-07-19,164.360000
2013-07-22,166.250000
2013-07-23,166.260000
2013-07-24,165.040000
2013-07-25,165.910000
2013-07-26,165.260000
2013-07-29,163.170000
2013-07-30,162.430000
2013-07-31,164.030000
2013-08-01,167.490000
2013-08-02,167.620000
2013-08-05,168.320000
2013-08-06,164.780000
2013-08-07,163.450000
2013-08-08,162.840000
2013-08-09,162.130000
2013-08-12,161.690000
2013-08-13,163.710000
2013-08-14,163.340000
2013-08-15,160.750000
2013-08-16,160.660000
2013-08-19,158.630000
2013-08-20,159.560000
2013-08-21,157.110000
2013-08-22,159.410000
2013-08-23,158.650000
2013-08-26,157.900000
2013-08-27,153.230000
2013-08-28,152.970000
2013-08-29,153.630000
2013-08-30,152.130000
2013-09-03,154.760000
2013-09-04,155.740000
2013-09-05,156.170000
2013-09-06,156.660000
2013-09-09,159.490000
2013-09-10,165.140000
2013-09-11,165.060000
2013-09-12,163.350000
2013-09-13,164.000000
2013-09-16,167.030000
2013-09-17,167.420000
2013-09-18,168.060000
2013-09-19,167.780000
2013-09-20,169.750000
2013-09-23,165.250000
2013-09-24,162.970000
2013-09-25,162.310000
2013-09-26,162.290000
2013-09-27,159.850000
2013-09-30,158.210000
2013-10-01,159.000000
2013-10-02,158.670000
2013-10-03,156.850000
2013-10-04,156.550000
2013-10-07,154.250000
2013-10-08,153.050000
2013-10-09,154.440000
2013-10-10,158.010000
2013-10-11,160.000000
2013-10-14,159.460000
2013-10-15,157.630000
2013-10-16,162.250000
2013-10-17,158.320000
2013-10-18,158.690000
2013-10-21,159.770000
2013-10-22,159.250000
2013-10-23,157.740000
2013-10-24,159.960000
2013-10-25,162.090000
2013-10-28,161.450000
2013-10-29,162.110000
2013-10-30,162.050000
2013-10-31,160.860000
2013-11-01,162.050000
2013-11-04,163.160000
2013-11-05,161.950000
2013-11-06,163.520000
2013-11-07,159.640000
2013-11-08,163.170000
2013-11-11,163.840000
2013-11-12,162.890000
2013-11-13,162.940000
2013-11-14,163.200000
2013-11-15,164.400000
2013-11-18,165.680000
2013-11-19,166.600000
2013-11-20,165.000000
2013-11-21,167.070000
2013-11-22,168.100000
2013-11-25,169.480000
2013-11-26,168.040000
2013-11-27,168.220000
2013-11-29,168.940000
2013-12-02,169.720000
2013-12-03,168.050000
2013-12-04,168.700000
2013-12-05,165.560000
2013-12-06,167.210000
2013-12-09,167.670000
2013-12-10,169.730000
2013-12-11,167.600000
2013-12-12,168.330000
2013-12-13,168.390000
2013-12-16,170.950000
2013-12-17,170.490000
2013-12-18,174.840000
2013-12-19,174.770000
2013-12-20,175.160000
2013-12-23,176.470000
2013-12-24,176.160000
2013-12-26,176.450000
2013-12-27,176.350000
2013-12-30,175.730000
2013-12-31,177.260000
2014-01-02,176.890000
2014-01-03,178.150000
2014-01-06,179.370000
2014-01-07,178.290000
2014-01-08,178.440000
2014-01-09,177.400000
2014-01-10,178.390000
2014-01-13,175.880000
2014-01-14,176.600000
2014-01-15,178.750000
2014-01-16,175.170000
2014-01-17,176.280000
2014-01-21,173.200000
2014-01-22,173.680000
2014-01-23,170.750000
2014-01-24,167.640000
2014-01-27,164.690000
2014-01-28,166.250000
2014-01-29,163.900000
2014-01-30,165.840000
2014-01-31,164.120000
2014-02-03,159.820000
2014-02-04,161.760000
2014-02-05,160.420000
2014-02-06,161.750000
2014-02-07,161.930000
2014-02-10,161.000000
2014-02-11,164.390000
2014-02-12,163.500000
2014-02-13,164.060000
2014-02-14,163.720000
2014-02-18,164.650000
2014-02-19,163.260000
2014-02-20,164.500000
2014-02-21,164.500000
2014-02-24,166.540000
2014-02-25,163.480000
2014-02-26,162.800000
2014-02-27,165.380000
2014-02-28,166.450000
2014-03-03,164.740000
2014-03-04,168.730000
2014-03-05,171.900000
2014-03-06,172.600000
2014-03-07,174.260000
2014-03-10,173.510000
2014-03-11,169.890000
2014-03-12,169.720000
2014-03-13,166.700000
2014-03-14,165.350000
2014-03-17,166.840000
2014-03-18,168.090000
2014-03-19,168.180000
2014-03-20,169.220000
2014-03-21,166.950000
2014-03-24,165.720000
2014-03-25,163.250000
2014-03-26,161.730000
2014-03-27,162.290000
2014-03-28,162.300000
2014-03-31,163.850000
2014-04-01,165.920000
2014-04-02,167.270000
2014-04-03,166.090000
2014-04-04,163.240000
2014-04-07,158.560000
2014-04-08,156.560000
2014-04-09,158.160000
2014-04-10,155.980000
2014-04-11,152.720000
2014-04-14,154.740000
2014-04-15,154.920000
2014-04-16,157.220000
2014-04-17,157.440000
2014-04-21,157.800000
2014-04-22,160.460000
2014-04-23,160.450000
2014-04-24,160.850000
2014-04-25,158.240000
2014-04-28,156.540000
2014-04-29,158.240000
2014-04-30,159.820000
2014-05-01,160.370000
2014-05-02,158.880000
2014-05-05,156.350000
2014-05-06,154.540000
2014-05-07,155.520000
2014-05-08,157.400000
2014-05-09,157.200000
2014-05-12,159.550000
2014-05-13,160.280000
2014-05-14,159.450000
2014-05-15,156.640000
2014-05-16,156.430000
2014-05-19,157.670000
2014-05-20,156.350000
2014-05-21,159.350000
2014-05-22,159.850000
2014-05-23,160.160000
2014-05-27,161.770000
2014-05-28,161.190000
2014-05-29,160.740000
2014-05-30,159.810000
2014-06-02,160.030000
2014-06-03,161.800000
2014-06-04,162.390000
2014-06-05,162.580000
2014-06-06,166.190000
2014-06-09,166.000000
2014-06-10,166.360000
2014-06-11,165.430000
2014-06-12,165.960000
2014-06-13,165.890000
2014-06-16,165.850000
2014-06-17,168.220000
2014-06-18,169.860000
2014-06-19,169.730000
2014-06-20,169.840000
2014-06-23,170.240000
2014-06-24,168.230000
2014-06-25,168.380000
2014-06-26,168.010000
2014-06-27,166.780000
2014-06-30,167.440000
2014-07-01,166.810000
2014-07-02,166.890000
2014-07-03,169.460000
2014-07-07,167.780000
2014-07-08,164.910000
2014-07-09,164.670000
2014-07-10,163.420000
2014-07-11,164.800000
2014-07-14,167.000000
2014-07-15,169.170000
2014-07-16,170.470000
2014-07-17,170.140000
2014-07-18,171.470000
2014-07-21,171.720000
2014-07-22,175.020000
2014-07-23,176.820000
2014-07-24,176.260000
2014-07-25,175.400000
2014-07-28,175.950000
2014-07-29,175.540000
2014-07-30,175.760000
2014-07-31,172.870000
2014-08-01,170.250000
2014-08-04,171.690000
2014-08-05,169.420000
2014-08-06,169.740000
2014-08-07,169.100000
2014-08-08,172.260000
2014-08-11,172.460000
2014-08-12,172.330000
2014-08-13,172.370000
2014-08-14,172.730000
2014-08-15,171.900000
2014-08-18,174.550000
2014-08-19,173.960000
2014-08-20,174.030000
2014-08-21,175.150000
2014-08-22,175.470000
2014-08-25,177.870000
2014-08-26,177.900000
2014-08-27,177.810000
2014-08-28,177.650000
2014-08-29,179.110000
2014-09-02,179.770000
2014-09-03,179.600000
2014-09-04,180.080000
2014-09-05,179.750000
2014-09-08,180.110000
2014-09-09,177.400000
2014-09-10,179.870000
2014-09-11,181.000000
2014-09-12,183.170000
2014-09-15,183.980000
2014-09-16,184.040000
2014-09-17,184.820000
2014-09-18,187.890000
2014-09-19,186.200000
2014-09-22,185.290000
2014-09-23,185.090000
2014-09-24,187.810000
2014-09-25,184.090000
2014-09-26,185.120000
2014-09-29,183.830000
2014-09-30,183.570000
2014-10-01,180.700000
2014-10-02,182.880000
2014-10-03,188.070000
2014-10-06,187.480000
2014-10-07,183.800000
2014-10-08,186.640000
2014-10-09,181.270000
2014-10-10,180.380000
2014-10-13,178.770000
2014-10-14,178.700000
2014-10-15,177.240000
2014-10-16,172.580000
2014-10-17,176.910000
2014-10-20,177.840000
2014-10-21,180.180000
2014-10-22,176.830000
2014-10-23,180.060000
2014-10-24,183.350000
2014-10-27,183.910000
2014-10-28,186.320000
2014-10-29,186.080000
2014-10-30,186.970000
2014-10-31,189.990000
2014-11-03,190.830000
2014-11-04,190.270000
2014-11-05,189.840000
2014-11-06,191.000000
2014-11-07,190.640000
2014-11-10,191.800000
2014-11-11,191.880000
2014-11-12,190.180000
2014-11-13,190.240000
2014-11-14,189.980000
2014-11-17,189.930000
2014-11-18,189.640000
2014-11-19,189.190000
2014-11-20,189.750000
2014-11-21,189.590000
2014-11-24,190.070000
2014-11-25,188.860000
2014-11-26,188.520000
2014-11-28,188.410000
2014-12-01,188.200000
2014-12-02,190.190000
2014-12-03,190.950000
2014-12-04,191.950000
2014-12-05,195.450000
2014-12-08,196.620000
2014-12-09,196.890000
2014-12-10,192.000000
2014-12-11,193.540000
2014-12-12,188.820000
2014-12-15,185.540000
2014-12-16,183.310000
2014-12-17,185.030000
2014-12-18,191.610000
2014-12-19,193.280000
2014-12-22,194.440000
2014-12-23,195.500000
2014-12-24,195.890000
2014-12-26,195.450000
2014-12-29,196.190000
2014-12-30,195.710000
2014-12-31,193.830000
2015-01-02,194.410000
2015-01-05,188.340000
2015-01-06,184.530000
2015-01-07,187.280000
2015-01-08,190.270000
2015-01-09,187.350000
2015-01-12,185.070000
2015-01-13,184.930000
2015-01-14,180.230000
2015-01-15,178.490000
2015-01-16,177.230000
2015-01-20,175.630000
2015-01-21,177.150000
2015-01-22,182.040000
2015-01-23,180.490000
2015-01-26,180.420000
2015-01-27,176.490000
2015-01-28,173.050000
2015-01-29,175.990000
2015-01-30,172.410000
2015-02-02,175.490000
2015-02-03,180.240000
2015-02-04,178.780000
2015-02-05,180.770000
2015-02-06,183.430000
2015-02-09,182.220000
2015-02-10,184.560000
2015-02-11,187.650000
2015-02-12,189.780000
2015-02-13,189.000000
2015-02-17,190.020000
2015-02-18,188.670000
2015-02-19,189.110000
2015-02-20,191.510000
2015-02-23,190.310000
2015-02-24,192.220000
2015-02-25,191.720000
2015-02-26,192.200000
2015-02-27,189.790000
2015-03-02,191.790000
2015-03-03,191.270000
2015-03-04,189.670000
2015-03-05,190.080000
2015-03-06,186.910000
2015-03-09,187.930000
2015-03-10,182.710000
2015-03-11,184.180000
2015-03-12,189.950000
2015-03-13,189.340000
2015-03-16,191.900000
2015-03-17,190.570000
2015-03-18,192.320000
2015-03-19,189.970000
2015-03-20,193.130000
2015-03-23,191.960000
2015-03-24,191.280000
2015-03-25,187.350000
2015-03-26,187.240000
2015-03-27,188.060000
2015-03-30,191.020000
2015-03-31,187.970000
2015-04-01,192.230000
2015-04-02,191.550000
2015-04-06,192.050000
2015-04-07,192.390000
2015-04-08,192.560000
2015-04-09,194.890000
2015-04-10,195.640000
2015-04-13,195.580000
2015-04-14,197.720000
2015-04-15,201.100000
2015-04-16,200.210000
2015-04-17,197.350000
2015-04-20,198.100000
2015-04-21,196.840000
2015-04-22,198.320000
2015-04-23,199.310000
2015-04-24,197.990000
2015-04-27,196.520000
2015-04-28,197.490000
2015-04-29,198.560000
2015-04-30,196.420000
2015-05-01,197.530000
2015-05-04,199.300000
2015-05-05,197.290000
2015-05-06,196.250000
2015-05-07,197.390000
2015-05-08,200.500000
2015-05-11,201.730000
2015-05-12,200.530000
2015-05-13,201.430000
2015-05-14,202.620000
2015-05-15,202.970000
2015-05-18,204.660000
2015-05-19,205.400000
2015-05-20,205.080000
2015-05-21,204.950000
2015-05-22,207.800000
2015-05-26,206.380000
2015-05-27,209.060000
2015-05-28,208.480000
2015-05-29,206.190000
2015-06-01,207.810000
2015-06-02,206.430000
2015-06-03,208.290000
2015-06-04,208.870000
2015-06-05,210.450000
2015-06-08,209.790000
2015-06-09,209.020000
2015-06-10,213.130000
2015-06-11,213.940000
2015-06-12,213.060000
2015-06-15,211.760000
2015-06-16,213.560000
2015-06-17,212.930000
2015-06-18,214.600000
2015-06-19,213.190000
2015-06-22,216.510000
2015-06-23,218.400000
2015-06-24,214.430000
2015-06-25,212.820000
2015-06-26,213.170000
2015-06-29,207.650000
2015-06-30,208.790000
2015-07-01,209.940000
2015-07-02,209.200000
2015-07-06,208.040000
2015-07-07,208.210000
2015-07-08,204.060000
2015-07-09,204.810000
2015-07-10,207.190000
2015-07-13,210.120000
2015-07-14,212.160000
2015-07-15,212.960000
2015-07-16,211.180000
2015-07-17,212.460000
2015-07-20,212.390000
2015-07-21,211.500000
2015-07-22,213.250000
2015-07-23,211.050000
2015-07-24,207.350000
2015-07-27,205.020000
2015-07-28,206.240000
2015-07-29,206.840000
2015-07-30,207.200000
2015-07-31,205.070000
2015-08-03,204.690000
2015-08-04,205.170000
2015-08-05,205.700000
2015-08-06,205.090000
2015-08-07,203.440000
2015-08-10,205.970000
2015-08-11,201.700000
2015-08-12,201.130000
2015-08-13,200.740000
2015-08-14,202.020000
2015-08-17,202.570000
2015-08-18,201.180000
2015-08-19,200.950000
2015-08-20,196.750000
2015-08-21,187.740000
2015-08-24,179.460000
2015-08-25,178.220000
2015-08-26,184.400000
2015-08-27,189.210000
2015-08-28,187.750000
2015-08-31,188.600000
2015-09-01,182.120000
2015-09-02,184.510000
2015-09-03,185.060000
2015-09-04,180.380000
2015-09-08,185.880000
2015-09-09,185.680000
2015-09-10,185.910000
2015-09-11,185.270000
2015-09-14,183.940000
2015-09-15,187.450000
2015-09-16,188.640000
2015-09-17,186.450000
2015-09-18,180.940000
2015-09-21,183.350000
2015-09-22,179.720000
2015-09-23,179.410000
2015-09-24,176.910000
2015-09-25,179.830000
2015-09-28,173.020000
2015-09-29,171.860000
2015-09-30,173.760000
2015-10-01,176.020000
2015-10-02,177.010000
2015-10-05,180.700000
2015-10-06,180.320000
2015-10-07,182.230000
2015-10-08,181.070000
2015-10-09,179.190000
2015-10-12,180.230000
2015-10-13,180.970000
2015-10-14,179.510000
2015-10-15,184.960000
2015-10-16,185.180000
2015-10-19,185.740000
2015-10-20,185.510000
2015-10-21,179.700000
2015-10-22,183.560000
2015-10-23,185.500000
2015-10-26,187.010000
2015-10-27,186.310000
2015-10-28,191.320000
2015-10-29,189.890000
2015-10-30,187.500000
2015-11-02,189.680000
2015-11-03,190.690000
2015-11-04,191.650000
2015-11-05,192.020000
2015-11-06,199.170000
2015-11-09,196.760000
2015-11-10,197.810000
2015-11-11,197.390000
2015-11-12,192.770000
2015-11-13,190.390000
2015-11-16,192.160000
2015-11-17,190.570000
2015-11-18,193.660000
2015-11-19,193.030000
2015-11-20,191.470000
2015-11-23,189.190000
2015-11-24,188.670000
2015-11-25,189.150000
2015-11-27,190.470000
2015-11-30,190.020000
2015-12-01,193.070000
2015-12-02,190.260000
2015-12-03,185.200000
2015-12-04,189.990000
2015-12-07,185.490000
2015-12-08,182.920000
2015-12-09,180.710000
2015-12-10,182.110000
2015-12-11,176.560000
2015-12-14,176.400000
2015-12-15,182.010000
2015-12-16,186.210000
2015-12-17,182.610000
2015-12-18,175.490000
2015-12-21,177.750000
2015-12-22,180.050000
2015-12-23,182.950000
2015-12-24,182.470000
2015-12-28,181.620000
2015-12-29,183.530000
2015-12-30,182.010000
2015-12-31,180.230000
2016-01-04,177.140000
2016-01-05,174.090000
2016-01-06,169.840000
2016-01-07,164.620000
2016-01-08,163.940000
2016-01-11,165.730000
2016-01-12,165.710000
2016-01-13,158.990000
2016-01-14,161.390000
2016-01-15,155.610000
2016-01-19,156.820000
2016-01-20,153.750000
2016-01-21,151.650000
2016-01-22,156.860000
2016-01-25,151.120000
2016-01-26,154.450000
2016-01-27,153.720000
2016-01-28,157.060000
2016-01-29,161.560000
2016-02-01,159.650000
2016-02-02,151.700000
2016-02-03,152.680000
2016-02-04,156.490000
2016-02-05,156.470000
2016-02-08,149.250000
2016-02-09,148.250000
2016-02-10,147.230000
2016-02-11,140.690000
2016-02-12,146.130000
2016-02-16,149.020000
2016-02-17,150.940000
2016-02-18,147.730000
2016-02-19,146.910000
2016-02-22,148.790000
2016-02-23,144.910000
2016-02-24,145.560000
2016-02-25,148.250000
2016-02-26,150.250000
2016-02-29,149.530000
2016-03-01,154.650000
2016-03-02,154.200000
2016-03-03,155.330000
2016-03-04,156.840000
2016-03-07,155.350000
2016-03-08,151.600000
2016-03-09,149.910000
2016-03-10,151.020000
2016-03-11,153.940000
2016-03-14,153.490000
2016-03-15,152.030000
2016-03-16,150.540000
2016-03-17,152.910000
2016-03-18,157.600000
2016-03-21,156.290000
2016-03-22,154.200000
2016-03-23,154.080000
2016-03-24,153.000000
2016-03-28,153.840000
2016-03-29,155.030000
2016-03-30,156.500000
2016-03-31,156.980000
2016-04-01,159.820000
2016-04-04,157.770000
2016-04-05,155.350000
2016-04-06,155.190000
2016-04-07,150.410000
2016-04-08,150.280000
2016-04-11,152.200000
2016-04-12,154.310000
2016-04-13,159.850000
2016-04-14,160.910000
2016-04-15,158.520000
2016-04-18,159.020000
2016-04-19,162.650000
2016-04-20,166.980000
2016-04-21,165.320000
2016-04-22,166.750000
2016-04-25,165.090000
2016-04-26,165.840000
2016-04-27,166.920000
2016-04-28,164.290000
2016-04-29,164.110000
2016-05-02,166.180000
2016-05-03,163.140000
2016-05-04,160.070000
2016-05-05,159.530000
2016-05-06,158.850000
2016-05-09,157.510000
2016-05-10,161.420000
2016-05-11,159.420000
2016-05-12,158.070000
2016-05-13,155.340000
2016-05-16,155.380000
2016-05-17,154.650000
2016-05-18,159.940000
2016-05-19,154.700000
2016-05-20,154.510000
2016-05-23,155.450000
2016-05-24,157.590000
2016-05-25,161.250000
2016-05-26,159.220000
2016-05-27,159.530000
2016-05-31,159.480000
2016-06-01,159.970000
2016-06-02,159.280000
2016-06-03,155.670000
2016-06-06,157.060000
2016-06-07,155.170000
2016-06-08,154.640000
2016-06-09,153.170000
2016-06-10,149.890000
2016-06-13,148.630000
2016-06-14,146.190000
2016-06-15,146.160000
2016-06-16,146.630000
2016-06-17,145.640000
2016-06-20,147.750000
2016-06-21,148.350000
2016-06-22,148.140000
2016-06-23,152.660000
2016-06-24,141.860000
2016-06-27,139.510000
2016-06-28,142.410000
2016-06-29,145.500000
2016-06-30,148.580000
2016-07-01,148.250000
2016-07-05,144.450000
2016-07-06,145.580000
2016-07-07,147.000000
2016-07-08,150.380000
2016-07-11,152.190000
2016-07-12,156.920000
2016-07-13,157.920000
2016-07-14,162.540000
2016-07-15,161.640000
2016-07-18,163.330000
2016-07-19,161.410000
2016-07-20,161.770000
2016-07-21,160.050000
2016-07-22,160.410000
2016-07-25,160.510000
2016-07-26,161.160000
2016-07-27,160.990000
2016-07-28,160.530000
2016-07-29,158.810000
2016-08-01,158.180000
2016-08-02,156.060000
2016-08-03,158.340000
2016-08-04,158.050000
2016-08-05,162.090000
2016-08-08,162.830000
2016-08-09,163.440000
2016-08-10,162.190000
2016-08-11,163.860000
2016-08-12,163.250000
2016-08-15,165.550000
2016-08-16,165.650000
2016-08-17,165.670000
2016-08-18,166.060000
2016-08-19,166.230000
2016-08-22,166.260000
2016-08-23,166.080000
2016-08-24,165.300000
2016-08-25,165.900000
2016-08-26,165.970000
2016-08-29,166.870000
2016-08-30,169.370000
2016-08-31,169.460000
2016-09-01,168.510000
2016-09-02,169.180000
2016-09-06,169.330000
2016-09-07,169.670000
2016-09-08,171.660000
2016-09-09,168.570000
2016-09-12,171.060000
2016-09-13,167.000000
2016-09-14,166.160000
2016-09-15,168.080000
2016-09-16,166.000000
2016-09-19,166.210000
2016-09-20,166.470000
2016-09-21,167.030000
2016-09-22,168.020000
2016-09-23,165.130000
2016-09-26,161.480000
2016-09-27,162.890000
2016-09-28,163.450000
2016-09-29,158.950000
2016-09-30,161.270000
2016-10-03,161.070000
2016-10-04,162.270000
2016-10-05,166.400000
2016-10-06,167.150000
2016-10-07,169.830000
2016-10-10,171.040000
2016-10-11,169.040000
2016-10-12,169.300000
2016-10-13,167.420000
2016-10-14,170.520000
2016-10-17,169.000000
2016-10-18,172.630000
2016-10-19,174.510000
2016-10-20,174.510000
2016-10-21,174.670000
2016-10-24,175.120000
2016-10-25,175.550000
2016-10-26,177.070000
2016-10-27,177.750000
2016-10-28,177.140000
2016-10-31,178.240000
2016-11-01,178.060000
2016-11-02,176.580000
2016-11-03,176.210000
2016-11-04,175.920000
2016-11-07,181.480000
2016-11-08,181.940000
2016-11-09,192.630000
2016-11-10,200.870000
2016-11-11,203.940000
2016-11-14,209.180000
2016-11-15,211.190000
2016-11-16,206.260000
2016-11-17,209.630000
2016-11-18,210.350000
2016-11-21,211.080000
2016-11-22,211.110000
2016-11-23,212.310000
2016-11-25,211.380000
2016-11-28,210.350000
2016-11-29,211.750000
2016-11-30,219.290000
2016-12-01,226.630000
2016-12-02,223.360000
2016-12-05,228.550000
2016-12-06,231.380000
2016-12-07,235.560000
2016-12-08,241.450000
2016-12-09,241.850000
2016-12-12,237.170000
2016-12-13,238.550000
2016-12-14,239.930000
2016-12-15,243.000000
2016-12-16,238.900000
2016-12-19,239.070000
2016-12-20,243.090000
2016-12-21,241.440000
2016-12-22,240.120000
2016-12-23,240.970000
2016-12-27,241.560000
2016-12-28,240.650000
2016-12-29,238.180000
2016-12-30,239.450000
2017-01-03,241.570000
2017-01-04,243.130000
2017-01-05,241.320000
2017-01-06,244.900000
2017-01-09,242.890000
2017-01-10,242.570000
2017-01-11,245.760000
2017-01-12,243.840000
2017-01-13,244.300000
2017-01-17,235.740000
2017-01-18,234.290000
2017-01-19,231.410000
2017-01-20,232.200000
2017-01-23,232.670000
2017-01-24,233.680000
2017-01-25,237.250000
2017-01-26,239.580000
2017-01-27,236.950000
2017-01-30,233.900000
2017-01-31,229.320000
2017-02-01,230.670000
2017-02-02,230.410000
2017-02-03,240.950000
2017-02-06,239.980000
2017-02-07,239.620000
2017-02-08,237.730000
2017-02-09,241.550000
2017-02-10,242.720000
2017-02-13,246.270000
2017-02-14,249.460000
2017-02-15,250.540000
2017-02-16,249.440000
2017-02-17,250.380000
2017-02-21,251.760000
2017-02-22,251.730000
2017-02-23,251.190000
2017-02-24,247.350000
2017-02-27,249.330000
2017-02-28,248.060000
2017-03-01,252.710000
2017-03-02,251.060000
2017-03-03,252.890000
2017-03-06,252.010000
2017-03-07,250.900000
2017-03-08,250.240000
2017-03-09,250.180000
2017-03-10,248.380000
2017-03-13,248.160000
2017-03-14,247.720000
2017-03-15,246.780000
2017-03-16,248.220000
2017-03-17,243.940000
2017-03-20,242.140000
2017-03-21,233.000000
2017-03-22,231.070000
2017-03-23,231.900000
2017-03-24,228.410000
2017-03-27,225.480000
2017-03-28,229.330000
2017-03-29,228.450000
2017-03-30,231.220000
2017-03-31,229.720000
2017-04-03,228.960000
2017-04-04,229.260000
2017-04-05,227.660000
2017-04-06,228.640000
2017-04-07,227.880000
2017-04-10,228.890000
2017-04-11,227.740000
2017-04-12,225.750000
2017-04-13,223.320000
2017-04-17,226.260000
2017-04-18,215.590000
2017-04-19,214.090000
2017-04-20,218.060000
2017-04-21,216.860000
2017-04-24,223.220000
2017-04-25,226.630000
2017-04-26,226.200000
2017-04-27,225.810000
2017-04-28,223.800000
2017-05-01,224.850000
2017-05-02,225.120000
2017-05-03,226.310000
2017-05-04,226.590000
2017-05-05,226.870000
2017-05-08,225.030000
2017-05-09,223.760000
2017-05-10,224.880000
2017-05-11,224.760000
2017-05-12,222.820000
2017-05-15,225.120000
2017-05-16,225.600000
2017-05-17,213.720000
2017-05-18,215.160000
2017-05-19,215.390000
2017-05-22,216.020000
2017-05-23,219.640000
2017-05-24,223.830000
2017-05-25,222.470000
2017-05-26,223.530000
2017-05-30,218.420000
2017-05-31,211.260000
2017-06-01,215.010000
2017-06-02,213.310000
2017-06-05,213.990000
2017-06-06,214.530000
2017-06-07,215.780000
2017-06-08,218.760000
2017-06-09,222.440000
2017-06-12,221.910000
2017-06-13,224.200000
2017-06-14,226.510000
2017-06-15,223.230000
2017-06-16,221.810000
2017-06-19,226.130000
2017-06-20,225.100000
2017-06-21,222.490000
2017-06-22,219.770000
2017-06-23,217.190000
2017-06-26,220.440000
2017-06-27,220.280000
2017-06-28,223.220000
2017-06-29,224.410000
2017-06-30,221.900000
2017-07-03,227.280000
2017-07-05,228.040000
2017-07-06,226.690000
2017-07-07,225.280000
2017-07-10,225.840000
2017-07-11,226.950000
2017-07-12,227.390000
2017-07-13,230.400000
2017-07-14,228.600000
2017-07-17,229.260000
2017-07-18,223.310000
2017-07-19,222.870000
2017-07-20,222.300000
2017-07-21,220.180000
2017-07-24,218.180000
2017-07-25,221.580000
2017-07-26,222.250000
2017-07-27,221.480000
2017-07-28,223.610000
2017-07-31,225.330000
2017-08-01,227.000000
2017-08-02,226.270000
2017-08-03,223.990000
2017-08-04,229.790000
2017-08-07,232.920000
2017-08-08,232.050000
2017-08-09,231.010000
2017-08-10,225.500000
2017-08-11,224.150000
2017-08-14,227.360000
2017-08-15,227.590000
2017-08-16,225.610000
2017-08-17,221.420000
2017-08-18,222.150000
2017-08-21,220.790000
2017-08-22,223.580000
2017-08-23,222.740000
2017-08-24,222.990000
2017-08-25,222.470000
2017-08-28,220.350000
2017-08-29,219.960000
2017-08-30,222.420000
2017-08-31,223.740000
2017-09-01,225.880000
2017-09-05,217.780000
2017-09-06,218.830000
2017-09-07,215.840000
2017-09-08,217.210000
2017-09-11,221.060000
2017-09-12,225.950000
2017-09-13,226.560000
2017-09-14,226.850000
2017-09-15,225.220000
2017-09-18,227.530000
2017-09-19,228.910000
2017-09-20,229.790000
2017-09-21,231.290000
2017-09-22,231.030000
2017-09-25,230.260000
2017-09-26,229.940000
2017-09-27,234.760000
2017-09-28,235.470000
2017-09-29,237.190000
2017-10-02,240.650000
2017-10-03,241.620000
2017-10-04,240.310000
2017-10-05,246.060000
2017-10-06,246.020000
2017-10-09,242.800000
2017-10-10,242.600000
2017-10-11,242.400000
2017-10-12,239.800000
2017-10-13,238.530000
2017-10-16,242.410000
2017-10-17,236.090000
2017-10-18,242.030000
2017-10-19,239.990000
2017-10-20,244.730000
2017-10-23,242.130000
2017-10-24,244.840000
2017-10-25,241.710000
2017-10-26,241.720000
2017-10-27,241.710000
2017-10-30,240.890000
2017-10-31,242.480000
2017-11-01,244.260000
2017-11-02,246.880000
2017-11-03,244.400000
2017-11-06,243.490000
2017-11-07,239.810000
2017-11-08,241.250000
2017-11-09,240.790000
2017-11-10,240.150000
2017-11-13,240.270000
2017-11-14,237.240000
2017-11-15,237.610000
2017-11-16,239.370000
2017-11-17,238.020000
2017-11-20,238.130000
2017-11-21,238.020000
2017-11-22,236.430000
2017-11-24,235.950000
2017-11-27,235.110000
2017-11-28,239.410000
2017-11-29,241.360000
2017-11-30,247.640000
2017-12-01,248.950000
2017-12-04,250.650000
2017-12-05,248.330000
2017-12-06,245.950000
2017-12-07,248.560000
2017-12-08,250.350000
2017-12-11,250.130000
2017-12-12,257.680000
2017-12-13,255.560000
2017-12-14,255.480000
2017-12-15,257.170000
2017-12-18,260.020000
2017-12-19,256.480000
2017-12-20,255.180000
2017-12-21,261.010000
2017-12-22,258.970000
2017-12-26,257.720000
2017-12-27,255.950000
2017-12-28,256.500000
2017-12-29,254.760000
2018-01-02,255.670000
2018-01-03,253.290000
2018-01-04,256.830000
2018-01-05,255.520000
2018-01-08,251.810000
2018-01-09,253.940000
2018-01-10,254.330000
2018-01-11,255.130000
2018-01-12,257.030000
2018-01-16,258.460000
2018-01-17,253.650000
2018-01-18,250.970000
2018-01-19,256.120000
2018-01-22,261.520000
2018-01-23,260.090000
2018-01-24,265.680000
2018-01-25,269.030000
2018-01-26,268.140000
2018-01-29,272.480000
2018-01-30,268.940000
2018-01-31,267.890000
2018-02-01,272.230000
2018-02-02,260.040000
2018-02-05,249.110000
2018-02-06,258.700000
2018-02-07,257.100000
2018-02-08,246.350000
2018-02-09,249.300000
2018-02-12,253.160000
2018-02-13,255.530000
2018-02-14,262.580000
2018-02-15,267.680000
2018-02-16,267.620000
2018-02-20,264.890000
2018-02-21,263.400000
2018-02-22,261.430000
2018-02-23,266.770000
2018-02-26,271.260000
2018-02-27,267.930000
2018-02-28,262.930000
2018-03-01,256.780000
2018-03-02,258.120000
2018-03-05,263.120000
2018-03-06,266.930000
2018-03-07,265.350000
2018-03-08,266.340000
2018-03-09,270.770000
2018-03-12,273.380000
2018-03-13,268.530000
2018-03-14,264.430000
2018-03-15,266.610000
2018-03-16,267.600000
2018-03-19,262.530000
2018-03-20,263.190000
2018-03-21,261.850000
2018-03-22,252.600000
2018-03-23,245.260000
2018-03-26,254.880000
2018-03-27,247.260000
2018-03-28,249.370000
2018-03-29,251.860000
2018-04-02,247.350000
2018-04-03,250.580000
2018-04-04,252.620000
2018-04-05,255.810000
2018-04-06,249.970000
2018-04-09,252.190000
2018-04-10,256.570000
2018-04-11,252.940000
2018-04-12,259.590000
2018-04-13,255.920000
2018-04-16,257.880000
2018-04-17,253.630000
2018-04-18,254.000000
2018-04-19,254.170000
2018-04-20,251.960000
2018-04-23,246.670000
2018-04-24,242.490000
2018-04-25,239.230000
2018-04-26,240.090000
2018-04-27,239.800000
2018-04-30,238.330000
2018-05-01,236.670000
2018-05-02,234.050000
2018-05-03,233.410000
2018-05-04,234.940000
2018-05-07,237.200000
2018-05-08,237.000000
2018-05-09,241.730000
2018-05-10,243.440000
2018-05-11,242.920000
2018-05-14,243.910000
2018-05-15,241.560000
2018-05-16,240.960000
2018-05-17,239.100000
2018-05-18,237.000000
2018-05-21,237.700000
2018-05-22,238.000000
2018-05-23,237.810000
2018-05-24,236.100000
2018-05-25,235.010000
2018-05-29,227.030000
2018-05-30,229.160000
2018-05-31,225.880000
2018-06-01,228.350000
2018-06-04,229.890000
2018-06-05,228.340000
2018-06-06,232.230000
2018-06-07,233.450000
2018-06-08,233.390000
2018-06-11,234.090000
2018-06-12,232.630000
2018-06-13,233.830000
2018-06-14,233.650000
2018-06-15,231.920000
2018-06-18,231.390000
2018-06-19,228.320000
2018-06-20,227.820000
2018-06-21,226.980000
2018-06-22,226.020000
2018-06-25,221.540000
2018-06-26,221.580000
2018-06-27,220.180000
2018-06-28,223.420000
2018-06-29,220.570000
2018-07-02,223.260000
2018-07-03,220.380000
2018-07-05,220.740000
2018-07-06,221.790000
2018-07-09,227.990000
2018-07-10,226.850000
2018-07-11,225.660000
2018-07-12,227.220000
2018-07-13,226.410000
2018-07-16,231.440000
2018-07-17,231.020000
2018-07-18,231.240000
2018-07-19,229.630000
2018-07-20,231.690000
2018-07-23,233.760000
2018-07-24,235.880000
2018-07-25,236.690000
2018-07-26,237.110000
2018-07-27,237.640000
2018-07-30,238.950000
2018-07-31,237.430000
2018-08-01,236.040000
2018-08-02,233.990000
2018-08-03,234.090000
2018-08-06,235.930000
2018-08-07,237.830000
2018-08-08,236.370000
2018-08-09,233.780000
2018-08-10,229.610000
2018-08-13,226.860000
2018-08-14,229.560000
2018-08-15,229.250000
2018-08-16,233.000000
2018-08-17,233.380000
2018-08-20,235.780000
2018-08-21,238.650000
2018-08-22,239.340000
2018-08-23,236.340000
2018-08-24,235.110000
2018-08-27,242.600000
2018-08-28,242.370000
2018-08-29,241.400000
2018-08-30,239.400000
2018-08-31,237.810000
2018-09-04,237.660000
2018-09-05,237.560000
2018-09-06,234.520000
2018-09-07,233.910000
2018-09-10,231.910000
2018-09-11,230.210000
2018-09-12,228.150000
2018-09-13,228.330000
2018-09-14,229.240000
2018-09-17,227.890000
2018-09-18,228.890000
2018-09-19,235.580000
2018-09-20,237.400000
2018-09-21,235.340000
2018-09-24,232.900000
2018-09-25,232.500000
2018-09-26,228.880000
2018-09-27,227.740000
2018-09-28,224.240000
2018-10-01,225.330000
2018-10-02,226.070000
2018-10-03,227.780000
2018-10-04,227.480000
2018-10-05,225.710000
2018-10-08,225.350000
2018-10-09,222.910000
2018-10-10,214.890000
2018-10-11,212.970000
2018-10-12,213.870000
2018-10-15,215.220000
2018-10-16,221.700000
2018-10-17,228.280000
2018-10-18,224.950000
2018-10-19,226.960000
2018-10-22,221.600000
2018-10-23,218.560000
2018-10-24,209.180000
2018-10-25,214.010000
2018-10-26,212.360000
2018-10-29,214.490000
2018-10-30,219.280000
2018-10-31,225.370000
2018-11-01,226.970000
2018-11-02,229.690000
2018-11-05,228.720000
2018-11-06,228.200000
2018-11-07,231.280000
2018-11-08,231.650000
2018-11-09,222.650000
2018-11-12,206.050000
2018-11-13,205.050000
2018-11-14,202.490000
2018-11-15,203.740000
2018-11-16,202.120000
2018-11-19,198.220000
2018-11-20,191.340000
2018-11-21,192.600000
2018-11-23,189.100000
2018-11-26,194.340000
2018-11-27,193.650000
2018-11-28,198.350000
2018-11-29,194.850000
2018-11-30,190.690000
2018-12-03,191.630000
2018-12-04,184.310000
2018-12-06,184.090000
2018-12-07,179.670000
2018-12-10,178.830000
2018-12-11,176.800000
2018-12-12,176.700000
2018-12-13,175.920000
2018-12-14,172.770000
2018-12-17,168.010000
2018-12-18,171.500000
2018-12-19,169.250000
2018-12-20,168.410000
2018-12-21,160.050000
2018-12-24,156.350000
2018-12-26,162.930000
2018-12-27,165.410000
2018-12-28,163.030000
2018-12-31,167.050000
2019-01-02,172.030000
2019-01-03,169.510000
2019-01-04,175.050000
2019-01-07,176.020000
2019-01-08,175.370000
2019-01-09,176.470000
2019-01-10,176.000000
2019-01-11,176.930000
2019-01-14,178.720000
2019-01-15,179.910000
2019-01-16,197.080000
2019-01-17,199.090000
2019-01-18,202.540000
2019-01-22,197.680000
2019-01-23,196.900000
2019-01-24,197.800000
2019-01-25,200.740000
2019-01-28,199.720000
2019-01-29,200.500000
2019-01-30,202.480000
2019-01-31,198.010000
2019-02-01,196.540000
2019-02-04,197.720000
2019-02-05,198.010000
2019-02-06,196.620000
2019-02-07,193.070000
2019-02-08,191.670000
2019-02-11,191.330000
2019-02-12,194.490000
2019-02-13,194.690000
2019-02-14,192.530000
2019-02-15,198.500000
2019-02-19,198.670000
2019-02-20,198.600000
2019-02-21,196.360000
2019-02-22,196.000000
2019-02-25,198.650000
2019-02-26,198.900000
2019-02-27,198.100000
2019-02-28,196.700000
2019-03-01,198.200000
2019-03-04,195.980000
2019-03-05,196.000000
2019-03-06,194.740000
2019-03-07,192.770000
2019-03-08,195.240000
2019-03-11,195.970000
2019-03-12,196.630000
2019-03-13,197.250000
2019-03-14,197.470000
2019-03-15,198.260000
2019-03-18,202.470000
2019-03-19,201.120000
2019-03-20,194.320000
2019-03-21,194.580000
2019-03-22,188.960000
2019-03-25,188.510000
2019-03-26,190.690000
2019-03-27,190.030000
2019-03-28,191.180000
2019-03-29,191.990000
2019-04-01,196.740000
2019-04-02,197.500000
2019-04-03,200.860000
2019-04-04,202.230000
2019-04-05,202.380000
2019-04-08,202.540000
2019-04-09,200.620000
2019-04-10,202.980000
2019-04-11,202.830000
2019-04-12,207.840000
2019-04-15,199.910000
2019-04-16,201.840000
2019-04-17,207.900000
2019-04-18,205.910000
2019-04-22,204.600000
2019-04-23,204.140000
2019-04-24,200.540000
2019-04-25,201.400000
2019-04-26,203.080000
2019-04-29,206.920000
2019-04-30,205.920000
2019-05-01,204.730000
2019-05-02,204.990000
2019-05-03,207.520000
2019-05-06,206.430000
2019-05-07,202.630000
2019-05-08,200.950000
2019-05-09,201.630000
2019-05-10,202.050000
2019-05-13,194.970000
2019-05-14,196.280000
2019-05-15,196.400000
2019-05-16,199.140000
2019-05-17,197.430000
2019-05-20,197.240000
2019-05-21,199.110000
2019-05-22,195.520000
2019-05-23,191.970000
2019-05-24,193.000000
2019-05-28,189.440000
2019-05-29,188.050000
2019-05-30,187.370000
2019-05-31,182.490000
2019-06-03,183.190000
2019-06-04,189.880000
2019-06-05,188.440000
2019-06-06,189.810000
2019-06-07,189.810000
2019-06-10,194.120000
2019-06-11,194.730000
2019-06-12,190.220000
2019-06-13,191.450000
2019-06-14,191.660000
2019-06-17,190.830000
2019-06-18,194.980000
2019-06-19,195.640000
2019-06-20,195.700000
2019-06-21,195.940000
2019-06-24,197.490000
2019-06-25,196.060000
2019-06-26,197.010000
2019-06-27,199.320000
2019-06-28,204.600000
2019-07-01,206.860000
2019-07-02,205.980000
2019-07-03,206.040000
2019-07-05,207.900000
2019-07-08,205.750000
2019-07-09,207.770000
2019-07-10,205.970000
2019-07-11,211.350000
2019-07-12,213.940000
2019-07-15,211.580000
2019-07-16,215.520000
2019-07-17,213.300000
2019-07-18,214.520000
2019-07-19,213.520000
2019-07-22,214.000000
2019-07-23,219.430000
2019-07-24,222.030000
2019-07-25,219.980000
2019-07-26,222.140000
2019-07-29,220.320000
2019-07-30,221.400000
2019-07-31,220.130000
2019-08-01,211.600000
2019-08-02,209.370000
2019-08-05,201.680000
2019-08-06,206.010000
2019-08-07,205.740000
2019-08-08,207.000000
2019-08-09,206.900000
2019-08-12,201.520000
2019-08-13,204.110000
2019-08-14,195.560000
2019-08-15,196.180000
2019-08-16,199.420000
2019-08-19,202.200000
2019-08-20,199.980000
2019-08-21,200.680000
2019-08-22,202.420000
2019-08-23,196.200000
2019-08-26,199.650000
2019-08-27,198.070000
2019-08-28,200.420000
2019-08-29,203.440000
2019-08-30,203.910000
2019-09-03,198.970000
2019-09-04,201.730000
2019-09-05,207.050000
2019-09-06,207.210000
2019-09-09,211.980000
2019-09-10,215.630000
2019-09-11,216.800000
2019-09-12,218.740000
2019-09-13,219.900000
2019-09-16,217.220000
2019-09-17,215.910000
2019-09-18,217.080000
2019-09-19,215.230000
2019-09-20,213.740000
2019-09-23,213.460000
2019-09-24,207.750000
2019-09-25,210.030000
2019-09-26,208.220000
2019-09-27,208.970000
2019-09-30,207.230000
2019-10-01,202.690000
2019-10-02,198.250000
2019-10-03,197.240000
2019-10-04,200.800000
2019-10-07,200.400000
2019-10-08,197.370000
2019-10-09,196.850000
2019-10-10,199.870000
2019-10-11,204.680000
2019-10-14,205.820000
2019-10-15,206.460000
2019-10-16,207.420000
2019-10-17,206.460000
2019-10-18,206.520000
2019-10-21,209.250000
2019-10-22,209.600000
2019-10-23,211.320000
2019-10-24,211.050000
2019-10-25,214.230000
2019-10-28,217.750000
2019-10-29,217.640000
2019-10-30,215.810000
2019-10-31,213.380000
2019-11-01,217.390000
2019-11-04,219.870000
2019-11-05,218.640000
2019-11-06,218.420000
2019-11-07,223.290000
2019-11-08,222.910000
2019-11-11,219.030000
2019-11-12,220.410000
2019-11-13,219.320000
2019-11-14,219.430000
2019-11-15,220.250000
2019-11-18,219.730000
2019-11-19,220.040000
2019-11-20,217.910000
2019-11-21,218.230000
2019-11-22,220.280000
2019-11-25,222.750000
2019-11-26,222.450000
2019-11-27,222.950000
2019-11-29,221.350000
2019-12-02,217.640000
2019-12-03,212.240000
2019-12-04,215.940000
2019-12-05,217.140000
2019-12-06,224.610000
2019-12-09,221.810000
2019-12-10,221.880000
2019-12-11,221.190000
2019-12-12,226.050000
2019-12-13,225.000000
2019-12-16,228.040000
2019-12-17,231.150000
2019-12-18,230.450000
2019-12-19,229.940000
2019-12-20,228.930000
2019-12-23,229.090000
2019-12-24,229.910000
2019-12-26,231.210000
2019-12-27,230.660000
2019-12-30,229.800000
2019-12-31,229.930000
2020-01-02,234.320000
2020-01-03,231.580000
2020-01-06,233.950000
2020-01-07,235.490000
2020-01-08,237.760000
2020-01-09,242.600000
2020-01-10,242.110000
2020-01-13,245.210000
2020-01-14,245.660000
2020-01-15,245.210000
2020-01-16,249.720000
2020-01-17,249.460000
2020-01-21,245.700000
2020-01-22,247.050000
2020-01-23,245.580000
2020-01-24,241.920000
2020-01-27,238.140000
2020-01-28,242.580000
2020-01-29,240.120000
2020-01-30,244.130000
2020-01-31,237.750000
2020-02-03,239.010000
2020-02-04,241.940000
2020-02-05,244.300000
2020-02-06,241.820000
2020-02-07,238.000000
2020-02-10,237.360000
2020-02-11,236.460000
2020-02-12,238.650000
2020-02-13,238.350000
2020-02-14,237.080000
2020-02-18,233.210000
2020-02-19,237.330000
2020-02-20,232.730000
2020-02-21,230.620000
2020-02-24,224.540000
2020-02-25,217.610000
2020-02-26,215.780000
2020-02-27,205.690000
2020-02-28,200.770000
2020-03-02,209.470000
2020-03-03,203.430000
2020-03-04,208.740000
2020-03-05,198.790000
2020-03-06,192.850000
2020-03-09,172.810000
2020-03-10,184.350000
2020-03-11,171.890000
2020-03-12,150.680000
2020-03-13,177.170000
2020-03-16,154.660000
2020-03-17,158.670000
2020-03-18,140.020000
2020-03-19,149.490000
2020-03-20,138.410000
2020-03-23,134.970000
2020-03-24,153.600000
2020-03-25,155.130000
2020-03-26,165.790000
2020-03-27,158.340000
2020-03-30,159.620000
2020-03-31,154.590000
2020-04-01,145.290000
2020-04-02,149.930000
2020-04-03,146.930000
2020-04-06,158.230000
2020-04-07,166.020000
2020-04-08,176.960000
2020-04-09,184.260000
2020-04-13,179.180000
2020-04-14,178.230000
2020-04-15,178.520000
2020-04-16,177.040000
2020-04-17,183.490000
2020-04-20,180.400000
2020-04-21,173.810000
2020-04-22,175.980000
2020-04-23,175.050000
2020-04-24,177.000000
2020-04-27,183.540000
2020-04-28,187.010000
2020-04-29,190.030000
2020-04-30,183.420000
2020-05-01,177.100000
2020-05-04,176.030000
2020-05-05,178.300000
2020-05-06,176.920000
2020-05-07,182.320000
2020-05-08,185.390000
2020-05-11,183.160000
2020-05-12,177.210000
2020-05-13,171.800000
2020-05-14,174.450000
2020-05-15,171.870000
2020-05-18,181.880000
2020-05-19,177.830000
2020-05-20,181.440000
2020-05-21,180.100000
2020-05-22,179.930000
2020-05-26,196.060000
2020-05-27,209.660000
2020-05-28,201.220000
2020-05-29,196.490000
2020-06-01,199.930000
2020-06-02,204.140000
2020-06-03,210.570000
2020-06-04,214.820000
2020-06-05,217.920000
2020-06-08,220.810000
2020-06-09,218.100000
2020-06-10,213.520000
2020-06-11,194.130000
2020-06-12,201.780000
2020-06-15,206.310000
2020-06-16,209.590000
2020-06-17,206.190000
2020-06-18,203.840000
2020-06-19,201.630000
2020-06-22,203.420000
2020-06-23,204.780000
2020-06-24,198.020000
2020-06-25,207.100000
2020-06-26,189.190000
2020-06-29,193.470000
2020-06-30,197.620000
2020-07-01,197.570000
2020-07-02,197.400000
2020-07-06,207.360000
2020-07-07,199.360000
2020-07-08,202.250000
2020-07-09,196.830000
2020-07-10,205.560000
2020-07-13,208.880000
2020-07-14,214.010000
2020-07-15,216.900000
2020-07-16,214.670000
2020-07-17,211.410000
2020-07-20,211.710000
2020-07-21,212.020000
2020-07-22,206.000000
2020-07-23,203.020000
2020-07-24,201.470000
2020-07-27,203.020000
2020-07-28,201.620000
2020-07-29,202.580000
2020-07-30,199.530000
2020-07-31,197.960000
2020-08-03,199.390000
2020-08-04,201.640000
2020-08-05,204.520000
2020-08-06,204.250000
2020-08-07,208.270000
2020-08-10,209.380000
2020-08-11,211.060000
2020-08-12,212.130000
2020-08-13,208.390000
2020-08-14,207.970000
2020-08-17,203.070000
2020-08-18,201.310000
2020-08-19,203.020000
2020-08-20,201.850000
2020-08-21,202.430000
2020-08-24,207.340000
2020-08-25,206.000000
2020-08-26,207.220000
2020-08-27,210.150000
2020-08-28,207.710000
2020-08-31,204.870000
2020-09-01,205.460000
2020-09-02,210.040000
2020-09-03,207.560000
2020-09-04,210.940000
2020-09-08,202.480000
2020-09-09,202.220000
2020-09-10,200.010000
2020-09-11,200.920000
2020-09-14,201.340000
2020-09-15,198.000000
2020-09-16,200.680000
2020-09-17,194.830000
2020-09-18,194.860000
2020-09-21,194.000000
2020-09-22,191.620000
2020-09-23,186.120000
2020-09-24,195.110000
2020-09-25,194.950000
2020-09-28,199.070000
2020-09-29,196.790000
2020-09-30,200.970000
2020-10-01,198.550000
2020-10-02,199.900000
2020-10-05,201.800000
2020-10-06,201.090000
2020-10-07,203.600000
2020-10-08,207.980000
2020-10-09,207.540000
2020-10-12,214.120000
2020-10-13,210.810000
2020-10-14,211.230000
2020-10-15,208.600000
2020-10-16,206.210000
2020-10-19,205.690000
2020-10-20,208.030000
2020-10-21,202.910000
2020-10-22,205.400000
2020-10-23,205.040000
2020-10-26,201.140000
2020-10-27,195.680000
2020-10-28,189.770000
2020-10-29,189.940000
2020-10-30,189.040000
2020-11-02,190.200000
2020-11-03,197.930000
2020-11-04,197.870000
2020-11-05,202.960000
2020-11-06,201.260000
2020-11-09,214.930000
2020-11-10,217.470000
2020-11-11,218.050000
2020-11-12,214.510000
2020-11-13,219.080000
2020-11-16,222.380000
2020-11-17,224.650000
2020-11-18,224.300000
2020-11-19,224.570000
2020-11-20,223.350000
2020-11-23,228.830000
2020-11-24,237.500000
2020-11-25,236.540000
2020-11-27,235.400000
2020-11-30,230.580000
2020-12-01,232.080000
2020-12-02,237.650000
2020-12-03,235.470000
2020-12-04,239.580000
2020-12-07,238.450000
2020-12-08,238.840000
2020-12-09,242.820000
2020-12-10,244.400000
2020-12-11,239.990000
2020-12-14,237.790000
2020-12-15,242.430000
2020-12-16,243.770000
2020-12-17,244.430000
2020-12-18,242.130000
2020-12-21,256.980000
2020-12-22,250.090000
2020-12-23,256.450000
2020-12-24,256.160000
2020-12-28,259.590000
2020-12-29,258.010000
2020-12-30,259.450000
2020-12-31,263.710000
2021-01-04,265.000000
2021-01-05,270.930000
2021-01-06,285.550000
2021-01-07,291.650000
2021-01-08,290.080000
2021-01-11,293.830000
2021-01-12,302.210000
2021-01-13,302.940000
2021-01-14,307.870000
2021-01-15,301.010000
2021-01-19,294.200000
2021-01-20,290.470000
2021-01-21,289.370000
2021-01-22,289.390000
2021-01-25,283.040000
2021-01-26,281.760000
2021-01-27,273.330000
2021-01-28,275.020000
2021-01-29,271.170000
2021-02-01,274.730000
2021-02-02,286.970000
2021-02-03,288.550000
2021-02-04,293.750000
2021-02-05,293.500000
2021-02-08,300.150000
2021-02-09,300.460000
2021-02-10,304.280000
2021-02-11,302.320000
2021-02-12,306.320000
2021-02-16,311.960000
2021-02-17,312.740000
2021-02-18,309.900000
2021-02-19,315.620000
2021-02-22,316.870000
2021-02-23,319.210000
2021-02-24,330.640000
2021-02-25,327.760000
2021-02-26,319.480000
2021-03-01,329.920000
2021-03-02,330.940000
2021-03-03,334.430000
2021-03-04,329.290000
2021-03-05,327.370000
2021-03-08,334.190000
2021-03-09,330.590000
2021-03-10,342.020000
2021-03-11,342.100000
2021-03-12,348.810000
2021-03-15,346.050000
2021-03-16,341.710000
2021-03-17,344.950000
2021-03-18,348.000000
2021-03-19,344.200000
2021-03-22,339.330000
2021-03-23,331.770000
2021-03-24,328.650000
2021-03-25,330.550000
2021-03-26,327.390000
2021-03-29,325.730000
2021-03-30,332.010000
2021-03-31,327.000000
2021-04-01,327.640000
2021-04-05,323.540000
2021-04-06,327.060000
2021-04-07,326.550000
2021-04-08,331.140000
2021-04-09,330.810000
2021-04-12,331.840000
2021-04-13,327.680000
2021-04-14,335.350000
2021-04-15,338.550000
2021-04-16,342.310000
2021-04-19,343.090000
2021-04-20,331.880000
2021-04-21,335.270000
2021-04-22,330.850000
2021-04-23,339.350000
2021-04-26,343.520000
2021-04-27,346.630000
2021-04-28,348.110000
2021-04-29,352.970000
2021-04-30,348.450000
2021-05-03,350.160000
2021-05-04,349.840000
2021-05-05,357.620000
2021-05-06,365.970000
2021-05-07,370.890000
2021-05-10,368.680000
2021-05-11,359.920000
2021-05-12,354.400000
2021-05-13,358.810000
2021-05-14,368.770000
2021-05-17,369.250000
2021-05-18,364.560000
2021-05-19,358.380000
2021-05-20,359.780000
2021-05-21,366.260000
2021-05-24,368.290000
2021-05-25,364.510000
2021-05-26,367.400000
2021-05-27,371.370000
2021-05-28,372.020000
2021-06-01,382.440000
2021-06-02,383.440000
2021-06-03,388.720000
2021-06-04,391.450000
2021-06-07,388.160000
2021-06-08,384.700000
2021-06-09,382.780000
2021-06-10,373.940000
2021-06-11,378.050000
2021-06-14,372.920000
2021-06-15,371.300000
2021-06-16,371.000000
2021-06-17,361.500000
2021-06-18,348.830000
2021-06-21,357.540000
2021-06-22,357.530000
2021-06-23,361.050000
2021-06-24,368.750000
2021-06-25,368.770000
2021-06-28,368.710000
2021-06-29,372.620000
2021-06-30,379.530000
2021-07-01,374.990000
2021-07-02,374.160000
2021-07-06,369.860000
2021-07-07,367.670000
2021-07-08,358.940000
2021-07-09,371.760000
2021-07-12,380.500000
2021-07-13,375.980000
2021-07-14,374.400000
2021-07-15,373.350000
2021-07-16,364.800000
2021-07-19,354.720000
2021-07-20,364.760000
2021-07-21,373.500000
2021-07-22,372.710000
2021-07-23,374.050000
2021-07-26,375.900000
2021-07-27,374.840000
2021-07-28,374.230000
2021-07-29,377.550000
2021-07-30,374.880000
2021-08-02,378.190000
2021-08-03,380.360000
2021-08-04,377.860000
2021-08-05,384.300000
2021-08-06,397.890000
2021-08-09,399.880000
2021-08-10,407.970000
2021-08-11,413.890000
2021-08-12,415.000000
2021-08-13,410.780000
2021-08-16,408.350000
2021-08-17,404.970000
2021-08-18,398.800000
2021-08-19,393.570000
2021-08-20,395.870000
2021-08-23,401.450000
2021-08-24,408.560000
2021-08-25,413.120000
2021-08-26,412.410000
2021-08-27,419.690000
2021-08-30,413.600000
2021-08-31,413.510000
2021-09-01,413.660000
2021-09-02,414.500000
2021-09-03,411.310000
2021-09-07,410.320000
2021-09-08,405.000000
2021-09-09,404.580000
2021-09-10,403.480000
2021-09-13,409.260000
2021-09-14,403.690000
2021-09-15,401.950000
2021-09-16,396.680000
2021-09-17,391.460000
2021-09-20,378.130000
2021-09-21,375.840000
2021-09-22,385.470000
2021-09-23,391.860000
2021-09-24,390.850000
2021-09-27,399.810000
2021-09-28,389.500000
2021-09-29,384.890000
2021-09-30,378.030000
2021-10-01,380.000000
2021-10-04,374.150000
2021-10-05,385.810000
2021-10-06,388.050000
2021-10-07,390.620000
2021-10-08,392.810000
2021-10-11,385.240000
2021-10-12,386.530000
2021-10-13,386.310000
2021-10-14,391.200000
2021-10-15,406.070000
2021-10-18,413.690000
2021-10-19,412.160000
2021-10-20,407.890000
2021-10-21,407.590000
2021-10-22,414.320000
2021-10-25,414.750000
2021-10-26,417.610000
2021-10-27,410.990000
2021-10-28,414.820000
2021-10-29,413.350000
2021-11-01,416.700000
2021-11-02,423.850000
2021-11-03,417.900000
2021-11-04,408.070000
2021-11-05,407.080000
2021-11-08,408.340000
2021-11-09,405.350000
2021-11-10,399.120000
2021-11-11,402.340000
2021-11-12,404.910000
2021-11-15,404.810000
2021-11-16,403.090000
2021-11-17,391.550000
2021-11-18,391.370000
2021-11-19,387.390000
2021-11-22,396.160000
2021-11-23,406.340000
2021-11-24,399.190000
2021-11-26,389.390000
2021-11-29,386.540000
2021-11-30,380.990000
2021-12-01,376.480000
2021-12-02,387.540000
2021-12-03,382.730000
2021-12-06,389.300000
2021-12-07,400.110000
2021-12-08,397.320000
2021-12-09,396.490000
2021-12-10,391.060000
2021-12-13,384.640000
2021-12-14,388.820000
2021-12-15,389.910000
2021-12-16,397.370000
2021-12-17,381.800000
2021-12-20,371.610000
2021-12-21,380.320000
2021-12-22,382.330000
2021-12-23,385.040000
2021-12-27,388.040000
2021-12-28,387.610000
2021-12-29,386.200000
2021-12-30,385.520000
2021-12-31,382.550000
2022-01-03,395.330000
2022-01-04,407.480000
2022-01-05,398.630000
2022-01-06,396.930000
2022-01-07,397.510000
2022-01-10,399.170000
2022-01-11,403.050000
2022-01-12,390.310000
2022-01-13,390.800000
2022-01-14,380.940000
2022-01-18,354.400000
2022-01-19,347.320000
2022-01-20,348.100000
2022-01-21,343.910000
2022-01-24,343.390000
2022-01-25,341.550000
2022-01-26,342.680000
2022-01-27,341.030000
2022-01-28,347.010000
2022-01-31,354.680000
2022-02-01,364.060000
2022-02-02,363.060000
2022-02-03,358.880000
2022-02-04,367.600000
2022-02-07,368.150000
2022-02-08,370.100000
2022-02-09,374.530000
2022-02-10,370.570000
2022-02-11,363.060000
2022-02-14,360.240000
2022-02-15,363.940000
2022-02-16,360.050000
2022-02-17,349.060000
2022-02-18,346.040000
2022-02-22,344.270000
2022-02-23,341.190000
2022-02-24,340.190000
2022-02-25,350.120000
2022-02-28,341.290000
2022-03-01,328.200000
2022-03-02,336.380000
2022-03-03,333.420000
2022-03-04,329.670000
2022-03-07,321.890000
2022-03-08,321.370000
2022-03-09,333.590000
2022-03-10,329.900000
2022-03-11,327.000000
2022-03-14,324.980000
2022-03-15,329.160000
2022-03-16,340.760000
2022-03-17,343.270000
2022-03-18,345.380000
2022-03-21,339.000000
2022-03-22,343.010000
2022-03-23,335.610000
2022-03-24,336.230000
2022-03-25,337.490000
2022-03-28,335.300000
2022-03-29,339.660000
2022-03-30,335.590000
2022-03-31,330.100000
2022-04-01,330.220000
2022-04-04,328.210000
2022-04-05,323.960000
2022-04-06,316.260000
2022-04-07,314.150000
2022-04-08,321.390000
2022-04-11,320.760000
2022-04-12,319.780000
2022-04-13,321.970000
2022-04-14,321.640000
2022-04-18,329.880000
2022-04-19,335.950000
2022-04-20,341.060000
2022-04-21,334.300000
2022-04-22,319.770000
2022-04-25,321.420000
2022-04-26,313.120000
2022-04-27,313.230000
2022-04-28,318.410000
2022-04-29,305.490000
2022-05-02,310.420000
2022-05-03,314.660000
2022-05-04,324.110000
2022-05-05,313.070000
2022-05-06,312.960000
2022-05-09,308.890000
2022-05-10,305.060000
2022-05-11,301.550000
2022-05-12,299.410000
2022-05-13,306.990000
2022-05-16,303.440000
2022-05-17,312.970000
2022-05-18,306.730000
2022-05-19,308.200000
2022-05-20,306.800000
2022-05-23,316.610000
2022-05-24,313.950000
2022-05-25,314.900000
2022-05-26,323.630000
2022-05-27,328.580000
2022-05-31,326.850000
2022-06-01,321.850000
2022-06-02,324.250000
2022-06-03,318.680000
2022-06-06,320.510000
2022-06-07,321.510000
2022-06-08,314.680000
2022-06-09,304.220000
2022-06-10,287.020000
2022-06-13,283.320000
2022-06-14,282.540000
2022-06-15,290.070000
2022-06-16,284.980000
2022-06-17,279.790000
2022-06-21,284.810000
2022-06-22,284.540000
2022-06-23,286.170000
2022-06-24,302.750000
2022-06-27,300.780000
2022-06-28,299.490000
2022-06-29,303.280000
2022-06-30,297.020000
2022-07-01,299.230000
2022-07-05,297.200000
2022-07-06,293.760000
2022-07-07,298.600000
2022-07-08,296.470000
2022-07-11,293.180000
2022-07-12,292.530000
2022-07-13,290.150000
2022-07-14,281.590000
2022-07-15,293.870000
2022-07-18,301.260000
2022-07-19,318.050000
2022-07-20,321.450000
2022-07-21,326.540000
2022-07-22,323.930000
2022-07-25,324.120000
2022-07-26,318.550000
2022-07-27,324.540000
2022-07-28,329.110000
2022-07-29,333.390000
2022-08-01,332.080000
2022-08-02,327.880000
2022-08-03,333.170000
2022-08-04,331.870000
2022-08-05,334.670000
2022-08-08,334.680000
2022-08-09,336.620000
2022-08-10,347.910000
2022-08-11,351.680000
2022-08-12,353.820000
2022-08-15,355.850000
2022-08-16,354.970000
2022-08-17,353.740000
2022-08-18,354.520000
2022-08-19,349.270000
2022-08-22,342.420000
2022-08-23,340.180000
2022-08-24,341.940000
2022-08-25,346.490000
2022-08-26,336.400000
2022-08-29,333.920000
2022-08-30,333.630000
2022-08-31,332.670000
2022-09-01,333.500000
2022-09-02,331.480000
2022-09-06,326.490000
2022-09-07,330.560000
2022-09-08,335.380000
2022-09-09,340.100000
2022-09-12,342.580000
2022-09-13,328.390000
2022-09-14,327.260000
2022-09-15,331.620000
2022-09-16,326.210000
2022-09-19,328.660000
2022-09-20,323.260000
2022-09-21,320.710000
2022-09-22,312.920000
2022-09-23,301.970000
2022-09-26,294.620000
2022-09-27,291.380000
2022-09-28,300.790000
2022-09-29,296.110000
2022-09-30,293.050000
2022-10-03,299.150000
2022-10-04,314.870000
2022-10-05,309.000000
2022-10-06,304.670000
2022-10-07,301.080000
2022-10-10,300.540000
2022-10-11,294.210000
2022-10-12,295.310000
2022-10-13,307.070000
2022-10-14,299.990000
2022-10-17,306.710000
2022-10-18,313.850000
2022-10-19,311.760000
2022-10-20,310.810000
2022-10-21,325.100000
2022-10-24,328.700000
2022-10-25,332.400000
2022-10-26,335.690000
2022-10-27,337.180000
2022-10-28,341.820000
2022-10-31,344.510000
2022-11-01,348.580000
2022-11-02,349.790000
2022-11-03,348.870000
2022-11-04,357.910000
2022-11-07,362.560000
2022-11-08,364.020000
2022-11-09,362.000000
2022-11-10,378.310000
2022-11-11,385.170000
2022-11-14,382.360000
2022-11-15,382.880000
2022-11-16,382.330000
2022-11-17,379.780000
2022-11-18,379.200000
2022-11-21,380.210000
2022-11-22,383.870000
2022-11-23,386.250000
2022-11-25,388.860000
2022-11-28,382.360000
2022-11-29,383.710000
2022-11-30,386.150000
2022-12-01,383.810000
2022-12-02,380.580000
2022-12-05,371.540000
2022-12-06,362.910000
2022-12-07,359.920000
2022-12-08,358.080000
2022-12-09,359.140000
2022-12-12,363.180000
2022-12-13,368.690000
2022-12-14,360.380000
2022-12-15,349.830000
2022-12-16,346.350000
2022-12-19,344.610000
2022-12-20,344.490000
2022-12-21,350.160000
2022-12-22,345.580000
2022-12-23,345.510000
2022-12-27,341.970000
2022-12-28,340.870000
2022-12-29,343.430000
2022-12-30,343.380000
2023-01-03,346.220000
2023-01-04,347.700000
2023-01-05,343.760000
2023-01-06,348.080000
2023-01-09,353.000000
2023-01-10,357.360000
2023-01-11,364.480000
2023-01-12,369.940000
2023-01-13,374.000000
2023-01-17,349.920000
2023-01-18,349.090000
2023-01-19,350.750000
2023-01-20,341.840000
2023-01-23,349.140000
2023-01-24,348.330000
2023-01-25,349.630000
2023-01-26,354.970000
2023-01-27,353.700000
2023-01-30,357.460000
2023-01-31,365.810000
2023-02-01,365.710000
2023-02-02,369.470000
2023-02-03,369.950000
2023-02-06,370.800000
2023-02-07,374.400000
2023-02-08,375.100000
2023-02-09,367.990000
2023-02-10,371.280000
2023-02-13,374.020000
2023-02-14,371.780000
2023-02-15,374.340000
2023-02-16,370.200000
2023-02-17,368.500000
2023-02-21,361.120000
2023-02-22,360.890000
2023-02-23,363.540000
2023-02-24,363.850000
2023-02-27,365.530000
2023-02-28,351.650000
2023-03-01,346.230000
2023-03-02,349.100000
2023-03-03,357.090000
2023-03-06,357.050000
2023-03-07,346.080000
2023-03-08,349.290000
2023-03-09,342.090000
2023-03-10,327.670000
2023-03-13,315.510000
2023-03-14,322.150000
2023-03-15,312.190000
2023-03-16,315.090000
2023-03-17,303.540000
2023-03-20,309.530000
2023-03-21,317.280000
2023-03-22,313.670000
2023-03-23,314.850000
2023-03-24,312.570000
2023-03-27,318.530000
2023-03-28,318.440000
2023-03-29,320.720000
2023-03-30,321.140000
2023-03-31,327.110000
2023-04-03,326.520000
2023-04-04,322.650000
2023-04-05,321.530000
2023-04-06,322.400000
2023-04-10,324.960000
2023-04-11,327.370000
2023-04-12,330.240000
2023-04-13,332.130000
2023-04-14,336.920000
2023-04-17,339.680000
2023-04-18,333.910000
2023-04-19,336.890000
2023-04-20,338.710000
2023-04-21,341.660000
2023-04-24,343.960000
2023-04-25,339.480000
2023-04-26,336.560000
2023-04-27,341.600000
2023-04-28,343.440000
2023-05-01,340.570000
2023-05-02,333.370000
2023-05-03,328.650000
2023-05-04,321.260000
2023-05-05,327.020000
2023-05-08,326.510000
2023-05-09,324.770000
2023-05-10,322.550000
2023-05-11,320.720000
2023-05-12,319.500000
2023-05-15,322.070000
2023-05-16,320.810000
2023-05-17,330.180000
2023-05-18,329.580000
2023-05-19,326.150000
2023-05-22,324.920000
2023-05-23,323.570000
2023-05-24,319.810000
2023-05-25,323.880000
2023-05-26,332.010000
2023-05-30,330.830000
2023-05-31,323.900000
2023-06-01,316.400000
2023-06-02,323.650000
2023-06-05,321.810000
2023-06-06,326.800000
2023-06-07,335.750000
2023-06-08,335.470000
2023-06-09,336.020000
2023-06-12,339.490000
2023-06-13,342.500000
2023-06-14,338.420000
2023-06-15,339.740000
2023-06-16,338.310000
2023-06-20,330.720000
2023-06-21,325.070000
2023-06-22,319.580000
2023-06-23,314.710000
2023-06-26,312.360000
2023-06-27,313.450000
2023-06-28,313.660000
2023-06-29,323.090000
2023-06-30,322.540000
2023-07-03,326.610000
2023-07-05,320.050000
2023-07-06,313.000000
2023-07-07,315.170000
2023-07-10,316.470000
2023-07-11,320.880000
2023-07-12,326.400000
2023-07-13,328.680000
2023-07-14,326.190000
2023-07-17,327.200000
2023-07-18,337.270000
2023-07-19,340.550000
2023-07-20,350.860000
2023-07-21,351.960000
2023-07-24,358.930000
2023-07-25,354.700000
2023-07-26,357.560000
2023-07-27,354.510000
2023-07-28,353.230000
2023-07-31,355.870000
2023-08-01,357.720000
2023-08-02,351.100000
2023-08-03,353.160000
2023-08-04,353.220000
2023-08-07,355.560000
2023-08-08,348.260000
2023-08-09,342.690000
2023-08-10,340.400000
2023-08-11,340.730000
2023-08-14,337.740000
2023-08-15,332.210000
2023-08-16,329.110000
2023-08-17,327.520000
2023-08-18,324.930000
2023-08-21,322.060000
2023-08-22,318.790000
2023-08-23,322.330000
2023-08-24,319.960000
2023-08-25,320.150000
2023-08-28,325.970000
2023-08-29,332.550000
2023-08-30,328.580000
2023-08-31,327.710000
2023-09-01,327.400000
2023-09-05,323.750000
2023-09-06,321.130000
2023-09-07,321.960000
2023-09-08,325.520000
2023-09-11,324.650000
2023-09-12,330.900000
2023-09-13,334.980000
2023-09-14,344.570000
2023-09-15,342.540000
2023-09-18,343.320000
2023-09-19,341.890000
2023-09-20,336.700000
2023-09-21,330.240000
2023-09-22,327.890000
2023-09-25,328.840000
2023-09-26,323.820000
2023-09-27,321.950000
2023-09-28,325.200000
2023-09-29,323.570000
2023-10-02,318.500000
2023-10-03,306.120000
2023-10-04,308.600000
2023-10-05,310.500000
2023-10-06,312.480000
2023-10-09,312.610000
2023-10-10,314.770000
2023-10-11,313.020000
2023-10-12,309.850000
2023-10-13,309.300000
2023-10-16,314.390000
2023-10-17,309.360000
2023-10-18,301.960000
2023-10-19,299.190000
2023-10-20,300.050000
2023-10-23,299.220000
2023-10-24,299.180000
2023-10-25,296.760000
2023-10-26,296.990000
2023-10-27,289.910000
2023-10-30,300.830000
2023-10-31,303.610000
2023-11-01,307.160000
2023-11-02,313.760000
2023-11-03,327.620000
2023-11-06,323.910000
2023-11-07,323.950000
2023-11-08,324.560000
2023-11-09,320.780000
2023-11-10,325.510000
2023-11-13,326.910000
2023-11-14,338.720000
2023-11-15,337.600000
2023-11-16,336.670000
2023-11-17,339.190000
2023-11-20,339.450000
2023-11-21,334.970000
2023-11-22,338.640000
2023-11-24,339.150000
2023-11-27,337.710000
2023-11-28,337.650000
2023-11-29,340.260000
2023-11-30,341.540000
2023-12-01,348.430000
2023-12-04,349.390000
2023-12-05,341.750000
2023-12-06,341.970000
2023-12-07,344.620000
2023-12-08,350.830000
2023-12-11,351.760000
2023-12-12,352.610000
2023-12-13,362.730000
2023-12-14,383.470000
2023-12-15,380.510000
2023-12-18,376.400000
2023-12-19,382.450000
2023-12-20,377.520000
2023-12-21,380.570000
2023-12-22,380.650000
2023-12-26,381.610000
2023-12-27,384.480000
2023-12-28,386.410000
2023-12-29,385.770000
2024-01-02,388.300000
2024-01-03,381.790000
2024-01-04,382.950000
2024-01-05,386.440000
2024-01-08,388.860000
2024-01-09,383.740000
2024-01-10,381.960000
2024-01-11,379.750000
2024-01-12,377.750000
2024-01-16,380.450000
2024-01-17,377.180000
2024-01-18,376.910000
2024-01-19,382.200000
2024-01-22,385.960000
2024-01-23,380.770000
2024-01-24,379.400000
2024-01-25,382.700000
2024-01-26,377.790000
2024-01-29,380.560000
2024-01-30,386.870000
2024-01-31,384.010000
2024-02-01,383.850000
2024-02-02,387.860000
2024-02-05,383.020000
2024-02-06,384.990000
2024-02-07,386.660000
2024-02-08,385.040000
2024-02-09,384.260000
2024-02-12,392.640000
2024-02-13,378.750000
2024-02-14,378.040000
2024-02-15,385.420000
2024-02-16,384.440000
2024-02-20,384.520000
2024-02-21,388.270000
2024-02-22,390.470000
2024-02-23,391.050000
2024-02-26,390.220000
2024-02-27,390.810000
2024-02-28,393.180000
2024-02-29,389.050000
2024-03-01,388.100000
2024-03-04,392.250000
2024-03-05,390.910000
2024-03-06,389.570000
2024-03-07,388.430000
2024-03-08,386.990000
2024-03-11,386.160000
2024-03-12,388.180000
2024-03-13,392.310000
2024-03-14,388.610000
2024-03-15,387.210000
2024-03-18,384.370000
2024-03-19,388.660000
2024-03-20,396.470000
2024-03-21,413.710000
2024-03-22,406.820000
2024-03-25,404.940000
2024-03-26,406.180000
2024-03-27,415.250000
2024-03-28,417.690000
2024-04-01,413.510000
2024-04-02,410.150000
2024-04-03,414.000000
2024-04-04,406.250000
2024-04-05,408.070000
2024-04-08,410.540000
2024-04-09,410.710000
2024-04-10,400.760000
2024-04-11,397.480000
2024-04-12,389.490000
2024-04-15,400.880000
2024-04-16,396.860000
2024-04-17,403.910000
2024-04-18,403.110000
2024-04-19,404.000000
2024-04-22,417.350000
2024-04-23,424.000000
2024-04-24,423.040000
2024-04-25,420.050000
2024-04-26,427.570000
2024-04-29,430.810000
2024-04-30,426.710000
2024-05-01,426.950000
2024-05-02,432.570000
2024-05-03,438.180000
2024-05-06,443.670000
2024-05-07,443.800000
2024-05-08,446.950000
2024-05-09,455.560000
2024-05-10,454.730000
2024-05-13,453.560000
2024-05-14,458.470000
2024-05-15,466.090000
2024-05-16,464.550000
2024-05-17,467.720000
2024-05-20,462.940000
2024-05-21,470.410000
2024-05-22,462.380000
2024-05-23,458.150000
2024-05-24,461.180000
2024-05-28,459.810000
2024-05-29,457.170000
2024-05-30,450.230000
2024-05-31,456.520000
2024-06-03,454.980000
2024-06-04,455.300000
2024-06-05,461.680000
2024-06-06,458.100000
2024-06-07,454.910000
2024-06-10,453.550000
2024-06-11,444.270000
2024-06-12,448.700000
2024-06-13,446.350000
2024-06-14,446.460000
2024-06-17,450.180000
2024-06-18,457.430000
2024-06-20,458.050000
2024-06-21,450.180000
2024-06-24,462.090000
2024-06-25,457.380000
2024-06-26,455.860000
2024-06-27,445.960000
2024-06-28,452.320000
2024-07-01,463.660000
2024-07-02,465.610000
2024-07-03,467.920000
2024-07-05,464.750000
2024-07-08,464.820000
2024-07-09,472.830000
2024-07-10,478.890000
2024-07-11,479.230000
2024-07-12,479.910000
2024-07-15,492.230000
2024-07-16,503.020000
2024-07-17,502.180000
2024-07-18,486.210000
2024-07-19,484.930000
2024-07-22,487.040000
2024-07-23,492.150000
2024-07-24,486.700000
2024-07-25,491.710000
2024-07-26,499.030000
2024-07-29,492.720000
2024-07-30,505.670000
2024-07-31,509.030000
2024-08-01,500.120000
2024-08-02,470.640000
2024-08-05,459.020000
2024-08-06,470.220000
2024-08-07,473.010000
2024-08-08,485.770000
2024-08-09,490.260000
2024-08-12,485.500000
2024-08-13,491.940000
2024-08-14,498.700000
2024-08-15,499.020000
2024-08-16,504.260000
2024-08-19,504.680000
2024-08-20,497.340000
2024-08-21,496.460000
2024-08-22,497.750000
2024-08-23,509.420000
2024-08-26,507.870000
2024-08-27,507.260000
2024-08-28,503.330000
2024-08-29,510.100000
2024-08-30,510.250000
2024-09-03,487.460000
2024-09-04,490.640000
2024-09-05,487.880000
2024-09-06,479.610000
2024-09-09,488.570000
2024-09-10,467.130000
2024-09-11,471.170000
2024-09-12,474.060000
2024-09-13,478.990000
2024-09-16,485.160000
2024-09-17,485.390000
2024-09-18,484.580000
2024-09-19,503.830000
2024-09-20,498.430000
2024-09-23,497.410000
2024-09-24,498.020000
2024-09-25,491.140000
2024-09-26,496.920000
2024-09-27,498.510000
2024-09-30,495.110000
2024-10-01,490.170000
2024-10-02,491.990000
2024-10-03,486.100000
2024-10-04,495.160000
2024-10-07,494.620000
2024-10-08,496.570000
2024-10-09,505.180000
2024-10-10,503.720000
2024-10-11,516.300000
2024-10-14,522.750000
2024-10-15,522.380000
2024-10-16,529.860000
2024-10-17,529.000000
2024-10-18,528.500000
2024-10-21,517.800000
2024-10-22,518.300000
2024-10-23,517.200000
2024-10-24,524.500000
2024-10-25,512.600000
2024-10-28,523.580000
2024-10-29,524.280000
2024-10-30,524.400000
2024-10-31,517.790000
2024-11-01,519.350000
2024-11-04,511.470000
2024-11-05,526.960000
2024-11-06,595.980000
2024-11-07,582.170000
2024-11-08,589.260000
2024-11-11,602.340000
2024-11-12,592.590000
2024-11-13,594.220000
2024-11-14,588.610000
2024-11-15,593.540000
2024-11-18,587.990000
2024-11-19,581.380000
2024-11-20,581.930000
2024-11-21,596.110000
2024-11-22,602.780000
2024-11-25,603.030000
2024-11-26,605.500000
2024-11-27,605.430000
2024-11-29,608.570000
2024-12-02,601.710000
2024-12-03,602.080000
2024-12-04,598.710000
2024-12-05,596.800000
2024-12-06,599.680000
2024-12-09,594.120000
2024-12-10,585.030000
2024-12-11,592.560000
2024-12-12,591.610000
2024-12-13,585.480000
2024-12-16,586.330000
2024-12-17,574.680000
2024-12-18,550.250000
2024-12-19,553.990000
2024-12-20,566.100000
2024-12-23,570.780000
2024-12-24,582.790000
2024-12-26,581.230000
2024-12-27,576.180000
2024-12-30,573.550000
2024-12-31,572.620000
2025-01-02,574.970000
2025-01-03,580.130000
2025-01-06,583.390000
2025-01-07,580.120000
2025-01-08,580.020000
2025-01-10,560.000000
2025-01-13,562.950000
2025-01-14,571.530000
2025-01-15,605.920000
2025-01-16,612.990000
2025-01-17,625.940000
2025-01-21,634.740000
2025-01-22,632.730000
2025-01-23,639.500000
2025-01-24,636.900000
2025-01-27,633.280000
2025-01-28,637.800000
2025-01-29,637.380000
2025-01-30,645.700000
2025-01-31,640.400000
2025-02-03,632.370000
2025-02-04,634.180000
2025-02-05,645.450000
2025-02-06,658.220000
2025-02-07,655.900000
2025-02-10,650.530000
2025-02-11,647.240000
2025-02-12,649.000000
2025-02-13,648.950000
2025-02-14,660.550000
2025-02-18,672.190000
2025-02-19,668.150000
2025-02-20,642.260000
2025-02-21,625.600000
2025-02-24,626.140000
2025-02-25,614.910000
2025-02-26,617.770000
2025-02-27,608.000000
2025-02-28,622.290000
2025-03-03,605.260000
2025-03-04,581.140000
2025-03-05,593.070000
2025-03-06,567.670000
2025-03-07,559.670000
2025-03-10,531.660000
2025-03-11,531.430000
2025-03-12,535.710000
2025-03-13,524.810000
2025-03-14,541.410000
2025-03-17,551.340000
2025-03-18,551.780000
2025-03-19,557.340000
2025-03-20,562.680000
2025-03-21,565.140000
2025-03-24,580.100000
2025-03-25,585.940000
2025-03-26,573.920000
2025-03-27,558.920000
2025-03-28,543.120000
2025-03-31,546.290000
2025-04-01,548.450000
2025-04-02,563.100000
2025-04-03,511.230000
2025-04-04,470.810000
2025-04-07,465.510000
2025-04-08,462.220000
2025-04-09,516.870000
2025-04-10,489.800000
2025-04-11,494.440000
2025-04-14,503.980000
2025-04-15,507.890000
2025-04-16,499.050000
2025-04-17,509.490000
2025-04-21,501.360000
2025-04-22,519.990000
2025-04-23,529.310000
2025-04-24,545.370000
2025-04-25,544.860000
2025-04-28,546.400000
2025-04-29,548.920000
2025-04-30,547.550000
2025-05-01,553.830000
2025-05-02,566.100000
2025-05-05,559.560000
2025-05-06,549.360000
2025-05-07,551.920000
2025-05-08,565.700000
2025-05-09,567.100000
2025-05-12,591.340000
2025-05-13,603.810000
2025-05-14,611.600000
2025-05-15,615.900000
2025-05-16,619.030000
2025-05-19,612.300000
2025-05-20,606.520000
2025-05-21,593.460000
2025-05-22,598.230000
2025-05-23,598.540000
2025-05-27,615.730000
2025-05-28,608.440000
2025-05-29,604.860000
2025-05-30,600.450000
2025-06-02,598.720000
2025-06-03,603.830000
2025-06-04,599.210000
2025-06-05,605.880000
2025-06-06,614.000000
2025-06-09,613.520000
2025-06-10,614.870000
2025-06-11,624.170000
2025-06-12,625.110000
2025-06-13,613.540000
2025-06-16,627.850000
2025-06-17,624.640000
2025-06-18,635.240000
2025-06-20,640.800000
2025-06-23,646.880000
2025-06-24,662.110000
2025-06-25,669.870000
2025-06-26,687.160000
2025-06-27,690.810000
2025-06-30,707.750000
2025-07-01,706.460000
2025-07-02,715.890000
2025-07-03,723.680000
2025-07-07,710.930000
2025-07-08,697.280000
2025-07-09,696.560000
2025-07-10,709.120000
2025-07-11,704.950000
2025-07-14,713.300000
2025-07-15,702.510000
2025-07-16,708.820000
2025-07-17,705.840000
2025-07-18,708.260000
2025-07-21,706.000000
2025-07-22,700.410000
2025-07-23,717.520000
2025-07-24,719.180000
2025-07-25,728.980000
2025-07-28,723.650000
2025-07-29,731.980000
2025-07-30,730.750000
2025-07-31,723.590000
2025-08-01,709.570000
2025-08-04,726.030000
2025-08-05,720.910000
2025-08-06,724.740000
2025-08-07,719.740000
2025-08-08,721.270000
2025-08-11,719.240000
2025-08-12,743.380000
2025-08-13,744.690000
2025-08-14,747.200000
2025-08-15,730.720000
2025-08-18,730.960000
2025-08-19,721.380000
2025-08-20,720.680000
2025-08-21,715.950000
2025-08-22,741.890000
2025-08-25,738.790000
2025-08-26,748.950000
2025-08-27,749.670000
2025-08-28,751.220000
2025-08-29,745.250000
2025-09-02,730.850000
2025-09-03,730.560000
2025-09-04,748.900000
2025-09-05,738.210000
2025-09-08,741.850000
2025-09-09,763.920000
2025-09-10,769.580000
2025-09-11,784.730000
2025-09-12,780.060000
2025-09-15,786.760000
2025-09-16,785.530000
2025-09-17,794.220000
2025-09-18,804.310000
2025-09-19,805.000000
2025-09-22,805.560000
2025-09-23,806.320000
2025-09-24,792.430000
2025-09-25,794.760000
2025-09-26,802.510000
2025-09-29,804.120000
2025-09-30,796.350000
2025-10-01,785.510000
2025-10-02,779.380000
2025-10-03,789.980000
2025-10-06,796.780000
2025-10-07,789.650000
2025-10-08,776.510000
2025-10-09,779.960000
2025-10-10,764.360000
2025-10-13,786.780000
2025-10-14,770.760000
2025-10-15,767.930000
2025-10-16,758.090000
2025-10-17,750.770000
2025-10-20,763.320000
2025-10-21,758.980000
2025-10-22,744.600000
2025-10-23,750.780000
2025-10-24,783.880000
2025-10-27,789.990000
2025-10-28,792.090000
2025-10-29,783.060000
2025-10-30,790.160000
2025-10-31,789.370000
2025-11-03,785.520000
2025-11-04,790.830000
2025-11-05,793.090000
2025-11-06,787.580000
2025-11-07,786.340000
2025-11-10,797.200000
2025-11-11,810.310000
2025-11-12,838.970000
2025-11-13,805.500000
2025-11-14,790.910000
2025-11-17,775.560000
2025-11-18,776.300000
2025-11-19,785.990000
2025-11-20,773.700000
2025-11-21,774.030000
2025-11-24,790.710000
2025-11-25,802.320000
2025-11-26,816.010000
2025-11-28,826.040000
2025-12-01,810.860000
2025-12-02,815.210000
2025-12-03,836.570000
2025-12-04,837.830000
2025-12-05,854.560000
2025-12-08,866.690000
2025-12-09,876.580000
2025-12-10,889.240000
2025-12-11,911.030000
2025-12-12,887.960000
2025-12-15,889.590000
2025-12-16,879.150000
2025-12-17,872.330000
2025-12-18,876.300000
2025-12-19,893.480000
2025-12-22,899.000000
2025-12-23,901.710000
2025-12-24,910.780000
2025-12-26,907.040000
2025-12-29,892.180000
2025-12-30,884.420000
2025-12-31,879.000000
2026-01-02,914.340000
2026-01-05,948.440000
2026-01-06,955.470000
2026-01-07,941.020000
2026-01-08,934.830000
2026-01-09,938.980000
2026-01-12,949.550000
2026-01-13,938.150000
2026-01-14,932.670000
2026-01-15,975.860000
2026-01-16,962.000000
2026-01-20,943.370000
2026-01-21,953.010000
2026-01-22,954.650000
2026-01-23,918.880000
2026-01-26,931.860000
2026-01-27,929.720000
2026-01-28,936.810000
2026-01-29,940.120000
2026-01-30,935.410000
2026-02-02,946.330000
2026-02-03,938.990000
2026-02-04,913.300000
2026-02-05,890.410000
2026-02-06,928.750000
2026-02-09,943.620000
2026-02-10,948.990000
2026-02-11,944.590000
2026-02-12,904.550000
2026-02-13,905.140000
2026-02-17,916.040000
2026-02-18,933.730000
2026-02-19,916.650000
2026-02-20,922.240000
2026-02-23,892.310000
2026-02-24,902.270000
2026-02-25,921.380000
2026-02-26,929.000000
2026-02-27,859.570000
2026-03-02,861.700000
2026-03-03,862.580000
2026-03-04,867.250000
2026-03-05,835.460000
2026-03-06,821.420000
2026-03-09,832.030000
2026-03-10,833.810000
2026-03-11,823.760000
2026-03-12,787.520000
2026-03-13,782.210000
2026-03-16,794.770000
2026-03-17,807.040000
2026-03-18,805.480000
2026-03-19,809.500000
2026-03-20,813.530000
2026-03-23,831.270000
2026-03-24,835.720000
2026-03-25,841.840000
2026-03-26,822.640000
2026-03-27,802.890000
2026-03-30,807.600000
2026-03-31,845.990000
2026-04-01,860.210000
2026-04-02,863.040000
2026-04-06,866.050000
2026-04-07,864.150000
2026-04-08,905.750000
2026-04-09,903.720000
2026-04-10,907.800000
2026-04-13,890.790000
2026-04-14,909.630000
2026-04-15,899.490000
2026-04-16,900.000000
2026-04-17,925.950000
2026-04-20,941.740000
2026-04-21,926.550000
2026-04-22,934.840000
2026-04-23,931.300000
2026-04-24,926.910000
2026-04-27,937.810000
2026-04-28,926.550000
2026-04-29,905.600000
2026-04-30,923.770000
2026-05-01,923.710000
2026-05-04,903.270000
2026-05-05,918.890000
2026-05-06,937.350000
2026-05-07,925.870000
2026-05-08,936.480000
2026-05-11,944.860000
2026-05-12,945.900000
2026-05-13,955.420000
2026-05-14,968.960000
2026-05-15,948.470000
2026-05-18,946.360000
2026-05-19,928.740000
2026-05-20,982.120000
2026-05-21,988.170000
2026-05-22,996.730000
2026-05-26,994.520000
2026-05-27,996.470000
2026-05-28,1008.370000
2026-05-29,1025.560000
2026-06-01,1048.580000
2026-06-02,1064.580000
2026-06-03,1041.020000
2026-06-04,1092.610000
2026-06-05,1038.680000
2026-06-08,1045.000000
2026-06-09,1032.010000
2026-06-10,1001.290000
2026-06-11,1035.640000
2026-06-12,1062.750000
2026-06-15,1076.170000
2026-06-16,1090.670000
2026-06-17,1099.140000
2026-06-18,1096.560000
2026-06-22,1106.370000
2026-06-23,1094.440000
2026-06-24,1076.910000
2026-06-25,1065.090000
2026-06-26,1019.610000
2026-06-29,1020.210000
2026-06-30,1011.370000
2026-07-01,1019.610000
2026-07-02,1021.000000
2026-07-06,1055.290000
2026-07-07,1042.980000
2026-07-08,1029.640000
2026-07-09,1055.970000
2026-07-10,1055.180000
2026-07-13,1045.910000
2026-07-14,1140.000000
2026-07-15,1152.070000
2026-07-16,1095.460000
2026-07-17,1065.220000
2026-07-20,1055.030000
2026-07-21,1085.560000
2026-07-22,1098.200000
2026-07-23,1074.720000
2026-07-24,1061.230000
2026-07-27,1048.230000
2026-07-28,1033.340000
2026-07-29,980.750000
2026-07-30,1024.860000
2026-07-31,1018.380000
2026-08-03,1027.060000
2026-08-04,1052.980000
2026-08-05,1060.380000
2026-08-06,1032.580000
2026-08-07,1039.610000
2026-08-10,1034.510000
2026-08-11,1034.410000
2026-08-12,1037.210000
2026-08-13,1042.630000
2026-08-14,1039.420000
2026-08-17,1051.310000
2026-08-18,1040.470000
2026-08-19,1021.650000
2026-08-20,1001.950000
2026-08-21,1039.280000
2026-08-24,1036.280000
2026-08-25,1058.880000
2026-08-26,1040.460000
2026-08-27,1040.870000
