d,c
2009-01-02,36.249027
2009-01-05,36.060775
2009-01-06,37.692295
2009-01-07,36.029399
2009-01-08,36.186276
2009-01-09,35.705187
2009-01-12,35.318224
2009-01-13,34.910344
2009-01-14,33.467076
2009-01-15,34.125959
2009-01-16,34.450172
2009-01-20,32.975529
2009-01-21,33.874956
2009-01-22,33.435701
2009-01-23,33.686704
2009-01-26,34.701175
2009-01-27,35.464643
2009-01-28,36.301319
2009-01-29,34.167793
2009-01-30,34.314212
2009-02-02,33.289283
2009-02-03,33.142864
2009-02-04,33.833123
2009-02-05,34.010916
2009-02-06,34.973095
2009-02-09,35.088138
2009-02-10,33.435701
2009-02-11,33.665787
2009-02-12,33.331116
2009-02-13,34.575673
2009-02-17,32.672233
2009-02-18,31.678680
2009-02-19,31.615929
2009-02-20,30.162203
2009-02-23,29.011772
2009-02-24,30.068076
2009-02-25,29.555612
2009-02-26,28.823520
2009-02-27,28.060052
2009-03-02,26.104320
2009-03-03,25.832400
2009-03-04,26.522658
2009-03-05,25.006181
2009-03-06,24.681969
2009-03-09,24.295006
2009-03-10,26.595867
2009-03-11,27.882258
2009-03-12,28.582975
2009-03-13,28.164636
2009-03-16,28.300596
2009-03-17,28.823520
2009-03-18,29.649738
2009-03-19,29.315067
2009-03-20,28.185553
2009-03-23,30.266787
2009-03-24,30.266787
2009-03-25,30.277246
2009-03-26,31.814640
2009-03-27,30.591000
2009-03-30,29.084981
2009-03-31,29.137273
2009-04-01,29.607904
2009-04-02,31.971516
2009-04-03,31.584553
2009-04-06,31.155756
2009-04-07,30.632833
2009-04-08,30.977963
2009-04-09,32.463064
2009-04-13,31.657763
2009-04-14,31.595012
2009-04-15,32.076101
2009-04-16,32.933695
2009-04-17,32.933695
2009-04-20,31.155756
2009-04-21,31.961058
2009-04-22,33.142864
2009-04-23,33.864498
2009-04-24,32.891861
2009-04-27,31.689138
2009-04-28,30.779252
2009-04-29,32.316646
2009-04-30,32.640858
2009-05-01,33.080113
2009-05-04,32.965070
2009-05-05,33.132406
2009-05-06,35.014929
2009-05-07,34.627966
2009-05-08,36.311778
2009-05-11,35.182264
2009-05-12,34.627966
2009-05-13,32.808193
2009-05-14,33.383409
2009-05-15,33.414784
2009-05-18,34.512923
2009-05-19,34.607049
2009-05-20,34.565215
2009-05-21,33.278824
2009-05-22,33.571661
2009-05-26,34.125959
2009-05-27,33.529827
2009-05-28,33.676246
2009-05-29,34.680258
2009-06-01,36.970661
2009-06-02,36.803326
2009-06-03,36.259486
2009-06-04,37.106621
2009-06-05,37.357624
2009-06-08,37.305332
2009-06-09,37.357624
2009-06-10,37.232123
2009-06-11,37.430833
2009-06-12,37.033412
2009-06-15,35.475101
2009-06-16,34.680258
2009-06-17,34.282836
2009-06-18,34.492006
2009-06-19,34.314212
2009-06-22,33.027821
2009-06-23,32.870944
2009-06-24,32.463064
2009-06-25,33.310199
2009-06-26,33.226532
2009-06-29,33.655329
2009-06-30,32.839569
2009-07-01,33.320658
2009-07-02,32.212061
2009-07-06,31.710055
2009-07-07,30.653750
2009-07-08,30.831544
2009-07-09,31.030255
2009-07-10,31.406760
2009-07-13,32.222520
2009-07-14,32.609483
2009-07-15,33.895873
2009-07-16,34.335129
2009-07-17,33.916790
2009-07-20,34.899886
2009-07-21,34.941719
2009-07-22,34.910344
2009-07-23,35.788855
2009-07-24,35.548310
2009-07-27,35.809772
2009-07-28,35.715646
2009-07-29,35.600603
2009-07-30,36.092150
2009-07-31,36.290861
2009-08-03,36.897452
2009-08-04,37.284415
2009-08-05,36.907910
2009-08-06,36.981119
2009-08-07,38.047882
2009-08-10,37.608627
2009-08-11,37.043870
2009-08-12,38.162926
2009-08-13,37.849172
2009-08-14,37.514501
2009-08-17,36.520947
2009-08-18,36.625532
2009-08-19,36.635990
2009-08-20,36.960203
2009-08-21,37.985132
2009-08-24,38.978686
2009-08-25,39.240147
2009-08-26,38.821809
2009-08-27,39.104187
2009-08-28,38.936852
2009-08-31,38.445304
2009-09-01,37.566793
2009-09-02,37.409916
2009-09-03,37.922381
2009-09-04,38.853184
2009-09-08,39.553901
2009-09-09,40.223242
2009-09-10,41.227255
2009-09-11,40.714790
2009-09-14,41.802470
2009-09-15,41.614218
2009-09-16,41.907055
2009-09-17,41.938430
2009-09-18,42.011639
2009-09-21,41.122670
2009-09-22,41.541009
2009-09-23,41.049461
2009-09-24,40.453329
2009-09-25,39.543442
2009-09-28,39.051895
2009-09-29,38.957769
2009-09-30,38.853184
2009-10-01,38.068799
2009-10-02,37.232123
2009-10-05,37.880547
2009-10-06,38.277969
2009-10-07,37.974673
2009-10-08,38.528972
2009-10-09,38.874101
2009-10-12,38.957769
2009-10-13,38.508055
2009-10-14,39.135562
2009-10-15,39.491150
2009-10-16,39.522526
2009-10-19,40.181409
2009-10-20,39.532984
2009-10-21,38.654473
2009-10-22,40.296452
2009-10-23,40.014073
2009-10-26,39.449316
2009-10-27,39.219230
2009-10-28,38.277969
2009-10-29,38.905476
2009-10-30,37.535418
2009-11-02,37.849172
2009-11-03,37.702753
2009-11-04,38.068799
2009-11-05,39.313356
2009-11-06,39.428399
2009-11-09,40.202326
2009-11-10,40.369661
2009-11-11,40.369661
2009-11-12,40.338286
2009-11-13,40.338286
2009-11-16,41.687427
2009-11-17,41.687427
2009-11-18,41.018086
2009-11-19,40.003615
2009-11-20,39.783987
2009-11-23,40.453329
2009-11-24,40.547455
2009-11-25,40.903042
2009-11-27,40.903042
2009-11-30,40.233701
2009-12-01,41.174962
2009-12-02,41.593301
2009-12-03,41.415507
2009-12-04,41.980264
2009-12-07,41.980264
2009-12-08,42.084849
2009-12-09,42.105766
2009-12-10,42.158058
2009-12-11,42.743732
2009-12-14,42.743732
2009-12-15,43.141153
2009-12-16,42.220809
2009-12-17,41.352756
2009-12-18,40.944876
2009-12-21,41.384132
2009-12-22,41.415507
2009-12-23,41.760636
2009-12-24,41.708344
2009-12-28,41.635135
2009-12-29,41.708344
2009-12-30,41.635135
2009-12-31,40.997169
2010-01-04,42.199892
2010-01-05,42.283559
2010-01-06,42.283559
2010-01-07,43.099319
2010-01-08,44.051039
2010-01-11,44.605338
2010-01-12,44.103332
2010-01-13,44.260209
2010-01-14,44.521670
2010-01-15,44.584421
2010-01-19,44.814507
2010-01-20,44.302042
2010-01-21,42.597313
2010-01-22,41.708344
2010-01-25,42.063932
2010-01-26,41.802470
2010-01-27,42.105766
2010-01-28,41.645593
2010-01-29,40.411495
2010-02-01,41.174962
2010-02-02,41.331839
2010-02-03,41.007627
2010-02-04,39.459775
2010-02-05,39.459775
2010-02-08,38.560347
2010-02-09,39.553901
2010-02-10,39.449316
2010-02-11,39.982698
2010-02-12,39.595735
2010-02-16,40.704332
2010-02-17,40.882126
2010-02-18,41.676969
2010-02-19,42.063932
2010-02-22,41.990722
2010-02-23,41.760636
2010-02-24,42.440436
2010-02-25,42.032556
2010-02-26,42.001181
2010-03-01,42.429978
2010-03-02,42.545021
2010-03-03,42.796024
2010-03-04,43.067944
2010-03-05,43.831412
2010-03-08,43.392156
2010-03-09,44.207916
2010-03-10,44.281125
2010-03-11,44.281125
2010-03-12,44.898175
2010-03-15,44.940009
2010-03-16,45.002759
2010-03-17,44.877258
2010-03-18,45.421098
2010-03-19,45.828978
2010-03-22,45.557058
2010-03-23,46.215941
2010-03-24,46.519236
2010-03-25,46.372818
2010-03-26,46.644738
2010-03-29,46.927116
2010-03-30,47.010784
2010-03-31,47.345455
2010-04-01,47.094452
2010-04-05,47.533707
2010-04-06,47.544165
2010-04-07,47.324538
2010-04-08,47.575541
2010-04-09,47.868378
2010-04-12,48.098464
2010-04-13,47.753335
2010-04-14,48.454052
2010-04-15,48.600470
2010-04-16,47.920670
2010-04-19,47.847461
2010-04-20,48.506344
2010-04-21,48.830556
2010-04-22,49.614941
2010-04-23,49.907778
2010-04-26,50.482993
2010-04-27,49.092018
2010-04-28,49.207061
2010-04-29,50.744455
2010-04-30,49.646316
2010-05-03,50.733996
2010-05-04,49.008350
2010-05-05,47.983421
2010-05-06,46.330984
2010-05-07,45.515224
2010-05-10,48.182132
2010-05-11,47.952045
2010-05-12,49.018808
2010-05-13,48.307633
2010-05-14,47.565082
2010-05-17,47.523249
2010-05-18,46.770239
2010-05-19,45.870812
2010-05-20,43.705910
2010-05-21,43.998747
2010-05-24,43.758202
2010-05-25,43.705910
2010-05-26,44.040581
2010-05-27,45.410639
2010-05-28,44.730839
2010-06-01,43.820953
2010-06-02,44.898175
2010-06-03,45.243304
2010-06-04,42.952901
2010-06-07,41.833846
2010-06-08,42.283559
2010-06-09,41.844304
2010-06-10,43.151612
2010-06-11,43.214362
2010-06-14,43.433990
2010-06-15,45.013218
2010-06-16,44.709922
2010-06-17,44.605338
2010-06-18,44.887716
2010-06-21,44.898175
2010-06-22,44.134707
2010-06-23,43.758202
2010-06-24,42.879692
2010-06-25,43.507199
2010-06-28,43.088861
2010-06-29,41.133129
2010-06-30,40.819375
2010-07-01,40.317369
2010-07-02,40.296452
2010-07-06,40.484704
2010-07-07,42.032556
2010-07-08,42.597313
2010-07-09,43.162070
2010-07-12,42.691439
2010-07-13,43.768661
2010-07-14,43.601325
2010-07-15,43.705910
2010-07-16,42.032556
2010-07-19,42.199892
2010-07-20,43.088861
2010-07-21,43.015652
2010-07-22,44.615796
2010-07-23,45.494307
2010-07-26,45.902187
2010-07-27,45.421098
2010-07-28,45.222387
2010-07-29,44.678547
2010-07-30,44.824965
2010-08-02,45.734852
2010-08-03,45.117802
2010-08-04,45.996313
2010-08-05,46.142732
2010-08-06,45.776685
2010-08-09,45.902187
2010-08-10,45.410639
2010-08-11,43.726827
2010-08-12,43.182987
2010-08-13,43.214362
2010-08-16,43.067944
2010-08-17,44.333418
2010-08-18,44.092873
2010-08-19,42.639147
2010-08-20,42.503187
2010-08-23,42.001181
2010-08-24,41.143587
2010-08-25,40.599747
2010-08-26,40.474246
2010-08-27,41.467799
2010-08-30,40.641581
2010-08-31,40.850750
2010-09-01,42.754190
2010-09-02,43.935996
2010-09-03,44.783132
2010-09-07,43.852329
2010-09-08,44.124249
2010-09-09,43.894162
2010-09-10,44.772673
2010-09-13,45.285138
2010-09-14,45.536141
2010-09-15,45.567516
2010-09-16,45.734852
2010-09-17,45.828978
2010-09-20,46.341442
2010-09-21,46.341442
2010-09-22,45.682559
2010-09-23,45.211929
2010-09-24,46.498319
2010-09-27,45.849895
2010-09-28,46.215941
2010-09-29,46.059064
2010-09-30,45.954479
2010-10-01,46.174107
2010-10-04,45.609350
2010-10-05,47.073535
2010-10-06,47.816085
2010-10-07,47.565082
2010-10-08,47.847461
2010-10-11,47.701042
2010-10-12,47.638292
2010-10-13,48.537719
2010-10-14,48.286716
2010-10-15,48.621387
2010-10-18,49.154768
2010-10-19,48.276258
2010-10-20,48.537719
2010-10-21,48.809639
2010-10-22,49.426688
2010-10-25,49.709067
2010-10-26,49.447605
2010-10-27,49.248895
2010-10-28,49.259353
2010-10-29,49.269812
2010-11-01,48.945599
2010-11-02,49.405772
2010-11-03,49.614941
2010-11-04,51.256919
2010-11-05,51.539298
2010-11-08,51.361504
2010-11-09,51.267378
2010-11-10,51.068667
2010-11-11,50.524827
2010-11-12,49.698608
2010-11-15,49.771818
2010-11-16,50.660787
2010-11-17,51.058208
2010-11-18,52.020387
2010-11-19,52.062221
2010-11-22,51.926261
2010-11-23,51.873968
2010-11-24,52.721104
2010-11-26,52.428267
2010-11-29,52.219098
2010-11-30,51.989012
2010-12-01,53.212651
2010-12-02,53.536864
2010-12-03,53.808784
2010-12-06,53.515947
2010-12-07,53.787867
2010-12-08,53.725116
2010-12-09,53.693741
2010-12-10,54.363082
2010-12-13,54.383999
2010-12-14,54.938298
2010-12-15,53.902910
2010-12-16,55.858642
2010-12-17,55.419387
2010-12-20,55.335719
2010-12-21,55.984144
2010-12-22,56.182855
2010-12-23,55.879559
2010-12-27,55.837725
2010-12-28,55.963227
2010-12-29,55.743599
2010-12-30,55.388011
2010-12-31,55.597181
2011-01-04,55.931851
2011-01-05,56.862655
2011-01-06,56.852196
2011-01-07,56.789445
2011-01-10,56.371107
2011-01-11,56.475691
2011-01-12,57.228701
2011-01-13,57.092741
2011-01-14,57.542455
2011-01-18,57.270535
2011-01-19,56.831279
2011-01-20,57.082282
2011-01-21,56.988156
2011-01-24,57.908501
2011-01-25,57.918959
2011-01-26,58.326839
2011-01-27,58.483716
2011-01-28,57.856208
2011-01-31,58.577842
2011-02-01,59.550479
2011-02-02,60.042027
2011-02-03,59.791024
2011-02-04,59.738731
2011-02-07,59.749190
2011-02-08,60.021110
2011-02-09,59.968818
2011-02-10,60.104778
2011-02-11,60.638159
2011-02-14,60.240738
2011-02-15,60.000193
2011-02-16,59.822399
2011-02-17,59.989734
2011-02-18,60.648618
2011-02-22,58.807928
2011-02-23,58.190879
2011-02-24,59.069390
2011-02-25,59.906067
2011-02-28,60.564950
2011-03-01,59.038014
2011-03-02,58.096753
2011-03-03,59.916525
2011-03-04,59.100765
2011-03-07,58.766094
2011-03-08,59.926984
2011-03-09,59.309934
2011-03-10,58.347756
2011-03-11,58.849762
2011-03-14,58.577842
2011-03-15,58.086295
2011-03-16,56.820821
2011-03-17,57.741165
2011-03-18,58.420965
2011-03-21,59.655064
2011-03-22,59.132141
2011-03-23,59.717814
2011-03-24,60.376698
2011-03-25,60.021110
2011-03-28,60.993747
2011-03-29,62.332430
2011-03-30,62.321971
2011-03-31,62.447473
2011-04-01,61.976842
2011-04-04,61.945467
2011-04-05,61.757214
2011-04-06,61.548045
2011-04-07,61.171541
2011-04-08,60.972830
2011-04-11,60.930996
2011-04-12,60.167528
2011-04-13,59.937442
2011-04-14,60.136153
2011-04-15,60.397614
2011-04-18,59.728273
2011-04-19,60.094319
2011-04-20,61.433002
2011-04-21,63.503777
2011-04-25,63.085439
2011-04-26,64.842461
2011-04-27,64.277704
2011-04-28,63.807073
2011-04-29,64.037159
2011-05-02,64.361371
2011-05-03,64.633291
2011-05-04,63.085439
2011-05-05,62.907645
2011-05-06,63.744322
2011-05-09,64.445039
2011-05-10,64.591457
2011-05-11,64.089451
2011-05-12,63.650196
2011-05-13,63.284150
2011-05-16,62.876270
2011-05-17,61.684005
2011-05-18,62.280138
2011-05-19,62.217387
2011-05-20,61.694464
2011-05-23,61.161082
2011-05-24,60.920538
2011-05-25,61.568962
2011-05-26,61.181999
2011-05-27,61.903633
2011-05-31,62.280138
2011-06-01,60.167528
2011-06-02,60.606784
2011-06-03,59.874691
2011-06-06,60.083861
2011-06-07,59.456353
2011-06-08,58.640593
2011-06-09,59.048473
2011-06-10,58.075836
2011-06-13,58.264088
2011-06-14,59.811941
2011-06-15,58.619676
2011-06-16,58.933430
2011-06-17,58.410507
2011-06-20,59.017098
2011-06-21,60.460365
2011-06-22,59.623688
2011-06-23,59.090307
2011-06-24,58.933430
2011-06-27,59.393602
2011-06-28,61.056498
2011-06-29,61.307501
2011-06-30,62.321971
2011-07-01,62.949479
2011-07-05,62.186011
2011-07-06,62.426556
2011-07-07,63.210941
2011-07-08,62.269679
2011-07-11,60.983288
2011-07-12,59.906067
2011-07-13,60.230279
2011-07-14,59.623688
2011-07-15,59.874691
2011-07-18,59.163516
2011-07-19,60.062944
2011-07-20,59.968818
2011-07-21,60.878704
2011-07-22,58.985722
2011-07-25,58.881138
2011-07-26,57.877125
2011-07-27,55.910935
2011-07-28,55.429845
2011-07-29,55.534430
2011-08-01,55.492596
2011-08-02,53.547322
2011-08-03,53.955202
2011-08-04,50.922248
2011-08-05,50.179698
2011-08-08,46.320525
2011-08-09,48.903765
2011-08-10,45.201470
2011-08-11,46.676113
2011-08-12,49.029267
2011-08-15,49.395313
2011-08-16,48.140298
2011-08-17,48.098464
2011-08-18,44.720381
2011-08-19,44.124249
2011-08-22,43.862787
2011-08-23,46.184565
2011-08-24,46.874824
2011-08-25,46.780698
2011-08-26,47.565082
2011-08-29,49.154768
2011-08-30,49.458064
2011-08-31,50.001904
2011-09-01,49.029267
2011-09-02,47.533707
2011-09-06,47.115369
2011-09-07,49.186144
2011-09-08,48.035713
2011-09-09,46.770239
2011-09-12,46.163649
2011-09-13,46.613362
2011-09-14,47.491873
2011-09-15,48.778264
2011-09-16,49.290728
2011-09-19,49.489439
2011-09-20,48.893307
2011-09-21,46.927116
2011-09-22,43.894162
2011-09-23,44.375252
2011-09-26,45.808061
2011-09-27,47.209495
2011-09-28,46.299609
2011-09-29,47.063076
2011-09-30,45.923104
2011-10-03,44.260209
2011-10-04,45.661642
2011-10-05,46.404193
2011-10-06,47.125827
2011-10-07,47.575541
2011-10-10,49.322104
2011-10-11,49.541732
2011-10-12,50.713079
2011-10-13,50.085572
2011-10-14,51.717092
2011-10-17,49.886861
2011-10-18,51.591590
2011-10-19,51.058208
2011-10-20,50.681704
2011-10-21,53.630990
2011-10-24,54.143455
2011-10-25,53.034858
2011-10-26,53.756491
2011-10-27,56.486150
2011-10-28,56.350190
2011-10-31,54.802338
2011-11-01,53.547322
2011-11-02,54.854630
2011-11-03,56.412941
2011-11-04,56.423399
2011-11-07,56.433858
2011-11-08,57.155491
2011-11-09,55.252051
2011-11-10,56.015519
2011-11-11,57.301910
2011-11-14,57.218242
2011-11-15,57.291451
2011-11-16,55.733141
2011-11-17,55.011507
2011-11-18,55.168384
2011-11-21,53.651907
2011-11-22,53.296319
2011-11-23,51.445172
2011-11-25,51.392879
2011-11-28,54.028411
2011-11-29,53.923827
2011-11-30,56.632568
2011-12-01,56.653485
2011-12-02,56.611651
2011-12-05,57.207784
2011-12-06,57.103199
2011-12-07,56.412941
2011-12-08,55.293885
2011-12-09,56.475691
2011-12-12,55.314802
2011-12-13,54.708211
2011-12-14,53.913368
2011-12-15,54.812796
2011-12-16,55.534430
2011-12-19,54.687295
2011-12-20,56.852196
2011-12-21,56.674402
2011-12-22,57.145033
2011-12-23,57.500621
2011-12-27,57.469245
2011-12-28,56.454775
2011-12-29,57.301910
2011-12-30,56.841738
2012-01-03,58.128128
2012-01-04,58.075836
2012-01-05,58.138587
2012-01-06,57.709790
2012-01-09,58.190879
2012-01-10,59.173974
2012-01-11,59.048473
2012-01-12,59.811941
2012-01-13,59.299476
2012-01-17,59.780565
2012-01-18,60.857787
2012-01-19,61.181999
2012-01-20,60.010651
2012-01-23,60.261654
2012-01-24,60.272113
2012-01-25,60.763661
2012-01-26,60.481282
2012-01-27,60.941454
2012-01-30,60.847328
2012-01-31,60.700910
2012-02-01,61.642171
2012-02-02,61.736298
2012-02-03,63.524694
2012-02-06,63.074981
2012-02-07,62.918104
2012-02-08,62.614808
2012-02-09,62.635725
2012-02-10,62.050051
2012-02-13,62.897187
2012-02-14,62.583433
2012-02-15,61.704922
2012-02-16,62.196470
2012-02-17,62.855353
2012-02-21,62.635725
2012-02-22,62.238304
2012-02-23,61.704922
2012-02-24,61.987301
2012-02-27,62.437014
2012-02-28,62.489307
2012-02-29,62.301054
2012-03-01,62.876270
2012-03-02,62.489307
2012-03-05,61.809507
2012-03-06,60.418531
2012-03-07,60.387156
2012-03-08,62.217387
2012-03-09,62.520682
2012-03-12,61.976842
2012-03-13,63.137731
2012-03-14,63.294608
2012-03-15,63.639737
2012-03-16,63.137731
2012-03-19,63.231858
2012-03-20,62.206928
2012-03-21,62.196470
2012-03-22,62.489307
2012-03-23,62.918104
2012-03-26,64.612374
2012-03-27,64.110368
2012-03-28,63.535153
2012-03-29,63.482861
2012-03-30,63.848907
2012-04-02,63.922116
2012-04-03,63.409651
2012-04-04,62.907645
2012-04-05,62.217387
2012-04-09,60.544033
2012-04-10,59.173974
2012-04-11,59.696898
2012-04-12,61.485294
2012-04-13,60.732285
2012-04-16,60.659076
2012-04-17,61.631713
2012-04-18,61.422544
2012-04-19,60.659076
2012-04-20,62.112802
2012-04-23,61.914091
2012-04-24,62.677559
2012-04-25,63.252774
2012-04-26,63.796614
2012-04-27,64.099910
2012-04-30,63.441027
2012-05-01,63.723405
2012-05-02,63.420110
2012-05-03,63.242316
2012-05-04,62.029134
2012-05-07,62.248762
2012-05-08,62.091885
2012-05-09,61.046039
2012-05-10,61.255208
2012-05-11,61.234291
2012-05-14,60.815953
2012-05-15,60.115236
2012-05-16,59.759648
2012-05-17,58.023544
2012-05-18,57.762082
2012-05-21,59.644605
2012-05-22,59.906067
2012-05-23,60.261654
2012-05-24,59.895608
2012-05-25,59.351768
2012-05-29,59.822399
2012-05-30,58.776553
2012-05-31,58.211796
2012-06-01,56.412941
2012-06-04,55.639015
2012-06-05,55.733141
2012-06-06,57.165950
2012-06-07,57.908501
2012-06-08,58.556925
2012-06-11,57.657498
2012-06-12,58.619676
2012-06-13,57.647039
2012-06-14,57.751624
2012-06-15,58.609218
2012-06-18,58.441882
2012-06-19,59.173974
2012-06-20,59.132141
2012-06-21,57.971251
2012-06-22,58.054919
2012-06-25,56.182855
2012-06-26,55.701765
2012-06-27,56.475691
2012-06-28,55.346178
2012-06-29,58.400048
2012-07-02,57.688873
2012-07-03,58.138587
2012-07-05,58.661510
2012-07-06,57.406495
2012-07-09,57.741165
2012-07-10,56.172396
2012-07-11,56.161938
2012-07-12,56.057353
2012-07-13,57.082282
2012-07-16,56.977698
2012-07-17,57.040448
2012-07-18,60.847328
2012-07-19,60.606784
2012-07-20,60.387156
2012-07-23,60.073402
2012-07-24,59.278559
2012-07-25,59.404061
2012-07-26,60.387156
2012-07-27,61.715381
2012-07-30,61.066956
2012-07-31,60.711368
2012-08-01,60.659076
2012-08-02,59.947901
2012-08-03,61.610796
2012-08-06,61.328418
2012-08-07,61.255208
2012-08-08,61.631713
2012-08-09,61.673547
2012-08-10,61.715381
2012-08-13,61.401627
2012-08-14,61.108790
2012-08-15,61.150624
2012-08-16,61.453919
2012-08-17,62.227845
2012-08-20,62.227845
2012-08-21,61.819965
2012-08-22,61.579421
2012-08-23,61.161082
2012-08-24,61.035581
2012-08-27,61.066956
2012-08-28,61.244750
2012-08-29,61.422544
2012-08-30,60.774119
2012-08-31,61.129707
2012-09-04,60.157070
2012-09-05,60.000193
2012-09-06,61.725839
2012-09-07,62.646184
2012-09-10,62.290596
2012-09-11,62.531141
2012-09-12,62.855353
2012-09-13,63.922116
2012-09-14,63.817531
2012-09-17,64.549624
2012-09-18,64.204494
2012-09-19,64.089451
2012-09-20,63.325984
2012-09-21,63.294608
2012-09-24,62.886728
2012-09-25,62.029134
2012-09-26,62.165094
2012-09-27,63.001771
2012-09-28,62.489307
2012-10-01,63.587445
2012-10-02,64.267245
2012-10-03,63.754781
2012-10-04,64.078993
2012-10-05,64.246328
2012-10-08,64.089451
2012-10-09,63.461944
2012-10-10,63.001771
2012-10-11,63.054064
2012-10-12,62.959938
2012-10-15,63.639737
2012-10-16,64.340454
2012-10-17,64.727417
2012-10-18,64.235870
2012-10-19,65.354925
2012-10-22,65.135297
2012-10-23,64.371830
2012-10-24,63.817531
2012-10-25,64.246328
2012-10-26,64.309079
2012-10-31,64.047617
2012-11-01,65.501344
2012-11-02,65.292174
2012-11-05,65.679137
2012-11-06,66.442605
2012-11-07,64.967962
2012-11-08,64.110368
2012-11-09,63.618821
2012-11-12,64.256787
2012-11-13,64.047617
2012-11-14,62.708934
2012-11-15,62.050051
2012-11-16,61.861799
2012-11-19,63.210941
2012-11-20,63.388734
2012-11-21,63.367817
2012-11-23,64.068534
2012-11-26,63.441027
2012-11-27,63.399193
2012-11-28,64.047617
2012-11-29,64.152202
2012-11-30,64.141744
2012-12-03,63.367817
2012-12-04,63.294608
2012-12-05,64.392747
2012-12-06,64.340454
2012-12-07,64.811085
2012-12-10,64.696042
2012-12-11,64.476414
2012-12-12,63.901199
2012-12-13,64.570541
2012-12-14,64.371830
2012-12-17,65.250341
2012-12-18,66.892319
2012-12-19,66.693608
2012-12-20,67.237448
2012-12-21,67.153781
2012-12-24,66.589024
2012-12-26,66.735442
2012-12-27,66.662233
2012-12-28,65.804639
2012-12-31,66.379854
2013-01-02,67.718537
2013-01-03,67.979999
2013-01-04,69.370974
2013-01-07,69.402350
2013-01-08,68.753925
2013-01-09,69.590602
2013-01-10,69.465100
2013-01-11,69.350057
2013-01-14,69.820688
2013-01-15,69.946190
2013-01-16,69.789313
2013-01-17,70.395904
2013-01-18,70.918827
2013-01-22,71.535876
2013-01-23,71.399916
2013-01-24,71.368540
2013-01-25,71.462667
2013-01-28,72.079716
2013-01-29,72.257510
2013-01-30,71.818254
2013-01-31,71.368540
2013-02-01,72.320260
2013-02-04,71.703211
2013-02-05,73.083728
2013-02-06,73.125562
2013-02-07,73.596193
2013-02-08,73.763528
2013-02-11,73.303356
2013-02-12,73.648485
2013-02-13,73.397482
2013-02-14,73.303356
2013-02-15,73.324273
2013-02-19,74.181867
2013-02-20,73.575276
2013-02-21,73.000060
2013-02-22,73.094187
2013-02-25,72.111091
2013-02-26,72.288885
2013-02-27,73.575276
2013-02-28,73.313814
2013-03-01,73.261522
2013-03-04,72.895476
2013-03-05,73.920405
2013-03-06,74.537454
2013-03-07,75.478716
2013-03-08,77.078860
2013-03-11,77.246196
2013-03-12,76.963817
2013-03-13,77.340322
2013-03-14,77.193903
2013-03-15,76.827857
2013-03-18,77.277571
2013-03-19,77.423990
2013-03-20,78.124707
2013-03-21,78.009663
2013-03-22,78.637171
2013-03-25,78.292042
2013-03-26,78.940466
2013-03-27,78.616254
2013-03-28,78.804506
2013-04-01,77.737743
2013-04-02,77.612242
2013-04-03,76.691897
2013-04-04,77.131153
2013-04-05,76.325851
2013-04-08,76.921983
2013-04-09,76.911525
2013-04-10,77.821411
2013-04-11,78.124707
2013-04-12,77.654076
2013-04-15,75.510091
2013-04-16,76.535020
2013-04-17,75.185879
2013-04-18,74.746623
2013-04-19,77.580867
2013-04-22,78.009663
2013-04-23,78.187457
2013-04-24,78.260667
2013-04-25,77.946913
2013-04-26,77.288030
2013-04-29,77.183445
2013-04-30,76.911525
2013-05-01,75.855220
2013-05-02,77.361239
2013-05-03,78.689463
2013-05-06,79.567974
2013-05-07,80.425568
2013-05-08,81.032159
2013-05-09,81.345913
2013-05-10,81.304079
2013-05-13,81.429580
2013-05-14,82.789180
2013-05-15,83.552648
2013-05-16,82.339466
2013-05-17,84.452076
2013-05-20,84.221989
2013-05-21,83.824568
2013-05-22,83.238894
2013-05-23,82.872848
2013-05-24,82.925140
2013-05-28,83.427146
2013-05-29,82.412676
2013-05-30,83.082017
2013-05-31,82.057088
2013-06-03,82.464968
2013-06-04,81.304079
2013-06-05,80.216399
2013-06-06,81.220411
2013-06-07,82.705513
2013-06-10,82.287174
2013-06-11,81.743334
2013-06-12,80.864823
2013-06-13,81.900211
2013-06-14,81.764251
2013-06-17,83.364396
2013-06-18,84.556660
2013-06-19,83.333020
2013-06-20,81.230870
2013-06-21,81.837460
2013-06-24,80.164106
2013-06-25,81.209953
2013-06-26,83.406230
2013-06-27,83.876860
2013-06-28,82.977433
2013-07-01,84.002362
2013-07-02,81.450497
2013-07-03,82.109380
2013-07-05,83.730442
2013-07-08,84.368408
2013-07-09,85.121417
2013-07-10,84.933165
2013-07-11,86.355516
2013-07-12,86.146346
2013-07-15,86.073137
2013-07-16,85.790759
2013-07-17,86.219556
2013-07-18,86.773854
2013-07-19,87.401362
2013-07-22,86.847063
2013-07-23,87.087608
2013-07-24,86.815688
2013-07-25,86.648353
2013-07-26,86.679728
2013-07-29,86.554226
2013-07-30,86.805229
2013-07-31,86.784313
2013-08-01,88.436749
2013-08-02,88.562251
2013-08-05,88.405374
2013-08-06,88.018411
2013-08-07,87.485029
2013-08-08,87.338611
2013-08-09,87.139900
2013-08-12,87.254943
2013-08-13,87.526863
2013-08-14,87.171276
2013-08-15,85.769842
2013-08-16,85.717549
2013-08-19,85.194626
2013-08-20,85.466546
2013-08-21,84.274282
2013-08-22,84.472993
2013-08-23,85.131876
2013-08-26,84.765829
2013-08-27,82.883306
2013-08-28,83.092476
2013-08-29,83.730442
2013-08-30,83.217977
2013-09-03,84.692620
2013-09-04,84.671703
2013-09-05,85.121417
2013-09-06,85.403796
2013-09-09,86.209097
2013-09-10,87.987036
2013-09-11,87.882451
2013-09-12,87.620989
2013-09-13,87.903368
2013-09-16,89.001506
2013-09-17,89.367552
2013-09-18,90.622568
2013-09-19,90.768986
2013-09-20,89.398928
2013-09-23,87.987036
2013-09-24,88.112537
2013-09-25,87.683740
2013-09-26,87.903368
2013-09-27,87.411820
2013-09-30,86.847063
2013-10-01,87.035316
2013-10-02,86.637894
2013-10-03,85.184168
2013-10-04,86.010386
2013-10-07,86.711103
2013-10-08,85.571131
2013-10-09,85.654799
2013-10-10,88.991048
2013-10-11,90.423857
2013-10-14,89.921851
2013-10-15,89.043340
2013-10-16,89.681306
2013-10-17,90.716694
2013-10-18,88.457666
2013-10-21,88.530876
2013-10-22,90.110103
2013-10-23,90.664402
2013-10-24,91.281451
2013-10-25,91.511537
2013-10-28,91.333743
2013-10-29,91.469703
2013-10-30,90.695777
2013-10-31,90.706236
2013-11-01,90.894488
2013-11-04,90.266980
2013-11-05,90.298356
2013-11-06,90.695777
2013-11-07,89.378011
2013-11-08,91.448786
2013-11-11,91.427869
2013-11-12,90.559817
2013-11-13,91.521996
2013-11-14,92.735177
2013-11-15,92.682885
2013-11-18,92.745636
2013-11-19,91.888042
2013-11-20,91.218700
2013-11-21,91.971709
2013-11-22,92.871137
2013-11-25,92.651509
2013-11-26,92.588759
2013-11-27,92.944346
2013-11-29,92.567842
2013-12-02,92.180879
2013-12-03,91.061823
2013-12-04,90.810820
2013-12-05,90.842196
2013-12-06,92.369131
2013-12-09,91.898500
2013-12-10,91.867125
2013-12-11,90.413399
2013-12-12,90.246063
2013-12-13,90.580734
2013-12-16,91.375577
2013-12-17,90.444774
2013-12-18,92.505091
2013-12-19,92.703802
2013-12-20,93.655522
2013-12-23,93.833315
2013-12-24,94.596783
2013-12-26,95.276583
2013-12-27,95.318417
2013-12-30,95.171999
2013-12-31,95.558962
2014-01-02,94.460823
2014-01-03,94.669992
2014-01-06,94.575866
2014-01-07,94.962829
2014-01-08,94.586325
2014-01-09,94.617700
2014-01-10,94.293488
2014-01-13,92.944346
2014-01-14,93.488186
2014-01-15,94.032026
2014-01-16,94.178445
2014-01-17,94.073860
2014-01-21,94.743202
2014-01-22,95.266125
2014-01-23,93.916983
2014-01-24,92.526008
2014-01-27,94.429448
2014-01-28,94.596783
2014-01-29,93.854232
2014-01-30,95.904091
2014-01-31,95.412543
2014-02-03,92.818845
2014-02-04,93.875149
2014-02-05,93.697355
2014-02-06,95.318417
2014-02-07,97.431026
2014-02-10,97.106814
2014-02-11,98.476872
2014-02-12,98.612832
2014-02-13,98.863835
2014-02-14,98.947503
2014-02-18,98.675583
2014-02-19,97.211399
2014-02-20,97.849365
2014-02-21,98.236328
2014-02-24,98.058534
2014-02-25,98.173577
2014-02-26,98.163119
2014-02-27,98.696500
2014-02-28,98.769709
2014-03-03,97.880740
2014-03-04,98.937045
2014-03-05,98.999795
2014-03-06,99.093922
2014-03-07,99.815555
2014-03-10,99.616845
2014-03-11,98.424580
2014-03-12,98.152660
2014-03-13,97.106814
2014-03-14,96.228303
2014-03-17,97.682029
2014-03-18,98.048075
2014-03-19,97.148648
2014-03-20,97.211399
2014-03-21,97.253232
2014-03-24,96.186469
2014-03-25,96.678017
2014-03-26,95.004663
2014-03-27,94.439906
2014-03-28,95.056955
2014-03-31,97.012688
2014-04-01,97.535611
2014-04-02,98.184035
2014-04-03,98.602374
2014-04-04,97.608820
2014-04-07,96.113260
2014-04-08,96.186469
2014-04-09,97.483319
2014-04-10,95.527586
2014-04-11,94.544491
2014-04-14,95.088331
2014-04-15,95.914549
2014-04-16,97.577445
2014-04-17,97.368275
2014-04-21,97.451943
2014-04-22,97.619279
2014-04-23,98.340912
2014-04-24,97.922574
2014-04-25,96.897645
2014-04-28,96.698934
2014-04-29,96.709392
2014-04-30,97.159106
2014-05-01,96.468848
2014-05-02,96.604808
2014-05-05,96.855811
2014-05-06,95.778589
2014-05-07,97.180023
2014-05-08,97.221857
2014-05-09,97.054522
2014-05-12,98.717417
2014-05-13,98.539623
2014-05-14,96.991771
2014-05-15,95.339334
2014-05-16,95.381168
2014-05-19,96.102802
2014-05-20,94.502657
2014-05-21,95.443919
2014-05-22,95.642629
2014-05-23,96.186469
2014-05-27,96.594349
2014-05-28,96.751226
2014-05-29,97.085897
2014-05-30,97.420568
2014-06-02,97.692488
2014-06-03,97.535611
2014-06-04,98.152660
2014-06-05,99.303091
2014-06-06,99.564552
2014-06-09,100.202518
2014-06-10,99.710971
2014-06-11,99.261257
2014-06-12,97.953949
2014-06-13,98.068992
2014-06-16,98.100368
2014-06-17,98.623291
2014-06-18,98.508248
2014-06-19,98.769709
2014-06-20,99.167131
2014-06-23,98.591915
2014-06-24,97.284608
2014-06-25,97.483319
2014-06-26,97.326442
2014-06-27,97.535611
2014-06-30,97.211399
2014-07-01,98.926586
2014-07-02,98.602374
2014-07-03,99.229882
2014-07-07,98.706959
2014-07-08,98.529165
2014-07-09,98.874294
2014-07-10,98.602374
2014-07-11,99.250798
2014-07-14,100.129309
2014-07-15,100.359395
2014-07-16,100.809109
2014-07-17,99.533177
2014-07-18,101.258823
2014-07-21,101.802663
2014-07-22,101.645786
2014-07-23,101.028737
2014-07-24,100.411688
2014-07-25,100.150226
2014-07-28,99.533177
2014-07-29,98.079451
2014-07-30,98.382746
2014-07-31,96.040051
2014-08-01,95.768131
2014-08-04,95.548503
2014-08-05,95.423002
2014-08-06,94.711826
2014-08-07,95.130165
2014-08-08,96.960395
2014-08-11,97.431026
2014-08-12,97.169565
2014-08-13,98.591915
2014-08-14,98.717417
2014-08-15,98.550082
2014-08-18,99.627303
2014-08-19,99.062546
2014-08-20,100.160685
2014-08-21,100.338478
2014-08-22,99.941057
2014-08-25,100.202518
2014-08-26,99.888765
2014-08-27,99.951515
2014-08-28,99.669137
2014-08-29,99.595928
2014-09-02,99.878306
2014-09-03,99.836472
2014-09-04,99.344925
2014-09-05,99.993349
2014-09-08,99.606386
2014-09-09,98.790626
2014-09-10,98.686042
2014-09-11,99.083463
2014-09-12,98.832460
2014-09-15,98.989337
2014-09-16,99.208965
2014-09-17,99.920140
2014-09-18,100.809109
2014-09-19,100.924152
2014-09-22,99.041629
2014-09-23,97.671571
2014-09-24,98.131743
2014-09-25,96.636183
2014-09-26,97.577445
2014-09-29,97.817989
2014-09-30,97.389192
2014-10-01,95.862257
2014-10-02,95.297500
2014-10-03,95.914549
2014-10-06,96.165552
2014-10-07,93.906525
2014-10-08,95.642629
2014-10-09,93.885608
2014-10-10,91.929876
2014-10-13,89.587180
2014-10-14,90.141479
2014-10-15,89.011965
2014-10-16,90.350648
2014-10-17,94.188903
2014-10-20,94.126152
2014-10-21,97.180023
2014-10-22,95.339334
2014-10-23,97.870282
2014-10-24,99.041629
2014-10-27,97.995783
2014-10-28,99.533177
2014-10-29,99.407675
2014-10-30,99.972432
2014-10-31,100.526731
2014-11-03,100.045642
2014-11-04,99.658678
2014-11-05,101.143780
2014-11-06,101.143780
2014-11-07,101.206531
2014-11-10,101.729454
2014-11-11,101.426158
2014-11-12,101.457534
2014-11-13,101.509826
2014-11-14,101.227448
2014-11-17,100.955528
2014-11-18,101.269282
2014-11-19,100.997362
2014-11-20,101.164697
2014-11-21,102.733466
2014-11-24,102.775300
2014-11-25,103.413266
2014-11-26,103.622435
2014-11-28,103.611977
2014-12-01,101.865414
2014-12-02,102.346503
2014-12-03,104.553238
2014-12-04,103.810688
2014-12-05,104.260401
2014-12-08,103.277306
2014-12-09,103.873438
2014-12-10,101.969998
2014-12-11,102.377878
2014-12-12,100.275728
2014-12-15,100.202518
2014-12-16,100.798651
2014-12-17,102.137334
2014-12-18,105.243497
2014-12-19,105.797795
2014-12-22,105.850088
2014-12-23,106.655389
2014-12-24,106.634472
2014-12-26,106.289343
2014-12-29,106.331177
2014-12-30,105.337623
2014-12-31,104.500946
2015-01-02,104.825158
2015-01-05,102.827592
2015-01-06,102.587048
2015-01-07,103.329598
2015-01-08,105.212121
2015-01-09,103.465558
2015-01-12,102.963552
2015-01-13,103.695645
2015-01-14,103.214555
2015-01-15,101.562118
2015-01-16,102.723008
2015-01-20,103.517851
2015-01-21,103.800229
2015-01-22,103.946648
2015-01-23,107.199229
2015-01-26,106.561263
2015-01-27,105.525875
2015-01-28,104.396361
2015-01-29,104.762408
2015-01-30,102.241918
2015-02-02,104.344069
2015-02-03,105.912838
2015-02-04,105.368998
2015-02-05,107.031894
2015-02-06,106.414845
2015-02-09,106.247509
2015-02-10,107.136478
2015-02-11,107.126020
2015-02-12,108.245075
2015-02-13,109.165420
2015-02-17,108.767998
2015-02-18,109.416423
2015-02-19,109.500091
2015-02-20,110.190349
2015-02-23,109.165420
2015-02-24,109.081752
2015-02-25,109.175878
2015-02-26,108.391494
2015-02-27,107.492066
2015-03-02,109.374589
2015-03-03,108.809832
2015-03-04,107.774445
2015-03-05,107.858112
2015-03-06,106.540346
2015-03-09,107.868571
2015-03-10,105.808254
2015-03-11,105.264414
2015-03-12,107.157395
2015-03-13,105.808254
2015-03-16,107.492066
2015-03-17,106.895934
2015-03-18,108.600663
2015-03-19,107.743069
2015-03-20,110.232183
2015-03-23,109.081752
2015-03-24,108.830749
2015-03-25,106.603097
2015-03-26,106.854100
2015-03-27,107.680318
2015-03-30,109.719718
2015-03-31,109.092211
2015-04-01,107.973155
2015-04-02,108.255534
2015-04-06,109.280463
2015-04-07,108.903958
2015-04-08,108.611121
2015-04-09,109.175878
2015-04-10,109.500091
2015-04-13,108.014989
2015-04-14,107.983614
2015-04-15,108.548371
2015-04-16,108.684331
2015-04-17,106.362552
2015-04-20,107.282897
2015-04-21,105.975589
2015-04-22,106.875017
2015-04-23,107.732611
2015-04-24,107.199229
2015-04-27,107.241063
2015-04-28,107.648943
2015-04-29,106.404386
2015-04-30,105.546792
2015-05-01,107.199229
2015-05-04,107.282897
2015-05-05,106.195217
2015-05-06,105.620001
2015-05-07,105.640918
2015-05-08,106.801808
2015-05-11,107.397940
2015-05-12,107.000518
2015-05-13,109.228171
2015-05-14,111.319863
2015-05-15,111.748660
2015-05-18,111.664992
2015-05-19,110.660980
2015-05-20,111.100235
2015-05-21,111.236195
2015-05-22,110.776023
2015-05-26,109.646509
2015-05-27,110.211266
2015-05-28,110.535478
2015-05-29,108.977168
2015-06-01,108.830749
2015-06-02,109.353672
2015-06-03,109.792928
2015-06-04,108.475161
2015-06-05,108.496078
2015-06-08,107.994072
2015-06-09,108.307826
2015-06-10,109.573300
2015-06-11,109.709260
2015-06-12,108.820291
2015-06-15,108.182325
2015-06-16,108.872583
2015-06-17,108.977168
2015-06-18,110.368143
2015-06-19,110.169432
2015-06-22,110.200808
2015-06-23,109.562841
2015-06-24,108.872583
2015-06-25,108.098657
2015-06-26,108.286909
2015-06-29,106.519429
2015-06-30,106.644931
2015-07-01,107.554817
2015-07-02,107.209688
2015-07-06,107.073728
2015-07-07,107.554817
2015-07-08,105.599085
2015-07-09,105.818712
2015-07-10,107.105103
2015-07-13,108.527454
2015-07-14,108.851666
2015-07-15,108.600663
2015-07-16,108.318285
2015-07-17,110.378601
2015-07-20,111.246654
2015-07-21,110.232183
2015-07-22,109.541924
2015-07-23,109.102669
2015-07-24,107.481608
2015-07-27,106.299801
2015-07-28,108.977168
2015-07-29,110.378601
2015-07-30,110.211266
2015-07-31,109.866137
2015-08-03,109.500091
2015-08-04,109.416423
2015-08-05,110.577312
2015-08-06,110.640063
2015-08-07,110.294934
2015-08-10,112.219291
2015-08-11,110.200808
2015-08-12,110.378601
2015-08-13,110.357684
2015-08-14,110.943358
2015-08-17,111.152528
2015-08-18,111.079318
2015-08-19,109.855678
2015-08-20,107.345648
2015-08-21,103.413266
2015-08-24,99.648220
2015-08-25,98.236328
2015-08-26,102.315128
2015-08-27,104.469571
2015-08-28,104.605531
2015-08-31,103.821146
2015-09-01,100.359395
2015-09-02,102.503380
2015-09-03,103.089054
2015-09-04,101.018278
2015-09-08,104.385903
2015-09-09,103.392349
2015-09-10,104.113983
2015-09-11,104.187192
2015-09-14,103.768854
2015-09-15,104.919285
2015-09-16,105.588626
2015-09-17,105.138912
2015-09-18,102.534755
2015-09-21,102.221002
2015-09-22,100.443063
2015-09-23,98.926586
2015-09-24,97.912115
2015-09-25,97.807531
2015-09-28,95.789048
2015-09-29,96.761685
2015-09-30,99.031171
2015-10-01,99.052088
2015-10-02,100.965986
2015-10-05,102.890343
2015-10-06,102.712549
2015-10-07,104.051232
2015-10-08,105.703669
2015-10-09,105.797795
2015-10-12,106.153383
2015-10-13,104.396361
2015-10-14,102.764842
2015-10-15,103.015845
2015-10-16,101.478451
2015-10-19,101.635328
2015-10-20,102.785758
2015-10-21,103.298223
2015-10-22,107.282897
2015-10-23,107.858112
2015-10-26,107.492066
2015-10-27,107.146937
2015-10-28,108.328743
2015-10-29,107.659401
2015-10-30,108.014989
2015-11-02,108.956251
2015-11-03,108.401952
2015-11-04,108.109115
2015-11-05,108.349660
2015-11-06,108.767998
2015-11-09,107.418857
2015-11-10,107.094645
2015-11-11,107.994072
2015-11-12,106.644931
2015-11-13,105.714128
2015-11-16,107.680318
2015-11-17,106.979601
2015-11-18,108.830749
2015-11-19,109.855678
2015-11-20,110.472728
2015-11-23,109.385048
2015-11-24,107.899946
2015-11-25,108.381035
2015-11-27,108.830749
2015-11-30,108.715706
2015-12-01,108.924875
2015-12-02,107.826737
2015-12-03,107.094645
2015-12-04,109.343214
2015-12-07,108.956251
2015-12-08,107.366565
2015-12-09,106.561263
2015-12-10,106.425303
2015-12-11,102.733466
2015-12-14,103.517851
2015-12-15,102.984469
2015-12-16,108.851666
2015-12-17,107.000518
2015-12-18,106.498512
2015-12-21,107.303814
2015-12-22,108.935334
2015-12-23,109.772011
2015-12-24,109.447798
2015-12-28,109.113128
2015-12-29,110.169432
2015-12-30,109.249088
2015-12-31,108.318285
2016-01-04,107.272438
2016-01-05,108.150949
2016-01-06,106.927309
2016-01-07,103.779312
2016-01-08,102.942635
2016-01-11,102.932177
2016-01-12,103.716562
2016-01-13,101.551660
2016-01-14,103.266848
2016-01-15,101.718995
2016-01-19,101.792205
2016-01-20,100.652232
2016-01-21,101.007820
2016-01-22,102.304669
2016-01-25,100.903235
2016-01-26,103.026303
2016-01-27,101.405242
2016-01-28,102.461546
2016-01-29,107.931321
2016-02-01,107.596651
2016-02-02,105.274872
2016-02-03,106.843641
2016-02-04,107.251521
2016-02-05,106.812266
2016-02-08,106.184758
2016-02-09,107.429315
2016-02-10,107.303814
2016-02-11,106.195217
2016-02-12,108.224158
2016-02-16,109.761552
2016-02-17,110.995651
2016-02-18,111.351238
2016-02-19,112.187915
2016-02-22,109.991638
2016-02-23,108.391494
2016-02-24,108.035906
2016-02-25,108.966709
2016-02-26,107.753528
2016-02-29,105.996506
2016-03-01,110.723731
2016-03-02,111.372155
2016-03-03,112.930466
2016-03-04,113.108260
2016-03-07,112.397084
2016-03-08,112.512128
2016-03-09,113.924020
2016-03-10,113.327888
2016-03-11,114.028604
2016-03-14,113.484764
2016-03-15,113.662558
2016-03-16,114.237774
2016-03-17,116.109838
2016-03-18,117.239352
2016-03-21,117.845943
2016-03-22,118.159697
2016-03-23,117.354395
2016-03-24,116.423592
2016-03-28,116.716429
2016-03-29,117.030183
2016-03-30,117.312561
2016-03-31,117.187060
2016-04-01,118.421158
2016-04-04,117.709983
2016-04-05,116.904681
2016-04-06,118.243364
2016-04-07,116.789638
2016-04-08,117.260269
2016-04-11,117.072017
2016-04-12,118.211989
2016-04-13,120.000386
2016-04-14,119.770300
2016-04-15,119.885343
2016-04-18,120.753395
2016-04-19,121.108983
2016-04-20,120.460558
2016-04-21,120.188638
2016-04-22,119.404254
2016-04-25,118.442075
2016-04-26,120.063137
2016-04-27,120.732478
2016-04-28,119.874884
2016-04-29,119.508838
2016-05-02,119.927177
2016-05-03,119.759841
2016-05-04,118.107404
2016-05-05,118.829038
2016-05-06,118.996374
2016-05-09,118.347949
2016-05-10,120.209555
2016-05-11,119.341503
2016-05-12,119.425170
2016-05-13,118.389783
2016-05-16,120.104970
2016-05-17,118.839497
2016-05-18,117.856401
2016-05-19,117.469438
2016-05-20,118.410700
2016-05-23,117.971444
2016-05-24,119.613423
2016-05-25,119.979469
2016-05-26,119.425170
2016-05-27,119.571589
2016-05-31,119.048666
2016-06-01,119.163709
2016-06-02,119.780758
2016-06-03,120.052678
2016-06-06,120.837063
2016-06-07,120.638352
2016-06-08,121.391361
2016-06-09,122.583626
2016-06-10,122.029327
2016-06-13,120.408266
2016-06-14,120.805687
2016-06-15,120.816146
2016-06-16,121.098524
2016-06-17,121.234484
2016-06-20,122.426749
2016-06-21,122.677752
2016-06-22,121.914284
2016-06-23,122.698669
2016-06-24,118.159697
2016-06-27,116.570011
2016-06-28,119.289210
2016-06-29,119.707549
2016-06-30,121.652823
2016-07-01,121.841075
2016-07-05,120.512850
2016-07-06,122.175746
2016-07-07,121.433195
2016-07-08,124.288355
2016-07-11,124.005977
2016-07-12,124.476607
2016-07-13,124.507983
2016-07-14,124.549817
2016-07-15,124.696235
2016-07-18,124.340647
2016-07-19,124.821737
2016-07-20,125.376035
2016-07-21,124.100103
2016-07-22,120.910272
2016-07-25,120.784770
2016-07-26,121.265860
2016-07-27,120.230472
2016-07-28,121.067149
2016-07-29,121.663281
2016-08-01,121.192650
2016-08-02,120.742937
2016-08-03,121.328610
2016-08-04,121.265860
2016-08-05,121.705115
2016-08-08,121.359986
2016-08-09,121.590072
2016-08-10,121.349527
2016-08-11,121.705115
2016-08-12,121.422737
2016-08-15,122.196663
2016-08-16,121.558697
2016-08-17,121.088066
2016-08-18,121.171734
2016-08-19,121.433195
2016-08-22,121.924743
2016-08-23,122.374457
2016-08-24,122.112995
2016-08-25,122.123454
2016-08-26,122.102537
2016-08-29,122.541792
2016-08-30,122.384915
2016-08-31,122.060703
2016-09-01,121.454112
2016-09-02,121.726032
2016-09-06,121.014857
2016-09-07,119.477463
2016-09-08,119.038207
2016-09-09,117.145226
2016-09-12,118.693078
2016-09-13,116.716429
2016-09-14,119.257835
2016-09-15,120.565143
2016-09-16,119.498380
2016-09-19,119.791217
2016-09-20,120.136346
2016-09-21,121.244943
2016-09-22,122.186204
2016-09-23,121.297235
2016-09-26,121.255401
2016-09-27,121.537780
2016-09-28,122.531334
2016-09-29,121.516863
2016-09-30,121.935201
2016-10-03,122.065208
2016-10-04,120.834563
2016-10-05,121.234260
2016-10-06,121.602401
2016-10-07,112.483010
2016-10-10,112.335753
2016-10-11,111.262884
2016-10-12,112.998408
2016-10-13,113.871429
2016-10-14,114.649786
2016-10-17,113.640026
2016-10-18,113.461215
2016-10-19,113.881948
2016-10-20,113.745210
2016-10-21,114.607713
2016-10-24,114.923262
2016-10-25,114.723414
2016-10-26,115.102074
2016-10-27,114.470974
2016-10-28,115.522807
2016-10-31,115.365032
2016-11-01,114.807561
2016-11-02,114.081796
2016-11-03,113.966094
2016-11-04,113.860911
2016-11-07,117.016410
2016-11-08,116.353755
2016-11-09,118.183944
2016-11-10,119.056966
2016-11-11,119.120076
2016-11-14,118.899191
2016-11-15,118.983337
2016-11-16,118.089279
2016-11-17,118.962301
2016-11-18,117.899949
2016-11-21,118.026169
2016-11-22,118.352238
2016-11-23,119.730139
2016-11-25,120.087762
2016-11-28,119.751175
2016-11-29,119.214741
2016-11-30,119.845840
2016-12-01,119.561845
2016-12-02,118.278609
2016-12-05,118.730897
2016-12-06,118.930746
2016-12-07,122.549051
2016-12-08,121.644475
2016-12-09,122.254538
2016-12-12,123.495701
2016-12-13,124.210947
2016-12-14,122.549051
2016-12-15,122.370239
2016-12-16,122.412313
2016-12-19,123.369481
2016-12-20,123.811250
2016-12-21,123.274816
2016-12-22,122.980302
2016-12-23,123.053931
2016-12-27,123.096004
2016-12-28,121.749658
2016-12-29,122.012616
2016-12-30,121.854841
2017-01-03,122.201946
2017-01-04,122.538533
2017-01-05,122.812009
2017-01-06,124.673753
2017-01-09,123.642957
2017-01-10,123.958507
2017-01-11,124.126800
2017-01-12,123.727104
2017-01-13,124.189910
2017-01-17,123.306371
2017-01-18,124.179392
2017-01-19,124.021617
2017-01-20,123.926952
2017-01-23,123.495701
2017-01-24,124.074209
2017-01-25,123.990062
2017-01-26,124.084727
2017-01-27,124.558052
2017-01-30,125.283816
2017-01-31,124.452868
2017-02-01,124.116282
2017-02-02,124.105764
2017-02-03,125.367963
2017-02-06,125.525738
2017-02-07,125.925435
2017-02-08,125.935953
2017-02-09,126.914157
2017-02-10,128.165839
2017-02-13,130.027583
2017-02-14,130.027583
2017-02-15,130.721793
2017-02-16,130.595573
2017-02-17,131.016306
2017-02-21,131.174081
2017-02-22,131.521186
2017-02-23,131.289782
2017-02-24,131.510667
2017-02-27,131.363411
2017-02-28,130.953196
2017-03-01,133.845736
2017-03-02,132.878050
2017-03-03,132.751830
2017-03-06,132.615092
2017-03-07,132.804422
2017-03-08,133.151527
2017-03-09,132.730793
2017-03-10,133.624851
2017-03-13,133.298783
2017-03-14,132.225914
2017-03-15,133.551223
2017-03-16,132.909605
2017-03-17,133.751071
2017-03-20,133.056862
2017-03-21,132.173322
2017-03-22,132.005029
2017-03-23,132.026065
2017-03-24,131.237191
2017-03-27,130.953196
2017-03-28,131.773625
2017-03-29,131.794662
2017-03-30,131.910364
2017-03-31,131.342374
2017-04-03,130.774384
2017-04-04,130.616609
2017-04-05,129.974991
2017-04-06,130.248468
2017-04-07,130.711274
2017-04-10,130.911122
2017-04-11,130.995269
2017-04-12,129.533221
2017-04-13,128.849530
2017-04-17,129.827735
2017-04-18,129.459593
2017-04-19,129.101970
2017-04-20,130.185358
2017-04-21,133.666925
2017-04-24,136.517392
2017-04-25,136.001994
2017-04-26,136.843460
2017-04-27,136.612057
2017-04-28,137.937366
2017-05-01,137.684926
2017-05-02,137.989958
2017-05-03,137.863738
2017-05-04,138.000476
2017-05-05,138.221361
2017-05-08,137.926848
2017-05-09,138.747278
2017-05-10,138.568466
2017-05-11,138.736759
2017-05-12,138.305508
2017-05-15,138.820906
2017-05-16,138.852461
2017-05-17,136.675167
2017-05-18,137.180047
2017-05-19,138.210843
2017-05-22,138.673649
2017-05-23,138.684168
2017-05-24,138.989199
2017-05-25,140.682650
2017-05-26,140.156734
2017-05-30,139.820147
2017-05-31,139.883257
2017-06-01,140.367100
2017-06-02,140.977163
2017-06-05,140.409174
2017-06-06,139.620299
2017-06-07,139.599262
2017-06-08,140.472283
2017-06-09,140.724723
2017-06-12,140.167252
2017-06-13,141.355823
2017-06-14,141.198048
2017-06-15,141.439970
2017-06-16,141.608263
2017-06-19,142.880981
2017-06-20,141.902776
2017-06-21,141.208567
2017-06-22,141.019237
2017-06-23,140.935090
2017-06-26,141.219085
2017-06-27,139.820147
2017-06-28,140.914053
2017-06-29,139.178529
2017-06-30,140.198807
2017-07-03,140.640577
2017-07-05,140.735242
2017-07-06,140.282954
2017-07-07,141.071828
2017-07-10,141.671373
2017-07-11,141.177012
2017-07-12,141.755520
2017-07-13,142.344546
2017-07-14,142.870462
2017-07-17,142.270918
2017-07-18,142.197289
2017-07-19,143.207049
2017-07-20,141.944850
2017-07-21,143.417416
2017-07-24,144.847908
2017-07-25,144.364065
2017-07-26,145.668338
2017-07-27,144.080070
2017-07-28,143.880222
2017-07-31,143.175494
2017-08-01,144.111625
2017-08-02,145.910260
2017-08-03,146.793799
2017-08-04,147.298679
2017-08-07,146.162699
2017-08-08,145.857668
2017-08-09,146.204773
2017-08-10,144.353547
2017-08-11,143.669855
2017-08-14,145.436935
2017-08-15,144.542877
2017-08-16,145.237087
2017-08-17,142.891499
2017-08-18,141.944850
2017-08-21,142.596986
2017-08-22,143.995924
2017-08-23,143.480526
2017-08-24,143.617264
2017-08-25,143.911777
2017-08-28,143.964369
2017-08-29,144.763762
2017-08-30,145.195013
2017-08-31,145.436935
2017-09-01,144.763762
2017-09-05,143.585709
2017-09-06,143.627782
2017-09-07,144.185254
2017-09-08,144.700652
2017-09-11,146.204773
2017-09-12,145.868186
2017-09-13,145.047757
2017-09-14,144.321992
2017-09-15,146.152181
2017-09-18,144.805835
2017-09-19,144.889982
2017-09-20,145.878705
2017-09-21,148.161182
2017-09-22,149.097313
2017-09-25,148.108590
2017-09-26,147.509046
2017-09-27,146.804318
2017-09-28,147.866669
2017-09-29,149.086795
2017-10-02,150.054481
2017-10-03,150.065000
2017-10-04,149.938780
2017-10-05,150.485733
2017-10-06,151.064241
2017-10-09,151.043204
2017-10-10,150.738173
2017-10-11,150.117591
2017-10-12,150.611953
2017-10-13,150.801283
2017-10-16,151.200979
2017-10-17,150.864393
2017-10-18,150.874911
2017-10-19,151.064241
2017-10-20,152.883912
2017-10-23,153.483456
2017-10-24,153.693823
2017-10-25,153.557085
2017-10-26,153.399310
2017-10-27,153.777970
2017-10-30,152.137110
2017-10-31,151.632231
2017-11-01,152.442142
2017-11-02,152.947022
2017-11-03,152.484215
2017-11-06,153.146870
2017-11-07,154.587881
2017-11-08,154.472179
2017-11-09,152.978577
2017-11-10,153.304645
2017-11-13,154.324923
2017-11-14,154.956022
2017-11-15,153.956781
2017-11-16,154.493216
2017-11-17,154.083001
2017-11-20,155.608159
2017-11-21,157.091243
2017-11-22,156.712583
2017-11-24,157.417311
2017-11-27,158.227223
2017-11-28,160.677993
2017-11-29,161.182873
2017-11-30,164.043859
2017-12-01,162.402999
2017-12-04,161.740345
2017-12-05,160.993543
2017-12-06,160.930433
2017-12-07,161.224947
2017-12-08,161.624643
2017-12-11,161.151318
2017-12-12,161.708790
2017-12-13,163.875565
2017-12-14,161.172355
2017-12-15,162.245224
2017-12-18,162.602848
2017-12-19,162.097968
2017-12-20,162.750104
2017-12-21,161.687753
2017-12-22,161.445831
2017-12-26,161.729826
2017-12-27,161.929675
2017-12-28,162.119005
2017-12-29,161.309093
2018-01-02,161.677235
2018-01-03,160.341407
2018-01-04,162.508183
2018-01-05,163.644162
2018-01-08,162.760623
2018-01-09,164.096450
2018-01-10,165.232430
2018-01-11,166.105451
2018-01-12,167.315059
2018-01-16,166.073896
2018-01-17,166.620849
2018-01-18,165.958195
2018-01-19,166.915363
2018-01-22,166.757588
2018-01-23,167.862012
2018-01-24,168.261709
2018-01-25,170.228636
2018-01-26,173.541910
2018-01-29,169.839458
2018-01-30,167.209876
2018-01-31,167.946159
2018-02-01,167.925122
2018-02-02,164.769623
2018-02-05,157.953746
2018-02-06,159.247501
2018-02-07,159.026616
2018-02-08,153.588640
2018-02-09,155.566086
2018-02-12,157.217463
2018-02-13,156.197185
2018-02-14,158.174631
2018-02-15,161.372203
2018-02-16,162.013821
2018-02-20,162.339889
2018-02-21,162.034858
2018-02-22,161.256502
2018-02-23,163.160319
2018-02-26,164.611848
2018-02-27,161.898120
2018-02-28,158.942469
2018-03-01,154.840321
2018-03-02,155.818525
2018-03-05,156.207704
2018-03-06,157.070207
2018-03-07,158.206186
2018-03-08,159.068689
2018-03-09,162.203151
2018-03-12,160.120522
2018-03-13,159.352684
2018-03-14,158.216704
2018-03-15,158.900396
2018-03-16,159.647197
2018-03-19,157.985301
2018-03-20,158.279814
2018-03-21,159.205427
2018-03-22,154.493216
2018-03-23,150.706618
2018-03-26,154.556326
2018-03-27,151.821560
2018-03-28,150.685581
2018-03-29,152.000372
2018-04-02,149.812560
2018-04-03,151.737414
2018-04-04,152.347477
2018-04-05,153.988336
2018-04-06,150.138628
2018-04-09,150.233293
2018-04-10,153.178425
2018-04-11,151.758450
2018-04-12,154.061965
2018-04-13,153.693823
2018-04-16,154.356478
2018-04-17,156.407552
2018-04-18,157.112280
2018-04-19,155.808007
2018-04-20,158.374479
2018-04-23,156.323405
2018-04-24,154.850839
2018-04-25,154.682546
2018-04-26,154.409069
2018-04-27,154.545808
2018-04-30,152.179184
2018-05-01,152.000372
2018-05-02,150.391068
2018-05-03,150.790764
2018-05-04,151.348236
2018-05-07,151.632231
2018-05-08,151.705859
2018-05-09,153.241535
2018-05-10,154.934986
2018-05-11,154.998096
2018-05-14,154.934986
2018-05-15,154.987577
2018-05-16,155.197944
2018-05-17,154.745656
2018-05-18,156.028892
2018-05-21,158.290333
2018-05-22,158.690029
2018-05-23,159.163354
2018-05-24,158.910914
2018-05-25,158.469144
2018-05-29,155.881635
2018-05-30,158.237741
2018-05-31,155.576604
2018-06-01,157.869600
2018-06-04,157.922191
2018-06-05,157.638196
2018-06-06,158.826768
2018-06-07,159.973265
2018-06-08,159.731344
2018-06-11,159.741862
2018-06-12,160.152077
2018-06-13,159.699789
2018-06-14,159.037134
2018-06-15,158.016856
2018-06-18,157.722343
2018-06-19,154.913949
2018-06-20,154.135593
2018-06-21,151.432382
2018-06-22,151.463937
2018-06-25,151.506011
2018-06-26,151.474456
2018-06-27,150.559361
2018-06-28,150.548843
2018-06-29,151.516529
2018-07-02,152.315922
2018-07-03,152.452660
2018-07-05,152.431624
2018-07-06,153.273090
2018-07-09,155.061206
2018-07-10,155.713342
2018-07-11,152.010890
2018-07-12,155.555567
2018-07-13,155.145352
2018-07-16,153.988336
2018-07-17,156.186667
2018-07-18,156.880877
2018-07-19,155.187426
2018-07-20,161.067172
2018-07-23,161.666716
2018-07-24,163.202392
2018-07-25,166.210634
2018-07-26,167.367651
2018-07-27,167.599054
2018-07-30,165.053618
2018-07-31,167.925122
2018-08-01,165.022063
2018-08-02,163.980749
2018-08-03,163.076172
2018-08-06,163.002544
2018-08-07,164.464592
2018-08-08,163.244466
2018-08-09,161.940193
2018-08-10,161.025098
2018-08-13,160.246742
2018-08-14,162.119005
2018-08-15,161.119763
2018-08-16,162.087450
2018-08-17,163.212911
2018-08-20,163.528461
2018-08-21,165.116728
2018-08-22,164.222670
2018-08-23,166.094933
2018-08-24,165.674200
2018-08-27,167.609572
2018-08-28,168.398447
2018-08-29,168.608813
2018-08-30,167.714756
2018-08-31,167.304541
2018-09-04,167.914604
2018-09-05,170.176045
2018-09-06,172.511114
2018-09-07,171.248914
2018-09-10,171.837940
2018-09-11,171.511872
2018-09-12,172.384894
2018-09-13,174.299229
2018-09-14,173.668130
2018-09-17,174.341303
2018-09-18,174.751518
2018-09-19,174.393894
2018-09-20,175.172251
2018-09-21,176.013717
2018-09-24,174.036271
2018-09-25,174.141455
2018-09-26,174.351821
2018-09-27,173.931088
2018-09-28,175.024994
2018-10-01,159.151880
2018-10-02,158.759833
2018-10-03,158.138295
2018-10-04,157.497633
2018-10-05,156.885658
2018-10-08,157.641065
2018-10-09,153.892715
2018-10-10,149.761880
2018-10-11,146.893245
2018-10-12,149.360271
2018-10-15,149.369834
2018-10-16,152.573143
2018-10-17,151.129263
2018-10-18,148.394498
2018-10-19,146.749813
2018-10-22,145.927471
2018-10-23,144.005486
2018-10-24,138.975812
2018-10-25,141.022105
2018-10-26,139.645160
2018-10-29,139.311937
2018-10-30,141.188391
2018-10-31,143.025341
2018-11-01,142.659927
2018-11-02,143.677162
2018-11-05,145.356095
2018-11-06,146.610357
2018-11-07,148.338671
2018-11-08,148.684333
2018-11-09,148.457184
2018-11-12,146.294323
2018-11-13,145.849899
2018-11-14,145.701758
2018-11-15,145.938784
2018-11-16,146.709118
2018-11-19,145.642502
2018-11-20,142.264883
2018-11-21,142.314264
2018-11-23,141.484673
2018-11-26,141.445169
2018-11-27,141.119259
2018-11-28,142.511785
2018-11-29,143.933940
2018-11-30,144.931424
2018-12-03,147.133789
2018-12-04,140.911861
2018-12-06,139.805740
2018-12-07,136.991059
2018-12-10,136.240477
2018-12-11,135.114604
2018-12-12,136.576263
2018-12-13,137.099695
2018-12-14,134.749189
2018-12-17,132.714717
2018-12-18,133.504804
2018-12-19,131.608597
2018-12-20,129.050693
2018-12-21,127.835936
2018-12-24,123.283064
2018-12-26,127.964325
2018-12-27,129.939540
2018-12-28,129.139578
2018-12-31,130.482724
2019-01-02,130.196318
2019-01-03,128.458128
2019-01-04,132.951743
2019-01-07,133.692449
2019-01-08,133.415919
2019-01-09,134.038112
2019-01-10,136.042955
2019-01-11,135.657788
2019-01-14,135.904690
2019-01-15,136.062707
2019-01-16,136.309609
2019-01-17,138.146560
2019-01-18,140.092147
2019-01-22,138.087303
2019-01-23,138.995902
2019-01-24,139.430449
2019-01-25,139.953882
2019-01-28,138.739124
2019-01-29,139.983510
2019-01-30,141.504426
2019-01-31,141.850088
2019-02-01,142.916705
2019-02-04,146.096801
2019-02-05,146.847383
2019-02-06,147.054781
2019-02-07,146.314075
2019-02-08,146.768374
2019-02-11,146.639985
2019-02-12,148.496688
2019-02-13,149.602808
2019-02-14,148.654705
2019-02-15,151.420006
2019-02-19,151.380502
2019-02-20,152.664392
2019-02-21,150.718805
2019-02-22,151.301494
2019-02-25,152.150836
2019-02-26,152.012571
2019-02-27,152.684144
2019-02-28,152.160712
2019-03-01,153.790265
2019-03-04,152.585384
2019-03-05,152.239721
2019-03-06,151.834802
2019-03-07,150.590416
2019-03-08,149.711445
2019-03-11,151.291617
2019-03-12,151.597776
2019-03-13,153.118692
2019-03-14,153.326089
2019-03-15,153.424850
2019-03-18,154.985270
2019-03-19,155.291429
2019-03-20,154.353201
2019-03-21,156.486434
2019-03-22,153.898902
2019-03-25,153.997662
2019-03-26,155.528454
2019-03-27,155.163040
2019-03-28,156.575318
2019-03-29,156.950609
2019-04-01,159.469009
2019-04-02,159.044338
2019-04-03,158.303632
2019-04-04,159.073966
2019-04-05,159.696159
2019-04-08,160.051697
2019-04-09,158.856692
2019-04-10,157.987597
2019-04-11,158.906073
2019-04-12,160.456617
2019-04-15,159.992441
2019-04-16,160.841784
2019-04-17,160.871412
2019-04-18,166.964951
2019-04-22,166.155113
2019-04-23,169.680872
2019-04-24,169.167316
2019-04-25,168.308097
2019-04-26,170.115420
2019-04-29,170.411702
2019-04-30,171.478318
2019-05-01,168.821653
2019-05-02,169.256201
2019-05-03,171.389433
2019-05-06,170.470958
2019-05-07,167.745161
2019-05-08,168.248841
2019-05-09,168.278469
2019-05-10,169.503103
2019-05-13,164.752710
2019-05-14,166.076104
2019-05-15,167.280986
2019-05-16,168.673512
2019-05-17,167.843922
2019-05-20,166.530404
2019-05-21,167.498259
2019-05-22,167.211853
2019-05-23,164.377419
2019-05-24,164.614445
2019-05-28,163.212042
2019-05-29,162.333071
2019-05-30,163.399687
2019-05-31,162.273815
2019-06-03,164.407047
2019-06-04,166.066228
2019-06-05,167.310614
2019-06-06,168.150080
2019-06-07,170.125296
2019-06-10,169.157440
2019-06-11,169.522855
2019-06-12,170.757364
2019-06-13,171.043771
2019-06-14,170.668480
2019-06-17,170.224056
2019-06-18,173.572046
2019-06-19,173.236260
2019-06-20,174.105354
2019-06-21,172.149891
2019-06-24,172.446174
2019-06-25,171.784476
2019-06-26,171.438814
2019-06-27,171.685716
2019-06-28,172.426421
2019-07-01,174.618910
2019-07-02,174.431265
2019-07-03,176.189207
2019-07-05,174.401637
2019-07-08,173.493038
2019-07-09,173.344897
2019-07-10,172.298032
2019-07-11,172.377041
2019-07-12,174.944821
2019-07-15,172.841217
2019-07-16,172.614067
2019-07-17,166.530404
2019-07-18,171.725220
2019-07-19,170.846249
2019-07-22,171.428938
2019-07-23,172.693075
2019-07-24,171.804229
2019-07-25,171.616583
2019-07-26,171.458566
2019-07-29,172.367165
2019-07-30,171.754848
2019-07-31,170.322817
2019-08-01,167.448879
2019-08-02,165.927963
2019-08-05,160.002317
2019-08-06,162.481212
2019-08-07,161.365216
2019-08-08,164.940355
2019-08-09,164.604569
2019-08-12,162.915760
2019-08-13,165.898335
2019-08-14,162.007161
2019-08-15,160.259095
2019-08-16,162.984892
2019-08-19,163.804607
2019-08-20,161.444224
2019-08-21,161.760259
2019-08-22,160.881288
2019-08-23,154.550723
2019-08-26,154.965518
2019-08-27,155.528454
2019-08-28,157.572802
2019-08-29,161.572613
2019-08-30,162.579973
2019-09-03,161.503481
2019-09-04,165.068744
2019-09-05,168.258717
2019-09-06,169.038927
2019-09-09,167.557516
2019-09-10,167.508135
2019-09-11,169.157440
2019-09-12,166.540280
2019-09-13,165.631681
2019-09-16,164.150269
2019-09-17,164.397171
2019-09-18,165.888459
2019-09-19,164.703330
2019-09-20,166.224245
2019-09-23,165.068744
2019-09-24,163.705846
2019-09-25,164.861347
2019-09-26,164.960108
2019-09-27,165.957591
2019-09-30,167.103216
2019-10-01,162.155302
2019-10-02,159.083842
2019-10-03,159.518389
2019-10-04,161.602241
2019-10-07,161.157818
2019-10-08,156.654327
2019-10-09,157.859208
2019-10-10,158.975205
2019-10-11,161.503481
2019-10-14,160.960296
2019-10-15,161.612118
2019-10-16,161.602241
2019-10-17,165.444035
2019-10-18,163.518200
2019-10-21,166.846438
2019-10-22,166.846438
2019-10-23,167.745161
2019-10-24,169.335209
2019-10-25,169.503103
2019-10-28,170.540091
2019-10-29,171.014142
2019-10-30,172.436298
2019-10-31,170.589471
2019-11-01,173.937461
2019-11-04,177.769379
2019-11-05,178.440952
2019-11-06,178.569341
2019-11-07,177.433592
2019-11-08,178.964384
2019-11-11,178.589093
2019-11-12,179.754470
2019-11-13,179.695214
2019-11-14,177.423716
2019-11-15,179.497692
2019-11-18,177.571857
2019-11-19,177.887892
2019-11-20,175.023830
2019-11-21,174.342380
2019-11-22,174.599158
2019-11-25,174.322628
2019-11-26,176.307720
2019-11-27,177.196566
2019-11-29,176.337348
2019-12-02,172.159767
2019-12-03,170.411702
2019-12-04,171.063523
2019-12-05,171.853609
2019-12-06,173.285640
2019-12-09,172.327661
2019-12-10,171.883237
2019-12-11,173.828824
2019-12-12,175.191723
2019-12-13,174.786804
2019-12-16,174.213991
2019-12-17,174.510274
2019-12-18,172.475802
2019-12-19,174.312752
2019-12-20,174.223867
2019-12-23,174.243620
2019-12-24,174.125107
2019-12-26,174.688043
2019-12-27,174.293000
2019-12-30,174.233743
2019-12-31,174.806556
2020-01-02,178.549589
2020-01-03,176.643506
2020-01-06,175.310236
2020-01-07,175.408997
2020-01-08,175.557138
2020-01-09,176.850904
2020-01-10,176.465737
2020-01-13,179.023641
2020-01-14,178.213802
2020-01-15,178.490332
2020-01-16,180.001372
2020-01-17,180.959352
2020-01-21,178.687854
2020-01-22,177.818759
2020-01-23,177.354584
2020-01-24,174.934945
2020-01-27,171.389433
2020-01-28,173.285640
2020-01-29,173.493038
2020-01-30,176.129950
2020-01-31,171.073399
2020-02-03,169.196944
2020-02-04,173.038738
2020-02-05,174.707795
2020-02-06,174.164611
2020-02-07,173.107871
2020-02-10,174.757176
2020-02-11,176.929912
2020-02-12,178.934756
2020-02-13,177.887892
2020-02-14,178.569341
2020-02-18,177.196566
2020-02-19,178.618721
2020-02-20,178.460704
2020-02-21,177.650866
2020-02-24,173.097995
2020-02-25,165.720565
2020-02-26,165.108249
2020-02-27,157.572802
2020-02-28,160.160334
2020-03-02,162.204682
2020-03-03,159.883804
2020-03-04,169.068555
2020-03-05,162.876255
2020-03-06,161.997285
2020-03-09,150.965707
2020-03-10,159.686283
2020-03-11,151.489139
2020-03-12,133.178893
2020-03-13,147.558461
2020-03-16,133.593688
2020-03-17,130.166690
2020-03-18,118.127752
2020-03-19,117.485807
2020-03-20,111.105862
2020-03-23,102.572932
2020-03-24,118.028991
2020-03-25,128.043333
2020-03-26,135.697293
2020-03-27,129.643258
2020-03-30,130.117309
2020-03-31,132.132029
2020-04-01,128.102590
2020-04-02,131.164173
2020-04-03,125.870596
2020-04-06,132.339426
2020-04-07,133.564060
2020-04-08,137.524367
2020-04-09,141.652567
2020-04-13,136.230601
2020-04-14,138.847761
2020-04-15,133.169017
2020-04-16,130.690122
2020-04-17,136.605892
2020-04-20,134.018360
2020-04-21,130.364211
2020-04-22,131.381447
2020-04-23,133.011000
2020-04-24,133.840590
2020-04-27,138.146560
2020-04-28,140.990870
2020-04-29,144.348736
2020-04-30,140.141527
2020-05-01,135.549151
2020-05-04,133.524556
2020-05-05,133.198645
2020-05-06,131.391323
2020-05-07,131.144421
2020-05-08,135.213365
2020-05-11,132.615957
2020-05-12,126.008861
2020-05-13,121.446114
2020-05-14,125.475553
2020-05-15,123.855877
2020-05-18,134.354146
2020-05-19,130.314831
2020-05-20,134.344270
2020-05-21,135.983699
2020-05-22,137.455234
2020-05-26,143.143854
2020-05-27,146.748622
2020-05-28,145.731386
2020-05-29,144.042577
2020-06-01,144.368488
2020-06-02,146.511596
2020-06-03,151.449635
2020-06-04,153.977910
2020-06-05,159.370248
2020-06-08,160.901040
2020-06-09,156.140771
2020-06-10,152.210093
2020-06-11,141.662443
2020-06-12,142.719183
2020-06-15,144.812911
2020-06-16,147.262178
2020-06-17,146.501720
2020-06-18,146.393083
2020-06-19,143.568526
2020-06-22,143.143854
2020-06-23,143.064846
2020-06-24,136.635520
2020-06-25,140.694587
2020-06-26,136.497255
2020-06-29,141.464921
2020-06-30,142.798192
2020-07-01,142.324140
2020-07-02,143.222863
2020-07-06,145.395600
2020-07-07,143.173483
2020-07-08,143.785799
2020-07-09,139.618095
2020-07-10,140.684711
2020-07-13,141.711823
2020-07-14,146.264695
2020-07-15,150.047232
2020-07-16,151.182981
2020-07-17,153.079187
2020-07-20,151.489139
2020-07-21,152.842162
2020-07-22,152.694020
2020-07-23,151.824926
2020-07-24,147.578213
2020-07-27,148.891731
2020-07-28,150.126240
2020-07-29,152.664392
2020-07-30,147.311559
2020-07-31,147.518956
2020-08-03,146.689366
2020-08-04,145.504237
2020-08-05,148.950987
2020-08-06,150.689177
2020-08-07,153.187824
2020-08-10,157.454289
2020-08-11,158.293756
2020-08-12,158.086358
2020-08-13,157.009866
2020-08-14,158.293756
2020-08-17,156.792592
2020-08-18,155.429694
2020-08-19,154.906262
2020-08-20,154.234688
2020-08-21,155.548207
2020-08-24,157.395033
2020-08-25,162.491088
2020-08-26,163.261422
2020-08-27,163.932996
2020-08-28,166.293378
2020-08-31,163.498448
2020-09-01,165.888459
2020-09-02,170.332693
2020-09-03,164.239154
2020-09-04,164.624321
2020-09-08,162.234310
2020-09-09,163.695970
2020-09-10,162.234310
2020-09-11,164.387295
2020-09-14,166.382263
2020-09-15,166.214369
2020-09-16,167.893302
2020-09-17,168.229089
2020-09-18,166.609412
2020-09-21,159.370248
2020-09-22,160.664014
2020-09-23,156.822220
2020-09-24,156.792592
2020-09-25,159.488761
2020-09-28,162.599725
2020-09-29,162.471336
2020-09-30,162.570097
2020-10-01,161.651622
2020-10-02,163.557705
2020-10-05,166.629164
2020-10-06,164.821842
2020-10-07,169.424094
2020-10-08,171.626459
2020-10-09,172.219024
2020-10-12,173.186879
2020-10-13,169.424094
2020-10-14,171.320301
2020-10-15,170.470958
2020-10-16,172.693075
2020-10-19,169.463598
2020-10-20,171.112903
2020-10-21,170.727736
2020-10-22,174.658415
2020-10-23,173.364649
2020-10-26,168.061196
2020-10-27,164.683577
2020-10-28,159.162851
2020-10-29,162.560221
2020-10-30,162.905884
2020-11-02,171.458566
2020-11-03,176.989169
2020-11-04,176.692887
2020-11-05,181.008732
2020-11-06,181.986464
2020-11-09,194.548833
2020-11-10,199.476995
2020-11-11,196.820331
2020-11-12,194.795735
2020-11-13,199.042448
2020-11-16,206.005082
2020-11-17,202.785481
2020-11-18,198.617777
2020-11-19,200.207825
2020-11-20,199.496747
2020-11-23,202.044775
2020-11-24,205.313757
2020-11-25,205.106359
2020-11-27,206.814920
2020-11-30,201.392954
2020-12-01,203.644700
2020-12-02,205.422393
2020-12-03,205.639667
2020-12-04,210.044397
2020-12-07,208.483977
2020-12-08,209.441957
2020-12-09,209.609850
2020-12-10,209.343196
2020-12-11,211.970232
2020-12-14,209.224683
2020-12-15,211.515933
2020-12-16,207.703767
2020-12-17,209.313568
2020-12-18,207.437113
2020-12-21,208.049430
2020-12-22,205.363137
2020-12-23,207.387733
2020-12-24,206.933433
2020-12-28,207.338352
2020-12-29,206.538390
2020-12-30,208.335836
2020-12-31,210.064149
2021-01-04,205.373013
2021-01-05,205.876693
2021-01-06,209.629602
2021-01-07,209.975265
2021-01-08,207.427237
2021-01-11,205.777932
2021-01-12,206.291488
2021-01-13,204.454538
2021-01-14,206.024834
2021-01-15,203.417550
2021-01-19,204.197760
2021-01-20,205.501402
2021-01-21,202.686720
2021-01-22,199.743649
2021-01-25,199.368358
2021-01-26,198.568396
2021-01-27,196.909215
2021-01-28,200.326338
2021-01-29,192.948909
2021-02-01,193.136554
2021-02-02,197.640045
2021-02-03,196.672189
2021-02-04,198.104221
2021-02-05,200.405346
2021-02-08,201.333698
2021-02-09,199.516500
2021-02-10,199.654765
2021-02-11,199.674517
2021-02-12,201.047291
2021-02-16,200.918902
2021-02-17,199.397987
2021-02-18,200.997911
2021-02-19,201.037415
2021-02-22,201.096672
2021-02-23,202.499075
2021-02-24,208.414845
2021-02-25,202.252173
2021-02-26,199.842410
2021-03-01,203.664452
2021-03-02,204.019990
2021-03-03,204.444662
2021-03-04,200.425099
2021-03-05,204.019990
2021-03-08,205.126111
2021-03-09,205.037226
2021-03-10,210.271547
2021-03-11,209.866628
2021-03-12,211.723330
2021-03-15,213.520776
2021-03-16,209.185179
2021-03-17,210.390060
2021-03-18,212.355399
2021-03-19,210.271547
2021-03-22,209.501213
2021-03-23,206.005082
2021-03-24,209.590098
2021-03-25,211.229526
2021-03-26,215.821902
2021-03-29,216.167565
2021-03-30,215.387355
2021-03-31,214.379995
2021-04-01,214.113341
2021-04-05,216.552732
2021-04-06,216.473723
2021-04-07,215.792274
2021-04-08,217.135420
2021-04-09,224.167187
2021-04-12,225.767111
2021-04-13,226.162154
2021-04-14,226.537445
2021-04-15,226.991745
2021-04-16,229.233614
2021-04-19,228.107741
2021-04-20,224.512849
2021-04-21,227.643566
2021-04-22,226.418932
2021-04-23,221.717920
2021-04-26,218.774849
2021-04-27,220.167376
2021-04-28,220.108119
2021-04-29,221.125355
2021-04-30,220.276013
2021-05-03,220.434030
2021-05-04,222.636395
2021-05-05,223.386977
2021-05-06,225.826368
2021-05-07,225.954757
2021-05-10,228.078113
2021-05-11,226.320171
2021-05-12,217.313190
2021-05-13,226.320171
2021-05-14,224.542478
2021-05-17,223.663507
2021-05-18,219.564935
2021-05-19,218.577327
2021-05-20,219.377290
2021-05-21,220.434030
2021-05-24,222.211724
2021-05-25,221.263620
2021-05-26,221.490770
2021-05-27,228.404024
2021-05-28,228.048485
2021-06-01,230.063204
2021-06-02,227.880592
2021-06-03,226.359676
2021-06-04,227.199142
2021-06-07,225.362192
2021-06-08,226.962116
2021-06-09,224.986901
2021-06-10,223.446233
2021-06-11,222.389493
2021-06-14,220.404402
2021-06-15,219.742704
2021-06-16,216.276202
2021-06-17,213.609661
2021-06-18,209.866628
2021-06-21,213.323255
2021-06-22,212.819575
2021-06-23,211.999860
2021-06-24,214.992312
2021-06-25,216.029300
2021-06-28,214.103465
2021-06-29,213.273874
2021-06-30,216.631740
2021-07-01,217.886002
2021-07-02,218.577327
2021-07-06,215.851530
2021-07-07,218.004515
2021-07-08,216.602112
2021-07-09,221.559903
2021-07-12,222.231476
2021-07-13,221.303125
2021-07-14,224.947397
2021-07-15,229.924939
2021-07-16,227.475672
2021-07-19,217.925506
2021-07-20,226.813975
2021-07-21,228.976836
2021-07-22,229.855807
2021-07-23,226.478189
2021-07-26,226.409056
2021-07-27,227.505301
2021-07-28,227.633690
2021-07-29,229.994072
2021-07-30,230.892795
2021-08-02,229.539772
2021-08-03,229.766922
2021-08-04,226.744843
2021-08-05,227.031249
2021-08-06,226.833727
2021-08-09,225.401696
2021-08-10,229.006464
2021-08-11,231.277962
2021-08-12,229.065721
2021-08-13,228.887951
2021-08-16,230.843415
2021-08-17,228.581793
2021-08-18,225.589342
2021-08-19,224.907892
2021-08-20,224.878264
2021-08-23,226.270791
2021-08-24,227.584309
2021-08-25,227.801583
2021-08-26,228.018857
2021-08-27,228.275635
2021-08-30,228.996588
2021-08-31,229.036093
2021-09-01,226.952240
2021-09-02,228.107741
2021-09-03,225.530085
2021-09-07,220.167376
2021-09-08,221.619159
2021-09-09,220.167376
2021-09-10,219.614315
2021-09-13,220.829073
2021-09-14,217.461331
2021-09-15,218.942742
2021-09-16,216.928023
2021-09-17,215.782398
2021-09-20,213.056601
2021-09-21,212.236886
2021-09-22,214.330614
2021-09-23,216.977403
2021-09-24,216.473723
2021-09-27,215.199709
2021-09-28,212.306019
2021-09-29,212.256638
2021-09-30,209.649354
2021-10-01,212.977592
2021-10-04,211.555437
2021-10-05,213.046724
2021-10-06,214.172597
2021-10-07,215.663885
2021-10-08,215.002188
2021-10-11,212.622053
2021-10-12,211.673950
2021-10-13,212.908459
2021-10-14,215.881158
2021-10-15,217.984763
2021-10-18,217.895878
2021-10-19,219.031627
2021-10-20,220.868577
2021-10-21,221.737672
2021-10-22,214.705905
2021-10-25,214.844170
2021-10-26,215.614504
2021-10-27,213.046724
2021-10-28,215.772522
2021-10-29,215.910787
2021-11-01,217.036659
2021-11-02,218.448938
2021-11-03,220.038987
2021-11-04,219.732828
2021-11-05,223.258588
2021-11-08,222.932677
2021-11-09,224.927645
2021-11-10,222.616643
2021-11-11,218.271169
2021-11-12,219.634068
2021-11-15,219.713076
2021-11-16,218.626708
2021-11-17,217.757613
2021-11-18,217.965011
2021-11-19,215.782398
2021-11-22,215.436735
2021-11-23,213.323255
2021-11-24,209.580222
2021-11-26,205.629791
2021-11-29,205.086607
2021-11-30,199.733773
2021-12-01,196.948720
2021-12-02,201.471963
2021-12-03,200.978159
2021-12-06,203.694080
2021-12-07,204.582927
2021-12-08,202.113908
2021-12-09,203.447178
2021-12-10,207.209963
2021-12-13,206.637151
2021-12-14,204.118751
2021-12-15,207.160583
2021-12-16,207.012442
2021-12-17,202.627464
2021-12-20,197.373391
2021-12-21,199.170837
2021-12-22,199.338730
2021-12-23,202.676844
2021-12-27,203.871849
2021-12-28,204.484166
2021-12-29,204.958218
2021-12-30,204.543423
2021-12-31,205.926073
2022-01-03,204.237264
2022-01-04,206.410001
2022-01-05,208.444473
2022-01-06,208.207447
2022-01-07,213.076353
2022-01-10,210.814731
2022-01-11,213.629413
2022-01-12,215.545372
2022-01-13,216.710749
2022-01-14,214.952807
2022-01-18,210.943120
2022-01-19,208.118562
2022-01-20,206.330992
2022-01-21,202.558331
2022-01-24,201.916386
2022-01-25,199.793030
2022-01-26,198.163477
2022-01-27,198.163477
2022-01-28,199.486871
2022-01-31,201.946014
2022-02-01,202.795357
2022-02-02,204.977970
2022-02-03,189.363893
2022-02-04,189.126867
2022-02-07,190.094722
2022-02-08,192.148946
2022-02-09,194.183418
2022-02-10,189.373769
2022-02-11,184.672756
2022-02-14,184.376474
2022-02-15,187.181280
2022-02-16,186.717104
2022-02-17,182.302498
2022-02-18,179.872983
2022-02-22,180.297654
2022-02-23,176.742267
2022-02-24,180.080381
2022-02-25,186.223300
2022-02-28,187.398554
2022-03-01,181.324766
2022-03-02,184.129572
2022-03-03,185.196188
2022-03-04,185.107304
2022-03-07,179.902611
2022-03-08,180.969228
2022-03-09,183.102460
2022-03-10,182.075348
2022-03-11,179.981620
2022-03-14,180.929723
2022-03-15,185.462843
2022-03-16,188.662691
2022-03-17,189.551538
2022-03-18,192.306964
2022-03-21,190.628031
2022-03-22,192.613122
2022-03-23,189.956457
2022-03-24,192.277335
2022-03-25,195.338919
2022-03-28,194.667346
2022-03-29,195.092017
2022-03-30,194.104410
2022-03-31,192.168699
2022-04-01,193.600730
2022-04-04,193.640234
2022-04-05,191.230471
2022-04-06,191.220595
2022-04-07,190.311996
2022-04-08,187.803473
2022-04-11,186.924502
2022-04-12,188.623187
2022-04-13,192.435353
2022-04-14,192.771139
2022-04-18,189.689803
2022-04-19,194.756231
2022-04-20,193.906888
2022-04-21,193.511845
2022-04-22,188.267648
2022-04-25,189.442901
2022-04-26,185.344330
2022-04-27,184.040688
2022-04-28,187.566447
2022-04-29,191.111958
2022-05-02,194.430320
2022-05-03,194.598213
2022-05-04,203.299037
2022-05-05,195.417928
2022-05-06,193.008165
2022-05-09,191.556382
2022-05-10,192.356344
2022-05-11,189.640423
2022-05-12,190.529270
2022-05-13,191.131711
2022-05-16,191.556382
2022-05-17,196.593181
2022-05-18,191.467497
2022-05-19,190.262616
2022-05-20,187.398554
2022-05-23,187.230660
2022-05-24,187.605951
2022-05-25,188.080003
2022-05-26,190.707039
2022-05-27,193.916764
2022-05-31,191.220595
2022-06-01,189.531786
2022-06-02,194.598213
2022-06-03,192.405724
2022-06-06,192.771139
2022-06-07,195.171026
2022-06-08,192.109442
2022-06-09,189.630547
2022-06-10,183.971555
2022-06-13,182.134605
2022-06-14,181.008732
2022-06-15,182.677789
2022-06-16,177.650866
2022-06-17,177.473097
2022-06-21,178.273059
2022-06-22,175.527509
2022-06-23,172.406669
2022-06-24,177.789131
2022-06-27,176.080570
2022-06-28,173.769568
2022-06-29,171.053647
2022-06-30,171.656087
2022-07-01,172.939977
2022-07-05,169.957402
2022-07-06,171.063523
2022-07-07,171.636335
2022-07-08,171.191912
2022-07-11,170.698108
2022-07-12,171.458566
2022-07-13,168.752521
2022-07-14,167.409375
2022-07-15,170.658604
2022-07-18,168.831530
2022-07-19,175.033706
2022-07-20,176.050942
2022-07-21,177.799007
2022-07-22,179.221162
2022-07-25,179.013765
2022-07-26,179.171782
2022-07-27,181.384023
2022-07-28,188.080003
2022-07-29,190.074970
2022-08-01,189.610795
2022-08-02,186.776361
2022-08-03,189.126867
2022-08-04,190.055218
2022-08-05,189.887325
2022-08-08,191.566258
2022-08-09,191.684771
2022-08-10,194.785859
2022-08-11,196.049997
2022-08-12,198.380751
2022-08-15,199.743649
2022-08-16,201.146052
2022-08-17,200.267081
2022-08-18,201.195433
2022-08-19,199.062200
2022-08-22,195.388300
2022-08-23,195.101893
2022-08-24,195.338919
2022-08-25,197.946203
2022-08-26,190.667535
2022-08-29,190.035466
2022-08-30,188.336781
2022-08-31,187.003510
2022-09-01,188.366409
2022-09-02,184.573996
2022-09-06,183.299982
2022-09-07,186.746733
2022-09-08,185.492471
2022-09-09,189.314512
2022-09-12,189.650299
2022-09-13,182.687665
2022-09-14,177.739751
2022-09-15,174.668291
2022-09-16,175.152219
2022-09-19,176.416356
2022-09-20,174.816432
2022-09-21,172.140015
2022-09-22,171.103027
2022-09-23,169.256201
2022-09-26,167.962435
2022-09-27,167.962435
2022-09-28,171.675840
2022-09-29,167.962435
2022-09-30,164.900851
2022-10-03,170.895630
2022-10-04,175.981809
2022-10-05,175.606518
2022-10-06,172.870845
2022-10-07,169.285829
2022-10-10,169.759881
2022-10-11,171.468442
2022-10-12,170.648728
2022-10-13,175.349740
2022-10-14,172.001750
2022-10-17,174.846060
2022-10-18,177.650866
2022-10-19,177.058301
2022-10-20,175.438625
2022-10-21,180.544556
2022-10-24,184.583872
2022-10-25,187.299793
2022-10-26,187.912110
2022-10-27,194.055029
2022-10-28,202.390438
2022-10-31,201.491715
2022-11-01,200.583116
2022-11-02,197.985708
2022-11-03,201.857130
2022-11-04,205.274252
2022-11-07,207.170459
2022-11-08,208.740755
2022-11-09,206.044586
2022-11-10,212.138125
2022-11-11,210.093778
2022-11-14,210.360432
2022-11-15,212.760318
2022-11-16,211.348039
2022-11-17,211.851719
2022-11-18,211.871471
2022-11-21,213.876315
2022-11-22,216.049052
2022-11-23,216.197193
2022-11-25,217.323066
2022-11-28,213.096105
2022-11-29,214.034332
2022-11-30,216.829262
2022-12-01,214.696029
2022-12-02,216.365086
2022-12-05,212.928212
2022-12-06,210.548077
2022-12-07,210.804855
2022-12-08,210.706094
2022-12-09,209.007409
2022-12-12,211.841843
2022-12-13,212.296143
2022-12-14,212.059117
2022-12-15,206.380373
2022-12-16,207.140831
2022-12-19,206.814920
2022-12-20,208.869144
2022-12-21,212.434408
2022-12-22,209.678982
2022-12-23,211.219650
2022-12-27,212.227010
2022-12-28,209.560469
2022-12-29,212.088745
2022-12-30,211.644322
2023-01-03,211.644322
2023-01-04,207.437113
2023-01-05,201.936138
2023-01-06,207.664263
2023-01-09,208.059306
2023-01-10,208.721003
2023-01-11,209.669106
2023-01-12,213.303502
2023-01-13,213.925695
2023-01-17,209.609850
2023-01-18,201.708989
2023-01-19,198.173353
2023-01-20,199.526376
2023-01-23,201.926262
2023-01-24,204.523670
2023-01-25,204.108875
2023-01-26,206.755664
2023-01-27,205.550782
2023-01-30,203.229904
2023-01-31,205.896445
2023-02-01,204.158256
2023-02-02,204.810077
2023-02-03,200.178197
2023-02-06,201.511467
2023-02-07,202.923746
2023-02-08,199.714021
2023-02-09,196.751198
2023-02-10,197.985708
2023-02-13,200.849770
2023-02-14,198.509140
2023-02-15,199.210341
2023-02-16,196.889463
2023-02-17,198.923935
2023-02-21,194.321683
2023-02-22,193.067422
2023-02-23,192.603246
2023-02-24,189.660175
2023-02-27,190.065094
2023-02-28,189.107115
2023-03-01,190.489766
2023-03-02,192.040310
2023-03-03,194.380940
2023-03-06,194.598213
2023-03-07,193.195811
2023-03-08,193.146430
2023-03-09,190.489766
2023-03-10,190.934189
2023-03-13,190.707039
2023-03-14,190.578650
2023-03-15,185.788753
2023-03-16,186.796113
2023-03-17,182.351878
2023-03-20,187.526943
2023-03-21,188.791080
2023-03-22,184.840650
2023-03-23,184.603624
2023-03-24,185.828257
2023-03-27,185.660364
2023-03-28,185.591232
2023-03-29,186.726980
2023-03-30,186.776361
2023-03-31,188.751576
2023-04-03,190.884809
2023-04-04,188.573807
2023-04-05,187.082519
2023-04-06,188.099755
2023-04-10,189.304636
2023-04-11,189.808316
2023-04-12,190.835428
2023-04-13,193.472341
2023-04-14,194.114286
2023-04-17,195.408052
2023-04-18,194.489577
2023-04-19,195.358671
2023-04-20,194.311807
2023-04-21,193.650110
2023-04-24,194.341435
2023-04-25,193.531597
2023-04-26,188.534302
2023-04-27,196.148757
2023-04-28,197.363515
2023-05-01,197.995584
2023-05-02,195.803095
2023-05-03,195.506812
2023-05-04,193.788375
2023-05-05,195.961112
2023-05-08,194.509329
2023-05-09,194.687098
2023-05-10,194.894496
2023-05-11,191.576134
2023-05-12,191.220595
2023-05-15,191.902044
2023-05-16,189.235504
2023-05-17,193.590854
2023-05-18,195.793219
2023-05-19,194.904372
2023-05-22,194.489577
2023-05-23,192.553866
2023-05-24,189.482406
2023-05-25,189.887325
2023-05-26,191.348984
2023-05-30,192.139070
2023-05-31,189.225628
2023-06-01,191.457621
2023-06-02,196.385783
2023-06-05,194.736478
2023-06-06,193.906888
2023-06-07,195.931484
2023-06-08,195.694458
2023-06-09,195.437680
2023-06-12,196.040121
2023-06-13,198.617777
2023-06-14,198.035088
2023-06-15,201.205309
2023-06-16,200.454727
2023-06-20,197.916575
2023-06-21,199.299226
2023-06-22,198.163477
2023-06-23,197.610417
2023-06-26,200.069560
2023-06-27,200.820142
2023-06-28,199.990551
2023-06-29,203.911354
2023-06-30,204.928590
2023-07-03,205.718676
2023-07-05,203.871849
2023-07-06,201.481839
2023-07-07,200.741133
2023-07-10,205.165615
2023-07-11,206.143347
2023-07-12,205.935949
2023-07-13,206.123595
2023-07-14,203.585443
2023-07-17,205.590287
2023-07-18,202.706472
2023-07-19,202.627464
2023-07-20,205.382889
2023-07-21,206.014958
2023-07-24,206.726035
2023-07-25,207.081574
2023-07-26,205.679171
2023-07-27,193.976021
2023-07-28,192.771139
2023-07-31,191.724275
2023-08-01,191.082330
2023-08-02,190.509518
2023-08-03,188.149135
2023-08-04,186.865245
2023-08-07,187.250412
2023-08-08,185.324577
2023-08-09,186.894874
2023-08-10,186.401070
2023-08-11,188.307153
2023-08-14,187.161528
2023-08-15,185.472719
2023-08-16,184.178953
2023-08-17,183.675273
2023-08-18,184.267837
2023-08-21,184.633252
2023-08-22,183.704901
2023-08-23,184.761641
2023-08-24,182.865434
2023-08-25,183.991307
2023-08-28,185.551727
2023-08-29,187.171404
2023-08-30,186.223300
2023-08-31,185.610984
2023-09-01,186.055407
2023-09-05,183.398743
2023-09-06,182.223489
2023-09-07,181.838322
2023-09-08,182.233365
2023-09-11,183.902422
2023-09-12,186.865245
2023-09-13,189.215752
2023-09-14,191.161339
2023-09-15,190.647783
2023-09-18,192.050186
2023-09-19,192.929156
2023-09-20,192.030433
2023-09-21,189.057734
2023-09-22,187.428182
2023-09-25,189.482406
2023-09-26,185.561603
2023-09-27,185.551727
2023-09-28,184.791269
2023-09-29,182.450639
2023-10-02,180.347035
2023-10-03,178.895252
2023-10-04,180.238398
2023-10-05,177.789131
2023-10-06,182.371631
2023-10-09,184.208581
2023-10-10,184.030811
2023-10-11,185.077676
2023-10-12,181.660553
2023-10-13,181.285262
2023-10-16,183.922175
2023-10-17,184.011059
2023-10-18,181.196377
2023-10-19,180.011248
2023-10-20,179.073021
2023-10-23,178.282935
2023-10-24,179.211286
2023-10-25,175.883048
2023-10-26,173.878205
2023-10-27,174.806556
2023-10-30,177.522477
2023-10-31,180.988980
2023-11-01,181.709933
2023-11-02,184.119696
2023-11-03,186.647972
2023-11-06,185.176436
2023-11-07,184.297466
2023-11-08,182.332126
2023-11-09,181.403775
2023-11-10,184.396226
2023-11-13,184.198705
2023-11-14,187.882481
2023-11-15,187.201032
2023-11-16,188.346657
2023-11-17,188.840461
2023-11-20,189.423149
2023-11-21,188.870089
2023-11-22,189.926829
2023-11-24,191.013198
2023-11-27,190.578650
2023-11-28,191.862540
2023-11-29,191.852664
2023-11-30,193.492093
2023-12-01,195.329043
2023-12-04,195.901856
2023-12-05,194.509329
2023-12-06,195.338919
2023-12-07,195.338919
2023-12-08,192.198327
2023-12-11,197.906699
2023-12-12,199.012820
2023-12-13,200.563364
2023-12-14,200.889274
2023-12-15,200.879398
2023-12-18,202.558331
2023-12-19,202.064527
2023-12-20,200.385594
2023-12-21,202.508951
2023-12-22,203.091639
2023-12-26,205.461898
2023-12-27,206.429753
2023-12-28,206.577894
2023-12-29,207.111202
2024-01-02,206.410001
2024-01-03,201.995395
2024-01-04,202.360810
2024-01-05,201.007787
2024-01-08,200.148568
2024-01-09,199.131333
2024-01-10,199.891790
2024-01-11,199.170837
2024-01-12,198.607901
2024-01-16,195.319167
2024-01-17,195.496936
2024-01-18,197.649921
2024-01-19,198.291866
2024-01-22,198.548644
2024-01-23,200.425099
2024-01-24,197.393143
2024-01-25,200.049808
2024-01-26,199.299226
2024-01-29,200.533735
2024-01-30,203.348417
2024-01-31,199.753525
2024-02-01,194.864867
2024-02-02,193.679738
2024-02-05,190.618155
2024-02-06,191.240347
2024-02-07,191.694647
2024-02-08,191.062578
2024-02-09,192.425477
2024-02-12,194.904372
2024-02-13,191.605762
2024-02-14,192.455105
2024-02-15,195.496936
2024-02-16,194.726602
2024-02-20,196.474668
2024-02-21,197.057356
2024-02-22,198.321494
2024-02-23,198.143725
2024-02-26,196.721570
2024-02-27,195.724086
2024-02-28,195.121645
2024-02-29,196.267270
2024-03-01,196.208014
2024-03-04,196.770950
2024-03-05,194.904372
2024-03-06,198.015336
2024-03-07,200.099188
2024-03-08,198.262238
2024-03-11,197.807938
2024-03-12,196.662313
2024-03-13,197.254878
2024-03-14,193.916764
2024-03-15,195.240158
2024-03-18,194.321683
2024-03-19,196.573429
2024-03-20,198.686909
2024-03-21,198.884431
2024-03-22,198.242486
2024-03-25,196.020368
2024-03-26,198.509140
2024-03-27,202.587959
2024-03-28,202.706472
2024-04-01,199.506623
2024-04-02,197.748682
2024-04-03,195.516689
2024-04-04,193.620482
2024-04-05,194.706850
2024-04-08,195.309291
2024-04-09,195.951236
2024-04-10,193.225439
2024-04-11,194.430320
2024-04-12,193.729119
2024-04-15,191.635390
2024-04-16,188.356533
2024-04-17,188.000994
2024-04-18,188.712072
2024-04-19,191.852664
2024-04-22,193.156306
2024-04-23,193.729119
2024-04-24,192.376096
2024-04-25,190.628031
2024-04-26,191.052702
2024-04-29,191.368736
2024-04-30,190.341624
2024-05-01,192.879776
2024-05-02,191.240347
2024-05-03,193.383456
2024-05-06,192.583494
2024-05-07,194.410568
2024-05-08,195.595697
2024-05-09,198.143725
2024-05-10,200.405346
2024-05-13,201.274441
2024-05-14,200.691753
2024-05-15,202.518827
2024-05-16,204.059495
2024-05-17,203.417550
2024-05-20,202.084279
2024-05-21,200.988035
2024-05-22,200.286834
2024-05-23,196.919091
2024-05-24,197.215374
2024-05-28,196.711694
2024-05-29,194.627842
2024-05-30,198.420255
2024-05-31,199.684393
2024-06-03,199.951047
2024-06-04,204.661935
2024-06-05,206.676655
2024-06-06,205.866817
2024-06-07,206.192727
2024-06-10,208.128438
2024-06-11,206.884053
2024-06-12,205.916197
2024-06-13,206.044586
2024-06-14,205.945825
2024-06-17,209.323444
2024-06-18,210.232043
2024-06-20,211.486304
2024-06-21,212.424532
2024-06-24,213.214618
2024-06-25,211.792463
2024-06-26,210.785103
2024-06-27,211.723330
2024-06-28,210.893740
2024-07-01,208.335836
2024-07-02,210.587581
2024-07-03,209.827124
2024-07-05,209.609850
2024-07-08,209.007409
2024-07-09,207.990173
2024-07-10,211.831967
2024-07-11,212.187506
2024-07-12,212.444284
2024-07-15,213.046724
2024-07-16,215.762646
2024-07-17,217.481083
2024-07-18,214.972559
2024-07-19,211.950480
2024-07-22,214.281234
2024-07-23,214.686153
2024-07-24,211.002377
2024-07-25,199.941171
2024-07-26,200.227577
2024-07-29,198.904183
2024-07-30,200.128816
2024-07-31,202.212668
2024-08-01,202.044775
2024-08-02,201.165804
2024-08-05,197.235126
2024-08-06,196.336403
2024-08-07,195.467308
2024-08-08,197.343763
2024-08-09,195.773467
2024-08-12,194.351311
2024-08-13,194.292055
2024-08-14,195.151274
2024-08-15,196.000616
2024-08-16,196.040121
2024-08-19,196.573429
2024-08-20,197.590665
2024-08-21,198.923935
2024-08-22,197.659797
2024-08-23,199.970799
2024-08-26,201.323822
2024-08-27,203.555815
2024-08-28,202.454632
2024-08-29,204.938466
2024-08-30,205.333509
2024-09-03,202.321305
2024-09-04,202.992879
2024-09-05,200.464603
2024-09-06,195.674706
2024-09-09,198.667157
2024-09-10,198.459759
2024-09-11,201.511467
2024-09-12,202.133660
2024-09-13,201.620104
2024-09-16,202.143536
2024-09-17,201.708989
2024-09-18,199.141209
2024-09-19,201.175680
2024-09-20,200.830018
2024-09-23,201.244813
2024-09-24,202.726224
2024-09-25,204.217512
2024-09-26,204.464414
2024-09-27,205.056979
2024-09-30,204.148379
2024-10-01,203.516311
2024-10-02,201.353450
2024-10-03,200.365842
2024-10-04,201.254689
2024-10-07,200.810266
2024-10-08,204.434786
2024-10-09,211.051757
2024-10-10,210.952996
2024-10-11,213.313379
2024-10-14,214.903427
2024-10-15,214.577516
2024-10-16,216.246573
2024-10-17,216.829262
2024-10-18,219.268653
2024-10-21,218.755097
2024-10-22,219.594563
2024-10-23,217.609472
2024-10-24,206.508762
2024-10-25,205.422393
2024-10-28,203.545939
2024-10-29,203.427426
2024-10-30,201.669484
2024-10-31,203.131144
2024-11-01,206.597646
2024-11-04,204.968094
2024-11-05,206.192727
2024-11-06,213.718298
2024-11-07,214.804666
2024-11-08,216.770005
2024-11-11,222.448749
2024-11-12,231.011308
2024-11-13,230.181717
2024-11-14,227.811459
2024-11-15,226.152278
2024-11-18,226.014013
2024-11-19,225.372068
2024-11-20,223.861028
2024-11-21,223.288216
2024-11-22,226.270791
2024-11-25,227.742326
2024-11-26,227.544805
2024-11-27,226.794223
2024-11-29,230.043452
2024-12-02,227.100382
2024-12-03,224.147435
2024-12-04,226.942364
2024-12-05,223.485737
2024-12-06,223.574622
2024-12-09,222.300608
2024-12-10,226.241163
2024-12-11,226.221411
2024-12-12,224.868388
2024-12-13,224.799256
2024-12-16,233.075408
2024-12-17,230.240974
2024-12-18,224.048674
2024-12-19,224.068426
2024-12-20,225.490581
2024-12-23,224.325204
2024-12-24,226.063393
2024-12-26,228.986712
2024-12-27,226.665834
2024-12-30,223.791896
2024-12-31,223.090694
2025-01-02,222.725280
2025-01-03,223.712887
2025-01-06,218.992123
2025-01-07,217.895878
2025-01-08,217.441579
2025-01-10,215.486115
2025-01-13,216.384838
2025-01-14,215.792274
2025-01-15,216.819386
2025-01-16,219.930350
2025-01-17,219.821713
2025-01-21,222.280856
2025-01-22,220.325393
2025-01-23,222.863545
2025-01-24,218.764973
2025-01-27,222.912925
2025-01-28,217.965011
2025-01-29,218.310673
2025-01-30,221.283372
2025-01-31,220.947586
2025-02-03,219.653820
2025-02-04,220.779692
2025-02-05,219.594563
2025-02-06,207.219839
2025-02-07,202.973126
2025-02-10,205.935949
2025-02-11,204.375529
2025-02-12,202.469446
2025-02-13,202.726224
2025-02-14,200.237453
2025-02-18,205.461898
2025-02-19,208.197571
2025-02-20,208.730879
2025-02-21,209.313568
2025-02-24,207.308724
2025-02-25,209.372824
2025-02-26,208.711127
2025-02-27,209.639478
2025-02-28,210.251795
2025-03-03,209.392576
2025-03-04,205.422393
2025-03-05,207.022318
2025-03-06,208.641994
2025-03-07,211.861595
2025-03-10,211.170270
2025-03-11,206.005082
2025-03-12,203.792841
2025-03-13,204.128627
2025-03-14,206.874177
2025-03-17,207.812404
2025-03-18,207.140831
2025-03-19,206.064338
2025-03-20,208.276579
2025-03-21,207.516122
2025-03-24,209.224683
2025-03-25,209.491337
2025-03-26,210.478945
2025-03-27,211.515933
2025-03-28,207.733395
2025-03-31,209.125922
2025-04-01,210.804855
2025-04-02,213.313379
2025-04-03,204.118751
2025-04-04,188.623187
2025-04-07,185.136932
2025-04-08,180.593937
2025-04-09,196.632685
2025-04-10,190.993445
2025-04-11,196.089501
2025-04-14,197.768434
2025-04-15,196.346279
2025-04-16,190.884809
2025-04-17,194.163666
2025-04-21,191.823036
2025-04-22,195.911732
2025-04-23,194.864867
2025-04-24,198.252362
2025-04-25,196.691942
2025-04-28,198.173353
2025-04-29,208.869144
2025-04-30,207.891413
2025-05-01,208.128438
2025-05-02,211.476428
2025-05-05,211.594941
2025-05-06,207.328476
2025-05-07,211.950480
2025-05-08,211.881347
2025-05-09,210.390060
2025-05-12,216.621864
2025-05-13,215.515744
2025-05-14,214.488632
2025-05-15,219.535307
2025-05-16,220.117995
2025-05-19,222.152467
2025-05-20,222.270980
2025-05-21,219.120512
2025-05-22,220.858701
2025-05-23,219.278529
2025-05-27,223.653631
2025-05-28,221.826557
2025-05-29,222.399369
2025-05-30,223.861028
2025-06-02,222.725280
2025-06-03,223.959789
2025-06-04,224.631362
2025-06-05,223.861028
2025-06-06,225.944881
2025-06-09,224.315328
2025-06-10,223.456109
2025-06-11,223.021562
2025-06-12,223.248712
2025-06-13,221.510522
2025-06-16,221.313001
2025-06-17,219.041503
2025-06-18,219.120512
2025-06-20,219.051379
2025-06-23,221.954946
2025-06-24,221.816681
2025-06-25,219.041503
2025-06-26,223.574622
2025-06-27,226.014013
2025-06-30,229.994072
2025-07-01,235.811081
2025-07-02,236.295009
2025-07-03,237.420882
2025-07-07,236.383894
2025-07-08,236.828317
2025-07-09,235.761701
2025-07-10,233.835866
2025-07-11,233.006275
2025-07-14,235.109880
2025-07-15,232.384082
2025-07-16,233.944503
2025-07-17,235.416038
2025-07-18,233.608716
2025-07-21,232.305074
2025-07-22,233.648220
2025-07-23,236.304885
2025-07-24,221.698168
2025-07-25,221.461142
2025-07-28,222.290732
2025-07-29,218.972370
2025-07-30,219.406918
2025-07-31,219.594563
2025-08-01,215.012064
2025-08-04,218.053895
2025-08-05,218.320549
2025-08-06,216.513227
2025-08-07,213.896067
2025-08-08,213.629413
2025-08-11,213.767678
2025-08-12,214.320738
2025-08-13,217.016907
2025-08-14,215.495991
2025-08-15,214.083713
2025-08-18,213.718298
2025-08-19,214.054084
2025-08-20,214.310862
2025-08-21,214.725658
2025-08-22,220.068615
2025-08-25,217.876126
2025-08-26,219.801961
2025-08-27,218.508195
2025-08-28,218.606956
2025-08-29,216.779881
2025-09-02,214.903427
2025-09-03,211.348039
2025-09-04,212.493664
2025-09-05,211.594941
2025-09-08,212.088745
2025-09-09,211.545561
2025-09-10,209.076542
2025-09-11,212.641805
2025-09-12,208.839516
2025-09-15,209.116046
2025-09-16,208.335836
2025-09-17,209.056790
2025-09-18,207.595130
2025-09-19,206.775416
2025-09-22,206.410001
2025-09-23,206.716159
2025-09-24,206.014958
2025-09-25,205.126111
2025-09-26,205.610039
2025-09-29,206.686531
2025-09-30,207.891413
2025-10-01,207.575378
2025-10-02,208.395092
2025-10-03,206.459381
2025-10-06,206.410001
2025-10-07,206.390249
2025-10-08,207.249468
2025-10-09,201.699112
2025-10-10,198.420255
2025-10-13,200.395470
2025-10-14,206.024834
2025-10-15,199.990551
2025-10-16,200.652248
2025-10-17,200.444851
2025-10-20,203.476806
2025-10-21,206.489010
2025-10-22,204.049619
2025-10-23,217.935382
2025-10-24,213.461520
2025-10-27,212.404780
2025-10-28,211.752958
2025-10-29,210.251795
2025-10-30,209.761746
2025-10-31,211.040590
2025-11-03,207.308883
2025-11-04,205.935699
2025-11-05,206.554156
2025-11-06,205.359171
2025-11-07,203.430424
2025-11-10,205.526888
2025-11-11,210.076216
2025-11-12,211.313130
2025-11-13,209.510171
2025-11-14,208.640138
2025-11-17,205.537370
2025-11-18,200.684055
2025-11-19,199.761611
2025-11-20,197.214407
2025-11-21,199.185083
2025-11-24,197.759488
2025-11-25,200.233316
2025-11-26,199.153636
2025-11-28,201.459747
2025-12-01,199.394730
2025-12-02,202.466050
2025-12-03,202.801484
2025-12-04,201.501676
2025-12-05,200.558268
2025-12-08,201.250101
2025-12-09,199.342318
2025-12-10,201.323477
2025-12-11,203.199813
2025-12-12,203.000649
2025-12-15,206.973449
2025-12-16,207.822517
2025-12-17,209.531135
2025-12-18,207.633835
2025-12-19,208.713514
2025-12-22,205.411583
2025-12-23,204.929396
2025-12-24,206.428368
2025-12-26,206.889590
2025-12-29,206.596085
2025-12-30,205.830876
2025-12-31,204.499621
2026-01-02,205.327724
2026-01-05,210.789014
2026-01-06,214.824708
2026-01-07,209.132807
2026-01-08,215.139177
2026-01-09,217.382394
2026-01-12,218.661238
2026-01-13,220.422268
2026-01-14,223.315389
2026-01-15,225.390888
2026-01-16,229.971663
2026-01-20,225.443300
2026-01-21,229.741052
2026-01-22,233.273595
2026-01-23,232.141504
2026-01-26,231.827034
2026-01-27,231.564976
2026-01-28,227.089025
2026-01-29,238.200286
2026-01-30,238.493791
2026-02-02,238.535720
2026-02-03,242.047298
2026-02-04,246.701449
2026-02-05,245.129101
2026-02-06,249.877593
2026-02-09,251.408012
2026-02-10,255.076824
2026-02-11,254.405956
2026-02-12,251.397529
2026-02-13,253.022289
2026-02-17,254.353544
2026-02-18,252.770714
2026-02-19,252.382868
2026-02-20,255.737211
2026-02-23,254.783319
2026-02-24,255.359847
2026-02-25,253.881840
2026-02-26,252.498173
2026-02-27,255.338882
2026-03-02,260.003516
2026-03-03,255.611423
2026-03-04,257.833675
2026-03-05,249.877593
2026-03-06,246.638555
2026-03-09,249.049489
2026-03-10,252.215151
2026-03-11,250.988719
2026-03-12,244.657396
2026-03-13,245.810452
2026-03-16,245.820934
2026-03-17,242.581897
2026-03-18,241.009548
2026-03-19,240.076622
2026-03-20,232.183433
2026-03-23,233.766264
2026-03-24,232.256809
2026-03-25,236.680349
2026-03-26,236.030445
2026-03-27,233.881569
2026-03-30,234.258933
2026-03-31,236.931925
2026-04-01,239.206589
2026-04-02,240.516879
2026-04-06,239.217071
2026-04-07,234.636296
2026-04-08,243.682540
2026-04-09,247.445694
2026-04-10,246.376497
2026-04-13,244.908972
2026-04-14,244.489679
2026-04-15,243.389035
2026-04-16,240.443503
2026-04-17,244.814631
2026-04-20,240.820866
2026-04-21,232.938160
2026-04-22,230.579638
2026-04-23,224.678091
2026-04-24,223.451659
2026-04-27,222.277639
2026-04-28,223.200083
2026-04-29,220.443232
2026-04-30,224.667608
2026-05-01,222.749343
2026-05-04,219.698988
2026-05-05,219.143424
2026-05-06,227.319636
2026-05-07,226.491532
2026-05-08,223.399247
2026-05-11,229.678158
2026-05-12,229.080666
2026-05-13,228.472691
2026-05-14,228.221115
2026-05-15,223.525035
2026-05-18,227.707482
2026-05-19,227.623623
2026-05-20,227.875199
2026-05-21,234.594367
2026-05-22,238.913084
2026-05-26,242.896366
2026-05-27,242.718167
2026-05-28,244.238103
2026-05-29,249.332512
2026-06-01,247.948845
2026-06-02,246.575661
2026-06-03,234.028322
2026-06-04,228.137257
2026-06-05,224.290245
2026-06-08,222.015581
2026-06-09,226.103686
2026-06-10,215.810046
2026-06-11,229.688640
2026-06-12,230.936037
2026-06-15,200.000000
2026-06-16,269.950000
2026-06-17,269.950000
2026-06-18,267.800000
2026-06-22,261.030000
2026-06-23,245.000000
2026-06-24,245.000000
2026-06-25,221.010000
2026-06-26,221.010000
2026-06-29,220.190000
2026-06-30,221.080000
2026-07-01,227.290000
2026-07-02,247.150000
2026-07-06,231.180000
2026-07-07,225.050000
2026-07-08,220.360000
2026-07-09,223.420000
2026-07-10,226.420000
2026-07-13,222.250000
2026-07-14,222.680000
2026-07-15,222.840000
2026-07-16,226.330000
2026-07-17,225.020000
2026-07-20,226.180000
2026-07-21,229.860000
2026-07-22,232.990000
2026-07-23,246.270000
2026-07-24,243.150000
2026-07-27,245.750000
2026-07-28,247.050000
2026-07-29,241.120000
2026-07-30,241.910000
2026-07-31,243.050000
2026-08-03,246.770000
2026-08-04,248.790000
2026-08-05,248.120000
2026-08-06,240.740000
2026-08-07,246.210000
2026-08-10,242.930000
2026-08-11,230.120000
2026-08-12,235.340000
2026-08-13,233.990000
2026-08-14,233.960000
2026-08-17,229.450000
2026-08-18,227.710000
2026-08-19,221.730000
2026-08-20,218.320000
2026-08-21,215.900000
2026-08-24,214.770000
2026-08-25,215.680000
2026-08-26,220.670000
2026-08-27,220.390000
2026-08-28,217.430000
