d,c
2009-01-02,33.440000
2009-01-05,33.860000
2009-01-06,34.500000
2009-01-07,33.250000
2009-01-08,33.400000
2009-01-09,32.400000
2009-01-12,31.170000
2009-01-13,30.500000
2009-01-14,29.160000
2009-01-15,29.540000
2009-01-16,30.460000
2009-01-20,28.160000
2009-01-21,28.700000
2009-01-22,27.890000
2009-01-23,27.790000
2009-01-26,28.260000
2009-01-27,29.250000
2009-01-28,30.450000
2009-01-29,28.800000
2009-01-30,28.110000
2009-02-02,28.250000
2009-02-03,28.790000
2009-02-04,28.300000
2009-02-05,29.320000
2009-02-06,29.840000
2009-02-09,29.930000
2009-02-10,28.500000
2009-02-11,28.040000
2009-02-12,28.090000
2009-02-13,27.730000
2009-02-17,27.170000
2009-02-18,26.670000
2009-02-19,26.360000
2009-02-20,26.320000
2009-02-23,25.190000
2009-02-24,26.390000
2009-02-25,26.550000
2009-02-26,25.990000
2009-02-27,25.900000
2009-03-02,24.260000
2009-03-03,24.140000
2009-03-04,25.580000
2009-03-05,24.090000
2009-03-06,24.270000
2009-03-09,23.870000
2009-03-10,26.020000
2009-03-11,26.130000
2009-03-12,26.380000
2009-03-13,25.320000
2009-03-16,25.220000
2009-03-17,25.140000
2009-03-18,26.330000
2009-03-19,25.790000
2009-03-20,24.820000
2009-03-23,27.370000
2009-03-24,26.360000
2009-03-25,27.760000
2009-03-26,29.300000
2009-03-27,28.290000
2009-03-30,26.430000
2009-03-31,26.460000
2009-04-01,26.610000
2009-04-02,28.390000
2009-04-03,28.500000
2009-04-06,28.230000
2009-04-07,27.010000
2009-04-08,27.390000
2009-04-09,29.320000
2009-04-13,29.080000
2009-04-14,28.370000
2009-04-15,28.350000
2009-04-16,28.500000
2009-04-17,28.580000
2009-04-20,27.350000
2009-04-21,28.880000
2009-04-22,29.770000
2009-04-23,29.710000
2009-04-24,32.270000
2009-04-27,31.530000
2009-04-28,31.370000
2009-04-29,32.110000
2009-04-30,31.890000
2009-05-01,31.730000
2009-05-04,33.000000
2009-05-05,32.330000
2009-05-06,33.090000
2009-05-07,31.610000
2009-05-08,33.000000
2009-05-11,31.900000
2009-05-12,31.400000
2009-05-13,30.510000
2009-05-14,30.450000
2009-05-15,30.720000
2009-05-18,31.520000
2009-05-19,31.200000
2009-05-20,30.140000
2009-05-21,29.460000
2009-05-22,28.680000
2009-05-26,29.900000
2009-05-27,29.430000
2009-05-28,29.730000
2009-05-29,31.010000
2009-06-01,32.220000
2009-06-02,33.730000
2009-06-03,33.930000
2009-06-04,33.750000
2009-06-05,33.820000
2009-06-08,33.890000
2009-06-09,33.930000
2009-06-10,33.930000
2009-06-11,33.980000
2009-06-12,33.730000
2009-06-15,32.560000
2009-06-16,31.990000
2009-06-17,31.520000
2009-06-18,31.010000
2009-06-19,30.930000
2009-06-22,30.400000
2009-06-23,30.930000
2009-06-24,31.430000
2009-06-25,32.430000
2009-06-26,31.960000
2009-06-29,32.550000
2009-06-30,32.110000
2009-07-01,31.770000
2009-07-02,31.820000
2009-07-06,31.100000
2009-07-07,30.680000
2009-07-08,30.530000
2009-07-09,30.410000
2009-07-10,30.950000
2009-07-13,31.620000
2009-07-14,32.230000
2009-07-15,33.790000
2009-07-16,34.510000
2009-07-17,35.380000
2009-07-20,36.040000
2009-07-21,35.260000
2009-07-22,34.380000
2009-07-23,35.170000
2009-07-24,35.410000
2009-07-27,35.250000
2009-07-28,34.820000
2009-07-29,34.860000
2009-07-30,34.760000
2009-07-31,34.850000
2009-08-03,35.510000
2009-08-04,35.640000
2009-08-05,35.140000
2009-08-06,35.010000
2009-08-07,35.880000
2009-08-10,35.190000
2009-08-11,34.580000
2009-08-12,35.220000
2009-08-13,35.660000
2009-08-14,34.740000
2009-08-17,33.740000
2009-08-18,34.600000
2009-08-19,34.680000
2009-08-20,35.140000
2009-08-21,36.030000
2009-08-24,36.870000
2009-08-25,37.200000
2009-08-26,37.030000
2009-08-27,36.810000
2009-08-28,37.080000
2009-08-31,35.880000
2009-09-01,35.540000
2009-09-02,35.370000
2009-09-03,35.550000
2009-09-04,35.340000
2009-09-08,35.420000
2009-09-09,34.970000
2009-09-10,35.600000
2009-09-11,36.300000
2009-09-14,36.450000
2009-09-15,36.790000
2009-09-16,37.630000
2009-09-17,37.220000
2009-09-18,37.750000
2009-09-21,37.510000
2009-09-22,36.880000
2009-09-23,36.500000
2009-09-24,36.520000
2009-09-25,36.080000
2009-09-28,36.530000
2009-09-29,36.840000
2009-09-30,36.120000
2009-10-01,34.680000
2009-10-02,33.750000
2009-10-05,34.410000
2009-10-06,34.650000
2009-10-07,34.370000
2009-10-08,35.380000
2009-10-09,35.260000
2009-10-12,35.320000
2009-10-13,35.200000
2009-10-14,35.700000
2009-10-15,36.110000
2009-10-16,36.310000
2009-10-19,36.950000
2009-10-20,36.450000
2009-10-21,35.400000
2009-10-22,35.940000
2009-10-23,35.760000
2009-10-26,35.650000
2009-10-27,35.390000
2009-10-28,34.200000
2009-10-29,34.590000
2009-10-30,33.670000
2009-11-02,34.000000
2009-11-03,35.410000
2009-11-04,36.040000
2009-11-05,36.970000
2009-11-06,37.250000
2009-11-09,38.000000
2009-11-10,38.060000
2009-11-11,38.450000
2009-11-12,37.930000
2009-11-13,38.470000
2009-11-16,39.840000
2009-11-17,39.560000
2009-11-18,39.250000
2009-11-19,38.300000
2009-11-20,38.570000
2009-11-23,38.750000
2009-11-24,38.000000
2009-11-25,38.680000
2009-11-27,37.890000
2009-11-30,37.120000
2009-12-01,37.490000
2009-12-02,37.340000
2009-12-03,37.260000
2009-12-04,37.850000
2009-12-07,37.190000
2009-12-08,36.720000
2009-12-09,36.940000
2009-12-10,37.000000
2009-12-11,37.520000
2009-12-14,38.000000
2009-12-15,38.410000
2009-12-16,39.070000
2009-12-17,39.460000
2009-12-18,40.000000
2009-12-21,39.280000
2009-12-22,39.660000
2009-12-23,39.870000
2009-12-24,40.760000
2009-12-28,40.180000
2009-12-29,39.800000
2009-12-30,39.570000
2009-12-31,39.040000
2010-01-04,40.010000
2010-01-05,39.430000
2010-01-06,39.270000
2010-01-07,39.590000
2010-01-08,40.250000
2010-01-11,40.340000
2010-01-12,39.720000
2010-01-13,39.850000
2010-01-14,39.610000
2010-01-15,39.250000
2010-01-19,40.120000
2010-01-20,39.400000
2010-01-21,39.050000
2010-01-22,39.170000
2010-01-25,39.570000
2010-01-26,39.490000
2010-01-27,39.490000
2010-01-28,39.200000
2010-01-29,38.220000
2010-02-01,38.600000
2010-02-02,39.000000
2010-02-03,40.120000
2010-02-04,39.150000
2010-02-05,40.490000
2010-02-08,40.590000
2010-02-09,41.220000
2010-02-10,41.290000
2010-02-11,42.100000
2010-02-12,42.270000
2010-02-16,42.570000
2010-02-17,43.000000
2010-02-18,43.270000
2010-02-19,43.810000
2010-02-22,43.640000
2010-02-23,42.940000
2010-02-24,42.800000
2010-02-25,42.330000
2010-02-26,42.200000
2010-03-01,43.220000
2010-03-02,43.440000
2010-03-03,43.210000
2010-03-04,43.290000
2010-03-05,43.770000
2010-03-08,44.560000
2010-03-09,44.520000
2010-03-10,44.150000
2010-03-11,44.400000
2010-03-12,45.000000
2010-03-15,45.500000
2010-03-16,45.090000
2010-03-17,44.560000
2010-03-18,44.390000
2010-03-19,43.420000
2010-03-22,44.340000
2010-03-23,45.400000
2010-03-24,44.710000
2010-03-25,44.470000
2010-03-26,44.640000
2010-03-29,44.590000
2010-03-30,45.100000
2010-03-31,44.320000
2010-04-01,44.770000
2010-04-05,45.140000
2010-04-06,44.930000
2010-04-07,45.180000
2010-04-08,45.680000
2010-04-09,46.380000
2010-04-12,47.770000
2010-04-13,47.830000
2010-04-14,48.740000
2010-04-15,48.210000
2010-04-16,48.000000
2010-04-19,48.080000
2010-04-20,48.180000
2010-04-21,48.530000
2010-04-22,49.800000
2010-04-23,49.890000
2010-04-26,49.930000
2010-04-27,45.800000
2010-04-28,45.810000
2010-04-29,46.320000
2010-04-30,45.260000
2010-05-03,45.670000
2010-05-04,43.980000
2010-05-05,42.960000
2010-05-06,42.110000
2010-05-07,41.330000
2010-05-10,44.440000
2010-05-11,44.310000
2010-05-12,45.700000
2010-05-13,46.100000
2010-05-14,44.970000
2010-05-17,44.550000
2010-05-18,44.450000
2010-05-19,43.260000
2010-05-20,41.620000
2010-05-21,41.950000
2010-05-24,42.130000
2010-05-25,42.670000
2010-05-26,43.350000
2010-05-27,45.690000
2010-05-28,44.750000
2010-06-01,43.990000
2010-06-02,44.810000
2010-06-03,45.090000
2010-06-04,42.590000
2010-06-07,41.020000
2010-06-08,41.580000
2010-06-09,41.540000
2010-06-10,43.490000
2010-06-11,43.730000
2010-06-14,43.590000
2010-06-15,44.390000
2010-06-16,44.230000
2010-06-17,43.600000
2010-06-18,43.350000
2010-06-21,44.410000
2010-06-22,43.330000
2010-06-23,43.310000
2010-06-24,42.780000
2010-06-25,43.840000
2010-06-28,43.910000
2010-06-29,42.360000
2010-06-30,41.570000
2010-07-01,41.720000
2010-07-02,41.530000
2010-07-06,42.140000
2010-07-07,43.500000
2010-07-08,43.690000
2010-07-09,44.240000
2010-07-12,44.390000
2010-07-13,45.380000
2010-07-14,45.000000
2010-07-15,44.360000
2010-07-16,42.780000
2010-07-19,42.680000
2010-07-20,43.550000
2010-07-21,43.900000
2010-07-22,44.970000
2010-07-23,45.700000
2010-07-26,45.360000
2010-07-27,43.460000
2010-07-28,42.480000
2010-07-29,42.930000
2010-07-30,43.670000
2010-08-02,45.310000
2010-08-03,45.250000
2010-08-04,45.740000
2010-08-05,45.530000
2010-08-06,45.710000
2010-08-09,46.440000
2010-08-10,45.530000
2010-08-11,43.560000
2010-08-12,42.640000
2010-08-13,42.930000
2010-08-16,43.160000
2010-08-17,44.450000
2010-08-18,44.990000
2010-08-19,44.060000
2010-08-20,44.030000
2010-08-23,43.560000
2010-08-24,42.400000
2010-08-25,42.320000
2010-08-26,41.800000
2010-08-27,42.680000
2010-08-30,42.230000
2010-08-31,42.390000
2010-09-01,43.540000
2010-09-02,43.160000
2010-09-03,43.640000
2010-09-07,42.910000
2010-09-08,42.770000
2010-09-09,43.230000
2010-09-10,42.830000
2010-09-13,42.110000
2010-09-14,41.990000
2010-09-15,42.180000
2010-09-16,41.830000
2010-09-17,41.900000
2010-09-20,42.650000
2010-09-21,42.000000
2010-09-22,41.500000
2010-09-23,40.250000
2010-09-24,41.500000
2010-09-27,41.710000
2010-09-28,41.610000
2010-09-29,41.160000
2010-09-30,41.690000
2010-10-01,42.120000
2010-10-04,41.090000
2010-10-05,42.200000
2010-10-06,42.320000
2010-10-07,41.560000
2010-10-08,42.540000
2010-10-11,43.050000
2010-10-12,42.830000
2010-10-13,43.590000
2010-10-14,43.160000
2010-10-15,43.070000
2010-10-18,42.860000
2010-10-19,42.550000
2010-10-20,42.370000
2010-10-21,42.700000
2010-10-22,42.150000
2010-10-25,43.270000
2010-10-26,41.510000
2010-10-27,40.900000
2010-10-28,40.790000
2010-10-29,41.010000
2010-11-01,40.730000
2010-11-02,40.500000
2010-11-03,40.280000
2010-11-04,41.440000
2010-11-05,41.660000
2010-11-08,41.750000
2010-11-09,40.850000
2010-11-10,40.730000
2010-11-11,40.840000
2010-11-12,40.320000
2010-11-15,40.310000
2010-11-16,39.510000
2010-11-17,40.180000
2010-11-18,41.480000
2010-11-19,42.150000
2010-11-22,42.660000
2010-11-23,42.370000
2010-11-24,43.030000
2010-11-26,43.150000
2010-11-29,42.970000
2010-11-30,43.990000
2010-12-01,46.120000
2010-12-02,46.290000
2010-12-03,46.220000
2010-12-06,46.450000
2010-12-07,46.970000
2010-12-08,46.850000
2010-12-09,46.790000
2010-12-10,46.880000
2010-12-13,46.910000
2010-12-14,47.090000
2010-12-15,47.700000
2010-12-16,48.260000
2010-12-17,47.880000
2010-12-20,47.880000
2010-12-21,48.670000
2010-12-22,48.720000
2010-12-23,48.460000
2010-12-27,48.380000
2010-12-28,48.310000
2010-12-29,48.120000
2010-12-30,48.120000
2010-12-31,47.290000
2011-01-04,47.500000
2011-01-05,47.540000
2011-01-06,47.290000
2011-01-07,47.240000
2011-01-10,48.360000
2011-01-11,48.930000
2011-01-12,49.420000
2011-01-13,49.280000
2011-01-14,49.660000
2011-01-18,49.890000
2011-01-19,48.570000
2011-01-20,48.830000
2011-01-21,47.460000
2011-01-24,47.930000
2011-01-25,47.820000
2011-01-26,48.180000
2011-01-27,48.380000
2011-01-28,48.110000
2011-01-31,49.140000
2011-02-01,50.460000
2011-02-02,49.970000
2011-02-03,49.200000
2011-02-04,51.130000
2011-02-07,51.760000
2011-02-08,52.870000
2011-02-09,51.640000
2011-02-10,51.540000
2011-02-11,51.690000
2011-02-14,51.930000
2011-02-15,51.200000
2011-02-16,51.290000
2011-02-17,51.290000
2011-02-18,51.000000
2011-02-22,50.130000
2011-02-23,49.140000
2011-02-24,48.680000
2011-02-25,48.540000
2011-02-28,48.500000
2011-03-01,48.060000
2011-03-02,48.270000
2011-03-03,49.470000
2011-03-04,49.190000
2011-03-07,49.210000
2011-03-08,50.980000
2011-03-09,51.840000
2011-03-10,51.130000
2011-03-11,51.570000
2011-03-14,51.150000
2011-03-15,50.730000
2011-03-16,49.990000
2011-03-17,50.130000
2011-03-18,50.970000
2011-03-21,51.550000
2011-03-22,51.080000
2011-03-23,50.750000
2011-03-24,51.020000
2011-03-25,50.820000
2011-03-28,50.780000
2011-03-29,51.140000
2011-03-30,52.210000
2011-03-31,52.580000
2011-04-01,53.240000
2011-04-04,53.500000
2011-04-05,53.630000
2011-04-06,53.570000
2011-04-07,53.590000
2011-04-08,52.060000
2011-04-11,52.510000
2011-04-12,52.540000
2011-04-13,51.950000
2011-04-14,51.100000
2011-04-15,51.510000
2011-04-18,50.810000
2011-04-19,51.100000
2011-04-20,52.550000
2011-04-21,53.010000
2011-04-25,52.950000
2011-04-26,49.960000
2011-04-27,48.850000
2011-04-28,48.730000
2011-04-29,48.610000
2011-05-02,48.760000
2011-05-03,48.240000
2011-05-04,48.090000
2011-05-05,49.000000
2011-05-06,49.450000
2011-05-09,49.230000
2011-05-10,49.360000
2011-05-11,48.700000
2011-05-12,49.050000
2011-05-13,48.250000
2011-05-16,48.080000
2011-05-17,47.510000
2011-05-18,47.390000
2011-05-19,47.130000
2011-05-20,46.690000
2011-05-23,46.060000
2011-05-24,45.760000
2011-05-25,46.330000
2011-05-26,46.610000
2011-05-27,46.470000
2011-05-31,46.610000
2011-06-01,45.000000
2011-06-02,44.850000
2011-06-03,44.300000
2011-06-06,44.410000
2011-06-07,43.220000
2011-06-08,43.260000
2011-06-09,43.200000
2011-06-10,43.310000
2011-06-13,43.310000
2011-06-14,44.360000
2011-06-15,42.990000
2011-06-16,42.990000
2011-06-17,43.370000
2011-06-20,43.000000
2011-06-21,43.100000
2011-06-22,42.940000
2011-06-23,43.170000
2011-06-24,42.870000
2011-06-27,42.720000
2011-06-28,42.820000
2011-06-29,42.970000
2011-06-30,43.070000
2011-07-01,43.640000
2011-07-05,43.100000
2011-07-06,42.860000
2011-07-07,43.240000
2011-07-08,42.750000
2011-07-11,42.110000
2011-07-12,42.600000
2011-07-13,43.780000
2011-07-14,42.780000
2011-07-15,42.210000
2011-07-18,41.260000
2011-07-19,42.170000
2011-07-20,42.470000
2011-07-21,41.530000
2011-07-22,42.020000
2011-07-25,41.220000
2011-07-26,37.480000
2011-07-27,35.920000
2011-07-28,35.700000
2011-07-29,36.980000
2011-08-01,36.550000
2011-08-02,35.000000
2011-08-03,34.520000
2011-08-04,33.560000
2011-08-05,33.450000
2011-08-08,31.310000
2011-08-09,32.230000
2011-08-10,29.780000
2011-08-11,31.360000
2011-08-12,31.350000
2011-08-15,32.090000
2011-08-16,31.200000
2011-08-17,30.580000
2011-08-18,28.450000
2011-08-19,27.630000
2011-08-22,28.050000
2011-08-23,29.530000
2011-08-24,29.940000
2011-08-25,28.780000
2011-08-26,30.290000
2011-08-29,31.500000
2011-08-30,31.120000
2011-08-31,31.220000
2011-09-01,30.310000
2011-09-02,29.010000
2011-09-06,28.990000
2011-09-07,30.440000
2011-09-08,29.790000
2011-09-09,29.050000
2011-09-12,29.270000
2011-09-13,29.780000
2011-09-14,30.280000
2011-09-15,31.140000
2011-09-16,30.740000
2011-09-19,29.980000
2011-09-20,29.110000
2011-09-21,27.370000
2011-09-22,25.290000
2011-09-23,27.140000
2011-09-26,28.580000
2011-09-27,29.780000
2011-09-28,28.360000
2011-09-29,28.980000
2011-09-30,25.780000
2011-10-03,25.420000
2011-10-04,26.240000
2011-10-05,26.820000
2011-10-06,28.100000
2011-10-07,27.390000
2011-10-10,29.020000
2011-10-11,28.850000
2011-10-12,29.840000
2011-10-13,29.370000
2011-10-14,29.510000
2011-10-17,28.360000
2011-10-18,29.310000
2011-10-19,28.740000
2011-10-20,27.950000
2011-10-21,28.330000
2011-10-24,29.450000
2011-10-25,32.100000
2011-10-26,32.290000
2011-10-27,34.190000
2011-10-28,33.930000
2011-10-31,32.190000
2011-11-01,31.120000
2011-11-02,32.220000
2011-11-03,33.180000
2011-11-04,33.250000
2011-11-07,33.050000
2011-11-08,33.570000
2011-11-09,31.680000
2011-11-10,31.840000
2011-11-11,33.090000
2011-11-14,33.110000
2011-11-15,32.690000
2011-11-16,31.760000
2011-11-17,30.950000
2011-11-18,31.370000
2011-11-21,30.910000
2011-11-22,30.600000
2011-11-23,29.580000
2011-11-25,29.160000
2011-11-28,30.260000
2011-11-29,30.710000
2011-11-30,33.130000
2011-12-01,33.350000
2011-12-02,33.970000
2011-12-05,34.610000
2011-12-06,34.720000
2011-12-07,34.810000
2011-12-08,33.650000
2011-12-09,34.750000
2011-12-12,34.390000
2011-12-13,33.940000
2011-12-14,31.990000
2011-12-15,32.560000
2011-12-16,32.720000
2011-12-19,32.140000
2011-12-20,33.680000
2011-12-21,34.090000
2011-12-22,34.040000
2011-12-23,33.930000
2011-12-27,33.510000
2011-12-28,32.490000
2011-12-29,34.060000
2011-12-30,33.750000
2012-01-03,34.740000
2012-01-04,35.320000
2012-01-05,35.540000
2012-01-06,35.380000
2012-01-09,36.080000
2012-01-10,37.960000
2012-01-11,38.010000
2012-01-12,38.280000
2012-01-13,37.840000
2012-01-17,38.150000
2012-01-18,38.470000
2012-01-19,37.790000
2012-01-20,37.100000
2012-01-23,36.920000
2012-01-24,37.250000
2012-01-25,38.080000
2012-01-26,37.290000
2012-01-27,37.620000
2012-01-30,36.750000
2012-01-31,36.200000
2012-02-01,36.600000
2012-02-02,38.640000
2012-02-03,39.850000
2012-02-06,39.460000
2012-02-07,39.340000
2012-02-08,39.000000
2012-02-09,39.170000
2012-02-10,39.140000
2012-02-13,39.580000
2012-02-14,39.180000
2012-02-15,38.810000
2012-02-16,39.630000
2012-02-17,39.840000
2012-02-21,39.630000
2012-02-22,39.570000
2012-02-23,39.950000
2012-02-24,39.000000
2012-02-27,39.190000
2012-02-28,38.740000
2012-02-29,39.130000
2012-03-01,39.500000
2012-03-02,39.950000
2012-03-05,39.640000
2012-03-06,38.370000
2012-03-07,38.750000
2012-03-08,39.590000
2012-03-09,40.860000
2012-03-12,40.930000
2012-03-13,42.420000
2012-03-14,42.170000
2012-03-15,42.730000
2012-03-16,42.000000
2012-03-19,41.690000
2012-03-20,40.340000
2012-03-21,39.870000
2012-03-22,39.450000
2012-03-23,39.390000
2012-03-26,39.900000
2012-03-27,40.040000
2012-03-28,39.780000
2012-03-29,40.000000
2012-03-30,40.300000
2012-04-02,39.880000
2012-04-03,39.880000
2012-04-04,39.250000
2012-04-05,38.640000
2012-04-09,37.950000
2012-04-10,36.950000
2012-04-11,37.620000
2012-04-12,38.420000
2012-04-13,38.100000
2012-04-16,38.330000
2012-04-17,38.670000
2012-04-18,38.160000
2012-04-19,37.770000
2012-04-20,38.770000
2012-04-23,38.310000
2012-04-24,42.590000
2012-04-25,42.340000
2012-04-26,42.930000
2012-04-27,43.710000
2012-04-30,43.400000
2012-05-01,43.840000
2012-05-02,44.280000
2012-05-03,43.580000
2012-05-04,43.120000
2012-05-07,43.760000
2012-05-08,43.110000
2012-05-09,42.980000
2012-05-10,43.290000
2012-05-11,43.870000
2012-05-14,42.850000
2012-05-15,43.040000
2012-05-16,42.660000
2012-05-17,40.960000
2012-05-18,40.590000
2012-05-21,41.970000
2012-05-22,42.430000
2012-05-23,42.640000
2012-05-24,43.020000
2012-05-25,42.900000
2012-05-29,44.120000
2012-05-30,42.450000
2012-05-31,42.890000
2012-06-01,41.220000
2012-06-04,39.340000
2012-06-05,39.470000
2012-06-06,41.230000
2012-06-07,41.570000
2012-06-08,42.370000
2012-06-11,42.480000
2012-06-12,42.630000
2012-06-13,40.850000
2012-06-14,41.090000
2012-06-15,42.690000
2012-06-18,43.190000
2012-06-19,43.740000
2012-06-20,43.110000
2012-06-21,41.750000
2012-06-22,43.020000
2012-06-25,42.540000
2012-06-26,43.380000
2012-06-27,43.860000
2012-06-28,43.880000
2012-06-29,46.630000
2012-07-02,46.210000
2012-07-03,47.360000
2012-07-05,48.300000
2012-07-06,47.570000
2012-07-09,47.280000
2012-07-10,46.530000
2012-07-11,46.130000
2012-07-12,46.560000
2012-07-13,48.020000
2012-07-16,47.400000
2012-07-17,46.200000
2012-07-18,46.830000
2012-07-19,46.890000
2012-07-20,46.160000
2012-07-23,46.360000
2012-07-24,44.460000
2012-07-25,42.060000
2012-07-26,43.260000
2012-07-27,44.610000
2012-07-30,44.640000
2012-07-31,43.670000
2012-08-01,42.560000
2012-08-02,42.680000
2012-08-03,44.650000
2012-08-06,43.910000
2012-08-07,45.110000
2012-08-08,45.180000
2012-08-09,45.320000
2012-08-10,45.470000
2012-08-13,45.060000
2012-08-14,45.830000
2012-08-15,46.180000
2012-08-16,47.030000
2012-08-17,47.500000
2012-08-20,47.190000
2012-08-21,47.220000
2012-08-22,47.440000
2012-08-23,47.500000
2012-08-24,47.210000
2012-08-27,47.360000
2012-08-28,47.110000
2012-08-29,46.720000
2012-08-30,46.590000
2012-08-31,47.510000
2012-09-04,47.990000
2012-09-05,47.070000
2012-09-06,47.090000
2012-09-07,45.730000
2012-09-10,45.610000
2012-09-11,46.040000
2012-09-12,46.340000
2012-09-13,45.960000
2012-09-14,46.480000
2012-09-17,46.650000
2012-09-18,47.440000
2012-09-19,48.750000
2012-09-20,48.970000
2012-09-21,50.580000
2012-09-24,50.710000
2012-09-25,49.870000
2012-09-26,48.840000
2012-09-27,48.710000
2012-09-28,48.360000
2012-10-01,47.250000
2012-10-02,47.420000
2012-10-03,48.130000
2012-10-04,48.670000
2012-10-05,48.570000
2012-10-08,48.390000
2012-10-09,47.000000
2012-10-10,46.590000
2012-10-11,45.850000
2012-10-12,45.570000
2012-10-15,46.850000
2012-10-16,47.560000
2012-10-17,48.390000
2012-10-18,48.330000
2012-10-19,48.500000
2012-10-22,49.650000
2012-10-23,49.670000
2012-10-24,50.210000
2012-10-25,49.880000
2012-10-26,49.740000
2012-10-31,50.050000
2012-11-01,51.950000
2012-11-02,51.280000
2012-11-05,52.090000
2012-11-06,52.130000
2012-11-07,51.620000
2012-11-08,51.040000
2012-11-09,50.300000
2012-11-12,50.100000
2012-11-13,50.140000
2012-11-14,49.040000
2012-11-15,48.430000
2012-11-16,49.180000
2012-11-19,50.330000
2012-11-20,51.060000
2012-11-21,51.400000
2012-11-23,52.000000
2012-11-26,52.230000
2012-11-27,52.460000
2012-11-28,52.050000
2012-11-29,52.530000
2012-11-30,52.590000
2012-12-03,51.810000
2012-12-04,52.160000
2012-12-05,51.560000
2012-12-06,51.070000
2012-12-07,51.080000
2012-12-10,51.640000
2012-12-11,50.990000
2012-12-12,51.520000
2012-12-13,51.320000
2012-12-14,50.930000
2012-12-17,52.150000
2012-12-18,53.370000
2012-12-19,53.840000
2012-12-20,53.140000
2012-12-21,52.410000
2012-12-24,52.360000
2012-12-26,51.720000
2012-12-27,51.670000
2012-12-28,51.380000
2012-12-31,52.520000
2013-01-02,54.460000
2013-01-03,54.460000
2013-01-04,54.720000
2013-01-07,54.290000
2013-01-08,54.830000
2013-01-09,55.190000
2013-01-10,55.060000
2013-01-11,55.120000
2013-01-14,55.300000
2013-01-15,55.160000
2013-01-16,54.300000
2013-01-17,56.020000
2013-01-18,56.630000
2013-01-22,56.250000
2013-01-23,56.880000
2013-01-24,57.430000
2013-01-25,57.700000
2013-01-28,57.390000
2013-01-29,57.570000
2013-01-30,56.520000
2013-01-31,57.510000
2013-02-01,57.560000
2013-02-04,57.690000
2013-02-05,58.800000
2013-02-06,58.420000
2013-02-07,58.240000
2013-02-08,58.530000
2013-02-11,58.500000
2013-02-12,59.380000
2013-02-13,59.820000
2013-02-14,59.300000
2013-02-15,59.370000
2013-02-19,59.000000
2013-02-20,57.970000
2013-02-21,57.790000
2013-02-22,58.180000
2013-02-25,56.860000
2013-02-26,57.560000
2013-02-27,59.100000
2013-02-28,59.070000
2013-03-01,58.540000
2013-03-04,60.500000
2013-03-05,61.150000
2013-03-06,61.210000
2013-03-07,61.390000
2013-03-08,61.860000
2013-03-11,62.250000
2013-03-12,61.720000
2013-03-13,62.470000
2013-03-14,63.470000
2013-03-15,63.410000
2013-03-18,63.700000
2013-03-19,63.900000
2013-03-20,65.340000
2013-03-21,63.770000
2013-03-22,63.740000
2013-03-25,63.810000
2013-03-26,63.910000
2013-03-27,63.380000
2013-03-28,63.490000
2013-04-01,63.290000
2013-04-02,62.950000
2013-04-03,60.370000
2013-04-04,61.250000
2013-04-05,61.580000
2013-04-08,62.080000
2013-04-09,61.980000
2013-04-10,62.710000
2013-04-11,63.110000
2013-04-12,62.700000
2013-04-15,59.490000
2013-04-16,60.800000
2013-04-17,59.760000
2013-04-18,60.090000
2013-04-19,61.830000
2013-04-22,62.220000
2013-04-23,61.860000
2013-04-24,62.450000
2013-04-25,62.870000
2013-04-26,62.270000
2013-04-29,62.640000
2013-04-30,62.000000
2013-05-01,60.210000
2013-05-02,60.700000
2013-05-03,61.820000
2013-05-06,62.410000
2013-05-07,63.040000
2013-05-08,63.320000
2013-05-09,63.500000
2013-05-10,63.430000
2013-05-13,63.420000
2013-05-14,64.510000
2013-05-15,65.210000
2013-05-16,64.080000
2013-05-17,65.000000
2013-05-20,64.780000
2013-05-21,65.080000
2013-05-22,64.080000
2013-05-23,64.180000
2013-05-24,63.920000
2013-05-28,64.430000
2013-05-29,64.080000
2013-05-30,64.480000
2013-05-31,63.990000
2013-06-03,63.460000
2013-06-04,62.950000
2013-06-05,62.530000
2013-06-06,63.560000
2013-06-07,64.150000
2013-06-10,64.480000
2013-06-11,63.310000
2013-06-12,63.160000
2013-06-13,63.700000
2013-06-14,64.010000
2013-06-17,64.640000
2013-06-18,65.160000
2013-06-19,63.970000
2013-06-20,61.200000
2013-06-21,60.900000
2013-06-24,61.120000
2013-06-25,62.330000
2013-06-26,63.340000
2013-06-27,65.020000
2013-06-28,64.540000
2013-07-01,65.360000
2013-07-02,65.110000
2013-07-03,65.300000
2013-07-05,66.270000
2013-07-08,66.000000
2013-07-09,66.440000
2013-07-10,66.680000
2013-07-11,68.730000
2013-07-12,68.520000
2013-07-15,68.260000
2013-07-16,67.610000
2013-07-17,67.580000
2013-07-18,69.450000
2013-07-19,70.000000
2013-07-22,72.360000
2013-07-23,73.290000
2013-07-24,73.440000
2013-07-25,72.780000
2013-07-26,72.070000
2013-07-29,71.880000
2013-07-30,71.730000
2013-07-31,71.820000
2013-08-01,72.960000
2013-08-02,72.830000
2013-08-05,72.690000
2013-08-06,71.410000
2013-08-07,70.520000
2013-08-08,70.540000
2013-08-09,70.050000
2013-08-12,70.630000
2013-08-13,69.980000
2013-08-14,68.710000
2013-08-15,68.200000
2013-08-16,69.280000
2013-08-19,68.190000
2013-08-20,69.210000
2013-08-21,68.910000
2013-08-22,69.970000
2013-08-23,69.340000
2013-08-26,69.130000
2013-08-27,67.970000
2013-08-28,68.430000
2013-08-29,69.500000
2013-08-30,68.650000
2013-09-03,69.340000
2013-09-04,69.410000
2013-09-05,69.520000
2013-09-06,70.520000
2013-09-09,72.460000
2013-09-10,72.780000
2013-09-11,73.420000
2013-09-12,72.760000
2013-09-13,72.790000
2013-09-16,73.050000
2013-09-17,73.700000
2013-09-18,74.760000
2013-09-19,74.210000
2013-09-20,74.000000
2013-09-23,73.650000
2013-09-24,74.420000
2013-09-25,74.770000
2013-09-26,75.520000
2013-09-27,74.790000
2013-09-30,75.260000
2013-10-01,75.120000
2013-10-02,74.560000
2013-10-03,73.990000
2013-10-04,73.940000
2013-10-07,72.730000
2013-10-08,70.530000
2013-10-09,70.880000
2013-10-10,73.110000
2013-10-11,74.570000
2013-10-14,74.570000
2013-10-15,73.970000
2013-10-16,73.600000
2013-10-17,73.890000
2013-10-18,75.460000
2013-10-21,77.100000
2013-10-22,77.630000
2013-10-23,77.560000
2013-10-24,78.240000
2013-10-25,78.540000
2013-10-28,78.410000
2013-10-29,78.650000
2013-10-30,78.080000
2013-10-31,78.060000
2013-11-01,78.400000
2013-11-04,79.070000
2013-11-05,78.620000
2013-11-06,79.900000
2013-11-07,79.100000
2013-11-08,79.900000
2013-11-11,80.130000
2013-11-12,79.630000
2013-11-13,79.500000
2013-11-14,80.620000
2013-11-15,81.140000
2013-11-18,80.020000
2013-11-19,80.140000
2013-11-20,80.300000
2013-11-21,81.700000
2013-11-22,81.730000
2013-11-25,81.940000
2013-11-26,82.590000
2013-11-27,82.930000
2013-11-29,82.400000
2013-12-02,81.770000
2013-12-03,80.480000
2013-12-04,80.280000
2013-12-05,80.370000
2013-12-06,81.700000
2013-12-09,82.630000
2013-12-10,82.090000
2013-12-11,80.530000
2013-12-12,81.370000
2013-12-13,80.570000
2013-12-16,80.820000
2013-12-17,81.310000
2013-12-18,85.080000
2013-12-19,83.560000
2013-12-20,83.980000
2013-12-23,84.420000
2013-12-24,85.110000
2013-12-26,84.860000
2013-12-27,84.570000
2013-12-30,85.120000
2013-12-31,85.060000
2014-01-02,84.280000
2014-01-03,85.170000
2014-01-06,84.620000
2014-01-07,85.410000
2014-01-08,86.910000
2014-01-09,87.250000
2014-01-10,88.010000
2014-01-13,86.580000
2014-01-14,87.630000
2014-01-15,88.000000
2014-01-16,87.990000
2014-01-17,87.800000
2014-01-21,88.190000
2014-01-22,88.550000
2014-01-23,87.830000
2014-01-24,85.440000
2014-01-27,85.510000
2014-01-28,86.460000
2014-01-29,85.920000
2014-01-30,86.790000
2014-01-31,86.560000
2014-02-03,83.000000
2014-02-04,84.420000
2014-02-05,84.480000
2014-02-06,85.610000
2014-02-07,86.660000
2014-02-10,87.050000
2014-02-11,87.330000
2014-02-12,88.640000
2014-02-13,88.350000
2014-02-14,88.390000
2014-02-18,88.710000
2014-02-19,89.340000
2014-02-20,89.900000
2014-02-21,89.440000
2014-02-24,89.640000
2014-02-25,89.650000
2014-02-26,91.430000
2014-02-27,91.370000
2014-02-28,91.880000
2014-03-03,91.330000
2014-03-04,93.400000
2014-03-05,93.510000
2014-03-06,94.020000
2014-03-07,93.860000
2014-03-10,93.610000
2014-03-11,92.660000
2014-03-12,92.700000
2014-03-13,90.810000
2014-03-14,91.590000
2014-03-17,92.360000
2014-03-18,92.950000
2014-03-19,92.130000
2014-03-20,91.520000
2014-03-21,90.820000
2014-03-24,90.430000
2014-03-25,91.090000
2014-03-26,89.340000
2014-03-27,89.330000
2014-03-28,90.220000
2014-03-31,90.910000
2014-04-01,90.580000
2014-04-02,92.330000
2014-04-03,92.340000
2014-04-04,90.360000
2014-04-07,88.670000
2014-04-08,87.860000
2014-04-09,90.010000
2014-04-10,89.490000
2014-04-11,89.000000
2014-04-14,87.530000
2014-04-15,87.050000
2014-04-16,88.470000
2014-04-17,89.290000
2014-04-21,86.670000
2014-04-22,85.500000
2014-04-23,84.600000
2014-04-24,85.080000
2014-04-25,83.990000
2014-04-28,83.640000
2014-04-29,83.400000
2014-04-30,83.830000
2014-05-01,84.300000
2014-05-02,84.800000
2014-05-05,86.140000
2014-05-06,84.120000
2014-05-07,83.840000
2014-05-08,83.710000
2014-05-09,84.310000
2014-05-12,85.520000
2014-05-13,84.320000
2014-05-14,83.790000
2014-05-15,83.530000
2014-05-16,83.850000
2014-05-19,84.090000
2014-05-20,82.660000
2014-05-21,83.070000
2014-05-22,83.030000
2014-05-23,84.530000
2014-05-27,84.800000
2014-05-28,84.580000
2014-05-29,85.160000
2014-05-30,84.920000
2014-06-02,85.290000
2014-06-03,86.170000
2014-06-04,86.500000
2014-06-05,87.880000
2014-06-06,90.550000
2014-06-09,91.160000
2014-06-10,90.810000
2014-06-11,90.130000
2014-06-12,89.230000
2014-06-13,88.780000
2014-06-16,88.770000
2014-06-17,89.150000
2014-06-18,89.220000
2014-06-19,89.620000
2014-06-20,89.550000
2014-06-23,89.210000
2014-06-24,87.570000
2014-06-25,88.850000
2014-06-26,88.920000
2014-06-27,89.640000
2014-06-30,89.570000
2014-07-01,90.360000
2014-07-02,89.830000
2014-07-03,89.940000
2014-07-07,89.400000
2014-07-08,88.720000
2014-07-09,87.940000
2014-07-10,87.090000
2014-07-11,87.300000
2014-07-14,87.530000
2014-07-15,87.400000
2014-07-16,87.860000
2014-07-17,85.770000
2014-07-18,87.010000
2014-07-21,87.680000
2014-07-22,89.040000
2014-07-23,91.100000
2014-07-24,90.160000
2014-07-25,89.660000
2014-07-28,88.540000
2014-07-29,87.810000
2014-07-30,87.050000
2014-07-31,85.320000
2014-08-01,85.250000
2014-08-04,84.980000
2014-08-05,84.380000
2014-08-06,83.940000
2014-08-07,83.610000
2014-08-08,85.080000
2014-08-11,85.010000
2014-08-12,84.160000
2014-08-13,84.750000
2014-08-14,84.600000
2014-08-15,84.050000
2014-08-18,84.970000
2014-08-19,85.120000
2014-08-20,85.060000
2014-08-21,84.280000
2014-08-22,84.450000
2014-08-25,84.560000
2014-08-26,83.980000
2014-08-27,84.020000
2014-08-28,83.430000
2014-08-29,83.760000
2014-09-02,83.770000
2014-09-03,83.650000
2014-09-04,83.190000
2014-09-05,82.770000
2014-09-08,82.740000
2014-09-09,81.910000
2014-09-10,82.030000
2014-09-11,81.490000
2014-09-12,80.680000
2014-09-15,80.060000
2014-09-16,81.040000
2014-09-17,81.710000
2014-09-18,80.380000
2014-09-19,79.830000
2014-09-22,78.760000
2014-09-23,78.180000
2014-09-24,78.250000
2014-09-25,78.020000
2014-09-26,78.000000
2014-09-29,77.700000
2014-09-30,76.870000
2014-10-01,75.690000
2014-10-02,76.770000
2014-10-03,77.220000
2014-10-06,76.800000
2014-10-07,76.370000
2014-10-08,77.070000
2014-10-09,75.380000
2014-10-10,74.640000
2014-10-13,73.660000
2014-10-14,74.580000
2014-10-15,74.990000
2014-10-16,76.220000
2014-10-17,76.350000
2014-10-20,84.220000
2014-10-21,86.590000
2014-10-22,86.860000
2014-10-23,87.900000
2014-10-24,87.900000
2014-10-27,88.460000
2014-10-28,88.950000
2014-10-29,87.850000
2014-10-30,88.500000
2014-10-31,88.920000
2014-11-03,89.430000
2014-11-04,88.410000
2014-11-05,89.530000
2014-11-06,90.830000
2014-11-07,90.900000
2014-11-10,91.480000
2014-11-11,91.400000
2014-11-12,91.380000
2014-11-13,91.400000
2014-11-14,91.920000
2014-11-17,91.400000
2014-11-18,91.490000
2014-11-19,92.000000
2014-11-20,92.860000
2014-11-21,93.500000
2014-11-24,94.350000
2014-11-25,94.560000
2014-11-26,94.010000
2014-11-28,93.670000
2014-12-01,92.230000
2014-12-02,93.650000
2014-12-03,94.640000
2014-12-04,94.730000
2014-12-05,95.430000
2014-12-08,94.710000
2014-12-09,94.940000
2014-12-10,93.130000
2014-12-11,93.530000
2014-12-12,92.420000
2014-12-15,92.470000
2014-12-16,92.310000
2014-12-17,94.540000
2014-12-18,95.090000
2014-12-19,95.950000
2014-12-22,95.580000
2014-12-23,96.040000
2014-12-24,95.680000
2014-12-26,95.700000
2014-12-29,95.600000
2014-12-30,95.410000
2014-12-31,95.070000
2015-01-02,94.550000
2015-01-05,94.330000
2015-01-06,93.850000
2015-01-07,94.660000
2015-01-08,96.380000
2015-01-09,95.920000
2015-01-12,96.620000
2015-01-13,96.300000
2015-01-14,96.870000
2015-01-15,94.780000
2015-01-16,94.630000
2015-01-20,95.730000
2015-01-21,96.940000
2015-01-22,98.360000
2015-01-23,98.620000
2015-01-26,99.900000
2015-01-27,99.230000
2015-01-28,99.470000
2015-01-29,99.700000
2015-01-30,98.310000
2015-02-02,100.360000
2015-02-03,101.070000
2015-02-04,101.040000
2015-02-05,101.000000
2015-02-06,101.190000
2015-02-09,100.660000
2015-02-10,101.630000
2015-02-11,101.820000
2015-02-12,103.390000
2015-02-13,104.270000
2015-02-17,104.770000
2015-02-18,105.380000
2015-02-19,105.350000
2015-02-20,106.600000
2015-02-23,106.400000
2015-02-24,105.810000
2015-02-25,104.700000
2015-02-26,104.280000
2015-02-27,104.260000
2015-03-02,107.200000
2015-03-03,107.080000
2015-03-04,107.270000
2015-03-05,107.380000
2015-03-06,106.610000
2015-03-09,106.980000
2015-03-10,107.130000
2015-03-11,108.010000
2015-03-12,108.700000
2015-03-13,107.860000
2015-03-16,108.400000
2015-03-17,108.090000
2015-03-18,109.230000
2015-03-19,109.460000
2015-03-20,109.770000
2015-03-23,109.950000
2015-03-24,109.960000
2015-03-25,109.200000
2015-03-26,109.770000
2015-03-27,110.520000
2015-03-30,111.370000
2015-03-31,111.690000
2015-04-01,111.940000
2015-04-02,112.060000
2015-04-06,112.090000
2015-04-07,111.390000
2015-04-08,112.160000
2015-04-09,111.400000
2015-04-10,111.200000
2015-04-13,110.210000
2015-04-14,111.510000
2015-04-15,113.580000
2015-04-16,112.500000
2015-04-17,111.390000
2015-04-20,106.720000
2015-04-21,105.610000
2015-04-22,107.700000
2015-04-23,107.250000
2015-04-24,108.000000
2015-04-27,107.260000
2015-04-28,107.600000
2015-04-29,106.680000
2015-04-30,105.960000
2015-05-01,106.500000
2015-05-04,107.430000
2015-05-05,106.800000
2015-05-06,106.530000
2015-05-07,107.750000
2015-05-08,108.620000
2015-05-11,109.520000
2015-05-12,110.050000
2015-05-13,111.870000
2015-05-14,113.560000
2015-05-15,114.060000
2015-05-18,114.030000
2015-05-19,114.100000
2015-05-20,114.040000
2015-05-21,113.610000
2015-05-22,114.000000
2015-05-26,113.550000
2015-05-27,115.020000
2015-05-28,113.920000
2015-05-29,112.600000
2015-06-01,113.440000
2015-06-02,113.440000
2015-06-03,113.770000
2015-06-04,112.590000
2015-06-05,113.270000
2015-06-08,112.670000
2015-06-09,113.430000
2015-06-10,115.380000
2015-06-11,115.210000
2015-06-12,115.020000
2015-06-15,113.600000
2015-06-16,112.510000
2015-06-17,112.020000
2015-06-18,111.730000
2015-06-19,110.350000
2015-06-22,110.620000
2015-06-23,110.290000
2015-06-24,109.890000
2015-06-25,108.920000
2015-06-26,108.530000
2015-06-29,107.200000
2015-06-30,107.690000
2015-07-01,108.110000
2015-07-02,107.980000
2015-07-06,108.500000
2015-07-07,109.110000
2015-07-08,107.840000
2015-07-09,108.150000
2015-07-10,107.990000
2015-07-13,108.970000
2015-07-14,109.080000
2015-07-15,107.570000
2015-07-16,107.420000
2015-07-17,107.590000
2015-07-20,116.390000
2015-07-21,115.710000
2015-07-22,117.500000
2015-07-23,117.390000
2015-07-24,117.220000
2015-07-27,115.700000
2015-07-28,116.310000
2015-07-29,116.980000
2015-07-30,117.600000
2015-07-31,118.070000
2015-08-03,118.300000
2015-08-04,118.610000
2015-08-05,118.310000
2015-08-06,118.470000
2015-08-07,118.950000
2015-08-10,120.990000
2015-08-11,121.430000
2015-08-12,122.460000
2015-08-13,122.990000
2015-08-14,125.050000
2015-08-17,125.640000
2015-08-18,126.730000
2015-08-19,125.960000
2015-08-20,122.700000
2015-08-21,120.000000
2015-08-24,116.180000
2015-08-25,114.650000
2015-08-26,116.930000
2015-08-27,118.650000
2015-08-28,119.680000
2015-08-31,118.040000
2015-09-01,116.160000
2015-09-02,118.980000
2015-09-03,119.410000
2015-09-04,117.390000
2015-09-08,120.690000
2015-09-09,119.720000
2015-09-10,119.040000
2015-09-11,122.380000
2015-09-14,122.830000
2015-09-15,123.190000
2015-09-16,124.080000
2015-09-17,123.720000
2015-09-18,121.970000
2015-09-21,123.090000
2015-09-22,121.460000
2015-09-23,119.090000
2015-09-24,117.400000
2015-09-25,118.250000
2015-09-28,115.170000
2015-09-29,112.140000
2015-09-30,113.330000
2015-10-01,113.700000
2015-10-02,113.350000
2015-10-05,115.500000
2015-10-06,113.810000
2015-10-07,115.620000
2015-10-08,117.880000
2015-10-09,117.670000
2015-10-12,119.060000
2015-10-13,118.570000
2015-10-14,116.950000
2015-10-15,117.820000
2015-10-16,117.760000
2015-10-19,124.710000
2015-10-20,124.150000
2015-10-21,125.050000
2015-10-22,127.780000
2015-10-23,127.910000
2015-10-26,129.430000
2015-10-27,127.080000
2015-10-28,131.160000
2015-10-29,130.370000
2015-10-30,132.810000
2015-11-02,134.410000
2015-11-03,134.680000
2015-11-04,135.370000
2015-11-05,136.290000
2015-11-06,135.430000
2015-11-09,133.470000
2015-11-10,134.930000
2015-11-11,135.240000
2015-11-12,133.620000
2015-11-13,133.330000
2015-11-16,135.110000
2015-11-17,134.170000
2015-11-18,136.740000
2015-11-19,136.500000
2015-11-20,136.310000
2015-11-23,136.690000
2015-11-24,136.610000
2015-11-25,136.870000
2015-11-27,137.630000
2015-11-30,135.920000
2015-12-01,137.790000
2015-12-02,135.450000
2015-12-03,133.500000
2015-12-04,136.330000
2015-12-07,137.460000
2015-12-08,135.590000
2015-12-09,133.840000
2015-12-10,133.000000
2015-12-11,130.160000
2015-12-14,129.700000
2015-12-15,129.220000
2015-12-16,130.430000
2015-12-17,126.340000
2015-12-18,124.210000
2015-12-21,123.750000
2015-12-22,125.330000
2015-12-23,125.130000
2015-12-24,126.410000
2015-12-28,127.080000
2015-12-29,127.880000
2015-12-30,126.560000
2015-12-31,124.900000
2016-01-04,124.240000
2016-01-05,123.090000
2016-01-06,120.780000
2016-01-07,118.930000
2016-01-08,117.450000
2016-01-11,116.740000
2016-01-12,118.390000
2016-01-13,115.670000
2016-01-14,117.400000
2016-01-15,115.770000
2016-01-19,116.510000
2016-01-20,115.130000
2016-01-21,114.390000
2016-01-22,118.720000
2016-01-25,116.030000
2016-01-26,120.440000
2016-01-27,117.270000
2016-01-28,115.720000
2016-01-29,119.820000
2016-02-01,118.730000
2016-02-02,116.750000
2016-02-03,117.440000
2016-02-04,118.200000
2016-02-05,114.330000
2016-02-08,114.470000
2016-02-09,113.970000
2016-02-10,115.790000
2016-02-11,117.440000
2016-02-12,119.500000
2016-02-16,119.750000
2016-02-17,123.000000
2016-02-18,121.260000
2016-02-19,121.290000
2016-02-22,121.440000
2016-02-23,123.420000
2016-02-24,126.590000
2016-02-25,128.670000
2016-02-26,131.640000
2016-02-29,129.210000
2016-03-01,129.310000
2016-03-02,129.060000
2016-03-03,128.510000
2016-03-04,129.140000
2016-03-07,128.890000
2016-03-08,128.560000
2016-03-09,129.360000
2016-03-10,129.650000
2016-03-11,130.980000
2016-03-14,132.680000
2016-03-15,132.880000
2016-03-16,132.370000
2016-03-17,132.310000
2016-03-18,132.780000
2016-03-21,132.680000
2016-03-22,132.710000
2016-03-23,131.960000
2016-03-24,132.900000
2016-03-28,133.760000
2016-03-29,134.960000
2016-03-30,135.350000
2016-03-31,135.190000
2016-04-01,137.460000
2016-04-04,136.930000
2016-04-05,137.040000
2016-04-06,138.220000
2016-04-07,138.200000
2016-04-08,139.590000
2016-04-11,139.320000
2016-04-12,140.270000
2016-04-13,142.000000
2016-04-14,140.540000
2016-04-15,140.840000
2016-04-18,137.170000
2016-04-19,139.100000
2016-04-20,137.660000
2016-04-21,137.030000
2016-04-22,137.630000
2016-04-25,136.900000
2016-04-26,137.370000
2016-04-27,137.560000
2016-04-28,135.130000
2016-04-29,134.950000
2016-05-02,135.760000
2016-05-03,134.030000
2016-05-04,135.070000
2016-05-05,135.420000
2016-05-06,136.780000
2016-05-09,137.150000
2016-05-10,138.790000
2016-05-11,136.530000
2016-05-12,138.260000
2016-05-13,137.510000
2016-05-16,137.440000
2016-05-17,135.880000
2016-05-18,134.400000
2016-05-19,133.080000
2016-05-20,133.560000
2016-05-23,133.200000
2016-05-24,135.520000
2016-05-25,136.230000
2016-05-26,136.460000
2016-05-27,136.880000
2016-05-31,137.350000
2016-06-01,137.880000
2016-06-02,137.910000
2016-06-03,137.790000
2016-06-06,138.230000
2016-06-07,139.240000
2016-06-08,141.100000
2016-06-09,140.800000
2016-06-10,138.030000
2016-06-13,134.790000
2016-06-14,135.420000
2016-06-15,135.480000
2016-06-16,134.900000
2016-06-17,135.170000
2016-06-20,138.790000
2016-06-21,138.750000
2016-06-22,138.550000
2016-06-23,141.840000
2016-06-24,140.260000
2016-06-27,137.030000
2016-06-28,138.310000
2016-06-29,138.280000
2016-06-30,142.600000
2016-07-01,142.700000
2016-07-05,142.650000
2016-07-06,145.590000
2016-07-07,144.380000
2016-07-08,147.410000
2016-07-11,147.290000
2016-07-12,148.060000
2016-07-13,148.150000
2016-07-14,146.860000
2016-07-15,148.000000
2016-07-18,149.200000
2016-07-19,150.960000
2016-07-20,151.000000
2016-07-21,150.190000
2016-07-22,151.590000
2016-07-25,152.050000
2016-07-26,154.710000
2016-07-27,156.840000
2016-07-28,158.970000
2016-07-29,156.800000
2016-08-01,156.430000
2016-08-02,155.070000
2016-08-03,155.350000
2016-08-04,156.360000
2016-08-05,158.010000
2016-08-08,158.720000
2016-08-09,157.650000
2016-08-10,158.370000
2016-08-11,159.240000
2016-08-12,158.730000
2016-08-15,157.760000
2016-08-16,156.070000
2016-08-17,156.310000
2016-08-18,157.430000
2016-08-19,157.200000
2016-08-22,158.470000
2016-08-23,158.490000
2016-08-24,158.760000
2016-08-25,159.530000
2016-08-26,159.290000
2016-08-29,160.710000
2016-08-30,162.180000
2016-08-31,161.070000
2016-09-01,162.780000
2016-09-02,163.160000
2016-09-06,162.240000
2016-09-07,161.900000
2016-09-08,162.120000
2016-09-09,155.710000
2016-09-12,156.550000
2016-09-13,155.250000
2016-09-14,155.460000
2016-09-15,156.440000
2016-09-16,155.350000
2016-09-19,156.470000
2016-09-20,156.060000
2016-09-21,157.650000
2016-09-22,158.810000
2016-09-23,157.190000
2016-09-26,156.970000
2016-09-27,157.700000
2016-09-28,157.540000
2016-09-29,156.080000
2016-09-30,157.030000
2016-10-03,158.150000
2016-10-04,159.170000
2016-10-05,159.250000
2016-10-06,162.390000
2016-10-07,161.450000
2016-10-10,162.980000
2016-10-11,159.700000
2016-10-12,159.130000
2016-10-13,159.070000
2016-10-14,157.620000
2016-10-17,155.220000
2016-10-18,151.710000
2016-10-19,149.500000
2016-10-20,148.910000
2016-10-21,150.050000
2016-10-24,149.730000
2016-10-25,145.340000
2016-10-26,145.620000
2016-10-27,145.010000
2016-10-28,146.420000
2016-10-31,145.890000
2016-11-01,144.320000
2016-11-02,141.530000
2016-11-03,142.570000
2016-11-04,144.620000
2016-11-07,145.090000
2016-11-08,147.260000
2016-11-09,146.470000
2016-11-10,144.760000
2016-11-11,146.860000
2016-11-14,149.050000
2016-11-15,151.140000
2016-11-16,150.740000
2016-11-17,153.960000
2016-11-18,152.200000
2016-11-21,153.130000
2016-11-22,153.870000
2016-11-23,152.980000
2016-11-25,153.490000
2016-11-28,150.690000
2016-11-29,151.300000
2016-11-30,148.670000
2016-12-01,147.810000
2016-12-02,148.280000
2016-12-05,149.410000
2016-12-06,153.120000
2016-12-07,156.880000
2016-12-08,157.050000
2016-12-09,157.360000
2016-12-12,156.280000
2016-12-13,157.750000
2016-12-14,160.170000
2016-12-15,157.300000
2016-12-16,157.190000
2016-12-19,156.920000
2016-12-20,157.470000
2016-12-21,158.680000
2016-12-22,156.120000
2016-12-23,156.280000
2016-12-27,157.500000
2016-12-28,154.940000
2016-12-29,155.390000
2016-12-30,153.170000
2017-01-03,153.670000
2017-01-04,154.980000
2017-01-05,153.230000
2017-01-06,151.910000
2017-01-09,150.500000
2017-01-10,150.250000
2017-01-11,151.320000
2017-01-12,148.510000
2017-01-13,149.380000
2017-01-17,151.030000
2017-01-18,151.410000
2017-01-19,151.340000
2017-01-20,151.780000
2017-01-23,151.080000
2017-01-24,156.120000
2017-01-25,158.000000
2017-01-26,155.980000
2017-01-27,156.770000
2017-01-30,156.580000
2017-01-31,156.810000
2017-02-01,157.190000
2017-02-02,155.410000
2017-02-03,157.250000
2017-02-06,157.340000
2017-02-07,160.300000
2017-02-08,163.330000
2017-02-09,163.950000
2017-02-10,163.240000
2017-02-13,161.110000
2017-02-14,160.160000
2017-02-15,159.320000
2017-02-16,167.710000
2017-02-17,162.530000
2017-02-21,165.090000
2017-02-22,164.030000
2017-02-23,164.530000
2017-02-24,165.940000
2017-02-27,167.230000
2017-02-28,164.620000
2017-03-01,167.490000
2017-03-02,167.330000
2017-03-03,167.610000
2017-03-06,166.520000
2017-03-07,165.750000
2017-03-08,165.500000
2017-03-09,166.540000
2017-03-10,167.300000
2017-03-13,168.400000
2017-03-14,168.420000
2017-03-15,171.660000
2017-03-16,172.110000
2017-03-17,172.030000
2017-03-20,171.650000
2017-03-21,168.650000
2017-03-22,169.940000
2017-03-23,170.600000
2017-03-24,169.640000
2017-03-27,169.990000
2017-03-28,169.600000
2017-03-29,168.690000
2017-03-30,168.230000
2017-03-31,167.300000
2017-04-03,166.360000
2017-04-04,165.870000
2017-04-05,164.490000
2017-04-06,165.250000
2017-04-07,164.610000
2017-04-10,166.340000
2017-04-11,167.900000
2017-04-12,165.470000
2017-04-13,165.230000
2017-04-17,167.320000
2017-04-18,167.110000
2017-04-19,167.790000
2017-04-20,169.310000
2017-04-21,172.430000
2017-04-24,168.320000
2017-04-25,168.870000
2017-04-26,167.470000
2017-04-27,168.270000
2017-04-28,165.390000
2017-05-01,166.480000
2017-05-02,165.460000
2017-05-03,166.700000
2017-05-04,167.860000
2017-05-05,167.850000
2017-05-08,167.010000
2017-05-09,166.950000
2017-05-10,168.230000
2017-05-11,167.590000
2017-05-12,166.180000
2017-05-15,167.880000
2017-05-16,172.020000
2017-05-17,171.310000
2017-05-18,171.700000
2017-05-19,175.490000
2017-05-22,175.690000
2017-05-23,175.380000
2017-05-24,175.570000
2017-05-25,176.150000
2017-05-26,175.090000
2017-05-30,175.570000
2017-05-31,177.100000
2017-06-01,177.810000
2017-06-02,178.870000
2017-06-05,179.090000
2017-06-06,177.710000
2017-06-07,178.750000
2017-06-08,178.420000
2017-06-09,178.660000
2017-06-12,181.490000
2017-06-13,184.550000
2017-06-14,186.400000
2017-06-15,187.720000
2017-06-16,188.610000
2017-06-19,191.050000
2017-06-20,191.250000
2017-06-21,191.870000
2017-06-22,188.690000
2017-06-23,187.610000
2017-06-26,186.560000
2017-06-27,184.260000
2017-06-28,184.500000
2017-06-29,183.440000
2017-06-30,183.640000
2017-07-03,183.870000
2017-07-05,185.820000
2017-07-06,183.910000
2017-07-07,186.220000
2017-07-10,184.700000
2017-07-11,182.940000
2017-07-12,183.810000
2017-07-13,183.910000
2017-07-14,183.780000
2017-07-17,184.320000
2017-07-18,183.920000
2017-07-19,184.430000
2017-07-20,182.570000
2017-07-21,182.410000
2017-07-24,176.340000
2017-07-25,171.960000
2017-07-26,169.920000
2017-07-27,172.090000
2017-07-28,171.020000
2017-07-31,171.000000
2017-08-01,171.090000
2017-08-02,171.950000
2017-08-03,172.400000
2017-08-04,172.280000
2017-08-07,173.370000
2017-08-08,172.400000
2017-08-09,171.500000
2017-08-10,167.530000
2017-08-11,167.370000
2017-08-14,168.540000
2017-08-15,167.920000
2017-08-16,167.480000
2017-08-17,165.110000
2017-08-18,164.020000
2017-08-21,164.370000
2017-08-22,165.850000
2017-08-23,163.520000
2017-08-24,160.600000
2017-08-25,161.850000
2017-08-28,162.190000
2017-08-29,161.240000
2017-08-30,162.940000
2017-08-31,165.730000
2017-09-01,165.960000
2017-09-05,166.140000
2017-09-06,163.250000
2017-09-07,163.190000
2017-09-08,168.870000
2017-09-11,168.600000
2017-09-12,171.840000
2017-09-13,167.480000
2017-09-14,167.020000
2017-09-15,167.530000
2017-09-18,167.240000
2017-09-19,165.830000
2017-09-20,170.370000
2017-09-21,171.680000
2017-09-22,172.970000
2017-09-25,170.550000
2017-09-26,173.680000
2017-09-27,173.330000
2017-09-28,175.920000
2017-09-29,178.970000
2017-10-02,179.020000
2017-10-03,180.120000
2017-10-04,181.390000
2017-10-05,181.530000
2017-10-06,184.320000
2017-10-09,184.110000
2017-10-10,181.500000
2017-10-11,180.290000
2017-10-12,181.080000
2017-10-13,181.210000
2017-10-16,181.090000
2017-10-17,180.190000
2017-10-18,181.820000
2017-10-19,179.390000
2017-10-20,180.300000
2017-10-23,193.430000
2017-10-24,196.570000
2017-10-25,193.220000
2017-10-26,195.550000
2017-10-27,193.340000
2017-10-30,191.140000
2017-10-31,191.130000
2017-11-01,189.870000
2017-11-02,189.830000
2017-11-03,190.170000
2017-11-06,191.280000
2017-11-07,191.650000
2017-11-08,193.200000
2017-11-09,188.900000
2017-11-10,188.790000
2017-11-13,189.230000
2017-11-14,190.340000
2017-11-15,191.320000
2017-11-16,195.000000
2017-11-17,194.250000
2017-11-20,194.800000
2017-11-21,196.980000
2017-11-22,196.150000
2017-11-24,196.400000
2017-11-27,196.300000
2017-11-28,201.140000
2017-11-29,203.830000
2017-11-30,209.740000
2017-12-01,208.400000
2017-12-04,209.030000
2017-12-05,206.600000
2017-12-06,205.510000
2017-12-07,204.550000
2017-12-08,206.660000
2017-12-11,206.500000
2017-12-12,206.680000
2017-12-13,206.390000
2017-12-14,204.150000
2017-12-15,204.670000
2017-12-18,206.970000
2017-12-19,205.970000
2017-12-20,207.470000
2017-12-21,207.450000
2017-12-22,205.650000
2017-12-26,207.600000
2017-12-27,208.550000
2017-12-28,210.660000
2017-12-29,208.260000
2018-01-02,207.130000
2018-01-03,210.980000
2018-01-04,210.980000
2018-01-05,213.480000
2018-01-08,214.140000
2018-01-09,211.670000
2018-01-10,204.950000
2018-01-11,208.950000
2018-01-12,210.680000
2018-01-16,209.980000
2018-01-17,211.110000
2018-01-18,213.990000
2018-01-19,216.480000
2018-01-22,215.620000
2018-01-23,215.430000
2018-01-24,217.250000
2018-01-25,219.540000
2018-01-26,221.090000
2018-01-29,220.960000
2018-01-30,220.180000
2018-01-31,217.910000
2018-02-01,214.170000
2018-02-02,209.960000
2018-02-05,196.000000
2018-02-06,197.830000
2018-02-07,200.980000
2018-02-08,193.040000
2018-02-09,198.060000
2018-02-12,201.810000
2018-02-13,200.030000
2018-02-14,203.730000
2018-02-15,207.230000
2018-02-16,205.740000
2018-02-20,203.160000
2018-02-21,202.600000
2018-02-22,206.080000
2018-02-23,209.710000
2018-02-26,210.070000
2018-02-27,207.570000
2018-02-28,204.630000
2018-03-01,196.320000
2018-03-02,197.860000
2018-03-05,199.170000
2018-03-06,202.630000
2018-03-07,204.280000
2018-03-08,206.010000
2018-03-09,209.510000
2018-03-12,211.620000
2018-03-13,212.240000
2018-03-14,212.200000
2018-03-15,211.440000
2018-03-16,212.110000
2018-03-19,208.780000
2018-03-20,209.610000
2018-03-21,211.270000
2018-03-22,206.050000
2018-03-23,202.700000
2018-03-26,204.590000
2018-03-27,201.820000
2018-03-28,200.730000
2018-03-29,204.370000
2018-04-02,200.020000
2018-04-03,204.060000
2018-04-04,205.750000
2018-04-05,205.130000
2018-04-06,199.900000
2018-04-09,199.060000
2018-04-10,200.980000
2018-04-11,199.570000
2018-04-12,202.110000
2018-04-13,198.710000
2018-04-16,203.390000
2018-04-17,205.850000
2018-04-18,205.760000
2018-04-19,202.840000
2018-04-20,197.080000
2018-04-23,198.490000
2018-04-24,189.280000
2018-04-25,194.330000
2018-04-26,196.330000
2018-04-27,198.240000
2018-04-30,193.370000
2018-05-01,196.530000
2018-05-02,193.170000
2018-05-03,194.530000
2018-05-04,199.550000
2018-05-07,201.920000
2018-05-08,203.860000
2018-05-09,202.520000
2018-05-10,204.260000
2018-05-11,204.570000
2018-05-14,202.600000
2018-05-15,199.130000
2018-05-16,199.710000
2018-05-17,203.100000
2018-05-18,203.860000
2018-05-21,206.660000
2018-05-22,204.100000
2018-05-23,205.840000
2018-05-24,205.220000
2018-05-25,207.320000
2018-05-29,206.630000
2018-05-30,207.650000
2018-05-31,203.310000
2018-06-01,204.780000
2018-06-04,205.690000
2018-06-05,206.970000
2018-06-06,206.870000
2018-06-07,209.670000
2018-06-08,213.760000
2018-06-11,210.620000
2018-06-12,212.380000
2018-06-13,208.550000
2018-06-14,211.520000
2018-06-15,211.330000
2018-06-18,209.260000
2018-06-19,205.990000
2018-06-20,204.910000
2018-06-21,201.960000
2018-06-22,199.940000
2018-06-25,198.100000
2018-06-26,196.500000
2018-06-27,193.830000
2018-06-28,193.890000
2018-06-29,200.150000
2018-07-02,201.790000
2018-07-03,202.000000
2018-07-05,206.170000
2018-07-06,206.500000
2018-07-09,212.380000
2018-07-10,212.800000
2018-07-11,211.440000
2018-07-12,214.570000
2018-07-13,215.090000
2018-07-16,212.560000
2018-07-17,214.520000
2018-07-18,214.660000
2018-07-19,216.440000
2018-07-20,216.230000
2018-07-23,207.980000
2018-07-24,209.390000
2018-07-25,205.330000
2018-07-26,209.660000
2018-07-27,211.120000
2018-07-30,213.490000
2018-07-31,217.080000
2018-08-01,213.960000
2018-08-02,217.240000
2018-08-03,217.850000
2018-08-06,220.190000
2018-08-07,219.900000
2018-08-08,216.080000
2018-08-09,216.970000
2018-08-10,215.620000
2018-08-13,213.590000
2018-08-14,217.530000
2018-08-15,222.080000
2018-08-16,221.270000
2018-08-17,222.660000
2018-08-20,225.320000
2018-08-21,222.140000
2018-08-22,222.810000
2018-08-23,221.110000
2018-08-24,220.260000
2018-08-27,222.210000
2018-08-28,223.950000
2018-08-29,223.180000
2018-08-30,223.330000
2018-08-31,222.810000
2018-09-04,224.400000
2018-09-05,225.970000
2018-09-06,225.820000
2018-09-07,226.980000
2018-09-10,225.050000
2018-09-11,227.590000
2018-09-12,227.630000
2018-09-13,228.620000
2018-09-14,226.090000
2018-09-17,223.960000
2018-09-18,223.490000
2018-09-19,220.650000
2018-09-20,219.950000
2018-09-21,216.720000
2018-09-24,216.100000
2018-09-25,216.060000
2018-09-26,216.980000
2018-09-27,217.170000
2018-09-28,218.400000
2018-10-01,216.810000
2018-10-02,217.880000
2018-10-03,218.210000
2018-10-04,214.500000
2018-10-05,214.520000
2018-10-08,215.250000
2018-10-09,211.140000
2018-10-10,204.800000
2018-10-11,198.500000
2018-10-12,197.200000
2018-10-15,199.710000
2018-10-16,203.840000
2018-10-17,200.740000
2018-10-18,197.010000
2018-10-19,193.120000
2018-10-22,194.900000
2018-10-23,197.450000
2018-10-24,197.670000
2018-10-25,205.140000
2018-10-26,199.070000
2018-10-29,199.850000
2018-10-30,209.320000
2018-10-31,210.890000
2018-11-01,212.700000
2018-11-02,212.470000
2018-11-05,214.350000
2018-11-06,212.690000
2018-11-07,216.740000
2018-11-08,215.340000
2018-11-09,211.750000
2018-11-12,212.740000
2018-11-13,219.140000
2018-11-14,215.210000
2018-11-15,215.200000
2018-11-16,215.860000
2018-11-19,216.450000
2018-11-20,212.600000
2018-11-21,213.820000
2018-11-23,211.880000
2018-11-26,216.660000
2018-11-27,214.990000
2018-11-28,220.790000
2018-11-29,222.520000
2018-11-30,225.910000
2018-12-03,225.750000
2018-12-04,215.370000
2018-12-06,216.670000
2018-12-07,211.050000
2018-12-10,207.880000
2018-12-11,207.250000
2018-12-12,213.700000
2018-12-13,217.250000
2018-12-14,213.880000
2018-12-17,210.190000
2018-12-18,214.220000
2018-12-19,211.600000
2018-12-20,210.050000
2018-12-21,206.490000
2018-12-24,204.950000
2018-12-26,215.070000
2018-12-27,219.100000
2018-12-28,218.000000
2018-12-31,218.860000
2019-01-02,216.130000
2019-01-03,212.250000
2019-01-04,219.610000
2019-01-07,218.990000
2019-01-08,221.930000
2019-01-09,224.700000
2019-01-10,225.060000
2019-01-11,225.040000
2019-01-14,224.150000
2019-01-15,224.400000
2019-01-16,220.080000
2019-01-17,220.640000
2019-01-18,225.370000
2019-01-22,223.980000
2019-01-23,224.750000
2019-01-24,225.570000
2019-01-25,224.300000
2019-01-28,223.950000
2019-01-29,226.740000
2019-01-30,224.290000
2019-01-31,229.280000
2019-02-01,229.780000
2019-02-04,232.480000
2019-02-05,235.070000
2019-02-06,234.990000
2019-02-07,232.930000
2019-02-08,233.220000
2019-02-11,237.600000
2019-02-12,243.890000
2019-02-13,244.560000
2019-02-14,244.220000
2019-02-15,246.710000
2019-02-19,246.680000
2019-02-20,248.540000
2019-02-21,248.930000
2019-02-22,248.700000
2019-02-25,247.960000
2019-02-26,245.440000
2019-02-27,246.680000
2019-02-28,245.250000
2019-03-01,245.600000
2019-03-04,245.410000
2019-03-05,247.700000
2019-03-06,245.990000
2019-03-07,244.010000
2019-03-08,244.130000
2019-03-11,245.850000
2019-03-12,247.440000
2019-03-13,248.240000
2019-03-14,248.220000
2019-03-15,250.150000
2019-03-18,252.250000
2019-03-19,252.820000
2019-03-20,256.590000
2019-03-21,260.360000
2019-03-22,257.130000
2019-03-25,260.170000
2019-03-26,262.110000
2019-03-27,262.850000
2019-03-28,264.250000
2019-03-29,264.400000
2019-04-01,267.850000
2019-04-02,267.460000
2019-04-03,269.860000
2019-04-04,270.490000
2019-04-05,273.920000
2019-04-08,276.360000
2019-04-09,272.870000
2019-04-10,269.790000
2019-04-11,271.030000
2019-04-12,273.500000
2019-04-15,276.340000
2019-04-16,271.970000
2019-04-17,268.670000
2019-04-18,270.640000
2019-04-22,267.630000
2019-04-23,264.570000
2019-04-24,265.890000
2019-04-25,268.950000
2019-04-26,271.380000
2019-04-29,274.660000
2019-04-30,271.450000
2019-05-01,265.320000
2019-05-02,266.080000
2019-05-03,272.010000
2019-05-06,270.970000
2019-05-07,265.750000
2019-05-08,269.150000
2019-05-09,270.000000
2019-05-10,276.710000
2019-05-13,271.910000
2019-05-14,274.820000
2019-05-15,275.420000
2019-05-16,274.150000
2019-05-17,276.540000
2019-05-20,273.890000
2019-05-21,280.600000
2019-05-22,277.720000
2019-05-23,276.370000
2019-05-24,274.330000
2019-05-28,271.350000
2019-05-29,269.520000
2019-05-30,276.040000
2019-05-31,264.110000
2019-06-03,269.370000
2019-06-04,278.650000
2019-06-05,277.980000
2019-06-06,278.240000
2019-06-07,278.310000
2019-06-10,285.500000
2019-06-11,280.600000
2019-06-12,280.640000
2019-06-13,277.190000
2019-06-14,275.840000
2019-06-17,272.270000
2019-06-18,270.790000
2019-06-19,271.330000
2019-06-20,272.150000
2019-06-21,268.270000
2019-06-24,270.470000
2019-06-25,270.850000
2019-06-26,270.890000
2019-06-27,273.330000
2019-06-28,275.000000
2019-07-01,283.110000
2019-07-02,284.600000
2019-07-03,288.570000
2019-07-05,288.050000
2019-07-08,287.400000
2019-07-09,287.460000
2019-07-10,284.420000
2019-07-11,284.620000
2019-07-12,289.470000
2019-07-15,292.700000
2019-07-16,292.360000
2019-07-17,286.080000
2019-07-18,283.960000
2019-07-19,278.900000
2019-07-22,264.000000
2019-07-23,264.520000
2019-07-24,260.360000
2019-07-25,260.690000
2019-07-26,263.060000
2019-07-29,255.800000
2019-07-30,259.720000
2019-07-31,256.480000
2019-08-01,254.120000
2019-08-02,253.220000
2019-08-05,250.250000
2019-08-06,253.540000
2019-08-07,254.780000
2019-08-08,258.840000
2019-08-09,257.810000
2019-08-12,253.010000
2019-08-13,254.490000
2019-08-14,248.930000
2019-08-15,251.020000
2019-08-16,256.120000
2019-08-19,257.270000
2019-08-20,258.450000
2019-08-21,261.400000
2019-08-22,256.580000
2019-08-23,251.700000
2019-08-26,249.940000
2019-08-27,247.400000
2019-08-28,248.640000
2019-08-29,252.010000
2019-08-30,253.780000
2019-09-03,246.420000
2019-09-04,252.810000
2019-09-05,251.650000
2019-09-06,247.040000
2019-09-09,241.230000
2019-09-10,241.600000
2019-09-11,242.050000
2019-09-12,233.050000
2019-09-13,235.000000
2019-09-16,234.810000
2019-09-17,237.550000
2019-09-18,238.340000
2019-09-19,241.870000
2019-09-20,239.030000
2019-09-23,239.100000
2019-09-24,239.820000
2019-09-25,240.400000
2019-09-26,241.080000
2019-09-27,241.580000
2019-09-30,242.970000
2019-10-01,238.350000
2019-10-02,230.600000
2019-10-03,232.470000
2019-10-04,237.020000
2019-10-07,233.770000
2019-10-08,232.430000
2019-10-09,230.950000
2019-10-10,232.630000
2019-10-11,238.170000
2019-10-14,240.610000
2019-10-15,242.300000
2019-10-16,241.730000
2019-10-17,250.840000
2019-10-18,253.340000
2019-10-21,248.170000
2019-10-22,247.560000
2019-10-23,239.280000
2019-10-24,244.880000
2019-10-25,243.080000
2019-10-28,246.890000
2019-10-29,248.250000
2019-10-30,248.160000
2019-10-31,247.360000
2019-11-01,248.680000
2019-11-04,248.870000
2019-11-05,248.510000
2019-11-06,251.150000
2019-11-07,246.300000
2019-11-08,245.010000
2019-11-11,248.140000
2019-11-12,251.130000
2019-11-13,252.410000
2019-11-14,254.990000
2019-11-15,254.540000
2019-11-18,253.030000
2019-11-19,254.170000
2019-11-20,255.300000
2019-11-21,250.430000
2019-11-22,252.110000
2019-11-25,256.830000
2019-11-26,259.140000
2019-11-27,259.140000
2019-11-29,255.850000
2019-12-02,250.920000
2019-12-03,248.570000
2019-12-04,254.230000
2019-12-05,261.540000
2019-12-06,262.830000
2019-12-09,260.590000
2019-12-10,258.190000
2019-12-11,258.380000
2019-12-12,259.700000
2019-12-13,255.390000
2019-12-16,258.000000
2019-12-17,258.580000
2019-12-18,245.370000
2019-12-19,238.360000
2019-12-20,243.800000
2019-12-23,244.530000
2019-12-24,243.960000
2019-12-26,243.860000
2019-12-27,243.330000
2019-12-30,242.670000
2019-12-31,243.970000
2020-01-02,244.440000
2020-01-03,243.490000
2020-01-06,243.150000
2020-01-07,239.940000
2020-01-08,243.770000
2020-01-09,247.310000
2020-01-10,247.510000
2020-01-13,245.670000
2020-01-14,242.550000
2020-01-15,244.100000
2020-01-16,247.430000
2020-01-17,243.630000
2020-01-21,244.950000
2020-01-22,247.210000
2020-01-23,245.930000
2020-01-24,240.970000
2020-01-27,238.160000
2020-01-28,240.140000
2020-01-29,236.910000
2020-01-30,236.020000
2020-01-31,232.980000
2020-02-03,233.710000
2020-02-04,239.010000
2020-02-05,242.580000
2020-02-06,238.580000
2020-02-07,235.390000
2020-02-10,236.950000
2020-02-11,237.500000
2020-02-12,241.360000
2020-02-13,241.640000
2020-02-14,244.780000
2020-02-18,246.000000
2020-02-19,246.000000
2020-02-20,248.710000
2020-02-21,247.040000
2020-02-24,247.220000
2020-02-25,246.030000
2020-02-26,243.640000
2020-02-27,239.830000
2020-02-28,228.130000
2020-03-02,240.080000
2020-03-03,245.010000
2020-03-04,257.810000
2020-03-05,255.770000
2020-03-06,260.210000
2020-03-09,251.060000
2020-03-10,246.500000
2020-03-11,229.110000
2020-03-12,208.240000
2020-03-13,211.820000
2020-03-16,199.000000
2020-03-17,194.560000
2020-03-18,184.850000
2020-03-19,195.790000
2020-03-20,181.790000
2020-03-23,166.870000
2020-03-24,170.240000
2020-03-25,180.430000
2020-03-26,197.540000
2020-03-27,185.300000
2020-03-30,187.180000
2020-03-31,181.790000
2020-04-01,175.780000
2020-04-02,176.930000
2020-04-03,170.960000
2020-04-06,178.420000
2020-04-07,188.190000
2020-04-08,195.680000
2020-04-09,204.290000
2020-04-13,196.740000
2020-04-14,202.280000
2020-04-15,191.780000
2020-04-16,186.990000
2020-04-17,183.880000
2020-04-20,181.000000
2020-04-21,172.950000
2020-04-22,170.720000
2020-04-23,177.540000
2020-04-24,176.510000
2020-04-27,184.650000
2020-04-28,186.990000
2020-04-29,190.070000
2020-04-30,186.680000
2020-05-01,183.330000
2020-05-04,186.080000
2020-05-05,190.730000
2020-05-06,188.600000
2020-05-07,192.630000
2020-05-08,191.480000
2020-05-11,186.700000
2020-05-12,181.670000
2020-05-13,178.540000
2020-05-14,184.490000
2020-05-15,180.920000
2020-05-18,193.820000
2020-05-19,189.270000
2020-05-20,191.880000
2020-05-21,195.220000
2020-05-22,198.430000
2020-05-26,212.310000
2020-05-27,214.830000
2020-05-28,214.350000
2020-05-29,213.840000
2020-06-01,217.180000
2020-06-02,216.660000
2020-06-03,223.540000
2020-06-04,225.710000
2020-06-05,235.880000
2020-06-08,237.990000
2020-06-09,233.140000
2020-06-10,224.430000
2020-06-11,218.390000
2020-06-12,218.990000
2020-06-15,224.910000
2020-06-16,228.660000
2020-06-17,230.190000
2020-06-18,225.070000
2020-06-19,221.780000
2020-06-22,223.710000
2020-06-23,229.000000
2020-06-24,225.430000
2020-06-25,225.260000
2020-06-26,225.330000
2020-06-29,229.810000
2020-06-30,232.990000
2020-07-01,231.350000
2020-07-02,233.170000
2020-07-06,238.240000
2020-07-07,237.520000
2020-07-08,244.600000
2020-07-09,242.430000
2020-07-10,238.730000
2020-07-13,231.790000
2020-07-14,238.940000
2020-07-15,247.040000
2020-07-16,252.560000
2020-07-17,247.840000
2020-07-20,254.760000
2020-07-21,254.030000
2020-07-22,257.770000
2020-07-23,264.270000
2020-07-24,265.780000
2020-07-27,272.000000
2020-07-28,270.950000
2020-07-29,274.580000
2020-07-30,270.870000
2020-07-31,268.140000
2020-08-03,270.180000
2020-08-04,273.020000
2020-08-05,273.270000
2020-08-06,270.880000
2020-08-07,266.760000
2020-08-10,269.670000
2020-08-11,273.470000
2020-08-12,277.510000
2020-08-13,277.310000
2020-08-14,277.970000
2020-08-17,276.860000
2020-08-18,278.250000
2020-08-19,279.800000
2020-08-20,275.710000
2020-08-21,277.390000
2020-08-24,282.580000
2020-08-25,284.000000
2020-08-26,286.610000
2020-08-27,283.070000
2020-08-28,284.690000
2020-08-31,280.330000
2020-09-01,286.690000
2020-09-02,287.800000
2020-09-03,278.700000
2020-09-04,277.530000
2020-09-08,269.090000
2020-09-09,273.420000
2020-09-10,270.430000
2020-09-11,274.640000
2020-09-14,276.480000
2020-09-15,273.230000
2020-09-16,274.120000
2020-09-17,274.630000
2020-09-18,267.650000
2020-09-21,266.960000
2020-09-22,270.460000
2020-09-23,260.350000
2020-09-24,264.060000
2020-09-25,263.980000
2020-09-28,271.800000
2020-09-29,272.650000
2020-09-30,272.610000
2020-10-01,274.020000
2020-10-02,275.580000
2020-10-05,281.930000
2020-10-06,278.400000
2020-10-07,277.730000
2020-10-08,276.820000
2020-10-09,283.480000
2020-10-12,289.410000
2020-10-13,285.410000
2020-10-14,288.000000
2020-10-15,288.160000
2020-10-16,288.220000
2020-10-19,278.450000
2020-10-20,284.030000
2020-10-21,283.980000
2020-10-22,288.620000
2020-10-23,288.090000
2020-10-26,281.810000
2020-10-27,283.640000
2020-10-28,273.030000
2020-10-29,276.570000
2020-10-30,271.660000
2020-11-02,283.580000
2020-11-03,291.250000
2020-11-04,293.500000
2020-11-05,304.070000
2020-11-06,306.630000
2020-11-09,291.830000
2020-11-10,294.320000
2020-11-11,292.590000
2020-11-12,291.120000
2020-11-13,298.820000
2020-11-16,301.760000
2020-11-17,299.090000
2020-11-18,296.150000
2020-11-19,298.510000
2020-11-20,294.610000
2020-11-23,295.860000
2020-11-24,300.710000
2020-11-25,288.970000
2020-11-27,289.960000
2020-11-30,287.830000
2020-12-01,288.350000
2020-12-02,280.990000
2020-12-03,280.530000
2020-12-04,276.000000
2020-12-07,277.050000
2020-12-08,282.960000
2020-12-09,286.060000
2020-12-10,277.810000
2020-12-11,280.420000
2020-12-14,273.000000
2020-12-15,277.000000
2020-12-16,276.470000
2020-12-17,280.590000
2020-12-18,277.560000
2020-12-21,277.360000
2020-12-22,272.820000
2020-12-23,273.420000
2020-12-24,273.430000
2020-12-28,272.180000
2020-12-29,270.110000
2020-12-30,271.990000
2020-12-31,273.970000
2021-01-04,268.230000
2021-01-05,268.260000
2021-01-06,273.500000
2021-01-07,278.150000
2021-01-08,273.920000
2021-01-11,273.900000
2021-01-12,282.850000
2021-01-13,280.990000
2021-01-14,284.510000
2021-01-15,281.440000
2021-01-19,281.800000
2021-01-20,289.600000
2021-01-21,293.500000
2021-01-22,293.150000
2021-01-25,290.400000
2021-01-26,290.640000
2021-01-27,293.390000
2021-01-28,285.240000
2021-01-29,275.490000
2021-02-01,283.120000
2021-02-02,276.750000
2021-02-03,270.850000
2021-02-04,272.770000
2021-02-05,274.260000
2021-02-08,283.780000
2021-02-09,284.820000
2021-02-10,286.690000
2021-02-11,291.960000
2021-02-12,292.860000
2021-02-16,291.030000
2021-02-17,293.600000
2021-02-18,290.370000
2021-02-19,293.680000
2021-02-22,289.650000
2021-02-23,288.350000
2021-02-24,290.520000
2021-02-25,282.220000
2021-02-26,279.770000
2021-03-01,281.980000
2021-03-02,284.960000
2021-03-03,288.600000
2021-03-04,278.390000
2021-03-05,283.080000
2021-03-08,292.220000
2021-03-09,290.220000
2021-03-10,292.150000
2021-03-11,292.620000
2021-03-12,297.250000
2021-03-15,304.230000
2021-03-16,302.870000
2021-03-17,304.590000
2021-03-18,304.740000
2021-03-19,301.120000
2021-03-22,303.360000
2021-03-23,301.600000
2021-03-24,306.300000
2021-03-25,311.990000
2021-03-26,320.840000
2021-03-29,317.050000
2021-03-30,316.260000
2021-03-31,311.590000
2021-04-01,316.740000
2021-04-05,323.250000
2021-04-06,326.630000
2021-04-07,326.720000
2021-04-08,325.630000
2021-04-09,332.420000
2021-04-12,331.070000
2021-04-13,331.500000
2021-04-14,328.230000
2021-04-15,328.660000
2021-04-16,333.990000
2021-04-19,335.800000
2021-04-20,334.550000
2021-04-21,333.690000
2021-04-22,335.060000
2021-04-23,334.460000
2021-04-26,332.490000
2021-04-27,339.090000
2021-04-28,331.650000
2021-04-29,341.170000
2021-04-30,335.340000
2021-05-03,339.980000
2021-05-04,341.330000
2021-05-05,344.000000
2021-05-06,342.280000
2021-05-07,348.000000
2021-05-10,353.510000
2021-05-11,346.400000
2021-05-12,336.060000
2021-05-13,347.930000
2021-05-14,350.840000
2021-05-17,348.330000
2021-05-18,340.160000
2021-05-19,338.770000
2021-05-20,343.160000
2021-05-21,342.730000
2021-05-24,342.750000
2021-05-25,344.560000
2021-05-26,346.360000
2021-05-27,346.770000
2021-05-28,349.930000
2021-06-01,349.070000
2021-06-02,345.540000
2021-06-03,341.700000
2021-06-04,341.460000
2021-06-07,341.170000
2021-06-08,342.000000
2021-06-09,338.230000
2021-06-10,338.390000
2021-06-11,338.890000
2021-06-14,333.610000
2021-06-15,333.770000
2021-06-16,328.580000
2021-06-17,325.630000
2021-06-18,321.060000
2021-06-21,328.550000
2021-06-22,327.690000
2021-06-23,326.490000
2021-06-24,330.640000
2021-06-25,331.010000
2021-06-28,337.790000
2021-06-29,347.900000
2021-06-30,350.800000
2021-07-01,346.070000
2021-07-02,347.090000
2021-07-06,345.120000
2021-07-07,353.910000
2021-07-08,341.530000
2021-07-09,342.150000
2021-07-12,342.620000
2021-07-13,336.170000
2021-07-14,310.410000
2021-07-15,317.420000
2021-07-16,317.910000
2021-07-19,317.140000
2021-07-20,325.620000
2021-07-21,320.700000
2021-07-22,316.050000
2021-07-23,320.610000
2021-07-26,327.320000
2021-07-27,332.080000
2021-07-28,327.270000
2021-07-29,333.950000
2021-07-30,329.430000
2021-08-02,328.440000
2021-08-03,332.430000
2021-08-04,328.650000
2021-08-05,329.600000
2021-08-06,333.800000
2021-08-09,334.760000
2021-08-10,339.260000
2021-08-11,344.410000
2021-08-12,340.980000
2021-08-13,340.480000
2021-08-16,339.210000
2021-08-17,334.120000
2021-08-18,325.830000
2021-08-19,330.200000
2021-08-20,333.650000
2021-08-23,331.330000
2021-08-24,330.590000
2021-08-25,331.440000
2021-08-26,328.980000
2021-08-27,333.820000
2021-08-30,335.710000
2021-08-31,335.180000
2021-09-01,334.780000
2021-09-02,334.990000
2021-09-03,332.790000
2021-09-07,324.740000
2021-09-08,328.520000
2021-09-09,325.750000
2021-09-10,321.390000
2021-09-13,320.720000
2021-09-14,313.290000
2021-09-15,312.420000
2021-09-16,310.620000
2021-09-17,305.830000
2021-09-20,306.910000
2021-09-21,305.940000
2021-09-22,305.700000
2021-09-23,308.610000
2021-09-24,308.630000
2021-09-27,308.230000
2021-09-28,302.320000
2021-09-29,300.480000
2021-09-30,294.170000
2021-10-01,297.390000
2021-10-04,296.020000
2021-10-05,299.310000
2021-10-06,297.020000
2021-10-07,303.970000
2021-10-08,295.050000
2021-10-11,295.360000
2021-10-12,297.760000
2021-10-13,301.280000
2021-10-14,309.190000
2021-10-15,309.170000
2021-10-18,313.110000
2021-10-19,309.210000
2021-10-20,311.020000
2021-10-21,310.600000
2021-10-22,312.180000
2021-10-25,304.290000
2021-10-26,302.750000
2021-10-27,296.990000
2021-10-28,297.900000
2021-10-29,299.280000
2021-11-01,302.990000
2021-11-02,305.700000
2021-11-03,300.000000
2021-11-04,301.000000
2021-11-05,302.180000
2021-11-08,301.580000
2021-11-09,309.580000
2021-11-10,309.280000
2021-11-11,311.330000
2021-11-12,319.670000
2021-11-15,314.640000
2021-11-16,321.360000
2021-11-17,322.140000
2021-11-18,319.090000
2021-11-19,323.820000
2021-11-22,322.600000
2021-11-23,321.650000
2021-11-24,318.650000
2021-11-26,317.460000
2021-11-29,322.120000
2021-11-30,309.020000
2021-12-01,301.960000
2021-12-02,311.620000
2021-12-03,316.040000
2021-12-06,327.820000
2021-12-07,327.800000
2021-12-08,332.700000
2021-12-09,327.910000
2021-12-10,331.740000
2021-12-13,331.300000
2021-12-14,324.100000
2021-12-15,322.260000
2021-12-16,324.930000
2021-12-17,312.480000
2021-12-20,307.960000
2021-12-21,313.950000
2021-12-22,313.520000
2021-12-23,316.110000
2021-12-27,321.030000
2021-12-28,322.850000
2021-12-29,326.460000
2021-12-30,323.110000
2021-12-31,324.360000
2022-01-03,314.120000
2022-01-04,315.170000
2022-01-05,308.760000
2022-01-06,309.040000
2022-01-07,304.980000
2022-01-10,305.800000
2022-01-11,308.580000
2022-01-12,305.880000
2022-01-13,300.950000
2022-01-14,291.420000
2022-01-18,292.840000
2022-01-19,290.770000
2022-01-20,283.830000
2022-01-21,280.460000
2022-01-24,288.600000
2022-01-25,283.800000
2022-01-26,275.130000
2022-01-27,272.450000
2022-01-28,279.230000
2022-01-31,283.620000
2022-02-01,277.270000
2022-02-02,272.150000
2022-02-03,268.740000
2022-02-04,266.980000
2022-02-07,268.950000
2022-02-08,273.260000
2022-02-09,275.520000
2022-02-10,266.580000
2022-02-11,263.230000
2022-02-14,262.750000
2022-02-15,265.150000
2022-02-16,261.930000
2022-02-17,252.740000
2022-02-18,251.980000
2022-02-22,251.870000
2022-02-23,249.150000
2022-02-24,255.820000
2022-02-25,264.380000
2022-02-28,266.930000
2022-03-01,267.520000
2022-03-02,274.650000
2022-03-03,273.670000
2022-03-04,269.640000
2022-03-07,259.110000
2022-03-08,252.630000
2022-03-09,261.300000
2022-03-10,255.990000
2022-03-11,256.280000
2022-03-14,263.190000
2022-03-15,268.490000
2022-03-16,269.470000
2022-03-17,271.430000
2022-03-18,276.660000
2022-03-21,274.590000
2022-03-22,275.420000
2022-03-23,262.850000
2022-03-24,261.390000
2022-03-25,260.230000
2022-03-28,262.500000
2022-03-29,268.280000
2022-03-30,266.960000
2022-03-31,257.860000
2022-04-01,262.230000
2022-04-04,261.680000
2022-04-05,262.160000
2022-04-06,259.280000
2022-04-07,257.790000
2022-04-08,254.900000
2022-04-11,247.230000
2022-04-12,242.620000
2022-04-13,247.070000
2022-04-14,239.960000
2022-04-18,237.820000
2022-04-19,246.470000
2022-04-20,250.770000
2022-04-21,252.280000
2022-04-22,246.840000
2022-04-25,238.940000
2022-04-26,224.070000
2022-04-27,223.700000
2022-04-28,222.990000
2022-04-29,213.190000
2022-05-02,216.590000
2022-05-03,215.740000
2022-05-04,221.850000
2022-05-05,213.520000
2022-05-06,212.740000
2022-05-09,215.830000
2022-05-10,216.250000
2022-05-11,209.510000
2022-05-12,217.820000
2022-05-13,221.630000
2022-05-16,215.220000
2022-05-17,215.580000
2022-05-18,202.560000
2022-05-19,206.560000
2022-05-20,207.750000
2022-05-23,204.970000
2022-05-24,201.720000
2022-05-25,205.300000
2022-05-26,208.480000
2022-05-27,211.510000
2022-05-31,208.900000
2022-06-01,206.790000
2022-06-02,213.850000
2022-06-03,210.750000
2022-06-06,211.600000
2022-06-07,213.710000
2022-06-08,209.960000
2022-06-09,206.260000
2022-06-10,201.400000
2022-06-13,197.460000
2022-06-14,195.490000
2022-06-15,197.370000
2022-06-16,186.270000
2022-06-17,186.450000
2022-06-21,186.890000
2022-06-22,188.290000
2022-06-23,198.160000
2022-06-24,203.640000
2022-06-27,203.320000
2022-06-28,202.460000
2022-06-29,202.590000
2022-06-30,206.590000
2022-07-01,211.970000
2022-07-05,216.860000
2022-07-06,216.890000
2022-07-07,218.150000
2022-07-08,214.490000
2022-07-11,215.980000
2022-07-12,216.230000
2022-07-13,215.850000
2022-07-14,213.230000
2022-07-15,216.220000
2022-07-18,212.230000
2022-07-19,219.830000
2022-07-20,220.960000
2022-07-21,225.390000
2022-07-22,227.660000
2022-07-25,224.350000
2022-07-26,224.430000
2022-07-27,227.060000
2022-07-28,234.570000
2022-07-29,239.530000
2022-08-01,244.370000
2022-08-02,239.310000
2022-08-03,244.060000
2022-08-04,244.500000
2022-08-05,244.070000
2022-08-08,246.580000
2022-08-09,243.120000
2022-08-10,249.510000
2022-08-11,251.330000
2022-08-12,261.810000
2022-08-15,267.320000
2022-08-16,266.960000
2022-08-17,267.490000
2022-08-18,267.100000
2022-08-19,258.680000
2022-08-22,250.290000
2022-08-23,246.220000
2022-08-24,250.040000
2022-08-25,252.470000
2022-08-26,242.650000
2022-08-29,243.320000
2022-08-30,241.280000
2022-08-31,240.120000
2022-09-01,248.850000
2022-09-02,245.900000
2022-09-06,249.980000
2022-09-07,257.900000
2022-09-08,257.890000
2022-09-09,258.210000
2022-09-12,262.810000
2022-09-13,254.040000
2022-09-14,250.300000
2022-09-15,250.040000
2022-09-16,244.430000
2022-09-19,245.590000
2022-09-20,235.310000
2022-09-21,232.460000
2022-09-22,223.760000
2022-09-23,224.220000
2022-09-26,220.310000
2022-09-27,221.280000
2022-09-28,231.380000
2022-09-29,222.510000
2022-09-30,222.670000
2022-10-03,228.760000
2022-10-04,237.280000
2022-10-05,236.030000
2022-10-06,230.970000
2022-10-07,221.030000
2022-10-10,224.190000
2022-10-11,224.360000
2022-10-12,221.380000
2022-10-13,217.640000
2022-10-14,214.590000
2022-10-17,221.680000
2022-10-18,227.530000
2022-10-19,216.540000
2022-10-20,214.000000
2022-10-21,224.560000
2022-10-24,227.380000
2022-10-25,235.550000
2022-10-26,234.170000
2022-10-27,227.610000
2022-10-28,237.420000
2022-10-31,233.570000
2022-11-01,234.740000
2022-11-02,231.440000
2022-11-03,235.950000
2022-11-04,234.380000
2022-11-07,237.660000
2022-11-08,245.490000
2022-11-09,236.290000
2022-11-10,263.240000
2022-11-11,270.030000
2022-11-14,264.860000
2022-11-15,271.340000
2022-11-16,266.680000
2022-11-17,264.990000
2022-11-18,268.570000
2022-11-21,267.150000
2022-11-22,266.410000
2022-11-23,266.490000
2022-11-25,267.440000
2022-11-28,260.020000
2022-11-29,260.830000
2022-11-30,260.430000
2022-12-01,268.360000
2022-12-02,266.090000
2022-12-05,260.010000
2022-12-06,256.020000
2022-12-07,258.290000
2022-12-08,260.220000
2022-12-09,257.590000
2022-12-12,260.060000
2022-12-13,266.150000
2022-12-14,258.750000
2022-12-15,248.640000
2022-12-16,246.500000
2022-12-19,244.880000
2022-12-20,244.390000
2022-12-21,247.220000
2022-12-22,241.570000
2022-12-23,243.070000
2022-12-27,242.930000
2022-12-28,239.490000
2022-12-29,242.070000
2022-12-30,239.230000
2023-01-03,241.320000
2023-01-04,242.310000
2023-01-05,234.750000
2023-01-06,243.210000
2023-01-09,245.180000
2023-01-10,248.360000
2023-01-11,254.240000
2023-01-12,252.610000
2023-01-13,253.080000
2023-01-17,252.720000
2023-01-18,242.000000
2023-01-19,233.140000
2023-01-20,239.660000
2023-01-23,244.680000
2023-01-24,249.500000
2023-01-25,247.730000
2023-01-26,248.240000
2023-01-27,249.140000
2023-01-30,245.170000
2023-01-31,260.620000
2023-02-01,268.160000
2023-02-02,278.780000
2023-02-03,274.790000
2023-02-06,268.410000
2023-02-07,263.350000
2023-02-08,263.080000
2023-02-09,262.670000
2023-02-10,259.680000
2023-02-13,265.770000
2023-02-14,264.370000
2023-02-15,266.060000
2023-02-16,266.850000
2023-02-17,269.370000
2023-02-21,254.300000
2023-02-22,253.670000
2023-02-23,254.800000
2023-02-24,251.120000
2023-02-27,253.030000
2023-02-28,254.830000
2023-03-01,252.230000
2023-03-02,255.490000
2023-03-03,262.340000
2023-03-06,259.880000
2023-03-07,257.070000
2023-03-08,257.930000
2023-03-09,251.200000
2023-03-10,245.290000
2023-03-13,244.100000
2023-03-14,247.750000
2023-03-15,241.950000
2023-03-16,245.350000
2023-03-17,243.990000
2023-03-20,249.490000
2023-03-21,249.380000
2023-03-22,244.940000
2023-03-23,245.970000
2023-03-24,244.150000
2023-03-27,242.830000
2023-03-28,244.290000
2023-03-29,245.210000
2023-03-30,245.320000
2023-03-31,251.280000
2023-04-03,247.320000
2023-04-04,237.660000
2023-04-05,235.470000
2023-04-06,235.180000
2023-04-10,236.940000
2023-04-11,242.820000
2023-04-12,247.100000
2023-04-13,251.230000
2023-04-14,249.280000
2023-04-17,250.490000
2023-04-18,254.430000
2023-04-19,258.860000
2023-04-20,263.530000
2023-04-21,262.610000
2023-04-24,260.980000
2023-04-25,258.980000
2023-04-26,257.070000
2023-04-27,280.200000
2023-04-28,281.910000
2023-05-01,282.430000
2023-05-02,281.610000
2023-05-03,283.270000
2023-05-04,278.740000
2023-05-05,282.560000
2023-05-08,281.950000
2023-05-09,281.510000
2023-05-10,288.090000
2023-05-11,289.420000
2023-05-12,288.910000
2023-05-15,286.480000
2023-05-16,280.910000
2023-05-17,286.670000
2023-05-18,292.480000
2023-05-19,288.050000
2023-05-22,280.910000
2023-05-23,275.420000
2023-05-24,273.930000
2023-05-25,276.410000
2023-05-26,280.540000
2023-05-30,280.970000
2023-05-31,275.510000
2023-06-01,282.980000
2023-06-02,298.230000
2023-06-05,294.690000
2023-06-06,299.740000
2023-06-07,307.820000
2023-06-08,304.980000
2023-06-09,303.380000
2023-06-12,305.060000
2023-06-13,309.810000
2023-06-14,306.640000
2023-06-15,308.740000
2023-06-16,311.040000
2023-06-20,312.170000
2023-06-21,313.560000
2023-06-22,312.990000
2023-06-23,311.710000
2023-06-26,314.980000
2023-06-27,322.700000
2023-06-28,321.440000
2023-06-29,322.990000
2023-06-30,326.070000
2023-07-03,327.050000
2023-07-05,321.640000
2023-07-06,318.400000
2023-07-07,320.080000
2023-07-10,324.640000
2023-07-11,327.170000
2023-07-12,334.300000
2023-07-13,337.330000
2023-07-14,336.130000
2023-07-17,340.460000
2023-07-18,339.340000
2023-07-19,334.250000
2023-07-20,332.010000
2023-07-21,330.960000
2023-07-24,331.910000
2023-07-25,333.530000
2023-07-26,335.990000
2023-07-27,356.460000
2023-07-28,363.360000
2023-07-31,367.440000
2023-08-01,374.980000
2023-08-02,372.750000
2023-08-03,373.610000
2023-08-04,371.910000
2023-08-07,377.150000
2023-08-08,377.380000
2023-08-09,371.870000
2023-08-10,371.720000
2023-08-11,371.010000
2023-08-14,372.660000
2023-08-15,369.370000
2023-08-16,366.960000
2023-08-17,352.190000
2023-08-18,348.600000
2023-08-21,347.950000
2023-08-22,350.510000
2023-08-23,364.810000
2023-08-24,357.670000
2023-08-25,360.720000
2023-08-28,363.200000
2023-08-29,371.620000
2023-08-30,373.400000
2023-08-31,376.810000
2023-09-01,382.360000
2023-09-05,373.540000
2023-09-06,378.630000
2023-09-07,385.100000
2023-09-08,387.240000
2023-09-11,392.070000
2023-09-12,385.780000
2023-09-13,378.550000
2023-09-14,381.130000
2023-09-15,376.430000
2023-09-18,377.620000
2023-09-19,376.450000
2023-09-20,373.530000
2023-09-21,368.190000
2023-09-22,374.500000
2023-09-25,380.090000
2023-09-26,365.380000
2023-09-27,374.400000
2023-09-28,379.080000
2023-09-29,374.440000
2023-10-02,368.840000
2023-10-03,363.380000
2023-10-04,372.380000
2023-10-05,372.020000
2023-10-06,373.620000
2023-10-09,379.730000
2023-10-10,382.010000
2023-10-11,390.200000
2023-10-12,384.670000
2023-10-13,369.740000
2023-10-16,377.300000
2023-10-17,378.450000
2023-10-18,361.730000
2023-10-19,357.340000
2023-10-20,348.500000
2023-10-23,349.790000
2023-10-24,345.510000
2023-10-25,339.300000
2023-10-26,358.110000
2023-10-27,358.740000
2023-10-30,365.400000
2023-10-31,370.540000
2023-11-01,383.320000
2023-11-02,382.410000
2023-11-03,387.120000
2023-11-06,385.160000
2023-11-07,391.420000
2023-11-08,394.130000
2023-11-09,387.930000
2023-11-10,396.610000
2023-11-13,392.960000
2023-11-14,404.990000
2023-11-15,403.630000
2023-11-16,405.110000
2023-11-17,405.610000
2023-11-20,407.510000
2023-11-21,410.530000
2023-11-22,411.160000
2023-11-24,416.430000
2023-11-27,412.210000
2023-11-28,401.360000
2023-11-29,401.150000
2023-11-30,406.660000
2023-12-01,418.290000
2023-12-04,420.020000
2023-12-05,413.440000
2023-12-06,418.620000
2023-12-07,418.660000
2023-12-08,420.620000
2023-12-11,429.050000
2023-12-12,432.510000
2023-12-13,424.660000
2023-12-14,444.070000
2023-12-15,441.510000
2023-12-18,437.900000
2023-12-19,440.810000
2023-12-20,436.040000
2023-12-21,443.690000
2023-12-22,443.970000
2023-12-26,446.240000
2023-12-27,448.970000
2023-12-28,447.380000
2023-12-29,447.520000
2024-01-02,441.110000
2024-01-03,429.940000
2024-01-04,430.610000
2024-01-05,430.590000
2024-01-08,435.270000
2024-01-09,443.240000
2024-01-10,444.070000
2024-01-11,441.730000
2024-01-12,430.730000
2024-01-16,433.890000
2024-01-17,433.130000
2024-01-18,441.100000
2024-01-19,444.050000
2024-01-22,454.640000
2024-01-23,442.340000
2024-01-24,432.690000
2024-01-25,439.480000
2024-01-26,444.250000
2024-01-29,437.070000
2024-01-30,447.750000
2024-01-31,428.160000
2024-02-01,424.610000
2024-02-02,419.980000
2024-02-05,422.700000
2024-02-06,425.280000
2024-02-07,437.760000
2024-02-08,448.350000
2024-02-09,457.130000
2024-02-12,450.110000
2024-02-13,432.590000
2024-02-14,446.940000
2024-02-15,451.300000
2024-02-16,448.410000
2024-02-20,448.860000
2024-02-21,448.680000
2024-02-22,456.730000
2024-02-23,459.290000
2024-02-26,463.300000
2024-02-27,469.040000
2024-02-28,471.700000
2024-02-29,471.210000
2024-03-01,472.950000
2024-03-04,478.030000
2024-03-05,472.380000
2024-03-06,475.110000
2024-03-07,481.380000
2024-03-08,470.740000
2024-03-11,462.690000
2024-03-12,469.270000
2024-03-13,470.620000
2024-03-14,469.390000
2024-03-15,472.080000
2024-03-18,472.610000
2024-03-19,482.990000
2024-03-20,488.750000
2024-03-21,499.260000
2024-03-22,493.850000
2024-03-25,489.010000
2024-03-26,484.080000
2024-03-27,486.680000
2024-03-28,488.760000
2024-04-01,484.160000
2024-04-02,478.120000
2024-04-03,481.310000
2024-04-04,465.990000
2024-04-05,480.240000
2024-04-08,484.760000
2024-04-09,481.630000
2024-04-10,467.140000
2024-04-11,464.960000
2024-04-12,471.160000
2024-04-15,461.980000
2024-04-16,460.990000
2024-04-17,457.850000
2024-04-18,458.640000
2024-04-19,457.150000
2024-04-22,459.290000
2024-04-23,477.280000
2024-04-24,467.850000
2024-04-25,475.500000
2024-04-26,477.110000
2024-04-29,477.310000
2024-04-30,463.420000
2024-05-01,455.150000
2024-05-02,455.790000
2024-05-03,458.730000
2024-05-06,470.120000
2024-05-07,471.200000
2024-05-08,480.660000
2024-05-09,488.700000
2024-05-10,494.510000
2024-05-13,485.480000
2024-05-14,496.850000
2024-05-15,503.320000
2024-05-16,491.160000
2024-05-17,489.860000
2024-05-20,490.920000
2024-05-21,493.350000
2024-05-22,498.440000
2024-05-23,491.820000
2024-05-24,503.420000
2024-05-28,502.930000
2024-05-29,486.810000
2024-05-30,494.060000
2024-05-31,502.600000
2024-06-03,496.310000
2024-06-04,487.190000
2024-06-05,499.590000
2024-06-06,491.550000
2024-06-07,497.030000
2024-06-10,506.960000
2024-06-11,505.350000
2024-06-12,533.160000
2024-06-13,540.000000
2024-06-14,534.000000
2024-06-17,541.420000
2024-06-18,550.420000
2024-06-20,543.550000
2024-06-21,543.000000
2024-06-24,547.320000
2024-06-25,536.920000
2024-06-26,534.270000
2024-06-27,542.690000
2024-06-28,534.980000
2024-07-01,523.720000
2024-07-02,536.000000
2024-07-03,547.060000
2024-07-05,544.550000
2024-07-08,543.180000
2024-07-09,535.610000
2024-07-10,544.660000
2024-07-11,557.510000
2024-07-12,557.190000
2024-07-15,564.440000
2024-07-16,578.300000
2024-07-17,551.480000
2024-07-18,550.400000
2024-07-19,555.760000
2024-07-22,560.560000
2024-07-23,569.210000
2024-07-24,541.150000
2024-07-25,545.730000
2024-07-26,572.800000
2024-07-29,569.600000
2024-07-30,574.030000
2024-07-31,583.500000
2024-08-01,564.860000
2024-08-02,537.960000
2024-08-05,535.100000
2024-08-06,544.480000
2024-08-07,543.250000
2024-08-08,557.440000
2024-08-09,562.730000
2024-08-12,559.200000
2024-08-13,573.490000
2024-08-14,577.100000
2024-08-15,585.000000
2024-08-16,569.290000
2024-08-19,578.140000
2024-08-20,572.860000
2024-08-21,581.080000
2024-08-22,573.940000
2024-08-23,584.100000
2024-08-26,578.750000
2024-08-27,578.160000
2024-08-28,575.560000
2024-08-29,574.880000
2024-08-30,590.190000
2024-09-03,561.950000
2024-09-04,555.810000
2024-09-05,556.210000
2024-09-06,554.590000
2024-09-09,555.070000
2024-09-10,558.170000
2024-09-11,567.170000
2024-09-12,576.870000
2024-09-13,591.230000
2024-09-16,603.500000
2024-09-17,608.580000
2024-09-18,602.410000
2024-09-19,616.470000
2024-09-20,612.540000
2024-09-23,617.780000
2024-09-24,620.830000
2024-09-25,618.780000
2024-09-26,615.790000
2024-09-27,604.870000
2024-09-30,604.290000
2024-10-01,596.630000
2024-10-02,592.090000
2024-10-03,589.360000
2024-10-04,594.050000
2024-10-07,593.940000
2024-10-08,607.920000
2024-10-09,614.800000
2024-10-10,595.910000
2024-10-11,604.040000
2024-10-14,606.640000
2024-10-15,595.100000
2024-10-16,600.540000
2024-10-17,603.550000
2024-10-18,603.050000
2024-10-21,603.010000
2024-10-22,594.370000
2024-10-23,609.740000
2024-10-24,620.660000
2024-10-25,609.180000
2024-10-28,612.640000
2024-10-29,610.800000
2024-10-30,600.490000
2024-10-31,602.570000
2024-11-01,603.470000
2024-11-04,604.660000
2024-11-05,625.620000
2024-11-06,604.780000
2024-11-07,622.240000
2024-11-08,630.950000
2024-11-11,630.460000
2024-11-12,616.080000
2024-11-13,619.340000
2024-11-14,617.860000
2024-11-15,610.150000
2024-11-18,620.200000
2024-11-19,623.590000
2024-11-20,625.350000
2024-11-21,650.600000
2024-11-22,657.690000
2024-11-25,678.430000
2024-11-26,666.260000
2024-11-27,660.040000
2024-11-29,667.130000
2024-12-02,667.460000
2024-12-03,663.960000
2024-12-04,665.530000
2024-12-05,651.330000
2024-12-06,661.120000
2024-12-09,638.790000
2024-12-10,646.500000
2024-12-11,657.480000
2024-12-12,662.000000
2024-12-13,664.500000
2024-12-16,668.030000
2024-12-17,657.590000
2024-12-18,638.320000
2024-12-19,619.880000
2024-12-20,628.280000
2024-12-23,625.060000
2024-12-24,631.130000
2024-12-26,629.640000
2024-12-27,620.030000
2024-12-30,613.990000
2024-12-31,609.300000
2025-01-02,604.520000
2025-01-03,612.710000
2025-01-06,609.980000
2025-01-07,611.290000
2025-01-08,625.570000
2025-01-10,610.060000
2025-01-13,618.510000
2025-01-14,627.710000
2025-01-15,630.760000
2025-01-16,642.860000
2025-01-17,647.460000
2025-01-21,663.590000
2025-01-22,663.310000
2025-01-23,666.930000
2025-01-24,662.630000
2025-01-27,655.990000
2025-01-28,662.590000
2025-01-29,604.330000
2025-01-30,606.540000
2025-01-31,592.420000
2025-02-03,582.930000
2025-02-04,578.370000
2025-02-05,585.030000
2025-02-06,585.380000
2025-02-07,575.140000
2025-02-10,583.130000
2025-02-11,602.350000
2025-02-12,608.720000
2025-02-13,619.950000
2025-02-14,622.200000
2025-02-18,636.030000
2025-02-19,651.160000
2025-02-20,641.380000
2025-02-21,613.960000
2025-02-24,609.700000
2025-02-25,618.760000
2025-02-26,622.970000
2025-02-27,602.250000
2025-02-28,601.050000
2025-03-03,586.980000
2025-03-04,572.970000
2025-03-05,588.070000
2025-03-06,583.900000
2025-03-07,606.610000
2025-03-10,604.620000
2025-03-11,566.170000
2025-03-12,569.640000
2025-03-13,558.510000
2025-03-14,574.920000
2025-03-17,589.160000
2025-03-18,581.370000
2025-03-19,591.430000
2025-03-20,578.770000
2025-03-21,569.550000
2025-03-24,586.250000
2025-03-25,587.910000
2025-03-26,578.880000
2025-03-27,577.320000
2025-03-28,553.050000
2025-03-31,560.830000
2025-04-01,564.830000
2025-04-02,574.530000
2025-04-03,546.820000
2025-04-04,531.300000
2025-04-07,524.250000
2025-04-08,510.520000
2025-04-09,561.170000
2025-04-10,550.290000
2025-04-11,554.420000
2025-04-14,558.640000
2025-04-15,557.200000
2025-04-16,547.860000
2025-04-17,556.150000
2025-04-21,541.020000
2025-04-22,558.930000
2025-04-23,508.760000
2025-04-24,524.050000
2025-04-25,527.310000
2025-04-28,531.170000
2025-04-29,534.910000
2025-04-30,546.750000
2025-05-01,557.020000
2025-05-02,561.510000
2025-05-05,562.920000
2025-05-06,566.680000
2025-05-07,567.970000
2025-05-08,576.380000
2025-05-09,573.700000
2025-05-12,595.730000
2025-05-13,602.340000
2025-05-14,591.370000
2025-05-15,594.220000
2025-05-16,605.770000
2025-05-19,604.470000
2025-05-20,597.050000
2025-05-21,569.950000
2025-05-22,574.600000
2025-05-23,567.160000
2025-05-27,579.220000
2025-05-28,568.240000
2025-05-29,569.500000
2025-05-30,564.450000
2025-06-02,551.780000
2025-06-03,560.740000
2025-06-04,561.510000
2025-06-05,550.610000
2025-06-06,552.350000
2025-06-09,556.090000
2025-06-10,555.290000
2025-06-11,550.950000
2025-06-12,550.210000
2025-06-13,538.090000
2025-06-16,543.960000
2025-06-17,537.470000
2025-06-18,547.920000
2025-06-20,550.150000
2025-06-23,564.180000
2025-06-24,569.150000
2025-06-25,564.980000
2025-06-26,564.510000
2025-06-27,567.490000
2025-06-30,573.240000
2025-07-01,598.660000
2025-07-02,602.100000
2025-07-03,604.220000
2025-07-07,592.090000
2025-07-08,594.540000
2025-07-09,602.380000
2025-07-10,617.380000
2025-07-11,616.850000
2025-07-14,615.250000
2025-07-15,604.220000
2025-07-16,597.160000
2025-07-17,611.850000
2025-07-18,609.430000
2025-07-21,601.030000
2025-07-22,619.970000
2025-07-23,660.800000
2025-07-24,664.540000
2025-07-25,660.820000
2025-07-28,654.420000
2025-07-29,639.520000
2025-07-30,615.570000
2025-07-31,609.000000
2025-08-01,605.870000
2025-08-04,600.480000
2025-08-05,603.000000
2025-08-06,594.930000
2025-08-07,593.860000
2025-08-08,582.190000
2025-08-11,582.360000
2025-08-12,590.520000
2025-08-13,611.690000
2025-08-14,599.160000
2025-08-15,591.660000
2025-08-18,600.060000
2025-08-19,613.470000
2025-08-20,589.080000
2025-08-21,570.640000
2025-08-22,591.920000
2025-08-25,570.540000
2025-08-26,567.630000
2025-08-27,567.000000
2025-08-28,559.480000
2025-08-29,557.860000
2025-09-02,543.570000
2025-09-03,545.040000
2025-09-04,561.370000
2025-09-05,578.050000
2025-09-08,580.460000
2025-09-09,558.080000
2025-09-10,558.780000
2025-09-11,567.280000
2025-09-12,544.480000
2025-09-15,551.850000
2025-09-16,550.400000
2025-09-17,545.930000
2025-09-18,541.740000
2025-09-19,539.640000
2025-09-22,533.830000
2025-09-23,530.660000
2025-09-24,522.440000
2025-09-25,516.180000
2025-09-26,521.940000
2025-09-29,520.650000
2025-09-30,529.360000
2025-10-01,537.060000
2025-10-02,546.610000
2025-10-03,550.630000
2025-10-06,553.600000
2025-10-07,542.030000
2025-10-08,554.580000
2025-10-09,534.340000
2025-10-10,524.500000
2025-10-13,524.250000
2025-10-14,530.840000
2025-10-15,526.990000
2025-10-16,523.940000
2025-10-17,522.950000
2025-10-20,534.750000
2025-10-21,548.990000
2025-10-22,493.070000
2025-10-23,494.990000
2025-10-24,496.240000
2025-10-27,502.220000
2025-10-28,501.160000
2025-10-29,487.780000
2025-10-30,495.690000
2025-10-31,505.000000
2025-11-03,493.880000
2025-11-04,492.160000
2025-11-05,489.990000
2025-11-06,491.000000
2025-11-07,492.220000
2025-11-10,489.420000
2025-11-11,487.390000
2025-11-12,476.950000
2025-11-13,476.660000
2025-11-14,471.500000
2025-11-17,459.890000
2025-11-18,455.540000
2025-11-19,446.440000
2025-11-20,444.260000
2025-11-21,465.120000
2025-11-24,465.170000
2025-11-25,484.160000
2025-11-26,493.400000
2025-11-28,498.870000
2025-12-01,489.460000
2025-12-02,487.290000
2025-12-03,500.010000
2025-12-04,504.730000
2025-12-05,511.630000
2025-12-08,503.430000
2025-12-09,500.490000
2025-12-10,505.780000
2025-12-11,514.860000
2025-12-12,505.760000
2025-12-15,496.130000
2025-12-16,492.430000
2025-12-17,487.470000
2025-12-18,494.010000
2025-12-19,496.920000
2025-12-22,495.480000
2025-12-23,494.550000
2025-12-24,497.230000
2025-12-26,498.160000
2025-12-29,496.580000
2025-12-30,494.000000
2025-12-31,485.580000
2026-01-02,498.910000
2026-01-05,503.900000
2026-01-06,519.850000
2026-01-07,504.970000
2026-01-08,516.620000
2026-01-09,530.230000
2026-01-12,533.250000
2026-01-13,531.000000
2026-01-14,525.250000
2026-01-15,522.330000
2026-01-16,525.870000
2026-01-20,505.440000
2026-01-21,516.420000
2026-01-22,509.680000
2026-01-23,509.760000
2026-01-26,512.410000
2026-01-27,498.800000
2026-01-28,487.490000
2026-01-29,496.110000
2026-01-30,495.080000
2026-02-02,495.290000
2026-02-03,508.490000
2026-02-04,534.530000
2026-02-05,517.150000
2026-02-06,529.980000
2026-02-09,529.290000
2026-02-10,548.560000
2026-02-11,557.510000
2026-02-12,558.550000
2026-02-13,566.650000
2026-02-17,565.500000
2026-02-18,553.890000
2026-02-19,550.320000
2026-02-20,561.010000
2026-02-23,554.840000
2026-02-24,558.320000
2026-02-25,539.950000
2026-02-26,544.410000
2026-02-27,569.940000
2026-03-02,563.400000
2026-03-03,552.300000
2026-03-04,550.670000
2026-03-05,528.720000
2026-03-06,517.470000
2026-03-09,516.960000
2026-03-10,511.860000
2026-03-11,508.660000
2026-03-12,482.300000
2026-03-13,480.960000
2026-03-16,478.860000
2026-03-17,486.980000
2026-03-18,477.990000
2026-03-19,477.210000
2026-03-20,467.880000
2026-03-23,476.960000
2026-03-24,476.970000
2026-03-25,481.680000
2026-03-26,438.300000
2026-03-27,437.870000
2026-03-30,443.990000
2026-03-31,464.130000
2026-04-01,464.840000
2026-04-02,454.640000
2026-04-06,453.590000
2026-04-07,450.650000
2026-04-08,478.080000
2026-04-09,488.680000
2026-04-10,505.310000
2026-04-13,517.880000
2026-04-14,520.420000
2026-04-15,484.290000
2026-04-16,479.220000
2026-04-17,487.110000
2026-04-20,493.460000
2026-04-21,492.690000
2026-04-22,489.760000
2026-04-23,493.670000
2026-04-24,490.970000
2026-04-27,502.240000
2026-04-28,495.520000
2026-04-29,517.620000
2026-04-30,534.890000
2026-05-01,526.330000
2026-05-04,514.860000
2026-05-05,522.200000
2026-05-06,541.370000
2026-05-07,526.610000
2026-05-08,521.250000
2026-05-11,521.480000
2026-05-12,508.550000
2026-05-13,507.500000
2026-05-14,514.380000
2026-05-15,499.990000
2026-05-18,501.410000
2026-05-19,482.690000
2026-05-20,493.330000
2026-05-21,480.510000
2026-05-22,484.640000
2026-05-26,502.560000
2026-05-27,503.160000
2026-05-28,497.020000
2026-05-29,502.160000
2026-06-01,496.770000
2026-06-02,516.370000
2026-06-03,515.300000
2026-06-04,518.080000
2026-06-05,508.430000
2026-06-08,513.450000
2026-06-09,529.040000
2026-06-10,504.800000
2026-06-11,517.030000
2026-06-12,512.150000
2026-06-15,524.170000
2026-06-16,528.330000
2026-06-17,516.110000
2026-06-18,532.430000
2026-06-22,536.040000
2026-06-23,523.590000
2026-06-24,551.750000
2026-06-25,570.730000
2026-06-26,563.870000
2026-06-29,568.830000
2026-06-30,572.950000
2026-07-01,571.080000
2026-07-02,570.030000
2026-07-06,568.000000
2026-07-07,556.930000
2026-07-08,537.760000
2026-07-09,537.500000
2026-07-10,552.030000
2026-07-13,551.180000
2026-07-14,562.770000
2026-07-15,548.670000
2026-07-16,558.570000
2026-07-17,543.930000
2026-07-20,533.580000
2026-07-21,529.880000
2026-07-22,532.780000
2026-07-23,537.890000
2026-07-24,541.130000
2026-07-27,547.350000
2026-07-28,544.110000
2026-07-29,430.020000
2026-07-30,417.450000
2026-07-31,415.880000
2026-08-03,435.000000
2026-08-04,446.740000
2026-08-05,446.870000
2026-08-06,435.730000
2026-08-07,439.770000
2026-08-10,423.280000
2026-08-11,430.830000
2026-08-12,420.910000
2026-08-13,418.310000
2026-08-14,422.010000
2026-08-17,416.130000
2026-08-18,411.050000
2026-08-19,419.340000
2026-08-20,406.050000
2026-08-21,402.870000
2026-08-24,399.100000
2026-08-25,389.060000
2026-08-26,393.720000
2026-08-27,391.150000
