d,c
2009-01-02,85.550000
2009-01-05,83.850000
2009-01-06,84.100000
2009-01-07,81.830000
2009-01-08,80.810000
2009-01-09,80.760000
2009-01-12,79.660000
2009-01-13,80.250000
2009-01-14,78.800000
2009-01-15,79.480000
2009-01-16,82.160000
2009-01-20,78.630000
2009-01-21,80.030000
2009-01-22,85.080000
2009-01-23,80.980000
2009-01-26,82.520000
2009-01-27,82.480000
2009-01-28,82.570000
2009-01-29,83.110000
2009-01-30,82.040000
2009-02-02,79.180000
2009-02-03,79.900000
2009-02-04,81.060000
2009-02-05,81.620000
2009-02-06,79.370000
2009-02-09,81.500000
2009-02-10,77.990000
2009-02-11,77.490000
2009-02-12,77.380000
2009-02-13,78.470000
2009-02-17,75.640000
2009-02-18,77.030000
2009-02-19,77.160000
2009-02-20,77.750000
2009-02-23,73.870000
2009-02-24,74.440000
2009-02-25,70.460000
2009-02-26,68.930000
2009-02-27,63.110000
2009-03-02,59.960000
2009-03-03,59.350000
2009-03-04,61.950000
2009-03-05,59.910000
2009-03-06,58.850000
2009-03-09,58.240000
2009-03-10,59.010000
2009-03-11,58.180000
2009-03-12,61.020000
2009-03-13,61.200000
2009-03-16,64.610000
2009-03-17,65.660000
2009-03-18,66.840000
2009-03-19,68.220000
2009-03-20,67.780000
2009-03-23,69.140000
2009-03-24,68.090000
2009-03-25,68.480000
2009-03-26,72.670000
2009-03-27,71.280000
2009-03-30,69.010000
2009-03-31,69.030000
2009-04-01,67.590000
2009-04-02,69.170000
2009-04-03,67.310000
2009-04-06,73.280000
2009-04-07,73.790000
2009-04-08,72.700000
2009-04-09,73.320000
2009-04-13,73.790000
2009-04-14,72.910000
2009-04-15,74.330000
2009-04-16,77.580000
2009-04-17,76.940000
2009-04-20,75.730000
2009-04-21,76.040000
2009-04-22,74.850000
2009-04-23,77.360000
2009-04-24,77.080000
2009-04-27,78.060000
2009-04-28,77.130000
2009-04-29,79.080000
2009-04-30,78.530000
2009-05-01,81.590000
2009-05-04,80.340000
2009-05-05,79.680000
2009-05-06,80.480000
2009-05-07,79.680000
2009-05-08,82.460000
2009-05-11,80.350000
2009-05-12,81.610000
2009-05-13,80.530000
2009-05-14,80.870000
2009-05-15,79.930000
2009-05-18,80.550000
2009-05-19,80.540000
2009-05-20,82.480000
2009-05-21,81.480000
2009-05-22,81.440000
2009-05-26,83.260000
2009-05-27,81.780000
2009-05-28,82.990000
2009-05-29,83.630000
2009-06-01,84.160000
2009-06-02,84.370000
2009-06-03,83.240000
2009-06-04,84.500000
2009-06-05,86.170000
2009-06-08,85.850000
2009-06-09,84.010000
2009-06-10,82.930000
2009-06-11,82.220000
2009-06-12,82.770000
2009-06-15,82.070000
2009-06-16,81.810000
2009-06-17,82.050000
2009-06-18,83.490000
2009-06-19,82.550000
2009-06-22,81.480000
2009-06-23,81.350000
2009-06-24,79.520000
2009-06-25,81.130000
2009-06-26,80.970000
2009-06-29,82.040000
2009-06-30,80.650000
2009-07-01,80.640000
2009-07-02,79.520000
2009-07-06,80.500000
2009-07-07,78.000000
2009-07-08,78.400000
2009-07-09,78.280000
2009-07-10,77.910000
2009-07-13,80.000000
2009-07-14,81.190000
2009-07-15,81.250000
2009-07-16,82.490000
2009-07-17,81.090000
2009-07-20,82.110000
2009-07-21,75.130000
2009-07-22,76.250000
2009-07-23,75.350000
2009-07-24,74.080000
2009-07-27,74.550000
2009-07-28,75.070000
2009-07-29,74.710000
2009-07-30,74.650000
2009-07-31,74.760000
2009-08-03,75.750000
2009-08-04,75.470000
2009-08-05,74.320000
2009-08-06,75.700000
2009-08-07,76.760000
2009-08-10,76.120000
2009-08-11,75.210000
2009-08-12,75.650000
2009-08-13,75.400000
2009-08-14,74.590000
2009-08-17,73.960000
2009-08-18,74.100000
2009-08-19,73.740000
2009-08-20,74.620000
2009-08-21,74.920000
2009-08-24,74.710000
2009-08-25,74.430000
2009-08-26,74.580000
2009-08-27,75.540000
2009-08-28,74.950000
2009-08-31,74.980000
2009-09-01,75.600000
2009-09-02,74.560000
2009-09-03,74.880000
2009-09-04,75.280000
2009-09-08,74.170000
2009-09-09,73.130000
2009-09-10,73.560000
2009-09-11,75.640000
2009-09-14,75.590000
2009-09-15,75.700000
2009-09-16,76.160000
2009-09-17,79.560000
2009-09-18,80.080000
2009-09-21,79.240000
2009-09-22,79.560000
2009-09-23,78.830000
2009-09-24,76.950000
2009-09-25,77.890000
2009-09-28,78.400000
2009-09-29,79.050000
2009-09-30,78.080000
2009-10-01,76.610000
2009-10-02,75.370000
2009-10-05,74.990000
2009-10-06,76.180000
2009-10-07,74.030000
2009-10-08,73.000000
2009-10-09,75.820000
2009-10-12,74.420000
2009-10-13,74.100000
2009-10-14,75.150000
2009-10-15,74.870000
2009-10-16,75.440000
2009-10-19,76.990000
2009-10-20,71.990000
2009-10-21,69.660000
2009-10-22,71.580000
2009-10-23,72.190000
2009-10-26,71.470000
2009-10-27,70.010000
2009-10-28,68.320000
2009-10-29,69.490000
2009-10-30,68.790000
2009-11-02,68.870000
2009-11-03,69.400000
2009-11-04,70.400000
2009-11-05,72.860000
2009-11-06,73.770000
2009-11-09,75.590000
2009-11-10,74.600000
2009-11-11,75.080000
2009-11-12,74.100000
2009-11-13,76.070000
2009-11-16,76.980000
2009-11-17,76.310000
2009-11-18,75.360000
2009-11-19,75.280000
2009-11-20,76.100000
2009-11-23,77.280000
2009-11-24,77.560000
2009-11-25,78.600000
2009-11-27,77.100000
2009-11-30,77.230000
2009-12-01,78.930000
2009-12-02,78.190000
2009-12-03,77.470000
2009-12-04,78.210000
2009-12-07,78.670000
2009-12-08,77.660000
2009-12-09,75.400000
2009-12-10,75.980000
2009-12-11,76.780000
2009-12-14,77.820000
2009-12-15,77.610000
2009-12-16,77.460000
2009-12-17,76.080000
2009-12-18,76.340000
2009-12-21,76.270000
2009-12-22,75.650000
2009-12-23,75.230000
2009-12-24,75.110000
2009-12-28,75.700000
2009-12-29,76.660000
2009-12-30,76.120000
2009-12-31,75.350000
2010-01-04,76.850000
2010-01-05,77.650000
2010-01-06,76.510000
2010-01-07,74.410000
2010-01-08,75.610000
2010-01-11,75.970000
2010-01-12,75.960000
2010-01-13,76.880000
2010-01-14,76.840000
2010-01-15,76.760000
2010-01-19,78.310000
2010-01-20,78.110000
2010-01-21,76.980000
2010-01-22,75.580000
2010-01-25,76.760000
2010-01-26,76.780000
2010-01-27,77.130000
2010-01-28,76.150000
2010-01-29,74.520000
2010-02-01,74.890000
2010-02-02,76.550000
2010-02-03,76.690000
2010-02-04,76.000000
2010-02-05,75.720000
2010-02-08,74.530000
2010-02-09,75.450000
2010-02-10,75.110000
2010-02-11,76.350000
2010-02-12,75.580000
2010-02-16,76.030000
2010-02-17,76.370000
2010-02-18,77.330000
2010-02-19,77.210000
2010-02-22,76.940000
2010-02-23,76.900000
2010-02-24,77.528000
2010-02-25,76.990000
2010-02-26,77.760000
2010-03-01,78.860000
2010-03-02,79.210000
2010-03-03,78.850000
2010-03-04,79.270000
2010-03-05,81.270000
2010-03-08,81.090000
2010-03-09,82.220000
2010-03-10,82.580000
2010-03-11,83.030000
2010-03-12,83.090000
2010-03-15,84.120000
2010-03-16,84.620000
2010-03-17,84.860000
2010-03-18,85.940000
2010-03-19,86.900000
2010-03-22,85.710000
2010-03-23,84.780000
2010-03-24,83.880000
2010-03-25,83.530000
2010-03-26,84.240000
2010-03-29,84.820000
2010-03-30,84.090000
2010-03-31,83.220000
2010-04-01,83.880000
2010-04-05,83.840000
2010-04-06,82.520000
2010-04-07,82.190000
2010-04-08,82.190000
2010-04-09,82.790000
2010-04-12,82.920000
2010-04-13,82.600000
2010-04-14,82.610000
2010-04-15,83.220000
2010-04-16,82.990000
2010-04-19,84.200000
2010-04-20,84.970000
2010-04-21,86.250000
2010-04-22,86.670000
2010-04-23,86.920000
2010-04-26,86.090000
2010-04-27,84.500000
2010-04-28,84.960000
2010-04-29,86.370000
2010-04-30,84.890000
2010-05-03,86.750000
2010-05-04,85.400000
2010-05-05,84.840000
2010-05-06,82.850000
2010-05-07,81.270000
2010-05-10,83.620000
2010-05-11,83.100000
2010-05-12,83.410000
2010-05-13,82.350000
2010-05-14,80.790000
2010-05-17,81.310000
2010-05-18,81.000000
2010-05-19,80.500000
2010-05-20,77.550000
2010-05-21,81.160000
2010-05-24,79.800000
2010-05-25,80.400000
2010-05-26,79.730000
2010-05-27,80.560000
2010-05-28,79.920000
2010-06-01,79.170000
2010-06-02,79.800000
2010-06-03,79.710000
2010-06-04,77.390000
2010-06-07,76.320000
2010-06-08,77.000000
2010-06-09,77.340000
2010-06-10,78.470000
2010-06-11,78.750000
2010-06-14,79.670000
2010-06-15,80.840000
2010-06-16,81.200000
2010-06-17,80.950000
2010-06-18,80.690000
2010-06-21,80.070000
2010-06-22,79.860000
2010-06-23,79.690000
2010-06-24,78.120000
2010-06-25,78.050000
2010-06-28,77.580000
2010-06-29,75.150000
2010-06-30,74.500000
2010-07-01,74.460000
2010-07-02,74.440000
2010-07-06,74.330000
2010-07-07,75.410000
2010-07-08,76.150000
2010-07-09,75.240000
2010-07-12,74.740000
2010-07-13,75.530000
2010-07-14,75.500000
2010-07-15,75.950000
2010-07-16,73.930000
2010-07-19,74.050000
2010-07-20,73.900000
2010-07-21,73.660000
2010-07-22,74.250000
2010-07-23,73.950000
2010-07-26,74.880000
2010-07-27,74.870000
2010-07-28,75.240000
2010-07-29,74.950000
2010-07-30,75.150000
2010-08-02,75.900000
2010-08-03,75.430000
2010-08-04,75.020000
2010-08-05,75.030000
2010-08-06,75.070000
2010-08-09,75.600000
2010-08-10,75.050000
2010-08-11,73.120000
2010-08-12,72.480000
2010-08-13,72.720000
2010-08-16,71.940000
2010-08-17,72.420000
2010-08-18,73.660000
2010-08-19,73.080000
2010-08-20,73.200000
2010-08-23,72.480000
2010-08-24,71.250000
2010-08-25,71.670000
2010-08-26,71.540000
2010-08-27,72.270000
2010-08-30,70.220000
2010-08-31,69.520000
2010-09-01,69.930000
2010-09-02,70.320000
2010-09-03,70.720000
2010-09-07,69.590000
2010-09-08,68.860000
2010-09-09,69.370000
2010-09-10,70.380000
2010-09-13,69.450000
2010-09-14,68.480000
2010-09-15,68.480000
2010-09-16,68.510000
2010-09-17,69.750000
2010-09-20,70.710000
2010-09-21,71.650000
2010-09-22,71.800000
2010-09-23,71.670000
2010-09-24,73.130000
2010-09-27,72.380000
2010-09-28,72.470000
2010-09-29,71.890000
2010-09-30,71.280000
2010-10-01,69.610000
2010-10-04,69.350000
2010-10-05,70.600000
2010-10-06,70.900000
2010-10-07,70.630000
2010-10-08,70.100000
2010-10-11,70.480000
2010-10-12,70.550000
2010-10-13,71.120000
2010-10-14,70.200000
2010-10-15,70.020000
2010-10-18,70.040000
2010-10-19,69.470000
2010-10-20,69.830000
2010-10-21,71.840000
2010-10-22,71.780000
2010-10-25,71.410000
2010-10-26,71.800000
2010-10-27,70.890000
2010-10-28,71.020000
2010-10-29,71.290000
2010-11-01,71.470000
2010-11-02,71.640000
2010-11-03,70.930000
2010-11-04,71.960000
2010-11-05,73.270000
2010-11-08,73.290000
2010-11-09,72.550000
2010-11-10,71.920000
2010-11-11,70.110000
2010-11-12,69.490000
2010-11-15,69.370000
2010-11-16,68.680000
2010-11-17,68.550000
2010-11-18,69.150000
2010-11-19,69.430000
2010-11-22,68.640000
2010-11-23,68.320000
2010-11-24,69.160000
2010-11-26,68.800000
2010-11-29,68.200000
2010-11-30,68.040000
2010-12-01,69.400000
2010-12-02,69.800000
2010-12-03,69.180000
2010-12-06,68.780000
2010-12-07,69.450000
2010-12-08,68.730000
2010-12-09,68.310000
2010-12-10,68.840000
2010-12-13,68.620000
2010-12-14,70.020000
2010-12-15,69.720000
2010-12-16,70.370000
2010-12-17,70.070000
2010-12-20,69.650000
2010-12-21,69.800000
2010-12-22,69.350000
2010-12-23,69.250000
2010-12-27,69.310000
2010-12-28,69.580000
2010-12-29,69.130000
2010-12-30,68.690000
2010-12-31,69.910000
2011-01-04,70.310000
2011-01-05,71.920000
2011-01-06,73.180000
2011-01-07,73.630000
2011-01-10,73.590000
2011-01-11,73.650000
2011-01-12,74.240000
2011-01-13,73.840000
2011-01-14,74.500000
2011-01-18,76.540000
2011-01-19,77.660000
2011-01-20,79.320000
2011-01-21,79.220000
2011-01-24,78.030000
2011-01-25,79.070000
2011-01-26,78.390000
2011-01-27,79.100000
2011-01-28,78.200000
2011-01-31,79.600000
2011-02-01,80.590000
2011-02-02,81.070000
2011-02-03,80.720000
2011-02-04,80.710000
2011-02-07,81.520000
2011-02-08,81.400000
2011-02-09,82.270000
2011-02-10,81.890000
2011-02-11,81.690000
2011-02-14,80.920000
2011-02-15,81.480000
2011-02-16,81.280000
2011-02-17,81.900000
2011-02-18,81.810000
2011-02-22,80.180000
2011-02-23,80.140000
2011-02-24,80.220000
2011-02-25,80.110000
2011-02-28,79.160000
2011-03-01,79.120000
2011-03-02,79.460000
2011-03-03,80.780000
2011-03-04,79.850000
2011-03-07,79.300000
2011-03-08,80.270000
2011-03-09,80.480000
2011-03-10,79.040000
2011-03-11,80.470000
2011-03-14,80.470000
2011-03-15,79.680000
2011-03-16,78.410000
2011-03-17,80.410000
2011-03-18,80.530000
2011-03-21,81.230000
2011-03-22,81.300000
2011-03-23,81.180000
2011-03-24,80.800000
2011-03-25,80.370000
2011-03-28,80.260000
2011-03-29,80.350000
2011-03-30,79.760000
2011-03-31,80.400000
2011-04-01,80.980000
2011-04-04,80.990000
2011-04-05,81.110000
2011-04-06,81.490000
2011-04-07,81.790000
2011-04-08,80.500000
2011-04-11,80.510000
2011-04-12,80.370000
2011-04-13,78.310000
2011-04-14,77.730000
2011-04-15,78.190000
2011-04-18,76.900000
2011-04-19,77.010000
2011-04-20,77.880000
2011-04-21,77.780000
2011-04-25,77.440000
2011-04-26,79.040000
2011-04-27,79.160000
2011-04-28,79.060000
2011-04-29,79.250000
2011-05-02,78.740000
2011-05-03,79.890000
2011-05-04,78.910000
2011-05-05,79.810000
2011-05-06,79.950000
2011-05-09,79.930000
2011-05-10,79.450000
2011-05-11,79.380000
2011-05-12,80.070000
2011-05-13,79.590000
2011-05-16,80.340000
2011-05-17,79.560000
2011-05-18,80.010000
2011-05-19,80.380000
2011-05-20,79.750000
2011-05-23,79.230000
2011-05-24,78.600000
2011-05-25,78.460000
2011-05-26,77.740000
2011-05-27,77.260000
2011-05-31,77.900000
2011-06-01,75.760000
2011-06-02,75.730000
2011-06-03,76.280000
2011-06-06,77.380000
2011-06-07,77.290000
2011-06-08,77.120000
2011-06-09,77.890000
2011-06-10,77.300000
2011-06-13,78.860000
2011-06-14,79.640000
2011-06-15,79.630000
2011-06-16,79.910000
2011-06-17,80.010000
2011-06-20,80.340000
2011-06-21,80.650000
2011-06-22,80.010000
2011-06-23,79.690000
2011-06-24,79.200000
2011-06-27,79.670000
2011-06-28,79.440000
2011-06-29,80.370000
2011-06-30,80.970000
2011-07-01,81.970000
2011-07-05,80.970000
2011-07-06,81.620000
2011-07-07,81.360000
2011-07-08,80.510000
2011-07-11,79.980000
2011-07-12,79.710000
2011-07-13,79.670000
2011-07-14,79.200000
2011-07-15,78.370000
2011-07-18,77.440000
2011-07-19,78.400000
2011-07-20,78.320000
2011-07-21,80.160000
2011-07-22,79.600000
2011-07-25,79.300000
2011-07-26,80.820000
2011-07-27,77.460000
2011-07-28,75.290000
2011-07-29,75.730000
2011-08-01,74.460000
2011-08-02,73.680000
2011-08-03,73.560000
2011-08-04,71.320000
2011-08-05,72.820000
2011-08-08,68.900000
2011-08-09,70.880000
2011-08-10,66.870000
2011-08-11,68.840000
2011-08-12,69.120000
2011-08-15,70.260000
2011-08-16,70.690000
2011-08-17,71.190000
2011-08-18,69.380000
2011-08-19,69.390000
2011-08-22,69.920000
2011-08-23,71.880000
2011-08-24,73.260000
2011-08-25,72.040000
2011-08-26,73.250000
2011-08-29,74.070000
2011-08-30,74.100000
2011-08-31,74.190000
2011-09-01,73.050000
2011-09-02,71.370000
2011-09-06,71.220000
2011-09-07,72.940000
2011-09-08,71.940000
2011-09-09,71.570000
2011-09-12,72.240000
2011-09-13,72.710000
2011-09-14,73.580000
2011-09-15,75.440000
2011-09-16,76.030000
2011-09-19,76.690000
2011-09-20,75.440000
2011-09-21,72.650000
2011-09-22,73.140000
2011-09-23,72.090000
2011-09-26,73.780000
2011-09-27,74.270000
2011-09-28,73.320000
2011-09-29,72.490000
2011-09-30,72.640000
2011-10-03,71.160000
2011-10-04,72.700000
2011-10-05,72.490000
2011-10-06,73.130000
2011-10-07,74.000000
2011-10-10,75.750000
2011-10-11,76.320000
2011-10-12,76.130000
2011-10-13,76.410000
2011-10-14,75.990000
2011-10-17,74.720000
2011-10-18,75.980000
2011-10-19,75.470000
2011-10-20,75.700000
2011-10-21,77.400000
2011-10-24,78.730000
2011-10-25,78.890000
2011-10-26,76.350000
2011-10-27,75.650000
2011-10-28,75.430000
2011-10-31,75.900000
2011-11-01,73.990000
2011-11-02,74.520000
2011-11-03,76.090000
2011-11-04,76.520000
2011-11-07,78.260000
2011-11-08,78.390000
2011-11-09,76.950000
2011-11-10,76.130000
2011-11-11,77.420000
2011-11-14,77.350000
2011-11-15,77.850000
2011-11-16,75.930000
2011-11-17,75.160000
2011-11-18,75.100000
2011-11-21,74.490000
2011-11-22,74.470000
2011-11-23,73.950000
2011-11-25,75.390000
2011-11-28,77.000000
2011-11-29,76.510000
2011-11-30,78.150000
2011-12-01,78.980000
2011-12-02,77.820000
2011-12-05,78.110000
2011-12-06,77.910000
2011-12-07,77.570000
2011-12-08,76.520000
2011-12-09,77.420000
2011-12-12,76.890000
2011-12-13,76.730000
2011-12-14,76.290000
2011-12-15,76.920000
2011-12-16,77.100000
2011-12-19,76.820000
2011-12-20,78.530000
2011-12-21,79.630000
2011-12-22,80.810000
2011-12-23,81.410000
2011-12-27,81.320000
2011-12-28,80.940000
2011-12-29,81.520000
2011-12-30,80.900000
2012-01-03,82.020000
2012-01-04,80.910000
2012-01-05,80.070000
2012-01-06,79.980000
2012-01-09,80.040000
2012-01-10,80.620000
2012-01-11,80.780000
2012-01-12,81.690000
2012-01-13,81.520000
2012-01-17,81.640000
2012-01-18,82.280000
2012-01-19,83.710000
2012-01-20,82.780000
2012-01-23,82.540000
2012-01-24,82.240000
2012-01-25,81.730000
2012-01-26,82.470000
2012-01-27,82.020000
2012-01-30,82.010000
2012-01-31,82.320000
2012-02-01,83.520000
2012-02-02,83.170000
2012-02-03,84.590000
2012-02-06,85.250000
2012-02-07,86.630000
2012-02-08,87.640000
2012-02-09,88.010000
2012-02-10,87.510000
2012-02-13,88.230000
2012-02-14,88.450000
2012-02-15,86.930000
2012-02-16,86.400000
2012-02-17,87.990000
2012-02-21,87.150000
2012-02-22,87.620000
2012-02-23,88.290000
2012-02-24,89.530000
2012-02-27,89.410000
2012-02-28,88.700000
2012-02-29,88.410000
2012-03-01,88.370000
2012-03-02,88.500000
2012-03-05,88.680000
2012-03-06,87.780000
2012-03-07,87.960000
2012-03-08,88.380000
2012-03-09,88.910000
2012-03-12,89.000000
2012-03-13,89.650000
2012-03-14,90.420000
2012-03-15,90.300000
2012-03-16,89.320000
2012-03-19,89.560000
2012-03-20,89.340000
2012-03-21,89.450000
2012-03-22,89.400000
2012-03-23,89.770000
2012-03-26,90.640000
2012-03-27,90.850000
2012-03-28,89.690000
2012-03-29,89.630000
2012-03-30,89.860000
2012-04-02,91.160000
2012-04-03,91.070000
2012-04-04,90.340000
2012-04-05,90.150000
2012-04-09,88.740000
2012-04-10,87.670000
2012-04-11,88.490000
2012-04-12,90.170000
2012-04-13,89.300000
2012-04-16,89.570000
2012-04-17,90.600000
2012-04-18,90.370000
2012-04-19,90.340000
2012-04-20,90.840000
2012-04-23,90.530000
2012-04-24,91.130000
2012-04-25,90.980000
2012-04-26,91.700000
2012-04-27,91.340000
2012-04-30,90.540000
2012-05-01,90.550000
2012-05-02,90.080000
2012-05-03,89.470000
2012-05-04,87.830000
2012-05-07,87.310000
2012-05-08,87.130000
2012-05-09,85.950000
2012-05-10,86.120000
2012-05-11,85.210000
2012-05-14,85.200000
2012-05-15,84.590000
2012-05-16,84.330000
2012-05-17,82.830000
2012-05-18,82.780000
2012-05-21,83.630000
2012-05-22,83.690000
2012-05-23,83.350000
2012-05-24,83.370000
2012-05-25,82.710000
2012-05-29,83.660000
2012-05-30,82.800000
2012-05-31,82.800000
2012-06-01,81.220000
2012-06-04,81.050000
2012-06-05,80.820000
2012-06-06,82.380000
2012-06-07,83.150000
2012-06-08,83.290000
2012-06-11,82.460000
2012-06-12,83.370000
2012-06-13,82.670000
2012-06-14,83.330000
2012-06-15,83.450000
2012-06-18,84.760000
2012-06-19,85.300000
2012-06-20,84.540000
2012-06-21,84.370000
2012-06-22,85.350000
2012-06-25,84.250000
2012-06-26,83.380000
2012-06-27,84.910000
2012-06-28,84.530000
2012-06-29,87.080000
2012-07-02,87.160000
2012-07-03,87.510000
2012-07-05,87.000000
2012-07-06,86.860000
2012-07-09,87.390000
2012-07-10,87.020000
2012-07-11,86.840000
2012-07-12,86.020000
2012-07-13,87.250000
2012-07-16,87.140000
2012-07-17,87.430000
2012-07-18,88.600000
2012-07-19,88.510000
2012-07-20,87.710000
2012-07-23,86.910000
2012-07-24,87.790000
2012-07-25,87.680000
2012-07-26,88.550000
2012-07-27,90.200000
2012-07-30,89.080000
2012-07-31,89.270000
2012-08-01,88.960000
2012-08-02,88.450000
2012-08-03,89.390000
2012-08-06,88.990000
2012-08-07,90.320000
2012-08-08,90.890000
2012-08-09,90.540000
2012-08-10,91.030000
2012-08-13,91.120000
2012-08-14,91.350000
2012-08-15,91.510000
2012-08-16,92.050000
2012-08-17,92.400000
2012-08-20,93.320000
2012-08-21,93.800000
2012-08-22,93.030000
2012-08-23,92.200000
2012-08-24,92.450000
2012-08-27,92.280000
2012-08-28,92.480000
2012-08-29,91.920000
2012-08-30,90.930000
2012-08-31,91.140000
2012-09-04,90.530000
2012-09-05,91.530000
2012-09-06,92.830000
2012-09-07,92.180000
2012-09-10,92.030000
2012-09-11,92.240000
2012-09-12,92.420000
2012-09-13,93.130000
2012-09-14,92.520000
2012-09-17,92.210000
2012-09-18,91.770000
2012-09-19,92.240000
2012-09-20,91.180000
2012-09-21,91.290000
2012-09-24,91.040000
2012-09-25,91.500000
2012-09-26,91.910000
2012-09-27,92.460000
2012-09-28,93.380000
2012-10-01,93.440000
2012-10-02,93.160000
2012-10-03,93.090000
2012-10-04,94.520000
2012-10-05,94.370000
2012-10-08,94.010000
2012-10-09,93.720000
2012-10-10,92.710000
2012-10-11,92.720000
2012-10-12,92.960000
2012-10-15,92.500000
2012-10-16,93.370000
2012-10-17,93.580000
2012-10-18,94.320000
2012-10-19,92.890000
2012-10-22,92.770000
2012-10-23,91.950000
2012-10-24,93.920000
2012-10-25,93.550000
2012-10-26,92.840000
2012-10-31,93.670000
2012-11-01,94.190000
2012-11-02,93.720000
2012-11-05,94.100000
2012-11-06,94.870000
2012-11-07,91.150000
2012-11-08,89.920000
2012-11-09,89.980000
2012-11-12,89.810000
2012-11-13,90.180000
2012-11-14,88.110000
2012-11-15,87.580000
2012-11-16,88.460000
2012-11-19,90.480000
2012-11-20,90.180000
2012-11-21,90.510000
2012-11-23,91.830000
2012-11-26,93.290000
2012-11-27,93.100000
2012-11-28,93.700000
2012-11-29,93.040000
2012-11-30,93.300000
2012-12-03,91.550000
2012-12-04,91.480000
2012-12-05,91.530000
2012-12-06,91.480000
2012-12-07,91.900000
2012-12-10,92.410000
2012-12-11,92.000000
2012-12-12,91.810000
2012-12-13,89.990000
2012-12-14,88.960000
2012-12-17,90.420000
2012-12-18,92.930000
2012-12-19,92.910000
2012-12-20,92.500000
2012-12-21,93.130000
2012-12-24,92.770000
2012-12-26,92.030000
2012-12-27,92.830000
2012-12-28,91.340000
2012-12-31,92.290000
2013-01-02,93.270000
2013-01-03,93.550000
2013-01-04,93.900000
2013-01-07,94.220000
2013-01-08,92.960000
2013-01-09,93.990000
2013-01-10,94.110000
2013-01-11,93.710000
2013-01-14,93.910000
2013-01-15,94.020000
2013-01-16,93.550000
2013-01-17,94.750000
2013-01-18,93.970000
2013-01-22,95.330000
2013-01-23,96.070000
2013-01-24,93.250000
2013-01-25,92.390000
2013-01-28,89.320000
2013-01-29,89.850000
2013-01-30,88.210000
2013-01-31,86.870000
2013-02-01,87.220000
2013-02-04,86.700000
2013-02-05,87.010000
2013-02-06,87.600000
2013-02-07,87.440000
2013-02-08,88.010000
2013-02-11,87.530000
2013-02-12,87.260000
2013-02-13,87.060000
2013-02-14,87.080000
2013-02-15,87.870000
2013-02-19,88.230000
2013-02-20,87.730000
2013-02-21,87.560000
2013-02-22,88.120000
2013-02-25,87.880000
2013-02-26,87.300000
2013-02-27,88.330000
2013-02-28,88.000000
2013-03-01,88.170000
2013-03-04,87.100000
2013-03-05,87.810000
2013-03-06,88.360000
2013-03-07,88.790000
2013-03-08,89.990000
2013-03-11,90.540000
2013-03-12,90.370000
2013-03-13,92.300000
2013-03-14,92.540000
2013-03-15,92.740000
2013-03-18,92.360000
2013-03-19,92.870000
2013-03-20,92.240000
2013-03-21,91.680000
2013-03-22,92.260000
2013-03-25,92.310000
2013-03-26,93.700000
2013-03-27,94.470000
2013-03-28,96.520000
2013-04-01,95.000000
2013-04-02,95.010000
2013-04-03,95.090000
2013-04-04,95.400000
2013-04-05,94.530000
2013-04-08,95.090000
2013-04-09,95.410000
2013-04-10,95.980000
2013-04-11,97.300000
2013-04-12,97.180000
2013-04-15,95.440000
2013-04-16,96.260000
2013-04-17,95.560000
2013-04-18,95.020000
2013-04-19,96.280000
2013-04-22,95.850000
2013-04-23,97.060000
2013-04-24,97.690000
2013-04-25,98.270000
2013-04-26,98.970000
2013-04-29,99.060000
2013-04-30,99.090000
2013-05-01,99.350000
2013-05-02,100.670000
2013-05-03,102.010000
2013-05-06,102.190000
2013-05-07,102.880000
2013-05-08,101.800000
2013-05-09,101.350000
2013-05-10,101.940000
2013-05-13,101.890000
2013-05-14,102.870000
2013-05-15,104.050000
2013-05-16,104.000000
2013-05-17,106.410000
2013-05-20,106.560000
2013-05-21,106.990000
2013-05-22,106.490000
2013-05-23,106.300000
2013-05-24,107.060000
2013-05-28,107.750000
2013-05-29,107.310000
2013-05-30,107.030000
2013-05-31,105.830000
2013-06-03,105.440000
2013-06-04,105.070000
2013-06-05,103.590000
2013-06-06,104.370000
2013-06-07,107.360000
2013-06-10,106.670000
2013-06-11,105.960000
2013-06-12,107.050000
2013-06-13,107.970000
2013-06-14,107.700000
2013-06-17,108.270000
2013-06-18,108.850000
2013-06-19,106.930000
2013-06-20,105.040000
2013-06-21,105.060000
2013-06-24,103.830000
2013-06-25,103.670000
2013-06-26,105.770000
2013-06-27,107.360000
2013-06-28,108.460000
2013-07-01,108.060000
2013-07-02,106.400000
2013-07-03,107.200000
2013-07-05,108.660000
2013-07-08,109.170000
2013-07-09,109.570000
2013-07-10,111.520000
2013-07-11,113.100000
2013-07-12,112.530000
2013-07-15,114.370000
2013-07-16,112.600000
2013-07-17,114.080000
2013-07-18,115.390000
2013-07-19,115.550000
2013-07-22,115.650000
2013-07-23,117.920000
2013-07-24,119.120000
2013-07-25,119.500000
2013-07-26,120.000000
2013-07-29,119.990000
2013-07-30,120.090000
2013-07-31,120.120000
2013-08-01,122.170000
2013-08-02,123.770000
2013-08-05,124.150000
2013-08-06,124.260000
2013-08-07,124.540000
2013-08-08,124.640000
2013-08-09,124.020000
2013-08-12,123.000000
2013-08-13,124.060000
2013-08-14,123.620000
2013-08-15,122.130000
2013-08-16,122.200000
2013-08-19,121.910000
2013-08-20,122.410000
2013-08-21,122.930000
2013-08-22,123.710000
2013-08-23,126.000000
2013-08-26,125.190000
2013-08-27,123.140000
2013-08-28,123.300000
2013-08-29,122.340000
2013-08-30,122.420000
2013-09-03,123.630000
2013-09-04,124.270000
2013-09-05,124.140000
2013-09-06,123.730000
2013-09-09,124.070000
2013-09-10,125.070000
2013-09-11,126.570000
2013-09-12,126.540000
2013-09-13,127.250000
2013-09-16,128.460000
2013-09-17,129.640000
2013-09-18,130.840000
2013-09-19,130.390000
2013-09-20,128.000000
2013-09-23,127.620000
2013-09-24,128.140000
2013-09-25,127.860000
2013-09-26,129.850000
2013-09-27,129.240000
2013-09-30,127.550000
2013-10-01,127.500000
2013-10-02,125.080000
2013-10-03,122.830000
2013-10-04,122.500000
2013-10-07,123.560000
2013-10-08,122.460000
2013-10-09,122.030000
2013-10-10,126.680000
2013-10-11,126.170000
2013-10-14,127.500000
2013-10-15,125.900000
2013-10-16,127.860000
2013-10-17,129.360000
2013-10-18,128.900000
2013-10-21,125.300000
2013-10-22,130.050000
2013-10-23,131.980000
2013-10-24,132.620000
2013-10-25,134.000000
2013-10-28,133.230000
2013-10-29,133.660000
2013-10-30,133.720000
2013-10-31,133.340000
2013-11-01,134.550000
2013-11-04,135.740000
2013-11-05,135.470000
2013-11-06,136.870000
2013-11-07,136.200000
2013-11-08,138.110000
2013-11-11,137.150000
2013-11-12,137.230000
2013-11-13,137.260000
2013-11-14,138.290000
2013-11-15,137.450000
2013-11-18,137.850000
2013-11-19,138.970000
2013-11-20,137.190000
2013-11-21,138.670000
2013-11-22,140.880000
2013-11-25,141.760000
2013-11-26,143.060000
2013-11-27,143.940000
2013-11-29,141.670000
2013-12-02,139.700000
2013-12-03,138.770000
2013-12-04,136.230000
2013-12-05,136.660000
2013-12-06,138.190000
2013-12-09,138.930000
2013-12-10,139.310000
2013-12-11,137.460000
2013-12-12,137.980000
2013-12-13,139.030000
2013-12-16,140.050000
2013-12-17,140.850000
2013-12-18,143.730000
2013-12-19,142.990000
2013-12-20,144.210000
2013-12-23,145.060000
2013-12-24,146.140000
2013-12-26,148.840000
2013-12-27,148.130000
2013-12-30,146.980000
2013-12-31,148.660000
2014-01-02,146.070000
2014-01-03,147.060000
2014-01-06,146.280000
2014-01-07,148.610000
2014-01-08,148.500000
2014-01-09,148.730000
2014-01-10,149.450000
2014-01-13,150.920000
2014-01-14,151.420000
2014-01-15,153.500000
2014-01-16,153.490000
2014-01-17,153.820000
2014-01-21,154.100000
2014-01-22,156.650000
2014-01-23,150.490000
2014-01-24,147.760000
2014-01-27,147.020000
2014-01-28,148.280000
2014-01-29,147.350000
2014-01-30,148.660000
2014-01-31,150.910000
2014-02-03,147.740000
2014-02-04,148.180000
2014-02-05,150.390000
2014-02-06,151.740000
2014-02-07,155.130000
2014-02-10,153.980000
2014-02-11,157.560000
2014-02-12,158.920000
2014-02-13,159.800000
2014-02-14,162.890000
2014-02-18,162.700000
2014-02-19,162.650000
2014-02-20,164.270000
2014-02-21,164.330000
2014-02-24,166.140000
2014-02-25,163.610000
2014-02-26,160.830000
2014-02-27,161.440000
2014-02-28,162.300000
2014-03-03,163.550000
2014-03-04,165.640000
2014-03-05,166.820000
2014-03-06,166.840000
2014-03-07,166.570000
2014-03-10,165.480000
2014-03-11,163.800000
2014-03-12,163.860000
2014-03-13,162.830000
2014-03-14,162.420000
2014-03-17,164.070000
2014-03-18,163.980000
2014-03-19,160.900000
2014-03-20,159.930000
2014-03-21,157.400000
2014-03-24,158.190000
2014-03-25,160.570000
2014-03-26,159.640000
2014-03-27,158.880000
2014-03-28,160.540000
2014-03-31,163.240000
2014-04-01,163.710000
2014-04-02,164.700000
2014-04-03,163.750000
2014-04-04,159.610000
2014-04-07,157.740000
2014-04-08,156.650000
2014-04-09,158.830000
2014-04-10,155.430000
2014-04-11,153.820000
2014-04-14,155.820000
2014-04-15,157.390000
2014-04-16,159.440000
2014-04-17,160.250000
2014-04-21,161.490000
2014-04-22,156.690000
2014-04-23,161.980000
2014-04-24,160.620000
2014-04-25,161.090000
2014-04-28,161.370000
2014-04-29,161.990000
2014-04-30,164.140000
2014-05-01,162.850000
2014-05-02,163.900000
2014-05-05,165.120000
2014-05-06,163.490000
2014-05-07,164.200000
2014-05-08,164.390000
2014-05-09,165.180000
2014-05-12,166.920000
2014-05-13,167.640000
2014-05-14,165.260000
2014-05-15,163.540000
2014-05-16,162.100000
2014-05-19,162.300000
2014-05-20,160.570000
2014-05-21,161.890000
2014-05-22,161.820000
2014-05-23,162.640000
2014-05-27,162.950000
2014-05-28,162.100000
2014-05-29,163.150000
2014-05-30,163.650000
2014-06-02,164.110000
2014-06-03,163.890000
2014-06-04,164.520000
2014-06-05,166.330000
2014-06-06,167.170000
2014-06-09,168.080000
2014-06-10,167.340000
2014-06-11,164.530000
2014-06-12,162.640000
2014-06-13,164.040000
2014-06-16,165.140000
2014-06-17,164.240000
2014-06-18,163.790000
2014-06-19,164.200000
2014-06-20,165.400000
2014-06-23,163.950000
2014-06-24,162.510000
2014-06-25,162.450000
2014-06-26,162.050000
2014-06-27,162.700000
2014-06-30,160.730000
2014-07-01,160.640000
2014-07-02,158.980000
2014-07-03,159.900000
2014-07-07,158.300000
2014-07-08,157.210000
2014-07-09,157.930000
2014-07-10,158.180000
2014-07-11,160.310000
2014-07-14,161.810000
2014-07-15,162.620000
2014-07-16,161.550000
2014-07-17,161.330000
2014-07-18,162.490000
2014-07-21,162.980000
2014-07-22,167.870000
2014-07-23,168.100000
2014-07-24,169.970000
2014-07-25,170.040000
2014-07-28,170.000000
2014-07-29,169.330000
2014-07-30,170.180000
2014-07-31,166.970000
2014-08-01,167.120000
2014-08-04,168.290000
2014-08-05,166.930000
2014-08-06,163.050000
2014-08-07,162.950000
2014-08-08,165.800000
2014-08-11,166.150000
2014-08-12,165.780000
2014-08-13,169.090000
2014-08-14,169.500000
2014-08-15,169.160000
2014-08-18,171.520000
2014-08-19,172.130000
2014-08-20,175.310000
2014-08-21,175.100000
2014-08-22,175.150000
2014-08-25,176.530000
2014-08-26,176.610000
2014-08-27,176.520000
2014-08-28,174.100000
2014-08-29,174.000000
2014-09-02,173.800000
2014-09-03,173.500000
2014-09-04,173.040000
2014-09-05,174.580000
2014-09-08,174.770000
2014-09-09,174.940000
2014-09-10,174.590000
2014-09-11,174.200000
2014-09-12,174.430000
2014-09-15,175.600000
2014-09-16,177.190000
2014-09-17,178.800000
2014-09-18,179.570000
2014-09-19,180.740000
2014-09-22,178.990000
2014-09-23,176.340000
2014-09-24,178.390000
2014-09-25,177.440000
2014-09-26,181.580000
2014-09-29,181.360000
2014-09-30,182.780000
2014-10-01,177.890000
2014-10-02,176.350000
2014-10-03,178.340000
2014-10-06,176.920000
2014-10-07,173.020000
2014-10-08,176.350000
2014-10-09,174.550000
2014-10-10,174.470000
2014-10-13,172.880000
2014-10-14,176.110000
2014-10-15,175.190000
2014-10-16,174.720000
2014-10-17,176.240000
2014-10-20,175.530000
2014-10-21,172.610000
2014-10-22,176.010000
2014-10-23,180.670000
2014-10-24,181.330000
2014-10-27,183.000000
2014-10-28,185.550000
2014-10-29,186.430000
2014-10-30,189.290000
2014-10-31,190.570000
2014-11-03,190.750000
2014-11-04,190.790000
2014-11-05,189.730000
2014-11-06,189.880000
2014-11-07,186.140000
2014-11-10,186.990000
2014-11-11,187.120000
2014-11-12,186.870000
2014-11-13,187.970000
2014-11-14,186.600000
2014-11-17,185.510000
2014-11-18,186.560000
2014-11-19,186.000000
2014-11-20,185.560000
2014-11-21,187.930000
2014-11-24,188.820000
2014-11-25,188.670000
2014-11-26,189.150000
2014-11-28,191.560000
2014-12-01,191.100000
2014-12-02,190.110000
2014-12-03,189.680000
2014-12-04,189.730000
2014-12-05,189.870000
2014-12-08,189.850000
2014-12-09,190.620000
2014-12-10,187.910000
2014-12-11,189.250000
2014-12-12,185.180000
2014-12-15,184.210000
2014-12-16,185.390000
2014-12-17,185.150000
2014-12-18,191.640000
2014-12-19,192.850000
2014-12-22,196.450000
2014-12-23,195.770000
2014-12-24,196.430000
2014-12-26,196.840000
2014-12-29,195.640000
2014-12-30,195.430000
2014-12-31,192.570000
2015-01-02,193.310000
2015-01-05,189.290000
2015-01-06,188.400000
2015-01-07,190.830000
2015-01-08,195.130000
2015-01-09,195.020000
2015-01-12,194.470000
2015-01-13,194.350000
2015-01-14,193.230000
2015-01-15,192.370000
2015-01-16,194.710000
2015-01-20,195.750000
2015-01-21,195.500000
2015-01-22,198.090000
2015-01-23,197.440000
2015-01-26,195.680000
2015-01-27,190.550000
2015-01-28,189.250000
2015-01-29,192.500000
2015-01-30,188.370000
2015-02-02,189.330000
2015-02-03,192.000000
2015-02-04,192.280000
2015-02-05,194.060000
2015-02-06,195.240000
2015-02-09,193.020000
2015-02-10,195.670000
2015-02-11,196.310000
2015-02-12,197.480000
2015-02-13,196.950000
2015-02-17,197.570000
2015-02-18,198.570000
2015-02-19,201.710000
2015-02-20,203.990000
2015-02-23,205.590000
2015-02-24,206.620000
2015-02-25,204.860000
2015-02-26,201.330000
2015-02-27,200.050000
2015-03-02,203.020000
2015-03-03,199.930000
2015-03-04,198.970000
2015-03-05,199.100000
2015-03-06,197.660000
2015-03-09,199.740000
2015-03-10,197.580000
2015-03-11,197.210000
2015-03-12,198.780000
2015-03-13,197.110000
2015-03-16,202.110000
2015-03-17,200.670000
2015-03-18,202.600000
2015-03-19,202.190000
2015-03-20,203.770000
2015-03-23,202.920000
2015-03-24,203.300000
2015-03-25,199.020000
2015-03-26,200.560000
2015-03-27,202.230000
2015-03-30,204.890000
2015-03-31,202.960000
2015-04-01,198.760000
2015-04-02,198.720000
2015-04-06,200.530000
2015-04-07,200.150000
2015-04-08,200.810000
2015-04-09,201.440000
2015-04-10,200.400000
2015-04-13,197.050000
2015-04-14,197.340000
2015-04-15,197.210000
2015-04-16,197.120000
2015-04-17,194.820000
2015-04-20,196.800000
2015-04-21,196.290000
2015-04-22,197.630000
2015-04-23,197.200000
2015-04-24,195.370000
2015-04-27,193.840000
2015-04-28,194.020000
2015-04-29,191.290000
2015-04-30,186.600000
2015-05-01,189.000000
2015-05-04,189.690000
2015-05-05,187.350000
2015-05-06,186.830000
2015-05-07,188.210000
2015-05-08,190.480000
2015-05-11,190.470000
2015-05-12,190.610000
2015-05-13,191.000000
2015-05-14,193.050000
2015-05-15,192.360000
2015-05-18,193.080000
2015-05-19,193.380000
2015-05-20,193.250000
2015-05-21,193.110000
2015-05-22,192.860000
2015-05-26,190.510000
2015-05-27,191.350000
2015-05-28,190.120000
2015-05-29,188.200000
2015-06-01,191.070000
2015-06-02,190.770000
2015-06-03,191.890000
2015-06-04,190.170000
2015-06-05,189.330000
2015-06-08,189.370000
2015-06-09,189.350000
2015-06-10,189.280000
2015-06-11,191.480000
2015-06-12,190.980000
2015-06-15,189.920000
2015-06-16,190.820000
2015-06-17,191.020000
2015-06-18,192.750000
2015-06-19,191.140000
2015-06-22,192.080000
2015-06-23,191.640000
2015-06-24,190.170000
2015-06-25,189.990000
2015-06-26,188.640000
2015-06-29,185.520000
2015-06-30,185.900000
2015-07-01,188.170000
2015-07-02,187.300000
2015-07-06,187.990000
2015-07-07,190.160000
2015-07-08,190.050000
2015-07-09,192.130000
2015-07-10,194.190000
2015-07-13,197.880000
2015-07-14,199.050000
2015-07-15,199.410000
2015-07-16,201.620000
2015-07-17,201.180000
2015-07-20,205.130000
2015-07-21,203.150000
2015-07-22,202.790000
2015-07-23,202.830000
2015-07-24,201.040000
2015-07-27,201.170000
2015-07-28,203.630000
2015-07-29,208.150000
2015-07-30,206.470000
2015-07-31,207.100000
2015-08-03,207.790000
2015-08-04,209.530000
2015-08-05,209.430000
2015-08-06,209.260000
2015-08-07,209.090000
2015-08-10,210.780000
2015-08-11,208.860000
2015-08-12,208.780000
2015-08-13,209.790000
2015-08-14,211.960000
2015-08-17,213.020000
2015-08-18,212.670000
2015-08-19,211.280000
2015-08-20,209.130000
2015-08-21,204.680000
2015-08-24,197.460000
2015-08-25,198.980000
2015-08-26,202.120000
2015-08-27,205.430000
2015-08-28,203.900000
2015-08-31,201.180000
2015-09-01,197.620000
2015-09-02,204.040000
2015-09-03,205.200000
2015-09-04,202.620000
2015-09-08,207.010000
2015-09-09,204.660000
2015-09-10,206.150000
2015-09-11,206.810000
2015-09-14,206.000000
2015-09-15,207.840000
2015-09-16,207.560000
2015-09-17,207.600000
2015-09-18,203.310000
2015-09-21,204.350000
2015-09-22,203.660000
2015-09-23,202.770000
2015-09-24,204.760000
2015-09-25,203.890000
2015-09-28,200.220000
2015-09-29,202.470000
2015-09-30,207.310000
2015-10-01,204.750000
2015-10-02,206.610000
2015-10-05,211.730000
2015-10-06,210.400000
2015-10-07,212.950000
2015-10-08,214.370000
2015-10-09,213.260000
2015-10-12,214.330000
2015-10-13,211.980000
2015-10-14,208.150000
2015-10-15,209.180000
2015-10-16,209.780000
2015-10-19,210.640000
2015-10-20,208.730000
2015-10-21,211.560000
2015-10-22,216.510000
2015-10-23,219.320000
2015-10-26,220.940000
2015-10-27,223.040000
2015-10-28,221.040000
2015-10-29,218.250000
2015-10-30,219.830000
2015-11-02,220.590000
2015-11-03,218.900000
2015-11-04,218.830000
2015-11-05,218.600000
2015-11-06,216.630000
2015-11-09,214.700000
2015-11-10,214.070000
2015-11-11,215.110000
2015-11-12,213.580000
2015-11-13,213.160000
2015-11-16,220.670000
2015-11-17,222.390000
2015-11-18,223.220000
2015-11-19,224.000000
2015-11-20,226.060000
2015-11-23,226.030000
2015-11-24,226.430000
2015-11-25,225.800000
2015-11-27,225.910000
2015-11-30,219.160000
2015-12-01,220.200000
2015-12-02,218.940000
2015-12-03,215.460000
2015-12-04,218.390000
2015-12-07,219.130000
2015-12-08,218.810000
2015-12-09,217.540000
2015-12-10,218.880000
2015-12-11,217.200000
2015-12-14,216.580000
2015-12-15,214.840000
2015-12-16,217.500000
2015-12-17,215.220000
2015-12-18,212.180000
2015-12-21,215.470000
2015-12-22,217.580000
2015-12-23,217.930000
2015-12-24,218.560000
2015-12-28,218.410000
2015-12-29,220.470000
2015-12-30,219.800000
2015-12-31,217.150000
2016-01-04,213.210000
2016-01-05,218.260000
2016-01-06,217.630000
2016-01-07,213.290000
2016-01-08,212.910000
2016-01-11,215.350000
2016-01-12,217.960000
2016-01-13,214.400000
2016-01-14,216.420000
2016-01-15,215.990000
2016-01-19,215.290000
2016-01-20,210.400000
2016-01-21,210.790000
2016-01-22,212.040000
2016-01-25,211.010000
2016-01-26,209.930000
2016-01-27,207.860000
2016-01-28,206.660000
2016-01-29,211.000000
2016-02-01,209.800000
2016-02-02,210.450000
2016-02-03,212.920000
2016-02-04,210.210000
2016-02-05,211.940000
2016-02-08,214.530000
2016-02-09,215.980000
2016-02-10,213.950000
2016-02-11,207.180000
2016-02-12,206.080000
2016-02-16,209.000000
2016-02-17,212.740000
2016-02-18,214.200000
2016-02-19,213.620000
2016-02-22,215.010000
2016-02-23,215.150000
2016-02-24,216.630000
2016-02-25,220.030000
2016-02-26,217.240000
2016-02-29,215.790000
2016-03-01,218.130000
2016-03-02,217.200000
2016-03-03,218.520000
2016-03-04,218.720000
2016-03-07,215.840000
2016-03-08,215.340000
2016-03-09,216.410000
2016-03-10,216.560000
2016-03-11,217.050000
2016-03-14,216.600000
2016-03-15,217.050000
2016-03-16,218.190000
2016-03-17,219.250000
2016-03-18,220.910000
2016-03-21,221.260000
2016-03-22,220.730000
2016-03-23,221.260000
2016-03-24,218.000000
2016-03-28,219.060000
2016-03-29,220.760000
2016-03-30,222.960000
2016-03-31,221.500000
2016-04-01,223.110000
2016-04-04,224.130000
2016-04-05,225.620000
2016-04-06,226.630000
2016-04-07,226.480000
2016-04-08,226.300000
2016-04-11,224.650000
2016-04-12,225.980000
2016-04-13,226.380000
2016-04-14,225.440000
2016-04-15,225.810000
2016-04-18,227.140000
2016-04-19,226.510000
2016-04-20,226.580000
2016-04-21,226.070000
2016-04-22,226.830000
2016-04-25,226.300000
2016-04-26,232.160000
2016-04-27,233.650000
2016-04-28,232.720000
2016-04-29,232.380000
2016-05-02,233.240000
2016-05-03,234.700000
2016-05-04,236.010000
2016-05-05,238.140000
2016-05-06,240.260000
2016-05-09,240.320000
2016-05-10,244.360000
2016-05-11,241.830000
2016-05-12,244.940000
2016-05-13,242.120000
2016-05-16,242.970000
2016-05-17,241.530000
2016-05-18,241.580000
2016-05-19,238.890000
2016-05-20,240.070000
2016-05-23,239.520000
2016-05-24,240.970000
2016-05-25,240.840000
2016-05-26,241.540000
2016-05-27,240.090000
2016-05-31,236.230000
2016-06-01,238.080000
2016-06-02,237.830000
2016-06-03,238.920000
2016-06-06,239.400000
2016-06-07,239.500000
2016-06-08,240.380000
2016-06-09,240.670000
2016-06-10,240.580000
2016-06-13,237.950000
2016-06-14,239.700000
2016-06-15,239.450000
2016-06-16,239.870000
2016-06-17,237.560000
2016-06-20,238.640000
2016-06-21,238.550000
2016-06-22,238.170000
2016-06-23,240.000000
2016-06-24,239.700000
2016-06-27,239.290000
2016-06-28,240.910000
2016-06-29,244.080000
2016-06-30,248.170000
2016-07-01,249.350000
2016-07-05,249.510000
2016-07-06,250.080000
2016-07-07,249.770000
2016-07-08,251.900000
2016-07-11,254.390000
2016-07-12,254.700000
2016-07-13,255.900000
2016-07-14,256.000000
2016-07-15,256.980000
2016-07-18,256.290000
2016-07-19,258.960000
2016-07-20,256.670000
2016-07-21,254.140000
2016-07-22,257.310000
2016-07-25,255.620000
2016-07-26,254.760000
2016-07-27,254.160000
2016-07-28,254.550000
2016-07-29,252.730000
2016-08-01,254.840000
2016-08-02,257.000000
2016-08-03,256.850000
2016-08-04,257.750000
2016-08-05,260.290000
2016-08-08,260.190000
2016-08-09,260.660000
2016-08-10,261.300000
2016-08-11,262.540000
2016-08-12,264.150000
2016-08-15,266.500000
2016-08-16,256.770000
2016-08-17,255.640000
2016-08-18,255.420000
2016-08-19,254.120000
2016-08-22,254.200000
2016-08-23,249.750000
2016-08-24,248.120000
2016-08-25,248.530000
2016-08-26,244.440000
2016-08-29,244.300000
2016-08-30,239.450000
2016-08-31,242.970000
2016-09-01,243.610000
2016-09-02,243.320000
2016-09-06,243.000000
2016-09-07,241.370000
2016-09-08,241.630000
2016-09-09,237.940000
2016-09-12,238.800000
2016-09-13,237.410000
2016-09-14,237.410000
2016-09-15,239.090000
2016-09-16,237.450000
2016-09-19,240.880000
2016-09-20,240.480000
2016-09-21,243.820000
2016-09-22,246.620000
2016-09-23,245.840000
2016-09-26,245.530000
2016-09-27,245.790000
2016-09-28,245.750000
2016-09-29,242.340000
2016-09-30,239.720000
2016-10-03,240.580000
2016-10-04,237.100000
2016-10-05,236.600000
2016-10-06,234.720000
2016-10-07,233.530000
2016-10-10,233.290000
2016-10-11,231.850000
2016-10-12,232.100000
2016-10-13,232.990000
2016-10-14,232.570000
2016-10-17,232.770000
2016-10-18,232.790000
2016-10-19,232.330000
2016-10-20,231.830000
2016-10-21,230.520000
2016-10-24,232.160000
2016-10-25,249.260000
2016-10-26,250.090000
2016-10-27,248.530000
2016-10-28,248.000000
2016-10-31,246.380000
2016-11-01,244.980000
2016-11-02,245.110000
2016-11-03,238.700000
2016-11-04,236.280000
2016-11-07,239.270000
2016-11-08,239.190000
2016-11-09,253.460000
2016-11-10,257.270000
2016-11-11,259.170000
2016-11-14,267.240000
2016-11-15,265.930000
2016-11-16,263.350000
2016-11-17,263.280000
2016-11-18,263.090000
2016-11-21,263.420000
2016-11-22,264.660000
2016-11-23,264.400000
2016-11-25,265.920000
2016-11-28,265.930000
2016-11-29,266.580000
2016-11-30,265.250000
2016-12-01,266.400000
2016-12-02,267.620000
2016-12-05,266.930000
2016-12-06,266.000000
2016-12-07,266.380000
2016-12-08,259.250000
2016-12-09,259.530000
2016-12-12,253.110000
2016-12-13,251.690000
2016-12-14,252.300000
2016-12-15,250.650000
2016-12-16,250.080000
2016-12-19,252.180000
2016-12-20,253.730000
2016-12-21,252.520000
2016-12-22,252.800000
2016-12-23,249.590000
2016-12-27,250.860000
2016-12-28,249.580000
2016-12-29,250.590000
2016-12-30,249.940000
2017-01-03,253.310000
2017-01-04,253.990000
2017-01-05,255.980000
2017-01-06,257.850000
2017-01-09,257.810000
2017-01-10,256.170000
2017-01-11,255.130000
2017-01-12,252.620000
2017-01-13,254.530000
2017-01-17,254.120000
2017-01-18,254.070000
2017-01-19,257.030000
2017-01-20,257.730000
2017-01-23,257.480000
2017-01-24,252.910000
2017-01-25,251.000000
2017-01-26,254.970000
2017-01-27,253.500000
2017-01-30,252.830000
2017-01-31,251.330000
2017-02-01,250.900000
2017-02-02,251.970000
2017-02-03,254.460000
2017-02-06,255.310000
2017-02-07,256.370000
2017-02-08,256.740000
2017-02-09,258.200000
2017-02-10,260.550000
2017-02-13,262.350000
2017-02-14,262.560000
2017-02-15,263.460000
2017-02-16,265.330000
2017-02-17,265.350000
2017-02-21,265.660000
2017-02-22,265.920000
2017-02-23,264.850000
2017-02-24,266.000000
2017-02-27,269.360000
2017-02-28,266.580000
2017-03-01,268.380000
2017-03-02,266.990000
2017-03-03,267.760000
2017-03-06,267.720000
2017-03-07,269.040000
2017-03-08,267.720000
2017-03-09,268.680000
2017-03-10,268.660000
2017-03-13,269.190000
2017-03-14,268.000000
2017-03-15,269.440000
2017-03-16,267.940000
2017-03-17,271.980000
2017-03-20,272.030000
2017-03-21,269.000000
2017-03-22,269.420000
2017-03-23,269.500000
2017-03-24,267.420000
2017-03-27,267.160000
2017-03-28,269.120000
2017-03-29,268.240000
2017-03-30,270.540000
2017-03-31,267.600000
2017-04-03,268.680000
2017-04-04,269.560000
2017-04-05,266.980000
2017-04-06,267.110000
2017-04-07,270.230000
2017-04-10,269.030000
2017-04-11,270.270000
2017-04-12,268.510000
2017-04-13,268.000000
2017-04-17,269.880000
2017-04-18,268.780000
2017-04-19,269.630000
2017-04-20,271.850000
2017-04-21,273.090000
2017-04-24,276.210000
2017-04-25,270.020000
2017-04-26,270.350000
2017-04-27,271.140000
2017-04-28,269.450000
2017-05-01,268.430000
2017-05-02,269.490000
2017-05-03,269.600000
2017-05-04,270.510000
2017-05-05,273.030000
2017-05-08,272.500000
2017-05-09,273.870000
2017-05-10,271.740000
2017-05-11,272.090000
2017-05-12,271.260000
2017-05-15,272.350000
2017-05-16,271.650000
2017-05-17,269.240000
2017-05-18,267.320000
2017-05-19,272.790000
2017-05-22,277.030000
2017-05-23,278.360000
2017-05-24,280.050000
2017-05-25,282.060000
2017-05-26,283.650000
2017-05-30,280.090000
2017-05-31,281.130000
2017-06-01,280.960000
2017-06-02,281.760000
2017-06-05,280.130000
2017-06-06,276.880000
2017-06-07,277.380000
2017-06-08,277.620000
2017-06-09,277.000000
2017-06-12,276.890000
2017-06-13,278.360000
2017-06-14,280.300000
2017-06-15,280.930000
2017-06-16,281.110000
2017-06-19,282.300000
2017-06-20,282.890000
2017-06-21,282.990000
2017-06-22,280.430000
2017-06-23,280.640000
2017-06-26,279.700000
2017-06-27,277.830000
2017-06-28,280.020000
2017-06-29,276.730000
2017-06-30,277.610000
2017-07-03,278.920000
2017-07-05,282.400000
2017-07-06,280.960000
2017-07-07,285.200000
2017-07-10,285.570000
2017-07-11,286.420000
2017-07-12,286.360000
2017-07-13,286.760000
2017-07-14,288.130000
2017-07-17,288.490000
2017-07-18,286.790000
2017-07-19,290.670000
2017-07-20,289.670000
2017-07-21,289.120000
2017-07-24,290.280000
2017-07-25,289.830000
2017-07-26,289.850000
2017-07-27,288.130000
2017-07-28,290.410000
2017-07-31,292.130000
2017-08-01,292.650000
2017-08-02,294.700000
2017-08-03,295.820000
2017-08-04,297.000000
2017-08-07,297.150000
2017-08-08,300.100000
2017-08-09,305.220000
2017-08-10,303.250000
2017-08-11,303.750000
2017-08-14,307.580000
2017-08-15,306.200000
2017-08-16,305.800000
2017-08-17,301.420000
2017-08-18,299.200000
2017-08-21,301.880000
2017-08-22,304.800000
2017-08-23,302.840000
2017-08-24,302.600000
2017-08-25,302.800000
2017-08-28,303.610000
2017-08-29,308.140000
2017-08-30,306.300000
2017-08-31,305.390000
2017-09-01,302.190000
2017-09-05,302.200000
2017-09-06,301.450000
2017-09-07,302.350000
2017-09-08,302.900000
2017-09-11,304.480000
2017-09-12,303.730000
2017-09-13,300.200000
2017-09-14,301.340000
2017-09-15,302.300000
2017-09-18,303.800000
2017-09-19,305.650000
2017-09-20,307.900000
2017-09-21,308.010000
2017-09-22,308.540000
2017-09-25,306.850000
2017-09-26,309.580000
2017-09-27,310.130000
2017-09-28,309.130000
2017-09-29,310.290000
2017-10-02,311.330000
2017-10-03,312.860000
2017-10-04,313.020000
2017-10-05,314.580000
2017-10-06,316.460000
2017-10-09,317.300000
2017-10-10,317.710000
2017-10-11,318.590000
2017-10-12,321.150000
2017-10-13,319.390000
2017-10-16,318.940000
2017-10-17,318.270000
2017-10-18,315.570000
2017-10-19,316.840000
2017-10-20,320.000000
2017-10-23,320.730000
2017-10-24,313.150000
2017-10-25,312.430000
2017-10-26,307.890000
2017-10-27,308.000000
2017-10-30,308.630000
2017-10-31,308.160000
2017-11-01,306.600000
2017-11-02,310.860000
2017-11-03,309.990000
2017-11-06,310.080000
2017-11-07,313.290000
2017-11-08,315.640000
2017-11-09,311.080000
2017-11-10,311.170000
2017-11-13,312.950000
2017-11-14,313.740000
2017-11-15,310.640000
2017-11-16,312.650000
2017-11-17,309.700000
2017-11-20,314.650000
2017-11-21,316.940000
2017-11-22,314.870000
2017-11-24,315.820000
2017-11-27,316.700000
2017-11-28,319.010000
2017-11-29,320.760000
2017-11-30,319.120000
2017-12-01,313.570000
2017-12-04,311.780000
2017-12-05,310.140000
2017-12-06,311.970000
2017-12-07,314.420000
2017-12-08,315.850000
2017-12-11,316.170000
2017-12-12,315.890000
2017-12-13,317.790000
2017-12-14,317.010000
2017-12-15,322.820000
2017-12-18,322.760000
2017-12-19,319.970000
2017-12-20,317.720000
2017-12-21,317.190000
2017-12-22,318.030000
2017-12-26,318.510000
2017-12-27,319.440000
2017-12-28,322.100000
2017-12-29,321.050000
2018-01-02,318.540000
2018-01-03,321.210000
2018-01-04,326.720000
2018-01-05,329.680000
2018-01-08,328.160000
2018-01-09,330.510000
2018-01-10,331.050000
2018-01-11,331.130000
2018-01-12,336.250000
2018-01-16,330.110000
2018-01-17,334.860000
2018-01-18,333.000000
2018-01-19,332.000000
2018-01-22,329.000000
2018-01-23,328.700000
2018-01-24,330.490000
2018-01-25,334.720000
2018-01-26,344.900000
2018-01-29,351.420000
2018-01-30,350.390000
2018-01-31,354.850000
2018-02-01,357.380000
2018-02-02,352.660000
2018-02-05,336.460000
2018-02-06,337.590000
2018-02-07,345.430000
2018-02-08,334.300000
2018-02-09,341.420000
2018-02-12,345.810000
2018-02-13,350.230000
2018-02-14,354.660000
2018-02-15,361.000000
2018-02-16,360.530000
2018-02-20,358.690000
2018-02-21,357.060000
2018-02-22,355.410000
2018-02-23,358.690000
2018-02-26,358.700000
2018-02-27,358.170000
2018-02-28,352.440000
2018-03-01,339.690000
2018-03-02,341.720000
2018-03-05,342.360000
2018-03-06,339.500000
2018-03-07,342.200000
2018-03-08,341.780000
2018-03-09,340.490000
2018-03-12,333.100000
2018-03-13,333.460000
2018-03-14,331.680000
2018-03-15,333.230000
2018-03-16,331.400000
2018-03-19,335.250000
2018-03-20,335.600000
2018-03-21,335.470000
2018-03-22,327.150000
2018-03-23,336.310000
2018-03-26,343.930000
2018-03-27,338.850000
2018-03-28,335.330000
2018-03-29,337.930000
2018-04-02,333.000000
2018-04-03,334.710000
2018-04-04,341.790000
2018-04-05,346.650000
2018-04-06,334.660000
2018-04-09,335.910000
2018-04-10,339.360000
2018-04-11,339.440000
2018-04-12,342.880000
2018-04-13,342.600000
2018-04-16,345.700000
2018-04-17,349.140000
2018-04-18,351.150000
2018-04-19,353.380000
2018-04-20,351.990000
2018-04-23,358.600000
2018-04-24,336.490000
2018-04-25,329.500000
2018-04-26,330.400000
2018-04-27,322.030000
2018-04-30,320.840000
2018-05-01,308.460000
2018-05-02,305.700000
2018-05-03,309.930000
2018-05-04,311.440000
2018-05-07,317.710000
2018-05-08,324.190000
2018-05-09,326.120000
2018-05-10,324.490000
2018-05-11,324.040000
2018-05-14,319.080000
2018-05-15,319.770000
2018-05-16,319.330000
2018-05-17,320.420000
2018-05-18,320.450000
2018-05-21,324.280000
2018-05-22,317.130000
2018-05-23,325.320000
2018-05-24,326.350000
2018-05-25,320.800000
2018-05-29,317.200000
2018-05-30,321.040000
2018-05-31,314.540000
2018-06-01,316.630000
2018-06-04,318.170000
2018-06-05,320.020000
2018-06-06,319.910000
2018-06-07,321.950000
2018-06-08,322.310000
2018-06-11,319.300000
2018-06-12,315.160000
2018-06-13,314.350000
2018-06-14,310.590000
2018-06-15,310.140000
2018-06-18,309.520000
2018-06-19,302.520000
2018-06-20,302.860000
2018-06-21,300.380000
2018-06-22,299.380000
2018-06-25,298.770000
2018-06-26,299.080000
2018-06-27,294.780000
2018-06-28,295.240000
2018-06-29,295.430000
2018-07-02,299.120000
2018-07-03,299.460000
2018-07-05,299.190000
2018-07-06,299.190000
2018-07-09,306.480000
2018-07-10,308.830000
2018-07-11,306.580000
2018-07-12,313.310000
2018-07-13,318.370000
2018-07-16,319.050000
2018-07-17,317.500000
2018-07-18,319.770000
2018-07-19,319.600000
2018-07-20,322.550000
2018-07-23,318.330000
2018-07-24,322.570000
2018-07-25,324.360000
2018-07-26,322.940000
2018-07-27,324.090000
2018-07-30,320.110000
2018-07-31,326.100000
2018-08-01,324.930000
2018-08-02,322.020000
2018-08-03,320.550000
2018-08-06,316.920000
2018-08-07,317.410000
2018-08-08,315.310000
2018-08-09,315.710000
2018-08-10,313.120000
2018-08-13,313.640000
2018-08-14,318.590000
2018-08-15,317.700000
2018-08-16,325.860000
2018-08-17,325.230000
2018-08-20,324.220000
2018-08-21,324.390000
2018-08-22,321.920000
2018-08-23,320.010000
2018-08-24,321.290000
2018-08-27,324.340000
2018-08-28,324.340000
2018-08-29,324.320000
2018-08-30,321.850000
2018-08-31,320.410000
2018-09-04,321.910000
2018-09-05,321.330000
2018-09-06,328.910000
2018-09-07,328.530000
2018-09-10,322.950000
2018-09-11,322.230000
2018-09-12,325.280000
2018-09-13,331.280000
2018-09-14,335.800000
2018-09-17,339.340000
2018-09-18,343.220000
2018-09-19,339.300000
2018-09-20,333.130000
2018-09-21,337.660000
2018-09-24,337.580000
2018-09-25,343.540000
2018-09-26,342.880000
2018-09-27,346.050000
2018-09-28,345.960000
2018-10-01,347.930000
2018-10-02,349.070000
2018-10-03,347.440000
2018-10-04,349.460000
2018-10-05,347.210000
2018-10-08,349.930000
2018-10-09,347.310000
2018-10-10,336.750000
2018-10-11,326.260000
2018-10-12,327.620000
2018-10-15,331.240000
2018-10-16,337.130000
2018-10-17,333.400000
2018-10-18,328.000000
2018-10-19,328.140000
2018-10-22,326.780000
2018-10-23,321.350000
2018-10-24,311.130000
2018-10-25,306.410000
2018-10-26,305.050000
2018-10-29,286.670000
2018-10-30,291.070000
2018-10-31,293.850000
2018-11-01,299.420000
2018-11-02,299.280000
2018-11-05,303.210000
2018-11-06,306.560000
2018-11-07,309.820000
2018-11-08,308.560000
2018-11-09,313.120000
2018-11-12,305.120000
2018-11-13,305.740000
2018-11-14,303.390000
2018-11-15,305.480000
2018-11-16,301.240000
2018-11-19,294.590000
2018-11-20,293.860000
2018-11-21,294.290000
2018-11-23,295.380000
2018-11-26,295.280000
2018-11-27,295.290000
2018-11-28,299.940000
2018-11-29,302.420000
2018-11-30,300.430000
2018-12-03,296.790000
2018-12-04,286.730000
2018-12-06,286.350000
2018-12-07,285.400000
2018-12-10,298.400000
2018-12-11,292.150000
2018-12-12,292.500000
2018-12-13,292.230000
2018-12-14,287.700000
2018-12-17,279.230000
2018-12-18,279.470000
2018-12-19,273.960000
2018-12-20,265.290000
2018-12-21,256.550000
2018-12-24,245.220000
2018-12-26,251.620000
2018-12-27,259.790000
2018-12-28,261.260000
2018-12-31,261.840000
2019-01-02,264.730000
2019-01-03,258.080000
2019-01-04,265.040000
2019-01-07,268.080000
2019-01-08,269.870000
2019-01-09,270.540000
2019-01-10,277.500000
2019-01-11,277.730000
2019-01-14,277.510000
2019-01-15,276.000000
2019-01-16,272.390000
2019-01-17,278.800000
2019-01-18,282.870000
2019-01-22,279.590000
2019-01-23,283.510000
2019-01-24,285.250000
2019-01-25,287.040000
2019-01-28,287.870000
2019-01-29,292.050000
2019-01-30,291.670000
2019-01-31,289.690000
2019-02-01,290.580000
2019-02-04,298.770000
2019-02-05,299.460000
2019-02-06,299.830000
2019-02-07,300.130000
2019-02-08,301.500000
2019-02-11,300.040000
2019-02-12,304.110000
2019-02-13,304.420000
2019-02-14,301.000000
2019-02-15,307.230000
2019-02-19,305.180000
2019-02-20,307.200000
2019-02-21,304.510000
2019-02-22,307.130000
2019-02-25,305.970000
2019-02-26,305.880000
2019-02-27,307.580000
2019-02-28,309.410000
2019-03-01,309.470000
2019-03-04,304.690000
2019-03-05,305.760000
2019-03-06,303.320000
2019-03-07,303.010000
2019-03-08,300.950000
2019-03-11,304.400000
2019-03-12,301.920000
2019-03-13,303.450000
2019-03-14,298.510000
2019-03-15,296.150000
2019-03-18,297.640000
2019-03-19,296.600000
2019-03-20,295.980000
2019-03-21,299.010000
2019-03-22,294.010000
2019-03-25,294.120000
2019-03-26,294.920000
2019-03-27,293.950000
2019-03-28,295.600000
2019-03-29,300.160000
2019-04-01,304.290000
2019-04-02,303.100000
2019-04-03,297.270000
2019-04-04,299.670000
2019-04-05,302.580000
2019-04-08,305.660000
2019-04-09,302.680000
2019-04-10,299.120000
2019-04-11,305.590000
2019-04-12,309.700000
2019-04-15,308.710000
2019-04-16,310.060000
2019-04-17,310.500000
2019-04-18,314.260000
2019-04-22,315.260000
2019-04-23,333.100000
2019-04-24,330.120000
2019-04-25,328.870000
2019-04-26,328.330000
2019-04-29,328.590000
2019-04-30,333.330000
2019-05-01,331.850000
2019-05-02,332.550000
2019-05-03,334.070000
2019-05-06,335.720000
2019-05-07,330.900000
2019-05-08,334.179993
2019-05-09,339.360000
2019-05-10,341.350000
2019-05-13,335.370000
2019-05-14,336.170000
2019-05-15,334.150000
2019-05-16,339.390000
2019-05-17,337.990000
2019-05-20,342.010000
2019-05-21,343.950000
2019-05-22,341.300000
2019-05-23,340.070000
2019-05-24,338.780000
2019-05-28,337.890000
2019-05-29,339.340000
2019-05-30,341.960000
2019-05-31,338.540000
2019-06-03,344.570000
2019-06-04,349.350000
2019-06-05,352.700000
2019-06-06,352.520000
2019-06-07,355.230000
2019-06-10,351.600000
2019-06-11,344.040000
2019-06-12,345.510000
2019-06-13,349.080000
2019-06-14,350.140000
2019-06-17,348.690000
2019-06-18,353.520000
2019-06-19,355.730000
2019-06-20,362.800000
2019-06-21,359.360000
2019-06-24,359.980000
2019-06-25,360.560000
2019-06-26,359.500000
2019-06-27,359.090000
2019-06-28,363.540000
2019-07-01,361.470000
2019-07-02,367.570000
2019-07-03,370.380000
2019-07-05,369.920000
2019-07-08,369.180000
2019-07-09,369.730000
2019-07-10,368.160000
2019-07-11,368.230000
2019-07-12,369.450000
2019-07-15,367.690000
2019-07-16,365.350000
2019-07-17,358.470000
2019-07-18,356.210000
2019-07-19,356.960000
2019-07-22,357.630000
2019-07-23,357.800000
2019-07-24,368.900000
2019-07-25,370.320000
2019-07-26,369.460000
2019-07-29,369.620000
2019-07-30,365.990000
2019-07-31,362.170000
2019-08-01,363.090000
2019-08-02,361.910000
2019-08-05,358.430000
2019-08-06,366.780000
2019-08-07,369.300000
2019-08-08,377.170000
2019-08-09,377.010000
2019-08-12,377.000000
2019-08-13,377.220000
2019-08-14,368.940000
2019-08-15,373.460000
2019-08-16,377.000000
2019-08-19,380.470000
2019-08-20,381.750000
2019-08-21,383.000000
2019-08-22,385.880000
2019-08-23,376.890000
2019-08-26,380.320000
2019-08-27,379.990000
2019-08-28,380.970000
2019-08-29,384.430000
2019-08-30,384.110000
2019-09-03,384.690000
2019-09-04,389.080000
2019-09-05,385.150000
2019-09-06,386.560000
2019-09-09,380.210000
2019-09-10,381.320000
2019-09-11,381.550000
2019-09-12,386.630000
2019-09-13,384.860000
2019-09-16,392.660000
2019-09-17,393.980000
2019-09-18,397.040000
2019-09-19,393.430000
2019-09-20,388.250000
2019-09-23,387.670000
2019-09-24,389.170000
2019-09-25,390.430000
2019-09-26,392.920000
2019-09-27,387.870000
2019-09-30,390.060000
2019-10-01,384.190000
2019-10-02,378.160000
2019-10-03,380.060000
2019-10-04,384.950000
2019-10-07,383.780000
2019-10-08,382.120000
2019-10-09,384.610000
2019-10-10,386.880000
2019-10-11,381.470000
2019-10-14,382.610000
2019-10-15,382.750000
2019-10-16,382.840000
2019-10-17,377.060000
2019-10-18,372.480000
2019-10-21,374.050000
2019-10-22,373.680000
2019-10-23,373.090000
2019-10-24,374.740000
2019-10-25,370.730000
2019-10-28,371.840000
2019-10-29,371.100000
2019-10-30,378.640000
2019-10-31,376.680000
2019-11-01,379.170000
2019-11-04,374.480000
2019-11-05,373.630000
2019-11-06,379.790000
2019-11-07,378.750000
2019-11-08,381.860000
2019-11-11,381.380000
2019-11-12,386.300000
2019-11-13,387.690000
2019-11-14,390.160000
2019-11-15,393.550000
2019-11-18,392.760000
2019-11-19,390.810000
2019-11-20,392.700000
2019-11-21,390.260000
2019-11-22,390.740000
2019-11-25,389.980000
2019-11-26,392.500000
2019-11-27,394.240000
2019-11-29,391.030000
2019-12-02,383.620000
2019-12-03,381.620000
2019-12-04,384.580000
2019-12-05,385.940000
2019-12-06,386.860000
2019-12-09,383.340000
2019-12-10,384.440000
2019-12-11,386.240000
2019-12-12,384.050000
2019-12-13,386.470000
2019-12-16,385.950000
2019-12-17,386.890000
2019-12-18,380.570000
2019-12-19,383.150000
2019-12-20,386.470000
2019-12-23,391.900000
2019-12-24,390.170000
2019-12-26,392.300000
2019-12-27,393.600000
2019-12-30,391.900000
2019-12-31,389.380000
2020-01-02,399.370000
2020-01-03,413.740000
2020-01-06,413.110000
2020-01-07,414.500000
2020-01-08,411.030000
2020-01-09,414.930000
2020-01-10,413.830000
2020-01-13,419.020000
2020-01-14,416.140000
2020-01-15,420.950000
2020-01-16,425.700000
2020-01-17,425.660000
2020-01-21,426.150000
2020-01-22,424.420000
2020-01-23,428.780000
2020-01-24,432.500000
2020-01-27,432.380000
2020-01-28,437.170000
2020-01-29,433.840000
2020-01-30,435.900000
2020-01-31,428.120000
2020-02-03,423.860000
2020-02-04,430.780000
2020-02-05,435.190000
2020-02-06,438.970000
2020-02-07,439.170000
2020-02-10,439.760000
2020-02-11,439.850000
2020-02-12,436.600000
2020-02-13,434.700000
2020-02-14,437.850000
2020-02-18,435.550000
2020-02-19,434.480000
2020-02-20,425.970000
2020-02-21,427.800000
2020-02-24,419.350000
2020-02-25,400.360000
2020-02-26,400.900000
2020-02-27,384.600000
2020-02-28,369.870000
2020-03-02,381.350000
2020-03-03,377.400000
2020-03-04,402.030000
2020-03-05,384.700000
2020-03-06,382.470000
2020-03-09,352.030000
2020-03-10,367.170000
2020-03-11,356.930000
2020-03-12,311.380000
2020-03-13,328.590000
2020-03-16,287.940000
2020-03-17,318.830000
2020-03-18,333.410000
2020-03-19,314.200000
2020-03-20,291.220000
2020-03-23,276.800000
2020-03-24,288.910000
2020-03-25,319.670000
2020-03-26,350.330000
2020-03-27,348.380000
2020-03-30,348.850000
2020-03-31,338.950000
2020-04-01,338.520000
2020-04-02,353.960000
2020-04-03,350.500000
2020-04-06,367.950000
2020-04-07,355.280000
2020-04-08,361.410000
2020-04-09,371.000000
2020-04-13,369.940000
2020-04-14,380.030000
2020-04-15,374.380000
2020-04-16,377.880000
2020-04-17,401.510000
2020-04-20,383.210000
2020-04-21,373.440000
2020-04-22,380.400000
2020-04-23,376.730000
2020-04-24,381.770000
2020-04-27,378.570000
2020-04-28,384.730000
2020-04-29,387.910000
2020-04-30,389.060000
2020-05-01,383.470000
2020-05-04,380.160000
2020-05-05,390.300000
2020-05-06,378.580000
2020-05-07,376.540000
2020-05-08,378.400000
2020-05-11,376.560000
2020-05-12,371.110000
2020-05-13,364.180000
2020-05-14,356.280000
2020-05-15,360.400000
2020-05-18,377.540000
2020-05-19,371.480000
2020-05-20,362.510000
2020-05-21,368.820000
2020-05-22,369.000000
2020-05-26,372.200000
2020-05-27,397.120000
2020-05-28,398.440000
2020-05-29,388.440000
2020-06-01,388.960000
2020-06-02,389.770000
2020-06-03,402.630000
2020-06-04,403.670000
2020-06-05,410.750000
2020-06-08,414.300000
2020-06-09,408.560000
2020-06-10,403.770000
2020-06-11,383.880000
2020-06-12,381.870000
2020-06-15,373.280000
2020-06-16,382.770000
2020-06-17,382.110000
2020-06-18,378.390000
2020-06-19,372.200000
2020-06-22,375.960000
2020-06-23,371.700000
2020-06-24,359.820000
2020-06-25,362.820000
2020-06-26,356.760000
2020-06-29,367.500000
2020-06-30,364.920000
2020-07-01,360.420000
2020-07-02,362.000000
2020-07-06,362.590000
2020-07-07,353.270000
2020-07-08,350.230000
2020-07-09,339.960000
2020-07-10,349.250000
2020-07-13,353.060000
2020-07-14,355.660000
2020-07-15,364.560000
2020-07-16,365.880000
2020-07-17,368.500000
2020-07-20,365.530000
2020-07-21,375.120000
2020-07-22,394.080000
2020-07-23,387.620000
2020-07-24,386.210000
2020-07-27,382.090000
2020-07-28,386.660000
2020-07-29,387.300000
2020-07-30,381.720000
2020-07-31,378.970000
2020-08-03,377.100000
2020-08-04,377.990000
2020-08-05,383.500000
2020-08-06,379.740000
2020-08-07,385.620000
2020-08-10,389.260000
2020-08-11,391.960000
2020-08-12,392.440000
2020-08-13,389.240000
2020-08-14,391.420000
2020-08-17,388.960000
2020-08-18,390.260000
2020-08-19,390.050000
2020-08-20,387.880000
2020-08-21,389.570000
2020-08-24,395.040000
2020-08-25,394.840000
2020-08-26,395.440000
2020-08-27,395.020000
2020-08-28,395.590000
2020-08-31,390.260000
2020-09-01,386.810000
2020-09-02,398.070000
2020-09-03,386.290000
2020-09-04,385.020000
2020-09-08,380.230000
2020-09-09,385.240000
2020-09-10,379.110000
2020-09-11,389.450000
2020-09-14,393.750000
2020-09-15,392.550000
2020-09-16,395.580000
2020-09-17,395.940000
2020-09-18,395.140000
2020-09-21,379.610000
2020-09-22,388.420000
2020-09-23,383.240000
2020-09-24,378.760000
2020-09-25,386.700000
2020-09-28,390.510000
2020-09-29,388.740000
2020-09-30,383.280000
2020-10-01,380.890000
2020-10-02,380.580000
2020-10-05,383.960000
2020-10-06,376.460000
2020-10-07,382.940000
2020-10-08,388.590000
2020-10-09,385.930000
2020-10-12,388.920000
2020-10-13,388.950000
2020-10-14,390.720000
2020-10-15,386.120000
2020-10-16,386.500000
2020-10-19,383.710000
2020-10-20,372.210000
2020-10-21,367.140000
2020-10-22,368.960000
2020-10-23,374.330000
2020-10-26,368.550000
2020-10-27,362.430000
2020-10-28,350.860000
2020-10-29,352.440000
2020-10-30,350.130000
2020-11-02,352.420000
2020-11-03,363.440000
2020-11-04,372.160000
2020-11-05,364.700000
2020-11-06,361.270000
2020-11-09,363.950000
2020-11-10,371.280000
2020-11-11,369.280000
2020-11-12,367.890000
2020-11-13,375.140000
2020-11-16,377.130000
2020-11-17,375.900000
2020-11-18,377.560000
2020-11-19,376.460000
2020-11-20,368.020000
2020-11-23,370.850000
2020-11-24,378.480000
2020-11-25,378.340000
2020-11-27,374.340000
2020-11-30,365.000000
2020-12-01,364.990000
2020-12-02,361.360000
2020-12-03,362.030000
2020-12-04,366.610000
2020-12-07,362.130000
2020-12-08,359.230000
2020-12-09,361.350000
2020-12-10,355.390000
2020-12-11,361.710000
2020-12-14,357.660000
2020-12-15,357.570000
2020-12-16,354.570000
2020-12-17,352.600000
2020-12-18,356.030000
2020-12-21,349.350000
2020-12-22,347.920000
2020-12-23,351.600000
2020-12-24,351.970000
2020-12-28,354.180000
2020-12-29,353.900000
2020-12-30,354.160000
2020-12-31,354.980000
2021-01-04,344.640000
2021-01-05,348.790000
2021-01-06,348.030000
2021-01-07,342.550000
2021-01-08,336.100000
2021-01-11,337.680000
2021-01-12,341.850000
2021-01-13,345.490000
2021-01-14,347.440000
2021-01-15,347.270000
2021-01-19,341.500000
2021-01-20,341.670000
2021-01-21,339.670000
2021-01-22,339.880000
2021-01-25,343.510000
2021-01-26,330.690000
2021-01-27,332.510000
2021-01-28,327.930000
2021-01-29,321.820000
2021-02-01,324.030000
2021-02-02,332.700000
2021-02-03,332.390000
2021-02-04,337.230000
2021-02-05,337.040000
2021-02-08,337.840000
2021-02-09,342.340000
2021-02-10,342.190000
2021-02-11,339.140000
2021-02-12,337.730000
2021-02-16,335.030000
2021-02-17,337.000000
2021-02-18,337.920000
2021-02-19,335.420000
2021-02-22,340.470000
2021-02-23,346.230000
2021-02-24,346.530000
2021-02-25,341.690000
2021-02-26,330.250000
2021-03-01,333.470000
2021-03-02,338.590000
2021-03-03,340.910000
2021-03-04,338.250000
2021-03-05,340.430000
2021-03-08,341.450000
2021-03-09,337.500000
2021-03-10,340.840000
2021-03-11,339.730000
2021-03-12,340.190000
2021-03-15,346.410000
2021-03-16,347.130000
2021-03-17,351.020000
2021-03-18,358.450000
2021-03-19,355.070000
2021-03-22,357.660000
2021-03-23,353.610000
2021-03-24,356.120000
2021-03-25,361.220000
2021-03-26,364.710000
2021-03-29,372.790000
2021-03-30,370.540000
2021-03-31,369.500000
2021-04-01,371.020000
2021-04-05,378.750000
2021-04-06,378.970000
2021-04-07,380.190000
2021-04-08,386.020000
2021-04-09,386.230000
2021-04-12,387.850000
2021-04-13,387.110000
2021-04-14,388.670000
2021-04-15,390.630000
2021-04-16,391.810000
2021-04-19,391.730000
2021-04-20,387.330000
2021-04-21,387.240000
2021-04-22,380.090000
2021-04-23,377.290000
2021-04-26,371.980000
2021-04-27,373.220000
2021-04-28,372.940000
2021-04-29,380.350000
2021-04-30,380.560000
2021-05-03,385.310000
2021-05-04,387.480000
2021-05-05,386.370000
2021-05-06,387.340000
2021-05-07,390.340000
2021-05-10,393.140000
2021-05-11,387.820000
2021-05-12,380.620000
2021-05-13,387.770000
2021-05-14,390.780000
2021-05-17,391.120000
2021-05-18,387.220000
2021-05-19,385.540000
2021-05-20,388.320000
2021-05-21,387.220000
2021-05-24,387.710000
2021-05-25,385.850000
2021-05-26,384.130000
2021-05-27,387.390000
2021-05-28,382.200000
2021-06-01,381.920000
2021-06-02,385.090000
2021-06-03,387.350000
2021-06-04,394.100000
2021-06-07,391.510000
2021-06-08,388.530000
2021-06-09,386.800000
2021-06-10,387.720000
2021-06-11,387.720000
2021-06-14,389.110000
2021-06-15,389.800000
2021-06-16,383.600000
2021-06-17,382.900000
2021-06-18,379.190000
2021-06-21,382.500000
2021-06-22,382.480000
2021-06-23,377.330000
2021-06-24,377.730000
2021-06-25,382.010000
2021-06-28,380.070000
2021-06-29,373.420000
2021-06-30,378.350000
2021-07-01,380.220000
2021-07-02,381.490000
2021-07-06,378.670000
2021-07-07,383.480000
2021-07-08,379.920000
2021-07-09,383.110000
2021-07-12,379.070000
2021-07-13,377.840000
2021-07-14,376.820000
2021-07-15,378.250000
2021-07-16,377.140000
2021-07-19,372.020000
2021-07-20,379.980000
2021-07-21,380.890000
2021-07-22,379.930000
2021-07-23,380.770000
2021-07-26,368.050000
2021-07-27,374.730000
2021-07-28,372.810000
2021-07-29,372.600000
2021-07-30,371.670000
2021-08-02,368.300000
2021-08-03,369.450000
2021-08-04,361.640000
2021-08-05,360.780000
2021-08-06,362.050000
2021-08-09,361.040000
2021-08-10,362.240000
2021-08-11,363.300000
2021-08-12,359.750000
2021-08-13,357.980000
2021-08-16,360.250000
2021-08-17,361.600000
2021-08-18,356.600000
2021-08-19,354.030000
2021-08-20,357.170000
2021-08-23,357.350000
2021-08-24,359.000000
2021-08-25,358.750000
2021-08-26,361.620000
2021-08-27,361.990000
2021-08-30,362.050000
2021-08-31,359.800000
2021-09-01,356.660000
2021-09-02,358.050000
2021-09-03,356.000000
2021-09-07,349.200000
2021-09-08,351.460000
2021-09-09,348.930000
2021-09-10,345.880000
2021-09-13,346.310000
2021-09-14,344.340000
2021-09-15,345.070000
2021-09-16,341.500000
2021-09-17,340.980000
2021-09-20,338.460000
2021-09-21,336.050000
2021-09-22,341.730000
2021-09-23,344.200000
2021-09-24,349.520000
2021-09-27,353.360000
2021-09-28,352.150000
2021-09-29,350.290000
2021-09-30,345.100000
2021-10-01,347.800000
2021-10-04,345.990000
2021-10-05,347.750000
2021-10-06,349.990000
2021-10-07,351.780000
2021-10-08,353.750000
2021-10-11,357.080000
2021-10-12,358.120000
2021-10-13,361.760000
2021-10-14,362.070000
2021-10-15,365.620000
2021-10-18,365.000000
2021-10-19,371.070000
2021-10-20,371.130000
2021-10-21,373.140000
2021-10-22,374.600000
2021-10-25,376.330000
2021-10-26,331.910000
2021-10-27,330.940000
2021-10-28,331.390000
2021-10-29,332.320000
2021-11-01,330.930000
2021-11-02,326.310000
2021-11-03,331.350000
2021-11-04,335.500000
2021-11-05,339.890000
2021-11-08,341.780000
2021-11-09,338.170000
2021-11-10,337.630000
2021-11-11,335.890000
2021-11-12,339.060000
2021-11-15,340.920000
2021-11-16,340.370000
2021-11-17,341.990000
2021-11-18,342.080000
2021-11-19,341.440000
2021-11-22,344.980000
2021-11-23,345.180000
2021-11-24,343.580000
2021-11-26,342.720000
2021-11-29,341.230000
2021-11-30,333.320000
2021-12-01,328.420000
2021-12-02,330.530000
2021-12-03,333.810000
2021-12-06,339.960000
2021-12-07,339.170000
2021-12-08,341.080000
2021-12-09,343.600000
2021-12-10,344.880000
2021-12-13,345.550000
2021-12-14,345.640000
2021-12-15,344.420000
2021-12-16,344.840000
2021-12-17,344.140000
2021-12-20,337.420000
2021-12-21,340.770000
2021-12-22,343.140000
2021-12-23,347.020000
2021-12-27,350.280000
2021-12-28,353.750000
2021-12-29,354.270000
2021-12-30,353.580000
2021-12-31,355.410000
2022-01-03,354.360000
2022-01-04,361.990000
2022-01-05,358.140000
2022-01-06,358.000000
2022-01-07,360.140000
2022-01-10,363.250000
2022-01-11,364.140000
2022-01-12,361.300000
2022-01-13,365.180000
2022-01-14,372.620000
2022-01-18,376.540000
2022-01-19,377.330000
2022-01-20,375.130000
2022-01-21,371.200000
2022-01-24,373.330000
2022-01-25,387.170000
2022-01-26,391.240000
2022-01-27,389.080000
2022-01-28,393.150000
2022-01-31,389.130000
2022-02-01,387.010000
2022-02-02,387.340000
2022-02-03,389.700000
2022-02-04,389.330000
2022-02-07,392.340000
2022-02-08,396.040000
2022-02-09,394.540000
2022-02-10,385.430000
2022-02-11,396.190000
2022-02-14,386.970000
2022-02-15,382.220000
2022-02-16,386.900000
2022-02-17,388.770000
2022-02-18,386.460000
2022-02-22,386.200000
2022-02-23,388.900000
2022-02-24,395.710000
2022-02-25,409.490000
2022-02-28,433.800000
2022-03-01,456.610000
2022-03-02,450.000000
2022-03-03,447.820000
2022-03-04,458.150000
2022-03-07,466.150000
2022-03-08,448.990000
2022-03-09,448.720000
2022-03-10,444.360000
2022-03-11,439.040000
2022-03-14,444.450000
2022-03-15,448.670000
2022-03-16,421.340000
2022-03-17,428.590000
2022-03-18,426.180000
2022-03-21,440.000000
2022-03-22,440.590000
2022-03-23,445.250000
2022-03-24,449.730000
2022-03-25,453.660000
2022-03-28,444.980000
2022-03-29,437.150000
2022-03-30,445.950000
2022-03-31,441.400000
2022-04-01,445.980000
2022-04-04,444.010000
2022-04-05,447.240000
2022-04-06,454.580000
2022-04-07,465.510000
2022-04-08,461.520000
2022-04-11,464.250000
2022-04-12,467.550000
2022-04-13,469.190000
2022-04-14,467.660000
2022-04-18,467.440000
2022-04-19,459.900000
2022-04-20,453.870000
2022-04-21,439.540000
2022-04-22,445.790000
2022-04-25,442.890000
2022-04-26,446.090000
2022-04-27,444.980000
2022-04-28,441.710000
2022-04-29,432.120000
2022-05-02,430.810000
2022-05-03,434.770000
2022-05-04,445.740000
2022-05-05,443.150000
2022-05-06,449.430000
2022-05-09,438.840000
2022-05-10,439.130000
2022-05-11,440.410000
2022-05-12,434.590000
2022-05-13,435.170000
2022-05-16,437.550000
2022-05-17,441.000000
2022-05-18,434.330000
2022-05-19,425.620000
2022-05-20,424.150000
2022-05-23,433.030000
2022-05-24,442.780000
2022-05-25,447.540000
2022-05-26,447.990000
2022-05-27,450.560000
2022-05-31,440.110000
2022-06-01,439.300000
2022-06-02,441.110000
2022-06-03,442.690000
2022-06-06,443.410000
2022-06-07,456.300000
2022-06-08,443.410000
2022-06-09,432.720000
2022-06-10,430.190000
2022-06-13,423.930000
2022-06-14,416.170000
2022-06-15,414.100000
2022-06-16,404.790000
2022-06-17,404.010000
2022-06-21,418.960000
2022-06-22,415.450000
2022-06-23,410.620000
2022-06-24,419.040000
2022-06-27,419.250000
2022-06-28,420.710000
2022-06-29,418.890000
2022-06-30,429.960000
2022-07-01,433.520000
2022-07-05,415.250000
2022-07-06,425.890000
2022-07-07,422.190000
2022-07-08,420.350000
2022-07-11,419.070000
2022-07-12,413.990000
2022-07-13,408.000000
2022-07-14,400.310000
2022-07-15,398.380000
2022-07-18,387.280000
2022-07-19,390.380000
2022-07-20,395.220000
2022-07-21,395.200000
2022-07-22,394.740000
2022-07-25,399.800000
2022-07-26,396.810000
2022-07-27,398.540000
2022-07-28,406.080000
2022-07-29,413.810000
2022-08-01,419.280000
2022-08-02,428.780000
2022-08-03,429.300000
2022-08-04,428.130000
2022-08-05,426.410000
2022-08-08,423.860000
2022-08-09,428.550000
2022-08-10,429.990000
2022-08-11,428.850000
2022-08-12,434.240000
2022-08-15,438.010000
2022-08-16,440.160000
2022-08-17,441.590000
2022-08-18,439.350000
2022-08-19,440.030000
2022-08-22,432.330000
2022-08-23,433.120000
2022-08-24,433.710000
2022-08-25,438.640000
2022-08-26,431.130000
2022-08-29,429.680000
2022-08-30,425.110000
2022-08-31,420.110000
2022-09-01,422.610000
2022-09-02,418.570000
2022-09-06,417.780000
2022-09-07,420.140000
2022-09-08,419.650000
2022-09-09,421.530000
2022-09-12,418.640000
2022-09-13,409.330000
2022-09-14,416.630000
2022-09-15,413.590000
2022-09-16,414.290000
2022-09-19,416.520000
2022-09-20,420.580000
2022-09-21,420.200000
2022-09-22,422.080000
2022-09-23,413.070000
2022-09-26,407.650000
2022-09-27,399.740000
2022-09-28,400.000000
2022-09-29,389.790000
2022-09-30,386.290000
2022-10-03,399.740000
2022-10-04,406.110000
2022-10-05,402.510000
2022-10-06,399.610000
2022-10-07,403.960000
2022-10-10,409.990000
2022-10-11,411.060000
2022-10-12,397.420000
2022-10-13,405.960000
2022-10-14,389.410000
2022-10-17,397.310000
2022-10-18,431.840000
2022-10-19,439.960000
2022-10-20,444.340000
2022-10-21,454.610000
2022-10-24,457.460000
2022-10-25,460.150000
2022-10-26,462.560000
2022-10-27,471.930000
2022-10-28,484.870000
2022-10-31,486.680000
2022-11-01,485.630000
2022-11-02,482.060000
2022-11-03,484.820000
2022-11-04,481.670000
2022-11-07,488.630000
2022-11-08,494.120000
2022-11-09,485.180000
2022-11-10,490.770000
2022-11-11,463.860000
2022-11-14,462.040000
2022-11-15,467.250000
2022-11-16,466.240000
2022-11-17,472.770000
2022-11-18,476.820000
2022-11-21,480.940000
2022-11-22,479.500000
2022-11-23,481.070000
2022-11-25,483.460000
2022-11-28,483.210000
2022-11-29,484.100000
2022-11-30,485.190000
2022-12-01,483.690000
2022-12-02,496.230000
2022-12-05,490.670000
2022-12-06,484.000000
2022-12-07,481.200000
2022-12-08,485.380000
2022-12-09,483.580000
2022-12-12,486.320000
2022-12-13,480.220000
2022-12-14,485.190000
2022-12-15,478.790000
2022-12-16,481.790000
2022-12-19,481.790000
2022-12-20,486.150000
2022-12-21,487.650000
2022-12-22,479.300000
2022-12-23,483.290000
2022-12-27,485.500000
2022-12-28,483.220000
2022-12-29,487.050000
2022-12-30,486.490000
2023-01-03,477.530000
2023-01-04,476.500000
2023-01-05,477.070000
2023-01-06,473.240000
2023-01-09,458.990000
2023-01-10,462.290000
2023-01-11,463.000000
2023-01-12,461.740000
2023-01-13,449.830000
2023-01-17,447.160000
2023-01-18,441.270000
2023-01-19,439.310000
2023-01-20,443.280000
2023-01-23,441.280000
2023-01-24,449.230000
2023-01-25,454.160000
2023-01-26,459.810000
2023-01-27,459.600000
2023-01-30,460.590000
2023-01-31,463.260000
2023-02-01,462.250000
2023-02-02,457.190000
2023-02-03,459.080000
2023-02-06,469.100000
2023-02-07,468.330000
2023-02-08,469.650000
2023-02-09,470.090000
2023-02-10,480.830000
2023-02-13,481.970000
2023-02-14,481.580000
2023-02-15,480.510000
2023-02-16,471.250000
2023-02-17,475.630000
2023-02-21,479.190000
2023-02-22,479.530000
2023-02-23,479.080000
2023-02-24,480.400000
2023-02-27,479.490000
2023-02-28,474.260000
2023-03-01,474.330000
2023-03-02,478.310000
2023-03-03,477.890000
2023-03-06,480.170000
2023-03-07,478.660000
2023-03-08,479.500000
2023-03-09,475.850000
2023-03-10,475.500000
2023-03-13,477.330000
2023-03-14,478.870000
2023-03-15,473.310000
2023-03-16,473.240000
2023-03-17,465.870000
2023-03-20,475.700000
2023-03-21,474.760000
2023-03-22,468.900000
2023-03-23,467.900000
2023-03-24,474.540000
2023-03-27,473.390000
2023-03-28,471.440000
2023-03-29,474.190000
2023-03-30,473.180000
2023-03-31,472.730000
2023-04-03,486.620000
2023-04-04,488.540000
2023-04-05,489.990000
2023-04-06,490.170000
2023-04-10,496.750000
2023-04-11,487.840000
2023-04-12,488.100000
2023-04-13,492.140000
2023-04-14,487.990000
2023-04-17,489.640000
2023-04-18,501.410000
2023-04-19,495.160000
2023-04-20,490.600000
2023-04-21,482.550000
2023-04-24,480.920000
2023-04-25,475.580000
2023-04-26,461.620000
2023-04-27,465.000000
2023-04-28,464.450000
2023-05-01,469.430000
2023-05-02,458.890000
2023-05-03,453.070000
2023-05-04,451.930000
2023-05-05,455.540000
2023-05-08,450.960000
2023-05-09,452.040000
2023-05-10,453.150000
2023-05-11,450.690000
2023-05-12,450.790000
2023-05-15,451.920000
2023-05-16,447.730000
2023-05-17,457.300000
2023-05-18,455.750000
2023-05-19,454.490000
2023-05-22,454.720000
2023-05-23,452.630000
2023-05-24,452.720000
2023-05-25,442.830000
2023-05-26,448.450000
2023-05-30,447.970000
2023-05-31,444.010000
2023-06-01,449.670000
2023-06-02,454.490000
2023-06-05,454.690000
2023-06-06,458.630000
2023-06-07,461.750000
2023-06-08,464.170000
2023-06-09,462.690000
2023-06-12,459.870000
2023-06-13,452.370000
2023-06-14,452.550000
2023-06-15,455.950000
2023-06-16,459.170000
2023-06-20,458.380000
2023-06-21,466.040000
2023-06-22,463.430000
2023-06-23,459.360000
2023-06-26,452.800000
2023-06-27,453.150000
2023-06-28,449.660000
2023-06-29,457.440000
2023-06-30,460.380000
2023-07-03,462.580000
2023-07-05,462.760000
2023-07-06,461.640000
2023-07-07,458.710000
2023-07-10,460.380000
2023-07-11,466.290000
2023-07-12,461.960000
2023-07-13,466.380000
2023-07-14,464.310000
2023-07-17,469.970000
2023-07-18,455.700000
2023-07-19,451.510000
2023-07-20,456.010000
2023-07-21,454.760000
2023-07-24,456.800000
2023-07-25,454.150000
2023-07-26,452.810000
2023-07-27,448.640000
2023-07-28,449.000000
2023-07-31,446.370000
2023-08-01,451.280000
2023-08-02,448.560000
2023-08-03,447.920000
2023-08-04,445.720000
2023-08-07,449.780000
2023-08-08,449.470000
2023-08-09,452.810000
2023-08-10,450.050000
2023-08-11,454.050000
2023-08-14,450.080000
2023-08-15,443.580000
2023-08-16,445.130000
2023-08-17,446.680000
2023-08-18,450.060000
2023-08-21,451.490000
2023-08-22,452.940000
2023-08-23,454.570000
2023-08-24,452.550000
2023-08-25,451.090000
2023-08-28,452.320000
2023-08-29,448.400000
2023-08-30,452.410000
2023-08-31,448.350000
2023-09-01,448.180000
2023-09-05,445.190000
2023-09-06,423.940000
2023-09-07,425.940000
2023-09-08,423.090000
2023-09-11,420.660000
2023-09-12,417.830000
2023-09-13,420.990000
2023-09-14,425.890000
2023-09-15,424.050000
2023-09-18,429.860000
2023-09-19,425.310000
2023-09-20,426.950000
2023-09-21,417.540000
2023-09-22,413.650000
2023-09-25,412.900000
2023-09-26,408.750000
2023-09-27,408.720000
2023-09-28,410.960000
2023-09-29,408.960000
2023-10-02,407.820000
2023-10-03,403.830000
2023-10-04,401.330000
2023-10-05,397.350000
2023-10-06,400.730000
2023-10-09,436.530000
2023-10-10,435.100000
2023-10-11,436.650000
2023-10-12,434.140000
2023-10-13,441.060000
2023-10-16,440.410000
2023-10-17,441.130000
2023-10-18,446.070000
2023-10-19,449.180000
2023-10-20,444.170000
2023-10-23,446.160000
2023-10-24,440.900000
2023-10-25,447.690000
2023-10-26,445.970000
2023-10-27,443.390000
2023-10-30,445.840000
2023-10-31,454.640000
2023-11-01,452.380000
2023-11-02,458.040000
2023-11-03,453.340000
2023-11-06,451.160000
2023-11-07,450.150000
2023-11-08,444.660000
2023-11-09,442.460000
2023-11-10,444.870000
2023-11-13,445.030000
2023-11-14,444.220000
2023-11-15,445.140000
2023-11-16,445.590000
2023-11-17,444.680000
2023-11-20,443.810000
2023-11-21,448.150000
2023-11-22,450.400000
2023-11-24,452.010000
2023-11-27,445.490000
2023-11-28,448.270000
2023-11-29,445.010000
2023-11-30,447.770000
2023-12-01,449.410000
2023-12-04,450.690000
2023-12-05,446.240000
2023-12-06,449.410000
2023-12-07,447.110000
2023-12-08,448.020000
2023-12-11,451.260000
2023-12-12,451.630000
2023-12-13,451.440000
2023-12-14,445.270000
2023-12-15,441.810000
2023-12-18,446.910000
2023-12-19,447.790000
2023-12-20,442.600000
2023-12-21,448.020000
2023-12-22,448.220000
2023-12-26,450.180000
2023-12-27,448.970000
2023-12-28,451.230000
2023-12-29,453.240000
2024-01-02,456.120000
2024-01-03,459.120000
2024-01-04,457.870000
2024-01-05,456.500000
2024-01-08,458.600000
2024-01-09,456.290000
2024-01-10,455.400000
2024-01-11,453.130000
2024-01-12,463.180000
2024-01-16,457.840000
2024-01-17,456.470000
2024-01-18,459.570000
2024-01-19,457.760000
2024-01-22,458.760000
2024-01-23,439.670000
2024-01-24,431.650000
2024-01-25,431.040000
2024-01-26,429.910000
2024-01-29,428.010000
2024-01-30,431.680000
2024-01-31,429.410000
2024-02-01,429.770000
2024-02-02,425.970000
2024-02-05,421.700000
2024-02-06,426.950000
2024-02-07,430.100000
2024-02-08,427.000000
2024-02-09,426.500000
2024-02-12,428.070000
2024-02-13,426.520000
2024-02-14,418.190000
2024-02-15,423.120000
2024-02-16,424.070000
2024-02-20,424.270000
2024-02-21,427.550000
2024-02-22,428.890000
2024-02-23,431.120000
2024-02-26,429.180000
2024-02-27,430.430000
2024-02-28,432.480000
2024-02-29,428.240000
2024-03-01,426.460000
2024-03-04,431.940000
2024-03-05,431.980000
2024-03-06,433.480000
2024-03-07,429.990000
2024-03-08,432.900000
2024-03-11,434.750000
2024-03-12,434.910000
2024-03-13,434.600000
2024-03-14,435.770000
2024-03-15,435.820000
2024-03-18,433.200000
2024-03-19,437.190000
2024-03-20,440.410000
2024-03-21,443.160000
2024-03-22,445.880000
2024-03-25,446.310000
2024-03-26,445.990000
2024-03-27,456.780000
2024-03-28,454.870000
2024-04-01,452.790000
2024-04-02,453.240000
2024-04-03,447.900000
2024-04-04,454.040000
2024-04-05,455.380000
2024-04-08,452.380000
2024-04-09,447.570000
2024-04-10,451.710000
2024-04-11,452.320000
2024-04-12,450.400000
2024-04-15,453.080000
2024-04-16,454.310000
2024-04-17,456.050000
2024-04-18,456.090000
2024-04-19,463.870000
2024-04-22,461.330000
2024-04-23,460.080000
2024-04-24,459.140000
2024-04-25,464.780000
2024-04-26,461.290000
2024-04-29,467.550000
2024-04-30,464.930000
2024-05-01,461.730000
2024-05-02,463.200000
2024-05-03,461.910000
2024-05-06,462.780000
2024-05-07,466.680000
2024-05-08,466.160000
2024-05-09,468.390000
2024-05-10,468.880000
2024-05-13,470.560000
2024-05-14,467.180000
2024-05-15,464.080000
2024-05-16,464.830000
2024-05-17,466.200000
2024-05-20,467.080000
2024-05-21,468.310000
2024-05-22,469.710000
2024-05-23,467.080000
2024-05-24,467.350000
2024-05-28,458.480000
2024-05-29,452.720000
2024-05-30,460.940000
2024-05-31,470.340000
2024-06-03,467.600000
2024-06-04,468.890000
2024-06-05,465.230000
2024-06-06,468.620000
2024-06-07,470.130000
2024-06-10,467.460000
2024-06-11,462.800000
2024-06-12,459.110000
2024-06-13,458.560000
2024-06-14,458.340000
2024-06-17,459.010000
2024-06-18,460.000000
2024-06-20,466.340000
2024-06-21,467.600000
2024-06-24,471.510000
2024-06-25,468.070000
2024-06-26,466.990000
2024-06-27,467.130000
2024-06-28,467.100000
2024-07-01,466.440000
2024-07-02,465.700000
2024-07-03,466.030000
2024-07-05,462.160000
2024-07-08,461.760000
2024-07-09,460.300000
2024-07-10,461.010000
2024-07-11,460.380000
2024-07-12,463.730000
2024-07-15,463.880000
2024-07-16,468.580000
2024-07-17,476.070000
2024-07-18,476.000000
2024-07-19,474.920000
2024-07-22,474.590000
2024-07-23,501.290000
2024-07-24,515.200000
2024-07-25,521.400000
2024-07-26,524.800000
2024-07-29,527.640000
2024-07-30,537.660000
2024-07-31,541.920000
2024-08-01,548.860000
2024-08-02,548.770000
2024-08-05,545.380000
2024-08-06,541.560000
2024-08-07,548.510000
2024-08-08,551.620000
2024-08-09,551.580000
2024-08-12,556.910000
2024-08-13,559.420000
2024-08-14,563.220000
2024-08-15,560.290000
2024-08-16,560.130000
2024-08-19,558.390000
2024-08-20,557.010000
2024-08-21,553.760000
2024-08-22,557.030000
2024-08-23,555.010000
2024-08-26,558.100000
2024-08-27,560.410000
2024-08-28,563.980000
2024-08-29,566.850000
2024-08-30,568.100000
2024-09-03,567.220000
2024-09-04,574.780000
2024-09-05,568.590000
2024-09-06,566.630000
2024-09-09,576.570000
2024-09-10,572.190000
2024-09-11,566.960000
2024-09-12,568.270000
2024-09-13,569.910000
2024-09-16,572.920000
2024-09-17,567.010000
2024-09-18,565.490000
2024-09-19,565.180000
2024-09-20,571.920000
2024-09-23,580.510000
2024-09-24,578.630000
2024-09-25,577.940000
2024-09-26,577.400000
2024-09-27,582.360000
2024-09-30,584.560000
2024-10-01,605.860000
2024-10-02,603.200000
2024-10-03,605.820000
2024-10-04,605.130000
2024-10-07,605.540000
2024-10-08,608.050000
2024-10-09,605.110000
2024-10-10,597.490000
2024-10-11,604.170000
2024-10-14,610.870000
2024-10-15,605.000000
2024-10-16,612.830000
2024-10-17,609.620000
2024-10-18,611.810000
2024-10-21,614.610000
2024-10-22,576.980000
2024-10-23,571.100000
2024-10-24,564.210000
2024-10-25,562.290000
2024-10-28,555.170000
2024-10-29,546.800000
2024-10-30,545.940000
2024-10-31,546.050000
2024-11-01,545.350000
2024-11-04,543.100000
2024-11-05,546.750000
2024-11-06,551.820000
2024-11-07,551.840000
2024-11-08,564.560000
2024-11-11,570.580000
2024-11-12,565.960000
2024-11-13,557.730000
2024-11-14,538.990000
2024-11-15,534.830000
2024-11-18,530.960000
2024-11-19,533.260000
2024-11-20,534.730000
2024-11-21,542.010000
2024-11-22,542.220000
2024-11-25,521.890000
2024-11-26,521.450000
2024-11-27,525.750000
2024-11-29,529.410000
2024-12-02,520.340000
2024-12-03,517.000000
2024-12-04,517.500000
2024-12-05,517.480000
2024-12-06,513.030000
2024-12-09,510.010000
2024-12-10,512.940000
2024-12-11,504.240000
2024-12-12,496.580000
2024-12-13,494.650000
2024-12-16,491.650000
2024-12-17,490.610000
2024-12-18,482.940000
2024-12-19,479.660000
2024-12-20,489.020000
2024-12-23,486.490000
2024-12-24,488.130000
2024-12-26,489.980000
2024-12-27,488.970000
2024-12-30,483.370000
2024-12-31,485.940000
2025-01-02,482.250000
2025-01-03,481.820000
2025-01-06,466.000000
2025-01-07,463.960000
2025-01-08,468.850000
2025-01-10,468.050000
2025-01-13,483.160000
2025-01-14,484.460000
2025-01-15,483.970000
2025-01-16,486.860000
2025-01-17,490.320000
2025-01-21,506.290000
2025-01-22,499.340000
2025-01-23,497.280000
2025-01-24,496.960000
2025-01-27,503.690000
2025-01-28,457.450000
2025-01-29,454.360000
2025-01-30,459.650000
2025-01-31,462.950000
2025-02-03,455.420000
2025-02-04,453.680000
2025-02-05,449.870000
2025-02-06,448.520000
2025-02-07,444.390000
2025-02-10,448.220000
2025-02-11,449.360000
2025-02-12,441.970000
2025-02-13,434.720000
2025-02-14,423.190000
2025-02-18,428.540000
2025-02-19,432.950000
2025-02-20,436.290000
2025-02-21,440.720000
2025-02-24,440.270000
2025-02-25,448.460000
2025-02-26,441.500000
2025-02-27,446.460000
2025-02-28,450.370000
2025-03-03,451.940000
2025-03-04,448.820000
2025-03-05,460.420000
2025-03-06,461.500000
2025-03-07,473.650000
2025-03-10,479.170000
2025-03-11,468.880000
2025-03-12,461.500000
2025-03-13,467.930000
2025-03-14,466.170000
2025-03-17,467.610000
2025-03-18,469.280000
2025-03-19,470.550000
2025-03-20,466.740000
2025-03-21,439.700000
2025-03-24,434.980000
2025-03-25,442.070000
2025-03-26,445.170000
2025-03-27,442.280000
2025-03-28,441.490000
2025-03-31,446.710000
2025-04-01,448.640000
2025-04-02,452.870000
2025-04-03,454.780000
2025-04-04,432.150000
2025-04-07,430.820000
2025-04-08,443.360000
2025-04-09,462.240000
2025-04-10,463.700000
2025-04-11,474.900000
2025-04-14,475.340000
2025-04-15,469.580000
2025-04-16,477.080000
2025-04-17,464.080000
2025-04-21,458.330000
2025-04-22,462.080000
2025-04-23,463.550000
2025-04-24,466.810000
2025-04-25,477.640000
2025-04-28,476.290000
2025-04-29,475.880000
2025-04-30,477.750000
2025-05-01,477.720000
2025-05-02,472.800000
2025-05-05,471.560000
2025-05-06,468.210000
2025-05-07,471.320000
2025-05-08,474.530000
2025-05-09,473.520000
2025-05-12,473.160000
2025-05-13,459.830000
2025-05-14,449.180000
2025-05-15,465.140000
2025-05-16,468.320000
2025-05-19,473.060000
2025-05-20,475.820000
2025-05-21,470.280000
2025-05-22,470.450000
2025-05-23,468.880000
2025-05-27,476.850000
2025-05-28,469.980000
2025-05-29,473.690000
2025-05-30,482.380000
2025-06-02,478.820000
2025-06-03,480.170000
2025-06-04,482.210000
2025-06-05,478.030000
2025-06-06,481.690000
2025-06-09,480.830000
2025-06-10,476.900000
2025-06-11,456.600000
2025-06-12,469.270000
2025-06-13,486.450000
2025-06-16,467.060000
2025-06-17,479.340000
2025-06-18,468.600000
2025-06-20,470.560000
2025-06-23,472.460000
2025-06-24,460.200000
2025-06-25,458.390000
2025-06-26,457.900000
2025-06-27,458.590000
2025-06-30,463.140000
2025-07-01,465.940000
2025-07-02,462.550000
2025-07-03,462.520000
2025-07-07,469.060000
2025-07-08,463.010000
2025-07-09,463.060000
2025-07-10,464.310000
2025-07-11,467.510000
2025-07-14,473.570000
2025-07-15,470.120000
2025-07-16,471.470000
2025-07-17,469.200000
2025-07-18,463.960000
2025-07-21,460.530000
2025-07-22,410.740000
2025-07-23,419.390000
2025-07-24,420.550000
2025-07-25,421.170000
2025-07-28,421.340000
2025-07-29,420.130000
2025-07-30,418.680000
2025-07-31,420.980000
2025-08-01,421.010000
2025-08-04,423.700000
2025-08-05,428.240000
2025-08-06,434.850000
2025-08-07,430.750000
2025-08-08,425.630000
2025-08-11,426.260000
2025-08-12,431.560000
2025-08-13,442.570000
2025-08-14,437.320000
2025-08-15,437.560000
2025-08-18,440.640000
2025-08-19,441.100000
2025-08-20,446.000000
2025-08-21,447.200000
2025-08-22,446.200000
2025-08-25,447.720000
2025-08-26,455.460000
2025-08-27,454.470000
2025-08-28,456.180000
2025-08-29,455.630000
2025-09-02,452.500000
2025-09-03,449.060000
2025-09-04,456.850000
2025-09-05,463.900000
2025-09-08,459.110000
2025-09-09,457.060000
2025-09-10,463.870000
2025-09-11,470.730000
2025-09-12,471.310000
2025-09-15,473.250000
2025-09-16,474.320000
2025-09-17,473.120000
2025-09-18,473.620000
2025-09-19,472.940000
2025-09-22,480.390000
2025-09-23,486.670000
2025-09-24,486.250000
2025-09-25,484.340000
2025-09-26,487.440000
2025-09-29,491.980000
2025-09-30,499.210000
2025-10-01,499.000000
2025-10-02,499.360000
2025-10-03,504.490000
2025-10-06,514.240000
2025-10-07,511.070000
2025-10-08,514.020000
2025-10-09,507.760000
2025-10-10,505.050000
2025-10-13,503.830000
2025-10-14,505.180000
2025-10-15,499.410000
2025-10-16,493.250000
2025-10-17,495.150000
2025-10-20,505.900000
2025-10-21,489.500000
2025-10-22,487.140000
2025-10-23,488.050000
2025-10-24,485.410000
2025-10-27,486.910000
2025-10-28,485.770000
2025-10-29,485.330000
2025-10-30,489.720000
2025-10-31,491.880000
2025-11-03,487.940000
2025-11-04,484.980000
2025-11-05,473.140000
2025-11-06,468.920000
2025-11-07,458.350000
2025-11-10,452.100000
2025-11-11,457.070000
2025-11-12,457.040000
2025-11-13,455.850000
2025-11-14,465.770000
2025-11-17,470.780000
2025-11-18,474.720000
2025-11-19,469.910000
2025-11-20,468.260000
2025-11-21,460.780000
2025-11-24,451.060000
2025-11-25,452.410000
2025-11-26,454.160000
2025-11-28,457.860000
2025-12-01,439.190000
2025-12-02,441.820000
2025-12-03,446.800000
2025-12-04,448.350000
2025-12-05,452.200000
2025-12-08,465.380000
2025-12-09,466.890000
2025-12-10,467.940000
2025-12-11,474.880000
2025-12-12,480.250000
2025-12-15,484.420000
2025-12-16,477.060000
2025-12-17,474.790000
2025-12-18,470.140000
2025-12-19,474.130000
2025-12-22,483.570000
2025-12-23,482.550000
2025-12-24,485.750000
2025-12-26,483.030000
2025-12-29,488.870000
2025-12-30,488.000000
2025-12-31,483.670000
2026-01-02,497.070000
2026-01-05,511.570000
2026-01-06,522.040000
2026-01-07,496.870000
2026-01-08,518.440000
2026-01-09,542.920000
2026-01-12,551.240000
2026-01-13,558.300000
2026-01-14,572.700000
2026-01-15,577.890000
2026-01-16,582.430000
2026-01-20,576.060000
2026-01-21,586.230000
2026-01-22,593.910000
2026-01-23,590.820000
2026-01-26,581.660000
2026-01-27,594.950000
2026-01-28,597.270000
2026-01-29,622.510000
2026-01-30,634.220000
2026-02-02,636.000000
2026-02-03,628.260000
2026-02-04,602.760000
2026-02-05,609.180000
2026-02-06,623.580000
2026-02-09,638.290000
2026-02-10,629.560000
2026-02-11,628.700000
2026-02-12,637.430000
2026-02-13,652.580000
2026-02-17,649.580000
2026-02-18,649.810000
2026-02-19,666.510000
2026-02-20,658.260000
2026-02-23,660.620000
2026-02-24,664.430000
2026-02-25,647.500000
2026-02-26,641.630000
2026-02-27,658.080000
2026-03-02,676.700000
2026-03-03,667.820000
2026-03-04,664.480000
2026-03-05,655.000000
2026-03-06,671.770000
2026-03-09,664.150000
2026-03-10,651.220000
2026-03-11,649.470000
2026-03-12,652.830000
2026-03-13,646.000000
2026-03-16,645.200000
2026-03-17,636.330000
2026-03-18,642.280000
2026-03-19,637.510000
2026-03-20,627.430000
2026-03-23,616.250000
2026-03-24,610.170000
2026-03-25,624.200000
2026-03-26,627.330000
2026-03-27,615.840000
2026-03-30,598.570000
2026-03-31,604.390000
2026-04-01,617.640000
2026-04-02,622.790000
2026-04-06,637.900000
2026-04-07,627.700000
2026-04-08,628.500000
2026-04-09,623.870000
2026-04-10,613.720000
2026-04-13,619.690000
2026-04-14,611.580000
2026-04-15,611.100000
2026-04-16,607.490000
2026-04-17,592.190000
2026-04-20,581.280000
2026-04-21,571.950000
2026-04-22,555.430000
2026-04-23,529.790000
2026-04-24,513.450000
2026-04-27,513.350000
2026-04-28,512.290000
2026-04-29,509.810000
2026-04-30,517.970000
2026-05-01,512.770000
2026-05-04,518.150000
2026-05-05,508.930000
2026-05-06,514.260000
2026-05-07,512.410000
2026-05-08,506.510000
2026-05-11,512.250000
2026-05-12,521.000000
2026-05-13,519.940000
2026-05-14,520.410000
2026-05-15,516.010000
2026-05-18,528.310000
2026-05-19,526.630000
2026-05-20,522.590000
2026-05-21,522.790000
2026-05-22,533.240000
2026-05-26,532.900000
2026-05-27,531.140000
2026-05-28,537.210000
2026-05-29,530.450000
2026-06-01,516.500000
2026-06-02,513.430000
2026-06-03,512.030000
2026-06-04,519.050000
2026-06-05,523.760000
2026-06-08,520.070000
2026-06-09,530.130000
2026-06-10,525.020000
2026-06-11,548.680000
2026-06-12,540.330000
2026-06-15,530.360000
2026-06-16,535.950000
2026-06-17,532.320000
2026-06-18,510.950000
2026-06-22,493.600000
2026-06-23,503.670000
2026-06-24,491.640000
2026-06-25,505.020000
2026-06-26,507.400000
2026-06-29,502.070000
2026-06-30,509.460000
2026-07-01,521.820000
2026-07-02,545.910000
2026-07-06,538.000000
2026-07-07,535.380000
2026-07-08,527.960000
2026-07-09,518.260000
2026-07-10,523.220000
2026-07-13,520.680000
2026-07-14,514.990000
2026-07-15,514.460000
2026-07-16,513.520000
2026-07-17,508.770000
2026-07-20,509.540000
2026-07-21,507.090000
2026-07-22,514.360000
2026-07-23,568.590000
2026-07-24,582.600000
2026-07-27,580.000000
2026-07-28,581.310000
2026-07-29,569.200000
2026-07-30,574.110000
2026-07-31,582.740000
2026-08-03,586.290000
2026-08-04,589.330000
2026-08-05,577.600000
2026-08-06,582.850000
2026-08-07,587.950000
2026-08-10,603.160000
2026-08-11,597.770000
2026-08-12,606.720000
2026-08-13,598.010000
2026-08-14,608.680000
2026-08-17,593.740000
2026-08-18,607.170000
2026-08-19,589.150000
2026-08-20,571.480000
2026-08-21,563.570000
2026-08-24,564.140000
2026-08-25,556.520000
2026-08-26,565.620000
2026-08-27,565.890000
