d,c
2009-01-02,67.820000
2009-01-05,67.470000
2009-01-06,69.700000
2009-01-07,68.330000
2009-01-08,67.100000
2009-01-09,65.890000
2009-01-12,67.430000
2009-01-13,69.870000
2009-01-14,68.410000
2009-01-15,70.350000
2009-01-16,70.260000
2009-01-20,67.570000
2009-01-21,69.730000
2009-01-22,67.880000
2009-01-23,65.580000
2009-01-26,66.460000
2009-01-27,67.280000
2009-01-28,69.300000
2009-01-29,68.530000
2009-01-30,66.580000
2009-02-02,67.000000
2009-02-03,68.230000
2009-02-04,69.780000
2009-02-05,69.440000
2009-02-06,62.960000
2009-02-09,63.390000
2009-02-10,61.680000
2009-02-11,60.670000
2009-02-12,62.470000
2009-02-13,61.340000
2009-02-17,59.520000
2009-02-18,57.500000
2009-02-19,56.510000
2009-02-20,55.160000
2009-02-23,53.960000
2009-02-24,55.560000
2009-02-25,53.790000
2009-02-26,53.000000
2009-02-27,53.310000
2009-03-02,49.180000
2009-03-03,47.830000
2009-03-04,50.760000
2009-03-05,48.050000
2009-03-06,47.400000
2009-03-09,46.750000
2009-03-10,48.690000
2009-03-11,47.270000
2009-03-12,45.720000
2009-03-13,47.020000
2009-03-16,47.300000
2009-03-17,48.240000
2009-03-18,49.530000
2009-03-19,49.660000
2009-03-20,48.630000
2009-03-23,50.210000
2009-03-24,49.450000
2009-03-25,49.630000
2009-03-26,51.670000
2009-03-27,52.200000
2009-03-30,50.700000
2009-03-31,51.330000
2009-04-01,51.640000
2009-04-02,54.180000
2009-04-03,55.220000
2009-04-06,55.520000
2009-04-07,52.320000
2009-04-08,52.960000
2009-04-09,55.270000
2009-04-13,54.720000
2009-04-14,54.880000
2009-04-15,55.510000
2009-04-16,57.330000
2009-04-17,58.990000
2009-04-20,56.420000
2009-04-21,56.100000
2009-04-22,57.180000
2009-04-23,54.470000
2009-04-24,56.460000
2009-04-27,56.660000
2009-04-28,58.130000
2009-04-29,61.200000
2009-04-30,61.630000
2009-05-01,75.610000
2009-05-04,76.000000
2009-05-05,75.450000
2009-05-06,75.610000
2009-05-07,75.640000
2009-05-08,76.650000
2009-05-11,74.690000
2009-05-12,73.270000
2009-05-13,71.930000
2009-05-14,72.090000
2009-05-15,72.560000
2009-05-18,74.360000
2009-05-19,73.900000
2009-05-20,73.500000
2009-05-21,71.880000
2009-05-22,70.600000
2009-05-26,73.160000
2009-05-27,71.870000
2009-05-28,71.720000
2009-05-29,71.190000
2009-06-01,75.390000
2009-06-02,78.250000
2009-06-03,77.240000
2009-06-04,77.330000
2009-06-05,76.960000
2009-06-08,76.420000
2009-06-09,77.160000
2009-06-10,76.810000
2009-06-11,77.650000
2009-06-12,77.300000
2009-06-15,75.180000
2009-06-16,74.310000
2009-06-17,74.660000
2009-06-18,74.930000
2009-06-19,75.520000
2009-06-22,73.720000
2009-06-23,72.200000
2009-06-24,74.250000
2009-06-25,76.090000
2009-06-26,75.840000
2009-06-29,76.720000
2009-06-30,77.150000
2009-07-01,78.420000
2009-07-02,77.070000
2009-07-06,75.790000
2009-07-07,76.000000
2009-07-08,75.440000
2009-07-09,75.330000
2009-07-10,75.560000
2009-07-13,75.930000
2009-07-14,76.170000
2009-07-15,78.790000
2009-07-16,80.080000
2009-07-17,81.650000
2009-07-20,84.680000
2009-07-21,85.180000
2009-07-22,85.000000
2009-07-23,85.220000
2009-07-24,83.620000
2009-07-27,83.700000
2009-07-28,83.840000
2009-07-29,83.630000
2009-07-30,84.220000
2009-07-31,84.060000
2009-08-03,85.130000
2009-08-04,85.780000
2009-08-05,84.250000
2009-08-06,84.340000
2009-08-07,85.050000
2009-08-10,84.190000
2009-08-11,83.440000
2009-08-12,85.470000
2009-08-13,86.690000
2009-08-14,85.540000
2009-08-17,85.020000
2009-08-18,85.460000
2009-08-19,85.840000
2009-08-20,86.230000
2009-08-21,87.520000
2009-08-24,87.380000
2009-08-25,87.290000
2009-08-26,87.540000
2009-08-27,87.780000
2009-08-28,88.570000
2009-08-31,87.400000
2009-09-01,86.410000
2009-09-02,86.530000
2009-09-03,86.730000
2009-09-04,86.820000
2009-09-08,87.590000
2009-09-09,87.900000
2009-09-10,88.780000
2009-09-11,89.570000
2009-09-14,90.220000
2009-09-15,91.210000
2009-09-16,92.370000
2009-09-17,92.920000
2009-09-18,92.870000
2009-09-21,91.760000
2009-09-22,90.980000
2009-09-23,90.690000
2009-09-24,88.170000
2009-09-25,87.100000
2009-09-28,89.040000
2009-09-29,89.630000
2009-09-30,90.590000
2009-10-01,89.820000
2009-10-02,89.480000
2009-10-05,89.700000
2009-10-06,89.550000
2009-10-07,89.200000
2009-10-08,91.530000
2009-10-09,92.260000
2009-10-12,92.900000
2009-10-13,92.750000
2009-10-14,94.390000
2009-10-15,94.750000
2009-10-16,93.260000
2009-10-19,94.190000
2009-10-20,93.570000
2009-10-21,91.480000
2009-10-22,93.290000
2009-10-23,92.770000
2009-10-26,92.340000
2009-10-27,92.000000
2009-10-28,90.760000
2009-10-29,93.600000
2009-10-30,97.500000
2009-11-02,96.810000
2009-11-03,96.930000
2009-11-04,96.970000
2009-11-05,99.620000
2009-11-06,99.390000
2009-11-09,100.430000
2009-11-10,100.430000
2009-11-11,99.600000
2009-11-12,98.890000
2009-11-13,99.060000
2009-11-16,100.660000
2009-11-17,99.430000
2009-11-18,100.030000
2009-11-19,99.480000
2009-11-20,99.330000
2009-11-23,100.220000
2009-11-24,99.990000
2009-11-25,99.730000
2009-11-27,98.940000
2009-11-30,99.480000
2009-12-01,99.840000
2009-12-02,99.560000
2009-12-03,98.480000
2009-12-04,98.940000
2009-12-07,98.730000
2009-12-08,97.400000
2009-12-09,97.290000
2009-12-10,98.450000
2009-12-11,99.300000
2009-12-14,101.360000
2009-12-15,102.820000
2009-12-16,102.110000
2009-12-17,100.980000
2009-12-18,103.030000
2009-12-21,103.770000
2009-12-22,106.020000
2009-12-23,105.690000
2009-12-24,106.240000
2009-12-28,105.730000
2009-12-29,105.930000
2009-12-30,105.970000
2009-12-31,104.990000
2010-01-04,105.640000
2010-01-05,103.000000
2010-01-06,102.210000
2010-01-07,100.440000
2010-01-08,102.140000
2010-01-11,103.050000
2010-01-12,101.590000
2010-01-13,102.970000
2010-01-14,103.820000
2010-01-15,101.090000
2010-01-19,101.700000
2010-01-20,100.820000
2010-01-21,100.170000
2010-01-22,98.780000
2010-01-25,99.090000
2010-01-26,98.970000
2010-01-27,98.230000
2010-01-28,97.340000
2010-01-29,97.470000
2010-02-01,97.680000
2010-02-02,98.100000
2010-02-03,100.240000
2010-02-04,96.290000
2010-02-05,96.940000
2010-02-08,94.460000
2010-02-09,95.590000
2010-02-10,94.100000
2010-02-11,94.850000
2010-02-12,94.330000
2010-02-16,95.760000
2010-02-17,96.240000
2010-02-18,96.000000
2010-02-19,97.430000
2010-02-22,98.360000
2010-02-23,98.360000
2010-02-24,98.550000
2010-02-25,98.790000
2010-02-26,99.410000
2010-03-01,102.620000
2010-03-02,103.610000
2010-03-03,103.940000
2010-03-04,103.370000
2010-03-05,105.500000
2010-03-08,105.290000
2010-03-09,105.000000
2010-03-10,105.620000
2010-03-11,105.300000
2010-03-12,106.090000
2010-03-15,107.170000
2010-03-16,109.140000
2010-03-17,108.810000
2010-03-18,108.220000
2010-03-19,107.200000
2010-03-22,108.600000
2010-03-23,109.770000
2010-03-24,108.360000
2010-03-25,109.420000
2010-03-26,109.390000
2010-03-29,109.060000
2010-03-30,110.310000
2010-03-31,109.200000
2010-04-01,110.260000
2010-04-05,111.190000
2010-04-06,112.580000
2010-04-07,112.270000
2010-04-08,112.320000
2010-04-09,113.480000
2010-04-12,114.220000
2010-04-13,115.260000
2010-04-14,116.680000
2010-04-15,116.580000
2010-04-16,117.290000
2010-04-19,116.920000
2010-04-20,116.870000
2010-04-21,116.450000
2010-04-22,115.230000
2010-04-23,116.760000
2010-04-26,116.700000
2010-04-27,116.310000
2010-04-28,118.420000
2010-04-29,119.830000
2010-04-30,125.480000
2010-05-03,126.700000
2010-05-04,123.660000
2010-05-05,120.200000
2010-05-06,117.530000
2010-05-07,112.460000
2010-05-10,117.570000
2010-05-11,119.950000
2010-05-12,122.000000
2010-05-13,120.480000
2010-05-14,118.250000
2010-05-17,118.600000
2010-05-18,116.340000
2010-05-19,116.040000
2010-05-20,110.820000
2010-05-21,111.350000
2010-05-24,111.320000
2010-05-25,109.110000
2010-05-26,110.690000
2010-05-27,116.640000
2010-05-28,114.530000
2010-06-01,112.410000
2010-06-02,113.960000
2010-06-03,115.320000
2010-06-04,110.210000
2010-06-07,107.960000
2010-06-08,107.420000
2010-06-09,110.360000
2010-06-10,113.400000
2010-06-11,113.170000
2010-06-14,115.590000
2010-06-15,117.740000
2010-06-16,118.250000
2010-06-17,118.020000
2010-06-18,116.980000
2010-06-21,116.760000
2010-06-22,115.010000
2010-06-23,114.590000
2010-06-24,113.440000
2010-06-25,114.520000
2010-06-28,114.710000
2010-06-29,110.550000
2010-06-30,111.630000
2010-07-01,109.390000
2010-07-02,108.420000
2010-07-06,111.410000
2010-07-07,113.510000
2010-07-08,114.520000
2010-07-09,115.900000
2010-07-12,116.060000
2010-07-13,117.900000
2010-07-14,118.650000
2010-07-15,118.490000
2010-07-16,116.280000
2010-07-19,116.780000
2010-07-20,117.000000
2010-07-21,117.310000
2010-07-22,121.240000
2010-07-23,120.930000
2010-07-26,122.290000
2010-07-27,118.440000
2010-07-28,118.250000
2010-07-29,116.770000
2010-07-30,116.800000
2010-08-02,118.440000
2010-08-03,118.730000
2010-08-04,121.070000
2010-08-05,121.180000
2010-08-06,121.320000
2010-08-09,122.310000
2010-08-10,120.130000
2010-08-11,116.140000
2010-08-12,114.440000
2010-08-13,113.560000
2010-08-16,114.270000
2010-08-17,118.400000
2010-08-18,116.740000
2010-08-19,114.250000
2010-08-20,113.650000
2010-08-23,112.760000
2010-08-24,110.150000
2010-08-25,110.300000
2010-08-26,110.370000
2010-08-27,111.720000
2010-08-30,109.900000
2010-08-31,110.590000
2010-09-01,114.990000
2010-09-02,116.000000
2010-09-03,118.510000
2010-09-07,117.160000
2010-09-08,117.260000
2010-09-09,117.890000
2010-09-10,117.810000
2010-09-13,120.350000
2010-09-14,123.060000
2010-09-15,123.780000
2010-09-16,123.760000
2010-09-17,123.580000
2010-09-20,123.500000
2010-09-21,122.880000
2010-09-22,121.180000
2010-09-23,120.050000
2010-09-24,123.650000
2010-09-27,123.270000
2010-09-28,123.790000
2010-09-29,124.190000
2010-09-30,124.440000
2010-10-01,124.990000
2010-10-04,123.280000
2010-10-05,126.520000
2010-10-06,125.000000
2010-10-07,124.750000
2010-10-08,125.820000
2010-10-11,125.980000
2010-10-12,125.330000
2010-10-13,127.540000
2010-10-14,125.630000
2010-10-15,125.700000
2010-10-18,127.720000
2010-10-19,125.520000
2010-10-20,127.820000
2010-10-21,129.730000
2010-10-22,131.010000
2010-10-25,132.010000
2010-10-26,131.000000
2010-10-27,130.870000
2010-10-28,132.050000
2010-10-29,130.560000
2010-11-01,132.090000
2010-11-02,134.000000
2010-11-03,133.000000
2010-11-04,136.220000
2010-11-05,141.480000
2010-11-08,140.470000
2010-11-09,139.180000
2010-11-10,143.680000
2010-11-11,144.440000
2010-11-12,142.390000
2010-11-15,144.230000
2010-11-16,139.320000
2010-11-17,141.130000
2010-11-18,142.320000
2010-11-19,143.320000
2010-11-22,144.780000
2010-11-23,142.350000
2010-11-24,146.800000
2010-11-26,146.080000
2010-11-29,146.310000
2010-11-30,145.180000
2010-12-01,145.930000
2010-12-02,149.230000
2010-12-03,151.150000
2010-12-06,150.870000
2010-12-07,152.720000
2010-12-08,152.480000
2010-12-09,154.130000
2010-12-10,155.390000
2010-12-13,157.550000
2010-12-14,157.080000
2010-12-15,153.360000
2010-12-16,155.360000
2010-12-17,157.450000
2010-12-20,156.930000
2010-12-21,154.990000
2010-12-22,153.950000
2010-12-23,153.300000
2010-12-27,152.640000
2010-12-28,153.150000
2010-12-29,152.590000
2010-12-30,152.520000
2010-12-31,151.210000
2011-01-04,151.560000
2011-01-05,150.640000
2011-01-06,150.420000
2011-01-07,147.230000
2011-01-10,150.520000
2011-01-11,152.060000
2011-01-12,151.050000
2011-01-13,150.440000
2011-01-14,151.570000
2011-01-18,155.720000
2011-01-19,153.160000
2011-01-20,149.560000
2011-01-21,149.810000
2011-01-24,149.580000
2011-01-25,151.340000
2011-01-26,151.050000
2011-01-27,150.640000
2011-01-28,147.560000
2011-01-31,149.190000
2011-02-01,152.860000
2011-02-02,150.770000
2011-02-03,151.350000
2011-02-04,152.720000
2011-02-07,155.780000
2011-02-08,161.030000
2011-02-09,159.300000
2011-02-10,159.350000
2011-02-11,167.110000
2011-02-14,168.680000
2011-02-15,167.740000
2011-02-16,167.460000
2011-02-17,169.160000
2011-02-18,169.280000
2011-02-22,168.020000
2011-02-23,167.870000
2011-02-24,168.260000
2011-02-25,171.010000
2011-02-28,171.370000
2011-03-01,171.210000
2011-03-02,170.560000
2011-03-03,175.540000
2011-03-04,177.070000
2011-03-07,171.770000
2011-03-08,174.730000
2011-03-09,174.720000
2011-03-10,171.050000
2011-03-11,170.380000
2011-03-14,168.350000
2011-03-15,165.830000
2011-03-16,163.880000
2011-03-17,164.790000
2011-03-18,165.550000
2011-03-21,172.250000
2011-03-22,171.960000
2011-03-23,171.710000
2011-03-24,170.170000
2011-03-25,172.060000
2011-03-28,169.380000
2011-03-29,170.810000
2011-03-30,170.930000
2011-03-31,172.000000
2011-04-01,172.170000
2011-04-04,172.560000
2011-04-05,175.490000
2011-04-06,175.670000
2011-04-07,174.840000
2011-04-08,173.880000
2011-04-11,173.400000
2011-04-12,170.440000
2011-04-13,172.600000
2011-04-14,169.810000
2011-04-15,170.710000
2011-04-18,167.160000
2011-04-19,167.270000
2011-04-20,174.200000
2011-04-21,176.560000
2011-04-25,174.600000
2011-04-26,180.890000
2011-04-27,183.740000
2011-04-28,183.870000
2011-04-29,187.400000
2011-05-02,191.950000
2011-05-03,189.170000
2011-05-04,187.640000
2011-05-05,173.460000
2011-05-06,173.300000
2011-05-09,174.850000
2011-05-10,178.660000
2011-05-11,176.350000
2011-05-12,175.800000
2011-05-13,173.790000
2011-05-16,173.200000
2011-05-17,169.290000
2011-05-18,170.750000
2011-05-19,171.530000
2011-05-20,167.980000
2011-05-23,164.840000
2011-05-24,162.660000
2011-05-25,163.290000
2011-05-26,164.620000
2011-05-27,166.100000
2011-05-31,167.370000
2011-06-01,161.440000
2011-06-02,161.860000
2011-06-03,158.970000
2011-06-06,157.130000
2011-06-07,158.070000
2011-06-08,158.710000
2011-06-09,160.850000
2011-06-10,158.660000
2011-06-13,157.640000
2011-06-14,160.430000
2011-06-15,158.550000
2011-06-16,159.930000
2011-06-17,158.760000
2011-06-20,160.070000
2011-06-21,163.360000
2011-06-22,162.010000
2011-06-23,161.870000
2011-06-24,159.160000
2011-06-27,160.800000
2011-06-28,165.500000
2011-06-29,165.620000
2011-06-30,168.670000
2011-07-01,173.190000
2011-07-05,172.940000
2011-07-06,173.980000
2011-07-07,175.280000
2011-07-08,172.050000
2011-07-11,164.880000
2011-07-12,165.350000
2011-07-13,165.760000
2011-07-14,163.510000
2011-07-15,163.930000
2011-07-18,160.000000
2011-07-19,162.750000
2011-07-20,164.050000
2011-07-21,168.680000
2011-07-22,165.840000
2011-07-25,163.300000
2011-07-26,158.320000
2011-07-27,152.750000
2011-07-28,154.420000
2011-07-29,154.810000
2011-08-01,148.020000
2011-08-02,142.970000
2011-08-03,147.580000
2011-08-04,140.930000
2011-08-05,137.930000
2011-08-08,131.910000
2011-08-09,140.760000
2011-08-10,140.160000
2011-08-11,147.480000
2011-08-12,150.860000
2011-08-15,155.490000
2011-08-16,149.490000
2011-08-17,150.340000
2011-08-18,140.570000
2011-08-19,138.330000
2011-08-22,137.590000
2011-08-23,144.960000
2011-08-24,147.600000
2011-08-25,145.370000
2011-08-26,151.380000
2011-08-29,157.800000
2011-08-30,156.280000
2011-08-31,159.270000
2011-09-01,158.630000
2011-09-02,155.010000
2011-09-06,152.390000
2011-09-07,159.290000
2011-09-08,157.520000
2011-09-09,147.930000
2011-09-12,147.040000
2011-09-13,150.150000
2011-09-14,154.480000
2011-09-15,156.090000
2011-09-16,153.250000
2011-09-19,152.230000
2011-09-20,152.230000
2011-09-21,144.040000
2011-09-22,137.030000
2011-09-23,139.960000
2011-09-26,143.370000
2011-09-27,147.650000
2011-09-28,141.990000
2011-09-29,143.580000
2011-09-30,139.960000
2011-10-03,130.120000
2011-10-04,135.290000
2011-10-05,138.760000
2011-10-06,142.720000
2011-10-07,131.390000
2011-10-10,137.740000
2011-10-11,139.970000
2011-10-12,141.730000
2011-10-13,140.330000
2011-10-14,142.710000
2011-10-17,137.810000
2011-10-18,140.980000
2011-10-19,138.400000
2011-10-20,142.580000
2011-10-21,147.920000
2011-10-24,154.030000
2011-10-25,152.580000
2011-10-26,150.840000
2011-10-27,157.430000
2011-10-28,157.970000
2011-10-31,153.600000
2011-11-01,148.080000
2011-11-02,149.950000
2011-11-03,154.570000
2011-11-04,164.200000
2011-11-07,163.420000
2011-11-08,167.130000
2011-11-09,158.940000
2011-11-10,159.950000
2011-11-11,162.130000
2011-11-14,161.590000
2011-11-15,162.370000
2011-11-16,158.510000
2011-11-17,156.410000
2011-11-18,153.490000
2011-11-21,150.560000
2011-11-22,152.520000
2011-11-23,149.510000
2011-11-25,148.560000
2011-11-28,153.410000
2011-11-29,153.300000
2011-11-30,159.800000
2011-12-01,158.430000
2011-12-02,158.820000
2011-12-05,161.780000
2011-12-06,161.740000
2011-12-07,158.150000
2011-12-08,152.300000
2011-12-09,157.550000
2011-12-12,151.920000
2011-12-13,150.090000
2011-12-14,145.910000
2011-12-15,145.380000
2011-12-16,146.790000
2011-12-19,143.310000
2011-12-20,149.780000
2011-12-21,148.870000
2011-12-22,150.250000
2011-12-23,150.200000
2011-12-27,150.450000
2011-12-28,145.800000
2011-12-29,148.030000
2011-12-30,147.710000
2012-01-03,152.390000
2012-01-04,152.190000
2012-01-05,153.910000
2012-01-06,155.360000
2012-01-09,156.150000
2012-01-10,161.670000
2012-01-11,162.370000
2012-01-12,163.780000
2012-01-13,163.590000
2012-01-17,168.180000
2012-01-18,171.130000
2012-01-19,172.030000
2012-01-20,171.590000
2012-01-23,171.520000
2012-01-24,172.190000
2012-01-25,175.770000
2012-01-26,174.880000
2012-01-27,176.410000
2012-01-30,175.970000
2012-01-31,175.500000
2012-02-01,179.110000
2012-02-02,180.020000
2012-02-03,183.860000
2012-02-06,180.870000
2012-02-07,179.610000
2012-02-08,183.280000
2012-02-09,184.880000
2012-02-10,181.140000
2012-02-13,181.760000
2012-02-14,180.500000
2012-02-15,178.440000
2012-02-16,181.250000
2012-02-17,178.390000
2012-02-21,178.610000
2012-02-22,179.600000
2012-02-23,180.500000
2012-02-24,180.950000
2012-02-27,184.110000
2012-02-28,182.040000
2012-02-29,180.280000
2012-03-01,183.210000
2012-03-02,180.100000
2012-03-05,177.190000
2012-03-06,172.960000
2012-03-07,175.180000
2012-03-08,177.780000
2012-03-09,179.910000
2012-03-12,177.710000
2012-03-13,180.800000
2012-03-14,177.880000
2012-03-15,181.780000
2012-03-16,184.200000
2012-03-19,184.150000
2012-03-20,184.000000
2012-03-21,184.600000
2012-03-22,183.040000
2012-03-23,183.500000
2012-03-26,188.720000
2012-03-27,189.670000
2012-03-28,183.750000
2012-03-29,183.020000
2012-03-30,184.750000
2012-04-02,184.170000
2012-04-03,185.080000
2012-04-04,182.670000
2012-04-05,181.410000
2012-04-09,178.230000
2012-04-10,173.570000
2012-04-11,174.610000
2012-04-12,179.880000
2012-04-13,177.570000
2012-04-16,176.200000
2012-04-17,179.080000
2012-04-18,177.630000
2012-04-19,176.300000
2012-04-20,176.790000
2012-04-23,173.450000
2012-04-24,171.930000
2012-04-25,177.260000
2012-04-26,179.040000
2012-04-27,179.160000
2012-04-30,179.320000
2012-05-01,182.010000
2012-05-02,184.060000
2012-05-03,183.830000
2012-05-04,169.530000
2012-05-07,169.730000
2012-05-08,170.140000
2012-05-09,169.400000
2012-05-10,168.530000
2012-05-11,167.210000
2012-05-14,165.470000
2012-05-15,164.240000
2012-05-16,163.380000
2012-05-17,160.440000
2012-05-18,157.890000
2012-05-21,163.980000
2012-05-22,164.030000
2012-05-23,163.740000
2012-05-24,163.000000
2012-05-25,162.780000
2012-05-29,166.500000
2012-05-30,159.840000
2012-05-31,156.120000
2012-06-01,153.560000
2012-06-04,153.010000
2012-06-05,154.690000
2012-06-06,158.790000
2012-06-07,157.260000
2012-06-08,158.050000
2012-06-11,155.310000
2012-06-12,156.170000
2012-06-13,153.440000
2012-06-14,156.370000
2012-06-15,156.420000
2012-06-18,157.720000
2012-06-19,159.450000
2012-06-20,158.440000
2012-06-21,152.850000
2012-06-22,153.180000
2012-06-25,150.570000
2012-06-26,151.250000
2012-06-27,151.190000
2012-06-28,152.610000
2012-06-29,155.850000
2012-07-02,157.180000
2012-07-03,161.380000
2012-07-05,160.060000
2012-07-06,157.180000
2012-07-09,154.400000
2012-07-10,151.250000
2012-07-11,148.680000
2012-07-12,148.830000
2012-07-13,151.280000
2012-07-16,151.430000
2012-07-17,152.860000
2012-07-18,156.760000
2012-07-19,157.980000
2012-07-20,155.650000
2012-07-23,152.550000
2012-07-24,151.000000
2012-07-25,151.110000
2012-07-26,155.070000
2012-07-27,155.790000
2012-07-30,154.290000
2012-07-31,154.800000
2012-08-01,155.210000
2012-08-02,151.280000
2012-08-03,159.240000
2012-08-06,162.930000
2012-08-07,167.380000
2012-08-08,168.660000
2012-08-09,167.980000
2012-08-10,165.770000
2012-08-13,166.320000
2012-08-14,165.140000
2012-08-15,166.160000
2012-08-16,165.010000
2012-08-17,163.780000
2012-08-20,162.760000
2012-08-21,164.980000
2012-08-22,164.320000
2012-08-23,162.950000
2012-08-24,162.450000
2012-08-27,163.360000
2012-08-28,165.420000
2012-08-29,164.550000
2012-08-30,164.320000
2012-08-31,165.110000
2012-09-04,164.110000
2012-09-05,163.190000
2012-09-06,167.810000
2012-09-07,172.940000
2012-09-10,170.840000
2012-09-11,170.910000
2012-09-12,169.660000
2012-09-13,174.240000
2012-09-14,177.440000
2012-09-17,176.420000
2012-09-18,173.320000
2012-09-19,174.970000
2012-09-20,171.930000
2012-09-21,172.470000
2012-09-24,173.720000
2012-09-25,171.010000
2012-09-26,171.290000
2012-09-27,173.110000
2012-09-28,170.740000
2012-10-01,171.620000
2012-10-02,172.430000
2012-10-03,174.610000
2012-10-04,176.060000
2012-10-05,176.140000
2012-10-08,175.200000
2012-10-09,170.710000
2012-10-10,168.500000
2012-10-11,170.480000
2012-10-12,169.460000
2012-10-15,169.880000
2012-10-16,170.940000
2012-10-17,172.540000
2012-10-18,166.660000
2012-10-19,164.620000
2012-10-22,164.000000
2012-10-23,161.800000
2012-10-24,163.460000
2012-10-25,164.850000
2012-10-26,167.000000
2012-10-31,169.370000
2012-11-01,174.050000
2012-11-02,174.940000
2012-11-05,179.050000
2012-11-06,181.280000
2012-11-07,178.640000
2012-11-08,175.170000
2012-11-09,176.270000
2012-11-12,178.350000
2012-11-13,176.390000
2012-11-14,174.620000
2012-11-15,176.250000
2012-11-16,174.100000
2012-11-19,179.180000
2012-11-20,181.650000
2012-11-21,181.980000
2012-11-23,184.590000
2012-11-26,184.040000
2012-11-27,185.030000
2012-11-28,186.390000
2012-11-29,187.080000
2012-11-30,187.090000
2012-12-03,185.520000
2012-12-04,185.730000
2012-12-05,185.770000
2012-12-06,184.620000
2012-12-07,184.020000
2012-12-10,188.430000
2012-12-11,190.700000
2012-12-12,187.320000
2012-12-13,187.530000
2012-12-14,188.550000
2012-12-17,190.150000
2012-12-18,193.710000
2012-12-19,191.620000
2012-12-20,195.000000
2012-12-21,191.430000
2012-12-24,192.830000
2012-12-26,191.390000
2012-12-27,191.630000
2012-12-28,188.590000
2012-12-31,193.300000
2013-01-02,197.880000
2013-01-03,196.720000
2013-01-04,197.020000
2013-01-07,201.770000
2013-01-08,200.560000
2013-01-09,204.660000
2013-01-10,202.700000
2013-01-11,201.880000
2013-01-14,205.270000
2013-01-15,204.110000
2013-01-16,204.110000
2013-01-17,207.780000
2013-01-18,209.300000
2013-01-22,210.040000
2013-01-23,211.010000
2013-01-24,211.090000
2013-01-25,214.310000
2013-01-28,212.130000
2013-01-29,213.210000
2013-01-30,211.560000
2013-01-31,212.530000
2013-02-01,214.600000
2013-02-04,212.000000
2013-02-05,216.190000
2013-02-06,216.520000
2013-02-07,221.560000
2013-02-08,221.150000
2013-02-11,219.370000
2013-02-12,217.990000
2013-02-13,218.940000
2013-02-14,217.750000
2013-02-15,215.140000
2013-02-19,217.150000
2013-02-20,214.670000
2013-02-21,212.800000
2013-02-22,212.590000
2013-02-25,206.610000
2013-02-26,209.820000
2013-02-27,213.590000
2013-02-28,212.800000
2013-03-01,211.160000
2013-03-04,210.940000
2013-03-05,214.060000
2013-03-06,215.210000
2013-03-07,215.550000
2013-03-08,218.480000
2013-03-11,219.600000
2013-03-12,217.790000
2013-03-13,218.130000
2013-03-14,220.070000
2013-03-15,218.440000
2013-03-18,217.800000
2013-03-19,218.750000
2013-03-20,221.500000
2013-03-21,219.510000
2013-03-22,219.720000
2013-03-25,213.060000
2013-03-26,214.210000
2013-03-27,212.540000
2013-03-28,213.220000
2013-04-01,211.610000
2013-04-02,211.580000
2013-04-03,207.750000
2013-04-04,207.280000
2013-04-05,204.550000
2013-04-08,206.990000
2013-04-09,208.610000
2013-04-10,213.120000
2013-04-11,209.530000
2013-04-12,211.480000
2013-04-15,197.910000
2013-04-16,203.970000
2013-04-17,202.320000
2013-04-18,201.450000
2013-04-19,199.640000
2013-04-22,203.010000
2013-04-23,208.920000
2013-04-24,210.040000
2013-04-25,212.000000
2013-04-26,206.570000
2013-04-29,206.270000
2013-04-30,208.960000
2013-05-01,202.600000
2013-05-02,202.700000
2013-05-03,215.250000
2013-05-06,221.650000
2013-05-07,220.760000
2013-05-08,224.990000
2013-05-09,223.410000
2013-05-10,226.620000
2013-05-13,224.180000
2013-05-14,226.710000
2013-05-15,228.000000
2013-05-16,221.190000
2013-05-17,224.010000
2013-05-20,223.110000
2013-05-21,223.390000
2013-05-22,220.300000
2013-05-23,222.060000
2013-05-24,221.970000
2013-05-28,225.850000
2013-05-29,222.550000
2013-05-30,224.320000
2013-05-31,218.260000
2013-06-03,218.100000
2013-06-04,215.680000
2013-06-05,212.160000
2013-06-06,215.430000
2013-06-07,217.570000
2013-06-10,216.520000
2013-06-11,213.090000
2013-06-12,212.640000
2013-06-13,215.110000
2013-06-14,211.780000
2013-06-17,215.810000
2013-06-18,216.720000
2013-06-19,213.280000
2013-06-20,203.910000
2013-06-21,204.880000
2013-06-24,202.000000
2013-06-25,201.610000
2013-06-26,201.460000
2013-06-27,202.300000
2013-06-28,201.200000
2013-07-01,206.090000
2013-07-02,205.550000
2013-07-03,205.740000
2013-07-05,210.150000
2013-07-08,208.870000
2013-07-09,212.420000
2013-07-10,212.800000
2013-07-11,214.920000
2013-07-12,215.770000
2013-07-15,216.290000
2013-07-16,213.370000
2013-07-17,213.480000
2013-07-18,215.170000
2013-07-19,216.960000
2013-07-22,219.170000
2013-07-23,218.950000
2013-07-24,222.080000
2013-07-25,223.050000
2013-07-26,219.540000
2013-07-29,219.480000
2013-07-30,221.010000
2013-07-31,220.600000
2013-08-01,227.190000
2013-08-02,227.210000
2013-08-05,229.080000
2013-08-06,229.000000
2013-08-07,228.690000
2013-08-08,228.500000
2013-08-09,228.210000
2013-08-12,229.880000
2013-08-13,230.390000
2013-08-14,229.610000
2013-08-15,225.110000
2013-08-16,225.710000
2013-08-19,224.050000
2013-08-20,225.330000
2013-08-21,223.440000
2013-08-22,230.250000
2013-08-23,229.000000
2013-08-26,227.410000
2013-08-27,222.410000
2013-08-28,224.560000
2013-08-29,224.950000
2013-08-30,220.230000
2013-09-03,221.080000
2013-09-04,226.110000
2013-09-05,223.960000
2013-09-06,228.110000
2013-09-09,229.330000
2013-09-10,232.910000
2013-09-11,232.820000
2013-09-12,235.050000
2013-09-13,235.220000
2013-09-16,239.320000
2013-09-17,239.230000
2013-09-18,240.380000
2013-09-19,240.950000
2013-09-20,238.520000
2013-09-23,239.970000
2013-09-24,239.400000
2013-09-25,240.380000
2013-09-26,242.560000
2013-09-27,240.190000
2013-09-30,240.090000
2013-10-01,242.530000
2013-10-02,241.300000
2013-10-03,238.840000
2013-10-04,239.760000
2013-10-07,238.300000
2013-10-08,233.710000
2013-10-09,233.980000
2013-10-10,240.310000
2013-10-11,241.850000
2013-10-14,243.350000
2013-10-15,239.670000
2013-10-16,241.010000
2013-10-17,245.150000
2013-10-18,247.310000
2013-10-21,247.110000
2013-10-22,246.180000
2013-10-23,244.980000
2013-10-24,249.990000
2013-10-25,250.460000
2013-10-28,247.990000
2013-10-29,249.290000
2013-10-30,247.920000
2013-10-31,247.460000
2013-11-01,247.590000
2013-11-04,247.130000
2013-11-05,246.610000
2013-11-06,247.520000
2013-11-07,244.990000
2013-11-08,239.000000
2013-11-11,240.360000
2013-11-12,240.250000
2013-11-13,240.280000
2013-11-14,243.620000
2013-11-15,247.490000
2013-11-18,244.790000
2013-11-19,248.340000
2013-11-20,248.400000
2013-11-21,253.270000
2013-11-22,252.930000
2013-11-25,250.220000
2013-11-26,248.330000
2013-11-27,247.030000
2013-11-29,246.570000
2013-12-02,246.680000
2013-12-03,244.830000
2013-12-04,245.040000
2013-12-05,245.970000
2013-12-06,247.120000
2013-12-09,245.440000
2013-12-10,243.400000
2013-12-11,239.320000
2013-12-12,240.030000
2013-12-13,241.020000
2013-12-16,242.530000
2013-12-17,241.690000
2013-12-18,245.260000
2013-12-19,240.720000
2013-12-20,241.070000
2013-12-23,243.080000
2013-12-24,242.850000
2013-12-26,242.890000
2013-12-27,244.010000
2013-12-30,241.800000
2013-12-31,242.590000
2014-01-02,241.530000
2014-01-03,242.710000
2014-01-06,242.420000
2014-01-07,248.360000
2014-01-08,249.670000
2014-01-09,249.500000
2014-01-10,249.990000
2014-01-13,247.270000
2014-01-14,252.450000
2014-01-15,253.200000
2014-01-16,254.070000
2014-01-17,254.290000
2014-01-21,255.730000
2014-01-22,255.850000
2014-01-23,253.590000
2014-01-24,243.440000
2014-01-27,241.620000
2014-01-28,248.630000
2014-01-29,244.670000
2014-01-30,249.430000
2014-01-31,246.300000
2014-02-03,234.710000
2014-02-04,237.810000
2014-02-05,235.870000
2014-02-06,254.000000
2014-02-07,255.240000
2014-02-10,254.440000
2014-02-11,254.330000
2014-02-12,251.950000
2014-02-13,251.920000
2014-02-14,249.640000
2014-02-18,247.010000
2014-02-19,243.800000
2014-02-20,245.040000
2014-02-21,243.180000
2014-02-24,245.890000
2014-02-25,246.170000
2014-02-26,248.050000
2014-02-27,247.280000
2014-02-28,245.760000
2014-03-03,241.080000
2014-03-04,245.070000
2014-03-05,243.600000
2014-03-06,244.580000
2014-03-07,245.590000
2014-03-10,244.480000
2014-03-11,243.270000
2014-03-12,243.720000
2014-03-13,238.920000
2014-03-14,236.560000
2014-03-17,238.750000
2014-03-18,241.240000
2014-03-19,236.970000
2014-03-20,238.400000
2014-03-21,235.570000
2014-03-24,232.120000
2014-03-25,233.700000
2014-03-26,233.220000
2014-03-27,231.190000
2014-03-28,232.080000
2014-03-31,235.680000
2014-04-01,238.280000
2014-04-02,240.170000
2014-04-03,240.040000
2014-04-04,235.090000
2014-04-07,229.220000
2014-04-08,232.430000
2014-04-09,233.240000
2014-04-10,224.370000
2014-04-11,223.800000
2014-04-14,224.870000
2014-04-15,224.990000
2014-04-16,228.850000
2014-04-17,233.500000
2014-04-21,233.850000
2014-04-22,234.240000
2014-04-23,234.300000
2014-04-24,234.100000
2014-04-25,229.990000
2014-04-28,230.470000
2014-04-29,228.290000
2014-04-30,233.120000
2014-05-01,233.150000
2014-05-02,235.300000
2014-05-05,237.730000
2014-05-06,235.820000
2014-05-07,236.610000
2014-05-08,235.850000
2014-05-09,241.790000
2014-05-12,241.480000
2014-05-13,240.920000
2014-05-14,240.510000
2014-05-15,241.640000
2014-05-16,245.260000
2014-05-19,243.890000
2014-05-20,241.850000
2014-05-21,242.260000
2014-05-22,243.000000
2014-05-23,245.140000
2014-05-27,244.970000
2014-05-28,245.290000
2014-05-29,245.660000
2014-05-30,245.020000
2014-06-02,246.510000
2014-06-03,244.620000
2014-06-04,244.600000
2014-06-05,249.310000
2014-06-06,250.200000
2014-06-09,251.450000
2014-06-10,248.620000
2014-06-11,246.910000
2014-06-12,245.340000
2014-06-13,247.350000
2014-06-16,245.400000
2014-06-17,247.010000
2014-06-18,247.670000
2014-06-19,246.990000
2014-06-20,250.240000
2014-06-23,251.050000
2014-06-24,247.670000
2014-06-25,248.550000
2014-06-26,248.900000
2014-06-27,251.350000
2014-06-30,253.180000
2014-07-01,257.010000
2014-07-02,255.040000
2014-07-03,256.740000
2014-07-07,255.300000
2014-07-08,254.170000
2014-07-09,252.840000
2014-07-10,250.540000
2014-07-11,251.280000
2014-07-14,252.460000
2014-07-15,252.620000
2014-07-16,253.620000
2014-07-17,249.990000
2014-07-18,254.620000
2014-07-21,254.740000
2014-07-22,262.250000
2014-07-23,259.010000
2014-07-24,259.790000
2014-07-25,263.550000
2014-07-28,261.390000
2014-07-29,259.270000
2014-07-30,261.780000
2014-07-31,257.140000
2014-08-01,255.760000
2014-08-04,257.660000
2014-08-05,258.020000
2014-08-06,257.220000
2014-08-07,257.450000
2014-08-08,260.120000
2014-08-11,259.820000
2014-08-12,259.050000
2014-08-13,264.010000
2014-08-14,265.800000
2014-08-15,266.360000
2014-08-18,269.360000
2014-08-19,269.600000
2014-08-20,270.800000
2014-08-21,271.650000
2014-08-22,269.470000
2014-08-25,270.640000
2014-08-26,271.420000
2014-08-27,270.550000
2014-08-28,270.440000
2014-08-29,270.480000
2014-09-02,272.780000
2014-09-03,272.840000
2014-09-04,271.220000
2014-09-05,272.280000
2014-09-08,270.710000
2014-09-09,267.870000
2014-09-10,267.910000
2014-09-11,270.150000
2014-09-12,269.120000
2014-09-15,267.510000
2014-09-16,267.860000
2014-09-17,267.190000
2014-09-18,268.040000
2014-09-19,265.360000
2014-09-22,262.270000
2014-09-23,259.410000
2014-09-24,262.170000
2014-09-25,258.680000
2014-09-26,258.340000
2014-09-29,257.360000
2014-09-30,256.130000
2014-10-01,251.790000
2014-10-02,251.420000
2014-10-03,252.340000
2014-10-06,253.590000
2014-10-07,248.520000
2014-10-08,252.610000
2014-10-09,247.260000
2014-10-10,240.270000
2014-10-13,236.650000
2014-10-14,236.420000
2014-10-15,233.850000
2014-10-16,236.640000
2014-10-17,240.920000
2014-10-20,241.650000
2014-10-21,250.580000
2014-10-22,245.240000
2014-10-23,250.290000
2014-10-24,252.000000
2014-10-27,253.200000
2014-10-28,256.930000
2014-10-29,255.630000
2014-10-30,257.900000
2014-10-31,258.470000
2014-11-03,259.630000
2014-11-04,259.810000
2014-11-05,259.790000
2014-11-06,263.620000
2014-11-07,277.840000
2014-11-10,280.280000
2014-11-11,287.030000
2014-11-12,284.700000
2014-11-13,290.030000
2014-11-14,288.270000
2014-11-17,288.970000
2014-11-18,291.650000
2014-11-19,292.410000
2014-11-20,292.510000
2014-11-21,293.540000
2014-11-24,296.890000
2014-11-25,295.930000
2014-11-26,294.080000
2014-11-28,293.260000
2014-12-01,292.040000
2014-12-02,294.790000
2014-12-03,298.430000
2014-12-04,298.110000
2014-12-05,295.700000
2014-12-08,292.000000
2014-12-09,292.680000
2014-12-10,286.650000
2014-12-11,290.340000
2014-12-12,287.700000
2014-12-15,281.130000
2014-12-16,279.170000
2014-12-17,290.150000
2014-12-18,295.820000
2014-12-19,300.360000
2014-12-22,301.140000
2014-12-23,301.050000
2014-12-24,302.880000
2014-12-26,304.330000
2014-12-29,305.890000
2014-12-30,305.440000
2014-12-31,302.460000
2015-01-02,301.950000
2015-01-05,295.450000
2015-01-06,291.120000
2015-01-07,296.490000
2015-01-08,300.720000
2015-01-09,299.280000
2015-01-12,296.320000
2015-01-13,296.640000
2015-01-14,297.190000
2015-01-15,289.090000
2015-01-16,292.000000
2015-01-20,294.550000
2015-01-21,295.770000
2015-01-22,304.770000
2015-01-23,303.050000
2015-01-26,303.500000
2015-01-27,298.500000
2015-01-28,299.770000
2015-01-29,305.560000
2015-01-30,303.950000
2015-02-02,307.080000
2015-02-03,311.290000
2015-02-04,310.490000
2015-02-05,311.270000
2015-02-06,308.910000
2015-02-09,304.840000
2015-02-10,302.880000
2015-02-11,303.420000
2015-02-12,307.130000
2015-02-13,307.000000
2015-02-17,309.130000
2015-02-18,310.000000
2015-02-19,309.220000
2015-02-20,313.630000
2015-02-23,312.470000
2015-02-24,313.040000
2015-02-25,316.920000
2015-02-26,314.660000
2015-02-27,314.170000
2015-03-02,317.520000
2015-03-03,315.190000
2015-03-04,312.980000
2015-03-05,313.660000
2015-03-06,310.970000
2015-03-09,310.380000
2015-03-10,306.270000
2015-03-11,309.460000
2015-03-12,317.090000
2015-03-13,314.650000
2015-03-16,320.730000
2015-03-17,320.540000
2015-03-18,324.390000
2015-03-19,330.710000
2015-03-20,331.840000
2015-03-23,328.670000
2015-03-24,325.170000
2015-03-25,320.400000
2015-03-26,318.880000
2015-03-27,323.290000
2015-03-30,324.830000
2015-03-31,328.650000
2015-04-01,325.090000
2015-04-02,321.470000
2015-04-06,326.160000
2015-04-07,322.900000
2015-04-08,326.770000
2015-04-09,329.230000
2015-04-10,331.150000
2015-04-13,327.600000
2015-04-14,324.500000
2015-04-15,327.090000
2015-04-16,325.740000
2015-04-17,320.540000
2015-04-20,323.190000
2015-04-21,323.480000
2015-04-22,324.140000
2015-04-23,324.360000
2015-04-24,322.060000
2015-04-27,320.020000
2015-04-28,322.430000
2015-04-29,320.560000
2015-04-30,317.010000
2015-05-01,320.500000
2015-05-04,324.040000
2015-05-05,321.230000
2015-05-06,323.390000
2015-05-07,321.890000
2015-05-08,326.290000
2015-05-11,325.020000
2015-05-12,321.610000
2015-05-13,323.420000
2015-05-14,325.600000
2015-05-15,325.620000
2015-05-18,327.550000
2015-05-19,329.590000
2015-05-20,331.300000
2015-05-21,330.840000
2015-05-22,330.590000
2015-05-26,325.280000
2015-05-27,330.020000
2015-05-28,328.180000
2015-05-29,324.680000
2015-06-01,325.610000
2015-06-02,329.210000
2015-06-03,336.130000
2015-06-04,329.890000
2015-06-05,329.660000
2015-06-08,328.320000
2015-06-09,332.660000
2015-06-10,336.890000
2015-06-11,340.090000
2015-06-12,337.540000
2015-06-15,336.610000
2015-06-16,339.410000
2015-06-17,343.140000
2015-06-18,342.040000
2015-06-19,338.000000
2015-06-22,343.290000
2015-06-23,343.440000
2015-06-24,342.450000
2015-06-25,342.480000
2015-06-26,343.120000
2015-06-29,339.000000
2015-06-30,341.460000
2015-07-01,344.960000
2015-07-02,346.460000
2015-07-06,346.130000
2015-07-07,345.280000
2015-07-08,329.010000
2015-07-09,329.100000
2015-07-10,334.640000
2015-07-13,339.790000
2015-07-14,341.880000
2015-07-15,340.870000
2015-07-16,345.670000
2015-07-17,345.010000
2015-07-20,346.920000
2015-07-21,341.000000
2015-07-22,340.350000
2015-07-23,337.520000
2015-07-24,335.730000
2015-07-27,329.570000
2015-07-28,334.990000
2015-07-29,337.750000
2015-07-30,340.380000
2015-07-31,337.600000
2015-08-03,332.990000
2015-08-04,330.000000
2015-08-05,332.960000
2015-08-06,327.100000
2015-08-07,329.330000
2015-08-10,334.120000
2015-08-11,327.500000
2015-08-12,319.410000
2015-08-13,321.610000
2015-08-14,322.030000
2015-08-17,326.600000
2015-08-18,325.110000
2015-08-19,320.920000
2015-08-20,311.290000
2015-08-21,304.760000
2015-08-24,291.080000
2015-08-25,287.670000
2015-08-26,298.950000
2015-08-27,305.690000
2015-08-28,300.200000
2015-08-31,296.550000
2015-09-01,286.790000
2015-09-02,297.180000
2015-09-03,296.270000
2015-09-04,288.990000
2015-09-08,298.250000
2015-09-09,298.090000
2015-09-10,290.960000
2015-09-11,299.770000
2015-09-14,294.500000
2015-09-15,296.400000
2015-09-16,299.860000
2015-09-17,303.140000
2015-09-18,293.450000
2015-09-21,292.330000
2015-09-22,285.570000
2015-09-23,281.730000
2015-09-24,279.180000
2015-09-25,281.090000
2015-09-28,277.620000
2015-09-29,282.430000
2015-09-30,284.740000
2015-10-01,284.190000
2015-10-02,290.210000
2015-10-05,289.780000
2015-10-06,284.460000
2015-10-07,287.600000
2015-10-08,292.170000
2015-10-09,293.710000
2015-10-12,295.520000
2015-10-13,291.190000
2015-10-14,283.270000
2015-10-15,288.010000
2015-10-16,291.330000
2015-10-19,291.400000
2015-10-20,294.430000
2015-10-21,293.130000
2015-10-22,300.440000
2015-10-23,304.270000
2015-10-26,300.680000
2015-10-27,300.570000
2015-10-28,307.370000
2015-10-29,309.430000
2015-10-30,310.990000
2015-11-02,313.080000
2015-11-03,314.250000
2015-11-04,312.880000
2015-11-05,312.360000
2015-11-06,327.660000
2015-11-09,328.090000
2015-11-10,331.700000
2015-11-11,332.830000
2015-11-12,325.110000
2015-11-13,328.190000
2015-11-16,333.050000
2015-11-17,336.320000
2015-11-18,341.140000
2015-11-19,340.000000
2015-11-20,343.570000
2015-11-23,340.570000
2015-11-24,340.150000
2015-11-25,340.000000
2015-11-27,344.770000
2015-11-30,342.780000
2015-12-01,342.170000
2015-12-02,336.120000
2015-12-03,332.170000
2015-12-04,338.720000
2015-12-07,338.660000
2015-12-08,334.360000
2015-12-09,331.530000
2015-12-10,333.630000
2015-12-11,330.380000
2015-12-14,334.450000
2015-12-15,336.180000
2015-12-16,340.700000
2015-12-17,332.060000
2015-12-18,331.060000
2015-12-21,332.730000
2015-12-22,337.110000
2015-12-23,340.020000
2015-12-24,341.860000
2015-12-28,343.460000
2015-12-29,345.750000
2015-12-30,344.140000
2015-12-31,339.130000
2016-01-04,329.340000
2016-01-05,331.380000
2016-01-06,324.740000
2016-01-07,315.730000
2016-01-08,313.930000
2016-01-11,310.860000
2016-01-12,317.020000
2016-01-13,311.580000
2016-01-14,310.660000
2016-01-15,313.620000
2016-01-19,308.430000
2016-01-20,307.450000
2016-01-21,307.080000
2016-01-22,316.250000
2016-01-25,316.020000
2016-01-26,315.230000
2016-01-27,312.850000
2016-01-28,307.400000
2016-01-29,312.850000
2016-02-01,317.320000
2016-02-02,311.720000
2016-02-03,309.260000
2016-02-04,313.980000
2016-02-05,311.680000
2016-02-08,298.140000
2016-02-09,307.000000
2016-02-10,307.560000
2016-02-11,299.310000
2016-02-12,307.070000
2016-02-16,312.690000
2016-02-17,321.430000
2016-02-18,316.800000
2016-02-19,322.140000
2016-02-22,324.080000
2016-02-23,316.340000
2016-02-24,315.250000
2016-02-25,318.030000
2016-02-26,316.750000
2016-02-29,314.910000
2016-03-01,329.410000
2016-03-02,330.000000
2016-03-03,332.450000
2016-03-04,334.480000
2016-03-07,335.950000
2016-03-08,334.530000
2016-03-09,329.870000
2016-03-10,329.290000
2016-03-11,335.700000
2016-03-14,333.690000
2016-03-15,332.730000
2016-03-16,336.740000
2016-03-17,332.490000
2016-03-18,334.920000
2016-03-21,334.820000
2016-03-22,336.860000
2016-03-23,337.180000
2016-03-24,337.890000
2016-03-28,342.040000
2016-03-29,347.090000
2016-03-30,343.240000
2016-03-31,344.760000
2016-04-01,349.900000
2016-04-04,350.590000
2016-04-05,348.390000
2016-04-06,356.500000
2016-04-07,347.760000
2016-04-08,350.280000
2016-04-11,350.670000
2016-04-12,354.080000
2016-04-13,359.340000
2016-04-14,358.950000
2016-04-15,360.290000
2016-04-18,361.230000
2016-04-19,362.180000
2016-04-20,359.710000
2016-04-21,365.140000
2016-04-22,365.710000
2016-04-25,361.450000
2016-04-26,361.660000
2016-04-27,365.490000
2016-04-28,359.320000
2016-04-29,357.950000
2016-05-02,362.990000
2016-05-03,359.130000
2016-05-04,354.690000
2016-05-05,364.050000
2016-05-06,357.260000
2016-05-09,359.940000
2016-05-10,366.420000
2016-05-11,363.420000
2016-05-12,369.230000
2016-05-13,367.930000
2016-05-16,369.890000
2016-05-17,365.650000
2016-05-18,367.820000
2016-05-19,363.350000
2016-05-20,364.050000
2016-05-23,366.210000
2016-05-24,371.160000
2016-05-25,368.570000
2016-05-26,370.190000
2016-05-27,371.610000
2016-05-31,375.320000
2016-06-01,375.940000
2016-06-02,377.370000
2016-06-03,374.100000
2016-06-06,377.990000
2016-06-07,377.580000
2016-06-08,384.050000
2016-06-09,385.500000
2016-06-10,377.690000
2016-06-13,375.100000
2016-06-14,373.300000
2016-06-15,372.300000
2016-06-16,374.450000
2016-06-17,369.820000
2016-06-20,375.990000
2016-06-21,374.740000
2016-06-22,377.940000
2016-06-23,381.560000
2016-06-24,361.600000
2016-06-27,348.520000
2016-06-28,357.500000
2016-06-29,360.650000
2016-06-30,364.920000
2016-07-01,368.960000
2016-07-05,363.190000
2016-07-06,366.610000
2016-07-07,366.750000
2016-07-08,373.030000
2016-07-11,375.320000
2016-07-12,379.110000
2016-07-13,379.430000
2016-07-14,385.170000
2016-07-15,385.090000
2016-07-18,384.470000
2016-07-19,385.040000
2016-07-20,389.470000
2016-07-21,385.260000
2016-07-22,387.080000
2016-07-25,383.640000
2016-07-26,387.980000
2016-07-27,391.020000
2016-07-28,397.690000
2016-07-29,411.210000
2016-08-01,410.740000
2016-08-02,400.320000
2016-08-03,398.980000
2016-08-04,396.140000
2016-08-05,398.930000
2016-08-08,398.450000
2016-08-09,400.050000
2016-08-10,401.870000
2016-08-11,403.400000
2016-08-12,399.930000
2016-08-15,403.330000
2016-08-16,399.860000
2016-08-17,401.100000
2016-08-18,405.490000
2016-08-19,407.970000
2016-08-22,408.720000
2016-08-23,410.600000
2016-08-24,402.940000
2016-08-25,405.020000
2016-08-26,409.450000
2016-08-29,408.070000
2016-08-30,404.330000
2016-08-31,403.070000
2016-09-01,404.720000
2016-09-02,401.550000
2016-09-06,404.810000
2016-09-07,406.800000
2016-09-08,402.540000
2016-09-09,388.800000
2016-09-12,395.560000
2016-09-13,394.660000
2016-09-14,395.350000
2016-09-15,399.070000
2016-09-16,399.780000
2016-09-19,400.260000
2016-09-20,400.880000
2016-09-21,403.070000
2016-09-22,411.170000
2016-09-23,408.170000
2016-09-26,409.780000
2016-09-27,414.050000
2016-09-28,414.380000
2016-09-29,407.330000
2016-09-30,419.830000
2016-10-03,418.860000
2016-10-04,415.840000
2016-10-05,416.670000
2016-10-06,418.820000
2016-10-07,417.000000
2016-10-10,423.460000
2016-10-11,411.440000
2016-10-12,410.280000
2016-10-13,405.680000
2016-10-14,406.610000
2016-10-17,409.110000
2016-10-18,410.070000
2016-10-19,411.340000
2016-10-20,410.630000
2016-10-21,407.230000
2016-10-24,414.290000
2016-10-25,401.920000
2016-10-26,399.630000
2016-10-27,397.730000
2016-10-28,400.670000
2016-10-31,404.080000
2016-11-01,402.600000
2016-11-02,401.110000
2016-11-03,397.950000
2016-11-04,420.460000
2016-11-07,429.260000
2016-11-08,429.910000
2016-11-09,426.040000
2016-11-10,425.240000
2016-11-11,422.300000
2016-11-14,419.280000
2016-11-15,426.570000
2016-11-16,421.330000
2016-11-17,418.480000
2016-11-18,414.970000
2016-11-21,417.120000
2016-11-22,416.200000
2016-11-23,419.850000
2016-11-25,419.150000
2016-11-28,415.810000
2016-11-29,421.700000
2016-11-30,412.020000
2016-12-01,408.900000
2016-12-02,410.830000
2016-12-05,412.930000
2016-12-06,418.590000
2016-12-07,419.290000
2016-12-08,418.700000
2016-12-09,421.740000
2016-12-12,423.080000
2016-12-13,425.770000
2016-12-14,419.560000
2016-12-15,425.730000
2016-12-16,421.960000
2016-12-19,421.250000
2016-12-20,425.400000
2016-12-21,423.060000
2016-12-22,423.070000
2016-12-23,426.070000
2016-12-27,427.330000
2016-12-28,420.580000
2016-12-29,420.320000
2016-12-30,418.560000
2017-01-03,422.350000
2017-01-04,426.720000
2017-01-05,422.520000
2017-01-06,432.560000
2017-01-09,426.380000
2017-01-10,429.940000
2017-01-11,425.740000
2017-01-12,421.920000
2017-01-13,424.450000
2017-01-17,421.740000
2017-01-18,421.730000
2017-01-19,415.720000
2017-01-20,415.000000
2017-01-23,414.520000
2017-01-24,417.500000
2017-01-25,419.340000
2017-01-26,421.220000
2017-01-27,423.130000
2017-01-30,422.060000
2017-01-31,426.630000
2017-02-01,435.500000
2017-02-02,433.640000
2017-02-03,462.670000
2017-02-06,465.840000
2017-02-07,463.230000
2017-02-08,461.370000
2017-02-09,465.430000
2017-02-10,465.400000
2017-02-13,463.850000
2017-02-14,463.310000
2017-02-15,465.230000
2017-02-16,466.280000
2017-02-17,471.550000
2017-02-21,473.710000
2017-02-22,473.470000
2017-02-23,472.620000
2017-02-24,475.460000
2017-02-27,475.350000
2017-02-28,476.220000
2017-03-01,483.650000
2017-03-02,481.490000
2017-03-03,481.710000
2017-03-06,479.590000
2017-03-07,481.300000
2017-03-08,481.910000
2017-03-09,484.040000
2017-03-10,486.900000
2017-03-13,485.450000
2017-03-14,481.370000
2017-03-15,485.500000
2017-03-16,480.160000
2017-03-17,481.830000
2017-03-20,481.070000
2017-03-21,473.360000
2017-03-22,477.380000
2017-03-23,478.270000
2017-03-24,478.590000
2017-03-27,478.940000
2017-03-28,479.540000
2017-03-29,478.140000
2017-03-30,478.690000
2017-03-31,478.910000
2017-04-03,477.870000
2017-04-04,476.570000
2017-04-05,476.880000
2017-04-06,480.540000
2017-04-07,482.890000
2017-04-10,481.140000
2017-04-11,480.040000
2017-04-12,477.020000
2017-04-13,473.870000
2017-04-17,481.180000
2017-04-18,477.880000
2017-04-19,492.870000
2017-04-20,489.790000
2017-04-21,490.470000
2017-04-24,498.730000
2017-04-25,509.440000
2017-04-26,512.990000
2017-04-27,513.300000
2017-04-28,513.420000
2017-05-01,513.710000
2017-05-02,516.660000
2017-05-03,513.430000
2017-05-04,519.310000
2017-05-05,544.140000
2017-05-08,542.590000
2017-05-09,547.430000
2017-05-10,552.540000
2017-05-11,552.740000
2017-05-12,556.110000
2017-05-15,564.400000
2017-05-16,565.820000
2017-05-17,558.340000
2017-05-18,561.500000
2017-05-19,564.090000
2017-05-22,569.800000
2017-05-23,570.750000
2017-05-24,573.850000
2017-05-25,577.100000
2017-05-26,578.400000
2017-05-30,579.850000
2017-05-31,582.810000
2017-06-01,588.860000
2017-06-02,597.120000
2017-06-05,595.460000
2017-06-06,593.500000
2017-06-07,601.160000
2017-06-08,601.150000
2017-06-09,593.950000
2017-06-12,577.630000
2017-06-13,584.430000
2017-06-14,581.770000
2017-06-15,584.230000
2017-06-16,587.380000
2017-06-19,594.780000
2017-06-20,592.900000
2017-06-21,598.540000
2017-06-22,595.760000
2017-06-23,599.640000
2017-06-26,596.140000
2017-06-27,591.120000
2017-06-28,594.670000
2017-06-29,583.870000
2017-06-30,588.540000
2017-07-03,588.400000
2017-07-05,588.000000
2017-07-06,584.740000
2017-07-07,588.180000
2017-07-10,593.000000
2017-07-11,592.580000
2017-07-12,602.350000
2017-07-13,603.010000
2017-07-14,604.760000
2017-07-17,609.720000
2017-07-18,606.480000
2017-07-19,608.760000
2017-07-20,610.320000
2017-07-21,613.490000
2017-07-24,614.990000
2017-07-25,600.900000
2017-07-26,597.850000
2017-07-27,595.210000
2017-07-28,578.060000
2017-07-31,573.080000
2017-08-01,573.520000
2017-08-02,577.000000
2017-08-03,577.640000
2017-08-04,576.610000
2017-08-07,581.620000
2017-08-08,575.190000
2017-08-09,575.570000
2017-08-10,571.250000
2017-08-11,577.580000
2017-08-14,582.080000
2017-08-15,580.780000
2017-08-16,584.960000
2017-08-17,573.840000
2017-08-18,574.640000
2017-08-21,579.950000
2017-08-22,592.680000
2017-08-23,590.010000
2017-08-24,591.830000
2017-08-25,590.380000
2017-08-28,594.060000
2017-08-29,591.960000
2017-08-30,598.400000
2017-08-31,605.090000
2017-09-01,602.940000
2017-09-05,603.250000
2017-09-06,605.470000
2017-09-07,611.830000
2017-09-08,612.700000
2017-09-11,623.740000
2017-09-12,629.420000
2017-09-13,623.880000
2017-09-14,624.800000
2017-09-15,626.000000
2017-09-18,633.280000
2017-09-19,632.270000
2017-09-20,635.170000
2017-09-21,631.410000
2017-09-22,632.860000
2017-09-25,625.610000
2017-09-26,625.390000
2017-09-27,628.780000
2017-09-28,624.480000
2017-09-29,626.160000
2017-10-02,635.800000
2017-10-03,639.890000
2017-10-04,643.320000
2017-10-05,644.850000
2017-10-06,645.760000
2017-10-09,651.950000
2017-10-10,652.970000
2017-10-11,659.700000
2017-10-12,660.070000
2017-10-13,658.650000
2017-10-16,666.980000
2017-10-17,662.220000
2017-10-18,655.660000
2017-10-19,661.190000
2017-10-20,668.720000
2017-10-23,667.370000
2017-10-24,669.360000
2017-10-25,665.430000
2017-10-26,667.740000
2017-10-27,679.000000
2017-10-30,675.220000
2017-10-31,682.630000
2017-11-01,689.110000
2017-11-02,671.600000
2017-11-03,646.000000
2017-11-06,635.110000
2017-11-07,624.580000
2017-11-08,623.720000
2017-11-09,626.820000
2017-11-10,622.660000
2017-11-13,630.840000
2017-11-14,631.370000
2017-11-15,625.190000
2017-11-16,630.500000
2017-11-17,630.920000
2017-11-20,631.920000
2017-11-21,627.620000
2017-11-22,626.350000
2017-11-24,635.020000
2017-11-27,633.760000
2017-11-28,634.140000
2017-11-29,625.440000
2017-11-30,629.210000
2017-12-01,624.640000
2017-12-04,606.800000
2017-12-05,612.250000
2017-12-06,615.980000
2017-12-07,620.150000
2017-12-08,623.190000
2017-12-11,624.670000
2017-12-12,625.010000
2017-12-13,626.390000
2017-12-14,629.930000
2017-12-15,639.940000
2017-12-18,642.990000
2017-12-19,635.070000
2017-12-20,626.660000
2017-12-21,618.430000
2017-12-22,614.770000
2017-12-26,613.530000
2017-12-27,615.930000
2017-12-28,622.600000
2017-12-29,619.520000
2018-01-02,626.100000
2018-01-03,631.540000
2018-01-04,627.030000
2018-01-05,637.350000
2018-01-08,633.180000
2018-01-09,649.990000
2018-01-10,646.190000
2018-01-11,639.260000
2018-01-12,650.600000
2018-01-16,649.420000
2018-01-17,656.510000
2018-01-18,653.750000
2018-01-19,666.690000
2018-01-22,670.880005
2018-01-23,667.150000
2018-01-24,672.690000
2018-01-25,678.050000
2018-01-26,692.300000
2018-01-29,685.790000
2018-01-30,677.140000
2018-01-31,675.260000
2018-02-01,684.110000
2018-02-02,667.160000
2018-02-05,635.500000
2018-02-06,637.280000
2018-02-07,641.960000
2018-02-08,601.000000
2018-02-09,600.370000
2018-02-12,613.870000
2018-02-13,613.690000
2018-02-14,624.670000
2018-02-15,631.970000
2018-02-16,634.370000
2018-02-20,624.220000
2018-02-21,628.610000
2018-02-22,624.970000
2018-02-23,636.100000
2018-02-26,636.630000
2018-02-27,625.570000
2018-02-28,616.220000
2018-03-01,596.170000
2018-03-02,593.260000
2018-03-05,599.950000
2018-03-06,605.290000
2018-03-07,611.540000
2018-03-08,606.880000
2018-03-09,616.000000
2018-03-12,615.910000
2018-03-13,612.000000
2018-03-14,606.130000
2018-03-15,613.830000
2018-03-16,613.880000
2018-03-19,611.510000
2018-03-20,611.900000
2018-03-21,606.410000
2018-03-22,585.390000
2018-03-23,566.870000
2018-03-26,588.750000
2018-03-27,573.210000
2018-03-28,571.900000
2018-03-29,575.030000
2018-04-02,562.680000
2018-04-03,568.580000
2018-04-04,574.530000
2018-04-05,577.670000
2018-04-06,555.260000
2018-04-09,560.220000
2018-04-10,571.280000
2018-04-11,565.170000
2018-04-12,569.760000
2018-04-13,568.210000
2018-04-16,570.760000
2018-04-17,581.570000
2018-04-18,585.630000
2018-04-19,577.370000
2018-04-20,576.760000
2018-04-23,574.350000
2018-04-24,561.880000
2018-04-25,560.670000
2018-04-26,563.610000
2018-04-27,564.010000
2018-04-30,559.930000
2018-05-01,567.220000
2018-05-02,560.830000
2018-05-03,574.800000
2018-05-04,552.970000
2018-05-07,552.900000
2018-05-08,546.430000
2018-05-09,549.660000
2018-05-10,563.250000
2018-05-11,563.720000
2018-05-14,568.920000
2018-05-15,556.440000
2018-05-16,560.750000
2018-05-17,562.100000
2018-05-18,573.190000
2018-05-21,582.010000
2018-05-22,574.100000
2018-05-23,569.800000
2018-05-24,565.580000
2018-05-25,554.830000
2018-05-29,546.740000
2018-05-30,551.710000
2018-05-31,550.740000
2018-06-01,569.000000
2018-06-04,572.160000
2018-06-05,574.190000
2018-06-06,584.870000
2018-06-07,590.620000
2018-06-08,594.860000
2018-06-11,592.280000
2018-06-12,595.140000
2018-06-13,593.000000
2018-06-14,592.700000
2018-06-15,589.000000
2018-06-18,585.310000
2018-06-19,581.060000
2018-06-20,579.650000
2018-06-21,576.330000
2018-06-22,582.310000
2018-06-25,570.470000
2018-06-26,573.800000
2018-06-27,564.300000
2018-06-28,572.680000
2018-06-29,578.630000
2018-07-02,570.800000
2018-07-03,580.580000
2018-07-05,583.970000
2018-07-06,583.770000
2018-07-09,594.760000
2018-07-10,593.370000
2018-07-11,581.930000
2018-07-12,587.030000
2018-07-13,583.130000
2018-07-16,575.360000
2018-07-17,584.800000
2018-07-18,585.610000
2018-07-19,598.110000
2018-07-20,602.560000
2018-07-23,594.610000
2018-07-24,602.760000
2018-07-25,612.610000
2018-07-26,617.940000
2018-07-27,589.940000
2018-07-30,581.810000
2018-07-31,592.510000
2018-08-01,587.520000
2018-08-02,588.820000
2018-08-03,586.670000
2018-08-06,587.020000
2018-08-07,583.980000
2018-08-08,583.100000
2018-08-09,575.600000
2018-08-10,572.200000
2018-08-13,567.140000
2018-08-14,562.110000
2018-08-15,559.440000
2018-08-16,567.760000
2018-08-17,564.740000
2018-08-20,564.850000
2018-08-21,564.060000
2018-08-22,566.240000
2018-08-23,563.070000
2018-08-24,568.000000
2018-08-27,573.050000
2018-08-28,575.610000
2018-08-29,581.000000
2018-08-30,579.820000
2018-08-31,584.460000
2018-09-04,580.450000
2018-09-05,586.760000
2018-09-06,588.000000
2018-09-07,588.910000
2018-09-10,595.410000
2018-09-11,592.570000
2018-09-12,603.270000
2018-09-13,609.280000
2018-09-14,610.010000
2018-09-17,610.310000
2018-09-18,606.040000
2018-09-19,614.850000
2018-09-20,616.190000
2018-09-21,611.980000
2018-09-24,610.010000
2018-09-25,610.200000
2018-09-26,611.290000
2018-09-27,610.000000
2018-09-28,608.980000
2018-10-01,616.010000
2018-10-02,616.340000
2018-10-03,614.340000
2018-10-04,611.670000
2018-10-05,603.980000
2018-10-08,591.240000
2018-10-09,590.910000
2018-10-10,567.400000
2018-10-11,554.450000
2018-10-12,558.150000
2018-10-15,555.980000
2018-10-16,573.590000
2018-10-17,578.690000
2018-10-18,566.350000
2018-10-19,558.340000
2018-10-22,558.110000
2018-10-23,542.210000
2018-10-24,524.030000
2018-10-25,536.400000
2018-10-26,535.580000
2018-10-29,533.770000
2018-10-30,541.070000
2018-10-31,546.820000
2018-11-01,559.690000
2018-11-02,567.790000
2018-11-05,573.980000
2018-11-06,577.030000
2018-11-07,592.720000
2018-11-08,595.310000
2018-11-09,608.030000
2018-11-12,595.420000
2018-11-13,589.250000
2018-11-14,581.000000
2018-11-15,592.440000
2018-11-16,599.300000
2018-11-19,577.790000
2018-11-20,584.330000
2018-11-21,591.210000
2018-11-23,596.420000
2018-11-26,604.690000
2018-11-27,605.840000
2018-11-28,621.910000
2018-11-29,630.920000
2018-11-30,636.660000
2018-12-03,645.330000
2018-12-04,628.670000
2018-12-06,610.100000
2018-12-07,590.780000
2018-12-10,591.660000
2018-12-11,597.890000
2018-12-12,607.640000
2018-12-13,599.580000
2018-12-14,587.120000
2018-12-17,572.340000
2018-12-18,574.520000
2018-12-19,558.050000
2018-12-20,553.140000
2018-12-21,545.330000
2018-12-24,531.280000
2018-12-26,553.710000
2018-12-27,563.640000
2018-12-28,557.540000
2018-12-31,565.580000
2019-01-02,546.040000
2019-01-03,513.560000
2019-01-04,527.150000
2019-01-07,533.580000
2019-01-08,556.530000
2019-01-09,568.470000
2019-01-10,576.290000
2019-01-11,576.960000
2019-01-14,573.220000
2019-01-15,582.110000
2019-01-16,580.150000
2019-01-17,587.690000
2019-01-18,602.100000
2019-01-22,593.690000
2019-01-23,605.180000
2019-01-24,605.650000
2019-01-25,614.550000
2019-01-28,618.160000
2019-01-29,621.010000
2019-01-30,632.930000
2019-01-31,638.160000
2019-02-01,642.820000
2019-02-04,642.520000
2019-02-05,652.840000
2019-02-06,655.150000
2019-02-07,648.130000
2019-02-08,662.300000
2019-02-11,662.490000
2019-02-12,672.490000
2019-02-13,668.610000
2019-02-14,662.910000
2019-02-15,668.860000
2019-02-19,671.860000
2019-02-20,673.050000
2019-02-21,674.210000
2019-02-22,678.830000
2019-02-25,689.970000
2019-02-26,676.980000
2019-02-27,686.000000
2019-02-28,680.910000
2019-03-01,698.760000
2019-03-04,689.190000
2019-03-05,693.410000
2019-03-06,681.940000
2019-03-07,683.840000
2019-03-08,680.950000
2019-03-11,688.930000
2019-03-12,691.480000
2019-03-13,689.950000
2019-03-14,698.680000
2019-03-15,708.580000
2019-03-18,706.840000
2019-03-19,715.740000
2019-03-20,712.880000
2019-03-21,729.720000
2019-03-22,702.070000
2019-03-25,708.600000
2019-03-26,716.400000
2019-03-27,702.710000
2019-03-28,703.780000
2019-03-29,723.000000
2019-04-01,730.340000
2019-04-02,734.450000
2019-04-03,732.730000
2019-04-04,727.200000
2019-04-05,734.840000
2019-04-08,738.370000
2019-04-09,733.990000
2019-04-10,737.970000
2019-04-11,740.750000
2019-04-12,742.350000
2019-04-15,744.340000
2019-04-16,732.170000
2019-04-17,715.220000
2019-04-18,728.730000
2019-04-22,734.190000
2019-04-23,723.620000
2019-04-24,725.530000
2019-04-25,731.010000
2019-04-26,736.950000
2019-04-29,741.520000
2019-04-30,745.260000
2019-05-01,739.160000
2019-05-02,753.200000
2019-05-03,762.430000
2019-05-06,760.770000
2019-05-07,742.300000
2019-05-08,740.490000
2019-05-09,741.670000
2019-05-10,727.670000
2019-05-13,701.770000
2019-05-14,722.670000
2019-05-15,719.140000
2019-05-16,744.980000
2019-05-17,726.420000
2019-05-20,716.180000
2019-05-21,716.500000
2019-05-22,724.080000
2019-05-23,719.130000
2019-05-24,728.820000
2019-05-28,720.030000
2019-05-29,724.790000
2019-05-30,727.360000
2019-05-31,723.090000
2019-06-03,728.750000
2019-06-04,741.890000
2019-06-05,756.930000
2019-06-06,772.820000
2019-06-07,790.880000
2019-06-10,806.790000
2019-06-11,804.850000
2019-06-12,808.460000
2019-06-13,797.010000
2019-06-14,791.060000
2019-06-17,791.410000
2019-06-18,804.000000
2019-06-19,817.040000
2019-06-20,821.390000
2019-06-21,830.110000
2019-06-24,825.970000
2019-06-25,833.700000
2019-06-26,825.400000
2019-06-27,833.550000
2019-06-28,840.000000
2019-07-01,844.330000
2019-07-02,853.300000
2019-07-03,872.450000
2019-07-05,859.910000
2019-07-08,861.750000
2019-07-09,861.550000
2019-07-10,858.480000
2019-07-11,854.070000
2019-07-12,835.440000
2019-07-15,825.220000
2019-07-16,821.850000
2019-07-17,818.130000
2019-07-18,828.960000
2019-07-19,813.850000
2019-07-22,818.700000
2019-07-23,818.310000
2019-07-24,812.170000
2019-07-25,790.680000
2019-07-26,775.110000
2019-07-29,775.000000
2019-07-30,759.970000
2019-07-31,756.750000
2019-08-01,760.790000
2019-08-02,717.820000
2019-08-05,692.720000
2019-08-06,707.170000
2019-08-07,704.970000
2019-08-08,713.420000
2019-08-09,702.280000
2019-08-12,681.780000
2019-08-13,689.970000
2019-08-14,660.590000
2019-08-15,660.390000
2019-08-16,665.190000
2019-08-19,675.510000
2019-08-20,659.140000
2019-08-21,669.580000
2019-08-22,663.680000
2019-08-23,642.840000
2019-08-26,647.450000
2019-08-27,647.230000
2019-08-28,646.390000
2019-08-29,654.170000
2019-08-30,656.790000
2019-09-03,653.000000
2019-09-04,660.170000
2019-09-05,685.780000
2019-09-06,684.980000
2019-09-09,679.560000
2019-09-10,699.640000
2019-09-11,718.180000
2019-09-12,711.740000
2019-09-13,713.000000
2019-09-16,711.650000
2019-09-17,710.540000
2019-09-18,709.050000
2019-09-19,710.100000
2019-09-20,709.180000
2019-09-23,706.210000
2019-09-24,690.990000
2019-09-25,699.340000
2019-09-26,700.390000
2019-09-27,699.280000
2019-09-30,704.400000
2019-10-01,688.140000
2019-10-02,663.300000
2019-10-03,670.770000
2019-10-04,686.270000
2019-10-07,681.850000
2019-10-08,658.610000
2019-10-09,673.280000
2019-10-10,672.370000
2019-10-11,688.100000
2019-10-14,680.740000
2019-10-15,680.000000
2019-10-16,668.500000
2019-10-17,670.820000
2019-10-18,680.500000
2019-10-21,685.220000
2019-10-22,684.210000
2019-10-23,688.870000
2019-10-24,686.740000
2019-10-25,698.190000
2019-10-28,701.350000
2019-10-29,703.760000
2019-10-30,708.470000
2019-10-31,704.940000
2019-11-01,714.180000
2019-11-04,723.670000
2019-11-05,714.400000
2019-11-06,709.780000
2019-11-07,720.810000
2019-11-08,708.860000
2019-11-11,700.400000
2019-11-12,711.450000
2019-11-13,722.740000
2019-11-14,713.650000
2019-11-15,724.820000
2019-11-18,718.210000
2019-11-19,732.960000
2019-11-20,717.700000
2019-11-21,705.070000
2019-11-22,711.850000
2019-11-25,716.970000
2019-11-26,723.900000
2019-11-27,725.400000
2019-11-29,719.410000
2019-12-02,723.960000
2019-12-03,712.040000
2019-12-04,731.660000
2019-12-05,736.850000
2019-12-06,761.000000
2019-12-09,756.980000
2019-12-10,754.220000
2019-12-11,762.350000
2019-12-12,775.420000
2019-12-13,769.700000
2019-12-16,781.270000
2019-12-17,777.170000
2019-12-18,775.710000
2019-12-19,786.590000
2019-12-20,793.310000
2019-12-23,789.430000
2019-12-24,790.470000
2019-12-26,791.980000
2019-12-27,792.830000
2019-12-30,791.910000
2019-12-31,793.280000
2020-01-02,805.060000
2020-01-03,789.540000
2020-01-06,793.730000
2020-01-07,797.160000
2020-01-08,797.070000
2020-01-09,810.860000
2020-01-10,817.690000
2020-01-13,822.570000
2020-01-14,830.630000
2020-01-15,818.390000
2020-01-16,830.670000
2020-01-17,831.310000
2020-01-21,835.130000
2020-01-22,834.920000
2020-01-23,831.120000
2020-01-24,819.950000
2020-01-27,799.880000
2020-01-28,799.950000
2020-01-29,802.620000
2020-01-30,777.000000
2020-01-31,757.180000
2020-02-03,758.060000
2020-02-04,768.000000
2020-02-05,779.030000
2020-02-06,778.520000
2020-02-07,787.150000
2020-02-10,780.770000
2020-02-11,780.000000
2020-02-12,772.790000
2020-02-13,769.480000
2020-02-14,763.200000
2020-02-18,752.240000
2020-02-19,766.390000
2020-02-20,755.390000
2020-02-21,760.220000
2020-02-24,726.580000
2020-02-25,703.000000
2020-02-26,700.380000
2020-02-27,691.650000
2020-02-28,701.700000
2020-03-02,724.140000
2020-03-03,731.050000
2020-03-04,773.890000
2020-03-05,734.100000
2020-03-06,715.550000
2020-03-09,669.780000
2020-03-10,701.710000
2020-03-11,658.650000
2020-03-12,639.770000
2020-03-13,672.640000
2020-03-16,622.630000
2020-03-17,682.490000
2020-03-18,700.130000
2020-03-19,721.430000
2020-03-20,645.120000
2020-03-23,589.410000
2020-03-24,645.530000
2020-03-25,640.300000
2020-03-26,659.270000
2020-03-27,658.780000
2020-03-30,685.400000
2020-03-31,690.510000
2020-04-01,656.240000
2020-04-02,655.570000
2020-04-03,630.580000
2020-04-06,702.600000
2020-04-07,709.490000
2020-04-08,740.990000
2020-04-09,727.420000
2020-04-13,690.780000
2020-04-14,711.770000
2020-04-15,692.960000
2020-04-16,695.870000
2020-04-17,720.910000
2020-04-20,707.630000
2020-04-21,683.430000
2020-04-22,704.200000
2020-04-23,703.300000
2020-04-24,713.380000
2020-04-27,735.260000
2020-04-28,699.980000
2020-04-29,738.620000
2020-04-30,719.940000
2020-05-01,689.160000
2020-05-04,690.890000
2020-05-05,709.730000
2020-05-06,715.580000
2020-05-07,732.740000
2020-05-08,719.570000
2020-05-11,716.930000
2020-05-12,690.070000
2020-05-13,690.880000
2020-05-14,689.530000
2020-05-15,698.700000
2020-05-18,718.700000
2020-05-19,714.060000
2020-05-20,735.560000
2020-05-21,723.000000
2020-05-22,748.310000
2020-05-26,766.000000
2020-05-27,788.310000
2020-05-28,792.400000
2020-05-29,795.000000
2020-06-01,803.430000
2020-06-02,823.600000
2020-06-03,838.000000
2020-06-04,840.660000
2020-06-05,859.540000
2020-06-08,848.660000
2020-06-09,815.480000
2020-06-10,812.610000
2020-06-11,761.570000
2020-06-12,764.420000
2020-06-15,773.790000
2020-06-16,784.050000
2020-06-17,782.370000
2020-06-18,782.740000
2020-06-19,795.240000
2020-06-22,785.160000
2020-06-23,798.000000
2020-06-24,784.040000
2020-06-25,785.380000
2020-06-26,772.300000
2020-06-29,785.240000
2020-06-30,805.550000
2020-07-01,804.790000
2020-07-02,814.700000
2020-07-06,823.450000
2020-07-07,819.060000
2020-07-08,818.190000
2020-07-09,830.530000
2020-07-10,819.200000
2020-07-13,823.990000
2020-07-14,849.340000
2020-07-15,869.040000
2020-07-16,860.680000
2020-07-17,867.890000
2020-07-20,866.470000
2020-07-21,870.510000
2020-07-22,883.350000
2020-07-23,885.370000
2020-07-24,862.720000
2020-07-27,895.500000
2020-07-28,882.030000
2020-07-29,898.080000
2020-07-30,895.170000
2020-07-31,935.000000
2020-08-03,926.430000
2020-08-04,928.590000
2020-08-05,945.240000
2020-08-06,938.250000
2020-08-07,944.170000
2020-08-10,945.950000
2020-08-11,947.250000
2020-08-12,973.270000
2020-08-13,973.140000
2020-08-14,961.040000
2020-08-17,959.780000
2020-08-18,963.200000
2020-08-19,970.710000
2020-08-20,959.340000
2020-08-21,959.980000
2020-08-24,947.940000
2020-08-25,967.820000
2020-08-26,972.100000
2020-08-27,968.680000
2020-08-28,966.610000
2020-08-31,970.780000
2020-09-01,975.890000
2020-09-02,1005.150000
2020-09-03,962.990000
2020-09-04,949.260000
2020-09-08,947.620000
2020-09-09,975.820000
2020-09-10,963.460000
2020-09-11,973.710000
2020-09-14,978.990000
2020-09-15,980.900000
2020-09-16,988.830000
2020-09-17,983.620000
2020-09-18,976.470000
2020-09-21,974.500000
2020-09-22,986.070000
2020-09-23,957.140000
2020-09-24,960.260000
2020-09-25,975.070000
2020-09-28,968.470000
2020-09-29,968.590000
2020-09-30,965.750000
2020-10-01,970.920000
2020-10-02,966.920000
2020-10-05,990.430000
2020-10-06,993.850000
2020-10-07,1011.270000
2020-10-08,1012.080000
2020-10-09,1025.460000
2020-10-12,1025.750000
2020-10-13,1028.660000
2020-10-14,1022.390000
2020-10-15,1018.530000
2020-10-16,1029.770000
2020-10-19,1018.700000
2020-10-20,1030.610000
2020-10-21,1031.940000
2020-10-22,1063.230000
2020-10-23,1053.200000
2020-10-26,1045.290000
2020-10-27,1052.580000
2020-10-28,1009.260000
2020-10-29,1003.790000
2020-10-30,997.910000
2020-11-02,1043.250000
2020-11-03,1065.500000
2020-11-04,1080.230000
2020-11-05,1103.740000
2020-11-06,1181.110000
2020-11-09,1179.580000
2020-11-10,1125.460000
2020-11-11,1134.400000
2020-11-12,1157.870000
2020-11-13,1181.380000
2020-11-16,1187.930000
2020-11-17,1193.360000
2020-11-18,1144.810000
2020-11-19,1147.340000
2020-11-20,1147.600000
2020-11-23,1138.680000
2020-11-24,1126.960000
2020-11-25,1125.160000
2020-11-27,1126.680000
2020-11-30,1150.040000
2020-12-01,1160.090000
2020-12-02,1139.750000
2020-12-03,1132.000000
2020-12-04,1131.750000
2020-12-07,1125.150000
2020-12-08,1161.330000
2020-12-09,1150.680000
2020-12-10,1151.820000
2020-12-11,1144.870000
2020-12-14,1139.260000
2020-12-15,1149.160000
2020-12-16,1111.260000
2020-12-17,1130.330000
2020-12-18,1134.830000
2020-12-21,1135.330000
2020-12-22,1125.530000
2020-12-23,1126.100000
2020-12-24,1140.190000
2020-12-28,1134.760000
2020-12-29,1137.960000
2020-12-30,1133.880000
2020-12-31,1139.680000
2021-01-04,1160.870000
2021-01-05,1176.350000
2021-01-06,1197.090000
2021-01-07,1222.540000
2021-01-08,1236.990000
2021-01-11,1245.020000
2021-01-12,1220.480000
2021-01-13,1216.630000
2021-01-14,1204.210000
2021-01-15,1218.440000
2021-01-19,1231.160000
2021-01-20,1268.800000
2021-01-21,1244.780000
2021-01-22,1234.720000
2021-01-25,1233.470000
2021-01-26,1210.910000
2021-01-27,1153.500000
2021-01-28,1170.800000
2021-01-29,1168.100000
2021-02-01,1180.820000
2021-02-02,1217.590000
2021-02-03,1188.380000
2021-02-04,1216.940000
2021-02-05,1195.200000
2021-02-08,1209.270000
2021-02-09,1206.500000
2021-02-10,1207.010000
2021-02-11,1202.070000
2021-02-12,1220.660000
2021-02-16,1190.830000
2021-02-17,1166.460000
2021-02-18,1150.510000
2021-02-19,1165.450000
2021-02-22,1127.890000
2021-02-23,1110.460000
2021-02-24,1127.600000
2021-02-25,1109.910000
2021-02-26,1116.050000
2021-03-01,1134.670000
2021-03-02,1122.570000
2021-03-03,1093.030000
2021-03-04,1059.420000
2021-03-05,1060.590000
2021-03-08,1038.470000
2021-03-09,1050.000000
2021-03-10,1055.000000
2021-03-11,1080.620000
2021-03-12,1067.380000
2021-03-15,1098.230000
2021-03-16,1083.700000
2021-03-17,1092.040000
2021-03-18,1100.290000
2021-03-19,1123.150000
2021-03-22,1130.870000
2021-03-23,1116.710000
2021-03-24,1109.880000
2021-03-25,1117.180000
2021-03-26,1163.080000
2021-03-29,1170.590000
2021-03-30,1149.270000
2021-03-31,1155.690000
2021-04-01,1175.190000
2021-04-05,1195.550000
2021-04-06,1210.220000
2021-04-07,1199.840000
2021-04-08,1206.400000
2021-04-09,1222.410000
2021-04-12,1218.840000
2021-04-13,1230.860000
2021-04-14,1224.600000
2021-04-15,1261.960000
2021-04-16,1282.330000
2021-04-19,1277.290000
2021-04-20,1276.910000
2021-04-21,1311.140000
2021-04-22,1301.560000
2021-04-23,1335.150000
2021-04-26,1312.900000
2021-04-27,1322.860000
2021-04-28,1323.990000
2021-04-29,1327.990000
2021-04-30,1313.320000
2021-05-03,1315.750000
2021-05-04,1281.920000
2021-05-05,1293.010000
2021-05-06,1298.570000
2021-05-07,1278.560000
2021-05-10,1244.550000
2021-05-11,1239.940000
2021-05-12,1241.450000
2021-05-13,1253.640000
2021-05-14,1274.650000
2021-05-17,1259.010000
2021-05-18,1245.430000
2021-05-19,1251.460000
2021-05-20,1275.880000
2021-05-21,1276.290000
2021-05-24,1280.110000
2021-05-25,1287.100000
2021-05-26,1281.710000
2021-05-27,1297.120000
2021-05-28,1300.950000
2021-06-01,1296.300000
2021-06-02,1274.870000
2021-06-03,1255.280000
2021-06-04,1256.820000
2021-06-07,1248.770000
2021-06-08,1266.040000
2021-06-09,1269.090000
2021-06-10,1300.390000
2021-06-11,1325.480000
2021-06-14,1351.840000
2021-06-15,1358.420000
2021-06-16,1349.920000
2021-06-17,1368.050000
2021-06-18,1352.870000
2021-06-21,1364.550000
2021-06-22,1376.990000
2021-06-23,1356.600000
2021-06-24,1355.410000
2021-06-25,1352.020000
2021-06-28,1381.670000
2021-06-29,1397.650000
2021-06-30,1385.340000
2021-07-01,1381.130000
2021-07-02,1401.150000
2021-07-06,1419.650000
2021-07-07,1435.970000
2021-07-08,1422.430000
2021-07-09,1435.410000
2021-07-12,1436.040000
2021-07-13,1442.190000
2021-07-14,1435.560000
2021-07-15,1436.030000
2021-07-16,1448.990000
2021-07-19,1438.660000
2021-07-20,1443.410000
2021-07-21,1432.790000
2021-07-22,1459.590000
2021-07-23,1477.140000
2021-07-26,1471.560000
2021-07-27,1479.880000
2021-07-28,1487.640000
2021-07-29,1511.700000
2021-07-30,1473.710000
2021-08-02,1480.150000
2021-08-03,1496.720000
2021-08-04,1515.260000
2021-08-05,1527.560000
2021-08-06,1521.690000
2021-08-09,1523.940000
2021-08-10,1515.270000
2021-08-11,1498.780000
2021-08-12,1518.150000
2021-08-13,1537.490000
2021-08-16,1558.910000
2021-08-17,1546.250000
2021-08-18,1519.930000
2021-08-19,1541.600000
2021-08-20,1530.510000
2021-08-23,1531.920000
2021-08-24,1525.560000
2021-08-25,1560.620000
2021-08-26,1556.890000
2021-08-27,1565.610000
2021-08-30,1588.730000
2021-08-31,1552.830000
2021-09-01,1552.670000
2021-09-02,1569.190000
2021-09-03,1575.310000
2021-09-07,1579.450000
2021-09-08,1604.050000
2021-09-09,1584.800000
2021-09-10,1593.990000
2021-09-13,1555.480000
2021-09-14,1559.440000
2021-09-15,1561.150000
2021-09-16,1554.590000
2021-09-17,1545.180000
2021-09-20,1527.190000
2021-09-21,1535.380000
2021-09-22,1542.780000
2021-09-23,1563.510000
2021-09-24,1556.840000
2021-09-27,1477.960000
2021-09-28,1421.650000
2021-09-29,1408.440000
2021-09-30,1377.360000
2021-10-01,1389.870000
2021-10-04,1372.520000
2021-10-05,1384.020000
2021-10-06,1384.500000
2021-10-07,1404.320000
2021-10-08,1385.300000
2021-10-11,1361.430000
2021-10-12,1355.250000
2021-10-13,1360.440000
2021-10-14,1399.310000
2021-10-15,1417.750000
2021-10-18,1420.230000
2021-10-19,1430.450000
2021-10-20,1437.340000
2021-10-21,1436.950000
2021-10-22,1469.750000
2021-10-25,1470.720000
2021-10-26,1470.580000
2021-10-27,1461.890000
2021-10-28,1479.150000
2021-10-29,1480.880000
2021-11-01,1444.440000
2021-11-02,1469.840000
2021-11-03,1471.250000
2021-11-04,1484.400000
2021-11-05,1518.530000
2021-11-08,1543.000000
2021-11-09,1557.510000
2021-11-10,1544.730000
2021-11-11,1521.240000
2021-11-12,1533.590000
2021-11-15,1515.050000
2021-11-16,1528.510000
2021-11-17,1534.170000
2021-11-18,1544.120000
2021-11-19,1552.070000
2021-11-22,1523.280000
2021-11-23,1524.190000
2021-11-24,1518.250000
2021-11-26,1496.650000
2021-11-29,1536.220000
2021-11-30,1514.130000
2021-12-01,1520.450000
2021-12-02,1547.600000
2021-12-03,1529.530000
2021-12-06,1535.500000
2021-12-07,1566.150000
2021-12-08,1586.150000
2021-12-09,1582.160000
2021-12-10,1588.370000
2021-12-13,1590.200000
2021-12-14,1542.920000
2021-12-15,1567.000000
2021-12-16,1565.850000
2021-12-17,1579.340000
2021-12-20,1554.430000
2021-12-21,1571.540000
2021-12-22,1604.940000
2021-12-23,1626.230000
2021-12-27,1673.410000
2021-12-28,1675.170000
2021-12-29,1701.990000
2021-12-30,1702.530000
2021-12-31,1697.210000
2022-01-03,1674.860000
2022-01-04,1640.730000
2022-01-05,1583.110000
2022-01-06,1602.850000
2022-01-07,1542.390000
2022-01-10,1565.990000
2022-01-11,1571.430000
2022-01-12,1559.620000
2022-01-13,1503.690000
2022-01-14,1512.760000
2022-01-18,1483.750000
2022-01-19,1469.070000
2022-01-20,1470.530000
2022-01-21,1458.340000
2022-01-24,1462.640000
2022-01-25,1413.700000
2022-01-26,1405.530000
2022-01-27,1396.450000
2022-01-28,1430.530000
2022-01-31,1472.680000
2022-02-01,1496.430000
2022-02-02,1526.070000
2022-02-03,1495.520000
2022-02-04,1491.900000
2022-02-07,1499.950000
2022-02-08,1500.690000
2022-02-09,1554.670000
2022-02-10,1521.700000
2022-02-11,1430.410000
2022-02-14,1416.120000
2022-02-15,1429.760000
2022-02-16,1462.200000
2022-02-17,1417.120000
2022-02-18,1408.460000
2022-02-22,1416.750000
2022-02-23,1380.650000
2022-02-24,1412.370000
2022-02-25,1447.520000
2022-02-28,1408.740000
2022-03-01,1393.340000
2022-03-02,1387.300000
2022-03-03,1404.710000
2022-03-04,1388.780000
2022-03-07,1339.440000
2022-03-08,1317.100000
2022-03-09,1388.290000
2022-03-10,1338.340000
2022-03-11,1311.220000
2022-03-14,1289.320000
2022-03-15,1319.450000
2022-03-16,1358.840000
2022-03-17,1389.130000
2022-03-18,1405.230000
2022-03-21,1394.610000
2022-03-22,1399.590000
2022-03-23,1359.310000
2022-03-24,1379.500000
2022-03-25,1388.390000
2022-03-28,1395.690000
2022-03-29,1423.280000
2022-03-30,1405.740000
2022-03-31,1373.190000
2022-04-01,1371.630000
2022-04-04,1357.430000
2022-04-05,1349.010000
2022-04-06,1327.860000
2022-04-07,1368.740000
2022-04-08,1381.840000
2022-04-11,1348.000000
2022-04-12,1313.770000
2022-04-13,1342.590000
2022-04-14,1318.360000
2022-04-18,1304.580000
2022-04-19,1331.040000
2022-04-20,1362.450000
2022-04-21,1326.230000
2022-04-22,1284.630000
2022-04-25,1302.590000
2022-04-26,1254.790000
2022-04-27,1258.070000
2022-04-28,1293.510000
2022-04-29,1277.530000
2022-05-02,1293.020000
2022-05-03,1334.370000
2022-05-04,1379.620000
2022-05-05,1311.350000
2022-05-06,1315.900000
2022-05-09,1196.070000
2022-05-10,1219.640000
2022-05-11,1179.400000
2022-05-12,1213.120000
2022-05-13,1255.110000
2022-05-16,1233.510000
2022-05-17,1236.380000
2022-05-18,1194.520000
2022-05-19,1219.710000
2022-05-20,1238.580000
2022-05-23,1247.480000
2022-05-24,1231.460000
2022-05-25,1230.010000
2022-05-26,1258.470000
2022-05-27,1326.520000
2022-05-31,1286.120000
2022-06-01,1263.400000
2022-06-02,1326.320000
2022-06-03,1298.900000
2022-06-06,1304.090000
2022-06-07,1315.310000
2022-06-08,1294.320000
2022-06-09,1254.540000
2022-06-10,1200.440000
2022-06-13,1172.750000
2022-06-14,1157.630000
2022-06-15,1167.250000
2022-06-16,1118.520000
2022-06-17,1097.800000
2022-06-21,1097.570000
2022-06-22,1101.730000
2022-06-23,1132.400000
2022-06-24,1146.900000
2022-06-27,1144.240000
2022-06-28,1130.770000
2022-06-29,1146.020000
2022-06-30,1148.770000
2022-07-01,1161.850000
2022-07-05,1175.470000
2022-07-06,1171.600000
2022-07-07,1207.300000
2022-07-08,1221.280000
2022-07-11,1222.830000
2022-07-12,1190.560000
2022-07-13,1172.340000
2022-07-14,1138.220000
2022-07-15,1158.960000
2022-07-18,1122.800000
2022-07-19,1156.870000
2022-07-20,1166.420000
2022-07-21,1240.290000
2022-07-22,1224.140000
2022-07-25,1230.220000
2022-07-26,1235.850000
2022-07-27,1273.560000
2022-07-28,1298.960000
2022-07-29,1349.730000
2022-08-01,1350.830000
2022-08-02,1340.320000
2022-08-03,1359.920000
2022-08-04,1346.880000
2022-08-05,1347.720000
2022-08-08,1342.110000
2022-08-09,1314.630000
2022-08-10,1346.780000
2022-08-11,1346.790000
2022-08-12,1364.100000
2022-08-15,1366.390000
2022-08-16,1356.100000
2022-08-17,1356.600000
2022-08-18,1358.720000
2022-08-19,1333.800000
2022-08-22,1308.270000
2022-08-23,1282.830000
2022-08-24,1296.760000
2022-08-25,1323.960000
2022-08-26,1251.910000
2022-08-29,1232.370000
2022-08-30,1223.720000
2022-08-31,1212.460000
2022-09-01,1208.330000
2022-09-02,1195.020000
2022-09-06,1222.710000
2022-09-07,1250.480000
2022-09-08,1284.310000
2022-09-09,1300.950000
2022-09-12,1314.390000
2022-09-13,1270.630000
2022-09-14,1250.050000
2022-09-15,1243.790000
2022-09-16,1198.500000
2022-09-19,1204.820000
2022-09-20,1167.550000
2022-09-21,1160.060000
2022-09-22,1135.530000
2022-09-23,1132.010000
2022-09-26,1117.850000
2022-09-27,1104.280000
2022-09-28,1109.100000
2022-09-29,1096.880000
2022-09-30,1084.120000
2022-10-03,1133.360000
2022-10-04,1179.210000
2022-10-05,1202.470000
2022-10-06,1203.180000
2022-10-07,1156.890000
2022-10-10,1127.080000
2022-10-11,1113.260000
2022-10-12,1102.670000
2022-10-13,1131.630000
2022-10-14,1117.030000
2022-10-17,1173.120000
2022-10-18,1200.000000
2022-10-19,1166.970000
2022-10-20,1143.900000
2022-10-21,1174.380000
2022-10-24,1197.140000
2022-10-25,1230.890000
2022-10-26,1262.830000
2022-10-27,1253.080000
2022-10-28,1264.550000
2022-10-31,1264.930000
2022-11-01,1280.840000
2022-11-02,1238.810000
2022-11-03,1225.870000
2022-11-04,1284.510000
2022-11-07,1298.710000
2022-11-08,1350.960000
2022-11-09,1336.230000
2022-11-10,1449.150000
2022-11-11,1464.380000
2022-11-14,1442.800000
2022-11-15,1408.030000
2022-11-16,1395.750000
2022-11-17,1388.830000
2022-11-18,1401.310000
2022-11-21,1391.930000
2022-11-22,1439.750000
2022-11-23,1441.320000
2022-11-25,1449.690000
2022-11-28,1439.890000
2022-11-29,1412.210000
2022-11-30,1469.560000
2022-12-01,1490.330000
2022-12-02,1486.100000
2022-12-05,1454.370000
2022-12-06,1453.800000
2022-12-07,1461.570000
2022-12-08,1482.730000
2022-12-09,1455.560000
2022-12-12,1484.890000
2022-12-13,1513.020000
2022-12-14,1474.760000
2022-12-15,1418.070000
2022-12-16,1428.190000
2022-12-19,1397.930000
2022-12-20,1405.050000
2022-12-21,1444.020000
2022-12-22,1438.440000
2022-12-23,1439.050000
2022-12-27,1447.240000
2022-12-28,1430.180000
2022-12-29,1467.110000
2022-12-30,1445.450000
2023-01-03,1461.870000
2023-01-04,1491.570000
2023-01-05,1489.510000
2023-01-06,1449.570000
2023-01-09,1456.410000
2023-01-10,1520.860000
2023-01-11,1553.730000
2023-01-12,1536.210000
2023-01-13,1557.780000
2023-01-17,1531.300000
2023-01-18,1539.650000
2023-01-19,1518.460000
2023-01-20,1561.530000
2023-01-23,1576.680000
2023-01-24,1534.750000
2023-01-25,1531.570000
2023-01-26,1523.710000
2023-01-27,1529.750000
2023-01-30,1507.410000
2023-01-31,1532.920000
2023-02-01,1560.540000
2023-02-02,1583.880000
2023-02-03,1591.650000
2023-02-06,1555.980000
2023-02-07,1557.940000
2023-02-08,1554.700000
2023-02-09,1534.640000
2023-02-10,1513.310000
2023-02-13,1554.240000
2023-02-14,1545.490000
2023-02-15,1561.800000
2023-02-16,1534.510000
2023-02-17,1513.930000
2023-02-21,1459.030000
2023-02-22,1455.410000
2023-02-23,1467.650000
2023-02-24,1428.090000
2023-02-27,1431.590000
2023-02-28,1433.710000
2023-03-01,1417.970000
2023-03-02,1479.490000
2023-03-03,1508.640000
2023-03-06,1505.920000
2023-03-07,1473.180000
2023-03-08,1490.240000
2023-03-09,1475.570000
2023-03-10,1433.250000
2023-03-13,1439.570000
2023-03-14,1469.870000
2023-03-15,1438.880000
2023-03-16,1469.860000
2023-03-17,1455.110000
2023-03-20,1474.720000
2023-03-21,1500.220000
2023-03-22,1452.260000
2023-03-23,1451.100000
2023-03-24,1459.750000
2023-03-27,1481.530000
2023-03-28,1473.640000
2023-03-29,1496.310000
2023-03-30,1499.740000
2023-03-31,1530.210000
2023-04-03,1530.550000
2023-04-04,1529.540000
2023-04-05,1529.870000
2023-04-06,1500.920000
2023-04-10,1521.630000
2023-04-11,1527.370000
2023-04-12,1533.440000
2023-04-13,1581.710000
2023-04-14,1576.950000
2023-04-17,1595.920000
2023-04-18,1589.220000
2023-04-19,1598.990000
2023-04-20,1539.560000
2023-04-21,1559.390000
2023-04-24,1574.220000
2023-04-25,1470.330000
2023-04-26,1461.660000
2023-04-27,1456.580000
2023-04-28,1491.500000
2023-05-01,1519.300000
2023-05-02,1502.490000
2023-05-03,1492.100000
2023-05-04,1475.200000
2023-05-05,1424.990000
2023-05-08,1393.920000
2023-05-09,1376.200000
2023-05-10,1372.150000
2023-05-11,1348.080000
2023-05-12,1383.550000
2023-05-15,1386.000000
2023-05-16,1372.890000
2023-05-17,1369.170000
2023-05-18,1384.430000
2023-05-19,1386.470000
2023-05-22,1398.700000
2023-05-23,1355.610000
2023-05-24,1313.320000
2023-05-25,1316.950000
2023-05-26,1348.190000
2023-05-30,1314.720000
2023-05-31,1321.870000
2023-06-01,1329.320000
2023-06-02,1332.660000
2023-06-05,1335.220000
2023-06-06,1321.790000
2023-06-07,1327.640000
2023-06-08,1295.510000
2023-06-09,1292.060000
2023-06-12,1316.970000
2023-06-13,1318.740000
2023-06-14,1315.570000
2023-06-15,1336.290000
2023-06-16,1321.970000
2023-06-20,1283.800000
2023-06-21,1291.920000
2023-06-22,1283.370000
2023-06-23,1288.250000
2023-06-26,1279.900000
2023-06-27,1272.220000
2023-06-28,1275.410000
2023-06-29,1316.880000
2023-06-30,1311.640000
2023-07-03,1312.140000
2023-07-05,1304.710000
2023-07-06,1294.200000
2023-07-07,1269.090000
2023-07-10,1293.600000
2023-07-11,1292.430000
2023-07-12,1319.690000
2023-07-13,1327.730000
2023-07-14,1331.930000
2023-07-17,1328.460000
2023-07-18,1335.010000
2023-07-19,1340.030000
2023-07-20,1349.840000
2023-07-21,1361.860000
2023-07-24,1362.020000
2023-07-25,1312.920000
2023-07-26,1335.020000
2023-07-27,1324.140000
2023-07-28,1308.510000
2023-07-31,1257.470000
2023-08-01,1284.430000
2023-08-02,1291.900000
2023-08-03,1269.110000
2023-08-04,1271.490000
2023-08-07,1259.550000
2023-08-08,1254.940000
2023-08-09,1245.240000
2023-08-10,1245.450000
2023-08-11,1239.800000
2023-08-14,1240.170000
2023-08-15,1226.760000
2023-08-16,1198.300000
2023-08-17,1205.100000
2023-08-18,1184.680000
2023-08-21,1169.670000
2023-08-22,1160.970000
2023-08-23,1165.090000
2023-08-24,1161.960000
2023-08-25,1175.450000
2023-08-28,1181.700000
2023-08-29,1206.830000
2023-08-30,1217.570000
2023-08-31,1213.480000
2023-09-01,1222.500000
2023-09-05,1215.890000
2023-09-06,1192.610000
2023-09-07,1162.070000
2023-09-08,1130.700000
2023-09-11,1128.990000
2023-09-12,1121.320000
2023-09-13,1126.970000
2023-09-14,1157.670000
2023-09-15,1168.700000
2023-09-18,1134.970000
2023-09-19,1131.990000
2023-09-20,1131.110000
2023-09-21,1094.030000
2023-09-22,1100.030000
2023-09-25,1122.430000
2023-09-26,1104.310000
2023-09-27,1097.780000
2023-09-28,1118.240000
2023-09-29,1108.070000
2023-10-02,1087.330000
2023-10-03,1075.920000
2023-10-04,1091.900000
2023-10-05,1078.250000
2023-10-06,1081.730000
2023-10-09,1088.260000
2023-10-10,1097.020000
2023-10-11,1107.080000
2023-10-12,1041.810000
2023-10-13,1033.640000
2023-10-16,1056.970000
2023-10-17,1045.230000
2023-10-18,1010.000000
2023-10-19,1014.120000
2023-10-20,1020.230000
2023-10-23,1008.770000
2023-10-24,991.810000
2023-10-25,975.260000
2023-10-26,982.290000
2023-10-27,976.250000
2023-10-30,962.370000
2023-10-31,985.200000
2023-11-01,969.480000
2023-11-02,991.210000
2023-11-03,1032.060000
2023-11-06,1033.700000
2023-11-07,1042.280000
2023-11-08,1038.280000
2023-11-09,1024.550000
2023-11-10,1044.110000
2023-11-13,1019.240000
2023-11-14,1048.190000
2023-11-15,1057.020000
2023-11-16,1049.730000
2023-11-17,1049.050000
2023-11-20,1050.200000
2023-11-21,1085.510000
2023-11-22,1078.580000
2023-11-24,1093.510000
2023-11-27,1079.840000
2023-11-28,1082.160000
2023-11-29,1092.430000
2023-11-30,1091.930000
2023-12-01,1104.470000
2023-12-04,1102.840000
2023-12-05,1081.880000
2023-12-06,1093.230000
2023-12-07,1100.020000
2023-12-08,1090.520000
2023-12-11,1112.500000
2023-12-12,1114.810000
2023-12-13,1171.000000
2023-12-14,1224.700000
2023-12-15,1190.610000
2023-12-18,1185.030000
2023-12-19,1201.770000
2023-12-20,1186.950000
2023-12-21,1209.100000
2023-12-22,1213.800000
2023-12-26,1219.230000
2023-12-27,1222.960000
2023-12-28,1225.260000
2023-12-29,1212.960000
2024-01-02,1214.190000
2024-01-03,1147.120000
2024-01-04,1149.320000
2024-01-05,1132.290000
2024-01-08,1166.100000
2024-01-09,1140.810000
2024-01-10,1176.860000
2024-01-11,1186.560000
2024-01-12,1182.280000
2024-01-16,1183.980000
2024-01-17,1163.000000
2024-01-18,1185.000000
2024-01-19,1200.000000
2024-01-22,1219.160000
2024-01-23,1219.940000
2024-01-24,1204.810000
2024-01-25,1202.450000
2024-01-26,1217.470000
2024-01-29,1227.480000
2024-01-30,1237.500000
2024-01-31,1197.190000
2024-02-01,1224.000000
2024-02-02,1210.110000
2024-02-05,1186.970000
2024-02-06,1212.100000
2024-02-07,1213.230000
2024-02-08,1224.970000
2024-02-09,1174.510000
2024-02-12,1190.040000
2024-02-13,1157.560000
2024-02-14,1181.180000
2024-02-15,1192.700000
2024-02-16,1187.440000
2024-02-20,1184.370000
2024-02-21,1193.890000
2024-02-22,1192.780000
2024-02-23,1209.790000
2024-02-26,1195.260000
2024-02-27,1213.210000
2024-02-28,1243.570000
2024-02-29,1247.220000
2024-03-01,1267.980000
2024-03-04,1286.540000
2024-03-05,1286.900000
2024-03-06,1311.650000
2024-03-07,1350.460000
2024-03-08,1313.850000
2024-03-11,1297.970000
2024-03-12,1288.310000
2024-03-13,1305.650000
2024-03-14,1298.130000
2024-03-15,1324.450000
2024-03-18,1306.170000
2024-03-19,1302.650000
2024-03-20,1302.860000
2024-03-21,1338.640000
2024-03-22,1327.600000
2024-03-25,1320.000000
2024-03-26,1315.070000
2024-03-27,1335.840000
2024-03-28,1331.290000
2024-04-01,1341.200000
2024-04-02,1321.050000
2024-04-03,1330.770000
2024-04-04,1284.550000
2024-04-05,1300.840000
2024-04-08,1304.270000
2024-04-09,1336.600000
2024-04-10,1305.440000
2024-04-11,1311.490000
2024-04-12,1261.070000
2024-04-15,1243.560000
2024-04-16,1228.300000
2024-04-17,1198.030000
2024-04-18,1192.560000
2024-04-19,1188.540000
2024-04-22,1199.460000
2024-04-23,1241.320000
2024-04-24,1235.370000
2024-04-25,1232.910000
2024-04-26,1238.090000
2024-04-29,1255.240000
2024-04-30,1229.700000
2024-05-01,1249.750000
2024-05-02,1249.880000
2024-05-03,1251.950000
2024-05-06,1250.800000
2024-05-07,1247.740000
2024-05-08,1253.130000
2024-05-09,1290.420000
2024-05-10,1510.250000
2024-05-13,1461.640000
2024-05-14,1496.140000
2024-05-15,1519.890000
2024-05-16,1530.550000
2024-05-17,1522.750000
2024-05-20,1518.290000
2024-05-21,1521.290000
2024-05-22,1501.780000
2024-05-23,1479.300000
2024-05-24,1479.530000
2024-05-28,1454.550000
2024-05-29,1437.160000
2024-05-30,1383.570000
2024-05-31,1404.090000
2024-06-03,1399.430000
2024-06-04,1406.830000
2024-06-05,1452.030000
2024-06-06,1438.030000
2024-06-07,1438.580000
2024-06-10,1443.830000
2024-06-11,1441.400000
2024-06-12,1459.510000
2024-06-13,1474.440000
2024-06-14,1454.740000
2024-06-17,1447.760000
2024-06-18,1481.070000
2024-06-20,1456.590000
2024-06-21,1463.480000
2024-06-24,1453.980000
2024-06-25,1426.800000
2024-06-26,1427.300000
2024-06-27,1406.520000
2024-06-28,1397.590000
2024-07-01,1366.840000
2024-07-02,1357.070000
2024-07-03,1354.100000
2024-07-05,1346.080000
2024-07-08,1330.000000
2024-07-09,1308.000000
2024-07-10,1324.100000
2024-07-11,1358.180000
2024-07-12,1359.210000
2024-07-15,1358.540000
2024-07-16,1382.890000
2024-07-17,1378.240000
2024-07-18,1356.070000
2024-07-19,1344.260000
2024-07-22,1372.620000
2024-07-23,1361.600000
2024-07-24,1384.560000
2024-07-25,1411.000000
2024-07-26,1450.080000
2024-07-29,1452.000000
2024-07-30,1509.560000
2024-07-31,1521.030000
2024-08-01,1515.350000
2024-08-02,1441.430000
2024-08-05,1374.650000
2024-08-06,1382.470000
2024-08-07,1357.950000
2024-08-08,1395.330000
2024-08-09,1397.260000
2024-08-12,1378.140000
2024-08-13,1420.300000
2024-08-14,1402.550000
2024-08-15,1434.780000
2024-08-16,1417.580000
2024-08-19,1434.790000
2024-08-20,1430.930000
2024-08-21,1431.830000
2024-08-22,1423.440000
2024-08-23,1435.940000
2024-08-26,1422.020000
2024-08-27,1422.590000
2024-08-28,1423.180000
2024-08-29,1431.230000
2024-08-30,1439.080000
2024-09-03,1398.060000
2024-09-04,1387.640000
2024-09-05,1386.510000
2024-09-06,1374.680000
2024-09-09,1384.770000
2024-09-10,1394.090000
2024-09-11,1388.520000
2024-09-12,1373.400000
2024-09-13,1383.060000
2024-09-16,1393.250000
2024-09-17,1383.470000
2024-09-18,1402.690000
2024-09-19,1443.030000
2024-09-20,1406.110000
2024-09-23,1405.900000
2024-09-24,1442.660000
2024-09-25,1420.360000
2024-09-26,1491.020000
2024-09-27,1478.920000
2024-09-30,1499.700000
2024-10-01,1477.640000
2024-10-02,1498.120000
2024-10-03,1463.400000
2024-10-04,1452.820000
2024-10-07,1465.250000
2024-10-08,1451.470000
2024-10-09,1450.600000
2024-10-10,1442.340000
2024-10-11,1450.950000
2024-10-14,1456.890000
2024-10-15,1453.400000
2024-10-16,1404.470000
2024-10-17,1364.190000
2024-10-18,1373.980000
2024-10-21,1365.680000
2024-10-22,1351.780000
2024-10-23,1320.350000
2024-10-24,1293.380000
2024-10-25,1292.770000
2024-10-28,1294.920000
2024-10-29,1297.170000
2024-10-30,1302.240000
2024-10-31,1291.750000
2024-11-01,1342.090000
2024-11-04,1364.020000
2024-11-05,1385.790000
2024-11-06,1398.190000
2024-11-07,1411.520000
2024-11-08,1310.030000
2024-11-11,1250.070000
2024-11-12,1260.970000
2024-11-13,1258.660000
2024-11-14,1237.780000
2024-11-15,1179.580000
2024-11-18,1174.560000
2024-11-19,1160.670000
2024-11-20,1166.900000
2024-11-21,1196.820000
2024-11-22,1217.970000
2024-11-25,1224.470000
2024-11-26,1232.300000
2024-11-27,1243.400000
2024-11-29,1251.200000
2024-12-02,1258.880000
2024-12-03,1257.860000
2024-12-04,1262.750000
2024-12-05,1247.900000
2024-12-06,1257.920000
2024-12-09,1281.690000
2024-12-10,1270.690000
2024-12-11,1270.630000
2024-12-12,1276.920000
2024-12-13,1276.980000
2024-12-16,1260.730000
2024-12-17,1246.880000
2024-12-18,1214.440000
2024-12-19,1206.020000
2024-12-20,1230.740000
2024-12-23,1234.390000
2024-12-24,1246.300000
2024-12-26,1245.280000
2024-12-27,1234.230000
2024-12-30,1219.920000
2024-12-31,1223.680000
2025-01-02,1220.780000
2025-01-03,1238.280000
2025-01-06,1252.250000
2025-01-07,1254.990000
2025-01-08,1246.510000
2025-01-10,1210.990000
2025-01-13,1267.220000
2025-01-14,1271.360000
2025-01-15,1279.730000
2025-01-16,1297.520000
2025-01-17,1295.430000
2025-01-21,1324.480000
2025-01-22,1324.680000
2025-01-23,1335.290000
2025-01-24,1331.100000
2025-01-27,1347.210000
2025-01-28,1352.820000
2025-01-29,1335.500000
2025-01-30,1364.500000
2025-01-31,1364.440000
2025-02-03,1342.430000
2025-02-04,1339.710000
2025-02-05,1363.560000
2025-02-06,1357.260000
2025-02-07,1390.000000
2025-02-10,1340.490000
2025-02-11,1331.970000
2025-02-12,1312.600000
2025-02-13,1297.140000
2025-02-14,1271.910000
2025-02-18,1273.180000
2025-02-19,1302.930000
2025-02-20,1303.130000
2025-02-21,1286.540000
2025-02-24,1309.970000
2025-02-25,1308.890000
2025-02-26,1289.520000
2025-02-27,1253.300000
2025-02-28,1272.720000
2025-03-03,1268.640000
2025-03-04,1240.970000
2025-03-05,1257.840000
2025-03-06,1272.540000
2025-03-07,1291.560000
2025-03-10,1294.400000
2025-03-11,1243.170000
2025-03-12,1216.020000
2025-03-13,1201.990000
2025-03-14,1230.250000
2025-03-17,1235.020000
2025-03-18,1242.730000
2025-03-19,1220.440000
2025-03-20,1200.380000
2025-03-21,1199.210000
2025-03-24,1212.060000
2025-03-25,1195.100000
2025-03-26,1191.030000
2025-03-27,1193.330000
2025-03-28,1177.090000
2025-03-31,1180.910000
2025-04-01,1156.380000
2025-04-02,1172.500000
2025-04-03,1095.240000
2025-04-04,1022.660000
2025-04-07,1032.150000
2025-04-08,972.510000
2025-04-09,1061.660000
2025-04-10,997.690000
2025-04-11,1041.900000
2025-04-14,1082.850000
2025-04-15,1046.580000
2025-04-16,1016.650000
2025-04-17,1004.960000
2025-04-21,970.150000
2025-04-22,1003.160000
2025-04-23,1046.230000
2025-04-24,1075.000000
2025-04-25,1061.790000
2025-04-28,1061.460000
2025-04-29,1065.230000
2025-04-30,1070.570000
2025-05-01,1056.580000
2025-05-02,1100.010000
2025-05-05,1091.130000
2025-05-06,1063.370000
2025-05-07,1084.460000
2025-05-08,1101.630000
2025-05-09,1080.980000
2025-05-12,1174.590000
2025-05-13,1177.050000
2025-05-14,1117.810000
2025-05-15,1143.360000
2025-05-16,1157.440000
2025-05-19,1159.100000
2025-05-20,1186.000000
2025-05-21,1133.260000
2025-05-22,1136.000000
2025-05-23,1114.140000
2025-05-27,1162.840000
2025-05-28,1157.500000
2025-05-29,1173.180000
2025-05-30,1155.520000
2025-06-02,1141.130000
2025-06-03,1166.460000
2025-06-04,1169.670000
2025-06-05,1164.610000
2025-06-06,1184.340000
2025-06-09,1195.390000
2025-06-10,1216.570000
2025-06-11,1192.980000
2025-06-12,1188.210000
2025-06-13,1155.420000
2025-06-16,1182.850000
2025-06-17,1150.570000
2025-06-18,1145.470000
2025-06-20,1153.930000
2025-06-23,1163.610000
2025-06-24,1185.180000
2025-06-25,1192.850000
2025-06-26,1193.310000
2025-06-27,1184.540000
2025-06-30,1174.720000
2025-07-01,1205.290000
2025-07-02,1205.650000
2025-07-03,1209.080000
2025-07-07,1188.540000
2025-07-08,1206.530000
2025-07-09,1218.650000
2025-07-10,1236.240000
2025-07-11,1223.930000
2025-07-14,1193.890000
2025-07-15,1168.560000
2025-07-16,1184.200000
2025-07-17,1205.680000
2025-07-18,1194.850000
2025-07-21,1166.480000
2025-07-22,1218.960000
2025-07-23,1257.200000
2025-07-24,1260.750000
2025-07-25,1263.990000
2025-07-28,1261.030000
2025-07-29,1266.100000
2025-07-30,1265.900000
2025-07-31,1233.680000
2025-08-01,1197.230000
2025-08-04,1231.880000
2025-08-05,1243.940000
2025-08-06,1221.840000
2025-08-07,1236.960000
2025-08-08,1255.970000
2025-08-11,1256.490000
2025-08-12,1292.890000
2025-08-13,1324.060000
2025-08-14,1313.640000
2025-08-15,1312.340000
2025-08-18,1311.320000
2025-08-19,1322.570000
2025-08-20,1316.880000
2025-08-21,1278.000000
2025-08-22,1321.450000
2025-08-25,1289.780000
2025-08-26,1284.770000
2025-08-27,1285.240000
2025-08-28,1283.110000
2025-08-29,1301.040000
2025-09-02,1276.000000
2025-09-03,1268.600000
2025-09-04,1287.790000
2025-09-05,1305.710000
2025-09-08,1314.650000
2025-09-09,1285.310000
2025-09-10,1252.870000
2025-09-11,1282.720000
2025-09-12,1259.540000
2025-09-15,1260.130000
2025-09-16,1276.100000
2025-09-17,1273.960000
2025-09-18,1287.100000
2025-09-19,1265.590000
2025-09-22,1258.050000
2025-09-23,1257.030000
2025-09-24,1242.280000
2025-09-25,1209.540000
2025-09-26,1204.430000
2025-09-29,1191.360000
2025-09-30,1227.610000
2025-10-01,1289.820000
2025-10-02,1300.540000
2025-10-03,1314.040000
2025-10-06,1345.270000
2025-10-07,1309.120000
2025-10-08,1328.530000
2025-10-09,1307.570000
2025-10-10,1273.670000
2025-10-13,1284.740000
2025-10-14,1303.040000
2025-10-15,1304.000000
2025-10-16,1359.610000
2025-10-17,1349.280000
2025-10-20,1357.260000
2025-10-21,1385.570000
2025-10-22,1381.440000
2025-10-23,1437.750000
2025-10-24,1434.320000
2025-10-27,1419.710000
2025-10-28,1404.580000
2025-10-29,1394.170000
2025-10-30,1377.010000
2025-10-31,1416.290000
2025-11-03,1406.880000
2025-11-04,1420.350000
2025-11-05,1439.730000
2025-11-06,1439.620000
2025-11-07,1439.350000
2025-11-10,1432.570000
2025-11-11,1445.060000
2025-11-12,1447.810000
2025-11-13,1412.180000
2025-11-14,1403.080000
2025-11-17,1388.960000
2025-11-18,1396.450000
2025-11-19,1404.430000
2025-11-20,1399.410000
2025-11-21,1452.350000
2025-11-24,1470.140000
2025-11-25,1506.020000
2025-11-26,1486.550000
2025-11-28,1476.720000
2025-12-01,1468.090000
2025-12-02,1447.160000
2025-12-03,1434.880000
2025-12-04,1422.810000
2025-12-05,1414.860000
2025-12-08,1381.370000
2025-12-09,1371.420000
2025-12-10,1405.850000
2025-12-11,1421.580000
2025-12-12,1393.640000
2025-12-15,1412.470000
2025-12-16,1386.450000
2025-12-17,1384.680000
2025-12-18,1389.420000
2025-12-19,1402.510000
2025-12-22,1412.410000
2025-12-23,1414.600000
2025-12-24,1417.160000
2025-12-26,1420.100000
2025-12-29,1419.470000
2025-12-30,1414.320000
2025-12-31,1394.190000
2026-01-02,1411.390000
2026-01-05,1446.630000
2026-01-06,1485.150000
2026-01-07,1470.870000
2026-01-08,1465.200000
2026-01-09,1485.120000
2026-01-12,1491.990000
2026-01-13,1484.780000
2026-01-14,1485.560000
2026-01-15,1496.610000
2026-01-16,1460.630000
2026-01-20,1403.580000
2026-01-21,1442.930000
2026-01-22,1438.110000
2026-01-23,1406.360000
2026-01-26,1425.670000
2026-01-27,1425.180000
2026-01-28,1401.640000
2026-01-29,1392.800000
2026-01-30,1373.240000
2026-02-02,1385.610000
2026-02-03,1369.900000
2026-02-04,1389.730000
2026-02-05,1382.850000
2026-02-06,1373.570000
2026-02-09,1380.880000
2026-02-10,1400.330000
2026-02-11,1392.650000
2026-02-12,1357.920000
2026-02-13,1360.950000
2026-02-17,1353.240000
2026-02-18,1375.570000
2026-02-19,1376.530000
2026-02-20,1377.550000
2026-02-23,1393.240000
2026-02-24,1379.660000
2026-02-25,1379.910000
2026-02-26,1377.220000
2026-02-27,1366.690000
2026-03-02,1325.090000
2026-03-03,1316.710000
2026-03-04,1286.660000
2026-03-05,1261.210000
2026-03-06,1209.650000
2026-03-09,1248.620000
2026-03-10,1231.730000
2026-03-11,1228.930000
2026-03-12,1168.000000
2026-03-13,1173.740000
2026-03-16,1198.710000
2026-03-17,1206.720000
2026-03-18,1191.540000
2026-03-19,1190.490000
2026-03-20,1204.480000
2026-03-23,1239.070000
2026-03-24,1264.460000
2026-03-25,1265.750000
2026-03-26,1270.000000
2026-03-27,1232.040000
2026-03-30,1247.930000
2026-03-31,1261.200000
2026-04-01,1274.050000
2026-04-02,1259.940000
2026-04-06,1266.630000
2026-04-07,1270.000000
2026-04-08,1322.760000
2026-04-09,1335.000000
2026-04-10,1325.010000
2026-04-13,1345.890000
2026-04-14,1341.530000
2026-04-15,1315.850000
2026-04-16,1290.840000
2026-04-17,1340.580000
2026-04-20,1324.660000
2026-04-21,1324.270000
2026-04-22,1310.070000
2026-04-23,1264.360000
2026-04-24,1282.450000
2026-04-27,1274.700000
2026-04-28,1262.480000
2026-04-29,1240.150000
2026-04-30,1276.610000
2026-05-01,1267.070000
2026-05-04,1260.540000
2026-05-05,1302.420000
2026-05-06,1327.040000
2026-05-07,1319.290000
2026-05-08,1124.460000
2026-05-11,1078.530000
2026-05-12,1072.450000
2026-05-13,1025.530000
2026-05-14,1041.910000
2026-05-15,1031.640000
2026-05-18,1074.840000
2026-05-19,1050.770000
2026-05-20,1082.670000
2026-05-21,1090.450000
2026-05-22,1103.090000
2026-05-26,1101.330000
2026-05-27,1093.840000
2026-05-28,1163.500000
2026-05-29,1180.580000
2026-06-01,1183.570000
2026-06-02,1170.000000
2026-06-03,1169.320000
2026-06-04,1180.480000
2026-06-05,1154.330000
2026-06-08,1138.880000
2026-06-09,1162.790000
2026-06-10,1133.030000
2026-06-11,1141.250000
2026-06-12,1131.490000
2026-06-15,1154.470000
2026-06-16,1151.570000
2026-06-17,1129.530000
2026-06-18,1144.840000
2026-06-22,1164.070000
2026-06-23,1156.640000
2026-06-24,1203.180000
2026-06-25,1243.420000
2026-06-26,1263.750000
2026-06-29,1258.820000
2026-06-30,1277.510000
2026-07-01,1300.380000
2026-07-02,1308.430000
2026-07-06,1295.560000
2026-07-07,1295.590000
2026-07-08,1248.980000
2026-07-09,1288.020000
2026-07-10,1296.170000
2026-07-13,1299.530000
2026-07-14,1314.830000
2026-07-15,1316.550000
2026-07-16,1335.090000
2026-07-17,1310.020000
2026-07-20,1273.770000
2026-07-21,1298.170000
2026-07-22,1285.900000
2026-07-23,1331.870000
2026-07-24,1327.180000
2026-07-27,1336.290000
2026-07-28,1388.380000
2026-07-29,1388.330000
2026-07-30,1380.610000
2026-07-31,1416.300000
2026-08-03,1445.000000
2026-08-04,1437.000000
2026-08-05,1421.520000
2026-08-06,1421.240000
2026-08-07,1429.460000
2026-08-10,1427.530000
2026-08-11,1437.180000
2026-08-12,1438.530000
2026-08-13,1430.760000
2026-08-14,1419.020000
2026-08-17,1417.420000
2026-08-18,1399.670000
2026-08-19,1425.090000
2026-08-20,1393.230000
2026-08-21,1395.250000
2026-08-24,1398.890000
2026-08-25,1402.250000
2026-08-26,1398.460000
2026-08-27,1407.430000
