d,c
2009-01-02,48.590000
2009-01-05,48.100000
2009-01-06,48.640000
2009-01-07,48.310000
2009-01-08,48.950000
2009-01-09,47.350000
2009-01-12,45.990000
2009-01-13,46.020000
2009-01-14,43.420000
2009-01-15,41.650000
2009-01-16,37.540000
2009-01-20,22.000000
2009-01-21,30.160000
2009-01-22,29.620000
2009-01-23,30.270000
2009-01-26,30.470000
2009-01-27,32.150000
2009-01-28,37.340000
2009-01-29,34.220000
2009-01-30,32.520000
2009-02-02,32.180000
2009-02-03,29.850000
2009-02-04,28.830000
2009-02-05,29.830000
2009-02-06,32.570000
2009-02-09,33.510000
2009-02-10,29.830000
2009-02-11,32.940000
2009-02-12,31.070000
2009-02-13,28.200000
2009-02-17,26.470000
2009-02-18,25.600000
2009-02-19,24.100000
2009-02-20,23.230000
2009-02-23,24.610000
2009-02-24,28.500000
2009-02-25,29.300000
2009-02-26,29.740000
2009-02-27,27.340000
2009-03-02,26.120000
2009-03-03,24.820000
2009-03-04,23.260000
2009-03-05,20.000000
2009-03-06,18.510000
2009-03-09,19.720000
2009-03-10,24.710000
2009-03-11,24.800000
2009-03-12,28.550000
2009-03-13,28.150000
2009-03-16,27.320000
2009-03-17,28.510000
2009-03-18,31.470000
2009-03-19,28.670000
2009-03-20,26.920000
2009-03-23,32.730000
2009-03-24,32.320000
2009-03-25,32.390000
2009-03-26,31.450000
2009-03-27,30.320000
2009-03-30,26.720000
2009-03-31,29.290000
2009-04-01,30.500000
2009-04-02,32.240000
2009-04-03,35.800000
2009-04-06,33.810000
2009-04-07,31.770000
2009-04-08,31.980000
2009-04-09,38.480000
2009-04-13,40.300000
2009-04-14,36.690000
2009-04-15,39.130000
2009-04-16,39.060000
2009-04-17,41.600000
2009-04-20,36.880000
2009-04-21,40.400000
2009-04-22,38.060000
2009-04-23,40.930000
2009-04-24,43.220000
2009-04-27,41.230000
2009-04-28,40.450000
2009-04-29,40.240000
2009-04-30,39.700000
2009-05-01,37.820000
2009-05-04,43.250000
2009-05-05,42.400000
2009-05-06,47.460000
2009-05-07,44.470000
2009-05-08,53.080000
2009-05-11,46.680000
2009-05-12,44.790000
2009-05-13,42.200000
2009-05-14,43.120000
2009-05-15,41.790000
2009-05-18,44.580000
2009-05-19,43.260000
2009-05-20,42.060000
2009-05-21,41.180000
2009-05-22,41.180000
2009-05-26,43.250000
2009-05-27,41.110000
2009-05-28,43.660000
2009-05-29,45.550000
2009-06-01,44.340000
2009-06-02,41.870000
2009-06-03,40.330000
2009-06-04,43.700000
2009-06-05,42.020000
2009-06-08,43.380000
2009-06-09,44.180000
2009-06-10,41.800000
2009-06-11,42.430000
2009-06-12,41.340000
2009-06-15,40.560000
2009-06-16,39.390000
2009-06-17,37.990000
2009-06-18,39.530000
2009-06-19,40.180000
2009-06-22,38.500000
2009-06-23,39.190000
2009-06-24,40.050000
2009-06-25,40.220000
2009-06-26,39.400000
2009-06-29,39.580000
2009-06-30,38.810000
2009-07-01,38.310000
2009-07-02,36.890000
2009-07-06,37.600000
2009-07-07,37.500000
2009-07-08,36.350000
2009-07-09,36.580000
2009-07-10,35.740000
2009-07-13,37.940000
2009-07-14,36.700000
2009-07-15,38.880000
2009-07-16,38.740000
2009-07-17,37.680000
2009-07-20,38.170000
2009-07-21,37.720000
2009-07-22,37.410000
2009-07-23,35.790000
2009-07-24,34.170000
2009-07-27,34.940000
2009-07-28,36.500000
2009-07-29,35.240000
2009-07-30,35.550000
2009-07-31,36.660000
2009-08-03,37.960000
2009-08-04,38.570000
2009-08-05,41.220000
2009-08-06,41.220000
2009-08-07,44.230000
2009-08-10,42.860000
2009-08-11,40.790000
2009-08-12,41.160000
2009-08-13,42.540000
2009-08-14,41.850000
2009-08-17,39.900000
2009-08-18,40.310000
2009-08-19,39.940000
2009-08-20,41.710000
2009-08-21,42.860000
2009-08-24,41.110000
2009-08-25,42.020000
2009-08-26,42.030000
2009-08-27,42.230000
2009-08-28,42.860000
2009-08-31,42.590000
2009-09-01,40.420000
2009-09-02,39.470000
2009-09-03,39.980000
2009-09-04,40.460000
2009-09-08,40.210000
2009-09-09,41.250000
2009-09-10,41.280000
2009-09-11,42.230000
2009-09-14,42.700000
2009-09-15,45.190000
2009-09-16,46.920000
2009-09-17,45.650000
2009-09-18,45.980000
2009-09-21,46.340000
2009-09-22,46.860000
2009-09-23,45.980000
2009-09-24,44.870000
2009-09-25,45.290000
2009-09-28,46.550000
2009-09-29,47.990000
2009-09-30,48.590000
2009-10-01,46.330000
2009-10-02,44.340000
2009-10-05,46.240000
2009-10-06,45.730000
2009-10-07,45.730000
2009-10-08,44.290000
2009-10-09,44.700000
2009-10-12,44.620000
2009-10-13,44.530000
2009-10-14,46.770000
2009-10-15,45.800000
2009-10-16,44.710000
2009-10-19,44.650000
2009-10-20,44.870000
2009-10-21,44.960000
2009-10-22,50.650000
2009-10-23,52.410000
2009-10-26,50.710000
2009-10-27,50.710000
2009-10-28,49.600000
2009-10-29,52.290000
2009-10-30,48.940000
2009-11-02,50.910000
2009-11-03,51.970000
2009-11-04,50.770000
2009-11-05,52.620000
2009-11-06,53.470000
2009-11-09,54.190000
2009-11-10,53.850000
2009-11-11,54.700000
2009-11-12,54.340000
2009-11-13,53.820000
2009-11-16,55.140000
2009-11-17,55.290000
2009-11-18,55.960000
2009-11-19,55.240000
2009-11-20,54.840000
2009-11-23,56.600000
2009-11-24,56.780000
2009-11-25,56.870000
2009-11-27,55.380000
2009-11-30,57.010000
2009-12-01,56.240000
2009-12-02,56.490000
2009-12-03,52.890000
2009-12-04,53.470000
2009-12-07,52.030000
2009-12-08,53.500000
2009-12-09,54.350000
2009-12-10,53.150000
2009-12-11,52.750000
2009-12-14,53.360000
2009-12-15,51.820000
2009-12-16,52.000000
2009-12-17,52.780000
2009-12-18,54.140000
2009-12-21,54.400000
2009-12-22,54.170000
2009-12-23,53.550000
2009-12-24,54.360000
2009-12-28,53.690000
2009-12-29,53.220000
2009-12-30,53.250000
2009-12-31,52.790000
2010-01-04,53.510000
2010-01-05,54.050000
2010-01-06,54.050000
2010-01-07,56.980000
2010-01-08,57.130000
2010-01-11,57.290000
2010-01-12,56.700000
2010-01-13,57.040000
2010-01-14,57.840000
2010-01-15,56.680000
2010-01-19,57.830000
2010-01-20,58.790000
2010-01-21,55.700000
2010-01-22,53.620000
2010-01-25,54.010000
2010-01-26,52.660000
2010-01-27,54.360000
2010-01-28,54.140000
2010-01-29,55.430000
2010-02-01,55.860000
2010-02-02,54.650000
2010-02-03,53.710000
2010-02-04,51.030000
2010-02-05,51.790000
2010-02-08,50.750000
2010-02-09,51.060000
2010-02-10,51.280000
2010-02-11,51.400000
2010-02-12,51.520000
2010-02-16,52.440000
2010-02-17,51.850000
2010-02-18,51.870000
2010-02-19,51.700000
2010-02-22,53.170000
2010-02-23,52.560000
2010-02-24,53.780000
2010-02-25,53.640000
2010-02-26,53.760000
2010-03-01,53.810000
2010-03-02,53.510000
2010-03-03,53.750000
2010-03-04,54.200000
2010-03-05,55.570000
2010-03-08,55.530000
2010-03-09,56.190000
2010-03-10,57.400000
2010-03-11,58.440000
2010-03-12,57.860000
2010-03-15,57.300000
2010-03-16,58.620000
2010-03-17,59.960000
2010-03-18,59.200000
2010-03-19,59.610000
2010-03-22,59.850000
2010-03-23,59.810000
2010-03-24,59.870000
2010-03-25,59.930000
2010-03-26,59.570000
2010-03-29,59.470000
2010-03-30,58.690000
2010-03-31,59.700000
2010-04-01,60.240000
2010-04-05,61.660000
2010-04-06,62.580000
2010-04-07,62.500000
2010-04-08,64.100000
2010-04-09,64.800000
2010-04-12,65.270000
2010-04-13,63.620000
2010-04-14,65.160000
2010-04-15,64.160000
2010-04-16,63.020000
2010-04-19,63.500000
2010-04-20,64.920000
2010-04-21,65.300000
2010-04-22,68.820000
2010-04-23,69.640000
2010-04-26,66.770000
2010-04-27,66.090000
2010-04-28,65.470000
2010-04-29,66.060000
2010-04-30,67.210000
2010-05-03,68.570000
2010-05-04,66.460000
2010-05-05,67.590000
2010-05-06,64.410000
2010-05-07,64.140000
2010-05-10,67.840000
2010-05-11,68.610000
2010-05-12,68.520000
2010-05-13,66.990000
2010-05-14,65.610000
2010-05-17,65.850000
2010-05-18,63.680000
2010-05-19,62.780000
2010-05-20,60.550000
2010-05-21,62.760000
2010-05-24,60.560000
2010-05-25,61.800000
2010-05-26,61.630000
2010-05-27,64.470000
2010-05-28,62.750000
2010-06-01,61.160000
2010-06-02,63.690000
2010-06-03,62.040000
2010-06-04,58.675000
2010-06-07,58.310000
2010-06-08,59.240000
2010-06-09,58.010000
2010-06-10,60.580000
2010-06-11,61.250000
2010-06-14,60.200000
2010-06-15,61.960000
2010-06-16,62.350000
2010-06-17,62.190000
2010-06-18,62.780000
2010-06-21,61.870000
2010-06-22,60.630000
2010-06-23,60.710000
2010-06-24,59.070000
2010-06-25,61.030000
2010-06-28,59.830000
2010-06-29,57.580000
2010-06-30,56.500000
2010-07-01,56.320000
2010-07-02,55.670000
2010-07-06,56.740000
2010-07-07,61.150000
2010-07-08,61.140000
2010-07-09,61.890000
2010-07-12,61.490000
2010-07-13,62.740000
2010-07-14,61.290000
2010-07-15,60.880000
2010-07-16,58.230000
2010-07-19,57.970000
2010-07-20,58.940000
2010-07-21,58.540000
2010-07-22,59.780000
2010-07-23,61.020000
2010-07-26,61.850000
2010-07-27,61.300000
2010-07-28,59.630000
2010-07-29,59.600000
2010-07-30,59.390000
2010-08-02,60.960000
2010-08-03,60.350000
2010-08-04,60.330000
2010-08-05,60.170000
2010-08-06,58.830000
2010-08-09,58.020000
2010-08-10,58.710000
2010-08-11,56.750000
2010-08-12,56.090000
2010-08-13,55.090000
2010-08-16,55.640000
2010-08-17,55.420000
2010-08-18,56.260000
2010-08-19,54.290000
2010-08-20,52.730000
2010-08-23,52.150000
2010-08-24,50.560000
2010-08-25,50.540000
2010-08-26,50.530000
2010-08-27,51.970000
2010-08-30,50.360000
2010-08-31,50.990000
2010-09-01,53.190000
2010-09-02,54.110000
2010-09-03,54.930000
2010-09-07,52.980000
2010-09-08,53.940000
2010-09-09,54.700000
2010-09-10,54.760000
2010-09-13,56.340000
2010-09-14,55.280000
2010-09-15,54.830000
2010-09-16,54.470000
2010-09-17,54.350000
2010-09-20,53.980000
2010-09-21,52.550000
2010-09-22,51.270000
2010-09-23,51.430000
2010-09-24,53.080000
2010-09-27,51.470000
2010-09-28,52.500000
2010-09-29,51.800000
2010-09-30,51.910000
2010-10-01,52.840000
2010-10-04,52.100000
2010-10-05,53.480000
2010-10-06,53.780000
2010-10-07,53.100000
2010-10-08,53.080000
2010-10-11,52.840000
2010-10-12,53.050000
2010-10-13,52.920000
2010-10-14,51.750000
2010-10-15,51.320000
2010-10-18,53.010000
2010-10-19,53.040000
2010-10-20,52.740000
2010-10-21,53.560000
2010-10-22,54.720000
2010-10-25,54.000000
2010-10-26,54.000000
2010-10-27,53.750000
2010-10-28,53.640000
2010-10-29,53.900000
2010-11-01,53.170000
2010-11-02,52.900000
2010-11-03,54.060000
2010-11-04,55.930000
2010-11-05,58.410000
2010-11-08,57.650000
2010-11-09,56.250000
2010-11-10,57.320000
2010-11-11,57.810000
2010-11-12,56.640000
2010-11-15,56.960000
2010-11-16,55.610000
2010-11-17,55.400000
2010-11-18,56.230000
2010-11-19,56.290000
2010-11-22,55.580000
2010-11-23,54.650000
2010-11-24,54.660000
2010-11-26,54.120000
2010-11-29,54.320000
2010-11-30,53.850000
2010-12-01,55.170000
2010-12-02,56.570000
2010-12-03,57.260000
2010-12-06,57.310000
2010-12-07,57.860000
2010-12-08,60.180000
2010-12-09,61.570000
2010-12-10,60.670000
2010-12-13,60.000000
2010-12-14,60.410000
2010-12-15,58.560000
2010-12-16,58.420000
2010-12-17,58.500000
2010-12-20,58.630000
2010-12-21,60.110000
2010-12-22,60.620000
2010-12-23,60.110000
2010-12-27,60.400000
2010-12-28,60.790000
2010-12-29,61.190000
2010-12-30,60.880000
2010-12-31,60.720000
2011-01-04,60.630000
2011-01-05,61.800000
2011-01-06,62.280000
2011-01-07,61.940000
2011-01-10,61.620000
2011-01-11,61.720000
2011-01-12,62.200000
2011-01-13,61.130000
2011-01-14,64.220000
2011-01-18,63.240000
2011-01-19,61.810000
2011-01-20,61.000000
2011-01-21,60.830000
2011-01-24,60.480000
2011-01-25,60.880000
2011-01-26,61.170000
2011-01-27,61.670000
2011-01-28,60.110000
2011-01-31,60.000000
2011-02-01,62.290000
2011-02-02,62.330000
2011-02-03,62.110000
2011-02-04,62.000000
2011-02-07,62.750000
2011-02-08,64.310000
2011-02-09,64.210000
2011-02-10,63.850000
2011-02-11,64.490000
2011-02-14,64.940000
2011-02-15,64.610000
2011-02-16,64.890000
2011-02-17,64.030000
2011-02-18,63.990000
2011-02-22,61.860000
2011-02-23,61.560000
2011-02-24,61.170000
2011-02-25,61.880000
2011-02-28,61.700000
2011-03-01,60.350000
2011-03-02,59.990000
2011-03-03,60.950000
2011-03-04,60.950000
2011-03-07,60.700000
2011-03-08,63.370000
2011-03-09,63.100000
2011-03-10,62.210000
2011-03-11,62.910000
2011-03-14,62.560000
2011-03-15,62.130000
2011-03-16,60.760000
2011-03-17,62.010000
2011-03-18,62.760000
2011-03-21,62.300000
2011-03-22,61.430000
2011-03-23,61.270000
2011-03-24,61.410000
2011-03-25,61.770000
2011-03-28,61.470000
2011-03-29,62.030000
2011-03-30,62.930000
2011-03-31,62.990000
2011-04-01,63.720000
2011-04-04,63.600000
2011-04-05,63.010000
2011-04-06,63.770000
2011-04-07,63.490000
2011-04-08,63.230000
2011-04-11,63.260000
2011-04-12,63.130000
2011-04-13,62.540000
2011-04-14,61.870000
2011-04-15,61.900000
2011-04-18,60.970000
2011-04-19,60.970000
2011-04-20,60.750000
2011-04-21,61.620000
2011-04-25,61.180000
2011-04-26,62.010000
2011-04-27,62.250000
2011-04-28,62.510000
2011-04-29,62.340000
2011-05-02,62.890000
2011-05-03,64.130000
2011-05-04,63.510000
2011-05-05,62.500000
2011-05-06,62.520000
2011-05-09,62.080000
2011-05-10,63.460000
2011-05-11,63.440000
2011-05-12,63.190000
2011-05-13,61.800000
2011-05-16,61.900000
2011-05-17,62.760000
2011-05-18,63.030000
2011-05-19,62.970000
2011-05-20,61.670000
2011-05-23,61.090000
2011-05-24,60.680000
2011-05-25,61.110000
2011-05-26,61.740000
2011-05-27,62.540000
2011-05-31,62.420000
2011-06-01,59.970000
2011-06-02,60.190000
2011-06-03,59.340000
2011-06-06,59.170000
2011-06-07,59.590000
2011-06-08,59.200000
2011-06-09,59.140000
2011-06-10,59.070000
2011-06-13,59.250000
2011-06-14,59.860000
2011-06-15,58.500000
2011-06-16,59.470000
2011-06-17,57.790000
2011-06-20,56.660000
2011-06-21,56.900000
2011-06-22,56.610000
2011-06-23,56.690000
2011-06-24,56.610000
2011-06-27,57.850000
2011-06-28,57.910000
2011-06-29,58.940000
2011-06-30,59.610000
2011-07-01,60.890000
2011-07-05,60.270000
2011-07-06,59.780000
2011-07-07,60.590000
2011-07-08,59.830000
2011-07-11,58.480000
2011-07-12,58.050000
2011-07-13,58.010000
2011-07-14,57.260000
2011-07-15,56.820000
2011-07-18,55.930000
2011-07-19,55.830000
2011-07-20,55.590000
2011-07-21,56.770000
2011-07-22,56.590000
2011-07-25,56.510000
2011-07-26,55.820000
2011-07-27,54.500000
2011-07-28,54.590000
2011-07-29,54.290000
2011-08-01,54.900000
2011-08-02,53.220000
2011-08-03,53.790000
2011-08-04,51.330000
2011-08-05,51.180000
2011-08-08,46.990000
2011-08-09,49.320000
2011-08-10,45.280000
2011-08-11,47.650000
2011-08-12,46.880000
2011-08-15,47.780000
2011-08-16,47.040000
2011-08-17,47.310000
2011-08-18,45.000000
2011-08-19,43.120000
2011-08-22,42.980000
2011-08-23,45.000000
2011-08-24,46.870000
2011-08-25,46.580000
2011-08-26,46.840000
2011-08-29,49.310000
2011-08-30,49.260000
2011-08-31,50.140000
2011-09-01,48.540000
2011-09-02,46.230000
2011-09-06,46.000000
2011-09-07,49.080000
2011-09-08,47.800000
2011-09-09,46.380000
2011-09-12,48.169000
2011-09-13,48.640000
2011-09-14,49.760000
2011-09-15,51.270000
2011-09-16,51.340000
2011-09-19,49.940000
2011-09-20,50.190000
2011-09-21,47.690000
2011-09-22,46.740000
2011-09-23,47.290000
2011-09-26,49.420000
2011-09-27,49.200000
2011-09-28,47.900000
2011-09-29,49.790000
2011-09-30,48.190000
2011-10-03,46.240000
2011-10-04,46.590000
2011-10-05,47.210000
2011-10-06,49.270000
2011-10-07,47.750000
2011-10-10,50.300000
2011-10-11,49.900000
2011-10-12,51.970000
2011-10-13,51.280000
2011-10-14,51.160000
2011-10-17,49.010000
2011-10-18,51.220000
2011-10-19,51.330000
2011-10-20,53.100000
2011-10-21,54.060000
2011-10-24,54.980000
2011-10-25,53.020000
2011-10-26,53.890000
2011-10-27,55.990000
2011-10-28,55.070000
2011-10-31,53.710000
2011-11-01,51.380000
2011-11-02,52.600000
2011-11-03,53.410000
2011-11-04,52.670000
2011-11-07,53.760000
2011-11-08,54.560000
2011-11-09,51.810000
2011-11-10,52.650000
2011-11-11,53.870000
2011-11-14,52.810000
2011-11-15,53.610000
2011-11-16,52.820000
2011-11-17,52.020000
2011-11-18,52.690000
2011-11-21,50.970000
2011-11-22,50.210000
2011-11-23,48.880000
2011-11-25,49.070000
2011-11-28,50.250000
2011-11-29,50.830000
2011-11-30,54.210000
2011-12-01,53.470000
2011-12-02,53.970000
2011-12-05,55.180000
2011-12-06,54.970000
2011-12-07,55.960000
2011-12-08,54.400000
2011-12-09,55.910000
2011-12-12,54.620000
2011-12-13,53.850000
2011-12-14,54.050000
2011-12-15,53.900000
2011-12-16,55.090000
2011-12-19,54.380000
2011-12-20,56.150000
2011-12-21,56.880000
2011-12-22,58.000000
2011-12-23,58.570000
2011-12-27,58.370000
2011-12-28,57.480000
2011-12-29,58.300000
2011-12-30,57.670000
2012-01-03,59.030000
2012-01-04,59.220000
2012-01-05,59.810000
2012-01-06,59.910000
2012-01-09,60.400000
2012-01-10,61.570000
2012-01-11,61.300000
2012-01-12,62.090000
2012-01-13,61.730000
2012-01-17,61.240000
2012-01-18,59.640000
2012-01-19,59.400000
2012-01-20,59.630000
2012-01-23,59.730000
2012-01-24,59.520000
2012-01-25,59.620000
2012-01-26,58.900000
2012-01-27,59.080000
2012-01-30,59.020000
2012-01-31,58.920000
2012-02-01,59.860000
2012-02-02,59.810000
2012-02-03,62.200000
2012-02-06,61.070000
2012-02-07,60.700000
2012-02-08,60.430000
2012-02-09,60.390000
2012-02-10,59.670000
2012-02-13,60.090000
2012-02-14,59.560000
2012-02-15,59.510000
2012-02-16,60.700000
2012-02-17,61.140000
2012-02-21,61.260000
2012-02-22,59.710000
2012-02-23,59.680000
2012-02-24,59.380000
2012-02-27,59.420000
2012-02-28,59.540000
2012-02-29,59.520000
2012-03-01,60.290000
2012-03-02,59.610000
2012-03-05,58.760000
2012-03-06,57.140000
2012-03-07,57.920000
2012-03-08,58.730000
2012-03-09,59.400000
2012-03-12,59.500000
2012-03-13,61.940000
2012-03-14,61.350000
2012-03-15,63.000000
2012-03-16,63.420000
2012-03-19,63.640000
2012-03-20,63.490000
2012-03-21,63.450000
2012-03-22,62.600000
2012-03-23,63.360000
2012-03-26,63.990000
2012-03-27,63.110000
2012-03-28,64.700000
2012-03-29,63.950000
2012-03-30,64.490000
2012-04-02,64.720000
2012-04-03,64.700000
2012-04-04,63.870000
2012-04-05,63.530000
2012-04-09,62.640000
2012-04-10,61.750000
2012-04-11,62.470000
2012-04-12,63.410000
2012-04-13,61.280000
2012-04-16,62.140000
2012-04-17,63.410000
2012-04-18,63.780000
2012-04-19,64.600000
2012-04-20,65.380000
2012-04-23,64.980000
2012-04-24,65.570000
2012-04-25,66.260000
2012-04-26,67.220000
2012-04-27,66.780000
2012-04-30,66.320000
2012-05-01,67.330000
2012-05-02,66.730000
2012-05-03,66.270000
2012-05-04,65.260000
2012-05-07,66.050000
2012-05-08,65.890000
2012-05-09,64.630000
2012-05-10,65.530000
2012-05-11,65.480000
2012-05-14,64.260000
2012-05-15,63.390000
2012-05-16,62.520000
2012-05-17,61.640000
2012-05-18,61.330000
2012-05-21,62.260000
2012-05-22,62.020000
2012-05-23,61.910000
2012-05-24,62.200000
2012-05-25,62.090000
2012-05-29,62.800000
2012-05-30,61.350000
2012-05-31,61.420000
2012-06-01,58.070000
2012-06-04,56.840000
2012-06-05,57.230000
2012-06-06,58.700000
2012-06-07,58.630000
2012-06-08,59.350000
2012-06-11,58.170000
2012-06-12,57.500000
2012-06-13,57.810000
2012-06-14,57.900000
2012-06-15,59.010000
2012-06-18,58.060000
2012-06-19,59.540000
2012-06-20,59.860000
2012-06-21,58.640000
2012-06-22,59.150000
2012-06-25,58.560000
2012-06-26,58.860000
2012-06-27,59.600000
2012-06-28,59.510000
2012-06-29,61.110000
2012-07-02,61.490000
2012-07-03,62.140000
2012-07-05,61.090000
2012-07-06,60.700000
2012-07-09,60.240000
2012-07-10,59.660000
2012-07-11,61.410000
2012-07-12,60.350000
2012-07-13,61.420000
2012-07-16,61.110000
2012-07-17,61.590000
2012-07-18,61.010000
2012-07-19,61.315000
2012-07-20,59.140000
2012-07-23,57.610000
2012-07-24,57.370000
2012-07-25,57.670000
2012-07-26,58.440000
2012-07-27,59.560000
2012-07-30,59.820000
2012-07-31,59.100000
2012-08-01,59.100000
2012-08-02,58.500000
2012-08-03,60.250000
2012-08-06,60.130000
2012-08-07,60.770000
2012-08-08,61.040000
2012-08-09,60.770000
2012-08-10,60.730000
2012-08-13,60.420000
2012-08-14,60.430000
2012-08-15,60.970000
2012-08-16,61.550000
2012-08-17,62.050000
2012-08-20,61.690000
2012-08-21,62.200000
2012-08-22,62.160000
2012-08-23,61.830000
2012-08-24,62.050000
2012-08-27,62.010000
2012-08-28,61.970000
2012-08-29,62.570000
2012-08-30,62.040000
2012-08-31,62.160000
2012-09-04,62.340000
2012-09-05,61.840000
2012-09-06,63.010000
2012-09-07,63.800000
2012-09-10,63.880000
2012-09-11,63.960000
2012-09-12,64.150000
2012-09-13,65.740000
2012-09-14,66.780000
2012-09-17,65.660000
2012-09-18,65.670000
2012-09-19,66.160000
2012-09-20,65.740000
2012-09-21,65.850000
2012-09-24,65.590000
2012-09-25,64.540000
2012-09-26,63.510000
2012-09-27,63.830000
2012-09-28,63.100000
2012-10-01,62.760000
2012-10-02,63.940000
2012-10-03,64.380000
2012-10-04,64.750000
2012-10-05,64.800000
2012-10-08,64.490000
2012-10-09,64.400000
2012-10-10,64.550000
2012-10-11,64.950000
2012-10-12,62.730000
2012-10-15,62.930000
2012-10-16,60.400000
2012-10-17,59.770000
2012-10-18,59.840000
2012-10-19,59.420000
2012-10-22,59.090000
2012-10-23,58.640000
2012-10-24,58.000000
2012-10-25,58.440000
2012-10-26,57.760000
2012-10-31,58.200000
2012-11-01,59.250000
2012-11-02,59.190000
2012-11-05,58.730000
2012-11-06,59.080000
2012-11-07,56.600000
2012-11-08,56.250000
2012-11-09,56.260000
2012-11-12,56.310000
2012-11-13,54.960000
2012-11-14,53.690000
2012-11-15,54.370000
2012-11-16,54.340000
2012-11-19,54.910000
2012-11-20,54.800000
2012-11-21,54.810000
2012-11-23,55.750000
2012-11-26,55.550000
2012-11-27,55.030000
2012-11-28,55.350000
2012-11-29,55.350000
2012-11-30,56.140000
2012-12-03,55.310000
2012-12-04,55.080000
2012-12-05,55.890000
2012-12-06,55.330000
2012-12-07,55.800000
2012-12-10,55.880000
2012-12-11,56.240000
2012-12-12,56.700000
2012-12-13,56.540000
2012-12-14,55.850000
2012-12-17,57.870000
2012-12-18,59.520000
2012-12-19,58.631100
2012-12-20,59.170000
2012-12-21,58.310000
2012-12-24,58.570000
2012-12-26,58.050000
2012-12-27,57.950000
2012-12-28,57.460000
2012-12-31,58.310000
2013-01-02,59.540000
2013-01-03,59.750000
2013-01-04,60.480000
2013-01-07,61.030000
2013-01-08,60.250000
2013-01-09,60.170000
2013-01-10,61.140000
2013-01-11,60.050000
2013-01-14,59.450000
2013-01-15,59.770000
2013-01-16,59.780000
2013-01-17,62.010000
2013-01-18,61.840000
2013-01-22,62.120000
2013-01-23,61.840000
2013-01-24,61.860000
2013-01-25,61.970000
2013-01-28,61.970000
2013-01-29,61.910000
2013-01-30,61.820000
2013-01-31,61.800000
2013-02-01,63.200000
2013-02-04,62.490000
2013-02-05,63.190000
2013-02-06,63.340000
2013-02-07,63.650000
2013-02-08,63.350000
2013-02-11,64.000000
2013-02-12,64.770000
2013-02-13,64.170000
2013-02-14,63.870000
2013-02-15,63.870000
2013-02-19,63.510000
2013-02-20,63.170000
2013-02-21,62.390000
2013-02-22,62.900000
2013-02-25,60.820000
2013-02-26,61.140000
2013-02-27,61.680000
2013-02-28,62.390000
2013-03-01,62.780000
2013-03-04,63.520000
2013-03-05,63.660000
2013-03-06,64.160000
2013-03-07,64.810000
2013-03-08,65.020000
2013-03-11,65.870000
2013-03-12,65.420000
2013-03-13,65.930000
2013-03-14,66.260000
2013-03-15,66.800000
2013-03-18,66.250000
2013-03-19,66.250000
2013-03-20,66.700000
2013-03-21,66.030000
2013-03-22,66.210000
2013-03-25,66.140000
2013-03-26,66.280000
2013-03-27,66.190000
2013-03-28,66.500000
2013-04-01,65.790000
2013-04-02,66.810000
2013-04-03,65.130000
2013-04-04,65.600000
2013-04-05,65.240000
2013-04-08,66.070000
2013-04-09,66.350000
2013-04-10,67.190000
2013-04-11,67.310000
2013-04-12,65.810000
2013-04-15,63.750000
2013-04-16,64.790000
2013-04-17,65.050000
2013-04-18,65.240000
2013-04-19,65.230000
2013-04-22,65.410000
2013-04-23,67.210000
2013-04-24,68.440000
2013-04-25,68.700000
2013-04-26,68.100000
2013-04-29,68.410000
2013-04-30,67.880000
2013-05-01,67.170000
2013-05-02,67.180000
2013-05-03,68.110000
2013-05-06,68.260000
2013-05-07,68.760000
2013-05-08,68.970000
2013-05-09,68.720000
2013-05-10,68.570000
2013-05-13,68.760000
2013-05-14,70.170000
2013-05-15,70.850000
2013-05-16,70.460000
2013-05-17,71.510000
2013-05-20,71.280000
2013-05-21,72.200000
2013-05-22,71.240000
2013-05-23,70.940000
2013-05-24,71.110000
2013-05-28,71.030000
2013-05-29,71.800000
2013-05-30,72.880000
2013-05-31,71.640000
2013-06-03,71.830000
2013-06-04,71.090000
2013-06-05,69.830000
2013-06-06,70.270000
2013-06-07,71.100000
2013-06-10,72.930000
2013-06-11,71.750000
2013-06-12,70.840000
2013-06-13,71.760000
2013-06-14,71.000000
2013-06-17,71.290000
2013-06-18,71.740000
2013-06-19,70.880000
2013-06-20,71.050000
2013-06-21,71.710000
2013-06-24,70.530000
2013-06-25,72.700000
2013-06-26,73.180000
2013-06-27,73.630000
2013-06-28,72.920000
2013-07-01,73.490000
2013-07-02,73.850000
2013-07-03,73.970000
2013-07-05,75.920000
2013-07-08,76.350000
2013-07-09,76.260000
2013-07-10,74.590000
2013-07-11,74.100000
2013-07-12,74.910000
2013-07-15,75.060000
2013-07-16,74.500000
2013-07-17,73.550000
2013-07-18,75.910000
2013-07-19,77.190000
2013-07-22,77.180000
2013-07-23,77.140000
2013-07-24,77.100000
2013-07-25,76.000000
2013-07-26,75.900000
2013-07-29,75.870000
2013-07-30,75.540000
2013-07-31,76.050000
2013-08-01,77.650000
2013-08-02,77.430000
2013-08-05,77.160000
2013-08-06,76.530000
2013-08-07,75.790000
2013-08-08,76.220000
2013-08-09,75.960000
2013-08-12,76.110000
2013-08-13,75.980000
2013-08-14,75.880000
2013-08-15,74.920000
2013-08-16,74.910000
2013-08-19,73.930000
2013-08-20,74.590000
2013-08-21,74.400000
2013-08-22,74.990000
2013-08-23,75.020000
2013-08-26,74.210000
2013-08-27,72.240000
2013-08-28,72.550000
2013-08-29,72.580000
2013-08-30,72.270000
2013-09-03,72.480000
2013-09-04,72.540000
2013-09-05,73.350000
2013-09-06,73.190000
2013-09-09,72.950000
2013-09-10,73.650000
2013-09-11,73.560000
2013-09-12,73.110000
2013-09-13,73.250000
2013-09-16,74.190000
2013-09-17,74.770000
2013-09-18,74.400000
2013-09-19,74.050000
2013-09-20,74.050000
2013-09-23,72.960000
2013-09-24,72.720000
2013-09-25,73.050000
2013-09-26,72.440000
2013-09-27,72.630000
2013-09-30,72.450000
2013-10-01,72.670000
2013-10-02,72.680000
2013-10-03,72.420000
2013-10-04,72.970000
2013-10-07,71.880000
2013-10-08,70.940000
2013-10-09,70.870000
2013-10-10,72.620000
2013-10-11,72.960000
2013-10-14,72.980000
2013-10-15,72.510000
2013-10-16,73.870000
2013-10-17,74.680000
2013-10-18,75.040000
2013-10-21,75.120000
2013-10-22,75.560000
2013-10-23,75.240000
2013-10-24,74.820000
2013-10-25,75.360000
2013-10-28,75.500000
2013-10-29,75.200000
2013-10-30,74.810000
2013-10-31,73.530000
2013-11-01,73.370000
2013-11-04,73.170000
2013-11-05,73.290000
2013-11-06,73.880000
2013-11-07,72.900000
2013-11-08,75.520000
2013-11-11,75.420000
2013-11-12,74.180000
2013-11-13,74.270000
2013-11-14,74.680000
2013-11-15,75.140000
2013-11-18,75.310000
2013-11-19,75.500000
2013-11-20,75.200000
2013-11-21,76.330000
2013-11-22,76.820000
2013-11-25,76.320000
2013-11-26,76.610000
2013-11-27,77.410000
2013-11-29,76.950000
2013-12-02,77.500000
2013-12-03,75.620000
2013-12-04,75.720000
2013-12-05,75.020000
2013-12-06,76.170000
2013-12-09,76.280000
2013-12-10,76.560000
2013-12-11,75.480000
2013-12-12,75.820000
2013-12-13,75.380000
2013-12-16,75.480000
2013-12-17,74.650000
2013-12-18,75.640000
2013-12-19,76.000000
2013-12-20,76.370000
2013-12-23,77.020000
2013-12-24,77.130000
2013-12-26,77.260000
2013-12-27,78.200000
2013-12-30,77.510000
2013-12-31,77.580000
2014-01-02,76.600000
2014-01-03,76.960000
2014-01-06,76.860000
2014-01-07,77.430000
2014-01-08,78.720000
2014-01-09,79.190000
2014-01-10,78.770000
2014-01-13,77.370000
2014-01-14,78.000000
2014-01-15,78.840000
2014-01-16,80.930000
2014-01-17,82.260000
2014-01-21,84.110000
2014-01-22,84.210000
2014-01-23,82.660000
2014-01-24,81.030000
2014-01-27,80.800000
2014-01-28,81.240000
2014-01-29,79.870000
2014-01-30,81.620000
2014-01-31,79.880000
2014-02-03,78.430000
2014-02-04,78.880000
2014-02-05,78.810000
2014-02-06,79.830000
2014-02-07,79.890000
2014-02-10,79.840000
2014-02-11,81.000000
2014-02-12,81.020000
2014-02-13,81.140000
2014-02-14,81.620000
2014-02-18,81.550000
2014-02-19,79.670000
2014-02-20,79.980000
2014-02-21,80.230000
2014-02-24,81.340000
2014-02-25,80.710000
2014-02-26,81.130000
2014-02-27,81.340000
2014-02-28,81.780000
2014-03-03,80.980000
2014-03-04,82.030000
2014-03-05,82.940000
2014-03-06,82.820000
2014-03-07,83.980000
2014-03-10,84.090000
2014-03-11,83.220000
2014-03-12,83.460000
2014-03-13,82.790000
2014-03-14,82.860000
2014-03-17,84.170000
2014-03-18,84.620000
2014-03-19,85.060000
2014-03-20,86.630000
2014-03-21,86.870000
2014-03-24,86.950000
2014-03-25,86.420000
2014-03-26,85.320000
2014-03-27,85.140000
2014-03-28,85.730000
2014-03-31,87.000000
2014-04-01,87.260000
2014-04-02,87.610000
2014-04-03,87.410000
2014-04-04,86.250000
2014-04-07,84.820000
2014-04-08,84.630000
2014-04-09,84.590000
2014-04-10,82.210000
2014-04-11,81.140000
2014-04-14,81.590000
2014-04-15,82.150000
2014-04-16,84.380000
2014-04-17,83.770000
2014-04-21,83.700000
2014-04-22,84.660000
2014-04-23,84.730000
2014-04-24,84.260000
2014-04-25,83.870000
2014-04-28,82.960000
2014-04-29,83.420000
2014-04-30,84.040000
2014-05-01,83.770000
2014-05-02,84.730000
2014-05-05,84.160000
2014-05-06,82.950000
2014-05-07,83.860000
2014-05-08,83.860000
2014-05-09,84.180000
2014-05-12,85.470000
2014-05-13,84.780000
2014-05-14,83.290000
2014-05-15,82.640000
2014-05-16,82.780000
2014-05-19,83.210000
2014-05-20,82.630000
2014-05-21,83.520000
2014-05-22,84.090000
2014-05-23,84.510000
2014-05-27,84.700000
2014-05-28,84.520000
2014-05-29,84.760000
2014-05-30,85.270000
2014-06-02,85.620000
2014-06-03,85.430000
2014-06-04,85.680000
2014-06-05,86.630000
2014-06-06,87.320000
2014-06-09,88.510000
2014-06-10,88.420000
2014-06-11,88.030000
2014-06-12,87.350000
2014-06-13,87.810000
2014-06-16,87.690000
2014-06-17,88.360000
2014-06-18,88.630000
2014-06-19,88.550000
2014-06-20,89.420000
2014-06-23,89.340000
2014-06-24,88.600000
2014-06-25,88.740000
2014-06-26,88.680000
2014-06-27,89.310000
2014-06-30,89.050000
2014-07-01,89.360000
2014-07-02,88.950000
2014-07-03,89.970000
2014-07-07,89.070000
2014-07-08,88.050000
2014-07-09,88.260000
2014-07-10,87.450000
2014-07-11,87.330000
2014-07-14,87.120000
2014-07-15,88.240000
2014-07-16,85.180000
2014-07-17,83.340000
2014-07-18,83.880000
2014-07-21,83.880000
2014-07-22,83.680000
2014-07-23,83.970000
2014-07-24,84.570000
2014-07-25,84.820000
2014-07-28,83.860000
2014-07-29,83.460000
2014-07-30,84.110000
2014-07-31,82.560000
2014-08-01,82.010000
2014-08-04,82.300000
2014-08-05,81.850000
2014-08-06,81.530000
2014-08-07,81.230000
2014-08-08,81.720000
2014-08-11,81.700000
2014-08-12,81.800000
2014-08-13,82.250000
2014-08-14,82.250000
2014-08-15,82.040000
2014-08-18,82.900000
2014-08-19,82.980000
2014-08-20,83.530000
2014-08-21,84.550000
2014-08-22,84.350000
2014-08-25,85.130000
2014-08-26,85.110000
2014-08-27,84.940000
2014-08-28,84.540000
2014-08-29,84.750000
2014-09-02,85.200000
2014-09-03,85.160000
2014-09-04,85.100000
2014-09-05,85.350000
2014-09-08,85.470000
2014-09-09,84.810000
2014-09-10,85.750000
2014-09-11,85.770000
2014-09-12,86.220000
2014-09-15,86.300000
2014-09-16,86.510000
2014-09-17,87.180000
2014-09-18,87.940000
2014-09-19,87.890000
2014-09-22,87.280000
2014-09-23,86.000000
2014-09-24,86.670000
2014-09-25,85.460000
2014-09-26,85.880000
2014-09-29,85.690000
2014-09-30,85.580000
2014-10-01,84.580000
2014-10-02,84.210000
2014-10-03,85.010000
2014-10-06,85.010000
2014-10-07,83.260000
2014-10-08,84.830000
2014-10-09,83.020000
2014-10-10,81.730000
2014-10-13,81.050000
2014-10-14,81.590000
2014-10-15,78.000000
2014-10-16,78.870000
2014-10-17,79.770000
2014-10-20,79.640000
2014-10-21,81.160000
2014-10-22,81.020000
2014-10-23,81.560000
2014-10-24,82.520000
2014-10-27,82.860000
2014-10-28,84.090000
2014-10-29,84.800000
2014-10-30,85.420000
2014-10-31,86.390000
2014-11-03,86.540000
2014-11-04,86.950000
2014-11-05,87.640000
2014-11-06,88.380000
2014-11-07,88.430000
2014-11-10,88.680000
2014-11-11,88.240000
2014-11-12,88.040000
2014-11-13,87.830000
2014-11-14,87.410000
2014-11-17,87.280000
2014-11-18,87.430000
2014-11-19,87.070000
2014-11-20,86.930000
2014-11-21,86.850000
2014-11-24,87.980000
2014-11-25,88.160000
2014-11-26,88.060000
2014-11-28,87.470000
2014-12-01,86.590000
2014-12-02,87.500000
2014-12-03,88.330000
2014-12-04,88.370000
2014-12-05,90.180000
2014-12-08,90.330000
2014-12-09,90.820000
2014-12-10,88.770000
2014-12-11,88.950000
2014-12-12,87.740000
2014-12-15,87.440000
2014-12-16,86.850000
2014-12-17,89.440000
2014-12-18,92.360000
2014-12-19,91.710000
2014-12-22,91.850000
2014-12-23,92.930000
2014-12-24,92.580000
2014-12-26,92.510000
2014-12-29,92.670000
2014-12-30,92.420000
2014-12-31,91.230000
2015-01-02,90.820000
2015-01-05,88.040000
2015-01-06,85.760000
2015-01-07,86.750000
2015-01-08,88.420000
2015-01-09,86.770000
2015-01-12,86.160000
2015-01-13,84.520000
2015-01-14,83.000000
2015-01-15,82.420000
2015-01-16,84.440000
2015-01-20,84.620000
2015-01-21,84.780000
2015-01-22,87.060000
2015-01-23,86.280000
2015-01-26,86.780000
2015-01-27,85.500000
2015-01-28,83.650000
2015-01-29,85.540000
2015-01-30,84.540000
2015-02-02,86.180000
2015-02-03,87.610000
2015-02-04,87.750000
2015-02-05,88.820000
2015-02-06,90.440000
2015-02-09,89.510000
2015-02-10,90.200000
2015-02-11,89.790000
2015-02-12,91.560000
2015-02-13,92.380000
2015-02-17,92.380000
2015-02-18,91.310000
2015-02-19,91.620000
2015-02-20,92.270000
2015-02-23,91.620000
2015-02-24,92.340000
2015-02-25,92.270000
2015-02-26,92.160000
2015-02-27,91.960000
2015-03-02,92.950000
2015-03-03,92.330000
2015-03-04,92.070000
2015-03-05,92.540000
2015-03-06,93.730000
2015-03-09,94.530000
2015-03-10,92.880000
2015-03-11,93.320000
2015-03-12,96.630000
2015-03-13,95.690000
2015-03-16,95.960000
2015-03-17,95.820000
2015-03-18,96.030000
2015-03-19,94.870000
2015-03-20,95.970000
2015-03-23,95.110000
2015-03-24,94.450000
2015-03-25,92.500000
2015-03-26,92.490000
2015-03-27,92.040000
2015-03-30,93.850000
2015-03-31,93.240000
2015-04-01,92.500000
2015-04-02,93.290000
2015-04-06,92.490000
2015-04-07,93.020000
2015-04-08,92.840000
2015-04-09,93.510000
2015-04-10,93.480000
2015-04-13,93.320000
2015-04-14,93.620000
2015-04-15,92.200000
2015-04-16,91.760000
2015-04-17,90.930000
2015-04-20,91.430000
2015-04-21,91.200000
2015-04-22,91.410000
2015-04-23,91.400000
2015-04-24,91.000000
2015-04-27,90.820000
2015-04-28,91.410000
2015-04-29,91.860000
2015-04-30,91.730000
2015-05-01,92.000000
2015-05-04,93.270000
2015-05-05,93.110000
2015-05-06,92.660000
2015-05-07,92.370000
2015-05-08,93.650000
2015-05-11,93.650000
2015-05-12,93.870000
2015-05-13,94.190000
2015-05-14,94.960000
2015-05-15,93.740000
2015-05-18,94.630000
2015-05-19,95.560000
2015-05-20,95.040000
2015-05-21,94.960000
2015-05-22,95.220000
2015-05-26,94.610000
2015-05-27,95.890000
2015-05-28,96.000000
2015-05-29,95.690000
2015-06-01,94.620000
2015-06-02,94.640000
2015-06-03,96.020000
2015-06-04,94.950000
2015-06-05,96.510000
2015-06-08,96.290000
2015-06-09,97.570000
2015-06-10,99.180000
2015-06-11,98.780000
2015-06-12,98.420000
2015-06-15,97.830000
2015-06-16,98.540000
2015-06-17,97.460000
2015-06-18,97.890000
2015-06-19,97.130000
2015-06-22,98.210000
2015-06-23,99.000000
2015-06-24,97.890000
2015-06-25,97.400000
2015-06-26,97.620000
2015-06-29,95.660000
2015-06-30,95.650000
2015-07-01,97.050000
2015-07-02,96.470000
2015-07-06,96.180000
2015-07-07,95.700000
2015-07-08,94.140000
2015-07-09,94.900000
2015-07-10,96.300000
2015-07-13,96.930000
2015-07-14,97.500000
2015-07-15,98.320000
2015-07-16,99.220000
2015-07-17,98.810000
2015-07-20,99.530000
2015-07-21,99.200000
2015-07-22,99.790000
2015-07-23,99.020000
2015-07-24,98.340000
2015-07-27,97.510000
2015-07-28,98.140000
2015-07-29,98.550000
2015-07-30,98.670000
2015-07-31,98.180000
2015-08-03,97.820000
2015-08-04,97.920000
2015-08-05,98.580000
2015-08-06,98.540000
2015-08-07,97.800000
2015-08-10,99.860000
2015-08-11,97.920000
2015-08-12,96.070000
2015-08-13,96.400000
2015-08-14,97.590000
2015-08-17,98.050000
2015-08-18,99.000000
2015-08-19,97.970000
2015-08-20,95.080000
2015-08-21,92.280000
2015-08-24,88.830000
2015-08-25,85.850000
2015-08-26,89.030000
2015-08-27,91.330000
2015-08-28,91.230000
2015-08-31,91.120000
2015-09-01,87.190000
2015-09-02,88.940000
2015-09-03,89.550000
2015-09-04,87.660000
2015-09-08,90.980000
2015-09-09,89.960000
2015-09-10,90.530000
2015-09-11,90.350000
2015-09-14,90.660000
2015-09-15,91.970000
2015-09-16,91.770000
2015-09-17,89.820000
2015-09-18,87.430000
2015-09-21,88.870000
2015-09-22,87.790000
2015-09-23,87.950000
2015-09-24,87.800000
2015-09-25,89.290000
2015-09-28,87.350000
2015-09-29,87.850000
2015-09-30,89.200000
2015-10-01,89.060000
2015-10-02,88.160000
2015-10-05,90.590000
2015-10-06,89.950000
2015-10-07,90.560000
2015-10-08,90.970000
2015-10-09,89.820000
2015-10-12,89.710000
2015-10-13,88.630000
2015-10-14,86.200000
2015-10-15,87.220000
2015-10-16,87.610000
2015-10-19,86.710000
2015-10-20,88.020000
2015-10-21,87.580000
2015-10-22,89.480000
2015-10-23,91.240000
2015-10-26,90.320000
2015-10-27,89.630000
2015-10-28,92.920000
2015-10-29,92.150000
2015-10-30,90.260000
2015-11-02,91.930000
2015-11-03,91.760000
2015-11-04,92.220000
2015-11-05,92.640000
2015-11-06,95.200000
2015-11-09,94.630000
2015-11-10,95.300000
2015-11-11,95.110000
2015-11-12,93.260000
2015-11-13,92.320000
2015-11-16,93.340000
2015-11-17,93.240000
2015-11-18,95.110000
2015-11-19,95.100000
2015-11-20,95.380000
2015-11-23,94.900000
2015-11-24,95.150000
2015-11-25,94.720000
2015-11-27,95.480000
2015-11-30,95.510000
2015-12-01,96.350000
2015-12-02,95.220000
2015-12-03,93.850000
2015-12-04,97.190000
2015-12-07,96.490000
2015-12-08,94.860000
2015-12-09,93.560000
2015-12-10,94.350000
2015-12-11,92.370000
2015-12-14,92.770000
2015-12-15,94.840000
2015-12-16,97.000000
2015-12-17,95.680000
2015-12-18,93.750000
2015-12-21,94.460000
2015-12-22,94.570000
2015-12-23,96.170000
2015-12-24,96.240000
2015-12-28,95.940000
2015-12-29,96.950000
2015-12-30,96.100000
2015-12-31,95.310000
2016-01-04,93.160000
2016-01-05,93.290000
2016-01-06,91.600000
2016-01-07,89.280000
2016-01-08,87.960000
2016-01-11,88.280000
2016-01-12,89.000000
2016-01-13,86.410000
2016-01-14,86.870000
2016-01-15,86.330000
2016-01-19,85.330000
2016-01-20,84.170000
2016-01-21,84.130000
2016-01-22,85.740000
2016-01-25,82.730000
2016-01-26,84.450000
2016-01-27,85.050000
2016-01-28,84.910000
2016-01-29,86.650000
2016-02-01,86.090000
2016-02-02,83.800000
2016-02-03,83.850000
2016-02-04,84.890000
2016-02-05,83.570000
2016-02-08,81.770000
2016-02-09,82.200000
2016-02-10,81.510000
2016-02-11,78.170000
2016-02-12,80.930000
2016-02-16,83.270000
2016-02-17,84.060000
2016-02-18,82.580000
2016-02-19,82.820000
2016-02-22,84.450000
2016-02-23,82.810000
2016-02-24,82.300000
2016-02-25,82.940000
2016-02-26,83.970000
2016-02-29,81.310000
2016-03-01,84.480000
2016-03-02,85.640000
2016-03-03,86.580000
2016-03-04,87.300000
2016-03-07,86.960000
2016-03-08,85.070000
2016-03-09,84.620000
2016-03-10,85.140000
2016-03-11,86.400000
2016-03-14,85.820000
2016-03-15,85.790000
2016-03-16,84.690000
2016-03-17,85.200000
2016-03-18,86.160000
2016-03-21,86.200000
2016-03-22,85.850000
2016-03-23,85.350000
2016-03-24,84.800000
2016-03-28,84.880000
2016-03-29,84.470000
2016-03-30,85.350000
2016-03-31,84.570000
2016-04-01,85.290000
2016-04-04,85.320000
2016-04-05,82.940000
2016-04-06,83.800000
2016-04-07,81.470000
2016-04-08,81.820000
2016-04-11,81.920000
2016-04-12,82.860000
2016-04-13,85.170000
2016-04-14,84.690000
2016-04-15,84.160000
2016-04-18,85.010000
2016-04-19,86.270000
2016-04-20,87.740000
2016-04-21,87.510000
2016-04-22,88.090000
2016-04-25,87.710000
2016-04-26,88.880000
2016-04-27,88.990000
2016-04-28,88.190000
2016-04-29,87.780000
2016-05-02,87.910000
2016-05-03,86.870000
2016-05-04,85.370000
2016-05-05,85.350000
2016-05-06,85.610000
2016-05-09,84.990000
2016-05-10,86.590000
2016-05-11,86.340000
2016-05-12,86.180000
2016-05-13,84.740000
2016-05-16,85.450000
2016-05-17,85.230000
2016-05-18,88.380000
2016-05-19,87.880000
2016-05-20,88.190000
2016-05-23,87.820000
2016-05-24,89.030000
2016-05-25,90.230000
2016-05-26,89.490000
2016-05-27,90.240000
2016-05-31,89.740000
2016-06-01,89.740000
2016-06-02,90.010000
2016-06-03,88.570000
2016-06-06,89.930000
2016-06-07,89.100000
2016-06-08,89.500000
2016-06-09,88.330000
2016-06-10,87.000000
2016-06-13,86.340000
2016-06-14,84.410000
2016-06-15,84.220000
2016-06-16,83.870000
2016-06-17,83.680000
2016-06-20,84.020000
2016-06-21,84.530000
2016-06-22,84.760000
2016-06-23,86.670000
2016-06-24,81.080000
2016-06-27,77.880000
2016-06-28,78.970000
2016-06-29,80.340000
2016-06-30,81.390000
2016-07-01,80.930000
2016-07-05,78.830000
2016-07-06,79.380000
2016-07-07,79.490000
2016-07-08,80.620000
2016-07-11,81.060000
2016-07-12,82.340000
2016-07-13,82.100000
2016-07-14,82.860000
2016-07-15,82.060000
2016-07-18,82.090000
2016-07-19,82.370000
2016-07-20,82.600000
2016-07-21,82.450000
2016-07-22,82.830000
2016-07-25,82.760000
2016-07-26,82.690000
2016-07-27,82.620000
2016-07-28,83.020000
2016-07-29,82.650000
2016-08-01,82.420000
2016-08-02,81.660000
2016-08-03,83.850000
2016-08-04,83.880000
2016-08-05,86.440000
2016-08-08,86.490000
2016-08-09,86.250000
2016-08-10,85.390000
2016-08-11,85.500000
2016-08-12,85.000000
2016-08-15,85.630000
2016-08-16,85.670000
2016-08-17,85.780000
2016-08-18,85.460000
2016-08-19,85.420000
2016-08-22,85.530000
2016-08-23,85.710000
2016-08-24,85.670000
2016-08-25,85.870000
2016-08-26,86.690000
2016-08-29,87.920000
2016-08-30,88.870000
2016-08-31,90.100000
2016-09-01,89.990000
2016-09-02,90.540000
2016-09-06,89.480000
2016-09-07,90.420000
2016-09-08,90.720000
2016-09-09,89.920000
2016-09-12,90.900000
2016-09-13,89.920000
2016-09-14,89.290000
2016-09-15,90.320000
2016-09-16,89.390000
2016-09-19,90.110000
2016-09-20,90.360000
2016-09-21,90.740000
2016-09-22,90.000000
2016-09-23,89.410000
2016-09-26,87.770000
2016-09-27,88.550000
2016-09-28,89.410000
2016-09-29,88.990000
2016-09-30,90.090000
2016-10-03,89.400000
2016-10-04,90.500000
2016-10-05,91.520000
2016-10-06,91.820000
2016-10-07,91.420000
2016-10-10,91.690000
2016-10-11,90.510000
2016-10-12,90.380000
2016-10-13,87.940000
2016-10-14,88.030000
2016-10-17,88.210000
2016-10-18,89.860000
2016-10-19,91.600000
2016-10-20,93.300000
2016-10-21,92.920000
2016-10-24,93.020000
2016-10-25,93.140000
2016-10-26,94.280000
2016-10-27,95.430000
2016-10-28,95.100000
2016-10-31,95.600000
2016-11-01,95.570000
2016-11-02,94.770000
2016-11-03,94.900000
2016-11-04,94.650000
2016-11-07,96.400000
2016-11-08,96.640000
2016-11-09,101.250000
2016-11-10,105.980000
2016-11-11,105.930000
2016-11-14,108.100000
2016-11-15,108.780000
2016-11-16,107.510000
2016-11-17,110.600000
2016-11-18,111.240000
2016-11-21,110.710000
2016-11-22,110.760000
2016-11-23,111.140000
2016-11-25,112.070000
2016-11-28,109.800000
2016-11-29,109.260000
2016-11-30,110.540000
2016-12-01,112.600000
2016-12-02,111.080000
2016-12-05,111.500000
2016-12-06,111.490000
2016-12-07,112.670000
2016-12-08,114.820000
2016-12-09,115.020000
2016-12-12,114.070000
2016-12-13,114.700000
2016-12-14,114.200000
2016-12-15,115.630000
2016-12-16,114.860000
2016-12-19,115.800000
2016-12-20,118.070000
2016-12-21,117.640000
2016-12-22,117.430000
2016-12-23,117.960000
2016-12-27,118.310000
2016-12-28,117.060000
2016-12-29,116.100000
2016-12-30,116.960000
2017-01-03,117.970000
2017-01-04,118.970000
2017-01-05,117.380000
2017-01-06,119.050000
2017-01-09,118.200000
2017-01-10,118.670000
2017-01-11,121.330000
2017-01-12,117.930000
2017-01-13,118.790000
2017-01-17,113.930000
2017-01-18,116.320000
2017-01-19,115.610000
2017-01-20,117.350000
2017-01-23,116.930000
2017-01-24,118.660000
2017-01-25,121.010000
2017-01-26,121.630000
2017-01-27,121.640000
2017-01-30,120.380000
2017-01-31,120.460000
2017-02-01,121.140000
2017-02-02,120.010000
2017-02-03,122.160000
2017-02-06,122.410000
2017-02-07,121.470000
2017-02-08,121.460000
2017-02-09,122.390000
2017-02-10,123.100000
2017-02-13,124.420000
2017-02-14,126.100000
2017-02-15,127.760000
2017-02-16,126.960000
2017-02-17,126.860000
2017-02-21,127.550000
2017-02-22,127.760000
2017-02-23,128.140000
2017-02-24,126.880000
2017-02-27,128.130000
2017-02-28,127.230000
2017-03-01,130.850000
2017-03-02,127.510000
2017-03-03,127.830000
2017-03-06,127.590000
2017-03-07,127.400000
2017-03-08,127.550000
2017-03-09,127.480000
2017-03-10,126.460000
2017-03-13,126.400000
2017-03-14,126.220000
2017-03-15,125.230000
2017-03-16,125.720000
2017-03-17,124.350000
2017-03-20,123.790000
2017-03-21,118.700000
2017-03-22,118.650000
2017-03-23,119.280000
2017-03-24,119.400000
2017-03-27,118.200000
2017-03-28,120.270000
2017-03-29,119.340000
2017-03-30,121.530000
2017-03-31,120.240000
2017-04-03,119.840000
2017-04-04,119.150000
2017-04-05,118.290000
2017-04-06,119.260000
2017-04-07,119.170000
2017-04-10,118.370000
2017-04-11,118.030000
2017-04-12,116.000000
2017-04-13,115.800000
2017-04-17,118.410000
2017-04-18,116.410000
2017-04-19,116.480000
2017-04-20,118.830000
2017-04-21,118.170000
2017-04-24,120.860000
2017-04-25,121.110000
2017-04-26,122.000000
2017-04-27,121.020000
2017-04-28,119.750000
2017-05-01,121.150000
2017-05-02,120.660000
2017-05-03,122.440000
2017-05-04,123.450000
2017-05-05,123.120000
2017-05-08,123.680000
2017-05-09,121.960000
2017-05-10,122.450000
2017-05-11,121.740000
2017-05-12,120.810000
2017-05-15,122.140000
2017-05-16,122.620000
2017-05-17,117.190000
2017-05-18,117.360000
2017-05-19,118.760000
2017-05-22,119.450000
2017-05-23,121.150000
2017-05-24,120.960000
2017-05-25,121.450000
2017-05-26,121.320000
2017-05-30,118.860000
2017-05-31,118.700000
2017-06-01,120.130000
2017-06-02,119.160000
2017-06-05,118.580000
2017-06-06,118.150000
2017-06-07,119.900000
2017-06-08,121.010000
2017-06-09,123.170000
2017-06-12,122.840000
2017-06-13,123.810000
2017-06-14,123.970000
2017-06-15,122.970000
2017-06-16,122.510000
2017-06-19,123.790000
2017-06-20,122.990000
2017-06-21,122.330000
2017-06-22,120.760000
2017-06-23,119.550000
2017-06-26,120.380000
2017-06-27,121.120000
2017-06-28,123.400000
2017-06-29,125.250000
2017-06-30,124.870000
2017-07-03,126.000000
2017-07-05,126.080000
2017-07-06,126.010000
2017-07-07,126.540000
2017-07-10,127.200000
2017-07-11,127.390000
2017-07-12,127.220000
2017-07-13,127.320000
2017-07-14,127.170000
2017-07-17,127.360000
2017-07-18,125.570000
2017-07-19,126.400000
2017-07-20,126.950000
2017-07-21,126.240000
2017-07-24,127.140000
2017-07-25,129.330000
2017-07-26,127.360000
2017-07-27,127.670000
2017-07-28,127.650000
2017-07-31,128.800000
2017-08-01,130.410000
2017-08-02,130.680000
2017-08-03,130.510000
2017-08-04,132.170000
2017-08-07,131.110000
2017-08-08,132.360000
2017-08-09,131.730000
2017-08-10,128.990000
2017-08-11,128.050000
2017-08-14,130.900000
2017-08-15,130.340000
2017-08-16,130.100000
2017-08-17,127.300000
2017-08-18,127.110000
2017-08-21,126.600000
2017-08-22,127.510000
2017-08-23,127.530000
2017-08-24,127.670000
2017-08-25,127.880000
2017-08-28,127.550000
2017-08-29,126.270000
2017-08-30,125.790000
2017-08-31,125.410000
2017-09-01,126.640000
2017-09-05,123.790000
2017-09-06,123.560000
2017-09-07,120.710000
2017-09-08,121.510000
2017-09-11,123.770000
2017-09-12,126.440000
2017-09-13,127.300000
2017-09-14,127.190000
2017-09-15,128.190000
2017-09-18,129.700000
2017-09-19,131.280000
2017-09-20,133.000000
2017-09-21,133.350000
2017-09-22,133.430000
2017-09-25,133.520000
2017-09-26,132.430000
2017-09-27,134.320000
2017-09-28,134.460000
2017-09-29,134.770000
2017-10-02,135.120000
2017-10-03,134.180000
2017-10-04,134.270000
2017-10-05,135.540000
2017-10-06,135.690000
2017-10-09,135.610000
2017-10-10,136.720000
2017-10-11,136.490000
2017-10-12,135.270000
2017-10-13,133.750000
2017-10-16,135.030000
2017-10-17,134.260000
2017-10-18,134.740000
2017-10-19,135.300000
2017-10-20,136.950000
2017-10-23,136.770000
2017-10-24,137.830000
2017-10-25,137.460000
2017-10-26,137.850000
2017-10-27,138.170000
2017-10-30,137.160000
2017-10-31,136.790000
2017-11-01,136.940000
2017-11-02,138.400000
2017-11-03,138.640000
2017-11-06,138.590000
2017-11-07,134.090000
2017-11-08,133.290000
2017-11-09,132.550000
2017-11-10,132.480000
2017-11-13,132.230000
2017-11-14,132.000000
2017-11-15,132.900000
2017-11-16,132.490000
2017-11-17,132.850000
2017-11-20,133.290000
2017-11-21,133.110000
2017-11-22,133.040000
2017-11-24,132.560000
2017-11-27,132.560000
2017-11-28,135.680000
2017-11-29,139.730000
2017-11-30,140.560000
2017-12-01,141.000000
2017-12-04,143.840000
2017-12-05,142.430000
2017-12-06,143.010000
2017-12-07,143.420000
2017-12-08,143.800000
2017-12-11,143.290000
2017-12-12,145.850000
2017-12-13,143.830000
2017-12-14,142.970000
2017-12-15,144.950000
2017-12-18,146.150000
2017-12-19,145.100000
2017-12-20,144.920000
2017-12-21,146.260000
2017-12-22,146.120000
2017-12-26,144.900000
2017-12-27,144.980000
2017-12-28,145.670000
2017-12-29,144.290000
2018-01-02,144.620000
2018-01-03,144.590000
2018-01-04,144.600000
2018-01-05,144.780000
2018-01-08,145.050000
2018-01-09,147.820000
2018-01-10,149.620000
2018-01-11,151.490000
2018-01-12,151.840000
2018-01-16,152.260000
2018-01-17,154.230000
2018-01-18,153.710000
2018-01-19,155.250000
2018-01-22,155.720000
2018-01-23,155.770000
2018-01-24,157.740000
2018-01-25,157.800000
2018-01-26,158.660000
2018-01-29,159.210000
2018-01-30,157.900000
2018-01-31,158.020000
2018-02-01,159.150000
2018-02-02,157.970000
2018-02-05,150.320000
2018-02-06,154.290000
2018-02-07,155.000000
2018-02-08,149.380000
2018-02-09,151.710000
2018-02-12,152.280000
2018-02-13,153.290000
2018-02-14,158.270000
2018-02-15,159.860000
2018-02-16,159.080000
2018-02-20,159.130000
2018-02-21,161.280000
2018-02-22,157.600000
2018-02-23,160.090000
2018-02-26,161.830000
2018-02-27,160.230000
2018-02-28,157.660000
2018-03-01,155.990000
2018-03-02,157.430000
2018-03-05,158.710000
2018-03-06,159.340000
2018-03-07,159.640000
2018-03-08,159.490000
2018-03-09,162.450000
2018-03-12,162.260000
2018-03-13,160.490000
2018-03-14,158.090000
2018-03-15,157.870000
2018-03-16,160.070000
2018-03-19,159.430000
2018-03-20,158.850000
2018-03-21,158.890000
2018-03-22,153.280000
2018-03-23,147.240000
2018-03-26,153.010000
2018-03-27,149.180000
2018-03-28,149.450000
2018-03-29,151.240000
2018-04-02,148.320000
2018-04-03,151.100000
2018-04-04,152.500000
2018-04-05,152.760000
2018-04-06,147.950000
2018-04-09,149.210000
2018-04-10,151.540000
2018-04-11,149.440000
2018-04-12,152.490000
2018-04-13,145.460000
2018-04-16,143.840000
2018-04-17,140.860000
2018-04-18,141.660000
2018-04-19,144.260000
2018-04-20,144.120000
2018-04-23,145.210000
2018-04-24,145.010000
2018-04-25,145.700000
2018-04-26,145.730000
2018-04-27,147.340000
2018-04-30,145.610000
2018-05-01,145.340000
2018-05-02,143.610000
2018-05-03,145.020000
2018-05-04,145.600000
2018-05-07,145.900000
2018-05-08,147.530000
2018-05-09,150.290000
2018-05-10,150.840000
2018-05-11,150.970000
2018-05-14,150.350000
2018-05-15,150.790000
2018-05-16,149.950000
2018-05-17,150.650000
2018-05-18,148.760000
2018-05-21,149.430000
2018-05-22,150.880000
2018-05-23,149.730000
2018-05-24,148.500000
2018-05-25,148.150000
2018-05-29,141.250000
2018-05-30,144.310000
2018-05-31,143.410000
2018-06-01,145.120000
2018-06-04,146.540000
2018-06-05,145.390000
2018-06-06,147.640000
2018-06-07,148.010000
2018-06-08,148.850000
2018-06-11,147.030000
2018-06-12,147.190000
2018-06-13,145.600000
2018-06-14,141.840000
2018-06-15,143.970000
2018-06-18,142.500000
2018-06-19,142.150000
2018-06-20,141.350000
2018-06-21,141.340000
2018-06-22,139.360000
2018-06-25,138.430000
2018-06-26,137.280000
2018-06-27,135.300000
2018-06-28,135.570000
2018-06-29,135.100000
2018-07-02,135.920000
2018-07-03,134.390000
2018-07-05,135.580000
2018-07-06,136.000000
2018-07-09,138.790000
2018-07-10,137.750000
2018-07-11,137.680000
2018-07-12,137.990000
2018-07-13,138.320000
2018-07-16,140.890000
2018-07-17,141.480000
2018-07-18,142.410000
2018-07-19,140.710000
2018-07-20,142.500000
2018-07-23,144.160000
2018-07-24,143.150000
2018-07-25,142.710000
2018-07-26,142.590000
2018-07-27,144.400000
2018-07-30,145.360000
2018-07-31,144.830000
2018-08-01,145.020000
2018-08-02,145.140000
2018-08-03,145.030000
2018-08-06,145.400000
2018-08-07,145.920000
2018-08-08,146.340000
2018-08-09,145.220000
2018-08-10,143.550000
2018-08-13,141.910000
2018-08-14,142.720000
2018-08-15,142.010000
2018-08-16,144.460000
2018-08-17,144.550000
2018-08-20,144.880000
2018-08-21,145.120000
2018-08-22,144.550000
2018-08-23,143.200000
2018-08-24,142.930000
2018-08-27,145.730000
2018-08-28,146.080000
2018-08-29,145.940000
2018-08-30,143.770000
2018-08-31,143.540000
2018-09-04,143.930000
2018-09-05,144.180000
2018-09-06,143.200000
2018-09-07,142.960000
2018-09-10,142.650000
2018-09-11,143.230000
2018-09-12,141.310000
2018-09-13,140.260000
2018-09-14,140.400000
2018-09-17,139.660000
2018-09-18,139.930000
2018-09-19,141.530000
2018-09-20,144.460000
2018-09-21,144.010000
2018-09-24,141.260000
2018-09-25,140.880000
2018-09-26,138.610000
2018-09-27,137.340000
2018-09-28,136.190000
2018-10-01,135.990000
2018-10-02,136.260000
2018-10-03,138.090000
2018-10-04,139.170000
2018-10-05,138.520000
2018-10-08,139.750000
2018-10-09,138.700000
2018-10-10,136.200000
2018-10-11,131.610000
2018-10-12,124.260000
2018-10-15,125.600000
2018-10-16,124.850000
2018-10-17,127.330000
2018-10-18,124.220000
2018-10-19,125.160000
2018-10-22,121.460000
2018-10-23,120.300000
2018-10-24,116.900000
2018-10-25,119.630000
2018-10-26,119.450000
2018-10-29,122.160000
2018-10-30,124.760000
2018-10-31,128.490000
2018-11-01,129.740000
2018-11-02,129.880000
2018-11-05,130.580000
2018-11-06,131.760000
2018-11-07,133.280000
2018-11-08,134.240000
2018-11-09,134.230000
2018-11-12,132.770000
2018-11-13,135.590000
2018-11-14,134.130000
2018-11-15,136.690000
2018-11-16,136.390000
2018-11-19,135.300000
2018-11-20,133.080000
2018-11-21,132.710000
2018-11-23,132.620000
2018-11-26,135.550000
2018-11-27,133.900000
2018-11-28,134.210000
2018-11-29,133.650000
2018-11-30,135.780000
2018-12-03,135.900000
2018-12-04,129.510000
2018-12-06,129.310000
2018-12-07,126.560000
2018-12-10,124.260000
2018-12-11,122.460000
2018-12-12,122.740000
2018-12-13,119.900000
2018-12-14,118.500000
2018-12-17,118.320000
2018-12-18,116.590000
2018-12-19,114.030000
2018-12-20,113.580000
2018-12-21,111.490000
2018-12-24,109.710000
2018-12-26,114.840000
2018-12-27,115.750000
2018-12-28,115.370000
2018-12-31,116.910000
2019-01-02,118.810000
2019-01-03,118.270000
2019-01-04,121.230000
2019-01-07,120.960000
2019-01-08,121.150000
2019-01-09,120.810000
2019-01-10,119.580000
2019-01-11,120.050000
2019-01-14,120.550000
2019-01-15,121.120000
2019-01-16,121.210000
2019-01-17,121.890000
2019-01-18,125.250000
2019-01-22,124.580000
2019-01-23,124.390000
2019-01-24,123.810000
2019-01-25,124.920000
2019-01-28,124.870000
2019-01-29,124.330000
2019-01-30,123.660000
2019-01-31,122.670000
2019-02-01,122.730000
2019-02-04,124.630000
2019-02-05,123.020000
2019-02-06,122.610000
2019-02-07,122.840000
2019-02-08,121.240000
2019-02-11,121.570000
2019-02-12,123.150000
2019-02-13,121.480000
2019-02-14,120.610000
2019-02-15,124.150000
2019-02-19,124.950000
2019-02-20,126.520000
2019-02-21,124.910000
2019-02-22,124.150000
2019-02-25,123.690000
2019-02-26,123.210000
2019-02-27,125.720000
2019-02-28,126.020000
2019-03-01,126.620000
2019-03-04,126.330000
2019-03-05,127.820000
2019-03-06,127.440000
2019-03-07,125.990000
2019-03-08,126.700000
2019-03-11,128.560000
2019-03-12,127.710000
2019-03-13,128.930000
2019-03-14,129.600000
2019-03-15,129.860000
2019-03-18,131.880000
2019-03-19,129.480000
2019-03-20,125.460000
2019-03-21,122.900000
2019-03-22,119.180000
2019-03-25,119.180000
2019-03-26,121.460000
2019-03-27,121.270000
2019-03-28,122.860000
2019-03-29,122.660000
2019-04-01,126.910000
2019-04-02,126.760000
2019-04-03,126.810000
2019-04-04,128.420000
2019-04-05,127.910000
2019-04-08,128.240000
2019-04-09,126.800000
2019-04-10,127.290000
2019-04-11,128.720000
2019-04-12,132.700000
2019-04-15,131.060000
2019-04-16,133.150000
2019-04-17,133.870000
2019-04-18,133.190000
2019-04-22,133.890000
2019-04-23,134.200000
2019-04-24,134.170000
2019-04-25,134.240000
2019-04-26,136.090000
2019-04-29,137.010000
2019-04-30,136.930000
2019-05-01,135.210000
2019-05-02,135.940000
2019-05-03,137.100000
2019-05-06,136.270000
2019-05-07,132.950000
2019-05-08,131.990000
2019-05-09,131.940000
2019-05-10,132.440000
2019-05-13,128.450000
2019-05-14,129.760000
2019-05-15,128.680000
2019-05-16,131.100000
2019-05-17,130.220000
2019-05-20,131.340000
2019-05-21,132.080000
2019-05-22,132.020000
2019-05-23,129.970000
2019-05-24,131.970000
2019-05-28,129.640000
2019-05-29,130.030000
2019-05-30,128.610000
2019-05-31,127.260000
2019-06-03,128.970000
2019-06-04,133.400000
2019-06-05,134.250000
2019-06-06,133.750000
2019-06-07,132.880000
2019-06-10,134.380000
2019-06-11,135.180000
2019-06-12,134.100000
2019-06-13,133.730000
2019-06-14,135.210000
2019-06-17,132.540000
2019-06-18,134.430000
2019-06-19,133.250000
2019-06-20,132.900000
2019-06-21,133.170000
2019-06-24,133.670000
2019-06-25,133.360000
2019-06-26,133.640000
2019-06-27,134.660000
2019-06-28,137.280000
2019-07-01,139.800000
2019-07-02,139.590000
2019-07-03,140.670000
2019-07-05,141.570000
2019-07-08,140.740000
2019-07-09,140.790000
2019-07-10,140.050000
2019-07-11,141.460000
2019-07-12,142.190000
2019-07-15,140.200000
2019-07-16,138.760000
2019-07-17,139.680000
2019-07-18,138.880000
2019-07-19,138.830000
2019-07-22,139.570000
2019-07-23,140.680000
2019-07-24,141.330000
2019-07-25,140.840000
2019-07-26,142.800000
2019-07-29,141.960000
2019-07-30,141.920000
2019-07-31,142.900000
2019-08-01,138.260000
2019-08-02,137.960000
2019-08-05,132.920000
2019-08-06,134.380000
2019-08-07,129.760000
2019-08-08,131.590000
2019-08-09,132.340000
2019-08-12,128.640000
2019-08-13,130.750000
2019-08-14,124.620000
2019-08-15,124.740000
2019-08-16,127.000000
2019-08-19,128.360000
2019-08-20,126.200000
2019-08-21,126.000000
2019-08-22,126.420000
2019-08-23,123.090000
2019-08-26,124.100000
2019-08-27,124.130000
2019-08-28,126.560000
2019-08-29,128.300000
2019-08-30,128.930000
2019-09-03,126.760000
2019-09-04,128.570000
2019-09-05,131.560000
2019-09-06,131.720000
2019-09-09,136.290000
2019-09-10,137.890000
2019-09-11,136.000000
2019-09-12,137.170000
2019-09-13,139.280000
2019-09-16,140.500000
2019-09-17,139.240000
2019-09-18,141.200000
2019-09-19,141.000000
2019-09-20,140.880000
2019-09-23,141.200000
2019-09-24,140.270000
2019-09-25,140.310000
2019-09-26,140.100000
2019-09-27,140.390000
2019-09-30,140.160000
2019-10-01,137.200000
2019-10-02,135.700000
2019-10-03,136.730000
2019-10-04,140.470000
2019-10-07,139.950000
2019-10-08,136.180000
2019-10-09,136.560000
2019-10-10,138.420000
2019-10-11,140.400000
2019-10-14,140.520000
2019-10-15,141.870000
2019-10-16,141.460000
2019-10-17,142.660000
2019-10-18,143.520000
2019-10-21,145.530000
2019-10-22,145.460000
2019-10-23,146.370000
2019-10-24,145.600000
2019-10-25,146.670000
2019-10-28,147.770000
2019-10-29,148.290000
2019-10-30,147.750000
2019-10-31,146.700000
2019-11-01,148.810000
2019-11-04,150.010000
2019-11-05,151.030000
2019-11-06,151.710000
2019-11-07,153.070000
2019-11-08,152.200000
2019-11-11,152.460000
2019-11-12,152.300000
2019-11-13,150.820000
2019-11-14,149.020000
2019-11-15,150.860000
2019-11-18,151.710000
2019-11-19,151.720000
2019-11-20,151.780000
2019-11-21,151.690000
2019-11-22,152.850000
2019-11-25,153.400000
2019-11-26,152.890000
2019-11-27,153.290000
2019-11-29,153.210000
2019-12-02,151.980000
2019-12-03,149.740000
2019-12-04,151.350000
2019-12-05,152.200000
2019-12-06,153.810000
2019-12-09,153.700000
2019-12-10,155.600000
2019-12-11,155.000000
2019-12-12,159.000000
2019-12-13,158.640000
2019-12-16,159.000000
2019-12-17,160.360000
2019-12-18,160.050000
2019-12-19,159.530000
2019-12-20,159.820000
2019-12-23,159.530000
2019-12-24,160.420000
2019-12-26,161.150000
2019-12-27,160.810000
2019-12-30,160.020000
2019-12-31,159.630000
2020-01-02,160.370000
2020-01-03,158.830000
2020-01-06,158.510000
2020-01-07,157.260000
2020-01-08,158.890000
2020-01-09,160.810000
2020-01-10,158.570000
2020-01-13,159.440000
2020-01-14,159.880000
2020-01-15,154.080000
2020-01-16,152.620000
2020-01-17,153.360000
2020-01-21,151.650000
2020-01-22,152.260000
2020-01-23,152.710000
2020-01-24,150.380000
2020-01-27,148.530000
2020-01-28,149.690000
2020-01-29,148.590000
2020-01-30,150.960000
2020-01-31,148.550000
2020-02-03,149.540000
2020-02-04,150.660000
2020-02-05,153.790000
2020-02-06,152.850000
2020-02-07,153.350000
2020-02-10,153.860000
2020-02-11,154.790000
2020-02-12,155.210000
2020-02-13,155.320000
2020-02-14,154.130000
2020-02-18,151.390000
2020-02-19,153.350000
2020-02-20,154.480000
2020-02-21,153.800000
2020-02-24,148.810000
2020-02-25,141.340000
2020-02-26,138.710000
2020-02-27,130.620000
2020-02-28,126.400000
2020-03-02,132.640000
2020-03-03,125.490000
2020-03-04,129.400000
2020-03-05,120.690000
2020-03-06,114.230000
2020-03-09,101.640000
2020-03-10,108.040000
2020-03-11,101.940000
2020-03-12,94.720000
2020-03-13,106.980000
2020-03-16,89.970000
2020-03-17,96.000000
2020-03-18,87.530000
2020-03-19,92.420000
2020-03-20,89.490000
2020-03-23,80.640000
2020-03-24,90.180000
2020-03-25,92.050000
2020-03-26,102.920000
2020-03-27,100.130000
2020-03-30,100.970000
2020-03-31,95.720000
2020-04-01,87.350000
2020-04-02,90.730000
2020-04-03,85.190000
2020-04-06,95.310000
2020-04-07,94.920000
2020-04-08,99.500000
2020-04-09,105.420000
2020-04-13,100.960000
2020-04-14,99.470000
2020-04-15,92.430000
2020-04-16,90.540000
2020-04-17,101.500000
2020-04-20,102.550000
2020-04-21,99.000000
2020-04-22,98.900000
2020-04-23,99.430000
2020-04-24,100.730000
2020-04-27,105.490000
2020-04-28,105.990000
2020-04-29,110.990000
2020-04-30,106.670000
2020-05-01,102.970000
2020-05-04,101.610000
2020-05-05,99.770000
2020-05-06,98.500000
2020-05-07,101.290000
2020-05-08,105.030000
2020-05-11,102.120000
2020-05-12,100.000000
2020-05-13,96.790000
2020-05-14,97.840000
2020-05-15,97.250000
2020-05-18,104.060000
2020-05-19,101.130000
2020-05-20,104.400000
2020-05-21,103.190000
2020-05-22,104.610000
2020-05-26,109.560000
2020-05-27,116.600000
2020-05-28,115.800000
2020-05-29,114.040000
2020-06-01,114.670000
2020-06-02,114.860000
2020-06-03,119.710000
2020-06-04,122.720000
2020-06-05,128.030000
2020-06-08,131.130000
2020-06-09,126.190000
2020-06-10,118.930000
2020-06-11,107.510000
2020-06-12,110.760000
2020-06-15,112.970000
2020-06-16,114.940000
2020-06-17,111.800000
2020-06-18,110.730000
2020-06-19,108.230000
2020-06-22,108.560000
2020-06-23,107.730000
2020-06-24,103.380000
2020-06-25,106.450000
2020-06-26,100.930000
2020-06-29,102.830000
2020-06-30,105.210000
2020-07-01,102.830000
2020-07-02,102.150000
2020-07-06,103.350000
2020-07-07,99.710000
2020-07-08,100.140000
2020-07-09,98.850000
2020-07-10,101.600000
2020-07-13,102.680000
2020-07-14,101.260000
2020-07-15,104.070000
2020-07-16,104.990000
2020-07-17,103.020000
2020-07-20,102.940000
2020-07-21,107.700000
2020-07-22,106.630000
2020-07-23,107.340000
2020-07-24,106.840000
2020-07-27,104.920000
2020-07-28,104.830000
2020-07-29,108.950000
2020-07-30,106.270000
2020-07-31,106.670000
2020-08-03,105.930000
2020-08-04,105.290000
2020-08-05,106.560000
2020-08-06,107.030000
2020-08-07,109.700000
2020-08-10,109.660000
2020-08-11,112.470000
2020-08-12,112.000000
2020-08-13,111.010000
2020-08-14,111.750000
2020-08-17,110.330000
2020-08-18,107.080000
2020-08-19,106.390000
2020-08-20,106.080000
2020-08-21,106.450000
2020-08-24,109.800000
2020-08-25,110.770000
2020-08-26,110.310000
2020-08-27,112.500000
2020-08-28,112.350000
2020-08-31,111.200000
2020-09-01,111.600000
2020-09-02,112.400000
2020-09-03,111.670000
2020-09-04,113.100000
2020-09-08,110.300000
2020-09-09,109.910000
2020-09-10,108.220000
2020-09-11,110.750000
2020-09-14,114.180000
2020-09-15,111.290000
2020-09-16,113.640000
2020-09-17,111.880000
2020-09-18,111.760000
2020-09-21,108.840000
2020-09-22,105.360000
2020-09-23,102.480000
2020-09-24,103.450000
2020-09-25,104.900000
2020-09-28,108.130000
2020-09-29,106.930000
2020-09-30,109.910000
2020-10-01,109.430000
2020-10-02,112.160000
2020-10-05,114.800000
2020-10-06,113.170000
2020-10-07,115.180000
2020-10-08,116.540000
2020-10-09,115.480000
2020-10-12,116.280000
2020-10-13,112.510000
2020-10-14,109.830000
2020-10-15,109.560000
2020-10-16,111.480000
2020-10-19,109.990000
2020-10-20,112.060000
2020-10-21,110.640000
2020-10-22,115.320000
2020-10-23,114.810000
2020-10-26,111.630000
2020-10-27,109.190000
2020-10-28,108.720000
2020-10-29,109.820000
2020-10-30,111.880000
2020-11-02,114.450000
2020-11-03,119.390000
2020-11-04,112.860000
2020-11-05,117.170000
2020-11-06,114.680000
2020-11-09,127.980000
2020-11-10,126.740000
2020-11-11,125.440000
2020-11-12,121.000000
2020-11-13,122.780000
2020-11-16,126.290000
2020-11-17,126.890000
2020-11-18,129.300000
2020-11-19,130.300000
2020-11-20,128.900000
2020-11-23,133.650000
2020-11-24,140.110000
2020-11-25,140.650000
2020-11-27,139.790000
2020-11-30,138.070000
2020-12-01,140.720000
2020-12-02,141.380000
2020-12-03,141.250000
2020-12-04,142.530000
2020-12-07,141.810000
2020-12-08,141.430000
2020-12-09,143.280000
2020-12-10,143.990000
2020-12-11,143.660000
2020-12-14,141.790000
2020-12-15,143.150000
2020-12-16,145.250000
2020-12-17,145.020000
2020-12-18,144.910000
2020-12-21,144.600000
2020-12-22,143.730000
2020-12-23,146.700000
2020-12-24,146.150000
2020-12-28,146.540000
2020-12-29,144.870000
2020-12-30,146.890000
2020-12-31,149.000000
2021-01-04,149.150000
2021-01-05,148.360000
2021-01-06,156.510000
2021-01-07,159.000000
2021-01-08,158.190000
2021-01-11,159.380000
2021-01-12,161.730000
2021-01-13,159.100000
2021-01-14,161.500000
2021-01-15,154.780000
2021-01-19,156.000000
2021-01-20,156.260000
2021-01-21,153.690000
2021-01-22,152.570000
2021-01-25,150.470000
2021-01-26,148.060000
2021-01-27,144.440000
2021-01-28,147.790000
2021-01-29,143.520000
2021-02-01,145.860000
2021-02-02,150.400000
2021-02-03,152.200000
2021-02-04,156.680000
2021-02-05,156.940000
2021-02-08,158.790000
2021-02-09,158.140000
2021-02-10,160.110000
2021-02-11,159.310000
2021-02-12,162.270000
2021-02-16,169.910000
2021-02-17,167.550000
2021-02-18,166.910000
2021-02-19,170.410000
2021-02-22,170.520000
2021-02-23,173.220000
2021-02-24,178.480000
2021-02-25,173.260000
2021-02-26,168.360000
2021-03-01,173.070000
2021-03-02,173.090000
2021-03-03,173.350000
2021-03-04,172.580000
2021-03-05,176.460000
2021-03-08,178.820000
2021-03-09,173.630000
2021-03-10,177.780000
2021-03-11,176.930000
2021-03-12,181.410000
2021-03-15,178.530000
2021-03-16,176.580000
2021-03-17,178.430000
2021-03-18,179.860000
2021-03-19,175.790000
2021-03-22,171.220000
2021-03-23,169.400000
2021-03-24,170.250000
2021-03-25,177.000000
2021-03-26,179.680000
2021-03-29,174.490000
2021-03-30,177.620000
2021-03-31,175.410000
2021-04-01,177.410000
2021-04-05,178.760000
2021-04-06,177.400000
2021-04-07,178.250000
2021-04-08,178.110000
2021-04-09,180.210000
2021-04-12,180.810000
2021-04-13,177.620000
2021-04-14,179.340000
2021-04-15,174.790000
2021-04-16,178.860000
2021-04-19,177.720000
2021-04-20,171.730000
2021-04-21,175.130000
2021-04-22,173.840000
2021-04-23,178.040000
2021-04-26,180.240000
2021-04-27,183.580000
2021-04-28,185.260000
2021-04-29,189.170000
2021-04-30,186.950000
2021-05-03,188.120000
2021-05-04,193.320000
2021-05-05,194.610000
2021-05-06,198.180000
2021-05-07,198.910000
2021-05-10,198.560000
2021-05-11,194.040000
2021-05-12,190.410000
2021-05-13,196.010000
2021-05-14,199.380000
2021-05-17,199.030000
2021-05-18,193.910000
2021-05-19,192.890000
2021-05-20,191.050000
2021-05-21,193.480000
2021-05-24,193.990000
2021-05-25,191.700000
2021-05-26,191.900000
2021-05-27,194.120000
2021-05-28,194.680000
2021-06-01,195.820000
2021-06-02,195.420000
2021-06-03,195.880000
2021-06-04,194.000000
2021-06-07,193.110000
2021-06-08,194.100000
2021-06-09,190.790000
2021-06-10,188.750000
2021-06-11,189.200000
2021-06-14,187.110000
2021-06-15,189.270000
2021-06-16,190.110000
2021-06-17,182.450000
2021-06-18,178.330000
2021-06-21,184.150000
2021-06-22,183.910000
2021-06-23,185.130000
2021-06-24,189.180000
2021-06-25,193.360000
2021-06-28,191.600000
2021-06-29,190.470000
2021-06-30,190.760000
2021-07-01,191.740000
2021-07-02,192.790000
2021-07-06,187.960000
2021-07-07,186.580000
2021-07-08,183.230000
2021-07-09,189.670000
2021-07-12,191.910000
2021-07-13,189.280000
2021-07-14,188.340000
2021-07-15,189.500000
2021-07-16,183.430000
2021-07-19,177.800000
2021-07-20,181.600000
2021-07-21,184.870000
2021-07-22,181.720000
2021-07-23,183.020000
2021-07-26,184.520000
2021-07-27,184.270000
2021-07-28,183.760000
2021-07-29,185.160000
2021-07-30,182.410000
2021-08-02,181.780000
2021-08-03,186.340000
2021-08-04,185.020000
2021-08-05,186.680000
2021-08-06,190.270000
2021-08-09,190.010000
2021-08-10,191.700000
2021-08-11,193.900000
2021-08-12,193.400000
2021-08-13,190.380000
2021-08-16,189.650000
2021-08-17,187.750000
2021-08-18,185.560000
2021-08-19,184.340000
2021-08-20,185.820000
2021-08-23,187.270000
2021-08-24,188.480000
2021-08-25,192.130000
2021-08-26,191.000000
2021-08-27,194.510000
2021-08-30,190.610000
2021-08-31,191.100000
2021-09-01,189.480000
2021-09-02,191.710000
2021-09-03,191.520000
2021-09-07,192.210000
2021-09-08,191.720000
2021-09-09,192.280000
2021-09-10,191.660000
2021-09-13,194.460000
2021-09-14,188.350000
2021-09-15,190.180000
2021-09-16,189.900000
2021-09-17,188.920000
2021-09-20,184.670000
2021-09-21,183.970000
2021-09-22,187.670000
2021-09-23,193.610000
2021-09-24,194.500000
2021-09-27,200.200000
2021-09-28,197.720000
2021-09-29,197.440000
2021-09-30,195.640000
2021-10-01,198.310000
2021-10-04,198.090000
2021-10-05,200.490000
2021-10-06,200.820000
2021-10-07,201.800000
2021-10-08,202.760000
2021-10-11,201.050000
2021-10-12,203.300000
2021-10-13,201.760000
2021-10-14,202.500000
2021-10-15,199.130000
2021-10-18,200.840000
2021-10-19,206.830000
2021-10-20,212.800000
2021-10-21,212.730000
2021-10-22,216.080000
2021-10-25,216.560000
2021-10-26,216.070000
2021-10-27,212.910000
2021-10-28,213.050000
2021-10-29,211.030000
2021-11-01,210.640000
2021-11-02,210.100000
2021-11-03,212.700000
2021-11-04,207.710000
2021-11-05,207.100000
2021-11-08,208.170000
2021-11-09,207.040000
2021-11-10,205.410000
2021-11-11,205.600000
2021-11-12,203.610000
2021-11-15,204.820000
2021-11-16,205.530000
2021-11-17,202.460000
2021-11-18,200.910000
2021-11-19,199.360000
2021-11-22,204.150000
2021-11-23,209.090000
2021-11-24,208.630000
2021-11-26,200.100000
2021-11-29,200.880000
2021-11-30,197.000000
2021-12-01,195.450000
2021-12-02,201.850000
2021-12-03,197.730000
2021-12-06,199.960000
2021-12-07,203.300000
2021-12-08,202.090000
2021-12-09,200.730000
2021-12-10,201.560000
2021-12-13,196.210000
2021-12-14,198.810000
2021-12-15,198.080000
2021-12-16,201.790000
2021-12-17,197.240000
2021-12-20,192.550000
2021-12-21,196.870000
2021-12-22,197.120000
2021-12-23,197.930000
2021-12-27,201.070000
2021-12-28,201.170000
2021-12-29,201.240000
2021-12-30,201.000000
2021-12-31,200.520000
2022-01-03,208.220000
2022-01-04,215.890000
2022-01-05,212.390000
2022-01-06,220.570000
2022-01-07,223.730000
2022-01-10,222.450000
2022-01-11,223.840000
2022-01-12,224.930000
2022-01-13,226.450000
2022-01-14,222.200000
2022-01-18,216.880000
2022-01-19,208.520000
2022-01-20,206.900000
2022-01-21,200.960000
2022-01-24,204.110000
2022-01-25,204.200000
2022-01-26,206.010000
2022-01-27,204.960000
2022-01-28,208.220000
2022-01-31,205.990000
2022-02-01,209.740000
2022-02-02,210.870000
2022-02-03,208.010000
2022-02-04,210.350000
2022-02-07,209.700000
2022-02-08,211.360000
2022-02-09,210.760000
2022-02-10,210.630000
2022-02-11,207.360000
2022-02-14,204.570000
2022-02-15,207.190000
2022-02-16,208.590000
2022-02-17,201.300000
2022-02-18,201.170000
2022-02-22,203.080000
2022-02-23,199.010000
2022-02-24,195.610000
2022-02-25,202.670000
2022-02-28,199.250000
2022-03-01,187.190000
2022-03-02,193.700000
2022-03-03,191.590000
2022-03-04,184.870000
2022-03-07,178.700000
2022-03-08,181.600000
2022-03-09,186.750000
2022-03-10,184.960000
2022-03-11,182.150000
2022-03-14,183.360000
2022-03-15,185.240000
2022-03-16,192.390000
2022-03-17,193.070000
2022-03-18,192.970000
2022-03-21,193.010000
2022-03-22,197.370000
2022-03-23,192.670000
2022-03-24,193.250000
2022-03-25,196.470000
2022-03-28,194.710000
2022-03-29,194.060000
2022-03-30,190.730000
2022-03-31,184.450000
2022-04-01,181.140000
2022-04-04,182.810000
2022-04-05,182.390000
2022-04-06,180.960000
2022-04-07,181.380000
2022-04-08,184.700000
2022-04-11,183.980000
2022-04-12,179.750000
2022-04-13,178.440000
2022-04-14,175.000000
2022-04-18,175.750000
2022-04-19,178.050000
2022-04-20,179.640000
2022-04-21,177.580000
2022-04-22,173.250000
2022-04-25,172.500000
2022-04-26,169.460000
2022-04-27,170.430000
2022-04-28,171.080000
2022-04-29,166.100000
2022-05-02,167.540000
2022-05-03,169.660000
2022-05-04,173.720000
2022-05-05,168.870000
2022-05-06,166.620000
2022-05-09,163.670000
2022-05-10,161.840000
2022-05-11,159.830000
2022-05-12,159.300000
2022-05-13,157.440000
2022-05-16,155.270000
2022-05-17,160.430000
2022-05-18,155.930000
2022-05-19,154.750000
2022-05-20,155.980000
2022-05-23,162.170000
2022-05-24,163.260000
2022-05-25,167.630000
2022-05-26,172.950000
2022-05-27,175.050000
2022-05-31,175.410000
2022-06-01,172.440000
2022-06-02,175.510000
2022-06-03,173.300000
2022-06-06,173.080000
2022-06-07,173.200000
2022-06-08,169.900000
2022-06-09,163.000000
2022-06-10,158.330000
2022-06-13,155.530000
2022-06-14,155.660000
2022-06-15,156.510000
2022-06-16,151.480000
2022-06-17,154.090000
2022-06-21,156.490000
2022-06-22,156.610000
2022-06-23,155.800000
2022-06-24,162.840000
2022-06-27,161.450000
2022-06-28,159.750000
2022-06-29,157.370000
2022-06-30,157.770000
2022-07-01,161.300000
2022-07-05,161.090000
2022-07-06,160.030000
2022-07-07,162.310000
2022-07-08,161.380000
2022-07-11,160.220000
2022-07-12,157.090000
2022-07-13,154.310000
2022-07-14,150.960000
2022-07-15,153.420000
2022-07-18,154.670000
2022-07-19,160.190000
2022-07-20,160.150000
2022-07-21,161.610000
2022-07-22,161.760000
2022-07-25,164.700000
2022-07-26,161.720000
2022-07-27,163.000000
2022-07-28,162.900000
2022-07-29,165.940000
2022-08-01,166.060000
2022-08-02,163.310000
2022-08-03,165.350000
2022-08-04,164.080000
2022-08-05,167.040000
2022-08-08,166.040000
2022-08-09,165.920000
2022-08-10,169.460000
2022-08-11,171.940000
2022-08-12,174.630000
2022-08-15,173.930000
2022-08-16,175.040000
2022-08-17,173.340000
2022-08-18,173.500000
2022-08-19,170.790000
2022-08-22,166.460000
2022-08-23,166.490000
2022-08-24,167.400000
2022-08-25,168.900000
2022-08-26,162.190000
2022-08-29,160.120000
2022-08-30,159.300000
2022-08-31,158.000000
2022-09-01,158.450000
2022-09-02,157.250000
2022-09-06,156.370000
2022-09-07,159.610000
2022-09-08,162.850000
2022-09-09,164.340000
2022-09-12,166.280000
2022-09-13,160.850000
2022-09-14,162.410000
2022-09-15,165.050000
2022-09-16,163.830000
2022-09-19,165.310000
2022-09-20,163.830000
2022-09-21,158.450000
2022-09-22,154.670000
2022-09-23,151.920000
2022-09-26,148.740000
2022-09-27,148.030000
2022-09-28,151.590000
2022-09-29,150.730000
2022-09-30,149.420000
2022-10-03,153.800000
2022-10-04,160.640000
2022-10-05,159.230000
2022-10-06,155.710000
2022-10-07,151.340000
2022-10-10,150.850000
2022-10-11,147.680000
2022-10-12,146.120000
2022-10-13,152.970000
2022-10-14,149.700000
2022-10-17,155.850000
2022-10-18,156.160000
2022-10-19,151.700000
2022-10-20,147.980000
2022-10-21,156.370000
2022-10-24,160.440000
2022-10-25,163.220000
2022-10-26,161.720000
2022-10-27,161.000000
2022-10-28,162.870000
2022-10-31,161.830000
2022-11-01,161.810000
2022-11-02,158.730000
2022-11-03,153.310000
2022-11-04,156.500000
2022-11-07,156.700000
2022-11-08,158.660000
2022-11-09,155.550000
2022-11-10,163.850000
2022-11-11,165.760000
2022-11-14,163.290000
2022-11-15,164.140000
2022-11-16,161.650000
2022-11-17,158.800000
2022-11-18,161.160000
2022-11-21,162.660000
2022-11-22,164.980000
2022-11-23,166.500000
2022-11-25,167.650000
2022-11-28,162.610000
2022-11-29,164.370000
2022-11-30,168.260000
2022-12-01,164.800000
2022-12-02,164.230000
2022-12-05,153.110000
2022-12-06,151.860000
2022-12-07,155.100000
2022-12-08,154.340000
2022-12-09,154.080000
2022-12-12,156.700000
2022-12-13,154.030000
2022-12-14,149.620000
2022-12-15,150.180000
2022-12-16,150.390000
2022-12-19,150.160000
2022-12-20,151.680000
2022-12-21,153.900000
2022-12-22,154.290000
2022-12-23,155.020000
2022-12-27,155.960000
2022-12-28,155.860000
2022-12-29,157.830000
2022-12-30,157.940000
2023-01-03,159.520000
2023-01-04,163.730000
2023-01-05,159.370000
2023-01-06,164.210000
2023-01-09,164.280000
2023-01-10,164.940000
2023-01-11,165.840000
2023-01-12,168.820000
2023-01-13,164.000000
2023-01-17,161.850000
2023-01-18,152.070000
2023-01-19,148.020000
2023-01-20,154.870000
2023-01-23,159.340000
2023-01-24,158.420000
2023-01-25,160.180000
2023-01-26,161.930000
2023-01-27,163.170000
2023-01-30,162.860000
2023-01-31,165.430000
2023-02-01,164.790000
2023-02-02,166.170000
2023-02-03,165.390000
2023-02-06,163.000000
2023-02-07,162.940000
2023-02-08,161.560000
2023-02-09,158.880000
2023-02-10,159.340000
2023-02-13,160.980000
2023-02-14,161.130000
2023-02-15,160.000000
2023-02-16,158.300000
2023-02-17,158.590000
2023-02-21,155.480000
2023-02-22,156.300000
2023-02-23,158.100000
2023-02-24,158.490000
2023-02-27,157.700000
2023-02-28,157.920000
2023-03-01,155.210000
2023-03-02,150.240000
2023-03-03,152.890000
2023-03-06,152.680000
2023-03-07,145.720000
2023-03-08,145.130000
2023-03-09,137.870000
2023-03-10,137.160000
2023-03-13,130.060000
2023-03-14,130.530000
2023-03-15,125.050000
2023-03-16,130.120000
2023-03-17,123.720000
2023-03-20,127.350000
2023-03-21,131.620000
2023-03-22,124.400000
2023-03-23,122.130000
2023-03-24,124.150000
2023-03-27,125.020000
2023-03-28,126.860000
2023-03-29,128.920000
2023-03-30,127.030000
2023-03-31,127.100000
2023-04-03,125.000000
2023-04-04,122.830000
2023-04-05,121.430000
2023-04-06,121.880000
2023-04-10,122.200000
2023-04-11,122.310000
2023-04-12,119.700000
2023-04-13,121.410000
2023-04-14,121.850000
2023-04-17,125.090000
2023-04-18,124.760000
2023-04-19,128.370000
2023-04-20,125.600000
2023-04-21,123.380000
2023-04-24,124.270000
2023-04-25,123.700000
2023-04-26,127.850000
2023-04-27,128.020000
2023-04-28,130.250000
2023-05-01,122.000000
2023-05-02,119.140000
2023-05-03,116.650000
2023-05-04,113.640000
2023-05-05,116.180000
2023-05-08,116.990000
2023-05-09,115.700000
2023-05-10,113.970000
2023-05-11,112.700000
2023-05-12,111.580000
2023-05-15,113.670000
2023-05-16,111.590000
2023-05-17,119.250000
2023-05-18,120.150000
2023-05-19,118.480000
2023-05-22,120.420000
2023-05-23,121.490000
2023-05-24,120.250000
2023-05-25,118.990000
2023-05-26,118.780000
2023-05-30,118.850000
2023-05-31,115.830000
2023-06-01,119.740000
2023-06-02,123.580000
2023-06-05,123.280000
2023-06-06,126.380000
2023-06-07,127.560000
2023-06-08,128.860000
2023-06-09,128.930000
2023-06-12,127.410000
2023-06-13,128.860000
2023-06-14,126.520000
2023-06-15,128.790000
2023-06-16,128.470000
2023-06-20,126.460000
2023-06-21,126.660000
2023-06-22,123.440000
2023-06-23,123.030000
2023-06-26,123.730000
2023-06-27,124.010000
2023-06-28,123.560000
2023-06-29,125.680000
2023-06-30,125.950000
2023-07-03,127.530000
2023-07-05,126.340000
2023-07-06,123.880000
2023-07-07,125.610000
2023-07-10,125.360000
2023-07-11,126.490000
2023-07-12,127.230000
2023-07-13,129.790000
2023-07-14,125.790000
2023-07-17,127.160000
2023-07-18,130.350000
2023-07-19,132.370000
2023-07-20,133.990000
2023-07-21,134.260000
2023-07-24,135.600000
2023-07-25,133.540000
2023-07-26,136.010000
2023-07-27,133.120000
2023-07-28,135.500000
2023-07-31,136.890000
2023-08-01,135.430000
2023-08-02,134.120000
2023-08-03,133.020000
2023-08-04,131.460000
2023-08-07,132.400000
2023-08-08,130.050000
2023-08-09,127.350000
2023-08-10,128.090000
2023-08-11,129.940000
2023-08-14,127.280000
2023-08-15,123.600000
2023-08-16,122.730000
2023-08-17,123.500000
2023-08-18,123.200000
2023-08-21,122.930000
2023-08-22,119.020000
2023-08-23,119.410000
2023-08-24,117.670000
2023-08-25,117.740000
2023-08-28,118.410000
2023-08-29,120.590000
2023-08-30,120.480000
2023-08-31,120.730000
2023-09-01,122.220000
2023-09-05,120.490000
2023-09-06,118.360000
2023-09-07,115.770000
2023-09-08,116.930000
2023-09-11,118.020000
2023-09-12,124.850000
2023-09-13,123.610000
2023-09-14,126.970000
2023-09-15,126.350000
2023-09-18,124.680000
2023-09-19,124.190000
2023-09-20,123.950000
2023-09-21,122.170000
2023-09-22,120.850000
2023-09-25,122.620000
2023-09-26,121.590000
2023-09-27,121.810000
2023-09-28,122.830000
2023-09-29,122.770000
2023-10-02,120.020000
2023-10-03,119.780000
2023-10-04,120.100000
2023-10-05,120.380000
2023-10-06,120.320000
2023-10-09,120.860000
2023-10-10,122.230000
2023-10-11,122.740000
2023-10-12,121.320000
2023-10-13,118.140000
2023-10-16,118.130000
2023-10-17,119.130000
2023-10-18,115.690000
2023-10-19,115.660000
2023-10-20,111.820000
2023-10-23,109.710000
2023-10-24,111.280000
2023-10-25,111.290000
2023-10-26,114.360000
2023-10-27,111.240000
2023-10-30,112.890000
2023-10-31,114.470000
2023-11-01,113.460000
2023-11-02,119.850000
2023-11-03,123.210000
2023-11-06,121.550000
2023-11-07,120.780000
2023-11-08,120.260000
2023-11-09,119.360000
2023-11-10,120.430000
2023-11-13,119.600000
2023-11-14,126.660000
2023-11-15,128.960000
2023-11-16,129.340000
2023-11-17,130.260000
2023-11-20,130.340000
2023-11-21,127.970000
2023-11-22,127.950000
2023-11-24,128.700000
2023-11-27,128.850000
2023-11-28,129.590000
2023-11-29,132.380000
2023-11-30,133.960000
2023-12-01,139.000000
2023-12-04,140.790000
2023-12-05,138.660000
2023-12-06,139.360000
2023-12-07,139.770000
2023-12-08,140.670000
2023-12-11,141.000000
2023-12-12,140.850000
2023-12-13,146.320000
2023-12-14,153.310000
2023-12-15,152.330000
2023-12-18,151.410000
2023-12-19,154.600000
2023-12-20,149.670000
2023-12-21,151.770000
2023-12-22,152.470000
2023-12-26,154.100000
2023-12-27,155.000000
2023-12-28,155.630000
2023-12-29,154.850000
2024-01-02,156.500000
2024-01-03,151.660000
2024-01-04,152.530000
2024-01-05,156.230000
2024-01-08,157.520000
2024-01-09,154.510000
2024-01-10,155.180000
2024-01-11,152.540000
2024-01-12,148.920000
2024-01-16,149.020000
2024-01-17,148.820000
2024-01-18,146.290000
2024-01-19,150.790000
2024-01-22,149.430000
2024-01-23,149.910000
2024-01-24,150.230000
2024-01-25,151.250000
2024-01-26,151.600000
2024-01-29,153.480000
2024-01-30,154.250000
2024-01-31,151.210000
2024-02-01,145.440000
2024-02-02,148.130000
2024-02-05,145.830000
2024-02-06,149.290000
2024-02-07,148.170000
2024-02-08,147.930000
2024-02-09,147.770000
2024-02-12,149.140000
2024-02-13,145.260000
2024-02-14,147.870000
2024-02-15,149.630000
2024-02-16,148.850000
2024-02-20,146.700000
2024-02-21,146.570000
2024-02-22,145.390000
2024-02-23,146.120000
2024-02-26,144.850000
2024-02-27,145.950000
2024-02-28,145.690000
2024-02-29,147.200000
2024-03-01,147.810000
2024-03-04,153.740000
2024-03-05,155.120000
2024-03-06,150.380000
2024-03-07,150.440000
2024-03-08,150.330000
2024-03-11,152.840000
2024-03-12,150.980000
2024-03-13,152.720000
2024-03-14,148.490000
2024-03-15,148.780000
2024-03-18,149.600000
2024-03-19,150.110000
2024-03-20,153.810000
2024-03-21,157.810000
2024-03-22,155.510000
2024-03-25,155.040000
2024-03-26,155.030000
2024-03-27,159.970000
2024-03-28,161.600000
2024-04-01,159.940000
2024-04-02,157.540000
2024-04-03,157.140000
2024-04-04,156.880000
2024-04-05,157.370000
2024-04-08,160.960000
2024-04-09,161.400000
2024-04-10,155.030000
2024-04-11,154.080000
2024-04-12,150.630000
2024-04-15,149.560000
2024-04-16,146.540000
2024-04-17,147.250000
2024-04-18,148.010000
2024-04-19,152.300000
2024-04-22,155.930000
2024-04-23,157.610000
2024-04-24,158.060000
2024-04-25,156.300000
2024-04-26,156.110000
2024-04-29,155.780000
2024-04-30,153.260000
2024-05-01,153.980000
2024-05-02,155.680000
2024-05-03,156.220000
2024-05-06,156.430000
2024-05-07,156.150000
2024-05-08,157.210000
2024-05-09,157.120000
2024-05-10,157.580000
2024-05-13,158.050000
2024-05-14,159.400000
2024-05-15,161.340000
2024-05-16,160.890000
2024-05-17,160.350000
2024-05-20,157.140000
2024-05-21,158.550000
2024-05-22,156.500000
2024-05-23,152.770000
2024-05-24,154.260000
2024-05-28,152.340000
2024-05-29,151.160000
2024-05-30,153.920000
2024-05-31,157.460000
2024-06-03,155.010000
2024-06-04,154.160000
2024-06-05,154.600000
2024-06-06,154.970000
2024-06-07,155.880000
2024-06-10,152.690000
2024-06-11,150.250000
2024-06-12,152.640000
2024-06-13,151.750000
2024-06-14,151.090000
2024-06-17,152.780000
2024-06-18,154.480000
2024-06-20,153.180000
2024-06-21,153.200000
2024-06-24,154.900000
2024-06-25,151.900000
2024-06-26,151.810000
2024-06-27,151.930000
2024-06-28,155.480000
2024-07-01,156.140000
2024-07-02,158.840000
2024-07-03,157.790000
2024-07-05,156.510000
2024-07-08,158.770000
2024-07-09,161.510000
2024-07-10,164.300000
2024-07-11,168.300000
2024-07-12,168.560000
2024-07-15,169.020000
2024-07-16,176.980000
2024-07-17,179.710000
2024-07-18,176.070000
2024-07-19,175.510000
2024-07-22,177.150000
2024-07-23,178.620000
2024-07-24,177.400000
2024-07-25,180.000000
2024-07-26,181.210000
2024-07-29,181.000000
2024-07-30,181.980000
2024-07-31,181.100000
2024-08-01,175.990000
2024-08-02,170.000000
2024-08-05,165.820000
2024-08-06,169.090000
2024-08-07,166.750000
2024-08-08,170.280000
2024-08-09,169.920000
2024-08-12,167.020000
2024-08-13,168.210000
2024-08-14,168.370000
2024-08-15,171.820000
2024-08-16,173.000000
2024-08-19,174.500000
2024-08-20,173.590000
2024-08-21,173.370000
2024-08-22,174.920000
2024-08-23,178.100000
2024-08-26,178.110000
2024-08-27,179.150000
2024-08-28,181.780000
2024-08-29,183.040000
2024-08-30,185.090000
2024-09-03,184.500000
2024-09-04,182.360000
2024-09-05,180.950000
2024-09-06,176.700000
2024-09-09,182.610000
2024-09-10,178.780000
2024-09-11,177.120000
2024-09-12,177.600000
2024-09-13,177.240000
2024-09-16,180.920000
2024-09-17,181.490000
2024-09-18,182.570000
2024-09-19,187.200000
2024-09-20,186.360000
2024-09-23,185.090000
2024-09-24,184.620000
2024-09-25,181.770000
2024-09-26,183.320000
2024-09-27,183.070000
2024-09-30,184.850000
2024-10-01,179.890000
2024-10-02,179.400000
2024-10-03,178.390000
2024-10-04,182.260000
2024-10-07,182.230000
2024-10-08,180.860000
2024-10-09,183.270000
2024-10-10,183.370000
2024-10-11,187.770000
2024-10-14,188.520000
2024-10-15,192.340000
2024-10-16,189.930000
2024-10-17,188.800000
2024-10-18,189.380000
2024-10-21,185.640000
2024-10-22,186.280000
2024-10-23,188.210000
2024-10-24,188.940000
2024-10-25,185.820000
2024-10-28,189.830000
2024-10-29,187.850000
2024-10-30,190.220000
2024-10-31,188.270000
2024-11-01,187.150000
2024-11-04,185.950000
2024-11-05,188.800000
2024-11-06,204.970000
2024-11-07,203.210000
2024-11-08,203.970000
2024-11-11,209.710000
2024-11-12,211.040000
2024-11-13,209.300000
2024-11-14,207.960000
2024-11-15,207.680000
2024-11-18,206.830000
2024-11-19,204.860000
2024-11-20,203.950000
2024-11-21,205.750000
2024-11-22,210.070000
2024-11-25,212.470000
2024-11-26,214.200000
2024-11-27,215.000000
2024-11-29,214.720000
2024-12-02,211.360000
2024-12-03,209.010000
2024-12-04,207.920000
2024-12-05,208.830000
2024-12-06,208.630000
2024-12-09,204.500000
2024-12-10,204.440000
2024-12-11,203.380000
2024-12-12,202.310000
2024-12-13,201.500000
2024-12-16,200.530000
2024-12-17,198.300000
2024-12-18,191.960000
2024-12-19,190.030000
2024-12-20,192.760000
2024-12-23,193.120000
2024-12-24,194.080000
2024-12-26,194.770000
2024-12-27,193.280000
2024-12-30,192.530000
2024-12-31,192.850000
2025-01-02,191.390000
2025-01-03,195.630000
2025-01-06,195.590000
2025-01-07,194.770000
2025-01-08,194.680000
2025-01-10,189.020000
2025-01-13,192.430000
2025-01-14,195.710000
2025-01-15,200.440000
2025-01-16,196.540000
2025-01-17,198.540000
2025-01-21,198.560000
2025-01-22,196.300000
2025-01-23,197.650000
2025-01-24,199.530000
2025-01-27,202.890000
2025-01-28,201.720000
2025-01-29,202.180000
2025-01-30,202.070000
2025-01-31,200.950000
2025-02-03,197.640000
2025-02-04,198.980000
2025-02-05,198.890000
2025-02-06,202.430000
2025-02-07,200.720000
2025-02-10,197.280000
2025-02-11,199.220000
2025-02-12,195.590000
2025-02-13,195.430000
2025-02-14,193.910000
2025-02-18,196.520000
2025-02-19,194.210000
2025-02-20,191.890000
2025-02-21,188.050000
2025-02-24,186.960000
2025-02-25,186.470000
2025-02-26,187.020000
2025-02-27,188.560000
2025-02-28,191.920000
2025-03-03,189.490000
2025-03-04,180.450000
2025-03-05,180.470000
2025-03-06,178.980000
2025-03-07,179.770000
2025-03-10,174.610000
2025-03-11,170.060000
2025-03-12,171.010000
2025-03-13,168.840000
2025-03-14,172.990000
2025-03-17,174.000000
2025-03-18,173.350000
2025-03-19,173.830000
2025-03-20,173.410000
2025-03-21,173.610000
2025-03-24,176.540000
2025-03-25,176.880000
2025-03-26,176.920000
2025-03-27,174.970000
2025-03-28,171.880000
2025-03-31,175.770000
2025-04-01,174.640000
2025-04-02,177.010000
2025-04-03,161.290000
2025-04-04,153.100000
2025-04-07,152.810000
2025-04-08,149.760000
2025-04-09,160.230000
2025-04-10,152.160000
2025-04-11,151.990000
2025-04-14,155.320000
2025-04-15,155.390000
2025-04-16,151.540000
2025-04-17,152.330000
2025-04-21,150.130000
2025-04-22,154.450000
2025-04-23,157.410000
2025-04-24,159.750000
2025-04-25,158.460000
2025-04-28,159.650000
2025-04-29,160.600000
2025-04-30,160.690000
2025-05-01,160.990000
2025-05-02,165.540000
2025-05-05,165.700000
2025-05-06,163.530000
2025-05-07,163.980000
2025-05-08,166.730000
2025-05-09,166.440000
2025-05-12,175.000000
2025-05-13,177.530000
2025-05-14,177.850000
2025-05-15,179.460000
2025-05-16,179.420000
2025-05-19,178.640000
2025-05-20,177.480000
2025-05-21,172.270000
2025-05-22,172.990000
2025-05-23,171.820000
2025-05-27,176.240000
2025-05-28,173.970000
2025-05-29,175.100000
2025-05-30,173.810000
2025-06-02,173.940000
2025-06-03,176.310000
2025-06-04,174.860000
2025-06-05,174.700000
2025-06-06,178.630000
2025-06-09,178.740000
2025-06-10,179.410000
2025-06-11,177.740000
2025-06-12,177.740000
2025-06-13,173.370000
2025-06-16,175.140000
2025-06-17,173.200000
2025-06-18,175.270000
2025-06-20,177.390000
2025-06-23,180.750000
2025-06-24,182.020000
2025-06-25,182.510000
2025-06-26,185.510000
2025-06-27,185.750000
2025-06-30,186.420000
2025-07-01,192.520000
2025-07-02,195.710000
2025-07-03,196.570000
2025-07-07,196.250000
2025-07-08,198.000000
2025-07-09,196.140000
2025-07-10,197.950000
2025-07-11,197.020000
2025-07-14,197.390000
2025-07-15,192.140000
2025-07-16,193.930000
2025-07-17,195.990000
2025-07-18,196.520000
2025-07-21,196.030000
2025-07-22,196.780000
2025-07-23,197.760000
2025-07-24,196.150000
2025-07-25,196.050000
2025-07-28,193.970000
2025-07-29,193.370000
2025-07-30,192.550000
2025-07-31,190.270000
2025-08-01,185.880000
2025-08-04,189.070000
2025-08-05,188.990000
2025-08-06,188.560000
2025-08-07,187.120000
2025-08-08,189.740000
2025-08-11,188.530000
2025-08-12,191.230000
2025-08-13,193.400000
2025-08-14,194.570000
2025-08-15,191.270000
2025-08-18,192.010000
2025-08-19,192.990000
2025-08-20,195.000000
2025-08-21,194.000000
2025-08-22,201.690000
2025-08-25,200.700000
2025-08-26,203.460000
2025-08-27,206.040000
2025-08-28,205.620000
2025-08-29,207.440000
2025-09-02,205.420000
2025-09-03,205.000000
2025-09-04,207.360000
2025-09-05,204.400000
2025-09-08,203.770000
2025-09-09,200.410000
2025-09-10,201.890000
2025-09-11,202.750000
2025-09-12,201.980000
2025-09-15,202.460000
2025-09-16,200.940000
2025-09-17,203.770000
2025-09-18,206.270000
2025-09-19,205.520000
2025-09-22,203.120000
2025-09-23,203.920000
2025-09-24,204.080000
2025-09-25,202.740000
2025-09-26,203.320000
2025-09-29,201.850000
2025-09-30,200.930000
2025-10-01,198.440000
2025-10-02,198.160000
2025-10-03,198.460000
2025-10-06,195.620000
2025-10-07,193.810000
2025-10-08,190.160000
2025-10-09,190.670000
2025-10-10,183.950000
2025-10-13,186.920000
2025-10-14,189.730000
2025-10-15,182.340000
2025-10-16,178.370000
2025-10-17,179.400000
2025-10-20,182.170000
2025-10-21,181.910000
2025-10-22,181.200000
2025-10-23,181.950000
2025-10-24,186.440000
2025-10-27,184.860000
2025-10-28,182.840000
2025-10-29,181.020000
2025-10-30,182.320000
2025-10-31,182.550000
2025-11-03,182.740000
2025-11-04,182.950000
2025-11-05,184.150000
2025-11-06,182.920000
2025-11-07,184.200000
2025-11-10,185.090000
2025-11-11,184.820000
2025-11-12,186.910000
2025-11-13,183.990000
2025-11-14,183.990000
2025-11-17,179.040000
2025-11-18,180.080000
2025-11-19,182.970000
2025-11-20,183.540000
2025-11-21,186.990000
2025-11-24,188.520000
2025-11-25,192.590000
2025-11-26,191.880000
2025-11-28,190.720000
2025-12-01,192.400000
2025-12-02,192.050000
2025-12-03,198.000000
2025-12-04,198.270000
2025-12-05,197.860000
2025-12-08,197.650000
2025-12-09,202.150000
2025-12-10,206.970000
2025-12-11,211.490000
2025-12-12,210.590000
2025-12-15,210.890000
2025-12-16,209.980000
2025-12-17,210.300000
2025-12-18,209.500000
2025-12-19,210.200000
2025-12-22,212.900000
2025-12-23,211.950000
2025-12-24,213.480000
2025-12-26,213.890000
2025-12-29,211.970000
2025-12-30,211.060000
2025-12-31,208.730000
2026-01-02,211.460000
2026-01-05,215.800000
2026-01-06,218.040000
2026-01-07,216.270000
2026-01-08,218.640000
2026-01-09,217.550000
2026-01-12,215.740000
2026-01-13,212.450000
2026-01-14,212.320000
2026-01-15,215.040000
2026-01-16,223.180000
2026-01-20,220.960000
2026-01-21,225.490000
2026-01-22,222.000000
2026-01-23,219.390000
2026-01-26,220.750000
2026-01-27,223.700000
2026-01-28,221.390000
2026-01-29,224.460000
2026-01-30,223.300000
2026-02-02,227.630000
2026-02-03,233.820000
2026-02-04,237.250000
2026-02-05,238.510000
2026-02-06,242.480000
2026-02-09,240.950000
2026-02-10,240.330000
2026-02-11,235.480000
2026-02-12,229.680000
2026-02-13,229.320000
2026-02-17,231.240000
2026-02-18,232.740000
2026-02-19,230.300000
2026-02-20,232.970000
2026-02-23,220.770000
2026-02-24,217.910000
2026-02-25,221.950000
2026-02-26,222.820000
2026-02-27,212.350000
2026-03-02,214.230000
2026-03-03,213.050000
2026-03-04,213.860000
2026-03-05,212.370000
2026-03-06,206.120000
2026-03-09,205.340000
2026-03-10,206.390000
2026-03-11,205.640000
2026-03-12,202.690000
2026-03-13,201.130000
2026-03-16,200.750000
2026-03-17,203.920000
2026-03-18,201.170000
2026-03-19,202.050000
2026-03-20,201.710000
2026-03-23,203.930000
2026-03-24,206.350000
2026-03-25,205.950000
2026-03-26,205.460000
2026-03-27,202.390000
2026-03-30,201.660000
2026-03-31,208.090000
2026-04-01,209.240000
2026-04-02,211.700000
2026-04-06,213.140000
2026-04-07,213.920000
2026-04-08,220.760000
2026-04-09,223.230000
2026-04-10,221.130000
2026-04-13,223.000000
2026-04-14,221.200000
2026-04-15,222.060000
2026-04-16,220.070000
2026-04-17,224.810000
2026-04-20,227.030000
2026-04-21,228.050000
2026-04-22,225.060000
2026-04-23,225.090000
2026-04-24,219.860000
2026-04-27,221.330000
2026-04-28,220.890000
2026-04-29,218.710000
2026-04-30,223.000000
2026-05-01,220.710000
2026-05-04,218.040000
2026-05-05,221.630000
2026-05-06,222.420000
2026-05-07,219.290000
2026-05-08,216.850000
2026-05-11,214.590000
2026-05-12,215.210000
2026-05-13,209.860000
2026-05-14,213.450000
2026-05-15,212.840000
2026-05-18,213.720000
2026-05-19,213.270000
2026-05-20,216.830000
2026-05-21,218.370000
2026-05-22,219.230000
2026-05-26,220.810000
2026-05-27,220.800000
2026-05-28,219.780000
2026-05-29,221.120000
2026-06-01,216.070000
2026-06-02,221.000000
2026-06-03,218.270000
2026-06-04,227.080000
2026-06-05,228.370000
2026-06-08,227.140000
2026-06-09,232.180000
2026-06-10,232.640000
2026-06-11,233.940000
2026-06-12,237.660000
2026-06-15,230.560000
2026-06-16,234.690000
2026-06-17,233.130000
2026-06-18,232.040000
2026-06-22,234.710000
2026-06-23,238.670000
2026-06-24,239.920000
2026-06-25,245.280000
2026-06-26,244.990000
2026-06-29,246.730000
2026-06-30,246.220000
2026-07-01,251.620000
2026-07-02,249.490000
2026-07-06,253.180000
2026-07-07,254.010000
2026-07-08,246.530000
2026-07-09,250.910000
2026-07-10,251.910000
2026-07-13,252.850000
2026-07-14,251.880000
2026-07-15,254.150000
2026-07-16,255.200000
2026-07-17,252.860000
2026-07-20,250.140000
2026-07-21,250.380000
2026-07-22,252.510000
2026-07-23,249.260000
2026-07-24,250.990000
2026-07-27,249.640000
2026-07-28,251.600000
2026-07-29,248.490000
2026-07-30,248.710000
2026-07-31,249.870000
2026-08-03,251.720000
2026-08-04,254.140000
2026-08-05,255.370000
2026-08-06,252.760000
2026-08-07,252.560000
2026-08-10,251.760000
2026-08-11,254.230000
2026-08-12,255.460000
2026-08-13,255.200000
2026-08-14,256.970000
2026-08-17,254.550000
2026-08-18,254.280000
2026-08-19,246.460000
2026-08-20,241.620000
2026-08-21,243.130000
2026-08-24,243.680000
2026-08-25,244.110000
2026-08-26,244.670000
2026-08-27,243.510000
