d,c
2009-01-02,75.580000
2009-01-05,72.090000
2009-01-06,74.080000
2009-01-07,69.260000
2009-01-08,67.650000
2009-01-09,65.610000
2009-01-12,63.740000
2009-01-13,64.820000
2009-01-14,62.930000
2009-01-15,64.590000
2009-01-16,67.340000
2009-01-20,59.920000
2009-01-21,66.590000
2009-01-22,61.790000
2009-01-23,63.870000
2009-01-26,64.110000
2009-01-27,65.380000
2009-01-28,69.990000
2009-01-29,63.670000
2009-01-30,61.870000
2009-02-02,63.580000
2009-02-03,62.450000
2009-02-04,62.590000
2009-02-05,61.730000
2009-02-06,65.010000
2009-02-09,65.750000
2009-02-10,60.390000
2009-02-11,62.030000
2009-02-12,61.920000
2009-02-13,57.520000
2009-02-17,54.000000
2009-02-18,55.140000
2009-02-19,51.560000
2009-02-20,55.070000
2009-02-23,51.370000
2009-02-24,55.830000
2009-02-25,54.030000
2009-02-26,52.430000
2009-02-27,55.480000
2009-03-02,50.300000
2009-03-03,50.060000
2009-03-04,49.950000
2009-03-05,48.050000
2009-03-06,48.830000
2009-03-09,50.300000
2009-03-10,57.420000
2009-03-11,54.910000
2009-03-12,58.070000
2009-03-13,56.770000
2009-03-16,52.820000
2009-03-17,57.100000
2009-03-18,58.670000
2009-03-19,55.690000
2009-03-20,51.540000
2009-03-23,59.190000
2009-03-24,54.420000
2009-03-25,55.040000
2009-03-26,57.400000
2009-03-27,54.140000
2009-03-30,51.740000
2009-03-31,55.250000
2009-04-01,54.750000
2009-04-02,58.380000
2009-04-03,62.110000
2009-04-06,62.270000
2009-04-07,56.920000
2009-04-08,58.790000
2009-04-09,65.030000
2009-04-13,64.450000
2009-04-14,58.950000
2009-04-15,63.820000
2009-04-16,64.590000
2009-04-17,64.830000
2009-04-20,59.290000
2009-04-21,65.270000
2009-04-22,60.490000
2009-04-23,63.910000
2009-04-24,67.060000
2009-04-27,64.510000
2009-04-28,63.100000
2009-04-29,66.400000
2009-04-30,66.860000
2009-05-01,64.660000
2009-05-04,68.750000
2009-05-05,64.000000
2009-05-06,65.170000
2009-05-07,62.800000
2009-05-08,66.320000
2009-05-11,62.930000
2009-05-12,64.300000
2009-05-13,61.610000
2009-05-14,63.430000
2009-05-15,61.400000
2009-05-18,66.020000
2009-05-19,64.690000
2009-05-20,64.360000
2009-05-21,64.360000
2009-05-22,64.050000
2009-05-26,67.350000
2009-05-27,64.820000
2009-05-28,65.550000
2009-05-29,66.610000
2009-06-01,67.070000
2009-06-02,65.500000
2009-06-03,66.150000
2009-06-04,68.120000
2009-06-05,66.480000
2009-06-08,66.270000
2009-06-09,66.570000
2009-06-10,66.340000
2009-06-11,65.610000
2009-06-12,67.660000
2009-06-15,64.930000
2009-06-16,64.620000
2009-06-17,63.590000
2009-06-18,64.300000
2009-06-19,64.710000
2009-06-22,61.840000
2009-06-23,62.210000
2009-06-24,63.920000
2009-06-25,64.690000
2009-06-26,64.660000
2009-06-29,64.560000
2009-06-30,65.480000
2009-07-01,66.510000
2009-07-02,63.510000
2009-07-06,65.980000
2009-07-07,63.380000
2009-07-08,63.420000
2009-07-09,62.760000
2009-07-10,62.420000
2009-07-13,64.750000
2009-07-14,64.970000
2009-07-15,66.560000
2009-07-16,66.900000
2009-07-17,66.060000
2009-07-20,67.410000
2009-07-21,67.300000
2009-07-22,67.510000
2009-07-23,70.160000
2009-07-24,69.720000
2009-07-27,70.260000
2009-07-28,70.310000
2009-07-29,70.140000
2009-07-30,71.850000
2009-07-31,72.570000
2009-08-03,73.590000
2009-08-04,75.150000
2009-08-05,77.890000
2009-08-06,75.130000
2009-08-07,77.380000
2009-08-10,75.590000
2009-08-11,72.680000
2009-08-12,72.790000
2009-08-13,72.570000
2009-08-14,71.490000
2009-08-17,67.590000
2009-08-18,67.750000
2009-08-19,67.350000
2009-08-20,68.980000
2009-08-21,70.330000
2009-08-24,70.550000
2009-08-25,70.990000
2009-08-26,70.800000
2009-08-27,71.750000
2009-08-28,71.460000
2009-08-31,70.550000
2009-09-01,67.530000
2009-09-02,67.700000
2009-09-03,68.930000
2009-09-04,69.650000
2009-09-08,70.440000
2009-09-09,70.730000
2009-09-10,71.230000
2009-09-11,69.890000
2009-09-14,72.880000
2009-09-15,74.580000
2009-09-16,77.220000
2009-09-17,77.040000
2009-09-18,77.710000
2009-09-21,76.780000
2009-09-22,79.360000
2009-09-23,76.770000
2009-09-24,74.600000
2009-09-25,74.180000
2009-09-28,78.040000
2009-09-29,76.420000
2009-09-30,75.240000
2009-10-01,72.810000
2009-10-02,71.680000
2009-10-05,72.240000
2009-10-06,72.310000
2009-10-07,72.470000
2009-10-08,72.180000
2009-10-09,72.480000
2009-10-12,72.350000
2009-10-13,71.560000
2009-10-14,73.610000
2009-10-15,74.350000
2009-10-16,73.230000
2009-10-19,74.310000
2009-10-20,74.290000
2009-10-21,72.800000
2009-10-22,74.680000
2009-10-23,74.750000
2009-10-26,74.370000
2009-10-27,73.990000
2009-10-28,71.390000
2009-10-29,74.670000
2009-10-30,73.600000
2009-11-02,73.980000
2009-11-03,75.210000
2009-11-04,74.690000
2009-11-05,76.690000
2009-11-06,75.980000
2009-11-09,79.150000
2009-11-10,78.700000
2009-11-11,79.550000
2009-11-12,78.790000
2009-11-13,79.940000
2009-11-16,81.170000
2009-11-17,79.910000
2009-11-18,80.690000
2009-11-19,78.970000
2009-11-20,78.600000
2009-11-23,79.640000
2009-11-24,78.800000
2009-11-25,78.810000
2009-11-27,76.440000
2009-11-30,79.580000
2009-12-01,79.910000
2009-12-02,79.980000
2009-12-03,78.010000
2009-12-04,79.810000
2009-12-07,78.070000
2009-12-08,77.310000
2009-12-09,76.970000
2009-12-10,76.810000
2009-12-11,77.700000
2009-12-14,79.060000
2009-12-15,78.290000
2009-12-16,79.290000
2009-12-17,79.360000
2009-12-18,79.360000
2009-12-21,80.500000
2009-12-22,81.930000
2009-12-23,82.850000
2009-12-24,84.130000
2009-12-28,83.860000
2009-12-29,82.620000
2009-12-30,82.850000
2009-12-31,81.450000
2010-01-04,80.130000
2010-01-05,80.790000
2010-01-06,80.300000
2010-01-07,80.190000
2010-01-08,78.730000
2010-01-11,79.270000
2010-01-12,77.980000
2010-01-13,79.520000
2010-01-14,79.120000
2010-01-15,78.970000
2010-01-19,80.640000
2010-01-20,79.750000
2010-01-21,78.740000
2010-01-22,77.670000
2010-01-25,78.760000
2010-01-26,78.330000
2010-01-27,79.960000
2010-01-28,78.550000
2010-01-29,79.180000
2010-02-01,80.470000
2010-02-02,81.140000
2010-02-03,79.810000
2010-02-04,76.680000
2010-02-05,77.630000
2010-02-08,76.020000
2010-02-09,75.810000
2010-02-10,76.050000
2010-02-11,76.740000
2010-02-12,76.550000
2010-02-16,78.080000
2010-02-17,78.750000
2010-02-18,79.950000
2010-02-19,81.700000
2010-02-22,81.340000
2010-02-23,80.330000
2010-02-24,81.530000
2010-02-25,81.910000
2010-02-26,82.190000
2010-03-01,84.620000
2010-03-02,85.140000
2010-03-03,84.790000
2010-03-04,85.840000
2010-03-05,87.420000
2010-03-08,87.580000
2010-03-09,87.690000
2010-03-10,87.810000
2010-03-11,88.150000
2010-03-12,88.990000
2010-03-15,88.900000
2010-03-16,90.750000
2010-03-17,91.740000
2010-03-18,91.820000
2010-03-19,90.910000
2010-03-22,91.790000
2010-03-23,92.130000
2010-03-24,92.930000
2010-03-25,92.100000
2010-03-26,92.140000
2010-03-29,92.640000
2010-03-30,93.160000
2010-03-31,91.990000
2010-04-01,92.400000
2010-04-05,93.780000
2010-04-06,94.700000
2010-04-07,93.180000
2010-04-08,93.050000
2010-04-09,94.630000
2010-04-12,93.930000
2010-04-13,95.180000
2010-04-14,95.170000
2010-04-15,93.270000
2010-04-16,91.860000
2010-04-19,92.460000
2010-04-20,93.730000
2010-04-21,94.380000
2010-04-22,95.910000
2010-04-23,96.140000
2010-04-26,97.210000
2010-04-27,94.860000
2010-04-28,95.120000
2010-04-29,99.220000
2010-04-30,96.910000
2010-05-03,100.110000
2010-05-04,98.270000
2010-05-05,96.980000
2010-05-06,94.250000
2010-05-07,92.960000
2010-05-10,98.410000
2010-05-11,97.860000
2010-05-12,98.600000
2010-05-13,97.510000
2010-05-14,93.840000
2010-05-17,94.080000
2010-05-18,91.180000
2010-05-19,90.800000
2010-05-20,87.030000
2010-05-21,90.470000
2010-05-24,88.900000
2010-05-25,89.920000
2010-05-26,90.980000
2010-05-27,94.120000
2010-05-28,92.690000
2010-06-01,91.190000
2010-06-02,92.870000
2010-06-03,91.890000
2010-06-04,87.720000
2010-06-07,86.600000
2010-06-08,88.210000
2010-06-09,87.850000
2010-06-10,91.000000
2010-06-11,91.270000
2010-06-14,91.510000
2010-06-15,93.630000
2010-06-16,93.700000
2010-06-17,93.840000
2010-06-18,93.820000
2010-06-21,92.830000
2010-06-22,91.840000
2010-06-23,93.180000
2010-06-24,91.170000
2010-06-25,93.280000
2010-06-28,91.710000
2010-06-29,89.470000
2010-06-30,87.910000
2010-07-01,88.100000
2010-07-02,86.680000
2010-07-06,85.780000
2010-07-07,90.000000
2010-07-08,91.280000
2010-07-09,92.380000
2010-07-12,92.900000
2010-07-13,95.470000
2010-07-14,95.500000
2010-07-15,94.710000
2010-07-16,91.380000
2010-07-19,92.270000
2010-07-20,94.460000
2010-07-21,92.930000
2010-07-22,96.080000
2010-07-23,96.660000
2010-07-26,98.680000
2010-07-27,98.780000
2010-07-28,98.670000
2010-07-29,98.680000
2010-07-30,98.120000
2010-08-02,101.720000
2010-08-03,101.370000
2010-08-04,101.980000
2010-08-05,101.070000
2010-08-06,99.340000
2010-08-09,101.210000
2010-08-10,100.540000
2010-08-11,98.450000
2010-08-12,97.830000
2010-08-13,98.160000
2010-08-16,98.460000
2010-08-17,102.330000
2010-08-18,101.470000
2010-08-19,98.570000
2010-08-20,97.750000
2010-08-23,97.030000
2010-08-24,96.090000
2010-08-25,97.960000
2010-08-26,97.020000
2010-08-27,97.930000
2010-08-30,97.350000
2010-08-31,98.020000
2010-09-01,100.630000
2010-09-02,102.490000
2010-09-03,103.620000
2010-09-07,102.680000
2010-09-08,102.400000
2010-09-09,101.280000
2010-09-10,102.160000
2010-09-13,103.610000
2010-09-14,103.500000
2010-09-15,104.130000
2010-09-16,103.250000
2010-09-17,102.710000
2010-09-20,103.830000
2010-09-21,101.040000
2010-09-22,101.130000
2010-09-23,97.750000
2010-09-24,100.970000
2010-09-27,99.020000
2010-09-28,98.360000
2010-09-29,97.020000
2010-09-30,97.040000
2010-10-01,97.980000
2010-10-04,97.470000
2010-10-05,97.980000
2010-10-06,96.350000
2010-10-07,97.130000
2010-10-08,97.670000
2010-10-11,98.290000
2010-10-12,99.630000
2010-10-13,101.290000
2010-10-14,102.160000
2010-10-15,100.960000
2010-10-18,101.920000
2010-10-19,100.800000
2010-10-20,102.620000
2010-10-21,102.860000
2010-10-22,103.080000
2010-10-25,102.290000
2010-10-26,101.590000
2010-10-27,100.030000
2010-10-28,99.880000
2010-10-29,99.220000
2010-11-01,102.680000
2010-11-02,103.320000
2010-11-03,102.100000
2010-11-04,104.900000
2010-11-05,104.740000
2010-11-08,104.140000
2010-11-09,101.240000
2010-11-10,102.990000
2010-11-11,102.470000
2010-11-12,101.160000
2010-11-15,99.590000
2010-11-16,95.100000
2010-11-17,95.530000
2010-11-18,96.180000
2010-11-19,97.060000
2010-11-22,98.010000
2010-11-23,96.800000
2010-11-24,98.430000
2010-11-26,98.010000
2010-11-29,97.460000
2010-11-30,96.600000
2010-12-01,98.210000
2010-12-02,99.290000
2010-12-03,99.180000
2010-12-06,98.940000
2010-12-07,99.760000
2010-12-08,98.590000
2010-12-09,98.980000
2010-12-10,100.420000
2010-12-13,99.330000
2010-12-14,99.220000
2010-12-15,98.230000
2010-12-16,97.410000
2010-12-17,98.200000
2010-12-20,100.240000
2010-12-21,100.460000
2010-12-22,100.890000
2010-12-23,100.260000
2010-12-27,101.410000
2010-12-28,101.720000
2010-12-29,101.750000
2010-12-30,101.450000
2010-12-31,101.420000
2011-01-04,100.990000
2011-01-05,101.990000
2011-01-06,101.770000
2011-01-07,101.740000
2011-01-10,101.120000
2011-01-11,100.750000
2011-01-12,101.300000
2011-01-13,102.360000
2011-01-14,103.720000
2011-01-18,104.840000
2011-01-19,103.620000
2011-01-20,103.960000
2011-01-21,105.520000
2011-01-24,105.120000
2011-01-25,106.740000
2011-01-26,107.000000
2011-01-27,108.520000
2011-01-28,106.470000
2011-01-31,108.980000
2011-02-01,108.890000
2011-02-02,109.130000
2011-02-03,109.800000
2011-02-04,109.110000
2011-02-07,110.280000
2011-02-08,110.210000
2011-02-09,110.600000
2011-02-10,111.030000
2011-02-11,111.360000
2011-02-14,111.000000
2011-02-15,110.200000
2011-02-16,110.870000
2011-02-17,110.390000
2011-02-18,111.650000
2011-02-22,110.860000
2011-02-23,108.990000
2011-02-24,108.960000
2011-02-25,110.570000
2011-02-28,112.250000
2011-03-01,109.820000
2011-03-02,109.070000
2011-03-03,110.500000
2011-03-04,109.110000
2011-03-07,109.240000
2011-03-08,112.580000
2011-03-09,112.310000
2011-03-10,110.440000
2011-03-11,110.780000
2011-03-14,109.660000
2011-03-15,108.990000
2011-03-16,106.770000
2011-03-17,107.910000
2011-03-18,107.620000
2011-03-21,109.220000
2011-03-22,108.090000
2011-03-23,107.150000
2011-03-24,107.390000
2011-03-25,108.050000
2011-03-28,107.860000
2011-03-29,109.060000
2011-03-30,110.300000
2011-03-31,110.910000
2011-04-01,111.000000
2011-04-04,111.730000
2011-04-05,111.190000
2011-04-06,110.770000
2011-04-07,110.000000
2011-04-08,108.500000
2011-04-11,108.730000
2011-04-12,108.180000
2011-04-13,107.770000
2011-04-14,109.650000
2011-04-15,111.470000
2011-04-18,110.580000
2011-04-19,111.790000
2011-04-20,112.350000
2011-04-21,112.300000
2011-04-25,113.880000
2011-04-26,115.450000
2011-04-27,116.580000
2011-04-28,118.660000
2011-04-29,117.310000
2011-05-02,116.900000
2011-05-03,116.310000
2011-05-04,116.350000
2011-05-05,115.960000
2011-05-06,116.030000
2011-05-09,117.640000
2011-05-10,119.860000
2011-05-11,119.150000
2011-05-12,117.530000
2011-05-13,116.330000
2011-05-16,116.930000
2011-05-17,117.040000
2011-05-18,117.690000
2011-05-19,117.310000
2011-05-20,116.080000
2011-05-23,113.730000
2011-05-24,113.830000
2011-05-25,114.370000
2011-05-26,115.590000
2011-05-27,115.970000
2011-05-31,118.340000
2011-06-01,115.220000
2011-06-02,115.060000
2011-06-03,115.920000
2011-06-06,114.430000
2011-06-07,115.680000
2011-06-08,116.230000
2011-06-09,114.990000
2011-06-10,112.220000
2011-06-13,110.870000
2011-06-14,111.910000
2011-06-15,109.710000
2011-06-16,110.700000
2011-06-17,111.770000
2011-06-20,112.190000
2011-06-21,112.340000
2011-06-22,111.690000
2011-06-23,108.770000
2011-06-24,110.730000
2011-06-27,111.090000
2011-06-28,111.850000
2011-06-29,113.540000
2011-06-30,114.010000
2011-07-01,115.810000
2011-07-05,117.470000
2011-07-06,118.110000
2011-07-07,118.910000
2011-07-08,119.400000
2011-07-11,118.390000
2011-07-12,119.730000
2011-07-13,118.270000
2011-07-14,117.840000
2011-07-15,119.190000
2011-07-18,118.090000
2011-07-19,120.140000
2011-07-20,121.040000
2011-07-21,122.940000
2011-07-22,123.230000
2011-07-25,122.530000
2011-07-26,122.640000
2011-07-27,119.190000
2011-07-28,119.360000
2011-07-29,119.630000
2011-08-01,118.800000
2011-08-02,116.400000
2011-08-03,117.080000
2011-08-04,110.820000
2011-08-05,110.310000
2011-08-08,102.070000
2011-08-09,112.770000
2011-08-10,109.620000
2011-08-11,117.510000
2011-08-12,116.970000
2011-08-15,119.820000
2011-08-16,120.270000
2011-08-17,120.360000
2011-08-18,115.820000
2011-08-19,113.950000
2011-08-22,115.300000
2011-08-23,119.490000
2011-08-24,120.040000
2011-08-25,117.770000
2011-08-26,120.110000
2011-08-29,122.450000
2011-08-30,123.340000
2011-08-31,123.730000
2011-09-01,121.240000
2011-09-02,118.590000
2011-09-06,118.890000
2011-09-07,123.630000
2011-09-08,123.850000
2011-09-09,120.660000
2011-09-12,120.630000
2011-09-13,120.050000
2011-09-14,121.910000
2011-09-15,122.920000
2011-09-16,122.940000
2011-09-19,120.530000
2011-09-20,120.650000
2011-09-21,116.860000
2011-09-22,114.700000
2011-09-23,113.700000
2011-09-26,114.710000
2011-09-27,115.220000
2011-09-28,113.020000
2011-09-29,113.630000
2011-09-30,111.350000
2011-10-03,105.780000
2011-10-04,109.910000
2011-10-05,109.960000
2011-10-06,111.750000
2011-10-07,108.230000
2011-10-10,114.590000
2011-10-11,112.080000
2011-10-12,114.360000
2011-10-13,113.500000
2011-10-14,114.910000
2011-10-17,113.860000
2011-10-18,117.290000
2011-10-19,115.340000
2011-10-20,116.020000
2011-10-21,119.660000
2011-10-24,123.130000
2011-10-25,122.450000
2011-10-26,124.690000
2011-10-27,128.290000
2011-10-28,131.520000
2011-10-31,129.050000
2011-11-01,126.270000
2011-11-02,127.370000
2011-11-03,127.260000
2011-11-04,124.820000
2011-11-07,125.500000
2011-11-08,126.740000
2011-11-09,121.880000
2011-11-10,124.080000
2011-11-11,125.660000
2011-11-14,123.020000
2011-11-15,125.070000
2011-11-16,124.130000
2011-11-17,123.450000
2011-11-18,125.110000
2011-11-21,123.180000
2011-11-22,123.920000
2011-11-23,121.900000
2011-11-25,122.300000
2011-11-28,125.890000
2011-11-29,126.610000
2011-11-30,131.900000
2011-12-01,129.500000
2011-12-02,129.550000
2011-12-05,128.490000
2011-12-06,129.120000
2011-12-07,130.120000
2011-12-08,127.520000
2011-12-09,129.220000
2011-12-12,127.200000
2011-12-13,125.440000
2011-12-14,127.000000
2011-12-15,127.070000
2011-12-16,128.390000
2011-12-19,127.830000
2011-12-20,130.860000
2011-12-21,131.530000
2011-12-22,133.200000
2011-12-23,134.510000
2011-12-27,135.710000
2011-12-28,133.940000
2011-12-29,135.200000
2011-12-30,134.460000
2012-01-03,135.190000
2012-01-04,131.360000
2012-01-05,133.030000
2012-01-06,132.280000
2012-01-09,132.120000
2012-01-10,133.630000
2012-01-11,134.220000
2012-01-12,133.760000
2012-01-13,134.940000
2012-01-17,134.870000
2012-01-18,135.550000
2012-01-19,135.660000
2012-01-20,135.830000
2012-01-23,135.980000
2012-01-24,135.600000
2012-01-25,135.910000
2012-01-26,136.650000
2012-01-27,137.520000
2012-01-30,137.160000
2012-01-31,138.860000
2012-02-01,138.520000
2012-02-02,139.250000
2012-02-03,141.340000
2012-02-06,138.910000
2012-02-07,139.380000
2012-02-08,139.530000
2012-02-09,138.190000
2012-02-10,137.710000
2012-02-13,140.090000
2012-02-14,138.520000
2012-02-15,136.870000
2012-02-16,139.540000
2012-02-17,138.740000
2012-02-21,136.990000
2012-02-22,136.220000
2012-02-23,138.390000
2012-02-24,137.120000
2012-02-27,135.630000
2012-02-28,135.030000
2012-02-29,134.070000
2012-03-01,134.150000
2012-03-02,133.400000
2012-03-05,133.500000
2012-03-06,131.340000
2012-03-07,131.040000
2012-03-08,129.340000
2012-03-09,130.720000
2012-03-12,130.160000
2012-03-13,132.530000
2012-03-14,132.460000
2012-03-15,133.820000
2012-03-16,136.520000
2012-03-19,136.920000
2012-03-20,137.140000
2012-03-21,136.930000
2012-03-22,135.500000
2012-03-23,137.070000
2012-03-26,137.890000
2012-03-27,137.280000
2012-03-28,137.040000
2012-03-29,137.570000
2012-03-30,138.170000
2012-04-02,138.820000
2012-04-03,138.360000
2012-04-04,136.620000
2012-04-05,136.360000
2012-04-09,135.590000
2012-04-10,134.330000
2012-04-11,136.820000
2012-04-12,137.970000
2012-04-13,136.780000
2012-04-16,137.920000
2012-04-17,138.620000
2012-04-18,137.610000
2012-04-19,137.780000
2012-04-20,139.720000
2012-04-23,138.620000
2012-04-24,141.660000
2012-04-25,142.490000
2012-04-26,142.670000
2012-04-27,143.930000
2012-04-30,143.260000
2012-05-01,145.040000
2012-05-02,145.500000
2012-05-03,144.970000
2012-05-04,140.490000
2012-05-07,140.710000
2012-05-08,140.650000
2012-05-09,139.280000
2012-05-10,139.090000
2012-05-11,139.420000
2012-05-14,136.960000
2012-05-15,135.770000
2012-05-16,133.950000
2012-05-17,130.610000
2012-05-18,130.510000
2012-05-21,133.180000
2012-05-22,132.180000
2012-05-23,132.110000
2012-05-24,132.910000
2012-05-25,133.290000
2012-05-29,134.800000
2012-05-30,132.480000
2012-05-31,133.470000
2012-06-01,132.000000
2012-06-04,132.660000
2012-06-05,133.670000
2012-06-06,136.530000
2012-06-07,136.560000
2012-06-08,138.710000
2012-06-11,135.720000
2012-06-12,136.560000
2012-06-13,135.690000
2012-06-14,137.270000
2012-06-15,137.780000
2012-06-18,139.230000
2012-06-19,139.650000
2012-06-20,139.300000
2012-06-21,138.160000
2012-06-22,137.990000
2012-06-25,137.750000
2012-06-26,140.050000
2012-06-27,140.210000
2012-06-28,140.970000
2012-06-29,144.410000
2012-07-02,145.140000
2012-07-03,145.110000
2012-07-05,144.170000
2012-07-06,144.610000
2012-07-09,144.850000
2012-07-10,144.150000
2012-07-11,144.060000
2012-07-12,144.810000
2012-07-13,146.670000
2012-07-16,147.390000
2012-07-17,148.980000
2012-07-18,147.880000
2012-07-19,146.150000
2012-07-20,145.760000
2012-07-23,145.470000
2012-07-24,145.130000
2012-07-25,144.980000
2012-07-26,147.050000
2012-07-27,149.370000
2012-07-30,149.910000
2012-07-31,148.950000
2012-08-01,148.620000
2012-08-02,148.810000
2012-08-03,147.900000
2012-08-06,146.310000
2012-08-07,145.530000
2012-08-08,145.090000
2012-08-09,143.740000
2012-08-10,144.560000
2012-08-13,143.780000
2012-08-14,143.110000
2012-08-15,143.830000
2012-08-16,144.960000
2012-08-17,145.390000
2012-08-20,142.580000
2012-08-21,142.470000
2012-08-22,142.470000
2012-08-23,141.300000
2012-08-24,142.680000
2012-08-27,142.480000
2012-08-28,143.610000
2012-08-29,143.660000
2012-08-30,144.610000
2012-08-31,145.560000
2012-09-04,146.640000
2012-09-05,146.450000
2012-09-06,147.480000
2012-09-07,146.820000
2012-09-10,144.210000
2012-09-11,144.030000
2012-09-12,145.630000
2012-09-13,147.580000
2012-09-14,148.770000
2012-09-17,147.690000
2012-09-18,145.660000
2012-09-19,144.020000
2012-09-20,142.050000
2012-09-21,141.510000
2012-09-24,140.930000
2012-09-25,139.760000
2012-09-26,139.350000
2012-09-27,139.000000
2012-09-28,139.170000
2012-10-01,138.960000
2012-10-02,139.230000
2012-10-03,139.690000
2012-10-04,139.020000
2012-10-05,139.190000
2012-10-08,139.190000
2012-10-09,138.690000
2012-10-10,138.600000
2012-10-11,137.530000
2012-10-12,136.540000
2012-10-15,137.260000
2012-10-16,137.810000
2012-10-17,137.200000
2012-10-18,137.720000
2012-10-19,138.020000
2012-10-22,136.880000
2012-10-23,137.110000
2012-10-24,137.940000
2012-10-25,137.170000
2012-10-26,136.560000
2012-10-31,138.630000
2012-11-01,139.880000
2012-11-02,140.300000
2012-11-05,140.040000
2012-11-06,141.030000
2012-11-07,143.340000
2012-11-08,141.920000
2012-11-09,145.700000
2012-11-12,145.280000
2012-11-13,146.850000
2012-11-14,145.000000
2012-11-15,144.250000
2012-11-16,143.860000
2012-11-19,144.940000
2012-11-20,144.530000
2012-11-21,144.290000
2012-11-23,145.270000
2012-11-26,145.300000
2012-11-27,142.720000
2012-11-28,142.330000
2012-11-29,141.280000
2012-11-30,140.640000
2012-12-03,142.520000
2012-12-04,142.500000
2012-12-05,141.550000
2012-12-06,141.660000
2012-12-07,142.320000
2012-12-10,141.010000
2012-12-11,141.360000
2012-12-12,140.880000
2012-12-13,139.530000
2012-12-14,140.100000
2012-12-17,142.400000
2012-12-18,143.780000
2012-12-19,143.910000
2012-12-20,146.140000
2012-12-21,145.230000
2012-12-24,145.870000
2012-12-26,144.380000
2012-12-27,144.370000
2012-12-28,143.460000
2012-12-31,144.960000
2013-01-02,146.090000
2013-01-03,145.550000
2013-01-04,146.220000
2013-01-07,145.950000
2013-01-08,144.960000
2013-01-09,145.490000
2013-01-10,146.280000
2013-01-11,147.050000
2013-01-14,146.310000
2013-01-15,147.670000
2013-01-16,147.960000
2013-01-17,148.090000
2013-01-18,150.260000
2013-01-22,150.920000
2013-01-23,150.820000
2013-01-24,151.730000
2013-01-25,152.700000
2013-01-28,153.440000
2013-01-29,154.220000
2013-01-30,153.820000
2013-01-31,153.930000
2013-02-01,155.500000
2013-02-04,156.390000
2013-02-05,156.940000
2013-02-06,157.020000
2013-02-07,156.040000
2013-02-08,157.400000
2013-02-11,156.850000
2013-02-12,157.130000
2013-02-13,156.080000
2013-02-14,154.200000
2013-02-15,151.260000
2013-02-19,152.720000
2013-02-20,152.460000
2013-02-21,152.010000
2013-02-22,152.410000
2013-02-25,149.980000
2013-02-26,151.140000
2013-02-27,151.840000
2013-02-28,151.210000
2013-03-01,151.950000
2013-03-04,152.750000
2013-03-05,153.980000
2013-03-06,152.590000
2013-03-07,150.460000
2013-03-08,150.470000
2013-03-11,148.910000
2013-03-12,147.000000
2013-03-13,146.680000
2013-03-14,147.250000
2013-03-15,148.250000
2013-03-18,148.390000
2013-03-19,149.850000
2013-03-20,151.090000
2013-03-21,150.770000
2013-03-22,150.710000
2013-03-25,150.250000
2013-03-26,151.450000
2013-03-27,151.200000
2013-03-28,152.320000
2013-04-01,152.390000
2013-04-02,152.920000
2013-04-03,152.220000
2013-04-04,154.380000
2013-04-05,155.100000
2013-04-08,156.730000
2013-04-09,157.150000
2013-04-10,157.090000
2013-04-11,158.560000
2013-04-12,158.510000
2013-04-15,155.050000
2013-04-16,156.290000
2013-04-17,156.290000
2013-04-18,156.510000
2013-04-19,158.800000
2013-04-22,157.690000
2013-04-23,158.650000
2013-04-24,159.420000
2013-04-25,159.100000
2013-04-26,159.970000
2013-04-29,161.990000
2013-04-30,165.000000
2013-05-01,164.900000
2013-05-02,165.880000
2013-05-03,166.480000
2013-05-06,166.760000
2013-05-07,166.890000
2013-05-08,165.530000
2013-05-09,164.620000
2013-05-10,164.270000
2013-05-13,165.350000
2013-05-14,164.640000
2013-05-15,167.170000
2013-05-16,165.200000
2013-05-17,167.450000
2013-05-20,166.930000
2013-05-21,167.720000
2013-05-22,162.990000
2013-05-23,160.060000
2013-05-24,162.590000
2013-05-28,160.820000
2013-05-29,157.270000
2013-05-30,153.990000
2013-05-31,151.800000
2013-06-03,155.490000
2013-06-04,151.540000
2013-06-05,150.890000
2013-06-06,153.910000
2013-06-07,153.780000
2013-06-10,150.460000
2013-06-11,148.990000
2013-06-12,147.710000
2013-06-13,152.350000
2013-06-14,151.800000
2013-06-17,153.340000
2013-06-18,152.400000
2013-06-19,149.200000
2013-06-20,145.900000
2013-06-21,149.730000
2013-06-24,149.200000
2013-06-25,150.800000
2013-06-26,151.550000
2013-06-27,154.100000
2013-06-28,153.330000
2013-07-01,151.770000
2013-07-02,154.680000
2013-07-03,153.260000
2013-07-05,152.870000
2013-07-08,152.860000
2013-07-09,155.240000
2013-07-10,155.260000
2013-07-11,159.370000
2013-07-12,159.080000
2013-07-15,159.710000
2013-07-16,160.340000
2013-07-17,161.700000
2013-07-18,162.950000
2013-07-19,162.540000
2013-07-22,163.370000
2013-07-23,162.940000
2013-07-24,159.120000
2013-07-25,159.950000
2013-07-26,161.000000
2013-07-29,159.590000
2013-07-30,159.540000
2013-07-31,159.220000
2013-08-01,161.280000
2013-08-02,160.730000
2013-08-05,162.180000
2013-08-06,162.170000
2013-08-07,162.670000
2013-08-08,161.470000
2013-08-09,163.150000
2013-08-12,161.880000
2013-08-13,160.170000
2013-08-14,159.570000
2013-08-15,157.430000
2013-08-16,153.950000
2013-08-19,153.340000
2013-08-20,156.410000
2013-08-21,157.100000
2013-08-22,157.320000
2013-08-23,157.680000
2013-08-26,155.430000
2013-08-27,153.810000
2013-08-28,152.650000
2013-08-29,152.810000
2013-08-30,152.670000
2013-09-03,152.400000
2013-09-04,152.550000
2013-09-05,151.260000
2013-09-06,153.020000
2013-09-09,156.900000
2013-09-10,157.870000
2013-09-11,157.130000
2013-09-12,155.940000
2013-09-13,156.030000
2013-09-16,157.600000
2013-09-17,158.540000
2013-09-18,165.630000
2013-09-19,166.000000
2013-09-20,163.830000
2013-09-23,162.240000
2013-09-24,160.470000
2013-09-25,162.270000
2013-09-26,163.010000
2013-09-27,162.590000
2013-09-30,160.550000
2013-10-01,162.750000
2013-10-02,163.710000
2013-10-03,161.990000
2013-10-04,162.760000
2013-10-07,163.410000
2013-10-08,161.840000
2013-10-09,162.040000
2013-10-10,166.320000
2013-10-11,168.410000
2013-10-14,167.570000
2013-10-15,167.320000
2013-10-16,170.770000
2013-10-17,172.560000
2013-10-18,172.160000
2013-10-21,170.740000
2013-10-22,171.430000
2013-10-23,171.470000
2013-10-24,171.880000
2013-10-25,174.260000
2013-10-28,172.370000
2013-10-29,169.620000
2013-10-30,167.630000
2013-10-31,166.970000
2013-11-01,168.990000
2013-11-04,168.650000
2013-11-05,165.230000
2013-11-06,164.670000
2013-11-07,161.190000
2013-11-08,159.910000
2013-11-11,159.890000
2013-11-12,159.120000
2013-11-13,160.260000
2013-11-14,162.670000
2013-11-15,162.410000
2013-11-18,159.500000
2013-11-19,156.950000
2013-11-20,154.550000
2013-11-21,154.730000
2013-11-22,154.860000
2013-11-25,153.710000
2013-11-26,152.650000
2013-11-27,154.190000
2013-11-29,152.700000
2013-12-02,152.800000
2013-12-03,150.420000
2013-12-04,151.930000
2013-12-05,151.150000
2013-12-06,154.000000
2013-12-09,155.200000
2013-12-10,154.700000
2013-12-11,150.550000
2013-12-12,149.710000
2013-12-13,149.540000
2013-12-16,151.010000
2013-12-17,149.520000
2013-12-18,152.150000
2013-12-19,151.160000
2013-12-20,151.820000
2013-12-23,151.550000
2013-12-24,151.600000
2013-12-26,151.150000
2013-12-27,151.120000
2013-12-30,151.570000
2013-12-31,150.520000
2014-01-02,148.950000
2014-01-03,150.110000
2014-01-06,150.030000
2014-01-07,149.860000
2014-01-08,150.130000
2014-01-09,153.050000
2014-01-10,154.260000
2014-01-13,153.960000
2014-01-14,155.730000
2014-01-15,155.040000
2014-01-16,156.010000
2014-01-17,154.970000
2014-01-21,155.030000
2014-01-22,155.320000
2014-01-23,154.460000
2014-01-24,152.420000
2014-01-27,152.630000
2014-01-28,154.730000
2014-01-29,154.510000
2014-01-30,156.810000
2014-01-31,157.590000
2014-02-03,155.860000
2014-02-04,158.570000
2014-02-05,157.900000
2014-02-06,158.410000
2014-02-07,160.250000
2014-02-10,162.050000
2014-02-11,163.380000
2014-02-12,163.510000
2014-02-13,164.520000
2014-02-14,165.750000
2014-02-18,166.910000
2014-02-19,166.450000
2014-02-20,166.710000
2014-02-21,166.440000
2014-02-24,166.700000
2014-02-25,167.660000
2014-02-26,167.110000
2014-02-27,166.540000
2014-02-28,169.000000
2014-03-03,168.690000
2014-03-04,170.890000
2014-03-05,171.170000
2014-03-06,169.330000
2014-03-07,167.550000
2014-03-10,167.030000
2014-03-11,167.810000
2014-03-12,166.800000
2014-03-13,167.150000
2014-03-14,168.170000
2014-03-17,168.100000
2014-03-18,168.360000
2014-03-19,166.890000
2014-03-20,167.590000
2014-03-21,169.360000
2014-03-24,167.900000
2014-03-25,168.880000
2014-03-26,167.830000
2014-03-27,167.590000
2014-03-28,168.030000
2014-03-31,168.490000
2014-04-01,169.490000
2014-04-02,169.950000
2014-04-03,169.320000
2014-04-04,169.550000
2014-04-07,169.780000
2014-04-08,171.370000
2014-04-09,170.130000
2014-04-10,169.320000
2014-04-11,168.480000
2014-04-14,169.480000
2014-04-15,170.900000
2014-04-16,172.070000
2014-04-17,172.280000
2014-04-21,173.160000
2014-04-22,173.310000
2014-04-23,173.310000
2014-04-24,174.010000
2014-04-25,173.580000
2014-04-28,175.600000
2014-04-29,175.950000
2014-04-30,175.510000
2014-05-01,176.190000
2014-05-02,170.540000
2014-05-05,171.930000
2014-05-06,170.860000
2014-05-07,173.200000
2014-05-08,171.500000
2014-05-09,171.640000
2014-05-12,171.870000
2014-05-13,170.430000
2014-05-14,171.650000
2014-05-15,170.550000
2014-05-16,172.370000
2014-05-19,171.930000
2014-05-20,170.810000
2014-05-21,170.320000
2014-05-22,169.720000
2014-05-23,171.370000
2014-05-27,172.390000
2014-05-28,170.440000
2014-05-29,169.990000
2014-05-30,172.380000
2014-06-02,172.130000
2014-06-03,171.010000
2014-06-04,172.090000
2014-06-05,174.600000
2014-06-06,172.830000
2014-06-09,171.330000
2014-06-10,171.600000
2014-06-11,169.930000
2014-06-12,169.430000
2014-06-13,169.530000
2014-06-16,168.990000
2014-06-17,169.780000
2014-06-18,170.860000
2014-06-19,171.360000
2014-06-20,172.120000
2014-06-23,171.280000
2014-06-24,170.950000
2014-06-25,169.700000
2014-06-26,169.350000
2014-06-27,172.170000
2014-06-30,171.350000
2014-07-01,172.080000
2014-07-02,171.630000
2014-07-03,170.870000
2014-07-07,170.670000
2014-07-08,170.520000
2014-07-09,170.550000
2014-07-10,171.260000
2014-07-11,171.310000
2014-07-14,172.140000
2014-07-15,172.180000
2014-07-16,172.480000
2014-07-17,171.980000
2014-07-18,173.210000
2014-07-21,172.900000
2014-07-22,173.140000
2014-07-23,174.000000
2014-07-24,175.150000
2014-07-25,173.670000
2014-07-28,175.490000
2014-07-29,174.520000
2014-07-30,175.260000
2014-07-31,171.610000
2014-08-01,172.700000
2014-08-04,172.740000
2014-08-05,171.120000
2014-08-06,172.800000
2014-08-07,172.290000
2014-08-08,173.320000
2014-08-11,173.700000
2014-08-12,173.840000
2014-08-13,175.720000
2014-08-14,175.460000
2014-08-15,175.010000
2014-08-18,175.720000
2014-08-19,176.470000
2014-08-20,177.240000
2014-08-21,176.680000
2014-08-22,174.940000
2014-08-25,173.990000
2014-08-26,173.550000
2014-08-27,173.870000
2014-08-28,173.850000
2014-08-29,175.180000
2014-09-02,175.300000
2014-09-03,175.420000
2014-09-04,174.260000
2014-09-05,176.640000
2014-09-08,175.990000
2014-09-09,175.230000
2014-09-10,172.600000
2014-09-11,171.180000
2014-09-12,166.080000
2014-09-15,166.270000
2014-09-16,167.170000
2014-09-17,166.590000
2014-09-18,165.120000
2014-09-19,164.960000
2014-09-22,163.550000
2014-09-23,163.050000
2014-09-24,163.120000
2014-09-25,163.500000
2014-09-26,164.990000
2014-09-29,165.920000
2014-09-30,165.840000
2014-10-01,165.760000
2014-10-02,165.890000
2014-10-03,167.600000
2014-10-06,166.860000
2014-10-07,165.550000
2014-10-08,169.370000
2014-10-09,169.490000
2014-10-10,168.510000
2014-10-13,168.310000
2014-10-14,170.800000
2014-10-15,169.880000
2014-10-16,169.900000
2014-10-17,171.520000
2014-10-20,173.150000
2014-10-21,175.290000
2014-10-22,176.210000
2014-10-23,176.720000
2014-10-24,175.970000
2014-10-27,179.050000
2014-10-28,179.740000
2014-10-29,179.080000
2014-10-30,179.780000
2014-10-31,184.340000
2014-11-03,186.570000
2014-11-04,186.650000
2014-11-05,187.050000
2014-11-06,186.570000
2014-11-07,186.290000
2014-11-10,188.120000
2014-11-11,187.350000
2014-11-12,185.960000
2014-11-13,187.040000
2014-11-14,185.620000
2014-11-17,186.200000
2014-11-18,186.460000
2014-11-19,183.920000
2014-11-20,183.980000
2014-11-21,185.480000
2014-11-24,185.180000
2014-11-25,185.400000
2014-11-26,186.630000
2014-11-28,187.630000
2014-12-01,186.260000
2014-12-02,185.980000
2014-12-03,186.130000
2014-12-04,185.500000
2014-12-05,184.560000
2014-12-08,185.530000
2014-12-09,185.910000
2014-12-10,185.660000
2014-12-11,184.470000
2014-12-12,182.140000
2014-12-15,180.070000
2014-12-16,178.850000
2014-12-17,182.870000
2014-12-18,185.340000
2014-12-19,184.950000
2014-12-22,188.500000
2014-12-23,188.610000
2014-12-24,187.430000
2014-12-26,187.960000
2014-12-29,189.350000
2014-12-30,188.620000
2014-12-31,184.850000
2015-01-02,187.230000
2015-01-05,188.110000
2015-01-06,191.320000
2015-01-07,195.240000
2015-01-08,197.900000
2015-01-09,198.500000
2015-01-12,198.150000
2015-01-13,198.920000
2015-01-14,198.820000
2015-01-15,199.440000
2015-01-16,202.250000
2015-01-20,202.580000
2015-01-21,201.010000
2015-01-22,205.220000
2015-01-23,202.750000
2015-01-26,204.390000
2015-01-27,204.670000
2015-01-28,202.760000
2015-01-29,204.190000
2015-01-30,200.840000
2015-02-02,201.750000
2015-02-03,203.030000
2015-02-04,202.660000
2015-02-05,206.760000
2015-02-06,204.470000
2015-02-09,202.600000
2015-02-10,203.680000
2015-02-11,202.830000
2015-02-12,203.790000
2015-02-13,202.610000
2015-02-17,203.130000
2015-02-18,203.160000
2015-02-19,198.790000
2015-02-20,200.180000
2015-02-23,201.010000
2015-02-24,198.500000
2015-02-25,198.280000
2015-02-26,196.760000
2015-02-27,197.220000
2015-03-02,197.550000
2015-03-03,196.920000
2015-03-04,195.180000
2015-03-05,195.600000
2015-03-06,188.150000
2015-03-09,187.960000
2015-03-10,186.650000
2015-03-11,185.860000
2015-03-12,188.230000
2015-03-13,188.830000
2015-03-16,190.770000
2015-03-17,190.190000
2015-03-18,193.730000
2015-03-19,194.240000
2015-03-20,199.120000
2015-03-23,201.560000
2015-03-24,199.380000
2015-03-25,196.830000
2015-03-26,196.580000
2015-03-27,197.480000
2015-03-30,199.190000
2015-03-31,197.140000
2015-04-01,195.950000
2015-04-02,197.310000
2015-04-06,199.370000
2015-04-07,197.050000
2015-04-08,197.000000
2015-04-09,194.130000
2015-04-10,193.690000
2015-04-13,191.450000
2015-04-14,192.070000
2015-04-15,190.950000
2015-04-16,191.610000
2015-04-17,190.070000
2015-04-20,191.590000
2015-04-21,191.640000
2015-04-22,192.810000
2015-04-23,193.040000
2015-04-24,193.600000
2015-04-27,193.180000
2015-04-28,192.510000
2015-04-29,188.570000
2015-04-30,187.910000
2015-05-01,190.130000
2015-05-04,191.150000
2015-05-05,187.550000
2015-05-06,187.360000
2015-05-07,191.810000
2015-05-08,196.530000
2015-05-11,194.160000
2015-05-12,196.190000
2015-05-13,193.230000
2015-05-14,197.380000
2015-05-15,200.070000
2015-05-18,199.480000
2015-05-19,197.150000
2015-05-20,196.150000
2015-05-21,194.850000
2015-05-22,195.090000
2015-05-26,193.840000
2015-05-27,196.180000
2015-05-28,195.520000
2015-05-29,193.540000
2015-06-01,196.320000
2015-06-02,195.160000
2015-06-03,193.020000
2015-06-04,191.690000
2015-06-05,188.200000
2015-06-08,186.940000
2015-06-09,185.940000
2015-06-10,187.230000
2015-06-11,186.870000
2015-06-12,186.720000
2015-06-15,185.600000
2015-06-16,187.640000
2015-06-17,188.870000
2015-06-18,192.460000
2015-06-19,191.020000
2015-06-22,188.340000
2015-06-23,186.680000
2015-06-24,184.960000
2015-06-25,183.620000
2015-06-26,185.450000
2015-06-29,182.980000
2015-06-30,184.370000
2015-07-01,187.070000
2015-07-02,187.240000
2015-07-06,188.380000
2015-07-07,192.680000
2015-07-08,193.280000
2015-07-09,193.730000
2015-07-10,196.130000
2015-07-13,196.700000
2015-07-14,197.680000
2015-07-15,198.750000
2015-07-16,200.190000
2015-07-17,198.400000
2015-07-20,200.140000
2015-07-21,200.830000
2015-07-22,201.490000
2015-07-23,201.100000
2015-07-24,201.930000
2015-07-27,202.920000
2015-07-28,203.410000
2015-07-29,202.930000
2015-07-30,203.020000
2015-07-31,205.180000
2015-08-03,205.520000
2015-08-04,205.380000
2015-08-05,205.630000
2015-08-06,207.490000
2015-08-07,208.810000
2015-08-10,207.450000
2015-08-11,209.100000
2015-08-12,210.530000
2015-08-13,212.550000
2015-08-14,213.730000
2015-08-17,215.350000
2015-08-18,216.850000
2015-08-19,216.860000
2015-08-20,215.310000
2015-08-21,212.510000
2015-08-24,202.210000
2015-08-25,196.960000
2015-08-26,203.200000
2015-08-27,208.010000
2015-08-28,206.160000
2015-08-31,201.270000
2015-09-01,199.000000
2015-09-02,202.350000
2015-09-03,203.250000
2015-09-04,199.550000
2015-09-08,203.880000
2015-09-09,200.240000
2015-09-10,200.210000
2015-09-11,202.190000
2015-09-14,201.680000
2015-09-15,203.920000
2015-09-16,205.470000
2015-09-17,207.410000
2015-09-18,206.970000
2015-09-21,209.520000
2015-09-22,207.240000
2015-09-23,208.400000
2015-09-24,205.660000
2015-09-25,209.260000
2015-09-28,207.170000
2015-09-29,209.260000
2015-09-30,211.630000
2015-10-01,213.950000
2015-10-02,216.210000
2015-10-05,220.110000
2015-10-06,217.150000
2015-10-07,217.090000
2015-10-08,218.760000
2015-10-09,217.180000
2015-10-12,219.270000
2015-10-13,217.060000
2015-10-14,217.050000
2015-10-15,219.570000
2015-10-16,221.310000
2015-10-19,225.920000
2015-10-20,227.140000
2015-10-21,227.430000
2015-10-22,230.030000
2015-10-23,229.900000
2015-10-26,230.610000
2015-10-27,232.940000
2015-10-28,231.600000
2015-10-29,228.900000
2015-10-30,229.460000
2015-11-02,235.260000
2015-11-03,233.660000
2015-11-04,231.650000
2015-11-05,232.100000
2015-11-06,227.150000
2015-11-09,227.110000
2015-11-10,229.370000
2015-11-11,228.840000
2015-11-12,228.430000
2015-11-13,226.260000
2015-11-16,229.330000
2015-11-17,231.410000
2015-11-18,232.730000
2015-11-19,234.310000
2015-11-20,236.680000
2015-11-23,237.040000
2015-11-24,237.830000
2015-11-25,239.340000
2015-11-27,240.800000
2015-11-30,240.060000
2015-12-01,243.110000
2015-12-02,240.150000
2015-12-03,236.830000
2015-12-04,241.900000
2015-12-07,243.150000
2015-12-08,246.200000
2015-12-09,242.760000
2015-12-10,240.900000
2015-12-11,241.970000
2015-12-14,249.090000
2015-12-15,246.810000
2015-12-16,249.840000
2015-12-17,247.560000
2015-12-18,248.740000
2015-12-21,250.640000
2015-12-22,248.490000
2015-12-23,248.630000
2015-12-24,248.250000
2015-12-28,251.170000
2015-12-29,252.210000
2015-12-30,250.460000
2015-12-31,247.700000
2016-01-04,244.370000
2016-01-05,251.270000
2016-01-06,251.670000
2016-01-07,249.050000
2016-01-08,247.230000
2016-01-11,249.670000
2016-01-12,250.170000
2016-01-13,249.350000
2016-01-14,249.730000
2016-01-15,248.550000
2016-01-19,250.440000
2016-01-20,240.290000
2016-01-21,241.060000
2016-01-22,247.730000
2016-01-25,247.510000
2016-01-26,253.470000
2016-01-27,248.180000
2016-01-28,249.060000
2016-01-29,253.560000
2016-02-01,254.080000
2016-02-02,255.220000
2016-02-03,253.110000
2016-02-04,246.220000
2016-02-05,237.130000
2016-02-08,228.980000
2016-02-09,232.920000
2016-02-10,235.870000
2016-02-11,234.830000
2016-02-12,233.610000
2016-02-16,238.180000
2016-02-17,246.110000
2016-02-18,246.720000
2016-02-19,251.970000
2016-02-22,253.640000
2016-02-23,253.720000
2016-02-24,249.920000
2016-02-25,255.100000
2016-02-26,254.040000
2016-02-29,249.490000
2016-03-01,254.900000
2016-03-02,256.170000
2016-03-03,253.210000
2016-03-04,249.950000
2016-03-07,250.570000
2016-03-08,248.920000
2016-03-09,249.890000
2016-03-10,250.000000
2016-03-11,256.820000
2016-03-14,259.710000
2016-03-15,263.510000
2016-03-16,268.030000
2016-03-17,269.750000
2016-03-18,269.450000
2016-03-21,264.260000
2016-03-22,263.900000
2016-03-23,265.200000
2016-03-24,266.680000
2016-03-28,269.860000
2016-03-29,274.510000
2016-03-30,273.210000
2016-03-31,275.830000
2016-04-01,275.520000
2016-04-04,276.270000
2016-04-05,273.850000
2016-04-06,273.730000
2016-04-07,273.830000
2016-04-08,274.050000
2016-04-11,272.250000
2016-04-12,276.160000
2016-04-13,271.910000
2016-04-14,267.150000
2016-04-15,267.940000
2016-04-18,272.600000
2016-04-19,263.480000
2016-04-20,262.790000
2016-04-21,255.090000
2016-04-22,256.940000
2016-04-25,258.490000
2016-04-26,256.810000
2016-04-27,248.210000
2016-04-28,249.010000
2016-04-29,244.810000
2016-05-02,252.570000
2016-05-03,253.250000
2016-05-04,257.480000
2016-05-05,260.060000
2016-05-06,263.310000
2016-05-09,264.780000
2016-05-10,264.940000
2016-05-11,259.280000
2016-05-12,264.690000
2016-05-13,261.890000
2016-05-16,264.970000
2016-05-17,258.240000
2016-05-18,253.820000
2016-05-19,249.800000
2016-05-20,252.380000
2016-05-23,251.870000
2016-05-24,254.390000
2016-05-25,253.340000
2016-05-26,254.140000
2016-05-27,255.230000
2016-05-31,253.710000
2016-06-01,256.790000
2016-06-02,257.980000
2016-06-03,260.260000
2016-06-06,257.410000
2016-06-07,255.690000
2016-06-08,252.000000
2016-06-09,245.430000
2016-06-10,241.790000
2016-06-13,240.350000
2016-06-14,238.120000
2016-06-15,243.430000
2016-06-16,244.330000
2016-06-17,241.340000
2016-06-20,240.950000
2016-06-21,241.120000
2016-06-22,240.130000
2016-06-23,241.000000
2016-06-24,241.320000
2016-06-27,250.210000
2016-06-28,253.140000
2016-06-29,254.010000
2016-06-30,255.590000
2016-07-01,253.840000
2016-07-05,259.740000
2016-07-06,258.130000
2016-07-07,253.780000
2016-07-08,257.340000
2016-07-11,256.560000
2016-07-12,255.800000
2016-07-13,256.450000
2016-07-14,254.070000
2016-07-15,251.620000
2016-07-18,251.250000
2016-07-19,252.140000
2016-07-20,251.920000
2016-07-21,251.650000
2016-07-22,253.740000
2016-07-25,251.960000
2016-07-26,250.430000
2016-07-27,248.180000
2016-07-28,238.620000
2016-07-29,238.920000
2016-08-01,238.970000
2016-08-02,234.350000
2016-08-03,233.450000
2016-08-04,230.550000
2016-08-05,232.760000
2016-08-08,230.500000
2016-08-09,231.840000
2016-08-10,232.270000
2016-08-11,230.830000
2016-08-12,230.170000
2016-08-15,229.090000
2016-08-16,227.540000
2016-08-17,227.900000
2016-08-18,226.740000
2016-08-19,224.030000
2016-08-22,226.780000
2016-08-23,226.510000
2016-08-24,223.930000
2016-08-25,225.740000
2016-08-26,224.000000
2016-08-29,225.740000
2016-08-30,223.770000
2016-08-31,223.940000
2016-09-01,226.110000
2016-09-02,226.790000
2016-09-06,224.370000
2016-09-07,225.930000
2016-09-08,223.000000
2016-09-09,218.580000
2016-09-12,219.000000
2016-09-13,214.750000
2016-09-14,215.100000
2016-09-15,214.800000
2016-09-16,214.960000
2016-09-19,216.070000
2016-09-20,216.840000
2016-09-21,217.530000
2016-09-22,221.800000
2016-09-23,222.120000
2016-09-26,223.950000
2016-09-27,222.940000
2016-09-28,225.830000
2016-09-29,224.990000
2016-09-30,223.140000
2016-10-03,216.560000
2016-10-04,212.660000
2016-10-05,208.890000
2016-10-06,211.240000
2016-10-07,212.050000
2016-10-10,211.590000
2016-10-11,209.720000
2016-10-12,212.770000
2016-10-13,214.230000
2016-10-14,214.200000
2016-10-17,215.110000
2016-10-18,215.830000
2016-10-19,215.190000
2016-10-20,214.120000
2016-10-21,211.050000
2016-10-24,211.500000
2016-10-25,212.350000
2016-10-26,213.280000
2016-10-27,202.250000
2016-10-28,207.750000
2016-10-31,213.720000
2016-11-01,205.720000
2016-11-02,205.260000
2016-11-03,203.760000
2016-11-04,205.440000
2016-11-07,211.730000
2016-11-08,216.380000
2016-11-09,217.460000
2016-11-10,214.740000
2016-11-11,214.180000
2016-11-14,216.450000
2016-11-15,212.120000
2016-11-16,208.210000
2016-11-17,204.610000
2016-11-18,203.970000
2016-11-21,201.930000
2016-11-22,205.100000
2016-11-23,204.760000
2016-11-25,205.730000
2016-11-28,209.490000
2016-11-29,209.610000
2016-11-30,209.300000
2016-12-01,207.860000
2016-12-02,209.480000
2016-12-05,212.450000
2016-12-06,214.710000
2016-12-07,221.010000
2016-12-08,221.060000
2016-12-09,219.130000
2016-12-12,217.670000
2016-12-13,218.380000
2016-12-14,215.200000
2016-12-15,216.290000
2016-12-16,218.730000
2016-12-19,220.370000
2016-12-20,217.840000
2016-12-21,215.130000
2016-12-22,217.260000
2016-12-23,218.720000
2016-12-27,220.140000
2016-12-28,218.280000
2016-12-29,220.400000
2016-12-30,223.500000
2017-01-03,223.520000
2017-01-04,225.160000
2017-01-05,227.560000
2017-01-06,228.350000
2017-01-09,226.790000
2017-01-10,225.300000
2017-01-11,219.760000
2017-01-12,217.300000
2017-01-13,214.120000
2017-01-17,217.690000
2017-01-18,215.600000
2017-01-19,215.330000
2017-01-20,217.970000
2017-01-23,220.250000
2017-01-24,222.390000
2017-01-25,218.910000
2017-01-26,218.250000
2017-01-27,216.570000
2017-01-30,214.990000
2017-01-31,215.000000
2017-02-01,213.290000
2017-02-02,215.020000
2017-02-03,216.530000
2017-02-06,215.690000
2017-02-07,216.480000
2017-02-08,219.700000
2017-02-09,218.470000
2017-02-10,219.790000
2017-02-13,220.060000
2017-02-14,216.900000
2017-02-15,217.080000
2017-02-16,220.640000
2017-02-17,225.760000
2017-02-21,227.730000
2017-02-22,226.240000
2017-02-23,227.070000
2017-02-24,228.410000
2017-02-27,228.040000
2017-02-28,227.460000
2017-03-01,229.330000
2017-03-02,226.970000
2017-03-03,226.610000
2017-03-06,227.920000
2017-03-07,228.010000
2017-03-08,223.820000
2017-03-09,222.340000
2017-03-10,220.070000
2017-03-13,217.260000
2017-03-14,219.350000
2017-03-15,223.130000
2017-03-16,220.540000
2017-03-17,222.490000
2017-03-20,223.640000
2017-03-21,224.280000
2017-03-22,225.770000
2017-03-23,225.920000
2017-03-24,222.910000
2017-03-27,220.910000
2017-03-28,222.160000
2017-03-29,219.950000
2017-03-30,219.400000
2017-03-31,218.910000
2017-04-03,219.310000
2017-04-04,220.310000
2017-04-05,222.290000
2017-04-06,222.640000
2017-04-07,223.600000
2017-04-10,225.840000
2017-04-11,226.370000
2017-04-12,224.300000
2017-04-13,225.970000
2017-04-17,231.190000
2017-04-18,231.180000
2017-04-19,229.990000
2017-04-20,229.400000
2017-04-21,228.370000
2017-04-24,226.470000
2017-04-25,225.540000
2017-04-26,223.930000
2017-04-27,213.000000
2017-04-28,209.380000
2017-05-01,207.230000
2017-05-02,207.270000
2017-05-03,205.530000
2017-05-04,207.630000
2017-05-05,208.250000
2017-05-08,208.450000
2017-05-09,208.070000
2017-05-10,208.920000
2017-05-11,208.470000
2017-05-12,208.640000
2017-05-15,209.730000
2017-05-16,208.140000
2017-05-17,212.950000
2017-05-18,216.120000
2017-05-19,214.480000
2017-05-22,215.600000
2017-05-23,217.200000
2017-05-24,217.570000
2017-05-25,217.090000
2017-05-26,216.390000
2017-05-30,214.350000
2017-05-31,215.350000
2017-06-01,212.270000
2017-06-02,213.920000
2017-06-05,211.350000
2017-06-06,207.900000
2017-06-07,209.870000
2017-06-08,210.910000
2017-06-09,207.560000
2017-06-12,207.040000
2017-06-13,208.400000
2017-06-14,209.880000
2017-06-15,212.680000
2017-06-16,213.660000
2017-06-19,211.780000
2017-06-20,211.750000
2017-06-21,212.300000
2017-06-22,211.180000
2017-06-23,213.110000
2017-06-26,212.490000
2017-06-27,210.270000
2017-06-28,209.440000
2017-06-29,207.570000
2017-06-30,208.530000
2017-07-03,212.730000
2017-07-05,208.060000
2017-07-06,205.360000
2017-07-07,207.030000
2017-07-10,203.370000
2017-07-11,203.260000
2017-07-12,206.410000
2017-07-13,204.820000
2017-07-14,207.680000
2017-07-17,207.590000
2017-07-18,207.210000
2017-07-19,207.770000
2017-07-20,207.530000
2017-07-21,208.940000
2017-07-24,209.000000
2017-07-25,207.720000
2017-07-26,210.060000
2017-07-27,198.280000
2017-07-28,202.840000
2017-07-31,205.570000
2017-08-01,202.830000
2017-08-02,202.220000
2017-08-03,200.340000
2017-08-04,201.490000
2017-08-07,201.080000
2017-08-08,200.680000
2017-08-09,200.880000
2017-08-10,200.650000
2017-08-11,198.630000
2017-08-14,200.540000
2017-08-15,201.580000
2017-08-16,199.010000
2017-08-17,197.730000
2017-08-18,196.290000
2017-08-21,200.370000
2017-08-22,201.590000
2017-08-23,205.420000
2017-08-24,204.670000
2017-08-25,203.870000
2017-08-28,204.300000
2017-08-29,205.570000
2017-08-30,205.940000
2017-08-31,205.340000
2017-09-01,205.880000
2017-09-05,206.660000
2017-09-06,207.890000
2017-09-07,214.280000
2017-09-08,218.310000
2017-09-11,213.400000
2017-09-12,207.580000
2017-09-13,208.740000
2017-09-14,212.560000
2017-09-15,214.150000
2017-09-18,215.850000
2017-09-19,215.720000
2017-09-20,214.110000
2017-09-21,214.870000
2017-09-22,213.710000
2017-09-25,214.210000
2017-09-26,214.130000
2017-09-27,211.980000
2017-09-28,212.750000
2017-09-29,213.990000
2017-10-02,214.280000
2017-10-03,212.920000
2017-10-04,213.870000
2017-10-05,213.680000
2017-10-06,213.420000
2017-10-09,213.830000
2017-10-10,213.020000
2017-10-11,214.680000
2017-10-12,216.810000
2017-10-13,218.560000
2017-10-16,217.560000
2017-10-17,215.880000
2017-10-18,214.670000
2017-10-19,215.210000
2017-10-20,215.090000
2017-10-23,214.780000
2017-10-24,210.110000
2017-10-25,210.000000
2017-10-26,204.210000
2017-10-27,206.900000
2017-10-30,208.750000
2017-10-31,207.250000
2017-11-01,206.520000
2017-11-02,208.330000
2017-11-03,208.970000
2017-11-06,209.320000
2017-11-07,211.490000
2017-11-08,213.190000
2017-11-09,211.370000
2017-11-10,211.520000
2017-11-13,213.250000
2017-11-14,212.920000
2017-11-15,210.050000
2017-11-16,213.670000
2017-11-17,211.850000
2017-11-20,211.110000
2017-11-21,211.320000
2017-11-22,211.290000
2017-11-24,212.790000
2017-11-27,214.930000
2017-11-28,209.430000
2017-11-29,210.260000
2017-11-30,213.120000
2017-12-01,212.070000
2017-12-04,209.970000
2017-12-05,211.050000
2017-12-06,211.800000
2017-12-07,208.340000
2017-12-08,210.840000
2017-12-11,211.680000
2017-12-12,211.720000
2017-12-13,212.560000
2017-12-14,211.020000
2017-12-15,211.560000
2017-12-18,212.090000
2017-12-19,208.210000
2017-12-20,205.150000
2017-12-21,203.720000
2017-12-22,205.970000
2017-12-26,208.030000
2017-12-27,209.280000
2017-12-28,209.240000
2017-12-29,209.000000
2018-01-02,206.320000
2018-01-03,206.770000
2018-01-04,203.110000
2018-01-05,201.920000
2018-01-08,203.530000
2018-01-09,201.150000
2018-01-10,196.110000
2018-01-11,196.120000
2018-01-12,193.550000
2018-01-16,193.750000
2018-01-17,195.690000
2018-01-18,193.250000
2018-01-19,193.560000
2018-01-22,193.780000
2018-01-23,198.090000
2018-01-24,194.920000
2018-01-25,192.570000
2018-01-26,192.850000
2018-01-29,192.540000
2018-01-30,193.600000
2018-01-31,195.760000
2018-02-01,190.980000
2018-02-02,190.310000
2018-02-05,184.980000
2018-02-06,185.400000
2018-02-07,185.350000
2018-02-08,180.490000
2018-02-09,187.160000
2018-02-12,187.820000
2018-02-13,189.200000
2018-02-14,186.780000
2018-02-15,190.480000
2018-02-16,188.750000
2018-02-20,186.310000
2018-02-21,190.750000
2018-02-22,193.140000
2018-02-23,195.680000
2018-02-26,195.880000
2018-02-27,192.920000
2018-02-28,194.440000
2018-03-01,196.110000
2018-03-02,195.000000
2018-03-05,197.350000
2018-03-06,198.160000
2018-03-07,198.010000
2018-03-08,199.810000
2018-03-09,199.960000
2018-03-12,199.410000
2018-03-13,197.400000
2018-03-14,194.610000
2018-03-15,195.170000
2018-03-16,198.010000
2018-03-19,196.720000
2018-03-20,198.030000
2018-03-21,198.520000
2018-03-22,195.690000
2018-03-23,193.050000
2018-03-26,196.610000
2018-03-27,198.100000
2018-03-28,202.120000
2018-03-29,200.390000
2018-04-02,199.410000
2018-04-03,200.620000
2018-04-04,204.040000
2018-04-05,201.360000
2018-04-06,199.280000
2018-04-09,199.820000
2018-04-10,200.450000
2018-04-11,198.680000
2018-04-12,196.310000
2018-04-13,197.280000
2018-04-16,197.090000
2018-04-17,198.570000
2018-04-18,197.920000
2018-04-19,193.790000
2018-04-20,192.750000
2018-04-23,192.890000
2018-04-24,193.760000
2018-04-25,193.710000
2018-04-26,199.820000
2018-04-27,202.450000
2018-04-30,201.780000
2018-05-01,204.500000
2018-05-02,204.690000
2018-05-03,205.910000
2018-05-04,207.390000
2018-05-07,209.980000
2018-05-08,210.030000
2018-05-09,211.540000
2018-05-10,211.850000
2018-05-11,211.600000
2018-05-14,209.440000
2018-05-15,205.910000
2018-05-16,205.600000
2018-05-17,203.840000
2018-05-18,203.590000
2018-05-21,204.900000
2018-05-22,204.110000
2018-05-23,206.670000
2018-05-24,207.140000
2018-05-25,208.490000
2018-05-29,209.850000
2018-05-30,212.230000
2018-05-31,211.840000
2018-06-01,211.620000
2018-06-04,214.050000
2018-06-05,212.880000
2018-06-06,213.600000
2018-06-07,215.140000
2018-06-08,216.550000
2018-06-11,216.640000
2018-06-12,215.920000
2018-06-13,212.320000
2018-06-14,214.460000
2018-06-15,214.020000
2018-06-18,214.680000
2018-06-19,217.070000
2018-06-20,218.530000
2018-06-21,221.840000
2018-06-22,225.960000
2018-06-25,225.650000
2018-06-26,229.000000
2018-06-27,227.200000
2018-06-28,228.930000
2018-06-29,226.860000
2018-07-02,226.340000
2018-07-03,229.440000
2018-07-05,232.710000
2018-07-06,232.210000
2018-07-09,229.640000
2018-07-10,230.710000
2018-07-11,229.570000
2018-07-12,229.520000
2018-07-13,228.080000
2018-07-16,225.540000
2018-07-17,219.720000
2018-07-18,219.140000
2018-07-19,222.460000
2018-07-20,222.120000
2018-07-23,220.620000
2018-07-24,219.340000
2018-07-25,219.670000
2018-07-26,219.080000
2018-07-27,215.360000
2018-07-30,214.500000
2018-07-31,217.830000
2018-08-01,217.480000
2018-08-02,210.210000
2018-08-03,213.980000
2018-08-06,215.820000
2018-08-07,216.850000
2018-08-08,217.220000
2018-08-09,215.790000
2018-08-10,214.730000
2018-08-13,215.200000
2018-08-14,215.930000
2018-08-15,219.210000
2018-08-16,220.870000
2018-08-17,223.570000
2018-08-20,222.480000
2018-08-21,220.860000
2018-08-22,211.040000
2018-08-23,211.670000
2018-08-24,213.300000
2018-08-27,212.990000
2018-08-28,214.660000
2018-08-29,212.680000
2018-08-30,211.650000
2018-08-31,212.580000
2018-09-04,213.100000
2018-09-05,215.700000
2018-09-06,214.750000
2018-09-07,209.110000
2018-09-10,211.710000
2018-09-11,208.340000
2018-09-12,209.770000
2018-09-13,209.920000
2018-09-14,206.580000
2018-09-17,208.220000
2018-09-18,205.440000
2018-09-19,204.100000
2018-09-20,205.020000
2018-09-21,204.230000
2018-09-24,201.930000
2018-09-25,202.360000
2018-09-26,201.150000
2018-09-27,199.490000
2018-09-28,201.630000
2018-10-01,199.190000
2018-10-02,200.240000
2018-10-03,197.690000
2018-10-04,197.760000
2018-10-05,199.010000
2018-10-08,201.190000
2018-10-09,200.940000
2018-10-10,198.680000
2018-10-11,195.680000
2018-10-12,196.850000
2018-10-15,198.270000
2018-10-16,199.110000
2018-10-17,198.130000
2018-10-18,198.140000
2018-10-19,199.960000
2018-10-22,196.570000
2018-10-23,197.620000
2018-10-24,200.710000
2018-10-25,201.730000
2018-10-26,200.820000
2018-10-29,206.040000
2018-10-30,207.710000
2018-10-31,205.470000
2018-11-01,206.110000
2018-11-02,199.230000
2018-11-05,201.600000
2018-11-06,202.800000
2018-11-07,203.460000
2018-11-08,205.040000
2018-11-09,206.350000
2018-11-12,207.820000
2018-11-13,208.380000
2018-11-14,209.120000
2018-11-15,207.350000
2018-11-16,211.370000
2018-11-19,212.060000
2018-11-20,211.230000
2018-11-21,208.700000
2018-11-23,207.660000
2018-11-26,206.660000
2018-11-27,208.610000
2018-11-28,210.370000
2018-11-29,211.860000
2018-11-30,213.260000
2018-12-03,212.420000
2018-12-04,211.810000
2018-12-06,216.230000
2018-12-07,214.140000
2018-12-10,213.940000
2018-12-11,210.740000
2018-12-12,204.290000
2018-12-13,199.050000
2018-12-14,203.470000
2018-12-17,199.570000
2018-12-18,204.140000
2018-12-19,203.250000
2018-12-20,202.930000
2018-12-21,203.300000
2018-12-24,196.670000
2018-12-26,200.400000
2018-12-27,201.710000
2018-12-28,201.900000
2018-12-31,202.410000
2019-01-02,195.060000
2019-01-03,198.800000
2019-01-04,196.600000
2019-01-07,196.050000
2019-01-08,199.570000
2019-01-09,198.180000
2019-01-10,200.920000
2019-01-11,200.700000
2019-01-14,200.950000
2019-01-15,204.010000
2019-01-16,204.310000
2019-01-17,204.940000
2019-01-18,203.130000
2019-01-22,201.510000
2019-01-23,201.830000
2019-01-24,202.630000
2019-01-25,205.640000
2019-01-28,208.200000
2019-01-29,210.400000
2019-01-30,210.250000
2019-01-31,212.520000
2019-02-01,209.500000
2019-02-04,209.180000
2019-02-05,208.980000
2019-02-06,208.540000
2019-02-07,209.840000
2019-02-08,210.570000
2019-02-11,210.510000
2019-02-12,207.740000
2019-02-13,207.960000
2019-02-14,208.150000
2019-02-15,207.740000
2019-02-19,207.910000
2019-02-20,205.620000
2019-02-21,200.480000
2019-02-22,201.140000
2019-02-25,201.410000
2019-02-26,202.700000
2019-02-27,209.610000
2019-02-28,211.490000
2019-03-01,212.000000
2019-03-04,212.350000
2019-03-05,213.150000
2019-03-06,213.210000
2019-03-07,214.170000
2019-03-08,214.320000
2019-03-11,218.840000
2019-03-12,218.270000
2019-03-13,219.140000
2019-03-14,218.570000
2019-03-15,217.620000
2019-03-18,217.760000
2019-03-19,217.480000
2019-03-20,218.850000
2019-03-21,222.020000
2019-03-22,222.120000
2019-03-25,224.240000
2019-03-26,220.220000
2019-03-27,219.200000
2019-03-28,219.000000
2019-03-29,217.780000
2019-04-01,218.310000
2019-04-02,219.430000
2019-04-03,218.910000
2019-04-04,217.720000
2019-04-05,218.570000
2019-04-08,218.000000
2019-04-09,219.400000
2019-04-10,219.500000
2019-04-11,219.640000
2019-04-12,221.760000
2019-04-15,220.550000
2019-04-16,217.440000
2019-04-17,216.690000
2019-04-18,217.450000
2019-04-22,214.350000
2019-04-23,216.000000
2019-04-24,218.220000
2019-04-25,216.790000
2019-04-26,218.950000
2019-04-29,217.190000
2019-04-30,221.180000
2019-05-01,222.010000
2019-05-02,226.860000
2019-05-03,226.750000
2019-05-06,226.820000
2019-05-07,222.630000
2019-05-08,222.310000
2019-05-09,222.890000
2019-05-10,225.510000
2019-05-13,228.700000
2019-05-14,227.700000
2019-05-15,228.450000
2019-05-16,229.120000
2019-05-17,230.120000
2019-05-20,230.540000
2019-05-21,230.930000
2019-05-22,231.760000
2019-05-23,234.430000
2019-05-24,236.230000
2019-05-28,233.270000
2019-05-29,231.510000
2019-05-30,233.260000
2019-05-31,237.880000
2019-06-03,239.940000
2019-06-04,237.700000
2019-06-05,244.890000
2019-06-06,244.720000
2019-06-07,245.210000
2019-06-10,243.720000
2019-06-11,240.850000
2019-06-12,241.930000
2019-06-13,242.260000
2019-06-14,243.310000
2019-06-17,244.200000
2019-06-18,241.490000
2019-06-19,242.320000
2019-06-20,242.480000
2019-06-21,240.500000
2019-06-24,239.860000
2019-06-25,238.420000
2019-06-26,234.120000
2019-06-27,237.040000
2019-06-28,238.170000
2019-07-01,236.450000
2019-07-02,242.510000
2019-07-03,247.590000
2019-07-05,245.220000
2019-07-08,246.640000
2019-07-09,247.510000
2019-07-10,249.570000
2019-07-11,248.630000
2019-07-12,248.680000
2019-07-15,249.630000
2019-07-16,248.980000
2019-07-17,248.720000
2019-07-18,247.550000
2019-07-19,244.080000
2019-07-22,242.610000
2019-07-23,244.280000
2019-07-24,242.210000
2019-07-25,242.100000
2019-07-26,239.430000
2019-07-29,242.750000
2019-07-30,243.100000
2019-07-31,242.760000
2019-08-01,246.370000
2019-08-02,249.540000
2019-08-05,245.750000
2019-08-06,250.080000
2019-08-07,254.220000
2019-08-08,256.000000
2019-08-09,257.050000
2019-08-12,258.690000
2019-08-13,258.280000
2019-08-14,255.640000
2019-08-15,259.950000
2019-08-16,258.780000
2019-08-19,261.060000
2019-08-20,260.540000
2019-08-21,261.060000
2019-08-22,261.890000
2019-08-23,259.500000
2019-08-26,261.290000
2019-08-27,262.230000
2019-08-28,261.940000
2019-08-29,262.240000
2019-08-30,264.740000
2019-09-03,262.150000
2019-09-04,264.070000
2019-09-05,258.260000
2019-09-06,257.500000
2019-09-09,254.810000
2019-09-10,250.000000
2019-09-11,249.690000
2019-09-12,249.580000
2019-09-13,243.450000
2019-09-16,247.350000
2019-09-17,250.830000
2019-09-18,250.470000
2019-09-19,250.390000
2019-09-20,247.800000
2019-09-23,245.450000
2019-09-24,247.790000
2019-09-25,246.000000
2019-09-26,246.470000
2019-09-27,245.010000
2019-09-30,245.270000
2019-10-01,240.220000
2019-10-02,242.280000
2019-10-03,245.860000
2019-10-04,246.820000
2019-10-07,246.620000
2019-10-08,246.820000
2019-10-09,247.330000
2019-10-10,246.700000
2019-10-11,245.960000
2019-10-14,245.330000
2019-10-15,242.890000
2019-10-16,242.050000
2019-10-17,240.690000
2019-10-18,241.550000
2019-10-21,243.790000
2019-10-22,240.540000
2019-10-23,240.420000
2019-10-24,241.370000
2019-10-25,234.000000
2019-10-28,232.600000
2019-10-29,234.700000
2019-10-30,223.260000
2019-10-31,222.860000
2019-11-01,219.260000
2019-11-04,216.120000
2019-11-05,215.270000
2019-11-06,214.490000
2019-11-07,214.470000
2019-11-08,211.350000
2019-11-11,211.470000
2019-11-12,209.170000
2019-11-13,211.680000
2019-11-14,212.950000
2019-11-15,213.210000
2019-11-18,213.540000
2019-11-19,213.740000
2019-11-20,213.490000
2019-11-21,210.840000
2019-11-22,209.020000
2019-11-25,208.410000
2019-11-26,212.110000
2019-11-27,212.120000
2019-11-29,210.680000
2019-12-02,209.030000
2019-12-03,211.940000
2019-12-04,212.950000
2019-12-05,213.460000
2019-12-06,213.850000
2019-12-09,213.360000
2019-12-10,211.350000
2019-12-11,209.920000
2019-12-12,204.250000
2019-12-13,205.430000
2019-12-16,206.180000
2019-12-17,205.240000
2019-12-18,208.210000
2019-12-19,210.120000
2019-12-20,211.500000
2019-12-23,210.230000
2019-12-24,209.860000
2019-12-26,211.360000
2019-12-27,211.640000
2019-12-30,211.210000
2019-12-31,212.960000
2020-01-02,211.420000
2020-01-03,213.700000
2020-01-06,214.460000
2020-01-07,213.610000
2020-01-08,214.000000
2020-01-09,214.090000
2020-01-10,215.820000
2020-01-13,216.780000
2020-01-14,216.310000
2020-01-15,218.250000
2020-01-16,220.020000
2020-01-17,220.750000
2020-01-21,222.650000
2020-01-22,220.990000
2020-01-23,223.200000
2020-01-24,224.470000
2020-01-27,224.260000
2020-01-28,223.780000
2020-01-29,222.080000
2020-01-30,224.100000
2020-01-31,223.760000
2020-02-03,224.180000
2020-02-04,223.150000
2020-02-05,222.140000
2020-02-06,224.030000
2020-02-07,225.230000
2020-02-10,226.420000
2020-02-11,226.360000
2020-02-12,227.250000
2020-02-13,228.560000
2020-02-14,232.820000
2020-02-18,231.760000
2020-02-19,218.800000
2020-02-20,222.380000
2020-02-21,225.770000
2020-02-24,226.470000
2020-02-25,220.880000
2020-02-26,228.230000
2020-02-27,211.310000
2020-02-28,209.120000
2020-03-02,219.250000
2020-03-03,217.720000
2020-03-04,226.080000
2020-03-05,229.060000
2020-03-06,228.940000
2020-03-09,223.560000
2020-03-10,229.890000
2020-03-11,220.440000
2020-03-12,201.510000
2020-03-13,211.340000
2020-03-16,186.970000
2020-03-17,198.360000
2020-03-18,189.960000
2020-03-19,187.600000
2020-03-20,171.220000
2020-03-23,160.610000
2020-03-24,168.650000
2020-03-25,176.540000
2020-03-26,187.770000
2020-03-27,191.520000
2020-03-30,201.630000
2020-03-31,198.610000
2020-04-01,196.620000
2020-04-02,192.870000
2020-04-03,194.080000
2020-04-06,203.730000
2020-04-07,197.260000
2020-04-08,199.070000
2020-04-09,208.590000
2020-04-13,201.430000
2020-04-14,204.870000
2020-04-15,195.300000
2020-04-16,193.960000
2020-04-17,196.480000
2020-04-20,193.320000
2020-04-21,190.900000
2020-04-22,193.010000
2020-04-23,187.500000
2020-04-24,187.230000
2020-04-27,192.960000
2020-04-28,191.010000
2020-04-29,186.720000
2020-04-30,185.450000
2020-05-01,184.360000
2020-05-04,181.090000
2020-05-05,179.440000
2020-05-06,176.090000
2020-05-07,183.510000
2020-05-08,190.340000
2020-05-11,186.930000
2020-05-12,178.470000
2020-05-13,176.600000
2020-05-14,179.000000
2020-05-15,175.970000
2020-05-18,183.360000
2020-05-19,183.580000
2020-05-20,183.920000
2020-05-21,182.770000
2020-05-22,186.470000
2020-05-26,192.480000
2020-05-27,196.970000
2020-05-28,201.190000
2020-05-29,202.740000
2020-06-01,204.770000
2020-06-02,207.740000
2020-06-03,207.960000
2020-06-04,200.640000
2020-06-05,206.370000
2020-06-08,206.680000
2020-06-09,211.370000
2020-06-10,205.470000
2020-06-11,195.930000
2020-06-12,196.470000
2020-06-15,199.190000
2020-06-16,198.860000
2020-06-17,197.760000
2020-06-18,196.270000
2020-06-19,190.590000
2020-06-22,190.270000
2020-06-23,188.240000
2020-06-24,189.450000
2020-06-25,191.030000
2020-06-26,189.280000
2020-06-29,191.100000
2020-06-30,191.890000
2020-07-01,199.160000
2020-07-02,199.360000
2020-07-06,196.530000
2020-07-07,194.460000
2020-07-08,193.360000
2020-07-09,195.370000
2020-07-10,194.430000
2020-07-13,192.890000
2020-07-14,193.840000
2020-07-15,192.800000
2020-07-16,188.380000
2020-07-17,192.300000
2020-07-20,187.790000
2020-07-21,186.840000
2020-07-22,188.310000
2020-07-23,187.020000
2020-07-24,185.360000
2020-07-27,185.570000
2020-07-28,193.870000
2020-07-29,196.840000
2020-07-30,197.710000
2020-07-31,199.880000
2020-08-03,195.840000
2020-08-04,201.380000
2020-08-05,196.970000
2020-08-06,196.080000
2020-08-07,199.250000
2020-08-10,202.490000
2020-08-11,198.990000
2020-08-12,198.380000
2020-08-13,197.300000
2020-08-14,200.240000
2020-08-17,200.020000
2020-08-18,200.940000
2020-08-19,197.430000
2020-08-20,203.260000
2020-08-21,206.550000
2020-08-24,206.560000
2020-08-25,206.760000
2020-08-26,208.510000
2020-08-27,211.270000
2020-08-28,213.440000
2020-08-31,212.400000
2020-09-01,213.400000
2020-09-02,214.160000
2020-09-03,212.930000
2020-09-04,212.140000
2020-09-08,213.950000
2020-09-09,216.720000
2020-09-10,218.140000
2020-09-11,220.590000
2020-09-14,224.740000
2020-09-15,221.010000
2020-09-16,224.510000
2020-09-17,222.210000
2020-09-18,221.010000
2020-09-21,216.290000
2020-09-22,219.370000
2020-09-23,212.910000
2020-09-24,214.640000
2020-09-25,218.470000
2020-09-28,221.130000
2020-09-29,220.910000
2020-09-30,222.720000
2020-10-01,226.260000
2020-10-02,230.590000
2020-10-05,232.160000
2020-10-06,228.290000
2020-10-07,230.040000
2020-10-08,232.020000
2020-10-09,234.010000
2020-10-12,235.080000
2020-10-13,235.390000
2020-10-14,233.500000
2020-10-15,234.340000
2020-10-16,233.000000
2020-10-19,231.190000
2020-10-20,233.120000
2020-10-21,233.010000
2020-10-22,235.110000
2020-10-23,235.720000
2020-10-26,236.230000
2020-10-27,234.610000
2020-10-28,231.120000
2020-10-29,230.860000
2020-10-30,229.070000
2020-11-02,232.810000
2020-11-03,235.480000
2020-11-04,235.260000
2020-11-05,230.660000
2020-11-06,231.330000
2020-11-09,222.080000
2020-11-10,234.040000
2020-11-11,235.820000
2020-11-12,231.810000
2020-11-13,234.050000
2020-11-16,233.690000
2020-11-17,234.540000
2020-11-18,229.960000
2020-11-19,228.790000
2020-11-20,223.640000
2020-11-23,219.130000
2020-11-24,222.070000
2020-11-25,223.300000
2020-11-27,220.030000
2020-11-30,224.460000
2020-12-01,225.350000
2020-12-02,224.520000
2020-12-03,226.040000
2020-12-04,224.500000
2020-12-07,224.680000
2020-12-08,221.880000
2020-12-09,219.640000
2020-12-10,216.580000
2020-12-11,220.060000
2020-12-14,223.740000
2020-12-15,225.160000
2020-12-16,225.960000
2020-12-17,232.560000
2020-12-18,228.930000
2020-12-21,228.710000
2020-12-22,232.190000
2020-12-23,227.000000
2020-12-24,228.850000
2020-12-28,229.140000
2020-12-29,227.800000
2020-12-30,228.930000
2020-12-31,230.930000
2021-01-04,220.200000
2021-01-05,217.370000
2021-01-06,213.820000
2021-01-07,217.450000
2021-01-08,222.620000
2021-01-11,221.250000
2021-01-12,222.240000
2021-01-13,224.790000
2021-01-14,221.230000
2021-01-15,224.390000
2021-01-19,220.620000
2021-01-20,224.980000
2021-01-21,221.970000
2021-01-22,222.790000
2021-01-25,225.820000
2021-01-26,227.840000
2021-01-27,228.050000
2021-01-28,227.510000
2021-01-29,227.620000
2021-02-01,232.690000
2021-02-02,230.300000
2021-02-03,231.300000
2021-02-04,230.850000
2021-02-05,229.340000
2021-02-08,232.510000
2021-02-09,236.370000
2021-02-10,234.100000
2021-02-11,233.070000
2021-02-12,231.860000
2021-02-16,229.950000
2021-02-17,234.070000
2021-02-18,235.000000
2021-02-19,234.700000
2021-02-22,237.760000
2021-02-23,242.340000
2021-02-24,242.610000
2021-02-25,243.360000
2021-02-26,233.940000
2021-03-01,231.970000
2021-03-02,234.430000
2021-03-03,230.850000
2021-03-04,231.350000
2021-03-05,235.050000
2021-03-08,238.650000
2021-03-09,240.030000
2021-03-10,239.840000
2021-03-11,238.610000
2021-03-12,243.050000
2021-03-15,242.480000
2021-03-16,245.330000
2021-03-17,241.660000
2021-03-18,242.010000
2021-03-19,233.460000
2021-03-22,236.700000
2021-03-23,242.900000
2021-03-24,241.140000
2021-03-25,241.300000
2021-03-26,244.590000
2021-03-29,247.990000
2021-03-30,247.030000
2021-03-31,246.760000
2021-04-01,251.940000
2021-04-05,255.270000
2021-04-06,255.310000
2021-04-07,255.720000
2021-04-08,256.760000
2021-04-09,257.880000
2021-04-12,260.860000
2021-04-13,266.950000
2021-04-14,263.690000
2021-04-15,267.750000
2021-04-16,266.800000
2021-04-19,270.380000
2021-04-20,273.370000
2021-04-21,273.560000
2021-04-22,276.530000
2021-04-23,276.770000
2021-04-26,275.120000
2021-04-27,275.060000
2021-04-28,273.230000
2021-04-29,279.480000
2021-04-30,281.160000
2021-05-03,278.030000
2021-05-04,279.350000
2021-05-05,274.620000
2021-05-06,275.210000
2021-05-07,277.270000
2021-05-10,277.160000
2021-05-11,274.320000
2021-05-12,269.710000
2021-05-13,273.950000
2021-05-14,273.450000
2021-05-17,276.580000
2021-05-18,275.570000
2021-05-19,276.540000
2021-05-20,279.290000
2021-05-21,276.730000
2021-05-24,278.450000
2021-05-25,278.770000
2021-05-26,279.580000
2021-05-27,279.870000
2021-05-28,282.480000
2021-06-01,285.560000
2021-06-02,287.990000
2021-06-03,288.850000
2021-06-04,288.710000
2021-06-07,291.220000
2021-06-08,293.400000
2021-06-09,293.840000
2021-06-10,295.470000
2021-06-11,295.810000
2021-06-14,294.630000
2021-06-15,293.190000
2021-06-16,292.210000
2021-06-17,295.640000
2021-06-18,298.360000
2021-06-21,303.550000
2021-06-22,302.450000
2021-06-23,303.760000
2021-06-24,301.840000
2021-06-25,304.750000
2021-06-28,304.500000
2021-06-29,303.480000
2021-06-30,300.690000
2021-07-01,300.340000
2021-07-02,302.720000
2021-07-06,307.940000
2021-07-07,308.200000
2021-07-08,307.180000
2021-07-09,311.680000
2021-07-12,313.740000
2021-07-13,310.280000
2021-07-14,312.980000
2021-07-15,313.480000
2021-07-16,313.940000
2021-07-19,308.520000
2021-07-20,312.190000
2021-07-21,308.290000
2021-07-22,309.250000
2021-07-23,313.800000
2021-07-26,313.660000
2021-07-27,313.900000
2021-07-28,313.000000
2021-07-29,311.810000
2021-07-30,312.480000
2021-08-02,311.010000
2021-08-03,309.580000
2021-08-04,306.510000
2021-08-05,308.910000
2021-08-06,304.730000
2021-08-09,309.780000
2021-08-10,311.000000
2021-08-11,312.000000
2021-08-12,315.000000
2021-08-13,314.670000
2021-08-16,318.110000
2021-08-17,319.510000
2021-08-18,320.220000
2021-08-19,322.470000
2021-08-20,324.280000
2021-08-23,321.230000
2021-08-24,317.830000
2021-08-25,316.380000
2021-08-26,316.270000
2021-08-27,317.690000
2021-08-30,320.550000
2021-08-31,323.610000
2021-09-01,329.690000
2021-09-02,331.040000
2021-09-03,330.760000
2021-09-07,326.700000
2021-09-08,330.530000
2021-09-09,324.170000
2021-09-10,323.230000
2021-09-13,321.200000
2021-09-14,317.420000
2021-09-15,319.510000
2021-09-16,317.390000
2021-09-17,311.040000
2021-09-20,312.140000
2021-09-21,311.930000
2021-09-22,309.190000
2021-09-23,305.420000
2021-09-24,303.880000
2021-09-27,296.740000
2021-09-28,299.520000
2021-09-29,302.320000
2021-09-30,297.100000
2021-10-01,297.200000
2021-10-04,298.050000
2021-10-05,295.260000
2021-10-06,301.420000
2021-10-07,301.530000
2021-10-08,299.720000
2021-10-11,302.100000
2021-10-12,311.310000
2021-10-13,317.320000
2021-10-14,325.880000
2021-10-15,319.420000
2021-10-18,322.220000
2021-10-19,321.000000
2021-10-20,322.440000
2021-10-21,322.510000
2021-10-22,326.330000
2021-10-25,328.510000
2021-10-26,326.880000
2021-10-27,322.440000
2021-10-28,331.620000
2021-10-29,332.180000
2021-11-01,331.640000
2021-11-02,337.710000
2021-11-03,332.740000
2021-11-04,332.550000
2021-11-05,322.880000
2021-11-08,323.460000
2021-11-09,325.000000
2021-11-10,327.150000
2021-11-11,329.020000
2021-11-12,329.180000
2021-11-15,331.730000
2021-11-16,328.180000
2021-11-17,333.540000
2021-11-18,335.850000
2021-11-19,331.740000
2021-11-22,329.190000
2021-11-23,330.380000
2021-11-24,335.050000
2021-11-26,327.020000
2021-11-29,331.890000
2021-11-30,327.380000
2021-12-01,325.630000
2021-12-02,334.990000
2021-12-03,335.340000
2021-12-06,339.500000
2021-12-07,340.260000
2021-12-08,343.410000
2021-12-09,342.300000
2021-12-10,348.000000
2021-12-13,355.210000
2021-12-14,352.290000
2021-12-15,361.500000
2021-12-16,363.000000
2021-12-17,361.740000
2021-12-20,365.970000
2021-12-21,361.790000
2021-12-22,365.430000
2021-12-23,362.450000
2021-12-27,368.800000
2021-12-28,370.620000
2021-12-29,372.620000
2021-12-30,372.460000
2021-12-31,374.560000
2022-01-03,365.280000
2022-01-04,365.030000
2022-01-05,361.770000
2022-01-06,365.340000
2022-01-07,355.910000
2022-01-10,359.820000
2022-01-11,362.850000
2022-01-12,367.430000
2022-01-13,364.380000
2022-01-14,361.790000
2022-01-18,359.730000
2022-01-19,357.040000
2022-01-20,352.420000
2022-01-21,353.350000
2022-01-24,352.130000
2022-01-25,352.500000
2022-01-26,348.180000
2022-01-27,346.260000
2022-01-28,360.570000
2022-01-31,358.530000
2022-02-01,355.340000
2022-02-02,370.360000
2022-02-03,367.330000
2022-02-04,362.850000
2022-02-07,362.750000
2022-02-08,362.440000
2022-02-09,369.190000
2022-02-10,359.090000
2022-02-11,358.170000
2022-02-14,355.640000
2022-02-15,351.590000
2022-02-16,351.720000
2022-02-17,346.060000
2022-02-18,343.560000
2022-02-22,342.380000
2022-02-23,353.450000
2022-02-24,351.630000
2022-02-25,362.700000
2022-02-28,355.020000
2022-03-01,358.980000
2022-03-02,365.290000
2022-03-03,372.960000
2022-03-04,377.360000
2022-03-07,376.150000
2022-03-08,367.200000
2022-03-09,369.630000
2022-03-10,369.670000
2022-03-11,365.990000
2022-03-14,360.070000
2022-03-15,355.140000
2022-03-16,357.720000
2022-03-17,365.780000
2022-03-18,365.710000
2022-03-21,367.560000
2022-03-22,370.380000
2022-03-23,368.050000
2022-03-24,373.120000
2022-03-25,376.000000
2022-03-28,383.360000
2022-03-29,396.470000
2022-03-30,396.160000
2022-03-31,390.280000
2022-04-01,396.510000
2022-04-04,394.100000
2022-04-05,395.720000
2022-04-06,408.580000
2022-04-07,409.200000
2022-04-08,408.950000
2022-04-11,401.800000
2022-04-12,406.770000
2022-04-13,405.650000
2022-04-14,408.500000
2022-04-18,409.610000
2022-04-19,413.170000
2022-04-20,419.900000
2022-04-21,412.570000
2022-04-22,402.360000
2022-04-25,399.000000
2022-04-26,394.200000
2022-04-27,391.380000
2022-04-28,398.970000
2022-04-29,371.500000
2022-05-02,360.050000
2022-05-03,357.010000
2022-05-04,355.170000
2022-05-05,349.270000
2022-05-06,336.880000
2022-05-09,313.690000
2022-05-10,312.370000
2022-05-11,312.790000
2022-05-12,314.140000
2022-05-13,318.530000
2022-05-16,319.170000
2022-05-17,316.460000
2022-05-18,306.900000
2022-05-19,309.770000
2022-05-20,312.910000
2022-05-23,320.100000
2022-05-24,325.990000
2022-05-25,324.870000
2022-05-26,325.900000
2022-05-27,335.770000
2022-05-31,330.640000
2022-06-01,330.620000
2022-06-02,332.920000
2022-06-03,330.720000
2022-06-06,322.510000
2022-06-07,330.650000
2022-06-08,316.560000
2022-06-09,309.760000
2022-06-10,307.430000
2022-06-13,297.480000
2022-06-14,297.840000
2022-06-15,304.170000
2022-06-16,300.790000
2022-06-17,298.540000
2022-06-21,302.090000
2022-06-22,306.230000
2022-06-23,308.170000
2022-06-24,314.190000
2022-06-27,313.710000
2022-06-28,311.460000
2022-06-29,311.060000
2022-06-30,312.670000
2022-07-01,317.370000
2022-07-05,314.710000
2022-07-06,317.020000
2022-07-07,314.790000
2022-07-08,315.830000
2022-07-11,313.800000
2022-07-12,307.370000
2022-07-13,306.080000
2022-07-14,306.430000
2022-07-15,313.320000
2022-07-18,308.960000
2022-07-19,316.280000
2022-07-20,316.000000
2022-07-21,319.280000
2022-07-22,319.330000
2022-07-25,323.920000
2022-07-26,326.710000
2022-07-27,326.280000
2022-07-28,337.100000
2022-07-29,326.410000
2022-08-01,324.420000
2022-08-02,320.940000
2022-08-03,328.400000
2022-08-04,330.570000
2022-08-05,331.200000
2022-08-08,335.710000
2022-08-09,342.930000
2022-08-10,345.990000
2022-08-11,346.440000
2022-08-12,351.700000
2022-08-15,355.340000
2022-08-16,353.220000
2022-08-17,355.270000
2022-08-18,352.850000
2022-08-19,351.230000
2022-08-22,346.350000
2022-08-23,341.090000
2022-08-24,343.010000
2022-08-25,350.250000
2022-08-26,344.520000
2022-08-29,340.670000
2022-08-30,332.500000
2022-08-31,330.830000
2022-09-01,337.780000
2022-09-02,332.990000
2022-09-06,339.380000
2022-09-07,342.290000
2022-09-08,339.390000
2022-09-09,339.160000
2022-09-12,339.510000
2022-09-13,327.790000
2022-09-14,324.680000
2022-09-15,313.660000
2022-09-16,313.150000
2022-09-19,312.500000
2022-09-20,306.280000
2022-09-21,301.730000
2022-09-22,298.910000
2022-09-23,295.070000
2022-09-26,290.820000
2022-09-27,287.490000
2022-09-28,292.570000
2022-09-29,287.490000
2022-09-30,292.810000
2022-10-03,293.950000
2022-10-04,297.000000
2022-10-05,293.920000
2022-10-06,287.960000
2022-10-07,283.670000
2022-10-10,287.600000
2022-10-11,289.910000
2022-10-12,286.910000
2022-10-13,289.240000
2022-10-14,281.790000
2022-10-17,291.740000
2022-10-18,297.200000
2022-10-19,290.900000
2022-10-20,293.090000
2022-10-21,292.680000
2022-10-24,291.340000
2022-10-25,300.110000
2022-10-26,298.080000
2022-10-27,297.840000
2022-10-28,311.540000
2022-10-31,309.750000
2022-11-01,307.640000
2022-11-02,283.020000
2022-11-03,276.670000
2022-11-04,277.730000
2022-11-07,274.330000
2022-11-08,286.710000
2022-11-09,284.710000
2022-11-10,302.810000
2022-11-11,295.180000
2022-11-14,290.740000
2022-11-15,289.100000
2022-11-16,291.100000
2022-11-17,289.380000
2022-11-18,293.510000
2022-11-21,297.540000
2022-11-22,299.350000
2022-11-23,297.120000
2022-11-25,298.610000
2022-11-28,288.550000
2022-11-29,290.600000
2022-11-30,297.960000
2022-12-01,295.480000
2022-12-02,295.800000
2022-12-05,289.450000
2022-12-06,288.990000
2022-12-07,296.820000
2022-12-08,302.680000
2022-12-09,297.600000
2022-12-12,301.420000
2022-12-13,301.920000
2022-12-14,300.180000
2022-12-15,298.810000
2022-12-16,286.470000
2022-12-19,284.430000
2022-12-20,282.260000
2022-12-21,283.670000
2022-12-22,279.990000
2022-12-23,283.210000
2022-12-27,283.040000
2022-12-28,277.990000
2022-12-29,282.580000
2022-12-30,280.190000
2023-01-03,274.180000
2023-01-04,278.110000
2023-01-05,271.270000
2023-01-06,276.760000
2023-01-09,281.210000
2023-01-10,281.180000
2023-01-11,293.670000
2023-01-12,296.080000
2023-01-13,290.870000
2023-01-17,291.600000
2023-01-18,285.780000
2023-01-19,287.550000
2023-01-20,289.100000
2023-01-23,290.850000
2023-01-24,293.810000
2023-01-25,292.290000
2023-01-26,297.390000
2023-01-27,299.320000
2023-01-30,298.890000
2023-01-31,304.340000
2023-02-01,305.940000
2023-02-02,311.460000
2023-02-03,308.470000
2023-02-06,307.750000
2023-02-07,302.030000
2023-02-08,302.000000
2023-02-09,298.530000
2023-02-10,299.910000
2023-02-13,302.500000
2023-02-14,300.880000
2023-02-15,300.910000
2023-02-16,299.560000
2023-02-17,299.010000
2023-02-21,298.900000
2023-02-22,292.300000
2023-02-23,294.300000
2023-02-24,293.240000
2023-02-27,295.220000
2023-02-28,298.950000
2023-03-01,295.700000
2023-03-02,301.230000
2023-03-03,304.820000
2023-03-06,305.720000
2023-03-07,302.350000
2023-03-08,300.870000
2023-03-09,295.700000
2023-03-10,281.460000
2023-03-13,289.590000
2023-03-14,287.640000
2023-03-15,288.560000
2023-03-16,294.860000
2023-03-17,295.670000
2023-03-20,298.370000
2023-03-21,292.920000
2023-03-22,284.970000
2023-03-23,282.240000
2023-03-24,286.600000
2023-03-27,286.350000
2023-03-28,282.000000
2023-03-29,290.240000
2023-03-30,294.640000
2023-03-31,302.140000
2023-04-03,307.700000
2023-04-04,308.260000
2023-04-05,307.260000
2023-04-06,310.790000
2023-04-10,311.460000
2023-04-11,314.050000
2023-04-12,313.150000
2023-04-13,304.510000
2023-04-14,290.350000
2023-04-17,294.480000
2023-04-18,290.580000
2023-04-19,289.130000
2023-04-20,287.640000
2023-04-21,288.490000
2023-04-24,288.100000
2023-04-25,290.000000
2023-04-26,288.630000
2023-04-27,292.430000
2023-04-28,294.830000
2023-05-01,292.590000
2023-05-02,286.810000
2023-05-03,282.310000
2023-05-04,290.300000
2023-05-05,295.910000
2023-05-08,297.340000
2023-05-09,299.290000
2023-05-10,300.010000
2023-05-11,295.000000
2023-05-12,295.990000
2023-05-15,293.990000
2023-05-16,288.850000
2023-05-17,287.020000
2023-05-18,284.800000
2023-05-19,284.900000
2023-05-22,284.510000
2023-05-23,287.500000
2023-05-24,283.390000
2023-05-25,283.110000
2023-05-26,286.690000
2023-05-30,288.900000
2023-05-31,283.300000
2023-06-01,283.430000
2023-06-02,288.390000
2023-06-05,283.150000
2023-06-06,280.010000
2023-06-07,291.870000
2023-06-08,290.220000
2023-06-09,286.850000
2023-06-12,287.690000
2023-06-13,285.020000
2023-06-14,284.120000
2023-06-15,287.640000
2023-06-16,287.100000
2023-06-20,285.020000
2023-06-21,287.760000
2023-06-22,283.300000
2023-06-23,283.580000
2023-06-26,288.840000
2023-06-27,289.500000
2023-06-28,289.120000
2023-06-29,288.590000
2023-06-30,291.880000
2023-07-03,292.990000
2023-07-05,291.910000
2023-07-06,290.950000
2023-07-07,287.090000
2023-07-10,290.910000
2023-07-11,293.860000
2023-07-12,296.280000
2023-07-13,298.820000
2023-07-14,301.640000
2023-07-17,300.570000
2023-07-18,294.370000
2023-07-19,292.960000
2023-07-20,289.030000
2023-07-21,291.730000
2023-07-24,295.650000
2023-07-25,293.720000
2023-07-26,295.570000
2023-07-27,288.330000
2023-07-28,281.530000
2023-07-31,281.750000
2023-08-01,279.350000
2023-08-02,278.770000
2023-08-03,286.980000
2023-08-04,275.690000
2023-08-07,283.010000
2023-08-08,281.830000
2023-08-09,286.330000
2023-08-10,284.700000
2023-08-11,286.920000
2023-08-14,283.470000
2023-08-15,279.690000
2023-08-16,278.770000
2023-08-17,272.380000
2023-08-18,273.440000
2023-08-21,273.250000
2023-08-22,273.700000
2023-08-23,275.310000
2023-08-24,273.770000
2023-08-25,276.300000
2023-08-28,277.280000
2023-08-29,278.930000
2023-08-30,281.000000
2023-08-31,276.380000
2023-09-01,275.800000
2023-09-05,271.190000
2023-09-06,268.730000
2023-09-07,273.140000
2023-09-08,273.660000
2023-09-11,276.590000
2023-09-12,272.490000
2023-09-13,271.990000
2023-09-14,276.090000
2023-09-15,274.110000
2023-09-18,269.880000
2023-09-19,270.370000
2023-09-20,270.770000
2023-09-21,263.150000
2023-09-22,263.980000
2023-09-25,263.730000
2023-09-26,263.920000
2023-09-27,264.980000
2023-09-28,264.280000
2023-09-29,263.520000
2023-10-02,260.740000
2023-10-03,255.710000
2023-10-04,259.050000
2023-10-05,258.880000
2023-10-06,263.970000
2023-10-09,270.430000
2023-10-10,271.490000
2023-10-11,275.780000
2023-10-12,272.960000
2023-10-13,272.120000
2023-10-16,275.730000
2023-10-17,273.020000
2023-10-18,266.630000
2023-10-19,258.500000
2023-10-20,251.190000
2023-10-23,247.930000
2023-10-24,242.650000
2023-10-25,237.990000
2023-10-26,238.780000
2023-10-27,238.570000
2023-10-30,238.820000
2023-10-31,238.710000
2023-11-01,242.590000
2023-11-02,248.260000
2023-11-03,253.260000
2023-11-06,248.120000
2023-11-07,247.980000
2023-11-08,250.690000
2023-11-09,246.610000
2023-11-10,244.780000
2023-11-13,246.330000
2023-11-14,260.000000
2023-11-15,260.590000
2023-11-16,259.510000
2023-11-17,257.700000
2023-11-20,258.080000
2023-11-21,257.210000
2023-11-22,254.720000
2023-11-24,255.030000
2023-11-27,256.620000
2023-11-28,256.660000
2023-11-29,257.900000
2023-11-30,258.760000
2023-12-01,266.000000
2023-12-04,269.300000
2023-12-05,268.830000
2023-12-06,269.660000
2023-12-07,273.090000
2023-12-08,273.810000
2023-12-11,276.830000
2023-12-12,273.000000
2023-12-13,282.550000
2023-12-14,291.100000
2023-12-15,290.060000
2023-12-18,289.000000
2023-12-19,294.860000
2023-12-20,292.990000
2023-12-21,297.140000
2023-12-22,297.930000
2023-12-26,301.880000
2023-12-27,305.280000
2023-12-28,307.800000
2023-12-29,305.000000
2024-01-02,311.830000
2024-01-03,303.010000
2024-01-04,300.180000
2024-01-05,298.610000
2024-01-08,300.120000
2024-01-09,296.900000
2024-01-10,295.220000
2024-01-11,290.350000
2024-01-12,295.030000
2024-01-16,294.850000
2024-01-17,294.500000
2024-01-18,290.970000
2024-01-19,291.920000
2024-01-22,293.650000
2024-01-23,291.850000
2024-01-24,288.710000
2024-01-25,291.680000
2024-01-26,289.880000
2024-01-29,289.810000
2024-01-30,284.760000
2024-01-31,283.190000
2024-02-01,286.460000
2024-02-02,280.560000
2024-02-05,274.160000
2024-02-06,278.650000
2024-02-07,281.210000
2024-02-08,284.900000
2024-02-09,284.070000
2024-02-12,281.340000
2024-02-13,276.640000
2024-02-14,280.480000
2024-02-15,286.260000
2024-02-16,281.520000
2024-02-20,284.120000
2024-02-21,288.620000
2024-02-22,285.390000
2024-02-23,284.780000
2024-02-26,278.620000
2024-02-27,279.580000
2024-02-28,280.290000
2024-02-29,283.870000
2024-03-01,283.240000
2024-03-04,285.080000
2024-03-05,279.510000
2024-03-06,283.730000
2024-03-07,286.080000
2024-03-08,293.130000
2024-03-11,291.680000
2024-03-12,290.560000
2024-03-13,288.850000
2024-03-14,280.640000
2024-03-15,277.040000
2024-03-18,277.580000
2024-03-19,277.310000
2024-03-20,282.030000
2024-03-21,281.860000
2024-03-22,279.370000
2024-03-25,275.780000
2024-03-26,275.290000
2024-03-27,288.100000
2024-03-28,290.060000
2024-04-01,286.500000
2024-04-02,283.380000
2024-04-03,280.320000
2024-04-04,280.640000
2024-04-05,282.570000
2024-04-08,287.620000
2024-04-09,293.340000
2024-04-10,275.850000
2024-04-11,275.180000
2024-04-12,272.140000
2024-04-15,265.760000
2024-04-16,262.220000
2024-04-17,261.810000
2024-04-18,260.280000
2024-04-19,260.380000
2024-04-22,261.440000
2024-04-23,262.220000
2024-04-24,262.170000
2024-04-25,258.680000
2024-04-26,257.730000
2024-04-29,262.930000
2024-04-30,259.450000
2024-05-01,260.150000
2024-05-02,263.930000
2024-05-03,265.760000
2024-05-06,269.190000
2024-05-07,273.200000
2024-05-08,269.020000
2024-05-09,275.390000
2024-05-10,275.940000
2024-05-13,276.910000
2024-05-14,279.830000
2024-05-15,286.650000
2024-05-16,287.020000
2024-05-17,288.670000
2024-05-20,285.900000
2024-05-21,283.030000
2024-05-22,283.010000
2024-05-23,274.360000
2024-05-24,272.390000
2024-05-28,270.490000
2024-05-29,263.800000
2024-05-30,268.240000
2024-05-31,273.830000
2024-06-03,274.390000
2024-06-04,278.970000
2024-06-05,277.140000
2024-06-06,276.140000
2024-06-07,273.820000
2024-06-10,274.020000
2024-06-11,274.640000
2024-06-12,275.740000
2024-06-13,282.600000
2024-06-14,283.250000
2024-06-17,283.800000
2024-06-18,291.450000
2024-06-20,291.970000
2024-06-21,291.050000
2024-06-24,292.310000
2024-06-25,289.570000
2024-06-26,288.120000
2024-06-27,286.550000
2024-06-28,287.650000
2024-07-01,283.130000
2024-07-02,285.390000
2024-07-03,287.340000
2024-07-05,289.670000
2024-07-08,290.440000
2024-07-09,288.990000
2024-07-10,287.400000
2024-07-11,296.630000
2024-07-12,302.630000
2024-07-15,302.040000
2024-07-16,305.650000
2024-07-17,309.980000
2024-07-18,303.620000
2024-07-19,301.650000
2024-07-22,304.420000
2024-07-23,301.970000
2024-07-24,295.550000
2024-07-25,294.920000
2024-07-26,300.740000
2024-07-29,302.800000
2024-07-30,304.370000
2024-07-31,295.920000
2024-08-01,300.080000
2024-08-02,311.900000
2024-08-05,303.660000
2024-08-06,312.640000
2024-08-07,310.150000
2024-08-08,313.170000
2024-08-09,317.040000
2024-08-12,314.340000
2024-08-13,316.450000
2024-08-14,320.880000
2024-08-15,317.230000
2024-08-16,319.410000
2024-08-19,323.080000
2024-08-20,325.550000
2024-08-21,327.790000
2024-08-22,333.240000
2024-08-23,340.940000
2024-08-26,339.660000
2024-08-27,342.590000
2024-08-28,340.770000
2024-08-29,341.720000
2024-08-30,343.720000
2024-09-03,341.680000
2024-09-04,343.950000
2024-09-05,341.170000
2024-09-06,345.630000
2024-09-09,351.500000
2024-09-10,359.140000
2024-09-11,359.400000
2024-09-12,359.120000
2024-09-13,359.160000
2024-09-16,362.990000
2024-09-17,357.570000
2024-09-18,360.720000
2024-09-19,358.620000
2024-09-20,361.720000
2024-09-23,365.010000
2024-09-24,361.990000
2024-09-25,359.580000
2024-09-26,356.500000
2024-09-27,356.640000
2024-09-30,363.870000
2024-10-01,360.060000
2024-10-02,355.300000
2024-10-03,353.000000
2024-10-04,345.400000
2024-10-07,346.710000
2024-10-08,347.940000
2024-10-09,347.960000
2024-10-10,342.070000
2024-10-11,342.830000
2024-10-14,343.720000
2024-10-15,344.990000
2024-10-16,347.640000
2024-10-17,345.400000
2024-10-18,345.620000
2024-10-21,331.850000
2024-10-22,334.920000
2024-10-23,339.770000
2024-10-24,338.410000
2024-10-25,336.340000
2024-10-28,336.610000
2024-10-29,331.260000
2024-10-30,335.830000
2024-10-31,329.060000
2024-11-01,323.660000
2024-11-04,332.560000
2024-11-05,340.600000
2024-11-06,325.310000
2024-11-07,333.130000
2024-11-08,339.420000
2024-11-11,336.900000
2024-11-12,330.240000
2024-11-13,334.940000
2024-11-14,331.790000
2024-11-15,335.010000
2024-11-18,337.290000
2024-11-19,334.450000
2024-11-20,332.860000
2024-11-21,335.850000
2024-11-22,337.580000
2024-11-25,347.830000
2024-11-26,350.040000
2024-11-27,351.360000
2024-11-29,348.050000
2024-12-02,344.070000
2024-12-03,336.090000
2024-12-04,334.610000
2024-12-05,332.670000
2024-12-06,334.000000
2024-12-09,335.570000
2024-12-10,327.990000
2024-12-11,323.340000
2024-12-12,320.790000
2024-12-13,317.620000
2024-12-16,315.200000
2024-12-17,313.360000
2024-12-18,299.880000
2024-12-19,289.330000
2024-12-20,297.500000
2024-12-23,298.820000
2024-12-24,300.800000
2024-12-26,301.320000
2024-12-27,298.100000
2024-12-30,295.810000
2024-12-31,299.440000
2025-01-02,296.580000
2025-01-03,300.450000
2025-01-06,295.830000
2025-01-07,298.200000
2025-01-08,295.460000
2025-01-10,288.990000
2025-01-13,290.240000
2025-01-14,289.980000
2025-01-15,290.490000
2025-01-16,297.700000
2025-01-17,296.070000
2025-01-21,297.040000
2025-01-22,290.750000
2025-01-23,291.590000
2025-01-24,292.190000
2025-01-27,297.320000
2025-01-28,297.480000
2025-01-29,294.260000
2025-01-30,298.050000
2025-01-31,298.480000
2025-02-03,295.910000
2025-02-04,296.740000
2025-02-05,302.150000
2025-02-06,302.880000
2025-02-07,302.610000
2025-02-10,303.620000
2025-02-11,305.340000
2025-02-12,300.110000
2025-02-13,301.240000
2025-02-14,297.400000
2025-02-18,297.000000
2025-02-19,297.430000
2025-02-20,304.060000
2025-02-21,304.190000
2025-02-24,303.350000
2025-02-25,308.600000
2025-02-26,304.300000
2025-02-27,305.700000
2025-02-28,303.620000
2025-03-03,311.040000
2025-03-04,306.050000
2025-03-05,311.300000
2025-03-06,308.430000
2025-03-07,313.980000
2025-03-10,313.600000
2025-03-11,308.210000
2025-03-12,303.450000
2025-03-13,292.890000
2025-03-14,298.130000
2025-03-17,300.410000
2025-03-18,298.500000
2025-03-19,295.620000
2025-03-20,296.480000
2025-03-21,291.140000
2025-03-24,294.930000
2025-03-25,289.150000
2025-03-26,291.540000
2025-03-27,291.920000
2025-03-28,294.370000
2025-03-31,299.290000
2025-04-01,298.860000
2025-04-02,296.930000
2025-04-03,294.740000
2025-04-04,284.530000
2025-04-07,275.690000
2025-04-08,266.310000
2025-04-09,282.290000
2025-04-10,278.070000
2025-04-11,280.340000
2025-04-14,288.730000
2025-04-15,288.910000
2025-04-16,289.030000
2025-04-17,296.010000
2025-04-21,287.560000
2025-04-22,296.670000
2025-04-23,295.230000
2025-04-24,293.790000
2025-04-25,290.910000
2025-04-28,292.110000
2025-04-29,292.990000
2025-04-30,300.430000
2025-05-01,300.000000
2025-05-02,300.150000
2025-05-05,300.340000
2025-05-06,297.980000
2025-05-07,299.900000
2025-05-08,300.700000
2025-05-09,304.070000
2025-05-12,305.180000
2025-05-13,302.130000
2025-05-14,298.190000
2025-05-15,304.980000
2025-05-16,309.150000
2025-05-19,309.460000
2025-05-20,307.820000
2025-05-21,295.860000
2025-05-22,295.780000
2025-05-23,296.700000
2025-05-27,300.140000
2025-05-28,302.160000
2025-05-29,306.020000
2025-05-30,308.410000
2025-06-02,309.770000
2025-06-03,303.310000
2025-06-04,303.290000
2025-06-05,300.460000
2025-06-06,302.910000
2025-06-09,302.580000
2025-06-10,304.020000
2025-06-11,300.160000
2025-06-12,296.650000
2025-06-13,294.950000
2025-06-16,294.560000
2025-06-17,293.660000
2025-06-18,290.810000
2025-06-20,290.080000
2025-06-23,294.760000
2025-06-24,295.600000
2025-06-25,289.440000
2025-06-26,288.570000
2025-06-27,289.880000
2025-06-30,293.420000
2025-07-01,298.090000
2025-07-02,297.100000
2025-07-03,296.320000
2025-07-07,291.950000
2025-07-08,290.820000
2025-07-09,288.990000
2025-07-10,288.840000
2025-07-11,289.130000
2025-07-14,288.630000
2025-07-15,283.910000
2025-07-16,285.550000
2025-07-17,283.540000
2025-07-18,284.060000
2025-07-21,284.580000
2025-07-22,291.040000
2025-07-23,289.620000
2025-07-24,287.310000
2025-07-25,287.760000
2025-07-28,285.990000
2025-07-29,292.570000
2025-07-30,288.650000
2025-07-31,271.940000
2025-08-01,278.890000
2025-08-04,280.580000
2025-08-05,281.820000
2025-08-06,281.420000
2025-08-07,283.890000
2025-08-08,281.740000
2025-08-11,279.750000
2025-08-12,280.480000
2025-08-13,283.180000
2025-08-14,280.890000
2025-08-15,282.940000
2025-08-18,280.560000
2025-08-19,287.350000
2025-08-20,286.940000
2025-08-21,286.760000
2025-08-22,293.710000
2025-08-25,289.840000
2025-08-26,288.880000
2025-08-27,291.190000
2025-08-28,291.670000
2025-08-29,294.590000
2025-09-02,288.180000
2025-09-03,291.760000
2025-09-04,292.220000
2025-09-05,297.800000
2025-09-08,294.720000
2025-09-09,290.100000
2025-09-10,288.690000
2025-09-11,294.920000
2025-09-12,292.320000
2025-09-15,286.560000
2025-09-16,284.810000
2025-09-17,284.130000
2025-09-18,283.790000
2025-09-19,279.000000
2025-09-22,279.670000
2025-09-23,282.300000
2025-09-24,280.710000
2025-09-25,280.260000
2025-09-26,286.290000
2025-09-29,288.530000
2025-09-30,288.850000
2025-10-01,290.680000
2025-10-02,289.160000
2025-10-03,293.540000
2025-10-06,290.810000
2025-10-07,293.530000
2025-10-08,293.140000
2025-10-09,294.010000
2025-10-10,294.420000
2025-10-13,299.630000
2025-10-14,302.150000
2025-10-15,301.000000
2025-10-16,306.730000
2025-10-17,307.610000
2025-10-20,311.800000
2025-10-21,308.270000
2025-10-22,310.880000
2025-10-23,306.280000
2025-10-24,302.240000
2025-10-27,300.340000
2025-10-28,298.040000
2025-10-29,289.180000
2025-10-30,280.860000
2025-10-31,278.560000
2025-11-03,277.620000
2025-11-04,276.020000
2025-11-05,278.920000
2025-11-06,273.960000
2025-11-07,278.050000
2025-11-10,272.780000
2025-11-11,277.860000
2025-11-12,275.150000
2025-11-13,274.280000
2025-11-14,274.260000
2025-11-17,270.270000
2025-11-18,271.500000
2025-11-19,266.160000
2025-11-20,265.450000
2025-11-21,269.510000
2025-11-24,269.170000
2025-11-25,272.330000
2025-11-26,274.210000
2025-11-28,274.540000
2025-12-01,271.150000
2025-12-02,273.160000
2025-12-03,278.250000
2025-12-04,276.630000
2025-12-05,272.060000
2025-12-08,269.550000
2025-12-09,264.710000
2025-12-10,267.620000
2025-12-11,273.710000
2025-12-12,274.970000
2025-12-15,272.380000
2025-12-16,267.480000
2025-12-17,267.170000
2025-12-18,261.370000
2025-12-19,259.150000
2025-12-22,261.410000
2025-12-23,259.430000
2025-12-24,262.080000
2025-12-26,260.660000
2025-12-29,259.320000
2025-12-30,261.130000
2025-12-31,259.500000
2026-01-02,258.440000
2026-01-05,260.900000
2026-01-06,270.320000
2026-01-07,265.680000
2026-01-08,271.120000
2026-01-09,278.150000
2026-01-12,279.200000
2026-01-13,279.830000
2026-01-14,287.770000
2026-01-15,293.030000
2026-01-16,293.890000
2026-01-20,285.180000
2026-01-21,288.700000
2026-01-22,286.580000
2026-01-23,282.630000
2026-01-26,278.750000
2026-01-27,277.700000
2026-01-28,273.860000
2026-01-29,277.450000
2026-01-30,276.190000
2026-02-02,271.810000
2026-02-03,279.540000
2026-02-04,288.500000
2026-02-05,282.820000
2026-02-06,287.000000
2026-02-09,288.890000
2026-02-10,292.330000
2026-02-11,293.840000
2026-02-12,292.370000
2026-02-13,300.350000
2026-02-17,302.000000
2026-02-18,299.000000
2026-02-19,298.500000
2026-02-20,305.000000
2026-02-23,305.260000
2026-02-24,304.110000
2026-02-25,299.350000
2026-02-26,303.950000
2026-02-27,307.060000
2026-03-02,310.940000
2026-03-03,306.140000
2026-03-04,310.760000
2026-03-05,306.940000
2026-03-06,308.130000
2026-03-09,306.480000
2026-03-10,305.990000
2026-03-11,299.910000
2026-03-12,297.740000
2026-03-13,297.720000
2026-03-16,289.800000
2026-03-17,286.130000
2026-03-18,277.590000
2026-03-19,277.330000
2026-03-20,265.780000
2026-03-23,271.320000
2026-03-24,267.940000
2026-03-25,267.630000
2026-03-26,268.010000
2026-03-27,266.010000
2026-03-30,265.130000
2026-03-31,270.880000
2026-04-01,276.240000
2026-04-02,280.350000
2026-04-06,280.890000
2026-04-07,279.240000
2026-04-08,290.000000
2026-04-09,293.270000
2026-04-10,295.000000
2026-04-13,296.230000
2026-04-14,304.000000
2026-04-15,299.830000
2026-04-16,301.740000
2026-04-17,309.220000
2026-04-20,312.170000
2026-04-21,308.330000
2026-04-22,304.810000
2026-04-23,310.820000
2026-04-24,308.290000
2026-04-27,305.480000
2026-04-28,297.140000
2026-04-29,294.090000
2026-04-30,302.450000
2026-05-01,301.550000
2026-05-04,295.360000
2026-05-05,298.820000
2026-05-06,308.980000
2026-05-07,309.330000
2026-05-08,311.040000
2026-05-11,311.550000
2026-05-12,311.280000
2026-05-13,303.700000
2026-05-14,303.030000
2026-05-15,292.470000
2026-05-18,296.150000
2026-05-19,297.470000
2026-05-20,302.870000
2026-05-21,304.990000
2026-05-22,305.250000
2026-05-26,304.470000
2026-05-27,306.790000
2026-05-28,309.250000
2026-05-29,303.690000
2026-06-01,295.800000
2026-06-02,299.140000
2026-06-03,301.970000
2026-06-04,306.660000
2026-06-05,309.680000
2026-06-08,311.080000
2026-06-09,322.860000
2026-06-10,323.870000
2026-06-11,324.710000
2026-06-12,325.940000
2026-06-15,320.980000
2026-06-16,320.170000
2026-06-17,312.580000
2026-06-18,318.120000
2026-06-22,320.220000
2026-06-23,321.290000
2026-06-24,317.920000
2026-06-25,320.740000
2026-06-26,324.390000
2026-06-29,324.450000
2026-06-30,318.310000
2026-07-01,323.040000
2026-07-02,329.640000
2026-07-06,324.000000
2026-07-07,328.690000
2026-07-08,320.770000
2026-07-09,319.350000
2026-07-10,320.560000
2026-07-13,321.860000
2026-07-14,318.930000
2026-07-15,314.680000
2026-07-16,324.500000
2026-07-17,318.040000
2026-07-20,315.530000
2026-07-21,309.750000
2026-07-22,311.700000
2026-07-23,315.010000
2026-07-24,322.480000
2026-07-27,324.020000
2026-07-28,330.470000
2026-07-29,329.440000
2026-07-30,317.450000
2026-07-31,324.170000
2026-08-03,325.900000
2026-08-04,326.490000
2026-08-05,327.340000
2026-08-06,327.000000
2026-08-07,328.400000
2026-08-10,325.710000
2026-08-11,325.100000
2026-08-12,323.580000
2026-08-13,328.720000
2026-08-14,325.930000
2026-08-17,324.310000
2026-08-18,323.100000
2026-08-19,325.130000
2026-08-20,322.740000
2026-08-21,322.490000
2026-08-24,324.970000
2026-08-25,322.670000
2026-08-26,317.370000
2026-08-27,311.200000
