d,c
2009-01-02,34.040000
2009-01-05,34.060000
2009-01-06,34.550000
2009-01-07,32.100000
2009-01-08,32.020000
2009-01-09,31.070000
2009-01-12,30.260000
2009-01-13,29.840000
2009-01-14,28.300000
2009-01-15,28.480000
2009-01-16,28.570000
2009-01-20,27.110000
2009-01-21,28.990000
2009-01-22,28.340000
2009-01-23,27.930000
2009-01-26,28.030000
2009-01-27,28.170000
2009-01-28,29.190000
2009-01-29,27.220000
2009-01-30,26.040000
2009-02-02,23.160000
2009-02-03,24.690000
2009-02-04,24.500000
2009-02-05,25.130000
2009-02-06,26.120000
2009-02-09,25.400000
2009-02-10,24.200000
2009-02-11,24.370000
2009-02-12,24.370000
2009-02-13,24.100000
2009-02-17,22.900000
2009-02-18,22.950000
2009-02-19,22.080000
2009-02-20,22.070000
2009-02-23,20.890000
2009-02-24,21.660000
2009-02-25,21.190000
2009-02-26,20.720000
2009-02-27,20.100000
2009-03-02,18.740000
2009-03-03,18.730000
2009-03-04,19.720000
2009-03-05,17.730000
2009-03-06,18.400000
2009-03-09,18.340000
2009-03-10,19.980000
2009-03-11,20.330000
2009-03-12,21.570000
2009-03-13,21.190000
2009-03-16,21.680000
2009-03-17,23.030000
2009-03-18,23.850000
2009-03-19,23.600000
2009-03-20,22.420000
2009-03-23,24.700000
2009-03-24,24.540000
2009-03-25,23.780000
2009-03-26,24.850000
2009-03-27,23.660000
2009-03-30,21.820000
2009-03-31,21.840000
2009-04-01,22.150000
2009-04-02,23.910000
2009-04-03,24.300000
2009-04-06,24.210000
2009-04-07,23.630000
2009-04-08,26.870000
2009-04-09,28.830000
2009-04-13,28.370000
2009-04-14,27.860000
2009-04-15,27.630000
2009-04-16,29.210000
2009-04-17,30.310000
2009-04-20,28.140000
2009-04-21,29.030000
2009-04-22,29.830000
2009-04-23,30.430000
2009-04-24,31.310000
2009-04-27,30.150000
2009-04-28,29.910000
2009-04-29,33.060000
2009-04-30,31.590000
2009-05-01,31.930000
2009-05-04,33.390000
2009-05-05,35.080000
2009-05-06,35.130000
2009-05-07,33.800000
2009-05-08,34.680000
2009-05-11,32.820000
2009-05-12,32.500000
2009-05-13,31.140000
2009-05-14,31.270000
2009-05-15,31.200000
2009-05-18,32.830000
2009-05-19,32.910000
2009-05-20,31.970000
2009-05-21,30.470000
2009-05-22,30.490000
2009-05-26,31.320000
2009-05-27,30.090000
2009-05-28,29.690000
2009-05-29,30.690000
2009-06-01,32.710000
2009-06-02,32.810000
2009-06-03,31.860000
2009-06-04,32.780000
2009-06-05,33.580000
2009-06-08,32.940000
2009-06-09,33.100000
2009-06-10,33.030000
2009-06-11,33.340000
2009-06-12,33.440000
2009-06-15,31.850000
2009-06-16,31.050000
2009-06-17,30.340000
2009-06-18,30.350000
2009-06-19,30.640000
2009-06-22,29.830000
2009-06-23,29.790000
2009-06-24,30.590000
2009-06-25,31.390000
2009-06-26,31.930000
2009-06-29,32.530000
2009-06-30,32.120000
2009-07-01,32.520000
2009-07-02,31.540000
2009-07-06,31.260000
2009-07-07,30.320000
2009-07-08,30.220000
2009-07-09,30.700000
2009-07-10,31.140000
2009-07-13,32.520000
2009-07-14,32.690000
2009-07-15,34.350000
2009-07-16,35.100000
2009-07-17,35.020000
2009-07-20,36.450000
2009-07-21,36.180000
2009-07-22,36.710000
2009-07-23,39.150000
2009-07-24,39.760000
2009-07-27,39.610000
2009-07-28,39.620000
2009-07-29,40.810000
2009-07-30,40.720000
2009-07-31,41.410000
2009-08-03,41.790000
2009-08-04,42.120000
2009-08-05,41.230000
2009-08-06,41.550000
2009-08-07,42.380000
2009-08-10,41.370000
2009-08-11,40.710000
2009-08-12,41.510000
2009-08-13,41.150000
2009-08-14,40.000000
2009-08-17,38.550000
2009-08-18,39.020000
2009-08-19,39.340000
2009-08-20,39.100000
2009-08-21,40.250000
2009-08-24,39.930000
2009-08-25,40.910000
2009-08-26,41.000000
2009-08-27,41.040000
2009-08-28,41.860000
2009-08-31,41.850000
2009-09-01,41.200000
2009-09-02,40.930000
2009-09-03,40.540000
2009-09-04,41.100000
2009-09-08,41.500000
2009-09-09,42.190000
2009-09-10,43.150000
2009-09-11,43.500000
2009-09-14,43.720000
2009-09-15,44.060000
2009-09-16,44.510000
2009-09-17,44.120000
2009-09-18,44.190000
2009-09-21,43.740000
2009-09-22,44.400000
2009-09-23,44.060000
2009-09-24,42.740000
2009-09-25,42.240000
2009-09-28,42.850000
2009-09-29,42.820000
2009-09-30,42.600000
2009-10-01,41.120000
2009-10-02,40.750000
2009-10-05,41.290000
2009-10-06,41.850000
2009-10-07,41.260000
2009-10-08,41.810000
2009-10-09,41.330000
2009-10-12,41.610000
2009-10-13,41.430000
2009-10-14,42.570000
2009-10-15,42.890000
2009-10-16,42.330000
2009-10-19,42.740000
2009-10-20,42.420000
2009-10-21,43.300000
2009-10-22,43.870000
2009-10-23,43.260000
2009-10-26,42.840000
2009-10-27,42.650000
2009-10-28,41.230000
2009-10-29,42.920000
2009-10-30,40.950000
2009-11-02,40.280000
2009-11-03,42.070000
2009-11-04,42.050000
2009-11-05,44.200000
2009-11-06,43.320000
2009-11-09,43.300000
2009-11-10,43.510000
2009-11-11,43.790000
2009-11-12,43.040000
2009-11-13,43.630000
2009-11-16,45.250000
2009-11-17,45.190000
2009-11-18,45.520000
2009-11-19,44.600000
2009-11-20,44.100000
2009-11-23,44.290000
2009-11-24,44.610000
2009-11-25,44.150000
2009-11-27,43.510000
2009-11-30,43.490000
2009-12-01,44.060000
2009-12-02,44.150000
2009-12-03,44.000000
2009-12-04,45.660000
2009-12-07,45.960000
2009-12-08,45.320000
2009-12-09,46.160000
2009-12-10,47.130000
2009-12-11,47.560000
2009-12-14,48.120000
2009-12-15,46.620000
2009-12-16,46.500000
2009-12-17,45.710000
2009-12-18,45.400000
2009-12-21,47.100000
2009-12-22,47.460000
2009-12-23,47.380000
2009-12-24,48.150000
2009-12-28,47.400000
2009-12-29,47.050000
2009-12-30,47.180000
2009-12-31,46.980000
2010-01-04,47.730000
2010-01-05,47.350000
2010-01-06,48.250000
2010-01-07,48.780000
2010-01-08,49.460000
2010-01-11,49.000000
2010-01-12,48.220000
2010-01-13,48.450000
2010-01-14,48.600000
2010-01-15,47.690000
2010-01-19,49.170000
2010-01-20,48.360000
2010-01-21,47.680000
2010-01-22,46.020000
2010-01-25,46.630000
2010-01-26,46.160000
2010-01-27,50.840000
2010-01-28,49.940000
2010-01-29,48.240000
2010-02-01,49.750000
2010-02-02,49.680000
2010-02-03,49.230000
2010-02-04,47.910000
2010-02-05,48.510000
2010-02-08,47.710000
2010-02-09,49.500000
2010-02-10,49.710000
2010-02-11,50.720000
2010-02-12,51.430000
2010-02-16,52.830000
2010-02-17,53.090000
2010-02-18,53.780000
2010-02-19,54.310000
2010-02-22,54.040000
2010-02-23,53.250000
2010-02-24,53.780000
2010-02-25,53.520000
2010-02-26,54.090000
2010-03-01,55.130000
2010-03-02,55.650000
2010-03-03,55.260000
2010-03-04,55.000000
2010-03-05,55.980000
2010-03-08,56.140000
2010-03-09,56.050000
2010-03-10,56.160000
2010-03-11,55.840000
2010-03-12,55.360000
2010-03-15,54.990000
2010-03-16,55.330000
2010-03-17,55.230000
2010-03-18,55.130000
2010-03-19,55.370000
2010-03-22,55.860000
2010-03-23,56.780000
2010-03-24,55.820000
2010-03-25,55.920000
2010-03-26,55.430000
2010-03-29,55.550000
2010-03-30,56.160000
2010-03-31,56.360000
2010-04-01,56.640000
2010-04-05,57.320000
2010-04-06,58.040000
2010-04-07,57.610000
2010-04-08,58.980000
2010-04-09,59.140000
2010-04-12,59.610000
2010-04-13,59.130000
2010-04-14,60.380000
2010-04-15,60.800000
2010-04-16,60.010000
2010-04-19,59.270000
2010-04-20,60.690000
2010-04-21,60.420000
2010-04-22,62.070000
2010-04-23,62.710000
2010-04-26,62.830000
2010-04-27,61.270000
2010-04-28,61.170000
2010-04-29,61.900000
2010-04-30,60.720000
2010-05-03,62.620000
2010-05-04,59.930000
2010-05-05,59.550000
2010-05-06,57.350000
2010-05-07,56.540000
2010-05-10,60.040000
2010-05-11,60.080000
2010-05-12,62.380000
2010-05-13,61.150000
2010-05-14,59.300000
2010-05-17,59.310000
2010-05-18,57.970000
2010-05-19,56.700000
2010-05-20,52.160000
2010-05-21,53.450000
2010-05-24,52.820000
2010-05-25,51.840000
2010-05-26,52.450000
2010-05-27,54.270000
2010-05-28,53.430000
2010-06-01,52.220000
2010-06-02,54.100000
2010-06-03,54.750000
2010-06-04,51.460000
2010-06-07,49.590000
2010-06-08,50.430000
2010-06-09,50.280000
2010-06-10,52.700000
2010-06-11,52.880000
2010-06-14,51.760000
2010-06-15,54.100000
2010-06-16,54.040000
2010-06-17,53.820000
2010-06-18,53.830000
2010-06-21,53.950000
2010-06-22,52.210000
2010-06-23,52.010000
2010-06-24,50.970000
2010-06-25,52.140000
2010-06-28,51.580000
2010-06-29,49.110000
2010-06-30,49.090000
2010-07-01,49.080000
2010-07-02,49.370000
2010-07-06,49.160000
2010-07-07,50.700000
2010-07-08,51.660000
2010-07-09,52.020000
2010-07-12,51.390000
2010-07-13,52.670000
2010-07-14,52.530000
2010-07-15,51.820000
2010-07-16,50.490000
2010-07-19,50.960000
2010-07-20,51.740000
2010-07-21,51.450000
2010-07-22,53.230000
2010-07-23,54.570000
2010-07-26,55.780000
2010-07-27,55.960000
2010-07-28,54.530000
2010-07-29,54.610000
2010-07-30,54.150000
2010-08-02,55.650000
2010-08-03,55.320000
2010-08-04,55.920000
2010-08-05,56.360000
2010-08-06,56.120000
2010-08-09,56.730000
2010-08-10,56.520000
2010-08-11,52.510000
2010-08-12,51.360000
2010-08-13,51.470000
2010-08-16,50.900000
2010-08-17,51.840000
2010-08-18,52.500000
2010-08-19,51.060000
2010-08-20,50.570000
2010-08-23,49.860000
2010-08-24,49.350000
2010-08-25,49.880000
2010-08-26,50.770000
2010-08-27,52.370000
2010-08-30,51.060000
2010-08-31,51.140000
2010-09-01,53.430000
2010-09-02,54.560000
2010-09-03,55.470000
2010-09-07,54.790000
2010-09-08,56.370000
2010-09-09,56.190000
2010-09-10,57.540000
2010-09-13,59.600000
2010-09-14,59.550000
2010-09-15,59.350000
2010-09-16,59.400000
2010-09-17,59.950000
2010-09-20,61.170000
2010-09-21,60.730000
2010-09-22,60.250000
2010-09-23,59.740000
2010-09-24,61.710000
2010-09-27,61.190000
2010-09-28,62.220000
2010-09-29,62.440000
2010-09-30,61.730000
2010-10-01,61.870000
2010-10-04,60.870000
2010-10-05,62.550000
2010-10-06,62.060000
2010-10-07,61.930000
2010-10-08,62.640000
2010-10-11,62.220000
2010-10-12,62.070000
2010-10-13,62.910000
2010-10-14,62.030000
2010-10-15,61.920000
2010-10-18,62.360000
2010-10-19,61.050000
2010-10-20,62.160000
2010-10-21,63.080000
2010-10-22,62.710000
2010-10-25,63.840000
2010-10-26,63.320000
2010-10-27,62.630000
2010-10-28,62.250000
2010-10-29,62.370000
2010-11-01,63.280000
2010-11-02,64.580000
2010-11-03,64.910000
2010-11-04,66.370000
2010-11-05,66.470000
2010-11-08,66.330000
2010-11-09,65.010000
2010-11-10,65.990000
2010-11-11,65.840000
2010-11-12,64.700000
2010-11-15,64.680000
2010-11-16,63.720000
2010-11-17,63.810000
2010-11-18,65.900000
2010-11-19,66.220000
2010-11-22,66.950000
2010-11-23,65.860000
2010-11-24,67.300000
2010-11-26,67.170000
2010-11-29,66.520000
2010-11-30,66.120000
2010-12-01,67.610000
2010-12-02,68.450000
2010-12-03,68.390000
2010-12-06,68.760000
2010-12-07,69.570000
2010-12-08,68.980000
2010-12-09,69.570000
2010-12-10,70.720000
2010-12-13,71.260000
2010-12-14,71.870000
2010-12-15,71.160000
2010-12-16,72.050000
2010-12-17,72.060000
2010-12-20,71.910000
2010-12-21,72.400000
2010-12-22,72.450000
2010-12-23,71.790000
2010-12-27,72.340000
2010-12-28,72.170000
2010-12-29,71.890000
2010-12-30,71.900000
2010-12-31,71.710000
2011-01-04,73.640000
2011-01-05,73.840000
2011-01-06,73.050000
2011-01-07,72.460000
2011-01-10,72.400000
2011-01-11,72.170000
2011-01-12,72.750000
2011-01-13,72.940000
2011-01-14,73.000000
2011-01-18,74.460000
2011-01-19,74.190000
2011-01-20,75.600000
2011-01-21,74.420000
2011-01-24,74.730000
2011-01-25,74.690000
2011-01-26,81.310000
2011-01-27,82.700000
2011-01-28,80.340000
2011-01-31,81.010000
2011-02-01,82.260000
2011-02-02,82.940000
2011-02-03,82.650000
2011-02-04,82.550000
2011-02-07,84.120000
2011-02-08,85.130000
2011-02-09,85.630000
2011-02-10,86.800000
2011-02-11,87.910000
2011-02-14,88.790000
2011-02-15,88.380000
2011-02-16,90.980000
2011-02-17,89.810000
2011-02-18,89.380000
2011-02-22,86.950000
2011-02-23,85.750000
2011-02-24,87.080000
2011-02-25,88.820000
2011-02-28,87.730000
2011-03-01,85.370000
2011-03-02,86.080000
2011-03-03,89.280000
2011-03-04,87.890000
2011-03-07,86.730000
2011-03-08,88.590000
2011-03-09,88.070000
2011-03-10,85.660000
2011-03-11,87.200000
2011-03-14,87.050000
2011-03-15,86.080000
2011-03-16,84.530000
2011-03-17,86.970000
2011-03-18,88.000000
2011-03-21,90.520000
2011-03-22,89.680000
2011-03-23,91.180000
2011-03-24,92.080000
2011-03-25,93.050000
2011-03-28,92.200000
2011-03-29,93.900000
2011-03-30,94.030000
2011-03-31,94.650000
2011-04-01,97.000000
2011-04-04,96.890000
2011-04-05,95.760000
2011-04-06,93.760000
2011-04-07,93.370000
2011-04-08,92.380000
2011-04-11,92.410000
2011-04-12,91.740000
2011-04-13,91.550000
2011-04-14,91.980000
2011-04-15,93.050000
2011-04-18,91.160000
2011-04-19,91.520000
2011-04-20,94.640000
2011-04-21,95.190000
2011-04-25,94.530000
2011-04-26,97.840000
2011-04-27,89.500000
2011-04-28,88.260000
2011-04-29,87.130000
2011-05-02,86.990000
2011-05-03,84.470000
2011-05-04,82.680000
2011-05-05,83.780000
2011-05-06,84.340000
2011-05-09,84.860000
2011-05-10,86.380000
2011-05-11,83.830000
2011-05-12,83.980000
2011-05-13,82.540000
2011-05-16,81.780000
2011-05-17,80.450000
2011-05-18,83.620000
2011-05-19,83.540000
2011-05-20,82.840000
2011-05-23,81.410000
2011-05-24,80.960000
2011-05-25,82.320000
2011-05-26,83.130000
2011-05-27,83.230000
2011-05-31,83.110000
2011-06-01,81.000000
2011-06-02,83.050000
2011-06-03,81.380000
2011-06-06,80.540000
2011-06-07,80.870000
2011-06-08,79.250000
2011-06-09,79.660000
2011-06-10,78.160000
2011-06-13,77.080000
2011-06-14,80.280000
2011-06-15,78.280000
2011-06-16,78.340000
2011-06-17,79.120000
2011-06-20,79.790000
2011-06-21,81.810000
2011-06-22,81.310000
2011-06-23,81.740000
2011-06-24,80.620000
2011-06-27,81.140000
2011-06-28,83.980000
2011-06-29,85.850000
2011-06-30,86.760000
2011-07-01,88.990000
2011-07-05,88.240000
2011-07-06,88.160000
2011-07-07,89.330000
2011-07-08,87.660000
2011-07-11,85.580000
2011-07-12,83.700000
2011-07-13,83.590000
2011-07-14,80.790000
2011-07-15,81.100000
2011-07-18,81.220000
2011-07-19,82.870000
2011-07-20,82.830000
2011-07-21,83.840000
2011-07-22,83.050000
2011-07-25,82.920000
2011-07-26,80.660000
2011-07-27,77.070000
2011-07-28,73.480000
2011-07-29,71.760000
2011-08-01,71.150000
2011-08-02,67.690000
2011-08-03,70.820000
2011-08-04,65.270000
2011-08-05,62.470000
2011-08-08,56.460000
2011-08-09,60.890000
2011-08-10,58.560000
2011-08-11,62.050000
2011-08-12,64.930000
2011-08-15,64.530000
2011-08-16,63.010000
2011-08-17,61.990000
2011-08-18,55.730000
2011-08-19,53.660000
2011-08-22,53.710000
2011-08-23,57.310000
2011-08-24,58.930000
2011-08-25,57.730000
2011-08-26,59.840000
2011-08-29,60.530000
2011-08-30,62.330000
2011-08-31,64.130000
2011-09-01,62.390000
2011-09-02,59.300000
2011-09-06,57.180000
2011-09-07,59.250000
2011-09-08,57.760000
2011-09-09,56.560000
2011-09-12,57.170000
2011-09-13,58.180000
2011-09-14,58.680000
2011-09-15,60.110000
2011-09-16,59.490000
2011-09-19,58.570000
2011-09-20,56.440000
2011-09-21,54.050000
2011-09-22,51.540000
2011-09-23,52.290000
2011-09-26,54.880000
2011-09-27,57.980000
2011-09-28,56.570000
2011-09-29,57.450000
2011-09-30,56.000000
2011-10-03,54.550000
2011-10-04,57.790000
2011-10-05,59.480000
2011-10-06,60.900000
2011-10-07,59.170000
2011-10-10,61.590000
2011-10-11,61.870000
2011-10-12,64.150000
2011-10-13,63.460000
2011-10-14,66.010000
2011-10-17,62.110000
2011-10-18,65.300000
2011-10-19,63.660000
2011-10-20,63.690000
2011-10-21,66.540000
2011-10-24,68.400000
2011-10-25,64.600000
2011-10-26,65.390000
2011-10-27,70.170000
2011-10-28,71.090000
2011-10-31,67.650000
2011-11-01,65.680000
2011-11-02,69.130000
2011-11-03,71.520000
2011-11-04,69.980000
2011-11-07,69.810000
2011-11-08,73.905000
2011-11-09,70.340000
2011-11-10,72.160000
2011-11-11,74.630000
2011-11-14,73.590000
2011-11-15,74.370000
2011-11-16,72.240000
2011-11-17,70.490000
2011-11-18,71.250000
2011-11-21,68.870000
2011-11-22,69.190000
2011-11-23,67.170000
2011-11-25,66.910000
2011-11-28,71.040000
2011-11-29,70.930000
2011-11-30,75.030000
2011-12-01,74.140000
2011-12-02,74.620000
2011-12-05,76.140000
2011-12-06,77.270000
2011-12-07,77.480000
2011-12-08,76.080000
2011-12-09,77.470000
2011-12-12,75.480000
2011-12-13,75.460000
2011-12-14,72.100000
2011-12-15,72.040000
2011-12-16,71.850000
2011-12-19,72.090000
2011-12-20,74.810000
2011-12-21,72.450000
2011-12-22,74.100000
2011-12-23,74.170000
2011-12-27,74.340000
2011-12-28,72.040000
2011-12-29,73.440000
2011-12-30,73.370000
2012-01-03,75.660000
2012-01-04,76.340000
2012-01-05,75.790000
2012-01-06,72.380000
2012-01-09,73.140000
2012-01-10,74.860000
2012-01-11,77.980000
2012-01-12,79.610000
2012-01-13,79.630000
2012-01-17,80.070000
2012-01-18,81.920000
2012-01-19,81.750000
2012-01-20,80.990000
2012-01-23,81.050000
2012-01-24,81.750000
2012-01-25,79.420000
2012-01-26,77.550000
2012-01-27,76.900000
2012-01-30,78.030000
2012-01-31,77.870000
2012-02-01,79.910000
2012-02-02,80.120000
2012-02-03,81.530000
2012-02-06,81.270000
2012-02-07,81.340000
2012-02-08,82.040000
2012-02-09,81.850000
2012-02-10,80.260000
2012-02-13,80.900000
2012-02-14,79.790000
2012-02-15,79.790000
2012-02-16,81.250000
2012-02-17,82.300000
2012-02-21,83.510000
2012-02-22,82.200000
2012-02-23,81.640000
2012-02-24,82.670000
2012-02-27,81.300000
2012-02-28,80.860000
2012-02-29,79.980000
2012-03-01,81.310000
2012-03-02,80.290000
2012-03-05,79.520000
2012-03-06,76.470000
2012-03-07,78.730000
2012-03-08,80.650000
2012-03-09,80.710000
2012-03-12,82.470000
2012-03-13,84.550000
2012-03-14,83.680000
2012-03-15,84.300000
2012-03-16,83.710000
2012-03-19,83.420000
2012-03-20,81.420000
2012-03-21,81.420000
2012-03-22,80.420000
2012-03-23,80.290000
2012-03-26,81.470000
2012-03-27,80.760000
2012-03-28,79.420000
2012-03-29,79.830000
2012-03-30,79.700000
2012-04-02,80.120000
2012-04-03,79.160000
2012-04-04,78.110000
2012-04-05,79.270000
2012-04-09,77.260000
2012-04-10,76.200000
2012-04-11,77.120000
2012-04-12,80.180000
2012-04-13,77.500000
2012-04-16,78.030000
2012-04-17,79.810000
2012-04-18,78.590000
2012-04-19,78.150000
2012-04-20,78.330000
2012-04-23,76.120000
2012-04-24,77.400000
2012-04-25,75.520000
2012-04-26,77.500000
2012-04-27,78.200000
2012-04-30,77.340000
2012-05-01,78.130000
2012-05-02,78.240000
2012-05-03,78.430000
2012-05-04,76.910000
2012-05-07,76.840000
2012-05-08,77.990000
2012-05-09,77.550000
2012-05-10,77.180000
2012-05-11,77.520000
2012-05-14,76.670000
2012-05-15,75.760000
2012-05-16,74.950000
2012-05-17,72.100000
2012-05-18,71.330000
2012-05-21,73.820000
2012-05-22,75.660000
2012-05-23,75.890000
2012-05-24,75.960000
2012-05-25,75.330000
2012-05-29,77.220000
2012-05-30,74.860000
2012-05-31,72.510000
2012-06-01,68.800000
2012-06-04,66.920000
2012-06-05,67.220000
2012-06-06,69.090000
2012-06-07,69.160000
2012-06-08,69.870000
2012-06-11,68.760000
2012-06-12,70.100000
2012-06-13,68.990000
2012-06-14,68.760000
2012-06-15,69.190000
2012-06-18,68.940000
2012-06-19,69.530000
2012-06-20,69.000000
2012-06-21,66.780000
2012-06-22,65.580000
2012-06-25,64.870000
2012-06-26,64.040000
2012-06-27,64.300000
2012-06-28,63.060000
2012-06-29,66.060000
2012-07-02,64.460000
2012-07-03,65.090000
2012-07-05,65.440000
2012-07-06,65.190000
2012-07-09,65.000000
2012-07-10,63.290000
2012-07-11,63.300000
2012-07-12,61.520000
2012-07-13,62.840000
2012-07-16,62.420000
2012-07-17,62.010000
2012-07-18,65.680000
2012-07-19,65.900000
2012-07-20,64.900000
2012-07-23,65.870000
2012-07-24,65.150000
2012-07-25,62.970000
2012-07-26,64.800000
2012-07-27,67.900000
2012-07-30,68.500000
2012-07-31,67.360000
2012-08-01,66.200000
2012-08-02,66.530000
2012-08-03,68.910000
2012-08-06,69.180000
2012-08-07,70.640000
2012-08-08,70.290000
2012-08-09,71.070000
2012-08-10,71.010000
2012-08-13,71.520000
2012-08-14,72.000000
2012-08-15,71.440000
2012-08-16,72.860000
2012-08-17,73.720000
2012-08-20,72.830000
2012-08-21,72.300000
2012-08-22,71.610000
2012-08-23,72.060000
2012-08-24,72.290000
2012-08-27,72.220000
2012-08-28,72.080000
2012-08-29,72.200000
2012-08-30,71.550000
2012-08-31,72.060000
2012-09-04,71.550000
2012-09-05,70.680000
2012-09-06,71.610000
2012-09-07,73.210000
2012-09-10,72.440000
2012-09-11,70.830000
2012-09-12,70.260000
2012-09-13,69.960000
2012-09-14,70.810000
2012-09-17,70.660000
2012-09-18,70.830000
2012-09-19,72.010000
2012-09-20,72.310000
2012-09-21,71.820000
2012-09-24,72.340000
2012-09-25,69.910000
2012-09-26,68.770000
2012-09-27,69.080000
2012-09-28,69.550000
2012-10-01,69.380000
2012-10-02,69.140000
2012-10-03,69.220000
2012-10-04,70.430000
2012-10-05,70.770000
2012-10-08,70.340000
2012-10-09,70.120000
2012-10-10,69.180000
2012-10-11,69.300000
2012-10-12,69.730000
2012-10-15,70.110000
2012-10-16,70.720000
2012-10-17,72.290000
2012-10-18,72.620000
2012-10-19,69.920000
2012-10-22,70.280000
2012-10-23,69.410000
2012-10-24,68.730000
2012-10-25,68.900000
2012-10-26,69.360000
2012-10-31,71.060000
2012-11-01,74.870000
2012-11-02,75.510000
2012-11-05,78.020000
2012-11-06,78.920000
2012-11-07,77.780000
2012-11-08,76.330000
2012-11-09,77.120000
2012-11-12,77.460000
2012-11-13,78.220000
2012-11-14,75.940000
2012-11-15,76.290000
2012-11-16,76.420000
2012-11-19,77.890000
2012-11-20,77.930000
2012-11-21,77.400000
2012-11-23,78.390000
2012-11-26,78.730000
2012-11-27,78.490000
2012-11-28,79.000000
2012-11-29,79.000000
2012-11-30,79.240000
2012-12-03,78.350000
2012-12-04,78.950000
2012-12-05,80.390000
2012-12-06,80.110000
2012-12-07,80.390000
2012-12-10,80.430000
2012-12-11,81.290000
2012-12-12,82.100000
2012-12-13,82.010000
2012-12-14,82.250000
2012-12-17,82.590000
2012-12-18,84.420000
2012-12-19,83.590000
2012-12-20,82.950000
2012-12-21,83.010000
2012-12-24,82.960000
2012-12-26,82.640000
2012-12-27,82.740000
2012-12-28,82.020000
2012-12-31,83.990000
2013-01-02,86.090000
2013-01-03,86.190000
2013-01-04,87.290000
2013-01-07,86.930000
2013-01-08,84.910000
2013-01-09,86.150000
2013-01-10,86.400000
2013-01-11,85.880000
2013-01-14,85.720000
2013-01-15,85.530000
2013-01-16,85.500000
2013-01-17,87.070000
2013-01-18,87.740000
2013-01-22,88.450000
2013-01-23,89.410000
2013-01-24,89.150000
2013-01-25,89.650000
2013-01-28,90.090000
2013-01-29,89.890000
2013-01-30,88.120000
2013-01-31,89.190000
2013-02-01,90.900000
2013-02-04,89.970000
2013-02-05,90.690000
2013-02-06,90.990000
2013-02-07,90.520000
2013-02-08,90.980000
2013-02-11,90.930000
2013-02-12,91.340000
2013-02-13,91.450000
2013-02-14,90.850000
2013-02-15,90.760000
2013-02-19,90.850000
2013-02-20,89.550000
2013-02-21,88.710000
2013-02-22,90.060000
2013-02-25,88.160000
2013-02-26,88.780000
2013-02-27,90.380000
2013-02-28,90.340000
2013-03-01,89.280000
2013-03-04,88.090000
2013-03-05,89.510000
2013-03-06,89.660000
2013-03-07,90.790000
2013-03-08,90.600000
2013-03-11,90.060000
2013-03-12,88.540000
2013-03-13,88.910000
2013-03-14,89.370000
2013-03-15,88.540000
2013-03-18,87.450000
2013-03-19,86.710000
2013-03-20,86.850000
2013-03-21,86.160000
2013-03-22,85.940000
2013-03-25,85.180000
2013-03-26,84.850000
2013-03-27,85.040000
2013-03-28,86.350000
2013-04-01,84.660000
2013-04-02,84.330000
2013-04-03,84.590000
2013-04-04,86.950000
2013-04-05,87.990000
2013-04-08,87.090000
2013-04-09,87.570000
2013-04-10,88.800000
2013-04-11,88.990000
2013-04-12,87.630000
2013-04-15,83.330000
2013-04-16,84.760000
2013-04-17,83.820000
2013-04-18,82.870000
2013-04-19,83.180000
2013-04-22,84.020000
2013-04-23,85.040000
2013-04-24,86.300000
2013-04-25,86.850000
2013-04-26,84.870000
2013-04-29,84.850000
2013-04-30,84.780000
2013-05-01,82.320000
2013-05-02,83.000000
2013-05-03,85.090000
2013-05-06,86.210000
2013-05-07,87.910000
2013-05-08,88.750000
2013-05-09,87.950000
2013-05-10,87.920000
2013-05-13,88.670000
2013-05-14,89.990000
2013-05-15,89.650000
2013-05-16,89.420000
2013-05-17,90.950000
2013-05-20,90.910000
2013-05-21,90.690000
2013-05-22,88.590000
2013-05-23,87.850000
2013-05-24,87.410000
2013-05-28,88.540000
2013-05-29,87.940000
2013-05-30,88.600000
2013-05-31,88.020000
2013-06-03,88.190000
2013-06-04,87.490000
2013-06-05,85.650000
2013-06-06,85.400000
2013-06-07,86.370000
2013-06-10,86.400000
2013-06-11,85.310000
2013-06-12,84.260000
2013-06-13,86.640000
2013-06-14,86.690000
2013-06-17,86.870000
2013-06-18,88.110000
2013-06-19,86.880000
2013-06-20,83.590000
2013-06-21,83.850000
2013-06-24,81.810000
2013-06-25,83.270000
2013-06-26,83.480000
2013-06-27,84.210000
2013-06-28,83.140000
2013-07-01,84.990000
2013-07-02,84.810000
2013-07-03,84.790000
2013-07-05,86.740000
2013-07-08,87.480000
2013-07-09,88.160000
2013-07-10,87.500000
2013-07-11,89.960000
2013-07-12,90.910000
2013-07-15,91.350000
2013-07-16,91.010000
2013-07-17,92.220000
2013-07-18,93.290000
2013-07-19,92.820000
2013-07-22,92.700000
2013-07-23,93.040000
2013-07-24,92.020000
2013-07-25,91.390000
2013-07-26,90.810000
2013-07-29,90.550000
2013-07-30,95.630000
2013-07-31,96.850000
2013-08-01,99.180000
2013-08-02,100.100000
2013-08-05,100.100000
2013-08-06,99.390000
2013-08-07,98.700000
2013-08-08,99.520000
2013-08-09,98.720000
2013-08-12,98.880000
2013-08-13,99.140000
2013-08-14,98.800000
2013-08-15,96.700000
2013-08-16,97.040000
2013-08-19,96.860000
2013-08-20,97.310000
2013-08-21,97.220000
2013-08-22,99.800000
2013-08-23,98.800000
2013-08-26,99.030000
2013-08-27,97.060000
2013-08-28,97.040000
2013-08-29,97.770000
2013-08-30,97.230000
2013-09-03,98.000000
2013-09-04,99.080000
2013-09-05,99.770000
2013-09-06,100.040000
2013-09-09,102.250000
2013-09-10,104.020000
2013-09-11,103.740000
2013-09-12,104.500000
2013-09-13,105.040000
2013-09-16,106.970000
2013-09-17,106.350000
2013-09-18,108.470000
2013-09-19,109.130000
2013-09-20,107.400000
2013-09-23,106.930000
2013-09-24,107.200000
2013-09-25,107.350000
2013-09-26,108.150000
2013-09-27,107.180000
2013-09-30,106.940000
2013-10-01,107.960000
2013-10-02,106.960000
2013-10-03,106.240000
2013-10-04,107.130000
2013-10-07,106.680000
2013-10-08,105.760000
2013-10-09,104.390000
2013-10-10,108.360000
2013-10-11,108.590000
2013-10-14,108.770000
2013-10-15,106.350000
2013-10-16,106.370000
2013-10-17,108.080000
2013-10-18,110.420000
2013-10-21,110.130000
2013-10-22,110.260000
2013-10-23,110.430000
2013-10-24,111.750000
2013-10-25,110.600000
2013-10-28,109.690000
2013-10-29,110.910000
2013-10-30,110.060000
2013-10-31,110.410000
2013-11-01,109.430000
2013-11-04,109.770000
2013-11-05,108.790000
2013-11-06,109.030000
2013-11-07,111.560000
2013-11-08,111.720000
2013-11-11,112.690000
2013-11-12,112.950000
2013-11-13,113.750000
2013-11-14,112.600000
2013-11-15,111.980000
2013-11-18,111.450000
2013-11-19,111.120000
2013-11-20,110.960000
2013-11-21,111.440000
2013-11-22,114.070000
2013-11-25,113.290000
2013-11-26,113.900000
2013-11-27,114.360000
2013-11-29,113.580000
2013-12-02,111.850000
2013-12-03,111.160000
2013-12-04,108.890000
2013-12-05,109.210000
2013-12-06,111.700000
2013-12-09,111.960000
2013-12-10,111.880000
2013-12-11,109.670000
2013-12-12,110.530000
2013-12-13,110.520000
2013-12-16,110.960000
2013-12-17,110.530000
2013-12-18,113.110000
2013-12-19,114.030000
2013-12-20,116.510000
2013-12-23,116.350000
2013-12-24,117.100000
2013-12-26,117.810000
2013-12-27,117.980000
2013-12-30,117.700000
2013-12-31,118.160000
2014-01-02,116.380000
2014-01-03,117.830000
2014-01-06,116.520000
2014-01-07,117.040000
2014-01-08,116.470000
2014-01-09,116.430000
2014-01-10,116.960000
2014-01-13,115.070000
2014-01-14,118.240000
2014-01-15,118.860000
2014-01-16,119.660000
2014-01-17,119.230000
2014-01-21,119.830000
2014-01-22,119.060000
2014-01-23,117.010000
2014-01-24,112.990000
2014-01-27,112.960000
2014-01-28,115.010000
2014-01-29,115.090000
2014-01-30,115.100000
2014-01-31,114.840000
2014-02-03,111.970000
2014-02-04,111.180000
2014-02-05,109.910000
2014-02-06,110.640000
2014-02-07,112.350000
2014-02-10,112.040000
2014-02-11,113.480000
2014-02-12,115.560000
2014-02-13,116.450000
2014-02-14,117.000000
2014-02-18,118.500000
2014-02-19,118.000000
2014-02-20,118.990000
2014-02-21,119.320000
2014-02-24,120.560000
2014-02-25,120.850000
2014-02-26,121.730000
2014-02-27,122.180000
2014-02-28,122.840000
2014-03-03,121.590000
2014-03-04,124.000000
2014-03-05,123.490000
2014-03-06,123.460000
2014-03-07,124.720000
2014-03-10,123.740000
2014-03-11,122.070000
2014-03-12,121.800000
2014-03-13,120.250000
2014-03-14,120.000000
2014-03-17,122.250000
2014-03-18,123.280000
2014-03-19,122.230000
2014-03-20,122.800000
2014-03-21,123.040000
2014-03-24,122.130000
2014-03-25,123.670000
2014-03-26,122.170000
2014-03-27,121.780000
2014-03-28,124.250000
2014-03-31,124.550000
2014-04-01,124.840000
2014-04-02,126.100000
2014-04-03,126.880000
2014-04-04,124.510000
2014-04-07,121.990000
2014-04-08,122.970000
2014-04-09,123.940000
2014-04-10,121.570000
2014-04-11,120.800000
2014-04-14,121.450000
2014-04-15,122.430000
2014-04-16,125.700000
2014-04-17,127.020000
2014-04-21,127.750000
2014-04-22,127.670000
2014-04-23,127.160000
2014-04-24,127.640000
2014-04-25,125.100000
2014-04-28,124.530000
2014-04-29,115.630000
2014-04-30,119.180000
2014-05-01,120.220000
2014-05-02,119.570000
2014-05-05,119.840000
2014-05-06,118.820000
2014-05-07,119.580000
2014-05-08,118.350000
2014-05-09,117.890000
2014-05-12,121.420000
2014-05-13,120.690000
2014-05-14,119.630000
2014-05-15,119.770000
2014-05-16,120.190000
2014-05-19,121.420000
2014-05-20,118.910000
2014-05-21,119.600000
2014-05-22,119.880000
2014-05-23,121.260000
2014-05-27,122.290000
2014-05-28,121.140000
2014-05-29,120.370000
2014-05-30,121.080000
2014-06-02,122.660000
2014-06-03,122.480000
2014-06-04,122.350000
2014-06-05,125.300000
2014-06-06,126.340000
2014-06-09,127.830000
2014-06-10,126.640000
2014-06-11,126.170000
2014-06-12,125.300000
2014-06-13,125.620000
2014-06-16,125.660000
2014-06-17,126.930000
2014-06-18,125.690000
2014-06-19,125.340000
2014-06-20,127.240000
2014-06-23,126.480000
2014-06-24,124.280000
2014-06-25,124.740000
2014-06-26,124.710000
2014-06-27,125.840000
2014-06-30,125.160000
2014-07-01,125.690000
2014-07-02,125.250000
2014-07-03,126.190000
2014-07-07,125.250000
2014-07-08,124.080000
2014-07-09,124.570000
2014-07-10,122.930000
2014-07-11,123.190000
2014-07-14,123.560000
2014-07-15,123.240000
2014-07-16,123.240000
2014-07-17,120.670000
2014-07-18,122.500000
2014-07-21,122.480000
2014-07-22,122.960000
2014-07-23,122.640000
2014-07-24,122.660000
2014-07-25,123.060000
2014-07-28,122.370000
2014-07-29,119.970000
2014-07-30,113.330000
2014-07-31,111.660000
2014-08-01,111.560000
2014-08-04,112.880000
2014-08-05,112.310000
2014-08-06,111.770000
2014-08-07,111.550000
2014-08-08,113.150000
2014-08-11,113.730000
2014-08-12,113.260000
2014-08-13,114.200000
2014-08-14,114.810000
2014-08-15,114.290000
2014-08-18,115.670000
2014-08-19,116.280000
2014-08-20,117.460000
2014-08-21,117.390000
2014-08-22,116.450000
2014-08-25,117.350000
2014-08-26,116.360000
2014-08-27,116.370000
2014-08-28,116.370000
2014-08-29,116.610000
2014-09-02,117.180000
2014-09-03,116.490000
2014-09-04,116.980000
2014-09-05,117.190000
2014-09-08,116.570000
2014-09-09,115.930000
2014-09-10,115.820000
2014-09-11,116.160000
2014-09-12,115.400000
2014-09-15,115.490000
2014-09-16,116.290000
2014-09-17,116.140000
2014-09-18,117.720000
2014-09-19,117.130000
2014-09-22,115.000000
2014-09-23,114.270000
2014-09-24,113.300000
2014-09-25,111.490000
2014-09-26,112.840000
2014-09-29,111.480000
2014-09-30,109.880000
2014-10-01,109.390000
2014-10-02,109.440000
2014-10-03,110.300000
2014-10-06,108.820000
2014-10-07,105.880000
2014-10-08,108.060000
2014-10-09,102.950000
2014-10-10,100.520000
2014-10-13,98.600000
2014-10-14,100.970000
2014-10-15,100.780000
2014-10-16,103.120000
2014-10-17,105.170000
2014-10-20,105.120000
2014-10-21,108.960000
2014-10-22,105.130000
2014-10-23,107.670000
2014-10-24,109.310000
2014-10-27,107.940000
2014-10-28,110.880000
2014-10-29,109.220000
2014-10-30,110.250000
2014-10-31,112.350000
2014-11-03,110.840000
2014-11-04,109.250000
2014-11-05,110.230000
2014-11-06,111.770000
2014-11-07,112.290000
2014-11-10,112.750000
2014-11-11,112.860000
2014-11-12,112.440000
2014-11-13,108.160000
2014-11-14,110.120000
2014-11-17,110.180000
2014-11-18,110.890000
2014-11-19,110.190000
2014-11-20,110.360000
2014-11-21,113.640000
2014-11-24,114.260000
2014-11-25,114.810000
2014-11-26,114.650000
2014-11-28,115.410000
2014-12-01,111.620000
2014-12-02,115.690000
2014-12-03,117.930000
2014-12-04,116.300000
2014-12-05,114.290000
2014-12-08,111.660000
2014-12-09,111.060000
2014-12-10,106.870000
2014-12-11,106.890000
2014-12-12,104.800000
2014-12-15,103.380000
2014-12-16,104.830000
2014-12-17,107.930000
2014-12-18,111.440000
2014-12-19,111.790000
2014-12-22,112.390000
2014-12-23,113.290000
2014-12-24,112.930000
2014-12-26,113.010000
2014-12-29,113.090000
2014-12-30,112.350000
2014-12-31,111.200000
2015-01-02,111.040000
2015-01-05,107.310000
2015-01-06,106.080000
2015-01-07,106.260000
2015-01-08,109.390000
2015-01-09,107.510000
2015-01-12,106.000000
2015-01-13,104.480000
2015-01-14,104.870000
2015-01-15,104.800000
2015-01-16,104.690000
2015-01-20,105.450000
2015-01-21,106.390000
2015-01-22,108.520000
2015-01-23,106.860000
2015-01-26,107.250000
2015-01-27,107.240000
2015-01-28,108.560000
2015-01-29,110.020000
2015-01-30,108.920000
2015-02-02,111.890000
2015-02-03,114.330000
2015-02-04,112.100000
2015-02-05,113.040000
2015-02-06,112.650000
2015-02-09,115.030000
2015-02-10,115.000000
2015-02-11,115.330000
2015-02-12,116.880000
2015-02-13,117.900000
2015-02-17,117.820000
2015-02-18,118.450000
2015-02-19,117.830000
2015-02-20,118.200000
2015-02-23,117.710000
2015-02-24,118.420000
2015-02-25,117.580000
2015-02-26,117.410000
2015-02-27,117.040000
2015-03-02,117.730000
2015-03-03,117.130000
2015-03-04,114.850000
2015-03-05,114.200000
2015-03-06,112.360000
2015-03-09,112.330000
2015-03-10,110.700000
2015-03-11,109.980000
2015-03-12,113.240000
2015-03-13,111.520000
2015-03-16,114.600000
2015-03-17,113.020000
2015-03-18,115.690000
2015-03-19,114.500000
2015-03-20,116.150000
2015-03-23,115.250000
2015-03-24,116.130000
2015-03-25,113.710000
2015-03-26,113.400000
2015-03-27,113.140000
2015-03-30,115.520000
2015-03-31,115.990000
2015-04-01,113.230000
2015-04-02,112.800000
2015-04-06,114.380000
2015-04-07,112.810000
2015-04-08,111.550000
2015-04-09,111.700000
2015-04-10,111.550000
2015-04-13,111.280000
2015-04-14,111.520000
2015-04-15,114.140000
2015-04-16,114.330000
2015-04-17,112.310000
2015-04-20,114.140000
2015-04-21,113.720000
2015-04-22,114.020000
2015-04-23,114.020000
2015-04-24,112.130000
2015-04-27,114.840000
2015-04-28,113.540000
2015-04-29,112.330000
2015-04-30,118.600000
2015-05-01,121.240000
2015-05-04,122.210000
2015-05-05,120.200000
2015-05-06,120.850000
2015-05-07,119.440000
2015-05-08,120.080000
2015-05-11,120.650000
2015-05-12,121.660000
2015-05-13,123.620000
2015-05-14,124.410000
2015-05-15,124.370000
2015-05-18,125.060000
2015-05-19,125.010000
2015-05-20,125.000000
2015-05-21,125.670000
2015-05-22,125.130000
2015-05-26,123.740000
2015-05-27,124.660000
2015-05-28,123.820000
2015-05-29,122.890000
2015-06-01,123.830000
2015-06-02,125.530000
2015-06-03,126.300000
2015-06-04,124.530000
2015-06-05,125.170000
2015-06-08,124.990000
2015-06-09,125.120000
2015-06-10,126.720000
2015-06-11,126.890000
2015-06-12,125.870000
2015-06-15,123.900000
2015-06-16,124.090000
2015-06-17,124.610000
2015-06-18,125.590000
2015-06-19,124.370000
2015-06-22,125.850000
2015-06-23,125.590000
2015-06-24,125.170000
2015-06-25,124.020000
2015-06-26,124.720000
2015-06-29,122.910000
2015-06-30,124.640000
2015-07-01,126.270000
2015-07-02,126.130000
2015-07-06,125.420000
2015-07-07,125.200000
2015-07-08,120.720000
2015-07-09,121.490000
2015-07-10,122.170000
2015-07-13,124.400000
2015-07-14,125.000000
2015-07-15,122.890000
2015-07-16,123.500000
2015-07-17,123.740000
2015-07-20,123.380000
2015-07-21,120.810000
2015-07-22,120.300000
2015-07-23,117.900000
2015-07-24,117.520000
2015-07-27,116.320000
2015-07-28,119.230000
2015-07-29,116.360000
2015-07-30,117.100000
2015-07-31,116.780000
2015-08-03,115.310000
2015-08-04,114.960000
2015-08-05,116.030000
2015-08-06,116.420000
2015-08-07,115.900000
2015-08-10,118.940000
2015-08-11,116.740000
2015-08-12,115.840000
2015-08-13,115.190000
2015-08-14,116.170000
2015-08-17,117.000000
2015-08-18,115.680000
2015-08-19,114.010000
2015-08-20,111.230000
2015-08-21,108.940000
2015-08-24,105.170000
2015-08-25,103.570000
2015-08-26,107.100000
2015-08-27,111.220000
2015-08-28,111.670000
2015-08-31,111.830000
2015-09-01,107.550000
2015-09-02,108.350000
2015-09-03,107.990000
2015-09-04,106.260000
2015-09-08,109.620000
2015-09-09,106.190000
2015-09-10,105.150000
2015-09-11,105.900000
2015-09-14,104.940000
2015-09-15,106.550000
2015-09-16,107.580000
2015-09-17,105.840000
2015-09-18,103.790000
2015-09-21,104.010000
2015-09-22,103.100000
2015-09-23,101.400000
2015-09-24,101.050000
2015-09-25,100.280000
2015-09-28,99.900000
2015-09-29,100.360000
2015-09-30,101.470000
2015-10-01,100.360000
2015-10-02,102.410000
2015-10-05,104.030000
2015-10-06,104.330000
2015-10-07,103.120000
2015-10-08,105.420000
2015-10-09,105.580000
2015-10-12,105.520000
2015-10-13,104.540000
2015-10-14,103.850000
2015-10-15,105.240000
2015-10-16,104.280000
2015-10-19,103.160000
2015-10-20,104.350000
2015-10-21,103.920000
2015-10-22,107.050000
2015-10-23,108.040000
2015-10-26,107.570000
2015-10-27,105.240000
2015-10-28,108.720000
2015-10-29,108.560000
2015-10-30,109.160000
2015-11-02,110.560000
2015-11-03,110.140000
2015-11-04,109.630000
2015-11-05,108.950000
2015-11-06,109.000000
2015-11-09,107.790000
2015-11-10,104.180000
2015-11-11,103.910000
2015-11-12,102.380000
2015-11-13,102.640000
2015-11-16,104.650000
2015-11-17,103.050000
2015-11-18,106.070000
2015-11-19,105.760000
2015-11-20,105.180000
2015-11-23,104.470000
2015-11-24,104.010000
2015-11-25,105.130000
2015-11-27,107.010000
2015-11-30,106.440000
2015-12-01,106.920000
2015-12-02,105.270000
2015-12-03,104.080000
2015-12-04,106.730000
2015-12-07,106.840000
2015-12-08,103.910000
2015-12-09,103.810000
2015-12-10,103.700000
2015-12-11,101.580000
2015-12-14,103.340000
2015-12-15,101.540000
2015-12-16,103.380000
2015-12-17,100.020000
2015-12-18,99.620000
2015-12-21,100.750000
2015-12-22,102.010000
2015-12-23,104.200000
2015-12-24,103.820000
2015-12-28,103.230000
2015-12-29,104.960000
2015-12-30,103.980000
2015-12-31,102.610000
2016-01-04,101.520000
2016-01-05,100.610000
2016-01-06,97.920000
2016-01-07,93.430000
2016-01-08,93.470000
2016-01-11,93.450000
2016-01-12,94.320000
2016-01-13,92.970000
2016-01-14,92.590000
2016-01-15,91.680000
2016-01-19,91.260000
2016-01-20,89.710000
2016-01-21,90.060000
2016-01-22,91.580000
2016-01-25,90.660000
2016-01-26,94.470000
2016-01-27,93.870000
2016-01-28,93.130000
2016-01-29,95.570000
2016-02-01,94.470000
2016-02-02,92.730000
2016-02-03,95.060000
2016-02-04,98.640000
2016-02-05,98.830000
2016-02-08,97.400000
2016-02-09,97.270000
2016-02-10,95.550000
2016-02-11,93.990000
2016-02-12,96.330000
2016-02-16,100.260000
2016-02-17,102.250000
2016-02-18,101.920000
2016-02-19,101.600000
2016-02-22,105.070000
2016-02-23,102.660000
2016-02-24,102.410000
2016-02-25,104.040000
2016-02-26,104.880000
2016-02-29,104.090000
2016-03-01,106.800000
2016-03-02,107.340000
2016-03-03,106.980000
2016-03-04,107.380000
2016-03-07,108.840000
2016-03-08,105.380000
2016-03-09,105.220000
2016-03-10,106.090000
2016-03-11,106.610000
2016-03-14,107.550000
2016-03-15,107.180000
2016-03-16,109.540000
2016-03-17,112.980000
2016-03-18,113.510000
2016-03-21,114.070000
2016-03-22,114.060000
2016-03-23,113.050000
2016-03-24,111.570000
2016-03-28,111.890000
2016-03-29,112.750000
2016-03-30,114.350000
2016-03-31,113.750000
2016-04-01,113.560000
2016-04-04,111.950000
2016-04-05,111.370000
2016-04-06,111.580000
2016-04-07,110.980000
2016-04-08,111.490000
2016-04-11,111.980000
2016-04-12,112.990000
2016-04-13,115.550000
2016-04-14,116.410000
2016-04-15,116.860000
2016-04-18,117.060000
2016-04-19,116.190000
2016-04-20,115.620000
2016-04-21,114.990000
2016-04-22,115.110000
2016-04-25,114.770000
2016-04-26,115.920000
2016-04-27,115.690000
2016-04-28,114.240000
2016-04-29,113.470000
2016-05-02,113.240000
2016-05-03,112.360000
2016-05-04,111.050000
2016-05-05,111.680000
2016-05-06,112.190000
2016-05-09,111.290000
2016-05-10,113.800000
2016-05-11,113.920000
2016-05-12,114.010000
2016-05-13,113.080000
2016-05-16,114.580000
2016-05-17,113.740000
2016-05-18,112.250000
2016-05-19,110.230000
2016-05-20,111.170000
2016-05-23,111.790000
2016-05-24,113.670000
2016-05-25,115.750000
2016-05-26,116.770000
2016-05-27,116.510000
2016-05-31,116.050000
2016-06-01,116.160000
2016-06-02,117.470000
2016-06-03,118.180000
2016-06-06,118.910000
2016-06-07,118.830000
2016-06-08,119.020000
2016-06-09,118.740000
2016-06-10,116.700000
2016-06-13,115.940000
2016-06-14,116.120000
2016-06-15,115.580000
2016-06-16,115.890000
2016-06-17,116.700000
2016-06-20,118.000000
2016-06-21,117.220000
2016-06-22,117.990000
2016-06-23,120.520000
2016-06-24,112.370000
2016-06-27,108.110000
2016-06-28,109.860000
2016-06-29,111.620000
2016-06-30,114.820000
2016-07-01,115.890000
2016-07-05,112.680000
2016-07-06,112.850000
2016-07-07,112.970000
2016-07-08,115.700000
2016-07-11,117.510000
2016-07-12,119.030000
2016-07-13,118.840000
2016-07-14,118.730000
2016-07-15,119.160000
2016-07-18,119.330000
2016-07-19,119.000000
2016-07-20,119.510000
2016-07-21,118.460000
2016-07-22,118.530000
2016-07-25,118.180000
2016-07-26,120.640000
2016-07-27,116.930000
2016-07-28,116.230000
2016-07-29,114.400000
2016-08-01,113.970000
2016-08-02,113.050000
2016-08-03,114.660000
2016-08-04,115.050000
2016-08-05,117.140000
2016-08-08,117.990000
2016-08-09,118.570000
2016-08-10,119.330000
2016-08-11,119.020000
2016-08-12,117.640000
2016-08-15,118.860000
2016-08-16,118.940000
2016-08-17,118.950000
2016-08-18,119.310000
2016-08-19,118.430000
2016-08-22,118.150000
2016-08-23,118.840000
2016-08-24,117.820000
2016-08-25,117.690000
2016-08-26,117.870000
2016-08-29,118.300000
2016-08-30,117.350000
2016-08-31,115.930000
2016-09-01,116.430000
2016-09-02,117.080000
2016-09-06,116.500000
2016-09-07,116.440000
2016-09-08,116.210000
2016-09-09,112.500000
2016-09-12,114.720000
2016-09-13,114.180000
2016-09-14,114.550000
2016-09-15,115.450000
2016-09-16,113.890000
2016-09-19,114.940000
2016-09-20,115.040000
2016-09-21,117.030000
2016-09-22,118.580000
2016-09-23,115.770000
2016-09-26,114.590000
2016-09-27,115.620000
2016-09-28,117.700000
2016-09-29,117.120000
2016-09-30,122.340000
2016-10-03,120.570000
2016-10-04,119.190000
2016-10-05,121.240000
2016-10-06,120.670000
2016-10-07,119.700000
2016-10-10,117.040000
2016-10-11,115.200000
2016-10-12,116.270000
2016-10-13,116.300000
2016-10-14,116.800000
2016-10-17,115.520000
2016-10-18,115.970000
2016-10-19,117.450000
2016-10-20,118.010000
2016-10-21,122.990000
2016-10-24,119.670000
2016-10-25,118.620000
2016-10-26,120.620000
2016-10-27,118.210000
2016-10-28,118.800000
2016-10-31,119.720000
2016-11-01,118.960000
2016-11-02,118.310000
2016-11-03,117.470000
2016-11-04,117.560000
2016-11-07,124.240000
2016-11-08,125.030000
2016-11-09,126.850000
2016-11-10,130.750000
2016-11-11,131.710000
2016-11-14,132.220000
2016-11-15,133.480000
2016-11-16,133.380000
2016-11-17,131.950000
2016-11-18,131.200000
2016-11-21,131.710000
2016-11-22,131.710000
2016-11-23,131.860000
2016-11-25,132.920000
2016-11-28,130.500000
2016-11-29,131.340000
2016-11-30,133.710000
2016-12-01,137.190000
2016-12-02,136.790000
2016-12-05,136.220000
2016-12-06,136.400000
2016-12-07,138.930000
2016-12-08,137.610000
2016-12-09,139.560000
2016-12-12,137.400000
2016-12-13,137.070000
2016-12-14,135.570000
2016-12-15,136.210000
2016-12-16,134.910000
2016-12-19,134.830000
2016-12-20,135.570000
2016-12-21,135.570000
2016-12-22,135.570000
2016-12-23,136.010000
2016-12-27,136.030000
2016-12-28,134.740000
2016-12-29,134.850000
2016-12-30,134.400000
2017-01-03,138.540000
2017-01-04,137.960000
2017-01-05,137.740000
2017-01-06,138.510000
2017-01-09,138.310000
2017-01-10,139.530000
2017-01-11,141.660000
2017-01-12,140.760000
2017-01-13,141.990000
2017-01-17,139.640000
2017-01-18,139.960000
2017-01-19,140.000000
2017-01-20,140.560000
2017-01-23,140.020000
2017-01-24,142.030000
2017-01-25,153.010000
2017-01-26,152.920000
2017-01-27,150.750000
2017-01-30,149.310000
2017-01-31,147.990000
2017-02-01,147.760000
2017-02-02,147.650000
2017-02-03,149.730000
2017-02-06,149.960000
2017-02-07,149.410000
2017-02-08,148.630000
2017-02-09,150.350000
2017-02-10,151.450000
2017-02-13,152.010000
2017-02-14,152.210000
2017-02-15,152.490000
2017-02-16,151.880000
2017-02-17,151.920000
2017-02-21,151.830000
2017-02-22,152.880000
2017-02-23,151.470000
2017-02-24,151.140000
2017-02-27,151.260000
2017-02-28,151.100000
2017-03-01,155.480000
2017-03-02,153.050000
2017-03-03,153.010000
2017-03-06,153.190000
2017-03-07,153.580000
2017-03-08,153.030000
2017-03-09,152.180000
2017-03-10,154.310000
2017-03-13,154.450000
2017-03-14,152.450000
2017-03-15,156.470000
2017-03-16,155.620000
2017-03-17,155.990000
2017-03-20,155.950000
2017-03-21,154.150000
2017-03-22,154.610000
2017-03-23,154.080000
2017-03-24,153.250000
2017-03-27,152.850000
2017-03-28,155.140000
2017-03-29,154.470000
2017-03-30,155.380000
2017-03-31,155.710000
2017-04-03,155.310000
2017-04-04,155.960000
2017-04-05,155.180000
2017-04-06,155.880000
2017-04-07,155.280000
2017-04-10,156.050000
2017-04-11,156.110000
2017-04-12,150.230000
2017-04-13,148.430000
2017-04-17,150.520000
2017-04-18,149.530000
2017-04-19,149.580000
2017-04-20,153.820000
2017-04-21,153.590000
2017-04-24,156.950000
2017-04-25,160.140000
2017-04-26,159.960000
2017-04-27,159.270000
2017-04-28,157.350000
2017-05-01,156.500000
2017-05-02,155.970000
2017-05-03,154.540000
2017-05-04,154.900000
2017-05-05,156.390000
2017-05-08,156.130000
2017-05-09,157.130000
2017-05-10,157.640000
2017-05-11,156.870000
2017-05-12,155.700000
2017-05-15,158.020000
2017-05-16,157.500000
2017-05-17,153.740000
2017-05-18,154.220000
2017-05-19,157.360000
2017-05-22,158.450000
2017-05-23,158.590000
2017-05-24,158.010000
2017-05-25,159.260000
2017-05-26,159.280000
2017-05-30,159.380000
2017-05-31,158.720000
2017-06-01,161.070000
2017-06-02,162.390000
2017-06-05,162.160000
2017-06-06,159.740000
2017-06-07,157.520000
2017-06-08,160.050000
2017-06-09,162.130000
2017-06-12,161.300000
2017-06-13,161.010000
2017-06-14,159.860000
2017-06-15,161.600000
2017-06-16,164.090000
2017-06-19,164.060000
2017-06-20,162.150000
2017-06-21,160.120000
2017-06-22,160.530000
2017-06-23,162.190000
2017-06-26,161.360000
2017-06-27,159.370000
2017-06-28,160.530000
2017-06-29,158.820000
2017-06-30,161.960000
2017-07-03,162.840000
2017-07-05,163.490000
2017-07-06,162.790000
2017-07-07,164.430000
2017-07-10,164.690000
2017-07-11,164.160000
2017-07-12,165.730000
2017-07-13,165.680000
2017-07-14,167.340000
2017-07-17,166.300000
2017-07-18,165.490000
2017-07-19,167.340000
2017-07-20,166.830000
2017-07-21,165.080000
2017-07-24,163.960000
2017-07-25,163.100000
2017-07-26,162.780000
2017-07-27,164.970000
2017-07-28,164.470000
2017-07-31,165.030000
2017-08-01,163.570000
2017-08-02,165.220000
2017-08-03,165.530000
2017-08-04,164.900000
2017-08-07,165.820000
2017-08-08,165.600000
2017-08-09,165.640000
2017-08-10,162.210000
2017-08-11,161.660000
2017-08-14,163.960000
2017-08-15,164.120000
2017-08-16,164.030000
2017-08-17,161.260000
2017-08-18,161.380000
2017-08-21,160.460000
2017-08-22,163.170000
2017-08-23,160.010000
2017-08-24,160.130000
2017-08-25,159.610000
2017-08-28,159.570000
2017-08-29,160.380000
2017-08-30,162.620000
2017-08-31,164.060000
2017-09-01,164.360000
2017-09-05,163.410000
2017-09-06,162.320000
2017-09-07,162.560000
2017-09-08,164.010000
2017-09-11,168.840000
2017-09-12,169.120000
2017-09-13,169.890000
2017-09-14,172.150000
2017-09-15,173.730000
2017-09-18,175.160000
2017-09-19,177.130000
2017-09-20,177.580000
2017-09-21,177.330000
2017-09-22,177.550000
2017-09-25,177.670000
2017-09-26,176.980000
2017-09-27,177.330000
2017-09-28,177.270000
2017-09-29,178.210000
2017-10-02,180.700000
2017-10-03,180.800000
2017-10-04,182.350000
2017-10-05,182.510000
2017-10-06,182.310000
2017-10-09,183.270000
2017-10-10,182.740000
2017-10-11,183.750000
2017-10-12,184.500000
2017-10-13,185.880000
2017-10-16,186.410000
2017-10-17,186.270000
2017-10-18,184.970000
2017-10-19,186.440000
2017-10-20,188.500000
2017-10-23,187.670000
2017-10-24,188.680000
2017-10-25,187.070000
2017-10-26,188.030000
2017-10-27,188.780000
2017-10-30,187.000000
2017-10-31,200.820000
2017-11-01,195.160000
2017-11-02,199.220000
2017-11-03,198.380000
2017-11-06,196.830000
2017-11-07,200.830000
2017-11-08,193.780000
2017-11-09,189.810000
2017-11-10,192.610000
2017-11-13,192.540000
2017-11-14,191.580000
2017-11-15,188.730000
2017-11-16,193.610000
2017-11-17,194.360000
2017-11-20,194.230000
2017-11-21,193.020000
2017-11-22,191.020000
2017-11-24,191.480000
2017-11-27,191.040000
2017-11-28,197.130000
2017-11-29,190.130000
2017-11-30,193.080000
2017-12-01,190.460000
2017-12-04,190.780000
2017-12-05,187.680000
2017-12-06,190.590000
2017-12-07,192.260000
2017-12-08,192.860000
2017-12-11,191.470000
2017-12-12,190.750000
2017-12-13,191.460000
2017-12-14,189.450000
2017-12-15,190.930000
2017-12-18,192.830000
2017-12-19,193.840000
2017-12-20,193.070000
2017-12-21,194.140000
2017-12-22,194.570000
2017-12-26,194.530000
2017-12-27,195.990000
2017-12-28,197.530000
2017-12-29,196.350000
2018-01-02,197.660000
2018-01-03,200.550000
2018-01-04,199.660000
2018-01-05,199.970000
2018-01-08,202.010000
2018-01-09,202.750000
2018-01-10,202.130000
2018-01-11,206.140000
2018-01-12,207.920000
2018-01-16,205.020000
2018-01-17,206.560000
2018-01-18,205.050000
2018-01-19,203.510000
2018-01-22,203.930000
2018-01-23,204.690000
2018-01-24,200.470000
2018-01-25,199.710000
2018-01-26,203.010000
2018-01-29,199.780000
2018-01-30,199.780000
2018-01-31,197.290000
2018-02-01,199.190000
2018-02-02,194.020000
2018-02-05,184.560000
2018-02-06,188.570000
2018-02-07,188.780000
2018-02-08,178.730000
2018-02-09,183.040000
2018-02-12,186.300000
2018-02-13,184.440000
2018-02-14,187.090000
2018-02-15,187.580000
2018-02-16,185.560000
2018-02-20,184.670000
2018-02-21,183.950000
2018-02-22,185.290000
2018-02-23,185.470000
2018-02-26,188.370000
2018-02-27,184.600000
2018-02-28,180.800000
2018-03-01,176.170000
2018-03-02,178.620000
2018-03-05,181.110000
2018-03-06,181.500000
2018-03-07,182.100000
2018-03-08,183.850000
2018-03-09,189.130000
2018-03-12,187.900000
2018-03-13,185.420000
2018-03-14,183.410000
2018-03-15,181.760000
2018-03-16,183.980000
2018-03-19,182.010000
2018-03-20,182.260000
2018-03-21,181.380000
2018-03-22,175.960000
2018-03-23,171.010000
2018-03-26,177.050000
2018-03-27,173.210000
2018-03-28,174.700000
2018-03-29,174.200000
2018-04-02,168.970000
2018-04-03,172.770000
2018-04-04,173.340000
2018-04-05,174.930000
2018-04-06,168.960000
2018-04-09,169.290000
2018-04-10,172.040000
2018-04-11,171.860000
2018-04-12,173.970000
2018-04-13,172.880000
2018-04-16,173.580000
2018-04-17,174.540000
2018-04-18,177.120000
2018-04-19,174.500000
2018-04-20,172.830000
2018-04-23,169.210000
2018-04-24,162.010000
2018-04-25,167.300000
2018-04-26,165.290000
2018-04-27,166.290000
2018-04-30,164.530000
2018-05-01,167.240000
2018-05-02,167.390000
2018-05-03,169.950000
2018-05-04,173.490000
2018-05-07,174.050000
2018-05-08,175.090000
2018-05-09,177.200000
2018-05-10,178.020000
2018-05-11,177.910000
2018-05-14,178.860000
2018-05-15,178.180000
2018-05-16,180.040000
2018-05-17,179.750000
2018-05-18,182.340000
2018-05-21,183.670000
2018-05-22,181.120000
2018-05-23,180.800000
2018-05-24,178.900000
2018-05-25,178.000000
2018-05-29,176.420000
2018-05-30,177.980000
2018-05-31,175.410000
2018-06-01,178.600000
2018-06-04,178.080000
2018-06-05,178.350000
2018-06-06,178.000000
2018-06-07,178.650000
2018-06-08,178.010000
2018-06-11,178.450000
2018-06-12,180.210000
2018-06-13,178.830000
2018-06-14,178.940000
2018-06-15,177.660000
2018-06-18,175.470000
2018-06-19,170.260000
2018-06-20,170.820000
2018-06-21,168.140000
2018-06-22,167.980000
2018-06-25,165.520000
2018-06-26,164.740000
2018-06-27,165.220000
2018-06-28,164.640000
2018-06-29,166.230000
2018-07-02,167.690000
2018-07-03,167.120000
2018-07-05,169.620000
2018-07-06,169.240000
2018-07-09,170.900000
2018-07-10,171.400000
2018-07-11,167.250000
2018-07-12,168.830000
2018-07-13,171.070000
2018-07-16,167.630000
2018-07-17,169.300000
2018-07-18,170.410000
2018-07-19,172.070000
2018-07-20,171.300000
2018-07-23,167.930000
2018-07-24,170.470000
2018-07-25,183.460000
2018-07-26,184.070000
2018-07-27,184.060000
2018-07-30,182.750000
2018-07-31,187.560000
2018-08-01,184.390000
2018-08-02,180.330000
2018-08-03,179.480000
2018-08-06,178.900000
2018-08-07,181.390000
2018-08-08,177.200000
2018-08-09,175.910000
2018-08-10,173.260000
2018-08-13,171.910000
2018-08-14,172.380000
2018-08-15,171.690000
2018-08-16,173.320000
2018-08-17,173.630000
2018-08-20,173.780000
2018-08-21,173.790000
2018-08-22,171.340000
2018-08-23,172.800000
2018-08-24,175.040000
2018-08-27,176.910000
2018-08-28,177.490000
2018-08-29,178.550000
2018-08-30,178.180000
2018-08-31,180.960000
2018-09-04,181.750000
2018-09-05,181.960000
2018-09-06,182.090000
2018-09-07,183.500000
2018-09-10,184.690000
2018-09-11,184.490000
2018-09-12,185.350000
2018-09-13,188.370000
2018-09-14,191.600000
2018-09-17,191.450000
2018-09-18,194.070000
2018-09-19,194.630000
2018-09-20,196.950000
2018-09-21,196.470000
2018-09-24,193.180000
2018-09-25,191.610000
2018-09-26,190.340000
2018-09-27,189.470000
2018-09-28,187.520000
2018-10-01,188.010000
2018-10-02,189.550000
2018-10-03,189.890000
2018-10-04,189.570000
2018-10-05,185.690000
2018-10-08,185.090000
2018-10-09,183.380000
2018-10-10,176.030000
2018-10-11,170.600000
2018-10-12,172.790000
2018-10-15,169.020000
2018-10-16,172.470000
2018-10-17,171.520000
2018-10-18,166.250000
2018-10-19,163.700000
2018-10-22,163.220000
2018-10-23,160.570000
2018-10-24,154.090000
2018-10-25,157.490000
2018-10-26,161.320000
2018-10-29,158.720000
2018-10-30,163.760000
2018-10-31,164.730000
2018-11-01,173.360000
2018-11-02,172.470000
2018-11-05,173.030000
2018-11-06,177.070000
2018-11-07,178.970000
2018-11-08,172.300000
2018-11-09,169.270000
2018-11-12,165.970000
2018-11-13,166.950000
2018-11-14,167.110000
2018-11-15,172.700000
2018-11-16,171.600000
2018-11-19,168.040000
2018-11-20,168.230000
2018-11-21,169.670000
2018-11-23,167.310000
2018-11-26,169.840000
2018-11-27,168.270000
2018-11-28,172.660000
2018-11-29,171.770000
2018-11-30,174.340000
2018-12-03,178.060000
2018-12-04,171.460000
2018-12-06,167.250000
2018-12-07,161.550000
2018-12-10,160.160000
2018-12-11,157.950000
2018-12-12,159.140000
2018-12-13,157.200000
2018-12-14,156.740000
2018-12-17,153.310000
2018-12-18,153.660000
2018-12-19,151.230000
2018-12-20,148.140000
2018-12-21,144.780000
2018-12-24,141.770000
2018-12-26,148.580000
2018-12-27,149.790000
2018-12-28,148.920000
2018-12-31,150.480000
2019-01-02,150.870000
2019-01-03,145.540000
2019-01-04,150.130000
2019-01-07,151.380000
2019-01-08,153.360000
2019-01-09,154.280000
2019-01-10,153.310000
2019-01-11,155.850000
2019-01-14,156.200000
2019-01-15,156.820000
2019-01-16,157.670000
2019-01-17,160.260000
2019-01-18,164.750000
2019-01-22,163.470000
2019-01-23,161.810000
2019-01-24,162.740000
2019-01-25,166.360000
2019-01-28,163.250000
2019-01-29,173.630000
2019-01-30,171.870000
2019-01-31,169.520000
2019-02-01,168.930000
2019-02-04,169.680000
2019-02-05,170.730000
2019-02-06,170.960000
2019-02-07,169.970000
2019-02-08,169.440000
2019-02-11,169.700000
2019-02-12,172.700000
2019-02-13,176.820000
2019-02-14,176.410000
2019-02-15,177.390000
2019-02-19,177.460000
2019-02-20,178.840000
2019-02-21,177.960000
2019-02-22,179.230000
2019-02-25,180.080000
2019-02-26,179.300000
2019-02-27,180.510000
2019-02-28,178.560000
2019-03-01,178.510000
2019-03-04,177.840000
2019-03-05,178.230000
2019-03-06,178.040000
2019-03-07,175.510000
2019-03-08,174.530000
2019-03-11,178.380000
2019-03-12,178.670000
2019-03-13,181.400000
2019-03-14,180.680000
2019-03-15,179.330000
2019-03-18,180.790000
2019-03-19,178.770000
2019-03-20,176.020000
2019-03-21,177.020000
2019-03-22,169.930000
2019-03-25,169.830000
2019-03-26,171.520000
2019-03-27,171.040000
2019-03-28,173.840000
2019-03-29,175.460000
2019-04-01,180.910000
2019-04-02,182.070000
2019-04-03,183.330000
2019-04-04,184.990000
2019-04-05,185.340000
2019-04-08,186.000000
2019-04-09,182.480000
2019-04-10,182.860000
2019-04-11,182.950000
2019-04-12,184.240000
2019-04-15,186.000000
2019-04-16,187.580000
2019-04-17,188.300000
2019-04-18,189.920000
2019-04-22,189.360000
2019-04-23,189.450000
2019-04-24,188.900000
2019-04-25,176.220000
2019-04-26,178.430000
2019-04-29,180.990000
2019-04-30,180.710000
2019-05-01,177.360000
2019-05-02,175.870000
2019-05-03,178.770000
2019-05-06,177.210000
2019-05-07,173.000000
2019-05-08,170.610000
2019-05-09,169.000000
2019-05-10,166.490000
2019-05-13,160.850000
2019-05-14,161.830000
2019-05-15,162.220000
2019-05-16,162.980000
2019-05-17,160.320000
2019-05-20,158.580000
2019-05-21,161.510000
2019-05-22,159.400000
2019-05-23,155.140000
2019-05-24,154.780000
2019-05-28,151.570000
2019-05-29,153.110000
2019-05-30,155.430000
2019-05-31,148.850000
2019-06-03,150.300000
2019-06-04,157.060000
2019-06-05,157.130000
2019-06-06,156.180000
2019-06-07,157.130000
2019-06-10,158.810000
2019-06-11,159.080000
2019-06-12,157.980000
2019-06-13,159.310000
2019-06-14,156.530000
2019-06-17,155.850000
2019-06-18,158.770000
2019-06-19,158.700000
2019-06-20,163.050000
2019-06-21,162.720000
2019-06-24,162.170000
2019-06-25,161.160000
2019-06-26,162.370000
2019-06-27,162.130000
2019-06-28,163.830000
2019-07-01,164.600000
2019-07-02,162.860000
2019-07-03,164.060000
2019-07-05,159.390000
2019-07-08,157.440000
2019-07-09,155.150000
2019-07-10,153.570000
2019-07-11,156.200000
2019-07-12,160.360000
2019-07-15,159.290000
2019-07-16,162.570000
2019-07-17,159.940000
2019-07-18,159.150000
2019-07-19,159.950000
2019-07-22,159.310000
2019-07-23,166.720000
2019-07-24,168.880000
2019-07-25,167.220000
2019-07-26,164.620000
2019-07-29,163.250000
2019-07-30,165.390000
2019-07-31,160.780000
2019-08-01,155.760000
2019-08-02,153.800000
2019-08-05,150.800000
2019-08-06,153.130000
2019-08-07,151.930000
2019-08-08,156.390000
2019-08-09,153.490000
2019-08-12,149.960000
2019-08-13,153.040000
2019-08-14,146.920000
2019-08-15,145.930000
2019-08-16,150.310000
2019-08-19,153.240000
2019-08-20,150.700000
2019-08-21,151.880000
2019-08-22,152.510000
2019-08-23,147.870000
2019-08-26,144.550000
2019-08-27,146.250000
2019-08-28,147.890000
2019-08-29,151.240000
2019-08-30,152.790000
2019-09-03,148.230000
2019-09-04,149.830000
2019-09-05,158.700000
2019-09-06,161.040000
2019-09-09,161.990000
2019-09-10,163.870000
2019-09-11,163.780000
2019-09-12,166.130000
2019-09-13,166.750000
2019-09-16,165.800000
2019-09-17,164.060000
2019-09-18,163.580000
2019-09-19,163.010000
2019-09-20,162.060000
2019-09-23,164.170000
2019-09-24,161.140000
2019-09-25,162.420000
2019-09-26,163.490000
2019-09-27,166.250000
2019-09-30,164.800000
2019-10-01,162.290000
2019-10-02,155.830000
2019-10-03,158.370000
2019-10-04,159.370000
2019-10-07,156.940000
2019-10-08,153.280000
2019-10-09,153.910000
2019-10-10,154.800000
2019-10-11,164.100000
2019-10-14,164.130000
2019-10-15,167.370000
2019-10-16,164.950000
2019-10-17,166.360000
2019-10-18,169.190000
2019-10-21,171.620000
2019-10-22,170.980000
2019-10-23,172.240000
2019-10-24,173.630000
2019-10-25,177.380000
2019-10-28,176.740000
2019-10-29,174.940000
2019-10-30,175.200000
2019-10-31,171.990000
2019-11-01,177.700000
2019-11-04,181.850000
2019-11-05,181.870000
2019-11-06,178.420000
2019-11-07,178.050000
2019-11-08,177.820000
2019-11-11,179.200000
2019-11-12,198.010000
2019-11-13,198.070000
2019-11-14,198.750000
2019-11-15,200.270000
2019-11-18,197.670000
2019-11-19,196.670000
2019-11-20,196.210000
2019-11-21,195.210000
2019-11-22,194.800000
2019-11-25,195.720000
2019-11-26,196.320000
2019-11-27,196.420000
2019-11-29,195.840000
2019-12-02,193.970000
2019-12-03,194.040000
2019-12-04,195.010000
2019-12-05,196.430000
2019-12-06,198.180000
2019-12-09,198.760000
2019-12-10,199.750000
2019-12-11,203.260000
2019-12-12,205.470000
2019-12-13,203.470000
2019-12-16,204.410000
2019-12-17,203.620000
2019-12-18,203.850000
2019-12-19,202.840000
2019-12-20,204.350000
2019-12-23,204.300000
2019-12-24,202.840000
2019-12-26,204.220000
2019-12-27,202.970000
2019-12-30,202.930000
2019-12-31,202.670000
2020-01-02,205.640000
2020-01-03,202.640000
2020-01-06,204.250000
2020-01-07,203.830000
2020-01-08,205.380000
2020-01-09,207.170000
2020-01-10,205.090000
2020-01-13,206.580000
2020-01-14,202.900000
2020-01-15,202.230000
2020-01-16,205.260000
2020-01-17,204.740000
2020-01-21,201.790000
2020-01-22,199.380000
2020-01-23,202.300000
2020-01-24,199.720000
2020-01-27,193.920000
2020-01-28,196.670000
2020-01-29,196.170000
2020-01-30,194.810000
2020-01-31,191.660000
2020-02-03,194.560000
2020-02-04,202.390000
2020-02-05,205.270000
2020-02-06,205.030000
2020-02-07,202.720000
2020-02-10,203.820000
2020-02-11,203.960000
2020-02-12,205.850000
2020-02-13,201.150000
2020-02-14,200.680000
2020-02-18,198.740000
2020-02-19,200.360000
2020-02-20,205.310000
2020-02-21,209.370000
2020-02-24,202.760000
2020-02-25,196.870000
2020-02-26,195.160000
2020-02-27,186.200000
2020-02-28,183.500000
2020-03-02,190.590000
2020-03-03,183.940000
2020-03-04,192.250000
2020-03-05,183.400000
2020-03-06,178.850000
2020-03-09,152.640000
2020-03-10,169.400000
2020-03-11,159.090000
2020-03-12,149.590000
2020-03-13,166.180000
2020-03-16,153.310000
2020-03-17,155.160000
2020-03-18,128.560000
2020-03-19,135.080000
2020-03-20,126.790000
2020-03-23,120.680000
2020-03-24,141.900000
2020-03-25,154.560000
2020-03-26,159.290000
2020-03-27,151.460000
2020-03-30,152.260000
2020-03-31,150.910000
2020-04-01,143.680000
2020-04-02,149.710000
2020-04-03,146.780000
2020-04-06,157.410000
2020-04-07,160.080000
2020-04-08,167.800000
2020-04-09,167.640000
2020-04-13,160.540000
2020-04-14,163.790000
2020-04-15,158.960000
2020-04-16,158.950000
2020-04-17,168.590000
2020-04-20,168.540000
2020-04-21,164.460000
2020-04-22,166.190000
2020-04-23,169.340000
2020-04-24,174.590000
2020-04-27,181.680000
2020-04-28,196.100000
2020-04-29,197.000000
2020-04-30,189.480000
2020-05-01,183.190000
2020-05-04,187.920000
2020-05-05,190.990000
2020-05-06,189.210000
2020-05-07,191.020000
2020-05-08,192.450000
2020-05-11,193.360000
2020-05-12,188.570000
2020-05-13,186.860000
2020-05-14,191.010000
2020-05-15,197.870000
2020-05-18,205.170000
2020-05-19,202.630000
2020-05-20,206.040000
2020-05-21,203.730000
2020-05-22,202.190000
2020-05-26,215.900000
2020-05-27,219.240000
2020-05-28,216.400000
2020-05-29,216.160000
2020-06-01,214.670000
2020-06-02,217.590000
2020-06-03,220.300000
2020-06-04,222.490000
2020-06-05,227.390000
2020-06-08,225.570000
2020-06-09,220.040000
2020-06-10,218.140000
2020-06-11,206.060000
2020-06-12,208.190000
2020-06-15,210.480000
2020-06-16,213.740000
2020-06-17,211.870000
2020-06-18,209.670000
2020-06-19,209.130000
2020-06-22,210.560000
2020-06-23,208.690000
2020-06-24,205.030000
2020-06-25,208.200000
2020-06-26,205.270000
2020-06-29,208.670000
2020-06-30,213.000000
2020-07-01,210.500000
2020-07-02,210.990000
2020-07-06,214.590000
2020-07-07,211.440000
2020-07-08,212.280000
2020-07-09,211.370000
2020-07-10,210.900000
2020-07-13,211.800000
2020-07-14,219.070000
2020-07-15,222.040000
2020-07-16,223.280000
2020-07-17,225.280000
2020-07-20,222.440000
2020-07-21,226.830000
2020-07-22,226.600000
2020-07-23,225.990000
2020-07-24,226.190000
2020-07-27,229.000000
2020-07-28,222.280000
2020-07-29,220.970000
2020-07-30,219.840000
2020-07-31,218.140000
2020-08-03,220.770000
2020-08-04,220.450000
2020-08-05,223.940000
2020-08-06,221.950000
2020-08-07,223.640000
2020-08-10,229.320000
2020-08-11,232.180000
2020-08-12,236.120000
2020-08-13,233.990000
2020-08-14,232.050000
2020-08-17,233.450000
2020-08-18,233.020000
2020-08-19,228.680000
2020-08-20,226.830000
2020-08-21,228.520000
2020-08-24,230.790000
2020-08-25,230.840000
2020-08-26,232.390000
2020-08-27,232.010000
2020-08-28,233.270000
2020-08-31,230.530000
2020-09-01,233.940000
2020-09-02,237.300000
2020-09-03,228.810000
2020-09-04,228.250000
2020-09-08,220.920000
2020-09-09,224.570000
2020-09-10,219.370000
2020-09-11,222.250000
2020-09-14,224.660000
2020-09-15,224.770000
2020-09-16,225.280000
2020-09-17,222.200000
2020-09-18,218.960000
2020-09-21,209.080000
2020-09-22,214.090000
2020-09-23,212.780000
2020-09-24,217.370000
2020-09-25,215.670000
2020-09-28,219.990000
2020-09-29,221.230000
2020-09-30,220.680000
2020-10-01,219.520000
2020-10-02,223.430000
2020-10-05,233.220000
2020-10-06,232.790000
2020-10-07,236.420000
2020-10-08,241.120000
2020-10-09,244.280000
2020-10-12,244.230000
2020-10-13,243.150000
2020-10-14,243.980000
2020-10-15,247.450000
2020-10-16,249.030000
2020-10-19,244.460000
2020-10-20,240.980000
2020-10-21,236.820000
2020-10-22,239.330000
2020-10-23,243.100000
2020-10-26,236.940000
2020-10-27,236.880000
2020-10-28,234.010000
2020-10-29,235.840000
2020-10-30,237.120000
2020-11-02,245.390000
2020-11-03,253.370000
2020-11-04,242.690000
2020-11-05,250.300000
2020-11-06,249.440000
2020-11-09,254.740000
2020-11-10,249.050000
2020-11-11,242.190000
2020-11-12,235.080000
2020-11-13,239.780000
2020-11-16,241.220000
2020-11-17,241.320000
2020-11-18,245.500000
2020-11-19,250.140000
2020-11-20,247.630000
2020-11-23,251.780000
2020-11-24,256.810000
2020-11-25,256.430000
2020-11-27,255.930000
2020-11-30,255.560000
2020-12-01,246.960000
2020-12-02,246.690000
2020-12-03,245.240000
2020-12-04,247.960000
2020-12-07,245.130000
2020-12-08,249.600000
2020-12-09,251.280000
2020-12-10,246.770000
2020-12-11,246.720000
2020-12-14,242.990000
2020-12-15,247.220000
2020-12-16,245.730000
2020-12-17,247.190000
2020-12-18,247.950000
2020-12-21,249.360000
2020-12-22,247.640000
2020-12-23,248.030000
2020-12-24,248.630000
2020-12-28,248.360000
2020-12-29,246.660000
2020-12-30,249.100000
2020-12-31,250.810000
2021-01-04,246.470000
2021-01-05,247.070000
2021-01-06,258.560000
2021-01-07,259.540000
2021-01-08,261.810000
2021-01-11,262.590000
2021-01-12,265.470000
2021-01-13,262.420000
2021-01-14,262.750000
2021-01-15,255.600000
2021-01-19,261.000000
2021-01-20,263.970000
2021-01-21,267.700000
2021-01-22,265.970000
2021-01-25,260.850000
2021-01-26,244.450000
2021-01-27,241.050000
2021-01-28,251.200000
2021-01-29,248.530000
2021-02-01,247.680000
2021-02-02,252.520000
2021-02-03,245.390000
2021-02-04,241.270000
2021-02-05,242.890000
2021-02-08,247.260000
2021-02-09,246.520000
2021-02-10,244.750000
2021-02-11,246.860000
2021-02-12,249.180000
2021-02-16,249.720000
2021-02-17,248.100000
2021-02-18,244.190000
2021-02-19,248.230000
2021-02-22,243.950000
2021-02-23,245.410000
2021-02-24,247.040000
2021-02-25,244.410000
2021-02-26,243.280000
2021-03-01,251.240000
2021-03-02,248.710000
2021-03-03,250.840000
2021-03-04,246.070000
2021-03-05,253.090000
2021-03-08,257.870000
2021-03-09,259.720000
2021-03-10,263.660000
2021-03-11,264.250000
2021-03-12,265.240000
2021-03-15,265.060000
2021-03-16,258.340000
2021-03-17,261.330000
2021-03-18,260.310000
2021-03-19,258.300000
2021-03-22,261.870000
2021-03-23,258.720000
2021-03-24,263.190000
2021-03-25,264.650000
2021-03-26,273.550000
2021-03-29,270.320000
2021-03-30,267.640000
2021-03-31,265.440000
2021-04-01,263.440000
2021-04-05,267.660000
2021-04-06,262.920000
2021-04-07,261.270000
2021-04-08,261.040000
2021-04-09,264.590000
2021-04-12,265.090000
2021-04-13,261.940000
2021-04-14,259.600000
2021-04-15,264.280000
2021-04-16,265.850000
2021-04-19,267.100000
2021-04-20,263.220000
2021-04-21,267.820000
2021-04-22,265.050000
2021-04-23,269.060000
2021-04-26,267.420000
2021-04-27,268.620000
2021-04-28,266.250000
2021-04-29,267.770000
2021-04-30,264.260000
2021-05-03,261.170000
2021-05-04,262.600000
2021-05-05,266.530000
2021-05-06,268.500000
2021-05-07,270.680000
2021-05-10,270.810000
2021-05-11,268.310000
2021-05-12,260.540000
2021-05-13,265.710000
2021-05-14,267.460000
2021-05-17,264.940000
2021-05-18,261.390000
2021-05-19,258.420000
2021-05-20,258.350000
2021-05-21,260.200000
2021-05-24,262.390000
2021-05-25,260.530000
2021-05-26,260.510000
2021-05-27,263.090000
2021-05-28,263.720000
2021-06-01,267.890000
2021-06-02,271.820000
2021-06-03,274.440000
2021-06-04,275.620000
2021-06-07,274.730000
2021-06-08,275.430000
2021-06-09,279.150000
2021-06-10,281.670000
2021-06-11,284.150000
2021-06-14,281.700000
2021-06-15,284.010000
2021-06-16,283.130000
2021-06-17,270.990000
2021-06-18,271.710000
2021-06-21,280.320000
2021-06-22,285.180000
2021-06-23,285.800000
2021-06-24,285.510000
2021-06-25,285.640000
2021-06-28,283.240000
2021-06-29,283.580000
2021-06-30,286.020000
2021-07-01,285.300000
2021-07-02,285.230000
2021-07-06,284.000000
2021-07-07,291.960000
2021-07-08,287.500000
2021-07-09,291.200000
2021-07-12,292.910000
2021-07-13,291.430000
2021-07-14,291.880000
2021-07-15,293.820000
2021-07-16,293.920000
2021-07-19,290.250000
2021-07-20,295.920000
2021-07-21,298.290000
2021-07-22,297.510000
2021-07-23,299.250000
2021-07-26,297.810000
2021-07-27,293.490000
2021-07-28,299.180000
2021-07-29,304.810000
2021-07-30,307.420000
2021-08-02,307.310000
2021-08-03,311.060000
2021-08-04,311.920000
2021-08-05,313.710000
2021-08-06,314.330000
2021-08-09,314.030000
2021-08-10,318.410000
2021-08-11,316.420000
2021-08-12,317.190000
2021-08-13,316.530000
2021-08-16,319.420000
2021-08-17,313.250000
2021-08-18,312.590000
2021-08-19,314.400000
2021-08-20,315.050000
2021-08-23,314.580000
2021-08-24,316.450000
2021-08-25,319.370000
2021-08-26,319.790000
2021-08-27,321.660000
2021-08-30,324.800000
2021-08-31,325.450000
2021-09-01,323.020000
2021-09-02,327.140000
2021-09-03,324.000000
2021-09-07,318.460000
2021-09-08,318.750000
2021-09-09,315.030000
2021-09-10,314.090000
2021-09-13,315.790000
2021-09-14,313.310000
2021-09-15,317.670000
2021-09-16,317.010000
2021-09-17,311.550000
2021-09-20,302.470000
2021-09-21,300.170000
2021-09-22,301.940000
2021-09-23,304.150000
2021-09-24,302.570000
2021-09-27,302.830000
2021-09-28,296.740000
2021-09-29,297.860000
2021-09-30,294.040000
2021-10-01,294.860000
2021-10-04,292.750000
2021-10-05,298.330000
2021-10-06,298.210000
2021-10-07,304.840000
2021-10-08,301.330000
2021-10-11,298.690000
2021-10-12,297.960000
2021-10-13,299.870000
2021-10-14,310.180000
2021-10-15,314.200000
2021-10-18,314.990000
2021-10-19,316.140000
2021-10-20,319.400000
2021-10-21,317.700000
2021-10-22,316.300000
2021-10-25,315.680000
2021-10-26,315.570000
2021-10-27,313.710000
2021-10-28,318.710000
2021-10-29,319.400000
2021-11-01,319.890000
2021-11-02,343.410000
2021-11-03,339.300000
2021-11-04,341.890000
2021-11-05,339.010000
2021-11-08,335.480000
2021-11-09,335.640000
2021-11-10,333.480000
2021-11-11,329.660000
2021-11-12,334.480000
2021-11-15,335.060000
2021-11-16,340.570000
2021-11-17,341.950000
2021-11-18,344.770000
2021-11-19,348.170000
2021-11-22,347.250000
2021-11-23,345.960000
2021-11-24,344.940000
2021-11-26,339.200000
2021-11-29,340.580000
2021-11-30,336.200000
2021-12-01,332.010000
2021-12-02,343.660000
2021-12-03,345.470000
2021-12-06,344.920000
2021-12-07,350.760000
2021-12-08,348.450000
2021-12-09,346.570000
2021-12-10,350.640000
2021-12-13,351.020000
2021-12-14,342.620000
2021-12-15,351.350000
2021-12-16,348.870000
2021-12-17,341.760000
2021-12-20,336.590000
2021-12-21,339.710000
2021-12-22,338.440000
2021-12-23,340.120000
2021-12-27,348.310000
2021-12-28,348.340000
2021-12-29,349.060000
2021-12-30,346.840000
2021-12-31,348.850000
2022-01-03,339.660000
2022-01-04,343.100000
2022-01-05,337.360000
2022-01-06,335.110000
2022-01-07,327.880000
2022-01-10,330.150000
2022-01-11,335.000000
2022-01-12,335.100000
2022-01-13,330.010000
2022-01-14,325.050000
2022-01-18,317.500000
2022-01-19,315.630000
2022-01-20,313.750000
2022-01-21,314.250000
2022-01-24,311.780000
2022-01-25,301.630000
2022-01-26,298.040000
2022-01-27,286.980000
2022-01-28,284.600000
2022-01-31,289.220000
2022-02-01,290.100000
2022-02-02,294.350000
2022-02-03,284.720000
2022-02-04,280.680000
2022-02-07,280.270000
2022-02-08,281.030000
2022-02-09,286.430000
2022-02-10,277.330000
2022-02-11,268.340000
2022-02-14,268.370000
2022-02-15,272.300000
2022-02-16,273.010000
2022-02-17,266.460000
2022-02-18,264.590000
2022-02-22,263.930000
2022-02-23,257.200000
2022-02-24,266.060000
2022-02-25,269.280000
2022-02-28,266.580000
2022-03-01,262.120000
2022-03-02,268.740000
2022-03-03,270.460000
2022-03-04,269.060000
2022-03-07,264.540000
2022-03-08,273.460000
2022-03-09,271.040000
2022-03-10,262.550000
2022-03-11,257.010000
2022-03-14,256.350000
2022-03-15,261.020000
2022-03-16,268.480000
2022-03-17,271.000000
2022-03-18,275.830000
2022-03-21,272.910000
2022-03-22,274.150000
2022-03-23,270.440000
2022-03-24,275.000000
2022-03-25,279.180000
2022-03-28,280.240000
2022-03-29,284.890000
2022-03-30,280.720000
2022-03-31,280.030000
2022-04-01,284.480000
2022-04-04,281.170000
2022-04-05,279.100000
2022-04-06,272.230000
2022-04-07,271.050000
2022-04-08,269.410000
2022-04-11,266.080000
2022-04-12,262.910000
2022-04-13,267.040000
2022-04-14,261.660000
2022-04-18,261.470000
2022-04-19,270.910000
2022-04-20,272.540000
2022-04-21,271.760000
2022-04-22,260.530000
2022-04-25,261.310000
2022-04-26,252.210000
2022-04-27,256.790000
2022-04-28,263.350000
2022-04-29,252.670000
2022-05-02,250.040000
2022-05-03,213.740000
2022-05-04,222.350000
2022-05-05,214.440000
2022-05-06,214.510000
2022-05-09,203.220000
2022-05-10,205.120000
2022-05-11,199.000000
2022-05-12,203.830000
2022-05-13,203.820000
2022-05-16,202.390000
2022-05-17,204.240000
2022-05-18,195.400000
2022-05-19,198.720000
2022-05-20,199.510000
2022-05-23,202.660000
2022-05-24,198.180000
2022-05-25,198.830000
2022-05-26,204.740000
2022-05-27,211.020000
2022-05-31,213.200000
2022-06-01,217.010000
2022-06-02,220.160000
2022-06-03,218.270000
2022-06-06,214.860000
2022-06-07,217.290000
2022-06-08,214.870000
2022-06-09,213.300000
2022-06-10,208.740000
2022-06-13,201.580000
2022-06-14,200.420000
2022-06-15,205.660000
2022-06-16,198.010000
2022-06-17,191.090000
2022-06-21,193.390000
2022-06-22,195.660000
2022-06-23,197.180000
2022-06-24,201.060000
2022-06-27,201.300000
2022-06-28,197.640000
2022-06-29,197.170000
2022-06-30,199.310000
2022-07-01,198.710000
2022-07-05,199.620000
2022-07-06,200.570000
2022-07-07,202.930000
2022-07-08,200.130000
2022-07-11,200.840000
2022-07-12,198.470000
2022-07-13,197.950000
2022-07-14,199.680000
2022-07-15,206.350000
2022-07-18,204.700000
2022-07-19,216.400000
2022-07-20,215.860000
2022-07-21,220.500000
2022-07-22,221.600000
2022-07-25,219.960000
2022-07-26,219.430000
2022-07-27,240.460000
2022-07-28,247.230000
2022-07-29,255.280000
2022-08-01,252.570000
2022-08-02,248.260000
2022-08-03,251.070000
2022-08-04,253.960000
2022-08-05,252.240000
2022-08-08,250.560000
2022-08-09,245.160000
2022-08-10,253.610000
2022-08-11,252.920000
2022-08-12,257.760000
2022-08-15,258.820000
2022-08-16,259.440000
2022-08-17,255.910000
2022-08-18,256.400000
2022-08-19,251.610000
2022-08-22,243.900000
2022-08-23,243.420000
2022-08-24,243.140000
2022-08-25,246.860000
2022-08-26,236.880000
2022-08-29,237.920000
2022-08-30,236.630000
2022-08-31,236.940000
2022-09-01,241.770000
2022-09-02,238.010000
2022-09-06,238.260000
2022-09-07,243.000000
2022-09-08,244.930000
2022-09-09,255.380000
2022-09-12,257.060000
2022-09-13,247.610000
2022-09-14,250.990000
2022-09-15,245.170000
2022-09-16,237.900000
2022-09-19,242.160000
2022-09-20,236.150000
2022-09-21,231.060000
2022-09-22,225.000000
2022-09-23,219.760000
2022-09-26,215.420000
2022-09-27,212.130000
2022-09-28,217.330000
2022-09-29,215.780000
2022-09-30,215.110000
2022-10-03,225.640000
2022-10-04,231.830000
2022-10-05,234.710000
2022-10-06,233.120000
2022-10-07,225.410000
2022-10-10,225.330000
2022-10-11,225.930000
2022-10-12,225.340000
2022-10-13,231.980000
2022-10-14,223.880000
2022-10-17,230.710000
2022-10-18,236.790000
2022-10-19,233.930000
2022-10-20,225.210000
2022-10-21,231.870000
2022-10-24,235.270000
2022-10-25,241.650000
2022-10-26,240.960000
2022-10-27,246.650000
2022-10-28,257.080000
2022-10-31,255.300000
2022-11-01,255.650000
2022-11-02,235.380000
2022-11-03,242.830000
2022-11-04,247.430000
2022-11-07,250.890000
2022-11-08,254.330000
2022-11-09,253.450000
2022-11-10,265.540000
2022-11-11,273.530000
2022-11-14,267.390000
2022-11-15,269.540000
2022-11-16,264.310000
2022-11-17,258.670000
2022-11-18,264.740000
2022-11-21,263.590000
2022-11-22,266.970000
2022-11-23,266.610000
2022-11-25,264.860000
2022-11-28,260.710000
2022-11-29,259.630000
2022-11-30,264.220000
2022-12-01,266.750000
2022-12-02,265.490000
2022-12-05,262.670000
2022-12-06,256.770000
2022-12-07,254.770000
2022-12-08,257.170000
2022-12-09,259.810000
2022-12-12,264.450000
2022-12-13,271.730000
2022-12-14,269.170000
2022-12-15,257.150000
2022-12-16,253.070000
2022-12-19,250.660000
2022-12-20,254.400000
2022-12-21,259.360000
2022-12-22,255.970000
2022-12-23,256.740000
2022-12-27,257.550000
2022-12-28,255.190000
2022-12-29,259.630000
2022-12-30,257.570000
2023-01-03,261.420000
2023-01-04,260.530000
2023-01-05,258.580000
2023-01-06,267.520000
2023-01-09,269.340000
2023-01-10,271.660000
2023-01-11,280.100000
2023-01-12,281.410000
2023-01-13,285.240000
2023-01-17,282.190000
2023-01-18,274.420000
2023-01-19,265.320000
2023-01-20,270.000000
2023-01-23,275.620000
2023-01-24,277.980000
2023-01-25,278.080000
2023-01-26,281.870000
2023-01-27,286.460000
2023-01-30,278.500000
2023-01-31,282.030000
2023-02-01,282.870000
2023-02-02,291.160000
2023-02-03,289.960000
2023-02-06,287.720000
2023-02-07,289.390000
2023-02-08,285.420000
2023-02-09,287.700000
2023-02-10,285.180000
2023-02-13,293.790000
2023-02-14,293.170000
2023-02-15,298.050000
2023-02-16,295.880000
2023-02-17,297.720000
2023-02-21,288.720000
2023-02-22,288.940000
2023-02-23,291.950000
2023-02-24,290.390000
2023-02-27,294.390000
2023-02-28,294.930000
2023-03-01,292.650000
2023-03-02,296.540000
2023-03-03,302.590000
2023-03-06,305.560000
2023-03-07,299.330000
2023-03-08,302.300000
2023-03-09,298.920000
2023-03-10,289.070000
2023-03-13,286.010000
2023-03-14,294.300000
2023-03-15,276.660000
2023-03-16,282.020000
2023-03-17,272.710000
2023-03-20,278.330000
2023-03-21,283.160000
2023-03-22,277.630000
2023-03-23,278.420000
2023-03-24,277.600000
2023-03-27,278.400000
2023-03-28,278.780000
2023-03-29,284.540000
2023-03-30,287.530000
2023-03-31,293.450000
2023-04-03,291.290000
2023-04-04,278.760000
2023-04-05,273.170000
2023-04-06,272.150000
2023-04-10,275.230000
2023-04-11,278.520000
2023-04-12,281.120000
2023-04-13,278.110000
2023-04-14,277.300000
2023-04-17,277.840000
2023-04-18,276.860000
2023-04-19,274.320000
2023-04-20,273.830000
2023-04-21,275.450000
2023-04-24,276.080000
2023-04-25,274.930000
2023-04-26,270.630000
2023-04-27,283.620000
2023-04-28,283.410000
2023-05-01,282.650000
2023-05-02,279.020000
2023-05-03,278.630000
2023-05-04,279.200000
2023-05-05,283.420000
2023-05-08,281.100000
2023-05-09,277.760000
2023-05-10,270.090000
2023-05-11,270.490000
2023-05-12,271.860000
2023-05-15,274.140000
2023-05-16,269.980000
2023-05-17,274.630000
2023-05-18,281.110000
2023-05-19,281.310000
2023-05-22,282.470000
2023-05-23,278.460000
2023-05-24,270.220000
2023-05-25,273.430000
2023-05-26,286.230000
2023-05-30,286.790000
2023-05-31,278.600000
2023-06-01,280.470000
2023-06-02,292.840000
2023-06-05,291.710000
2023-06-06,291.990000
2023-06-07,299.100000
2023-06-08,302.920000
2023-06-09,305.500000
2023-06-12,309.780000
2023-06-13,315.470000
2023-06-14,313.120000
2023-06-15,319.410000
2023-06-16,315.800000
2023-06-20,315.390000
2023-06-21,320.750000
2023-06-22,314.980000
2023-06-23,313.270000
2023-06-26,318.040000
2023-06-27,322.660000
2023-06-28,321.210000
2023-06-29,324.240000
2023-06-30,329.450000
2023-07-03,329.470000
2023-07-05,327.090000
2023-07-06,324.490000
2023-07-07,325.380000
2023-07-10,335.750000
2023-07-11,338.140000
2023-07-12,339.550000
2023-07-13,342.460000
2023-07-14,341.230000
2023-07-17,342.580000
2023-07-18,346.890000
2023-07-19,344.000000
2023-07-20,342.560000
2023-07-21,337.080000
2023-07-24,338.130000
2023-07-25,337.890000
2023-07-26,333.960000
2023-07-27,330.310000
2023-07-28,333.300000
2023-07-31,336.290000
2023-08-01,314.154600
2023-08-02,304.280000
2023-08-03,302.050000
2023-08-04,298.820000
2023-08-07,310.460000
2023-08-08,305.550000
2023-08-09,303.800000
2023-08-10,299.260000
2023-08-11,296.180000
2023-08-14,299.160000
2023-08-15,297.660000
2023-08-16,295.150000
2023-08-17,291.480000
2023-08-18,291.540000
2023-08-21,292.830000
2023-08-22,292.640000
2023-08-23,297.540000
2023-08-24,298.470000
2023-08-25,303.310000
2023-08-28,309.050000
2023-08-29,317.250000
2023-08-30,309.570000
2023-08-31,312.080000
2023-09-01,314.050000
2023-09-05,307.200000
2023-09-06,310.480000
2023-09-07,304.440000
2023-09-08,296.860000
2023-09-11,293.890000
2023-09-12,289.080000
2023-09-13,285.470000
2023-09-14,287.080000
2023-09-15,285.200000
2023-09-18,288.730000
2023-09-19,287.760000
2023-09-20,285.170000
2023-09-21,278.940000
2023-09-22,281.360000
2023-09-25,284.420000
2023-09-26,279.050000
2023-09-27,284.800000
2023-09-28,286.410000
2023-09-29,285.870000
2023-10-02,283.950000
2023-10-03,284.320000
2023-10-04,288.800000
2023-10-05,286.160000
2023-10-06,290.310000
2023-10-09,290.470000
2023-10-10,291.700000
2023-10-11,299.920000
2023-10-12,300.030000
2023-10-13,288.320000
2023-10-16,291.780000
2023-10-17,290.550000
2023-10-18,275.570000
2023-10-19,271.520000
2023-10-20,266.060000
2023-10-23,266.850000
2023-10-24,265.860000
2023-10-25,263.320000
2023-10-26,262.600000
2023-10-27,262.000000
2023-10-30,263.460000
2023-10-31,262.810000
2023-11-01,266.980000
2023-11-02,258.600000
2023-11-03,263.700000
2023-11-06,258.500000
2023-11-07,257.020000
2023-11-08,257.120000
2023-11-09,257.110000
2023-11-10,258.430000
2023-11-13,261.360000
2023-11-14,267.550000
2023-11-15,270.170000
2023-11-16,272.780000
2023-11-17,275.260000
2023-11-20,271.120000
2023-11-21,269.390000
2023-11-22,272.800000
2023-11-24,273.000000
2023-11-27,271.060000
2023-11-28,269.250000
2023-11-29,270.560000
2023-11-30,275.440000
2023-12-01,281.470000
2023-12-04,279.500000
2023-12-05,275.000000
2023-12-06,278.110000
2023-12-07,277.890000
2023-12-08,278.530000
2023-12-11,279.790000
2023-12-12,283.690000
2023-12-13,290.970000
2023-12-14,306.850000
2023-12-15,304.370000
2023-12-18,305.300000
2023-12-19,310.480000
2023-12-20,303.560000
2023-12-21,306.750000
2023-12-22,307.780000
2023-12-26,311.040000
2023-12-27,311.220000
2023-12-28,310.620000
2023-12-29,310.480000
2024-01-02,306.380000
2024-01-03,303.860000
2024-01-04,304.670000
2024-01-05,305.050000
2024-01-08,306.060000
2024-01-09,302.970000
2024-01-10,302.070000
2024-01-11,305.100000
2024-01-12,304.590000
2024-01-16,298.380000
2024-01-17,295.380000
2024-01-18,300.150000
2024-01-19,303.450000
2024-01-22,305.640000
2024-01-23,304.270000
2024-01-24,300.350000
2024-01-25,304.240000
2024-01-26,303.000000
2024-01-29,304.620000
2024-01-30,307.220000
2024-01-31,253.280000
2024-02-01,263.010000
2024-02-02,268.010000
2024-02-05,266.320000
2024-02-06,259.980000
2024-02-07,269.020000
2024-02-08,278.710000
2024-02-09,283.500000
2024-02-12,280.690000
2024-02-13,278.380000
2024-02-14,279.930000
2024-02-15,281.380000
2024-02-16,279.720000
2024-02-20,272.620000
2024-02-21,274.630000
2024-02-22,278.620000
2024-02-23,280.510000
2024-02-26,277.810000
2024-02-27,280.970000
2024-02-28,286.410000
2024-02-29,285.080000
2024-03-01,289.050000
2024-03-04,288.170000
2024-03-05,287.680000
2024-03-06,291.180000
2024-03-07,294.140000
2024-03-08,294.590000
2024-03-11,284.790000
2024-03-12,283.880000
2024-03-13,284.380000
2024-03-14,280.000000
2024-03-15,280.880000
2024-03-18,278.170000
2024-03-19,278.190000
2024-03-20,281.780000
2024-03-21,290.090000
2024-03-22,286.380000
2024-03-25,282.460000
2024-03-26,284.450000
2024-03-27,291.210000
2024-03-28,291.330000
2024-04-01,283.370000
2024-04-02,280.230000
2024-04-03,279.880000
2024-04-04,276.330000
2024-04-05,279.240000
2024-04-08,282.050000
2024-04-09,286.830000
2024-04-10,282.060000
2024-04-11,288.520000
2024-04-12,284.820000
2024-04-15,285.900000
2024-04-16,281.390000
2024-04-17,278.650000
2024-04-18,273.500000
2024-04-19,269.960000
2024-04-22,273.470000
2024-04-23,276.330000
2024-04-24,275.560000
2024-04-25,276.950000
2024-04-26,280.120000
2024-04-29,279.970000
2024-04-30,270.960000
2024-05-01,269.750000
2024-05-02,270.040000
2024-05-03,274.050000
2024-05-06,277.390000
2024-05-07,272.040000
2024-05-08,273.590000
2024-05-09,270.500000
2024-05-10,273.590000
2024-05-13,268.920000
2024-05-14,270.840000
2024-05-15,275.230000
2024-05-16,271.140000
2024-05-17,269.760000
2024-05-20,271.220000
2024-05-21,270.360000
2024-05-22,270.810000
2024-05-23,262.040000
2024-05-24,264.180000
2024-05-28,258.600000
2024-05-29,255.280000
2024-05-30,257.180000
2024-05-31,257.530000
2024-06-03,257.960000
2024-06-04,254.990000
2024-06-05,259.540000
2024-06-06,255.260000
2024-06-07,255.910000
2024-06-10,255.230000
2024-06-11,255.090000
2024-06-12,262.160000
2024-06-13,260.720000
2024-06-14,254.390000
2024-06-17,258.510000
2024-06-18,260.310000
2024-06-20,260.520000
2024-06-21,258.520000
2024-06-24,265.870000
2024-06-25,265.870000
2024-06-26,266.990000
2024-06-27,267.660000
2024-06-28,275.280000
2024-07-01,265.520000
2024-07-02,264.900000
2024-07-03,266.340000
2024-07-05,264.070000
2024-07-08,265.110000
2024-07-09,261.240000
2024-07-10,265.080000
2024-07-11,274.230000
2024-07-12,283.350000
2024-07-15,285.200000
2024-07-16,294.370000
2024-07-17,287.860000
2024-07-18,272.460000
2024-07-19,269.760000
2024-07-22,275.730000
2024-07-23,272.150000
2024-07-24,263.070000
2024-07-25,271.000000
2024-07-26,277.040000
2024-07-29,272.210000
2024-07-30,275.430000
2024-07-31,278.650000
2024-08-01,264.620000
2024-08-02,253.470000
2024-08-05,248.270000
2024-08-06,250.770000
2024-08-07,249.160000
2024-08-08,259.140000
2024-08-09,258.150000
2024-08-12,253.010000
2024-08-13,260.250000
2024-08-14,261.170000
2024-08-15,263.820000
2024-08-16,262.690000
2024-08-19,265.200000
2024-08-20,265.410000
2024-08-21,265.550000
2024-08-22,263.030000
2024-08-23,270.980000
2024-08-26,268.100000
2024-08-27,263.320000
2024-08-28,261.930000
2024-08-29,266.520000
2024-08-30,272.030000
2024-09-03,261.480000
2024-09-04,256.660000
2024-09-05,256.920000
2024-09-06,255.680000
2024-09-09,259.250000
2024-09-10,261.990000
2024-09-11,256.850000
2024-09-12,258.000000
2024-09-13,262.920000
2024-09-16,262.080000
2024-09-17,263.200000
2024-09-18,262.740000
2024-09-19,268.230000
2024-09-20,261.600000
2024-09-23,261.060000
2024-09-24,261.980000
2024-09-25,258.040000
2024-09-26,271.160000
2024-09-27,270.610000
2024-09-30,268.460000
2024-10-01,265.260000
2024-10-02,266.280000
2024-10-03,264.970000
2024-10-04,267.010000
2024-10-07,267.220000
2024-10-08,266.160000
2024-10-09,269.810000
2024-10-10,268.150000
2024-10-11,271.160000
2024-10-14,275.270000
2024-10-15,272.220000
2024-10-16,274.240000
2024-10-17,272.630000
2024-10-18,272.820000
2024-10-21,269.940000
2024-10-22,268.790000
2024-10-23,266.440000
2024-10-24,267.680000
2024-10-25,269.860000
2024-10-28,271.330000
2024-10-29,268.430000
2024-10-30,266.630000
2024-10-31,266.710000
2024-11-01,268.720000
2024-11-04,264.650000
2024-11-05,269.200000
2024-11-06,294.000000
2024-11-07,277.090000
2024-11-08,272.140000
2024-11-11,277.820000
2024-11-12,277.880000
2024-11-13,286.570000
2024-11-14,286.430000
2024-11-15,286.150000
2024-11-18,283.130000
2024-11-19,278.140000
2024-11-20,280.080000
2024-11-21,278.300000
2024-11-22,290.860000
2024-11-25,298.700000
2024-11-26,296.000000
2024-11-27,294.950000
2024-11-29,295.140000
2024-12-02,297.120000
2024-12-03,291.560000
2024-12-04,293.830000
2024-12-05,297.100000
2024-12-06,295.420000
2024-12-09,298.720000
2024-12-10,293.700000
2024-12-11,297.380000
2024-12-12,302.920000
2024-12-13,297.200000
2024-12-16,296.090000
2024-12-17,293.490000
2024-12-18,287.690000
2024-12-19,286.000000
2024-12-20,289.790000
2024-12-23,289.210000
2024-12-24,292.200000
2024-12-26,293.880000
2024-12-27,290.500000
2024-12-30,285.640000
2024-12-31,285.790000
2025-01-02,280.890000
2025-01-03,282.790000
2025-01-06,281.460000
2025-01-07,281.310000
2025-01-08,279.560000
2025-01-10,273.400000
2025-01-13,275.530000
2025-01-14,276.980000
2025-01-15,276.110000
2025-01-16,280.960000
2025-01-17,286.600000
2025-01-21,290.770000
2025-01-22,288.950000
2025-01-23,290.700000
2025-01-24,288.430000
2025-01-27,284.220000
2025-01-28,282.240000
2025-01-29,278.900000
2025-01-30,279.000000
2025-01-31,278.430000
2025-02-03,271.050000
2025-02-04,270.340000
2025-02-05,270.560000
2025-02-06,268.720000
2025-02-07,268.400000
2025-02-10,302.340000
2025-02-11,303.750000
2025-02-12,301.950000
2025-02-13,298.660000
2025-02-14,294.400000
2025-02-18,301.150000
2025-02-19,299.340000
2025-02-20,303.180000
2025-02-21,295.220000
2025-02-24,292.630000
2025-02-25,288.750000
2025-02-26,287.090000
2025-02-27,284.330000
2025-02-28,287.150000
2025-03-03,278.630000
2025-03-04,267.870000
2025-03-05,273.660000
2025-03-06,271.820000
2025-03-07,276.540000
2025-03-10,270.370000
2025-03-11,265.150000
2025-03-12,261.980000
2025-03-13,255.290000
2025-03-14,260.190000
2025-03-17,261.990000
2025-03-18,258.130000
2025-03-19,260.030000
2025-03-20,258.090000
2025-03-21,258.790000
2025-03-24,267.960000
2025-03-25,272.850000
2025-03-26,269.280000
2025-03-27,268.080000
2025-03-28,258.630000
2025-03-31,258.380000
2025-04-01,258.740000
2025-04-02,260.860000
2025-04-03,239.160000
2025-04-04,227.110000
2025-04-07,227.620000
2025-04-08,218.970000
2025-04-09,242.430000
2025-04-10,230.160000
2025-04-11,229.380000
2025-04-14,233.420000
2025-04-15,233.050000
2025-04-16,228.110000
2025-04-17,232.290000
2025-04-21,226.930000
2025-04-22,234.420000
2025-04-23,239.830000
2025-04-24,248.540000
2025-04-25,248.380000
2025-04-28,246.540000
2025-04-29,247.650000
2025-04-30,247.680000
2025-05-01,249.180000
2025-05-02,253.650000
2025-05-05,253.840000
2025-05-06,253.050000
2025-05-07,283.170000
2025-05-08,291.240000
2025-05-09,294.800000
2025-05-12,299.780000
2025-05-13,308.510000
2025-05-14,307.540000
2025-05-15,307.860000
2025-05-16,309.050000
2025-05-19,308.200000
2025-05-20,308.090000
2025-05-21,301.770000
2025-05-22,306.300000
2025-05-23,305.540000
2025-05-27,313.090000
2025-05-28,312.390000
2025-05-29,314.930000
2025-05-30,315.550000
2025-06-02,317.280000
2025-06-03,316.620000
2025-06-04,318.890000
2025-06-05,320.500000
2025-06-06,324.330000
2025-06-09,324.350000
2025-06-10,325.220000
2025-06-11,325.040000
2025-06-12,325.140000
2025-06-13,317.850000
2025-06-16,324.300000
2025-06-17,320.410000
2025-06-18,321.800000
2025-06-20,321.390000
2025-06-23,323.810000
2025-06-24,325.950000
2025-06-25,322.470000
2025-06-26,326.210000
2025-06-27,329.950000
2025-06-30,332.170000
2025-07-01,338.610000
2025-07-02,342.740000
2025-07-03,347.070000
2025-07-07,338.930000
2025-07-08,338.150000
2025-07-09,340.260000
2025-07-10,344.950000
2025-07-11,343.070000
2025-07-14,343.170000
2025-07-15,346.590000
2025-07-16,351.670000
2025-07-17,356.490000
2025-07-18,356.000000
2025-07-21,350.710000
2025-07-22,353.620000
2025-07-23,357.990000
2025-07-24,357.010000
2025-07-25,358.520000
2025-07-28,356.030000
2025-07-29,353.900000
2025-07-30,351.190000
2025-07-31,351.710000
2025-08-01,344.500000
2025-08-04,350.160000
2025-08-05,346.000000
2025-08-06,328.670000
2025-08-07,332.590000
2025-08-08,333.230000
2025-08-11,329.760000
2025-08-12,339.750000
2025-08-13,349.010000
2025-08-14,347.510000
2025-08-15,342.280000
2025-08-18,342.820000
2025-08-19,343.510000
2025-08-20,339.620000
2025-08-21,339.520000
2025-08-22,351.190000
2025-08-25,349.970000
2025-08-26,355.670000
2025-08-27,349.200000
2025-08-28,349.130000
2025-08-29,343.430000
2025-09-02,337.840000
2025-09-03,338.660000
2025-09-04,341.860000
2025-09-05,339.760000
2025-09-08,344.670000
2025-09-09,342.950000
2025-09-10,339.390000
2025-09-11,350.540000
2025-09-12,344.930000
2025-09-15,346.440000
2025-09-16,342.260000
2025-09-17,344.660000
2025-09-18,348.560000
2025-09-19,347.820000
2025-09-22,345.360000
2025-09-23,342.730000
2025-09-24,342.480000
2025-09-25,340.030000
2025-09-26,343.580000
2025-09-29,344.530000
2025-09-30,349.530000
2025-10-01,349.320000
2025-10-02,348.690000
2025-10-03,349.400000
2025-10-06,348.570000
2025-10-07,344.220000
2025-10-08,348.110000
2025-10-09,342.800000
2025-10-10,333.750000
2025-10-13,339.200000
2025-10-14,344.010000
2025-10-15,352.090000
2025-10-16,348.020000
2025-10-17,347.660000
2025-10-20,352.790000
2025-10-21,354.160000
2025-10-22,350.300000
2025-10-23,357.160000
2025-10-24,356.480000
2025-10-27,361.530000
2025-10-28,361.980000
2025-10-29,368.150000
2025-10-30,365.660000
2025-10-31,368.360000
2025-11-03,364.540000
2025-11-04,359.850000
2025-11-05,362.600000
2025-11-06,372.500000
2025-11-07,373.490000
2025-11-10,391.240000
2025-11-11,392.080000
2025-11-12,394.540000
2025-11-13,379.690000
2025-11-14,377.130000
2025-11-17,370.100000
2025-11-18,366.010000
2025-11-19,372.480000
2025-11-20,368.700000
2025-11-21,378.730000
2025-11-24,384.370000
2025-11-25,391.300000
2025-11-26,393.990000
2025-11-28,395.860000
2025-12-01,389.960000
2025-12-02,391.200000
2025-12-03,400.370000
2025-12-04,403.890000
2025-12-05,404.290000
2025-12-08,402.220000
2025-12-09,400.610000
2025-12-10,410.230000
2025-12-11,413.050000
2025-12-12,405.180000
2025-12-15,401.650000
2025-12-16,401.080000
2025-12-17,389.540000
2025-12-18,391.620000
2025-12-19,395.870000
2025-12-22,398.600000
2025-12-23,398.840000
2025-12-24,398.220000
2025-12-26,399.790000
2025-12-29,396.480000
2025-12-30,393.680000
2025-12-31,389.070000
2026-01-02,398.550000
2026-01-05,404.730000
2026-01-06,413.360000
2026-01-07,409.340000
2026-01-08,403.660000
2026-01-09,410.530000
2026-01-12,414.130000
2026-01-13,416.880000
2026-01-14,417.210000
2026-01-15,421.130000
2026-01-16,415.520000
2026-01-20,404.000000
2026-01-21,420.300000
2026-01-22,425.320000
2026-01-23,417.840000
2026-01-26,420.400000
2026-01-27,419.750000
2026-01-28,414.900000
2026-01-29,426.730000
2026-01-30,421.650000
2026-02-02,429.150000
2026-02-03,430.310000
2026-02-04,429.840000
2026-02-05,406.700000
2026-02-06,415.020000
2026-02-09,410.660000
2026-02-10,412.600000
2026-02-11,406.770000
2026-02-12,382.000000
2026-02-13,394.370000
2026-02-17,388.470000
2026-02-18,396.460000
2026-02-19,395.380000
2026-02-20,398.790000
2026-02-23,387.630000
2026-02-24,405.300000
2026-02-25,402.380000
2026-02-26,411.300000
2026-02-27,407.450000
2026-03-02,412.150000
2026-03-03,398.500000
2026-03-04,383.350000
2026-03-05,378.500000
2026-03-06,369.830000
2026-03-09,375.550000
2026-03-10,374.070000
2026-03-11,373.250000
2026-03-12,358.200000
2026-03-13,360.930000
2026-03-16,364.050000
2026-03-17,357.390000
2026-03-18,355.110000
2026-03-19,355.730000
2026-03-20,355.110000
2026-03-23,357.830000
2026-03-24,361.220000
2026-03-25,360.650000
2026-03-26,354.820000
2026-03-27,351.500000
2026-03-30,348.510000
2026-03-31,358.880000
2026-04-01,368.920000
2026-04-02,365.020000
2026-04-06,367.180000
2026-04-07,369.370000
2026-04-08,389.970000
2026-04-09,394.900000
2026-04-10,396.000000
2026-04-13,407.780000
2026-04-14,405.270000
2026-04-15,397.400000
2026-04-16,402.810000
2026-04-17,415.730000
2026-04-20,413.700000
2026-04-21,410.040000
2026-04-22,407.020000
2026-04-23,408.910000
2026-04-24,401.180000
2026-04-27,406.920000
2026-04-28,401.290000
2026-04-29,400.200000
2026-04-30,408.910000
2026-05-01,407.430000
2026-05-04,400.310000
2026-05-05,435.930000
2026-05-06,459.350000
2026-05-07,448.550000
2026-05-08,453.890000
2026-05-11,456.660000
2026-05-12,455.080000
2026-05-13,454.990000
2026-05-14,456.540000
2026-05-15,448.740000
2026-05-18,436.360000
2026-05-19,422.290000
2026-05-20,436.230000
2026-05-21,440.250000
2026-05-22,452.290000
2026-05-26,456.300000
2026-05-27,456.080000
2026-05-28,454.800000
2026-05-29,451.060000
2026-06-01,456.710000
2026-06-02,463.410000
2026-06-03,461.730000
2026-06-04,462.240000
2026-06-05,446.710000
2026-06-08,451.660000
2026-06-09,460.470000
2026-06-10,440.070000
2026-06-11,457.590000
2026-06-12,459.340000
2026-06-15,463.570000
2026-06-16,466.310000
2026-06-17,458.690000
2026-06-18,473.790000
2026-06-22,478.080000
2026-06-23,456.360000
2026-06-24,460.370000
2026-06-25,479.390000
2026-06-26,476.820000
2026-06-29,482.330000
2026-06-30,495.080000
2026-07-01,482.820000
2026-07-02,471.700000
2026-07-06,482.870000
2026-07-07,468.900000
2026-07-08,463.610000
2026-07-09,467.480000
2026-07-10,472.120000
2026-07-13,460.450000
2026-07-14,469.770000
2026-07-15,461.920000
2026-07-16,468.670000
2026-07-17,461.850000
2026-07-20,458.710000
2026-07-21,464.820000
2026-07-22,458.200000
2026-07-23,460.650000
2026-07-24,462.160000
2026-07-27,466.000000
2026-07-28,471.170000
2026-07-29,459.390000
2026-07-30,471.010000
2026-07-31,480.080000
2026-08-03,480.980000
2026-08-04,445.230000
2026-08-05,450.050000
2026-08-06,441.800000
2026-08-07,441.040000
2026-08-10,435.220000
2026-08-11,447.000000
2026-08-12,451.390000
2026-08-13,445.510000
2026-08-14,449.370000
2026-08-17,444.600000
2026-08-18,433.670000
2026-08-19,433.270000
2026-08-20,431.450000
2026-08-21,437.080000
2026-08-24,429.690000
2026-08-25,429.400000
2026-08-26,431.750000
2026-08-27,433.000000
