d,c
2009-01-02,24.610000
2009-01-05,24.590000
2009-01-06,25.490000
2009-01-07,24.720000
2009-01-08,23.650000
2009-01-09,23.520000
2009-01-12,22.850000
2009-01-13,22.820000
2009-01-14,22.220000
2009-01-15,21.780000
2009-01-16,21.440000
2009-01-20,20.130000
2009-01-21,20.780000
2009-01-22,20.670000
2009-01-23,20.310000
2009-01-26,20.060000
2009-01-27,20.760000
2009-01-28,22.730000
2009-01-29,22.440000
2009-01-30,21.990000
2009-02-02,22.850000
2009-02-03,23.310000
2009-02-04,23.440000
2009-02-05,24.030000
2009-02-06,25.000000
2009-02-09,25.340000
2009-02-10,24.480000
2009-02-11,24.650000
2009-02-12,24.700000
2009-02-13,23.870000
2009-02-17,22.680000
2009-02-18,22.560000
2009-02-19,22.330000
2009-02-20,21.160000
2009-02-23,19.930000
2009-02-24,20.620000
2009-02-25,19.970000
2009-02-26,19.990000
2009-02-27,19.730000
2009-03-02,17.950000
2009-03-03,18.160000
2009-03-04,18.830000
2009-03-05,17.890000
2009-03-06,17.640000
2009-03-09,17.390000
2009-03-10,18.870000
2009-03-11,19.540000
2009-03-12,20.000000
2009-03-13,19.700000
2009-03-16,19.400000
2009-03-17,20.010000
2009-03-18,20.050000
2009-03-19,19.640000
2009-03-20,18.910000
2009-03-23,21.250000
2009-03-24,22.890000
2009-03-25,23.050000
2009-03-26,25.050000
2009-03-27,24.710000
2009-03-30,22.670000
2009-03-31,22.870000
2009-04-01,22.990000
2009-04-02,24.160000
2009-04-03,24.410000
2009-04-06,24.090000
2009-04-07,22.900000
2009-04-08,23.420000
2009-04-09,24.600000
2009-04-13,25.030000
2009-04-14,24.640000
2009-04-15,25.560000
2009-04-16,27.750000
2009-04-17,29.470000
2009-04-20,27.630000
2009-04-21,28.250000
2009-04-22,27.960000
2009-04-23,27.800000
2009-04-24,29.070000
2009-04-27,29.030000
2009-04-28,28.140000
2009-04-29,29.970000
2009-04-30,30.150000
2009-05-01,30.610000
2009-05-04,30.590000
2009-05-05,31.900000
2009-05-06,33.170000
2009-05-07,32.910000
2009-05-08,33.710000
2009-05-11,32.980000
2009-05-12,32.230000
2009-05-13,29.890000
2009-05-14,30.500000
2009-05-15,30.120000
2009-05-18,32.130000
2009-05-19,32.410000
2009-05-20,32.430000
2009-05-21,30.720000
2009-05-22,30.840000
2009-05-26,32.150000
2009-05-27,30.550000
2009-05-28,30.150000
2009-05-29,30.090000
2009-06-01,32.130000
2009-06-02,32.080000
2009-06-03,31.040000
2009-06-04,30.750000
2009-06-05,30.750000
2009-06-08,30.950000
2009-06-09,31.730000
2009-06-10,31.710000
2009-06-11,31.910000
2009-06-12,31.990000
2009-06-15,30.540000
2009-06-16,29.600000
2009-06-17,30.110000
2009-06-18,30.100000
2009-06-19,29.690000
2009-06-22,28.340000
2009-06-23,29.200000
2009-06-24,29.410000
2009-06-25,29.720000
2009-06-26,29.600000
2009-06-29,30.090000
2009-06-30,30.110000
2009-07-01,30.630000
2009-07-02,29.380000
2009-07-06,29.690000
2009-07-07,28.870000
2009-07-08,29.830000
2009-07-09,30.000000
2009-07-10,30.080000
2009-07-13,30.480000
2009-07-14,30.870000
2009-07-15,32.080000
2009-07-16,32.380000
2009-07-17,32.360000
2009-07-20,33.030000
2009-07-21,32.550000
2009-07-22,33.290000
2009-07-23,32.720000
2009-07-24,32.530000
2009-07-27,33.160000
2009-07-28,33.100000
2009-07-29,32.230000
2009-07-30,31.500000
2009-07-31,31.350000
2009-08-03,31.540000
2009-08-04,31.090000
2009-08-05,30.420000
2009-08-06,29.860000
2009-08-07,30.040000
2009-08-10,30.070000
2009-08-11,29.340000
2009-08-12,29.850000
2009-08-13,29.000000
2009-08-14,28.600000
2009-08-17,27.900000
2009-08-18,28.170000
2009-08-19,28.840000
2009-08-20,29.050000
2009-08-21,29.670000
2009-08-24,30.710000
2009-08-25,31.030000
2009-08-26,32.150000
2009-08-27,32.980000
2009-08-28,33.610000
2009-08-31,33.610000
2009-09-01,33.260000
2009-09-02,32.310000
2009-09-03,29.010000
2009-09-04,29.100000
2009-09-08,27.000000
2009-09-09,27.060000
2009-09-10,27.590000
2009-09-11,27.700000
2009-09-14,27.550000
2009-09-15,27.190000
2009-09-16,28.200000
2009-09-17,27.030000
2009-09-18,26.810000
2009-09-21,26.010000
2009-09-22,26.310000
2009-09-23,25.870000
2009-09-24,24.180000
2009-09-25,23.670000
2009-09-28,24.330000
2009-09-29,26.110000
2009-09-30,25.140000
2009-10-01,25.380000
2009-10-02,24.620000
2009-10-05,25.270000
2009-10-06,25.980000
2009-10-07,26.140000
2009-10-08,27.310000
2009-10-09,27.280000
2009-10-12,28.430000
2009-10-13,28.320000
2009-10-14,29.230000
2009-10-15,29.580000
2009-10-16,29.580000
2009-10-19,30.540000
2009-10-20,30.530000
2009-10-21,29.840000
2009-10-22,30.620000
2009-10-23,30.490000
2009-10-26,29.470000
2009-10-27,29.130000
2009-10-28,29.220000
2009-10-29,30.090000
2009-10-30,28.780000
2009-11-02,28.520000
2009-11-03,28.730000
2009-11-04,28.660000
2009-11-05,29.460000
2009-11-06,29.320000
2009-11-09,30.360000
2009-11-10,29.790000
2009-11-11,30.300000
2009-11-12,30.720000
2009-11-13,31.060000
2009-11-16,31.870000
2009-11-17,31.850000
2009-11-18,31.910000
2009-11-19,31.730000
2009-11-20,30.990000
2009-11-23,30.940000
2009-11-24,30.840000
2009-11-25,31.230000
2009-11-27,30.450000
2009-11-30,29.960000
2009-12-01,30.320000
2009-12-02,30.340000
2009-12-03,30.060000
2009-12-04,31.930000
2009-12-07,32.560000
2009-12-08,32.730000
2009-12-09,32.920000
2009-12-10,33.590000
2009-12-11,34.820000
2009-12-14,34.570000
2009-12-15,34.550000
2009-12-16,34.470000
2009-12-17,34.390000
2009-12-18,34.240000
2009-12-21,33.990000
2009-12-22,33.640000
2009-12-23,34.110000
2009-12-24,34.320000
2009-12-28,33.840000
2009-12-29,33.570000
2009-12-30,34.100000
2009-12-31,33.510000
2010-01-04,33.610000
2010-01-05,33.640000
2010-01-06,33.340000
2010-01-07,34.080000
2010-01-08,33.950000
2010-01-11,33.760000
2010-01-12,33.250000
2010-01-13,33.380000
2010-01-14,33.340000
2010-01-15,33.230000
2010-01-19,33.450000
2010-01-20,33.680000
2010-01-21,33.340000
2010-01-22,33.260000
2010-01-25,33.400000
2010-01-26,34.230000
2010-01-27,35.710000
2010-01-28,35.560000
2010-01-29,35.450000
2010-02-01,35.440000
2010-02-02,35.550000
2010-02-03,35.550000
2010-02-04,34.370000
2010-02-05,34.220000
2010-02-08,33.650000
2010-02-09,34.010000
2010-02-10,33.570000
2010-02-11,34.070000
2010-02-12,34.170000
2010-02-16,34.500000
2010-02-17,34.750000
2010-02-18,35.010000
2010-02-19,35.330000
2010-02-22,34.800000
2010-02-23,34.300000
2010-02-24,34.572000
2010-02-25,34.170000
2010-02-26,34.200000
2010-03-01,34.320000
2010-03-02,34.320000
2010-03-03,34.290000
2010-03-04,34.490000
2010-03-05,35.280000
2010-03-08,35.470000
2010-03-09,35.300000
2010-03-10,35.040000
2010-03-11,35.100000
2010-03-12,35.050000
2010-03-15,35.290000
2010-03-16,35.330000
2010-03-17,35.780000
2010-03-18,36.100000
2010-03-19,35.770000
2010-03-22,35.930000
2010-03-23,36.040000
2010-03-24,35.870000
2010-03-25,35.710000
2010-03-26,35.620000
2010-03-29,35.630000
2010-03-30,35.840000
2010-03-31,35.650000
2010-04-01,35.600000
2010-04-05,35.610000
2010-04-06,35.510000
2010-04-07,35.390000
2010-04-08,35.390000
2010-04-09,35.810000
2010-04-12,36.030000
2010-04-13,36.340000
2010-04-14,36.820000
2010-04-15,36.550000
2010-04-16,34.760000
2010-04-19,34.580000
2010-04-20,34.730000
2010-04-21,34.430000
2010-04-22,33.230000
2010-04-23,33.250000
2010-04-26,33.880000
2010-04-27,33.650000
2010-04-28,33.220000
2010-04-29,34.120000
2010-04-30,33.720000
2010-05-03,33.790000
2010-05-04,32.670000
2010-05-05,31.910000
2010-05-06,30.390000
2010-05-07,30.280000
2010-05-10,29.150000
2010-05-11,30.060000
2010-05-12,29.960000
2010-05-13,29.230000
2010-05-14,28.980000
2010-05-17,29.400000
2010-05-18,28.950000
2010-05-19,29.270000
2010-05-20,28.070000
2010-05-21,28.410000
2010-05-24,28.280000
2010-05-25,27.990000
2010-05-26,27.990000
2010-05-27,28.500000
2010-05-28,27.800000
2010-06-01,27.020000
2010-06-02,28.040000
2010-06-03,28.010000
2010-06-04,27.340000
2010-06-07,27.450000
2010-06-08,28.210000
2010-06-09,27.920000
2010-06-10,28.860000
2010-06-11,28.870000
2010-06-14,28.680000
2010-06-15,30.320000
2010-06-16,30.770000
2010-06-17,30.000000
2010-06-18,30.100000
2010-06-21,29.970000
2010-06-22,29.720000
2010-06-23,30.450000
2010-06-24,30.250000
2010-06-25,29.740000
2010-06-28,29.850000
2010-06-29,29.390000
2010-06-30,28.140000
2010-07-01,28.130000
2010-07-02,27.800000
2010-07-06,27.700000
2010-07-07,27.720000
2010-07-08,29.540000
2010-07-09,29.490000
2010-07-12,29.780000
2010-07-13,30.670000
2010-07-14,30.400000
2010-07-15,30.570000
2010-07-16,29.330000
2010-07-19,29.650000
2010-07-20,29.780000
2010-07-21,29.220000
2010-07-22,30.710000
2010-07-23,29.660000
2010-07-26,30.640000
2010-07-27,30.680000
2010-07-28,30.200000
2010-07-29,30.120000
2010-07-30,30.690000
2010-08-02,31.210000
2010-08-03,30.520000
2010-08-04,30.750000
2010-08-05,30.790000
2010-08-06,30.580000
2010-08-09,31.120000
2010-08-10,31.090000
2010-08-11,30.040000
2010-08-12,29.350000
2010-08-13,29.030000
2010-08-16,28.660000
2010-08-17,29.050000
2010-08-18,29.240000
2010-08-19,28.770000
2010-08-20,28.180000
2010-08-23,27.980000
2010-08-24,27.930000
2010-08-25,27.870000
2010-08-26,27.860000
2010-08-27,28.350000
2010-08-30,27.640000
2010-08-31,27.650000
2010-09-01,28.500000
2010-09-02,29.350000
2010-09-03,29.680000
2010-09-07,29.030000
2010-09-08,29.120000
2010-09-09,29.380000
2010-09-10,30.240000
2010-09-13,30.450000
2010-09-14,30.460000
2010-09-15,30.290000
2010-09-16,30.430000
2010-09-17,30.550000
2010-09-20,31.350000
2010-09-21,31.810000
2010-09-22,32.020000
2010-09-23,32.080000
2010-09-24,33.180000
2010-09-27,32.840000
2010-09-28,33.010000
2010-09-29,33.110000
2010-09-30,33.060000
2010-10-01,32.990000
2010-10-04,32.970000
2010-10-05,33.640000
2010-10-06,33.630000
2010-10-07,33.790000
2010-10-08,34.330000
2010-10-11,34.550000
2010-10-12,34.730000
2010-10-13,35.340000
2010-10-14,35.370000
2010-10-15,35.540000
2010-10-18,35.520000
2010-10-19,34.990000
2010-10-20,36.030000
2010-10-21,36.330000
2010-10-22,36.400000
2010-10-25,36.560000
2010-10-26,37.320000
2010-10-27,37.350000
2010-10-28,37.530000
2010-10-29,37.650000
2010-11-01,37.590000
2010-11-02,37.990000
2010-11-03,37.830000
2010-11-04,38.840000
2010-11-05,39.310000
2010-11-08,38.640000
2010-11-09,37.970000
2010-11-10,37.610000
2010-11-11,37.180000
2010-11-12,36.600000
2010-11-15,36.490000
2010-11-16,35.610000
2010-11-17,35.330000
2010-11-18,35.180000
2010-11-19,35.130000
2010-11-22,35.010000
2010-11-23,34.140000
2010-11-24,34.660000
2010-11-26,34.310000
2010-11-29,34.390000
2010-11-30,34.490000
2010-12-01,35.030000
2010-12-02,35.650000
2010-12-03,35.690000
2010-12-06,35.790000
2010-12-07,35.910000
2010-12-08,35.990000
2010-12-09,36.050000
2010-12-10,35.980000
2010-12-13,36.160000
2010-12-14,36.210000
2010-12-15,36.400000
2010-12-16,36.560000
2010-12-17,36.300000
2010-12-20,36.240000
2010-12-21,36.060000
2010-12-22,36.290000
2010-12-23,36.260000
2010-12-27,36.230000
2010-12-28,36.280000
2010-12-29,36.660000
2010-12-30,36.370000
2010-12-31,36.410000
2011-01-04,36.840000
2011-01-05,37.500000
2011-01-06,37.850000
2011-01-07,37.740000
2011-01-10,37.700000
2011-01-11,37.450000
2011-01-12,37.590000
2011-01-13,37.330000
2011-01-14,37.500000
2011-01-18,37.970000
2011-01-19,37.510000
2011-01-20,37.620000
2011-01-21,37.640000
2011-01-24,38.530000
2011-01-25,38.410000
2011-01-26,38.940000
2011-01-27,38.990000
2011-01-28,38.270000
2011-01-31,38.980000
2011-02-01,36.920000
2011-02-02,36.750000
2011-02-03,36.960000
2011-02-04,36.580000
2011-02-07,36.820000
2011-02-08,37.130000
2011-02-09,37.200000
2011-02-10,37.240000
2011-02-11,37.450000
2011-02-14,37.930000
2011-02-15,37.750000
2011-02-16,38.070000
2011-02-17,38.230000
2011-02-18,38.850000
2011-02-22,38.040000
2011-02-23,37.600000
2011-02-24,37.660000
2011-02-25,38.070000
2011-02-28,38.680000
2011-03-01,37.640000
2011-03-02,38.090000
2011-03-03,38.960000
2011-03-04,38.130000
2011-03-07,37.540000
2011-03-08,37.880000
2011-03-09,38.130000
2011-03-10,37.570000
2011-03-11,37.540000
2011-03-14,37.070000
2011-03-15,37.020000
2011-03-16,36.500000
2011-03-17,37.240000
2011-03-18,37.950000
2011-03-21,38.900000
2011-03-22,38.550000
2011-03-23,38.640000
2011-03-24,38.550000
2011-03-25,38.530000
2011-03-28,38.570000
2011-03-29,40.050000
2011-03-30,40.110000
2011-03-31,39.400000
2011-04-01,39.190000
2011-04-04,39.140000
2011-04-05,39.180000
2011-04-06,39.580000
2011-04-07,39.440000
2011-04-08,38.970000
2011-04-11,39.100000
2011-04-12,38.990000
2011-04-13,39.160000
2011-04-14,38.630000
2011-04-15,39.310000
2011-04-18,38.870000
2011-04-19,39.120000
2011-04-20,39.350000
2011-04-21,39.800000
2011-04-25,39.590000
2011-04-26,39.150000
2011-04-27,39.090000
2011-04-28,40.210000
2011-04-29,40.470000
2011-05-02,40.380000
2011-05-03,40.400000
2011-05-04,40.760000
2011-05-05,40.790000
2011-05-06,41.090000
2011-05-09,41.600000
2011-05-10,41.990000
2011-05-11,41.590000
2011-05-12,42.190000
2011-05-13,42.080000
2011-05-16,42.260000
2011-05-17,42.490000
2011-05-18,43.220000
2011-05-19,43.260000
2011-05-20,42.800000
2011-05-23,42.340000
2011-05-24,42.090000
2011-05-25,42.250000
2011-05-26,42.100000
2011-05-27,42.200000
2011-05-31,42.470000
2011-06-01,41.170000
2011-06-02,41.320000
2011-06-03,41.180000
2011-06-06,41.040000
2011-06-07,41.550000
2011-06-08,40.850000
2011-06-09,41.380000
2011-06-10,40.840000
2011-06-13,40.750000
2011-06-14,41.790000
2011-06-15,41.100000
2011-06-16,41.080000
2011-06-17,39.610000
2011-06-20,40.170000
2011-06-21,40.660000
2011-06-22,40.300000
2011-06-23,40.070000
2011-06-24,39.510000
2011-06-27,40.120000
2011-06-28,40.560000
2011-06-29,41.300000
2011-06-30,41.910000
2011-07-01,42.400000
2011-07-05,42.310000
2011-07-06,42.720000
2011-07-07,43.040000
2011-07-08,42.380000
2011-07-11,41.800000
2011-07-12,41.750000
2011-07-13,42.550000
2011-07-14,42.260000
2011-07-15,42.340000
2011-07-18,42.150000
2011-07-19,43.100000
2011-07-20,43.040000
2011-07-21,44.250000
2011-07-22,43.920000
2011-07-25,43.900000
2011-07-26,43.960000
2011-07-27,43.070000
2011-07-28,42.650000
2011-07-29,41.600000
2011-08-01,41.410000
2011-08-02,44.430000
2011-08-03,44.650000
2011-08-04,43.200000
2011-08-05,41.720000
2011-08-08,38.120000
2011-08-09,37.560000
2011-08-10,35.350000
2011-08-11,36.920000
2011-08-12,37.770000
2011-08-15,39.000000
2011-08-16,38.810000
2011-08-17,40.050000
2011-08-18,37.150000
2011-08-19,37.000000
2011-08-22,37.040000
2011-08-23,38.690000
2011-08-24,41.300000
2011-08-25,40.300000
2011-08-26,40.590000
2011-08-29,42.320000
2011-08-30,42.200000
2011-08-31,42.110000
2011-09-01,41.550000
2011-09-02,40.620000
2011-09-06,40.100000
2011-09-07,41.110000
2011-09-08,40.440000
2011-09-09,38.720000
2011-09-12,40.260000
2011-09-13,41.500000
2011-09-14,43.450000
2011-09-15,44.560000
2011-09-16,45.290000
2011-09-19,45.440000
2011-09-20,45.250000
2011-09-21,43.350000
2011-09-22,42.640000
2011-09-23,42.930000
2011-09-26,43.200000
2011-09-27,43.640000
2011-09-28,43.100000
2011-09-29,42.310000
2011-09-30,41.000000
2011-10-03,39.940000
2011-10-04,41.100000
2011-10-05,40.880000
2011-10-06,41.920000
2011-10-07,41.830000
2011-10-10,43.330000
2011-10-11,43.710000
2011-10-12,44.230000
2011-10-13,44.220000
2011-10-14,44.970000
2011-10-17,43.820000
2011-10-18,44.240000
2011-10-19,43.070000
2011-10-20,42.910000
2011-10-21,44.620000
2011-10-24,44.700000
2011-10-25,43.230000
2011-10-26,43.310000
2011-10-27,44.310000
2011-10-28,43.360000
2011-10-31,42.500000
2011-11-01,41.680000
2011-11-02,41.990000
2011-11-03,42.050000
2011-11-04,42.490000
2011-11-07,42.560000
2011-11-08,43.240000
2011-11-09,41.820000
2011-11-10,42.300000
2011-11-11,43.220000
2011-11-14,42.590000
2011-11-15,43.780000
2011-11-16,43.410000
2011-11-17,42.860000
2011-11-18,43.160000
2011-11-21,43.450000
2011-11-22,43.440000
2011-11-23,40.700000
2011-11-25,40.540000
2011-11-28,41.200000
2011-11-29,41.090000
2011-11-30,42.700000
2011-12-01,42.800000
2011-12-02,43.220000
2011-12-05,43.470000
2011-12-06,42.750000
2011-12-07,42.140000
2011-12-08,41.890000
2011-12-09,43.210000
2011-12-12,43.430000
2011-12-13,42.540000
2011-12-14,42.280000
2011-12-15,42.470000
2011-12-16,42.750000
2011-12-19,42.270000
2011-12-20,43.450000
2011-12-21,43.660000
2011-12-22,44.360000
2011-12-23,45.150000
2011-12-27,45.570000
2011-12-28,44.530000
2011-12-29,45.350000
2011-12-30,44.970000
2012-01-03,45.670000
2012-01-04,45.160000
2012-01-05,45.940000
2012-01-06,46.010000
2012-01-09,46.260000
2012-01-10,47.750000
2012-01-11,46.350000
2012-01-12,46.020000
2012-01-13,46.090000
2012-01-17,45.390000
2012-01-18,46.040000
2012-01-19,46.390000
2012-01-20,46.260000
2012-01-23,46.360000
2012-01-24,46.530000
2012-01-25,47.390000
2012-01-26,46.850000
2012-01-27,46.900000
2012-01-30,46.310000
2012-01-31,46.000000
2012-02-01,45.810000
2012-02-02,46.010000
2012-02-03,46.390000
2012-02-06,45.950000
2012-02-07,45.950000
2012-02-08,45.950000
2012-02-09,45.730000
2012-02-10,45.520000
2012-02-13,45.890000
2012-02-14,45.500000
2012-02-15,45.570000
2012-02-16,46.140000
2012-02-17,45.970000
2012-02-21,45.680000
2012-02-22,45.730000
2012-02-23,45.970000
2012-02-24,46.030000
2012-02-27,46.700000
2012-02-28,46.810000
2012-02-29,46.540000
2012-03-01,46.560000
2012-03-02,46.230000
2012-03-05,46.390000
2012-03-06,45.750000
2012-03-07,45.810000
2012-03-08,46.330000
2012-03-09,46.600000
2012-03-12,46.810000
2012-03-13,47.200000
2012-03-14,46.830000
2012-03-15,47.020000
2012-03-16,47.540000
2012-03-19,47.250000
2012-03-20,47.280000
2012-03-21,47.150000
2012-03-22,46.410000
2012-03-23,47.180000
2012-03-26,47.310000
2012-03-27,47.510000
2012-03-28,47.160000
2012-03-29,47.580000
2012-03-30,48.470000
2012-04-02,48.680000
2012-04-03,48.820000
2012-04-04,48.750000
2012-04-05,48.990000
2012-04-09,48.690000
2012-04-10,47.850000
2012-04-11,48.290000
2012-04-12,49.030000
2012-04-13,48.570000
2012-04-16,48.290000
2012-04-17,49.020000
2012-04-18,49.610000
2012-04-19,49.270000
2012-04-20,49.530000
2012-04-23,49.100000
2012-04-24,47.700000
2012-04-25,47.960000
2012-04-26,48.810000
2012-04-27,49.240000
2012-04-30,49.170000
2012-05-01,49.400000
2012-05-02,49.320000
2012-05-03,49.250000
2012-05-04,48.700000
2012-05-07,48.610000
2012-05-08,47.690000
2012-05-09,47.220000
2012-05-10,47.400000
2012-05-11,47.290000
2012-05-14,46.570000
2012-05-15,46.420000
2012-05-16,45.890000
2012-05-17,44.610000
2012-05-18,44.510000
2012-05-21,44.690000
2012-05-22,44.980000
2012-05-23,44.880000
2012-05-24,44.760000
2012-05-25,44.540000
2012-05-29,44.440000
2012-05-30,43.820000
2012-05-31,43.380000
2012-06-01,42.760000
2012-06-04,42.870000
2012-06-05,42.980000
2012-06-06,43.620000
2012-06-07,43.790000
2012-06-08,43.520000
2012-06-11,42.860000
2012-06-12,43.430000
2012-06-13,42.630000
2012-06-14,42.500000
2012-06-15,42.500000
2012-06-18,43.030000
2012-06-19,43.660000
2012-06-20,43.520000
2012-06-21,42.770000
2012-06-22,43.150000
2012-06-25,42.400000
2012-06-26,43.070000
2012-06-27,43.890000
2012-06-28,43.590000
2012-06-29,45.000000
2012-07-02,45.180000
2012-07-03,45.690000
2012-07-05,45.980000
2012-07-06,45.210000
2012-07-09,44.780000
2012-07-10,44.700000
2012-07-11,44.660000
2012-07-12,44.540000
2012-07-13,46.210000
2012-07-16,46.490000
2012-07-17,47.220000
2012-07-18,47.670000
2012-07-19,47.480000
2012-07-20,46.990000
2012-07-23,46.060000
2012-07-24,45.510000
2012-07-25,44.990000
2012-07-26,46.140000
2012-07-27,47.030000
2012-07-30,46.940000
2012-07-31,46.960000
2012-08-01,46.680000
2012-08-02,46.840000
2012-08-03,48.420000
2012-08-06,48.450000
2012-08-07,49.410000
2012-08-08,49.080000
2012-08-09,48.710000
2012-08-10,49.190000
2012-08-13,49.480000
2012-08-14,49.560000
2012-08-15,49.080000
2012-08-16,49.120000
2012-08-17,49.110000
2012-08-20,48.890000
2012-08-21,48.850000
2012-08-22,49.520000
2012-08-23,49.510000
2012-08-24,49.570000
2012-08-27,49.740000
2012-08-28,49.940000
2012-08-29,50.790000
2012-08-30,51.050000
2012-08-31,51.200000
2012-09-04,51.480000
2012-09-05,51.790000
2012-09-06,52.860000
2012-09-07,52.910000
2012-09-10,52.750000
2012-09-11,52.940000
2012-09-12,53.340000
2012-09-13,53.830000
2012-09-14,53.510000
2012-09-17,53.910000
2012-09-18,53.600000
2012-09-19,53.600000
2012-09-20,54.410000
2012-09-21,54.500000
2012-09-24,54.660000
2012-09-25,54.060000
2012-09-26,54.180000
2012-09-27,54.810000
2012-09-28,54.590000
2012-10-01,54.730000
2012-10-02,54.810000
2012-10-03,54.930000
2012-10-04,55.230000
2012-10-05,55.830000
2012-10-08,55.610000
2012-10-09,55.150000
2012-10-10,55.130000
2012-10-11,55.470000
2012-10-12,55.360000
2012-10-15,55.820000
2012-10-16,56.090000
2012-10-17,55.880000
2012-10-18,55.800000
2012-10-19,56.090000
2012-10-22,55.670000
2012-10-23,54.710000
2012-10-24,54.690000
2012-10-25,54.910000
2012-10-26,56.030000
2012-10-31,55.280000
2012-11-01,56.500000
2012-11-02,54.430000
2012-11-05,52.240000
2012-11-06,52.850000
2012-11-07,51.900000
2012-11-08,51.110000
2012-11-09,50.770000
2012-11-12,51.260000
2012-11-13,51.270000
2012-11-14,50.240000
2012-11-15,50.150000
2012-11-16,50.730000
2012-11-19,50.970000
2012-11-20,51.320000
2012-11-21,51.350000
2012-11-23,51.940000
2012-11-26,51.890000
2012-11-27,51.770000
2012-11-28,51.410000
2012-11-29,51.710000
2012-11-30,53.110000
2012-12-03,53.440000
2012-12-04,53.210000
2012-12-05,53.510000
2012-12-06,54.270000
2012-12-07,56.530000
2012-12-10,56.560000
2012-12-11,56.650000
2012-12-12,56.050000
2012-12-13,54.940000
2012-12-14,53.980000
2012-12-17,54.590000
2012-12-18,54.520000
2012-12-19,54.570000
2012-12-20,54.900000
2012-12-21,54.040000
2012-12-24,53.900000
2012-12-26,53.790000
2012-12-27,53.610000
2012-12-28,53.230000
2012-12-31,54.670000
2013-01-02,55.720000
2013-01-03,55.280000
2013-01-04,55.100000
2013-01-07,55.180000
2013-01-08,54.900000
2013-01-09,54.750000
2013-01-10,54.300000
2013-01-11,53.870000
2013-01-14,54.590000
2013-01-15,54.520000
2013-01-16,53.710000
2013-01-17,54.000000
2013-01-18,54.340000
2013-01-22,54.280000
2013-01-23,55.690000
2013-01-24,56.940000
2013-01-25,56.980000
2013-01-28,56.870000
2013-01-29,57.180000
2013-01-30,57.380000
2013-01-31,57.520000
2013-02-01,58.340000
2013-02-04,50.300000
2013-02-05,44.920000
2013-02-06,44.610000
2013-02-07,43.810000
2013-02-08,42.670000
2013-02-11,44.280000
2013-02-12,44.030000
2013-02-13,44.330000
2013-02-14,44.860000
2013-02-15,44.950000
2013-02-19,46.020000
2013-02-20,45.900000
2013-02-21,45.850000
2013-02-22,46.040000
2013-02-25,45.550000
2013-02-26,45.870000
2013-02-27,46.720000
2013-02-28,46.550000
2013-03-01,47.260000
2013-03-04,47.140000
2013-03-05,48.190000
2013-03-06,47.930000
2013-03-07,47.730000
2013-03-08,47.560000
2013-03-11,48.590000
2013-03-12,48.450000
2013-03-13,49.350000
2013-03-14,48.870000
2013-03-15,48.900000
2013-03-18,48.390000
2013-03-19,47.790000
2013-03-20,48.530000
2013-03-21,48.590000
2013-03-22,48.370000
2013-03-25,50.030000
2013-03-26,50.340000
2013-03-27,50.460000
2013-03-28,52.080000
2013-04-01,51.550000
2013-04-02,51.820000
2013-04-03,51.270000
2013-04-04,51.370000
2013-04-05,51.540000
2013-04-08,51.930000
2013-04-09,51.420000
2013-04-10,51.930000
2013-04-11,51.820000
2013-04-12,51.800000
2013-04-15,51.230000
2013-04-16,52.010000
2013-04-17,51.810000
2013-04-18,51.480000
2013-04-19,51.850000
2013-04-22,52.000000
2013-04-23,51.930000
2013-04-24,51.810000
2013-04-25,51.550000
2013-04-26,52.000000
2013-04-29,53.450000
2013-04-30,54.110000
2013-05-01,54.010000
2013-05-02,53.850000
2013-05-03,54.430000
2013-05-06,54.280000
2013-05-07,54.610000
2013-05-08,54.990000
2013-05-09,54.740000
2013-05-10,55.690000
2013-05-13,55.180000
2013-05-14,55.600000
2013-05-15,55.920000
2013-05-16,55.500000
2013-05-17,55.700000
2013-05-20,54.990000
2013-05-21,55.570000
2013-05-22,54.700000
2013-05-23,54.030000
2013-05-24,53.450000
2013-05-28,54.400000
2013-05-29,54.090000
2013-05-30,55.210000
2013-05-31,54.550000
2013-06-03,55.000000
2013-06-04,54.620000
2013-06-05,53.800000
2013-06-06,54.070000
2013-06-07,54.740000
2013-06-10,54.820000
2013-06-11,54.450000
2013-06-12,54.540000
2013-06-13,55.070000
2013-06-14,54.730000
2013-06-17,55.050000
2013-06-18,56.080000
2013-06-19,55.510000
2013-06-20,54.570000
2013-06-21,54.410000
2013-06-24,53.200000
2013-06-25,53.040000
2013-06-26,53.150000
2013-06-27,53.270000
2013-06-28,53.190000
2013-07-01,54.060000
2013-07-02,53.990000
2013-07-03,54.280000
2013-07-05,54.870000
2013-07-08,55.690000
2013-07-09,55.510000
2013-07-10,55.890000
2013-07-11,57.560000
2013-07-12,57.440000
2013-07-15,58.800000
2013-07-16,57.560000
2013-07-17,57.580000
2013-07-18,57.950000
2013-07-19,58.490000
2013-07-22,59.000000
2013-07-23,57.860000
2013-07-24,59.480000
2013-07-25,60.100000
2013-07-26,60.500000
2013-07-29,59.790000
2013-07-30,60.280000
2013-07-31,61.860000
2013-08-01,62.610000
2013-08-02,62.760000
2013-08-05,63.010000
2013-08-06,63.340000
2013-08-07,62.880000
2013-08-08,62.950000
2013-08-09,62.760000
2013-08-12,62.710000
2013-08-13,63.570000
2013-08-14,61.530000
2013-08-15,60.300000
2013-08-16,60.660000
2013-08-19,60.000000
2013-08-20,60.150000
2013-08-21,59.250000
2013-08-22,60.010000
2013-08-23,60.000000
2013-08-26,60.170000
2013-08-27,58.460000
2013-08-28,58.680000
2013-08-29,58.610000
2013-08-30,58.370000
2013-09-03,59.920000
2013-09-04,59.800000
2013-09-05,59.850000
2013-09-06,60.030000
2013-09-09,61.180000
2013-09-10,61.950000
2013-09-11,62.220000
2013-09-12,62.030000
2013-09-13,61.740000
2013-09-16,63.010000
2013-09-17,64.490000
2013-09-18,64.750000
2013-09-19,65.420000
2013-09-20,65.680000
2013-09-23,65.580000
2013-09-24,66.030000
2013-09-25,65.480000
2013-09-26,66.000000
2013-09-27,65.920000
2013-09-30,65.590000
2013-10-01,67.030000
2013-10-02,66.650000
2013-10-03,65.790000
2013-10-04,66.030000
2013-10-07,65.870000
2013-10-08,65.550000
2013-10-09,66.000000
2013-10-10,67.900000
2013-10-11,67.850000
2013-10-14,67.890000
2013-10-15,67.210000
2013-10-16,68.770000
2013-10-17,69.220000
2013-10-18,68.930000
2013-10-21,69.790000
2013-10-22,70.650000
2013-10-23,70.770000
2013-10-24,71.420000
2013-10-25,71.350000
2013-10-28,70.430000
2013-10-29,71.700000
2013-10-30,70.610000
2013-10-31,69.680000
2013-11-01,71.080000
2013-11-04,71.320000
2013-11-05,71.030000
2013-11-06,70.870000
2013-11-07,69.870000
2013-11-08,71.420000
2013-11-11,71.530000
2013-11-12,71.170000
2013-11-13,71.230000
2013-11-14,72.290000
2013-11-15,72.120000
2013-11-18,72.840000
2013-11-19,73.560000
2013-11-20,73.290000
2013-11-21,73.750000
2013-11-22,74.280000
2013-11-25,73.820000
2013-11-26,73.700000
2013-11-27,74.580000
2013-11-29,74.500000
2013-12-02,74.280000
2013-12-03,73.400000
2013-12-04,73.940000
2013-12-05,73.700000
2013-12-06,74.730000
2013-12-09,74.290000
2013-12-10,73.810000
2013-12-11,71.960000
2013-12-12,72.010000
2013-12-13,72.200000
2013-12-16,73.660000
2013-12-17,72.840000
2013-12-18,74.250000
2013-12-19,73.820000
2013-12-20,76.000000
2013-12-23,76.230000
2013-12-24,76.740000
2013-12-26,77.190000
2013-12-27,77.470000
2013-12-30,77.580000
2013-12-31,78.200000
2014-01-02,77.750000
2014-01-03,77.540000
2014-01-06,77.380000
2014-01-07,78.060000
2014-01-08,77.940000
2014-01-09,78.150000
2014-01-10,78.040000
2014-01-13,76.630000
2014-01-14,77.560000
2014-01-15,77.320000
2014-01-16,76.440000
2014-01-17,76.750000
2014-01-21,76.550000
2014-01-22,76.560000
2014-01-23,75.090000
2014-01-24,73.270000
2014-01-27,73.830000
2014-01-28,75.170000
2014-01-29,74.980000
2014-01-30,76.770000
2014-01-31,76.040000
2014-02-03,74.390000
2014-02-04,77.020000
2014-02-05,76.900000
2014-02-06,77.350000
2014-02-07,79.970000
2014-02-10,79.340000
2014-02-11,80.410000
2014-02-12,81.540000
2014-02-13,81.910000
2014-02-14,81.530000
2014-02-18,81.250000
2014-02-19,80.500000
2014-02-20,80.640000
2014-02-21,80.220000
2014-02-24,80.150000
2014-02-25,79.990000
2014-02-26,79.560000
2014-02-27,79.690000
2014-02-28,79.660000
2014-03-03,78.390000
2014-03-04,80.230000
2014-03-05,80.840000
2014-03-06,81.530000
2014-03-07,81.700000
2014-03-10,82.040000
2014-03-11,80.940000
2014-03-12,81.910000
2014-03-13,79.830000
2014-03-14,79.550000
2014-03-17,80.270000
2014-03-18,79.340000
2014-03-19,78.830000
2014-03-20,77.430000
2014-03-21,76.870000
2014-03-24,75.750000
2014-03-25,75.950000
2014-03-26,75.470000
2014-03-27,74.530000
2014-03-28,75.010000
2014-03-31,76.300000
2014-04-01,77.810000
2014-04-02,76.910000
2014-04-03,76.370000
2014-04-04,75.170000
2014-04-07,74.850000
2014-04-08,75.040000
2014-04-09,76.600000
2014-04-10,73.410000
2014-04-11,71.980000
2014-04-14,72.980000
2014-04-15,73.380000
2014-04-16,75.430000
2014-04-17,76.670000
2014-04-21,76.510000
2014-04-22,76.710000
2014-04-23,76.720000
2014-04-24,75.990000
2014-04-25,75.050000
2014-04-28,75.070000
2014-04-29,74.050000
2014-04-30,73.930000
2014-05-01,74.070000
2014-05-02,74.070000
2014-05-05,75.630000
2014-05-06,76.190000
2014-05-07,76.070000
2014-05-08,77.570000
2014-05-09,78.690000
2014-05-12,79.470000
2014-05-13,79.100000
2014-05-14,77.510000
2014-05-15,76.400000
2014-05-16,77.980000
2014-05-19,78.540000
2014-05-20,77.570000
2014-05-21,78.640000
2014-05-22,79.640000
2014-05-23,79.580000
2014-05-27,81.040000
2014-05-28,81.320000
2014-05-29,81.680000
2014-05-30,81.770000
2014-06-02,82.380000
2014-06-03,81.520000
2014-06-04,81.440000
2014-06-05,82.320000
2014-06-06,83.690000
2014-06-09,84.230000
2014-06-10,84.410000
2014-06-11,84.700000
2014-06-12,83.900000
2014-06-13,83.360000
2014-06-16,82.770000
2014-06-17,82.530000
2014-06-18,83.030000
2014-06-19,82.800000
2014-06-20,82.710000
2014-06-23,82.980000
2014-06-24,82.950000
2014-06-25,82.560000
2014-06-26,82.710000
2014-06-27,83.200000
2014-06-30,83.030000
2014-07-01,83.800000
2014-07-02,83.800000
2014-07-03,84.500000
2014-07-07,83.400000
2014-07-08,82.650000
2014-07-09,82.300000
2014-07-10,81.660000
2014-07-11,82.010000
2014-07-14,82.880000
2014-07-15,83.290000
2014-07-16,82.630000
2014-07-17,81.420000
2014-07-18,82.540000
2014-07-21,81.780000
2014-07-22,82.530000
2014-07-23,83.110000
2014-07-24,81.630000
2014-07-25,81.870000
2014-07-28,82.000000
2014-07-29,80.980000
2014-07-30,81.660000
2014-07-31,80.220000
2014-08-01,79.270000
2014-08-04,79.650000
2014-08-05,78.460000
2014-08-06,78.260000
2014-08-07,77.950000
2014-08-08,78.550000
2014-08-11,78.700000
2014-08-12,78.200000
2014-08-13,78.960000
2014-08-14,79.300000
2014-08-15,79.450000
2014-08-18,79.950000
2014-08-19,79.370000
2014-08-20,79.100000
2014-08-21,79.470000
2014-08-22,78.710000
2014-08-25,79.780000
2014-08-26,80.300000
2014-08-27,80.590000
2014-08-28,80.870000
2014-08-29,81.130000
2014-09-02,81.950000
2014-09-03,82.500000
2014-09-04,83.860000
2014-09-05,84.550000
2014-09-08,85.200000
2014-09-09,84.190000
2014-09-10,85.250000
2014-09-11,85.560000
2014-09-12,85.920000
2014-09-15,85.510000
2014-09-16,86.060000
2014-09-17,86.180000
2014-09-18,86.560000
2014-09-19,86.130000
2014-09-22,85.320000
2014-09-23,84.650000
2014-09-24,85.270000
2014-09-25,84.100000
2014-09-26,84.930000
2014-09-29,84.810000
2014-09-30,84.450000
2014-10-01,82.710000
2014-10-02,83.250000
2014-10-03,82.900000
2014-10-06,82.560000
2014-10-07,81.450000
2014-10-08,83.670000
2014-10-09,80.880000
2014-10-10,79.180000
2014-10-13,77.780000
2014-10-14,77.520000
2014-10-15,76.600000
2014-10-16,76.420000
2014-10-17,79.550000
2014-10-20,80.280000
2014-10-21,81.780000
2014-10-22,82.100000
2014-10-23,82.900000
2014-10-24,84.050000
2014-10-27,84.620000
2014-10-28,85.700000
2014-10-29,87.520000
2014-10-30,89.360000
2014-10-31,90.480000
2014-11-03,90.240000
2014-11-04,89.620000
2014-11-05,90.540000
2014-11-06,89.990000
2014-11-07,89.940000
2014-11-10,90.600000
2014-11-11,89.410000
2014-11-12,90.510000
2014-11-13,90.700000
2014-11-14,91.130000
2014-11-17,91.270000
2014-11-18,92.360000
2014-11-19,91.080000
2014-11-20,90.870000
2014-11-21,91.990000
2014-11-24,92.440000
2014-11-25,92.800000
2014-11-26,93.150000
2014-11-28,93.460000
2014-12-01,92.920000
2014-12-02,93.120000
2014-12-03,93.030000
2014-12-04,93.360000
2014-12-05,93.710000
2014-12-08,91.800000
2014-12-09,91.810000
2014-12-10,91.550000
2014-12-11,90.730000
2014-12-12,88.520000
2014-12-15,87.990000
2014-12-16,86.560000
2014-12-17,88.550000
2014-12-18,90.840000
2014-12-19,90.050000
2014-12-22,90.500000
2014-12-23,90.360000
2014-12-24,90.700000
2014-12-26,89.920000
2014-12-29,90.040000
2014-12-30,90.160000
2014-12-31,88.980000
2015-01-02,88.660000
2015-01-05,87.090000
2015-01-06,85.830000
2015-01-07,86.970000
2015-01-08,87.750000
2015-01-09,87.000000
2015-01-12,85.760000
2015-01-13,90.890000
2015-01-14,88.900000
2015-01-15,88.290000
2015-01-16,90.770000
2015-01-20,90.960000
2015-01-21,90.700000
2015-01-22,91.680000
2015-01-23,91.820000
2015-01-26,92.210000
2015-01-27,91.390000
2015-01-28,89.040000
2015-01-29,90.290000
2015-01-30,89.440000
2015-02-02,90.300000
2015-02-03,93.980000
2015-02-04,94.840000
2015-02-05,95.880000
2015-02-06,97.550000
2015-02-09,96.900000
2015-02-10,97.810000
2015-02-11,98.160000
2015-02-12,102.190000
2015-02-13,102.190000
2015-02-17,103.200000
2015-02-18,105.010000
2015-02-19,104.880000
2015-02-20,104.630000
2015-02-23,104.130000
2015-02-24,104.010000
2015-02-25,103.680000
2015-02-26,103.490000
2015-02-27,103.100000
2015-03-02,103.490000
2015-03-03,103.620000
2015-03-04,102.550000
2015-03-05,102.800000
2015-03-06,101.430000
2015-03-09,103.470000
2015-03-10,101.550000
2015-03-11,102.560000
2015-03-12,104.970000
2015-03-13,104.290000
2015-03-16,105.870000
2015-03-17,106.990000
2015-03-18,107.730000
2015-03-19,107.510000
2015-03-20,108.590000
2015-03-23,106.500000
2015-03-24,105.320000
2015-03-25,103.780000
2015-03-26,104.190000
2015-03-27,103.820000
2015-03-30,105.310000
2015-03-31,103.400000
2015-04-01,104.910000
2015-04-02,104.460000
2015-04-06,104.510000
2015-04-07,103.780000
2015-04-08,104.450000
2015-04-09,105.250000
2015-04-10,105.110000
2015-04-13,105.400000
2015-04-14,103.820000
2015-04-15,103.620000
2015-04-16,103.110000
2015-04-17,102.860000
2015-04-20,103.590000
2015-04-21,103.560000
2015-04-22,104.250000
2015-04-23,105.260000
2015-04-24,106.230000
2015-04-27,105.290000
2015-04-28,105.670000
2015-04-29,105.660000
2015-04-30,104.300000
2015-05-01,104.220000
2015-05-04,105.730000
2015-05-05,104.930000
2015-05-06,103.980000
2015-05-07,104.940000
2015-05-08,106.630000
2015-05-11,107.570000
2015-05-12,106.080000
2015-05-13,104.970000
2015-05-14,105.800000
2015-05-15,105.700000
2015-05-18,107.220000
2015-05-19,107.440000
2015-05-20,106.700000
2015-05-21,106.870000
2015-05-22,105.850000
2015-05-26,104.740000
2015-05-27,105.490000
2015-05-28,105.340000
2015-05-29,103.750000
2015-06-01,103.750000
2015-06-02,103.680000
2015-06-03,103.590000
2015-06-04,102.090000
2015-06-05,102.040000
2015-06-08,101.420000
2015-06-09,101.910000
2015-06-10,103.420000
2015-06-11,104.440000
2015-06-12,103.700000
2015-06-15,103.530000
2015-06-16,103.950000
2015-06-17,104.040000
2015-06-18,105.400000
2015-06-19,104.740000
2015-06-22,105.850000
2015-06-23,105.130000
2015-06-24,103.950000
2015-06-25,103.320000
2015-06-26,103.600000
2015-06-29,100.610000
2015-06-30,100.450000
2015-07-01,101.450000
2015-07-02,102.080000
2015-07-06,101.610000
2015-07-07,101.240000
2015-07-08,100.270000
2015-07-09,100.890000
2015-07-10,103.160000
2015-07-13,103.750000
2015-07-14,104.380000
2015-07-15,104.640000
2015-07-16,105.280000
2015-07-17,104.780000
2015-07-20,105.860000
2015-07-21,105.940000
2015-07-22,106.390000
2015-07-23,106.500000
2015-07-24,105.580000
2015-07-27,99.590000
2015-07-28,98.400000
2015-07-29,101.480000
2015-07-30,102.840000
2015-07-31,101.750000
2015-08-03,101.220000
2015-08-04,101.090000
2015-08-05,101.600000
2015-08-06,100.600000
2015-08-07,100.720000
2015-08-10,103.350000
2015-08-11,102.220000
2015-08-12,101.430000
2015-08-13,101.190000
2015-08-14,101.700000
2015-08-17,102.760000
2015-08-18,102.550000
2015-08-19,102.570000
2015-08-20,100.300000
2015-08-21,96.480000
2015-08-24,92.610000
2015-08-25,93.190000
2015-08-26,96.270000
2015-08-27,99.090000
2015-08-28,99.450000
2015-08-31,96.990000
2015-09-01,92.770000
2015-09-02,93.660000
2015-09-03,93.740000
2015-09-04,93.180000
2015-09-08,96.160000
2015-09-09,93.110000
2015-09-10,93.540000
2015-09-11,94.570000
2015-09-14,92.790000
2015-09-15,94.900000
2015-09-16,94.660000
2015-09-17,94.060000
2015-09-18,92.220000
2015-09-21,92.700000
2015-09-22,91.240000
2015-09-23,91.130000
2015-09-24,89.200000
2015-09-25,89.140000
2015-09-28,85.530000
2015-09-29,85.400000
2015-09-30,86.500000
2015-10-01,88.390000
2015-10-02,89.320000
2015-10-05,90.390000
2015-10-06,89.160000
2015-10-07,88.910000
2015-10-08,89.580000
2015-10-09,89.740000
2015-10-12,90.230000
2015-10-13,90.230000
2015-10-14,90.920000
2015-10-15,93.100000
2015-10-16,92.650000
2015-10-19,93.060000
2015-10-20,93.030000
2015-10-21,91.940000
2015-10-22,93.160000
2015-10-23,95.390000
2015-10-26,94.870000
2015-10-27,93.950000
2015-10-28,93.980000
2015-10-29,94.260000
2015-10-30,92.640000
2015-11-02,92.250000
2015-11-03,97.710000
2015-11-04,97.300000
2015-11-05,97.590000
2015-11-06,98.670000
2015-11-09,96.270000
2015-11-10,96.180000
2015-11-11,96.980000
2015-11-12,95.680000
2015-11-13,94.700000
2015-11-16,95.300000
2015-11-17,95.200000
2015-11-18,95.750000
2015-11-19,96.390000
2015-11-20,96.890000
2015-11-23,95.990000
2015-11-24,96.880000
2015-11-25,96.880000
2015-11-27,96.850000
2015-11-30,96.470000
2015-12-01,97.470000
2015-12-02,97.420000
2015-12-03,95.750000
2015-12-04,98.330000
2015-12-07,97.020000
2015-12-08,95.840000
2015-12-09,94.450000
2015-12-10,95.060000
2015-12-11,92.670000
2015-12-14,94.410000
2015-12-15,95.120000
2015-12-16,96.520000
2015-12-17,95.320000
2015-12-18,93.860000
2015-12-21,95.160000
2015-12-22,95.900000
2015-12-23,97.980000
2015-12-24,97.490000
2015-12-28,97.470000
2015-12-29,100.000000
2015-12-30,99.860000
2015-12-31,98.580000
2016-01-04,94.800000
2016-01-05,95.120000
2016-01-06,94.080000
2016-01-07,91.120000
2016-01-08,88.510000
2016-01-11,88.470000
2016-01-12,88.720000
2016-01-13,84.370000
2016-01-14,84.900000
2016-01-15,83.220000
2016-01-19,83.330000
2016-01-20,82.510000
2016-01-21,81.770000
2016-01-22,85.500000
2016-01-25,83.870000
2016-01-26,84.360000
2016-01-27,83.510000
2016-01-28,82.380000
2016-01-29,85.020000
2016-02-01,84.140000
2016-02-02,81.680000
2016-02-03,80.770000
2016-02-04,87.000000
2016-02-05,85.760000
2016-02-08,83.370000
2016-02-09,83.590000
2016-02-10,84.770000
2016-02-11,82.260000
2016-02-12,85.520000
2016-02-16,87.320000
2016-02-17,88.870000
2016-02-18,87.820000
2016-02-19,87.950000
2016-02-22,89.450000
2016-02-23,87.200000
2016-02-24,88.460000
2016-02-25,90.110000
2016-02-26,89.300000
2016-02-29,89.740000
2016-03-01,92.260000
2016-03-02,92.520000
2016-03-03,94.320000
2016-03-04,95.060000
2016-03-07,94.140000
2016-03-08,93.950000
2016-03-09,93.250000
2016-03-10,92.910000
2016-03-11,95.130000
2016-03-14,93.840000
2016-03-15,93.130000
2016-03-16,94.600000
2016-03-17,95.950000
2016-03-18,97.790000
2016-03-21,96.200000
2016-03-22,97.200000
2016-03-23,97.220000
2016-03-24,96.390000
2016-03-28,97.390000
2016-03-29,99.460000
2016-03-30,98.940000
2016-03-31,98.980000
2016-04-01,99.300000
2016-04-04,98.190000
2016-04-05,96.380000
2016-04-06,97.710000
2016-04-07,96.730000
2016-04-08,97.230000
2016-04-11,96.590000
2016-04-12,97.780000
2016-04-13,99.830000
2016-04-14,100.080000
2016-04-15,99.770000
2016-04-18,100.960000
2016-04-19,103.140000
2016-04-20,104.130000
2016-04-21,103.500000
2016-04-22,103.370000
2016-04-25,103.160000
2016-04-26,106.760000
2016-04-27,107.920000
2016-04-28,107.610000
2016-04-29,106.850000
2016-05-02,107.170000
2016-05-03,104.500000
2016-05-04,104.290000
2016-05-05,104.670000
2016-05-06,104.270000
2016-05-09,104.520000
2016-05-10,104.960000
2016-05-11,105.140000
2016-05-12,105.960000
2016-05-13,104.920000
2016-05-16,106.490000
2016-05-17,105.700000
2016-05-18,107.050000
2016-05-19,106.850000
2016-05-20,108.070000
2016-05-23,108.840000
2016-05-24,111.660000
2016-05-25,111.250000
2016-05-26,110.390000
2016-05-27,111.470000
2016-05-31,111.810000
2016-06-01,110.800000
2016-06-02,110.450000
2016-06-03,109.640000
2016-06-06,110.260000
2016-06-07,109.620000
2016-06-08,110.040000
2016-06-09,110.040000
2016-06-10,107.510000
2016-06-13,107.230000
2016-06-14,106.860000
2016-06-15,107.080000
2016-06-16,107.490000
2016-06-17,106.740000
2016-06-20,107.310000
2016-06-21,107.830000
2016-06-22,107.130000
2016-06-23,110.620000
2016-06-24,104.140000
2016-06-27,99.380000
2016-06-28,101.590000
2016-06-29,106.000000
2016-06-30,107.260000
2016-07-01,107.860000
2016-07-05,106.170000
2016-07-06,106.780000
2016-07-07,107.310000
2016-07-08,108.870000
2016-07-11,110.260000
2016-07-12,112.980000
2016-07-13,113.860000
2016-07-14,115.200000
2016-07-15,115.640000
2016-07-18,116.860000
2016-07-19,116.580000
2016-07-20,117.110000
2016-07-21,116.830000
2016-07-22,117.310000
2016-07-25,117.160000
2016-07-26,117.550000
2016-07-27,117.420000
2016-07-28,121.400000
2016-07-29,122.200000
2016-08-01,121.220000
2016-08-02,120.110000
2016-08-03,120.510000
2016-08-04,119.620000
2016-08-05,120.900000
2016-08-08,120.160000
2016-08-09,120.580000
2016-08-10,119.830000
2016-08-11,120.410000
2016-08-12,119.910000
2016-08-15,120.260000
2016-08-16,119.640000
2016-08-17,120.100000
2016-08-18,120.030000
2016-08-19,120.300000
2016-08-22,120.300000
2016-08-23,121.270000
2016-08-24,120.940000
2016-08-25,121.090000
2016-08-26,121.570000
2016-08-29,122.600000
2016-08-30,122.970000
2016-08-31,123.540000
2016-09-01,123.940000
2016-09-02,125.430000
2016-09-06,125.790000
2016-09-07,125.690000
2016-09-08,125.730000
2016-09-09,122.220000
2016-09-12,124.240000
2016-09-13,122.120000
2016-09-14,121.520000
2016-09-15,124.110000
2016-09-16,123.270000
2016-09-19,124.680000
2016-09-20,124.780000
2016-09-21,127.560000
2016-09-22,126.830000
2016-09-23,124.980000
2016-09-26,124.930000
2016-09-27,126.860000
2016-09-28,127.560000
2016-09-29,125.020000
2016-09-30,126.560000
2016-10-03,124.960000
2016-10-04,124.200000
2016-10-05,124.150000
2016-10-06,125.040000
2016-10-07,123.860000
2016-10-10,124.650000
2016-10-11,122.750000
2016-10-12,123.370000
2016-10-13,122.670000
2016-10-14,123.150000
2016-10-17,122.550000
2016-10-18,122.890000
2016-10-19,122.680000
2016-10-20,122.120000
2016-10-21,123.990000
2016-10-24,124.640000
2016-10-25,124.250000
2016-10-26,123.320000
2016-10-27,122.860000
2016-10-28,122.280000
2016-10-31,121.850000
2016-11-01,120.930000
2016-11-02,119.460000
2016-11-03,122.500000
2016-11-04,122.590000
2016-11-07,125.460000
2016-11-08,126.420000
2016-11-09,125.630000
2016-11-10,126.330000
2016-11-11,125.460000
2016-11-14,123.720000
2016-11-15,121.930000
2016-11-16,122.360000
2016-11-17,123.970000
2016-11-18,121.800000
2016-11-21,121.730000
2016-11-22,120.810000
2016-11-23,120.210000
2016-11-25,119.920000
2016-11-28,118.400000
2016-11-29,119.610000
2016-11-30,118.990000
2016-12-01,116.260000
2016-12-02,115.690000
2016-12-05,114.280000
2016-12-06,113.570000
2016-12-07,114.340000
2016-12-08,114.220000
2016-12-09,115.000000
2016-12-12,113.500000
2016-12-13,116.690000
2016-12-14,114.930000
2016-12-15,114.300000
2016-12-16,113.100000
2016-12-19,112.600000
2016-12-20,112.320000
2016-12-21,111.700000
2016-12-22,109.700000
2016-12-23,109.020000
2016-12-27,109.430000
2016-12-28,108.680000
2016-12-29,108.610000
2016-12-30,107.540000
2017-01-03,108.390000
2017-01-04,111.740000
2017-01-05,112.590000
2017-01-06,114.600000
2017-01-09,113.280000
2017-01-10,111.350000
2017-01-11,111.970000
2017-01-12,112.590000
2017-01-13,112.420000
2017-01-17,113.940000
2017-01-18,114.400000
2017-01-19,114.400000
2017-01-20,116.000000
2017-01-23,116.110000
2017-01-24,116.920000
2017-01-25,120.430000
2017-01-26,121.120000
2017-01-27,120.690000
2017-01-30,120.620000
2017-01-31,120.180000
2017-02-01,119.570000
2017-02-02,120.420000
2017-02-03,122.600000
2017-02-06,122.880000
2017-02-07,125.840000
2017-02-08,125.080000
2017-02-09,126.210000
2017-02-10,126.290000
2017-02-13,126.530000
2017-02-14,126.920000
2017-02-15,128.330000
2017-02-16,128.610000
2017-02-17,130.390000
2017-02-21,130.760000
2017-02-22,130.780000
2017-02-23,130.780000
2017-02-24,130.820000
2017-02-27,129.990000
2017-02-28,129.470000
2017-03-01,130.000000
2017-03-02,130.000000
2017-03-03,129.640000
2017-03-06,130.430000
2017-03-07,130.690000
2017-03-08,130.580000
2017-03-09,131.060000
2017-03-10,131.690000
2017-03-13,132.590000
2017-03-14,132.170000
2017-03-15,130.350000
2017-03-16,131.740000
2017-03-17,129.990000
2017-03-20,129.690000
2017-03-21,128.200000
2017-03-22,128.490000
2017-03-23,129.150000
2017-03-24,129.690000
2017-03-27,128.450000
2017-03-28,128.720000
2017-03-29,128.310000
2017-03-30,129.400000
2017-03-31,130.740000
2017-04-03,129.350000
2017-04-04,128.820000
2017-04-05,130.170000
2017-04-06,129.960000
2017-04-07,130.050000
2017-04-10,129.590000
2017-04-11,129.200000
2017-04-12,128.930000
2017-04-13,128.280000
2017-04-17,130.760000
2017-04-18,130.520000
2017-04-19,130.570000
2017-04-20,131.870000
2017-04-21,131.520000
2017-04-24,133.900000
2017-04-25,135.610000
2017-04-26,134.230000
2017-04-27,135.090000
2017-04-28,134.190000
2017-05-01,135.020000
2017-05-02,135.460000
2017-05-03,135.360000
2017-05-04,136.610000
2017-05-05,137.550000
2017-05-08,136.860000
2017-05-09,137.310000
2017-05-10,137.870000
2017-05-11,137.340000
2017-05-12,136.700000
2017-05-15,138.380000
2017-05-16,139.020000
2017-05-17,136.560000
2017-05-18,137.450000
2017-05-19,138.140000
2017-05-22,138.780000
2017-05-23,138.200000
2017-05-24,139.510000
2017-05-25,140.690000
2017-05-26,140.210000
2017-05-30,140.810000
2017-05-31,142.810000
2017-06-01,143.700000
2017-06-02,144.160000
2017-06-05,144.400000
2017-06-06,143.930000
2017-06-07,146.010000
2017-06-08,145.610000
2017-06-09,146.810000
2017-06-12,145.690000
2017-06-13,146.500000
2017-06-14,147.410000
2017-06-15,148.440000
2017-06-16,148.490000
2017-06-19,149.400000
2017-06-20,147.220000
2017-06-21,145.220000
2017-06-22,145.380000
2017-06-23,146.700000
2017-06-26,146.270000
2017-06-27,146.090000
2017-06-28,148.900000
2017-06-29,146.040000
2017-06-30,145.990000
2017-07-03,145.720000
2017-07-05,147.530000
2017-07-06,146.350000
2017-07-07,148.790000
2017-07-10,148.800000
2017-07-11,147.900000
2017-07-12,149.440000
2017-07-13,149.650000
2017-07-14,149.470000
2017-07-17,149.510000
2017-07-18,149.870000
2017-07-19,150.190000
2017-07-20,151.120000
2017-07-21,153.850000
2017-07-24,154.790000
2017-07-25,155.150000
2017-07-26,154.580000
2017-07-27,153.450000
2017-07-28,153.470000
2017-07-31,153.590000
2017-08-01,154.630000
2017-08-02,152.020000
2017-08-03,151.920000
2017-08-04,151.030000
2017-08-07,150.950000
2017-08-08,148.280000
2017-08-09,150.770000
2017-08-10,148.340000
2017-08-11,148.410000
2017-08-14,150.540000
2017-08-15,151.500000
2017-08-16,152.270000
2017-08-17,149.970000
2017-08-18,150.100000
2017-08-21,149.990000
2017-08-22,152.840000
2017-08-23,151.290000
2017-08-24,151.450000
2017-08-25,151.270000
2017-08-28,151.990000
2017-08-29,150.920000
2017-08-30,153.540000
2017-08-31,154.330000
2017-09-01,153.720000
2017-09-05,153.180000
2017-09-06,151.200000
2017-09-07,151.400000
2017-09-08,151.930000
2017-09-11,152.770000
2017-09-12,153.600000
2017-09-13,153.460000
2017-09-14,153.720000
2017-09-15,154.000000
2017-09-18,154.430000
2017-09-19,155.610000
2017-09-20,155.830000
2017-09-21,155.750000
2017-09-22,156.820000
2017-09-25,155.520000
2017-09-26,155.070000
2017-09-27,154.770000
2017-09-28,155.530000
2017-09-29,156.310000
2017-10-02,157.520000
2017-10-03,159.210000
2017-10-04,159.600000
2017-10-05,159.040000
2017-10-06,158.450000
2017-10-09,159.170000
2017-10-10,158.800000
2017-10-11,159.000000
2017-10-12,161.120000
2017-10-13,161.820000
2017-10-16,162.460000
2017-10-17,161.680000
2017-10-18,161.150000
2017-10-19,159.440000
2017-10-20,161.550000
2017-10-23,162.100000
2017-10-24,161.900000
2017-10-25,160.920000
2017-10-26,165.000000
2017-10-27,162.160000
2017-10-30,156.250000
2017-10-31,156.470000
2017-11-01,156.560000
2017-11-02,155.500000
2017-11-03,158.690000
2017-11-06,158.640000
2017-11-07,159.070000
2017-11-08,160.060000
2017-11-09,157.910000
2017-11-10,156.940000
2017-11-13,158.030000
2017-11-14,159.300000
2017-11-15,158.820000
2017-11-16,160.100000
2017-11-17,160.590000
2017-11-20,162.190000
2017-11-21,163.700000
2017-11-22,163.220000
2017-11-24,164.140000
2017-11-27,164.400000
2017-11-28,165.830000
2017-11-29,164.730000
2017-11-30,165.480000
2017-12-01,166.170000
2017-12-04,167.460000
2017-12-05,167.890000
2017-12-06,168.620000
2017-12-07,169.530000
2017-12-08,171.210000
2017-12-11,171.700000
2017-12-12,172.570000
2017-12-13,169.010000
2017-12-14,167.590000
2017-12-15,169.050000
2017-12-18,170.910000
2017-12-19,172.000000
2017-12-20,170.010000
2017-12-21,168.780000
2017-12-22,167.830000
2017-12-26,167.420000
2017-12-27,169.400000
2017-12-28,169.850000
2017-12-29,169.400000
2018-01-02,168.120000
2018-01-03,170.820000
2018-01-04,173.380000
2018-01-05,175.700000
2018-01-08,177.180000
2018-01-09,177.240000
2018-01-10,175.610000
2018-01-11,176.400000
2018-01-12,177.640000
2018-01-16,175.830000
2018-01-17,176.790000
2018-01-18,178.640000
2018-01-19,181.140000
2018-01-22,182.150000
2018-01-23,182.930000
2018-01-24,183.110000
2018-01-25,181.890000
2018-01-26,183.800000
2018-01-29,181.040000
2018-01-30,180.340000
2018-01-31,181.100000
2018-02-01,182.000000
2018-02-02,177.330000
2018-02-05,166.360000
2018-02-06,179.960000
2018-02-07,182.690000
2018-02-08,173.310000
2018-02-09,177.500000
2018-02-12,180.360000
2018-02-13,181.940000
2018-02-14,186.030000
2018-02-15,188.920000
2018-02-16,189.280000
2018-02-20,187.900000
2018-02-21,187.580000
2018-02-22,187.850000
2018-02-23,191.670000
2018-02-26,193.300000
2018-02-27,193.140000
2018-02-28,191.800000
2018-03-01,189.520000
2018-03-02,189.020000
2018-03-05,190.370000
2018-03-06,190.990000
2018-03-07,189.700000
2018-03-08,192.500000
2018-03-09,194.960000
2018-03-12,195.960000
2018-03-13,195.890000
2018-03-14,192.380000
2018-03-15,192.710000
2018-03-16,192.510000
2018-03-19,190.450000
2018-03-20,195.650000
2018-03-21,193.810000
2018-03-22,189.080000
2018-03-23,186.490000
2018-03-26,191.280000
2018-03-27,187.870000
2018-03-28,187.280000
2018-03-29,191.060000
2018-04-02,186.630000
2018-04-03,189.200000
2018-04-04,189.460000
2018-04-05,189.740000
2018-04-06,187.320000
2018-04-09,187.770000
2018-04-10,191.510000
2018-04-11,189.450000
2018-04-12,192.170000
2018-04-13,190.760000
2018-04-16,191.660000
2018-04-17,193.950000
2018-04-18,194.670000
2018-04-19,193.940000
2018-04-20,192.960000
2018-04-23,192.050000
2018-04-24,189.070000
2018-04-25,189.580000
2018-04-26,190.250000
2018-04-27,187.070000
2018-04-30,188.600000
2018-05-01,190.030000
2018-05-02,187.980000
2018-05-03,189.630000
2018-05-04,192.170000
2018-05-07,193.380000
2018-05-08,194.830000
2018-05-09,197.410000
2018-05-10,200.630000
2018-05-11,199.990000
2018-05-14,199.070000
2018-05-15,198.390000
2018-05-16,198.180000
2018-05-17,197.660000
2018-05-18,197.920000
2018-05-21,200.620000
2018-05-22,200.030000
2018-05-23,200.940000
2018-05-24,199.820000
2018-05-25,200.360000
2018-05-29,197.200000
2018-05-30,199.520000
2018-05-31,197.500000
2018-06-01,200.320000
2018-06-04,201.450000
2018-06-05,203.360000
2018-06-06,206.190000
2018-06-07,205.310000
2018-06-08,206.470000
2018-06-11,207.420000
2018-06-12,207.490000
2018-06-13,207.350000
2018-06-14,207.290000
2018-06-15,208.680000
2018-06-18,207.600000
2018-06-19,207.240000
2018-06-20,206.310000
2018-06-21,206.670000
2018-06-22,206.350000
2018-06-25,203.950000
2018-06-26,203.160000
2018-06-27,201.830000
2018-06-28,203.690000
2018-06-29,203.890000
2018-07-02,204.320000
2018-07-03,202.730000
2018-07-05,204.810000
2018-07-06,206.370000
2018-07-09,209.080000
2018-07-10,209.760000
2018-07-11,209.440000
2018-07-12,210.750000
2018-07-13,210.650000
2018-07-16,211.470000
2018-07-17,212.590000
2018-07-18,214.260000
2018-07-19,211.270000
2018-07-20,212.330000
2018-07-23,212.870000
2018-07-24,213.120000
2018-07-25,214.780000
2018-07-26,212.010000
2018-07-27,203.860000
2018-07-30,200.880000
2018-07-31,200.440000
2018-08-01,197.730000
2018-08-02,197.280000
2018-08-03,198.080000
2018-08-06,198.530000
2018-08-07,202.230000
2018-08-08,201.350000
2018-08-09,200.950000
2018-08-10,201.320000
2018-08-13,200.530000
2018-08-14,203.070000
2018-08-15,201.720000
2018-08-16,202.690000
2018-08-17,203.110000
2018-08-20,203.920000
2018-08-21,204.350000
2018-08-22,202.920000
2018-08-23,202.850000
2018-08-24,202.850000
2018-08-27,204.200000
2018-08-28,203.140000
2018-08-29,206.270000
2018-08-30,205.670000
2018-08-31,207.050000
2018-09-04,207.760000
2018-09-05,204.990000
2018-09-06,207.020000
2018-09-07,206.880000
2018-09-10,208.250000
2018-09-11,209.460000
2018-09-12,209.990000
2018-09-13,211.870000
2018-09-14,213.950000
2018-09-17,211.350000
2018-09-18,213.550000
2018-09-19,212.970000
2018-09-20,213.100000
2018-09-21,211.460000
2018-09-24,210.300000
2018-09-25,206.820000
2018-09-26,205.280000
2018-09-27,204.030000
2018-09-28,195.390000
2018-10-01,199.410000
2018-10-02,196.700000
2018-10-03,195.700000
2018-10-04,192.990000
2018-10-05,193.600000
2018-10-08,190.010000
2018-10-09,187.820000
2018-10-10,182.170000
2018-10-11,180.030000
2018-10-12,186.470000
2018-10-15,184.220000
2018-10-16,189.890000
2018-10-17,190.630000
2018-10-18,186.920000
2018-10-19,188.340000
2018-10-22,188.930000
2018-10-23,183.850000
2018-10-24,177.810000
2018-10-25,177.170000
2018-10-26,171.410000
2018-10-29,172.250000
2018-10-30,176.610000
2018-10-31,182.320000
2018-11-01,182.770000
2018-11-02,182.980000
2018-11-05,183.210000
2018-11-06,183.450000
2018-11-07,186.720000
2018-11-08,188.160000
2018-11-09,186.270000
2018-11-12,182.210000
2018-11-13,180.070000
2018-11-14,179.080000
2018-11-15,181.100000
2018-11-16,181.330000
2018-11-19,177.280000
2018-11-20,175.500000
2018-11-21,177.640000
2018-11-23,174.750000
2018-11-26,177.400000
2018-11-27,177.040000
2018-11-28,183.190000
2018-11-29,180.350000
2018-11-30,182.860000
2018-12-03,185.200000
2018-12-04,177.620000
2018-12-06,173.490000
2018-12-07,169.140000
2018-12-10,169.120000
2018-12-11,166.800000
2018-12-12,169.150000
2018-12-13,169.540000
2018-12-14,166.620000
2018-12-17,166.290000
2018-12-18,167.990000
2018-12-19,167.010000
2018-12-20,165.560000
2018-12-21,161.600000
2018-12-24,159.000000
2018-12-26,164.920000
2018-12-27,169.140000
2018-12-28,168.300000
2018-12-31,169.940000
2019-01-02,169.850000
2019-01-03,164.370000
2019-01-04,172.260000
2019-01-07,173.640000
2019-01-08,175.230000
2019-01-09,173.660000
2019-01-10,177.150000
2019-01-11,175.980000
2019-01-14,177.020000
2019-01-15,181.620000
2019-01-16,185.000000
2019-01-17,185.320000
2019-01-18,188.640000
2019-01-22,187.290000
2019-01-23,187.600000
2019-01-24,188.570000
2019-01-25,189.310000
2019-01-28,188.160000
2019-01-29,186.350000
2019-01-30,189.010000
2019-01-31,191.650000
2019-02-01,193.830000
2019-02-04,194.410000
2019-02-05,194.900000
2019-02-06,192.950000
2019-02-07,195.000000
2019-02-08,193.590000
2019-02-11,194.130000
2019-02-12,195.250000
2019-02-13,197.180000
2019-02-14,195.870000
2019-02-15,198.320000
2019-02-19,197.650000
2019-02-20,198.020000
2019-02-21,198.150000
2019-02-22,201.880000
2019-02-25,201.940000
2019-02-26,201.480000
2019-02-27,201.720000
2019-02-28,200.370000
2019-03-01,201.840000
2019-03-04,199.890000
2019-03-05,197.960000
2019-03-06,197.320000
2019-03-07,196.480000
2019-03-08,196.330000
2019-03-11,197.240000
2019-03-12,197.500000
2019-03-13,199.700000
2019-03-14,201.600000
2019-03-15,203.180000
2019-03-18,205.720000
2019-03-19,207.860000
2019-03-20,206.280000
2019-03-21,209.770000
2019-03-22,205.490000
2019-03-25,205.010000
2019-03-26,206.130000
2019-03-27,205.180000
2019-03-28,207.660000
2019-03-29,210.550000
2019-04-01,212.900000
2019-04-02,213.220000
2019-04-03,213.600000
2019-04-04,212.650000
2019-04-05,214.530000
2019-04-08,213.650000
2019-04-09,214.810000
2019-04-10,212.680000
2019-04-11,213.130000
2019-04-12,214.930000
2019-04-15,216.470000
2019-04-16,216.950000
2019-04-17,215.390000
2019-04-18,217.200000
2019-04-22,217.160000
2019-04-23,217.990000
2019-04-24,218.380000
2019-04-25,219.200000
2019-04-26,220.270000
2019-04-29,219.700000
2019-04-30,220.660000
2019-05-01,219.450000
2019-05-02,217.170000
2019-05-03,217.880000
2019-05-06,219.610000
2019-05-07,214.600000
2019-05-08,214.730000
2019-05-09,213.120000
2019-05-10,214.330000
2019-05-13,208.680000
2019-05-14,211.830000
2019-05-15,211.720000
2019-05-16,215.290000
2019-05-17,212.940000
2019-05-20,211.830000
2019-05-21,216.930000
2019-05-22,217.600000
2019-05-23,213.990000
2019-05-24,214.330000
2019-05-28,214.520000
2019-05-29,216.540000
2019-05-30,217.160000
2019-05-31,213.880000
2019-06-03,212.970000
2019-06-04,214.830000
2019-06-05,220.270000
2019-06-06,222.010000
2019-06-07,224.670000
2019-06-10,227.130000
2019-06-11,222.690000
2019-06-12,224.200000
2019-06-13,224.450000
2019-06-14,224.900000
2019-06-17,224.170000
2019-06-18,226.230000
2019-06-19,230.570000
2019-06-20,231.280000
2019-06-21,228.700000
2019-06-24,228.850000
2019-06-25,227.980000
2019-06-26,226.400000
2019-06-27,226.990000
2019-06-28,227.790000
2019-07-01,232.260000
2019-07-02,234.980000
2019-07-03,238.140000
2019-07-05,237.000000
2019-07-08,232.390000
2019-07-09,231.480000
2019-07-10,234.760000
2019-07-11,238.440000
2019-07-12,241.260000
2019-07-15,240.890000
2019-07-16,240.030000
2019-07-17,240.420000
2019-07-18,241.110000
2019-07-19,239.930000
2019-07-22,241.460000
2019-07-23,243.420000
2019-07-24,243.090000
2019-07-25,242.350000
2019-07-26,244.350000
2019-07-29,243.300000
2019-07-30,241.930000
2019-07-31,244.950000
2019-08-01,257.220000
2019-08-02,253.950000
2019-08-05,244.180000
2019-08-06,245.820000
2019-08-07,248.680000
2019-08-08,257.780000
2019-08-09,256.190000
2019-08-12,254.100000
2019-08-13,258.370000
2019-08-14,248.610000
2019-08-15,253.170000
2019-08-16,256.680000
2019-08-19,260.680000
2019-08-20,261.240000
2019-08-21,264.620000
2019-08-22,263.320000
2019-08-23,257.040000
2019-08-26,257.200000
2019-08-27,257.260000
2019-08-28,258.720000
2019-08-29,260.750000
2019-08-30,260.190000
2019-09-03,258.670000
2019-09-04,259.200000
2019-09-05,264.830000
2019-09-06,267.750000
2019-09-09,260.760000
2019-09-10,252.350000
2019-09-11,252.000000
2019-09-12,251.880000
2019-09-13,250.070000
2019-09-16,249.500000
2019-09-17,256.120000
2019-09-18,254.690000
2019-09-19,256.730000
2019-09-20,252.780000
2019-09-23,252.460000
2019-09-24,251.780000
2019-09-25,254.580000
2019-09-26,256.000000
2019-09-27,246.350000
2019-09-30,244.980000
2019-10-01,242.850000
2019-10-02,236.440000
2019-10-03,239.620000
2019-10-04,244.440000
2019-10-07,245.580000
2019-10-08,241.850000
2019-10-09,248.790000
2019-10-10,250.970000
2019-10-11,252.990000
2019-10-14,251.370000
2019-10-15,253.450000
2019-10-16,252.300000
2019-10-17,253.000000
2019-10-18,250.480000
2019-10-21,251.420000
2019-10-22,246.180000
2019-10-23,243.910000
2019-10-24,248.400000
2019-10-25,249.270000
2019-10-28,248.590000
2019-10-29,256.220000
2019-10-30,254.650000
2019-10-31,257.990000
2019-11-01,258.800000
2019-11-04,256.340000
2019-11-05,251.190000
2019-11-06,253.390000
2019-11-07,255.590000
2019-11-08,255.300000
2019-11-11,255.070000
2019-11-12,255.130000
2019-11-13,258.620000
2019-11-14,260.000000
2019-11-15,262.890000
2019-11-18,264.080000
2019-11-19,267.870000
2019-11-20,268.100000
2019-11-21,264.390000
2019-11-22,265.210000
2019-11-25,265.850000
2019-11-26,266.900000
2019-11-27,265.500000
2019-11-29,264.650000
2019-12-02,262.190000
2019-12-03,264.000000
2019-12-04,268.460000
2019-12-05,271.540000
2019-12-06,274.380000
2019-12-09,272.060000
2019-12-10,271.660000
2019-12-11,272.150000
2019-12-12,270.290000
2019-12-13,271.200000
2019-12-16,272.610000
2019-12-17,271.560000
2019-12-18,269.450000
2019-12-19,272.480000
2019-12-20,271.660000
2019-12-23,271.370000
2019-12-24,272.500000
2019-12-26,273.560000
2019-12-27,274.290000
2019-12-30,271.940000
2019-12-31,273.050000
2020-01-02,277.840000
2020-01-03,276.910000
2020-01-06,279.040000
2020-01-07,280.980000
2020-01-08,285.010000
2020-01-09,289.580000
2020-01-10,288.940000
2020-01-13,294.240000
2020-01-14,290.170000
2020-01-15,294.380000
2020-01-16,298.190000
2020-01-17,296.790000
2020-01-21,296.200000
2020-01-22,297.420000
2020-01-23,297.190000
2020-01-24,294.830000
2020-01-27,293.130000
2020-01-28,297.280000
2020-01-29,297.310000
2020-01-30,299.860000
2020-01-31,293.730000
2020-02-03,295.670000
2020-02-04,297.920000
2020-02-05,294.770000
2020-02-06,295.520000
2020-02-07,295.480000
2020-02-10,296.560000
2020-02-11,294.120000
2020-02-12,303.830000
2020-02-13,301.350000
2020-02-14,307.650000
2020-02-18,306.740000
2020-02-19,311.160000
2020-02-20,303.410000
2020-02-21,293.250000
2020-02-24,290.900000
2020-02-25,282.630000
2020-02-26,282.770000
2020-02-27,267.150000
2020-02-28,265.910000
2020-03-02,289.310000
2020-03-03,280.140000
2020-03-04,296.060000
2020-03-05,278.420000
2020-03-06,271.060000
2020-03-09,242.510000
2020-03-10,259.170000
2020-03-11,240.360000
2020-03-12,221.460000
2020-03-13,248.100000
2020-03-16,222.160000
2020-03-17,227.660000
2020-03-18,193.080000
2020-03-19,207.780000
2020-03-20,208.790000
2020-03-23,192.050000
2020-03-24,218.660000
2020-03-25,227.190000
2020-03-26,244.950000
2020-03-27,239.750000
2020-03-30,246.990000
2020-03-31,245.050000
2020-04-01,234.330000
2020-04-02,241.340000
2020-04-03,238.800000
2020-04-06,255.830000
2020-04-07,256.060000
2020-04-08,261.510000
2020-04-09,283.550000
2020-04-13,268.440000
2020-04-14,277.340000
2020-04-15,273.250000
2020-04-16,274.550000
2020-04-17,282.590000
2020-04-20,279.170000
2020-04-21,267.230000
2020-04-22,276.010000
2020-04-23,279.560000
2020-04-24,283.940000
2020-04-27,291.190000
2020-04-28,295.830000
2020-04-29,294.420000
2020-04-30,292.880000
2020-05-01,286.060000
2020-05-04,285.770000
2020-05-05,295.410000
2020-05-06,289.360000
2020-05-07,295.580000
2020-05-08,297.650000
2020-05-11,300.680000
2020-05-12,299.210000
2020-05-13,294.400000
2020-05-14,300.120000
2020-05-15,303.140000
2020-05-18,311.630000
2020-05-19,311.090000
2020-05-20,314.000000
2020-05-21,310.760000
2020-05-22,311.860000
2020-05-26,312.340000
2020-05-27,315.430000
2020-05-28,318.800000
2020-05-29,325.020000
2020-06-01,327.300000
2020-06-02,327.370000
2020-06-03,333.380000
2020-06-04,327.390000
2020-06-05,333.370000
2020-06-08,331.980000
2020-06-09,327.610000
2020-06-10,331.180000
2020-06-11,307.030000
2020-06-12,316.910000
2020-06-15,319.650000
2020-06-16,324.930000
2020-06-17,326.320000
2020-06-18,326.810000
2020-06-19,323.730000
2020-06-22,326.360000
2020-06-23,328.560000
2020-06-24,317.970000
2020-06-25,327.820000
2020-06-26,321.600000
2020-06-29,321.290000
2020-06-30,329.480000
2020-07-01,334.520000
2020-07-02,333.250000
2020-07-06,341.020000
2020-07-07,341.190000
2020-07-08,354.320000
2020-07-09,352.720000
2020-07-10,351.810000
2020-07-13,346.090000
2020-07-14,351.640000
2020-07-15,354.800000
2020-07-16,349.510000
2020-07-17,354.690000
2020-07-20,358.090000
2020-07-21,354.830000
2020-07-22,356.450000
2020-07-23,348.260000
2020-07-24,349.970000
2020-07-27,351.320000
2020-07-28,347.600000
2020-07-29,359.860000
2020-07-30,352.370000
2020-07-31,350.250000
2020-08-03,350.680000
2020-08-04,345.770000
2020-08-05,347.390000
2020-08-06,352.570000
2020-08-07,347.270000
2020-08-10,344.070000
2020-08-11,343.710000
2020-08-12,349.190000
2020-08-13,356.130000
2020-08-14,352.270000
2020-08-17,357.140000
2020-08-18,360.120000
2020-08-19,358.110000
2020-08-20,361.220000
2020-08-21,362.010000
2020-08-24,360.000000
2020-08-25,358.500000
2020-08-26,364.410000
2020-08-27,363.980000
2020-08-28,366.830000
2020-08-31,366.420000
2020-09-01,368.390000
2020-09-02,378.410000
2020-09-03,353.690000
2020-09-04,345.180000
2020-09-08,340.660000
2020-09-09,351.780000
2020-09-10,344.480000
2020-09-11,348.790000
2020-09-14,353.090000
2020-09-15,357.200000
2020-09-16,357.540000
2020-09-17,351.730000
2020-09-18,351.010000
2020-09-21,350.890000
2020-09-22,350.170000
2020-09-23,343.060000
2020-09-24,345.870000
2020-09-25,352.850000
2020-09-28,355.550000
2020-09-29,356.980000
2020-09-30,360.600000
2020-10-01,363.730000
2020-10-02,362.980000
2020-10-05,364.970000
2020-10-06,354.310000
2020-10-07,354.900000
2020-10-08,357.200000
2020-10-09,356.760000
2020-10-12,360.090000
2020-10-13,354.000000
2020-10-14,351.510000
2020-10-15,347.450000
2020-10-16,348.170000
2020-10-19,341.150000
2020-10-20,340.150000
2020-10-21,337.910000
2020-10-22,337.250000
2020-10-23,337.430000
2020-10-26,333.550000
2020-10-27,330.850000
2020-10-28,326.700000
2020-10-29,325.740000
2020-10-30,322.730000
2020-11-02,327.920000
2020-11-03,334.750000
2020-11-04,351.100000
2020-11-05,355.990000
2020-11-06,354.360000
2020-11-09,346.410000
2020-11-10,335.100000
2020-11-11,343.970000
2020-11-12,341.720000
2020-11-13,341.920000
2020-11-16,339.620000
2020-11-17,336.660000
2020-11-18,336.480000
2020-11-19,338.630000
2020-11-20,338.280000
2020-11-23,337.120000
2020-11-24,334.210000
2020-11-25,338.040000
2020-11-27,341.570000
2020-11-30,351.780000
2020-12-01,334.320000
2020-12-02,333.280000
2020-12-03,326.610000
2020-12-04,339.450000
2020-12-07,336.240000
2020-12-08,333.700000
2020-12-09,327.280000
2020-12-10,325.830000
2020-12-11,324.820000
2020-12-14,323.680000
2020-12-15,323.840000
2020-12-16,320.870000
2020-12-17,321.060000
2020-12-18,322.500000
2020-12-21,319.580000
2020-12-22,318.930000
2020-12-23,313.630000
2020-12-24,316.580000
2020-12-28,318.040000
2020-12-29,321.490000
2020-12-30,323.630000
2020-12-31,328.730000
2021-01-04,333.250000
2021-01-05,328.450000
2021-01-06,328.860000
2021-01-07,329.070000
2021-01-08,326.850000
2021-01-11,319.200000
2021-01-12,315.860000
2021-01-13,312.050000
2021-01-14,306.180000
2021-01-15,305.950000
2021-01-19,313.140000
2021-01-20,321.940000
2021-01-21,317.720000
2021-01-22,315.140000
2021-01-25,314.930000
2021-01-26,319.010000
2021-01-27,306.300000
2021-01-28,318.970000
2021-01-29,317.000000
2021-02-01,321.840000
2021-02-02,330.100000
2021-02-03,324.250000
2021-02-04,328.450000
2021-02-05,324.020000
2021-02-08,325.440000
2021-02-09,332.390000
2021-02-10,333.000000
2021-02-11,339.390000
2021-02-12,339.450000
2021-02-16,338.330000
2021-02-17,338.930000
2021-02-18,338.460000
2021-02-19,339.240000
2021-02-22,333.290000
2021-02-23,325.180000
2021-02-24,331.790000
2021-02-25,330.550000
2021-02-26,329.360000
2021-03-01,337.530000
2021-03-02,332.940000
2021-03-03,326.530000
2021-03-04,327.540000
2021-03-05,334.520000
2021-03-08,342.720000
2021-03-09,342.120000
2021-03-10,344.350000
2021-03-11,345.140000
2021-03-12,345.610000
2021-03-15,351.490000
2021-03-16,348.610000
2021-03-17,350.190000
2021-03-18,348.460000
2021-03-19,347.370000
2021-03-22,345.540000
2021-03-23,346.830000
2021-03-24,351.790000
2021-03-25,351.300000
2021-03-26,359.550000
2021-03-29,361.740000
2021-03-30,352.780000
2021-03-31,352.870000
2021-04-01,362.650000
2021-04-05,367.170000
2021-04-06,365.850000
2021-04-07,361.200000
2021-04-08,365.610000
2021-04-09,369.100000
2021-04-12,371.110000
2021-04-13,372.970000
2021-04-14,372.030000
2021-04-15,375.070000
2021-04-16,378.070000
2021-04-19,376.440000
2021-04-20,379.060000
2021-04-21,382.760000
2021-04-22,383.310000
2021-04-23,388.140000
2021-04-26,383.930000
2021-04-27,384.140000
2021-04-28,380.080000
2021-04-29,392.700000
2021-04-30,390.390000
2021-05-03,393.900000
2021-05-04,397.130000
2021-05-05,392.060000
2021-05-06,389.570000
2021-05-07,390.710000
2021-05-10,390.360000
2021-05-11,379.670000
2021-05-12,369.690000
2021-05-13,379.700000
2021-05-14,379.160000
2021-05-17,374.950000
2021-05-18,370.120000
2021-05-19,370.670000
2021-05-20,374.530000
2021-05-21,377.500000
2021-05-24,379.050000
2021-05-25,378.590000
2021-05-26,378.670000
2021-05-27,380.540000
2021-05-28,379.470000
2021-06-01,373.460000
2021-06-02,379.830000
2021-06-03,381.350000
2021-06-04,384.580000
2021-06-07,381.230000
2021-06-08,384.390000
2021-06-09,384.610000
2021-06-10,386.730000
2021-06-11,392.490000
2021-06-14,396.370000
2021-06-15,396.020000
2021-06-16,392.760000
2021-06-17,400.160000
2021-06-18,390.710000
2021-06-21,399.520000
2021-06-22,403.860000
2021-06-23,400.830000
2021-06-24,411.180000
2021-06-25,412.360000
2021-06-28,410.800000
2021-06-29,410.580000
2021-06-30,410.450000
2021-07-01,412.200000
2021-07-02,414.630000
2021-07-06,415.670000
2021-07-07,419.160000
2021-07-08,417.060000
2021-07-09,414.680000
2021-07-12,411.750000
2021-07-13,408.950000
2021-07-14,410.580000
2021-07-15,411.520000
2021-07-16,414.420000
2021-07-19,409.150000
2021-07-20,416.380000
2021-07-21,417.060000
2021-07-22,418.600000
2021-07-23,418.500000
2021-07-26,413.400000
2021-07-27,412.790000
2021-07-28,411.590000
2021-07-29,423.570000
2021-07-30,428.720000
2021-08-02,434.250000
2021-08-03,436.050000
2021-08-04,439.500000
2021-08-05,441.720000
2021-08-06,441.580000
2021-08-09,436.110000
2021-08-10,434.490000
2021-08-11,433.600000
2021-08-12,436.750000
2021-08-13,441.740000
2021-08-16,446.110000
2021-08-17,444.180000
2021-08-18,430.000000
2021-08-19,433.940000
2021-08-20,437.520000
2021-08-23,439.020000
2021-08-24,437.600000
2021-08-25,437.850000
2021-08-26,437.160000
2021-08-27,438.300000
2021-08-30,444.070000
2021-08-31,443.820000
2021-09-01,448.620000
2021-09-02,449.400000
2021-09-03,452.080000
2021-09-07,446.720000
2021-09-08,450.610000
2021-09-09,451.390000
2021-09-10,450.240000
2021-09-13,449.420000
2021-09-14,451.590000
2021-09-15,452.150000
2021-09-16,454.050000
2021-09-17,446.420000
2021-09-20,444.870000
2021-09-21,445.200000
2021-09-22,445.640000
2021-09-23,451.670000
2021-09-24,453.080000
2021-09-27,445.330000
2021-09-28,426.110000
2021-09-29,426.620000
2021-09-30,424.890000
2021-10-01,428.360000
2021-10-04,415.850000
2021-10-05,425.130000
2021-10-06,427.760000
2021-10-07,432.800000
2021-10-08,429.720000
2021-10-11,428.490000
2021-10-12,430.670000
2021-10-13,430.430000
2021-10-14,441.780000
2021-10-15,443.920000
2021-10-18,447.860000
2021-10-19,451.090000
2021-10-20,440.560000
2021-10-21,445.440000
2021-10-22,450.490000
2021-10-25,447.370000
2021-10-26,464.620000
2021-10-27,462.600000
2021-10-28,469.510000
2021-10-29,474.160000
2021-11-01,463.180000
2021-11-02,461.180000
2021-11-03,455.050000
2021-11-04,462.750000
2021-11-05,460.290000
2021-11-08,461.660000
2021-11-09,461.980000
2021-11-10,454.210000
2021-11-11,451.520000
2021-11-12,453.360000
2021-11-15,459.280000
2021-11-16,470.370000
2021-11-17,465.500000
2021-11-18,463.930000
2021-11-19,461.310000
2021-11-22,458.130000
2021-11-23,458.340000
2021-11-24,463.530000
2021-11-26,454.530000
2021-11-29,464.930000
2021-11-30,455.730000
2021-12-01,449.060000
2021-12-02,460.970000
2021-12-03,455.820000
2021-12-06,456.530000
2021-12-07,470.460000
2021-12-08,473.000000
2021-12-09,467.660000
2021-12-10,473.670000
2021-12-13,478.860000
2021-12-14,470.340000
2021-12-15,478.970000
2021-12-16,476.830000
2021-12-17,467.640000
2021-12-20,460.340000
2021-12-21,470.490000
2021-12-22,473.260000
2021-12-23,473.740000
2021-12-27,478.100000
2021-12-28,475.100000
2021-12-29,474.550000
2021-12-30,470.480000
2021-12-31,471.930000
2022-01-03,461.100000
2022-01-04,459.820000
2022-01-05,455.760000
2022-01-06,451.960000
2022-01-07,446.750000
2022-01-10,435.390000
2022-01-11,441.020000
2022-01-12,447.840000
2022-01-13,436.270000
2022-01-14,432.360000
2022-01-18,424.150000
2022-01-19,422.950000
2022-01-20,417.980000
2022-01-21,416.930000
2022-01-24,417.950000
2022-01-25,399.530000
2022-01-26,397.540000
2022-01-27,395.080000
2022-01-28,406.620000
2022-01-31,415.220000
2022-02-01,417.460000
2022-02-02,422.070000
2022-02-03,413.150000
2022-02-04,414.390000
2022-02-07,405.250000
2022-02-08,399.780000
2022-02-09,407.290000
2022-02-10,396.450000
2022-02-11,387.660000
2022-02-14,380.710000
2022-02-15,385.370000
2022-02-16,386.550000
2022-02-17,381.490000
2022-02-18,378.670000
2022-02-22,380.250000
2022-02-23,373.370000
2022-02-24,381.680000
2022-02-25,380.890000
2022-02-28,375.700000
2022-03-01,390.580000
2022-03-02,399.120000
2022-03-03,400.500000
2022-03-04,407.550000
2022-03-07,385.640000
2022-03-08,388.130000
2022-03-09,391.510000
2022-03-10,382.750000
2022-03-11,379.680000
2022-03-14,377.000000
2022-03-15,387.390000
2022-03-16,392.230000
2022-03-17,402.660000
2022-03-18,409.940000
2022-03-21,404.760000
2022-03-22,414.280000
2022-03-23,405.710000
2022-03-24,407.670000
2022-03-25,413.470000
2022-03-28,414.500000
2022-03-29,417.450000
2022-03-30,418.950000
2022-03-31,410.180000
2022-04-01,407.880000
2022-04-04,414.300000
2022-04-05,411.880000
2022-04-06,410.880000
2022-04-07,414.990000
2022-04-08,413.090000
2022-04-11,405.610000
2022-04-12,397.310000
2022-04-13,396.310000
2022-04-14,387.590000
2022-04-18,390.560000
2022-04-19,395.350000
2022-04-20,397.250000
2022-04-21,390.830000
2022-04-22,379.660000
2022-04-25,381.220000
2022-04-26,375.500000
2022-04-27,380.640000
2022-04-28,386.550000
2022-04-29,376.500000
2022-05-02,367.320000
2022-05-03,359.630000
2022-05-04,364.320000
2022-05-05,346.900000
2022-05-06,345.760000
2022-05-09,328.770000
2022-05-10,327.990000
2022-05-11,325.810000
2022-05-12,329.660000
2022-05-13,336.850000
2022-05-16,335.360000
2022-05-17,339.280000
2022-05-18,330.120000
2022-05-19,332.070000
2022-05-20,342.420000
2022-05-23,350.520000
2022-05-24,350.870000
2022-05-25,347.660000
2022-05-26,352.470000
2022-05-27,360.640000
2022-05-31,349.480000
2022-06-01,332.010000
2022-06-02,343.040000
2022-06-03,335.930000
2022-06-06,338.640000
2022-06-07,344.460000
2022-06-08,338.690000
2022-06-09,336.430000
2022-06-10,332.760000
2022-06-13,322.360000
2022-06-14,317.430000
2022-06-15,321.340000
2022-06-16,316.030000
2022-06-17,319.930000
2022-06-21,320.020000
2022-06-22,325.170000
2022-06-23,333.740000
2022-06-24,341.660000
2022-06-27,340.470000
2022-06-28,332.700000
2022-06-29,334.750000
2022-06-30,337.060000
2022-07-01,343.330000
2022-07-05,344.320000
2022-07-06,349.020000
2022-07-07,351.830000
2022-07-08,352.480000
2022-07-11,351.610000
2022-07-12,346.050000
2022-07-13,342.020000
2022-07-14,345.170000
2022-07-15,349.450000
2022-07-18,345.360000
2022-07-19,357.140000
2022-07-20,358.600000
2022-07-21,361.620000
2022-07-22,361.940000
2022-07-25,354.030000
2022-07-26,356.120000
2022-07-27,360.920000
2022-07-28,374.590000
2022-07-29,376.930000
2022-08-01,376.080000
2022-08-02,369.780000
2022-08-03,368.160000
2022-08-04,377.900000
2022-08-05,376.650000
2022-08-08,378.120000
2022-08-09,377.090000
2022-08-10,393.200000
2022-08-11,386.170000
2022-08-12,391.920000
2022-08-15,391.090000
2022-08-16,388.770000
2022-08-17,387.730000
2022-08-18,387.380000
2022-08-19,379.920000
2022-08-22,376.450000
2022-08-23,372.800000
2022-08-24,375.710000
2022-08-25,379.620000
2022-08-26,364.060000
2022-08-29,361.000000
2022-08-30,355.560000
2022-08-31,352.180000
2022-09-01,351.970000
2022-09-02,347.630000
2022-09-06,356.790000
2022-09-07,363.530000
2022-09-08,367.060000
2022-09-09,369.420000
2022-09-12,371.500000
2022-09-13,356.510000
2022-09-14,351.160000
2022-09-15,347.060000
2022-09-16,346.070000
2022-09-19,344.690000
2022-09-20,339.350000
2022-09-21,334.880000
2022-09-22,322.370000
2022-09-23,317.860000
2022-09-26,315.430000
2022-09-27,313.270000
2022-09-28,314.770000
2022-09-29,310.430000
2022-09-30,305.350000
2022-10-03,314.790000
2022-10-04,323.550000
2022-10-05,321.650000
2022-10-06,316.170000
2022-10-07,304.530000
2022-10-10,298.720000
2022-10-11,294.720000
2022-10-12,291.170000
2022-10-13,292.280000
2022-10-14,286.620000
2022-10-17,297.390000
2022-10-18,300.810000
2022-10-19,296.870000
2022-10-20,292.030000
2022-10-21,295.940000
2022-10-24,300.390000
2022-10-25,312.030000
2022-10-26,311.530000
2022-10-27,319.310000
2022-10-28,326.930000
2022-10-31,321.250000
2022-11-01,316.130000
2022-11-02,310.740000
2022-11-03,309.300000
2022-11-04,316.400000
2022-11-07,319.250000
2022-11-08,319.940000
2022-11-09,314.100000
2022-11-10,346.210000
2022-11-11,356.200000
2022-11-14,347.670000
2022-11-15,354.660000
2022-11-16,353.670000
2022-11-17,346.770000
2022-11-18,345.870000
2022-11-21,347.420000
2022-11-22,352.250000
2022-11-23,358.270000
2022-11-25,357.910000
2022-11-28,351.010000
2022-11-29,347.140000
2022-11-30,352.800000
2022-12-01,362.580000
2022-12-02,359.800000
2022-12-05,350.310000
2022-12-06,351.690000
2022-12-07,351.520000
2022-12-08,352.810000
2022-12-09,346.750000
2022-12-12,347.190000
2022-12-13,357.690000
2022-12-14,353.840000
2022-12-15,344.580000
2022-12-16,339.600000
2022-12-19,335.660000
2022-12-20,332.110000
2022-12-21,337.450000
2022-12-22,332.110000
2022-12-23,332.940000
2022-12-27,331.320000
2022-12-28,329.600000
2022-12-29,339.810000
2022-12-30,334.940000
2023-01-03,335.170000
2023-01-04,341.620000
2023-01-05,336.080000
2023-01-06,347.840000
2023-01-09,350.340000
2023-01-10,354.390000
2023-01-11,364.050000
2023-01-12,367.770000
2023-01-13,366.380000
2023-01-17,367.410000
2023-01-18,364.100000
2023-01-19,361.130000
2023-01-20,368.050000
2023-01-23,370.760000
2023-01-24,367.720000
2023-01-25,366.380000
2023-01-26,367.380000
2023-01-27,373.390000
2023-01-30,366.140000
2023-01-31,374.940000
2023-02-01,377.180000
2023-02-02,383.160000
2023-02-03,372.910000
2023-02-06,368.660000
2023-02-07,371.110000
2023-02-08,365.850000
2023-02-09,363.650000
2023-02-10,363.860000
2023-02-13,370.600000
2023-02-14,364.860000
2023-02-15,367.570000
2023-02-16,357.820000
2023-02-17,360.830000
2023-02-21,350.790000
2023-02-22,346.200000
2023-02-23,348.130000
2023-02-24,343.380000
2023-02-27,341.510000
2023-02-28,341.200000
2023-03-01,337.780000
2023-03-02,339.890000
2023-03-03,346.070000
2023-03-06,351.320000
2023-03-07,336.650000
2023-03-08,338.880000
2023-03-09,333.930000
2023-03-10,326.540000
2023-03-13,324.790000
2023-03-14,332.730000
2023-03-15,333.980000
2023-03-16,339.900000
2023-03-17,334.490000
2023-03-20,334.590000
2023-03-21,341.600000
2023-03-22,335.720000
2023-03-23,332.250000
2023-03-24,334.520000
2023-03-27,335.750000
2023-03-28,334.130000
2023-03-29,338.130000
2023-03-30,341.270000
2023-03-31,344.770000
2023-04-03,346.270000
2023-04-04,346.410000
2023-04-05,344.600000
2023-04-06,340.860000
2023-04-10,338.830000
2023-04-11,341.910000
2023-04-12,342.790000
2023-04-13,347.870000
2023-04-14,347.860000
2023-04-17,349.010000
2023-04-18,352.170000
2023-04-19,352.030000
2023-04-20,352.910000
2023-04-21,351.720000
2023-04-24,347.660000
2023-04-25,345.210000
2023-04-26,340.070000
2023-04-27,355.580000
2023-04-28,362.580000
2023-05-01,362.650000
2023-05-02,356.020000
2023-05-03,349.970000
2023-05-04,347.510000
2023-05-05,354.190000
2023-05-08,355.180000
2023-05-09,355.270000
2023-05-10,362.180000
2023-05-11,360.290000
2023-05-12,359.340000
2023-05-15,361.480000
2023-05-16,358.650000
2023-05-17,360.940000
2023-05-18,363.800000
2023-05-19,365.420000
2023-05-22,372.350000
2023-05-23,362.190000
2023-05-24,356.200000
2023-05-25,358.320000
2023-05-26,360.780000
2023-05-30,364.330000
2023-05-31,367.430000
2023-06-01,368.990000
2023-06-02,376.030000
2023-06-05,378.100000
2023-06-06,379.180000
2023-06-07,374.190000
2023-06-08,382.160000
2023-06-09,384.000000
2023-06-12,385.260000
2023-06-13,390.560000
2023-06-14,393.090000
2023-06-15,399.980000
2023-06-16,395.210000
2023-06-20,391.840000
2023-06-21,389.110000
2023-06-22,388.240000
2023-06-23,390.360000
2023-06-26,387.010000
2023-06-27,391.010000
2023-06-28,391.520000
2023-06-29,395.840000
2023-06-30,400.890000
2023-07-03,396.920000
2023-07-05,399.600000
2023-07-06,395.360000
2023-07-07,393.250000
2023-07-10,398.430000
2023-07-11,396.420000
2023-07-12,406.560000
2023-07-13,412.030000
2023-07-14,416.020000
2023-07-17,417.390000
2023-07-18,421.850000
2023-07-19,422.530000
2023-07-20,423.790000
2023-07-21,423.290000
2023-07-24,422.800000
2023-07-25,427.530000
2023-07-26,428.410000
2023-07-27,395.680000
2023-07-28,392.160000
2023-07-31,394.510000
2023-08-01,398.310000
2023-08-02,394.250000
2023-08-03,383.720000
2023-08-04,386.840000
2023-08-07,390.380000
2023-08-08,386.510000
2023-08-09,387.660000
2023-08-10,387.810000
2023-08-11,387.690000
2023-08-14,388.690000
2023-08-15,387.050000
2023-08-16,386.750000
2023-08-17,384.380000
2023-08-18,382.000000
2023-08-21,378.480000
2023-08-22,383.540000
2023-08-23,391.730000
2023-08-24,387.020000
2023-08-25,388.270000
2023-08-28,390.430000
2023-08-29,392.500000
2023-08-30,392.380000
2023-08-31,390.860000
2023-09-01,394.240000
2023-09-05,393.550000
2023-09-06,394.150000
2023-09-07,393.580000
2023-09-08,390.710000
2023-09-11,389.360000
2023-09-12,387.290000
2023-09-13,389.850000
2023-09-14,396.190000
2023-09-15,388.260000
2023-09-18,389.520000
2023-09-19,389.310000
2023-09-20,386.240000
2023-09-21,372.310000
2023-09-22,371.690000
2023-09-25,371.460000
2023-09-26,364.070000
2023-09-27,363.060000
2023-09-28,368.530000
2023-09-29,365.410000
2023-10-02,366.720000
2023-10-03,356.420000
2023-10-04,362.280000
2023-10-05,361.280000
2023-10-06,364.060000
2023-10-09,366.470000
2023-10-10,369.580000
2023-10-11,371.900000
2023-10-12,365.820000
2023-10-13,363.710000
2023-10-16,367.540000
2023-10-17,367.310000
2023-10-18,359.900000
2023-10-19,357.560000
2023-10-20,350.030000
2023-10-23,350.200000
2023-10-24,347.940000
2023-10-25,349.130000
2023-10-26,348.260000
2023-10-27,342.480000
2023-10-30,345.070000
2023-10-31,349.310000
2023-11-01,351.400000
2023-11-02,375.920000
2023-11-03,382.900000
2023-11-06,384.650000
2023-11-07,384.570000
2023-11-08,386.380000
2023-11-09,387.680000
2023-11-10,393.970000
2023-11-13,394.810000
2023-11-14,403.910000
2023-11-15,402.060000
2023-11-16,403.980000
2023-11-17,408.120000
2023-11-20,411.540000
2023-11-21,413.760000
2023-11-22,415.100000
2023-11-24,415.100000
2023-11-27,412.250000
2023-11-28,412.980000
2023-11-29,414.640000
2023-11-30,415.830000
2023-12-01,422.000000
2023-12-04,424.190000
2023-12-05,423.150000
2023-12-06,418.660000
2023-12-07,417.380000
2023-12-08,415.380000
2023-12-11,423.750000
2023-12-12,426.810000
2023-12-13,435.260000
2023-12-14,437.780000
2023-12-15,435.780000
2023-12-18,436.410000
2023-12-19,436.660000
2023-12-20,427.830000
2023-12-21,432.690000
2023-12-22,434.840000
2023-12-26,436.230000
2023-12-27,440.000000
2023-12-28,441.840000
2023-12-29,440.520000
2024-01-02,436.390000
2024-01-03,429.860000
2024-01-04,429.670000
2024-01-05,427.930000
2024-01-08,432.170000
2024-01-09,430.170000
2024-01-10,433.130000
2024-01-11,434.190000
2024-01-12,437.000000
2024-01-16,436.550000
2024-01-17,437.730000
2024-01-18,439.600000
2024-01-19,441.950000
2024-01-22,444.460000
2024-01-23,446.490000
2024-01-24,445.900000
2024-01-25,449.340000
2024-01-26,446.600000
2024-01-29,449.810000
2024-01-30,454.560000
2024-01-31,448.350000
2024-02-01,457.220000
2024-02-02,454.050000
2024-02-05,451.540000
2024-02-06,453.290000
2024-02-07,459.720000
2024-02-08,436.630000
2024-02-09,437.890000
2024-02-12,429.530000
2024-02-13,422.480000
2024-02-14,421.210000
2024-02-15,424.490000
2024-02-16,423.570000
2024-02-20,426.010000
2024-02-21,424.330000
2024-02-22,435.220000
2024-02-23,438.270000
2024-02-26,433.410000
2024-02-27,427.840000
2024-02-28,429.390000
2024-02-29,428.380000
2024-03-01,429.010000
2024-03-04,425.440000
2024-03-05,422.310000
2024-03-06,426.140000
2024-03-07,426.670000
2024-03-08,428.230000
2024-03-11,426.680000
2024-03-12,428.610000
2024-03-13,428.030000
2024-03-14,423.470000
2024-03-15,422.810000
2024-03-18,421.750000
2024-03-19,423.970000
2024-03-20,426.030000
2024-03-21,428.550000
2024-03-22,419.130000
2024-03-25,418.480000
2024-03-26,419.490000
2024-03-27,422.810000
2024-03-28,425.450000
2024-04-01,427.090000
2024-04-02,426.110000
2024-04-03,426.460000
2024-04-04,428.420000
2024-04-05,431.590000
2024-04-08,434.110000
2024-04-09,435.000000
2024-04-10,424.040000
2024-04-11,422.920000
2024-04-12,417.810000
2024-04-15,409.560000
2024-04-16,408.560000
2024-04-17,412.110000
2024-04-18,413.370000
2024-04-19,412.560000
2024-04-22,416.930000
2024-04-23,413.320000
2024-04-24,413.280000
2024-04-25,415.500000
2024-04-26,415.780000
2024-04-29,415.310000
2024-04-30,415.830000
2024-05-01,416.200000
2024-05-02,416.960000
2024-05-03,425.180000
2024-05-06,425.760000
2024-05-07,428.560000
2024-05-08,429.210000
2024-05-09,432.290000
2024-05-10,431.570000
2024-05-13,428.010000
2024-05-14,428.030000
2024-05-15,435.700000
2024-05-16,438.020000
2024-05-17,441.880000
2024-05-20,437.740000
2024-05-21,439.870000
2024-05-22,442.300000
2024-05-23,436.280000
2024-05-24,438.240000
2024-05-28,431.000000
2024-05-29,424.960000
2024-05-30,421.590000
2024-05-31,427.510000
2024-06-03,429.260000
2024-06-04,431.840000
2024-06-05,436.290000
2024-06-06,434.660000
2024-06-07,428.740000
2024-06-10,430.000000
2024-06-11,428.810000
2024-06-12,440.250000
2024-06-13,437.190000
2024-06-14,434.400000
2024-06-17,433.300000
2024-06-18,435.850000
2024-06-20,438.710000
2024-06-21,439.220000
2024-06-24,444.970000
2024-06-25,448.780000
2024-06-26,448.360000
2024-06-27,448.910000
2024-06-28,446.000000
2024-07-01,446.320000
2024-07-02,450.450000
2024-07-03,449.440000
2024-07-05,453.270000
2024-07-08,455.890000
2024-07-09,460.300000
2024-07-10,466.000000
2024-07-11,473.220000
2024-07-12,478.320000
2024-07-15,482.550000
2024-07-16,488.790000
2024-07-17,489.870000
2024-07-18,484.690000
2024-07-19,479.840000
2024-07-22,487.320000
2024-07-23,495.560000
2024-07-24,481.660000
2024-07-25,483.330000
2024-07-26,489.820000
2024-07-29,489.830000
2024-07-30,488.510000
2024-07-31,484.730000
2024-08-01,490.530000
2024-08-02,486.040000
2024-08-05,471.990000
2024-08-06,479.480000
2024-08-07,478.120000
2024-08-08,487.190000
2024-08-09,488.510000
2024-08-12,484.470000
2024-08-13,489.690000
2024-08-14,492.650000
2024-08-15,492.930000
2024-08-16,490.870000
2024-08-19,495.740000
2024-08-20,497.860000
2024-08-21,498.980000
2024-08-22,498.720000
2024-08-23,500.590000
2024-08-26,502.020000
2024-08-27,505.390000
2024-08-28,505.270000
2024-08-29,508.050000
2024-08-30,513.240000
2024-09-03,510.800000
2024-09-04,513.310000
2024-09-05,517.000000
2024-09-06,510.640000
2024-09-09,515.830000
2024-09-10,519.950000
2024-09-11,515.810000
2024-09-12,520.010000
2024-09-13,519.450000
2024-09-16,527.380000
2024-09-17,522.380000
2024-09-18,519.520000
2024-09-19,524.220000
2024-09-20,523.670000
2024-09-23,521.080000
2024-09-24,518.110000
2024-09-25,514.820000
2024-09-26,511.700000
2024-09-27,512.720000
2024-09-30,516.620000
2024-10-01,512.220000
2024-10-02,514.710000
2024-10-03,514.600000
2024-10-04,512.170000
2024-10-07,506.420000
2024-10-08,518.350000
2024-10-09,521.470000
2024-10-10,515.120000
2024-10-11,522.010000
2024-10-14,527.520000
2024-10-15,528.450000
2024-10-16,529.000000
2024-10-17,518.960000
2024-10-18,524.800000
2024-10-21,523.190000
2024-10-22,513.520000
2024-10-23,510.920000
2024-10-24,493.210000
2024-10-25,490.610000
2024-10-28,487.240000
2024-10-29,486.750000
2024-10-30,485.940000
2024-10-31,480.360000
2024-11-01,483.310000
2024-11-04,485.770000
2024-11-05,489.710000
2024-11-06,489.990000
2024-11-07,497.100000
2024-11-08,502.820000
2024-11-11,507.260000
2024-11-12,503.470000
2024-11-13,510.290000
2024-11-14,510.640000
2024-11-15,503.290000
2024-11-18,503.000000
2024-11-19,502.310000
2024-11-20,503.130000
2024-11-21,511.370000
2024-11-22,514.460000
2024-11-25,520.510000
2024-11-26,521.960000
2024-11-27,522.860000
2024-11-29,522.510000
2024-12-02,522.870000
2024-12-03,518.190000
2024-12-04,520.260000
2024-12-05,513.890000
2024-12-06,516.770000
2024-12-09,513.350000
2024-12-10,512.150000
2024-12-11,516.270000
2024-12-12,512.870000
2024-12-13,505.750000
2024-12-16,502.860000
2024-12-17,500.510000
2024-12-18,490.130000
2024-12-19,486.560000
2024-12-20,491.810000
2024-12-23,498.250000
2024-12-24,504.750000
2024-12-26,504.780000
2024-12-27,501.800000
2024-12-30,498.020000
2024-12-31,498.030000
2025-01-02,495.500000
2025-01-03,499.570000
2025-01-06,494.190000
2025-01-07,491.350000
2025-01-08,495.860000
2025-01-10,482.720000
2025-01-13,482.590000
2025-01-14,484.470000
2025-01-15,496.520000
2025-01-16,505.160000
2025-01-17,501.860000
2025-01-21,510.050000
2025-01-22,510.960000
2025-01-23,513.540000
2025-01-24,513.750000
2025-01-27,520.750000
2025-01-28,520.450000
2025-01-29,517.220000
2025-01-30,523.540000
2025-01-31,521.410000
2025-02-03,518.380000
2025-02-04,513.690000
2025-02-05,514.270000
2025-02-06,519.060000
2025-02-07,519.150000
2025-02-10,515.300000
2025-02-11,540.510000
2025-02-12,531.510000
2025-02-13,542.320000
2025-02-14,539.690000
2025-02-18,543.770000
2025-02-19,542.700000
2025-02-20,535.430000
2025-02-21,533.400000
2025-02-24,533.220000
2025-02-25,533.380000
2025-02-26,529.240000
2025-02-27,525.360000
2025-02-28,533.740000
2025-03-03,529.310000
2025-03-04,516.810000
2025-03-05,522.900000
2025-03-06,514.210000
2025-03-07,497.000000
2025-03-10,488.390000
2025-03-11,480.000000
2025-03-12,478.260000
2025-03-13,479.850000
2025-03-14,486.490000
2025-03-17,494.270000
2025-03-18,490.390000
2025-03-19,495.220000
2025-03-20,497.200000
2025-03-21,497.880000
2025-03-24,503.940000
2025-03-25,513.160000
2025-03-26,507.800000
2025-03-27,508.640000
2025-03-28,502.510000
2025-03-31,508.100000
2025-04-01,510.780000
2025-04-02,513.980000
2025-04-03,489.380000
2025-04-04,451.500000
2025-04-07,438.310000
2025-04-08,441.500000
2025-04-09,473.990000
2025-04-10,457.760000
2025-04-11,465.140000
2025-04-14,471.590000
2025-04-15,470.710000
2025-04-16,463.980000
2025-04-17,462.880000
2025-04-21,448.990000
2025-04-22,466.420000
2025-04-23,470.230000
2025-04-24,481.260000
2025-04-25,480.000000
2025-04-28,479.370000
2025-04-29,491.760000
2025-04-30,500.050000
2025-05-01,498.930000
2025-05-02,506.620000
2025-05-05,505.900000
2025-05-06,501.810000
2025-05-07,505.710000
2025-05-08,507.610000
2025-05-09,507.730000
2025-05-12,518.360000
2025-05-13,515.570000
2025-05-14,511.940000
2025-05-15,519.280000
2025-05-16,522.460000
2025-05-19,524.280000
2025-05-20,522.940000
2025-05-21,510.270000
2025-05-22,511.320000
2025-05-23,510.020000
2025-05-27,516.700000
2025-05-28,511.480000
2025-05-29,514.100000
2025-05-30,512.860000
2025-06-02,513.590000
2025-06-03,512.300000
2025-06-04,513.940000
2025-06-05,515.760000
2025-06-06,519.360000
2025-06-09,515.000000
2025-06-10,513.920000
2025-06-11,513.980000
2025-06-12,505.870000
2025-06-13,501.490000
2025-06-16,505.000000
2025-06-17,501.070000
2025-06-18,502.630000
2025-06-20,504.200000
2025-06-23,514.580000
2025-06-24,522.970000
2025-06-25,521.290000
2025-06-26,515.020000
2025-06-27,517.710000
2025-06-30,527.290000
2025-07-01,529.320000
2025-07-02,525.640000
2025-07-03,529.610000
2025-07-07,530.180000
2025-07-08,526.390000
2025-07-09,528.730000
2025-07-10,529.830000
2025-07-11,527.070000
2025-07-14,530.120000
2025-07-15,522.280000
2025-07-16,524.360000
2025-07-17,525.360000
2025-07-18,524.380000
2025-07-21,522.120000
2025-07-22,517.810000
2025-07-23,525.660000
2025-07-24,530.850000
2025-07-25,534.950000
2025-07-28,530.410000
2025-07-29,530.790000
2025-07-30,529.330000
2025-07-31,551.100000
2025-08-01,545.660000
2025-08-04,563.020000
2025-08-05,563.020000
2025-08-06,562.560000
2025-08-07,559.130000
2025-08-08,556.870000
2025-08-11,555.880000
2025-08-12,559.060000
2025-08-13,562.580000
2025-08-14,564.150000
2025-08-15,556.470000
2025-08-18,551.210000
2025-08-19,554.430000
2025-08-20,557.030000
2025-08-21,552.440000
2025-08-22,556.660000
2025-08-25,551.690000
2025-08-26,552.320000
2025-08-27,549.870000
2025-08-28,547.550000
2025-08-29,548.440000
2025-09-02,539.640000
2025-09-03,539.240000
2025-09-04,540.260000
2025-09-05,538.060000
2025-09-08,545.870000
2025-09-09,547.710000
2025-09-10,539.890000
2025-09-11,550.880000
2025-09-12,544.230000
2025-09-15,543.990000
2025-09-16,541.290000
2025-09-17,544.100000
2025-09-18,507.800000
2025-09-19,507.160000
2025-09-22,505.570000
2025-09-23,496.760000
2025-09-24,490.740000
2025-09-25,484.940000
2025-09-26,487.180000
2025-09-29,491.340000
2025-09-30,486.710000
2025-10-01,481.670000
2025-10-02,476.630000
2025-10-03,479.810000
2025-10-06,478.350000
2025-10-07,481.220000
2025-10-08,482.430000
2025-10-09,487.610000
2025-10-10,486.100000
2025-10-13,479.340000
2025-10-14,486.690000
2025-10-15,482.880000
2025-10-16,472.050000
2025-10-17,473.190000
2025-10-20,477.590000
2025-10-21,483.790000
2025-10-22,479.740000
2025-10-23,482.700000
2025-10-24,489.450000
2025-10-27,496.640000
2025-10-28,493.680000
2025-10-29,473.050000
2025-10-30,491.570000
2025-10-31,487.210000
2025-11-03,497.020000
2025-11-04,499.210000
2025-11-05,497.100000
2025-11-06,490.000000
2025-11-07,496.420000
2025-11-10,493.840000
2025-11-11,497.730000
2025-11-12,495.840000
2025-11-13,502.960000
2025-11-14,493.900000
2025-11-17,488.950000
2025-11-18,490.280000
2025-11-19,490.800000
2025-11-20,490.910000
2025-11-21,493.600000
2025-11-24,489.240000
2025-11-25,494.190000
2025-11-26,495.610000
2025-11-28,498.830000
2025-12-01,495.270000
2025-12-02,491.210000
2025-12-03,499.880000
2025-12-04,496.990000
2025-12-05,498.520000
2025-12-08,492.100000
2025-12-09,490.730000
2025-12-10,491.320000
2025-12-11,497.560000
2025-12-12,501.030000
2025-12-15,499.630000
2025-12-16,499.860000
2025-12-17,510.590000
2025-12-18,506.710000
2025-12-19,512.600000
2025-12-22,521.900000
2025-12-23,525.140000
2025-12-24,525.740000
2025-12-26,529.450000
2025-12-29,530.100000
2025-12-30,527.690000
2025-12-31,522.590000
2026-01-02,512.660000
2026-01-05,532.900000
2026-01-06,539.650000
2026-01-07,537.500000
2026-01-08,541.560000
2026-01-09,541.940000
2026-01-12,544.480000
2026-01-13,542.160000
2026-01-14,545.000000
2026-01-15,545.430000
2026-01-16,546.350000
2026-01-20,519.040000
2026-01-21,531.160000
2026-01-22,539.800000
2026-01-23,533.610000
2026-01-26,535.230000
2026-01-27,526.670000
2026-01-28,528.120000
2026-01-29,528.630000
2026-01-30,527.790000
2026-02-02,527.660000
2026-02-03,468.210000
2026-02-04,465.510000
2026-02-05,451.710000
2026-02-06,439.280000
2026-02-09,444.190000
2026-02-10,401.080000
2026-02-11,390.760000
2026-02-12,397.200000
2026-02-13,409.540000
2026-02-17,410.450000
2026-02-18,419.380000
2026-02-19,416.670000
2026-02-20,417.480000
2026-02-23,404.780000
2026-02-24,418.270000
2026-02-25,423.610000
2026-02-26,437.490000
2026-02-27,441.880000
2026-03-02,443.080000
2026-03-03,443.990000
2026-03-04,445.500000
2026-03-05,451.110000
2026-03-06,452.360000
2026-03-09,445.280000
2026-03-10,435.440000
2026-03-11,428.960000
2026-03-12,419.700000
2026-03-13,422.490000
2026-03-16,426.590000
2026-03-17,432.940000
2026-03-18,426.640000
2026-03-19,426.140000
2026-03-20,424.430000
2026-03-23,428.870000
2026-03-24,411.200000
2026-03-25,408.480000
2026-03-26,412.450000
2026-03-27,406.240000
2026-03-30,417.590000
2026-03-31,425.340000
2026-04-01,425.170000
2026-04-02,431.160000
2026-04-06,434.110000
2026-04-07,430.060000
2026-04-08,436.960000
2026-04-09,424.320000
2026-04-10,415.420000
2026-04-13,430.080000
2026-04-14,425.240000
2026-04-15,430.580000
2026-04-16,436.790000
2026-04-17,442.570000
2026-04-20,442.740000
2026-04-21,444.670000
2026-04-22,449.060000
2026-04-23,439.030000
2026-04-24,436.790000
2026-04-27,437.220000
2026-04-28,433.470000
2026-04-29,433.190000
2026-04-30,431.230000
2026-05-01,426.060000
2026-05-04,424.750000
2026-05-05,423.870000
2026-05-06,423.570000
2026-05-07,428.680000
2026-05-08,420.120000
2026-05-11,421.000000
2026-05-12,424.170000
2026-05-13,406.550000
2026-05-14,403.920000
2026-05-15,403.150000
2026-05-18,417.410000
2026-05-19,410.400000
2026-05-20,417.010000
2026-05-21,415.730000
2026-05-22,417.600000
2026-05-26,412.480000
2026-05-27,415.800000
2026-05-28,417.680000
2026-05-29,424.000000
2026-06-01,428.560000
2026-06-02,417.460000
2026-06-03,412.290000
2026-06-04,420.120000
2026-06-05,424.440000
2026-06-08,417.090000
2026-06-09,424.820000
2026-06-10,426.380000
2026-06-11,413.340000
2026-06-12,418.910000
2026-06-15,424.070000
2026-06-16,433.250000
2026-06-17,418.020000
2026-06-18,410.920000
2026-06-22,407.390000
2026-06-23,400.160000
2026-06-24,402.350000
2026-06-25,395.140000
2026-06-26,408.160000
2026-06-29,408.560000
2026-06-30,407.260000
2026-07-01,414.970000
2026-07-02,439.890000
2026-07-06,447.220000
2026-07-07,443.460000
2026-07-08,430.790000
2026-07-09,432.960000
2026-07-10,430.500000
2026-07-13,437.840000
2026-07-14,438.870000
2026-07-15,444.480000
2026-07-16,457.380000
2026-07-17,450.840000
2026-07-20,448.350000
2026-07-21,431.260000
2026-07-22,429.060000
2026-07-23,420.000000
2026-07-24,426.400000
2026-07-27,439.830000
2026-07-28,424.360000
2026-07-29,419.640000
2026-07-30,415.000000
2026-07-31,411.930000
2026-08-03,416.250000
2026-08-04,412.530000
2026-08-05,410.030000
2026-08-06,405.240000
2026-08-07,408.190000
2026-08-10,410.940000
2026-08-11,408.690000
2026-08-12,410.100000
2026-08-13,422.670000
2026-08-14,418.800000
2026-08-17,410.530000
2026-08-18,418.040000
2026-08-19,426.660000
2026-08-20,432.160000
2026-08-21,431.290000
2026-08-24,435.420000
2026-08-25,432.990000
2026-08-26,436.490000
2026-08-27,435.390000
