d,c
2009-01-02,30.690000
2009-01-05,32.150000
2009-01-06,31.630000
2009-01-07,31.520000
2009-01-08,31.770000
2009-01-09,29.910000
2009-01-12,29.520000
2009-01-13,31.230000
2009-01-14,30.030000
2009-01-15,30.860000
2009-01-16,30.750000
2009-01-20,29.480000
2009-01-21,31.530000
2009-01-22,30.980000
2009-01-23,30.940000
2009-01-26,31.430000
2009-01-27,31.640000
2009-01-28,32.540000
2009-01-29,33.720000
2009-01-30,33.050000
2009-02-02,32.750000
2009-02-03,33.200000
2009-02-04,33.390000
2009-02-05,33.960000
2009-02-06,35.000000
2009-02-09,33.530000
2009-02-10,31.490000
2009-02-11,31.880000
2009-02-12,33.290000
2009-02-13,33.290000
2009-02-17,33.100000
2009-02-18,32.560000
2009-02-19,33.700000
2009-02-20,33.060000
2009-02-23,32.890000
2009-02-24,33.580000
2009-02-25,33.060000
2009-02-26,33.000000
2009-02-27,30.140000
2009-03-02,27.230000
2009-03-03,27.960000
2009-03-04,28.030000
2009-03-05,27.960000
2009-03-06,27.770000
2009-03-09,26.960000
2009-03-10,28.440000
2009-03-11,27.150000
2009-03-12,29.260000
2009-03-13,29.100000
2009-03-16,27.460000
2009-03-17,28.760000
2009-03-18,29.500000
2009-03-19,29.330000
2009-03-20,28.790000
2009-03-23,30.120000
2009-03-24,29.320000
2009-03-25,29.170000
2009-03-26,30.180000
2009-03-27,29.430000
2009-03-30,28.670000
2009-03-31,28.730000
2009-04-01,28.480000
2009-04-02,28.340000
2009-04-03,27.330000
2009-04-06,27.050000
2009-04-07,26.230000
2009-04-08,26.560000
2009-04-09,26.870000
2009-04-13,27.310000
2009-04-14,27.450000
2009-04-15,27.060000
2009-04-16,27.830000
2009-04-17,28.030000
2009-04-20,27.610000
2009-04-21,27.020000
2009-04-22,26.830000
2009-04-23,26.620000
2009-04-24,27.040000
2009-04-27,29.020000
2009-04-28,31.880000
2009-04-29,32.100000
2009-04-30,30.820000
2009-05-01,30.260000
2009-05-04,30.510000
2009-05-05,30.200000
2009-05-06,28.790000
2009-05-07,29.090000
2009-05-08,30.450000
2009-05-11,30.680000
2009-05-12,29.930000
2009-05-13,28.980000
2009-05-14,28.960000
2009-05-15,28.540000
2009-05-18,29.100000
2009-05-19,29.340000
2009-05-20,29.470000
2009-05-21,28.850000
2009-05-22,29.050000
2009-05-26,29.620000
2009-05-27,29.160000
2009-05-28,28.780000
2009-05-29,29.770000
2009-06-01,30.040000
2009-06-02,30.830000
2009-06-03,31.520000
2009-06-04,30.400000
2009-06-05,30.780000
2009-06-08,30.800000
2009-06-09,30.550000
2009-06-10,30.130000
2009-06-11,30.920000
2009-06-12,31.530000
2009-06-15,30.950000
2009-06-16,30.710000
2009-06-17,31.870000
2009-06-18,32.770000
2009-06-19,33.360000
2009-06-22,33.110000
2009-06-23,33.780000
2009-06-24,34.010000
2009-06-25,34.960000
2009-06-26,36.040000
2009-06-29,36.000000
2009-06-30,35.640000
2009-07-01,34.560000
2009-07-02,33.950000
2009-07-06,33.920000
2009-07-07,33.070000
2009-07-08,33.670000
2009-07-09,33.390000
2009-07-10,32.890000
2009-07-13,32.990000
2009-07-14,32.400000
2009-07-15,32.980000
2009-07-16,33.230000
2009-07-17,33.530000
2009-07-20,33.460000
2009-07-21,34.030000
2009-07-22,34.050000
2009-07-23,35.490000
2009-07-24,35.970000
2009-07-27,35.930000
2009-07-28,36.090000
2009-07-29,36.230000
2009-07-30,36.090000
2009-07-31,36.010000
2009-08-03,36.480000
2009-08-04,37.750000
2009-08-05,36.950000
2009-08-06,34.910000
2009-08-07,34.840000
2009-08-10,34.520000
2009-08-11,33.820000
2009-08-12,33.990000
2009-08-13,34.500000
2009-08-14,34.320000
2009-08-17,33.760000
2009-08-18,34.560000
2009-08-19,36.090000
2009-08-20,36.320000
2009-08-21,37.160000
2009-08-24,36.810000
2009-08-25,36.740000
2009-08-26,36.760000
2009-08-27,37.370000
2009-08-28,37.340000
2009-08-31,37.410000
2009-09-01,36.870000
2009-09-02,35.850000
2009-09-03,35.950000
2009-09-04,36.320000
2009-09-08,36.710000
2009-09-09,36.920000
2009-09-10,36.040000
2009-09-11,35.920000
2009-09-14,36.900000
2009-09-15,36.980000
2009-09-16,37.200000
2009-09-17,37.950000
2009-09-18,37.550000
2009-09-21,38.110000
2009-09-22,36.980000
2009-09-23,36.500000
2009-09-24,36.030000
2009-09-25,36.390000
2009-09-28,37.690000
2009-09-29,37.790000
2009-09-30,37.900000
2009-10-01,34.210000
2009-10-02,34.990000
2009-10-05,33.780000
2009-10-06,33.750000
2009-10-07,33.750000
2009-10-08,33.160000
2009-10-09,33.750000
2009-10-12,33.460000
2009-10-13,33.620000
2009-10-14,34.320000
2009-10-15,35.260000
2009-10-16,34.850000
2009-10-19,34.830000
2009-10-20,33.230000
2009-10-21,32.900000
2009-10-22,32.910000
2009-10-23,32.500000
2009-10-26,32.110000
2009-10-27,33.370000
2009-10-28,33.100000
2009-10-29,33.850000
2009-10-30,33.560000
2009-11-02,36.150000
2009-11-03,36.910000
2009-11-04,36.890000
2009-11-05,38.740000
2009-11-06,39.220000
2009-11-09,39.990000
2009-11-10,40.690000
2009-11-11,41.100000
2009-11-12,40.840000
2009-11-13,40.580000
2009-11-16,40.500000
2009-11-17,40.540000
2009-11-18,39.510000
2009-11-19,38.920000
2009-11-20,38.540000
2009-11-23,39.360000
2009-11-24,39.060000
2009-11-25,39.380000
2009-11-27,39.000000
2009-11-30,38.820000
2009-12-01,39.860000
2009-12-02,39.490000
2009-12-03,40.220000
2009-12-04,39.630000
2009-12-07,39.190000
2009-12-08,39.820000
2009-12-09,40.180000
2009-12-10,40.290000
2009-12-11,39.900000
2009-12-14,40.600000
2009-12-15,41.560000
2009-12-16,42.510000
2009-12-17,41.130000
2009-12-18,42.340000
2009-12-21,42.150000
2009-12-22,42.900000
2009-12-23,42.650000
2009-12-24,43.040000
2009-12-28,43.220000
2009-12-29,43.350000
2009-12-30,43.550000
2009-12-31,42.850000
2010-01-04,44.240000
2010-01-05,42.780000
2010-01-06,42.030000
2010-01-07,41.500000
2010-01-08,40.670000
2010-01-11,41.830000
2010-01-12,41.790000
2010-01-13,42.720000
2010-01-14,41.300000
2010-01-15,40.210000
2010-01-19,41.680000
2010-01-20,40.740000
2010-01-21,39.850000
2010-01-22,40.140000
2010-01-25,39.520000
2010-01-26,39.020000
2010-01-27,39.000000
2010-01-28,38.650000
2010-01-29,38.400000
2010-02-01,39.340000
2010-02-02,40.490000
2010-02-03,40.230000
2010-02-04,38.420000
2010-02-05,37.610000
2010-02-08,37.420000
2010-02-09,37.900000
2010-02-10,37.500000
2010-02-11,38.100000
2010-02-12,38.380000
2010-02-16,38.680000
2010-02-17,39.780000
2010-02-18,40.250000
2010-02-19,40.700000
2010-02-22,39.920000
2010-02-23,39.420000
2010-02-24,40.360000
2010-02-25,40.140000
2010-02-26,40.540000
2010-03-01,41.430000
2010-03-02,41.840000
2010-03-03,41.980000
2010-03-04,41.600000
2010-03-05,41.520000
2010-03-08,41.400000
2010-03-09,42.080000
2010-03-10,43.020000
2010-03-11,43.000000
2010-03-12,43.460000
2010-03-15,43.240000
2010-03-16,43.710000
2010-03-17,42.400000
2010-03-18,41.700000
2010-03-19,42.720000
2010-03-22,42.480000
2010-03-23,42.180000
2010-03-24,41.710000
2010-03-25,41.550000
2010-03-26,41.610000
2010-03-29,41.160000
2010-03-30,40.860000
2010-03-31,40.870000
2010-04-01,40.850000
2010-04-05,40.650000
2010-04-06,40.470000
2010-04-07,40.490000
2010-04-08,39.810000
2010-04-09,39.680000
2010-04-12,39.260000
2010-04-13,40.010000
2010-04-14,39.990000
2010-04-15,39.660000
2010-04-16,39.990000
2010-04-19,40.040000
2010-04-20,40.500000
2010-04-21,39.350000
2010-04-22,38.090000
2010-04-23,38.750000
2010-04-26,38.500000
2010-04-27,38.670000
2010-04-28,38.540000
2010-04-29,39.550000
2010-04-30,38.770000
2010-05-03,38.970000
2010-05-04,38.470000
2010-05-05,37.550000
2010-05-06,36.900000
2010-05-07,35.900000
2010-05-10,37.550000
2010-05-11,38.110000
2010-05-12,38.770000
2010-05-13,38.480000
2010-05-14,37.460000
2010-05-17,37.560000
2010-05-18,37.090000
2010-05-19,37.420000
2010-05-20,35.580000
2010-05-21,34.120000
2010-05-24,34.260000
2010-05-25,33.950000
2010-05-26,34.740000
2010-05-27,34.440000
2010-05-28,34.590000
2010-06-01,34.190000
2010-06-02,35.410000
2010-06-03,35.540000
2010-06-04,34.450000
2010-06-07,34.120000
2010-06-08,33.050000
2010-06-09,32.580000
2010-06-10,34.090000
2010-06-11,35.010000
2010-06-14,34.670000
2010-06-15,35.090000
2010-06-16,35.050000
2010-06-17,35.750000
2010-06-18,36.820000
2010-06-21,36.780000
2010-06-22,35.320000
2010-06-23,35.270000
2010-06-24,34.610000
2010-06-25,35.060000
2010-06-28,34.710000
2010-06-29,33.060000
2010-06-30,32.900000
2010-07-01,32.300000
2010-07-02,32.220000
2010-07-06,32.170000
2010-07-07,33.040000
2010-07-08,33.800000
2010-07-09,34.180000
2010-07-12,33.470000
2010-07-13,33.800000
2010-07-14,34.100000
2010-07-15,33.770000
2010-07-16,32.470000
2010-07-19,32.760000
2010-07-20,32.630000
2010-07-21,32.150000
2010-07-22,33.050000
2010-07-23,33.050000
2010-07-26,33.960000
2010-07-27,33.880000
2010-07-28,33.190000
2010-07-29,32.610000
2010-07-30,33.660000
2010-08-02,34.510000
2010-08-03,35.240000
2010-08-04,36.260000
2010-08-05,36.110000
2010-08-06,36.540000
2010-08-09,37.000000
2010-08-10,36.750000
2010-08-11,35.750000
2010-08-12,36.290000
2010-08-13,36.190000
2010-08-16,36.300000
2010-08-17,36.280000
2010-08-18,36.370000
2010-08-19,35.360000
2010-08-20,35.580000
2010-08-23,35.220000
2010-08-24,34.110000
2010-08-25,34.480000
2010-08-26,33.380000
2010-08-27,34.450000
2010-08-30,33.620000
2010-08-31,33.310000
2010-09-01,34.910000
2010-09-02,35.450000
2010-09-03,36.060000
2010-09-07,35.010000
2010-09-08,36.050000
2010-09-09,35.890000
2010-09-10,36.470000
2010-09-13,36.750000
2010-09-14,37.440000
2010-09-15,37.240000
2010-09-16,36.790000
2010-09-17,36.250000
2010-09-20,36.500000
2010-09-21,36.220000
2010-09-22,36.170000
2010-09-23,36.120000
2010-09-24,36.880000
2010-09-27,35.690000
2010-09-28,35.530000
2010-09-29,34.940000
2010-09-30,34.570000
2010-10-01,34.420000
2010-10-04,33.950000
2010-10-05,34.720000
2010-10-06,34.260000
2010-10-07,35.120000
2010-10-08,35.310000
2010-10-11,34.930000
2010-10-12,34.300000
2010-10-13,34.300000
2010-10-14,34.920000
2010-10-15,36.030000
2010-10-18,36.890000
2010-10-19,37.060000
2010-10-20,36.540000
2010-10-21,35.850000
2010-10-22,36.430000
2010-10-25,37.320000
2010-10-26,37.580000
2010-10-27,38.350000
2010-10-28,38.300000
2010-10-29,38.300000
2010-11-01,37.950000
2010-11-02,37.280000
2010-11-03,36.680000
2010-11-04,34.770000
2010-11-05,35.060000
2010-11-08,34.510000
2010-11-09,34.270000
2010-11-10,34.440000
2010-11-11,34.990000
2010-11-12,33.770000
2010-11-15,34.560000
2010-11-16,34.100000
2010-11-17,33.640000
2010-11-18,34.920000
2010-11-19,34.250000
2010-11-22,34.290000
2010-11-23,33.440000
2010-11-24,33.840000
2010-11-26,34.280000
2010-11-29,33.870000
2010-11-30,33.130000
2010-12-01,33.460000
2010-12-02,33.370000
2010-12-03,33.490000
2010-12-06,33.100000
2010-12-07,33.090000
2010-12-08,32.430000
2010-12-09,33.167500
2010-12-10,34.130000
2010-12-13,33.950000
2010-12-14,34.200000
2010-12-15,34.380000
2010-12-16,34.590000
2010-12-17,35.450000
2010-12-20,35.560000
2010-12-21,36.320000
2010-12-22,35.110000
2010-12-23,35.390000
2010-12-27,35.260000
2010-12-28,35.260000
2010-12-29,35.470000
2010-12-30,35.340000
2010-12-31,35.030000
2011-01-04,35.490000
2011-01-05,36.840000
2011-01-06,36.200000
2011-01-07,36.160000
2011-01-10,36.290000
2011-01-11,36.790000
2011-01-12,37.210000
2011-01-13,38.550000
2011-01-14,39.420000
2011-01-18,40.000000
2011-01-19,39.450000
2011-01-20,39.900000
2011-01-21,40.060000
2011-01-24,40.430000
2011-01-25,40.200000
2011-01-26,39.750000
2011-01-27,39.390000
2011-01-28,39.010500
2011-01-31,38.890000
2011-02-01,38.850000
2011-02-02,38.970000
2011-02-03,38.800000
2011-02-04,39.460000
2011-02-07,38.330000
2011-02-08,38.480000
2011-02-09,38.130000
2011-02-10,38.160000
2011-02-11,38.460000
2011-02-14,38.970000
2011-02-15,39.490000
2011-02-16,39.650000
2011-02-17,39.850000
2011-02-18,39.160000
2011-02-22,38.220000
2011-02-23,43.970000
2011-02-24,43.580000
2011-02-25,44.840000
2011-02-28,46.670000
2011-03-01,46.045000
2011-03-02,47.280000
2011-03-03,49.950000
2011-03-04,51.070000
2011-03-07,49.620000
2011-03-08,46.800000
2011-03-09,47.430000
2011-03-10,44.800000
2011-03-11,46.450000
2011-03-14,45.440000
2011-03-15,45.710000
2011-03-16,44.250000
2011-03-17,44.550000
2011-03-18,44.390000
2011-03-21,45.290000
2011-03-22,46.160000
2011-03-23,46.080000
2011-03-24,46.910000
2011-03-25,46.580000
2011-03-28,47.340000
2011-03-29,48.900000
2011-03-30,48.480000
2011-03-31,47.930000
2011-04-01,47.590000
2011-04-04,47.490000
2011-04-05,46.740000
2011-04-06,46.420000
2011-04-07,46.910000
2011-04-08,48.160000
2011-04-11,48.220000
2011-04-12,47.970000
2011-04-13,47.400000
2011-04-14,47.590000
2011-04-15,48.020000
2011-04-18,46.990000
2011-04-19,46.820000
2011-04-20,47.980000
2011-04-21,49.370000
2011-04-25,48.040000
2011-04-26,52.920000
2011-04-27,55.540000
2011-04-28,55.540000
2011-04-29,55.050000
2011-05-02,55.050000
2011-05-03,54.740000
2011-05-04,55.310000
2011-05-05,53.190000
2011-05-06,54.540000
2011-05-09,57.650000
2011-05-10,57.050000
2011-05-11,56.250000
2011-05-12,58.010000
2011-05-13,57.480000
2011-05-16,57.270000
2011-05-17,56.510000
2011-05-18,55.420000
2011-05-19,54.790000
2011-05-20,55.000000
2011-05-23,55.810000
2011-05-24,56.260000
2011-05-25,55.570000
2011-05-26,54.280000
2011-05-27,53.540000
2011-05-31,53.990000
2011-06-01,53.020000
2011-06-02,54.500000
2011-06-03,54.760000
2011-06-06,54.370000
2011-06-07,54.170000
2011-06-08,53.140000
2011-06-09,48.070000
2011-06-10,48.200000
2011-06-13,47.235000
2011-06-14,46.780000
2011-06-15,46.420000
2011-06-16,45.590000
2011-06-17,45.010000
2011-06-20,45.160000
2011-06-21,45.850000
2011-06-22,47.210000
2011-06-23,48.020000
2011-06-24,48.590000
2011-06-27,48.720000
2011-06-28,50.730000
2011-06-29,52.270000
2011-06-30,51.990000
2011-07-01,51.700000
2011-07-05,52.190000
2011-07-06,50.170000
2011-07-07,50.130000
2011-07-08,50.670000
2011-07-11,50.270000
2011-07-12,51.410000
2011-07-13,51.490000
2011-07-14,50.330000
2011-07-15,50.680000
2011-07-18,49.570000
2011-07-19,50.920000
2011-07-20,50.200000
2011-07-21,51.170000
2011-07-22,50.980000
2011-07-25,49.450000
2011-07-26,49.550000
2011-07-27,47.920000
2011-07-28,47.980000
2011-07-29,51.860000
2011-08-01,50.940000
2011-08-02,49.050000
2011-08-03,47.900000
2011-08-04,44.190000
2011-08-05,43.000000
2011-08-08,40.000000
2011-08-09,44.450000
2011-08-10,41.780000
2011-08-11,43.370000
2011-08-12,44.490000
2011-08-15,46.310000
2011-08-16,46.160000
2011-08-17,46.650000
2011-08-18,45.290000
2011-08-19,46.490000
2011-08-22,45.480000
2011-08-23,46.980000
2011-08-24,46.530000
2011-08-25,45.410000
2011-08-26,45.260000
2011-08-29,43.950000
2011-08-30,45.270000
2011-08-31,45.270000
2011-09-01,45.110000
2011-09-02,44.590000
2011-09-06,45.570000
2011-09-07,46.940000
2011-09-08,47.570000
2011-09-09,45.810000
2011-09-12,47.780000
2011-09-13,50.210000
2011-09-14,50.550000
2011-09-15,50.120000
2011-09-16,50.520000
2011-09-19,50.180000
2011-09-20,52.050000
2011-09-21,53.180000
2011-09-22,49.310000
2011-09-23,50.730000
2011-09-26,48.880000
2011-09-27,47.700000
2011-09-28,45.690000
2011-09-29,44.510000
2011-09-30,44.460000
2011-10-03,40.490000
2011-10-04,43.290000
2011-10-05,45.120000
2011-10-06,44.630000
2011-10-07,44.440000
2011-10-10,40.410000
2011-10-11,39.950000
2011-10-12,40.240000
2011-10-13,43.880000
2011-10-14,43.280000
2011-10-17,40.090000
2011-10-18,40.940000
2011-10-19,40.170000
2011-10-20,42.280000
2011-10-21,41.740000
2011-10-24,44.010000
2011-10-25,43.330000
2011-10-26,42.890000
2011-10-27,42.580000
2011-10-28,41.580000
2011-10-31,39.590000
2011-11-01,37.780000
2011-11-02,36.900000
2011-11-03,36.630000
2011-11-04,36.630000
2011-11-07,33.220000
2011-11-08,30.450000
2011-11-09,30.860000
2011-11-10,31.980000
2011-11-11,31.390000
2011-11-14,30.030000
2011-11-15,29.700000
2011-11-16,29.260000
2011-11-17,29.010000
2011-11-18,28.290000
2011-11-21,27.560000
2011-11-22,27.920000
2011-11-23,26.940000
2011-11-25,26.600000
2011-11-28,27.240000
2011-11-29,27.330000
2011-11-30,28.990000
2011-12-01,29.390000
2011-12-02,29.250000
2011-12-05,29.600000
2011-12-06,29.660000
2011-12-07,29.650000
2011-12-08,28.560000
2011-12-09,29.370000
2011-12-12,29.350000
2011-12-13,28.660000
2011-12-14,30.540000
2011-12-15,31.430000
2011-12-16,33.910000
2011-12-19,33.210000
2011-12-20,33.405000
2011-12-21,32.990000
2011-12-22,33.020000
2011-12-23,32.840000
2011-12-27,33.250000
2011-12-28,32.440000
2011-12-29,32.760000
2011-12-30,33.210000
2012-01-03,32.230000
2012-01-04,32.200000
2012-01-05,33.120000
2012-01-06,34.050000
2012-01-09,35.680000
2012-01-10,36.320000
2012-01-11,37.320000
2012-01-12,37.070000
2012-01-13,36.810000
2012-01-17,36.510000
2012-01-18,37.470000
2012-01-19,36.970000
2012-01-20,36.310000
2012-01-23,35.860000
2012-01-24,34.990000
2012-01-25,35.460000
2012-01-26,35.720000
2012-01-27,35.980000
2012-01-30,34.740000
2012-01-31,36.950000
2012-02-01,37.830000
2012-02-02,38.380000
2012-02-03,36.780000
2012-02-06,38.245000
2012-02-07,37.590000
2012-02-08,36.780000
2012-02-09,37.040000
2012-02-10,36.130000
2012-02-13,36.150000
2012-02-14,36.130000
2012-02-15,36.480000
2012-02-16,37.490000
2012-02-17,39.240000
2012-02-21,37.770000
2012-02-22,37.600000
2012-02-23,38.640000
2012-02-24,38.390000
2012-02-27,38.690000
2012-02-28,38.250000
2012-02-29,38.920000
2012-03-01,40.370000
2012-03-02,40.730000
2012-03-05,40.400000
2012-03-06,39.690000
2012-03-07,40.730000
2012-03-08,41.660000
2012-03-09,41.790000
2012-03-12,41.620000
2012-03-13,41.720000
2012-03-14,41.320000
2012-03-15,42.810000
2012-03-16,42.940000
2012-03-19,41.640000
2012-03-20,40.920000
2012-03-21,41.090000
2012-03-22,40.640000
2012-03-23,41.340000
2012-03-26,40.930000
2012-03-27,40.950000
2012-03-28,40.440000
2012-03-29,40.540000
2012-03-30,41.010000
2012-04-02,40.480000
2012-04-03,41.800000
2012-04-04,40.570000
2012-04-05,40.050000
2012-04-09,38.110000
2012-04-10,36.560000
2012-04-11,37.030000
2012-04-12,37.710000
2012-04-13,36.170000
2012-04-16,35.490000
2012-04-17,36.420000
2012-04-18,35.560000
2012-04-19,36.660000
2012-04-20,36.580000
2012-04-23,36.670000
2012-04-24,36.590000
2012-04-25,37.670000
2012-04-26,37.520000
2012-04-27,38.620000
2012-04-30,38.480000
2012-05-01,38.450000
2012-05-02,38.360000
2012-05-03,38.110000
2012-05-04,37.410000
2012-05-07,58.120000
2012-05-08,64.160000
2012-05-09,60.350000
2012-05-10,60.190000
2012-05-11,62.020000
2012-05-14,64.700000
2012-05-15,63.380000
2012-05-16,62.610000
2012-05-17,61.270000
2012-05-18,61.340000
2012-05-21,62.100000
2012-05-22,63.090000
2012-05-23,63.940000
2012-05-24,64.090000
2012-05-25,64.850000
2012-05-29,57.800000
2012-05-30,60.180000
2012-05-31,60.040000
2012-06-01,59.560000
2012-06-04,57.700000
2012-06-05,58.560000
2012-06-06,57.840000
2012-06-07,56.770000
2012-06-08,56.980000
2012-06-11,54.900000
2012-06-12,55.950000
2012-06-13,55.460000
2012-06-14,55.940000
2012-06-15,56.540000
2012-06-18,57.770000
2012-06-19,57.230000
2012-06-20,59.150000
2012-06-21,57.600000
2012-06-22,60.610000
2012-06-25,58.430000
2012-06-26,59.630000
2012-06-27,61.110000
2012-06-28,51.180000
2012-06-29,55.920000
2012-07-02,55.560000
2012-07-03,55.460000
2012-07-05,55.510000
2012-07-06,54.660000
2012-07-09,54.140000
2012-07-10,54.160000
2012-07-11,52.760000
2012-07-12,52.940000
2012-07-13,53.550000
2012-07-16,52.400000
2012-07-17,52.710000
2012-07-18,53.610000
2012-07-19,52.100000
2012-07-20,51.270000
2012-07-23,49.770000
2012-07-24,48.365000
2012-07-25,49.080000
2012-07-26,49.080000
2012-07-27,49.320000
2012-07-30,49.960000
2012-07-31,48.510000
2012-08-01,49.160000
2012-08-02,49.620000
2012-08-03,49.340000
2012-08-06,51.940000
2012-08-07,51.510000
2012-08-08,50.810000
2012-08-09,51.510000
2012-08-10,51.660000
2012-08-13,51.420000
2012-08-14,53.530000
2012-08-15,54.420000
2012-08-16,54.480000
2012-08-17,54.780000
2012-08-20,54.880000
2012-08-21,54.630000
2012-08-22,54.670000
2012-08-23,53.870000
2012-08-24,53.560000
2012-08-27,53.510000
2012-08-28,54.090000
2012-08-29,53.320000
2012-08-30,53.280000
2012-08-31,53.330000
2012-09-04,54.530000
2012-09-05,54.990000
2012-09-06,57.440000
2012-09-07,57.100000
2012-09-10,56.630000
2012-09-11,56.050000
2012-09-12,55.740000
2012-09-13,56.210000
2012-09-14,58.080000
2012-09-17,57.540000
2012-09-18,57.450000
2012-09-19,57.900000
2012-09-20,58.130000
2012-09-21,59.040000
2012-09-24,58.720000
2012-09-25,56.260000
2012-09-26,54.765000
2012-09-27,55.660000
2012-09-28,55.890000
2012-10-01,56.440000
2012-10-02,57.280000
2012-10-03,57.760000
2012-10-04,59.390000
2012-10-05,59.420000
2012-10-08,58.490000
2012-10-09,58.480000
2012-10-10,57.000000
2012-10-11,56.880000
2012-10-12,53.530000
2012-10-15,53.240000
2012-10-16,53.290000
2012-10-17,53.950000
2012-10-18,52.625000
2012-10-19,50.240000
2012-10-22,49.870000
2012-10-23,49.630000
2012-10-24,49.500000
2012-10-25,50.110000
2012-10-26,49.560000
2012-10-31,48.280000
2012-11-01,50.480000
2012-11-02,45.009900
2012-11-05,46.410000
2012-11-06,46.150000
2012-11-07,45.528500
2012-11-08,44.610000
2012-11-09,45.010000
2012-11-12,44.000000
2012-11-13,44.100000
2012-11-14,42.160000
2012-11-15,40.660000
2012-11-16,41.220000
2012-11-19,41.430000
2012-11-20,42.160000
2012-11-21,41.110000
2012-11-23,41.460000
2012-11-26,40.500000
2012-11-27,39.980000
2012-11-28,39.530000
2012-11-29,39.740000
2012-11-30,39.790000
2012-12-03,39.080000
2012-12-04,39.485000
2012-12-05,39.180000
2012-12-06,39.096600
2012-12-07,38.880000
2012-12-10,40.250000
2012-12-11,41.840000
2012-12-12,42.250000
2012-12-13,42.150000
2012-12-14,41.790000
2012-12-17,41.810000
2012-12-18,43.330000
2012-12-19,43.020000
2012-12-20,43.340000
2012-12-21,43.040000
2012-12-24,42.490000
2012-12-26,41.750000
2012-12-27,41.760000
2012-12-28,40.940000
2012-12-31,41.900000
2013-01-02,43.650000
2013-01-03,45.150000
2013-01-04,45.850000
2013-01-07,47.290000
2013-01-08,48.500000
2013-01-09,48.250000
2013-01-10,46.800000
2013-01-11,47.310000
2013-01-14,47.340000
2013-01-15,47.080000
2013-01-16,46.450000
2013-01-17,46.790000
2013-01-18,46.310000
2013-01-22,47.070000
2013-01-23,46.500000
2013-01-24,47.320000
2013-01-25,46.850000
2013-01-28,45.920000
2013-01-29,46.390000
2013-01-30,44.650000
2013-01-31,44.780000
2013-02-01,45.440000
2013-02-04,44.630000
2013-02-05,45.600000
2013-02-06,45.860000
2013-02-07,45.650000
2013-02-08,46.000000
2013-02-11,45.700000
2013-02-12,45.890000
2013-02-13,46.480000
2013-02-14,45.660000
2013-02-15,45.610000
2013-02-19,46.520000
2013-02-20,45.441000
2013-02-21,44.820000
2013-02-22,45.910000
2013-02-25,44.860000
2013-02-26,44.180000
2013-02-27,46.970000
2013-02-28,46.820000
2013-03-01,46.170000
2013-03-04,46.310000
2013-03-05,48.330000
2013-03-06,49.510000
2013-03-07,50.170000
2013-03-08,52.810000
2013-03-11,52.550000
2013-03-12,52.410000
2013-03-13,52.770000
2013-03-14,52.790000
2013-03-15,52.310000
2013-03-18,51.370000
2013-03-19,51.900000
2013-03-20,52.480000
2013-03-21,52.240000
2013-03-22,53.740000
2013-03-25,54.255000
2013-03-26,54.340000
2013-03-27,54.830000
2013-03-28,54.970000
2013-04-01,54.000000
2013-04-02,53.930000
2013-04-03,52.630000
2013-04-04,52.950000
2013-04-05,53.230000
2013-04-08,52.740000
2013-04-09,52.600000
2013-04-10,54.840000
2013-04-11,54.830000
2013-04-12,55.740000
2013-04-15,54.060000
2013-04-16,54.390000
2013-04-17,54.045000
2013-04-18,52.870000
2013-04-19,85.600000
2013-04-22,82.330000
2013-04-23,83.530000
2013-04-24,81.050000
2013-04-25,80.320000
2013-04-26,79.020000
2013-04-29,78.330000
2013-04-30,76.820000
2013-05-01,76.830000
2013-05-02,77.720000
2013-05-03,75.990000
2013-05-06,77.250000
2013-05-07,76.401000
2013-05-08,75.430000
2013-05-09,76.780000
2013-05-10,80.430000
2013-05-13,80.150000
2013-05-14,81.010000
2013-05-15,79.420000
2013-05-16,77.890000
2013-05-17,79.490000
2013-05-20,77.380000
2013-05-21,79.470000
2013-05-22,78.430000
2013-05-23,78.480000
2013-05-24,78.400000
2013-05-28,78.020000
2013-05-29,78.390000
2013-05-30,83.140000
2013-05-31,80.330000
2013-06-03,79.330000
2013-06-04,78.360000
2013-06-05,76.950000
2013-06-06,78.020000
2013-06-07,82.810000
2013-06-10,83.140000
2013-06-11,81.400000
2013-06-12,80.230000
2013-06-13,82.660000
2013-06-14,80.310000
2013-06-17,78.750000
2013-06-18,78.800000
2013-06-19,77.870000
2013-06-20,76.161000
2013-06-21,75.978000
2013-06-24,76.670000
2013-06-25,78.100000
2013-06-26,80.320000
2013-06-27,80.530000
2013-06-28,80.060000
2013-07-01,80.430000
2013-07-02,79.520000
2013-07-03,80.630000
2013-07-05,82.430000
2013-07-08,80.380000
2013-07-09,79.990000
2013-07-10,81.640000
2013-07-11,84.700000
2013-07-12,87.790000
2013-07-15,86.750000
2013-07-16,85.490000
2013-07-17,85.510000
2013-07-18,86.790000
2013-07-19,88.510000
2013-07-22,88.240000
2013-07-23,86.550000
2013-07-24,85.260000
2013-07-25,87.620000
2013-07-26,80.710000
2013-07-29,79.660000
2013-07-30,81.910000
2013-07-31,79.800000
2013-08-01,80.720000
2013-08-02,79.440000
2013-08-05,78.990000
2013-08-06,77.330000
2013-08-07,78.050000
2013-08-08,77.670000
2013-08-09,77.150000
2013-08-12,77.480000
2013-08-13,77.530000
2013-08-14,78.250000
2013-08-15,76.960000
2013-08-16,76.506000
2013-08-19,75.280000
2013-08-20,76.550000
2013-08-21,76.350000
2013-08-22,78.400000
2013-08-23,77.780000
2013-08-26,77.950000
2013-08-27,75.000000
2013-08-28,75.940000
2013-08-29,77.250000
2013-08-30,75.150000
2013-09-03,75.380000
2013-09-04,78.303000
2013-09-05,78.380000
2013-09-06,78.990000
2013-09-09,81.930000
2013-09-10,81.320000
2013-09-11,79.810000
2013-09-12,81.400000
2013-09-13,78.250000
2013-09-16,76.180000
2013-09-17,78.030000
2013-09-18,77.110000
2013-09-19,76.290000
2013-09-20,76.150000
2013-09-23,75.589000
2013-09-24,74.530000
2013-09-25,74.670000
2013-09-26,76.530000
2013-09-27,76.098000
2013-09-30,75.820000
2013-10-01,77.020000
2013-10-02,76.740000
2013-10-03,77.160000
2013-10-04,77.210000
2013-10-07,75.480000
2013-10-08,72.220000
2013-10-09,70.150000
2013-10-10,70.990000
2013-10-11,70.920000
2013-10-14,73.710000
2013-10-15,73.350000
2013-10-16,75.460000
2013-10-17,76.860000
2013-10-18,77.060000
2013-10-21,74.640000
2013-10-22,77.620000
2013-10-23,75.610000
2013-10-24,76.910000
2013-10-25,76.830000
2013-10-28,77.830000
2013-10-29,76.090000
2013-10-30,71.750000
2013-10-31,71.350000
2013-11-01,67.360000
2013-11-04,66.210000
2013-11-05,65.382000
2013-11-06,62.600000
2013-11-07,61.025000
2013-11-08,61.060000
2013-11-11,60.550000
2013-11-12,60.180000
2013-11-13,61.200000
2013-11-14,61.030000
2013-11-15,63.390000
2013-11-18,61.690000
2013-11-19,62.380000
2013-11-20,65.140000
2013-11-21,66.230000
2013-11-22,66.280000
2013-11-25,67.960000
2013-11-26,68.370000
2013-11-27,68.320000
2013-11-29,69.420000
2013-12-02,69.250000
2013-12-03,67.660000
2013-12-04,67.330000
2013-12-05,66.450000
2013-12-06,66.450000
2013-12-09,66.750000
2013-12-10,66.230000
2013-12-11,64.390000
2013-12-12,65.360000
2013-12-13,65.180000
2013-12-16,64.760000
2013-12-17,65.580000
2013-12-18,68.630000
2013-12-19,69.950000
2013-12-20,71.830000
2013-12-23,73.480000
2013-12-24,73.490000
2013-12-26,73.810000
2013-12-27,73.450000
2013-12-30,73.890000
2013-12-31,74.300000
2014-01-02,73.830000
2014-01-03,73.450000
2014-01-06,75.500000
2014-01-07,74.490000
2014-01-08,75.230000
2014-01-09,76.320000
2014-01-10,78.210000
2014-01-13,77.040000
2014-01-14,79.380000
2014-01-15,78.770000
2014-01-16,81.000000
2014-01-17,82.090000
2014-01-21,85.480000
2014-01-22,84.120000
2014-01-23,83.830000
2014-01-24,79.770000
2014-01-27,79.370000
2014-01-28,79.300000
2014-01-29,78.820000
2014-01-30,82.150000
2014-01-31,79.040000
2014-02-03,77.630000
2014-02-04,79.150000
2014-02-05,77.410000
2014-02-06,78.170000
2014-02-07,81.410000
2014-02-10,82.170000
2014-02-11,84.980000
2014-02-12,83.900000
2014-02-13,85.000000
2014-02-14,81.610000
2014-02-18,82.000000
2014-02-19,82.600000
2014-02-20,84.010000
2014-02-21,84.810000
2014-02-24,83.950000
2014-02-25,84.620000
2014-02-26,83.950000
2014-02-27,83.160000
2014-02-28,80.860000
2014-03-03,81.560000
2014-03-04,83.120000
2014-03-05,82.960000
2014-03-06,79.940000
2014-03-07,79.940000
2014-03-10,79.650000
2014-03-11,79.190000
2014-03-12,79.870000
2014-03-13,77.860000
2014-03-14,78.320000
2014-03-17,77.700000
2014-03-18,79.000000
2014-03-19,77.800000
2014-03-20,77.770000
2014-03-21,73.830000
2014-03-24,72.440000
2014-03-25,71.900000
2014-03-26,70.440000
2014-03-27,70.780000
2014-03-28,67.800000
2014-03-31,70.720000
2014-04-01,71.870000
2014-04-02,72.300000
2014-04-03,69.120000
2014-04-04,65.840000
2014-04-07,66.400000
2014-04-08,65.350000
2014-04-09,69.950000
2014-04-10,65.690000
2014-04-11,63.060000
2014-04-14,62.440000
2014-04-15,63.250000
2014-04-16,64.390000
2014-04-17,64.170000
2014-04-21,65.470000
2014-04-22,68.300000
2014-04-23,66.920000
2014-04-24,66.180000
2014-04-25,64.190000
2014-04-28,64.510000
2014-04-29,67.570000
2014-04-30,67.700000
2014-05-01,68.950000
2014-05-02,66.370000
2014-05-05,68.410000
2014-05-06,66.560000
2014-05-07,65.170000
2014-05-08,63.800000
2014-05-09,65.050000
2014-05-12,67.740000
2014-05-13,66.710000
2014-05-14,67.690000
2014-05-15,65.460000
2014-05-16,65.030000
2014-05-19,67.220000
2014-05-20,65.490000
2014-05-21,67.150000
2014-05-22,71.180000
2014-05-23,71.040000
2014-05-27,73.360000
2014-05-28,71.720000
2014-05-29,72.810000
2014-05-30,72.260000
2014-06-02,72.630000
2014-06-03,72.960000
2014-06-04,72.640000
2014-06-05,73.060000
2014-06-06,73.490000
2014-06-09,74.610000
2014-06-10,74.040000
2014-06-11,74.244000
2014-06-12,73.500000
2014-06-13,73.490000
2014-06-16,67.120000
2014-06-17,65.890000
2014-06-18,65.080000
2014-06-19,64.630000
2014-06-20,64.960000
2014-06-23,66.610000
2014-06-24,93.530000
2014-06-25,89.860000
2014-06-26,93.170000
2014-06-27,93.770000
2014-06-30,94.680000
2014-07-01,95.850000
2014-07-02,98.030000
2014-07-03,98.800000
2014-07-07,96.840000
2014-07-08,95.040000
2014-07-09,98.100000
2014-07-10,97.820000
2014-07-11,99.070000
2014-07-14,98.380000
2014-07-15,96.530000
2014-07-16,96.830000
2014-07-17,94.490000
2014-07-18,97.200000
2014-07-21,96.310000
2014-07-22,97.740000
2014-07-23,98.140000
2014-07-24,95.770000
2014-07-25,95.750000
2014-07-28,95.560000
2014-07-29,95.560000
2014-07-30,92.010000
2014-07-31,88.910000
2014-08-01,87.530000
2014-08-04,86.690000
2014-08-05,87.000000
2014-08-06,86.810000
2014-08-07,84.740000
2014-08-08,86.420000
2014-08-11,86.200000
2014-08-12,85.410000
2014-08-13,88.750000
2014-08-14,90.370000
2014-08-15,90.880000
2014-08-18,91.300000
2014-08-19,91.920000
2014-08-20,91.300000
2014-08-21,88.990000
2014-08-22,90.220000
2014-08-25,91.760000
2014-08-26,93.640000
2014-08-27,93.030000
2014-08-28,92.800000
2014-08-29,93.570000
2014-09-02,92.960000
2014-09-03,92.820000
2014-09-04,91.550000
2014-09-05,95.040000
2014-09-08,94.490000
2014-09-09,93.120000
2014-09-10,94.740000
2014-09-11,94.250000
2014-09-12,92.990000
2014-09-15,92.130000
2014-09-16,93.860000
2014-09-17,94.500000
2014-09-18,97.350000
2014-09-19,103.750000
2014-09-22,104.710000
2014-09-23,104.840000
2014-09-24,111.980000
2014-09-25,110.280000
2014-09-26,113.600000
2014-09-29,113.900000
2014-09-30,112.310000
2014-10-01,107.250000
2014-10-02,104.800000
2014-10-03,108.590000
2014-10-06,105.760000
2014-10-07,102.830000
2014-10-08,107.020000
2014-10-09,105.270000
2014-10-10,104.730000
2014-10-13,105.910000
2014-10-14,104.260000
2014-10-15,101.100000
2014-10-16,101.260000
2014-10-17,102.350000
2014-10-20,104.770000
2014-10-21,108.160000
2014-10-22,106.170000
2014-10-23,108.090000
2014-10-24,109.910000
2014-10-27,111.590000
2014-10-28,114.070000
2014-10-29,109.910000
2014-10-30,110.850000
2014-10-31,112.640000
2014-11-03,112.980000
2014-11-04,114.100000
2014-11-05,111.590000
2014-11-06,117.290000
2014-11-07,115.930000
2014-11-10,116.940000
2014-11-11,117.490000
2014-11-12,116.680000
2014-11-13,112.720000
2014-11-14,111.340000
2014-11-17,111.620000
2014-11-18,111.040000
2014-11-19,112.800000
2014-11-20,112.890000
2014-11-21,111.400000
2014-11-24,113.800000
2014-11-25,114.190000
2014-11-26,115.390000
2014-11-28,117.880000
2014-12-01,116.850000
2014-12-02,118.950000
2014-12-03,120.180000
2014-12-04,118.710000
2014-12-05,117.950000
2014-12-08,119.380000
2014-12-09,120.300000
2014-12-10,117.200000
2014-12-11,120.780000
2014-12-12,118.550000
2014-12-15,112.880000
2014-12-16,110.855000
2014-12-17,111.850000
2014-12-18,117.740000
2014-12-19,118.900000
2014-12-22,116.680000
2014-12-23,113.750000
2014-12-24,115.150000
2014-12-26,118.410000
2014-12-29,119.790000
2014-12-30,119.150000
2014-12-31,118.800000
2015-01-02,123.070000
2015-01-05,121.030000
2015-01-06,117.360000
2015-01-07,120.660000
2015-01-08,123.970000
2015-01-09,122.210000
2015-01-12,118.310000
2015-01-13,120.600000
2015-01-14,120.380000
2015-01-15,117.780000
2015-01-16,122.860000
2015-01-20,124.740000
2015-01-21,125.085000
2015-01-22,127.300000
2015-01-23,125.570000
2015-01-26,125.120000
2015-01-27,123.670000
2015-01-28,121.260000
2015-01-29,114.140000
2015-01-30,110.140000
2015-02-02,111.180000
2015-02-03,108.720000
2015-02-04,109.270000
2015-02-05,111.590000
2015-02-06,108.660000
2015-02-09,107.880000
2015-02-10,108.430000
2015-02-11,108.620000
2015-02-12,109.630000
2015-02-13,113.660000
2015-02-17,113.400000
2015-02-18,113.570000
2015-02-19,111.970000
2015-02-20,118.610000
2015-02-23,117.120000
2015-02-24,116.920000
2015-02-25,118.840000
2015-02-26,119.970000
2015-02-27,119.430000
2015-03-02,120.170000
2015-03-03,123.520000
2015-03-04,120.050000
2015-03-05,126.960000
2015-03-06,126.340000
2015-03-09,126.980000
2015-03-10,124.140000
2015-03-11,122.640000
2015-03-12,123.310000
2015-03-13,124.000000
2015-03-16,127.730000
2015-03-17,129.150000
2015-03-18,129.790000
2015-03-19,134.250000
2015-03-20,131.000000
2015-03-23,125.790000
2015-03-24,124.335000
2015-03-25,118.640000
2015-03-26,117.600000
2015-03-27,120.340000
2015-03-30,121.250000
2015-03-31,117.970000
2015-04-01,116.430000
2015-04-02,117.230000
2015-04-06,118.250000
2015-04-07,120.470000
2015-04-08,123.790000
2015-04-09,125.640000
2015-04-10,128.470000
2015-04-13,127.810000
2015-04-14,128.730000
2015-04-15,129.200000
2015-04-16,128.940000
2015-04-17,125.070000
2015-04-20,125.550000
2015-04-21,132.200000
2015-04-22,132.850000
2015-04-23,135.820000
2015-04-24,133.200000
2015-04-27,127.880000
2015-04-28,125.470000
2015-04-29,123.760000
2015-04-30,123.280000
2015-05-01,125.600000
2015-05-04,126.300000
2015-05-05,122.150000
2015-05-06,122.930000
2015-05-07,125.050000
2015-05-08,127.410000
2015-05-11,124.080000
2015-05-12,124.080000
2015-05-13,125.520000
2015-05-14,123.000000
2015-05-15,126.210000
2015-05-18,127.310000
2015-05-19,128.310000
2015-05-20,126.750000
2015-05-21,125.050000
2015-05-22,125.080000
2015-05-26,122.630000
2015-05-27,127.800000
2015-05-28,127.400000
2015-05-29,128.290000
2015-06-01,126.800000
2015-06-02,124.800000
2015-06-03,126.920000
2015-06-04,126.940000
2015-06-05,127.350000
2015-06-08,125.520000
2015-06-09,124.080000
2015-06-10,125.180000
2015-06-11,126.350000
2015-06-12,124.360000
2015-06-15,123.495000
2015-06-16,123.340000
2015-06-17,124.045000
2015-06-18,127.630000
2015-06-19,128.040000
2015-06-22,129.030000
2015-06-23,131.620000
2015-06-24,129.590000
2015-06-25,128.350000
2015-06-26,126.870000
2015-06-29,122.030000
2015-06-30,123.480000
2015-07-01,126.190000
2015-07-02,131.260000
2015-07-06,128.830000
2015-07-07,127.480000
2015-07-08,121.540000
2015-07-09,120.890000
2015-07-10,122.950000
2015-07-13,124.240000
2015-07-14,129.440000
2015-07-15,133.530000
2015-07-16,133.900000
2015-07-17,134.170000
2015-07-20,133.470000
2015-07-21,130.970000
2015-07-22,131.020000
2015-07-23,130.850000
2015-07-24,125.500000
2015-07-27,123.230000
2015-07-28,128.300000
2015-07-29,125.620000
2015-07-30,135.460000
2015-07-31,135.000000
2015-08-03,136.990000
2015-08-04,140.300000
2015-08-05,141.220000
2015-08-06,139.440000
2015-08-07,137.740000
2015-08-10,139.630000
2015-08-11,135.870000
2015-08-12,137.640000
2015-08-13,137.370000
2015-08-14,136.880000
2015-08-17,139.610000
2015-08-18,139.760000
2015-08-19,141.480000
2015-08-20,132.910000
2015-08-21,125.470000
2015-08-24,119.270000
2015-08-25,121.170000
2015-08-26,130.110000
2015-08-27,133.750000
2015-08-28,134.050000
2015-08-31,127.520000
2015-09-01,124.040000
2015-09-02,129.000000
2015-09-03,126.530000
2015-09-04,126.990000
2015-09-08,133.110000
2015-09-09,129.950000
2015-09-10,132.000000
2015-09-11,134.060000
2015-09-14,134.850000
2015-09-15,135.450000
2015-09-16,133.660000
2015-09-17,135.190000
2015-09-18,124.160000
2015-09-21,118.190000
2015-09-22,114.410000
2015-09-23,111.860000
2015-09-24,111.110000
2015-09-25,103.280000
2015-09-28,98.500000
2015-09-29,99.830000
2015-09-30,104.140000
2015-10-01,107.230000
2015-10-02,115.180000
2015-10-05,114.520000
2015-10-06,109.460000
2015-10-07,109.400000
2015-10-08,109.030000
2015-10-09,110.000000
2015-10-12,113.250000
2015-10-13,109.400000
2015-10-14,113.300000
2015-10-15,115.790000
2015-10-16,114.320000
2015-10-19,115.880000
2015-10-20,110.250000
2015-10-21,109.620000
2015-10-22,109.490000
2015-10-23,114.370000
2015-10-26,114.770000
2015-10-27,121.010000
2015-10-28,120.100000
2015-10-29,126.170000
2015-10-30,124.740000
2015-11-02,126.940000
2015-11-03,128.360000
2015-11-04,124.900000
2015-11-05,121.910000
2015-11-06,117.960000
2015-11-09,118.850000
2015-11-10,118.900000
2015-11-11,118.200000
2015-11-12,117.300000
2015-11-13,123.050000
2015-11-16,125.280000
2015-11-17,128.260000
2015-11-18,133.260000
2015-11-19,130.080000
2015-11-20,130.550000
2015-11-23,132.290000
2015-11-24,133.130000
2015-11-25,131.970000
2015-11-27,133.060000
2015-11-30,129.360000
2015-12-01,130.360000
2015-12-02,130.410000
2015-12-03,122.060000
2015-12-04,125.170000
2015-12-07,121.790000
2015-12-08,123.290000
2015-12-09,120.630000
2015-12-10,121.870000
2015-12-11,117.640000
2015-12-14,115.700000
2015-12-15,117.280000
2015-12-16,118.530000
2015-12-17,117.940000
2015-12-18,116.510000
2015-12-21,120.560000
2015-12-22,122.740000
2015-12-23,123.800000
2015-12-24,124.840000
2015-12-28,123.950000
2015-12-29,127.870000
2015-12-30,126.400000
2015-12-31,125.830000
2016-01-04,122.890000
2016-01-05,123.450000
2016-01-06,122.230000
2016-01-07,114.960000
2016-01-08,110.710000
2016-01-11,103.950000
2016-01-12,103.640000
2016-01-13,96.370000
2016-01-14,101.910000
2016-01-15,97.910000
2016-01-19,94.990000
2016-01-20,96.990000
2016-01-21,95.070000
2016-01-22,94.710000
2016-01-25,92.120000
2016-01-26,92.200000
2016-01-27,92.500000
2016-01-28,92.760000
2016-01-29,90.750000
2016-02-01,92.390000
2016-02-02,90.980000
2016-02-03,93.880000
2016-02-04,91.720000
2016-02-05,86.610000
2016-02-08,82.000000
2016-02-09,80.140000
2016-02-10,81.730000
2016-02-11,79.710000
2016-02-12,83.230000
2016-02-16,85.370000
2016-02-17,88.250000
2016-02-18,86.640000
2016-02-19,88.080000
2016-02-22,89.000000
2016-02-23,85.280000
2016-02-24,86.770000
2016-02-25,85.530000
2016-02-26,87.000000
2016-02-29,85.490000
2016-03-01,89.570000
2016-03-02,92.520000
2016-03-03,89.450000
2016-03-04,88.360000
2016-03-07,90.950000
2016-03-08,86.910000
2016-03-09,84.630000
2016-03-10,82.280000
2016-03-11,86.260000
2016-03-14,85.590000
2016-03-15,82.830000
2016-03-16,79.300000
2016-03-17,79.180000
2016-03-18,82.520000
2016-03-21,84.020000
2016-03-22,86.780000
2016-03-23,80.150000
2016-03-24,80.580000
2016-03-28,78.700000
2016-03-29,79.240000
2016-03-30,78.400000
2016-03-31,79.490000
2016-04-01,79.150000
2016-04-04,82.870000
2016-04-05,84.160000
2016-04-06,91.310000
2016-04-07,86.300000
2016-04-08,85.250000
2016-04-11,84.470000
2016-04-12,83.370000
2016-04-13,85.180000
2016-04-14,87.080000
2016-04-15,81.750000
2016-04-18,83.220000
2016-04-19,83.210000
2016-04-20,84.110000
2016-04-21,86.810000
2016-04-22,86.800000
2016-04-25,85.660000
2016-04-26,84.140000
2016-04-27,84.500000
2016-04-28,86.750000
2016-04-29,84.340000
2016-05-02,83.000000
2016-05-03,82.160000
2016-05-04,80.630000
2016-05-05,84.000000
2016-05-06,85.540000
2016-05-09,88.060000
2016-05-10,89.080000
2016-05-11,83.630000
2016-05-12,82.100000
2016-05-13,81.380000
2016-05-16,82.140000
2016-05-17,80.710000
2016-05-18,81.710000
2016-05-19,81.010000
2016-05-20,84.700000
2016-05-23,84.420000
2016-05-24,88.420000
2016-05-25,89.560000
2016-05-26,89.190000
2016-05-27,90.380000
2016-05-31,93.150000
2016-06-01,93.900000
2016-06-02,95.820000
2016-06-03,93.960000
2016-06-06,96.090000
2016-06-07,94.770000
2016-06-08,94.590000
2016-06-09,92.490000
2016-06-10,91.490000
2016-06-13,90.540000
2016-06-14,91.370000
2016-06-15,90.840000
2016-06-16,90.410000
2016-06-17,86.730000
2016-06-20,86.720000
2016-06-21,85.280000
2016-06-22,85.220000
2016-06-23,88.200000
2016-06-24,81.900000
2016-06-27,79.840000
2016-06-28,83.440000
2016-06-29,85.000000
2016-06-30,86.020000
2016-07-01,87.740000
2016-07-05,86.510000
2016-07-06,89.660000
2016-07-07,90.050000
2016-07-08,88.960000
2016-07-11,90.100000
2016-07-12,89.630000
2016-07-13,87.780000
2016-07-14,88.150000
2016-07-15,90.210000
2016-07-18,89.420000
2016-07-19,87.430000
2016-07-20,91.150000
2016-07-21,93.210000
2016-07-22,93.890000
2016-07-25,95.770000
2016-07-26,94.980000
2016-07-27,96.010000
2016-07-28,96.210000
2016-07-29,97.000000
2016-08-01,98.200000
2016-08-02,99.140000
2016-08-03,100.440000
2016-08-04,100.280000
2016-08-05,102.430000
2016-08-08,102.470000
2016-08-09,102.830000
2016-08-10,99.700000
2016-08-11,101.210000
2016-08-12,101.530000
2016-08-15,102.480000
2016-08-16,100.000000
2016-08-17,99.890000
2016-08-18,99.100000
2016-08-19,98.010000
2016-08-22,100.960000
2016-08-23,100.990000
2016-08-24,96.710000
2016-08-25,96.380000
2016-08-26,97.090000
2016-08-29,96.940000
2016-08-30,95.800000
2016-08-31,94.510000
2016-09-01,94.750000
2016-09-02,95.110000
2016-09-06,95.780000
2016-09-07,95.600000
2016-09-08,97.310000
2016-09-09,93.680000
2016-09-12,97.860000
2016-09-13,95.270000
2016-09-14,90.120000
2016-09-15,93.100000
2016-09-16,92.710000
2016-09-19,91.260000
2016-09-20,91.690000
2016-09-21,91.820000
2016-09-22,92.120000
2016-09-23,90.630000
2016-09-26,88.290000
2016-09-27,89.120000
2016-09-28,88.840000
2016-09-29,85.000000
2016-09-30,87.210000
2016-10-03,86.790000
2016-10-04,86.420000
2016-10-05,87.650000
2016-10-06,84.960000
2016-10-07,85.700000
2016-10-10,85.980000
2016-10-11,81.660000
2016-10-12,80.150000
2016-10-13,80.560000
2016-10-14,79.230000
2016-10-17,80.500000
2016-10-18,82.960000
2016-10-19,81.830000
2016-10-20,82.920000
2016-10-21,80.760000
2016-10-24,78.730000
2016-10-25,78.710000
2016-10-26,78.710000
2016-10-27,75.840000
2016-10-28,77.580000
2016-10-31,75.860000
2016-11-01,77.880000
2016-11-02,78.000000
2016-11-03,77.690000
2016-11-04,78.960000
2016-11-07,83.220000
2016-11-08,82.990000
2016-11-09,92.880000
2016-11-10,95.360000
2016-11-11,92.000000
2016-11-14,94.420000
2016-11-15,93.060000
2016-11-16,90.470000
2016-11-17,91.200000
2016-11-18,89.440000
2016-11-21,89.050000
2016-11-22,86.200000
2016-11-23,87.340000
2016-11-25,87.770000
2016-11-28,86.900000
2016-11-29,85.650000
2016-11-30,81.610000
2016-12-01,77.820000
2016-12-02,75.500000
2016-12-05,75.550000
2016-12-06,78.120000
2016-12-07,75.320000
2016-12-08,77.220000
2016-12-09,76.670000
2016-12-12,76.080000
2016-12-13,76.600000
2016-12-14,78.330000
2016-12-15,77.050000
2016-12-16,76.800000
2016-12-19,76.300000
2016-12-20,76.440000
2016-12-21,72.600000
2016-12-22,72.020000
2016-12-23,74.310000
2016-12-27,75.190000
2016-12-28,74.590000
2016-12-29,74.440000
2016-12-30,73.670000
2017-01-03,74.890000
2017-01-04,77.050000
2017-01-05,79.060000
2017-01-06,79.390000
2017-01-09,82.860000
2017-01-10,82.930000
2017-01-11,81.930000
2017-01-12,82.390000
2017-01-13,83.170000
2017-01-17,81.550000
2017-01-18,82.520000
2017-01-19,80.910000
2017-01-20,81.370000
2017-01-23,81.400000
2017-01-24,82.240000
2017-01-25,85.190000
2017-01-26,85.330000
2017-01-27,87.370000
2017-01-30,84.380000
2017-01-31,85.870000
2017-02-01,86.240000
2017-02-02,86.720000
2017-02-03,86.730000
2017-02-06,87.420000
2017-02-07,86.840000
2017-02-08,87.720000
2017-02-09,89.270000
2017-02-10,88.150000
2017-02-13,87.720000
2017-02-14,88.910000
2017-02-15,89.370000
2017-02-16,87.700000
2017-02-17,88.330000
2017-02-21,86.550000
2017-02-22,85.790000
2017-02-23,85.730000
2017-02-24,86.070000
2017-02-27,88.900000
2017-02-28,90.620000
2017-03-01,90.310000
2017-03-02,89.890000
2017-03-03,90.190000
2017-03-06,90.910000
2017-03-07,91.320000
2017-03-08,92.180000
2017-03-09,93.570000
2017-03-10,93.980000
2017-03-13,92.950000
2017-03-14,92.740000
2017-03-15,94.570000
2017-03-16,92.360000
2017-03-17,91.920000
2017-03-20,91.310000
2017-03-21,89.500000
2017-03-22,90.040000
2017-03-23,89.050000
2017-03-24,89.980000
2017-03-27,90.800000
2017-03-28,89.670000
2017-03-29,108.010000
2017-03-30,107.290000
2017-03-31,109.350000
2017-04-03,107.450000
2017-04-04,112.290000
2017-04-05,114.110000
2017-04-06,114.260000
2017-04-07,115.880000
2017-04-10,114.060000
2017-04-11,114.230000
2017-04-12,114.860000
2017-04-13,113.800000
2017-04-17,114.810000
2017-04-18,114.650000
2017-04-19,114.630000
2017-04-20,117.260000
2017-04-21,116.700000
2017-04-24,117.660000
2017-04-25,117.270000
2017-04-26,116.340000
2017-04-27,117.420000
2017-04-28,118.300000
2017-05-01,120.620000
2017-05-02,118.470000
2017-05-03,119.050000
2017-05-04,116.390000
2017-05-05,114.840000
2017-05-08,115.060000
2017-05-09,116.630000
2017-05-10,115.350000
2017-05-11,115.360000
2017-05-12,114.600000
2017-05-15,116.230000
2017-05-16,118.090000
2017-05-17,114.380000
2017-05-18,117.930000
2017-05-19,118.020000
2017-05-22,118.940000
2017-05-23,116.590000
2017-05-24,117.800000
2017-05-25,118.600000
2017-05-26,119.920000
2017-05-30,120.390000
2017-05-31,123.600000
2017-06-01,127.160000
2017-06-02,129.900000
2017-06-05,130.170000
2017-06-06,127.720000
2017-06-07,124.990000
2017-06-08,125.910000
2017-06-09,122.660000
2017-06-12,122.350000
2017-06-13,122.490000
2017-06-14,124.710000
2017-06-15,124.040000
2017-06-16,123.140000
2017-06-19,125.580000
2017-06-20,126.330000
2017-06-21,134.830000
2017-06-22,135.530000
2017-06-23,133.500000
2017-06-26,133.410000
2017-06-27,129.230000
2017-06-28,131.110000
2017-06-29,127.240000
2017-06-30,128.870000
2017-07-03,128.230000
2017-07-05,129.000000
2017-07-06,128.460000
2017-07-07,130.350000
2017-07-10,128.660000
2017-07-11,132.170000
2017-07-12,131.440000
2017-07-13,130.920000
2017-07-14,130.990000
2017-07-17,129.210000
2017-07-18,132.160000
2017-07-19,159.690000
2017-07-20,159.330000
2017-07-21,163.170000
2017-07-24,166.110000
2017-07-25,161.970000
2017-07-26,163.420000
2017-07-27,156.190000
2017-07-28,154.150000
2017-07-31,151.820000
2017-08-01,153.200000
2017-08-02,157.550000
2017-08-03,154.030000
2017-08-04,154.540000
2017-08-07,156.470000
2017-08-08,153.260000
2017-08-09,152.580000
2017-08-10,148.540000
2017-08-11,153.780000
2017-08-14,154.490000
2017-08-15,152.720000
2017-08-16,151.370000
2017-08-17,148.540000
2017-08-18,148.130000
2017-08-21,149.010000
2017-08-22,155.480000
2017-08-23,153.250000
2017-08-24,156.080000
2017-08-25,153.270000
2017-08-28,153.400000
2017-08-29,152.890000
2017-08-30,156.290000
2017-08-31,160.540000
2017-09-01,162.240000
2017-09-05,159.070000
2017-09-06,157.080000
2017-09-07,159.410000
2017-09-08,158.830000
2017-09-11,157.810000
2017-09-12,156.820000
2017-09-13,156.800000
2017-09-14,153.380000
2017-09-15,153.610000
2017-09-18,153.200000
2017-09-19,153.000000
2017-09-20,152.720000
2017-09-21,152.060000
2017-09-22,151.260000
2017-09-25,149.100000
2017-09-26,148.460000
2017-09-27,149.070000
2017-09-28,149.620000
2017-09-29,152.040000
2017-10-02,152.230000
2017-10-03,152.510000
2017-10-04,152.510000
2017-10-05,152.300000
2017-10-06,155.100000
2017-10-09,155.550000
2017-10-10,154.520000
2017-10-11,154.020000
2017-10-12,153.980000
2017-10-13,152.910000
2017-10-16,154.700000
2017-10-17,155.050000
2017-10-18,154.760000
2017-10-19,154.600000
2017-10-20,154.630000
2017-10-23,151.060000
2017-10-24,151.110000
2017-10-25,146.800000
2017-10-26,143.760000
2017-10-27,150.110000
2017-10-30,149.530000
2017-10-31,146.230000
2017-11-01,142.630000
2017-11-02,144.900000
2017-11-03,149.970000
2017-11-06,148.980000
2017-11-07,151.310000
2017-11-08,147.400000
2017-11-09,148.170000
2017-11-10,148.740000
2017-11-13,148.030000
2017-11-14,147.820000
2017-11-15,148.660000
2017-11-16,147.940000
2017-11-17,147.410000
2017-11-20,144.640000
2017-11-21,145.110000
2017-11-22,147.040000
2017-11-24,146.550000
2017-11-27,148.550000
2017-11-28,147.320000
2017-11-29,143.750000
2017-11-30,144.290000
2017-12-01,140.790000
2017-12-04,138.790000
2017-12-05,138.360000
2017-12-06,137.280000
2017-12-07,138.780000
2017-12-08,143.610000
2017-12-11,141.680000
2017-12-12,140.910000
2017-12-13,144.800000
2017-12-14,142.530000
2017-12-15,145.860000
2017-12-18,145.440000
2017-12-19,145.150000
2017-12-20,145.120000
2017-12-21,148.820000
2017-12-22,149.970000
2017-12-26,150.600000
2017-12-27,151.550000
2017-12-28,151.170000
2017-12-29,149.860000
2018-01-02,152.910000
2018-01-03,152.010000
2018-01-04,153.070000
2018-01-05,155.690000
2018-01-08,156.890000
2018-01-09,156.010000
2018-01-10,157.380000
2018-01-11,158.400000
2018-01-12,157.930000
2018-01-16,155.710000
2018-01-17,156.990000
2018-01-18,157.190000
2018-01-19,157.970000
2018-01-22,161.910000
2018-01-23,166.580000
2018-01-24,167.450000
2018-01-25,166.240000
2018-01-26,169.210000
2018-01-29,167.140000
2018-01-30,166.540000
2018-01-31,166.870000
2018-02-01,172.990000
2018-02-02,166.240000
2018-02-05,155.140000
2018-02-06,159.270000
2018-02-07,155.670000
2018-02-08,151.600000
2018-02-09,152.960000
2018-02-12,152.010000
2018-02-13,154.140000
2018-02-14,157.260000
2018-02-15,160.940000
2018-02-16,160.720000
2018-02-20,160.980000
2018-02-21,157.890000
2018-02-22,157.590000
2018-02-23,165.900000
2018-02-26,169.540000
2018-02-27,165.880000
2018-02-28,166.030000
2018-03-01,165.830000
2018-03-02,170.060000
2018-03-05,173.160000
2018-03-06,168.720000
2018-03-07,170.170000
2018-03-08,171.880000
2018-03-09,176.260000
2018-03-12,177.130000
2018-03-13,174.960000
2018-03-14,174.380000
2018-03-15,173.970000
2018-03-16,175.660000
2018-03-19,170.770000
2018-03-20,171.470000
2018-03-21,170.340000
2018-03-22,166.100000
2018-03-23,160.930000
2018-03-26,166.100000
2018-03-27,160.340000
2018-03-28,159.580000
2018-03-29,162.980000
2018-04-02,156.310000
2018-04-03,158.360000
2018-04-04,162.120000
2018-04-05,157.660000
2018-04-06,154.250000
2018-04-09,156.760000
2018-04-10,161.170000
2018-04-11,158.890000
2018-04-12,161.980000
2018-04-13,161.390000
2018-04-16,158.700000
2018-04-17,164.990000
2018-04-18,163.360000
2018-04-19,159.550000
2018-04-20,158.150000
2018-04-23,158.690000
2018-04-24,155.670000
2018-04-25,155.150000
2018-04-26,158.810000
2018-04-27,156.050000
2018-04-30,153.160000
2018-05-01,152.480000
2018-05-02,149.470000
2018-05-03,149.640000
2018-05-04,149.390000
2018-05-07,149.500000
2018-05-08,148.270000
2018-05-09,149.070000
2018-05-10,151.010000
2018-05-11,155.970000
2018-05-14,157.460000
2018-05-15,155.540000
2018-05-16,156.160000
2018-05-17,156.340000
2018-05-18,157.240000
2018-05-21,156.220000
2018-05-22,156.280000
2018-05-23,156.980000
2018-05-24,156.970000
2018-05-25,157.500000
2018-05-29,155.240000
2018-05-30,156.640000
2018-05-31,154.000000
2018-06-01,152.050000
2018-06-04,149.650000
2018-06-05,145.720000
2018-06-06,145.970000
2018-06-07,145.750000
2018-06-08,150.550000
2018-06-11,148.630000
2018-06-12,150.990000
2018-06-13,151.940000
2018-06-14,154.990000
2018-06-15,155.020000
2018-06-18,151.690000
2018-06-19,154.500000
2018-06-20,157.630000
2018-06-21,156.570000
2018-06-22,159.190000
2018-06-25,154.760000
2018-06-26,151.500000
2018-06-27,147.500000
2018-06-28,147.590000
2018-06-29,169.960000
2018-07-02,169.610000
2018-07-03,167.730000
2018-07-05,169.490000
2018-07-06,173.450000
2018-07-09,174.160000
2018-07-10,175.110000
2018-07-11,175.010000
2018-07-12,178.270000
2018-07-13,180.500000
2018-07-16,181.220000
2018-07-17,182.590000
2018-07-18,181.130000
2018-07-19,180.120000
2018-07-20,177.400000
2018-07-23,176.540000
2018-07-24,174.880000
2018-07-25,176.810000
2018-07-26,175.870000
2018-07-27,172.100000
2018-07-30,174.420000
2018-07-31,175.050000
2018-08-01,177.870000
2018-08-02,177.890000
2018-08-03,174.540000
2018-08-06,174.910000
2018-08-07,177.510000
2018-08-08,175.300000
2018-08-09,175.050000
2018-08-10,174.820000
2018-08-13,175.050000
2018-08-14,175.930000
2018-08-15,173.000000
2018-08-16,174.960000
2018-08-17,176.080000
2018-08-20,175.710000
2018-08-21,176.860000
2018-08-22,177.720000
2018-08-23,176.020000
2018-08-24,176.840000
2018-08-27,179.320000
2018-08-28,180.870000
2018-08-29,184.860000
2018-08-30,186.030000
2018-08-31,184.400000
2018-09-04,183.310000
2018-09-05,183.210000
2018-09-06,180.050000
2018-09-07,179.470000
2018-09-10,179.280000
2018-09-11,178.610000
2018-09-12,178.340000
2018-09-13,179.860000
2018-09-14,179.010000
2018-09-17,175.800000
2018-09-18,177.120000
2018-09-19,176.600000
2018-09-20,180.520000
2018-09-21,180.080000
2018-09-24,182.170000
2018-09-25,182.650000
2018-09-26,186.650000
2018-09-27,189.740000
2018-09-28,192.740000
2018-10-01,191.570000
2018-10-02,191.930000
2018-10-03,192.210000
2018-10-04,188.620000
2018-10-05,188.050000
2018-10-08,185.340000
2018-10-09,185.660000
2018-10-10,176.430000
2018-10-11,175.660000
2018-10-12,181.320000
2018-10-15,177.650000
2018-10-16,185.450000
2018-10-17,185.480000
2018-10-18,178.900000
2018-10-19,175.690000
2018-10-22,177.400000
2018-10-23,174.170000
2018-10-24,163.090000
2018-10-25,165.610000
2018-10-26,169.480000
2018-10-29,170.340000
2018-10-30,171.490000
2018-10-31,169.460000
2018-11-01,175.190000
2018-11-02,173.290000
2018-11-05,174.590000
2018-11-06,175.230000
2018-11-07,183.880000
2018-11-08,180.260000
2018-11-09,180.550000
2018-11-12,172.850000
2018-11-13,170.310000
2018-11-14,164.580000
2018-11-15,166.670000
2018-11-16,165.110000
2018-11-19,161.070000
2018-11-20,159.760000
2018-11-21,160.250000
2018-11-23,160.390000
2018-11-26,167.400000
2018-11-27,175.450000
2018-11-28,178.380000
2018-11-29,179.450000
2018-11-30,180.790000
2018-12-03,184.650000
2018-12-04,177.930000
2018-12-06,179.610000
2018-12-07,172.210000
2018-12-10,173.780000
2018-12-11,173.230000
2018-12-12,175.450000
2018-12-13,173.420000
2018-12-14,170.060000
2018-12-17,166.170000
2018-12-18,163.430000
2018-12-19,158.660000
2018-12-20,161.300000
2018-12-21,156.500000
2018-12-24,151.910000
2018-12-26,161.840000
2018-12-27,162.370000
2018-12-28,161.420000
2018-12-31,165.710000
2019-01-02,164.080000
2019-01-03,163.730000
2019-01-04,172.700000
2019-01-07,175.850000
2019-01-08,178.190000
2019-01-09,182.300000
2019-01-10,186.030000
2019-01-11,188.160000
2019-01-14,183.910000
2019-01-15,186.680000
2019-01-16,186.150000
2019-01-17,190.520000
2019-01-18,194.700000
2019-01-22,193.880000
2019-01-23,189.890000
2019-01-24,186.580000
2019-01-25,189.500000
2019-01-28,188.090000
2019-01-29,186.380000
2019-01-30,187.050000
2019-01-31,190.910000
2019-02-01,191.520000
2019-02-04,187.980000
2019-02-05,187.020000
2019-02-06,182.390000
2019-02-07,180.180000
2019-02-08,181.340000
2019-02-11,181.530000
2019-02-12,184.010000
2019-02-13,185.250000
2019-02-14,185.720000
2019-02-15,188.070000
2019-02-19,186.860000
2019-02-20,187.840000
2019-02-21,183.060000
2019-02-22,185.760000
2019-02-25,186.330000
2019-02-26,188.920000
2019-02-27,189.810000
2019-02-28,188.750000
2019-03-01,192.160000
2019-03-04,190.040000
2019-03-05,187.829000
2019-03-06,181.110000
2019-03-07,178.610000
2019-03-08,177.260000
2019-03-11,180.520000
2019-03-12,182.590000
2019-03-13,185.660000
2019-03-14,186.110000
2019-03-15,188.090000
2019-03-18,187.500000
2019-03-19,181.760000
2019-03-20,179.980000
2019-03-21,182.560000
2019-03-22,181.530000
2019-03-25,183.850000
2019-03-26,189.910000
2019-03-27,185.810000
2019-03-28,182.420000
2019-03-29,183.950000
2019-04-01,186.050003
2019-04-02,187.110000
2019-04-03,187.890000
2019-04-04,184.190000
2019-04-05,188.890000
2019-04-08,188.930000
2019-04-09,188.310000
2019-04-10,190.370000
2019-04-11,185.120000
2019-04-12,182.780000
2019-04-15,182.490000
2019-04-16,179.740000
2019-04-17,166.970000
2019-04-18,168.160000
2019-04-22,168.520000
2019-04-23,175.370000
2019-04-24,172.580000
2019-04-25,174.610000
2019-04-26,172.850000
2019-04-29,172.520000
2019-04-30,168.980000
2019-05-01,172.600000
2019-05-02,169.540000
2019-05-03,173.870000
2019-05-06,174.760000
2019-05-07,170.280000
2019-05-08,169.010000
2019-05-09,169.910000
2019-05-10,168.850000
2019-05-13,164.610000
2019-05-14,166.720000
2019-05-15,166.880000
2019-05-16,170.230000
2019-05-17,168.730000
2019-05-20,165.730000
2019-05-21,169.120000
2019-05-22,172.370000
2019-05-23,173.010000
2019-05-24,171.770000
2019-05-28,172.760000
2019-05-29,166.550000
2019-05-30,170.260000
2019-05-31,166.180000
2019-06-03,166.640000
2019-06-04,171.270000
2019-06-05,173.270000
2019-06-06,167.820000
2019-06-07,173.510000
2019-06-10,172.840000
2019-06-11,172.000000
2019-06-12,170.630000
2019-06-13,168.890000
2019-06-14,170.220000
2019-06-17,173.780000
2019-06-18,177.940000
2019-06-19,181.750000
2019-06-20,182.170000
2019-06-21,183.970000
2019-06-24,181.020000
2019-06-25,180.150000
2019-06-26,177.660000
2019-06-27,178.580000
2019-06-28,183.380000
2019-07-01,181.840000
2019-07-02,179.530000
2019-07-03,183.260000
2019-07-05,178.340000
2019-07-08,176.750000
2019-07-09,178.460000
2019-07-10,178.760000
2019-07-11,176.010000
2019-07-12,175.790000
2019-07-15,176.370000
2019-07-16,176.160000
2019-07-17,177.140000
2019-07-18,178.090000
2019-07-19,174.130000
2019-07-22,174.080000
2019-07-23,175.240000
2019-07-24,173.340000
2019-07-25,169.560000
2019-07-26,166.830000
2019-07-29,166.230000
2019-07-30,169.540000
2019-07-31,166.620000
2019-08-01,179.290000
2019-08-02,178.390000
2019-08-05,175.560000
2019-08-06,176.940000
2019-08-07,175.650000
2019-08-08,182.940000
2019-08-09,182.980000
2019-08-12,179.840000
2019-08-13,183.910000
2019-08-14,179.530000
2019-08-15,181.120000
2019-08-16,184.940000
2019-08-19,187.090000
2019-08-20,183.720000
2019-08-21,186.400000
2019-08-22,184.240000
2019-08-23,180.180000
2019-08-26,180.640000
2019-08-27,178.250000
2019-08-28,178.340000
2019-08-29,178.980000
2019-08-30,180.020000
2019-09-03,178.700000
2019-09-04,176.830000
2019-09-05,179.860000
2019-09-06,181.330000
2019-09-09,174.810000
2019-09-10,171.010000
2019-09-11,173.110000
2019-09-12,172.450000
2019-09-13,174.940000
2019-09-16,177.550000
2019-09-17,176.000000
2019-09-18,174.520000
2019-09-19,176.140000
2019-09-20,178.120000
2019-09-23,175.880000
2019-09-24,172.520000
2019-09-25,171.500000
2019-09-26,169.550000
2019-09-27,166.740000
2019-09-30,169.420000
2019-10-01,167.580000
2019-10-02,166.710000
2019-10-03,170.500000
2019-10-04,172.420000
2019-10-07,172.050000
2019-10-08,169.550000
2019-10-09,168.730000
2019-10-10,170.220000
2019-10-11,172.410000
2019-10-14,173.590000
2019-10-15,176.140000
2019-10-16,176.090000
2019-10-17,177.720000
2019-10-18,176.230000
2019-10-21,183.530000
2019-10-22,191.060000
2019-10-23,190.510000
2019-10-24,194.470000
2019-10-25,194.490000
2019-10-28,194.020000
2019-10-29,197.890000
2019-10-30,199.280000
2019-10-31,195.480000
2019-11-01,200.940000
2019-11-04,199.420000
2019-11-05,197.140000
2019-11-06,195.970000
2019-11-07,195.830000
2019-11-08,201.310000
2019-11-11,201.900000
2019-11-12,203.860000
2019-11-13,207.100000
2019-11-14,205.000000
2019-11-15,209.800000
2019-11-18,210.000000
2019-11-19,215.000000
2019-11-20,215.070000
2019-11-21,215.500000
2019-11-22,218.000000
2019-11-25,223.270000
2019-11-26,219.050000
2019-11-27,220.060000
2019-11-29,221.750000
2019-12-02,220.790000
2019-12-03,221.130000
2019-12-04,223.910000
2019-12-05,223.070000
2019-12-06,223.250000
2019-12-09,219.370000
2019-12-10,220.270000
2019-12-11,220.000000
2019-12-12,220.550000
2019-12-13,218.980000
2019-12-16,219.500000
2019-12-17,217.620000
2019-12-18,219.350000
2019-12-19,217.780000
2019-12-20,220.690000
2019-12-23,219.980000
2019-12-24,220.560000
2019-12-26,220.250000
2019-12-27,220.970000
2019-12-30,218.970000
2019-12-31,218.950000
2020-01-02,219.450000
2020-01-03,217.980000
2020-01-06,224.030000
2020-01-07,223.790000
2020-01-08,231.090000
2020-01-09,230.260000
2020-01-10,228.950000
2020-01-13,226.490000
2020-01-14,229.750000
2020-01-15,234.150000
2020-01-16,235.500000
2020-01-17,235.830000
2020-01-21,233.990000
2020-01-22,234.610000
2020-01-23,233.910000
2020-01-24,229.060000
2020-01-27,227.370000
2020-01-28,231.970000
2020-01-29,232.410000
2020-01-30,230.310000
2020-01-31,227.050000
2020-02-03,230.510000
2020-02-04,239.660000
2020-02-05,240.760000
2020-02-06,239.120000
2020-02-07,240.060000
2020-02-10,244.750000
2020-02-11,247.810000
2020-02-12,242.210000
2020-02-13,240.090000
2020-02-14,243.820000
2020-02-18,245.930000
2020-02-19,247.780000
2020-02-20,245.100000
2020-02-21,246.290000
2020-02-24,237.010000
2020-02-25,230.000000
2020-02-26,232.040000
2020-02-27,223.300000
2020-02-28,224.030000
2020-03-02,232.290000
2020-03-03,228.260000
2020-03-04,245.320000
2020-03-05,237.310000
2020-03-06,233.500000
2020-03-09,219.650000
2020-03-10,230.510000
2020-03-11,220.340000
2020-03-12,204.060000
2020-03-13,220.860000
2020-03-16,199.770000
2020-03-17,210.440000
2020-03-18,212.980000
2020-03-19,215.690000
2020-03-20,206.000000
2020-03-23,202.210000
2020-03-24,223.130000
2020-03-25,210.090000
2020-03-26,224.490000
2020-03-27,217.240000
2020-03-30,231.920000
2020-03-31,237.950000
2020-04-01,225.480000
2020-04-02,242.160000
2020-04-03,238.310000
2020-04-06,255.300000
2020-04-07,247.670000
2020-04-08,249.660000
2020-04-09,246.610000
2020-04-13,252.280000
2020-04-14,262.410000
2020-04-15,255.230000
2020-04-16,264.760000
2020-04-17,270.460000
2020-04-20,273.260000
2020-04-21,262.800000
2020-04-22,269.370000
2020-04-23,267.910000
2020-04-24,269.860000
2020-04-27,268.510000
2020-04-28,256.960000
2020-04-29,251.050000
2020-04-30,251.200000
2020-05-01,254.900000
2020-05-04,264.690000
2020-05-05,272.330000
2020-05-06,270.060000
2020-05-07,270.010000
2020-05-08,271.630000
2020-05-11,285.280000
2020-05-12,276.470000
2020-05-13,277.030000
2020-05-14,277.000000
2020-05-15,288.690000
2020-05-18,284.130000
2020-05-19,282.280000
2020-05-20,284.620000
2020-05-21,284.620000
2020-05-22,284.960000
2020-05-26,266.500000
2020-05-27,278.510000
2020-05-28,277.380000
2020-05-29,287.960000
2020-06-01,286.640000
2020-06-02,284.270000
2020-06-03,277.010000
2020-06-04,272.820000
2020-06-05,265.690000
2020-06-08,265.010000
2020-06-09,270.850000
2020-06-10,274.340000
2020-06-11,263.890000
2020-06-12,268.560000
2020-06-15,267.770000
2020-06-16,273.770000
2020-06-17,280.090000
2020-06-18,279.190000
2020-06-19,293.270000
2020-06-22,293.200000
2020-06-23,295.800000
2020-06-24,291.180000
2020-06-25,295.150000
2020-06-26,286.140000
2020-06-29,285.180000
2020-06-30,290.310000
2020-07-01,286.280000
2020-07-02,291.100000
2020-07-06,291.310000
2020-07-07,299.060000
2020-07-08,295.920000
2020-07-09,295.400000
2020-07-10,294.450000
2020-07-13,284.820000
2020-07-14,293.830000
2020-07-15,295.110000
2020-07-16,290.560000
2020-07-17,294.530000
2020-07-20,303.100000
2020-07-21,291.400000
2020-07-22,291.230000
2020-07-23,284.460000
2020-07-24,278.490000
2020-07-27,284.210000
2020-07-28,278.520000
2020-07-29,278.720000
2020-07-30,279.400000
2020-07-31,272.000000
2020-08-03,279.520000
2020-08-04,275.710000
2020-08-05,273.230000
2020-08-06,273.340000
2020-08-07,272.990000
2020-08-10,268.730000
2020-08-11,261.860000
2020-08-12,270.850000
2020-08-13,267.150000
2020-08-14,267.290000
2020-08-17,273.840000
2020-08-18,271.310000
2020-08-19,270.070000
2020-08-20,271.430000
2020-08-21,271.280000
2020-08-24,267.430000
2020-08-25,272.350000
2020-08-26,271.290000
2020-08-27,274.340000
2020-08-28,269.960000
2020-08-31,279.120000
2020-09-01,275.490000
2020-09-02,281.890000
2020-09-03,267.420000
2020-09-04,266.500000
2020-09-08,258.610000
2020-09-09,263.040000
2020-09-10,255.650000
2020-09-11,257.960000
2020-09-14,264.800000
2020-09-15,266.850000
2020-09-16,267.550000
2020-09-17,271.460000
2020-09-18,265.390000
2020-09-21,264.000000
2020-09-22,267.580000
2020-09-23,263.820000
2020-09-24,263.130000
2020-09-25,268.180000
2020-09-28,267.730000
2020-09-29,270.310000
2020-09-30,272.120000
2020-10-01,273.510000
2020-10-02,260.800000
2020-10-05,268.980000
2020-10-06,260.980000
2020-10-07,265.820000
2020-10-08,268.530000
2020-10-09,269.950000
2020-10-12,274.600000
2020-10-13,276.090000
2020-10-14,271.460000
2020-10-15,215.280000
2020-10-16,218.080000
2020-10-19,220.510000
2020-10-20,214.540000
2020-10-21,211.380000
2020-10-22,210.080000
2020-10-23,211.580000
2020-10-26,207.150000
2020-10-27,212.190000
2020-10-28,208.340000
2020-10-29,207.010000
2020-10-30,208.360000
2020-11-02,207.420000
2020-11-03,211.140000
2020-11-04,215.090000
2020-11-05,219.480000
2020-11-06,220.280000
2020-11-09,222.850000
2020-11-10,215.350000
2020-11-11,216.720000
2020-11-12,218.310000
2020-11-13,225.520000
2020-11-16,224.270000
2020-11-17,222.960000
2020-11-18,216.350000
2020-11-19,211.970000
2020-11-20,215.210000
2020-11-23,217.870000
2020-11-24,216.500000
2020-11-25,218.100000
2020-11-27,226.710000
2020-11-30,227.750000
2020-12-01,230.300000
2020-12-02,226.700000
2020-12-03,226.870000
2020-12-04,228.320000
2020-12-07,227.060000
2020-12-08,229.830000
2020-12-09,224.380000
2020-12-10,224.040000
2020-12-11,224.170000
2020-12-14,228.130000
2020-12-15,228.810000
2020-12-16,232.110000
2020-12-17,236.920000
2020-12-18,236.720000
2020-12-21,234.550000
2020-12-22,234.900000
2020-12-23,235.840000
2020-12-24,234.460000
2020-12-28,232.470000
2020-12-29,233.490000
2020-12-30,232.680000
2020-12-31,236.340000
2021-01-04,229.430000
2021-01-05,228.580000
2021-01-06,226.650000
2021-01-07,232.900000
2021-01-08,237.000000
2021-01-11,234.640000
2021-01-12,229.380000
2021-01-13,227.100000
2021-01-14,226.120000
2021-01-15,225.550000
2021-01-19,231.910000
2021-01-20,236.700000
2021-01-21,238.640000
2021-01-22,237.590000
2021-01-25,241.310000
2021-01-26,237.640000
2021-01-27,225.250000
2021-01-28,230.040000
2021-01-29,229.080000
2021-02-01,231.770000
2021-02-02,217.330000
2021-02-03,211.000000
2021-02-04,213.710000
2021-02-05,215.260000
2021-02-08,214.370000
2021-02-09,213.820000
2021-02-10,212.530000
2021-02-11,210.495000
2021-02-12,213.980000
2021-02-16,210.270000
2021-02-17,214.850000
2021-02-18,209.830000
2021-02-19,207.020000
2021-02-22,214.960000
2021-02-23,216.440000
2021-02-24,217.040000
2021-02-25,212.980000
2021-02-26,212.550000
2021-03-01,210.380000
2021-03-02,212.060000
2021-03-03,208.440000
2021-03-04,207.790000
2021-03-05,211.980000
2021-03-08,213.580000
2021-03-09,214.040000
2021-03-10,214.290000
2021-03-11,215.150000
2021-03-12,214.330000
2021-03-15,219.650000
2021-03-16,218.990000
2021-03-17,217.080000
2021-03-18,213.360000
2021-03-19,216.110000
2021-03-22,218.820000
2021-03-23,213.590000
2021-03-24,211.540000
2021-03-25,212.360000
2021-03-26,214.640000
2021-03-29,216.710000
2021-03-30,212.990000
2021-03-31,214.890000
2021-04-01,213.040000
2021-04-05,215.320000
2021-04-06,215.300000
2021-04-07,212.720000
2021-04-08,210.280000
2021-04-09,213.350000
2021-04-12,213.600000
2021-04-13,215.940000
2021-04-14,217.130000
2021-04-15,221.100000
2021-04-16,219.390000
2021-04-19,219.180000
2021-04-20,220.160000
2021-04-21,219.760000
2021-04-22,215.980000
2021-04-23,217.900000
2021-04-26,216.970000
2021-04-27,215.530000
2021-04-28,213.480000
2021-04-29,211.860000
2021-04-30,218.200000
2021-05-03,217.950000
2021-05-04,214.850000
2021-05-05,213.870000
2021-05-06,213.160000
2021-05-07,215.010000
2021-05-10,212.900000
2021-05-11,213.000000
2021-05-12,212.680000
2021-05-13,214.350000
2021-05-14,217.090000
2021-05-17,216.350000
2021-05-18,214.645000
2021-05-19,214.050000
2021-05-20,216.610000
2021-05-21,213.430000
2021-05-24,211.220000
2021-05-25,208.760000
2021-05-26,206.800000
2021-05-27,207.310000
2021-05-28,208.630000
2021-06-01,209.670000
2021-06-02,210.380000
2021-06-03,211.150000
2021-06-04,209.930000
2021-06-07,209.160000
2021-06-08,211.130000
2021-06-09,213.560000
2021-06-10,216.770000
2021-06-11,193.020000
2021-06-14,194.800000
2021-06-15,188.970000
2021-06-16,187.490000
2021-06-17,188.360000
2021-06-18,187.850000
2021-06-21,187.700000
2021-06-22,188.870000
2021-06-23,187.520000
2021-06-24,191.940000
2021-06-25,194.340000
2021-06-28,197.820000
2021-06-29,196.780000
2021-06-30,201.630000
2021-07-01,202.210000
2021-07-02,200.540000
2021-07-06,200.050000
2021-07-07,198.990000
2021-07-08,197.740000
2021-07-09,198.160000
2021-07-12,198.340000
2021-07-13,198.330000
2021-07-14,197.890000
2021-07-15,200.090000
2021-07-16,202.280000
2021-07-19,199.240000
2021-07-20,196.550000
2021-07-21,196.270000
2021-07-22,196.020000
2021-07-23,200.500000
2021-07-26,198.930000
2021-07-27,202.850000
2021-07-28,202.240000
2021-07-29,200.380000
2021-07-30,201.580000
2021-08-02,198.320000
2021-08-03,200.050000
2021-08-04,199.590000
2021-08-05,202.990000
2021-08-06,200.670000
2021-08-09,200.400000
2021-08-10,196.460000
2021-08-11,195.250000
2021-08-12,194.810000
2021-08-13,194.360000
2021-08-16,190.970000
2021-08-17,198.440000
2021-08-18,194.770000
2021-08-19,195.040000
2021-08-20,195.850000
2021-08-23,198.400000
2021-08-24,199.730000
2021-08-25,201.330000
2021-08-26,198.250000
2021-08-27,199.920000
2021-08-30,199.490000
2021-08-31,200.290000
2021-09-01,197.140000
2021-09-02,199.220000
2021-09-03,198.050000
2021-09-07,192.200000
2021-09-08,191.370000
2021-09-09,188.090000
2021-09-10,188.570000
2021-09-13,190.720000
2021-09-14,188.410000
2021-09-15,188.860000
2021-09-16,187.100000
2021-09-17,188.300000
2021-09-20,185.670000
2021-09-21,185.800000
2021-09-22,184.270000
2021-09-23,185.090000
2021-09-24,183.610000
2021-09-27,183.410000
2021-09-28,181.600000
2021-09-29,182.220000
2021-09-30,181.390000
2021-10-01,180.350000
2021-10-04,177.400000
2021-10-05,177.010000
2021-10-06,180.910000
2021-10-07,180.020000
2021-10-08,178.940000
2021-10-11,179.580000
2021-10-12,180.210000
2021-10-13,181.340000
2021-10-14,181.900000
2021-10-15,181.770000
2021-10-18,180.800000
2021-10-19,185.410000
2021-10-20,185.490000
2021-10-21,187.090000
2021-10-22,183.520000
2021-10-25,184.990000
2021-10-26,184.070000
2021-10-27,180.940000
2021-10-28,182.000000
2021-10-29,184.930000
2021-11-01,185.400000
2021-11-02,181.400000
2021-11-03,189.070000
2021-11-04,194.210000
2021-11-05,192.850000
2021-11-08,192.230000
2021-11-09,191.090000
2021-11-10,187.910000
2021-11-11,185.870000
2021-11-12,187.290000
2021-11-15,186.860000
2021-11-16,188.330000
2021-11-17,188.250000
2021-11-18,185.410000
2021-11-19,182.880000
2021-11-22,181.500000
2021-11-23,186.850000
2021-11-24,186.240000
2021-11-26,183.590000
2021-11-29,190.110000
2021-11-30,186.940000
2021-12-01,205.000000
2021-12-02,204.450000
2021-12-03,203.810000
2021-12-06,205.060000
2021-12-07,205.220000
2021-12-08,206.610000
2021-12-09,208.410000
2021-12-10,208.060000
2021-12-13,208.150000
2021-12-14,209.240000
2021-12-15,211.130000
2021-12-16,212.610000
2021-12-17,214.540000
2021-12-20,215.410000
2021-12-21,218.600000
2021-12-22,222.770000
2021-12-23,223.450000
2021-12-27,222.340000
2021-12-28,221.930000
2021-12-29,223.320000
2021-12-30,222.450000
2021-12-31,219.600000
2022-01-03,222.530000
2022-01-04,221.860000
2022-01-05,221.420000
2022-01-06,221.650000
2022-01-07,221.850000
2022-01-10,223.960000
2022-01-11,226.150000
2022-01-12,226.140000
2022-01-13,226.580000
2022-01-14,234.060000
2022-01-18,231.070000
2022-01-19,230.840000
2022-01-20,228.610000
2022-01-21,228.080000
2022-01-24,229.680000
2022-01-25,227.110000
2022-01-26,226.580000
2022-01-27,228.220000
2022-01-28,243.020000
2022-01-31,243.050000
2022-02-01,245.660000
2022-02-02,253.570000
2022-02-03,243.750000
2022-02-04,241.960000
2022-02-07,243.260000
2022-02-08,240.940000
2022-02-09,244.240000
2022-02-10,235.890000
2022-02-11,233.890000
2022-02-14,231.230000
2022-02-15,233.410000
2022-02-16,235.770000
2022-02-17,232.770000
2022-02-18,229.610000
2022-02-22,230.210000
2022-02-23,230.690000
2022-02-24,230.250000
2022-02-25,230.300000
2022-02-28,230.020000
2022-03-01,230.690000
2022-03-02,234.110000
2022-03-03,235.690000
2022-03-04,238.660000
2022-03-07,235.540000
2022-03-08,238.710000
2022-03-09,239.240000
2022-03-10,241.930000
2022-03-11,236.480000
2022-03-14,241.680000
2022-03-15,246.990000
2022-03-16,248.520000
2022-03-17,250.000000
2022-03-18,249.080000
2022-03-21,250.260000
2022-03-22,251.880000
2022-03-23,248.130000
2022-03-24,251.700000
2022-03-25,253.950000
2022-03-28,255.720000
2022-03-29,257.980000
2022-03-30,256.520000
2022-03-31,260.970000
2022-04-01,266.150000
2022-04-04,268.640000
2022-04-05,269.960000
2022-04-06,272.390000
2022-04-07,275.830000
2022-04-08,280.280000
2022-04-11,281.090000
2022-04-12,281.150000
2022-04-13,290.930000
2022-04-14,287.970000
2022-04-18,282.990000
2022-04-19,282.520000
2022-04-20,285.300000
2022-04-21,281.710000
2022-04-22,270.420000
2022-04-25,271.680000
2022-04-26,267.690000
2022-04-27,267.250000
2022-04-28,268.640000
2022-04-29,273.220000
2022-05-02,261.960000
2022-05-03,269.110000
2022-05-04,273.700000
2022-05-05,266.370000
2022-05-06,253.930000
2022-05-09,235.020000
2022-05-10,240.160000
2022-05-11,234.960000
2022-05-12,240.850000
2022-05-13,246.720000
2022-05-16,254.170000
2022-05-17,261.840000
2022-05-18,252.350000
2022-05-19,255.450000
2022-05-20,258.590000
2022-05-23,268.350000
2022-05-24,268.480000
2022-05-25,270.840000
2022-05-26,269.650000
2022-05-27,273.730000
2022-05-31,268.650000
2022-06-01,269.410000
2022-06-02,270.050000
2022-06-03,269.440000
2022-06-06,268.000000
2022-06-07,271.860000
2022-06-08,274.540000
2022-06-09,259.700000
2022-06-10,254.880000
2022-06-13,245.390000
2022-06-14,249.080000
2022-06-15,253.510000
2022-06-16,250.960000
2022-06-17,263.090000
2022-06-21,270.170000
2022-06-22,272.310000
2022-06-23,283.500000
2022-06-24,292.550000
2022-06-27,287.320000
2022-06-28,276.170000
2022-06-29,280.350000
2022-06-30,281.790000
2022-07-01,287.320000
2022-07-05,288.980000
2022-07-06,291.160000
2022-07-07,294.170000
2022-07-08,294.290000
2022-07-11,294.070000
2022-07-12,290.010000
2022-07-13,288.730000
2022-07-14,286.150000
2022-07-15,292.840000
2022-07-18,286.060000
2022-07-19,289.600000
2022-07-20,285.500000
2022-07-21,283.110000
2022-07-22,280.290000
2022-07-25,283.680000
2022-07-26,288.220000
2022-07-27,286.990000
2022-07-28,280.820000
2022-07-29,280.410000
2022-08-01,273.830000
2022-08-02,273.860000
2022-08-03,275.030000
2022-08-04,274.850000
2022-08-05,288.030000
2022-08-08,293.950000
2022-08-09,298.830000
2022-08-10,295.770000
2022-08-11,292.160000
2022-08-12,294.520000
2022-08-15,305.530000
2022-08-16,303.000000
2022-08-17,299.230000
2022-08-18,294.290000
2022-08-19,299.040000
2022-08-22,293.840000
2022-08-23,286.250000
2022-08-24,291.030000
2022-08-25,291.220000
2022-08-26,281.680000
2022-08-29,281.600000
2022-08-30,281.360000
2022-08-31,281.760000
2022-09-01,290.200000
2022-09-02,281.040000
2022-09-06,279.180000
2022-09-07,284.440000
2022-09-08,288.990000
2022-09-09,292.110000
2022-09-12,293.480000
2022-09-13,280.670000
2022-09-14,284.860000
2022-09-15,287.670000
2022-09-16,289.710000
2022-09-19,285.140000
2022-09-20,286.940000
2022-09-21,280.400000
2022-09-22,286.340000
2022-09-23,283.450000
2022-09-26,276.780000
2022-09-27,284.740000
2022-09-28,292.410000
2022-09-29,292.800000
2022-09-30,289.540000
2022-10-03,297.430000
2022-10-04,300.640000
2022-10-05,302.020000
2022-10-06,298.630000
2022-10-07,295.230000
2022-10-10,294.540000
2022-10-11,295.160000
2022-10-12,290.130000
2022-10-13,296.540000
2022-10-14,293.210000
2022-10-17,297.020000
2022-10-18,300.170000
2022-10-19,292.020000
2022-10-20,290.160000
2022-10-21,300.000000
2022-10-24,310.500000
2022-10-25,309.210000
2022-10-26,311.180000
2022-10-27,287.890000
2022-10-28,313.890000
2022-10-31,312.000000
2022-11-01,314.200000
2022-11-02,310.010000
2022-11-03,311.300000
2022-11-04,308.820000
2022-11-07,303.230000
2022-11-08,306.500000
2022-11-09,309.340000
2022-11-10,311.030000
2022-11-11,303.260000
2022-11-14,306.030000
2022-11-15,305.280000
2022-11-16,305.440000
2022-11-17,309.900000
2022-11-18,314.630000
2022-11-21,316.200000
2022-11-22,321.480000
2022-11-23,316.160000
2022-11-25,312.980000
2022-11-28,315.300000
2022-11-29,316.330000
2022-11-30,316.400000
2022-12-01,320.760000
2022-12-02,321.370000
2022-12-05,317.600000
2022-12-06,311.810000
2022-12-07,317.580000
2022-12-08,321.320000
2022-12-09,312.220000
2022-12-12,314.190000
2022-12-13,307.090000
2022-12-14,312.090000
2022-12-15,308.400000
2022-12-16,304.800000
2022-12-19,291.590000
2022-12-20,293.230000
2022-12-21,290.550000
2022-12-22,293.920000
2022-12-23,289.690000
2022-12-27,287.320000
2022-12-28,285.760000
2022-12-29,289.080000
2022-12-30,288.780000
2023-01-03,286.020000
2023-01-04,286.830000
2023-01-05,287.890000
2023-01-06,290.210000
2023-01-09,283.230000
2023-01-10,288.750000
2023-01-11,292.250000
2023-01-12,296.250000
2023-01-13,300.940000
2023-01-17,311.980000
2023-01-18,309.860000
2023-01-19,307.940000
2023-01-20,309.840000
2023-01-23,311.810000
2023-01-24,313.570000
2023-01-25,315.280000
2023-01-26,321.020000
2023-01-27,321.450000
2023-01-30,319.980000
2023-01-31,323.100000
2023-02-01,317.270000
2023-02-02,303.780000
2023-02-03,301.020000
2023-02-06,304.870000
2023-02-07,308.540000
2023-02-08,293.330000
2023-02-09,291.600000
2023-02-10,297.400000
2023-02-13,299.180000
2023-02-14,300.250000
2023-02-15,298.750000
2023-02-16,292.040000
2023-02-17,293.660000
2023-02-21,292.480000
2023-02-22,294.360000
2023-02-23,292.570000
2023-02-24,287.370000
2023-02-27,287.400000
2023-02-28,290.290000
2023-03-01,291.230000
2023-03-02,290.760000
2023-03-03,290.510000
2023-03-06,291.620000
2023-03-07,286.580000
2023-03-08,285.180000
2023-03-09,286.880000
2023-03-10,287.240000
2023-03-13,293.460000
2023-03-14,295.250000
2023-03-15,294.270000
2023-03-16,300.640000
2023-03-17,295.770000
2023-03-20,298.950000
2023-03-21,302.660000
2023-03-22,297.870000
2023-03-23,304.750000
2023-03-24,314.390000
2023-03-27,308.470000
2023-03-28,313.250000
2023-03-29,314.240000
2023-03-30,312.160000
2023-03-31,315.070000
2023-04-03,316.330000
2023-04-04,314.420000
2023-04-05,321.940000
2023-04-06,321.660000
2023-04-10,323.240000
2023-04-11,324.830000
2023-04-12,326.370000
2023-04-13,333.350000
2023-04-14,333.520000
2023-04-17,327.740000
2023-04-18,325.150000
2023-04-19,328.450000
2023-04-20,329.150000
2023-04-21,331.090000
2023-04-24,332.840000
2023-04-25,331.930000
2023-04-26,323.300000
2023-04-27,339.370000
2023-04-28,340.730000
2023-05-01,345.000000
2023-05-02,346.030000
2023-05-03,346.360000
2023-05-04,346.590000
2023-05-05,348.090000
2023-05-08,344.090000
2023-05-09,344.830000
2023-05-10,350.040000
2023-05-11,350.400000
2023-05-12,347.410000
2023-05-15,348.650000
2023-05-16,345.150000
2023-05-17,341.200000
2023-05-18,339.460000
2023-05-19,341.700000
2023-05-22,339.970000
2023-05-23,333.510000
2023-05-24,333.850000
2023-05-25,332.630000
2023-05-26,329.990000
2023-05-30,325.300000
2023-05-31,323.570000
2023-06-01,323.620000
2023-06-02,333.780000
2023-06-05,334.420000
2023-06-06,330.410000
2023-06-07,324.650000
2023-06-08,332.580000
2023-06-09,334.110000
2023-06-12,340.600000
2023-06-13,342.100000
2023-06-14,340.960000
2023-06-15,349.190000
2023-06-16,347.890000
2023-06-20,342.690000
2023-06-21,343.280000
2023-06-22,348.160000
2023-06-23,347.000000
2023-06-26,347.450000
2023-06-27,347.120000
2023-06-28,350.780000
2023-06-29,348.180000
2023-06-30,351.910000
2023-07-03,347.570000
2023-07-05,348.320000
2023-07-06,345.760000
2023-07-07,338.180000
2023-07-10,344.460000
2023-07-11,341.740000
2023-07-12,346.060000
2023-07-13,349.020000
2023-07-14,352.740000
2023-07-17,357.980000
2023-07-18,358.980000
2023-07-19,358.570000
2023-07-20,361.820000
2023-07-21,362.460000
2023-07-24,357.050000
2023-07-25,358.060000
2023-07-26,351.910000
2023-07-27,349.640000
2023-07-28,354.050000
2023-07-31,352.550000
2023-08-01,347.740000
2023-08-02,358.400000
2023-08-03,347.740000
2023-08-04,340.480000
2023-08-07,345.320000
2023-08-08,344.470000
2023-08-09,345.110000
2023-08-10,347.380000
2023-08-11,349.860000
2023-08-14,349.370000
2023-08-15,349.780000
2023-08-16,343.410000
2023-08-17,343.870000
2023-08-18,344.820000
2023-08-21,350.740000
2023-08-22,350.400000
2023-08-23,350.600000
2023-08-24,346.770000
2023-08-25,350.060000
2023-08-28,351.600000
2023-08-29,351.260000
2023-08-30,350.760000
2023-08-31,348.340000
2023-09-01,351.100000
2023-09-05,348.260000
2023-09-06,344.320000
2023-09-07,343.960000
2023-09-08,343.050000
2023-09-11,347.220000
2023-09-12,346.550000
2023-09-13,346.840000
2023-09-14,349.415000
2023-09-15,348.900000
2023-09-18,352.000000
2023-09-19,358.260000
2023-09-20,352.310000
2023-09-21,354.280000
2023-09-22,349.530000
2023-09-25,350.670000
2023-09-26,351.690000
2023-09-27,349.650000
2023-09-28,352.500000
2023-09-29,347.740000
2023-10-02,347.830000
2023-10-03,345.150000
2023-10-04,352.970000
2023-10-05,355.140000
2023-10-06,360.620000
2023-10-09,355.200000
2023-10-10,360.570000
2023-10-11,365.250000
2023-10-12,368.000000
2023-10-13,371.000000
2023-10-16,374.000000
2023-10-17,373.500000
2023-10-18,367.550000
2023-10-19,364.800000
2023-10-20,361.860000
2023-10-23,367.660000
2023-10-24,369.380000
2023-10-25,363.040000
2023-10-26,361.280000
2023-10-27,355.280000
2023-10-30,357.450000
2023-10-31,362.110000
2023-11-01,369.330000
2023-11-02,376.550000
2023-11-03,376.200000
2023-11-06,385.760000
2023-11-07,378.250000
2023-11-08,376.960000
2023-11-09,368.570000
2023-11-10,373.650000
2023-11-13,378.920000
2023-11-14,369.950000
2023-11-15,349.340000
2023-11-16,343.000000
2023-11-17,350.500000
2023-11-20,356.840000
2023-11-21,354.780000
2023-11-22,353.230000
2023-11-24,353.040000
2023-11-27,350.190000
2023-11-28,347.040000
2023-11-29,351.000000
2023-11-30,354.810000
2023-12-01,351.160000
2023-12-04,350.630000
2023-12-05,354.150000
2023-12-06,353.460000
2023-12-07,353.950000
2023-12-08,350.150000
2023-12-11,356.290000
2023-12-12,357.730000
2023-12-13,405.070000
2023-12-14,406.600000
2023-12-15,410.680000
2023-12-18,404.650000
2023-12-19,403.140000
2023-12-20,400.250000
2023-12-21,400.630000
2023-12-22,405.250000
2023-12-26,407.660000
2023-12-27,408.050000
2023-12-28,409.270000
2023-12-29,406.890000
2024-01-02,410.910000
2024-01-03,410.710000
2024-01-04,416.150000
2024-01-05,416.500000
2024-01-08,419.120000
2024-01-09,421.010000
2024-01-10,423.760000
2024-01-11,430.080000
2024-01-12,433.400000
2024-01-16,437.490000
2024-01-17,433.760000
2024-01-18,432.980000
2024-01-19,435.020000
2024-01-22,440.110000
2024-01-23,439.700000
2024-01-24,427.560000
2024-01-25,429.960000
2024-01-26,430.170000
2024-01-29,435.820000
2024-01-30,446.080000
2024-01-31,433.640000
2024-02-01,433.870000
2024-02-02,424.680000
2024-02-05,428.890000
2024-02-06,416.130000
2024-02-07,419.080000
2024-02-08,423.060000
2024-02-09,422.910000
2024-02-12,418.530000
2024-02-13,416.095000
2024-02-14,417.880000
2024-02-15,426.290000
2024-02-16,422.200000
2024-02-20,420.640000
2024-02-21,419.630000
2024-02-22,426.780000
2024-02-23,430.110000
2024-02-26,433.480000
2024-02-27,430.920000
2024-02-28,426.970000
2024-02-29,420.740000
2024-03-01,432.760000
2024-03-04,424.030000
2024-03-05,415.440000
2024-03-06,411.850000
2024-03-07,410.590000
2024-03-08,413.920000
2024-03-11,414.470000
2024-03-12,412.450000
2024-03-13,413.200000
2024-03-14,408.770000
2024-03-15,407.690000
2024-03-18,411.380000
2024-03-19,415.200000
2024-03-20,412.110000
2024-03-21,415.710000
2024-03-22,415.660000
2024-03-25,416.030000
2024-03-26,418.460000
2024-03-27,417.320000
2024-03-28,418.010000
2024-04-01,420.480000
2024-04-02,409.420000
2024-04-03,408.810000
2024-04-04,404.010000
2024-04-05,406.670000
2024-04-08,404.220000
2024-04-09,404.480000
2024-04-10,397.580000
2024-04-11,400.230000
2024-04-12,396.550000
2024-04-15,397.360000
2024-04-16,394.170000
2024-04-17,393.100000
2024-04-18,393.480000
2024-04-19,394.280000
2024-04-22,399.920000
2024-04-23,404.910000
2024-04-24,400.760000
2024-04-25,397.700000
2024-04-26,397.480000
2024-04-29,396.200000
2024-04-30,392.810000
2024-05-01,402.140000
2024-05-02,400.160000
2024-05-03,401.080000
2024-05-06,402.500000
2024-05-07,410.240000
2024-05-08,418.820000
2024-05-09,418.990000
2024-05-10,422.780000
2024-05-13,429.930000
2024-05-14,428.590000
2024-05-15,437.490000
2024-05-16,440.640000
2024-05-17,445.210000
2024-05-20,445.870000
2024-05-21,442.000000
2024-05-22,447.530000
2024-05-23,450.800000
2024-05-24,456.950000
2024-05-28,446.880000
2024-05-29,441.130000
2024-05-30,443.180000
2024-05-31,455.340000
2024-06-03,470.180000
2024-06-04,474.970000
2024-06-05,483.040000
2024-06-06,485.530000
2024-06-07,483.040000
2024-06-10,483.280000
2024-06-11,481.530000
2024-06-12,475.790000
2024-06-13,479.030000
2024-06-14,480.730000
2024-06-17,473.690000
2024-06-18,467.280000
2024-06-20,471.380000
2024-06-21,468.710000
2024-06-24,474.950000
2024-06-25,473.820000
2024-06-26,474.000000
2024-06-27,472.510000
2024-06-28,468.720000
2024-07-01,471.250000
2024-07-02,473.780000
2024-07-03,470.280000
2024-07-05,474.480000
2024-07-08,481.890000
2024-07-09,485.990000
2024-07-10,491.620000
2024-07-11,492.130000
2024-07-12,488.740000
2024-07-15,490.850000
2024-07-16,488.980000
2024-07-17,488.370000
2024-07-18,488.120000
2024-07-19,491.570000
2024-07-22,495.910000
2024-07-23,490.320000
2024-07-24,490.800000
2024-07-25,492.260000
2024-07-26,495.260000
2024-07-29,498.150000
2024-07-30,502.600000
2024-07-31,495.720000
2024-08-01,505.780000
2024-08-02,494.460000
2024-08-05,476.910000
2024-08-06,474.290000
2024-08-07,465.890000
2024-08-08,465.960000
2024-08-09,468.450000
2024-08-12,464.510000
2024-08-13,467.590000
2024-08-14,471.440000
2024-08-15,472.000000
2024-08-16,477.370000
2024-08-19,488.050000
2024-08-20,487.370000
2024-08-21,486.110000
2024-08-22,479.890000
2024-08-23,481.240000
2024-08-26,482.640000
2024-08-27,480.300000
2024-08-28,489.730000
2024-08-29,493.350000
2024-08-30,495.890000
2024-09-03,475.700000
2024-09-04,478.570000
2024-09-05,468.570000
2024-09-06,468.000000
2024-09-09,471.110000
2024-09-10,470.780000
2024-09-11,474.740000
2024-09-12,478.650000
2024-09-13,485.370000
2024-09-16,489.430000
2024-09-17,481.260000
2024-09-18,474.160000
2024-09-19,477.900000
2024-09-20,464.920000
2024-09-23,460.000000
2024-09-24,462.990000
2024-09-25,461.760000
2024-09-26,463.150000
2024-09-27,462.880000
2024-09-30,465.080000
2024-10-01,469.760000
2024-10-02,462.140000
2024-10-03,453.550000
2024-10-04,455.310000
2024-10-07,448.600000
2024-10-08,458.940000
2024-10-09,467.970000
2024-10-10,476.150000
2024-10-11,481.710000
2024-10-14,484.820000
2024-10-15,484.300000
2024-10-16,487.250000
2024-10-17,498.730000
2024-10-18,483.000000
2024-10-21,478.090000
2024-10-22,474.910000
2024-10-23,470.050000
2024-10-24,471.910000
2024-10-25,477.700000
2024-10-28,476.370000
2024-10-29,470.360000
2024-10-30,475.080000
2024-10-31,475.980000
2024-11-01,471.120000
2024-11-04,472.800000
2024-11-05,499.880000
2024-11-06,493.640000
2024-11-07,502.450000
2024-11-08,516.740000
2024-11-11,501.720000
2024-11-12,490.000000
2024-11-13,494.610000
2024-11-14,483.960000
2024-11-15,465.700000
2024-11-18,467.010000
2024-11-19,448.010000
2024-11-20,451.230000
2024-11-21,450.370000
2024-11-22,450.970000
2024-11-25,461.710000
2024-11-26,467.070000
2024-11-27,464.560000
2024-11-29,468.130000
2024-12-02,465.730000
2024-12-03,456.970000
2024-12-04,463.980000
2024-12-05,459.920000
2024-12-06,462.100000
2024-12-09,473.980000
2024-12-10,469.220000
2024-12-11,468.290000
2024-12-12,464.120000
2024-12-13,463.730000
2024-12-16,468.090000
2024-12-17,469.240000
2024-12-18,447.500000
2024-12-19,396.640000
2024-12-20,397.270000
2024-12-23,405.270000
2024-12-24,408.180000
2024-12-26,410.650000
2024-12-27,408.760000
2024-12-30,399.350000
2024-12-31,402.700000
2025-01-02,405.760000
2025-01-03,407.110000
2025-01-06,402.490000
2025-01-07,408.320000
2025-01-08,412.110000
2025-01-10,409.560000
2025-01-13,413.370000
2025-01-14,411.660000
2025-01-15,424.260000
2025-01-16,416.960000
2025-01-17,422.000000
2025-01-21,427.890000
2025-01-22,428.000000
2025-01-23,439.730000
2025-01-24,439.620000
2025-01-27,443.880000
2025-01-28,440.680000
2025-01-29,441.520000
2025-01-30,438.400000
2025-01-31,461.680000
2025-02-03,470.370000
2025-02-04,482.280000
2025-02-05,488.440000
2025-02-06,481.160000
2025-02-07,469.320000
2025-02-10,469.970000
2025-02-11,455.220000
2025-02-12,453.200000
2025-02-13,462.580000
2025-02-14,459.000000
2025-02-18,462.110000
2025-02-19,471.760000
2025-02-20,480.330000
2025-02-21,484.240000
2025-02-24,481.650000
2025-02-25,480.350000
2025-02-26,479.100000
2025-02-27,474.500000
2025-02-28,479.790000
2025-03-03,483.310000
2025-03-04,486.220000
2025-03-05,491.640000
2025-03-06,485.720000
2025-03-07,488.290000
2025-03-10,500.010000
2025-03-11,488.340000
2025-03-12,495.420000
2025-03-13,502.920000
2025-03-14,504.770000
2025-03-17,513.760000
2025-03-18,512.230000
2025-03-19,512.520000
2025-03-20,510.180000
2025-03-21,503.200000
2025-03-24,511.740000
2025-03-25,509.040000
2025-03-26,500.280000
2025-03-27,502.550000
2025-03-28,492.690000
2025-03-31,484.820000
2025-04-01,484.740000
2025-04-02,483.490000
2025-04-03,484.010000
2025-04-04,474.620000
2025-04-07,474.560000
2025-04-08,472.370000
2025-04-09,482.300000
2025-04-10,475.490000
2025-04-11,484.220000
2025-04-14,495.830000
2025-04-15,500.490000
2025-04-16,485.890000
2025-04-17,489.100000
2025-04-21,477.520000
2025-04-22,490.470000
2025-04-23,492.420000
2025-04-24,492.470000
2025-04-25,493.840000
2025-04-28,496.490000
2025-04-29,503.500000
2025-04-30,509.500000
2025-05-01,498.860000
2025-05-02,501.150000
2025-05-05,500.190000
2025-05-06,450.030000
2025-05-07,434.820000
2025-05-08,429.600000
2025-05-09,424.990000
2025-05-12,439.370000
2025-05-13,432.000000
2025-05-14,421.160000
2025-05-15,434.380000
2025-05-16,438.650000
2025-05-19,440.660000
2025-05-20,447.180000
2025-05-21,435.320000
2025-05-22,434.030000
2025-05-23,436.000000
2025-05-27,446.000000
2025-05-28,445.100000
2025-05-29,447.090000
2025-05-30,442.050000
2025-06-02,445.430000
2025-06-03,446.480000
2025-06-04,445.850000
2025-06-05,443.820000
2025-06-06,450.500000
2025-06-09,446.150000
2025-06-10,451.520000
2025-06-11,452.440000
2025-06-12,460.060000
2025-06-13,455.450000
2025-06-16,450.910000
2025-06-17,441.990000
2025-06-18,448.400000
2025-06-20,440.870000
2025-06-23,443.540000
2025-06-24,450.270000
2025-06-25,445.820000
2025-06-26,443.400000
2025-06-27,441.300000
2025-06-30,445.200000
2025-07-01,452.160000
2025-07-02,457.030000
2025-07-03,459.620000
2025-07-07,459.410000
2025-07-08,466.360000
2025-07-09,478.965000
2025-07-10,479.530000
2025-07-11,468.850000
2025-07-14,472.350000
2025-07-15,464.200000
2025-07-16,469.550000
2025-07-17,463.270000
2025-07-18,459.810000
2025-07-21,458.490000
2025-07-22,470.130000
2025-07-23,476.950000
2025-07-24,472.270000
2025-07-25,469.650000
2025-07-28,460.830000
2025-07-29,468.410000
2025-07-30,469.160000
2025-07-31,456.870000
2025-08-01,462.130000
2025-08-04,472.270000
2025-08-05,374.980000
2025-08-06,385.650000
2025-08-07,375.630000
2025-08-08,366.540000
2025-08-11,374.460000
2025-08-12,387.770000
2025-08-13,395.920000
2025-08-14,390.300000
2025-08-15,392.790000
2025-08-18,389.880000
2025-08-19,390.760000
2025-08-20,394.360000
2025-08-21,397.460000
2025-08-22,395.120000
2025-08-25,388.940000
2025-08-26,387.180000
2025-08-27,389.080000
2025-08-28,392.050000
2025-08-29,391.020000
2025-09-02,401.000000
2025-09-03,396.620000
2025-09-04,396.930000
2025-09-05,396.120000
2025-09-08,395.250000
2025-09-09,396.480000
2025-09-10,388.550000
2025-09-11,397.370000
2025-09-12,394.530000
2025-09-15,393.210000
2025-09-16,391.360000
2025-09-17,387.150000
2025-09-18,387.110000
2025-09-19,383.120000
2025-09-22,383.130000
2025-09-23,379.720000
2025-09-24,376.620000
2025-09-25,381.870000
2025-09-26,385.735000
2025-09-29,395.310000
2025-09-30,391.640000
2025-10-01,404.210000
2025-10-02,408.850000
2025-10-03,403.300000
2025-10-06,402.900000
2025-10-07,410.280000
2025-10-08,421.150000
2025-10-09,414.860000
2025-10-10,407.790000
2025-10-13,407.370000
2025-10-14,412.220000
2025-10-15,407.900000
2025-10-16,408.610000
2025-10-17,416.810000
2025-10-20,419.100000
2025-10-21,426.270000
2025-10-22,426.440000
2025-10-23,422.630000
2025-10-24,421.390000
2025-10-27,420.170000
2025-10-28,422.390000
2025-10-29,417.210000
2025-10-30,419.890000
2025-10-31,425.570000
2025-11-03,426.000000
2025-11-04,421.670000
2025-11-05,417.000000
2025-11-06,416.250000
2025-11-07,409.470000
2025-11-10,421.200000
2025-11-11,429.220000
2025-11-12,434.190000
2025-11-13,434.520000
2025-11-14,437.150000
2025-11-17,434.020000
2025-11-18,435.520000
2025-11-19,421.030000
2025-11-20,422.320000
2025-11-21,426.760000
2025-11-24,424.000000
2025-11-25,429.820000
2025-11-26,432.170000
2025-11-28,433.610000
2025-12-01,425.600000
2025-12-02,433.150000
2025-12-03,463.130000
2025-12-04,457.360000
2025-12-05,455.480000
2025-12-08,442.040000
2025-12-09,437.010000
2025-12-10,444.640000
2025-12-11,445.930000
2025-12-12,452.040000
2025-12-15,455.710000
2025-12-16,454.960000
2025-12-17,449.520000
2025-12-18,447.380000
2025-12-19,456.200000
2025-12-22,460.310000
2025-12-23,459.210000
2025-12-24,462.990000
2025-12-26,462.900000
2025-12-29,459.780000
2025-12-30,453.740000
2025-12-31,453.360000
2026-01-02,452.130000
2026-01-05,448.800000
2026-01-06,468.380000
2026-01-07,484.150000
2026-01-08,469.680000
2026-01-09,463.860000
2026-01-12,460.590000
2026-01-13,454.670000
2026-01-14,449.530000
2026-01-15,438.920000
2026-01-16,441.360000
2026-01-20,442.080000
2026-01-21,461.140000
2026-01-22,467.350000
2026-01-23,468.410000
2026-01-26,476.840000
2026-01-27,474.170000
2026-01-28,477.910000
2026-01-29,475.680000
2026-01-30,469.900000
2026-02-02,472.010000
2026-02-03,465.610000
2026-02-04,470.520000
2026-02-05,458.810000
2026-02-06,477.920000
2026-02-09,470.870000
2026-02-10,463.480000
2026-02-11,461.240000
2026-02-12,465.020000
2026-02-13,491.470000
2026-02-17,477.320000
2026-02-18,470.310000
2026-02-19,469.270000
2026-02-20,476.900000
2026-02-23,481.010000
2026-02-24,487.430000
2026-02-25,483.050000
2026-02-26,480.130000
2026-02-27,496.830000
2026-03-02,486.030000
2026-03-03,474.270000
2026-03-04,477.890000
2026-03-05,460.820000
2026-03-06,456.690000
2026-03-09,460.870000
2026-03-10,499.170000
2026-03-11,492.380000
2026-03-12,478.130000
2026-03-13,469.340000
2026-03-16,466.100000
2026-03-17,462.490000
2026-03-18,451.590000
2026-03-19,458.050000
2026-03-20,454.000000
2026-03-23,451.235000
2026-03-24,448.620000
2026-03-25,454.970000
2026-03-26,453.740000
2026-03-27,433.070000
2026-03-30,443.160000
2026-03-31,446.540000
2026-04-01,447.260000
2026-04-02,438.710000
2026-04-06,434.300000
2026-04-07,431.860000
2026-04-08,443.920000
2026-04-09,446.780000
2026-04-10,436.270000
2026-04-13,440.050000
2026-04-14,444.280000
2026-04-15,441.700000
2026-04-16,435.650000
2026-04-17,441.200000
2026-04-20,439.180000
2026-04-21,436.590000
2026-04-22,437.670000
2026-04-23,435.100000
2026-04-24,430.290000
2026-04-27,426.010000
2026-04-28,430.140000
2026-04-29,423.240000
2026-04-30,427.380000
2026-05-01,423.920000
2026-05-04,429.850000
2026-05-05,424.360000
2026-05-06,427.650000
2026-05-07,425.000000
2026-05-08,429.820000
2026-05-11,435.170000
2026-05-12,448.290000
2026-05-13,453.060000
2026-05-14,450.410000
2026-05-15,436.950000
2026-05-18,436.580000
2026-05-19,434.310000
2026-05-20,430.440000
2026-05-21,433.540000
2026-05-22,434.520000
2026-05-26,435.930000
2026-05-27,437.220000
2026-05-28,447.970000
2026-05-29,447.540000
2026-06-01,438.400000
2026-06-02,425.090000
2026-06-03,428.340000
2026-06-04,441.740000
2026-06-05,446.830000
2026-06-08,442.960000
2026-06-09,445.770000
2026-06-10,435.710000
2026-06-11,445.040000
2026-06-12,444.925000
2026-06-15,450.460000
2026-06-16,453.170000
2026-06-17,458.990000
2026-06-18,451.630000
2026-06-22,466.790000
2026-06-23,468.420000
2026-06-24,475.200000
2026-06-25,480.180000
2026-06-26,491.340000
2026-06-29,499.650000
2026-06-30,496.730000
2026-07-01,498.010000
2026-07-02,528.040000
2026-07-06,529.590000
2026-07-07,522.250000
2026-07-08,498.430000
2026-07-09,496.500000
2026-07-10,485.390000
2026-07-13,480.250000
2026-07-14,476.310000
2026-07-15,477.080000
2026-07-16,486.030000
2026-07-17,485.650000
2026-07-20,480.500000
2026-07-21,482.000000
2026-07-22,472.570000
2026-07-23,473.090000
2026-07-24,477.360000
2026-07-27,479.000000
2026-07-28,490.390000
2026-07-29,483.330000
2026-07-30,481.700000
2026-07-31,477.100000
2026-08-03,470.720000
2026-08-04,478.705000
2026-08-05,484.830000
2026-08-06,484.030000
2026-08-07,496.070000
2026-08-10,523.910000
2026-08-11,529.650000
2026-08-12,525.730000
2026-08-13,516.440000
2026-08-14,505.750000
2026-08-17,515.550000
2026-08-18,528.190000
2026-08-19,552.060000
2026-08-20,540.260000
2026-08-21,548.050000
2026-08-24,547.590000
2026-08-25,552.850000
2026-08-26,547.290000
2026-08-27,547.550000
