d,c
2009-01-02,38.090000
2009-01-05,38.300000
2009-01-06,39.020000
2009-01-07,38.040000
2009-01-08,36.490000
2009-01-09,35.510000
2009-01-12,36.180000
2009-01-13,36.910000
2009-01-14,36.540000
2009-01-15,38.320000
2009-01-16,38.670000
2009-01-20,38.060000
2009-01-21,38.150000
2009-01-22,37.430000
2009-01-23,36.510000
2009-01-26,36.850000
2009-01-27,37.830000
2009-01-28,38.090000
2009-01-29,36.940000
2009-01-30,36.170000
2009-02-02,36.330000
2009-02-03,37.050000
2009-02-04,39.590000
2009-02-05,41.060000
2009-02-06,41.760000
2009-02-09,41.030000
2009-02-10,39.350000
2009-02-11,39.140000
2009-02-12,40.110000
2009-02-13,40.910000
2009-02-17,39.210000
2009-02-18,37.650000
2009-02-19,37.750000
2009-02-20,37.360000
2009-02-23,36.400000
2009-02-24,37.730000
2009-02-25,36.660000
2009-02-26,35.470000
2009-02-27,35.220000
2009-03-02,33.490000
2009-03-03,33.630000
2009-03-04,34.850000
2009-03-05,33.530000
2009-03-06,33.240000
2009-03-09,31.750000
2009-03-10,33.530000
2009-03-11,32.160000
2009-03-12,30.750000
2009-03-13,31.620000
2009-03-16,31.800000
2009-03-17,32.930000
2009-03-18,32.390000
2009-03-19,32.400000
2009-03-20,31.990000
2009-03-23,33.540000
2009-03-24,32.480000
2009-03-25,32.620000
2009-03-26,34.170000
2009-03-27,37.310000
2009-03-30,36.390000
2009-03-31,36.950000
2009-04-01,38.100000
2009-04-02,39.140000
2009-04-03,39.100000
2009-04-06,39.340000
2009-04-07,39.000000
2009-04-08,39.600000
2009-04-09,40.000000
2009-04-13,39.570000
2009-04-14,38.470000
2009-04-15,37.990000
2009-04-16,39.000000
2009-04-17,39.460000
2009-04-20,38.000000
2009-04-21,37.310000
2009-04-22,36.910000
2009-04-23,35.890000
2009-04-24,37.520000
2009-04-27,37.700000
2009-04-28,43.830000
2009-04-29,43.880000
2009-04-30,44.170000
2009-05-01,44.460000
2009-05-04,45.110000
2009-05-05,45.100000
2009-05-06,44.530000
2009-05-07,44.330000
2009-05-08,44.450000
2009-05-11,43.860000
2009-05-12,44.550000
2009-05-13,44.050000
2009-05-14,44.220000
2009-05-15,43.480000
2009-05-18,44.150000
2009-05-19,44.910000
2009-05-20,45.360000
2009-05-21,43.660000
2009-05-22,43.190000
2009-05-26,44.880000
2009-05-27,44.300000
2009-05-28,44.010000
2009-05-29,43.320000
2009-06-01,44.800000
2009-06-02,48.030000
2009-06-03,47.780000
2009-06-04,47.000000
2009-06-05,46.690000
2009-06-08,46.540000
2009-06-09,46.820000
2009-06-10,46.830000
2009-06-11,48.170000
2009-06-12,48.340000
2009-06-15,47.700000
2009-06-16,47.990000
2009-06-17,48.430000
2009-06-18,48.750000
2009-06-19,49.070000
2009-06-22,49.160000
2009-06-23,48.860000
2009-06-24,50.430000
2009-06-25,51.110000
2009-06-26,50.980000
2009-06-29,51.520000
2009-06-30,51.470000
2009-07-01,51.300000
2009-07-02,49.020000
2009-07-06,49.620000
2009-07-07,49.840000
2009-07-08,48.810000
2009-07-09,48.560000
2009-07-10,48.940000
2009-07-13,49.000000
2009-07-14,48.810000
2009-07-15,49.330000
2009-07-16,49.960000
2009-07-17,50.280000
2009-07-20,50.770000
2009-07-21,51.500000
2009-07-22,51.110000
2009-07-23,51.500000
2009-07-24,51.860000
2009-07-27,52.440000
2009-07-28,50.880000
2009-07-29,50.760000
2009-07-30,50.440000
2009-07-31,50.250000
2009-08-03,51.960000
2009-08-04,51.990000
2009-08-05,51.320000
2009-08-06,50.770000
2009-08-07,51.280000
2009-08-10,51.760000
2009-08-11,51.590000
2009-08-12,51.680000
2009-08-13,52.590000
2009-08-14,51.310000
2009-08-17,50.390000
2009-08-18,49.920000
2009-08-19,50.290000
2009-08-20,50.380000
2009-08-21,51.800000
2009-08-24,51.480000
2009-08-25,52.230000
2009-08-26,52.170000
2009-08-27,51.730000
2009-08-28,50.960000
2009-08-31,50.280000
2009-09-01,50.330000
2009-09-02,50.330000
2009-09-03,50.340000
2009-09-04,50.760000
2009-09-08,51.870000
2009-09-09,53.340000
2009-09-10,54.460000
2009-09-11,54.610000
2009-09-14,54.400000
2009-09-15,53.640000
2009-09-16,54.810000
2009-09-17,55.590000
2009-09-18,55.320000
2009-09-21,56.300000
2009-09-22,55.760000
2009-09-23,55.480000
2009-09-24,55.090000
2009-09-25,54.770000
2009-09-28,55.430000
2009-09-29,55.400000
2009-09-30,55.860000
2009-10-01,54.140000
2009-10-02,53.900000
2009-10-05,55.480000
2009-10-06,56.210000
2009-10-07,56.610000
2009-10-08,57.220000
2009-10-09,57.750000
2009-10-12,57.620000
2009-10-13,57.370000
2009-10-14,58.180000
2009-10-15,58.270000
2009-10-16,57.470000
2009-10-19,58.820000
2009-10-20,58.480000
2009-10-21,58.140000
2009-10-22,57.300000
2009-10-23,56.990000
2009-10-26,56.320000
2009-10-27,57.190000
2009-10-28,57.400000
2009-10-29,57.890000
2009-10-30,57.430000
2009-11-02,58.000000
2009-11-03,57.930000
2009-11-04,57.280000
2009-11-05,59.560000
2009-11-06,59.230000
2009-11-09,61.100000
2009-11-10,60.660000
2009-11-11,60.150000
2009-11-12,59.480000
2009-11-13,60.720000
2009-11-16,60.850000
2009-11-17,60.370000
2009-11-18,59.970000
2009-11-19,59.370000
2009-11-20,59.040000
2009-11-23,59.030000
2009-11-24,59.420000
2009-11-25,59.780000
2009-11-27,59.020000
2009-11-30,58.780000
2009-12-01,59.370000
2009-12-02,59.610000
2009-12-03,59.010000
2009-12-04,59.430000
2009-12-07,59.940000
2009-12-08,59.230000
2009-12-09,59.440000
2009-12-10,60.750000
2009-12-11,61.210000
2009-12-14,61.880000
2009-12-15,62.580000
2009-12-16,61.810000
2009-12-17,60.670000
2009-12-18,60.220000
2009-12-21,60.980000
2009-12-22,61.580000
2009-12-23,61.470000
2009-12-24,61.510000
2009-12-28,61.770000
2009-12-29,62.000000
2009-12-30,62.230000
2009-12-31,61.960000
2010-01-04,61.630000
2010-01-05,60.790000
2010-01-06,60.900000
2010-01-07,61.160000
2010-01-08,61.210000
2010-01-11,62.430000
2010-01-12,62.490000
2010-01-13,62.610000
2010-01-14,62.150000
2010-01-15,60.760000
2010-01-19,61.640000
2010-01-20,60.840000
2010-01-21,59.240000
2010-01-22,59.490000
2010-01-25,59.230000
2010-01-26,58.040000
2010-01-27,57.850000
2010-01-28,57.820000
2010-01-29,56.980000
2010-02-01,57.180000
2010-02-02,58.030000
2010-02-03,57.860000
2010-02-04,56.180000
2010-02-05,57.470000
2010-02-08,57.870000
2010-02-09,58.200000
2010-02-10,57.510000
2010-02-11,57.880000
2010-02-12,58.260000
2010-02-16,58.900000
2010-02-17,58.920000
2010-02-18,59.140000
2010-02-19,58.780000
2010-02-22,59.220000
2010-02-23,58.710000
2010-02-24,59.310000
2010-02-25,59.910000
2010-02-26,59.660000
2010-03-01,61.700000
2010-03-02,62.080000
2010-03-03,62.240000
2010-03-04,61.620000
2010-03-05,64.210000
2010-03-08,63.600000
2010-03-09,64.040000
2010-03-10,65.070000
2010-03-11,65.330000
2010-03-12,64.840000
2010-03-15,64.550000
2010-03-16,65.070000
2010-03-17,65.420000
2010-03-18,66.010000
2010-03-19,65.060000
2010-03-22,65.450000
2010-03-23,66.820000
2010-03-24,66.910000
2010-03-25,66.980000
2010-03-26,66.790000
2010-03-29,67.550000
2010-03-30,67.890000
2010-03-31,67.540000
2010-04-01,67.850000
2010-04-05,67.990000
2010-04-06,67.820000
2010-04-07,67.340000
2010-04-08,67.730000
2010-04-09,69.230000
2010-04-12,68.800000
2010-04-13,69.140000
2010-04-14,70.050000
2010-04-15,70.650000
2010-04-16,70.480000
2010-04-19,70.930000
2010-04-20,71.090000
2010-04-21,70.060000
2010-04-22,68.850000
2010-04-23,70.030000
2010-04-26,70.050000
2010-04-27,70.330000
2010-04-28,73.130000
2010-04-29,73.130000
2010-04-30,71.990000
2010-05-03,72.970000
2010-05-04,71.000000
2010-05-05,70.810000
2010-05-06,68.420000
2010-05-07,66.110000
2010-05-10,70.010000
2010-05-11,70.200000
2010-05-12,71.600000
2010-05-13,70.370000
2010-05-14,68.180000
2010-05-17,68.140000
2010-05-18,67.770000
2010-05-19,66.610000
2010-05-20,63.860000
2010-05-21,65.500000
2010-05-24,66.210000
2010-05-25,66.970000
2010-05-26,66.440000
2010-05-27,69.980000
2010-05-28,68.440000
2010-06-01,67.510000
2010-06-02,69.590000
2010-06-03,70.500000
2010-06-04,66.540000
2010-06-07,66.330000
2010-06-08,66.180000
2010-06-09,66.860000
2010-06-10,68.740000
2010-06-11,68.910000
2010-06-14,68.850000
2010-06-15,70.320000
2010-06-16,70.910000
2010-06-17,71.810000
2010-06-18,71.710000
2010-06-21,71.390000
2010-06-22,71.090000
2010-06-23,69.940000
2010-06-24,68.410000
2010-06-25,69.150000
2010-06-28,68.760000
2010-06-29,65.490000
2010-06-30,64.700000
2010-07-01,63.560000
2010-07-02,63.110000
2010-07-06,64.030000
2010-07-07,63.310000
2010-07-08,64.090000
2010-07-09,64.400000
2010-07-12,63.810000
2010-07-13,64.930000
2010-07-14,64.730000
2010-07-15,65.070000
2010-07-16,63.020000
2010-07-19,63.500000
2010-07-20,63.990000
2010-07-21,62.890000
2010-07-22,64.490000
2010-07-23,64.590000
2010-07-26,65.960000
2010-07-27,62.740000
2010-07-28,65.660000
2010-07-29,64.780000
2010-07-30,64.160000
2010-08-02,65.560000
2010-08-03,66.010000
2010-08-04,66.840000
2010-08-05,66.360000
2010-08-06,66.420000
2010-08-09,66.850000
2010-08-10,66.370000
2010-08-11,64.680000
2010-08-12,63.060000
2010-08-13,62.390000
2010-08-16,61.950000
2010-08-17,64.430000
2010-08-18,64.520000
2010-08-19,62.530000
2010-08-20,62.680000
2010-08-23,62.670000
2010-08-24,61.030000
2010-08-25,61.850000
2010-08-26,61.280000
2010-08-27,62.090000
2010-08-30,60.880000
2010-08-31,60.520000
2010-09-01,62.960000
2010-09-02,63.690000
2010-09-03,64.780000
2010-09-07,64.200000
2010-09-08,64.420000
2010-09-09,65.250000
2010-09-10,65.970000
2010-09-13,67.050000
2010-09-14,67.700000
2010-09-15,68.330000
2010-09-16,68.490000
2010-09-17,68.930000
2010-09-20,69.880000
2010-09-21,70.290000
2010-09-22,70.800000
2010-09-23,69.700000
2010-09-24,71.490000
2010-09-27,70.850000
2010-09-28,70.920000
2010-09-29,71.120000
2010-09-30,70.780000
2010-10-01,70.890000
2010-10-04,69.870000
2010-10-05,71.520000
2010-10-06,70.530000
2010-10-07,70.620000
2010-10-08,70.790000
2010-10-11,70.910000
2010-10-12,71.610000
2010-10-13,72.460000
2010-10-14,71.440000
2010-10-15,72.060000
2010-10-18,72.460000
2010-10-19,70.920000
2010-10-20,72.190000
2010-10-21,72.360000
2010-10-22,72.530000
2010-10-25,73.260000
2010-10-26,73.290000
2010-10-27,74.040000
2010-10-28,74.380000
2010-10-29,74.130000
2010-11-01,75.000000
2010-11-02,75.550000
2010-11-03,75.920000
2010-11-04,77.110000
2010-11-05,77.880000
2010-11-08,77.590000
2010-11-09,77.010000
2010-11-10,76.530000
2010-11-11,77.420000
2010-11-12,76.450000
2010-11-15,76.360000
2010-11-16,75.090000
2010-11-17,76.800000
2010-11-18,78.110000
2010-11-19,78.730000
2010-11-22,78.730000
2010-11-23,77.230000
2010-11-24,78.670000
2010-11-26,78.010000
2010-11-29,77.610000
2010-11-30,76.870000
2010-12-01,78.710000
2010-12-02,79.290000
2010-12-03,79.400000
2010-12-06,78.390000
2010-12-07,78.590000
2010-12-08,77.600000
2010-12-09,79.050000
2010-12-10,80.390000
2010-12-13,80.430000
2010-12-14,80.050000
2010-12-15,79.360000
2010-12-16,80.470000
2010-12-17,80.170000
2010-12-20,80.470000
2010-12-21,80.050000
2010-12-22,79.860000
2010-12-23,79.580000
2010-12-27,79.350000
2010-12-28,78.960000
2010-12-29,78.920000
2010-12-30,78.470000
2010-12-31,77.710000
2011-01-04,77.630000
2011-01-05,77.790000
2011-01-06,76.050000
2011-01-07,75.210000
2011-01-10,74.680000
2011-01-11,76.300000
2011-01-12,76.750000
2011-01-13,76.390000
2011-01-14,76.440000
2011-01-18,77.410000
2011-01-19,75.510000
2011-01-20,75.790000
2011-01-21,76.250000
2011-01-24,78.260000
2011-01-25,77.990000
2011-01-26,76.660000
2011-01-27,77.680000
2011-01-28,76.060000
2011-01-31,76.390000
2011-02-01,77.700000
2011-02-02,75.890000
2011-02-03,75.540000
2011-02-04,75.370000
2011-02-07,76.130000
2011-02-08,76.850000
2011-02-09,77.910000
2011-02-10,79.460000
2011-02-11,79.870000
2011-02-14,80.200000
2011-02-15,79.900000
2011-02-16,80.340000
2011-02-17,80.490000
2011-02-18,83.380000
2011-02-22,82.950000
2011-02-23,80.480000
2011-02-24,81.600000
2011-02-25,82.440000
2011-02-28,83.050000
2011-03-01,82.040000
2011-03-02,82.430000
2011-03-03,84.650000
2011-03-04,87.000000
2011-03-07,86.010000
2011-03-08,87.120000
2011-03-09,86.970000
2011-03-10,85.010000
2011-03-11,85.370000
2011-03-14,84.730000
2011-03-15,82.700000
2011-03-16,80.570000
2011-03-17,81.760000
2011-03-18,83.570000
2011-03-21,84.960000
2011-03-22,84.410000
2011-03-23,84.070000
2011-03-24,84.630000
2011-03-25,85.500000
2011-03-28,85.530000
2011-03-29,85.990000
2011-03-30,86.810000
2011-03-31,86.900000
2011-04-01,87.930000
2011-04-04,89.020000
2011-04-05,89.720000
2011-04-06,89.380000
2011-04-07,88.200000
2011-04-08,87.650000
2011-04-11,87.850000
2011-04-12,87.160000
2011-04-13,87.550000
2011-04-14,87.200000
2011-04-15,87.810000
2011-04-18,85.960000
2011-04-19,86.410000
2011-04-20,89.660000
2011-04-21,90.800000
2011-04-25,90.730000
2011-04-26,98.320000
2011-04-27,98.310000
2011-04-28,97.960000
2011-04-29,98.000000
2011-05-02,98.290000
2011-05-03,97.500000
2011-05-04,96.870000
2011-05-05,95.650000
2011-05-06,96.870000
2011-05-09,97.800000
2011-05-10,98.020000
2011-05-11,97.290000
2011-05-12,98.430000
2011-05-13,97.700000
2011-05-16,97.170000
2011-05-17,95.980000
2011-05-18,98.460000
2011-05-19,99.560000
2011-05-20,98.730000
2011-05-23,97.260000
2011-05-24,97.120000
2011-05-25,97.580000
2011-05-26,97.980000
2011-05-27,97.800000
2011-05-31,98.560000
2011-06-01,95.940000
2011-06-02,96.100000
2011-06-03,94.010000
2011-06-06,92.630000
2011-06-07,93.900000
2011-06-08,92.910000
2011-06-09,94.190000
2011-06-10,92.250000
2011-06-13,91.510000
2011-06-14,93.170000
2011-06-15,91.050000
2011-06-16,91.450000
2011-06-17,92.090000
2011-06-20,92.590000
2011-06-21,94.300000
2011-06-22,94.050000
2011-06-23,93.140000
2011-06-24,91.480000
2011-06-27,92.710000
2011-06-28,94.020000
2011-06-29,95.350000
2011-06-30,95.740000
2011-07-01,97.630000
2011-07-05,97.930000
2011-07-06,98.030000
2011-07-07,98.570000
2011-07-08,98.550000
2011-07-11,95.050000
2011-07-12,94.410000
2011-07-13,94.470000
2011-07-14,93.440000
2011-07-15,93.690000
2011-07-18,93.060000
2011-07-19,96.140000
2011-07-20,96.360000
2011-07-21,99.160000
2011-07-22,98.060000
2011-07-25,97.100000
2011-07-26,89.250000
2011-07-27,86.650000
2011-07-28,87.470000
2011-07-29,87.890000
2011-08-01,86.290000
2011-08-02,81.850000
2011-08-03,82.860000
2011-08-04,78.870000
2011-08-05,78.010000
2011-08-08,73.200000
2011-08-09,76.820000
2011-08-10,73.150000
2011-08-11,75.740000
2011-08-12,78.890000
2011-08-15,81.110000
2011-08-16,77.750000
2011-08-17,78.290000
2011-08-18,72.190000
2011-08-19,72.380000
2011-08-22,72.830000
2011-08-23,75.780000
2011-08-24,77.300000
2011-08-25,76.620000
2011-08-26,78.340000
2011-08-29,80.310000
2011-08-30,80.590000
2011-08-31,79.870000
2011-09-01,78.830000
2011-09-02,75.840000
2011-09-06,75.850000
2011-09-07,78.760000
2011-09-08,77.020000
2011-09-09,74.620000
2011-09-12,75.450000
2011-09-13,77.670000
2011-09-14,79.700000
2011-09-15,81.810000
2011-09-16,82.430000
2011-09-19,80.630000
2011-09-20,81.250000
2011-09-21,77.160000
2011-09-22,74.270000
2011-09-23,75.090000
2011-09-26,76.760000
2011-09-27,79.600000
2011-09-28,77.030000
2011-09-29,77.750000
2011-09-30,75.490000
2011-10-03,73.860000
2011-10-04,75.430000
2011-10-05,77.000000
2011-10-06,79.100000
2011-10-07,72.780000
2011-10-10,75.910000
2011-10-11,78.230000
2011-10-12,77.330000
2011-10-13,75.960000
2011-10-14,77.250000
2011-10-17,75.220000
2011-10-18,76.660000
2011-10-19,76.010000
2011-10-20,77.720000
2011-10-21,80.590000
2011-10-24,83.140000
2011-10-25,78.900000
2011-10-26,77.020000
2011-10-27,80.950000
2011-10-28,82.220000
2011-10-31,80.120000
2011-11-01,76.850000
2011-11-02,77.460000
2011-11-03,79.670000
2011-11-04,78.550000
2011-11-07,79.400000
2011-11-08,81.500000
2011-11-09,77.480000
2011-11-10,77.930000
2011-11-11,80.030000
2011-11-14,79.460000
2011-11-15,79.240000
2011-11-16,78.660000
2011-11-17,76.170000
2011-11-18,74.770000
2011-11-21,74.350000
2011-11-22,74.670000
2011-11-23,72.780000
2011-11-25,72.550000
2011-11-28,75.160000
2011-11-29,75.180000
2011-11-30,80.000000
2011-12-01,79.950000
2011-12-02,79.880000
2011-12-05,80.050000
2011-12-06,80.170000
2011-12-07,79.150000
2011-12-08,75.560000
2011-12-09,74.820000
2011-12-12,73.540000
2011-12-13,72.450000
2011-12-14,71.840000
2011-12-15,71.930000
2011-12-16,71.610000
2011-12-19,71.720000
2011-12-20,74.110000
2011-12-21,73.730000
2011-12-22,74.520000
2011-12-23,74.590000
2011-12-27,74.620000
2011-12-28,73.260000
2011-12-29,74.140000
2011-12-30,74.050000
2012-01-03,75.940000
2012-01-04,74.450000
2012-01-05,73.710000
2012-01-06,74.150000
2012-01-09,74.270000
2012-01-10,74.140000
2012-01-11,75.390000
2012-01-12,76.710000
2012-01-13,76.060000
2012-01-17,77.780000
2012-01-18,76.290000
2012-01-19,79.380000
2012-01-20,77.990000
2012-01-23,78.760000
2012-01-24,85.040000
2012-01-25,87.910000
2012-01-26,86.950000
2012-01-27,86.820000
2012-01-30,86.270000
2012-01-31,86.570000
2012-02-01,88.330000
2012-02-02,88.780000
2012-02-03,89.490000
2012-02-06,89.260000
2012-02-07,88.830000
2012-02-08,88.560000
2012-02-09,88.340000
2012-02-10,87.800000
2012-02-13,88.140000
2012-02-14,88.510000
2012-02-15,87.920000
2012-02-16,89.100000
2012-02-17,88.630000
2012-02-21,87.440000
2012-02-22,88.120000
2012-02-23,88.110000
2012-02-24,88.560000
2012-02-27,88.980000
2012-02-28,89.900000
2012-02-29,89.600000
2012-03-01,90.300000
2012-03-02,89.340000
2012-03-05,88.920000
2012-03-06,87.320000
2012-03-07,87.880000
2012-03-08,89.860000
2012-03-09,90.980000
2012-03-12,90.510000
2012-03-13,92.270000
2012-03-14,92.180000
2012-03-15,93.130000
2012-03-16,92.960000
2012-03-19,92.580000
2012-03-20,92.880000
2012-03-21,92.380000
2012-03-22,91.210000
2012-03-23,90.890000
2012-03-26,94.030000
2012-03-27,93.110000
2012-03-28,92.860000
2012-03-29,91.810000
2012-03-30,92.660000
2012-04-02,93.990000
2012-04-03,93.890000
2012-04-04,91.760000
2012-04-05,91.930000
2012-04-09,90.080000
2012-04-10,87.440000
2012-04-11,88.150000
2012-04-12,89.280000
2012-04-13,87.560000
2012-04-16,86.950000
2012-04-17,88.560000
2012-04-18,88.190000
2012-04-19,88.040000
2012-04-20,88.750000
2012-04-23,88.340000
2012-04-24,81.800000
2012-04-25,83.270000
2012-04-26,84.300000
2012-04-27,83.890000
2012-04-30,84.110000
2012-05-01,83.920000
2012-05-02,83.820000
2012-05-03,83.520000
2012-05-04,83.510000
2012-05-07,83.780000
2012-05-08,84.500000
2012-05-09,84.350000
2012-05-10,84.290000
2012-05-11,84.820000
2012-05-14,83.840000
2012-05-15,83.120000
2012-05-16,83.180000
2012-05-17,82.520000
2012-05-18,80.810000
2012-05-21,82.550000
2012-05-22,82.770000
2012-05-23,82.090000
2012-05-24,82.250000
2012-05-25,82.100000
2012-05-29,82.470000
2012-05-30,80.800000
2012-05-31,79.780000
2012-06-01,77.070000
2012-06-04,76.150000
2012-06-05,76.970000
2012-06-06,78.830000
2012-06-07,78.350000
2012-06-08,78.780000
2012-06-11,78.260000
2012-06-12,79.380000
2012-06-13,79.500000
2012-06-14,80.320000
2012-06-15,80.560000
2012-06-18,81.280000
2012-06-19,82.380000
2012-06-20,82.350000
2012-06-21,80.040000
2012-06-22,81.090000
2012-06-25,79.520000
2012-06-26,77.830000
2012-06-27,78.140000
2012-06-28,76.890000
2012-06-29,79.470000
2012-07-02,78.500000
2012-07-03,79.430000
2012-07-05,79.820000
2012-07-06,77.310000
2012-07-09,75.960000
2012-07-10,74.660000
2012-07-11,75.300000
2012-07-12,75.410000
2012-07-13,76.630000
2012-07-16,76.190000
2012-07-17,77.120000
2012-07-18,78.630000
2012-07-19,78.510000
2012-07-20,76.480000
2012-07-23,75.590000
2012-07-24,75.690000
2012-07-25,75.110000
2012-07-26,77.090000
2012-07-27,79.060000
2012-07-30,78.110000
2012-07-31,77.480000
2012-08-01,77.320000
2012-08-02,75.400000
2012-08-03,77.110000
2012-08-06,77.000000
2012-08-07,78.680000
2012-08-08,79.270000
2012-08-09,78.560000
2012-08-10,78.650000
2012-08-13,78.020000
2012-08-14,77.330000
2012-08-15,78.330000
2012-08-16,76.170000
2012-08-17,75.260000
2012-08-20,75.750000
2012-08-21,76.000000
2012-08-22,76.650000
2012-08-23,77.100000
2012-08-24,77.720000
2012-08-27,78.010000
2012-08-28,77.540000
2012-08-29,79.180000
2012-08-30,79.090000
2012-08-31,80.190000
2012-09-04,79.870000
2012-09-05,79.610000
2012-09-06,81.670000
2012-09-07,83.180000
2012-09-10,83.220000
2012-09-11,83.420000
2012-09-12,83.640000
2012-09-13,85.150000
2012-09-14,85.040000
2012-09-17,84.920000
2012-09-18,85.240000
2012-09-19,85.010000
2012-09-20,85.090000
2012-09-21,84.690000
2012-09-24,84.620000
2012-09-25,84.120000
2012-09-26,83.360000
2012-09-27,84.120000
2012-09-28,83.330000
2012-10-01,84.160000
2012-10-02,84.010000
2012-10-03,84.320000
2012-10-04,84.450000
2012-10-05,84.350000
2012-10-08,84.370000
2012-10-09,81.980000
2012-10-10,80.390000
2012-10-11,80.890000
2012-10-12,80.380000
2012-10-15,80.600000
2012-10-16,81.690000
2012-10-17,82.110000
2012-10-18,81.100000
2012-10-19,79.880000
2012-10-22,81.060000
2012-10-23,78.890000
2012-10-24,79.600000
2012-10-25,80.670000
2012-10-26,81.560000
2012-10-31,81.810000
2012-11-01,84.190000
2012-11-02,83.490000
2012-11-05,84.740000
2012-11-06,85.380000
2012-11-07,84.000000
2012-11-08,83.210000
2012-11-09,82.970000
2012-11-12,82.910000
2012-11-13,82.390000
2012-11-14,80.740000
2012-11-15,81.130000
2012-11-16,81.210000
2012-11-19,83.170000
2012-11-20,82.840000
2012-11-21,82.130000
2012-11-23,83.640000
2012-11-26,83.270000
2012-11-27,82.950000
2012-11-28,83.730000
2012-11-29,84.550000
2012-11-30,84.550000
2012-12-03,84.140000
2012-12-04,84.430000
2012-12-05,84.150000
2012-12-06,85.020000
2012-12-07,85.500000
2012-12-10,86.000000
2012-12-11,87.060000
2012-12-12,87.610000
2012-12-13,87.430000
2012-12-14,87.350000
2012-12-17,88.180000
2012-12-18,89.200000
2012-12-19,88.390000
2012-12-20,89.330000
2012-12-21,88.420000
2012-12-24,88.620000
2012-12-26,87.380000
2012-12-27,87.530000
2012-12-28,86.250000
2012-12-31,87.120000
2013-01-02,88.710000
2013-01-03,86.220000
2013-01-04,86.820000
2013-01-07,87.090000
2013-01-08,88.740000
2013-01-09,91.020000
2013-01-10,91.260000
2013-01-11,90.610000
2013-01-14,90.300000
2013-01-15,90.900000
2013-01-16,90.560000
2013-01-17,90.570000
2013-01-18,91.890000
2013-01-22,91.270000
2013-01-23,90.870000
2013-01-24,90.950000
2013-01-25,92.610000
2013-01-28,92.750000
2013-01-29,92.640000
2013-01-30,92.140000
2013-01-31,91.570000
2013-02-01,93.090000
2013-02-04,90.820000
2013-02-05,91.590000
2013-02-06,92.210000
2013-02-07,91.400000
2013-02-08,92.530000
2013-02-11,92.470000
2013-02-12,91.990000
2013-02-13,93.220000
2013-02-14,93.470000
2013-02-15,92.610000
2013-02-19,93.360000
2013-02-20,92.330000
2013-02-21,91.790000
2013-02-22,92.650000
2013-02-25,90.420000
2013-02-26,91.490000
2013-02-27,92.980000
2013-02-28,92.720000
2013-03-01,93.770000
2013-03-04,93.740000
2013-03-05,94.960000
2013-03-06,94.620000
2013-03-07,94.260000
2013-03-08,94.480000
2013-03-11,94.710000
2013-03-12,94.240000
2013-03-13,94.240000
2013-03-14,94.660000
2013-03-15,94.820000
2013-03-18,93.970000
2013-03-19,93.990000
2013-03-20,94.780000
2013-03-21,93.110000
2013-03-22,93.260000
2013-03-25,92.550000
2013-03-26,93.260000
2013-03-27,93.160000
2013-03-28,93.910000
2013-04-01,93.700000
2013-04-02,95.500000
2013-04-03,94.290000
2013-04-04,94.570000
2013-04-05,92.390000
2013-04-08,93.030000
2013-04-09,93.150000
2013-04-10,95.120000
2013-04-11,95.460000
2013-04-12,94.330000
2013-04-15,91.310000
2013-04-16,91.690000
2013-04-17,89.850000
2013-04-18,88.240000
2013-04-19,88.450000
2013-04-22,89.230000
2013-04-23,92.100000
2013-04-24,92.480000
2013-04-25,92.880000
2013-04-26,92.300000
2013-04-29,92.450000
2013-04-30,92.400000
2013-05-01,92.380000
2013-05-02,92.630000
2013-05-03,93.000000
2013-05-06,93.530000
2013-05-07,94.470000
2013-05-08,95.800000
2013-05-09,96.420000
2013-05-10,96.910000
2013-05-13,96.500000
2013-05-14,97.750000
2013-05-15,98.490000
2013-05-16,97.070000
2013-05-17,98.000000
2013-05-20,97.530000
2013-05-21,98.080000
2013-05-22,96.700000
2013-05-23,97.170000
2013-05-24,97.790000
2013-05-28,99.270000
2013-05-29,97.570000
2013-05-30,97.720000
2013-05-31,96.710000
2013-06-03,97.010000
2013-06-04,96.590000
2013-06-05,96.220000
2013-06-06,97.330000
2013-06-07,98.380000
2013-06-10,98.330000
2013-06-11,97.180000
2013-06-12,97.180000
2013-06-13,99.020000
2013-06-14,98.600000
2013-06-17,100.210000
2013-06-18,101.900000
2013-06-19,100.220000
2013-06-20,97.360000
2013-06-21,99.260000
2013-06-24,97.630000
2013-06-25,99.730000
2013-06-26,99.420000
2013-06-27,100.380000
2013-06-28,100.050000
2013-07-01,102.370000
2013-07-02,100.360000
2013-07-03,100.470000
2013-07-05,102.010000
2013-07-08,101.700000
2013-07-09,102.190000
2013-07-10,104.280000
2013-07-11,104.490000
2013-07-12,104.530000
2013-07-15,104.640000
2013-07-16,103.500000
2013-07-17,103.250000
2013-07-18,104.630000
2013-07-19,104.740000
2013-07-22,105.410000
2013-07-23,99.170000
2013-07-24,100.310000
2013-07-25,100.770000
2013-07-26,100.160000
2013-07-29,99.630000
2013-07-30,100.510000
2013-07-31,100.940000
2013-08-01,102.930000
2013-08-02,102.090000
2013-08-05,102.640000
2013-08-06,102.220000
2013-08-07,101.890000
2013-08-08,102.970000
2013-08-09,103.410000
2013-08-12,103.470000
2013-08-13,103.530000
2013-08-14,102.890000
2013-08-15,99.760000
2013-08-16,98.470000
2013-08-19,98.160000
2013-08-20,98.970000
2013-08-21,98.590000
2013-08-22,100.190000
2013-08-23,99.630000
2013-08-26,99.440000
2013-08-27,98.450000
2013-08-28,98.530000
2013-08-29,98.930000
2013-08-30,98.850000
2013-09-03,99.980000
2013-09-04,101.160000
2013-09-05,101.700000
2013-09-06,101.620000
2013-09-09,103.090000
2013-09-10,103.890000
2013-09-11,104.930000
2013-09-12,104.410000
2013-09-13,104.190000
2013-09-16,105.750000
2013-09-17,105.980000
2013-09-18,106.610000
2013-09-19,106.440000
2013-09-20,106.540000
2013-09-23,105.960000
2013-09-24,106.660000
2013-09-25,106.720000
2013-09-26,107.730000
2013-09-27,107.280000
2013-09-30,106.210000
2013-10-01,105.700000
2013-10-02,105.650000
2013-10-03,104.590000
2013-10-04,105.000000
2013-10-07,103.810000
2013-10-08,102.740000
2013-10-09,102.340000
2013-10-10,103.870000
2013-10-11,104.480000
2013-10-14,104.180000
2013-10-15,103.110000
2013-10-16,104.110000
2013-10-17,106.350000
2013-10-18,106.480000
2013-10-21,106.210000
2013-10-22,99.830000
2013-10-23,101.820000
2013-10-24,101.290000
2013-10-25,101.990000
2013-10-28,102.240000
2013-10-29,102.150000
2013-10-30,100.980000
2013-10-31,100.920000
2013-11-01,100.580000
2013-11-04,100.800000
2013-11-05,99.470000
2013-11-06,99.690000
2013-11-07,98.450000
2013-11-08,100.120000
2013-11-11,99.660000
2013-11-12,99.520000
2013-11-13,100.050000
2013-11-14,100.620000
2013-11-15,102.120000
2013-11-18,101.250000
2013-11-19,100.500000
2013-11-20,100.400000
2013-11-21,101.380000
2013-11-22,101.090000
2013-11-25,100.660000
2013-11-26,99.670000
2013-11-27,99.900000
2013-11-29,99.530000
2013-12-02,99.580000
2013-12-03,99.340000
2013-12-04,99.200000
2013-12-05,98.490000
2013-12-06,98.210000
2013-12-09,98.490000
2013-12-10,97.030000
2013-12-11,95.250000
2013-12-12,96.010000
2013-12-13,96.030000
2013-12-16,96.720000
2013-12-17,96.100000
2013-12-18,98.800000
2013-12-19,99.020000
2013-12-20,99.580000
2013-12-23,99.470000
2013-12-24,99.600000
2013-12-26,99.600000
2013-12-27,99.360000
2013-12-30,100.300000
2013-12-31,100.000000
2014-01-02,99.220000
2014-01-03,98.040000
2014-01-06,98.390000
2014-01-07,100.380000
2014-01-08,100.480000
2014-01-09,100.620000
2014-01-10,101.460000
2014-01-13,100.510000
2014-01-14,103.000000
2014-01-15,103.950000
2014-01-16,105.250000
2014-01-17,104.400000
2014-01-21,105.050000
2014-01-22,104.960000
2014-01-23,104.580000
2014-01-24,103.020000
2014-01-27,102.900000
2014-01-28,110.410000
2014-01-29,108.810000
2014-01-30,109.810000
2014-01-31,108.270000
2014-02-03,105.110000
2014-02-04,105.220000
2014-02-05,105.310000
2014-02-06,106.900000
2014-02-07,108.720000
2014-02-10,109.190000
2014-02-11,109.850000
2014-02-12,110.790000
2014-02-13,112.050000
2014-02-14,112.480000
2014-02-18,111.890000
2014-02-19,112.120000
2014-02-20,114.940000
2014-02-21,113.310000
2014-02-24,113.590000
2014-02-25,112.590000
2014-02-26,111.870000
2014-02-27,112.210000
2014-02-28,111.400000
2014-03-03,110.540000
2014-03-04,112.590000
2014-03-05,112.890000
2014-03-06,112.780000
2014-03-07,112.720000
2014-03-10,113.070000
2014-03-11,113.360000
2014-03-12,113.240000
2014-03-13,112.700000
2014-03-14,113.040000
2014-03-17,113.650000
2014-03-18,114.230000
2014-03-19,112.800000
2014-03-20,112.490000
2014-03-21,110.740000
2014-03-24,108.480000
2014-03-25,108.620000
2014-03-26,107.360000
2014-03-27,107.810000
2014-03-28,107.680000
2014-03-31,108.410000
2014-04-01,108.880000
2014-04-02,110.650000
2014-04-03,110.850000
2014-04-04,111.030000
2014-04-07,109.410000
2014-04-08,111.450000
2014-04-09,114.290000
2014-04-10,109.920000
2014-04-11,108.000000
2014-04-14,109.140000
2014-04-15,109.650000
2014-04-16,109.820000
2014-04-17,111.150000
2014-04-21,111.090000
2014-04-22,111.600000
2014-04-23,110.400000
2014-04-24,110.290000
2014-04-25,108.700000
2014-04-28,108.240000
2014-04-29,99.030000
2014-04-30,98.540000
2014-05-01,100.530000
2014-05-02,99.900000
2014-05-05,101.260000
2014-05-06,101.750000
2014-05-07,101.770000
2014-05-08,101.930000
2014-05-09,103.460000
2014-05-12,105.120000
2014-05-13,104.850000
2014-05-14,102.140000
2014-05-15,101.590000
2014-05-16,103.010000
2014-05-19,102.060000
2014-05-20,100.980000
2014-05-21,101.000000
2014-05-22,100.360000
2014-05-23,100.540000
2014-05-27,100.200000
2014-05-28,100.150000
2014-05-29,100.460000
2014-05-30,100.160000
2014-06-02,100.730000
2014-06-03,102.370000
2014-06-04,102.570000
2014-06-05,104.570000
2014-06-06,105.540000
2014-06-09,105.500000
2014-06-10,105.140000
2014-06-11,105.080000
2014-06-12,104.430000
2014-06-13,104.890000
2014-06-16,104.660000
2014-06-17,105.300000
2014-06-18,107.200000
2014-06-19,105.660000
2014-06-20,106.070000
2014-06-23,105.770000
2014-06-24,104.990000
2014-06-25,105.550000
2014-06-26,104.920000
2014-06-27,105.360000
2014-06-30,104.440000
2014-07-01,104.940000
2014-07-02,104.700000
2014-07-03,105.820000
2014-07-07,104.860000
2014-07-08,103.610000
2014-07-09,103.530000
2014-07-10,102.190000
2014-07-11,102.800000
2014-07-14,103.290000
2014-07-15,101.900000
2014-07-16,101.500000
2014-07-17,99.250000
2014-07-18,101.520000
2014-07-21,101.300000
2014-07-22,107.160000
2014-07-23,104.790000
2014-07-24,105.730000
2014-07-25,105.960000
2014-07-28,105.370000
2014-07-29,105.160000
2014-07-30,105.760000
2014-07-31,103.440000
2014-08-01,103.190000
2014-08-04,103.960000
2014-08-05,103.840000
2014-08-06,103.400000
2014-08-07,102.730000
2014-08-08,103.590000
2014-08-11,103.570000
2014-08-12,102.450000
2014-08-13,103.120000
2014-08-14,104.520000
2014-08-15,103.440000
2014-08-18,104.340000
2014-08-19,104.350000
2014-08-20,103.320000
2014-08-21,103.300000
2014-08-22,102.920000
2014-08-25,103.100000
2014-08-26,103.610000
2014-08-27,103.300000
2014-08-28,103.360000
2014-08-29,103.430000
2014-09-02,103.880000
2014-09-03,103.720000
2014-09-04,103.520000
2014-09-05,104.080000
2014-09-08,103.100000
2014-09-09,102.570000
2014-09-10,103.170000
2014-09-11,103.700000
2014-09-12,101.780000
2014-09-15,101.230000
2014-09-16,101.320000
2014-09-17,101.570000
2014-09-18,102.130000
2014-09-19,101.580000
2014-09-22,101.530000
2014-09-23,100.640000
2014-09-24,101.450000
2014-09-25,100.110000
2014-09-26,100.140000
2014-09-29,100.050000
2014-09-30,99.120000
2014-10-01,98.420000
2014-10-02,97.180000
2014-10-03,97.740000
2014-10-06,97.820000
2014-10-07,96.740000
2014-10-08,99.050000
2014-10-09,97.900000
2014-10-10,97.340000
2014-10-13,95.760000
2014-10-14,96.140000
2014-10-15,95.080000
2014-10-16,95.120000
2014-10-17,96.980000
2014-10-20,97.540000
2014-10-21,107.170000
2014-10-22,104.460000
2014-10-23,107.340000
2014-10-24,108.210000
2014-10-27,108.160000
2014-10-28,110.000000
2014-10-29,109.870000
2014-10-30,110.600000
2014-10-31,110.800000
2014-11-03,111.680000
2014-11-04,111.910000
2014-11-05,111.790000
2014-11-06,112.880000
2014-11-07,111.050000
2014-11-10,112.510000
2014-11-11,112.330000
2014-11-12,113.500000
2014-11-13,113.720000
2014-11-14,112.480000
2014-11-17,112.450000
2014-11-18,114.090000
2014-11-19,114.350000
2014-11-20,115.930000
2014-11-21,115.840000
2014-11-24,116.470000
2014-11-25,115.810000
2014-11-26,115.870000
2014-11-28,115.900000
2014-12-01,115.900000
2014-12-02,116.800000
2014-12-03,116.980000
2014-12-04,116.490000
2014-12-05,115.450000
2014-12-08,115.350000
2014-12-09,115.550000
2014-12-10,112.440000
2014-12-11,113.360000
2014-12-12,111.560000
2014-12-15,111.750000
2014-12-16,111.240000
2014-12-17,113.350000
2014-12-18,114.260000
2014-12-19,115.090000
2014-12-22,115.490000
2014-12-23,114.330000
2014-12-24,114.540000
2014-12-26,114.350000
2014-12-29,114.430000
2014-12-30,113.770000
2014-12-31,112.720000
2015-01-02,113.880000
2015-01-05,113.020000
2015-01-06,112.530000
2015-01-07,115.930000
2015-01-08,118.090000
2015-01-09,116.520000
2015-01-12,116.460000
2015-01-13,116.020000
2015-01-14,114.400000
2015-01-15,112.790000
2015-01-16,113.460000
2015-01-20,113.960000
2015-01-21,114.270000
2015-01-22,115.910000
2015-01-23,114.450000
2015-01-26,116.110000
2015-01-27,119.350000
2015-01-28,118.950000
2015-01-29,120.620000
2015-01-30,119.050000
2015-02-02,119.060000
2015-02-03,119.480000
2015-02-04,119.130000
2015-02-05,120.100000
2015-02-06,119.060000
2015-02-09,117.740000
2015-02-10,118.680000
2015-02-11,118.750000
2015-02-12,119.150000
2015-02-13,119.860000
2015-02-17,119.990000
2015-02-18,120.010000
2015-02-19,119.490000
2015-02-20,121.040000
2015-02-23,121.620000
2015-02-24,120.560000
2015-02-25,120.730000
2015-02-26,120.930000
2015-02-27,120.380000
2015-03-02,121.360000
2015-03-03,119.530000
2015-03-04,120.240000
2015-03-05,121.890000
2015-03-06,118.940000
2015-03-09,119.170000
2015-03-10,116.870000
2015-03-11,119.760000
2015-03-12,121.980000
2015-03-13,120.950000
2015-03-16,124.600000
2015-03-17,123.460000
2015-03-18,124.070000
2015-03-19,123.610000
2015-03-20,124.820000
2015-03-23,123.840000
2015-03-24,123.140000
2015-03-25,121.540000
2015-03-26,121.850000
2015-03-27,124.110000
2015-03-30,124.940000
2015-03-31,124.320000
2015-04-01,123.470000
2015-04-02,124.200000
2015-04-06,125.630000
2015-04-07,124.940000
2015-04-08,124.920000
2015-04-09,125.430000
2015-04-10,125.770000
2015-04-13,124.750000
2015-04-14,124.560000
2015-04-15,124.580000
2015-04-16,124.940000
2015-04-17,124.410000
2015-04-20,124.020000
2015-04-21,124.160000
2015-04-22,124.080000
2015-04-23,124.350000
2015-04-24,123.540000
2015-04-27,122.000000
2015-04-28,125.590000
2015-04-29,125.450000
2015-04-30,125.190000
2015-05-01,126.590000
2015-05-04,127.020000
2015-05-05,127.690000
2015-05-06,127.390000
2015-05-07,128.060000
2015-05-08,130.400000
2015-05-11,131.200000
2015-05-12,130.820000
2015-05-13,129.790000
2015-05-14,130.010000
2015-05-15,130.570000
2015-05-18,131.490000
2015-05-19,133.190000
2015-05-20,134.760000
2015-05-21,133.840000
2015-05-22,133.290000
2015-05-26,132.690000
2015-05-27,134.720000
2015-05-28,134.570000
2015-05-29,133.620000
2015-06-01,133.820000
2015-06-02,134.090000
2015-06-03,134.670000
2015-06-04,133.860000
2015-06-05,133.400000
2015-06-08,133.220000
2015-06-09,133.430000
2015-06-10,134.820000
2015-06-11,134.640000
2015-06-12,133.940000
2015-06-15,132.990000
2015-06-16,134.230000
2015-06-17,134.370000
2015-06-18,136.500000
2015-06-19,136.400000
2015-06-22,136.360000
2015-06-23,135.230000
2015-06-24,134.220000
2015-06-25,130.220000
2015-06-26,130.780000
2015-06-29,127.830000
2015-06-30,128.380000
2015-07-01,129.030000
2015-07-02,129.370000
2015-07-06,129.610000
2015-07-07,129.800000
2015-07-08,125.460000
2015-07-09,125.410000
2015-07-10,128.530000
2015-07-13,129.710000
2015-07-14,131.700000
2015-07-15,130.410000
2015-07-16,130.790000
2015-07-17,130.880000
2015-07-20,131.120000
2015-07-21,130.630000
2015-07-22,132.410000
2015-07-23,131.570000
2015-07-24,130.730000
2015-07-27,129.870000
2015-07-28,130.580000
2015-07-29,133.380000
2015-07-30,132.590000
2015-07-31,133.490000
2015-08-03,133.590000
2015-08-04,134.550000
2015-08-05,135.140000
2015-08-06,131.540000
2015-08-07,131.940000
2015-08-10,133.900000
2015-08-11,132.600000
2015-08-12,129.620000
2015-08-13,128.620000
2015-08-14,128.820000
2015-08-17,129.240000
2015-08-18,128.920000
2015-08-19,128.760000
2015-08-20,125.820000
2015-08-21,122.760000
2015-08-24,117.770000
2015-08-25,116.830000
2015-08-26,122.670000
2015-08-27,125.710000
2015-08-28,124.810000
2015-08-31,121.380000
2015-09-01,118.360000
2015-09-02,122.220000
2015-09-03,122.670000
2015-09-04,120.010000
2015-09-08,123.550000
2015-09-09,121.680000
2015-09-10,122.900000
2015-09-11,124.590000
2015-09-14,124.160000
2015-09-15,124.680000
2015-09-16,124.500000
2015-09-17,124.070000
2015-09-18,122.160000
2015-09-21,121.190000
2015-09-22,119.820000
2015-09-23,119.930000
2015-09-24,118.720000
2015-09-25,117.160000
2015-09-28,115.230000
2015-09-29,117.200000
2015-09-30,118.210000
2015-10-01,117.360000
2015-10-02,119.310000
2015-10-05,119.740000
2015-10-06,117.380000
2015-10-07,119.560000
2015-10-08,119.760000
2015-10-09,120.920000
2015-10-12,120.590000
2015-10-13,119.060000
2015-10-14,118.010000
2015-10-15,120.600000
2015-10-16,120.990000
2015-10-19,121.590000
2015-10-20,122.010000
2015-10-21,121.340000
2015-10-22,123.180000
2015-10-23,124.270000
2015-10-26,124.160000
2015-10-27,127.000000
2015-10-28,129.190000
2015-10-29,128.560000
2015-10-30,127.800000
2015-11-02,132.230000
2015-11-03,132.830000
2015-11-04,132.240000
2015-11-05,131.740000
2015-11-06,132.480000
2015-11-09,132.160000
2015-11-10,132.300000
2015-11-11,131.670000
2015-11-12,129.450000
2015-11-13,128.690000
2015-11-16,130.520000
2015-11-17,131.770000
2015-11-18,131.860000
2015-11-19,131.550000
2015-11-20,133.170000
2015-11-23,133.730000
2015-11-24,132.830000
2015-11-25,133.260000
2015-11-27,134.100000
2015-11-30,132.820000
2015-12-01,133.380000
2015-12-02,130.790000
2015-12-03,127.560000
2015-12-04,131.000000
2015-12-07,130.810000
2015-12-08,130.160000
2015-12-09,128.930000
2015-12-10,130.250000
2015-12-11,129.490000
2015-12-14,129.680000
2015-12-15,131.610000
2015-12-16,133.730000
2015-12-17,131.300000
2015-12-18,129.520000
2015-12-21,130.610000
2015-12-22,132.840000
2015-12-23,133.920000
2015-12-24,133.940000
2015-12-28,134.000000
2015-12-29,136.170000
2015-12-30,135.640000
2015-12-31,134.580000
2016-01-04,130.350000
2016-01-05,129.810000
2016-01-06,129.710000
2016-01-07,128.820000
2016-01-08,126.720000
2016-01-11,126.080000
2016-01-12,126.820000
2016-01-13,123.920000
2016-01-14,127.030000
2016-01-15,126.240000
2016-01-19,125.850000
2016-01-20,125.020000
2016-01-21,124.560000
2016-01-22,127.210000
2016-01-25,127.620000
2016-01-26,122.550000
2016-01-27,121.250000
2016-01-28,117.450000
2016-01-29,121.210000
2016-02-01,120.360000
2016-02-02,118.000000
2016-02-03,118.840000
2016-02-04,117.920000
2016-02-05,115.470000
2016-02-08,113.620000
2016-02-09,115.830000
2016-02-10,117.680000
2016-02-11,116.460000
2016-02-12,118.410000
2016-02-16,120.020000
2016-02-17,122.130000
2016-02-18,121.200000
2016-02-19,121.370000
2016-02-22,122.690000
2016-02-23,121.070000
2016-02-24,120.760000
2016-02-25,121.810000
2016-02-26,121.840000
2016-02-29,120.310000
2016-03-01,123.550000
2016-03-02,126.030000
2016-03-03,126.350000
2016-03-04,127.100000
2016-03-07,128.010000
2016-03-08,127.750000
2016-03-09,127.920000
2016-03-10,127.490000
2016-03-11,129.150000
2016-03-14,128.960000
2016-03-15,129.160000
2016-03-16,129.950000
2016-03-17,127.760000
2016-03-18,129.950000
2016-03-21,130.150000
2016-03-22,129.980000
2016-03-23,130.650000
2016-03-24,129.830000
2016-03-28,129.940000
2016-03-29,131.680000
2016-03-30,132.160000
2016-03-31,131.920000
2016-04-01,133.410000
2016-04-04,132.890000
2016-04-05,131.010000
2016-04-06,134.190000
2016-04-07,130.150000
2016-04-08,131.330000
2016-04-11,130.660000
2016-04-12,132.190000
2016-04-13,134.740000
2016-04-14,134.890000
2016-04-15,135.810000
2016-04-18,138.310000
2016-04-19,136.620000
2016-04-20,136.410000
2016-04-21,137.680000
2016-04-22,138.140000
2016-04-25,137.570000
2016-04-26,133.340000
2016-04-27,133.240000
2016-04-28,131.650000
2016-04-29,130.160000
2016-05-02,132.880000
2016-05-03,131.270000
2016-05-04,130.730000
2016-05-05,131.100000
2016-05-06,132.810000
2016-05-09,133.710000
2016-05-10,135.700000
2016-05-11,134.550000
2016-05-12,134.960000
2016-05-13,134.760000
2016-05-16,136.010000
2016-05-17,134.490000
2016-05-18,135.050000
2016-05-19,134.920000
2016-05-20,135.440000
2016-05-23,135.110000
2016-05-24,137.560000
2016-05-25,137.610000
2016-05-26,136.710000
2016-05-27,137.450000
2016-05-31,137.550000
2016-06-01,138.460000
2016-06-02,139.760000
2016-06-03,138.380000
2016-06-06,138.780000
2016-06-07,138.210000
2016-06-08,139.680000
2016-06-09,140.050000
2016-06-10,138.040000
2016-06-13,135.630000
2016-06-14,135.910000
2016-06-15,134.990000
2016-06-16,135.370000
2016-06-17,134.020000
2016-06-20,136.460000
2016-06-21,136.100000
2016-06-22,137.230000
2016-06-23,138.400000
2016-06-24,135.530000
2016-06-27,132.500000
2016-06-28,133.990000
2016-06-29,134.650000
2016-06-30,140.650000
2016-07-01,142.070000
2016-07-05,141.520000
2016-07-06,142.650000
2016-07-07,142.470000
2016-07-08,146.530000
2016-07-11,145.780000
2016-07-12,147.610000
2016-07-13,147.920000
2016-07-14,149.270000
2016-07-15,148.830000
2016-07-18,148.930000
2016-07-19,148.790000
2016-07-20,150.580000
2016-07-21,149.460000
2016-07-22,149.400000
2016-07-25,148.440000
2016-07-26,155.090000
2016-07-27,157.400000
2016-07-28,157.060000
2016-07-29,158.930000
2016-08-01,159.580000
2016-08-02,157.210000
2016-08-03,157.200000
2016-08-04,157.450000
2016-08-05,157.250000
2016-08-08,157.390000
2016-08-09,158.270000
2016-08-10,158.510000
2016-08-11,159.300000
2016-08-12,158.250000
2016-08-15,159.140000
2016-08-16,158.230000
2016-08-17,158.490000
2016-08-18,159.100000
2016-08-19,160.260000
2016-08-22,160.780000
2016-08-23,161.820000
2016-08-24,157.990000
2016-08-25,158.110000
2016-08-26,158.210000
2016-08-29,158.900000
2016-08-30,157.520000
2016-08-31,157.310000
2016-09-01,156.100000
2016-09-02,156.190000
2016-09-06,156.690000
2016-09-07,159.230000
2016-09-08,159.490000
2016-09-09,151.130000
2016-09-12,153.440000
2016-09-13,153.070000
2016-09-14,152.890000
2016-09-15,155.160000
2016-09-16,153.890000
2016-09-19,154.680000
2016-09-20,155.090000
2016-09-21,156.720000
2016-09-22,157.820000
2016-09-23,157.670000
2016-09-26,156.780000
2016-09-27,159.480000
2016-09-28,158.240000
2016-09-29,156.340000
2016-09-30,158.490000
2016-10-03,159.050000
2016-10-04,158.200000
2016-10-05,158.270000
2016-10-06,157.760000
2016-10-07,159.000000
2016-10-10,158.890000
2016-10-11,156.830000
2016-10-12,155.750000
2016-10-13,154.820000
2016-10-14,154.900000
2016-10-17,155.170000
2016-10-18,156.740000
2016-10-19,157.290000
2016-10-20,157.190000
2016-10-21,156.180000
2016-10-24,157.750000
2016-10-25,138.600000
2016-10-26,137.420000
2016-10-27,140.800000
2016-10-28,139.810000
2016-10-31,139.140000
2016-11-01,137.430000
2016-11-02,136.420000
2016-11-03,136.790000
2016-11-04,138.040000
2016-11-07,140.290000
2016-11-08,141.010000
2016-11-09,142.380000
2016-11-10,143.320000
2016-11-11,142.090000
2016-11-14,140.180000
2016-11-15,141.470000
2016-11-16,140.700000
2016-11-17,138.850000
2016-11-18,135.180000
2016-11-21,137.650000
2016-11-22,135.300000
2016-11-23,138.350000
2016-11-25,138.720000
2016-11-28,136.560000
2016-11-29,137.630000
2016-11-30,134.570000
2016-12-01,133.710000
2016-12-02,134.730000
2016-12-05,134.830000
2016-12-06,138.880000
2016-12-07,136.670000
2016-12-08,138.070000
2016-12-09,139.510000
2016-12-12,139.440000
2016-12-13,139.590000
2016-12-14,138.400000
2016-12-15,137.500000
2016-12-16,137.080000
2016-12-19,136.130000
2016-12-20,136.330000
2016-12-21,135.640000
2016-12-22,135.720000
2016-12-23,136.210000
2016-12-27,136.510000
2016-12-28,134.660000
2016-12-29,134.500000
2016-12-30,134.390000
2017-01-03,136.430000
2017-01-04,135.490000
2017-01-05,135.730000
2017-01-06,139.980000
2017-01-09,139.180000
2017-01-10,137.560000
2017-01-11,139.130000
2017-01-12,138.350000
2017-01-13,141.320000
2017-01-17,141.530000
2017-01-18,143.100000
2017-01-19,141.740000
2017-01-20,141.440000
2017-01-23,145.280000
2017-01-24,142.150000
2017-01-25,144.130000
2017-01-26,142.820000
2017-01-27,144.380000
2017-01-30,140.950000
2017-01-31,141.650000
2017-02-01,145.730000
2017-02-02,145.050000
2017-02-03,146.340000
2017-02-06,145.870000
2017-02-07,147.310000
2017-02-08,147.580000
2017-02-09,148.670000
2017-02-10,149.200000
2017-02-13,149.730000
2017-02-14,150.470000
2017-02-15,153.410000
2017-02-16,153.000000
2017-02-17,154.330000
2017-02-21,154.600000
2017-02-22,154.680000
2017-02-23,154.890000
2017-02-24,156.400000
2017-02-27,156.530000
2017-02-28,154.990000
2017-03-01,155.830000
2017-03-02,154.190000
2017-03-03,154.900000
2017-03-06,153.420000
2017-03-07,153.360000
2017-03-08,153.050000
2017-03-09,154.610000
2017-03-10,156.940000
2017-03-13,157.160000
2017-03-14,156.400000
2017-03-15,158.310000
2017-03-16,156.450000
2017-03-17,156.590000
2017-03-20,155.860000
2017-03-21,155.490000
2017-03-22,155.920000
2017-03-23,155.630000
2017-03-24,154.760000
2017-03-27,155.910000
2017-03-28,155.520000
2017-03-29,155.610000
2017-03-30,156.280000
2017-03-31,156.310000
2017-04-03,156.700000
2017-04-04,154.830000
2017-04-05,155.370000
2017-04-06,155.940000
2017-04-07,156.810000
2017-04-10,156.390000
2017-04-11,155.880000
2017-04-12,155.110000
2017-04-13,155.690000
2017-04-17,157.340000
2017-04-18,157.260000
2017-04-19,159.210000
2017-04-20,158.990000
2017-04-21,158.520000
2017-04-24,160.270000
2017-04-25,171.460000
2017-04-26,170.940000
2017-04-27,170.730000
2017-04-28,169.890000
2017-05-01,173.050000
2017-05-02,173.750000
2017-05-03,172.480000
2017-05-04,173.700000
2017-05-05,174.000000
2017-05-08,173.070000
2017-05-09,174.500000
2017-05-10,174.110000
2017-05-11,172.220000
2017-05-12,172.410000
2017-05-15,174.710000
2017-05-16,174.910000
2017-05-17,174.390000
2017-05-18,176.330000
2017-05-19,175.500000
2017-05-22,175.550000
2017-05-23,176.100000
2017-05-24,177.540000
2017-05-25,178.600000
2017-05-26,178.070000
2017-05-30,178.560000
2017-05-31,179.620000
2017-06-01,181.010000
2017-06-02,183.960000
2017-06-05,183.790000
2017-06-06,183.590000
2017-06-07,185.810000
2017-06-08,186.330000
2017-06-09,184.990000
2017-06-12,183.350000
2017-06-13,184.970000
2017-06-14,184.970000
2017-06-15,184.950000
2017-06-16,184.160000
2017-06-19,185.580000
2017-06-20,184.280000
2017-06-21,185.430000
2017-06-22,184.890000
2017-06-23,185.470000
2017-06-26,184.920000
2017-06-27,183.210000
2017-06-28,184.210000
2017-06-29,182.840000
2017-06-30,183.840000
2017-07-03,182.520000
2017-07-05,183.780000
2017-07-06,182.240000
2017-07-07,184.080000
2017-07-10,180.390000
2017-07-11,180.840000
2017-07-12,182.910000
2017-07-13,182.740000
2017-07-14,183.390000
2017-07-17,185.220000
2017-07-18,183.500000
2017-07-19,182.910000
2017-07-20,184.110000
2017-07-21,185.240000
2017-07-24,185.010000
2017-07-25,175.110000
2017-07-26,172.580000
2017-07-27,173.230000
2017-07-28,174.110000
2017-07-31,173.440000
2017-08-01,175.740000
2017-08-02,176.690000
2017-08-03,178.160000
2017-08-04,177.850000
2017-08-07,177.950000
2017-08-08,176.640000
2017-08-09,176.700000
2017-08-10,175.660000
2017-08-11,177.030000
2017-08-14,179.760000
2017-08-15,179.520000
2017-08-16,182.400000
2017-08-17,180.220000
2017-08-18,179.700000
2017-08-21,180.180000
2017-08-22,182.840000
2017-08-23,179.940000
2017-08-24,180.960000
2017-08-25,179.420000
2017-08-28,179.940000
2017-08-29,180.330000
2017-08-30,181.060000
2017-08-31,183.480000
2017-09-01,183.030000
2017-09-05,182.900000
2017-09-06,183.910000
2017-09-07,184.880000
2017-09-08,186.560000
2017-09-11,189.110000
2017-09-12,190.000000
2017-09-13,189.650000
2017-09-14,189.320000
2017-09-15,187.730000
2017-09-18,188.950000
2017-09-19,184.750000
2017-09-20,183.860000
2017-09-21,181.790000
2017-09-22,181.160000
2017-09-25,180.320000
2017-09-26,178.980000
2017-09-27,178.740000
2017-09-28,178.780000
2017-09-29,179.520000
2017-10-02,182.040000
2017-10-03,182.830000
2017-10-04,183.830000
2017-10-05,183.950000
2017-10-06,185.880000
2017-10-09,183.800000
2017-10-10,185.010000
2017-10-11,185.670000
2017-10-12,185.800000
2017-10-13,185.790000
2017-10-16,184.640000
2017-10-17,180.920000
2017-10-18,181.160000
2017-10-19,185.450000
2017-10-20,188.140000
2017-10-23,187.550000
2017-10-24,187.630000
2017-10-25,190.350000
2017-10-26,194.630000
2017-10-27,199.750000
2017-10-30,196.220000
2017-10-31,196.050000
2017-11-01,198.050000
2017-11-02,197.910000
2017-11-03,197.920000
2017-11-06,195.630000
2017-11-07,196.350000
2017-11-08,196.180000
2017-11-09,194.970000
2017-11-10,193.210000
2017-11-13,194.640000
2017-11-14,195.640000
2017-11-15,194.840000
2017-11-16,199.600000
2017-11-17,198.210000
2017-11-20,200.270000
2017-11-21,198.060000
2017-11-22,196.570000
2017-11-24,195.950000
2017-11-27,196.710000
2017-11-28,197.800000
2017-11-29,195.680000
2017-11-30,197.170000
2017-12-01,198.160000
2017-12-04,194.670000
2017-12-05,194.260000
2017-12-06,195.200000
2017-12-07,196.470000
2017-12-08,199.290000
2017-12-11,197.760000
2017-12-12,197.500000
2017-12-13,197.200000
2017-12-14,193.980000
2017-12-15,196.560000
2017-12-18,197.720000
2017-12-19,198.080000
2017-12-20,196.060000
2017-12-21,194.520000
2017-12-22,193.790000
2017-12-26,193.820000
2017-12-27,193.450000
2017-12-28,194.810000
2017-12-29,193.190000
2018-01-02,195.690000
2018-01-03,197.770000
2018-01-04,199.660000
2018-01-05,202.230000
2018-01-08,204.760000
2018-01-09,208.960000
2018-01-10,207.320000
2018-01-11,207.730000
2018-01-12,209.750000
2018-01-16,208.940000
2018-01-17,209.160000
2018-01-18,207.870000
2018-01-19,210.720000
2018-01-22,214.770000
2018-01-23,210.990000
2018-01-24,214.300000
2018-01-25,217.210000
2018-01-26,218.140000
2018-01-29,218.700000
2018-01-30,214.870000
2018-01-31,215.610000
2018-02-01,217.370000
2018-02-02,212.490000
2018-02-05,203.260000
2018-02-06,202.720000
2018-02-07,201.980000
2018-02-08,191.790000
2018-02-09,193.590000
2018-02-12,198.450000
2018-02-13,200.200000
2018-02-14,204.620000
2018-02-15,206.900000
2018-02-16,206.180000
2018-02-20,203.870000
2018-02-21,204.230000
2018-02-22,204.470000
2018-02-23,208.470000
2018-02-26,208.450000
2018-02-27,206.110000
2018-02-28,204.640000
2018-03-01,198.170000
2018-03-02,200.110000
2018-03-05,201.380000
2018-03-06,205.320000
2018-03-07,207.500000
2018-03-08,208.960000
2018-03-09,212.700000
2018-03-12,212.870000
2018-03-13,212.130000
2018-03-14,211.220000
2018-03-15,212.340000
2018-03-16,213.180000
2018-03-19,212.980000
2018-03-20,214.460000
2018-03-21,211.180000
2018-03-22,204.610000
2018-03-23,199.510000
2018-03-26,204.200000
2018-03-27,200.520000
2018-03-28,198.570000
2018-03-29,198.650000
2018-04-02,195.980000
2018-04-03,198.810000
2018-04-04,201.620000
2018-04-05,201.700000
2018-04-06,194.880000
2018-04-09,198.480000
2018-04-10,203.320000
2018-04-11,200.630000
2018-04-12,202.320000
2018-04-13,202.320000
2018-04-16,206.190000
2018-04-17,207.600000
2018-04-18,210.050000
2018-04-19,207.390000
2018-04-20,208.210000
2018-04-23,209.600000
2018-04-24,193.180000
2018-04-25,191.660000
2018-04-26,191.170000
2018-04-27,190.500000
2018-04-30,188.410000
2018-05-01,188.720000
2018-05-02,189.190000
2018-05-03,190.040000
2018-05-04,191.580000
2018-05-07,192.610000
2018-05-08,192.270000
2018-05-09,193.380000
2018-05-10,196.170000
2018-05-11,196.520000
2018-05-14,196.960000
2018-05-15,190.000000
2018-05-16,190.650000
2018-05-17,190.480000
2018-05-18,194.160000
2018-05-21,196.300000
2018-05-22,195.980000
2018-05-23,194.150000
2018-05-24,194.140000
2018-05-25,190.650000
2018-05-29,190.930000
2018-05-30,193.670000
2018-05-31,192.620000
2018-06-01,195.200000
2018-06-04,194.920000
2018-06-05,196.220000
2018-06-06,201.600000
2018-06-07,202.990000
2018-06-08,205.320000
2018-06-11,206.660000
2018-06-12,208.950000
2018-06-13,209.750000
2018-06-14,200.270000
2018-06-15,201.250000
2018-06-18,198.690000
2018-06-19,195.020000
2018-06-20,192.940000
2018-06-21,192.990000
2018-06-22,193.870000
2018-06-25,192.350000
2018-06-26,192.120000
2018-06-27,192.120000
2018-06-28,193.800000
2018-06-29,193.590000
2018-07-02,193.780000
2018-07-03,192.560000
2018-07-05,195.110000
2018-07-06,196.480000
2018-07-09,198.970000
2018-07-10,199.920000
2018-07-11,196.690000
2018-07-12,198.560000
2018-07-13,198.090000
2018-07-16,193.500000
2018-07-17,196.010000
2018-07-18,194.260000
2018-07-19,197.640000
2018-07-20,197.150000
2018-07-23,196.450000
2018-07-24,197.770000
2018-07-25,196.660000
2018-07-26,198.480000
2018-07-27,195.180000
2018-07-30,192.830000
2018-07-31,197.270000
2018-08-01,194.840000
2018-08-02,194.920000
2018-08-03,193.980000
2018-08-06,195.610000
2018-08-07,196.520000
2018-08-08,194.660000
2018-08-09,191.950000
2018-08-10,189.990000
2018-08-13,187.320000
2018-08-14,188.340000
2018-08-15,186.440000
2018-08-16,187.920000
2018-08-17,187.550000
2018-08-20,187.530000
2018-08-21,187.430000
2018-08-22,188.290000
2018-08-23,187.670000
2018-08-24,189.360000
2018-08-27,190.980000
2018-08-28,191.500000
2018-08-29,190.210000
2018-08-30,190.060000
2018-08-31,189.480000
2018-09-04,188.260000
2018-09-05,189.300000
2018-09-06,191.730000
2018-09-07,192.490000
2018-09-10,192.890000
2018-09-11,193.840000
2018-09-12,193.150000
2018-09-13,195.750000
2018-09-14,196.170000
2018-09-17,195.090000
2018-09-18,195.730000
2018-09-19,196.670000
2018-09-20,197.290000
2018-09-21,196.760000
2018-09-24,196.590000
2018-09-25,196.160000
2018-09-26,195.230000
2018-09-27,195.360000
2018-09-28,194.680000
2018-10-01,194.000000
2018-10-02,193.970000
2018-10-03,193.460000
2018-10-04,191.330000
2018-10-05,190.710000
2018-10-08,182.950000
2018-10-09,181.500000
2018-10-10,177.480000
2018-10-11,178.320000
2018-10-12,181.800000
2018-10-15,181.930000
2018-10-16,188.120000
2018-10-17,188.980000
2018-10-18,187.720000
2018-10-19,185.420000
2018-10-22,186.080000
2018-10-23,181.220000
2018-10-24,175.400000
2018-10-25,183.640000
2018-10-26,182.690000
2018-10-29,183.660000
2018-10-30,188.820000
2018-10-31,189.690000
2018-11-01,193.390000
2018-11-02,193.650000
2018-11-05,195.880000
2018-11-06,197.030000
2018-11-07,198.160000
2018-11-08,199.940000
2018-11-09,199.440000
2018-11-12,195.710000
2018-11-13,195.890000
2018-11-14,195.240000
2018-11-15,198.070000
2018-11-16,199.570000
2018-11-19,197.770000
2018-11-20,196.080000
2018-11-21,195.760000
2018-11-23,196.660000
2018-11-26,198.700000
2018-11-27,198.940000
2018-11-28,202.220000
2018-11-29,203.490000
2018-11-30,198.580000
2018-12-03,201.510000
2018-12-04,195.450000
2018-12-06,193.880000
2018-12-07,188.940000
2018-12-10,189.540000
2018-12-11,189.790000
2018-12-12,190.440000
2018-12-13,191.190000
2018-12-14,188.970000
2018-12-17,184.580000
2018-12-18,184.290000
2018-12-19,182.310000
2018-12-20,177.810000
2018-12-21,176.560000
2018-12-24,173.540000
2018-12-26,181.190000
2018-12-27,185.180000
2018-12-28,184.760000
2018-12-31,188.650000
2019-01-02,183.410000
2019-01-03,176.340000
2019-01-04,179.780000
2019-01-07,187.240000
2019-01-08,192.390000
2019-01-09,194.930000
2019-01-10,196.970000
2019-01-11,198.240000
2019-01-14,195.840000
2019-01-15,197.640000
2019-01-16,198.740000
2019-01-17,202.340000
2019-01-18,206.940000
2019-01-22,203.660000
2019-01-23,229.510000
2019-01-24,223.710000
2019-01-25,229.160000
2019-01-28,228.660000
2019-01-29,229.420000
2019-01-30,231.570000
2019-01-31,231.220000
2019-02-01,230.810000
2019-02-04,230.290000
2019-02-05,232.650000
2019-02-06,232.610000
2019-02-07,230.000000
2019-02-08,231.000000
2019-02-11,232.350000
2019-02-12,234.140000
2019-02-13,234.230000
2019-02-14,231.500000
2019-02-15,234.690000
2019-02-19,234.440000
2019-02-20,234.000000
2019-02-21,234.580000
2019-02-22,235.410000
2019-02-25,239.080000
2019-02-26,238.520000
2019-02-27,241.640000
2019-02-28,242.220000
2019-03-01,244.800000
2019-03-04,240.870000
2019-03-05,241.160000
2019-03-06,239.580000
2019-03-07,238.370000
2019-03-08,238.600000
2019-03-11,239.700000
2019-03-12,241.010000
2019-03-13,241.340000
2019-03-14,242.490000
2019-03-15,244.970000
2019-03-18,245.270000
2019-03-19,246.540000
2019-03-20,245.260000
2019-03-21,250.280000
2019-03-22,245.370000
2019-03-25,246.270000
2019-03-26,248.770000
2019-03-27,246.730000
2019-03-28,248.310000
2019-03-29,251.710000
2019-04-01,252.980000
2019-04-02,250.630000
2019-04-03,250.540000
2019-04-04,248.360000
2019-04-05,252.330000
2019-04-08,253.150000
2019-04-09,249.410000
2019-04-10,250.680000
2019-04-11,250.750000
2019-04-12,250.880000
2019-04-15,248.940000
2019-04-16,240.710000
2019-04-17,238.090000
2019-04-18,239.580000
2019-04-22,241.040000
2019-04-23,211.360000
2019-04-24,207.540000
2019-04-25,213.380000
2019-04-26,214.230000
2019-04-29,212.120000
2019-04-30,213.540000
2019-05-01,211.550000
2019-05-02,216.080000
2019-05-03,218.080000
2019-05-06,217.680000
2019-05-07,213.210000
2019-05-08,213.570000
2019-05-09,216.780000
2019-05-10,216.960000
2019-05-13,209.230000
2019-05-14,211.160000
2019-05-15,207.800000
2019-05-16,210.120000
2019-05-17,208.200000
2019-05-20,208.250000
2019-05-21,206.150000
2019-05-22,207.240000
2019-05-23,205.050000
2019-05-24,206.250000
2019-05-28,204.720000
2019-05-29,201.260000
2019-05-30,201.310000
2019-05-31,200.710000
2019-06-03,199.580000
2019-06-04,201.860000
2019-06-05,206.450000
2019-06-06,207.030000
2019-06-07,208.770000
2019-06-10,210.480000
2019-06-11,207.890000
2019-06-12,204.360000
2019-06-13,204.010000
2019-06-14,203.200000
2019-06-17,204.500000
2019-06-18,208.040000
2019-06-19,210.390000
2019-06-20,211.830000
2019-06-21,212.810000
2019-06-24,212.390000
2019-06-25,211.260000
2019-06-26,211.050000
2019-06-27,213.470000
2019-06-28,215.240000
2019-07-01,219.180000
2019-07-02,217.200000
2019-07-03,221.680000
2019-07-05,220.230000
2019-07-08,217.150000
2019-07-09,216.990000
2019-07-10,217.270000
2019-07-11,216.850000
2019-07-12,217.130000
2019-07-15,216.620000
2019-07-16,214.810000
2019-07-17,212.810000
2019-07-18,214.810000
2019-07-19,213.720000
2019-07-22,216.010000
2019-07-23,218.610000
2019-07-24,218.500000
2019-07-25,218.250000
2019-07-26,217.630000
2019-07-29,219.140000
2019-07-30,213.320000
2019-07-31,210.560000
2019-08-01,211.760000
2019-08-02,209.520000
2019-08-05,204.310000
2019-08-06,209.610000
2019-08-07,210.350000
2019-08-08,212.970000
2019-08-09,212.010000
2019-08-12,205.830000
2019-08-13,208.080000
2019-08-14,200.040000
2019-08-15,202.260000
2019-08-16,205.540000
2019-08-19,209.870000
2019-08-20,207.530000
2019-08-21,210.180000
2019-08-22,209.990000
2019-08-23,204.960000
2019-08-26,203.050000
2019-08-27,204.190000
2019-08-28,206.350000
2019-08-29,210.920000
2019-08-30,211.890000
2019-09-03,211.590000
2019-09-04,212.190000
2019-09-05,218.120000
2019-09-06,217.240000
2019-09-09,217.070000
2019-09-10,223.190000
2019-09-11,231.260000
2019-09-12,232.780000
2019-09-13,232.130000
2019-09-16,231.520000
2019-09-17,228.690000
2019-09-18,228.340000
2019-09-19,228.700000
2019-09-20,228.700000
2019-09-23,227.790000
2019-09-24,221.040000
2019-09-25,220.200000
2019-09-26,217.230000
2019-09-27,222.530000
2019-09-30,223.230000
2019-10-01,224.200000
2019-10-02,221.990000
2019-10-03,224.560000
2019-10-04,227.000000
2019-10-07,223.480000
2019-10-08,208.010000
2019-10-09,208.350000
2019-10-10,211.300000
2019-10-11,213.620000
2019-10-14,213.870000
2019-10-15,215.390000
2019-10-16,213.590000
2019-10-17,214.760000
2019-10-18,215.750000
2019-10-21,217.340000
2019-10-22,219.080000
2019-10-23,214.470000
2019-10-24,215.850000
2019-10-25,218.110000
2019-10-28,220.110000
2019-10-29,214.290000
2019-10-30,215.000000
2019-10-31,211.620000
2019-11-01,215.090000
2019-11-04,214.990000
2019-11-05,213.580000
2019-11-06,213.070000
2019-11-07,211.980000
2019-11-08,210.080000
2019-11-11,209.570000
2019-11-12,212.580000
2019-11-13,213.390000
2019-11-14,213.480000
2019-11-15,217.320000
2019-11-18,216.340000
2019-11-19,219.720000
2019-11-20,217.710000
2019-11-21,217.720000
2019-11-22,218.720000
2019-11-25,221.240000
2019-11-26,222.060000
2019-11-27,223.550000
2019-11-29,222.070000
2019-12-02,223.110000
2019-12-03,221.360000
2019-12-04,224.950000
2019-12-05,223.700000
2019-12-06,226.300000
2019-12-09,226.630000
2019-12-10,227.930000
2019-12-11,228.970000
2019-12-12,233.690000
2019-12-13,234.110000
2019-12-16,234.020000
2019-12-17,231.300000
2019-12-18,229.000000
2019-12-19,231.870000
2019-12-20,233.280000
2019-12-23,232.990000
2019-12-24,233.090000
2019-12-26,233.260000
2019-12-27,233.760000
2019-12-30,233.190000
2019-12-31,233.650000
2020-01-02,235.060000
2020-01-03,231.010000
2020-01-06,228.880000
2020-01-07,231.980000
2020-01-08,226.350000
2020-01-09,228.800000
2020-01-10,230.880000
2020-01-13,228.820000
2020-01-14,232.080000
2020-01-15,234.360000
2020-01-16,237.610000
2020-01-17,239.600000
2020-01-21,243.670000
2020-01-22,244.090000
2020-01-23,241.930000
2020-01-24,237.530000
2020-01-27,232.370000
2020-01-28,235.860000
2020-01-29,234.010000
2020-01-30,228.810000
2020-01-31,223.790000
2020-02-03,226.050000
2020-02-04,219.080000
2020-02-05,220.740000
2020-02-06,220.090000
2020-02-07,217.360000
2020-02-10,219.130000
2020-02-11,223.220000
2020-02-12,224.370000
2020-02-13,220.580000
2020-02-14,216.060000
2020-02-18,216.500000
2020-02-19,216.650000
2020-02-20,217.340000
2020-02-21,216.380000
2020-02-24,210.070000
2020-02-25,203.370000
2020-02-26,202.600000
2020-02-27,198.820000
2020-02-28,194.890000
2020-03-02,202.700000
2020-03-03,201.470000
2020-03-04,208.440000
2020-03-05,198.920000
2020-03-06,200.000000
2020-03-09,190.590000
2020-03-10,196.720000
2020-03-11,184.100000
2020-03-12,167.050000
2020-03-13,184.480000
2020-03-16,173.920000
2020-03-17,183.270000
2020-03-18,176.810000
2020-03-19,177.420000
2020-03-20,173.460000
2020-03-23,162.360000
2020-03-24,180.680000
2020-03-25,176.800000
2020-03-26,191.420000
2020-03-27,185.360000
2020-03-30,188.140000
2020-03-31,182.050000
2020-04-01,182.310000
2020-04-02,186.030000
2020-04-03,179.940000
2020-04-06,188.890000
2020-04-07,190.080000
2020-04-08,196.080000
2020-04-09,195.930000
2020-04-13,187.650000
2020-04-14,193.650000
2020-04-15,189.410000
2020-04-16,192.960000
2020-04-17,197.510000
2020-04-20,194.330000
2020-04-21,185.390000
2020-04-22,190.340000
2020-04-23,190.770000
2020-04-24,191.320000
2020-04-27,195.010000
2020-04-28,184.110000
2020-04-29,192.650000
2020-04-30,187.000000
2020-05-01,178.080000
2020-05-04,180.430000
2020-05-05,181.890000
2020-05-06,185.030000
2020-05-07,185.980000
2020-05-08,186.980000
2020-05-11,189.310000
2020-05-12,182.480000
2020-05-13,178.800000
2020-05-14,180.280000
2020-05-15,178.460000
2020-05-18,188.240000
2020-05-19,183.990000
2020-05-20,185.260000
2020-05-21,185.260000
2020-05-22,186.680000
2020-05-26,193.080000
2020-05-27,198.890000
2020-05-28,197.960000
2020-05-29,199.850000
2020-06-01,199.670000
2020-06-02,202.840000
2020-06-03,201.430000
2020-06-04,202.390000
2020-06-05,208.930000
2020-06-08,208.220000
2020-06-09,197.380000
2020-06-10,194.560000
2020-06-11,181.550000
2020-06-12,185.560000
2020-06-15,188.120000
2020-06-16,189.410000
2020-06-17,188.500000
2020-06-18,193.600000
2020-06-19,190.370000
2020-06-22,185.550000
2020-06-23,185.570000
2020-06-24,177.360000
2020-06-25,176.160000
2020-06-26,174.760000
2020-06-29,176.620000
2020-06-30,180.400000
2020-07-01,180.150000
2020-07-02,180.820000
2020-07-06,184.360000
2020-07-07,185.340000
2020-07-08,185.050000
2020-07-09,188.630000
2020-07-10,188.750000
2020-07-13,193.270000
2020-07-14,198.070000
2020-07-15,220.800000
2020-07-16,224.040000
2020-07-17,226.890000
2020-07-20,227.060000
2020-07-21,222.820000
2020-07-22,223.840000
2020-07-23,226.380000
2020-07-24,223.050000
2020-07-27,227.450000
2020-07-28,223.490000
2020-07-29,216.520000
2020-07-30,212.760000
2020-07-31,213.150000
2020-08-03,213.050000
2020-08-04,210.100000
2020-08-05,211.180000
2020-08-06,210.640000
2020-08-07,212.340000
2020-08-10,212.710000
2020-08-11,213.640000
2020-08-12,215.210000
2020-08-13,217.000000
2020-08-14,215.400000
2020-08-17,215.680000
2020-08-18,215.060000
2020-08-19,216.950000
2020-08-20,214.730000
2020-08-21,216.240000
2020-08-24,215.020000
2020-08-25,216.140000
2020-08-26,216.090000
2020-08-27,215.760000
2020-08-28,217.430000
2020-08-31,216.260000
2020-09-01,212.020000
2020-09-02,217.070000
2020-09-03,208.990000
2020-09-04,206.070000
2020-09-08,204.370000
2020-09-09,206.240000
2020-09-10,204.030000
2020-09-11,203.930000
2020-09-14,205.280000
2020-09-15,205.610000
2020-09-16,206.590000
2020-09-17,203.800000
2020-09-18,195.470000
2020-09-21,194.360000
2020-09-22,194.230000
2020-09-23,190.600000
2020-09-24,189.640000
2020-09-25,191.060000
2020-09-28,193.290000
2020-09-29,193.390000
2020-09-30,195.680000
2020-10-01,195.680000
2020-10-02,195.890000
2020-10-05,198.650000
2020-10-06,196.680000
2020-10-07,200.090000
2020-10-08,201.190000
2020-10-09,202.800000
2020-10-12,202.130000
2020-10-13,216.450000
2020-10-14,212.190000
2020-10-15,213.700000
2020-10-16,211.100000
2020-10-19,209.870000
2020-10-20,213.080000
2020-10-21,214.900000
2020-10-22,221.980000
2020-10-23,221.950000
2020-10-26,220.310000
2020-10-27,223.960000
2020-10-28,224.770000
2020-10-29,225.580000
2020-10-30,222.820000
2020-11-02,222.220000
2020-11-03,217.130000
2020-11-04,213.070000
2020-11-05,217.700000
2020-11-06,222.480000
2020-11-09,230.440000
2020-11-10,225.310000
2020-11-11,223.140000
2020-11-12,226.570000
2020-11-13,232.650000
2020-11-16,231.840000
2020-11-17,231.190000
2020-11-18,224.690000
2020-11-19,226.350000
2020-11-20,225.400000
2020-11-23,228.490000
2020-11-24,232.250000
2020-11-25,226.740000
2020-11-27,228.270000
2020-11-30,232.010000
2020-12-01,234.190000
2020-12-02,235.120000
2020-12-03,232.590000
2020-12-04,237.740000
2020-12-07,236.490000
2020-12-08,239.230000
2020-12-09,239.130000
2020-12-10,241.560000
2020-12-11,240.330000
2020-12-14,240.750000
2020-12-15,244.270000
2020-12-16,242.450000
2020-12-17,250.740000
2020-12-18,250.380000
2020-12-21,247.390000
2020-12-22,246.290000
2020-12-23,246.310000
2020-12-24,247.090000
2020-12-28,247.040000
2020-12-29,245.870000
2020-12-30,245.560000
2020-12-31,247.420000
2021-01-04,250.150000
2021-01-05,255.430000
2021-01-06,262.470000
2021-01-07,260.790000
2021-01-08,261.820000
2021-01-11,266.050000
2021-01-12,266.510000
2021-01-13,264.800000
2021-01-14,262.900000
2021-01-15,268.330000
2021-01-19,271.820000
2021-01-20,271.130000
2021-01-21,271.260000
2021-01-22,273.620000
2021-01-25,273.350000
2021-01-26,270.530000
2021-01-27,265.960000
2021-01-28,266.560000
2021-01-29,264.670000
2021-02-01,268.810000
2021-02-02,291.310000
2021-02-03,281.270000
2021-02-04,286.450000
2021-02-05,283.480000
2021-02-08,284.500000
2021-02-09,282.710000
2021-02-10,284.020000
2021-02-11,282.830000
2021-02-12,283.950000
2021-02-16,282.510000
2021-02-17,282.580000
2021-02-18,280.800000
2021-02-19,281.720000
2021-02-22,279.810000
2021-02-23,278.880000
2021-02-24,279.900000
2021-02-25,278.230000
2021-02-26,273.880000
2021-03-01,277.040000
2021-03-02,274.030000
2021-03-03,265.780000
2021-03-04,261.630000
2021-03-05,266.440000
2021-03-08,264.670000
2021-03-09,272.680000
2021-03-10,272.450000
2021-03-11,273.080000
2021-03-12,268.830000
2021-03-15,272.630000
2021-03-16,269.770000
2021-03-17,268.130000
2021-03-18,268.760000
2021-03-19,268.700000
2021-03-22,271.630000
2021-03-23,270.690000
2021-03-24,269.050000
2021-03-25,273.000000
2021-03-26,281.220000
2021-03-29,284.020000
2021-03-30,282.510000
2021-03-31,284.170000
2021-04-01,284.720000
2021-04-05,295.650000
2021-04-06,302.230000
2021-04-07,296.350000
2021-04-08,304.130000
2021-04-09,307.140000
2021-04-12,307.040000
2021-04-13,307.910000
2021-04-14,296.670000
2021-04-15,299.650000
2021-04-16,299.900000
2021-04-19,298.810000
2021-04-20,296.270000
2021-04-21,301.220000
2021-04-22,304.640000
2021-04-23,306.500000
2021-04-26,304.350000
2021-04-27,304.270000
2021-04-28,300.440000
2021-04-29,302.110000
2021-04-30,299.870000
2021-05-03,301.670000
2021-05-04,299.750000
2021-05-05,308.460000
2021-05-06,309.010000
2021-05-07,314.650000
2021-05-10,317.630000
2021-05-11,315.890000
2021-05-12,303.640000
2021-05-13,315.480000
2021-05-14,312.240000
2021-05-17,308.940000
2021-05-18,305.070000
2021-05-19,306.450000
2021-05-20,311.460000
2021-05-21,312.220000
2021-05-24,317.200000
2021-05-25,321.140000
2021-05-26,319.740000
2021-05-27,323.740000
2021-05-28,322.250000
2021-06-01,318.500000
2021-06-02,317.210000
2021-06-03,316.280000
2021-06-04,319.260000
2021-06-07,318.710000
2021-06-08,323.090000
2021-06-09,328.000000
2021-06-10,333.770000
2021-06-11,336.580000
2021-06-14,336.180000
2021-06-15,341.800000
2021-06-16,343.070000
2021-06-17,346.560000
2021-06-18,342.710000
2021-06-21,342.440000
2021-06-22,345.620000
2021-06-23,346.950000
2021-06-24,344.580000
2021-06-25,337.780000
2021-06-28,343.960000
2021-06-29,345.150000
2021-06-30,345.610000
2021-07-01,351.180000
2021-07-02,355.490000
2021-07-06,359.070000
2021-07-07,365.400000
2021-07-08,365.680000
2021-07-09,369.400000
2021-07-12,369.670000
2021-07-13,368.440000
2021-07-14,371.640000
2021-07-15,372.260000
2021-07-16,370.690000
2021-07-19,362.990000
2021-07-20,372.120000
2021-07-21,370.670000
2021-07-22,377.170000
2021-07-23,384.700000
2021-07-26,382.310000
2021-07-27,378.520000
2021-07-28,386.220000
2021-07-29,391.020000
2021-07-30,389.810000
2021-08-02,388.850000
2021-08-03,391.750000
2021-08-04,394.250000
2021-08-05,397.340000
2021-08-06,395.470000
2021-08-09,393.620000
2021-08-10,394.880000
2021-08-11,397.780000
2021-08-12,401.330000
2021-08-13,405.270000
2021-08-16,408.130000
2021-08-17,406.120000
2021-08-18,400.740000
2021-08-19,404.860000
2021-08-20,402.250000
2021-08-23,402.780000
2021-08-24,402.270000
2021-08-25,407.100000
2021-08-26,407.350000
2021-08-27,407.350000
2021-08-30,413.060000
2021-08-31,414.020000
2021-09-01,416.120000
2021-09-02,421.250000
2021-09-03,423.400000
2021-09-07,422.980000
2021-09-08,424.700000
2021-09-09,422.020000
2021-09-10,420.180000
2021-09-13,403.210000
2021-09-14,409.490000
2021-09-15,409.840000
2021-09-16,399.730000
2021-09-17,396.580000
2021-09-20,395.810000
2021-09-21,392.140000
2021-09-22,395.580000
2021-09-23,402.110000
2021-09-24,393.580000
2021-09-27,380.750000
2021-09-28,366.880000
2021-09-29,365.170000
2021-09-30,357.300000
2021-10-01,355.700000
2021-10-04,347.540000
2021-10-05,349.320000
2021-10-06,343.640000
2021-10-07,346.310000
2021-10-08,343.400000
2021-10-11,341.380000
2021-10-12,338.730000
2021-10-13,341.420000
2021-10-14,344.940000
2021-10-15,344.710000
2021-10-18,347.680000
2021-10-19,349.540000
2021-10-20,356.050000
2021-10-21,361.010000
2021-10-22,364.490000
2021-10-25,366.580000
2021-10-26,362.060000
2021-10-27,361.170000
2021-10-28,361.340000
2021-10-29,367.550000
2021-11-01,364.600000
2021-11-02,348.880000
2021-11-03,347.510000
2021-11-04,346.480000
2021-11-05,343.060000
2021-11-08,349.920000
2021-11-09,350.150000
2021-11-10,351.490000
2021-11-11,350.500000
2021-11-12,356.840000
2021-11-15,345.640000
2021-11-16,349.010000
2021-11-17,343.230000
2021-11-18,342.360000
2021-11-19,349.710000
2021-11-22,346.460000
2021-11-23,342.640000
2021-11-24,343.870000
2021-11-26,338.430000
2021-11-29,341.220000
2021-11-30,328.070000
2021-12-01,328.500000
2021-12-02,334.000000
2021-12-03,331.350000
2021-12-06,336.330000
2021-12-07,344.100000
2021-12-08,346.550000
2021-12-09,343.720000
2021-12-10,340.960000
2021-12-13,344.530000
2021-12-14,342.040000
2021-12-15,351.050000
2021-12-16,350.080000
2021-12-17,348.350000
2021-12-20,347.220000
2021-12-21,349.420000
2021-12-22,361.060000
2021-12-23,361.710000
2021-12-27,367.610000
2021-12-28,367.530000
2021-12-29,370.820000
2021-12-30,372.010000
2021-12-31,372.600000
2022-01-03,364.590000
2022-01-04,356.410000
2022-01-05,350.720000
2022-01-06,352.560000
2022-01-07,347.030000
2022-01-10,345.030000
2022-01-11,344.420000
2022-01-12,343.820000
2022-01-13,337.940000
2022-01-14,333.730000
2022-01-18,325.400000
2022-01-19,324.460000
2022-01-20,316.420000
2022-01-21,319.230000
2022-01-24,322.880000
2022-01-25,310.380000
2022-01-26,308.510000
2022-01-27,306.540000
2022-01-28,316.940000
2022-01-31,320.120000
2022-02-01,323.720000
2022-02-02,330.170000
2022-02-03,328.630000
2022-02-04,325.910000
2022-02-07,325.880000
2022-02-08,328.940000
2022-02-09,335.160000
2022-02-10,328.640000
2022-02-11,321.770000
2022-02-14,318.050000
2022-02-15,319.900000
2022-02-16,319.560000
2022-02-17,314.980000
2022-02-18,316.180000
2022-02-22,314.480000
2022-02-23,306.540000
2022-02-24,312.440000
2022-02-25,323.650000
2022-02-28,316.730000
2022-03-01,313.590000
2022-03-02,315.780000
2022-03-03,321.490000
2022-03-04,323.010000
2022-03-07,315.290000
2022-03-08,307.110000
2022-03-09,321.080000
2022-03-10,319.590000
2022-03-11,312.970000
2022-03-14,311.000000
2022-03-15,317.340000
2022-03-16,327.040000
2022-03-17,330.790000
2022-03-18,338.140000
2022-03-21,338.080000
2022-03-22,339.800000
2022-03-23,323.860000
2022-03-24,325.110000
2022-03-25,325.970000
2022-03-28,327.810000
2022-03-29,326.830000
2022-03-30,321.660000
2022-03-31,310.390000
2022-04-01,308.580000
2022-04-04,310.310000
2022-04-05,305.350000
2022-04-06,304.140000
2022-04-07,313.750000
2022-04-08,312.120000
2022-04-11,302.580000
2022-04-12,293.930000
2022-04-13,298.590000
2022-04-14,295.390000
2022-04-18,292.390000
2022-04-19,300.800000
2022-04-20,313.640000
2022-04-21,307.380000
2022-04-22,296.440000
2022-04-25,296.200000
2022-04-26,288.880000
2022-04-27,293.760000
2022-04-28,306.120000
2022-04-29,303.020000
2022-05-02,302.380000
2022-05-03,326.930000
2022-05-04,342.470000
2022-05-05,333.240000
2022-05-06,327.930000
2022-05-09,316.290000
2022-05-10,321.430000
2022-05-11,311.660000
2022-05-12,313.950000
2022-05-13,320.420000
2022-05-16,320.930000
2022-05-17,331.860000
2022-05-18,330.190000
2022-05-19,323.830000
2022-05-20,318.950000
2022-05-23,321.160000
2022-05-24,317.450000
2022-05-25,307.810000
2022-05-26,319.890000
2022-05-27,335.060000
2022-05-31,327.950000
2022-06-01,321.800000
2022-06-02,333.030000
2022-06-03,339.010000
2022-06-06,337.160000
2022-06-07,342.750000
2022-06-08,338.740000
2022-06-09,336.980000
2022-06-10,329.710000
2022-06-13,320.450000
2022-06-14,321.490000
2022-06-15,324.260000
2022-06-16,318.090000
2022-06-17,310.830000
2022-06-21,308.510000
2022-06-22,312.000000
2022-06-23,321.440000
2022-06-24,328.580000
2022-06-27,330.240000
2022-06-28,329.440000
2022-06-29,329.600000
2022-06-30,330.980000
2022-07-01,336.890000
2022-07-05,339.660000
2022-07-06,342.270000
2022-07-07,342.940000
2022-07-08,346.250000
2022-07-11,349.940000
2022-07-12,341.410000
2022-07-13,336.440000
2022-07-14,328.550000
2022-07-15,334.010000
2022-07-18,323.390000
2022-07-19,330.760000
2022-07-20,329.900000
2022-07-21,349.480000
2022-07-22,345.680000
2022-07-25,344.940000
2022-07-26,349.140000
2022-07-27,355.330000
2022-07-28,362.000000
2022-07-29,364.030000
2022-08-01,365.550000
2022-08-02,340.550000
2022-08-03,338.880000
2022-08-04,334.560000
2022-08-05,337.870000
2022-08-08,332.150000
2022-08-09,323.810000
2022-08-10,330.790000
2022-08-11,331.620000
2022-08-12,335.230000
2022-08-15,331.760000
2022-08-16,329.200000
2022-08-17,335.420000
2022-08-18,331.190000
2022-08-19,327.980000
2022-08-22,317.610000
2022-08-23,314.830000
2022-08-24,316.880000
2022-08-25,320.320000
2022-08-26,300.810000
2022-08-29,302.190000
2022-08-30,299.390000
2022-08-31,298.600000
2022-09-01,300.350000
2022-09-02,298.320000
2022-09-06,297.890000
2022-09-07,302.580000
2022-09-08,308.620000
2022-09-09,312.280000
2022-09-12,316.020000
2022-09-13,299.930000
2022-09-14,298.040000
2022-09-15,295.760000
2022-09-16,283.930000
2022-09-19,290.460000
2022-09-20,281.980000
2022-09-21,280.940000
2022-09-22,275.120000
2022-09-23,275.500000
2022-09-26,273.650000
2022-09-27,270.490000
2022-09-28,272.750000
2022-09-29,274.560000
2022-09-30,269.530000
2022-10-03,277.350000
2022-10-04,288.200000
2022-10-05,290.840000
2022-10-06,287.550000
2022-10-07,276.500000
2022-10-10,272.260000
2022-10-11,271.990000
2022-10-12,270.720000
2022-10-13,276.790000
2022-10-14,272.190000
2022-10-17,279.600000
2022-10-18,283.940000
2022-10-19,277.360000
2022-10-20,275.010000
2022-10-21,282.120000
2022-10-24,287.410000
2022-10-25,296.810000
2022-10-26,301.730000
2022-10-27,300.960000
2022-10-28,302.680000
2022-10-31,299.170000
2022-11-01,307.440000
2022-11-02,295.740000
2022-11-03,298.930000
2022-11-04,305.070000
2022-11-07,306.470000
2022-11-08,312.560000
2022-11-09,309.520000
2022-11-10,331.850000
2022-11-11,331.850000
2022-11-14,325.880000
2022-11-15,329.790000
2022-11-16,329.530000
2022-11-17,319.810000
2022-11-18,321.160000
2022-11-21,322.890000
2022-11-22,336.970000
2022-11-23,334.570000
2022-11-25,338.030000
2022-11-28,331.600000
2022-11-29,330.160000
2022-11-30,346.600000
2022-12-01,346.930000
2022-12-02,347.370000
2022-12-05,340.290000
2022-12-06,337.590000
2022-12-07,340.640000
2022-12-08,343.040000
2022-12-09,336.530000
2022-12-12,340.860000
2022-12-13,344.620000
2022-12-14,343.970000
2022-12-15,342.430000
2022-12-16,338.480000
2022-12-19,337.300000
2022-12-20,339.140000
2022-12-21,346.780000
2022-12-22,344.300000
2022-12-23,346.660000
2022-12-27,346.530000
2022-12-28,340.710000
2022-12-29,345.880000
2022-12-30,342.580000
2023-01-03,345.590000
2023-01-04,349.770000
2023-01-05,347.030000
2023-01-06,322.210000
2023-01-09,320.400000
2023-01-10,335.930000
2023-01-11,342.660000
2023-01-12,335.700000
2023-01-13,339.080000
2023-01-17,332.250000
2023-01-18,328.890000
2023-01-19,332.040000
2023-01-20,338.750000
2023-01-23,343.700000
2023-01-24,334.030000
2023-01-25,334.360000
2023-01-26,333.540000
2023-01-27,333.130000
2023-01-30,324.320000
2023-01-31,328.580000
2023-02-01,338.030000
2023-02-02,344.240000
2023-02-03,341.390000
2023-02-06,337.040000
2023-02-07,343.630000
2023-02-08,342.290000
2023-02-09,336.670000
2023-02-10,333.780000
2023-02-13,339.050000
2023-02-14,339.320000
2023-02-15,336.900000
2023-02-16,327.330000
2023-02-17,328.730000
2023-02-21,320.200000
2023-02-22,321.100000
2023-02-23,323.060000
2023-02-24,314.050000
2023-02-27,310.040000
2023-02-28,310.890000
2023-03-01,309.250000
2023-03-02,321.360000
2023-03-03,326.890000
2023-03-06,321.590000
2023-03-07,309.130000
2023-03-08,309.820000
2023-03-09,309.350000
2023-03-10,304.960000
2023-03-13,306.340000
2023-03-14,311.730000
2023-03-15,301.850000
2023-03-16,307.280000
2023-03-17,298.970000
2023-03-20,300.510000
2023-03-21,308.630000
2023-03-22,302.260000
2023-03-23,298.170000
2023-03-24,299.960000
2023-03-27,302.740000
2023-03-28,299.530000
2023-03-29,300.470000
2023-03-30,304.670000
2023-03-31,309.630000
2023-04-03,307.460000
2023-04-04,302.730000
2023-04-05,302.660000
2023-04-06,300.000000
2023-04-10,299.420000
2023-04-11,302.180000
2023-04-12,303.270000
2023-04-13,312.380000
2023-04-14,307.170000
2023-04-17,309.600000
2023-04-18,308.390000
2023-04-19,308.450000
2023-04-20,299.610000
2023-04-21,306.900000
2023-04-24,310.130000
2023-04-25,292.710000
2023-04-26,296.720000
2023-04-27,298.340000
2023-04-28,300.360000
2023-05-01,298.220000
2023-05-02,298.010000
2023-05-03,296.500000
2023-05-04,296.000000
2023-05-05,296.790000
2023-05-08,296.500000
2023-05-09,276.760000
2023-05-10,272.430000
2023-05-11,268.970000
2023-05-12,271.000000
2023-05-15,273.300000
2023-05-16,266.200000
2023-05-17,263.930000
2023-05-18,268.050000
2023-05-19,267.480000
2023-05-22,267.810000
2023-05-23,265.920000
2023-05-24,256.990000
2023-05-25,259.560000
2023-05-26,260.610000
2023-05-30,255.570000
2023-05-31,251.220000
2023-06-01,256.040000
2023-06-02,258.770000
2023-06-05,259.540000
2023-06-06,256.630000
2023-06-07,257.140000
2023-06-08,249.960000
2023-06-09,249.280000
2023-06-12,256.930000
2023-06-13,263.270000
2023-06-14,262.080000
2023-06-15,268.090000
2023-06-16,269.200000
2023-06-20,263.270000
2023-06-21,264.480000
2023-06-22,260.270000
2023-06-23,259.840000
2023-06-26,259.740000
2023-06-27,257.740000
2023-06-28,257.440000
2023-06-29,261.950000
2023-06-30,266.540000
2023-07-03,264.770000
2023-07-05,266.560000
2023-07-06,264.990000
2023-07-07,264.150000
2023-07-10,264.660000
2023-07-11,263.530000
2023-07-12,268.940000
2023-07-13,269.260000
2023-07-14,270.770000
2023-07-17,269.830000
2023-07-18,271.880000
2023-07-19,280.080000
2023-07-20,279.770000
2023-07-21,288.720000
2023-07-24,286.970000
2023-07-25,286.540000
2023-07-26,289.920000
2023-07-27,285.220000
2023-07-28,285.770000
2023-07-31,276.210000
2023-08-01,274.400000
2023-08-02,291.770000
2023-08-03,291.410000
2023-08-04,289.890000
2023-08-07,289.720000
2023-08-08,296.730000
2023-08-09,292.020000
2023-08-10,289.300000
2023-08-11,291.660000
2023-08-14,288.370000
2023-08-15,285.470000
2023-08-16,274.860000
2023-08-17,273.160000
2023-08-18,270.000000
2023-08-21,267.170000
2023-08-22,267.970000
2023-08-23,271.030000
2023-08-24,271.170000
2023-08-25,273.370000
2023-08-28,281.450000
2023-08-29,287.810000
2023-08-30,287.190000
2023-08-31,280.800000
2023-09-01,281.020000
2023-09-05,276.350000
2023-09-06,272.860000
2023-09-07,270.300000
2023-09-08,263.570000
2023-09-11,263.300000
2023-09-12,260.360000
2023-09-13,267.230000
2023-09-14,272.010000
2023-09-15,275.800000
2023-09-18,273.390000
2023-09-19,275.290000
2023-09-20,274.110000
2023-09-21,268.870000
2023-09-22,269.000000
2023-09-25,270.960000
2023-09-26,268.040000
2023-09-27,272.340000
2023-09-28,275.350000
2023-09-29,274.210000
2023-10-02,270.520000
2023-10-03,265.010000
2023-10-04,267.760000
2023-10-05,265.990000
2023-10-06,267.400000
2023-10-09,266.990000
2023-10-10,268.800000
2023-10-11,266.200000
2023-10-12,251.000000
2023-10-13,252.610000
2023-10-16,255.170000
2023-10-17,256.620000
2023-10-18,248.510000
2023-10-19,252.330000
2023-10-20,253.640000
2023-10-23,255.660000
2023-10-24,249.180000
2023-10-25,242.300000
2023-10-26,244.450000
2023-10-27,244.760000
2023-10-30,236.700000
2023-10-31,238.530000
2023-11-01,240.840000
2023-11-02,245.410000
2023-11-03,260.490000
2023-11-06,252.150000
2023-11-07,260.670000
2023-11-08,255.820000
2023-11-09,253.080000
2023-11-10,255.920000
2023-11-13,250.980000
2023-11-14,258.670000
2023-11-15,266.940000
2023-11-16,266.200000
2023-11-17,261.880000
2023-11-20,260.930000
2023-11-21,274.650000
2023-11-22,276.330000
2023-11-24,280.390000
2023-11-27,277.000000
2023-11-28,275.950000
2023-11-29,279.740000
2023-11-30,280.610000
2023-12-01,288.850000
2023-12-04,288.790000
2023-12-05,284.950000
2023-12-06,289.520000
2023-12-07,293.380000
2023-12-08,292.140000
2023-12-11,296.370000
2023-12-12,297.790000
2023-12-13,312.130000
2023-12-14,321.340000
2023-12-15,320.140000
2023-12-18,322.280000
2023-12-19,328.970000
2023-12-20,323.250000
2023-12-21,328.790000
2023-12-22,329.740000
2023-12-26,331.970000
2023-12-27,333.040000
2023-12-28,332.770000
2023-12-29,329.230000
2024-01-02,328.620000
2024-01-03,305.880000
2024-01-04,307.370000
2024-01-05,305.070000
2024-01-08,311.740000
2024-01-09,302.580000
2024-01-10,307.600000
2024-01-11,304.430000
2024-01-12,308.100000
2024-01-16,308.130000
2024-01-17,302.510000
2024-01-18,310.160000
2024-01-19,312.450000
2024-01-22,317.050000
2024-01-23,316.440000
2024-01-24,312.420000
2024-01-25,312.000000
2024-01-26,316.120000
2024-01-29,324.360000
2024-01-30,328.380000
2024-01-31,317.710000
2024-02-01,324.450000
2024-02-02,320.740000
2024-02-05,324.850000
2024-02-06,330.380000
2024-02-07,323.540000
2024-02-08,326.690000
2024-02-09,322.820000
2024-02-12,320.200000
2024-02-13,311.580000
2024-02-14,317.520000
2024-02-15,322.870000
2024-02-16,325.210000
2024-02-20,323.950000
2024-02-21,329.520000
2024-02-22,330.550000
2024-02-23,331.250000
2024-02-26,327.030000
2024-02-27,332.650000
2024-02-28,337.680000
2024-02-29,337.420000
2024-03-01,346.040000
2024-03-04,346.760000
2024-03-05,343.410000
2024-03-06,349.000000
2024-03-07,361.000000
2024-03-08,355.940000
2024-03-11,353.860000
2024-03-12,353.300000
2024-03-13,351.730000
2024-03-14,343.570000
2024-03-15,352.900000
2024-03-18,347.270000
2024-03-19,348.960000
2024-03-20,348.360000
2024-03-21,352.450000
2024-03-22,347.310000
2024-03-25,342.720000
2024-03-26,338.100000
2024-03-27,345.190000
2024-03-28,344.230000
2024-04-01,344.510000
2024-04-02,339.730000
2024-04-03,341.100000
2024-04-04,334.260000
2024-04-05,335.940000
2024-04-08,339.040000
2024-04-09,345.030000
2024-04-10,337.150000
2024-04-11,337.890000
2024-04-12,322.660000
2024-04-15,319.590000
2024-04-16,313.720000
2024-04-17,304.180000
2024-04-18,294.230000
2024-04-19,296.100000
2024-04-22,299.230000
2024-04-23,313.300000
2024-04-24,310.250000
2024-04-25,308.350000
2024-04-26,311.300000
2024-04-29,315.090000
2024-04-30,309.040000
2024-05-01,315.920000
2024-05-02,315.580000
2024-05-03,321.250000
2024-05-06,319.860000
2024-05-07,326.060000
2024-05-08,323.800000
2024-05-09,336.420000
2024-05-10,351.110000
2024-05-13,349.280000
2024-05-14,358.990000
2024-05-15,361.790000
2024-05-16,360.510000
2024-05-17,355.950000
2024-05-20,354.020000
2024-05-21,351.650000
2024-05-22,348.800000
2024-05-23,336.790000
2024-05-24,336.460000
2024-05-28,331.840000
2024-05-29,327.650000
2024-05-30,307.620000
2024-05-31,308.900000
2024-06-03,309.900000
2024-06-04,307.260000
2024-06-05,307.190000
2024-06-06,300.550000
2024-06-07,302.090000
2024-06-10,301.470000
2024-06-11,300.500000
2024-06-12,300.960000
2024-06-13,295.510000
2024-06-14,294.940000
2024-06-17,294.250000
2024-06-18,294.400000
2024-06-20,290.000000
2024-06-21,290.270000
2024-06-24,289.270000
2024-06-25,286.970000
2024-06-26,290.300000
2024-06-27,286.470000
2024-06-28,290.120000
2024-07-01,282.700000
2024-07-02,284.490000
2024-07-03,287.500000
2024-07-05,286.210000
2024-07-08,285.570000
2024-07-09,282.970000
2024-07-10,288.310000
2024-07-11,301.480000
2024-07-12,302.400000
2024-07-15,302.930000
2024-07-16,316.730000
2024-07-17,314.380000
2024-07-18,308.980000
2024-07-19,302.720000
2024-07-22,307.220000
2024-07-23,300.830000
2024-07-24,305.310000
2024-07-25,310.290000
2024-07-26,317.960000
2024-07-29,321.540000
2024-07-30,327.660000
2024-07-31,336.280000
2024-08-01,352.530000
2024-08-02,345.660000
2024-08-05,328.830000
2024-08-06,330.890000
2024-08-07,321.850000
2024-08-08,333.340000
2024-08-09,332.700000
2024-08-12,333.420000
2024-08-13,338.830000
2024-08-14,336.490000
2024-08-15,340.680000
2024-08-16,339.980000
2024-08-19,340.260000
2024-08-20,336.160000
2024-08-21,337.340000
2024-08-22,336.090000
2024-08-23,342.420000
2024-08-26,336.590000
2024-08-27,336.770000
2024-08-28,340.940000
2024-08-29,344.710000
2024-08-30,346.350000
2024-09-03,339.750000
2024-09-04,331.560000
2024-09-05,331.310000
2024-09-06,328.840000
2024-09-09,332.100000
2024-09-10,328.160000
2024-09-11,326.730000
2024-09-12,322.080000
2024-09-13,325.860000
2024-09-16,328.650000
2024-09-17,328.970000
2024-09-18,333.370000
2024-09-19,338.450000
2024-09-20,336.560000
2024-09-23,339.710000
2024-09-24,343.840000
2024-09-25,340.000000
2024-09-26,355.680000
2024-09-27,357.330000
2024-09-30,359.890000
2024-10-01,358.330000
2024-10-02,355.050000
2024-10-03,354.400000
2024-10-04,352.510000
2024-10-07,349.920000
2024-10-08,358.910000
2024-10-09,356.830000
2024-10-10,352.640000
2024-10-11,357.970000
2024-10-14,357.250000
2024-10-15,360.000000
2024-10-16,353.970000
2024-10-17,347.310000
2024-10-18,348.450000
2024-10-21,345.500000
2024-10-22,339.430000
2024-10-23,333.280000
2024-10-24,327.300000
2024-10-25,324.550000
2024-10-28,325.510000
2024-10-29,324.670000
2024-10-30,326.590000
2024-10-31,323.110000
2024-11-01,387.210000
2024-11-04,387.340000
2024-11-05,387.170000
2024-11-06,386.690000
2024-11-07,386.120000
2024-11-08,384.510000
2024-11-11,380.740000
2024-11-12,385.790000
2024-11-13,385.620000
2024-11-14,376.720000
2024-11-15,358.460000
2024-11-18,355.470000
2024-11-19,344.710000
2024-11-20,357.770000
2024-11-21,368.500000
2024-11-22,373.470000
2024-11-25,378.160000
2024-11-26,388.150000
2024-11-27,386.570000
2024-11-29,384.720000
2024-12-02,387.100000
2024-12-03,387.000000
2024-12-04,391.350000
2024-12-05,381.330000
2024-12-06,384.050000
2024-12-09,392.010000
2024-12-10,390.350000
2024-12-11,385.270000
2024-12-12,383.030000
2024-12-13,378.260000
2024-12-16,374.010000
2024-12-17,373.720000
2024-12-18,360.430000
2024-12-19,360.630000
2024-12-20,368.160000
2024-12-23,369.760000
2024-12-24,373.150000
2024-12-26,376.780000
2024-12-27,374.600000
2024-12-30,370.940000
2024-12-31,370.980000
2025-01-02,368.260000
2025-01-03,371.760000
2025-01-06,377.100000
2025-01-07,377.030000
2025-01-08,374.200000
2025-01-10,380.350000
2025-01-13,399.870000
2025-01-14,404.930000
2025-01-15,397.700000
2025-01-16,405.430000
2025-01-17,404.000000
2025-01-21,413.810000
2025-01-22,408.350000
2025-01-23,412.800000
2025-01-24,411.300000
2025-01-27,414.440000
2025-01-28,413.480000
2025-01-29,404.170000
2025-01-30,417.280000
2025-01-31,415.480000
2025-02-03,411.190000
2025-02-04,410.400000
2025-02-05,414.090000
2025-02-06,410.950000
2025-02-07,409.500000
2025-02-10,407.580000
2025-02-11,405.290000
2025-02-12,381.910000
2025-02-13,379.110000
2025-02-14,369.730000
2025-02-18,376.290000
2025-02-19,377.970000
2025-02-20,380.810000
2025-02-21,374.820000
2025-02-24,379.270000
2025-02-25,380.830000
2025-02-26,384.980000
2025-02-27,373.060000
2025-02-28,377.340000
2025-03-03,371.790000
2025-03-04,368.050000
2025-03-05,378.890000
2025-03-06,386.330000
2025-03-07,392.990000
2025-03-10,390.290000
2025-03-11,378.850000
2025-03-12,373.130000
2025-03-13,364.440000
2025-03-14,377.150000
2025-03-17,378.920000
2025-03-18,382.150000
2025-03-19,371.340000
2025-03-20,363.220000
2025-03-21,365.460000
2025-03-24,373.300000
2025-03-25,368.530000
2025-03-26,367.790000
2025-03-27,370.590000
2025-03-28,362.160000
2025-03-31,368.570000
2025-04-01,356.000000
2025-04-02,362.640000
2025-04-03,345.120000
2025-04-04,324.920000
2025-04-07,325.800000
2025-04-08,307.710000
2025-04-09,336.520000
2025-04-10,314.660000
2025-04-11,325.220000
2025-04-14,333.770000
2025-04-15,323.440000
2025-04-16,321.100000
2025-04-17,321.010000
2025-04-21,316.230000
2025-04-22,330.710000
2025-04-23,334.860000
2025-04-24,340.700000
2025-04-25,337.890000
2025-04-28,339.880000
2025-04-29,340.820000
2025-04-30,347.730000
2025-05-01,341.830000
2025-05-02,350.450000
2025-05-05,348.380000
2025-05-06,339.020000
2025-05-07,345.460000
2025-05-08,350.880000
2025-05-09,344.060000
2025-05-12,366.670000
2025-05-13,359.020000
2025-05-14,345.380000
2025-05-15,351.600000
2025-05-16,359.480000
2025-05-19,358.530000
2025-05-20,362.100000
2025-05-21,347.360000
2025-05-22,348.460000
2025-05-23,346.370000
2025-05-27,358.360000
2025-05-28,354.590000
2025-05-29,355.300000
2025-05-30,349.240000
2025-06-02,343.680000
2025-06-03,349.390000
2025-06-04,353.150000
2025-06-05,346.330000
2025-06-06,351.170000
2025-06-09,348.330000
2025-06-10,349.840000
2025-06-11,346.050000
2025-06-12,349.570000
2025-06-13,342.300000
2025-06-16,347.810000
2025-06-17,341.100000
2025-06-18,339.360000
2025-06-20,342.630000
2025-06-23,342.830000
2025-06-24,346.800000
2025-06-25,350.010000
2025-06-26,354.910000
2025-06-27,352.410000
2025-06-30,349.040000
2025-07-01,357.040000
2025-07-02,351.920000
2025-07-03,350.220000
2025-07-07,346.730000
2025-07-08,347.780000
2025-07-09,349.210000
2025-07-10,353.280000
2025-07-11,352.910000
2025-07-14,304.180000
2025-07-15,289.560000
2025-07-16,289.560000
2025-07-17,296.920000
2025-07-18,287.530000
2025-07-21,281.660000
2025-07-22,287.460000
2025-07-23,295.630000
2025-07-24,298.470000
2025-07-25,302.950000
2025-07-28,302.360000
2025-07-29,303.190000
2025-07-30,299.070000
2025-07-31,288.760000
2025-08-01,290.310000
2025-08-04,285.590000
2025-08-05,281.190000
2025-08-06,277.720000
2025-08-07,278.000000
2025-08-08,281.200000
2025-08-11,279.290000
2025-08-12,285.520000
2025-08-13,296.830000
2025-08-14,293.520000
2025-08-15,291.550000
2025-08-18,289.400000
2025-08-19,297.720000
2025-08-20,296.730000
2025-08-21,290.440000
2025-08-22,302.190000
2025-08-25,298.950000
2025-08-26,296.140000
2025-08-27,294.630000
2025-08-28,297.650000
2025-08-29,301.800000
2025-09-02,296.480000
2025-09-03,290.060000
2025-09-04,299.690000
2025-09-05,306.320000
2025-09-08,309.370000
2025-09-09,300.520000
2025-09-10,293.030000
2025-09-11,302.450000
2025-09-12,295.390000
2025-09-15,299.040000
2025-09-16,303.080000
2025-09-17,303.680000
2025-09-18,306.380000
2025-09-19,300.870000
2025-09-22,302.480000
2025-09-23,299.220000
2025-09-24,292.650000
2025-09-25,287.790000
2025-09-26,291.710000
2025-09-29,289.430000
2025-09-30,299.810000
2025-10-01,319.810000
2025-10-02,321.920000
2025-10-03,328.390000
2025-10-06,327.620000
2025-10-07,318.350000
2025-10-08,327.650000
2025-10-09,330.450000
2025-10-10,331.000000
2025-10-13,336.330000
2025-10-14,333.140000
2025-10-15,332.410000
2025-10-16,334.870000
2025-10-17,334.590000
2025-10-20,343.180000
2025-10-21,349.230000
2025-10-22,348.670000
2025-10-23,355.680000
2025-10-24,359.500000
2025-10-27,351.750000
2025-10-28,345.950000
2025-10-29,343.470000
2025-10-30,342.900000
2025-10-31,349.600000
2025-11-03,345.590000
2025-11-04,367.340000
2025-11-05,371.970000
2025-11-06,371.160000
2025-11-07,371.690000
2025-11-10,376.570000
2025-11-11,386.140000
2025-11-12,387.370000
2025-11-13,379.300000
2025-11-14,379.400000
2025-11-17,377.980000
2025-11-18,376.630000
2025-11-19,376.250000
2025-11-20,378.620000
2025-11-21,393.990000
2025-11-24,399.540000
2025-11-25,412.540000
2025-11-26,407.140000
2025-11-28,403.420000
2025-12-01,397.790000
2025-12-02,398.620000
2025-12-03,397.620000
2025-12-04,396.370000
2025-12-05,394.810000
2025-12-08,392.750000
2025-12-09,386.160000
2025-12-10,395.820000
2025-12-11,392.210000
2025-12-12,385.330000
2025-12-15,385.420000
2025-12-16,378.530000
2025-12-17,377.120000
2025-12-18,376.310000
2025-12-19,378.030000
2025-12-22,384.140000
2025-12-23,383.210000
2025-12-24,384.830000
2025-12-26,386.060000
2025-12-29,385.100000
2025-12-30,383.990000
2025-12-31,379.830000
2026-01-02,381.960000
2026-01-05,394.970000
2026-01-06,400.540000
2026-01-07,399.410000
2026-01-08,396.650000
2026-01-09,396.750000
2026-01-12,393.680000
2026-01-13,394.030000
2026-01-14,393.200000
2026-01-15,394.590000
2026-01-16,387.370000
2026-01-20,383.860000
2026-01-21,396.710000
2026-01-22,400.420000
2026-01-23,392.310000
2026-01-26,390.900000
2026-01-27,390.090000
2026-01-28,385.030000
2026-01-29,375.180000
2026-01-30,370.720000
2026-02-02,379.310000
2026-02-03,378.950000
2026-02-04,384.330000
2026-02-05,376.890000
2026-02-06,381.290000
2026-02-09,328.140000
2026-02-10,327.020000
2026-02-11,329.200000
2026-02-12,319.830000
2026-02-13,323.370000
2026-02-17,321.430000
2026-02-18,327.530000
2026-02-19,328.660000
2026-02-20,333.330000
2026-02-23,327.780000
2026-02-24,326.300000
2026-02-25,319.440000
2026-02-26,322.830000
2026-02-27,319.380000
2026-03-02,307.230000
2026-03-03,312.140000
2026-03-04,319.040000
2026-03-05,315.590000
2026-03-06,302.540000
2026-03-09,305.670000
2026-03-10,299.630000
2026-03-11,297.540000
2026-03-12,283.320000
2026-03-13,286.570000
2026-03-16,290.020000
2026-03-17,296.990000
2026-03-18,295.050000
2026-03-19,299.570000
2026-03-20,298.990000
2026-03-23,301.810000
2026-03-24,301.920000
2026-03-25,302.320000
2026-03-26,300.560000
2026-03-27,289.160000
2026-03-30,293.370000
2026-03-31,297.800000
2026-04-01,299.890000
2026-04-02,304.240000
2026-04-06,304.090000
2026-04-07,307.380000
2026-04-08,318.530000
2026-04-09,317.650000
2026-04-10,320.000000
2026-04-13,324.680000
2026-04-14,330.980000
2026-04-15,326.200000
2026-04-16,319.040000
2026-04-17,327.770000
2026-04-20,335.610000
2026-04-21,335.230000
2026-04-22,334.380000
2026-04-23,311.200000
2026-04-24,309.870000
2026-04-27,299.790000
2026-04-28,300.730000
2026-04-29,292.130000
2026-04-30,309.230000
2026-05-01,307.120000
2026-05-04,301.880000
2026-05-05,342.750000
2026-05-06,349.530000
2026-05-07,350.490000
2026-05-08,355.130000
2026-05-11,348.070000
2026-05-12,352.210000
2026-05-13,334.930000
2026-05-14,333.210000
2026-05-15,329.220000
2026-05-18,332.190000
2026-05-19,333.260000
2026-05-20,341.320000
2026-05-21,340.990000
2026-05-22,342.370000
2026-05-26,338.640000
2026-05-27,342.180000
2026-05-28,366.670000
2026-05-29,383.570000
2026-06-01,378.160000
2026-06-02,371.930000
2026-06-03,379.770000
2026-06-04,376.470000
2026-06-05,365.360000
2026-06-08,363.340000
2026-06-09,371.150000
2026-06-10,363.180000
2026-06-11,359.740000
2026-06-12,355.530000
2026-06-15,357.760000
2026-06-16,360.540000
2026-06-17,357.000000
2026-06-18,355.440000
2026-06-22,358.250000
2026-06-23,357.200000
2026-06-24,369.180000
2026-06-25,376.890000
2026-06-26,374.410000
2026-06-29,368.870000
2026-06-30,375.040000
2026-07-01,378.130000
2026-07-02,379.290000
2026-07-06,378.890000
2026-07-07,374.930000
2026-07-08,368.130000
2026-07-09,377.130000
2026-07-10,376.430000
2026-07-13,373.220000
2026-07-14,376.390000
2026-07-15,374.920000
2026-07-16,378.190000
2026-07-17,368.980000
2026-07-20,357.540000
2026-07-21,367.550000
2026-07-22,370.820000
2026-07-23,382.410000
2026-07-24,374.680000
2026-07-27,371.200000
2026-07-28,383.900000
2026-07-29,379.480000
2026-07-30,380.300000
2026-07-31,377.310000
2026-08-03,374.740000
2026-08-04,396.080000
2026-08-05,400.000000
2026-08-06,399.700000
2026-08-07,406.860000
2026-08-10,411.770000
2026-08-11,415.000000
2026-08-12,416.150000
2026-08-13,413.510000
2026-08-14,412.170000
2026-08-17,407.740000
2026-08-18,401.250000
2026-08-19,415.840000
2026-08-20,404.690000
2026-08-21,410.700000
2026-08-24,410.750000
2026-08-25,414.440000
2026-08-26,414.170000
2026-08-27,421.260000
