date,hy_oas,credit_baa10y,credit_med252,vix,breadth_pct,qqq_close,qqq_200dma,xlu_spy_ratio,xlu_spy_rel60,credit_ok,vix_ok,breadth_ok,trend_ok,utilities_ok,score,net_score,signal_score_used,target_leverage,actual_leverage,w_qqq,w_qld,w_tqqq,w_cash,risk_frac,traded_flag,tqqq_ret,tbill_ret,portfolio_ret,equity_curve,drawdown
2010-02-12,,2.7000,3.0150,22.7300,79.4045,43.760000,40.620225,0.133330,-0.003743,1,0,1,1,1,4,3,4,2.4000,2.4022,0.0000,0.5978,0.4022,0.0000,1.0000,1,0.004092,0.00000436,0.026418,1.026418,0.000000
2010-02-16,,2.7200,3.0100,22.2500,83.6228,44.320000,40.670425,0.133543,-0.001063,1,0,1,1,1,4,3,4,2.4000,2.4053,0.0000,0.5947,0.4053,0.0000,1.0000,0,0.038736,0.00000397,0.030629,1.057857,0.000000
2010-02-17,,2.7300,3.0100,21.7200,83.3747,44.570000,40.721425,0.132369,-0.000760,1,0,1,1,1,4,3,4,2.4000,2.4068,0.0000,0.5932,0.4068,0.0000,1.0000,0,0.016970,0.00000397,0.013213,1.071835,0.000000
2010-02-18,,2.7300,3.0050,20.6300,85.3598,44.850000,40.770425,0.132314,-0.002027,1,0,1,1,1,4,3,4,2.4000,2.4083,0.0000,0.5917,0.4083,0.0000,1.0000,0,0.018958,0.00000397,0.015343,1.088280,0.000000
2010-02-19,,2.7200,3.0000,20.0200,86.3524,44.830000,40.819475,0.133885,0.001809,1,0,1,1,0,3,1,4,2.4000,2.4084,0.0000,0.5916,0.4084,0.0000,1.0000,0,-0.000779,0.00000397,-0.001048,1.087140,-0.001048
2010-02-22,,2.6500,3.0000,19.9400,85.3598,44.740000,40.868025,0.133141,-0.003743,1,1,1,1,1,5,5,3,2.2000,2.1991,0.0000,0.8009,0.1991,0.0000,1.0000,1,-0.006247,0.00000436,-0.003983,1.082809,-0.005027
2010-02-23,,2.6500,2.9950,21.3700,83.1266,44.160000,40.917775,0.133868,0.001198,1,0,1,1,0,3,1,5,2.4667,2.4661,0.0000,0.5339,0.4661,0.0000,1.0000,1,-0.039042,0.00000436,-0.028830,1.051592,-0.033712
2010-02-24,,2.6500,2.9900,20.2700,84.8635,44.610000,40.969675,0.132783,-0.014626,1,0,1,1,1,4,3,3,2.2444,2.2449,0.0000,0.7551,0.2449,0.0000,1.0000,1,0.030240,0.00000476,0.024115,1.076951,-0.010410
2010-02-25,,2.6500,2.9900,20.1000,83.6228,44.600000,41.020925,0.132692,-0.014783,1,0,1,1,1,4,3,4,2.2963,2.2981,0.0000,0.7019,0.2981,0.0000,1.0000,1,-0.000570,0.00000476,0.001613,1.078689,-0.008813
2010-02-26,,2.6400,2.9900,19.5000,84.1191,44.760000,41.075075,0.131546,-0.027304,1,1,1,1,1,5,5,4,2.3309,2.3325,0.0000,0.6675,0.3325,0.0000,1.0000,1,0.012475,0.00000516,0.008069,1.087392,-0.000816
2010-03-01,,2.6200,2.9900,19.2600,85.3598,45.410000,41.137025,0.132094,-0.030367,1,1,1,1,1,5,5,5,2.5539,2.5561,0.0000,0.4439,0.5561,0.0000,1.0000,1,0.042894,0.00000516,0.035029,1.125482,0.000000
2010-03-02,,2.6500,2.9850,19.0600,85.8561,45.550000,41.197825,0.132130,-0.043684,1,1,1,1,1,5,5,5,2.7026,2.7021,0.0000,0.2979,0.7021,0.0000,1.0000,1,0.006012,0.00000516,0.005629,1.131817,0.000000
2010-03-03,,2.6400,2.9800,18.8300,86.1042,45.600000,41.258975,0.131790,-0.057291,1,1,1,1,1,5,5,5,2.8017,2.8013,0.0000,0.1987,0.8013,0.0000,1.0000,1,0.005550,0.00000555,0.004286,1.136668,0.000000
2010-03-04,,2.6300,2.9800,18.7200,86.6005,45.750000,41.316525,0.131657,-0.046677,1,1,1,1,1,5,5,5,2.8678,2.8682,0.0000,0.1318,0.8682,-0.0000,1.0000,1,0.011043,0.00000555,0.010282,1.148356,0.000000
2010-03-05,,2.6200,2.9750,17.4200,89.0819,46.440000,41.376725,0.131116,-0.061499,1,1,1,1,1,5,5,5,2.9119,2.9126,0.0000,0.0874,0.9126,0.0000,1.0000,1,0.044202,0.00000555,0.042655,1.197339,0.000000
2010-03-08,,2.6100,2.9700,17.7900,89.5782,46.530000,41.437975,0.131093,-0.069155,1,1,1,1,1,5,5,5,2.9413,2.9413,0.0000,0.0587,0.9413,0.0000,1.0000,1,0.005332,0.00000595,0.005305,1.203691,0.000000
2010-03-09,,2.5900,2.9650,17.9200,89.3300,46.790000,41.503675,0.130701,-0.071749,1,1,1,1,1,5,5,5,2.9608,2.9610,0.0000,0.0390,0.9610,0.0000,1.0000,1,0.017702,0.00000634,0.017526,1.224787,0.000000
2010-03-10,,2.6100,2.9600,18.5700,90.0744,47.170000,41.571825,0.130164,-0.082295,1,1,1,1,1,5,5,5,2.9739,2.9738,0.0000,0.0262,0.9738,0.0000,1.0000,1,0.024470,0.00000634,0.023993,1.254173,0.000000
2010-03-11,,2.5900,2.9600,18.0600,90.3226,47.350000,41.634625,0.130056,-0.095314,1,1,1,1,1,5,5,5,2.9826,2.9827,0.0000,0.0173,0.9827,0.0000,1.0000,1,0.009210,0.00000595,0.009189,1.265698,0.000000
2010-03-12,,2.5600,2.9600,17.5800,89.8263,47.360000,41.698675,0.129222,-0.098716,1,1,1,1,1,5,5,5,2.9884,2.9884,0.0000,0.0116,0.9884,0.0000,1.0000,1,0.002281,0.00000634,0.002247,1.268543,0.000000
2010-03-15,,2.5500,2.9600,18.0000,89.3300,47.240000,41.760125,0.129665,-0.094467,1,1,1,1,1,5,5,5,2.9923,2.9923,0.0000,0.0077,0.9923,0.0000,1.0000,1,-0.006734,0.00000595,-0.006709,1.260032,-0.006709
2010-03-16,,2.5600,2.9600,17.6900,90.3226,47.540000,41.820525,0.130143,-0.085897,1,1,1,1,1,5,5,5,2.9948,2.9948,0.0000,0.0052,0.9948,0.0000,1.0000,1,0.018909,0.00000674,0.018859,1.283795,0.000000
2010-03-17,,2.5500,2.9600,16.9100,92.0596,47.670000,41.876925,0.129804,-0.096193,1,1,1,1,1,5,5,5,2.9966,2.9966,0.0000,0.0034,0.9966,0.0000,1.0000,1,0.006934,0.00000634,0.006920,1.292679,0.000000
2010-03-18,,2.5300,2.9550,16.6200,91.8114,47.830000,41.933875,0.129275,-0.096719,1,1,1,1,1,5,5,5,2.9977,2.9977,0.0000,0.0023,0.9977,0.0000,1.0000,1,0.010142,0.00000595,0.010134,1.305778,0.000000
2010-03-19,,2.5200,2.9500,16.9700,90.3226,47.490000,41.989675,0.129171,-0.088752,1,1,1,1,1,5,5,5,2.9985,2.9985,0.0000,0.0015,0.9985,0.0000,1.0000,1,-0.017689,0.00000634,-0.017683,1.282689,-0.017683
2010-03-22,,2.4900,2.9500,16.8700,92.0596,47.920000,42.045575,0.127624,-0.089062,1,1,1,1,1,5,5,5,2.9990,2.9990,0.0000,0.0010,0.9990,0.0000,1.0000,1,0.027012,0.00000634,0.027017,1.317342,0.000000
2010-03-23,,2.5000,2.9500,16.3500,92.5558,48.252500,42.102938,0.127246,-0.092612,1,1,1,1,1,5,5,5,2.9993,2.9993,0.0000,0.0007,0.9993,0.0000,1.0000,1,0.021006,0.00000595,0.021000,1.345007,0.000000
2010-03-24,,2.5100,2.9500,17.5500,91.8114,48.020000,42.159688,0.126541,-0.099436,1,1,1,1,1,5,5,5,2.9995,2.9995,0.0000,0.0005,0.9995,0.0000,1.0000,1,-0.014312,0.00000555,-0.014310,1.325761,-0.014310
2010-03-25,,2.4800,2.9500,18.4000,90.0744,47.950000,42.214688,0.125932,-0.102167,1,1,1,1,1,5,5,5,2.9997,2.9997,0.0000,0.0003,0.9997,0.0000,1.0000,1,-0.006262,0.00000555,-0.006263,1.317457,-0.020483
2010-03-26,,2.4700,2.9450,17.7700,90.8189,48.000000,42.270588,0.126306,-0.100199,1,1,1,1,1,5,5,5,2.9998,2.9998,0.0000,0.0002,0.9998,0.0000,1.0000,1,0.005207,0.00000555,0.005206,1.324316,-0.015384
2010-03-29,,2.4900,2.9400,17.5900,91.5633,48.230000,42.327638,0.127035,-0.095497,1,1,1,1,1,5,5,5,2.9999,2.9999,0.0000,0.0001,0.9999,0.0000,1.0000,1,0.013716,0.00000555,0.013715,1.342479,-0.001880
2010-03-30,,2.4900,2.9400,17.1300,91.8114,48.390000,42.386338,0.126618,-0.095068,1,1,1,1,1,5,5,5,2.9999,2.9999,0.0000,0.0001,0.9999,0.0000,1.0000,1,0.010485,0.00000595,0.010485,1.356555,0.000000
2010-03-31,,2.4800,2.9400,17.5900,91.0670,48.160000,42.447638,0.126752,-0.078072,1,1,1,1,1,5,5,5,2.9999,2.9999,0.0000,0.0001,0.9999,0.0000,1.0000,1,-0.013482,0.00000634,-0.013482,1.338266,-0.013482
2010-04-01,,2.4700,2.9350,17.4700,91.5633,48.160000,42.510688,0.127632,-0.057538,1,1,1,1,1,5,5,5,3.0000,3.0000,0.0000,0.0000,1.0000,-0.0000,1.0000,1,-0.001975,0.00000634,-0.001975,1.335623,-0.015430
2010-04-05,,2.4400,2.9300,17.0200,92.0596,48.610000,42.574293,0.127358,-0.065130,1,1,1,1,1,5,5,5,3.0000,3.0000,0.0000,0.0000,1.0000,0.0000,1.0000,1,0.028912,0.00000634,0.028912,1.374239,0.000000
2010-04-06,,2.4300,2.9300,16.2300,91.5633,48.750000,42.638943,0.128108,-0.050603,1,1,1,1,1,5,5,5,3.0000,3.0000,0.0000,0.0000,1.0000,0.0000,1.0000,1,0.007880,0.00000714,0.007880,1.385067,0.000000
2010-04-07,,2.4600,2.9300,16.6200,90.5707,48.630000,42.701293,0.127577,-0.050007,1,1,1,1,1,5,5,5,3.0000,3.0000,0.0000,0.0000,1.0000,0.0000,1.0000,1,-0.005907,0.00000674,-0.005907,1.376886,-0.005907
2010-04-08,,2.4400,2.9300,16.4800,91.0670,48.740000,42.769593,0.126376,-0.068096,1,1,1,1,1,5,5,5,3.0000,3.0000,0.0000,0.0000,1.0000,0.0000,1.0000,1,0.002184,0.00000674,0.002184,1.379893,-0.003736
2010-04-09,,2.4300,2.9300,16.1400,92.3077,49.030000,42.839743,0.126474,-0.073497,1,1,1,1,1,5,5,5,3.0000,3.0000,0.0000,0.0000,1.0000,0.0000,1.0000,1,0.019441,0.00000674,0.019441,1.406720,0.000000
2010-04-12,,2.4300,2.9300,15.5800,92.5558,49.070000,42.907143,0.126608,-0.074429,1,1,1,1,1,5,5,5,3.0000,3.0000,0.0000,0.0000,1.0000,0.0000,1.0000,1,0.004020,0.00000634,0.004020,1.412374,0.000000
2010-04-13,,2.4000,2.9300,16.2000,92.5558,49.320000,42.972293,0.125845,-0.073171,1,1,1,1,1,5,5,5,3.0000,3.0000,0.0000,0.0000,1.0000,-0.0000,1.0000,1,0.015079,0.00000634,0.015079,1.433671,0.000000
2010-04-14,,2.4000,2.9300,15.5900,93.3002,49.910000,43.039988,0.124556,-0.089731,1,1,1,1,1,5,5,5,3.0000,3.0000,0.0000,0.0000,1.0000,-0.0000,1.0000,1,0.035242,0.00000634,0.035242,1.484197,0.000000
2010-04-15,,2.4000,2.9250,15.8900,93.3002,50.130000,43.108388,0.124341,-0.089584,1,1,1,1,1,5,5,5,3.0000,3.0000,0.0000,0.0000,1.0000,0.0000,1.0000,1,0.013375,0.00000634,0.013375,1.504047,0.000000
2010-04-16,,2.4200,2.9200,18.3600,90.8189,49.530000,43.174138,0.124958,-0.083905,1,1,1,1,1,5,5,5,3.0000,3.0000,0.0000,0.0000,1.0000,0.0000,1.0000,1,-0.035596,0.00000634,-0.035596,1.450510,-0.035596
2010-04-19,,2.4300,2.9200,17.3400,90.8189,49.500000,43.239638,0.124614,-0.093268,1,1,1,1,1,5,5,5,3.0000,3.0000,0.0000,0.0000,1.0000,0.0000,1.0000,1,-0.001573,0.00000634,-0.001573,1.448228,-0.037113
2010-04-20,,2.4200,2.9200,15.7300,92.5558,49.750000,43.310388,0.125083,-0.092774,1,1,1,1,1,5,5,5,3.0000,3.0000,0.0000,0.0000,1.0000,0.0000,1.0000,1,0.014785,0.00000634,0.014785,1.469640,-0.022877
2010-04-21,,2.4000,2.9200,16.3200,92.0596,50.030000,43.383488,0.125435,-0.090880,1,1,1,1,1,5,5,5,3.0000,3.0000,0.0000,0.0000,1.0000,-0.0000,1.0000,1,0.017518,0.00000634,0.017518,1.495386,-0.005759
2010-04-22,,2.3800,2.9200,16.4700,91.5633,50.310000,43.462388,0.125475,-0.099495,1,1,1,1,1,5,5,5,3.0000,3.0000,0.0000,0.0000,1.0000,0.0000,1.0000,1,0.014884,0.00000595,0.014884,1.517643,0.000000
2010-04-23,,2.3800,2.9200,16.6200,92.3077,50.520000,43.541438,0.125644,-0.086722,1,1,1,1,1,5,5,5,3.0000,3.0000,0.0000,0.0000,1.0000,0.0000,1.0000,1,0.013238,0.00000634,0.013238,1.537734,0.000000
2010-04-26,,2.3700,2.9200,17.4700,91.0670,50.410000,43.619638,0.125670,-0.092157,1,1,1,1,1,5,5,5,3.0000,3.0000,0.0000,0.0000,1.0000,0.0000,1.0000,1,-0.007432,0.00000634,-0.007432,1.526305,-0.007432
2010-04-27,,2.3800,2.9150,22.8100,86.6005,49.340000,43.691738,0.125924,-0.093244,1,0,1,1,1,4,3,5,3.0000,3.0000,0.0000,0.0000,1.0000,0.0000,1.0000,1,-0.061718,0.00000634,-0.061718,1.432105,-0.068692
2010-04-28,,2.3900,2.9100,21.0800,89.0819,49.370000,43.760638,0.126864,-0.075448,1,0,1,1,1,4,3,4,2.8000,2.8045,0.0000,0.1955,0.8045,0.0000,1.0000,1,0.002352,0.00000634,-0.003364,1.427288,-0.071824
2010-04-29,,2.3800,2.9100,18.4400,90.3226,50.230000,43.833188,0.125396,-0.083240,1,1,1,1,1,5,5,4,2.6667,2.6694,0.0000,0.3306,0.6694,0.0000,1.0000,1,0.051041,0.00000634,0.045838,1.492712,-0.029278
2010-04-30,,2.3700,2.9100,22.0500,88.5856,49.237500,43.894775,0.128101,-0.058592,1,0,1,1,1,4,3,5,2.7778,2.7741,0.0000,0.2259,0.7741,0.0000,1.0000,1,-0.058927,0.00000674,-0.054335,1.411606,-0.082022
2010-05-03,,2.3800,2.9050,20.1900,89.3300,49.930000,43.959375,0.128085,-0.066480,1,0,1,1,1,4,3,4,2.6519,2.6613,0.0000,0.3387,0.6613,0.0000,1.0000,1,0.040840,0.00000634,0.032744,1.457827,-0.051964
2010-05-04,,2.3700,2.9000,23.8400,84.1191,48.430000,44.013725,0.128914,-0.054101,1,0,1,1,1,4,3,4,2.5679,2.5635,0.0000,0.4365,0.5635,0.0000,1.0000,1,-0.088407,0.00000674,-0.077315,1.345115,-0.125262
2010-05-05,,2.3800,2.8950,24.9100,83.3747,48.180000,44.065025,0.128788,-0.050386,1,0,1,1,1,4,3,4,2.5119,2.5340,0.0000,0.4660,0.5340,0.0000,1.0000,1,-0.016433,0.00000634,-0.016089,1.323473,-0.139336
2010-05-06,,2.4000,2.8900,32.8000,74.1935,46.570000,44.106975,0.129536,-0.040209,1,0,1,1,1,4,3,4,2.4746,2.4682,0.0000,0.5318,0.4682,0.0000,1.0000,1,-0.097966,0.00000595,-0.081881,1.215106,-0.209808
2010-05-07,,2.4100,2.8900,40.9500,68.9826,45.410000,44.141525,0.130730,-0.027890,1,0,1,1,1,4,3,4,2.4497,2.4666,0.0000,0.5334,0.4666,0.0000,1.0000,1,-0.072773,0.00000436,-0.058902,1.143533,-0.256352
2010-05-10,,2.5500,2.8900,28.8400,80.1489,47.770000,44.183625,0.129132,-0.036918,1,0,1,1,1,4,3,4,2.4332,2.4268,0.0000,0.5732,0.4268,0.0000,1.0000,1,0.149152,0.00000516,0.123791,1.285092,-0.164295
2010-05-11,,2.5300,2.8850,28.3200,80.1489,47.720000,44.226975,0.129782,-0.028530,1,0,1,1,1,4,3,4,2.4221,2.4248,0.0000,0.5752,0.4248,0.0000,1.0000,1,-0.000660,0.00000634,-0.000935,1.283890,-0.165077
2010-05-12,,2.5800,2.8800,25.5200,83.6228,48.620000,44.273325,0.129045,-0.036048,1,0,1,1,1,4,3,4,2.4147,2.4177,0.0000,0.5823,0.4177,0.0000,1.0000,1,0.053881,0.00000634,0.044149,1.340572,-0.128216
2010-05-13,,2.6100,2.8750,26.6800,79.1563,47.850000,44.317175,0.130043,-0.018486,1,0,1,1,1,4,3,4,2.4098,2.4000,0.0000,0.6000,0.4000,0.0000,1.0000,1,-0.045206,0.00000634,-0.036489,1.291657,-0.160026
2010-05-14,,2.6000,2.8700,31.2400,74.9380,46.930000,44.355125,0.131399,-0.007107,1,0,1,1,1,4,3,4,2.4066,2.4142,0.0000,0.5858,0.4142,0.0000,1.0000,1,-0.061534,0.00000634,-0.046816,1.231186,-0.199351
2010-05-17,,2.5900,2.8650,30.8400,76.1787,47.080000,44.392675,0.131505,-0.018227,1,0,1,1,1,4,3,4,2.4044,2.4047,0.0000,0.5953,0.4047,0.0000,1.0000,1,0.013215,0.00000634,0.009359,1.242708,-0.191858
2010-05-18,,2.5900,2.8600,33.5500,73.2010,46.430000,44.427575,0.131984,-0.008790,1,0,1,1,1,4,3,4,2.4029,2.3982,0.0000,0.6018,0.3982,0.0000,1.0000,1,-0.037937,0.00000634,-0.031721,1.203288,-0.217493
2010-05-19,,2.6100,2.8600,35.3200,70.2233,46.060000,44.457675,0.131398,-0.018778,1,0,1,1,1,4,3,4,2.4019,2.4110,0.0000,0.5890,0.4110,0.0000,1.0000,1,-0.026393,0.00000674,-0.020563,1.178545,-0.233583
2010-05-20,,2.6500,2.8600,45.7900,52.1092,44.350000,44.479225,0.132462,-0.002343,1,0,1,0,1,3,1,4,2.4013,2.3990,0.0000,0.6010,0.3990,0.0000,1.0000,1,-0.101150,0.00000674,-0.084057,1.079481,-0.298006
2010-05-21,,2.7400,2.8600,40.1000,58.4158,44.840000,44.504775,0.131146,-0.011485,1,0,1,1,1,4,3,3,2.2009,2.2226,0.0000,0.7774,0.2226,0.0000,1.0000,1,0.007746,0.00000674,-0.008404,1.070409,-0.303905
2010-05-24,,2.7600,2.8600,38.3200,53.7129,44.660000,44.531175,0.131743,0.001456,1,0,1,1,0,3,1,4,2.2672,2.2693,0.0000,0.7307,0.2693,0.0000,1.0000,1,0.008268,0.00000674,-0.002727,1.067491,-0.305803
2010-05-25,,2.7900,2.8600,34.6100,51.7327,44.700000,44.555275,0.130776,-0.009615,1,0,1,1,1,4,3,3,2.1115,2.1139,0.0000,0.8861,0.1139,0.0000,1.0000,1,-0.007047,0.00000674,-0.003885,1.063343,-0.308500
2010-05-26,,2.8100,2.8600,35.0200,50.9901,44.200000,44.578275,0.131333,-0.005760,1,0,1,0,1,3,1,4,2.2077,2.2062,0.0000,0.7938,0.2062,0.0000,1.0000,1,-0.030937,0.00000674,-0.025882,1.035822,-0.326397
2010-05-27,,2.8700,2.8600,29.6800,64.3564,45.870000,44.611325,0.129695,-0.015679,0,0,1,1,1,3,1,3,2.0718,2.0724,0.0000,0.9276,0.0724,0.0000,1.0000,1,0.108259,0.00000674,0.082409,1.121183,-0.270886
2010-05-28,,2.8900,2.8600,32.0700,60.3960,45.600000,44.639975,0.131299,-0.002644,0,0,1,1,1,3,1,3,1.9812,1.9824,0.0176,0.9824,0.0000,0.0000,1.0000,1,-0.017437,0.00000674,-0.007405,1.112881,-0.276285
2010-06-01,,2.8900,2.8600,35.5400,50.9901,45.180000,44.665425,0.130603,-0.003686,0,0,1,1,1,3,1,3,1.9208,1.9203,0.0797,0.9203,0.0000,0.0000,1.0000,1,-0.024247,0.00000634,-0.017656,1.093232,-0.289063
2010-06-02,,2.9200,2.8600,30.1700,60.6436,46.250000,44.698525,0.129974,-0.008244,0,0,1,1,1,3,1,3,1.8805,1.8824,0.1176,0.8824,0.0000,0.0000,1.0000,1,0.070372,0.00000634,0.045252,1.142703,-0.256892
2010-06-03,,2.9100,2.8600,29.4600,62.8713,46.690000,44.739575,0.130882,0.001345,0,0,1,1,0,2,-1,3,1.8537,1.8544,0.1456,0.8544,0.0000,0.0000,1.0000,1,0.025959,0.00000634,0.016817,1.161920,-0.244395
2010-06-04,,2.9200,2.8600,35.4800,48.7624,45.092500,44.769888,0.131612,0.010330,0,0,0,1,0,1,-3,2,1.6358,1.6329,0.3671,0.6329,0.0000,0.0000,1.0000,1,-0.098745,0.00000555,-0.058961,1.093412,-0.288946
2010-06-07,,2.9500,2.8600,36.5700,40.5941,44.270000,44.794738,0.134089,0.028329,0,0,0,0,0,0,-5,1,1.2905,1.2856,0.7144,0.2856,0.0000,0.0000,1.0000,1,-0.057977,0.00000555,-0.022904,1.068369,-0.305232
2010-06-08,,3.0000,2.8600,33.7000,44.0594,44.190000,44.816888,0.134403,0.037019,0,0,0,0,0,0,-5,0,0.8604,0.8599,0.8599,0.0000,0.0000,0.1401,0.8599,1,-0.005573,0.00000476,-0.000870,1.067440,-0.305836
2010-06-09,,2.9900,2.8600,33.7300,42.8218,43.820000,44.834538,0.134371,0.033325,0,0,0,0,0,0,-5,0,0.5736,0.5699,0.5699,0.0000,0.0000,0.4301,0.5699,1,-0.022054,0.00000476,-0.002972,1.064267,-0.307899
2010-06-10,,3.0000,2.8600,30.5700,54.7030,45.070000,44.858638,0.133898,0.027052,0,0,1,1,0,2,-1,0,0.3824,0.3860,0.3860,0.0000,0.0000,0.6140,0.3860,1,0.082971,0.00000397,0.013277,1.078398,-0.298710
2010-06-11,,3.0100,2.8600,28.7900,57.4257,45.500000,44.884288,0.133206,0.024549,0,0,1,1,0,2,-1,2,0.6549,0.6593,0.6593,0.0000,0.0000,0.3407,0.6593,1,0.026115,0.00000397,0.008898,1.087994,-0.292470
2010-06-14,,3.0400,2.8600,28.5800,57.6733,45.490000,44.910238,0.133933,0.033732,0,0,1,1,0,2,-1,2,0.8366,0.8354,0.8354,0.0000,0.0000,0.1646,0.8354,1,0.000560,0.00000317,-0.001792,1.086044,-0.293738
2010-06-15,,3.0600,2.8600,25.8700,65.5941,46.710000,44.941788,0.133750,0.034233,0,0,1,1,0,2,-1,2,0.9577,0.9586,0.9586,0.0000,0.0000,0.0414,0.9586,1,0.073052,0.00000278,0.025053,1.113252,-0.276044
2010-06-16,,3.0500,2.8600,25.9200,64.8515,46.900000,44.974088,0.134646,0.052837,0,0,1,1,0,2,-1,2,1.0385,1.0388,0.9612,0.0388,0.0000,0.0000,1.0000,1,0.020152,0.00000357,0.004462,1.118219,-0.272814
2010-06-17,,3.0700,2.8600,25.0500,65.3465,47.050000,45.009188,0.135423,0.061370,0,0,1,1,0,2,-1,2,1.0923,1.0922,0.9078,0.0922,0.0000,0.0000,1.0000,1,0.010030,0.00000397,0.003208,1.121806,-0.270481
2010-06-18,,3.0400,2.8600,23.9500,64.8515,47.000000,45.047788,0.134611,0.060991,0,0,1,1,0,2,-1,2,1.1282,1.1282,0.8718,0.1282,0.0000,0.0000,1.0000,1,0.002736,0.00000357,-0.000728,1.120990,-0.271012
2010-06-21,,3.0400,2.8600,24.8800,63.6139,46.600000,45.084538,0.134010,0.061258,0,0,1,1,0,2,-1,2,1.1521,1.1500,0.8500,0.1500,0.0000,0.0000,1.0000,1,-0.026277,0.00000436,-0.009670,1.110150,-0.278061
2010-06-22,,3.0200,2.8600,27.0500,56.6832,46.240000,45.118188,0.132929,0.049281,0,0,1,1,0,2,-1,2,1.1681,1.1664,0.8336,0.1664,0.0000,0.0000,1.0000,1,-0.023662,0.00000476,-0.009767,1.099307,-0.285112
2010-06-23,,3.0400,2.8600,26.9100,56.9307,46.050000,45.146638,0.132152,0.037503,0,0,1,1,0,2,-1,2,1.1787,1.1781,0.8219,0.1781,0.0000,0.0000,1.0000,1,-0.013393,0.00000516,-0.004631,1.094217,-0.288423
2010-06-24,,3.0500,2.8600,29.7400,48.0198,45.350000,45.169688,0.133681,0.051036,0,0,0,1,0,1,-3,2,1.1858,1.1841,0.8159,0.1841,0.0000,0.0000,1.0000,1,-0.048487,0.00000516,-0.018272,1.074224,-0.301424
2010-06-25,,3.0800,2.8600,28.5300,52.2277,45.270000,45.190588,0.133683,0.050409,0,0,1,1,0,2,-1,1,0.9905,0.9905,0.9905,0.0000,0.0000,0.0095,0.9905,1,-0.000678,0.00000516,-0.001149,1.072990,-0.302227
2010-06-28,,3.0900,2.8600,29.0000,50.2475,45.110000,45.208738,0.135104,0.053431,0,0,1,0,0,1,-3,2,1.0604,1.0601,0.9399,0.0601,0.0000,0.0000,1.0000,1,-0.008955,0.00000516,-0.003809,1.068903,-0.304885
2010-06-29,,3.1000,2.8600,34.1300,37.6238,43.370000,45.217988,0.136455,0.062681,0,0,0,0,0,0,-5,1,0.9069,0.9049,0.9049,0.0000,0.0000,0.0951,0.9049,1,-0.111591,0.00000674,-0.037304,1.029028,-0.330815
2010-06-30,,3.1200,2.8600,34.5400,34.4059,42.710000,45.223138,0.136698,0.058142,0,0,0,0,0,0,-5,0,0.6046,0.6017,0.6017,0.0000,0.0000,0.3983,0.6017,1,-0.049421,0.00000595,-0.010231,1.018500,-0.337662
2010-07-01,,3.0800,2.8600,32.8600,32.9208,42.590000,45.227038,0.136921,0.063589,0,0,0,0,0,0,-5,0,0.4031,0.4018,0.4018,0.0000,0.0000,0.5982,0.4018,1,-0.009748,0.00000714,-0.000656,1.017833,-0.338096
2010-07-02,,3.0200,2.8600,30.1200,29.4554,42.470000,45.227288,0.137721,0.077243,0,0,0,0,0,0,-5,0,0.2687,0.2678,0.2678,0.0000,0.0000,0.7322,0.2678,1,-0.005471,0.00000674,-0.000528,1.017295,-0.338446
2010-07-06,,3.0400,2.8600,29.6500,30.4455,42.600000,45.228238,0.138524,0.081984,0,0,0,0,0,0,-5,0,0.1791,0.1775,0.1775,0.0000,0.0000,0.8225,0.1775,1,0.005226,0.00000674,0.001851,1.019178,-0.337221
2010-07-07,,3.0500,2.8600,26.8400,40.5941,43.960000,45.235838,0.138397,0.082518,0,0,0,0,0,0,-5,0,0.1194,0.1224,0.1224,0.0000,0.0000,0.8776,0.1224,1,0.094498,0.00000674,0.003988,1.023242,-0.334578
2010-07-08,,3.0800,2.8600,25.7100,45.0495,44.200000,45.243988,0.138158,0.087497,0,0,0,0,0,0,-5,0,0.0796,0.0794,0.0794,0.0000,0.0000,0.9206,0.0794,1,0.016871,0.00000634,0.000773,1.024033,-0.334063
2010-07-09,,3.0700,2.8600,24.9800,48.5149,44.620000,45.253838,0.138014,0.096249,0,0,0,0,0,0,-5,0,0.0531,0.0536,0.0536,0.0000,0.0000,0.9464,0.0536,1,0.028019,0.00000595,0.000493,1.024538,-0.333735
2010-07-12,,3.0700,2.8600,24.4300,47.5248,44.750000,45.265338,0.138387,0.100596,0,0,0,0,0,0,-5,0,0.0354,0.0355,0.0355,0.0000,0.0000,0.9645,0.0355,1,0.011356,0.00000634,0.000089,1.024630,-0.333676
2010-07-13,,3.0500,2.8600,24.5600,57.4257,45.330000,45.281638,0.136878,0.087636,0,0,1,1,0,2,-1,0,0.0236,0.0237,0.0237,0.0000,0.0000,0.9763,0.0237,1,0.034156,0.00000634,0.000410,1.025050,-0.333403
2010-07-14,,3.0300,2.8600,24.8900,56.1881,45.560000,45.300938,0.136889,0.090151,0,0,1,1,0,2,-1,2,0.4157,0.4165,0.4165,0.0000,0.0000,0.5835,0.4165,1,0.015996,0.00000595,0.001256,1.026337,-0.332566
2010-07-15,,3.0200,2.8600,25.1400,56.4356,45.600000,45.316888,0.137628,0.091000,0,0,1,1,0,2,-1,2,0.6772,0.6778,0.6778,0.0000,0.0000,0.3222,0.6778,1,0.003490,0.00000595,0.001063,1.027428,-0.331856
2010-07-16,,3.0200,2.8600,26.2500,45.0495,44.340000,45.327488,0.139181,0.096868,0,0,0,0,0,0,-5,2,0.8514,0.8483,0.8483,0.0000,0.0000,0.1517,0.8483,1,-0.080485,0.00000595,-0.022991,1.003806,-0.347217
2010-07-19,,3.0400,2.8600,25.9700,47.5248,44.720000,45.339838,0.140434,0.105714,0,0,0,0,0,0,-5,0,0.5676,0.5689,0.5689,0.0000,0.0000,0.4311,0.5689,1,0.022549,0.00000595,0.005757,1.009585,-0.343459
2010-07-20,,3.0400,2.8600,23.9300,50.9901,45.260000,45.361138,0.140118,0.102590,0,0,1,0,0,1,-3,0,0.3784,0.3851,0.3851,0.0000,0.0000,0.6149,0.3851,1,0.031597,0.00000674,0.001544,1.011143,-0.342446
2010-07-21,,2.9900,2.8600,25.6400,46.7822,44.640000,45.379938,0.139993,0.100561,0,0,0,0,0,0,-5,1,0.4523,0.4462,0.4462,0.0000,0.0000,0.5538,0.4462,1,-0.035018,0.00000634,-0.006859,1.004208,-0.346956
2010-07-22,,2.9800,2.8600,24.6300,55.6931,45.770000,45.402738,0.139136,0.096479,0,0,1,1,0,2,-1,0,0.3015,0.3039,0.3039,0.0000,0.0000,0.6961,0.3039,1,0.067423,0.00000634,0.009557,1.013805,-0.340715
2010-07-23,,2.9700,2.8600,23.4700,60.9877,46.060000,45.423338,0.138043,0.081495,0,0,1,1,0,2,-1,2,0.6010,0.6041,0.6041,0.0000,0.0000,0.3959,0.6041,1,0.026031,0.00000634,0.005735,1.019620,-0.336934
2010-07-26,,2.9500,2.8600,22.7300,64.9383,46.440000,45.445238,0.137549,0.089467,0,0,1,1,0,2,-1,2,0.8007,0.8018,0.8018,0.0000,0.0000,0.1982,0.8018,1,0.021978,0.00000634,0.006310,1.026053,-0.332750
2010-07-27,,2.9200,2.8600,23.1900,63.2099,46.420000,45.466138,0.139808,0.085773,0,0,1,1,0,2,-1,2,0.9338,0.9335,0.9335,0.0000,0.0000,0.0665,0.9335,1,-0.000214,0.00000634,-0.001076,1.024949,-0.333468
2010-07-28,,2.9000,2.8600,24.2500,59.5062,46.050000,45.483988,0.139989,0.085590,0,0,1,1,0,2,-1,2,1.0225,1.0224,0.9776,0.0224,0.0000,0.0000,1.0000,1,-0.020441,0.00000595,-0.008070,1.016678,-0.338847
2010-07-29,,2.9200,2.8600,24.1300,58.5185,45.710000,45.499688,0.138499,0.069772,0,0,1,1,0,2,-1,2,1.0817,1.0803,0.9197,0.0803,0.0000,0.0000,1.0000,1,-0.023817,0.00000595,-0.008638,1.007896,-0.344558
2010-07-30,,2.9200,2.8600,23.5000,58.2716,45.810000,45.515838,0.137707,0.065375,0,0,1,1,0,2,-1,2,1.1211,1.1222,0.8778,0.1222,0.0000,-0.0000,1.0000,1,0.006829,0.00000595,0.002809,1.010727,-0.342717
2010-08-02,,2.9100,2.8600,22.0100,66.1728,46.670000,45.533388,0.137460,0.061078,0,0,1,1,0,2,-1,2,1.1474,1.1517,0.8483,0.1517,0.0000,0.0000,1.0000,1,0.053801,0.00000595,0.021862,1.032824,-0.328347
2010-08-03,,2.9000,2.8600,22.6300,63.9506,46.470000,45.550438,0.137567,0.052741,0,0,1,1,0,2,-1,2,1.1649,1.1646,0.8354,0.1646,0.0000,0.0000,1.0000,1,-0.010337,0.00000634,-0.004785,1.027882,-0.331561
2010-08-04,,2.9200,2.8600,22.2100,66.4198,46.938000,45.571228,0.136915,0.058623,0,0,1,1,0,2,-1,2,1.1766,1.1775,0.8225,0.1775,0.0000,0.0000,1.0000,1,0.028884,0.00000634,0.011736,1.039945,-0.323716
2010-08-05,,2.9000,2.8600,22.1000,66.4198,46.830000,45.589328,0.137040,0.054501,0,0,1,1,0,2,-1,2,1.1844,1.1848,0.8152,0.1848,0.0000,0.0000,1.0000,1,-0.005903,0.00000634,-0.002722,1.037114,-0.325557
2010-08-06,,2.9300,2.8600,21.7400,66.1728,46.760000,45.607028,0.137866,0.065418,0,0,1,1,0,2,-1,2,1.1896,1.1911,0.8089,0.1911,0.0000,0.0000,1.0000,1,-0.004690,0.00000595,-0.001782,1.035266,-0.326759
2010-08-09,,2.9400,2.8600,22.1400,66.6667,47.080000,45.626728,0.137620,0.056756,0,0,1,1,0,2,-1,2,1.1931,1.1932,0.8068,0.1932,0.0000,0.0000,1.0000,1,0.017485,0.00000595,0.007992,1.043540,-0.321378
2010-08-10,,2.9500,2.8600,22.3700,64.6914,46.672500,45.643540,0.139108,0.057893,0,0,1,1,0,2,-1,2,1.1954,1.1981,0.8019,0.1981,0.0000,0.0000,1.0000,1,-0.021199,0.00000595,-0.006706,1.036542,-0.325929
2010-08-11,,3.0500,2.8600,25.3900,52.3457,45.400000,45.654890,0.140210,0.063497,0,0,1,0,0,1,-3,2,1.1969,1.1951,0.8049,0.1951,0.0000,0.0000,1.0000,1,-0.082315,0.00000595,-0.036005,0.999221,-0.350199
2010-08-12,,3.0300,2.8600,25.7300,49.3827,45.040000,45.665140,0.140838,0.064816,0,0,0,0,0,0,-5,1,0.9979,0.9980,0.9980,0.0000,0.0000,0.0020,0.9980,1,-0.028185,0.00000595,-0.011880,0.987351,-0.357918
2010-08-13,,3.0400,2.8600,26.2400,48.3951,44.720000,45.677040,0.141669,0.075756,0,0,0,0,0,0,-5,0,0.6653,0.6646,0.6646,0.0000,0.0000,0.3354,0.6646,1,-0.019922,0.00000634,-0.006049,0.981379,-0.361802
2010-08-16,,3.0500,2.8600,26.1000,48.3951,44.800000,45.694090,0.141864,0.071455,0,0,0,0,0,0,-5,0,0.4435,0.4452,0.4452,0.0000,0.0000,0.5548,0.4452,1,0.005653,0.00000595,-0.000331,0.981054,-0.362013
2010-08-17,,3.0000,2.8600,24.3300,54.8148,45.372000,45.710500,0.141423,0.078714,0,0,1,0,0,1,-3,0,0.2957,0.2968,0.2968,0.0000,0.0000,0.7032,0.2968,1,0.038037,0.00000634,0.004810,0.985773,-0.358945
2010-08-18,,2.9900,2.8600,24.5900,55.8025,45.550000,45.733450,0.140404,0.067017,0,0,1,0,0,1,-3,1,0.3971,0.3984,0.3984,0.0000,0.0000,0.6016,0.3984,1,0.008986,0.00000674,0.001704,0.987453,-0.357852
2010-08-19,,2.9400,2.8600,26.4400,47.4074,44.860000,45.752100,0.140906,0.077503,0,0,0,0,0,0,-5,1,0.4648,0.4624,0.4624,0.0000,0.0000,0.5376,0.4624,1,-0.036773,0.00000634,-0.006672,0.980864,-0.362137
2010-08-20,,2.9300,2.8600,25.4900,47.9012,44.920000,45.770400,0.141656,0.078861,0,0,0,0,0,0,-5,0,0.3098,0.3104,0.3104,0.0000,0.0000,0.6896,0.3104,1,-0.003437,0.00000634,0.000184,0.981045,-0.362019
2010-08-23,,2.9000,2.8600,25.6600,44.4444,44.480000,45.786150,0.143018,0.099358,0,0,0,0,0,0,-5,0,0.2066,0.2038,0.2038,0.0000,0.0000,0.7962,0.2038,1,-0.027596,0.00000595,-0.001259,0.979809,-0.362823
2010-08-24,,2.9400,2.8600,27.4600,38.2716,43.650000,45.792650,0.145563,0.104826,0,0,0,0,0,0,-5,0,0.1377,0.1368,0.1368,0.0000,0.0000,0.8632,0.1368,1,-0.057379,0.00000634,-0.003300,0.976576,-0.364925
2010-08-25,,2.9500,2.8600,26.7000,40.0000,44.070000,45.800000,0.144893,0.107794,0,0,0,0,0,0,-5,0,0.0918,0.0932,0.0932,0.0000,0.0000,0.9068,0.0932,1,0.029982,0.00000634,0.000580,0.977143,-0.364557
2010-08-26,,2.9400,2.8600,27.3700,38.0247,43.540000,45.800150,0.145206,0.111776,0,0,0,0,0,0,-5,0,0.0612,0.0603,0.0603,0.0000,0.0000,0.9397,0.0603,1,-0.032637,0.00000634,-0.000617,0.976539,-0.364949
2010-08-27,,2.9500,2.8600,24.4500,45.6790,44.070000,45.802400,0.145705,0.109310,0,0,0,0,0,0,-5,0,0.0408,0.0410,0.0410,0.0000,0.0000,0.9590,0.0410,1,0.033083,0.00000634,0.000641,0.977165,-0.364542
2010-08-30,,2.9600,2.8600,27.2100,38.0247,43.610000,45.800950,0.145616,0.104906,0,0,0,0,0,0,-5,0,0.0272,0.0270,0.0270,0.0000,0.0000,0.9730,0.0270,1,-0.032527,0.00000595,-0.000344,0.976829,-0.364761
2010-08-31,,2.9900,2.8600,26.0500,38.9163,43.460000,45.800000,0.146282,0.090784,0,0,0,0,0,0,-5,0,0.0181,0.0182,0.0182,0.0000,0.0000,0.9818,0.0182,1,-0.004824,0.00000555,-0.000104,0.976727,-0.364827
2010-09-01,,3.0100,2.8600,23.8900,50.2463,44.760000,45.803750,0.145123,0.081137,0,0,1,0,0,1,-3,0,0.0121,0.0123,0.0123,0.0000,0.0000,0.9877,0.0123,1,0.083815,0.00000555,0.000453,0.977170,-0.364539
2010-09-02,,3.0100,2.8600,23.1900,53.4483,45.260000,45.807750,0.143784,0.072312,0,0,1,0,0,1,-3,1,0.2081,0.2096,0.2096,0.0000,0.0000,0.7904,0.2096,1,0.034317,0.00000516,0.001937,0.979062,-0.363309
2010-09-03,,3.0200,2.8600,21.3100,57.9853,46.010000,45.814800,0.142574,0.065824,0,0,1,1,0,2,-1,1,0.3387,0.3401,0.3401,0.0000,0.0000,0.6599,0.3401,1,0.050934,0.00000555,0.004234,0.983207,-0.360613
2010-09-07,,2.9700,2.8600,23.8000,53.0713,45.700000,45.821535,0.143470,0.077025,0,0,1,0,0,1,-3,2,0.6258,0.6252,0.6252,0.0000,0.0000,0.3748,0.6252,1,-0.024344,0.00000555,-0.003094,0.980165,-0.362592
2010-09-08,,2.9600,2.8600,23.2500,55.5283,46.250000,45.834485,0.141984,0.060568,0,0,1,1,0,2,-1,1,0.6172,0.6193,0.6193,0.0000,0.0000,0.3807,0.6193,1,0.035320,0.00000555,0.007447,0.987463,-0.357845
2010-09-09,,2.9500,2.8600,22.8100,57.0025,46.430000,45.849435,0.142445,0.064383,0,0,1,1,0,2,-1,2,0.8115,0.8107,0.8107,0.0000,0.0000,0.1893,0.8107,1,0.013645,0.00000555,0.001432,0.988878,-0.356926
2010-09-10,,2.9600,2.8600,21.9900,58.7224,46.600000,45.861735,0.141009,0.047055,0,0,1,1,0,2,-1,2,0.9410,0.9411,0.9411,0.0000,0.0000,0.0589,0.9411,1,0.009772,0.00000555,0.003279,0.992121,-0.354817
2010-09-13,,2.9400,2.8600,21.2100,62.6536,47.250000,45.878035,0.140082,0.034580,0,0,1,1,0,2,-1,2,1.0273,1.0281,0.9719,0.0281,0.0000,0.0000,1.0000,1,0.043974,0.00000555,0.014318,1.006326,-0.345579
2010-09-14,,2.9700,2.8600,21.5600,63.8821,47.450000,45.894385,0.139870,0.039386,0,0,1,1,0,2,-1,2,1.0849,1.0873,0.9127,0.0873,0.0000,0.0000,1.0000,1,0.012734,0.00000595,0.006132,1.012497,-0.341566
2010-09-15,,2.9700,2.8600,22.1000,64.6192,47.750000,45.915585,0.138663,0.035245,0,0,1,1,0,2,-1,2,1.1233,1.1244,0.8756,0.1244,0.0000,0.0000,1.0000,1,0.017506,0.00000595,0.007279,1.019867,-0.336773
2010-09-16,,3.0000,2.8600,21.7200,63.8821,47.940000,45.937485,0.138080,0.039987,0,0,1,1,0,2,-1,2,1.1488,1.1506,0.8494,0.1506,0.0000,-0.0000,1.0000,1,0.013613,0.00000595,0.004790,1.024752,-0.333596
2010-09-17,,3.0200,2.8600,22.0100,64.8649,47.995000,45.957410,0.137123,0.038738,0,0,1,1,0,2,-1,2,1.1659,1.1684,0.8316,0.1684,0.0000,0.0000,1.0000,1,0.010647,0.00000634,0.002249,1.027056,-0.332098
2010-09-20,,3.0300,2.8600,21.5000,69.2875,48.829900,45.981210,0.136853,0.025230,0,0,1,1,0,2,-1,2,1.1773,1.1812,0.8188,0.1812,0.0000,0.0000,1.0000,1,0.052097,0.00000634,0.020612,1.048226,-0.318331
2010-09-21,,3.0200,2.8600,22.3500,68.0590,48.820000,46.005860,0.136559,0.022737,0,0,1,1,0,2,-1,2,1.1848,1.1900,0.8100,0.1900,0.0000,0.0000,1.0000,1,-0.003151,0.00000674,0.000120,1.048352,-0.318249
2010-09-22,,3.0500,2.8600,22.5100,66.8305,48.690000,46.028710,0.138027,0.022825,0,0,1,1,0,2,-1,2,1.1899,1.1887,0.8113,0.1887,0.0000,0.0000,1.0000,1,-0.004744,0.00000674,-0.003192,1.045006,-0.320425
2010-09-23,,3.0500,2.8600,23.8700,62.8993,48.670000,46.052510,0.137647,0.009427,0,0,1,1,0,2,-1,2,1.1933,1.1913,0.8087,0.1913,0.0000,0.0000,1.0000,1,-0.002993,0.00000634,-0.000513,1.044470,-0.320773
2010-09-24,,3.0400,2.8600,21.7100,70.7617,49.660000,46.082600,0.136997,0.002431,0,0,1,1,0,2,-1,2,1.1955,1.2003,0.7997,0.2003,0.0000,0.0000,1.0000,1,0.056626,0.00000634,0.024402,1.069957,-0.304199
2010-09-27,,3.0500,2.8650,22.5400,69.2875,49.390000,46.109150,0.137919,0.008105,0,0,1,1,0,2,-1,2,1.1970,1.2025,0.7975,0.2025,0.0000,0.0000,1.0000,1,-0.011447,0.00000595,-0.006434,1.063073,-0.308676
2010-09-28,,3.0400,2.8700,22.6000,71.0074,49.370000,46.134500,0.137896,0.001426,0,0,1,1,0,2,-1,2,1.1980,1.1968,0.8032,0.1968,0.0000,0.0000,1.0000,1,0.002512,0.00000634,0.000055,1.063131,-0.308638
2010-09-29,,3.0600,2.8750,23.2500,70.7617,49.290000,46.160300,0.137503,-0.008202,0,0,1,1,1,3,1,2,1.1987,1.1982,0.8018,0.1982,0.0000,-0.0000,1.0000,1,-0.008055,0.00000634,-0.002361,1.060621,-0.310270
2010-09-30,,3.0600,2.8850,23.7000,69.7789,49.070000,46.182900,0.137475,-0.007170,0,0,1,1,1,3,1,3,1.3991,1.3982,0.6018,0.3982,0.0000,0.0000,1.0000,1,-0.013540,0.00000634,-0.006280,1.053960,-0.314602
2010-10-01,,3.0500,2.8900,22.5000,71.0074,49.010000,46.206450,0.137716,-0.003422,0,0,1,1,1,3,1,3,1.5327,1.5320,0.4680,0.5320,0.0000,0.0000,1.0000,1,-0.003109,0.00000634,-0.002079,1.051769,-0.316027
2010-10-04,,3.0700,2.8900,23.5300,68.5504,48.480000,46.227050,0.138430,0.003173,0,0,1,1,0,2,-1,3,1.6218,1.6181,0.3819,0.6181,0.0000,0.0000,1.0000,1,-0.034693,0.00000634,-0.018125,1.032706,-0.328424
2010-10-05,,3.1000,2.8900,21.7600,75.1843,49.660000,46.256250,0.137194,-0.009263,0,0,1,1,1,3,1,2,1.4812,1.4842,0.5158,0.4842,0.0000,0.0000,1.0000,1,0.074445,0.00000516,0.037210,1.071132,-0.303435
2010-10-06,,3.1100,2.8900,21.4900,73.4644,49.230000,46.280100,0.136560,-0.002459,0,0,1,1,1,3,1,3,1.5875,1.5966,0.4034,0.5966,0.0000,0.0000,1.0000,1,-0.026283,0.00000476,-0.007884,1.062688,-0.308926
2010-10-07,,3.1300,2.8900,21.5600,73.2187,49.410000,46.302350,0.136983,0.000730,0,0,1,1,0,2,-1,3,1.6583,1.6560,0.3440,0.6560,0.0000,0.0000,1.0000,1,0.010633,0.00000516,0.004051,1.066993,-0.306127
2010-10-08,,3.1800,2.8900,20.7100,75.1843,49.750000,46.324950,0.136608,-0.007869,0,0,1,1,1,3,1,2,1.5055,1.5083,0.4917,0.5083,0.0000,0.0000,1.0000,1,0.021042,0.00000516,0.008643,1.076215,-0.300130
2010-10-11,,3.2100,2.8900,18.9600,75.1843,49.770000,46.346000,0.136562,-0.020574,0,1,1,1,1,4,3,3,1.6037,1.6073,0.3927,0.6073,0.0000,0.0000,1.0000,1,0.001146,0.00000476,0.003164,1.079620,-0.297915
2010-10-12,,3.2100,2.8900,18.9300,76.1671,50.110000,46.366650,0.135587,-0.037639,0,1,1,1,1,4,3,4,1.8691,1.8698,0.1302,0.8698,0.0000,0.0000,1.0000,1,0.020757,0.00000476,0.013119,1.093783,-0.288705
2010-10-13,,3.2200,2.8900,19.0700,77.6413,50.520000,46.388150,0.135049,-0.039323,0,1,1,1,1,4,3,4,2.0461,2.0450,0.0000,0.9550,0.0450,0.0000,1.0000,1,0.024303,0.00000516,0.017102,1.112489,-0.276540
2010-10-14,,3.2200,2.8900,19.8800,75.9214,50.420000,46.410100,0.135365,-0.036261,0,1,1,1,1,4,3,4,2.1641,2.1616,0.0000,0.8384,0.1616,0.0000,1.0000,1,-0.005554,0.00000516,-0.006392,1.105378,-0.281165
2010-10-15,,3.2300,2.8900,19.0300,75.9214,51.490000,46.436700,0.135493,-0.028158,0,1,1,1,1,4,3,4,2.2427,2.2406,0.0000,0.7594,0.2406,0.0000,1.0000,1,0.063792,0.00000555,0.045000,1.155119,-0.248817
2010-10-18,,3.2600,2.8900,19.0900,78.1327,51.300000,46.464450,0.134554,-0.027144,0,1,1,1,1,4,3,4,2.2951,2.2870,0.0000,0.7130,0.2870,0.0000,1.0000,1,0.000000,0.00000555,-0.004026,1.150468,-0.251842
2010-10-19,,3.2600,2.8900,20.6300,74.5098,50.820000,46.486450,0.136897,-0.004961,0,0,1,1,1,3,1,4,2.3301,2.3361,0.0000,0.6639,0.3361,0.0000,1.0000,1,-0.039765,0.00000595,-0.027026,1.119376,-0.272062
2010-10-20,,3.2500,2.8900,19.7900,76.2255,51.160000,46.510150,0.136676,-0.023681,0,1,1,1,1,4,3,3,2.1534,2.1573,0.0000,0.8427,0.1573,0.0000,1.0000,1,0.020790,0.00000555,0.011239,1.131957,-0.263880
2010-10-21,,3.2300,2.8900,19.2700,76.7157,51.290000,46.535900,0.135783,-0.032028,0,1,1,1,1,4,3,4,2.2356,2.2299,0.0000,0.7701,0.2299,0.0000,1.0000,1,0.006976,0.00000555,0.002488,1.134773,-0.262049
2010-10-22,,3.2000,2.8900,18.7800,76.7157,51.640000,46.563250,0.134689,-0.029518,0,1,1,1,1,4,3,4,2.2904,2.2906,0.0000,0.7094,0.2906,0.0000,1.0000,1,0.019499,0.00000516,0.014863,1.151640,-0.251080
2010-10-25,,3.1800,2.8900,19.8500,76.9608,51.890000,46.589950,0.133973,-0.029190,0,1,1,1,1,4,3,4,2.3269,2.3231,0.0000,0.6769,0.3231,0.0000,1.0000,1,0.015332,0.00000516,0.009699,1.162809,-0.243816
2010-10-26,,3.1300,2.8900,20.2200,76.2255,52.030000,46.618300,0.133623,-0.029396,0,0,1,1,1,3,1,4,2.3513,2.3533,0.0000,0.6467,0.3533,0.0000,1.0000,1,0.006385,0.00000555,0.006354,1.170198,-0.239011
2010-10-27,,3.1300,2.8900,20.7100,76.9608,52.190000,46.650350,0.133342,-0.032404,0,0,1,1,1,3,1,3,2.1675,2.1691,0.0000,0.8309,0.1691,0.0000,1.0000,1,0.009745,0.00000555,0.005892,1.177093,-0.234527
2010-10-28,,3.0900,2.8950,20.8800,77.4510,52.300000,46.680100,0.133750,-0.024229,0,0,1,1,1,3,1,3,2.0450,2.0442,0.0000,0.9558,0.0442,0.0000,1.0000,1,0.005745,0.00000555,0.006482,1.184723,-0.229566
2010-10-29,,3.1600,2.9000,21.2000,77.4510,52.180000,46.709050,0.133851,-0.024436,0,0,1,1,1,3,1,3,1.9633,1.9634,0.0366,0.9634,0.0000,0.0000,1.0000,1,-0.004799,0.00000516,-0.003280,1.180837,-0.232093
2010-11-01,,3.1500,2.9000,21.8300,76.9608,52.220000,46.740900,0.132625,-0.040092,0,0,1,1,1,3,1,3,1.9089,1.9090,0.0910,0.9090,0.0000,0.0000,1.0000,1,0.002298,0.00000476,0.000613,1.181561,-0.231622
2010-11-02,,3.1300,2.9000,21.5700,79.4118,52.780000,46.771850,0.132999,-0.035511,0,0,1,1,1,3,1,3,1.8726,1.8749,0.1251,0.8749,0.0000,0.0000,1.0000,1,0.030311,0.00000516,0.019233,1.204287,-0.216843
2010-11-03,,3.0800,2.9050,19.5600,79.6569,53.020000,46.807350,0.132347,-0.051883,0,1,1,1,1,4,3,3,1.8484,1.8517,0.1483,0.8517,0.0000,0.0000,1.0000,1,0.014451,0.00000516,0.008194,1.214155,-0.210426
2010-11-04,,3.1600,2.9100,18.5200,83.5784,53.670000,46.848250,0.131114,-0.072569,0,1,1,1,1,4,3,4,2.0323,2.0313,0.0000,0.9687,0.0313,0.0000,1.0000,1,0.035432,0.00000516,0.025448,1.245052,-0.190333
2010-11-05,,3.2400,2.9100,18.2600,84.3137,53.670000,46.895800,0.130576,-0.082336,0,1,1,1,1,4,3,4,2.1548,2.1550,0.0000,0.8450,0.1550,0.0000,1.0000,1,0.001197,0.00000516,0.000335,1.245469,-0.190062
2010-11-08,,3.2700,2.9150,18.2900,83.5784,53.737500,46.942937,0.130092,-0.092414,0,1,1,1,1,4,3,4,2.2366,2.2369,0.0000,0.7631,0.2369,0.0000,1.0000,1,0.002538,0.00000516,0.002657,1.248778,-0.187910
2010-11-09,,3.2500,2.9200,19.0800,82.3529,53.450000,46.988437,0.130581,-0.089342,0,1,1,1,1,4,3,4,2.2910,2.2888,0.0000,0.7112,0.2888,0.0000,1.0000,1,-0.016168,0.00000516,-0.013274,1.232202,-0.198690
2010-11-10,,3.2500,2.9200,18.4700,82.3529,53.715000,47.033512,0.129361,-0.095019,0,1,1,1,1,4,3,4,2.3274,2.3314,0.0000,0.6686,0.3314,0.0000,1.0000,1,0.015289,0.00000516,0.002100,1.234790,-0.197007
2010-11-11,,3.3100,2.9200,18.6400,80.6373,53.385000,47.082687,0.129897,-0.082912,0,1,1,1,1,4,3,4,2.3516,2.3544,0.0000,0.6456,0.3544,0.0000,1.0000,1,-0.016818,0.00000516,-0.003361,1.230639,-0.199706
2010-11-12,,3.3100,2.9200,20.6100,77.9412,52.510000,47.131287,0.130410,-0.082993,0,0,1,1,1,3,1,4,2.3677,2.3650,0.0000,0.6350,0.3650,0.0000,1.0000,1,-0.050886,0.00000516,-0.040159,1.181218,-0.231845
2010-11-15,,3.2400,2.9200,20.2000,78.4314,52.315000,47.176562,0.130988,-0.084062,0,0,1,1,1,3,1,3,2.1785,2.1770,0.0000,0.8230,0.1770,0.0000,1.0000,1,-0.010685,0.00000516,-0.006119,1.173990,-0.236546
2010-11-16,,3.2000,2.9200,22.5800,74.0196,51.450000,47.215562,0.131517,-0.088708,0,0,1,1,1,3,1,3,2.0523,2.0518,0.0000,0.9482,0.0518,0.0000,1.0000,1,-0.049647,0.00000555,-0.035175,1.132695,-0.263400
2010-11-17,,3.1500,2.9200,21.7600,73.2843,51.600000,47.254112,0.131389,-0.109083,0,0,1,1,1,3,1,3,1.9682,1.9683,0.0317,0.9683,0.0000,0.0000,1.0000,1,0.009464,0.00000595,0.006064,1.139565,-0.258933
2010-11-18,,3.1300,2.9200,18.7500,76.7157,52.430000,47.303162,0.130228,-0.114664,0,1,1,1,1,4,3,3,1.9121,1.9125,0.0875,0.9125,0.0000,0.0000,1.0000,1,0.046482,0.00000555,0.030972,1.174859,-0.235981
2010-11-19,,3.1200,2.9200,18.0400,76.4706,52.470000,47.350612,0.129437,-0.124136,0,1,1,1,1,4,3,4,2.0748,2.0749,0.0000,0.9251,0.0749,0.0000,1.0000,1,0.002353,0.00000595,0.001499,1.176619,-0.234836
2010-11-22,,3.1100,2.9200,18.3700,75.7353,52.910000,47.401812,0.129878,-0.122174,0,1,1,1,1,4,3,4,2.1832,2.1852,0.0000,0.8148,0.1852,0.0000,1.0000,1,0.026361,0.00000555,0.019351,1.199388,-0.220029
2010-11-23,,3.1400,2.9200,20.6300,72.3039,52.070000,47.446612,0.130438,-0.117241,0,0,1,1,1,3,1,4,2.2554,2.2541,0.0000,0.7459,0.2541,-0.0000,1.0000,1,-0.047233,0.00000595,-0.034757,1.157701,-0.247138
2010-11-24,,3.1300,2.9200,19.5600,77.3171,53.120000,47.497112,0.129222,-0.133116,0,1,1,1,1,4,3,3,2.1036,2.1045,0.0000,0.8955,0.1045,0.0000,1.0000,1,0.058403,0.00000595,0.042742,1.207184,-0.214959
2010-11-26,,3.1000,2.9200,22.2200,75.8537,52.940000,47.543462,0.129419,-0.119023,0,0,1,1,1,3,1,4,2.2024,2.2032,0.0000,0.7968,0.2032,0.0000,1.0000,1,-0.006292,0.00000634,-0.004971,1.201183,-0.218862
2010-11-29,,3.0700,2.9200,21.5300,73.9024,52.730000,47.588312,0.129236,-0.110137,0,0,1,1,1,3,1,3,2.0683,2.0684,0.0000,0.9316,0.0684,0.0000,1.0000,1,-0.013920,0.00000634,-0.010178,1.188957,-0.226812
2010-11-30,,3.0400,2.9200,23.5400,72.6829,52.085000,47.627137,0.129797,-0.095757,0,0,1,1,1,3,1,3,1.9789,1.9788,0.0212,0.9788,0.0000,0.0000,1.0000,1,-0.038016,0.00000714,-0.026027,1.158012,-0.246936
2010-12-01,,3.0300,2.9200,21.3600,77.5610,53.190000,47.670237,0.128543,-0.114828,0,0,1,1,1,3,1,3,1.9192,1.9196,0.0804,0.9196,0.0000,0.0000,1.0000,1,0.063587,0.00000674,0.041346,1.205891,-0.215800
2010-12-02,,3.0100,2.9200,19.3900,81.9512,53.730000,47.714637,0.127244,-0.115249,0,1,1,1,1,4,3,3,1.8795,1.8803,0.1197,0.8803,0.0000,0.0000,1.0000,1,0.030366,0.00000634,0.019728,1.229681,-0.200330
2010-12-03,,2.9900,2.9200,18.0100,82.4390,53.870000,47.759837,0.127248,-0.118200,0,1,1,1,1,4,3,4,2.0530,2.0534,0.0000,0.9466,0.0534,0.0000,1.0000,1,0.008360,0.00000634,0.005600,1.236567,-0.195851
2010-12-06,,3.0200,2.9200,18.0200,81.7073,53.845000,47.805362,0.127036,-0.109116,0,1,1,1,1,4,3,4,2.1687,2.1685,0.0000,0.8315,0.1685,0.0000,1.0000,1,-0.001756,0.00000555,-0.000966,1.235373,-0.196628
2010-12-07,,3.0200,2.9200,17.9900,82.6829,53.880000,47.853962,0.126109,-0.108691,0,1,1,1,1,4,3,4,2.2458,2.2432,0.0000,0.7568,0.2432,0.0000,1.0000,1,0.000916,0.00000595,0.000656,1.236184,-0.196100
2010-12-08,,2.9900,2.9200,17.7400,84.1463,54.080000,47.901312,0.125193,-0.114860,0,1,1,1,1,4,3,4,2.2972,2.2974,0.0000,0.7026,0.2974,0.0000,1.0000,1,0.013817,0.00000555,0.009296,1.247675,-0.188628
2010-12-09,,2.9000,2.9200,17.2500,84.8780,54.135000,47.948987,0.125283,-0.105607,1,1,1,1,1,5,5,4,2.3315,2.3303,0.0000,0.6697,0.3303,0.0000,1.0000,1,0.001143,0.00000595,0.000763,1.248627,-0.188009
2010-12-10,,2.8600,2.9200,17.6100,87.8049,54.495000,47.997662,0.125000,-0.104309,1,1,1,1,1,5,5,5,2.5543,2.5556,0.0000,0.4444,0.5556,0.0000,1.0000,1,0.020924,0.00000555,0.016995,1.269847,-0.174209
2010-12-13,,2.7900,2.9200,17.5500,88.5366,54.300000,48.042112,0.125502,-0.093846,1,1,1,1,1,5,5,5,2.7029,2.7008,0.0000,0.2992,0.7008,0.0000,1.0000,1,-0.011672,0.00000516,-0.010942,1.255953,-0.183244
2010-12-14,,2.8000,2.9200,17.6100,87.8049,54.395000,48.086337,0.125732,-0.088707,1,1,1,1,1,5,5,5,2.8019,2.8016,0.0000,0.1984,0.8016,0.0000,1.0000,1,0.004118,0.00000595,0.003279,1.260072,-0.180566
2010-12-15,,2.7500,2.9200,17.9400,86.0976,54.160000,48.129137,0.125224,-0.090376,1,1,1,1,1,5,5,5,2.8679,2.8678,0.0000,0.1322,0.8678,0.0000,1.0000,1,-0.010188,0.00000595,-0.009787,1.247739,-0.188586
2010-12-16,,2.7400,2.9200,17.3900,87.3171,54.580000,48.173287,0.125611,-0.098994,1,1,1,1,1,5,5,5,2.9120,2.9125,0.0000,0.0875,0.9125,0.0000,1.0000,1,0.020865,0.00000555,0.020248,1.273003,-0.172157
2010-12-17,,2.7700,2.9200,16.1100,86.5854,54.520000,48.213687,0.125302,-0.099096,1,1,1,1,1,5,5,5,2.9413,2.9414,0.0000,0.0586,0.9414,0.0000,1.0000,1,0.003046,0.00000516,0.003018,1.276845,-0.169658
2010-12-20,,2.7300,2.9200,16.4100,88.0488,54.560000,48.253837,0.125241,-0.093123,1,1,1,1,1,5,5,5,2.9609,2.9609,0.0000,0.0391,0.9609,0.0000,1.0000,1,0.002705,0.00000436,0.002659,1.280239,-0.167451
2010-12-21,,2.7500,2.9200,16.4900,89.2683,54.890000,48.294337,0.124452,-0.107148,1,1,1,1,1,5,5,5,2.9739,2.9739,0.0000,0.0261,0.9739,0.0000,1.0000,1,0.016477,0.00000555,0.016273,1.301073,-0.153903
2010-12-22,,2.7200,2.9200,15.4500,89.7561,54.885000,48.332912,0.124583,-0.105899,1,1,1,1,1,5,5,5,2.9826,2.9826,0.0000,0.0174,0.9826,0.0000,1.0000,1,0.001060,0.00000555,0.001042,1.302429,-0.153021
2010-12-23,,2.7300,2.9200,16.4700,89.5122,54.742000,48.369872,0.124841,-0.101043,1,1,1,1,1,5,5,5,2.9884,2.9884,0.0000,0.0116,0.9884,0.0000,1.0000,1,-0.007605,0.00000555,-0.007571,1.292568,-0.159433
2010-12-27,,2.7000,2.9200,17.6700,89.5122,54.770000,48.406922,0.124871,-0.100938,1,1,1,1,1,5,5,5,2.9923,2.9923,0.0000,0.0077,0.9923,0.0000,1.0000,1,0.000402,0.00000555,0.000409,1.293097,-0.159090
2010-12-28,,2.7000,2.9200,17.5200,89.2683,54.670000,48.444072,0.125060,-0.100866,1,1,1,1,1,5,5,5,2.9948,2.9948,0.0000,0.0052,0.9948,0.0000,1.0000,1,-0.004330,0.00000674,-0.004330,1.287497,-0.162731
2010-12-29,,2.6800,2.9200,17.2800,90.0000,54.790000,48.480322,0.124722,-0.109627,1,1,1,1,1,5,5,5,2.9966,2.9966,0.0000,0.0034,0.9966,0.0000,1.0000,1,0.005954,0.00000595,0.005940,1.295145,-0.157758
2010-12-30,,2.7000,2.9200,17.5200,88.2927,54.660000,48.515272,0.124573,-0.099696,1,1,1,1,1,5,5,5,2.9977,2.9977,0.0000,0.0023,0.9977,0.0000,1.0000,1,-0.007515,0.00000516,-0.007511,1.285417,-0.164084
2010-12-31,,2.6900,2.9200,17.7500,88.5366,54.460000,48.548422,0.124652,-0.094500,1,1,1,1,1,5,5,5,2.9985,2.9985,0.0000,0.0015,0.9985,0.0000,1.0000,1,-0.009180,0.00000476,-0.009176,1.273622,-0.171754
2011-01-04,,2.6800,2.9200,17.3800,89.0244,55.265000,48.587297,0.124567,-0.099316,1,1,1,1,1,5,5,5,2.9990,2.9990,0.0000,0.0010,0.9990,0.0000,1.0000,1,0.043549,0.00000476,0.043525,1.329057,-0.135704
2011-01-05,,2.7100,2.9200,17.0200,90.7317,55.740000,48.626397,0.123159,-0.107833,1,1,1,1,1,5,5,5,2.9993,2.9993,0.0000,0.0007,0.9993,0.0000,1.0000,1,0.024819,0.00000555,0.024814,1.362037,-0.114257
2011-01-06,,2.6700,2.9200,17.4000,90.0000,55.920000,48.664735,0.123518,-0.104311,1,1,1,1,1,5,5,5,2.9995,2.9995,0.0000,0.0005,0.9995,0.0000,1.0000,1,0.009042,0.00000555,0.009040,1.374350,-0.106250
2011-01-07,,2.6700,2.9200,17.1400,88.7805,55.870000,48.703985,0.124204,-0.091222,1,1,1,1,1,5,5,5,2.9997,2.9997,0.0000,0.0003,0.9997,0.0000,1.0000,1,-0.002320,0.00000595,-0.002320,1.371162,-0.108323
2011-01-10,,2.7300,2.9200,17.5400,88.7805,56.080000,48.744635,0.123681,-0.090647,1,1,1,1,1,5,5,5,2.9998,2.9998,0.0000,0.0002,0.9998,0.0000,1.0000,1,0.011244,0.00000555,0.011244,1.386579,-0.098297
2011-01-11,,2.7500,2.9200,16.8900,89.7561,56.160000,48.785435,0.123421,-0.095729,1,1,1,1,1,5,5,5,2.9999,2.9999,0.0000,0.0001,0.9999,0.0000,1.0000,1,0.004596,0.00000595,0.004596,1.392951,-0.094153
2011-01-12,,2.6800,2.9200,16.2400,91.2195,56.555000,48.827060,0.122958,-0.101060,1,1,1,1,1,5,5,5,2.9999,2.9999,0.0000,0.0001,0.9999,0.0000,1.0000,1,0.020280,0.00000595,0.020279,1.421200,-0.075783
2011-01-13,,2.6800,2.9200,16.3900,90.2439,56.575000,48.867985,0.122967,-0.093249,1,1,1,1,1,5,5,5,2.9999,2.9999,0.0000,0.0001,0.9999,0.0000,1.0000,1,0.003151,0.00000595,0.003151,1.425677,-0.072872
2011-01-14,,2.7100,2.9200,15.4600,91.2195,57.000000,48.912185,0.122738,-0.114568,1,1,1,1,1,5,5,5,3.0000,3.0000,0.0000,0.0000,1.0000,0.0000,1.0000,1,0.021687,0.00000595,0.021686,1.456595,-0.052765
2011-01-18,,2.7400,2.9200,15.8700,92.4390,57.160000,48.957185,0.122819,-0.111408,1,1,1,1,1,5,5,5,3.0000,3.0000,0.0000,0.0000,1.0000,0.0000,1.0000,1,0.007981,0.00000595,0.007981,1.468220,-0.045206
2011-01-19,,2.7200,2.9200,17.3100,91.4634,56.510000,48.996685,0.123743,-0.096267,1,1,1,1,1,5,5,5,3.0000,3.0000,0.0000,0.0000,1.0000,0.0000,1.0000,1,-0.033492,0.00000634,-0.033492,1.419046,-0.077184
2011-01-20,,2.7000,2.9200,17.9900,92.1951,56.110000,49.033485,0.124844,-0.079104,1,1,1,1,1,5,5,5,3.0000,3.0000,0.0000,0.0000,1.0000,0.0000,1.0000,1,-0.022457,0.00000634,-0.022457,1.387179,-0.097907
2011-01-21,,2.7000,2.9200,18.4700,91.4634,55.680000,49.068735,0.124445,-0.076922,1,1,1,1,1,5,5,5,3.0000,3.0000,0.0000,0.0000,1.0000,0.0000,1.0000,1,-0.022846,0.00000634,-0.022846,1.355487,-0.118517
2011-01-24,,2.6800,2.9200,17.6500,91.9512,56.450000,49.107285,0.124438,-0.074735,1,1,1,1,1,5,5,5,3.0000,3.0000,0.0000,0.0000,1.0000,0.0000,1.0000,1,0.041298,0.00000634,0.041298,1.411467,-0.082113
2011-01-25,,2.6700,2.9200,17.5900,90.7317,56.532500,49.144797,0.124187,-0.074913,1,1,1,1,1,5,5,5,3.0000,3.0000,0.0000,0.0000,1.0000,0.0000,1.0000,1,0.003477,0.00000634,0.003477,1.416374,-0.078921
2011-01-26,,2.6600,2.9200,16.6400,90.7317,56.830000,49.183597,0.123236,-0.086070,1,1,1,1,1,5,5,5,3.0000,3.0000,0.0000,0.0000,1.0000,0.0000,1.0000,1,0.015506,0.00000634,0.015506,1.438337,-0.064639
2011-01-27,,2.6800,2.9200,16.1500,91.2195,57.180000,49.222897,0.123394,-0.085705,1,1,1,1,1,5,5,5,3.0000,3.0000,0.0000,0.0000,1.0000,0.0000,1.0000,1,0.019279,0.00000634,0.019279,1.466067,-0.046606
2011-01-28,,2.6700,2.9200,20.0400,88.5366,55.730000,49.251997,0.123904,-0.070854,1,0,1,1,1,4,3,5,3.0000,3.0000,0.0000,0.0000,1.0000,0.0000,1.0000,1,-0.075426,0.00000595,-0.075426,1.355487,-0.118517
2011-01-31,,2.7000,2.9200,19.5300,89.5122,56.020000,49.281447,0.123251,-0.078933,1,1,1,1,1,5,5,4,2.8000,2.8006,0.0000,0.1994,0.8006,0.0000,1.0000,1,0.014802,0.00000595,0.013983,1.374441,-0.106191
2011-02-01,,2.6800,2.9200,17.6300,90.9756,57.050000,49.319047,0.122561,-0.080570,1,1,1,1,1,5,5,5,2.8667,2.8678,0.0000,0.1322,0.8678,0.0000,1.0000,1,0.055535,0.00000595,0.052436,1.446511,-0.059323
2011-02-02,,2.6600,2.9200,17.3000,90.2439,56.955000,49.356322,0.122102,-0.073357,1,1,1,1,1,5,5,5,2.9111,2.9111,0.0000,0.0889,0.9111,0.0000,1.0000,1,-0.004508,0.00000595,-0.004345,1.440226,-0.063410
2011-02-03,,2.6400,2.9200,16.6900,91.7073,57.057500,49.392860,0.122324,-0.067351,1,1,1,1,1,5,5,5,2.9407,2.9409,0.0000,0.0591,0.9409,0.0000,1.0000,1,0.003874,0.00000634,0.003837,1.445752,-0.059817
2011-02-04,,2.6100,2.9200,15.9300,91.9512,57.375000,49.429585,0.121235,-0.072896,1,1,1,1,1,5,5,5,2.9605,2.9607,0.0000,0.0393,0.9607,0.0000,1.0000,1,0.018044,0.00000555,0.017770,1.471443,-0.043110
2011-02-07,,2.5700,2.9200,16.2800,91.9512,57.650000,49.466285,0.121259,-0.077476,1,1,1,1,1,5,5,5,2.9737,2.9737,0.0000,0.0263,0.9737,0.0000,1.0000,1,0.014516,0.00000595,0.014348,1.492554,-0.029381
2011-02-08,,2.5300,2.9200,15.8100,92.6829,58.025000,49.503810,0.120700,-0.072691,1,1,1,1,1,5,5,5,2.9824,2.9826,0.0000,0.0174,0.9826,0.0000,1.0000,1,0.021320,0.00000634,0.021187,1.524176,-0.008817
2011-02-09,,2.5000,2.9200,15.8700,92.6829,57.930000,49.541410,0.120966,-0.074767,1,1,1,1,1,5,5,5,2.9883,2.9883,0.0000,0.0117,0.9883,0.0000,1.0000,1,-0.006076,0.00000595,-0.006049,1.514957,-0.014812
2011-02-10,,2.5300,2.9200,16.0900,92.1951,58.021000,49.584815,0.121174,-0.077967,1,1,1,1,1,5,5,5,2.9922,2.9922,0.0000,0.0078,0.9922,0.0000,1.0000,1,0.004870,0.00000555,0.004876,1.522344,-0.010008
2011-02-11,,2.5500,2.9200,15.6900,91.7073,58.440000,49.630165,0.120201,-0.091323,1,1,1,1,1,5,5,5,2.9948,2.9948,0.0000,0.0052,0.9948,0.0000,1.0000,1,0.020507,0.00000476,0.020477,1.553517,0.000000
2011-02-14,,2.5600,2.9200,15.9500,91.7073,58.580000,49.671915,0.119051,-0.107031,1,1,1,1,1,5,5,5,2.9965,2.9965,0.0000,0.0035,0.9965,0.0000,1.0000,1,0.006292,0.00000476,0.006286,1.563282,0.000000
2011-02-15,,2.5300,2.9200,16.3700,91.2195,58.500000,49.718227,0.119953,-0.097924,1,1,1,1,1,5,5,5,2.9977,2.9977,0.0000,0.0023,0.9977,0.0000,1.0000,1,-0.002576,0.00000516,-0.002577,1.559254,-0.002577
2011-02-16,,2.5300,2.9200,16.7200,92.4390,58.881000,49.762982,0.118790,-0.097956,1,1,1,1,1,5,5,5,2.9985,2.9985,0.0000,0.0015,0.9985,0.0000,1.0000,1,0.018481,0.00000516,0.018472,1.588056,0.000000
2011-02-17,,2.5300,2.9200,16.5900,92.4390,58.860000,49.815132,0.118659,-0.092931,1,1,1,1,1,5,5,5,2.9990,2.9990,0.0000,0.0010,0.9990,0.0000,1.0000,1,-0.000865,0.00000476,-0.000863,1.586686,-0.000863
2011-02-18,,2.5600,2.9200,16.4300,92.1951,58.730000,49.867882,0.118598,-0.097210,1,1,1,1,1,5,5,5,2.9993,2.9993,0.0000,0.0007,0.9993,0.0000,1.0000,1,-0.005677,0.00000357,-0.005676,1.577680,-0.006534
2011-02-22,,2.5800,2.9200,20.8000,90.4878,57.030000,49.920182,0.120496,-0.084827,1,0,1,1,1,4,3,5,2.9995,2.9995,0.0000,0.0005,0.9995,0.0000,1.0000,1,-0.088062,0.00000397,-0.088046,1.438772,-0.094005
2011-02-23,,2.6200,2.9200,22.1300,88.7805,56.560000,49.975932,0.120927,-0.069981,1,0,1,1,1,4,3,4,2.7997,2.7982,0.0000,0.2018,0.7982,0.0000,1.0000,1,-0.024678,0.00000476,-0.022961,1.405736,-0.114807
2011-02-24,,2.6000,2.9200,21.3200,88.2927,56.855000,50.021357,0.120589,-0.074879,1,0,1,1,1,4,3,4,2.6665,2.6668,0.0000,0.3332,0.6668,0.0000,1.0000,1,0.014239,0.00000476,0.012979,1.423981,-0.103318
2011-02-25,,2.5900,2.9200,19.2200,90.7317,57.650000,50.071007,0.119984,-0.079499,1,1,1,1,1,5,5,4,2.5776,2.5793,0.0000,0.4207,0.5793,0.0000,1.0000,1,0.042845,0.00000516,0.037354,1.477172,-0.069824
2011-02-28,,2.6000,2.9200,18.3500,90.7317,57.768900,50.116752,0.120578,-0.079812,1,1,1,1,1,5,5,5,2.7184,2.7181,0.0000,0.2819,0.7181,0.0000,1.0000,1,0.007280,0.00000516,0.006086,1.486162,-0.064163
2011-03-01,,2.5700,2.9200,21.0100,89.0244,56.840000,50.161702,0.121382,-0.060279,1,0,1,1,1,4,3,5,2.8123,2.8087,0.0000,0.1913,0.8087,0.0000,1.0000,1,-0.048073,0.00000595,-0.045638,1.418336,-0.106873
2011-03-02,,2.5900,2.9200,20.7000,89.2683,57.140000,50.212752,0.121332,-0.049738,1,0,1,1,1,4,3,4,2.6749,2.6758,0.0000,0.3242,0.6758,0.0000,1.0000,1,0.014102,0.00000555,0.012628,1.436248,-0.095594
2011-03-03,,2.6000,2.9200,18.6000,90.9756,58.265000,50.268677,0.120626,-0.056517,1,1,1,1,1,5,5,4,2.5832,2.5856,0.0000,0.4144,0.5856,0.0000,1.0000,1,0.059663,0.00000516,0.051842,1.510705,-0.048708
2011-03-04,,2.5500,2.9200,19.0600,89.0244,57.967500,50.326364,0.120801,-0.052967,1,1,1,1,1,5,5,5,2.7222,2.7211,0.0000,0.2789,0.7211,0.0000,1.0000,1,-0.015421,0.00000516,-0.014145,1.489336,-0.062164
2011-03-07,,2.6000,2.9200,20.6600,89.2683,57.190000,50.382014,0.122232,-0.032895,1,0,1,1,1,4,3,5,2.8148,2.8120,0.0000,0.1880,0.8120,0.0000,1.0000,1,-0.039244,0.00000476,-0.037202,1.433930,-0.097054
2011-03-08,,2.5900,2.9200,19.8200,90.2439,57.420000,50.447364,0.122530,-0.022873,1,1,1,1,1,5,5,4,2.6765,2.6777,0.0000,0.3223,0.6777,0.0000,1.0000,1,0.010433,0.00000436,0.009098,1.446976,-0.088838
2011-03-09,,2.5900,2.9200,20.2200,90.2439,57.030000,50.508314,0.123952,-0.011363,1,0,1,1,1,4,3,5,2.7843,2.7834,0.0000,0.2166,0.7834,0.0000,1.0000,1,-0.020182,0.00000436,-0.018824,1.419738,-0.105990
2011-03-10,,2.6100,2.9200,21.8800,88.5366,56.140000,50.565714,0.124858,-0.001185,1,0,1,1,1,4,3,4,2.6562,2.6557,0.0000,0.3443,0.6557,0.0000,1.0000,1,-0.045749,0.00000397,-0.042145,1.359904,-0.143668
2011-03-11,,2.6600,2.9200,20.0800,89.7561,56.490000,50.624664,0.124245,-0.010518,1,0,1,1,1,4,3,4,2.5708,2.5734,0.0000,0.4266,0.5734,0.0000,1.0000,1,0.017193,0.00000317,0.014250,1.379283,-0.131465
2011-03-14,,2.6300,2.9200,21.1300,87.3171,56.290000,50.685114,0.123376,-0.019549,1,0,1,1,1,4,3,4,2.5139,2.5147,0.0000,0.4853,0.5147,0.0000,1.0000,1,-0.011103,0.00000317,-0.009676,1.365938,-0.139868
2011-03-15,,2.6500,2.9200,24.3200,84.8780,55.490000,50.733214,0.122376,-0.023569,1,0,1,1,1,4,3,4,2.4759,2.4806,0.0000,0.5194,0.4806,0.0000,1.0000,1,-0.040050,0.00000357,-0.034393,1.318958,-0.169451
2011-03-16,,2.6800,2.9200,29.4000,80.2439,54.150000,50.775964,0.122806,-0.022575,1,0,1,1,1,4,3,4,2.4506,2.4460,0.0000,0.5540,0.4460,0.0000,1.0000,1,-0.073434,0.00000397,-0.059850,1.240018,-0.219160
2011-03-17,,2.7100,2.9200,26.3700,81.9512,54.650000,50.823314,0.121391,-0.032090,1,0,1,1,1,4,3,4,2.4337,2.4322,0.0000,0.5678,0.4322,0.0000,1.0000,1,0.026092,0.00000397,0.021364,1.266510,-0.202478
2011-03-18,,2.7200,2.9200,24.4400,83.4146,54.450000,50.864314,0.120715,-0.037056,1,0,1,1,1,4,3,4,2.4225,2.4191,0.0000,0.5809,0.4191,-0.0000,1.0000,1,-0.005470,0.00000317,-0.004426,1.260904,-0.206008
2011-03-21,,2.6900,2.9200,20.6100,86.0976,55.500000,50.908364,0.120395,-0.033731,1,0,1,1,1,4,3,4,2.4150,2.4159,0.0000,0.5841,0.4159,0.0000,1.0000,1,0.055808,0.00000278,0.044860,1.317468,-0.170390
2011-03-22,,2.6400,2.9200,20.2100,85.3659,55.395000,50.959877,0.120988,-0.029661,1,0,1,1,1,4,3,4,2.4100,2.4088,0.0000,0.5912,0.4088,0.0000,1.0000,1,-0.002735,0.00000397,-0.002079,1.314729,-0.172115
2011-03-23,,2.6400,2.9200,19.1700,86.0976,55.710000,51.017077,0.120585,-0.035195,1,1,1,1,1,5,5,4,2.4067,2.4088,0.0000,0.5912,0.4088,0.0000,1.0000,1,0.015132,0.00000397,0.012093,1.330628,-0.162103
2011-03-24,,2.6300,2.9200,18.0000,86.8293,56.700000,51.079627,0.119939,-0.041145,1,1,1,1,1,5,5,5,2.6044,2.6061,0.0000,0.3939,0.6061,0.0000,1.0000,1,0.054411,0.00000357,0.045963,1.391788,-0.123590
2011-03-25,,2.5900,2.9200,17.9100,87.3171,56.840000,51.144727,0.119535,-0.046104,1,1,1,1,1,5,5,5,2.7363,2.7360,0.0000,0.2640,0.7360,0.0000,1.0000,1,0.007318,0.00000357,0.005171,1.398985,-0.119058
2011-03-28,,2.5800,2.9200,19.4400,87.0732,56.530000,51.202027,0.119408,-0.044323,1,1,1,1,1,5,5,5,2.8242,2.8227,0.0000,0.1773,0.8227,0.0000,1.0000,1,-0.016950,0.00000357,-0.016444,1.375981,-0.133544
2011-03-29,,2.5600,2.9200,18.1600,88.0488,57.080000,51.259927,0.119767,-0.040449,1,1,1,1,1,5,5,5,2.8828,2.8841,0.0000,0.1159,0.8841,0.0000,1.0000,1,0.028697,0.00000436,0.027583,1.413934,-0.109645
2011-03-30,,2.5900,2.9200,17.7100,90.0243,57.350000,51.319227,0.120321,-0.036686,1,1,1,1,1,5,5,5,2.9219,2.9219,0.0000,0.0781,0.9219,0.0000,1.0000,1,0.014726,0.00000397,0.014252,1.434086,-0.096955
2011-03-31,,2.5900,2.9200,17.7400,88.8078,57.430000,51.372827,0.120183,-0.036752,1,1,1,1,1,5,5,5,2.9479,2.9480,0.0000,0.0520,0.9480,0.0000,1.0000,1,0.004248,0.00000397,0.004202,1.440112,-0.093160
2011-04-01,,2.5800,2.9200,17.4000,89.2944,57.460000,51.425627,0.120541,-0.022176,1,1,1,1,1,5,5,5,2.9653,2.9652,0.0000,0.0348,0.9652,0.0000,1.0000,1,0.001527,0.00000357,0.001429,1.442170,-0.091865
2011-04-04,,2.5800,2.9200,17.5000,89.5377,57.270000,51.476727,0.120441,-0.026060,1,1,1,1,1,5,5,5,2.9768,2.9767,0.0000,0.0233,0.9767,0.0000,1.0000,1,-0.009032,0.00000278,-0.008996,1.429196,-0.100034
2011-04-05,,2.5800,2.9200,17.2500,88.8078,57.120000,51.527327,0.119998,-0.035473,1,1,1,1,1,5,5,5,2.9846,2.9845,0.0000,0.0155,0.9845,0.0000,1.0000,1,-0.011365,0.00000238,-0.011268,1.413092,-0.110175
2011-04-06,,2.5500,2.9200,16.9000,89.7810,57.260000,51.580627,0.120455,-0.027455,1,1,1,1,1,5,5,5,2.9897,2.9897,0.0000,0.0103,0.9897,0.0000,1.0000,1,0.007543,0.00000278,0.007478,1.423660,-0.103521
2011-04-07,,2.5500,2.9200,17.1100,90.0243,57.220000,51.635527,0.120275,-0.026670,1,1,1,1,1,5,5,5,2.9931,2.9931,0.0000,0.0069,0.9931,0.0000,1.0000,1,-0.000237,0.00000238,-0.000244,1.423312,-0.103740
2011-04-08,,2.5700,2.9200,17.8700,89.5377,56.950000,51.690027,0.120352,-0.021901,1,1,1,1,1,5,5,5,2.9954,2.9954,0.0000,0.0046,0.9954,0.0000,1.0000,1,-0.014980,0.00000159,-0.014969,1.402006,-0.117156
2011-04-11,,2.5600,2.9200,16.5900,89.0511,56.760000,51.747077,0.119130,-0.032198,1,1,1,1,1,5,5,5,2.9970,2.9969,0.0000,0.0031,0.9969,0.0000,1.0000,1,-0.009412,0.00000159,-0.009410,1.388813,-0.125463
2011-04-12,,2.5500,2.9200,17.0900,89.0511,56.370000,51.802577,0.119723,-0.024974,1,1,1,1,1,5,5,5,2.9980,2.9980,0.0000,0.0020,0.9980,0.0000,1.0000,1,-0.019371,0.00000198,-0.019354,1.361934,-0.142389
2011-04-13,,2.5800,2.9200,16.9200,89.5631,56.850000,51.861277,0.120037,-0.022993,1,1,1,1,1,5,5,5,2.9986,2.9986,0.0000,0.0014,0.9986,0.0000,1.0000,1,0.022797,0.00000198,0.022783,1.392963,-0.122850
2011-04-14,,2.5800,2.9200,16.2700,89.0777,56.750000,51.928177,0.120667,-0.025494,1,1,1,1,1,5,5,5,2.9991,2.9991,0.0000,0.0009,0.9991,0.0000,1.0000,1,-0.004434,0.00000238,-0.004431,1.386791,-0.126737
2011-04-15,,2.5500,2.9200,15.3200,89.0777,56.650000,51.997877,0.121554,-0.027166,1,1,1,1,1,5,5,5,2.9994,2.9994,0.0000,0.0006,0.9994,0.0000,1.0000,1,-0.005978,0.00000278,-0.005976,1.378504,-0.131955
2011-04-18,,2.5600,2.9200,16.9600,87.8641,56.250000,52.066177,0.121860,-0.021129,1,1,1,1,1,5,5,5,2.9996,2.9996,0.0000,0.0004,0.9996,0.0000,1.0000,1,-0.019763,0.00000278,-0.019758,1.351267,-0.149106
2011-04-19,,2.5800,2.9200,15.8300,88.1068,56.600000,52.136827,0.121202,-0.026456,1,1,1,1,1,5,5,5,2.9997,2.9997,0.0000,0.0003,0.9997,0.0000,1.0000,1,0.018032,0.00000278,0.018030,1.375630,-0.133765
2011-04-20,,2.5600,2.9200,15.0700,88.8350,57.875000,52.213202,0.121112,-0.025516,1,1,1,1,1,5,5,5,2.9998,2.9998,0.0000,0.0002,0.9998,0.0000,1.0000,1,0.066546,0.00000238,0.066540,1.467165,-0.076125
2011-04-21,,2.5500,2.9200,14.6900,88.8350,58.340000,52.285102,0.120496,-0.022935,1,1,1,1,1,5,5,5,2.9999,2.9999,0.0000,0.0001,0.9999,0.0000,1.0000,1,0.025371,0.00000238,0.025369,1.504386,-0.052687
2011-04-25,,2.5700,2.9200,15.7700,89.0777,58.490000,52.356552,0.120735,-0.022156,1,1,1,1,1,5,5,5,2.9999,2.9999,0.0000,0.0001,0.9999,0.0000,1.0000,1,0.007422,0.00000238,0.007422,1.515552,-0.045656
2011-04-26,,2.5800,2.9200,15.6200,91.2621,58.820000,52.427552,0.120705,-0.027243,1,1,1,1,1,5,5,5,2.9999,2.9999,0.0000,0.0001,0.9999,0.0000,1.0000,1,0.017194,0.00000278,0.017193,1.541609,-0.029248
2011-04-27,,2.5700,2.9200,15.3500,92.9612,59.220000,52.499902,0.120918,-0.019958,1,1,1,1,1,5,5,5,3.0000,3.0000,0.0000,0.0000,1.0000,0.0000,1.0000,1,0.020745,0.00000278,0.020744,1.573589,-0.009110
2011-04-28,,2.5700,2.9200,14.6200,93.6893,59.130000,52.568902,0.121556,-0.008541,1,1,1,1,1,5,5,5,3.0000,3.0000,0.0000,0.0000,1.0000,0.0000,1.0000,1,-0.001505,0.00000238,-0.001505,1.571220,-0.010602
2011-04-29,,2.5900,2.9200,14.7500,92.9782,59.080000,52.636502,0.121528,-0.004921,1,1,1,1,1,5,5,5,3.0000,3.0000,0.0000,0.0000,1.0000,0.0000,1.0000,1,-0.004847,0.00000159,-0.004846,1.563606,-0.015397
2011-05-02,,2.5800,2.9200,15.9900,92.7361,58.970000,52.703352,0.121752,-0.004872,1,1,1,1,1,5,5,5,3.0000,3.0000,0.0000,0.0000,1.0000,0.0000,1.0000,1,-0.005410,0.00000159,-0.005410,1.555146,-0.020724
2011-05-03,,2.5700,2.9200,16.7000,91.7676,58.690000,52.775102,0.122965,0.014764,1,1,1,1,0,4,3,5,3.0000,3.0000,0.0000,0.0000,1.0000,0.0000,1.0000,1,-0.015016,0.00000198,-0.015016,1.531794,-0.035428
2011-05-04,,2.5700,2.9200,17.0800,91.0412,58.600000,52.844502,0.123637,0.020041,1,1,1,1,0,4,3,4,2.8000,2.7996,0.0000,0.2004,0.7996,0.0000,1.0000,1,-0.005854,0.00000119,-0.005445,1.523454,-0.040680
2011-05-05,,2.5600,2.9200,18.2000,90.0726,58.280000,52.909602,0.123868,0.026449,1,1,1,1,0,4,3,4,2.6667,2.6670,0.0000,0.3330,0.6670,0.0000,1.0000,1,-0.014999,0.00000119,-0.014661,1.501119,-0.054745
2011-05-06,,2.5900,2.9200,18.4000,91.2833,58.470000,52.978752,0.123994,0.025401,1,1,1,1,0,4,3,4,2.5778,2.5757,0.0000,0.4243,0.5757,0.0000,1.0000,1,0.008685,0.00000079,0.009058,1.514716,-0.046182
2011-05-09,,2.6000,2.9200,17.1600,90.7990,58.690000,53.043352,0.123812,0.022164,1,1,1,1,0,4,3,4,2.5185,2.5187,0.0000,0.4813,0.5187,0.0000,1.0000,1,0.010848,0.00000079,0.009328,1.528845,-0.037285
2011-05-10,,2.6400,2.9200,15.9100,92.4939,59.190000,53.109002,0.124426,0.035884,1,1,1,1,0,4,3,4,2.4790,2.4804,0.0000,0.5196,0.4804,0.0000,1.0000,1,0.025668,0.00000119,0.020808,1.560657,-0.017253
2011-05-11,,2.6100,2.9200,16.9500,90.3148,58.755000,53.170577,0.125446,0.054124,1,1,1,1,0,4,3,4,2.4527,2.4510,0.0000,0.5490,0.4510,0.0000,1.0000,1,-0.022004,0.00000119,-0.017866,1.532774,-0.034811
2011-05-12,,2.6100,2.9200,16.0300,91.2833,59.110000,53.234027,0.126110,0.052128,1,1,1,1,0,4,3,4,2.4351,2.4376,0.0000,0.5624,0.4376,0.0000,1.0000,1,0.018196,0.00000119,0.014238,1.554597,-0.021069
2011-05-13,,2.6400,2.9200,17.0700,88.8620,58.410000,53.295827,0.126492,0.064933,1,1,1,1,0,4,3,4,2.4234,2.4205,0.0000,0.5795,0.4205,0.0000,1.0000,1,-0.035534,0.00000079,-0.028357,1.510513,-0.048829
2011-05-16,,2.6400,2.9200,18.2400,87.8935,57.399000,53.354272,0.127450,0.073495,1,1,1,1,0,4,3,4,2.4156,2.4123,0.0000,0.5877,0.4123,0.0000,1.0000,1,-0.051994,0.00000119,-0.042040,1.447012,-0.088816
2011-05-17,,2.6000,2.9200,17.5500,88.1356,57.560000,53.413022,0.128407,0.081874,1,1,1,1,0,4,3,4,2.4104,2.4124,0.0000,0.5876,0.4124,0.0000,1.0000,1,0.008175,0.00000159,0.006382,1.456247,-0.083000
2011-05-18,,2.5900,2.9200,16.2300,88.3777,58.040000,53.469872,0.126823,0.053519,1,1,1,1,0,4,3,4,2.4069,2.4089,0.0000,0.5911,0.4089,0.0000,1.0000,1,0.024324,0.00000159,0.020360,1.485897,-0.064330
2011-05-19,,2.5900,2.9200,15.5200,88.8620,58.210000,53.528572,0.126875,0.050555,1,1,1,1,0,4,3,4,2.4046,2.4041,0.0000,0.5959,0.4041,0.0000,1.0000,1,0.008606,0.00000198,0.006755,1.495934,-0.058010
2011-05-20,,2.6100,2.9200,17.4300,86.9249,57.765000,53.582707,0.127722,0.060364,1,1,1,1,0,4,3,4,2.4031,2.4016,0.0000,0.5984,0.4016,0.0000,1.0000,1,-0.022067,0.00000198,-0.017966,1.469058,-0.074933
2011-05-23,,2.6300,2.9200,18.2700,84.7826,56.920000,53.633157,0.127745,0.064550,1,1,1,1,0,4,3,4,2.4021,2.4018,0.0000,0.5982,0.4018,0.0000,1.0000,1,-0.043382,0.00000198,-0.034637,1.418174,-0.106975
2011-05-24,,2.6200,2.9200,17.8200,83.8164,56.570000,53.682207,0.127700,0.058530,1,1,1,1,0,4,3,4,2.4014,2.3991,0.0000,0.6009,0.3991,0.0000,1.0000,1,-0.018845,0.00000238,-0.015095,1.396766,-0.120455
2011-05-25,,2.6200,2.9200,17.0700,85.0242,56.790000,53.730757,0.127011,0.046895,1,1,1,1,0,4,3,4,2.4009,2.4022,0.0000,0.5978,0.4022,0.0000,1.0000,1,0.011154,0.00000238,0.008811,1.409073,-0.112706
2011-05-26,,2.6400,2.9200,16.0900,85.9903,57.141500,53.783102,0.126391,0.042262,1,1,1,1,0,4,3,4,2.4006,2.4030,0.0000,0.5970,0.4030,-0.0000,1.0000,1,0.018751,0.00000238,0.015310,1.430646,-0.099121
2011-05-27,,2.6400,2.9200,15.9800,86.9565,57.430000,53.843252,0.125908,0.043800,1,1,1,1,0,4,3,4,2.4004,2.4012,0.0000,0.5988,0.4012,0.0000,1.0000,1,0.014916,0.00000198,0.011849,1.447598,-0.088447
2011-05-31,,2.6500,2.9200,15.4500,87.4396,58.360000,53.909852,0.125547,0.040004,1,1,1,1,0,4,3,4,2.4003,2.4018,0.0000,0.5982,0.4018,0.0000,1.0000,1,0.048122,0.00000198,0.037847,1.502385,-0.053947
2011-06-01,,2.6500,2.9200,18.3000,81.6425,57.090000,53.971702,0.127095,0.039914,1,1,1,1,0,4,3,4,2.4002,2.3956,0.0000,0.6044,0.3956,0.0000,1.0000,1,-0.063892,0.00000238,-0.051408,1.425150,-0.102582
2011-06-02,,2.6800,2.9150,18.0900,81.8841,57.210000,54.033752,0.126850,0.035035,1,1,1,1,0,4,3,4,2.4001,2.4002,0.0000,0.5998,0.4002,0.0000,1.0000,1,0.005798,0.00000198,0.005164,1.432509,-0.097948
2011-06-03,,2.7000,2.9150,17.9500,78.9855,56.350000,54.088642,0.127243,0.026154,1,1,1,1,0,4,3,4,2.4001,2.3992,0.0000,0.6008,0.3992,0.0000,1.0000,1,-0.045401,0.00000159,-0.035995,1.380945,-0.130418
2011-06-06,,2.7300,2.9050,18.4900,73.1884,55.890000,54.140342,0.128013,0.025098,1,1,1,1,0,4,3,4,2.4001,2.3985,0.0000,0.6015,0.3985,0.0000,1.0000,1,-0.024157,0.00000159,-0.020099,1.353190,-0.147895
2011-06-07,,2.7500,2.9000,18.0700,71.7391,55.790000,54.194992,0.128257,0.031815,1,1,1,1,0,4,3,4,2.4000,2.3989,0.0000,0.6011,0.3989,0.0000,1.0000,1,-0.005800,0.00000198,-0.004020,1.347750,-0.151321
2011-06-08,,2.7500,2.9000,18.7900,69.3237,55.390000,54.247342,0.129108,0.045877,1,1,1,1,0,4,3,4,2.4000,2.3990,0.0000,0.6010,0.3990,0.0000,1.0000,1,-0.021787,0.00000198,-0.017803,1.323756,-0.166430
2011-06-09,,2.7300,2.9000,17.7700,69.5652,55.485000,54.302367,0.128246,0.048256,1,1,1,1,0,4,3,4,2.4000,2.4002,0.0000,0.5998,0.4002,0.0000,1.0000,1,0.004638,0.00000159,0.003584,1.328500,-0.163443
2011-06-10,,2.7300,2.9000,18.8600,63.2850,54.640000,54.357317,0.129193,0.052598,1,1,1,1,0,4,3,4,2.4000,2.3973,0.0000,0.6027,0.3973,0.0000,1.0000,1,-0.045922,0.00000198,-0.036069,1.280583,-0.193616
2011-06-13,,2.7100,2.8800,19.6100,63.2850,54.640000,54.410167,0.129679,0.068215,1,1,1,1,0,4,3,4,2.4000,2.4000,0.0000,0.6000,0.4000,0.0000,1.0000,1,0.000693,0.00000198,-0.000618,1.279791,-0.194115
2011-06-14,,2.7200,2.8300,18.2600,68.8406,55.340000,54.469167,0.128557,0.065744,1,1,1,1,0,4,3,4,2.4000,2.4010,0.0000,0.5990,0.4010,0.0000,1.0000,1,0.037179,0.00000198,0.030722,1.319109,-0.169356
2011-06-15,,2.7100,2.7950,21.3200,61.3527,54.290000,54.520267,0.129271,0.072181,1,0,1,0,0,2,-1,4,2.4000,2.3976,0.0000,0.6024,0.3976,0.0000,1.0000,1,-0.054637,0.00000198,-0.043693,1.261473,-0.205650
2011-06-16,,2.7400,2.7800,22.7300,61.5942,54.080000,54.572617,0.130008,0.073407,1,0,1,0,0,2,-1,2,2.0000,2.0000,0.0000,1.0000,0.0000,0.0000,1.0000,1,-0.013955,0.00000198,-0.008533,1.250708,-0.212428
2011-06-17,,2.7500,2.7600,21.8500,62.8019,53.790000,54.624267,0.129831,0.075134,1,0,1,0,0,2,-1,2,1.7333,1.7309,0.2691,0.7309,0.0000,0.0000,1.0000,1,-0.007433,0.00000198,-0.003548,1.246270,-0.215223
2011-06-20,,2.7900,2.7600,19.9900,64.0097,54.070000,54.670817,0.129914,0.081134,0,1,1,0,0,2,-1,2,1.5556,1.5572,0.4428,0.5572,0.0000,0.0000,1.0000,1,0.013249,0.00000159,0.007292,1.255359,-0.209500
2011-06-21,,2.7600,2.7550,18.8600,71.4976,55.230000,54.720667,0.128235,0.071752,0,1,1,1,0,3,1,2,1.4370,1.4411,0.5589,0.4411,0.0000,0.0000,1.0000,1,0.066666,0.00000119,0.031145,1.294456,-0.184880
2011-06-22,,2.7500,2.7500,18.5200,66.9082,54.831000,54.764772,0.128157,0.071984,1,1,1,1,0,4,3,3,1.5580,1.5573,0.4427,0.5573,0.0000,0.0000,1.0000,1,-0.022521,0.00000119,-0.010310,1.281111,-0.193284
2011-06-23,,2.7400,2.7500,19.2900,67.3913,55.340000,54.812972,0.127435,0.062292,1,1,1,1,0,4,3,4,1.8387,1.8415,0.1585,0.8415,0.0000,0.0000,1.0000,1,0.027676,0.00000079,0.020335,1.307163,-0.176879
2011-06-24,,2.7600,2.7500,21.1000,63.2850,54.380000,54.853622,0.129327,0.071494,0,0,1,0,0,1,-3,4,2.0258,2.0254,0.0000,0.9746,0.0254,0.0000,1.0000,1,-0.052666,0.00000040,-0.034476,1.262096,-0.205257
2011-06-27,,2.8300,2.7500,20.5600,65.4589,55.245000,54.897697,0.129123,0.071782,0,0,1,1,0,2,-1,1,1.5505,1.5543,0.4457,0.5543,0.0000,0.0000,1.0000,1,0.048593,0.00000079,0.025333,1.294069,-0.185124
2011-06-28,,2.8700,2.7500,19.1700,69.3237,56.070000,54.945047,0.128038,0.060543,0,1,1,1,0,3,1,2,1.4337,1.4366,0.5634,0.4366,0.0000,0.0000,1.0000,1,0.045138,0.00000079,0.021136,1.321420,-0.167901
2011-06-29,,2.8100,2.7500,17.2700,71.0145,56.300000,54.990297,0.127792,0.059870,0,1,1,1,0,3,1,3,1.5558,1.5562,0.4438,0.5562,0.0000,0.0000,1.0000,1,0.012267,0.00000119,0.006314,1.329763,-0.162648
2011-06-30,,2.7500,2.7500,16.5200,75.3623,57.050000,55.038297,0.126847,0.056540,1,1,1,1,0,4,3,3,1.6372,1.6393,0.3607,0.6393,0.0000,0.0000,1.0000,1,0.037995,0.00000079,0.020941,1.357610,-0.145112
2011-07-01,,2.7200,2.7500,15.8700,79.2271,57.910000,55.089097,0.126493,0.050229,1,1,1,1,0,4,3,4,1.8915,1.8928,0.1072,0.8928,0.0000,0.0000,1.0000,1,0.046698,0.00000119,0.028580,1.396410,-0.120680
2011-07-05,,2.6900,2.7500,16.0600,78.9855,58.200000,55.140397,0.125850,0.046527,1,1,1,1,0,4,3,4,2.0610,2.0612,0.0000,0.9388,0.0612,0.0000,1.0000,1,0.014058,0.00000079,0.009491,1.409664,-0.112334
2011-07-06,,2.7400,2.7500,16.3400,79.7101,58.390000,55.192372,0.125961,0.046992,1,1,1,1,0,4,3,4,2.1740,2.1747,0.0000,0.8253,0.1747,0.0000,1.0000,1,0.010084,0.00000079,0.006582,1.418942,-0.106491
2011-07-07,,2.7300,2.7500,15.9500,82.8502,59.190000,55.244172,0.125185,0.051934,1,1,1,1,0,4,3,4,2.2493,2.2502,0.0000,0.7498,0.2502,0.0000,1.0000,1,0.041061,0.00000040,0.031324,1.463388,-0.078503
2011-07-08,,2.6900,2.7450,15.9500,78.7440,59.030000,55.295222,0.125595,0.050140,1,1,1,1,0,4,3,4,2.2995,2.3009,0.0000,0.6991,0.3009,0.0000,1.0000,1,-0.008282,0.00000119,-0.006412,1.454005,-0.084412
2011-07-11,,2.7300,2.7400,18.3900,71.7391,57.960000,55.341572,0.126544,0.054422,1,1,1,1,0,4,3,4,2.3330,2.3312,0.0000,0.6688,0.3312,0.0000,1.0000,1,-0.053613,0.00000119,-0.040948,1.394467,-0.121904
2011-07-12,,2.7600,2.7400,19.8700,70.5314,57.520000,55.385822,0.127664,0.057909,0,1,1,1,0,3,1,4,2.3554,2.3537,0.0000,0.6463,0.3537,0.0000,1.0000,1,-0.024380,0.00000119,-0.019390,1.367427,-0.138930
2011-07-13,,2.7700,2.7400,19.9100,70.5314,57.760000,55.426322,0.126896,0.043882,0,1,1,1,0,3,1,3,2.1702,2.1697,0.0000,0.8303,0.1697,0.0000,1.0000,1,0.013329,0.00000119,0.011002,1.382471,-0.129457
2011-07-14,,2.7600,2.7400,20.8000,66.6667,57.090000,55.464822,0.127205,0.043992,0,0,1,1,0,2,-1,3,2.0468,2.0462,0.0000,0.9538,0.0462,0.0000,1.0000,1,-0.034407,0.00000040,-0.023200,1.350398,-0.149654
2011-07-15,,2.7600,2.7400,19.5300,66.9082,57.850000,55.507222,0.126661,0.045174,0,1,1,1,0,3,1,2,1.7645,1.7648,0.2352,0.7648,0.0000,0.0000,1.0000,1,0.039766,0.00000040,0.026408,1.386059,-0.127198
2011-07-18,,2.8000,2.7400,20.9500,61.1111,57.540000,55.548472,0.126483,0.043522,0,0,1,1,0,2,-1,3,1.7764,1.7764,0.2236,0.7764,0.0000,0.0000,1.0000,1,-0.016490,0.00000079,-0.009183,1.373331,-0.135213
2011-07-19,,2.8400,2.7400,19.2100,66.9880,58.850000,55.597372,0.125556,0.041658,0,1,1,1,0,3,1,2,1.5842,1.5874,0.4126,0.5874,0.0000,0.0000,1.0000,1,0.070519,0.00000079,0.037927,1.425417,-0.102414
2011-07-20,,2.7800,2.7400,19.0900,66.9880,58.600000,55.645322,0.126385,0.046454,0,1,1,1,0,3,1,3,1.6562,1.6539,0.3461,0.6539,0.0000,0.0000,1.0000,1,-0.013996,0.00000119,-0.007959,1.414073,-0.109558
2011-07-21,,2.8000,2.7400,17.5600,70.6024,58.990000,55.697872,0.126515,0.048023,0,1,1,1,0,3,1,3,1.7041,1.7054,0.2946,0.7054,0.0000,0.0000,1.0000,1,0.020279,0.00000079,0.012157,1.431264,-0.098732
2011-07-22,,2.7700,2.7400,17.5200,70.1205,59.600000,55.747572,0.125650,0.038817,0,1,1,1,0,3,1,3,1.7361,1.7381,0.2619,0.7381,0.0000,0.0000,1.0000,1,0.031073,0.00000198,0.017399,1.456166,-0.083051
2011-07-25,,2.7500,2.7400,19.3500,67.4699,59.480000,55.798822,0.126803,0.042439,0,1,1,1,0,3,1,3,1.7574,1.7587,0.2413,0.7587,0.0000,0.0000,1.0000,1,-0.005928,0.00000198,-0.002920,1.451915,-0.085729
2011-07-26,,2.7700,2.7400,20.2300,65.0602,59.625000,55.849897,0.126828,0.042626,0,0,1,1,0,2,-1,3,1.7716,1.7721,0.2279,0.7721,0.0000,0.0000,1.0000,1,0.005490,0.00000198,0.003308,1.456717,-0.082704
2011-07-27,,2.7600,2.7400,22.9800,55.1807,58.090000,55.891597,0.129096,0.057838,0,0,1,1,0,2,-1,2,1.5811,1.5762,0.4238,0.5762,0.0000,0.0000,1.0000,1,-0.075860,0.00000278,-0.041354,1.396476,-0.120638
2011-07-28,,2.7300,2.7400,23.7400,54.9398,58.190000,55.933697,0.128667,0.044490,1,0,1,1,0,3,1,2,1.4540,1.4544,0.5456,0.4544,0.0000,0.0000,1.0000,1,0.005334,0.00000317,0.002307,1.399698,-0.118610
2011-07-29,,2.7300,2.7400,25.2500,52.0482,58.000000,55.973147,0.128238,0.035693,1,0,1,1,0,3,1,3,1.5694,1.5705,0.4295,0.5705,0.0000,0.0000,1.0000,1,-0.009687,0.00000278,-0.004499,1.393401,-0.122575
2011-08-01,,2.7700,2.7400,23.6600,49.2788,57.730000,56.009197,0.129174,0.041286,0,0,0,1,0,1,-3,3,1.6462,1.6429,0.3571,0.6429,0.0000,0.0000,1.0000,1,-0.013510,0.00000397,-0.007225,1.383333,-0.128915
2011-08-02,,2.7700,2.7400,24.7900,36.2981,56.270000,56.038447,0.130289,0.047475,0,0,0,1,0,1,-3,1,1.2975,1.2930,0.7070,0.2930,0.0000,-0.0000,1.0000,1,-0.075907,0.00000397,-0.035242,1.334581,-0.159613
2011-08-03,,2.7400,2.7400,23.3800,38.7019,56.810000,56.065047,0.129587,0.043681,1,0,0,1,0,2,-1,1,1.0650,1.0654,0.9346,0.0654,0.0000,0.0000,1.0000,1,0.025933,0.00000238,0.010173,1.348158,-0.151064
2011-08-04,,2.7200,2.7400,31.6600,21.6346,54.170000,56.079397,0.131507,0.050358,1,0,0,0,0,1,-3,2,1.1100,1.1067,0.8933,0.1067,0.0000,0.0000,1.0000,1,-0.136098,0.00000079,-0.050908,1.279527,-0.194281
2011-08-05,,2.7700,2.7400,32.0000,20.9135,53.830000,56.094447,0.132786,0.052263,0,0,0,0,0,0,-5,1,0.9400,0.9390,0.9390,0.0000,0.0000,0.0610,0.9390,1,-0.022053,0.00000079,-0.004319,1.274000,-0.197762
2011-08-08,,2.7700,2.7400,48.0000,7.6923,50.590000,56.091597,0.134509,0.055347,0,0,0,0,0,0,-5,0,0.6267,0.6193,0.6193,0.0000,0.0000,0.3807,0.6193,1,-0.175681,0.00000040,-0.047271,1.213776,-0.235684
2011-08-09,,2.8800,2.7400,35.0600,18.2692,53.030000,56.100297,0.132746,0.043333,0,0,0,0,0,0,-5,0,0.4178,0.4259,0.4259,0.0000,0.0000,0.5741,0.4259,1,0.136958,0.00000198,0.022862,1.241525,-0.218211
2011-08-10,,3.0100,2.7400,42.9900,11.2981,50.860000,56.096397,0.136254,0.058244,0,0,0,0,0,0,-5,0,0.2785,0.2748,0.2748,0.0000,0.0000,0.7252,0.2748,1,-0.117945,0.00000119,-0.014854,1.223084,-0.229824
2011-08-11,,3.0300,2.7400,39.0000,19.7115,53.100000,56.102447,0.135899,0.051402,0,0,0,0,0,0,-5,0,0.1857,0.1901,0.1901,0.0000,0.0000,0.8099,0.1901,1,0.128365,0.00000079,0.009365,1.234538,-0.222611
2011-08-12,,3.1500,2.7400,36.3600,21.1538,53.570000,56.110147,0.134186,0.051034,0,0,0,0,0,0,-5,0,0.1238,0.1241,0.1241,0.0000,0.0000,0.8759,0.1241,1,0.025440,0.00000119,0.001481,1.236366,-0.221460
2011-08-15,,3.1400,2.7400,31.8700,27.8846,54.360000,56.120997,0.135881,0.063584,0,0,0,0,0,0,-5,0,0.0825,0.0834,0.0834,0.0000,0.0000,0.9166,0.0834,1,0.043142,0.00000079,0.001358,1.238045,-0.220403
2011-08-16,,3.1500,2.7400,32.8500,25.7212,53.900000,56.128997,0.136843,0.063913,0,0,0,0,0,0,-5,0,0.0550,0.0551,0.0551,0.0000,0.0000,0.9449,0.0551,1,-0.025700,0.00000079,-0.000751,1.237115,-0.220988
2011-08-17,,3.1200,2.7400,31.5800,25.9615,53.580000,56.135997,0.137816,0.071444,0,0,0,0,0,0,-5,0,0.0367,0.0364,0.0364,0.0000,0.0000,0.9636,0.0364,1,-0.016222,0.00000119,-0.000196,1.236872,-0.221141
2011-08-18,,3.1100,2.7400,42.6700,17.5481,50.950000,56.129647,0.142302,0.099234,0,0,0,0,0,0,-5,0,0.0245,0.0239,0.0239,0.0000,0.0000,0.9761,0.0239,1,-0.145016,0.00000040,-0.001542,1.234966,-0.222341
2011-08-19,,3.1200,2.7400,43.0500,14.4231,50.030000,56.115897,0.143777,0.112309,0,0,0,0,0,0,-5,0,0.0163,0.0162,0.0162,0.0000,0.0000,0.9838,0.0162,1,-0.056057,0.00000040,-0.000374,1.234503,-0.222633
2011-08-22,,3.1200,2.7400,42.4400,14.4231,50.210000,56.101847,0.143307,0.113441,0,0,0,0,0,0,-5,0,0.0109,0.0107,0.0107,0.0000,0.0000,0.9893,0.0107,1,0.008975,0.00000079,0.000168,1.234710,-0.222502
2011-08-23,,3.1300,2.7400,36.2700,22.5962,52.280000,56.094897,0.141232,0.106142,0,0,0,0,0,0,-5,0,0.0072,0.0075,0.0075,0.0000,0.0000,0.9925,0.0075,1,0.124528,0.00000040,0.000320,1.235106,-0.222253
2011-08-24,,3.1900,2.7400,35.9000,26.4423,52.690000,56.089997,0.142276,0.116648,0,0,0,0,0,0,-5,0,0.0048,0.0049,0.0049,0.0000,0.0000,0.9951,0.0049,1,0.022887,0.00000040,0.000032,1.235146,-0.222228
2011-08-25,,3.2100,2.7400,39.7600,22.5962,51.830000,56.080460,0.142114,0.104201,0,0,0,0,0,0,-5,0,0.0032,0.0032,0.0032,0.0000,0.0000,0.9968,0.0032,1,-0.048041,0.00000079,-0.000054,1.235079,-0.222270
2011-08-26,,3.2500,2.7400,35.5900,26.4423,53.130000,56.078860,0.139866,0.091889,0,0,0,0,0,0,-5,0,0.0021,0.0022,0.0022,0.0000,0.0000,0.9978,0.0022,1,0.072244,0.00000040,0.000051,1.235142,-0.222230
2011-08-29,,3.2500,2.7400,32.2800,32.6923,54.610000,56.083335,0.138658,0.083478,0,0,0,0,0,0,-5,0,0.0014,0.0015,0.0015,0.0000,0.0000,0.9985,0.0015,1,0.085106,0.00000040,0.000048,1.235201,-0.222193
2011-08-30,,3.2500,2.7400,32.8900,34.3750,54.970000,56.091260,0.138314,0.075869,0,0,0,0,0,0,-5,0,0.0010,0.0010,0.0010,0.0000,0.0000,0.9990,0.0010,1,0.020349,0.00000079,0.000005,1.235207,-0.222189
2011-08-31,,3.2200,2.7400,31.6200,35.8173,55.060000,56.104010,0.138643,0.076750,0,0,0,0,0,0,-5,0,0.0006,0.0006,0.0006,0.0000,0.0000,0.9994,0.0006,1,0.005825,0.00000040,0.000003,1.235211,-0.222187
2011-09-01,,3.2500,2.7400,31.8200,31.4904,54.560000,56.115235,0.139201,0.073626,0,0,0,0,0,0,-5,0,0.0004,0.0004,0.0004,0.0000,0.0000,0.9996,0.0004,1,-0.028226,0.00000079,-0.000003,1.235208,-0.222189
2011-09-02,,3.2300,2.7400,33.9200,27.6442,53.280000,56.124385,0.141303,0.092723,0,0,0,0,0,0,-5,0,0.0003,0.0003,0.0003,0.0000,0.0000,0.9997,0.0003,1,-0.070003,0.00000079,-0.000008,1.235198,-0.222195
2011-09-06,,3.1800,2.7400,37.0000,26.3789,53.290000,56.132835,0.141593,0.088003,0,0,0,0,0,0,-5,0,0.0002,0.0002,0.0002,0.0000,0.0000,0.9998,0.0002,1,-0.000160,0.00000079,-0.000001,1.235196,-0.222196
2011-09-07,,3.2100,2.7400,33.3800,32.6139,54.640000,56.143885,0.139247,0.069500,0,0,0,0,0,0,-5,0,0.0001,0.0001,0.0001,0.0000,0.0000,0.9999,0.0001,1,0.075607,0.00000079,0.000005,1.235202,-0.222192
2011-09-08,,3.2500,2.7400,34.3200,30.2158,54.390000,56.153485,0.140625,0.086410,0,0,0,0,0,0,-5,0,0.0001,0.0001,0.0001,0.0000,0.0000,0.9999,0.0001,1,-0.013850,0.00000079,0.000000,1.235202,-0.222192
2011-09-09,,3.2600,2.7400,38.5200,23.5012,53.180000,56.154835,0.141477,0.086170,0,0,0,0,0,0,-5,0,0.0001,0.0001,0.0001,0.0000,0.0000,0.9999,0.0001,1,-0.065843,0.00000079,-0.000001,1.235202,-0.222193
2011-09-12,,3.2800,2.7400,38.5900,23.7410,53.860000,56.163785,0.141725,0.082597,0,0,0,0,0,0,-5,0,0.0000,0.0000,0.0000,0.0000,0.0000,1.0000,0.0000,1,0.037506,0.00000040,0.000001,1.235203,-0.222192
2011-09-13,,3.2900,2.7400,36.9100,27.0983,54.580000,56.171085,0.141436,0.082722,0,0,0,0,0,0,-5,0,0.0000,0.0000,0.0000,0.0000,0.0000,1.0000,0.0000,1,0.038798,0.00000040,0.000001,1.235203,-0.222192
2011-09-14,,3.3200,2.7400,34.6000,29.9760,55.360000,56.183185,0.140320,0.074875,0,0,0,0,0,0,-5,0,0.0000,0.0000,0.0000,0.0000,0.0000,1.0000,0.0000,1,0.043198,0.00000040,0.000001,1.235204,-0.222191
2011-09-15,,3.3000,2.7400,31.9700,32.3741,56.180000,56.200435,0.139751,0.084244,0,0,0,0,0,0,-5,0,0.0000,0.0000,0.0000,0.0000,0.0000,1.0000,0.0000,1,0.045434,0.00000040,0.000001,1.235205,-0.222191
2011-09-16,,3.3100,2.7400,30.9800,35.4916,56.590000,56.222960,0.139812,0.085890,0,0,0,1,0,1,-3,0,0.0000,0.0000,0.0000,0.0000,0.0000,1.0000,0.0000,1,0.026132,0.00000040,0.000000,1.235206,-0.222190
2011-09-19,,3.3100,2.7400,32.7300,33.8129,56.610000,56.240060,0.140429,0.095617,0,0,0,1,0,1,-3,1,0.2000,0.2020,0.2020,0.0000,0.0000,0.7980,0.2020,1,0.002545,0.00000040,0.002501,1.238294,-0.220245
2011-09-20,,3.3100,2.7400,32.8600,33.3333,56.360000,56.253210,0.142631,0.097484,0,0,0,1,0,1,-3,1,0.3333,0.3312,0.3312,0.0000,0.0000,0.6688,0.3312,1,-0.014172,0.00000040,-0.002158,1.235623,-0.221928
2011-09-21,,3.3500,2.7400,37.3200,23.5012,55.380000,56.260760,0.144260,0.106863,0,0,0,0,0,0,-5,1,0.4222,0.4167,0.4167,0.0000,0.0000,0.5833,0.4167,1,-0.050854,0.00000040,-0.007795,1.225991,-0.227993
2011-09-22,,3.2600,2.7400,41.3500,19.6172,53.580000,56.259435,0.146553,0.125920,0,0,0,0,0,0,-5,0,0.2815,0.2801,0.2801,0.0000,0.0000,0.7199,0.2801,1,-0.097300,0.00000040,-0.012719,1.210398,-0.237812
2011-09-23,,3.3200,2.7400,41.2500,20.3349,54.150000,56.260785,0.147129,0.131426,0,0,0,0,0,0,-5,0,0.1877,0.1905,0.1905,0.0000,0.0000,0.8095,0.1905,1,0.031183,0.00000000,0.001240,1.211899,-0.236867
2011-09-26,,3.3100,2.7400,39.0200,23.4450,54.780000,56.264285,0.144873,0.125167,0,0,0,0,0,0,-5,0,0.1251,0.1258,0.1258,0.0000,0.0000,0.8742,0.1258,1,0.033920,0.00000040,0.001766,1.214038,-0.235519
2011-09-27,,3.3700,2.7400,37.7100,27.5120,55.350000,56.270360,0.143781,0.119951,0,0,0,0,0,0,-5,0,0.0834,0.0829,0.0829,0.0000,0.0000,0.9171,0.0829,1,0.030582,0.00000079,0.001580,1.215956,-0.234312
2011-09-28,,3.3900,2.7400,41.0800,21.0526,54.530000,56.270535,0.145295,0.132957,0,0,0,0,0,0,-5,0,0.0556,0.0546,0.0546,0.0000,0.0000,0.9454,0.0546,1,-0.047104,0.00000040,-0.000706,1.215098,-0.234852
2011-09-29,,3.3500,2.7400,38.8400,22.2488,53.880000,56.268435,0.146489,0.141169,0,0,0,0,0,0,-5,0,0.0371,0.0361,0.0361,0.0000,0.0000,0.9639,0.0361,1,-0.029478,0.00000079,-0.000164,1.214899,-0.234978
2011-09-30,,3.3000,2.7400,42.9600,19.3780,52.490000,56.258910,0.148564,0.156114,0,0,0,0,0,0,-5,0,0.0247,0.0244,0.0244,0.0000,0.0000,0.9756,0.0244,1,-0.077883,0.00000079,-0.000793,1.213935,-0.235584
2011-10-03,,3.3000,2.7400,45.4500,13.6364,51.140000,56.243810,0.149277,0.154225,0,0,0,0,0,0,-5,0,0.0165,0.0162,0.0162,0.0000,0.0000,0.9838,0.0162,1,-0.078376,0.00000079,-0.000499,1.213329,-0.235966
2011-10-04,,3.3100,2.7400,40.8200,15.5502,52.190000,56.231860,0.145362,0.126590,0,0,0,0,0,0,-5,0,0.0110,0.0113,0.0113,0.0000,0.0000,0.9887,0.0113,1,0.060848,0.00000079,0.000173,1.213539,-0.235834
2011-10-05,,3.3300,2.7400,37.8100,16.9856,53.530000,56.226910,0.142807,0.103292,0,0,0,0,0,0,-5,0,0.0073,0.0075,0.0075,0.0000,0.0000,0.9925,0.0075,1,0.076021,0.00000040,0.000177,1.213754,-0.235698
2011-10-06,,3.3600,2.7400,36.2700,20.8134,54.430000,56.226260,0.142759,0.110452,0,0,0,0,0,0,-5,0,0.0049,0.0050,0.0050,0.0000,0.0000,0.9950,0.0050,1,0.051382,0.00000000,0.000079,1.213850,-0.235638
2011-10-07,,3.3400,2.7400,36.2000,21.0526,54.070000,56.222160,0.144326,0.118947,0,0,0,0,0,0,-5,0,0.0033,0.0032,0.0032,0.0000,0.0000,0.9968,0.0032,1,-0.020619,0.00000040,-0.000022,1.213823,-0.235655
2011-10-10,,3.3200,2.7400,33.0200,29.4258,55.940000,56.227435,0.142373,0.112642,0,0,0,0,0,0,-5,0,0.0022,0.0022,0.0022,0.0000,0.0000,0.9978,0.0022,1,0.102605,0.00000040,0.000093,1.213935,-0.235584
2011-10-11,,3.3200,2.7400,32.8600,27.9904,56.320000,56.235325,0.140936,0.104718,0,0,0,1,0,1,-3,0,0.0014,0.0015,0.0015,0.0000,0.0000,0.9985,0.0015,1,0.021356,0.00000040,0.000008,1.213945,-0.235578
2011-10-12,,3.3200,2.7400,31.2600,30.1435,56.600000,56.244475,0.139379,0.100159,0,0,0,1,0,1,-3,1,0.2010,0.2002,0.2002,0.0000,0.0000,0.7998,0.2002,1,0.016060,0.00000079,-0.000961,1.212778,-0.236313
2011-10-13,,3.3300,2.7400,30.7000,30.8612,57.120000,56.256725,0.139656,0.095396,0,0,0,1,0,1,-3,1,0.3340,0.3364,0.3364,0.0000,0.0000,0.6636,0.3364,1,0.026848,0.00000079,0.003308,1.216789,-0.233787
2011-10-14,,3.2900,2.7400,28.2400,35.4067,58.180000,56.273675,0.138615,0.087162,0,0,0,1,0,1,-3,1,0.4227,0.4241,0.4241,0.0000,0.0000,0.5759,0.4241,1,0.055075,0.00000079,0.006734,1.224984,-0.228627
2011-10-17,,3.2600,2.7400,33.3900,29.9043,57.280000,56.286775,0.140730,0.107219,0,0,0,1,0,1,-3,1,0.4818,0.4790,0.4790,0.0000,0.0000,0.5210,0.4790,1,-0.046288,0.00000079,-0.007210,1.216151,-0.234189
2011-10-18,,3.2600,2.7400,31.5600,35.8852,57.990000,56.304425,0.139011,0.088187,0,0,0,1,0,1,-3,1,0.5212,0.5246,0.5246,0.0000,0.0000,0.4754,0.5246,1,0.036270,0.00000159,0.006525,1.224086,-0.229192
2011-10-19,,3.2300,2.7400,34.4400,31.1005,56.870000,56.312450,0.140799,0.100077,0,0,0,1,0,1,-3,1,0.5475,0.5438,0.5438,0.0000,0.0000,0.4562,0.5438,1,-0.057656,0.00000159,-0.010489,1.211247,-0.237277
2011-10-20,,3.2100,2.7400,34.7800,33.2536,56.590000,56.316700,0.140967,0.085654,0,0,0,1,0,1,-3,1,0.5650,0.5640,0.5640,0.0000,0.0000,0.4360,0.5640,1,-0.012696,0.00000119,-0.002768,1.207895,-0.239388
2011-10-21,,3.2000,2.7400,31.3200,40.9091,57.300000,56.323600,0.140679,0.088879,0,0,0,1,0,1,-3,1,0.5766,0.5772,0.5772,0.0000,0.0000,0.4228,0.5772,1,0.035569,0.00000119,0.007099,1.216470,-0.233988
2011-10-24,,3.1800,2.7400,29.2600,44.4976,58.490000,56.336700,0.138378,0.076722,0,0,0,1,0,1,-3,1,0.5844,0.5885,0.5885,0.0000,0.0000,0.4115,0.5885,1,0.062482,0.00000079,0.012095,1.231183,-0.224723
2011-10-25,,3.1600,2.7400,32.2200,39.7129,57.340000,56.343000,0.139538,0.076663,0,0,0,1,0,1,-3,1,0.5896,0.5857,0.5857,0.0000,0.0000,0.4143,0.5857,1,-0.056695,0.00000079,-0.011603,1.216897,-0.233719
2011-10-26,,3.1400,2.7400,29.8600,42.3445,57.270000,56.348550,0.138697,0.063917,0,0,0,1,0,1,-3,1,0.5931,0.5915,0.5915,0.0000,0.0000,0.4085,0.5915,1,-0.003953,0.00000040,-0.000756,1.215978,-0.234298
2011-10-27,,3.1000,2.7400,25.4600,52.6316,58.850000,56.360025,0.138507,0.069524,0,0,1,1,0,2,-1,1,0.5954,0.5963,0.5963,0.0000,0.0000,0.4037,0.5963,1,0.080586,0.00000079,0.016312,1.235813,-0.221808
2011-10-28,,3.0400,2.7400,24.5300,53.5885,58.940000,56.371850,0.136120,0.037511,0,0,1,1,0,2,-1,2,0.7969,0.7981,0.7981,0.0000,0.0000,0.2019,0.7981,1,0.003308,0.00000079,0.002369,1.238740,-0.219964
2011-10-31,,2.9900,2.7400,29.9600,44.7368,57.950000,56.376600,0.138845,0.047682,0,0,0,1,0,1,-3,2,0.9313,0.9308,0.9308,0.0000,0.0000,0.0692,0.9308,1,-0.049555,0.00000040,-0.014485,1.220797,-0.231263
2011-11-01,,3.0200,2.7400,34.7700,36.6029,56.440000,56.373000,0.139834,0.043021,0,0,0,1,0,1,-3,1,0.8209,0.8206,0.8206,0.0000,0.0000,0.1794,0.8206,1,-0.077436,0.00000040,-0.024068,1.191415,-0.249765
2011-11-02,,3.0300,2.7400,32.7400,42.3445,56.920000,56.375050,0.139977,0.057508,0,0,0,1,0,1,-3,1,0.7472,0.7469,0.7469,0.0000,0.0000,0.2531,0.7469,1,0.024636,0.00000040,0.007083,1.199853,-0.244452
2011-11-03,,3.0300,2.7400,30.5000,47.3684,58.100000,56.385000,0.139168,0.024045,0,0,0,1,0,1,-3,1,0.6982,0.7008,0.7008,0.0000,0.0000,0.2992,0.7008,1,0.060863,0.00000040,0.014840,1.217659,-0.233240
2011-11-04,,3.0400,2.7400,30.1600,47.3684,57.800000,56.395600,0.139384,0.027425,0,0,0,1,0,1,-3,1,0.6654,0.6655,0.6655,0.0000,0.0000,0.3345,0.6655,1,-0.015495,0.00000040,-0.003631,1.213237,-0.236024
2011-11-07,,3.0600,2.7400,29.8500,48.3254,58.210000,56.404400,0.139276,0.040551,0,0,0,1,0,1,-3,1,0.6436,0.6454,0.6454,0.0000,0.0000,0.3546,0.6454,1,0.022242,0.00000040,0.004551,1.218758,-0.232547
2011-11-08,,3.0200,2.7400,27.4800,53.1100,58.880000,56.416137,0.138333,0.019128,0,0,1,1,0,2,-1,1,0.6291,0.6301,0.6301,0.0000,0.0000,0.3699,0.6301,1,0.033338,0.00000040,0.007348,1.227714,-0.226908
2011-11-09,,3.0500,2.7400,36.1600,38.7560,56.810000,56.416037,0.140588,0.028190,0,0,0,1,0,1,-3,2,0.8194,0.8170,0.8170,0.0000,0.0000,0.1830,0.8170,1,-0.103435,0.00000040,-0.025209,1.196765,-0.246397
2011-11-10,,3.0800,2.7400,32.8100,42.1053,56.780000,56.414037,0.140203,0.017987,0,0,0,1,0,1,-3,1,0.7463,0.7443,0.7443,0.0000,0.0000,0.2557,0.7443,1,-0.004122,0.00000040,0.000316,1.197143,-0.246159
2011-11-11,,3.1400,2.7400,30.0400,49.2823,57.850000,56.424637,0.139586,-0.021109,0,0,0,1,1,2,-1,1,0.6975,0.6997,0.6997,0.0000,0.0000,0.3003,0.6997,1,0.056130,0.00000040,0.013514,1.213321,-0.235971
2011-11-14,,3.1400,2.7400,31.1300,45.6938,57.490000,56.431987,0.139248,-0.035086,0,0,0,1,1,2,-1,2,0.8650,0.8646,0.8646,0.0000,0.0000,0.1354,0.8646,1,-0.016976,0.00000040,-0.004961,1.207302,-0.239761
2011-11-15,,3.1300,2.7400,31.2200,49.2823,58.130000,56.437387,0.138797,-0.035195,0,0,0,1,1,2,-1,2,0.9767,0.9770,0.9770,0.0000,0.0000,0.0230,0.9770,1,0.032146,0.00000040,0.011167,1.220784,-0.231272
2011-11-16,,3.1400,2.7400,33.5100,43.0622,57.170000,56.438462,0.139346,-0.014230,0,0,0,1,1,2,-1,2,1.0511,1.0506,0.9494,0.0506,0.0000,0.0000,1.0000,1,-0.049290,0.00000040,-0.016946,1.200096,-0.244299
2011-11-17,,3.1700,2.7400,34.5100,36.6029,55.830000,56.432325,0.140862,-0.010278,0,0,0,0,1,1,-3,2,1.1007,1.0989,0.9011,0.0989,0.0000,0.0000,1.0000,1,-0.068771,0.00000040,-0.025524,1.169465,-0.263587
2011-11-18,,3.1600,2.7400,32.0000,36.8421,55.400000,56.422450,0.141992,-0.000902,0,0,0,0,1,1,-3,1,0.9338,0.9333,0.9333,0.0000,0.0000,0.0667,0.9333,1,-0.023987,0.00000079,-0.007289,1.160940,-0.268955
2011-11-21,,3.1400,2.7400,32.9100,32.0574,54.340000,56.405900,0.142945,0.022333,0,0,0,0,0,0,-5,1,0.8226,0.8216,0.8216,0.0000,0.0000,0.1784,0.8216,1,-0.058086,0.00000040,-0.017204,1.140968,-0.281532
2011-11-22,,3.1500,2.7400,31.9700,31.5789,54.520000,56.388375,0.141748,0.021892,0,0,0,0,0,0,-5,0,0.5484,0.5499,0.5499,0.0000,0.0000,0.4501,0.5499,1,0.008698,0.00000079,0.001009,1.142119,-0.280807
2011-11-23,,3.1700,2.7400,33.9800,23.4450,53.290000,56.365175,0.142673,0.030194,0,0,0,0,0,0,-5,0,0.3656,0.3620,0.3620,0.0000,0.0000,0.6380,0.3620,1,-0.066470,0.00000079,-0.009688,1.131054,-0.287774
2011-11-25,,3.1500,2.7400,34.4700,23.6277,52.880000,56.339470,0.143674,0.034537,0,0,0,0,0,0,-5,0,0.2437,0.2430,0.2430,0.0000,0.0000,0.7570,0.2430,1,-0.022669,0.00000079,-0.002344,1.128403,-0.289444
2011-11-28,,3.1800,2.7400,32.1300,32.2196,54.720000,56.320870,0.141383,0.015516,0,0,0,0,0,0,-5,0,0.1625,0.1639,0.1639,0.0000,0.0000,0.8361,0.1639,1,0.103264,0.00000079,0.007555,1.136928,-0.284076
2011-11-29,,3.1900,2.7400,30.6400,33.4129,54.380000,56.299870,0.142524,0.008806,0,0,0,0,0,0,-5,0,0.1083,0.1078,0.1078,0.0000,0.0000,0.8922,0.1078,1,-0.018067,0.00000119,-0.000755,1.136070,-0.284616
2011-11-30,,3.2200,2.7400,27.8000,46.3007,56.390000,56.289320,0.140851,-0.005599,0,0,0,1,1,2,-1,0,0.0722,0.0729,0.0729,0.0000,0.0000,0.9271,0.0729,1,0.109755,0.00000079,0.003588,1.140146,-0.282049
2011-12-01,,3.2400,2.7400,27.4100,44.8687,56.780000,56.278815,0.140474,0.009154,0,0,0,1,0,1,-3,2,0.4481,0.4499,0.4499,0.0000,0.0000,0.5501,0.4499,1,0.021439,0.00000040,0.003092,1.143671,-0.279830
2011-12-02,,3.3000,2.7400,27.5200,45.5847,56.620000,56.267615,0.139156,-0.010958,0,0,0,1,1,2,-1,1,0.4988,0.4956,0.4956,0.0000,0.0000,0.5044,0.4956,1,-0.009515,0.00000040,-0.001855,1.141550,-0.281165
2011-12-05,,3.2400,2.7400,27.8400,49.1647,57.240000,56.260165,0.138726,-0.021171,0,0,0,1,1,2,-1,2,0.7325,0.7317,0.7317,0.0000,0.0000,0.2683,0.7317,1,0.032772,0.00000079,0.004360,1.146527,-0.278031
2011-12-06,,3.2500,2.7400,28.1300,49.1647,57.080000,56.260415,0.139078,-0.020208,0,0,0,1,1,2,-1,2,0.8883,0.8880,0.8880,0.0000,0.0000,0.1120,0.8880,1,-0.007658,0.00000040,-0.002650,1.143488,-0.279945
2011-12-07,,3.2600,2.7400,28.6700,49.4033,57.080000,56.263015,0.138365,-0.023400,0,0,0,1,1,2,-1,2,0.9922,0.9922,0.9922,0.0000,0.0000,0.0078,0.9922,1,0.001514,0.00000040,0.000309,1.143841,-0.279722
2011-12-08,,3.2600,2.7400,30.5900,40.0955,56.120000,56.259340,0.139411,-0.006726,0,0,0,0,1,1,-3,2,1.0615,1.0609,0.9391,0.0609,0.0000,0.0000,1.0000,1,-0.050920,0.00000079,-0.017433,1.123901,-0.292279
2011-12-09,,3.2600,2.7400,26.3800,49.1647,57.020000,56.256190,0.138834,-0.006815,0,0,0,1,1,2,-1,1,0.9077,0.9088,0.9088,0.0000,0.0000,0.0912,0.9088,1,0.047418,0.00000040,0.014907,1.140655,-0.281729
2011-12-12,,3.2800,2.7400,25.6700,41.7661,56.380000,56.249245,0.139683,-0.000947,0,0,0,1,1,2,-1,2,1.0051,1.0051,0.9949,0.0051,0.0000,0.0000,1.0000,1,-0.032813,0.00000040,-0.010283,1.128926,-0.289115
2011-12-13,,3.2700,2.7400,25.4100,40.3341,55.760000,56.243845,0.141528,0.008004,0,0,0,0,0,0,-5,2,1.0701,1.0689,0.9311,0.0689,0.0000,0.0000,1.0000,1,-0.033783,0.00000040,-0.012241,1.115107,-0.297817
2011-12-14,,3.2900,2.7400,26.0400,37.7088,54.890000,56.232595,0.142147,-0.003438,0,0,0,0,1,1,-3,0,0.7134,0.7110,0.7110,0.0000,0.0000,0.2890,0.7110,1,-0.046518,0.00000040,-0.012603,1.101053,-0.306666
2011-12-15,,3.2400,2.7400,25.1100,39.8568,54.740000,56.214970,0.143348,-0.006619,0,0,0,0,1,1,-3,1,0.6756,0.6731,0.6731,0.0000,0.0000,0.3269,0.6731,1,-0.007768,0.00000040,-0.001532,1.099367,-0.307728
2011-12-16,,3.2700,2.7400,24.2900,42.0048,54.860000,56.199433,0.142035,-0.033217,0,0,0,0,1,1,-3,1,0.6504,0.6503,0.6503,0.0000,0.0000,0.3497,0.6503,1,0.012528,0.00000000,0.001479,1.100993,-0.306704
2011-12-19,,3.2600,2.7400,24.9200,37.7088,54.320000,56.185083,0.142489,-0.033410,0,0,0,0,1,1,-3,1,0.6336,0.6305,0.6305,0.0000,0.0000,0.3695,0.6305,1,-0.027684,0.00000000,-0.006172,1.094198,-0.310983
2011-12-20,,3.2600,2.7400,23.2200,44.8687,55.930000,56.177633,0.141249,-0.026667,0,0,0,0,1,1,-3,1,0.6224,0.6255,0.6255,0.0000,0.0000,0.3745,0.6255,1,0.088753,0.00000040,0.018525,1.114468,-0.298219
2011-12-21,,3.2700,2.7400,21.4300,46.4286,55.130000,56.168133,0.143070,-0.005223,0,0,0,0,1,1,-3,1,0.6149,0.6128,0.6128,0.0000,0.0000,0.3872,0.6128,1,-0.041634,0.00000040,-0.008865,1.104588,-0.304440
2011-12-22,,3.3000,2.7400,21.1600,49.0476,55.600000,56.165433,0.141973,-0.024872,0,0,0,0,1,1,-3,1,0.6100,0.6116,0.6116,0.0000,0.0000,0.3884,0.6116,1,0.024389,0.00000040,0.005202,1.110334,-0.300822
2011-12-23,,3.2900,2.7400,20.7300,51.9048,56.080000,56.163383,0.141625,-0.036158,0,0,1,0,1,2,-1,1,0.6066,0.6083,0.6083,0.0000,0.0000,0.3917,0.6083,1,0.025891,0.00000040,0.005241,1.116153,-0.297158
2011-12-27,,3.3200,2.7450,21.9100,52.6190,56.240000,56.163133,0.142659,-0.044428,0,0,1,1,1,3,1,2,0.8044,0.8051,0.8051,0.0000,0.0000,0.1949,0.8051,1,0.007689,0.00000040,0.002502,1.118946,-0.295399
2011-12-28,,3.3000,2.7500,23.5200,49.0476,55.590000,56.163633,0.144036,-0.039867,0,0,0,0,1,1,-3,3,1.1363,1.1352,0.8648,0.1352,0.0000,-0.0000,1.0000,1,-0.032101,0.00000079,-0.012602,1.104845,-0.304279
2011-12-29,,3.2500,2.7500,22.6500,54.0476,55.990000,56.172833,0.143673,-0.013049,0,0,1,0,1,2,-1,1,0.9575,0.9577,0.9577,0.0000,0.0000,0.0423,0.9577,1,0.019334,0.00000040,0.006962,1.112536,-0.299435
2011-12-30,,3.2800,2.7500,23.4000,52.8571,55.830000,56.178733,0.143347,0.004143,0,0,1,0,0,1,-3,2,1.0383,1.0383,0.9617,0.0383,0.0000,0.0000,1.0000,1,-0.008023,0.00000079,-0.002776,1.109447,-0.301380
2012-01-03,,3.2700,2.7500,22.9700,56.1905,56.900000,56.190983,0.138594,-0.031934,0,0,1,1,1,3,1,1,0.8922,0.8922,0.8922,0.0000,0.0000,0.1078,0.8922,1,0.056919,0.00000079,0.019851,1.131470,-0.287512
2012-01-04,,3.2900,2.7500,22.2200,55.0000,57.140000,56.199183,0.137588,-0.051525,0,0,1,1,1,3,1,3,1.1948,1.1956,0.8044,0.1956,0.0000,0.0000,1.0000,1,0.011967,0.00000079,0.005382,1.137560,-0.283678
2012-01-05,,3.3000,2.7500,21.4800,55.9524,57.610000,56.210258,0.137496,-0.036680,0,0,1,1,1,3,1,3,1.3965,1.3988,0.6012,0.3988,0.0000,0.0000,1.0000,1,0.024615,0.00000079,0.011782,1.150963,-0.275238
2012-01-06,,3.2700,2.7550,20.6300,55.0000,57.810000,56.220758,0.137108,-0.028980,0,0,1,1,1,3,1,3,1.5310,1.5317,0.4683,0.5317,0.0000,0.0000,1.0000,1,0.010333,0.00000079,0.004932,1.156639,-0.271664
2012-01-09,,3.2700,2.7600,21.0700,56.1905,57.620000,56.225358,0.136971,-0.018318,0,0,1,1,1,3,1,3,1.6207,1.6193,0.3807,0.6193,0.0000,0.0000,1.0000,1,-0.008368,0.00000079,-0.005125,1.150711,-0.275396
2012-01-10,,3.2800,2.7600,20.6900,64.7619,58.040000,56.231358,0.135987,-0.028154,0,0,1,1,1,3,1,3,1.6805,1.6797,0.3203,0.6797,0.0000,0.0000,1.0000,1,0.020496,0.00000040,0.011472,1.163912,-0.267084
2012-01-11,,3.2500,2.7600,21.0500,65.0000,58.160000,56.239508,0.135294,-0.025251,0,0,1,1,1,3,1,3,1.7203,1.7208,0.2792,0.7208,0.0000,0.0000,1.0000,1,0.006956,0.00000079,0.003835,1.168376,-0.264273
2012-01-12,,3.2700,2.7600,20.4700,65.4762,58.390000,56.246058,0.134777,-0.045566,0,0,1,1,1,3,1,3,1.7469,1.7473,0.2527,0.7473,0.0000,0.0000,1.0000,1,0.011864,0.00000079,0.007025,1.176584,-0.259105
2012-01-13,,3.2700,2.7600,20.9100,62.2328,58.180000,56.250208,0.135400,-0.027301,0,0,1,1,1,3,1,3,1.7646,1.7649,0.2351,0.7649,0.0000,0.0000,1.0000,1,-0.011468,0.00000119,-0.006170,1.169325,-0.263676
2012-01-17,,3.2400,2.7650,22.2000,64.6081,58.710000,56.256608,0.134761,-0.045791,0,0,1,1,1,3,1,3,1.7764,1.7762,0.2238,0.7762,0.0000,0.0000,1.0000,1,0.026850,0.00000119,0.014673,1.186482,-0.252872
2012-01-18,,3.2400,2.7700,20.8900,68.6461,59.490000,56.266758,0.133249,-0.058846,0,0,1,1,1,3,1,3,1.7843,1.7859,0.2141,0.7859,0.0000,0.0000,1.0000,1,0.039726,0.00000119,0.023780,1.214696,-0.235105
2012-01-19,,3.2500,2.7700,19.8700,72.2090,59.860000,56.279708,0.131447,-0.069592,0,1,1,1,1,4,3,3,1.7895,1.7898,0.2102,0.7898,0.0000,0.0000,1.0000,1,0.020018,0.00000119,0.011729,1.228943,-0.226134
2012-01-20,,3.2200,2.7700,18.2800,73.1591,59.770000,56.292958,0.131557,-0.051666,0,1,1,1,1,4,3,4,1.9930,1.9930,0.0070,0.9930,0.0000,0.0000,1.0000,1,-0.004428,0.00000198,-0.001886,1.226625,-0.227593
2012-01-23,,3.2400,2.7700,18.6700,73.3967,59.790000,56.305608,0.132019,-0.057634,0,1,1,1,1,4,3,4,2.1287,2.1286,0.0000,0.8714,0.1286,0.0000,1.0000,1,-0.000120,0.00000198,0.000111,1.226762,-0.227508
2012-01-24,,3.2400,2.7700,18.9100,75.0594,59.680000,56.317908,0.131105,-0.057893,0,1,1,1,1,4,3,4,2.2191,2.2194,0.0000,0.7806,0.2194,0.0000,1.0000,1,-0.005531,0.00000159,-0.003668,1.222261,-0.230341
2012-01-25,,3.2500,2.7700,18.3100,78.1473,60.430000,56.335308,0.132167,-0.047623,0,1,1,1,1,4,3,4,2.2794,2.2798,0.0000,0.7202,0.2798,-0.0000,1.0000,1,0.038203,0.00000159,0.027795,1.256234,-0.208948
2012-01-26,,3.3100,2.7750,18.5700,77.6722,60.220000,56.352608,0.133303,-0.021221,0,1,1,1,1,4,3,4,2.3196,2.3180,0.0000,0.6820,0.3180,0.0000,1.0000,1,-0.010597,0.00000159,-0.008483,1.245578,-0.215659
2012-01-27,,3.2800,2.7850,18.5300,77.1971,60.400000,56.372758,0.131733,-0.053802,0,1,1,1,1,4,3,4,2.3464,2.3478,0.0000,0.6522,0.3478,0.0000,1.0000,1,0.009886,0.00000198,0.008148,1.255727,-0.209268
2012-01-30,,3.2800,2.7950,19.4000,75.7720,60.450000,56.390758,0.131347,-0.065355,0,1,1,1,1,4,3,4,2.3643,2.3664,0.0000,0.6336,0.3664,0.0000,1.0000,1,0.001631,0.00000238,0.001483,1.257589,-0.208096
2012-01-31,,3.2500,2.8000,19.4400,77.4347,60.530000,56.409658,0.132044,-0.060014,0,1,1,1,1,4,3,4,2.3762,2.3753,0.0000,0.6247,0.3753,0.0000,1.0000,1,0.003492,0.00000198,0.002771,1.261074,-0.205901
2012-02-01,,3.2400,2.8050,18.5500,81.7102,61.020000,56.431508,0.131350,-0.058943,0,1,1,1,1,4,3,4,2.3841,2.3846,0.0000,0.6154,0.3846,0.0000,1.0000,1,0.024578,0.00000238,0.019046,1.285092,-0.190777
2012-02-02,,3.2500,2.8200,17.9800,82.8979,61.220000,56.456358,0.130916,-0.064232,0,1,1,1,1,4,3,4,2.3894,2.3895,0.0000,0.6105,0.3895,-0.0000,1.0000,1,0.010299,0.00000238,0.008211,1.295643,-0.184133
2012-02-03,,3.2500,2.8350,17.1000,86.9359,62.050000,56.483608,0.129330,-0.076099,0,1,1,1,1,4,3,4,2.3929,2.3937,0.0000,0.6063,0.3937,0.0000,1.0000,1,0.039763,0.00000317,0.032113,1.337250,-0.157933
2012-02-06,,3.2600,2.8550,17.7600,85.9857,62.000000,56.504233,0.128970,-0.071161,0,1,1,1,1,4,3,4,2.3953,2.3962,0.0000,0.6038,0.3962,0.0000,1.0000,1,-0.000970,0.00000317,-0.000917,1.336023,-0.158705
2012-02-07,,3.2200,2.8750,17.6500,85.9857,62.130000,56.523183,0.129572,-0.085758,0,1,1,1,1,4,3,4,2.3969,2.3970,0.0000,0.6030,0.3970,-0.0000,1.0000,1,0.004312,0.00000317,0.004057,1.341444,-0.155292
2012-02-08,,3.1900,2.9350,18.1600,87.1734,62.460000,56.543033,0.129336,-0.084280,0,1,1,1,1,4,3,4,2.3979,2.3993,0.0000,0.6007,0.3993,0.0000,1.0000,1,0.016642,0.00000317,0.012181,1.357784,-0.145002
2012-02-09,,3.1700,3.0000,18.6300,86.2233,62.910000,56.563483,0.128805,-0.082545,0,1,1,1,1,4,3,4,2.3986,2.3995,0.0000,0.6005,0.3995,0.0000,1.0000,1,0.022179,0.00000357,0.018074,1.382325,-0.129549
2012-02-10,,3.1800,3.0150,20.7900,85.0356,62.475000,56.579758,0.129502,-0.074954,0,0,1,1,1,3,1,4,2.3991,2.3990,0.0000,0.6010,0.3990,0.0000,1.0000,1,-0.021388,0.00000357,-0.016987,1.358844,-0.144335
2012-02-13,,3.1700,3.0200,19.0400,86.2233,63.050000,56.599358,0.128398,-0.080436,0,1,1,1,1,4,3,3,2.1994,2.1997,0.0000,0.8003,0.1997,0.0000,1.0000,1,0.026964,0.00000357,0.020852,1.387179,-0.126493
2012-02-14,,3.1900,3.0250,19.5400,84.7981,63.210000,56.620008,0.128597,-0.084045,0,1,1,1,1,4,3,4,2.2663,2.2672,0.0000,0.7328,0.2672,0.0000,1.0000,1,0.008699,0.00000436,0.006445,1.396119,-0.120863
2012-02-15,,3.1800,3.0300,21.1400,83.8480,62.770000,56.639008,0.128939,-0.093281,0,0,1,1,1,3,1,4,2.3108,2.3082,0.0000,0.6918,0.3082,0.0000,1.0000,1,-0.022321,0.00000476,-0.017068,1.372291,-0.135868
2012-02-16,,3.1900,3.0300,19.2200,89.0736,63.630000,56.663708,0.128887,-0.102934,0,1,1,1,1,4,3,3,2.1406,2.1422,0.0000,0.8578,0.1422,0.0000,1.0000,1,0.041803,0.00000436,0.030031,1.413502,-0.109917
2012-02-17,,3.1700,3.0350,17.7800,86.9359,63.430000,56.687858,0.128473,-0.115416,0,1,1,1,1,4,3,4,2.2270,2.2265,0.0000,0.7735,0.2265,0.0000,1.0000,1,-0.008505,0.00000397,-0.006766,1.403938,-0.115940
2012-02-21,,3.1700,3.0400,18.1900,86.4608,63.610000,56.714508,0.127940,-0.111537,0,1,1,1,1,4,3,4,2.2847,2.2851,0.0000,0.7149,0.2851,0.0000,1.0000,1,0.008477,0.00000357,0.005837,1.412133,-0.110779
2012-02-22,,3.1500,3.0450,18.1900,85.7482,63.330000,56.738808,0.128499,-0.115943,0,1,1,1,1,4,3,4,2.3231,2.3227,0.0000,0.6773,0.3227,0.0000,1.0000,1,-0.013209,0.00000317,-0.009960,1.398069,-0.119635
2012-02-23,,3.1500,3.0550,16.8000,86.6983,63.730000,56.764008,0.127826,-0.129541,0,1,1,1,1,4,3,4,2.3488,2.3497,0.0000,0.6503,0.3497,0.0000,1.0000,1,0.018962,0.00000357,0.015302,1.419462,-0.106164
2012-02-24,,3.1400,3.0700,17.3100,86.9359,63.960000,56.787858,0.128095,-0.107511,0,1,1,1,1,4,3,4,2.3658,2.3661,0.0000,0.6339,0.3661,0.0000,1.0000,1,0.009753,0.00000357,0.007728,1.430431,-0.099256
2012-02-27,,3.1200,3.0900,18.1900,86.6983,64.050000,56.814333,0.127843,-0.117685,0,1,1,1,1,4,3,4,2.3772,2.3792,0.0000,0.6208,0.3792,0.0000,1.0000,1,0.004831,0.00000397,0.003414,1.435316,-0.096181
2012-02-28,,3.1200,3.1050,17.9600,86.9359,64.700000,56.842283,0.126855,-0.109364,0,1,1,1,1,4,3,4,2.3848,2.3870,0.0000,0.6130,0.3870,0.0000,1.0000,1,0.029916,0.00000476,0.023952,1.469694,-0.074533
2012-02-29,,3.1200,3.1150,18.4300,86.4608,64.410000,56.872283,0.127317,-0.102689,0,1,1,1,1,4,3,4,2.3899,2.3884,0.0000,0.6116,0.3884,0.0000,1.0000,1,-0.013144,0.00000397,-0.010112,1.454832,-0.083891
2012-03-01,,3.1000,3.1150,17.2600,86.9359,64.920000,56.909888,0.126988,-0.096457,1,1,1,1,1,5,5,4,2.3933,2.3944,0.0000,0.6056,0.3944,0.0000,1.0000,1,0.024320,0.00000317,0.018463,1.481693,-0.066977
2012-03-02,,3.1000,3.1150,17.2900,85.9857,64.870000,56.946438,0.127301,-0.089592,1,1,1,1,1,5,5,5,2.5955,2.5954,0.0000,0.4046,0.5954,0.0000,1.0000,1,-0.003014,0.00000317,-0.002058,1.478644,-0.068897
2012-03-05,,3.0900,3.1150,18.0500,86.2233,64.200000,56.977238,0.128117,-0.085360,1,1,1,1,1,5,5,5,2.7303,2.7280,0.0000,0.2720,0.7280,0.0000,1.0000,1,-0.031186,0.00000278,-0.028288,1.436816,-0.095236
2012-03-06,,3.1100,3.1150,20.8700,80.9976,63.570000,57.004038,0.129499,-0.068132,1,0,1,1,1,4,3,5,2.8202,2.8203,0.0000,0.1797,0.8203,0.0000,1.0000,1,-0.028676,0.00000317,-0.026296,1.399034,-0.119027
2012-03-07,,3.1000,3.1150,19.0700,82.6603,64.060000,57.035513,0.128676,-0.084299,1,1,1,1,1,5,5,4,2.6801,2.6807,0.0000,0.3193,0.6807,0.0000,1.0000,1,0.022696,0.00000317,0.020839,1.428188,-0.100669
2012-03-08,,3.1100,3.1150,17.9500,85.5107,64.750000,57.074663,0.127809,-0.086330,1,1,1,1,1,5,5,5,2.7868,2.7875,0.0000,0.2125,0.7875,0.0000,1.0000,1,0.031717,0.00000317,0.029035,1.469656,-0.074557
2012-03-09,,3.1100,3.1150,17.1100,86.9359,65.020000,57.116913,0.127826,-0.094015,1,1,1,1,1,5,5,5,2.8578,2.8579,0.0000,0.1421,0.8579,0.0000,1.0000,1,0.012086,0.00000317,0.011309,1.486276,-0.064091
2012-03-12,,3.1100,3.1150,15.6400,86.9359,65.050000,57.158213,0.129270,-0.096836,1,1,1,1,1,5,5,5,2.9052,2.9053,0.0000,0.0947,0.9053,0.0000,1.0000,1,0.001600,0.00000357,0.001504,1.488512,-0.062683
2012-03-13,,3.0900,3.1150,14.8000,90.0238,66.260000,57.203805,0.127408,-0.119296,1,1,1,1,1,5,5,5,2.9368,2.9376,0.0000,0.0624,0.9376,0.0000,1.0000,1,0.056333,0.00000357,0.054866,1.570180,-0.011256
2012-03-14,,3.0800,3.1150,15.3100,88.1235,66.490000,57.249105,0.125652,-0.141356,1,1,1,1,1,5,5,5,2.9579,2.9580,0.0000,0.0420,0.9580,0.0000,1.0000,1,0.011198,0.00000317,0.011041,1.587516,-0.000340
2012-03-15,,3.0700,3.1150,15.4200,89.7862,66.680000,57.290705,0.124822,-0.140250,1,1,1,1,1,5,5,5,2.9719,2.9719,0.0000,0.0281,0.9719,0.0000,1.0000,1,0.007647,0.00000357,0.007522,1.599457,0.000000
2012-03-16,,3.0700,3.1150,14.4700,90.7363,66.520000,57.337855,0.123949,-0.151762,1,1,1,1,1,5,5,5,2.9813,2.9812,0.0000,0.0188,0.9812,-0.0000,1.0000,1,-0.002181,0.00000317,-0.002186,1.595961,-0.002186
2012-03-19,,3.0400,3.1150,15.0400,89.7862,66.990000,57.386755,0.122613,-0.149953,1,1,1,1,1,5,5,5,2.9875,2.9876,0.0000,0.0124,0.9876,0.0000,1.0000,1,0.021768,0.00000357,0.021680,1.630562,0.000000
2012-03-20,,3.0300,3.1150,15.5800,89.5487,67.110000,57.440555,0.123113,-0.157768,1,1,1,1,1,5,5,5,2.9917,2.9917,0.0000,0.0083,0.9917,-0.0000,1.0000,1,0.005475,0.00000397,0.005470,1.639482,0.000000
2012-03-21,,3.0200,3.1150,15.1300,89.5487,67.120000,57.496705,0.123065,-0.149063,1,1,1,1,1,5,5,5,2.9945,2.9944,0.0000,0.0056,0.9944,0.0000,1.0000,1,-0.000340,0.00000397,-0.000338,1.638928,-0.000338
2012-03-22,,3.0000,3.1150,15.5700,88.5986,66.980000,57.552655,0.124246,-0.135152,1,1,1,1,1,5,5,5,2.9963,2.9963,0.0000,0.0037,0.9963,0.0000,1.0000,1,-0.006044,0.00000357,-0.006030,1.629045,-0.006366
2012-03-23,,3.0100,3.1150,14.8200,89.3112,66.939000,57.610400,0.123881,-0.145326,1,1,1,1,1,5,5,5,2.9975,2.9975,0.0000,0.0025,0.9975,-0.0000,1.0000,1,-0.001370,0.00000317,-0.001369,1.626815,-0.007726
2012-03-26,,3.0100,3.1150,14.2600,92.1615,68.110000,57.673525,0.123014,-0.165569,1,1,1,1,1,5,5,5,2.9984,2.9984,0.0000,0.0016,0.9984,0.0000,1.0000,1,0.052224,0.00000317,0.052189,1.711717,0.000000
2012-03-27,,3.0100,3.1150,15.5900,92.1615,68.210000,57.741375,0.123982,-0.153409,1,1,1,1,1,5,5,5,2.9989,2.9989,0.0000,0.0011,0.9989,0.0000,1.0000,1,0.003831,0.00000357,0.003829,1.718271,0.000000
2012-03-28,,3.0400,3.1150,15.4700,90.7363,67.938000,57.807865,0.123585,-0.154302,1,1,1,1,1,5,5,5,2.9993,2.9993,0.0000,0.0007,0.9993,0.0000,1.0000,1,-0.011691,0.00000357,-0.011689,1.698186,-0.011689
2012-03-29,,3.0300,3.1150,15.4800,90.2613,67.680000,57.869565,0.124278,-0.113610,1,1,1,1,1,5,5,5,2.9995,2.9995,0.0000,0.0005,0.9995,0.0000,1.0000,1,-0.010268,0.00000357,-0.010265,1.680754,-0.021834
2012-03-30,,3.0300,3.1150,15.5000,91.2114,67.550000,57.935865,0.124441,-0.105366,1,1,1,1,1,5,5,5,2.9997,2.9997,0.0000,0.0003,0.9997,0.0000,1.0000,1,-0.006972,0.00000278,-0.006972,1.669036,-0.028654
2012-04-02,,3.0700,3.1150,15.6400,91.2114,68.250000,58.006715,0.124154,-0.107495,1,1,1,1,1,5,5,5,2.9998,2.9998,0.0000,0.0002,0.9998,0.0000,1.0000,1,0.030508,0.00000278,0.030505,1.719950,0.000000
2012-04-03,,3.0800,3.1150,15.6600,90.9739,68.240000,58.078965,0.124611,-0.100817,1,1,1,1,1,5,5,5,2.9999,2.9999,0.0000,0.0001,0.9999,0.0000,1.0000,1,0.000081,0.00000317,0.000081,1.720089,0.000000
2012-04-04,,3.0600,3.1150,16.4400,89.3112,67.300000,58.145115,0.125661,-0.090204,1,1,1,1,1,5,5,5,2.9999,2.9999,0.0000,0.0001,0.9999,0.0000,1.0000,1,-0.040793,0.00000317,-0.040792,1.649924,-0.040792
2012-04-05,,3.0800,3.1150,16.7000,88.8361,67.720000,58.207565,0.124794,-0.089101,1,1,1,1,1,5,5,5,2.9999,2.9999,0.0000,0.0001,0.9999,0.0000,1.0000,1,0.018263,0.00000317,0.018263,1.680056,-0.023274
2012-04-09,,3.0900,3.1150,18.8100,86.2233,67.210000,58.269460,0.125571,-0.076882,1,1,1,1,1,5,5,5,3.0000,3.0000,0.0000,0.0000,1.0000,0.0000,1.0000,1,-0.023002,0.00000317,-0.023002,1.641412,-0.045740
2012-04-10,,3.1100,3.1150,20.3900,81.0427,66.130000,58.323410,0.126049,-0.067959,1,0,1,1,1,4,3,5,3.0000,3.0000,0.0000,0.0000,1.0000,0.0000,1.0000,1,-0.048274,0.00000357,-0.048274,1.562175,-0.091806
2012-04-11,,3.1400,3.1200,20.0200,84.3602,66.450000,58.383760,0.125328,-0.079098,0,0,1,1,1,3,1,4,2.8000,2.7992,0.0000,0.2008,0.7992,-0.0000,1.0000,1,0.014468,0.00000357,0.015434,1.586286,-0.077789
2012-04-12,,3.1600,3.1200,17.2000,87.2038,67.205000,58.443560,0.124090,-0.084968,0,1,1,1,1,4,3,3,2.4667,2.4689,0.0000,0.5311,0.4689,0.0000,1.0000,1,0.033537,0.00000357,0.028001,1.630703,-0.051966
2012-04-13,,3.1500,3.1200,19.5500,84.8341,66.190000,58.494160,0.125164,-0.063633,0,1,1,1,1,4,3,4,2.4444,2.4412,0.0000,0.5588,0.4412,0.0000,1.0000,1,-0.045200,0.00000357,-0.036673,1.570900,-0.086733
2012-04-16,,3.1500,3.1200,19.5500,84.5972,65.450000,58.539910,0.126432,-0.039774,0,1,1,1,1,4,3,4,2.4296,2.4255,0.0000,0.5745,0.4255,0.0000,1.0000,1,-0.031516,0.00000357,-0.025596,1.530691,-0.110110
2012-04-17,,3.1400,3.1200,18.4600,87.4408,66.780000,58.588560,0.125214,-0.050980,0,1,1,1,1,4,3,4,2.4197,2.4233,0.0000,0.5767,0.4233,0.0000,1.0000,1,0.058948,0.00000317,0.047304,1.603099,-0.068014
2012-04-18,,3.1400,3.1250,18.6400,86.4929,66.610000,58.632060,0.125460,-0.052324,0,1,1,1,1,4,3,4,2.4132,2.4135,0.0000,0.5865,0.4135,0.0000,1.0000,1,-0.007306,0.00000317,-0.006141,1.593254,-0.073737
2012-04-19,,3.1500,3.1300,18.3600,84.8341,65.860000,58.670360,0.125908,-0.041527,0,1,1,1,1,4,3,4,2.4088,2.4068,0.0000,0.5932,0.4068,0.0000,1.0000,1,-0.032332,0.00000278,-0.025438,1.552726,-0.097299
2012-04-20,,3.1500,3.1350,17.4400,83.6493,65.680000,58.706810,0.126930,-0.041232,0,1,1,1,1,4,3,4,2.4059,2.4036,0.0000,0.5964,0.4036,-0.0000,1.0000,1,-0.010775,0.00000278,-0.008406,1.539674,-0.104887
2012-04-23,,3.1700,3.1400,18.9700,81.0427,65.080000,58.736260,0.127458,-0.045479,0,1,1,1,1,4,3,4,2.4039,2.4038,0.0000,0.5962,0.4038,0.0000,1.0000,1,-0.025172,0.00000317,-0.020364,1.508320,-0.123115
2012-04-24,,3.1600,3.1400,18.1000,81.9905,64.730000,58.764760,0.127849,-0.030706,0,1,1,1,1,4,3,4,2.4026,2.4016,0.0000,0.5984,0.4016,0.0000,1.0000,1,-0.017651,0.00000317,-0.014258,1.486815,-0.135618
2012-04-25,,3.1500,3.1400,16.8200,86.2559,66.450000,58.807210,0.126769,-0.036924,0,1,1,1,1,4,3,4,2.4017,2.4028,0.0000,0.5972,0.4028,0.0000,1.0000,1,0.079430,0.00000357,0.063662,1.581468,-0.080590
2012-04-26,,3.1700,3.1400,16.2400,88.3886,66.840000,58.853810,0.126605,-0.043960,0,1,1,1,1,4,3,4,2.4012,2.4026,0.0000,0.5974,0.4026,0.0000,1.0000,1,0.017887,0.00000357,0.014322,1.604118,-0.067422
2012-04-27,,3.1900,3.1400,16.3200,89.3365,67.240000,58.901210,0.126851,-0.036314,0,1,1,1,1,4,3,4,2.4008,2.4012,0.0000,0.5988,0.4012,0.0000,1.0000,1,0.017137,0.00000357,0.013476,1.625735,-0.054854
2012-04-30,,3.1900,3.1400,17.1500,87.9147,66.760000,58.949560,0.127476,-0.027708,0,1,1,1,1,4,3,4,2.4005,2.3994,0.0000,0.6006,0.3994,0.0000,1.0000,1,-0.020783,0.00000357,-0.016241,1.599331,-0.070205
2012-05-01,,3.2000,3.1400,16.6000,89.3365,66.870000,58.994660,0.127327,-0.016198,0,1,1,1,1,4,3,4,2.4003,2.4016,0.0000,0.5984,0.4016,0.0000,1.0000,1,0.005677,0.00000397,0.004037,1.605788,-0.066451
2012-05-02,,3.2200,3.1400,16.8800,88.3886,67.060000,59.042260,0.126955,-0.016303,0,1,1,1,1,4,3,4,2.4002,2.4021,0.0000,0.5979,0.4021,0.0000,1.0000,1,0.006602,0.00000357,0.005432,1.614509,-0.061380
2012-05-03,,3.1900,3.1400,17.5600,86.0190,66.350000,59.079760,0.127540,-0.016198,0,1,1,1,1,4,3,4,2.4002,2.3973,0.0000,0.6027,0.3973,0.0000,1.0000,1,-0.031061,0.00000317,-0.024907,1.574297,-0.084759
2012-05-04,,3.1800,3.1450,19.1600,80.0948,64.700000,59.110260,0.129818,0.003769,0,1,1,1,0,3,1,4,2.4001,2.3963,0.0000,0.6037,0.3963,0.0000,1.0000,1,-0.073375,0.00000357,-0.059117,1.481229,-0.138865
2012-05-07,,3.1900,3.1500,18.9400,80.5687,64.760000,59.139110,0.129468,0.005212,0,1,1,1,0,3,1,3,2.2001,2.2012,0.0000,0.7988,0.2012,0.0000,1.0000,1,0.001441,0.00000278,-0.000102,1.481077,-0.138953
2012-05-08,,3.1800,3.1500,19.0500,80.5687,64.520000,59.163710,0.130209,0.005547,0,1,1,1,0,3,1,3,2.0667,2.0669,0.0000,0.9331,0.0669,0.0000,1.0000,1,-0.011034,0.00000397,-0.008688,1.468209,-0.146434
2012-05-09,,3.1900,3.1500,20.0800,76.5403,64.321000,59.187915,0.131059,0.020783,0,0,1,1,0,2,-1,3,1.9778,1.9780,0.0220,0.9780,0.0000,0.0000,1.0000,1,-0.005531,0.00000357,-0.004369,1.461794,-0.150164
2012-05-10,,3.2200,3.1500,18.8300,78.9100,64.190000,59.210740,0.132003,0.026647,0,1,1,1,0,3,1,2,1.7185,1.7169,0.2831,0.7169,0.0000,0.0000,1.0000,1,-0.010245,0.00000357,-0.005355,1.453967,-0.154714
2012-05-11,,3.2100,3.1500,19.8900,78.4360,64.180000,59.241190,0.132475,0.027643,0,1,1,1,0,3,1,3,1.7457,1.7463,0.2537,0.7463,0.0000,0.0000,1.0000,1,-0.000986,0.00000397,0.000446,1.454616,-0.154337
2012-05-14,,3.2200,3.1500,21.8700,75.5924,63.580000,59.268140,0.133808,0.037634,0,0,1,1,0,2,-1,3,1.7638,1.7636,0.2364,0.7636,0.0000,0.0000,1.0000,1,-0.027629,0.00000397,-0.016080,1.431226,-0.167935
2012-05-15,,3.2200,3.1500,21.9700,72.2749,63.370000,59.294990,0.133643,0.039339,0,0,1,1,0,2,-1,2,1.5759,1.5741,0.4259,0.5741,0.0000,0.0000,1.0000,1,-0.008727,0.00000397,-0.005051,1.423997,-0.172138
2012-05-16,,3.2400,3.1500,22.2700,69.1943,62.940000,59.321040,0.134346,0.048730,0,0,1,1,0,2,-1,2,1.4506,1.4479,0.5521,0.4479,0.0000,0.0000,1.0000,1,-0.021704,0.00000357,-0.009431,1.410567,-0.179946
2012-05-17,,3.2500,3.1500,24.4900,64.6919,61.610000,59.347740,0.135603,0.053181,0,0,1,1,0,2,-1,2,1.3671,1.3618,0.6382,0.3618,0.0000,0.0000,1.0000,1,-0.061532,0.00000397,-0.028827,1.369904,-0.203585
2012-05-18,,3.2300,3.1500,25.1000,60.4265,60.810000,59.367740,0.136504,0.064463,0,0,1,1,0,2,-1,2,1.3114,1.3081,0.6919,0.3081,0.0000,0.0000,1.0000,1,-0.040143,0.00000397,-0.016658,1.347084,-0.216852
2012-05-21,,3.2700,3.1550,22.0100,66.5877,62.510000,59.409440,0.134349,0.047055,0,0,1,1,0,2,-1,2,1.2742,1.2790,0.7210,0.2790,0.0000,0.0000,1.0000,1,0.084109,0.00000317,0.035052,1.394302,-0.189401
2012-05-22,,3.2500,3.1600,22.4800,66.5877,62.440000,59.452490,0.135061,0.054411,0,0,1,1,0,2,-1,2,1.2495,1.2487,0.7513,0.2487,0.0000,-0.0000,1.0000,1,-0.003644,0.00000357,-0.001184,1.392651,-0.190361
2012-05-23,,3.3400,3.1600,22.3300,67.7725,62.560000,59.512340,0.134271,0.056214,0,0,1,1,0,2,-1,2,1.2330,1.2349,0.7651,0.2349,0.0000,0.0000,1.0000,1,0.005592,0.00000357,0.002662,1.396359,-0.188205
2012-05-24,,3.3300,3.1600,21.5400,67.5355,62.150000,59.557940,0.134536,0.054838,0,0,1,1,0,2,-1,2,1.2220,1.2205,0.7795,0.2205,0.0000,0.0000,1.0000,1,-0.017968,0.00000357,-0.007964,1.385239,-0.194670
2012-05-25,,3.3600,3.1650,21.7600,66.5877,62.070000,59.613990,0.135428,0.063747,0,0,1,1,0,2,-1,2,1.2147,1.2143,0.7857,0.2143,0.0000,0.0000,1.0000,1,-0.005663,0.00000397,-0.001874,1.382643,-0.196180
2012-05-29,,3.3700,3.1700,21.0300,71.5640,62.860000,59.662790,0.134218,0.052907,0,0,1,1,0,2,-1,2,1.2098,1.2102,0.7898,0.2102,0.0000,-0.0000,1.0000,1,0.037203,0.00000357,0.015352,1.403869,-0.183840
2012-05-30,,3.3800,3.1700,24.1400,62.7962,62.330000,59.706590,0.135360,0.054469,0,0,1,1,0,2,-1,2,1.2065,1.2066,0.7934,0.2066,0.0000,0.0000,1.0000,1,-0.024253,0.00000357,-0.010073,1.389727,-0.192061
2012-05-31,,3.4000,3.1700,24.0600,62.3223,62.060000,59.745090,0.136381,0.051849,0,0,1,1,0,2,-1,2,1.2043,1.2039,0.7961,0.2039,0.0000,0.0000,1.0000,1,-0.014286,0.00000278,-0.005198,1.382504,-0.196261
2012-06-01,,3.4000,3.1700,26.6600,53.3175,60.409000,59.777635,0.139318,0.078117,0,0,1,1,0,2,-1,2,1.2029,1.2012,0.7988,0.2012,0.0000,-0.0000,1.0000,1,-0.078613,0.00000278,-0.032155,1.338049,-0.222105
2012-06-04,,3.4100,3.1700,26.1200,52.1327,60.870000,59.814085,0.139852,0.088074,0,0,1,1,0,2,-1,2,1.2019,1.2025,0.7975,0.2025,0.0000,0.0000,1.0000,1,0.021449,0.00000278,0.009081,1.350200,-0.215041
2012-06-05,,3.4000,3.1700,24.6800,55.6872,61.120000,59.864935,0.139304,0.084249,0,0,1,1,0,2,-1,2,1.2013,1.2024,0.7976,0.2024,0.0000,0.0000,1.0000,1,0.013766,0.00000317,0.005045,1.357012,-0.211081
2012-06-06,,3.4000,3.1700,22.1600,62.5592,62.520000,59.927385,0.138137,0.065797,0,0,1,1,0,2,-1,2,1.2009,1.2033,0.7967,0.2033,0.0000,0.0000,1.0000,1,0.068356,0.00000317,0.027651,1.394535,-0.189266
2012-06-07,,3.4100,3.1750,21.7200,62.3223,62.270000,59.987685,0.139114,0.086623,0,0,1,1,0,2,-1,2,1.2006,1.1982,0.8018,0.1982,0.0000,0.0000,1.0000,1,-0.011203,0.00000357,-0.004934,1.387654,-0.193266
2012-06-08,,3.4300,3.1800,21.2300,64.4550,62.870000,60.040635,0.138317,0.095887,0,0,1,1,0,2,-1,2,1.2004,1.2023,0.7977,0.2023,0.0000,0.0000,1.0000,1,0.029411,0.00000357,0.011789,1.404013,-0.183756
2012-06-11,,3.4400,3.1800,23.5600,60.4265,61.805000,60.086210,0.139976,0.113377,0,0,1,1,0,2,-1,2,1.2003,1.1968,0.8032,0.1968,0.0000,0.0000,1.0000,1,-0.047829,0.00000357,-0.019898,1.376076,-0.199997
2012-06-12,,3.4600,3.1800,22.0900,63.7441,62.560000,60.139860,0.138542,0.111546,0,0,1,1,0,2,-1,2,1.2002,1.2013,0.7987,0.2013,0.0000,0.0000,1.0000,1,0.031561,0.00000357,0.014008,1.395352,-0.188791
2012-06-13,,3.4300,3.1800,24.2700,60.6635,62.130000,60.184860,0.139471,0.128925,0,0,1,1,0,2,-1,2,1.2001,1.1995,0.8005,0.1995,0.0000,0.0000,1.0000,1,-0.019608,0.00000397,-0.008195,1.383917,-0.195439
2012-06-14,,3.4300,3.1800,21.6800,61.3744,62.360000,60.223610,0.138945,0.122215,0,0,1,1,0,2,-1,2,1.2001,1.2008,0.7992,0.2008,0.0000,0.0000,1.0000,1,0.011210,0.00000397,0.004487,1.390126,-0.191829
2012-06-15,,3.4000,3.1800,21.1100,66.1137,62.990000,60.263710,0.137655,0.113417,0,0,1,1,0,2,-1,2,1.2001,1.2015,0.7985,0.2015,0.0000,0.0000,1.0000,1,0.036948,0.00000436,0.012974,1.408162,-0.181344
2012-06-18,,3.4200,3.1850,18.3200,66.5877,63.580000,60.306310,0.137909,0.106180,0,1,1,1,0,3,1,2,1.2000,1.2021,0.7979,0.2021,0.0000,0.0000,1.0000,1,0.025782,0.00000357,0.011264,1.424023,-0.172123
2012-06-19,,3.4200,3.1900,18.3800,71.3270,64.239000,60.354705,0.136293,0.097360,0,1,1,1,0,3,1,3,1.4000,1.4012,0.5988,0.4012,0.0000,0.0000,1.0000,1,0.032896,0.00000397,0.013282,1.442937,-0.161127
2012-06-20,,3.4100,3.1900,17.2400,70.1422,64.290000,60.409755,0.135186,0.094666,0,1,1,1,0,3,1,3,1.5333,1.5334,0.4666,0.5334,0.0000,0.0000,1.0000,1,0.003561,0.00000357,0.001568,1.445200,-0.159811
2012-06-21,,3.3800,3.1900,20.0800,62.5592,62.690000,60.456755,0.136854,0.097407,0,0,1,1,0,2,-1,3,1.6222,1.6165,0.3835,0.6165,0.0000,0.0000,1.0000,1,-0.074906,0.00000357,-0.040889,1.386107,-0.194165
2012-06-22,,3.3500,3.1900,18.1100,64.4550,63.350000,60.500305,0.135846,0.094259,0,1,1,1,0,3,1,2,1.4815,1.4832,0.5168,0.4832,0.0000,0.0000,1.0000,1,0.031109,0.00000357,0.015740,1.407925,-0.181482
2012-06-25,,3.3600,3.1900,20.3800,58.2938,62.130000,60.539005,0.137793,0.101840,0,0,1,1,0,2,-1,3,1.5877,1.5847,0.4153,0.5847,0.0000,0.0000,1.0000,1,-0.059330,0.00000357,-0.030026,1.365650,-0.206059
2012-06-26,,3.3600,3.1900,19.7200,60.1896,62.520000,60.585705,0.137294,0.096808,0,1,1,1,0,3,1,2,1.4584,1.4595,0.5405,0.4595,0.0000,0.0000,1.0000,1,0.019443,0.00000397,0.009988,1.379290,-0.198129
2012-06-27,,3.3400,3.1900,19.4500,62.7962,62.900000,60.630905,0.137603,0.101706,0,1,1,1,0,3,1,3,1.5723,1.5727,0.4273,0.5727,0.0000,0.0000,1.0000,1,0.018230,0.00000397,0.008782,1.391403,-0.191087
2012-06-28,,3.3500,3.1900,19.7100,61.6114,62.200000,60.669005,0.138489,0.104698,0,1,1,1,0,3,1,3,1.6482,1.6475,0.3525,0.6475,0.0000,0.0000,1.0000,1,-0.035978,0.00000357,-0.017325,1.367296,-0.205102
2012-06-29,,3.3700,3.1900,17.0800,69.9052,64.160000,60.713005,0.135888,0.079195,0,1,1,1,0,3,1,3,1.6988,1.7012,0.2988,0.7012,0.0000,0.0000,1.0000,1,0.097695,0.00000357,0.051684,1.437963,-0.164018
2012-07-02,,3.3900,3.1950,16.8000,70.1422,64.350000,60.753855,0.136327,0.090245,0,1,1,1,0,3,1,3,1.7325,1.7328,0.2672,0.7328,0.0000,0.0000,1.0000,1,0.008001,0.00000357,0.005397,1.445724,-0.159506
2012-07-03,,3.4000,3.2000,16.6600,72.9858,64.890000,60.795355,0.135105,0.075477,0,1,1,1,0,3,1,3,1.7550,1.7565,0.2435,0.7565,0.0000,0.0000,1.0000,1,0.023810,0.00000397,0.014445,1.466607,-0.147366
2012-07-05,,3.4100,3.2050,17.5000,72.5118,64.930000,60.836955,0.134915,0.070801,0,1,1,1,0,3,1,3,1.7700,1.7702,0.2298,0.7702,0.0000,0.0000,1.0000,1,0.003488,0.00000357,0.000992,1.468062,-0.146520
2012-07-06,,3.4300,3.2100,17.1000,68.0095,64.120000,60.875755,0.135914,0.083532,0,1,1,1,0,3,1,3,1.7800,1.7785,0.2215,0.7785,0.0000,0.0000,1.0000,1,-0.039397,0.00000317,-0.022316,1.435300,-0.165567
2012-07-09,,3.4100,3.2100,17.9800,65.6398,64.000000,60.918855,0.135641,0.090759,0,1,1,1,0,3,1,3,1.7867,1.7867,0.2133,0.7867,0.0000,0.0000,1.0000,1,-0.003418,0.00000317,-0.002613,1.431550,-0.167747
2012-07-10,,3.4100,3.2100,18.7200,63.0332,63.370000,60.967805,0.137058,0.092950,0,1,1,1,0,3,1,3,1.7911,1.7886,0.2114,0.7886,0.0000,0.0000,1.0000,1,-0.030663,0.00000357,-0.017889,1.405941,-0.182635
2012-07-11,,3.3900,3.2150,17.9500,62.7962,63.020000,61.012155,0.137746,0.087600,0,1,1,1,0,3,1,3,1.7941,1.7933,0.2067,0.7933,0.0000,0.0000,1.0000,1,-0.013736,0.00000357,-0.010306,1.391451,-0.191059
2012-07-12,,3.3600,3.2200,18.3300,59.0047,62.430000,61.050405,0.138604,0.102652,0,1,1,1,0,3,1,3,1.7961,1.7958,0.2042,0.7958,0.0000,0.0000,1.0000,1,-0.028909,0.00000397,-0.016003,1.369184,-0.204004
2012-07-13,,3.3700,3.2200,16.7400,66.1137,63.380000,61.090555,0.137573,0.094528,0,1,1,1,0,3,1,3,1.7974,1.7992,0.2008,0.7992,0.0000,0.0000,1.0000,1,0.043459,0.00000397,0.026161,1.405003,-0.183180
2012-07-16,,3.3700,3.2200,17.1100,63.9810,63.200000,61.133905,0.137783,0.092753,0,1,1,1,0,3,1,3,1.7982,1.7982,0.2018,0.7982,0.0000,0.0000,1.0000,1,-0.007497,0.00000397,-0.004575,1.398575,-0.186917
2012-07-17,,3.3500,3.2200,16.4800,64.9289,63.530000,61.182155,0.137137,0.079487,0,1,1,1,0,3,1,3,1.7988,1.7986,0.2014,0.7986,0.0000,-0.0000,1.0000,1,0.015381,0.00000397,0.008629,1.410644,-0.179901
2012-07-18,,3.3500,3.2200,16.1600,69.9052,64.390000,61.241655,0.136565,0.071756,0,1,1,1,0,3,1,3,1.7992,1.8017,0.1983,0.8017,0.0000,0.0000,1.0000,1,0.040645,0.00000397,0.024804,1.445633,-0.159559
2012-07-19,,3.3300,3.2200,15.4500,69.6682,65.100000,61.311455,0.136463,0.067576,0,1,1,1,0,3,1,3,1.7995,1.8001,0.1999,0.8001,0.0000,0.0000,1.0000,1,0.032567,0.00000357,0.019535,1.473873,-0.143141
2012-07-20,,3.3400,3.2200,16.2700,64.4550,64.235000,61.371680,0.138016,0.086983,0,1,1,1,0,3,1,3,1.7997,1.7977,0.2023,0.7977,0.0000,0.0000,1.0000,1,-0.038463,0.00000357,-0.022975,1.440011,-0.162828
2012-07-23,,3.3100,3.2250,18.6200,59.9526,63.460000,61.421330,0.138500,0.090554,0,1,1,1,0,3,1,3,1.7998,1.8012,0.1988,0.8012,0.0000,0.0000,1.0000,1,-0.037000,0.00000357,-0.021243,1.409422,-0.180611
2012-07-24,,3.3100,3.2300,20.4700,57.5829,62.960000,61.463980,0.138473,0.087367,0,0,1,1,0,2,-1,3,1.7998,1.7982,0.2018,0.7982,0.0000,0.0000,1.0000,1,-0.022845,0.00000397,-0.015246,1.387933,-0.193104
2012-07-25,,3.2900,3.2300,19.3400,59.7156,62.540000,61.506330,0.138362,0.081794,0,1,1,1,0,3,1,2,1.5999,1.5998,0.4002,0.5998,0.0000,0.0000,1.0000,1,-0.022316,0.00000397,-0.012380,1.370751,-0.203093
2012-07-26,,3.3000,3.2350,17.5300,63.0332,63.370000,61.543480,0.138246,0.082973,0,1,1,1,0,3,1,3,1.6666,1.6658,0.3342,0.6658,0.0000,0.0000,1.0000,1,0.039130,0.00000397,0.020508,1.398862,-0.186750
2012-07-27,,3.3000,3.2400,16.7000,69.6682,64.870000,61.586230,0.137335,0.080801,0,1,1,1,0,3,1,3,1.7111,1.7146,0.2854,0.7146,0.0000,-0.0000,1.0000,1,0.075731,0.00000436,0.042120,1.457782,-0.152496
2012-07-30,,3.2900,3.2400,18.0300,67.7725,64.820000,61.627330,0.137835,0.080388,0,1,1,1,0,3,1,3,1.7407,1.7399,0.2601,0.7399,0.0000,0.0000,1.0000,1,-0.006028,0.00000436,-0.002569,1.454038,-0.154673
2012-07-31,,3.2600,3.2400,18.9300,65.8768,64.800000,61.665730,0.137681,0.060884,0,1,1,1,0,3,1,3,1.7605,1.7599,0.2401,0.7599,0.0000,0.0000,1.0000,1,0.000586,0.00000436,-0.001376,1.452037,-0.155836
2012-08-01,,3.2700,3.2400,18.9600,63.9810,64.610000,61.697880,0.136747,0.056426,0,1,1,1,0,3,1,3,1.7736,1.7718,0.2282,0.7718,0.0000,0.0000,1.0000,1,-0.009776,0.00000436,-0.004770,1.445112,-0.159862
2012-08-02,,3.2600,3.2400,17.5700,61.6114,64.380000,61.733380,0.136929,0.051647,0,1,1,1,0,3,1,3,1.7824,1.7832,0.2168,0.7832,0.0000,0.0000,1.0000,1,-0.010466,0.00000397,-0.006071,1.436338,-0.164963
2012-08-03,,3.2400,3.2400,15.6400,68.7204,65.600000,61.771430,0.135846,0.037493,1,1,1,1,0,4,3,3,1.7883,1.7887,0.2113,0.7887,0.0000,0.0000,1.0000,1,0.056876,0.00000357,0.032974,1.483699,-0.137429
2012-08-06,,3.2600,3.2400,15.9500,69.9052,66.100000,61.817580,0.135260,0.025329,0,1,1,1,0,3,1,4,1.9922,1.9922,0.0078,0.9922,0.0000,0.0000,1.0000,1,0.022468,0.00000357,0.014570,1.505317,-0.124861
2012-08-07,,3.2400,3.2400,15.9900,74.8815,66.650000,61.867880,0.133196,0.005624,1,1,1,1,0,4,3,3,1.9281,1.9283,0.0717,0.9283,0.0000,0.0000,1.0000,1,0.024747,0.00000397,0.016561,1.530246,-0.110368
2012-08-08,,3.2400,3.2400,15.3200,74.6445,66.620000,61.914480,0.133212,-0.004664,1,1,1,1,1,5,5,4,2.0854,2.0856,0.0000,0.9144,0.0856,0.0000,1.0000,1,-0.001623,0.00000436,-0.001559,1.527861,-0.111755
2012-08-09,,3.2300,3.2400,15.2800,74.8815,66.820000,61.956130,0.133099,-0.004298,1,1,1,1,1,5,5,5,2.3903,2.3910,0.0000,0.6090,0.3910,0.0000,1.0000,1,0.008484,0.00000436,0.007187,1.538841,-0.105371
2012-08-10,,3.2300,3.2400,14.7400,75.1185,66.860000,62.003730,0.133272,-0.008475,1,1,1,1,1,5,5,5,2.5935,2.5945,0.0000,0.4055,0.5945,0.0000,1.0000,1,0.004117,0.00000436,0.003652,1.544461,-0.102104
2012-08-13,,3.2300,3.2400,13.7000,73.9336,67.020000,62.052480,0.133196,-0.019094,1,1,1,1,1,5,5,5,2.7290,2.7296,0.0000,0.2704,0.7296,-0.0000,1.0000,1,0.006061,0.00000397,0.005684,1.553240,-0.097000
2012-08-14,,3.2400,3.2400,14.8500,72.5118,67.050000,62.093480,0.133035,-0.027576,1,1,1,1,1,5,5,5,2.8193,2.8189,0.0000,0.1811,0.8189,0.0000,1.0000,1,0.001417,0.00000436,0.001044,1.554861,-0.096058
2012-08-15,,3.2500,3.2400,14.6300,74.1706,67.220000,62.134880,0.132245,-0.016720,0,1,1,1,1,4,3,5,2.8796,2.8799,0.0000,0.1201,0.8799,0.0000,1.0000,1,0.007078,0.00000436,0.006850,1.565511,-0.089866
2012-08-16,,3.2700,3.2400,14.2900,76.3593,68.020000,62.185230,0.130960,-0.032609,0,1,1,1,1,4,3,4,2.7197,2.7213,0.0000,0.2787,0.7213,0.0000,1.0000,1,0.035840,0.00000357,0.032957,1.617106,-0.059871
2012-08-17,,3.2600,3.2450,13.4500,77.0686,68.320000,62.244630,0.130433,-0.030722,0,1,1,1,1,4,3,4,2.6131,2.6137,0.0000,0.3863,0.6137,0.0000,1.0000,1,0.013737,0.00000357,0.012016,1.636537,-0.048575
2012-08-20,,3.2500,3.2500,14.0200,76.8322,68.420000,62.302130,0.130670,-0.030825,1,1,1,1,1,5,5,4,2.5421,2.5423,0.0000,0.4577,0.5423,0.0000,1.0000,1,0.003848,0.00000357,0.003544,1.642337,-0.045203
2012-08-21,,3.2300,3.2500,15.0200,77.3050,68.150000,62.352380,0.130114,-0.042104,1,1,1,1,1,5,5,5,2.6947,2.6933,0.0000,0.3067,0.6933,0.0000,1.0000,1,-0.011501,0.00000436,-0.010827,1.624555,-0.055541
2012-08-22,,3.2300,3.2500,15.1100,77.0686,68.430000,62.405530,0.129848,-0.034542,1,1,1,1,1,5,5,5,2.7965,2.7973,0.0000,0.2027,0.7973,0.0000,1.0000,1,0.010791,0.00000436,0.010285,1.641263,-0.045827
2012-08-23,,3.2200,3.2500,15.9600,72.8132,67.870000,62.453830,0.129563,-0.045718,1,1,1,1,1,5,5,5,2.8643,2.8639,0.0000,0.1361,0.8639,0.0000,1.0000,1,-0.022185,0.00000436,-0.021149,1.606553,-0.066006
2012-08-24,,3.2000,3.2500,15.1800,74.9409,68.290000,62.500880,0.129390,-0.055174,1,1,1,1,1,5,5,5,2.9095,2.9103,0.0000,0.0897,0.9103,-0.0000,1.0000,1,0.017741,0.00000436,0.017319,1.634377,-0.049830
2012-08-27,,3.2100,3.2450,16.3500,74.4681,68.400000,62.558830,0.129645,-0.076677,1,1,1,1,1,5,5,5,2.9397,2.9396,0.0000,0.0604,0.9396,0.0000,1.0000,1,0.004861,0.00000397,0.004668,1.642007,-0.045394
2012-08-28,,3.1900,3.2400,16.4900,74.9409,68.400000,62.616930,0.129526,-0.081497,1,1,1,1,1,5,5,5,2.9598,2.9599,0.0000,0.0401,0.9599,0.0000,1.0000,1,-0.000167,0.00000436,-0.000137,1.641781,-0.045526
2012-08-29,,3.1900,3.2400,17.0600,74.7045,68.400000,62.669680,0.129213,-0.079419,1,1,1,1,1,5,5,5,2.9732,2.9732,0.0000,0.0268,0.9732,0.0000,1.0000,1,0.000333,0.00000397,0.000305,1.642283,-0.045234
2012-08-30,,3.1900,3.2400,17.8300,71.6312,67.710000,62.720780,0.129511,-0.066480,1,1,1,1,1,5,5,5,2.9821,2.9820,0.0000,0.0180,0.9820,0.0000,1.0000,1,-0.030520,0.00000476,-0.030288,1.592541,-0.074152
2012-08-31,,3.2000,3.2400,17.4700,72.8132,68.160000,62.770930,0.128755,-0.079604,1,1,1,1,1,5,5,5,2.9881,2.9881,0.0000,0.0119,0.9881,0.0000,1.0000,1,0.021330,0.00000397,0.021199,1.626301,-0.054525
2012-09-04,,3.2100,3.2400,17.9800,71.9340,68.090000,62.825530,0.129352,-0.068678,1,1,1,1,1,5,5,5,2.9921,2.9921,0.0000,0.0079,0.9921,0.0000,1.0000,1,-0.004211,0.00000357,-0.004188,1.619491,-0.058484
2012-09-05,,3.1800,3.2400,17.7400,70.0472,68.020000,62.886480,0.128912,-0.084755,1,1,1,1,1,5,5,5,2.9947,2.9947,0.0000,0.0053,0.9947,0.0000,1.0000,1,-0.004566,0.00000397,-0.004554,1.612115,-0.062772
2012-09-06,,3.1800,3.2400,15.6000,77.5943,69.530000,62.957130,0.127774,-0.084074,1,1,1,1,1,5,5,5,2.9965,2.9965,0.0000,0.0035,0.9965,0.0000,1.0000,1,0.066101,0.00000436,0.066008,1.718527,-0.000908
2012-09-07,,3.1900,3.2400,14.3800,80.4245,69.430000,63.032580,0.126862,-0.098801,1,1,1,1,1,5,5,5,2.9976,2.9976,0.0000,0.0024,0.9976,0.0000,1.0000,1,-0.004304,0.00000436,-0.004299,1.711139,-0.005204
2012-09-10,,3.2000,3.2400,16.2800,77.8302,68.540000,63.102680,0.127448,-0.088973,1,1,1,1,1,5,5,5,2.9984,2.9984,0.0000,0.0016,0.9984,0.0000,1.0000,1,-0.036817,0.00000436,-0.036797,1.648174,-0.041809
2012-09-11,,3.2000,3.2400,16.4100,78.0660,68.430000,63.178380,0.126781,-0.084749,1,1,1,1,1,5,5,5,2.9990,2.9990,0.0000,0.0010,0.9990,-0.0000,1.0000,1,-0.004322,0.00000397,-0.004321,1.641052,-0.045949
2012-09-12,,3.1800,3.2400,15.8000,79.0094,68.632000,63.257140,0.125632,-0.095641,1,1,1,1,1,5,5,5,2.9993,2.9993,0.0000,0.0007,0.9993,0.0000,1.0000,1,0.008680,0.00000397,0.008678,1.655293,-0.037671
2012-09-13,,3.1800,3.2400,14.0500,81.8396,69.560000,63.331340,0.125486,-0.085657,1,1,1,1,1,5,5,5,2.9995,2.9995,0.0000,0.0005,0.9995,0.0000,1.0000,1,0.039898,0.00000397,0.039891,1.721324,0.000000
2012-09-14,,3.2100,3.2400,14.5100,82.0755,70.180000,63.410340,0.124083,-0.089259,1,1,1,1,1,5,5,5,2.9997,2.9997,0.0000,0.0003,0.9997,0.0000,1.0000,1,0.025604,0.00000397,0.025601,1.765392,0.000000
2012-09-17,,3.1500,3.2400,14.5900,80.1887,70.210000,63.479440,0.123722,-0.106318,1,1,1,1,1,5,5,5,2.9998,2.9998,0.0000,0.0002,0.9998,0.0000,1.0000,1,0.001862,0.00000436,0.001861,1.768678,0.000000
2012-09-18,,3.1200,3.2400,14.1800,79.7170,70.270000,63.546890,0.123448,-0.100261,1,1,1,1,1,5,5,5,2.9999,2.9999,0.0000,0.0001,0.9999,0.0000,1.0000,1,0.001858,0.00000436,0.001859,1.771965,0.000000
2012-09-19,,3.0900,3.2400,13.8800,79.2453,70.400000,63.615790,0.123517,-0.115737,1,1,1,1,1,5,5,5,2.9999,2.9999,0.0000,0.0001,0.9999,0.0000,1.0000,1,0.006647,0.00000397,0.006646,1.783742,0.000000
2012-09-20,,3.0700,3.2350,14.0700,77.8302,70.330000,63.681240,0.124020,-0.107469,1,1,1,1,1,5,5,5,2.9999,2.9999,0.0000,0.0001,0.9999,0.0000,1.0000,1,-0.002303,0.00000436,-0.002303,1.779635,-0.002303
2012-09-21,,3.0400,3.2300,13.9800,78.3019,70.150000,63.746590,0.123483,-0.112395,1,1,1,1,1,5,5,5,3.0000,3.0000,0.0000,0.0000,1.0000,0.0000,1.0000,1,0.000000,0.00000436,-0.000000,1.779635,-0.002303
2012-09-24,,3.0600,3.2300,14.1500,77.8302,69.735000,63.809865,0.124858,-0.107954,1,1,1,1,1,5,5,5,3.0000,3.0000,0.0000,0.0000,1.0000,0.0000,1.0000,1,-0.018470,0.00000436,-0.018470,1.746765,-0.020730
2012-09-25,,3.0200,3.2300,15.4300,74.0566,68.760000,63.873065,0.125920,-0.077665,1,1,1,1,1,5,5,5,3.0000,3.0000,0.0000,0.0000,1.0000,0.0000,1.0000,1,-0.040145,0.00000436,-0.040145,1.676642,-0.060042
2012-09-26,,3.0300,3.2300,16.8100,72.8774,68.200000,63.928965,0.126906,-0.072541,1,1,1,1,1,5,5,5,3.0000,3.0000,0.0000,0.0000,1.0000,0.0000,1.0000,1,-0.026303,0.00000436,-0.026303,1.632542,-0.084766
2012-09-27,,3.0300,3.2300,14.8400,74.5283,69.140000,63.992765,0.125225,-0.076975,1,1,1,1,1,5,5,5,3.0000,3.0000,0.0000,0.0000,1.0000,0.0000,1.0000,1,0.042449,0.00000436,0.042449,1.701842,-0.045915
2012-09-28,,3.0500,3.2300,15.7300,73.1132,68.570000,64.056815,0.126380,-0.066578,1,1,1,1,1,5,5,5,3.0000,3.0000,0.0000,0.0000,1.0000,0.0000,1.0000,1,-0.023981,0.00000357,-0.023981,1.661031,-0.068795
2012-10-01,,3.0700,3.2250,16.3200,72.4057,68.470000,64.124715,0.125463,-0.081918,1,1,1,1,1,5,5,5,3.0000,3.0000,0.0000,0.0000,1.0000,0.0000,1.0000,1,-0.004289,0.00000397,-0.004289,1.653907,-0.072788
2012-10-02,,3.0600,3.2200,15.7100,71.4623,68.670000,64.194365,0.125986,-0.076011,1,1,1,1,1,5,5,5,3.0000,3.0000,0.0000,0.0000,1.0000,0.0000,1.0000,1,0.006460,0.00000357,0.006460,1.664591,-0.066798
2012-10-03,,3.0400,3.2200,15.4300,71.9340,69.110000,64.265615,0.126094,-0.086526,1,1,1,1,1,5,5,5,3.0000,3.0000,0.0000,0.0000,1.0000,0.0000,1.0000,1,0.018939,0.00000357,0.018939,1.696117,-0.049124
2012-10-04,,3.0300,3.2200,14.5500,75.4717,69.350000,64.340765,0.125920,-0.093514,1,1,1,1,1,5,5,5,3.0000,3.0000,0.0000,0.0000,1.0000,0.0000,1.0000,1,0.011612,0.00000357,0.011612,1.715813,-0.038082
2012-10-05,,2.9900,3.2200,14.3300,74.0566,68.980000,64.406015,0.125701,-0.101895,1,1,1,1,1,5,5,5,3.0000,3.0000,0.0000,0.0000,1.0000,0.0000,1.0000,1,-0.017241,0.00000397,-0.017241,1.686230,-0.054667
2012-10-08,,2.9800,3.2200,15.1100,74.0566,68.350000,64.472115,0.126337,-0.087647,1,1,1,1,1,5,5,5,3.0000,3.0000,0.0000,0.0000,1.0000,0.0000,1.0000,1,-0.026478,0.00000436,-0.026478,1.641582,-0.079698
2012-10-09,,2.9800,3.2200,16.3700,69.1038,67.259200,64.530411,0.127358,-0.080566,1,1,1,1,1,5,5,5,3.0000,3.0000,0.0000,0.0000,1.0000,0.0000,1.0000,1,-0.051394,0.00000436,-0.051394,1.557214,-0.126996
2012-10-10,,2.9300,3.2200,16.2900,67.6887,66.920000,64.584611,0.127966,-0.070267,1,1,1,1,1,5,5,5,3.0000,3.0000,0.0000,0.0000,1.0000,0.0000,1.0000,1,-0.012136,0.00000397,-0.012136,1.538315,-0.137591
2012-10-11,,2.9000,3.2150,15.5900,68.3962,66.710000,64.636961,0.128034,-0.065193,1,1,1,1,1,5,5,5,3.0000,3.0000,0.0000,0.0000,1.0000,-0.0000,1.0000,1,-0.008903,0.00000397,-0.008903,1.524620,-0.145269
2012-10-12,,2.8700,3.2100,16.1400,66.2736,66.680000,64.692411,0.127721,-0.066462,1,1,1,1,1,5,5,5,3.0000,3.0000,0.0000,0.0000,1.0000,0.0000,1.0000,1,-0.000181,0.00000397,-0.000181,1.524344,-0.145424
2012-10-15,,2.8500,3.2100,15.2700,70.2830,67.170000,64.748311,0.127186,-0.082840,1,1,1,1,1,5,5,5,3.0000,3.0000,0.0000,0.0000,1.0000,0.0000,1.0000,1,0.019947,0.00000436,0.019947,1.554750,-0.128377
2012-10-16,,2.8300,3.2100,15.2200,73.1132,68.120000,64.809761,0.126391,-0.094192,1,1,1,1,1,5,5,5,3.0000,3.0000,0.0000,0.0000,1.0000,-0.0000,1.0000,1,0.043516,0.00000436,0.043516,1.622407,-0.090448
2012-10-17,,2.8000,3.2100,15.0700,75.4717,68.080000,64.865661,0.127365,-0.087574,1,1,1,1,1,5,5,5,3.0000,3.0000,0.0000,0.0000,1.0000,0.0000,1.0000,1,-0.003039,0.00000357,-0.003039,1.617477,-0.093212
2012-10-18,,2.7700,3.2050,15.0300,73.8208,67.290000,64.916411,0.128275,-0.079362,1,1,1,1,1,5,5,5,3.0000,3.0000,0.0000,0.0000,1.0000,-0.0000,1.0000,1,-0.034209,0.00000436,-0.034209,1.562144,-0.124232
2012-10-19,,2.7200,3.2000,17.0600,68.3962,65.680000,64.956761,0.129403,-0.067362,1,1,1,1,1,5,5,5,3.0000,3.0000,0.0000,0.0000,1.0000,0.0000,1.0000,1,-0.072242,0.00000397,-0.072242,1.449293,-0.187499
2012-10-22,,2.7100,3.2000,16.6200,68.3962,66.020000,64.997811,0.129036,-0.062498,1,1,1,1,1,5,5,5,3.0000,3.0000,0.0000,0.0000,1.0000,0.0000,1.0000,1,0.015687,0.00000397,0.015687,1.472028,-0.174753
2012-10-23,,2.6800,3.2000,18.8300,62.9717,65.390000,65.036661,0.129649,-0.060563,1,1,1,1,1,5,5,5,3.0000,3.0000,0.0000,0.0000,1.0000,0.0000,1.0000,1,-0.029588,0.00000397,-0.029588,1.428474,-0.199170
2012-10-24,,2.7300,3.2000,18.3300,61.0849,65.164000,65.072281,0.129060,-0.064120,1,1,1,1,1,5,5,5,3.0000,3.0000,0.0000,0.0000,1.0000,0.0000,1.0000,1,-0.009972,0.00000436,-0.009972,1.414230,-0.207156
2012-10-25,,2.7400,3.2000,18.1200,62.9717,65.160000,65.107281,0.129322,-0.055812,1,1,1,1,1,5,5,5,3.0000,3.0000,0.0000,0.0000,1.0000,0.0000,1.0000,1,0.000000,0.00000436,-0.000000,1.414230,-0.207156
2012-10-26,,2.7300,3.2000,17.8100,62.2642,65.350000,65.142081,0.129395,-0.056918,1,1,1,1,1,5,5,5,3.0000,3.0000,0.0000,0.0000,1.0000,0.0000,1.0000,1,0.010459,0.00000436,0.010459,1.429021,-0.198863
2012-10-31,,2.7600,3.2000,18.6000,64.6226,64.950000,65.175931,0.130510,-0.039843,1,1,1,0,1,4,3,5,3.0000,3.0000,0.0000,0.0000,1.0000,0.0000,1.0000,1,-0.019358,0.00000476,-0.019358,1.401358,-0.214372
2012-11-01,,2.7300,3.2000,16.6900,70.7547,65.872900,65.211746,0.127809,-0.056351,1,1,1,1,1,5,5,4,2.8000,2.8012,0.0000,0.1988,0.8012,0.0000,1.0000,1,0.042416,0.00000436,0.040815,1.458554,-0.182307
2012-11-02,,2.7500,3.2000,17.5900,64.3868,65.170000,65.240146,0.128073,-0.038799,1,1,1,0,1,4,3,5,2.8667,2.8646,0.0000,0.1354,0.8646,0.0000,1.0000,1,-0.036566,0.00000357,-0.035196,1.407219,-0.211086
2012-11-05,,2.7700,3.2000,18.4200,66.2736,65.600000,65.268846,0.125733,-0.056692,1,1,1,1,1,5,5,4,2.7111,2.7122,0.0000,0.2878,0.7122,0.0000,1.0000,1,0.024523,0.00000357,0.022384,1.438717,-0.193428
2012-11-06,,2.7400,3.2000,17.5800,70.7547,65.720000,65.298596,0.124825,-0.063200,1,1,1,1,1,5,5,5,2.8074,2.8076,0.0000,0.1924,0.8076,0.0000,1.0000,1,0.006080,0.00000436,0.005649,1.446845,-0.188871
2012-11-07,,2.7400,3.2000,19.0800,61.7925,64.170000,65.320496,0.125036,-0.061307,1,1,1,0,1,4,3,5,2.8716,2.8701,0.0000,0.1299,0.8701,0.0000,1.0000,1,-0.071753,0.00000397,-0.068047,1.348391,-0.244066
2012-11-08,,2.7800,3.2000,18.4900,56.1321,63.160000,65.337896,0.126347,-0.050420,1,1,1,0,1,4,3,4,2.7144,2.7105,0.0000,0.2895,0.7105,0.0000,1.0000,1,-0.046785,0.00000397,-0.041699,1.292165,-0.275587
2012-11-09,,2.8000,3.2000,18.6100,56.8396,63.430000,65.352896,0.125470,-0.055799,1,1,1,0,1,4,3,4,2.6096,2.6100,0.0000,0.3900,0.6100,0.0000,1.0000,1,0.010882,0.00000397,0.009704,1.304705,-0.268558
2012-11-12,,2.8200,3.2000,16.6800,56.3679,63.420000,65.368896,0.124326,-0.058740,1,1,1,0,1,4,3,4,2.5397,2.5386,0.0000,0.4614,0.5386,0.0000,1.0000,1,0.001479,0.00000357,0.000533,1.305401,-0.268167
2012-11-13,,2.8200,3.2000,16.6500,56.1321,62.980000,65.381796,0.125227,-0.042483,1,1,1,0,1,4,3,4,2.4932,2.4927,0.0000,0.5073,0.4927,0.0000,1.0000,1,-0.021713,0.00000357,-0.017431,1.282647,-0.280924
2012-11-14,,2.8500,3.2000,17.9200,46.2264,62.240000,65.390746,0.126039,-0.032207,1,1,0,0,1,3,1,4,2.4621,2.4579,0.0000,0.5421,0.4579,0.0000,1.0000,1,-0.035767,0.00000436,-0.029619,1.244656,-0.302222
2012-11-15,,2.8700,3.2000,17.9900,46.2264,62.029900,65.398245,0.125534,-0.037511,1,1,0,0,1,3,1,3,2.2414,2.2411,0.0000,0.7589,0.2411,-0.0000,1.0000,1,-0.008939,0.00000397,-0.007871,1.234859,-0.307714
2012-11-16,,2.9000,3.2000,16.4100,49.7642,62.300000,65.404645,0.125981,-0.030560,1,1,0,0,1,3,1,3,2.0943,2.0946,0.0000,0.9054,0.0946,0.0000,1.0000,1,0.011273,0.00000317,0.008563,1.245433,-0.301786
2012-11-19,,2.9000,3.2000,15.2400,56.6038,63.780600,65.417448,0.123589,-0.047283,1,1,1,0,1,4,3,3,1.9962,1.9962,0.0038,0.9962,0.0000,0.0000,1.0000,1,0.072018,0.00000238,0.049093,1.306575,-0.267509
2012-11-20,,2.9100,3.2000,15.0800,57.3113,63.800000,65.426198,0.123321,-0.047676,1,1,1,0,1,4,3,4,2.1308,2.1308,0.0000,0.8692,0.1308,0.0000,1.0000,1,0.000208,0.00000357,0.000549,1.307293,-0.267107
2012-11-21,,2.9000,3.2000,15.3100,58.7264,63.930000,65.435848,0.122553,-0.052073,1,1,1,0,1,4,3,4,2.2205,2.2208,0.0000,0.7792,0.2208,0.0000,1.0000,1,0.007071,0.00000317,0.005211,1.314105,-0.263288
2012-11-23,,2.8900,3.2000,15.1400,65.5660,64.900000,65.449698,0.120587,-0.069775,1,1,1,0,1,4,3,4,2.2803,2.2823,0.0000,0.7177,0.2823,0.0000,1.0000,1,0.045839,0.00000397,0.033822,1.358551,-0.238370
2012-11-26,,2.8900,3.2000,15.5000,64.1509,65.181000,65.463303,0.122368,-0.055128,1,1,1,0,1,4,3,4,2.3202,2.3216,0.0000,0.6784,0.3216,0.0000,1.0000,1,0.012833,0.00000397,0.011005,1.373502,-0.229989
2012-11-27,,2.9000,3.2000,15.9200,62.0283,64.960000,65.473553,0.123316,-0.045257,1,1,1,0,1,4,3,4,2.3468,2.3459,0.0000,0.6541,0.3459,0.0000,1.0000,1,-0.011307,0.00000397,-0.009080,1.361030,-0.236981
2012-11-28,,2.9100,3.2000,15.5100,65.5660,65.520000,65.488778,0.122826,-0.051972,1,1,1,1,1,5,5,4,2.3645,2.3679,0.0000,0.6321,0.3679,0.0000,1.0000,1,0.026815,0.00000397,0.020773,1.389303,-0.221130
2012-11-29,,2.9100,3.2000,15.0600,69.8113,65.910000,65.503078,0.122959,-0.045315,1,1,1,1,1,5,5,5,2.5764,2.5763,0.0000,0.4237,0.5763,-0.0000,1.0000,1,0.017283,0.00000397,0.013626,1.408234,-0.210517
2012-11-30,,2.9500,3.2000,15.8700,69.1038,65.800000,65.516028,0.124231,-0.039908,1,1,1,1,1,5,5,5,2.7176,2.7174,0.0000,0.2826,0.7174,0.0000,1.0000,1,-0.003588,0.00000357,-0.003216,1.403705,-0.213056
2012-12-03,,2.9500,3.2000,16.6400,66.2736,65.670000,65.530528,0.124072,-0.037689,1,1,1,1,1,5,5,5,2.8117,2.8103,0.0000,0.1897,0.8103,0.0000,1.0000,1,-0.004926,0.00000317,-0.005370,1.396167,-0.217282
2012-12-04,,2.9500,3.2000,17.1200,65.0943,65.630000,65.540528,0.123611,-0.032009,1,1,1,1,1,5,5,5,2.8745,2.8741,0.0000,0.1259,0.8741,-0.0000,1.0000,1,-0.006471,0.00000397,-0.006297,1.387375,-0.222211
2012-12-05,,2.9400,3.2000,16.4600,66.0377,64.903200,65.547894,0.125265,-0.012342,1,1,1,0,1,4,3,5,2.9163,2.9156,0.0000,0.0844,0.9156,0.0000,1.0000,1,-0.030849,0.00000397,-0.030023,1.345721,-0.245563
2012-12-06,,2.9700,3.1950,16.5800,67.2170,65.320000,65.556444,0.124771,-0.020777,1,1,1,0,1,4,3,4,2.7442,2.7460,0.0000,0.2540,0.7460,0.0000,1.0000,1,0.018386,0.00000397,0.016194,1.367515,-0.233345
2012-12-07,,2.9600,3.1900,15.9000,68.3962,64.930000,65.564444,0.124478,-0.017975,1,1,1,0,1,4,3,4,2.6295,2.6269,0.0000,0.3731,0.6269,0.0000,1.0000,1,-0.017083,0.00000397,-0.014557,1.347607,-0.244506
2012-12-10,,2.9600,3.1900,16.0500,68.8679,65.120000,65.571394,0.124480,-0.009050,1,1,1,0,1,4,3,4,2.5530,2.5544,0.0000,0.4456,0.5544,0.0000,1.0000,1,0.008887,0.00000357,0.007453,1.357652,-0.238875
2012-12-11,,2.9500,3.1900,15.5700,72.1698,65.970000,65.581444,0.123919,-0.012216,1,1,1,1,1,5,5,4,2.5020,2.5029,0.0000,0.4971,0.5029,0.0000,1.0000,1,0.038567,0.00000357,0.032860,1.402263,-0.213864
2012-12-12,,2.9500,3.1900,15.9500,70.5189,65.830000,65.590344,0.123650,-0.003403,1,1,1,1,1,5,5,5,2.6680,2.6664,0.0000,0.3336,0.6664,0.0000,1.0000,1,-0.006786,0.00000317,-0.007339,1.391972,-0.219634
2012-12-13,,2.9400,3.1900,16.5600,68.1604,65.311100,65.593400,0.123922,0.001570,1,1,1,0,0,3,1,5,2.7787,2.7778,0.0000,0.2222,0.7778,0.0000,1.0000,1,-0.022585,0.00000278,-0.020751,1.363088,-0.235827
2012-12-14,,2.9200,3.1900,17.0000,66.9811,64.690000,65.594800,0.123887,0.003445,1,1,1,0,0,3,1,3,2.4524,2.4517,0.0000,0.5483,0.4517,0.0000,1.0000,1,-0.028349,0.00000238,-0.025410,1.328452,-0.255244
2012-12-17,,2.9000,3.1900,16.3400,71.2264,65.550000,65.597950,0.124331,0.006452,1,1,1,0,0,3,1,3,2.2350,2.2369,0.0000,0.7631,0.2369,0.0000,1.0000,1,0.038968,0.00000159,0.030100,1.368438,-0.232828
2012-12-18,,2.9000,3.1900,15.5700,76.4151,66.547200,65.606336,0.123822,-0.001584,1,1,1,1,1,5,5,3,2.0900,2.0911,0.0000,0.9089,0.0911,0.0000,1.0000,1,0.046357,0.00000198,0.031438,1.411459,-0.208709
2012-12-19,,2.9200,3.1900,17.3600,74.0566,66.260500,65.616638,0.123813,0.002643,1,1,1,1,0,4,3,5,2.3933,2.3914,0.0000,0.6086,0.3914,0.0000,1.0000,1,-0.014338,0.00000238,-0.011770,1.394847,-0.218022
2012-12-20,,2.8900,3.1900,17.6700,75.9434,66.260000,65.630088,0.123486,-0.010951,1,1,1,1,1,5,5,4,2.3955,2.3953,0.0000,0.6047,0.3953,0.0000,1.0000,1,0.000745,0.00000198,-0.000146,1.394643,-0.218136
2012-12-21,,2.8900,3.1900,17.8400,70.7547,65.200000,65.635788,0.123643,-0.017914,1,1,1,0,1,4,3,5,2.5970,2.5983,0.0000,0.4017,0.5983,0.0000,1.0000,1,-0.031122,0.00000238,-0.023278,1.362179,-0.236336
2012-12-24,,2.8600,3.1850,17.8400,70.2830,65.070000,65.637388,0.123498,-0.026674,1,1,1,0,1,4,3,4,2.5314,2.5304,0.0000,0.4696,0.5304,0.0000,1.0000,1,-0.008463,0.00000238,-0.007018,1.352620,-0.241696
2012-12-26,,2.8600,3.1800,19.4800,67.6887,64.500000,65.634788,0.122963,-0.017701,1,1,1,0,1,4,3,4,2.4876,2.4849,0.0000,0.5151,0.4849,0.0000,1.0000,1,-0.023666,0.00000238,-0.020248,1.325232,-0.257049
2012-12-27,,2.8700,3.1800,19.4700,67.6887,64.400000,65.631538,0.122915,-0.026965,1,1,1,0,1,4,3,4,2.4584,2.4577,0.0000,0.5423,0.4577,0.0000,1.0000,1,-0.005564,0.00000357,-0.004542,1.319213,-0.260424
2012-12-28,,2.8400,3.1800,22.7200,64.1509,63.780000,65.619138,0.123009,-0.018974,1,0,1,0,1,3,1,4,2.4389,2.4379,0.0000,0.5621,0.4379,0.0000,1.0000,1,-0.028971,0.00000317,-0.023792,1.287827,-0.278020
2012-12-31,,2.8500,3.1800,18.0200,69.5755,65.130100,65.612339,0.122606,-0.026445,1,1,1,0,1,4,3,3,2.2259,2.2303,0.0000,0.7697,0.2303,0.0000,1.0000,1,0.065227,0.00000040,0.045660,1.346629,-0.245054
2013-01-02,,2.8500,3.1800,14.6800,78.7736,67.200000,65.614939,0.121731,-0.034835,1,1,1,1,1,5,5,4,2.2840,2.2851,0.0000,0.7149,0.2851,0.0000,1.0000,1,0.093296,0.00000198,0.071491,1.442900,-0.191082
2013-01-03,,2.8500,3.1800,14.5600,79.0094,66.852100,65.616599,0.122003,-0.031021,1,1,1,1,1,5,5,5,2.5226,2.5215,0.0000,0.4785,0.5215,0.0000,1.0000,1,-0.014487,0.00000317,-0.011963,1.425639,-0.200760
2013-01-04,,2.8400,3.1800,13.8300,81.1321,66.630000,65.614799,0.122088,-0.028792,1,1,1,1,1,5,5,5,2.6818,2.6810,0.0000,0.3190,0.6810,0.0000,1.0000,1,-0.009862,0.00000317,-0.009239,1.412467,-0.208144
2013-01-07,,2.8100,3.1750,13.7900,79.4811,66.650400,65.612501,0.121224,-0.040564,1,1,1,1,1,5,5,5,2.7878,2.7883,0.0000,0.2117,0.7883,0.0000,1.0000,1,0.001086,0.00000278,0.001575,1.414692,-0.206896
2013-01-08,,2.8000,3.1700,13.6200,78.3019,66.520000,65.609501,0.121196,-0.048836,1,1,1,1,1,5,5,5,2.8586,2.8581,0.0000,0.1419,0.8581,0.0000,1.0000,1,-0.005787,0.00000278,-0.005435,1.407003,-0.211207
2013-01-09,,2.8100,3.1700,13.8100,78.5377,66.770000,65.608451,0.120648,-0.058240,1,1,1,1,1,5,5,5,2.9057,2.9059,0.0000,0.0941,0.9059,0.0000,1.0000,1,0.010187,0.00000278,0.009494,1.420361,-0.203718
2013-01-10,,2.8100,3.1700,13.4900,80.1887,67.170000,65.609606,0.120207,-0.062723,1,1,1,1,1,5,5,5,2.9371,2.9371,0.0000,0.0629,0.9371,0.0000,1.0000,1,0.017649,0.00000238,0.017118,1.444675,-0.190088
2013-01-11,,2.8000,3.1700,13.3600,80.1887,67.260000,65.605356,0.120351,-0.059390,1,1,1,1,1,5,5,5,2.9581,2.9581,0.0000,0.0419,0.9581,0.0000,1.0000,1,0.003715,0.00000238,0.003692,1.450009,-0.187097
2013-01-14,,2.8000,3.1700,13.5200,81.6038,66.960000,65.599106,0.120195,-0.056075,1,1,1,1,1,5,5,5,2.9721,2.9721,0.0000,0.0279,0.9721,0.0000,1.0000,1,-0.012870,0.00000278,-0.012710,1.431580,-0.197429
2013-01-15,,2.8000,3.1650,13.5500,81.6038,66.630000,65.592566,0.120453,-0.047479,1,1,1,1,1,5,5,5,2.9814,2.9814,0.0000,0.0186,0.9814,0.0000,1.0000,1,-0.014824,0.00000317,-0.014689,1.410551,-0.209218
2013-01-16,,2.8100,3.1600,13.4200,80.8962,66.900000,65.588666,0.119891,-0.059018,1,1,1,1,1,5,5,5,2.9876,2.9876,0.0000,0.0124,0.9876,0.0000,1.0000,1,0.011241,0.00000357,0.011176,1.426316,-0.200380
2013-01-17,,2.8400,3.1550,13.5700,82.7830,67.220000,65.587016,0.119595,-0.068679,1,1,1,1,1,5,5,5,2.9917,2.9917,0.0000,0.0083,0.9917,0.0000,1.0000,1,0.015417,0.00000317,0.015344,1.448202,-0.188110
2013-01-18,,2.8400,3.1500,12.4600,84.1981,67.070000,65.581116,0.120272,-0.072988,1,1,1,1,1,5,5,5,2.9945,2.9945,0.0000,0.0055,0.9945,0.0000,1.0000,1,-0.005649,0.00000278,-0.005629,1.440050,-0.192681
2013-01-22,,2.8200,3.1500,12.4300,84.1981,67.180000,65.575816,0.120633,-0.067716,1,1,1,1,1,5,5,5,2.9963,2.9963,0.0000,0.0037,0.9963,0.0000,1.0000,1,0.004101,0.00000317,0.004097,1.445950,-0.189373
2013-01-23,,2.8200,3.1500,12.4600,83.7264,67.590000,65.577266,0.120138,-0.077486,1,1,1,1,1,5,5,5,2.9975,2.9975,0.0000,0.0025,0.9975,0.0000,1.0000,1,0.016251,0.00000317,0.016228,1.469414,-0.176218
2013-01-24,,2.8300,3.1500,12.6900,85.3774,66.660000,65.571966,0.120641,-0.069110,1,1,1,1,1,5,5,5,2.9984,2.9984,0.0000,0.0016,0.9984,0.0000,1.0000,1,-0.039847,0.00000317,-0.039813,1.410912,-0.209016
2013-01-25,,2.8200,3.1500,12.8900,86.5566,67.000000,65.570916,0.120566,-0.071931,1,1,1,1,1,5,5,5,2.9989,2.9989,0.0000,0.0011,0.9989,0.0000,1.0000,1,0.014859,0.00000317,0.014852,1.431867,-0.197268
2013-01-28,,2.8200,3.1500,13.5700,85.6132,67.150000,65.576016,0.120644,-0.071806,1,1,1,1,1,5,5,5,2.9993,2.9993,0.0000,0.0007,0.9993,0.0000,1.0000,1,0.007143,0.00000317,0.007141,1.442091,-0.191536
2013-01-29,,2.8200,3.1500,13.3100,87.0283,67.160000,65.579566,0.121001,-0.077660,1,1,1,1,1,5,5,5,2.9995,2.9995,0.0000,0.0005,0.9995,0.0000,1.0000,1,0.000000,0.00000278,-0.000002,1.442089,-0.191537
2013-01-30,,2.8100,3.1450,14.3200,86.0849,67.020000,65.578641,0.121577,-0.051237,1,1,1,1,1,5,5,5,2.9997,2.9997,0.0000,0.0003,0.9997,0.0000,1.0000,1,-0.005496,0.00000278,-0.005494,1.434166,-0.195979
2013-01-31,,2.8400,3.1400,14.2800,86.0849,66.870000,65.582041,0.122178,-0.048677,1,1,1,1,1,5,5,5,2.9998,2.9998,0.0000,0.0002,0.9998,0.0000,1.0000,1,-0.006418,0.00000278,-0.006418,1.424961,-0.201140
2013-02-01,,2.8200,3.1400,12.9000,87.7358,67.660000,65.593091,0.121264,-0.037892,1,1,1,1,1,5,5,5,2.9999,2.9999,0.0000,0.0001,0.9999,0.0000,1.0000,1,0.032836,0.00000278,0.032834,1.471749,-0.174910
2013-02-04,,2.8400,3.1400,14.6700,86.0849,66.480000,65.591591,0.121811,-0.025258,1,1,1,1,1,5,5,5,2.9999,2.9999,0.0000,0.0001,0.9999,0.0000,1.0000,1,-0.050904,0.00000238,-0.050902,1.396834,-0.216908
2013-02-05,,2.8500,3.1300,13.7200,87.0283,67.460000,65.595841,0.120920,-0.035584,1,1,1,1,1,5,5,5,2.9999,2.9999,0.0000,0.0001,0.9999,0.0000,1.0000,1,0.043932,0.00000278,0.043931,1.458198,-0.182506
2013-02-06,,2.8500,3.1200,13.4100,87.7358,67.240000,65.602741,0.121196,-0.044646,1,1,1,1,1,5,5,5,3.0000,3.0000,0.0000,0.0000,1.0000,0.0000,1.0000,1,-0.009292,0.00000278,-0.009292,1.444649,-0.190102
2013-02-07,,2.8600,3.1200,13.5000,87.7358,67.300000,65.610841,0.121522,-0.034383,1,1,1,1,1,5,5,5,3.0000,3.0000,0.0000,0.0000,1.0000,0.0000,1.0000,1,0.002477,0.00000278,0.002477,1.448227,-0.188096
2013-02-08,,2.8500,3.1200,13.0200,88.4434,67.990000,65.625391,0.120850,-0.030702,1,1,1,1,1,5,5,5,3.0000,3.0000,0.0000,0.0000,1.0000,0.0000,1.0000,1,0.030368,0.00000278,0.030368,1.492207,-0.163440
2013-02-11,,2.8600,3.1150,12.9400,87.9717,68.010000,65.641791,0.121170,-0.035681,1,1,1,1,1,5,5,5,3.0000,3.0000,0.0000,0.0000,1.0000,0.0000,1.0000,1,-0.000344,0.00000278,-0.000344,1.491694,-0.163728
2013-02-12,,2.8400,3.1100,12.6400,87.9717,67.730000,65.648191,0.121497,-0.040303,1,1,1,1,1,5,5,5,3.0000,3.0000,0.0000,0.0000,1.0000,0.0000,1.0000,1,-0.011655,0.00000357,-0.011655,1.474308,-0.173475
2013-02-13,,2.8500,3.1100,12.9800,87.5000,67.970000,65.653841,0.121393,-0.036992,1,1,1,1,1,5,5,5,3.0000,3.0000,0.0000,0.0000,1.0000,0.0000,1.0000,1,0.011620,0.00000357,0.011620,1.491438,-0.163871
2013-02-14,,2.8400,3.1100,12.6600,87.5294,67.950000,65.657391,0.120297,-0.050385,1,1,1,1,1,5,5,5,3.0000,3.0000,0.0000,0.0000,1.0000,0.0000,1.0000,1,-0.002057,0.00000397,-0.002057,1.488370,-0.165591
2013-02-15,,2.8500,3.1100,12.4600,87.0588,67.750000,65.662341,0.120702,-0.025542,1,1,1,1,1,5,5,5,3.0000,3.0000,0.0000,0.0000,1.0000,0.0000,1.0000,1,-0.008589,0.00000436,-0.008589,1.475586,-0.172758
2013-02-19,,2.8500,3.1050,12.3100,88.4706,68.240000,65.669191,0.120848,-0.022073,1,1,1,1,1,5,5,5,3.0000,3.0000,0.0000,0.0000,1.0000,0.0000,1.0000,1,0.021833,0.00000397,0.021833,1.507803,-0.154697
2013-02-20,,2.8600,3.1000,14.6800,87.7647,67.190000,65.669841,0.122142,-0.003637,1,1,1,1,1,5,5,5,3.0000,3.0000,0.0000,0.0000,1.0000,-0.0000,1.0000,1,-0.045617,0.00000476,-0.045617,1.439022,-0.193257
2013-02-21,,2.8700,3.1000,15.2200,86.1176,66.470000,65.670441,0.122357,0.015622,1,1,1,1,0,4,3,5,3.0000,3.0000,0.0000,0.0000,1.0000,0.0000,1.0000,1,-0.032517,0.00000476,-0.032517,1.392230,-0.219489
2013-02-22,,2.8700,3.0950,14.1700,87.0588,67.139000,65.682636,0.122391,0.000205,1,1,1,1,0,4,3,4,2.8000,2.8005,0.0000,0.1995,0.8005,0.0000,1.0000,1,0.029385,0.00000516,0.028681,1.432161,-0.197103
2013-02-25,,2.8700,3.0900,18.9900,83.7647,66.310000,65.690386,0.123658,0.002938,1,1,1,1,0,4,3,4,2.6667,2.6623,0.0000,0.3377,0.6623,0.0000,1.0000,1,-0.037288,0.00000516,-0.032326,1.385864,-0.223058
2013-02-26,,2.8900,3.0900,16.8700,84.4706,66.560000,65.700586,0.123184,0.003085,1,1,1,1,0,4,3,4,2.5778,2.5782,0.0000,0.4218,0.5782,0.0000,1.0000,1,0.012046,0.00000476,0.010246,1.400063,-0.215098
2013-02-27,,2.9000,3.0900,14.7300,86.3529,67.239000,65.715176,0.122770,-0.001647,1,1,1,1,1,5,5,4,2.5185,2.5208,0.0000,0.4792,0.5208,0.0000,1.0000,1,0.030398,0.00000555,0.025489,1.435749,-0.195091
2013-02-28,,2.9000,3.0850,15.5100,85.6471,67.100000,65.729726,0.123442,-0.006772,1,1,1,1,1,5,5,5,2.6790,2.6791,0.0000,0.3209,0.6791,0.0000,1.0000,1,-0.003733,0.00000436,-0.003537,1.430671,-0.197939
2013-03-01,,2.8900,3.0800,15.3600,86.5882,67.380000,65.745726,0.123266,-0.006986,1,1,1,1,1,5,5,5,2.7860,2.7873,0.0000,0.2127,0.7873,0.0000,1.0000,1,0.010347,0.00000436,0.010440,1.445607,-0.189565
2013-03-04,,2.9000,3.0800,14.0100,88.0000,67.680000,65.766226,0.123856,0.002146,1,1,1,1,0,4,3,5,2.8573,2.8582,0.0000,0.1418,0.8582,0.0000,1.0000,1,0.012888,0.00000436,0.012584,1.463798,-0.179367
2013-03-05,,2.9000,3.0750,13.4800,89.8824,68.680000,65.792776,0.123404,-0.016200,1,1,1,1,1,5,5,4,2.7049,2.7062,0.0000,0.2938,0.7062,0.0000,1.0000,1,0.043925,0.00000436,0.040895,1.523660,-0.145807
2013-03-06,,2.9000,3.0700,13.5300,88.9412,68.510000,65.820626,0.123172,-0.013951,1,1,1,1,1,5,5,5,2.8033,2.8025,0.0000,0.1975,0.8025,0.0000,1.0000,1,-0.006344,0.00000317,-0.006623,1.513568,-0.151465
2013-03-07,,2.8900,3.0700,13.0600,88.2629,68.690000,65.856026,0.122403,-0.018117,1,1,1,1,1,5,5,5,2.8688,2.8691,0.0000,0.1309,0.8691,0.0000,1.0000,1,0.008737,0.00000397,0.008222,1.526012,-0.144489
2013-03-08,,2.8900,3.0700,12.5900,89.4366,68.770000,65.895826,0.122137,-0.020532,1,1,1,1,1,5,5,5,2.9126,2.9123,0.0000,0.0877,0.9123,0.0000,1.0000,1,0.001167,0.00000397,0.001010,1.527552,-0.143625
2013-03-11,,2.8800,3.0700,11.5600,89.2019,68.970000,65.928126,0.121964,-0.017167,1,1,1,1,1,5,5,5,2.9417,2.9419,0.0000,0.0581,0.9419,0.0000,1.0000,1,0.010316,0.00000397,0.010110,1.542996,-0.134967
2013-03-12,,2.8700,3.0650,12.2700,88.7324,68.720000,65.959526,0.121917,-0.015205,1,1,1,1,1,5,5,5,2.9611,2.9611,0.0000,0.0389,0.9611,0.0000,1.0000,1,-0.012187,0.00000397,-0.011939,1.524575,-0.145294
2013-03-13,,2.8700,3.0600,11.8300,88.4977,68.630000,65.989876,0.122286,-0.014431,1,1,1,1,1,5,5,5,2.9741,2.9740,0.0000,0.0260,0.9740,0.0000,1.0000,1,-0.003169,0.00000397,-0.003216,1.519672,-0.148043
2013-03-14,,2.8500,3.0600,11.3000,88.7324,68.860000,66.023426,0.121891,-0.017770,1,1,1,1,1,5,5,5,2.9827,2.9827,0.0000,0.0173,0.9827,0.0000,1.0000,1,0.010204,0.00000357,0.010115,1.535043,-0.139425
2013-03-15,,2.8800,3.0550,11.3000,88.7324,68.510000,66.055626,0.122345,-0.017311,1,1,1,1,1,5,5,5,2.9885,2.9884,0.0000,0.0116,0.9884,0.0000,1.0000,1,-0.009438,0.00000397,-0.009400,1.520613,-0.147515
2013-03-18,,2.8900,3.0450,13.3600,88.4977,68.360000,66.083126,0.122346,-0.012705,1,1,1,1,1,5,5,5,2.9923,2.9924,0.0000,0.0076,0.9924,0.0000,1.0000,1,-0.006853,0.00000357,-0.006812,1.510255,-0.153322
2013-03-19,,2.9100,3.0400,14.3900,88.7324,68.230000,66.112626,0.122955,-0.007431,1,1,1,1,1,5,5,5,2.9949,2.9949,0.0000,0.0051,0.9949,0.0000,1.0000,1,-0.004039,0.00000278,-0.004041,1.504152,-0.156744
2013-03-20,,2.9000,3.0400,12.6700,88.7324,68.709000,66.145871,0.123001,-0.004216,1,1,1,1,1,5,5,5,2.9966,2.9966,0.0000,0.0034,0.9966,0.0000,1.0000,1,0.019095,0.00000278,0.019048,1.532803,-0.140682
2013-03-21,,2.9000,3.0400,13.9900,88.7324,67.930000,66.183476,0.123446,-0.001723,1,1,1,1,1,5,5,5,2.9977,2.9977,0.0000,0.0023,0.9977,0.0000,1.0000,1,-0.032001,0.00000278,-0.031968,1.483803,-0.168152
2013-03-22,,2.9000,3.0400,13.5700,88.2629,68.590000,66.222076,0.122654,-0.007472,1,1,1,1,1,5,5,5,2.9985,2.9985,0.0000,0.0015,0.9985,-0.0000,1.0000,1,0.027578,0.00000278,0.027561,1.524698,-0.145225
2013-03-25,,2.9000,3.0400,13.7400,88.4977,68.340000,66.258176,0.122911,-0.000465,1,1,1,1,1,5,5,5,2.9990,2.9990,0.0000,0.0010,0.9990,0.0000,1.0000,1,-0.010168,0.00000278,-0.010168,1.509195,-0.153916
2013-03-26,,2.9100,3.0400,12.7700,88.9671,68.710000,66.289126,0.123087,0.001549,1,1,1,1,0,4,3,5,2.9993,2.9993,0.0000,0.0007,0.9993,0.0000,1.0000,1,0.015325,0.00000317,0.015321,1.532317,-0.140954
2013-03-27,,2.9100,3.0400,13.1500,89.4366,68.801000,66.321781,0.123663,0.005931,1,1,1,1,0,4,3,4,2.7996,2.8009,0.0000,0.1991,0.8009,0.0000,1.0000,1,0.005307,0.00000278,0.003584,1.537810,-0.137875
2013-03-28,,2.9300,3.0400,12.7000,89.4366,68.970000,66.352281,0.124785,0.019553,1,1,1,1,0,4,3,4,2.6664,2.6665,0.0000,0.3335,0.6665,0.0000,1.0000,1,0.005775,0.00000357,0.005552,1.546348,-0.133088
2013-04-01,,2.9600,3.0400,13.5800,89.6714,68.500000,66.385756,0.124992,0.028623,1,1,1,1,0,4,3,4,2.5776,2.5758,0.0000,0.4242,0.5758,0.0000,1.0000,1,-0.019357,0.00000278,-0.017066,1.519958,-0.147883
2013-04-02,,2.9100,3.0350,12.7800,89.6714,69.040000,66.418156,0.124793,0.024606,1,1,1,1,0,4,3,4,2.5184,2.5191,0.0000,0.4809,0.5191,0.0000,1.0000,1,0.022584,0.00000317,0.019551,1.549674,-0.131223
2013-04-03,,2.9100,3.0350,14.2100,88.2629,68.410000,66.449556,0.125717,0.031522,1,1,1,1,0,4,3,4,2.4789,2.4764,0.0000,0.5236,0.4764,0.0000,1.0000,1,-0.026501,0.00000278,-0.022140,1.515364,-0.150458
2013-04-04,,2.9100,3.0350,13.8900,88.7324,68.430000,66.479906,0.126395,0.045552,1,1,1,1,0,4,3,4,2.4526,2.4525,0.0000,0.5475,0.4525,0.0000,1.0000,1,0.000503,0.00000238,0.000671,1.516381,-0.149888
2013-04-05,,2.8800,3.0300,13.9200,87.7934,67.861000,66.504261,0.127515,0.055584,1,1,1,1,0,4,3,4,2.4351,2.4371,0.0000,0.5629,0.4371,0.0000,1.0000,1,-0.024521,0.00000278,-0.020547,1.485223,-0.167355
2013-04-08,,2.8200,3.0300,13.1900,89.6714,68.220000,66.527461,0.127617,0.061831,1,1,1,1,0,4,3,4,2.4234,2.4243,0.0000,0.5757,0.4243,0.0000,1.0000,1,0.015324,0.00000278,0.012709,1.504099,-0.156773
2013-04-09,,2.8200,3.0250,12.8400,90.3756,68.680000,66.549666,0.126794,0.058405,1,1,1,1,0,4,3,4,2.4156,2.4165,0.0000,0.5835,0.4165,0.0000,1.0000,1,0.019670,0.00000278,0.015599,1.527561,-0.143620
2013-04-10,,2.8200,3.0050,12.3600,90.6103,70.015000,66.578291,0.126268,0.053047,1,1,1,1,0,4,3,4,2.4104,2.4138,0.0000,0.5862,0.4138,0.0000,1.0000,1,0.058540,0.00000238,0.047318,1.599843,-0.103097
2013-04-11,,2.8300,2.9850,12.2400,92.2535,69.990000,66.614791,0.126139,0.053565,1,1,1,1,0,4,3,4,2.4069,2.4073,0.0000,0.5927,0.4073,0.0000,1.0000,1,-0.001728,0.00000278,-0.001841,1.596898,-0.104749
2013-04-12,,2.8400,2.9800,12.0600,92.2535,69.940000,66.647741,0.126984,0.058543,1,1,1,1,0,4,3,4,2.4046,2.4053,0.0000,0.5947,0.4053,0.0000,1.0000,1,-0.001101,0.00000278,-0.000924,1.595422,-0.105576
2013-04-15,,2.8200,2.9750,17.2700,86.8545,68.560000,66.679891,0.128128,0.072474,1,1,1,1,0,4,3,4,2.4031,2.3989,0.0000,0.6011,0.3989,0.0000,1.0000,1,-0.060817,0.00000238,-0.047950,1.518921,-0.148464
2013-04-16,,2.8200,2.9650,13.9600,88.9671,69.470000,66.714641,0.127787,0.072860,1,1,1,1,0,4,3,4,2.4021,2.4036,0.0000,0.5964,0.4036,0.0000,1.0000,1,0.041772,0.00000238,0.032759,1.568679,-0.120569
2013-04-17,,2.8100,2.9600,16.5100,86.1502,68.115000,66.740716,0.128941,0.075367,1,1,1,1,0,4,3,4,2.4014,2.3986,0.0000,0.6014,0.3986,0.0000,1.0000,1,-0.058518,0.00000238,-0.046936,1.495052,-0.161845
2013-04-18,,2.8100,2.9600,17.5600,84.0749,67.169000,66.765561,0.130174,0.081747,1,1,1,1,0,4,3,4,2.4009,2.3964,0.0000,0.6036,0.3964,0.0000,1.0000,1,-0.043205,0.00000238,-0.034169,1.443968,-0.190484
2013-04-19,,2.8000,2.9550,14.9700,85.0117,68.090000,66.785211,0.130981,0.093951,1,1,1,1,0,4,3,4,2.4006,2.4028,0.0000,0.5972,0.4028,0.0000,1.0000,1,0.041474,0.00000198,0.033213,1.491927,-0.163597
2013-04-22,,2.8100,2.9500,14.3900,85.4801,68.790000,66.807411,0.130243,0.083188,1,1,1,1,0,4,3,4,2.4004,2.4021,0.0000,0.5979,0.4021,0.0000,1.0000,1,0.030725,0.00000198,0.023864,1.527530,-0.143637
2013-04-23,,2.8200,2.9500,13.4800,88.2904,69.450000,66.830211,0.129231,0.075470,1,1,1,1,0,4,3,4,2.4003,2.4014,0.0000,0.5986,0.4014,0.0000,1.0000,1,0.029475,0.00000198,0.023440,1.563335,-0.123564
2013-04-24,,2.8000,2.9500,13.6100,89.6956,69.420000,66.852661,0.129560,0.077756,1,1,1,1,0,4,3,4,2.4002,2.4006,0.0000,0.5994,0.4006,0.0000,1.0000,1,-0.002426,0.00000198,-0.001457,1.561057,-0.124841
2013-04-25,,2.8000,2.9500,13.6200,90.3981,69.790000,66.881011,0.129069,0.070155,1,1,1,1,0,4,3,4,2.4001,2.4004,0.0000,0.5996,0.4004,0.0000,1.0000,1,0.016214,0.00000238,0.012881,1.581165,-0.113569
2013-04-26,,2.8100,2.9450,13.6100,89.2272,69.570000,66.908861,0.129487,0.068606,1,1,1,1,0,4,3,4,2.4001,2.3997,0.0000,0.6003,0.3997,0.0000,1.0000,1,-0.008456,0.00000198,-0.006739,1.570510,-0.119542
2013-04-29,,2.8100,2.9400,13.7100,89.6956,70.210000,66.943061,0.129692,0.065451,1,1,1,1,0,4,3,4,2.4001,2.4014,0.0000,0.5986,0.4014,0.0000,1.0000,1,0.026552,0.00000198,0.021510,1.604292,-0.100603
2013-04-30,,2.8200,2.9350,13.5200,91.8033,70.720000,66.981561,0.129728,0.073693,1,1,1,1,0,4,3,4,2.4000,2.4014,0.0000,0.5986,0.4014,0.0000,1.0000,1,0.021978,0.00000198,0.017123,1.631762,-0.085203
2013-05-01,,2.8300,2.9300,14.4900,89.6956,70.390000,67.021361,0.129580,0.067514,1,1,1,1,0,4,3,4,2.4000,2.3992,0.0000,0.6008,0.3992,0.0000,1.0000,1,-0.012761,0.00000198,-0.010150,1.615200,-0.094488
2013-05-02,,2.8200,2.9250,13.5900,90.3981,71.280000,67.060861,0.128232,0.063947,1,1,1,1,0,4,3,4,2.4000,2.4025,0.0000,0.5975,0.4025,0.0000,1.0000,1,0.036201,0.00000238,0.029357,1.662618,-0.067904
2013-05-03,,2.8100,2.9200,12.8500,91.8033,72.120000,67.105461,0.126698,0.048462,1,1,1,1,0,4,3,4,2.4000,2.4001,0.0000,0.5999,0.4001,0.0000,1.0000,1,0.034938,0.00000198,0.028242,1.709575,-0.041580
2013-05-06,,2.8200,2.9150,12.6600,92.7400,72.400000,67.149811,0.124614,0.027262,1,1,1,1,0,4,3,4,2.4000,2.4008,0.0000,0.5992,0.4008,-0.0000,1.0000,1,0.012895,0.00000198,0.009555,1.725909,-0.032422
2013-05-07,,2.8300,2.9100,12.8300,93.4426,72.360000,67.189661,0.125185,0.038421,1,1,1,1,0,4,3,4,2.4000,2.3994,0.0000,0.6006,0.3994,0.0000,1.0000,1,-0.002432,0.00000159,-0.001684,1.723002,-0.034052
2013-05-08,,2.8200,2.9100,12.6600,94.3925,72.710000,67.227711,0.123515,0.020830,1,1,1,1,0,4,3,4,2.4000,2.4016,0.0000,0.5984,0.4016,0.0000,1.0000,1,0.015629,0.00000159,0.012231,1.744077,-0.022237
2013-05-09,,2.8000,2.9100,13.1300,93.4579,72.606500,67.269569,0.121991,0.004354,1,1,1,1,0,4,3,4,2.4000,2.4003,0.0000,0.5997,0.4003,0.0000,1.0000,1,-0.003529,0.00000159,-0.002564,1.739605,-0.024744
2013-05-10,,2.8200,2.9100,12.5900,94.3925,73.050000,67.317519,0.121871,0.004236,1,1,1,1,0,4,3,4,2.4000,2.4012,0.0000,0.5988,0.4012,0.0000,1.0000,1,0.017002,0.00000159,0.013172,1.762519,-0.011898
2013-05-13,,2.8200,2.9100,12.5500,94.3925,73.140000,67.368419,0.121132,0.007460,1,1,1,1,0,4,3,4,2.4000,2.4007,0.0000,0.5993,0.4007,0.0000,1.0000,1,0.003901,0.00000159,0.003573,1.768817,-0.008368
2013-05-14,,2.8100,2.9100,12.7700,94.3925,73.520000,67.423319,0.120711,0.000076,1,1,1,1,0,4,3,4,2.4000,2.4011,0.0000,0.5989,0.4011,0.0000,1.0000,1,0.014710,0.00000198,0.011907,1.789877,0.000000
2013-05-15,,2.8100,2.9100,12.8100,94.6262,73.670000,67.474819,0.121211,0.003255,1,1,1,1,0,4,3,4,2.4000,2.4010,0.0000,0.5990,0.4010,0.0000,1.0000,1,0.007385,0.00000198,0.005287,1.799340,0.000000
2013-05-16,,2.8200,2.9100,13.0700,94.6262,73.590000,67.518419,0.120781,-0.012172,1,1,1,1,1,5,5,4,2.4000,2.3996,0.0000,0.6004,0.3996,0.0000,1.0000,1,-0.003666,0.00000159,-0.002500,1.794842,-0.002500
2013-05-17,,2.8100,2.9050,12.4500,95.3271,74.300000,67.565819,0.120762,-0.014471,1,1,1,1,1,5,5,5,2.6000,2.6011,0.0000,0.3989,0.6011,0.0000,1.0000,1,0.028206,0.00000119,0.023072,1.836252,0.000000
2013-05-20,,2.8100,2.9000,13.0200,94.8598,74.190000,67.612769,0.120170,-0.019944,1,1,1,1,1,5,5,5,2.7333,2.7335,0.0000,0.2665,0.7335,0.0000,1.0000,1,-0.004506,0.00000159,-0.003746,1.829373,-0.003746
2013-05-21,,2.8000,2.9000,13.3700,95.3271,74.270000,67.661069,0.120237,-0.031037,1,1,1,1,1,5,5,5,2.8222,2.8225,0.0000,0.1775,0.8225,0.0000,1.0000,1,0.003728,0.00000198,0.003377,1.835550,-0.000382
2013-05-22,,2.8100,2.9000,13.8200,94.8598,73.619000,67.707264,0.119086,-0.036788,1,1,1,1,1,5,5,5,2.8815,2.8806,0.0000,0.1194,0.8806,0.0000,1.0000,1,-0.024404,0.00000159,-0.023431,1.792542,-0.023804
2013-05-23,,2.7800,2.9000,14.0700,94.1589,73.450000,67.746514,0.118616,-0.036853,1,1,1,1,1,5,5,5,2.9210,2.9214,0.0000,0.0786,0.9214,0.0000,1.0000,1,-0.010875,0.00000159,-0.010121,1.774399,-0.033684
2013-05-24,,2.7700,2.9000,13.9900,92.7570,73.410000,67.783064,0.117447,-0.052947,1,1,1,1,1,5,5,5,2.9473,2.9476,0.0000,0.0524,0.9476,0.0000,1.0000,1,-0.000550,0.00000198,-0.000384,1.773719,-0.034055
2013-05-28,,2.7500,2.9000,14.4800,92.9907,73.890000,67.819264,0.115394,-0.069821,1,1,1,1,1,5,5,5,2.9649,2.9647,0.0000,0.0353,0.9647,0.0000,1.0000,1,0.020627,0.00000159,0.020138,1.809437,-0.014603
2013-05-29,,2.7300,2.9000,14.8300,91.8224,73.540000,67.853864,0.114423,-0.082282,1,1,1,1,1,5,5,5,2.9766,2.9766,0.0000,0.0234,0.9766,0.0000,1.0000,1,-0.015091,0.00000198,-0.014916,1.782448,-0.029301
2013-05-30,,2.7500,2.9000,14.5300,91.3551,73.930000,67.889414,0.114304,-0.079259,1,1,1,1,1,5,5,5,2.9844,2.9845,0.0000,0.0155,0.9845,0.0000,1.0000,1,0.016279,0.00000198,0.016190,1.811306,-0.013585
2013-05-31,,2.7700,2.9000,16.3000,90.1869,73.250000,67.921364,0.115268,-0.067881,1,1,1,1,1,5,5,5,2.9896,2.9895,0.0000,0.0105,0.9895,-0.0000,1.0000,1,-0.028536,0.00000159,-0.028409,1.759849,-0.041608
2013-06-03,,2.7900,2.9000,16.2800,90.6542,73.380000,67.953164,0.114877,-0.065288,1,1,1,1,1,5,5,5,2.9931,2.9931,0.0000,0.0069,0.9931,0.0000,1.0000,1,0.005820,0.00000159,0.005805,1.770065,-0.036045
2013-06-04,,2.8200,2.9000,16.2700,89.2523,73.000000,67.982914,0.115034,-0.061193,1,1,1,1,1,5,5,5,2.9954,2.9953,0.0000,0.0047,0.9953,0.0000,1.0000,1,-0.015016,0.00000198,-0.015001,1.743512,-0.050505
2013-06-05,,2.8600,2.9000,17.5000,85.5140,72.050000,68.007064,0.115643,-0.053565,1,1,1,1,1,5,5,5,2.9969,2.9969,0.0000,0.0031,0.9969,0.0000,1.0000,1,-0.038322,0.00000159,-0.038277,1.676776,-0.086848
2013-06-06,,2.8900,2.9000,16.6300,88.5514,72.400000,68.028964,0.115959,-0.051081,1,1,1,1,1,5,5,5,2.9979,2.9980,0.0000,0.0020,0.9980,0.0000,1.0000,1,0.012216,0.00000198,0.012205,1.697242,-0.075703
2013-06-07,,2.8800,2.9000,15.1400,89.7196,73.390000,68.054314,0.115200,-0.061250,1,1,1,1,1,5,5,5,2.9986,2.9986,0.0000,0.0014,0.9986,0.0000,1.0000,1,0.041810,0.00000198,0.041788,1.768166,-0.037079
2013-06-10,,2.8900,2.9000,15.4400,88.5514,73.420000,68.079314,0.115170,-0.057981,1,1,1,1,1,5,5,5,2.9991,2.9991,0.0000,0.0009,0.9991,0.0000,1.0000,1,0.000414,0.00000159,0.000414,1.768898,-0.036680
2013-06-11,,2.8900,2.8950,17.0700,83.8785,72.690000,68.102014,0.115605,-0.057656,1,1,1,1,1,5,5,5,2.9994,2.9994,0.0000,0.0006,0.9994,0.0000,1.0000,1,-0.028950,0.00000198,-0.028941,1.717704,-0.064560
2013-06-12,,2.9100,2.8950,18.5900,82.2430,71.850000,68.119114,0.115425,-0.059046,0,1,1,1,1,4,3,5,2.9996,2.9996,0.0000,0.0004,0.9996,0.0000,1.0000,1,-0.034640,0.00000198,-0.034637,1.658208,-0.096960
2013-06-13,,2.9100,2.8950,16.4100,87.3832,72.760000,68.143564,0.115538,-0.064064,0,1,1,1,1,4,3,4,2.7997,2.8018,0.0000,0.1982,0.8018,0.0000,1.0000,1,0.035883,0.00000198,0.033139,1.713160,-0.067035
2013-06-14,,2.9200,2.8950,17.1500,87.1495,72.280000,68.163514,0.116439,-0.055909,0,1,1,1,1,4,3,4,2.6665,2.6652,0.0000,0.3348,0.6652,0.0000,1.0000,1,-0.017604,0.00000198,-0.015818,1.686061,-0.081792
2013-06-17,,2.9300,2.8950,16.8000,87.6168,72.980000,68.186414,0.115909,-0.065046,0,1,1,1,1,4,3,4,2.5777,2.5781,0.0000,0.4219,0.5781,0.0000,1.0000,1,0.027746,0.00000198,0.024387,1.727179,-0.059400
2013-06-18,,2.9300,2.8950,16.6100,89.4860,73.580000,68.212314,0.115787,-0.059633,0,1,1,1,1,4,3,4,2.5184,2.5198,0.0000,0.4802,0.5198,-0.0000,1.0000,1,0.023622,0.00000198,0.020277,1.762201,-0.040327
2013-06-19,,2.9200,2.8950,16.6400,84.3458,72.760000,68.234114,0.114714,-0.070346,0,1,1,1,1,4,3,4,2.4790,2.4765,0.0000,0.5235,0.4765,0.0000,1.0000,1,-0.031456,0.00000198,-0.026718,1.715119,-0.065967
2013-06-20,,2.8700,2.8900,20.4900,75.9346,71.025000,68.250689,0.114304,-0.072828,1,0,1,1,1,4,3,4,2.4526,2.4493,0.0000,0.5507,0.4493,0.0000,1.0000,1,-0.073749,0.00000198,-0.060459,1.611425,-0.122438
2013-06-21,,2.9300,2.8900,18.9000,77.1028,70.430000,68.262039,0.114855,-0.072542,0,1,1,1,1,4,3,4,2.4351,2.4339,0.0000,0.5661,0.4339,0.0000,1.0000,1,-0.014086,0.00000198,-0.011052,1.593616,-0.132136
2013-06-24,,2.8700,2.8900,20.1100,73.8318,69.730000,68.270239,0.116229,-0.068730,1,0,1,1,1,4,3,4,2.4234,2.4227,0.0000,0.5773,0.4227,-0.0000,1.0000,1,-0.030905,0.00000198,-0.024819,1.554065,-0.153676
2013-06-25,,2.8600,2.8900,18.4700,78.5047,70.240000,68.281339,0.116633,-0.067962,1,1,1,1,1,5,5,4,2.4156,2.4150,0.0000,0.5850,0.4150,0.0000,1.0000,1,0.021314,0.00000238,0.017050,1.580561,-0.139246
2013-06-26,,2.8800,2.8900,17.2100,81.0748,70.870000,68.288039,0.116960,-0.064094,1,1,1,1,1,5,5,5,2.6104,2.6106,0.0000,0.3894,0.6106,0.0000,1.0000,1,0.027303,0.00000238,0.021387,1.614364,-0.120837
2013-06-27,,2.8900,2.8900,16.8600,83.4112,71.170000,68.296739,0.116526,-0.075862,1,1,1,1,1,5,5,5,2.7403,2.7397,0.0000,0.2603,0.7397,0.0000,1.0000,1,0.011150,0.00000238,0.010267,1.630939,-0.111811
2013-06-28,,2.9200,2.8900,16.8600,82.9439,71.270000,68.310389,0.117286,-0.074181,0,1,1,1,1,4,3,5,2.8268,2.8273,0.0000,0.1727,0.8273,0.0000,1.0000,1,0.002719,0.00000238,0.002470,1.634968,-0.109617
2013-07-01,,2.8300,2.8900,16.3700,82.9439,71.710000,68.326789,0.115146,-0.100877,1,1,1,1,1,5,5,4,2.6846,2.6842,0.0000,0.3158,0.6842,0.0000,1.0000,1,0.021392,0.00000159,0.020382,1.668292,-0.091469
2013-07-02,,2.8300,2.8900,16.4400,82.7103,71.740000,68.342329,0.115222,-0.100230,1,1,1,1,1,5,5,5,2.7897,2.7896,0.0000,0.2104,0.7896,0.0000,1.0000,1,0.000442,0.00000159,0.000273,1.668748,-0.091220
2013-07-03,,2.8100,2.8900,16.2000,82.4766,72.031000,68.354684,0.114733,-0.097876,1,1,1,1,1,5,5,5,2.8598,2.8607,0.0000,0.1393,0.8607,0.0000,1.0000,1,0.013564,0.00000119,0.013000,1.690442,-0.079406
2013-07-05,,2.8000,2.8900,14.8900,83.4112,72.580000,68.366684,0.113176,-0.106527,1,1,1,1,1,5,5,5,2.9065,2.9068,0.0000,0.0932,0.9068,0.0000,1.0000,1,0.022109,0.00000198,0.021154,1.726202,-0.059932
2013-07-08,,2.7700,2.8900,14.7800,84.3458,72.650000,68.378884,0.114154,-0.097848,1,1,1,1,1,5,5,5,2.9377,2.9375,0.0000,0.0625,0.9375,0.0000,1.0000,1,0.003273,0.00000159,0.003019,1.731414,-0.057093
2013-07-09,,2.7900,2.8900,14.3500,85.5140,73.090000,68.392984,0.114152,-0.105073,1,1,1,1,1,5,5,5,2.9585,2.9585,0.0000,0.0415,0.9585,0.0000,1.0000,1,0.018297,0.00000198,0.017945,1.762485,-0.040172
2013-07-10,,2.7800,2.8900,14.2100,85.0467,73.510000,68.408534,0.114745,-0.111233,1,1,1,1,1,5,5,5,2.9723,2.9725,0.0000,0.0275,0.9725,-0.0000,1.0000,1,0.016856,0.00000159,0.016745,1.791997,-0.024100
2013-07-11,,2.7500,2.8850,14.0100,90.6542,74.970000,68.431734,0.115026,-0.106225,1,1,1,1,1,5,5,5,2.9815,2.9817,0.0000,0.0183,0.9817,0.0000,1.0000,1,0.062328,0.00000159,0.061833,1.902802,0.000000
2013-07-12,,2.7700,2.8800,13.8400,90.6542,75.300000,68.457484,0.115336,-0.113943,1,1,1,1,1,5,5,5,2.9877,2.9877,0.0000,0.0123,0.9877,0.0000,1.0000,1,0.010445,0.00000159,0.010404,1.922598,0.000000
2013-07-15,,2.7700,2.8800,13.7900,90.4206,75.470000,68.486159,0.116767,-0.112354,1,1,1,1,1,5,5,5,2.9918,2.9918,0.0000,0.0082,0.9918,-0.0000,1.0000,1,0.007784,0.00000159,0.007752,1.937502,0.000000
2013-07-16,,2.7600,2.8800,14.4200,90.8879,75.370000,68.519209,0.116565,-0.118594,1,1,1,1,1,5,5,5,2.9945,2.9945,0.0000,0.0055,0.9945,0.0000,1.0000,1,-0.003925,0.00000159,-0.003921,1.929906,-0.003921
2013-07-17,,2.7400,2.8800,13.7800,90.4206,75.560000,68.556009,0.116225,-0.115746,1,1,1,1,1,5,5,5,2.9964,2.9964,0.0000,0.0036,0.9964,0.0000,1.0000,1,0.007119,0.00000119,0.007104,1.943615,0.000000
2013-07-18,,2.7400,2.8750,13.7700,90.4206,75.370000,68.587159,0.116599,-0.104618,1,1,1,1,1,5,5,5,2.9976,2.9976,0.0000,0.0024,0.9976,0.0000,1.0000,1,-0.007321,0.00000119,-0.007316,1.929397,-0.007316
2013-07-19,,2.7500,2.8700,12.5400,90.4206,74.590000,68.617259,0.116421,-0.108665,1,1,1,1,1,5,5,5,2.9984,2.9984,0.0000,0.0016,0.9984,0.0000,1.0000,1,-0.030392,0.00000119,-0.030368,1.870804,-0.037462
2013-07-22,,2.7400,2.8700,12.2900,90.6542,74.810000,68.648959,0.116077,-0.107633,1,1,1,1,1,5,5,5,2.9989,2.9989,0.0000,0.0011,0.9989,0.0000,1.0000,1,0.007213,0.00000119,0.007209,1.884290,-0.030523
2013-07-23,,2.7100,2.8700,12.6600,91.5888,74.260000,68.676909,0.116619,-0.106218,1,1,1,1,1,5,5,5,2.9993,2.9993,0.0000,0.0007,0.9993,0.0000,1.0000,1,-0.022266,0.00000159,-0.022261,1.842344,-0.052104
2013-07-24,,2.7000,2.8700,13.1800,89.4860,74.500000,68.703859,0.115268,-0.117656,1,1,1,1,1,5,5,5,2.9995,2.9995,0.0000,0.0005,0.9995,0.0000,1.0000,1,0.009458,0.00000079,0.009454,1.859762,-0.043143
2013-07-25,,2.6700,2.8700,12.9700,90.1869,74.970000,68.731959,0.116054,-0.111513,1,1,1,1,1,5,5,5,2.9997,2.9997,0.0000,0.0003,0.9997,0.0000,1.0000,1,0.018072,0.00000119,0.018069,1.893365,-0.025854
2013-07-26,,2.6900,2.8700,12.7200,89.4860,75.370000,68.763909,0.116344,-0.109135,1,1,1,1,1,5,5,5,2.9998,2.9998,0.0000,0.0002,0.9998,0.0000,1.0000,1,0.016586,0.00000079,0.016585,1.924767,-0.009697
2013-07-29,,2.6700,2.8700,13.3900,88.5514,75.230000,68.798309,0.116911,-0.093169,1,1,1,1,1,5,5,5,2.9999,2.9999,0.0000,0.0001,0.9999,0.0000,1.0000,1,-0.004589,0.00000119,-0.004589,1.915935,-0.014242
2013-07-30,,2.6900,2.8700,13.3900,88.7850,75.630000,68.840163,0.117298,-0.077513,1,1,1,1,1,5,5,5,2.9999,2.9999,0.0000,0.0001,0.9999,0.0000,1.0000,1,0.014855,0.00000119,0.014855,1.944396,0.000000
2013-07-31,,2.6800,2.8700,13.4500,87.3832,75.770000,68.884413,0.116354,-0.069126,1,1,1,1,1,5,5,5,2.9999,2.9999,0.0000,0.0001,0.9999,-0.0000,1.0000,1,0.006309,0.00000159,0.006309,1.956662,0.000000
2013-08-01,,2.6800,2.8650,12.9400,88.8372,76.540000,68.933563,0.115991,-0.077082,1,1,1,1,1,5,5,5,3.0000,3.0000,0.0000,0.0000,1.0000,0.0000,1.0000,1,0.030471,0.00000159,0.030470,2.016282,0.000000
2013-08-02,,2.6600,2.8600,11.9800,88.1395,76.970000,68.985013,0.115648,-0.066664,1,1,1,1,1,5,5,5,3.0000,3.0000,0.0000,0.0000,1.0000,0.0000,1.0000,1,0.016670,0.00000159,0.016670,2.049893,0.000000
2013-08-05,,2.6800,2.8600,11.8400,87.4419,77.020000,69.034263,0.115056,-0.059580,1,1,1,1,1,5,5,5,3.0000,3.0000,0.0000,0.0000,1.0000,0.0000,1.0000,1,0.002154,0.00000159,0.002154,2.054309,0.000000
2013-08-06,,2.7000,2.8600,12.7200,86.9767,76.560000,69.076463,0.115124,-0.057506,1,1,1,1,1,5,5,5,3.0000,3.0000,0.0000,0.0000,1.0000,0.0000,1.0000,1,-0.017794,0.00000198,-0.017794,2.017754,-0.017794
2013-08-07,,2.6900,2.8600,12.9800,86.0465,76.420000,69.118163,0.116030,-0.043573,1,1,1,1,1,5,5,5,3.0000,3.0000,0.0000,0.0000,1.0000,-0.0000,1.0000,1,-0.005715,0.00000159,-0.005715,2.006223,-0.023408
2013-08-08,,2.7200,2.8600,12.7300,85.8140,76.800000,69.165713,0.116048,-0.039692,1,1,1,1,1,5,5,5,3.0000,3.0000,0.0000,0.0000,1.0000,0.0000,1.0000,1,0.013330,0.00000198,0.013330,2.032965,-0.010390
2013-08-09,,2.7300,2.8600,13.4100,86.7442,76.490000,69.219763,0.115587,-0.047294,1,1,1,1,1,5,5,5,3.0000,3.0000,0.0000,0.0000,1.0000,0.0000,1.0000,1,-0.010741,0.00000198,-0.010741,2.011129,-0.021019
2013-08-12,,2.7400,2.8550,12.8100,85.8140,76.670000,69.273013,0.115102,-0.048095,1,1,1,1,1,5,5,5,3.0000,3.0000,0.0000,0.0000,1.0000,0.0000,1.0000,1,0.006222,0.00000198,0.006222,2.023643,-0.014928
2013-08-13,,2.7200,2.8500,12.3100,85.5814,77.100000,69.331563,0.114144,-0.055676,1,1,1,1,1,5,5,5,3.0000,3.0000,0.0000,0.0000,1.0000,0.0000,1.0000,1,0.016609,0.00000238,0.016609,2.057254,0.000000
2013-08-14,,2.7200,2.8500,13.0400,85.1163,76.810000,69.389793,0.113992,-0.051969,1,1,1,1,1,5,5,5,3.0000,3.0000,0.0000,0.0000,1.0000,0.0000,1.0000,1,-0.011091,0.00000238,-0.011091,2.034437,-0.011091
2013-08-15,,2.7200,2.8500,14.7300,80.6977,75.510000,69.441543,0.114136,-0.050498,1,1,1,1,1,5,5,5,3.0000,3.0000,0.0000,0.0000,1.0000,0.0000,1.0000,1,-0.050168,0.00000198,-0.050168,1.932373,-0.060703
2013-08-16,,2.7000,2.8500,14.3700,78.6047,75.485000,69.492218,0.113188,-0.049499,1,1,1,1,1,5,5,5,3.0000,3.0000,0.0000,0.0000,1.0000,0.0000,1.0000,1,-0.003556,0.00000198,-0.003556,1.925502,-0.064042
2013-08-19,,2.7000,2.8500,15.1000,76.0465,75.350000,69.544218,0.112945,-0.047610,1,1,1,1,1,5,5,5,3.0000,3.0000,0.0000,0.0000,1.0000,0.0000,1.0000,1,-0.003950,0.00000198,-0.003950,1.917897,-0.067739
2013-08-20,,2.7000,2.8500,14.9100,78.6047,75.680000,69.593253,0.113450,-0.034095,1,1,1,1,1,5,5,5,3.0000,3.0000,0.0000,0.0000,1.0000,-0.0000,1.0000,1,0.013688,0.00000238,0.013688,1.944150,-0.054978
2013-08-21,,2.7200,2.8500,15.9400,75.8140,75.420000,69.644503,0.112846,-0.021845,1,1,1,1,1,5,5,5,3.0000,3.0000,0.0000,0.0000,1.0000,0.0000,1.0000,1,-0.009971,0.00000159,-0.009971,1.924765,-0.064401
2013-08-22,,2.7100,2.8500,14.7600,79.5349,76.160000,69.697303,0.112459,-0.017250,1,1,1,1,1,5,5,5,3.0000,3.0000,0.0000,0.0000,1.0000,0.0000,1.0000,1,0.028554,0.00000159,0.028554,1.979725,-0.037686
2013-08-23,,2.6800,2.8500,13.9800,79.5349,76.670000,69.752053,0.113012,-0.011358,1,1,1,1,1,5,5,5,3.0000,3.0000,0.0000,0.0000,1.0000,0.0000,1.0000,1,0.021068,0.00000119,0.021068,2.021433,-0.017412
2013-08-26,,2.6700,2.8500,14.9900,78.1395,76.710000,69.814753,0.112590,-0.023594,1,1,1,1,1,5,5,5,3.0000,3.0000,0.0000,0.0000,1.0000,0.0000,1.0000,1,0.000849,0.00000119,0.000849,2.023150,-0.016577
2013-08-27,,2.6700,2.8500,16.7700,74.1860,75.140000,69.874653,0.114370,-0.004387,1,1,1,1,1,5,5,5,3.0000,3.0000,0.0000,0.0000,1.0000,0.0000,1.0000,1,-0.062939,0.00000159,-0.062939,1.895815,-0.078473
2013-08-28,,2.6600,2.8450,16.4900,74.1860,75.430000,69.934653,0.114362,-0.005860,1,1,1,1,1,5,5,5,3.0000,3.0000,0.0000,0.0000,1.0000,0.0000,1.0000,1,0.012941,0.00000198,0.012941,1.920349,-0.066547
2013-08-29,,2.6500,2.8400,16.8100,74.8837,75.960000,69.997353,0.113510,-0.018774,1,1,1,1,1,5,5,5,3.0000,3.0000,0.0000,0.0000,1.0000,0.0000,1.0000,1,0.020698,0.00000119,0.020698,1.960095,-0.047227
2013-08-30,,2.6200,2.8400,17.0100,73.4884,75.470000,70.059803,0.113963,-0.017312,1,1,1,1,1,5,5,5,3.0000,3.0000,0.0000,0.0000,1.0000,0.0000,1.0000,1,-0.018650,0.00000079,-0.018650,1.923540,-0.064996
2013-09-03,,2.5600,2.8400,16.6100,72.3256,75.900000,70.128103,0.112142,-0.026482,1,1,1,1,1,5,5,5,3.0000,3.0000,0.0000,0.0000,1.0000,0.0000,1.0000,1,0.016453,0.00000119,0.016453,1.955189,-0.049612
2013-09-04,,2.5800,2.8400,15.8800,73.4884,76.710000,70.201504,0.111222,-0.034479,1,1,1,1,1,5,5,5,3.0000,3.0000,0.0000,0.0000,1.0000,0.0000,1.0000,1,0.032626,0.00000079,0.032626,2.018979,-0.018605
2013-09-05,,2.5500,2.8400,15.7700,73.4884,76.840000,70.274204,0.110629,-0.043801,1,1,1,1,1,5,5,5,3.0000,3.0000,0.0000,0.0000,1.0000,0.0000,1.0000,1,0.004375,0.00000079,0.004375,2.027812,-0.014311
2013-09-06,,2.5500,2.8400,15.8500,72.5581,76.930000,70.339951,0.111359,-0.036164,1,1,1,1,1,5,5,5,3.0000,3.0000,0.0000,0.0000,1.0000,0.0000,1.0000,1,0.003630,0.00000079,0.003630,2.035172,-0.010733
2013-09-09,,2.5900,2.8400,15.6300,75.8140,77.830000,70.410101,0.110688,-0.042857,1,1,1,1,1,5,5,5,3.0000,3.0000,0.0000,0.0000,1.0000,0.0000,1.0000,1,0.035202,0.00000079,0.035202,2.106815,0.000000
2013-09-10,,2.6000,2.8400,14.5300,78.1395,78.210000,70.481501,0.110736,-0.050691,1,1,1,1,1,5,5,5,3.0000,3.0000,0.0000,0.0000,1.0000,0.0000,1.0000,1,0.015140,0.00000079,0.015140,2.138711,0.000000
2013-09-11,,2.6100,2.8350,13.8200,79.3023,78.060000,70.547301,0.109312,-0.058626,1,1,1,1,1,5,5,5,3.0000,3.0000,0.0000,0.0000,1.0000,0.0000,1.0000,1,-0.005048,0.00000079,-0.005048,2.127914,-0.005048
2013-09-12,,2.6100,2.8300,14.2900,77.9070,78.010000,70.611446,0.109293,-0.057179,1,1,1,1,1,5,5,5,3.0000,3.0000,0.0000,0.0000,1.0000,0.0000,1.0000,1,-0.004496,0.00000079,-0.004496,2.118347,-0.009522
2013-09-13,,2.6100,2.8300,14.1600,78.3721,78.060000,70.676946,0.109874,-0.043708,1,1,1,1,1,5,5,5,3.0000,3.0000,0.0000,0.0000,1.0000,0.0000,1.0000,1,0.003243,0.00000040,0.003243,2.125217,-0.006309
2013-09-16,,2.6400,2.8300,14.3800,79.5349,77.850000,70.738596,0.109536,-0.044569,1,1,1,1,1,5,5,5,3.0000,3.0000,0.0000,0.0000,1.0000,0.0000,1.0000,1,-0.008429,0.00000040,-0.008429,2.107305,-0.014685
2013-09-17,,2.6800,2.8300,14.5300,80.9302,78.370000,70.800896,0.109692,-0.048345,1,1,1,1,1,5,5,5,3.0000,3.0000,0.0000,0.0000,1.0000,0.0000,1.0000,1,0.020026,0.00000079,0.020026,2.149506,0.000000
2013-09-18,,2.6700,2.8300,13.5900,86.2791,79.310000,70.868446,0.111672,-0.043201,1,1,1,1,1,5,5,5,3.0000,3.0000,0.0000,0.0000,1.0000,0.0000,1.0000,1,0.036754,0.00000040,0.036754,2.228509,0.000000
2013-09-19,,2.7500,2.8300,13.1600,85.1163,79.500000,70.937596,0.111337,-0.049469,1,1,1,1,1,5,5,5,3.0000,3.0000,0.0000,0.0000,1.0000,0.0000,1.0000,1,0.006165,0.00000040,0.006165,2.242248,0.000000
2013-09-20,,2.7200,2.8250,13.1200,82.3256,78.985000,71.004371,0.109917,-0.064199,1,1,1,1,1,5,5,5,3.0000,3.0000,0.0000,0.0000,1.0000,0.0000,1.0000,1,-0.010942,0.00000040,-0.010942,2.217712,-0.010942
2013-09-23,,2.6800,2.8200,14.3100,82.0930,78.830000,71.074005,0.111767,-0.043088,1,1,1,1,1,5,5,5,3.0000,3.0000,0.0000,0.0000,1.0000,0.0000,1.0000,1,-0.005642,0.00000040,-0.005642,2.205201,-0.016522
2013-09-24,,2.7000,2.8200,14.0800,81.1628,78.830000,71.141555,0.111954,-0.048045,1,1,1,1,1,5,5,5,3.0000,3.0000,0.0000,0.0000,1.0000,0.0000,1.0000,1,0.000222,0.00000079,0.000222,2.205690,-0.016304
2013-09-25,,2.6800,2.8200,14.0100,79.5349,78.560000,71.209705,0.111512,-0.033064,1,1,1,1,1,5,5,5,3.0000,3.0000,0.0000,0.0000,1.0000,0.0000,1.0000,1,-0.009455,0.00000079,-0.009455,2.184836,-0.025605
2013-09-26,,2.7000,2.8200,14.0600,80.4651,79.170000,71.279955,0.110938,-0.039143,1,1,1,1,1,5,5,5,3.0000,3.0000,0.0000,0.0000,1.0000,0.0000,1.0000,1,0.022908,0.00000079,0.022908,2.234887,-0.003283
2013-09-27,,2.7200,2.8200,15.4600,77.6744,79.070000,71.345455,0.110740,-0.036446,1,1,1,1,1,5,5,5,3.0000,3.0000,0.0000,0.0000,1.0000,0.0000,1.0000,1,-0.004720,0.00000000,-0.004720,2.224338,-0.007988
2013-09-30,,2.7300,2.8200,16.6000,76.9767,78.880000,71.410705,0.111211,-0.017900,1,1,1,1,1,5,5,5,3.0000,3.0000,0.0000,0.0000,1.0000,0.0000,1.0000,1,-0.006288,0.00000079,-0.006288,2.210352,-0.014225
2013-10-01,,2.7500,2.8200,15.5400,78.3721,79.680000,71.482549,0.110665,-0.031572,1,1,1,1,1,5,5,5,3.0000,3.0000,0.0000,0.0000,1.0000,0.0000,1.0000,1,0.029969,0.00000079,0.029969,2.276594,0.000000
2013-10-02,,2.7600,2.8200,16.6000,77.6744,79.650000,71.557349,0.110888,-0.029301,1,1,1,1,1,5,5,5,3.0000,3.0000,0.0000,0.0000,1.0000,0.0000,1.0000,1,-0.001830,0.00000079,-0.001830,2.272427,-0.001830
2013-10-03,,2.7700,2.8200,17.6700,75.3488,78.720000,71.623199,0.110607,-0.036592,1,1,1,1,1,5,5,5,3.0000,3.0000,0.0000,0.0000,1.0000,0.0000,1.0000,1,-0.034766,0.00000079,-0.034766,2.193424,-0.036533
2013-10-04,,2.7800,2.8200,16.7400,76.0465,79.400000,71.687463,0.109983,-0.044226,1,1,1,1,1,5,5,5,3.0000,3.0000,0.0000,0.0000,1.0000,0.0000,1.0000,1,0.025727,0.00000119,0.025727,2.249853,-0.011746
2013-10-07,,2.7600,2.8200,19.4100,75.5814,78.740000,71.749861,0.110404,-0.042742,1,1,1,1,1,5,5,5,3.0000,3.0000,0.0000,0.0000,1.0000,0.0000,1.0000,1,-0.024755,0.00000119,-0.024755,2.194159,-0.036210
2013-10-08,,2.7400,2.8200,20.3400,72.3256,77.220000,71.804661,0.112491,-0.036040,1,0,1,1,1,4,3,5,3.0000,3.0000,0.0000,0.0000,1.0000,0.0000,1.0000,1,-0.056580,0.00000119,-0.056580,2.070013,-0.090741
2013-10-09,,2.7100,2.8200,19.6000,71.8605,76.980000,71.863561,0.112862,-0.031397,1,1,1,1,1,5,5,4,2.8000,2.7991,0.0000,0.2009,0.7991,0.0000,1.0000,1,-0.011022,0.00000198,-0.010023,2.049264,-0.099855
2013-10-10,,2.7100,2.8200,16.4800,76.2791,78.610000,71.931261,0.112136,-0.035440,1,1,1,1,1,5,5,5,2.8667,2.8679,0.0000,0.1321,0.8679,0.0000,1.0000,1,0.063518,0.00000198,0.059785,2.171780,-0.046040
2013-10-11,,2.6800,2.8200,15.7200,80.2326,79.230000,72.004911,0.111932,-0.040354,1,1,1,1,1,5,5,5,2.9111,2.9119,0.0000,0.0881,0.9119,0.0000,1.0000,1,0.022537,0.00000198,0.022142,2.219868,-0.024917
2013-10-14,,2.6800,2.8200,16.0700,79.7674,79.790000,72.081861,0.110887,-0.048036,1,1,1,1,1,5,5,5,2.9407,2.9414,0.0000,0.0586,0.9414,0.0000,1.0000,1,0.020719,0.00000317,0.020459,2.265283,-0.004968
2013-10-15,,2.6800,2.8200,18.6600,76.5116,79.480000,72.160361,0.110136,-0.051243,1,1,1,1,1,5,5,5,2.9605,2.9604,0.0000,0.0396,0.9604,0.0000,1.0000,1,-0.010689,0.00000317,-0.010560,2.241361,-0.015476
2013-10-16,,2.6600,2.8200,14.7100,79.8144,80.380000,72.236610,0.109607,-0.061176,1,1,1,1,1,5,5,5,2.9737,2.9738,0.0000,0.0262,0.9738,0.0000,1.0000,1,0.034159,0.00000555,0.033781,2.317077,0.000000
2013-10-17,,2.6600,2.8200,13.4800,82.8306,80.840000,72.304810,0.110640,-0.041275,1,1,1,1,1,5,5,5,2.9824,2.9826,0.0000,0.0174,0.9826,0.0000,1.0000,1,0.016147,0.00000397,0.016105,2.354395,0.000000
2013-10-18,,2.6600,2.8200,13.0400,84.9188,82.150000,72.381300,0.110185,-0.052202,1,1,1,1,1,5,5,5,2.9883,2.9884,0.0000,0.0116,0.9884,0.0000,1.0000,1,0.049434,0.00000198,0.049173,2.470167,0.000000
2013-10-21,,2.6600,2.8200,13.1600,83.9907,82.330000,72.459800,0.109948,-0.056694,1,1,1,1,1,5,5,5,2.9922,2.9922,0.0000,0.0078,0.9922,0.0000,1.0000,1,0.005740,0.00000159,0.005719,2.484295,0.000000
2013-10-22,,2.6500,2.8200,13.3300,85.3828,82.450000,72.538798,0.110712,-0.055167,1,1,1,1,1,5,5,5,2.9948,2.9948,0.0000,0.0052,0.9948,0.0000,1.0000,1,0.003444,0.00000159,0.003425,2.492802,0.000000
2013-10-23,,2.6600,2.8200,13.4200,85.6148,81.950000,72.615948,0.111331,-0.052676,1,1,1,1,1,5,5,5,2.9965,2.9965,0.0000,0.0035,0.9965,0.0000,1.0000,1,-0.016082,0.00000159,-0.016055,2.452780,-0.016055
2013-10-24,,2.6700,2.8200,13.2000,84.9188,82.310000,72.693648,0.110734,-0.050143,1,1,1,1,1,5,5,5,2.9977,2.9977,0.0000,0.0023,0.9977,0.0000,1.0000,1,0.012458,0.00000159,0.012449,2.483314,-0.003806
2013-10-25,,2.6800,2.8200,13.0900,85.8469,82.900000,72.772298,0.111395,-0.040848,1,1,1,1,1,5,5,5,2.9985,2.9985,0.0000,0.0015,0.9985,0.0000,1.0000,1,0.019982,0.00000119,0.019966,2.532895,0.000000
2013-10-28,,2.6600,2.8200,13.3100,84.6868,82.920000,72.850598,0.110991,-0.041508,1,1,1,1,1,5,5,5,2.9990,2.9990,0.0000,0.0010,0.9990,0.0000,1.0000,1,0.002026,0.00000159,0.002024,2.538023,0.000000
2013-10-29,,2.6600,2.8200,13.4100,85.6148,83.060000,72.931098,0.110558,-0.040576,1,1,1,1,1,5,5,5,2.9993,2.9993,0.0000,0.0007,0.9993,0.0000,1.0000,1,0.004816,0.00000159,0.004813,2.550239,0.000000
2013-10-30,,2.6900,2.8200,13.6500,83.5267,82.980000,73.012848,0.110386,-0.042744,1,1,1,1,1,5,5,5,2.9995,2.9995,0.0000,0.0005,0.9995,0.0000,1.0000,1,-0.003163,0.00000159,-0.003164,2.542171,-0.003164
2013-10-31,,2.6800,2.8200,13.7500,83.0626,82.790000,73.092298,0.110302,-0.051297,1,1,1,1,1,5,5,5,2.9997,2.9997,0.0000,0.0003,0.9997,0.0000,1.0000,1,-0.006442,0.00000159,-0.006441,2.525796,-0.009585
2013-11-01,,2.6500,2.8200,13.2800,83.7963,82.810000,73.170248,0.110834,-0.046631,1,1,1,1,1,5,5,5,2.9998,2.9998,0.0000,0.0002,0.9998,0.0000,1.0000,1,-0.000484,0.00000159,-0.000484,2.524573,-0.010064
2013-11-04,,2.6400,2.8200,12.9300,84.7222,82.930000,73.249548,0.110674,-0.044390,1,1,1,1,1,5,5,5,2.9999,2.9999,0.0000,0.0001,0.9999,0.0000,1.0000,1,0.004842,0.00000159,0.004841,2.536795,-0.005272
2013-11-05,,2.6600,2.8200,13.2700,82.6389,83.020000,73.328748,0.110229,-0.044131,1,1,1,1,1,5,5,5,2.9999,2.9999,0.0000,0.0001,0.9999,0.0000,1.0000,1,0.004239,0.00000198,0.004239,2.547550,-0.001055
2013-11-06,,2.6600,2.8200,12.6700,84.7222,83.000000,73.405798,0.111164,-0.027269,1,1,1,1,1,5,5,5,2.9999,2.9999,0.0000,0.0001,0.9999,0.0000,1.0000,1,-0.001727,0.00000198,-0.001727,2.543150,-0.002780
2013-11-07,,2.7000,2.8200,13.9100,81.7130,81.440000,73.479698,0.111530,-0.022387,1,1,1,1,1,5,5,5,3.0000,3.0000,0.0000,0.0000,1.0000,0.0000,1.0000,1,-0.055459,0.00000198,-0.055459,2.402110,-0.058084
2013-11-08,,2.7000,2.8200,12.9000,81.7130,82.540000,73.557398,0.109848,-0.040033,1,1,1,1,1,5,5,5,3.0000,3.0000,0.0000,0.0000,1.0000,0.0000,1.0000,1,0.039482,0.00000198,0.039482,2.496950,-0.020896
2013-11-11,,2.6900,2.8200,12.5300,82.6389,82.410000,73.633698,0.109801,-0.031994,1,1,1,1,1,5,5,5,3.0000,3.0000,0.0000,0.0000,1.0000,0.0000,1.0000,1,-0.004797,0.00000238,-0.004797,2.484973,-0.025592
2013-11-12,,2.6900,2.8200,12.8200,81.9444,82.540000,73.710598,0.109092,-0.036636,1,1,1,1,1,5,5,5,3.0000,3.0000,0.0000,0.0000,1.0000,0.0000,1.0000,1,0.004919,0.00000238,0.004919,2.497197,-0.020799
2013-11-13,,2.6700,2.8150,12.5200,83.1019,83.540000,73.793198,0.108757,-0.044565,1,1,1,1,1,5,5,5,3.0000,3.0000,0.0000,0.0000,1.0000,0.0000,1.0000,1,0.035826,0.00000317,0.035826,2.586661,0.000000
2013-11-14,,2.6900,2.8100,12.3700,84.2956,83.800000,73.877848,0.109165,-0.035540,1,1,1,1,1,5,5,5,3.0000,3.0000,0.0000,0.0000,1.0000,0.0000,1.0000,1,0.007748,0.00000317,0.007748,2.606704,0.000000
2013-11-15,,2.7200,2.8100,12.1900,84.9885,83.960000,73.959348,0.109317,-0.030298,1,1,1,1,1,5,5,5,3.0000,3.0000,0.0000,0.0000,1.0000,0.0000,1.0000,1,0.006940,0.00000317,0.006940,2.624794,0.000000
2013-11-18,,2.7000,2.8100,13.1000,84.5266,83.140000,74.042648,0.109575,-0.032743,1,1,1,1,1,5,5,5,3.0000,3.0000,0.0000,0.0000,1.0000,0.0000,1.0000,1,-0.027659,0.00000317,-0.027659,2.552194,-0.027659
2013-11-19,,2.6600,2.8100,13.3900,82.2171,82.900000,74.119848,0.109004,-0.034353,1,1,1,1,1,5,5,5,3.0000,3.0000,0.0000,0.0000,1.0000,0.0000,1.0000,1,-0.009865,0.00000357,-0.009865,2.527017,-0.037251
2013-11-20,,2.6600,2.8100,13.4000,79.9076,82.700000,74.197148,0.108141,-0.059505,1,1,1,1,1,5,5,5,3.0000,3.0000,0.0000,0.0000,1.0000,0.0000,1.0000,1,-0.006965,0.00000317,-0.006965,2.509418,-0.043956
2013-11-21,,2.6700,2.8100,12.6600,81.0624,83.540000,74.278348,0.107526,-0.065606,1,1,1,1,1,5,5,5,3.0000,3.0000,0.0000,0.0000,1.0000,0.0000,1.0000,1,0.030586,0.00000317,0.030586,2.586171,-0.014715
2013-11-22,,2.6500,2.8100,12.2600,82.6790,83.990000,74.358348,0.106908,-0.064063,1,1,1,1,1,5,5,5,3.0000,3.0000,0.0000,0.0000,1.0000,0.0000,1.0000,1,0.015785,0.00000278,0.015785,2.626993,0.000000
2013-11-25,,2.6500,2.8100,12.7900,83.1409,84.190000,74.439248,0.106599,-0.071318,1,1,1,1,1,5,5,5,3.0000,3.0000,0.0000,0.0000,1.0000,0.0000,1.0000,1,0.006607,0.00000278,0.006607,2.644348,0.000000
2013-11-26,,2.6500,2.8100,12.8100,82.6790,84.630000,74.523748,0.105518,-0.064919,1,1,1,1,1,5,5,5,3.0000,3.0000,0.0000,0.0000,1.0000,0.0000,1.0000,1,0.016547,0.00000317,0.016547,2.688104,0.000000
2013-11-27,,2.6300,2.8100,12.9800,82.4480,85.220000,74.609998,0.105041,-0.060726,1,1,1,1,1,5,5,5,3.0000,3.0000,0.0000,0.0000,1.0000,-0.0000,1.0000,1,0.020005,0.00000278,0.020005,2.741879,0.000000
2013-11-29,,2.6300,2.8100,13.7000,81.9861,85.730000,74.698898,0.105055,-0.054949,1,1,1,1,1,5,5,5,3.0000,3.0000,0.0000,0.0000,1.0000,0.0000,1.0000,1,0.016404,0.00000278,0.016404,2.786856,0.000000
2013-12-02,,2.6100,2.8100,14.2300,81.2933,85.480000,74.787548,0.104886,-0.063201,1,1,1,1,1,5,5,5,3.0000,3.0000,0.0000,0.0000,1.0000,0.0000,1.0000,1,-0.006228,0.00000238,-0.006228,2.769501,-0.006228
2013-12-03,,2.6000,2.8100,14.5500,81.7552,85.410000,74.873398,0.105869,-0.046677,1,1,1,1,1,5,5,5,3.0000,3.0000,0.0000,0.0000,1.0000,0.0000,1.0000,1,-0.002912,0.00000198,-0.002912,2.761435,-0.009122
2013-12-04,,2.6000,2.8100,14.7000,81.2933,85.490000,74.964898,0.106354,-0.042117,1,1,1,1,1,5,5,5,3.0000,3.0000,0.0000,0.0000,1.0000,0.0000,1.0000,1,0.002567,0.00000238,0.002567,2.768525,-0.006578
2013-12-05,,2.6200,2.8100,15.0800,79.9076,85.380000,75.059448,0.105957,-0.032420,1,1,1,1,1,5,5,5,3.0000,3.0000,0.0000,0.0000,1.0000,0.0000,1.0000,1,-0.003090,0.00000238,-0.003090,2.759969,-0.009648
2013-12-06,,2.5900,2.8100,13.7900,81.5242,86.000000,75.153753,0.106223,-0.030080,1,1,1,1,1,5,5,5,3.0000,3.0000,0.0000,0.0000,1.0000,0.0000,1.0000,1,0.020636,0.00000238,0.020636,2.816924,0.000000
2013-12-09,,2.5800,2.8050,13.4900,81.9861,86.350000,75.253953,0.105320,-0.044406,1,1,1,1,1,5,5,5,3.0000,3.0000,0.0000,0.0000,1.0000,0.0000,1.0000,1,0.011975,0.00000238,0.011975,2.850656,0.000000
2013-12-10,,2.5700,2.8000,13.9100,80.3695,86.290000,75.352603,0.104647,-0.047363,1,1,1,1,1,5,5,5,3.0000,3.0000,0.0000,0.0000,1.0000,0.0000,1.0000,1,-0.001801,0.00000278,-0.001801,2.845522,-0.001801
2013-12-11,,2.5600,2.8000,15.4200,78.5219,85.180000,75.442308,0.104969,-0.044985,1,1,1,1,1,5,5,5,3.0000,3.0000,0.0000,0.0000,1.0000,0.0000,1.0000,1,-0.037368,0.00000278,-0.037368,2.739192,-0.039101
2013-12-12,,2.5500,2.8000,15.5400,77.5982,84.960000,75.531608,0.105457,-0.057293,1,1,1,1,1,5,5,5,3.0000,3.0000,0.0000,0.0000,1.0000,0.0000,1.0000,1,-0.008121,0.00000278,-0.008121,2.716946,-0.046905
2013-12-13,,2.5300,2.8000,15.7600,77.5982,84.850000,75.618958,0.105300,-0.055897,1,1,1,1,1,5,5,5,3.0000,3.0000,0.0000,0.0000,1.0000,0.0000,1.0000,1,-0.004768,0.00000278,-0.004768,2.703993,-0.051449
2013-12-16,,2.5000,2.8000,16.0300,78.7529,85.320000,75.707158,0.105208,-0.044970,1,1,1,1,1,5,5,5,3.0000,3.0000,0.0000,0.0000,1.0000,0.0000,1.0000,1,0.017175,0.00000278,0.017175,2.750434,-0.035157
2013-12-17,,2.5000,2.8000,16.2100,79.2148,85.150000,75.789508,0.105346,-0.060398,1,1,1,1,1,5,5,5,3.0000,3.0000,0.0000,0.0000,1.0000,0.0000,1.0000,1,-0.006310,0.00000278,-0.006310,2.733079,-0.041246
2013-12-18,,2.5000,2.8000,13.8000,80.6005,86.140000,75.877658,0.104953,-0.067018,1,1,1,1,1,5,5,5,3.0000,3.0000,0.0000,0.0000,1.0000,0.0000,1.0000,1,0.034523,0.00000278,0.034523,2.827434,-0.008146
2013-12-19,,2.5000,2.8000,14.1500,80.3695,85.900000,75.963708,0.104303,-0.069407,1,1,1,1,1,5,5,5,3.0000,3.0000,0.0000,0.0000,1.0000,0.0000,1.0000,1,-0.008992,0.00000278,-0.008992,2.802011,-0.017065
2013-12-20,,2.4200,2.8000,13.7900,80.8314,86.500000,76.052358,0.104180,-0.065170,1,1,1,1,1,5,5,5,3.0000,3.0000,0.0000,0.0000,1.0000,0.0000,1.0000,1,0.030097,0.00000238,0.030097,2.886344,0.000000
2013-12-23,,2.3800,2.7950,13.0400,81.2933,87.410000,76.144558,0.103216,-0.073424,1,1,1,1,1,5,5,5,3.0000,3.0000,0.0000,0.0000,1.0000,0.0000,1.0000,1,0.032351,0.00000278,0.032351,2.979720,0.000000
2013-12-24,,2.3500,2.7900,12.4800,82.4480,87.450000,76.238208,0.103400,-0.076468,1,1,1,1,1,5,5,5,3.0000,3.0000,0.0000,0.0000,1.0000,0.0000,1.0000,1,0.001394,0.00000278,0.001394,2.983874,0.000000
2013-12-26,,2.3600,2.7850,12.3300,82.6790,87.740000,76.333758,0.102418,-0.080913,1,1,1,1,1,5,5,5,3.0000,3.0000,0.0000,0.0000,1.0000,0.0000,1.0000,1,0.009749,0.00000278,0.009749,3.012963,0.000000
2013-12-27,,2.3700,2.7800,12.4600,82.9099,87.520000,76.427058,0.102831,-0.078954,1,1,1,1,1,5,5,5,3.0000,3.0000,0.0000,0.0000,1.0000,0.0000,1.0000,1,-0.007302,0.00000278,-0.007302,2.990963,-0.007302
2013-12-30,,2.3700,2.7800,13.5600,83.3718,87.390000,76.521458,0.103090,-0.074533,1,1,1,1,1,5,5,5,3.0000,3.0000,0.0000,0.0000,1.0000,0.0000,1.0000,1,-0.005230,0.00000278,-0.005230,2.975321,-0.012493
2013-12-31,,2.3500,2.7750,13.7200,83.3718,87.960000,76.619458,0.102794,-0.071479,1,1,1,1,1,5,5,5,3.0000,3.0000,0.0000,0.0000,1.0000,0.0000,1.0000,1,0.019635,0.00000278,0.019635,3.033740,0.000000
2014-01-02,,2.3300,2.7700,14.2300,81.5242,87.270000,76.714658,0.102203,-0.081156,1,1,1,1,1,5,5,5,3.0000,3.0000,0.0000,0.0000,1.0000,0.0000,1.0000,1,-0.023366,0.00000278,-0.023366,2.962853,-0.023366
2014-01-03,,2.3400,2.7700,13.7600,80.8314,86.640000,76.804313,0.101895,-0.104104,1,1,1,1,1,5,5,5,3.0000,3.0000,0.0000,0.0000,1.0000,0.0000,1.0000,1,-0.021780,0.00000278,-0.021780,2.898321,-0.044638
2014-01-06,,2.3400,2.7700,13.5500,80.6005,86.320000,76.896263,0.102352,-0.102545,1,1,1,1,1,5,5,5,3.0000,3.0000,0.0000,0.0000,1.0000,0.0000,1.0000,1,-0.010627,0.00000278,-0.010627,2.867521,-0.054790
2014-01-07,,2.3200,2.7700,12.9200,82.4480,87.120000,76.988913,0.102627,-0.091970,1,1,1,1,1,5,5,5,3.0000,3.0000,0.0000,0.0000,1.0000,0.0000,1.0000,1,0.025915,0.00000198,0.025915,2.941832,-0.030295
2014-01-08,,2.3200,2.7700,12.8700,81.0624,87.310000,77.083763,0.102060,-0.095066,1,1,1,1,1,5,5,5,3.0000,3.0000,0.0000,0.0000,1.0000,0.0000,1.0000,1,0.007478,0.00000159,0.007478,2.963831,-0.023044
2014-01-09,,2.3100,2.7650,12.8900,81.7552,87.020000,77.175313,0.102592,-0.080362,1,1,1,1,1,5,5,5,3.0000,3.0000,0.0000,0.0000,1.0000,0.0000,1.0000,1,-0.010309,0.00000198,-0.010309,2.933276,-0.033115
2014-01-10,,2.3100,2.7600,12.1400,83.1409,87.300000,77.267808,0.103780,-0.062619,1,1,1,1,1,5,5,5,3.0000,3.0000,0.0000,0.0000,1.0000,0.0000,1.0000,1,0.010000,0.00000159,0.010000,2.962609,-0.023447
2014-01-13,,2.3200,2.7600,13.2800,81.0624,86.010000,77.353008,0.104109,-0.052962,1,1,1,1,1,5,5,5,3.0000,3.0000,0.0000,0.0000,1.0000,0.0000,1.0000,1,-0.044472,0.00000198,-0.044472,2.830856,-0.066876
2014-01-14,,2.3400,2.7550,12.2800,82.6790,87.650000,77.448758,0.103120,-0.072068,1,1,1,1,1,5,5,5,3.0000,3.0000,0.0000,0.0000,1.0000,0.0000,1.0000,1,0.057249,0.00000119,0.057249,2.992920,-0.013455
2014-01-15,,2.3400,2.7500,12.2800,83.3718,88.370000,77.545408,0.102377,-0.075036,1,1,1,1,1,5,5,5,3.0000,3.0000,0.0000,0.0000,1.0000,0.0000,1.0000,1,0.023358,0.00000159,0.023358,3.062828,0.000000
2014-01-16,,2.3200,2.7500,12.5300,82.9099,88.380000,77.645258,0.103215,-0.064755,1,1,1,1,1,5,5,5,3.0000,3.0000,0.0000,0.0000,1.0000,-0.0000,1.0000,1,0.002076,0.00000159,0.002076,3.069185,0.000000
2014-01-17,,2.3200,2.7500,12.4400,81.9861,87.880000,77.742508,0.103629,-0.066973,1,1,1,1,1,5,5,5,3.0000,3.0000,0.0000,0.0000,1.0000,0.0000,1.0000,1,-0.017761,0.00000159,-0.017761,3.014673,-0.017761
2014-01-21,,2.3300,2.7500,12.8700,82.6790,88.550000,77.845953,0.104463,-0.065083,1,1,1,1,1,5,5,5,3.0000,3.0000,0.0000,0.0000,1.0000,0.0000,1.0000,1,0.022379,0.00000198,0.022379,3.082139,0.000000
2014-01-22,,2.3000,2.7500,12.8400,82.4480,88.780000,77.948753,0.104504,-0.059201,1,1,1,1,1,5,5,5,3.0000,3.0000,0.0000,0.0000,1.0000,0.0000,1.0000,1,0.009279,0.00000159,0.009279,3.110739,0.000000
2014-01-23,,2.3000,2.7450,13.7700,80.1386,88.480000,78.047753,0.105066,-0.059028,1,1,1,1,1,5,5,5,3.0000,3.0000,0.0000,0.0000,1.0000,0.0000,1.0000,1,-0.012023,0.00000159,-0.012023,3.073339,-0.012023
2014-01-24,,2.3200,2.7400,18.1400,74.3649,86.740000,78.131378,0.106155,-0.044235,1,1,1,1,1,5,5,5,3.0000,3.0000,0.0000,0.0000,1.0000,0.0000,1.0000,1,-0.059254,0.00000159,-0.059254,2.891232,-0.070564
2014-01-27,,2.3500,2.7400,17.4200,72.5173,85.900000,78.210928,0.106932,-0.032948,1,1,1,1,1,5,5,5,3.0000,3.0000,0.0000,0.0000,1.0000,0.0000,1.0000,1,-0.029083,0.00000159,-0.029083,2.807145,-0.097595
2014-01-28,,2.3600,2.7400,15.8000,74.8268,85.850000,78.290478,0.106690,-0.034012,1,1,1,1,1,5,5,5,3.0000,3.0000,0.0000,0.0000,1.0000,0.0000,1.0000,1,-0.000349,0.00000198,-0.000349,2.806167,-0.097910
2014-01-29,,2.3500,2.7400,17.3500,73.6721,84.930000,78.372328,0.107668,-0.024088,1,1,1,1,1,5,5,5,3.0000,3.0000,0.0000,0.0000,1.0000,0.0000,1.0000,1,-0.031533,0.00000198,-0.031533,2.717680,-0.126355
2014-01-30,,2.3800,2.7350,17.2900,78.0600,86.500000,78.457478,0.108185,-0.024307,1,1,1,1,1,5,5,5,3.0000,3.0000,0.0000,0.0000,1.0000,0.0000,1.0000,1,0.052708,0.00000159,0.052708,2.860923,-0.080308
2014-01-31,,2.3600,2.7300,18.4100,77.5982,86.270000,78.548253,0.109721,-0.008682,1,1,1,1,1,5,5,5,3.0000,3.0000,0.0000,0.0000,1.0000,0.0000,1.0000,1,-0.007006,0.00000079,-0.007006,2.840878,-0.086752
2014-02-03,,2.4000,2.7300,21.4400,63.9723,84.290000,78.633858,0.111357,0.010112,1,0,1,1,0,3,1,5,3.0000,3.0000,0.0000,0.0000,1.0000,0.0000,1.0000,1,-0.066253,0.00000079,-0.066253,2.652660,-0.147257
2014-02-04,,2.3900,2.7250,19.1100,66.9746,84.910000,78.717958,0.109930,-0.010996,1,1,1,1,1,5,5,3,2.6000,2.6006,0.0000,0.3994,0.6006,0.0000,1.0000,1,0.019535,0.00000198,0.018301,2.701205,-0.131652
2014-02-05,,2.4100,2.7200,19.9500,66.0508,84.690000,78.797458,0.109579,-0.017518,1,1,1,1,1,5,5,5,2.7333,2.7332,0.0000,0.2668,0.7332,0.0000,1.0000,1,-0.009219,0.00000238,-0.007720,2.680353,-0.138355
2014-02-06,,2.4200,2.7200,17.2300,71.3626,85.770000,78.879058,0.108942,-0.008260,1,1,1,1,1,5,5,5,2.8222,2.8235,0.0000,0.1765,0.8235,0.0000,1.0000,1,0.038314,0.00000278,0.035421,2.775292,-0.107835
2014-02-07,,2.4000,2.7200,15.2900,75.9815,87.300000,78.968458,0.108192,-0.014850,1,1,1,1,1,5,5,5,2.8815,2.8827,0.0000,0.1173,0.8827,0.0000,1.0000,1,0.053067,0.00000278,0.050681,2.915948,-0.062619
2014-02-10,,2.4200,2.7200,15.2600,76.6744,87.800000,79.058508,0.108800,-0.002732,1,1,1,1,1,5,5,5,2.9210,2.9214,0.0000,0.0786,0.9214,0.0000,1.0000,1,0.018354,0.00000317,0.017779,2.967792,-0.045953
2014-02-11,,2.4200,2.7200,14.5100,79.2148,88.800000,79.154658,0.108638,-0.001109,1,1,1,1,1,5,5,5,2.9473,2.9478,0.0000,0.0522,0.9478,0.0000,1.0000,1,0.034246,0.00000278,0.033585,3.067466,-0.013911
2014-02-12,,2.3900,2.7200,14.3000,79.6767,88.970000,79.248458,0.108722,-0.004122,1,1,1,1,1,5,5,5,2.9649,2.9649,0.0000,0.0351,0.9649,0.0000,1.0000,1,0.004753,0.00000198,0.004693,3.081862,-0.009283
2014-02-13,,2.3600,2.7200,14.1400,81.5668,89.630000,79.343008,0.109338,0.000199,1,1,1,1,0,4,3,5,2.9766,2.9770,0.0000,0.0230,0.9770,0.0000,1.0000,1,0.025701,0.00000198,0.025524,3.160522,0.000000
2014-02-14,,2.3900,2.7150,13.5700,82.2581,89.810000,79.440108,0.109445,-0.001223,1,1,1,1,1,5,5,4,2.7844,2.7843,0.0000,0.2157,0.7843,0.0000,1.0000,1,0.002921,0.00000119,0.003042,3.170136,0.000000
2014-02-18,,2.3800,2.7100,13.8700,82.0276,90.250000,79.534958,0.109694,0.006512,1,1,1,1,0,4,3,5,2.8563,2.8567,0.0000,0.1433,0.8567,0.0000,1.0000,1,0.015635,0.00000079,0.014570,3.216324,0.000000
2014-02-19,,2.4000,2.7100,15.5000,79.9539,89.630000,79.622508,0.109797,0.015697,1,1,1,1,0,4,3,4,2.7042,2.7027,0.0000,0.2973,0.7027,0.0000,1.0000,1,-0.021884,0.00000198,-0.019734,3.152855,-0.019734
2014-02-20,,2.4100,2.7100,14.7900,80.8756,90.050000,79.710758,0.109995,0.023493,1,1,1,1,0,4,3,4,2.6028,2.6040,0.0000,0.3960,0.6040,0.0000,1.0000,1,0.014504,0.00000238,0.012058,3.190872,-0.007913
2014-02-21,,2.3900,2.7050,14.6800,81.3364,89.930000,79.798608,0.110256,0.031853,1,1,1,1,0,4,3,4,2.5352,2.5340,0.0000,0.4660,0.5340,-0.0000,1.0000,1,-0.005172,0.00000198,-0.003929,3.178337,-0.011811
2014-02-24,,2.3800,2.7000,14.2300,83.2184,90.410000,79.887108,0.109378,0.026682,1,1,1,1,0,4,3,4,2.4901,2.4913,0.0000,0.5087,0.4913,0.0000,1.0000,1,0.017582,0.00000198,0.014747,3.225207,0.000000
2014-02-25,,2.3800,2.7000,13.6700,81.1494,90.310000,79.975625,0.109284,0.036509,1,1,1,1,0,4,3,4,2.4601,2.4595,0.0000,0.5405,0.4595,0.0000,1.0000,1,-0.003606,0.00000198,-0.003262,3.214685,-0.003262
2014-02-26,,2.3800,2.7000,14.3500,81.6092,90.230000,80.061525,0.108926,0.037750,1,1,1,1,0,4,3,4,2.4401,2.4390,0.0000,0.5610,0.4390,0.0000,1.0000,1,-0.003318,0.00000198,-0.002328,3.207200,-0.005583
2014-02-27,,2.3800,2.7000,14.0400,83.2184,90.440000,80.148025,0.108088,0.029642,1,1,1,1,0,4,3,4,2.4267,2.4281,0.0000,0.5719,0.4281,0.0000,1.0000,1,0.019668,0.00000198,0.015981,3.258456,0.000000
2014-02-28,,2.3600,2.7000,14.0000,84.5977,90.340000,80.232125,0.108567,0.036222,1,1,1,1,0,4,3,4,2.4178,2.4171,0.0000,0.5829,0.4171,0.0000,1.0000,1,-0.005045,0.00000159,-0.003702,3.246391,-0.003702
2014-03-03,,2.3500,2.7000,16.0000,82.7586,89.670000,80.312125,0.108255,0.023190,1,1,1,1,0,4,3,4,2.4119,2.4121,0.0000,0.5879,0.4121,0.0000,1.0000,1,-0.021921,0.00000198,-0.017669,3.189032,-0.021306
2014-03-04,,2.3700,2.7000,14.1000,85.5172,90.810000,80.398225,0.107527,0.011516,1,1,1,1,0,4,3,4,2.4079,2.4085,0.0000,0.5915,0.4085,0.0000,1.0000,1,0.040250,0.00000198,0.031576,3.289728,0.000000
2014-03-05,,2.3500,2.7000,13.8900,84.1379,91.060000,80.482025,0.106711,0.007464,1,1,1,1,0,4,3,4,2.4053,2.4056,0.0000,0.5944,0.4056,0.0000,1.0000,1,0.008208,0.00000198,0.006626,3.311524,0.000000
2014-03-06,,2.3600,2.7000,14.2100,83.9080,90.980000,80.565975,0.105936,-0.002812,1,1,1,1,1,5,5,4,2.4035,2.4027,0.0000,0.5973,0.4027,-0.0000,1.0000,1,-0.003780,0.00000238,-0.002914,3.301874,-0.002914
2014-03-07,,2.3700,2.6950,14.1100,84.1379,90.530000,80.647275,0.106209,0.008768,1,1,1,1,0,4,3,5,2.6023,2.6004,0.0000,0.3996,0.6004,0.0000,1.0000,1,-0.014300,0.00000198,-0.013277,3.258037,-0.016152
2014-03-10,,2.3400,2.6900,14.2000,83.9080,90.610000,80.732230,0.106000,0.013458,1,1,1,1,0,4,3,4,2.5349,2.5353,0.0000,0.4647,0.5353,0.0000,1.0000,1,0.002072,0.00000238,0.001723,3.263649,-0.014457
2014-03-11,,2.3600,2.6900,14.8000,84.8276,90.220000,80.816080,0.106233,0.012618,1,1,1,1,0,4,3,4,2.4899,2.4882,0.0000,0.5118,0.4882,0.0000,1.0000,1,-0.012410,0.00000198,-0.010115,3.230637,-0.024426
2014-03-12,,2.3700,2.6900,14.4700,83.9080,90.560000,80.901830,0.107540,0.020765,1,1,1,1,0,4,3,4,2.4600,2.4621,0.0000,0.5379,0.4621,-0.0000,1.0000,1,0.011219,0.00000198,0.008788,3.259026,-0.015853
2014-03-13,,2.3800,2.6900,16.2200,81.3793,89.280000,80.978780,0.109893,0.045349,1,1,1,1,0,4,3,4,2.4400,2.4355,0.0000,0.5645,0.4355,-0.0000,1.0000,1,-0.042455,0.00000198,-0.034122,3.147821,-0.049434
2014-03-14,,2.3900,2.6900,17.8200,81.6092,88.670000,81.054430,0.110717,0.053951,1,1,1,1,0,4,3,4,2.4266,2.4260,0.0000,0.5740,0.4260,0.0000,1.0000,1,-0.020547,0.00000198,-0.017055,3.094136,-0.065646
2014-03-17,,2.4000,2.6900,15.6400,83.6782,89.450000,81.132030,0.110449,0.050528,1,1,1,1,0,4,3,4,2.4178,2.4184,0.0000,0.5816,0.4184,-0.0000,1.0000,1,0.026657,0.00000198,0.021801,3.161590,-0.045276
2014-03-18,,2.4000,2.6850,14.5200,85.7471,90.530000,81.218430,0.109507,0.044807,1,1,1,1,0,4,3,4,2.4118,2.4144,0.0000,0.5856,0.4144,0.0000,1.0000,1,0.035950,0.00000238,0.028881,3.252902,-0.017703
2014-03-19,,2.4200,2.6800,15.1200,82.7586,90.040000,81.301730,0.108352,0.039924,1,1,1,1,0,4,3,4,2.4079,2.4064,0.0000,0.5936,0.4064,0.0000,1.0000,1,-0.016462,0.00000198,-0.012878,3.211012,-0.030352
2014-03-20,,2.3700,2.6800,14.5200,83.4483,90.290000,81.388180,0.107964,0.037559,1,1,1,1,0,4,3,4,2.4053,2.4066,0.0000,0.5934,0.4066,0.0000,1.0000,1,0.007841,0.00000238,0.006078,3.230528,-0.024459
2014-03-21,,2.3400,2.6800,15.0000,84.1379,89.000000,81.472930,0.108781,0.055000,1,1,1,1,0,4,3,4,2.4035,2.3992,0.0000,0.6008,0.3992,0.0000,1.0000,1,-0.036655,0.00000238,-0.029282,3.135932,-0.053024
2014-03-24,,2.3200,2.6800,15.0900,83.2184,88.220000,81.552030,0.109529,0.060085,1,1,1,1,0,4,3,4,2.4023,2.3991,0.0000,0.6009,0.3991,0.0000,1.0000,1,-0.025159,0.00000238,-0.020148,3.072748,-0.072104
2014-03-25,,2.2900,2.6800,14.0200,84.8276,88.510000,81.627630,0.109468,0.069759,1,1,1,1,0,4,3,4,2.4016,2.4010,0.0000,0.5990,0.4010,0.0000,1.0000,1,0.009241,0.00000238,0.007201,3.094877,-0.065422
2014-03-26,,2.2800,2.6800,14.9300,82.5287,87.370000,81.697380,0.109802,0.068200,1,1,1,1,0,4,3,4,2.4010,2.3968,0.0000,0.6032,0.3968,-0.0000,1.0000,1,-0.038043,0.00000198,-0.030652,3.000012,-0.094069
2014-03-27,,2.2800,2.6800,14.6200,82.2989,86.879000,81.768325,0.110928,0.076340,1,1,1,1,0,4,3,4,2.4007,2.3995,0.0000,0.6005,0.3995,0.0000,1.0000,1,-0.017722,0.00000198,-0.013770,2.958700,-0.106544
2014-03-28,,2.2600,2.6800,14.4100,81.8391,87.050000,81.844325,0.110545,0.075732,1,1,1,1,0,4,3,4,2.4005,2.4002,0.0000,0.5998,0.4002,0.0000,1.0000,1,0.006515,0.00000159,0.005123,2.973856,-0.101967
2014-03-31,,2.2500,2.6800,13.8800,84.3678,87.670000,81.918875,0.110850,0.086493,1,1,1,1,0,4,3,4,2.4003,2.3999,0.0000,0.6001,0.3999,0.0000,1.0000,1,0.019917,0.00000159,0.016165,3.021930,-0.087450
2014-04-01,,2.2600,2.6800,13.1000,85.7471,89.210000,82.003525,0.109349,0.075306,1,1,1,1,0,4,3,4,2.4002,2.4031,0.0000,0.5969,0.4031,0.0000,1.0000,1,0.054190,0.00000198,0.042593,3.150644,-0.048582
2014-04-02,,2.2600,2.6800,13.0900,87.1264,89.440000,82.085825,0.108826,0.065506,1,1,1,1,0,4,3,4,2.4001,2.3998,0.0000,0.6002,0.3998,0.0000,1.0000,1,0.007873,0.00000159,0.006368,3.170707,-0.042523
2014-04-03,,2.2500,2.6750,13.3700,86.6972,88.730000,82.161575,0.109315,0.066993,1,1,1,1,0,4,3,4,2.4001,2.3980,0.0000,0.6020,0.3980,0.0000,1.0000,1,-0.023587,0.00000079,-0.018828,3.111008,-0.060551
2014-04-04,,2.2400,2.6700,13.9600,83.7156,86.370000,82.229625,0.111212,0.091087,1,1,1,1,0,4,3,4,2.4001,2.3923,0.0000,0.6077,0.3923,0.0000,1.0000,1,-0.079373,0.00000079,-0.064125,2.911515,-0.120793
2014-04-07,,2.2500,2.6700,15.5700,79.8165,85.550000,82.302250,0.112265,0.094649,1,1,1,1,0,4,3,4,2.4000,2.3991,0.0000,0.6009,0.3991,0.0000,1.0000,1,-0.029988,0.00000119,-0.022656,2.845553,-0.140712
2014-04-08,,2.2400,2.6700,14.8900,81.1927,86.340000,82.381800,0.113398,0.093164,1,1,1,1,0,4,3,4,2.4000,2.4020,0.0000,0.5980,0.4020,0.0000,1.0000,1,0.027929,0.00000119,0.021691,2.907276,-0.122073
2014-04-09,,2.2600,2.6700,13.8200,83.4862,87.820000,82.472250,0.111951,0.077573,1,1,1,1,0,4,3,4,2.4000,2.4032,0.0000,0.5968,0.4032,0.0000,1.0000,1,0.051265,0.00000119,0.041251,3.027204,-0.085858
2014-04-10,,2.2500,2.6700,15.8900,77.0642,85.100000,82.546550,0.113920,0.104441,1,1,1,1,0,4,3,4,2.4000,2.3917,0.0000,0.6083,0.3917,0.0000,1.0000,1,-0.092328,0.00000159,-0.073957,2.803321,-0.153465
2014-04-11,,2.2400,2.6700,17.0300,71.1670,84.110000,82.612750,0.114842,0.119677,1,1,1,1,0,4,3,4,2.4000,2.3994,0.0000,0.6006,0.3994,0.0000,1.0000,1,-0.034921,0.00000159,-0.027832,2.725298,-0.177026
2014-04-14,,2.2300,2.6700,16.1100,73.9130,84.770000,82.680750,0.114628,0.109679,1,1,1,1,0,4,3,4,2.4000,2.3998,0.0000,0.6002,0.3998,0.0000,1.0000,1,0.022454,0.00000159,0.018112,2.774659,-0.162120
2014-04-15,,2.2200,2.6650,15.6100,75.9725,85.050100,82.749651,0.115418,0.114107,1,1,1,1,0,4,3,4,2.4000,2.4001,0.0000,0.5999,0.4001,0.0000,1.0000,1,0.009982,0.00000159,0.007811,2.796331,-0.155576
2014-04-16,,2.2000,2.6600,14.1800,78.9474,86.180000,82.822001,0.115057,0.102485,1,1,1,1,0,4,3,4,2.4000,2.4011,0.0000,0.5989,0.4011,0.0000,1.0000,1,0.038814,0.00000159,0.031147,2.883429,-0.129274
2014-04-17,,2.1900,2.6600,13.3600,80.7780,86.200000,82.894301,0.113472,0.086791,1,1,1,1,0,4,3,4,2.4000,2.4008,0.0000,0.5992,0.4008,0.0000,1.0000,1,0.000519,0.00000159,0.000582,2.885108,-0.128767
2014-04-21,,2.1600,2.6600,13.2500,81.0069,86.840000,82.968346,0.112944,0.076723,1,1,1,1,0,4,3,4,2.4000,2.4011,0.0000,0.5989,0.4011,0.0000,1.0000,1,0.022649,0.00000119,0.018142,2.937451,-0.112961
2014-04-22,,2.1800,2.6600,13.1900,83.7529,87.530000,83.043095,0.112592,0.063697,1,1,1,1,0,4,3,4,2.4000,2.4012,0.0000,0.5988,0.4012,-0.0000,1.0000,1,0.024514,0.00000159,0.019494,2.994714,-0.095669
2014-04-23,,2.1500,2.6600,13.2700,83.7529,86.760000,83.113645,0.112910,0.058868,1,1,1,1,0,4,3,4,2.4000,2.3979,0.0000,0.6021,0.3979,0.0000,1.0000,1,-0.027228,0.00000119,-0.021704,2.929717,-0.115297
2014-04-24,,2.1500,2.6600,13.3200,83.5240,87.590000,83.186145,0.113454,0.066495,1,1,1,1,0,4,3,4,2.4000,2.3985,0.0000,0.6015,0.3985,0.0000,1.0000,1,0.029517,0.00000079,0.023485,2.998521,-0.094519
2014-04-25,,2.1400,2.6600,14.0600,78.9474,86.190000,83.249545,0.115707,0.078421,1,1,1,1,0,4,3,4,2.4000,2.3975,0.0000,0.6025,0.3975,0.0000,1.0000,1,-0.048278,0.00000040,-0.038671,2.882564,-0.129536
2014-04-28,,2.1300,2.6600,13.9700,78.7185,86.470000,83.307045,0.115906,0.074416,1,1,1,1,0,4,3,4,2.4000,2.3998,0.0000,0.6002,0.3998,-0.0000,1.0000,1,0.010734,0.00000119,0.008609,2.907379,-0.122042
2014-04-29,,2.1300,2.6600,13.7100,79.6339,87.160000,83.366345,0.114887,0.049615,1,1,1,1,0,4,3,4,2.4000,2.4011,0.0000,0.5989,0.4011,0.0000,1.0000,1,0.022097,0.00000119,0.017860,2.959305,-0.106362
2014-04-30,,2.1500,2.6600,13.4100,80.7780,87.390000,83.425945,0.114731,0.032762,1,1,1,1,0,4,3,4,2.4000,2.4018,0.0000,0.5982,0.4018,-0.0000,1.0000,1,0.008882,0.00000079,0.006744,2.979264,-0.100335
2014-05-01,,2.1600,2.6600,13.2500,80.0915,87.650000,83.487345,0.115200,0.051479,1,1,1,1,0,4,3,4,2.4000,2.4001,0.0000,0.5999,0.4001,0.0000,1.0000,1,0.008970,0.00000119,0.007433,3.001409,-0.093647
2014-05-02,,2.1400,2.6600,12.9100,80.5492,87.490000,83.546995,0.112996,0.033473,1,1,1,1,0,4,3,4,2.4000,2.3990,0.0000,0.6010,0.3990,-0.0000,1.0000,1,-0.004939,0.00000119,-0.004276,2.988575,-0.097523
2014-05-05,,2.1400,2.6550,13.2900,80.3204,87.950000,83.609896,0.113788,0.047229,1,1,1,1,0,4,3,4,2.4000,2.4027,0.0000,0.5973,0.4027,0.0000,1.0000,1,0.014228,0.00000079,0.011800,3.023840,-0.086874
2014-05-06,,2.1500,2.6500,13.8000,77.3455,86.810000,83.670996,0.114225,0.057965,1,1,1,1,0,4,3,4,2.4000,2.3973,0.0000,0.6027,0.3973,0.0000,1.0000,1,-0.038662,0.00000119,-0.031134,2.929697,-0.115302
2014-05-07,,2.1500,2.6500,13.4000,78.7185,86.560000,83.729746,0.115393,0.063250,1,1,1,1,0,4,3,4,2.4000,2.3986,0.0000,0.6014,0.3986,0.0000,1.0000,1,-0.008993,0.00000119,-0.007251,2.908455,-0.121717
2014-05-08,,2.1600,2.6500,13.4300,78.4897,86.480000,83.790846,0.114267,0.053430,1,1,1,1,0,4,3,4,2.4000,2.4003,0.0000,0.5997,0.4003,0.0000,1.0000,1,-0.003425,0.00000119,-0.002299,2.901769,-0.123736
2014-05-09,,2.1800,2.6500,12.9200,80.5492,86.800000,83.852346,0.112418,0.035091,1,1,1,1,0,4,3,4,2.4000,2.4008,0.0000,0.5992,0.4008,0.0000,1.0000,1,0.011684,0.00000119,0.009285,2.928711,-0.115600
2014-05-12,,2.2100,2.6500,12.2300,83.7529,88.230000,83.918645,0.110309,0.009207,1,1,1,1,0,4,3,4,2.4000,2.4023,0.0000,0.5977,0.4023,0.0000,1.0000,1,0.048743,0.00000119,0.038719,3.042107,-0.081357
2014-05-13,,2.2000,2.6450,12.1300,82.3799,88.290000,83.983246,0.110471,0.009677,1,1,1,1,0,4,3,4,2.4000,2.3999,0.0000,0.6001,0.3999,0.0000,1.0000,1,0.002106,0.00000119,0.001623,3.047046,-0.079866
2014-05-14,,2.2100,2.6400,12.1700,81.0069,87.830000,84.046246,0.111552,0.017381,1,1,1,1,0,4,3,4,2.4000,2.3996,0.0000,0.6004,0.3996,0.0000,1.0000,1,-0.014868,0.00000119,-0.012232,3.009774,-0.091121
2014-05-15,,2.2000,2.6350,13.1700,77.3455,87.135000,84.103771,0.112086,0.021353,1,1,1,1,0,4,3,4,2.4000,2.3983,0.0000,0.6017,0.3983,0.0000,1.0000,1,-0.023130,0.00000119,-0.018325,2.954619,-0.107777
2014-05-16,,2.2200,2.6300,12.4400,78.9474,87.710000,84.163471,0.112045,0.019038,1,1,1,1,0,4,3,4,2.4000,2.4013,0.0000,0.5987,0.4013,0.0000,1.0000,1,0.018640,0.00000119,0.015192,2.999505,-0.094222
2014-05-19,,2.2000,2.6250,12.4200,80.3204,88.320000,84.222370,0.109913,-0.003193,1,1,1,1,1,5,5,4,2.4000,2.4025,0.0000,0.5975,0.4025,0.0000,1.0000,1,0.021431,0.00000119,0.017245,3.051233,-0.078602
2014-05-20,,2.2200,2.6200,12.9600,76.6590,88.000000,84.277520,0.110611,0.011434,1,1,1,1,0,4,3,5,2.6000,2.5990,0.0000,0.4010,0.5990,0.0000,1.0000,1,-0.010974,0.00000119,-0.009749,3.021487,-0.087584
2014-05-21,,2.2300,2.6150,11.9100,79.6339,88.840000,84.336620,0.109766,0.004514,1,1,1,1,0,4,3,4,2.5333,2.5353,0.0000,0.4647,0.5353,0.0000,1.0000,1,0.028231,0.00000119,0.023922,3.093766,-0.065758
2014-05-22,,2.2600,2.6100,12.0300,81.2357,89.230000,84.399970,0.110396,0.013841,1,1,1,1,0,4,3,4,2.4889,2.4897,0.0000,0.5103,0.4897,0.0000,1.0000,1,0.012379,0.00000159,0.010249,3.125475,-0.056182
2014-05-23,,2.2500,2.6100,11.3600,82.1510,89.880000,84.467270,0.109693,0.015203,1,1,1,1,0,4,3,4,2.4593,2.4606,0.0000,0.5394,0.4606,-0.0000,1.0000,1,0.022418,0.00000119,0.018474,3.183216,-0.038746
2014-05-27,,2.2400,2.6100,11.5100,82.8375,91.001000,84.538275,0.109884,0.012469,1,1,1,1,0,4,3,4,2.4395,2.4413,0.0000,0.5587,0.4413,0.0000,1.0000,1,0.037565,0.00000159,0.030731,3.281040,-0.009205
2014-05-28,,2.2300,2.6050,11.6800,81.9222,90.720000,84.609426,0.110618,0.022580,1,1,1,1,0,4,3,4,2.4263,2.4255,0.0000,0.5745,0.4255,0.0000,1.0000,1,-0.009458,0.00000159,-0.007855,3.255267,-0.016988
2014-05-29,,2.2300,2.6000,11.5700,82.8375,91.300000,84.682575,0.110360,0.027018,1,1,1,1,0,4,3,4,2.4176,2.4185,0.0000,0.5815,0.4185,0.0000,1.0000,1,0.020290,0.00000159,0.015818,3.306757,-0.001440
2014-05-30,,2.2400,2.6000,11.4000,83.0664,91.310000,84.753626,0.110909,0.040375,1,1,1,1,0,4,3,4,2.4117,2.4115,0.0000,0.5885,0.4115,0.0000,1.0000,1,-0.000863,0.00000159,0.000021,3.306827,-0.001419
2014-06-02,,2.2200,2.5950,11.5800,83.9817,91.220000,84.825676,0.110760,0.046677,1,1,1,1,0,4,3,4,2.4078,2.4074,0.0000,0.5926,0.4074,0.0000,1.0000,1,-0.002502,0.00000159,-0.002506,3.298538,-0.003921
2014-06-03,,2.2200,2.5900,11.8700,83.9817,91.180000,84.904026,0.111229,0.048403,1,1,1,1,0,4,3,4,2.4052,2.4059,0.0000,0.5941,0.4059,0.0000,1.0000,1,-0.001467,0.00000159,-0.000879,3.295640,-0.004797
2014-06-04,,2.2200,2.5850,12.0800,84.8970,91.520000,84.984201,0.110953,0.047973,1,1,1,1,0,4,3,4,2.4035,2.4051,0.0000,0.5949,0.4051,0.0000,1.0000,1,0.010579,0.00000159,0.008283,3.322939,0.000000
2014-06-05,,2.2300,2.5800,11.6800,86.7277,92.290000,85.068901,0.111160,0.048165,1,1,1,1,0,4,3,4,2.4023,2.4042,0.0000,0.5958,0.4042,0.0000,1.0000,1,0.026025,0.00000159,0.020745,3.391872,0.000000
2014-06-06,,2.2400,2.5750,10.7300,88.5584,92.820000,85.154601,0.110250,0.026289,1,1,1,1,0,4,3,4,2.4015,2.4018,0.0000,0.5982,0.4018,0.0000,1.0000,1,0.016154,0.00000159,0.013274,3.436896,0.000000
2014-06-09,,2.2300,2.5650,11.1500,88.3295,92.750000,85.241251,0.109393,-0.004810,1,1,1,1,1,5,5,4,2.4010,2.4007,0.0000,0.5993,0.4007,0.0000,1.0000,1,-0.001813,0.00000159,-0.001646,3.431240,-0.001646
2014-06-10,,2.2200,2.5600,10.9900,86.7277,92.910000,85.325001,0.109126,-0.015223,1,1,1,1,1,5,5,5,2.6007,2.6017,0.0000,0.3983,0.6017,0.0000,1.0000,1,0.005728,0.00000159,0.004871,3.447954,0.000000
2014-06-11,,2.2100,2.5550,11.6000,86.4989,92.550100,85.404401,0.108121,-0.022049,1,1,1,1,1,5,5,5,2.7338,2.7348,0.0000,0.2652,0.7348,0.0000,1.0000,1,0.000000,0.00000159,0.000442,3.449480,0.000000
2014-06-12,,2.2000,2.5500,12.5600,84.2105,92.050000,85.481101,0.109228,-0.002623,1,1,1,1,1,5,5,5,2.8225,2.8215,0.0000,0.1785,0.8215,0.0000,1.0000,1,-0.027643,0.00000159,-0.025460,3.361655,-0.025460
2014-06-13,,2.2100,2.5500,12.1800,85.1259,92.320000,85.567001,0.109592,0.011897,1,1,1,1,0,4,3,5,2.8817,2.8813,0.0000,0.1187,0.8813,0.0000,1.0000,1,0.006857,0.00000159,0.006384,3.383116,-0.019239
2014-06-16,,2.1900,2.5400,12.6500,83.9817,92.400000,85.651851,0.110248,0.021884,1,1,1,1,0,4,3,4,2.7211,2.7215,0.0000,0.2785,0.7215,0.0000,1.0000,1,0.003689,0.00000159,0.003041,3.393405,-0.016256
2014-06-17,,2.1700,2.5150,12.0600,86.4989,92.450000,85.734301,0.109788,0.009688,1,1,1,1,0,4,3,4,2.6141,2.6143,0.0000,0.3857,0.6143,0.0000,1.0000,1,0.001413,0.00000159,0.001143,3.397283,-0.015132
2014-06-18,,2.1700,2.5000,10.6100,87.4142,92.970000,85.821801,0.111462,0.018678,1,1,1,1,0,4,3,4,2.5427,2.5438,0.0000,0.4562,0.5438,0.0000,1.0000,1,0.018210,0.00000159,0.015558,3.450138,0.000000
2014-06-19,,2.1900,2.5000,10.6200,87.4142,92.910000,85.906851,0.112251,0.026806,1,1,1,1,0,4,3,4,2.4951,2.4943,0.0000,0.5057,0.4943,0.0000,1.0000,1,-0.003882,0.00000119,-0.002956,3.439938,-0.002956
2014-06-20,,2.1900,2.5000,10.8500,86.4989,92.770000,85.987151,0.110927,0.010856,1,1,1,1,0,4,3,4,2.4634,2.4636,0.0000,0.5364,0.4636,0.0000,1.0000,1,0.003619,0.00000079,0.002713,3.449271,-0.000251
2014-06-23,,2.2000,2.4600,10.9800,86.9565,92.790000,86.066901,0.110578,-0.003345,1,1,1,1,1,5,5,4,2.4423,2.4425,0.0000,0.5575,0.4425,0.0000,1.0000,1,0.001109,0.00000079,0.000777,3.451952,0.000000
2014-06-24,,2.1900,2.4200,12.1300,85.3547,92.700000,86.145751,0.111582,0.009845,1,1,1,1,0,4,3,5,2.6282,2.6280,0.0000,0.3720,0.6280,0.0000,1.0000,1,-0.002770,0.00000119,-0.002483,3.443381,-0.002483
2014-06-25,,2.1800,2.4200,11.5900,85.8124,93.290000,86.223051,0.111489,0.006031,1,1,1,1,0,4,3,4,2.5521,2.5541,0.0000,0.4459,0.5541,0.0000,1.0000,1,0.018197,0.00000119,0.014962,3.494899,0.000000
2014-06-26,,2.1800,2.4200,11.6300,84.8970,93.340000,86.298701,0.111901,0.024230,1,1,1,1,0,4,3,4,2.5014,2.5014,0.0000,0.4986,0.5014,0.0000,1.0000,1,0.002729,0.00000119,0.001844,3.501343,0.000000
2014-06-27,,2.1800,2.4200,11.2600,84.6682,93.750000,86.377151,0.112118,0.031367,1,1,1,1,0,4,3,4,2.4676,2.4682,0.0000,0.5318,0.4682,-0.0000,1.0000,1,0.009932,0.00000159,0.009056,3.533051,0.000000
2014-06-30,,2.2000,2.4150,11.5700,85.3547,93.910000,86.456651,0.113070,0.035643,1,1,1,1,0,4,3,4,2.4451,2.4453,0.0000,0.5547,0.4453,0.0000,1.0000,1,0.007410,0.00000119,0.005595,3.552819,0.000000
2014-07-01,,2.1800,2.4100,11.1500,87.6430,94.940000,86.541051,0.111201,-0.000106,1,1,1,1,1,5,5,4,2.4300,2.4319,0.0000,0.5681,0.4319,0.0000,1.0000,1,0.033565,0.00000159,0.027062,3.648964,0.000000
2014-07-02,,2.1900,2.4050,10.8200,86.7277,95.100000,86.627301,0.108934,-0.031752,1,1,1,1,1,5,5,5,2.6200,2.6201,0.0000,0.3799,0.6201,0.0000,1.0000,1,0.003881,0.00000079,0.003361,3.661230,0.000000
2014-07-03,,2.2000,2.4000,10.3200,88.5584,95.700000,86.713951,0.107215,-0.058386,1,1,1,1,1,5,5,5,2.7467,2.7473,0.0000,0.2527,0.7473,0.0000,1.0000,1,0.019204,0.00000079,0.016768,3.722622,0.000000
2014-07-07,,2.2100,2.4000,11.3300,86.7277,95.410000,86.794451,0.108096,-0.036359,1,1,1,1,1,5,5,5,2.8311,2.8308,0.0000,0.1692,0.8308,0.0000,1.0000,1,-0.009610,0.00000040,-0.008838,3.689722,-0.008838
2014-07-08,,2.1800,2.4000,11.9800,83.7529,94.260000,86.868251,0.109534,-0.041248,1,1,1,1,1,5,5,5,2.8874,2.8864,0.0000,0.1136,0.8864,0.0000,1.0000,1,-0.034857,0.00000159,-0.033539,3.565972,-0.042080
2014-07-09,,2.1800,2.4000,11.6500,84.4394,94.960000,86.948126,0.108741,-0.057697,1,1,1,1,1,5,5,5,2.9249,2.9253,0.0000,0.0747,0.9253,0.0000,1.0000,1,0.022622,0.00000119,0.021921,3.644142,-0.021082
2014-07-10,,2.1700,2.3950,12.5900,83.0664,94.660000,87.027276,0.109911,-0.044158,1,1,1,1,1,5,5,5,2.9500,2.9505,0.0000,0.0495,0.9505,-0.0000,1.0000,1,-0.009444,0.00000119,-0.008945,3.611546,-0.029838
2014-07-11,,2.2000,2.3900,12.0800,83.9817,95.270000,87.109476,0.108921,-0.060082,1,1,1,1,1,5,5,5,2.9666,2.9668,0.0000,0.0332,0.9668,-0.0000,1.0000,1,0.017370,0.00000079,0.017156,3.673505,-0.013194
2014-07-14,,2.2000,2.3900,11.8200,84.2105,95.840000,87.195876,0.107136,-0.073093,1,1,1,1,1,5,5,5,2.9778,2.9778,0.0000,0.0222,0.9778,0.0000,1.0000,1,0.019127,0.00000079,0.018946,3.743103,0.000000
2014-07-15,,2.2100,2.3900,11.9600,84.6682,95.510000,87.277576,0.107894,-0.052011,1,1,1,1,1,5,5,5,2.9852,2.9851,0.0000,0.0149,0.9851,0.0000,1.0000,1,-0.010454,0.00000119,-0.010414,3.704122,-0.010414
2014-07-16,,2.2000,2.3900,11.0000,83.7900,95.890000,87.361676,0.107850,-0.047732,1,1,1,1,1,5,5,5,2.9901,2.9901,0.0000,0.0099,0.9901,0.0000,1.0000,1,0.011329,0.00000079,0.011252,3.745801,0.000000
2014-07-17,,2.1900,2.3850,14.5400,77.8539,94.619000,87.440371,0.108094,-0.041620,1,1,1,1,1,5,5,5,2.9934,2.9933,0.0000,0.0067,0.9933,0.0000,1.0000,1,-0.039899,0.00000079,-0.039803,3.596708,-0.039803
2014-07-18,,2.2200,2.3800,12.0600,83.3333,96.120000,87.522571,0.108088,-0.045048,1,1,1,1,1,5,5,5,2.9956,2.9956,0.0000,0.0044,0.9956,0.0000,1.0000,1,0.047325,0.00000079,0.047236,3.766600,0.000000
2014-07-21,,2.2000,2.3800,12.8100,80.1370,96.000000,87.604321,0.108189,-0.048754,1,1,1,1,1,5,5,5,2.9971,2.9971,0.0000,0.0029,0.9971,0.0000,1.0000,1,-0.003630,0.00000079,-0.003622,3.752956,-0.003622
2014-07-22,,2.1900,2.3800,12.2400,82.1918,96.610000,87.693771,0.107492,-0.075531,1,1,1,1,1,5,5,5,2.9980,2.9980,0.0000,0.0020,0.9980,0.0000,1.0000,1,0.019849,0.00000119,0.019832,3.827383,0.000000
2014-07-23,,2.1900,2.3800,11.5200,82.8767,97.227000,87.782906,0.107355,-0.078423,1,1,1,1,1,5,5,5,2.9987,2.9987,0.0000,0.0013,0.9987,-0.0000,1.0000,1,0.018724,0.00000119,0.018714,3.899008,0.000000
2014-07-24,,2.2000,2.3800,11.8400,83.7900,97.120000,87.874806,0.107677,-0.066401,1,1,1,1,1,5,5,5,2.9991,2.9991,0.0000,0.0009,0.9991,0.0000,1.0000,1,-0.003507,0.00000119,-0.003506,3.885337,-0.003506
2014-07-25,,2.2000,2.3800,12.6900,80.1370,96.740000,87.972406,0.107323,-0.067791,1,1,1,1,1,5,5,5,2.9994,2.9994,0.0000,0.0006,0.9994,0.0000,1.0000,1,-0.012256,0.00000119,-0.012253,3.837730,-0.015716
2014-07-28,,2.1900,2.3800,12.5600,79.2237,96.770000,88.071356,0.108771,-0.058609,1,1,1,1,1,5,5,5,2.9996,2.9996,0.0000,0.0004,0.9996,0.0000,1.0000,1,0.001229,0.00000119,0.001229,3.842446,-0.014507
2014-07-29,,2.1900,2.3750,13.2800,78.0822,96.600000,88.161306,0.108225,-0.044213,1,1,1,1,1,5,5,5,2.9997,2.9997,0.0000,0.0003,0.9997,0.0000,1.0000,1,-0.005031,0.00000159,-0.005031,3.823116,-0.019464
2014-07-30,,2.1800,2.3700,13.3300,77.6256,96.980000,88.250056,0.106381,-0.068052,1,1,1,1,1,5,5,5,2.9998,2.9998,0.0000,0.0002,0.9998,0.0000,1.0000,1,0.011962,0.00000079,0.011961,3.868842,-0.007737
2014-07-31,,2.1700,2.3700,16.9500,67.1233,95.020000,88.326206,0.106815,-0.067062,1,1,1,1,1,5,5,5,2.9999,2.9999,0.0000,0.0001,0.9999,0.0000,1.0000,1,-0.060931,0.00000159,-0.060928,3.633122,-0.068193
2014-08-01,,2.1700,2.3700,17.0300,64.9203,94.670000,88.402156,0.107558,-0.069562,1,1,1,1,1,5,5,5,2.9999,2.9999,0.0000,0.0001,0.9999,0.0000,1.0000,1,-0.011550,0.00000119,-0.011549,3.591162,-0.078955
2014-08-04,,2.2300,2.3700,15.1200,68.1093,95.320000,88.476856,0.106207,-0.072869,1,1,1,1,1,5,5,5,2.9999,2.9999,0.0000,0.0001,0.9999,-0.0000,1.0000,1,0.020481,0.00000119,0.020480,3.664709,-0.060092
2014-08-05,,2.2400,2.3700,16.8700,62.8702,94.590000,88.545606,0.105958,-0.058698,1,1,1,1,1,5,5,5,3.0000,3.0000,0.0000,0.0000,1.0000,0.0000,1.0000,1,-0.023415,0.00000159,-0.023414,3.578903,-0.082099
2014-08-06,,2.2500,2.3650,16.3700,62.1868,94.520000,88.607456,0.104571,-0.052642,1,1,1,1,1,5,5,5,3.0000,3.0000,0.0000,0.0000,1.0000,0.0000,1.0000,1,-0.001712,0.00000119,-0.001712,3.572775,-0.083671
2014-08-07,,2.2600,2.3600,16.6600,58.9977,94.220000,88.666906,0.106345,-0.037560,1,1,1,1,1,5,5,5,3.0000,3.0000,0.0000,0.0000,1.0000,0.0000,1.0000,1,-0.009633,0.00000119,-0.009633,3.538359,-0.092498
2014-08-08,,2.2800,2.3600,15.7700,66.5148,94.900000,88.729156,0.107224,-0.039653,1,1,1,1,1,5,5,5,3.0000,3.0000,0.0000,0.0000,1.0000,0.0000,1.0000,1,0.021319,0.00000119,0.021319,3.613792,-0.073151
2014-08-11,,2.2700,2.3600,14.2300,68.5649,95.460000,88.796706,0.106530,-0.051264,1,1,1,1,1,5,5,5,3.0000,3.0000,0.0000,0.0000,1.0000,0.0000,1.0000,1,0.018134,0.00000119,0.018134,3.679325,-0.056343
2014-08-12,,2.2800,2.3600,14.1300,67.8815,95.420000,88.862256,0.106598,-0.050024,1,1,1,1,1,5,5,5,3.0000,3.0000,0.0000,0.0000,1.0000,0.0000,1.0000,1,-0.002307,0.00000159,-0.002307,3.670839,-0.058520
2014-08-13,,2.2900,2.3600,12.9000,69.2483,96.430000,88.929906,0.106369,-0.033284,1,1,1,1,1,5,5,5,3.0000,3.0000,0.0000,0.0000,1.0000,0.0000,1.0000,1,0.032495,0.00000119,0.032495,3.790121,-0.027927
2014-08-14,,2.3100,2.3600,12.4200,72.2096,96.930000,88.999956,0.106789,-0.036062,1,1,1,1,1,5,5,5,3.0000,3.0000,0.0000,0.0000,1.0000,-0.0000,1.0000,1,0.015425,0.00000159,0.015425,3.848582,-0.012933
2014-08-15,,2.2900,2.3550,13.1500,70.8428,97.400000,89.071656,0.107219,-0.024006,1,1,1,1,1,5,5,5,3.0000,3.0000,0.0000,0.0000,1.0000,-0.0000,1.0000,1,0.013598,0.00000159,0.013598,3.900915,0.000000
2014-08-18,,2.2900,2.3500,12.3200,75.6264,98.150000,89.147506,0.106050,-0.040983,1,1,1,1,1,5,5,5,3.0000,3.0000,0.0000,0.0000,1.0000,0.0000,1.0000,1,0.024172,0.00000119,0.024172,3.995209,0.000000
2014-08-19,,2.3100,2.3500,12.2100,79.0433,98.700000,89.227056,0.106835,-0.027152,1,1,1,1,1,5,5,5,3.0000,3.0000,0.0000,0.0000,1.0000,0.0000,1.0000,1,0.017229,0.00000119,0.017229,4.064042,0.000000
2014-08-20,,2.3300,2.3500,11.7800,79.2711,98.700000,89.306506,0.106777,-0.029372,1,1,1,1,1,5,5,5,3.0000,3.0000,0.0000,0.0000,1.0000,0.0000,1.0000,1,0.000000,0.00000119,0.000000,4.064042,0.000000
2014-08-21,,2.3000,2.3500,11.7600,80.8656,98.900000,89.386356,0.106717,-0.036760,1,1,1,1,1,5,5,5,3.0000,3.0000,0.0000,0.0000,1.0000,0.0000,1.0000,1,0.005685,0.00000159,0.005685,4.087145,0.000000
2014-08-22,,2.2800,2.3500,11.4700,79.2711,99.050000,89.466506,0.106557,-0.035688,1,1,1,1,1,5,5,5,3.0000,3.0000,0.0000,0.0000,1.0000,0.0000,1.0000,1,0.003922,0.00000079,0.003922,4.103174,0.000000
2014-08-25,,2.2600,2.3450,11.7000,81.3212,99.400000,89.548506,0.106743,-0.039028,1,1,1,1,1,5,5,5,3.0000,3.0000,0.0000,0.0000,1.0000,0.0000,1.0000,1,0.011145,0.00000119,0.011145,4.148906,0.000000
2014-08-26,,2.2500,2.3400,11.6300,81.3212,99.500000,89.638806,0.105401,-0.050246,1,1,1,1,1,5,5,5,3.0000,3.0000,0.0000,0.0000,1.0000,0.0000,1.0000,1,0.003409,0.00000159,0.003409,4.163050,0.000000
2014-08-27,,2.2600,2.3400,11.7800,81.5490,99.520000,89.723706,0.106592,-0.043304,1,1,1,1,1,5,5,5,3.0000,3.0000,0.0000,0.0000,1.0000,0.0000,1.0000,1,0.000114,0.00000119,0.000114,4.163523,0.000000
2014-08-28,,2.2400,2.3400,12.0500,81.3212,99.410000,89.808706,0.107425,-0.032943,1,1,1,1,1,5,5,5,3.0000,3.0000,0.0000,0.0000,1.0000,0.0000,1.0000,1,-0.004077,0.00000159,-0.004077,4.146550,-0.004077
2014-08-29,,2.2300,2.3400,11.9800,82.0046,99.780000,89.894906,0.107817,-0.031037,1,1,1,1,1,5,5,5,3.0000,3.0000,0.0000,0.0000,1.0000,0.0000,1.0000,1,0.011711,0.00000119,0.011711,4.195110,0.000000
2014-09-02,,2.2300,2.3400,12.2500,81.5490,100.070000,89.977556,0.106899,-0.031205,1,1,1,1,1,5,5,5,3.0000,3.0000,0.0000,0.0000,1.0000,0.0000,1.0000,1,0.008317,0.00000119,0.008317,4.229999,0.000000
2014-09-03,,2.2500,2.3350,12.3600,81.5490,99.480000,90.055956,0.107481,-0.017911,1,1,1,1,1,5,5,5,3.0000,3.0000,0.0000,0.0000,1.0000,0.0000,1.0000,1,-0.017165,0.00000119,-0.017165,4.157392,-0.017165
2014-09-04,,2.2400,2.3300,12.6400,81.1364,99.390000,90.133106,0.107587,-0.014433,1,1,1,1,1,5,5,5,3.0000,3.0000,0.0000,0.0000,1.0000,0.0000,1.0000,1,-0.003175,0.00000119,-0.003175,4.144192,-0.020286
2014-09-05,,2.2500,2.3300,12.0900,82.5000,99.890000,90.216856,0.108448,0.003119,1,1,1,1,0,4,3,5,3.0000,3.0000,0.0000,0.0000,1.0000,0.0000,1.0000,1,0.015472,0.00000119,0.015472,4.208310,-0.005127
2014-09-08,,2.2900,2.3250,12.6600,81.1364,100.080000,90.302756,0.108081,-0.010883,1,1,1,1,1,5,5,4,2.8000,2.8002,0.0000,0.1998,0.8002,0.0000,1.0000,1,0.005041,0.00000119,0.004673,4.227976,-0.000478
2014-09-09,,2.2600,2.3200,13.5000,78.4091,99.250000,90.385506,0.107516,-0.019449,1,1,1,1,1,5,5,5,2.8667,2.8656,0.0000,0.1344,0.8656,0.0000,1.0000,1,-0.024300,0.00000079,-0.023306,4.129437,-0.023774
2014-09-10,,2.2500,2.3200,12.8800,80.6818,100.070000,90.468156,0.106638,-0.033718,1,1,1,1,1,5,5,5,2.9111,2.9116,0.0000,0.0884,0.9116,0.0000,1.0000,1,0.023192,0.00000079,0.022434,4.222078,-0.001873
2014-09-11,,2.2600,2.3200,12.8000,79.3182,99.990000,90.548156,0.107414,-0.022232,1,1,1,1,1,5,5,5,2.9407,2.9410,0.0000,0.0590,0.9410,0.0000,1.0000,1,-0.000781,0.00000079,-0.000673,4.219235,-0.002545
2014-09-12,,2.2500,2.3200,13.3100,75.0000,99.480000,90.624606,0.106112,-0.048706,1,1,1,1,1,5,5,5,2.9605,2.9603,0.0000,0.0397,0.9603,0.0000,1.0000,1,-0.015756,0.00000079,-0.015535,4.153688,-0.018040
2014-09-15,,2.2700,2.3200,14.1200,73.1818,98.520000,90.694056,0.106518,-0.051722,1,1,1,1,1,5,5,5,2.9737,2.9734,0.0000,0.0266,0.9734,0.0000,1.0000,1,-0.030086,0.00000079,-0.029827,4.029796,-0.047329
2014-09-16,,2.2800,2.3200,12.7300,76.5909,99.380000,90.764856,0.107068,-0.035593,1,1,1,1,1,5,5,5,2.9824,2.9827,0.0000,0.0173,0.9827,0.0000,1.0000,1,0.027040,0.00000079,0.026901,4.138203,-0.021701
2014-09-17,,2.3000,2.3150,12.6500,76.5909,99.530000,90.833856,0.106725,-0.035712,1,1,1,1,1,5,5,5,2.9883,2.9883,0.0000,0.0117,0.9883,0.0000,1.0000,1,0.004901,0.00000079,0.004888,4.158432,-0.016919
2014-09-18,,2.2900,2.3100,12.0300,77.7273,100.280000,90.907856,0.105391,-0.057513,1,1,1,1,1,5,5,5,2.9922,2.9922,0.0000,0.0078,0.9922,0.0000,1.0000,1,0.021549,0.00000079,0.021481,4.247760,0.000000
2014-09-19,,2.2800,2.3100,12.1100,77.0455,99.980000,90.980706,0.105979,-0.050714,1,1,1,1,1,5,5,5,2.9948,2.9948,0.0000,0.0052,0.9948,0.0000,1.0000,1,-0.002220,0.00000079,-0.002232,4.238277,-0.002232
2014-09-22,,2.2600,2.3100,13.6900,72.2727,99.050000,91.048506,0.106001,-0.053734,1,1,1,1,1,5,5,5,2.9965,2.9965,0.0000,0.0035,0.9965,0.0000,1.0000,1,-0.027151,0.00000079,-0.027116,4.123354,-0.029287
2014-09-23,,2.2700,2.3050,14.9300,67.2727,98.780000,91.115506,0.106308,-0.052404,1,1,1,1,1,5,5,5,2.9977,2.9977,0.0000,0.0023,0.9977,0.0000,1.0000,1,-0.008692,0.00000040,-0.008680,4.087562,-0.037714
2014-09-24,,2.2600,2.3000,13.2700,70.4545,99.840000,91.184706,0.105106,-0.071811,1,1,1,1,1,5,5,5,2.9985,2.9985,0.0000,0.0015,0.9985,0.0000,1.0000,1,0.032422,0.00000040,0.032404,4.220013,-0.006532
2014-09-25,,2.2700,2.3000,15.6400,62.9545,97.740000,91.241656,0.106193,-0.044878,1,1,1,1,1,5,5,5,2.9990,2.9990,0.0000,0.0010,0.9990,0.0000,1.0000,1,-0.063478,0.00000079,-0.063455,3.952235,-0.069572
2014-09-26,,2.2700,2.3000,14.8500,67.2727,98.780000,91.304106,0.105508,-0.031556,1,1,1,1,1,5,5,5,2.9993,2.9993,0.0000,0.0007,0.9993,-0.0000,1.0000,1,0.031981,0.00000040,0.031972,4.078597,-0.039824
2014-09-29,,2.2700,2.2950,15.9800,65.9864,98.650000,91.371456,0.106384,-0.007729,1,1,1,1,1,5,5,5,2.9995,2.9995,0.0000,0.0005,0.9995,-0.0000,1.0000,1,-0.003354,0.00000040,-0.003351,4.064929,-0.043042
2014-09-30,,2.2700,2.2900,16.3100,64.6259,98.790000,91.440606,0.106817,-0.011805,1,1,1,1,1,5,5,5,2.9997,2.9997,0.0000,0.0003,0.9997,0.0000,1.0000,1,0.003713,0.00000079,0.003712,4.080019,-0.039489
2014-10-01,,2.2900,2.2900,16.7100,59.4104,97.210000,91.502406,0.108901,-0.005721,1,1,1,1,1,5,5,5,2.9998,2.9998,0.0000,0.0002,0.9998,0.0000,1.0000,1,-0.047856,0.00000079,-0.047852,3.884780,-0.085452
2014-10-02,,2.3100,2.2900,16.1600,59.4104,97.210000,91.561856,0.108730,-0.000096,0,1,1,1,1,4,3,5,2.9999,2.9999,0.0000,0.0001,0.9999,-0.0000,1.0000,1,-0.000486,0.00000079,-0.000486,3.882892,-0.085897
2014-10-03,,2.3200,2.2900,14.5500,64.6259,98.170000,91.626956,0.108233,-0.015282,0,1,1,1,1,4,3,4,2.7999,2.8005,0.0000,0.1995,0.8005,0.0000,1.0000,1,0.030123,0.00000040,0.029276,3.996568,-0.059135
2014-10-06,,2.2900,2.2900,15.4600,62.5850,97.960000,91.686056,0.108360,-0.005143,1,1,1,1,1,5,5,4,2.6666,2.6655,0.0000,0.3345,0.6655,0.0000,1.0000,1,-0.006839,0.00000040,-0.005752,3.973581,-0.064547
2014-10-07,,2.3000,2.2900,17.2000,54.8753,96.570000,91.739406,0.109904,0.025270,0,1,1,1,0,3,1,5,2.7777,2.7760,0.0000,0.2240,0.7760,0.0000,1.0000,1,-0.042265,0.00000079,-0.038702,3.819796,-0.100751
2014-10-08,,2.3000,2.2900,15.1100,62.5850,98.450000,91.799156,0.110456,0.023668,0,1,1,1,0,3,1,3,2.4518,2.4560,0.0000,0.5440,0.4560,0.0000,1.0000,1,0.057766,0.00000079,0.047892,4.002732,-0.057684
2014-10-09,,2.3200,2.2900,18.7600,55.5556,96.860000,91.846406,0.110849,0.027072,0,1,1,1,0,3,1,3,2.2346,2.2316,0.0000,0.7684,0.2316,0.0000,1.0000,1,-0.049806,0.00000040,-0.037533,3.852497,-0.093052
2014-10-10,,2.3400,2.2900,21.2400,46.0317,94.440000,91.881356,0.112654,0.041070,0,0,0,1,0,1,-3,3,2.0897,2.0880,0.0000,0.9120,0.0880,0.0000,1.0000,1,-0.074865,0.00000040,-0.053119,3.647856,-0.141228
2014-10-13,,2.3600,2.2900,24.6400,39.2290,92.960000,91.907456,0.114428,0.055606,0,0,0,1,0,1,-3,1,1.5931,1.5898,0.4102,0.5898,0.0000,0.0000,1.0000,1,-0.046794,0.00000040,-0.025637,3.554337,-0.163244
2014-10-14,,2.3600,2.2900,22.7900,39.2290,92.970000,91.934706,0.115290,0.062433,0,0,0,1,0,1,-3,1,1.2621,1.2609,0.7391,0.2609,0.0000,0.0000,1.0000,1,0.001819,0.00000040,0.001698,3.560374,-0.161823
2014-10-15,,2.3900,2.2900,26.2500,37.1882,92.370000,91.959606,0.114547,0.061731,0,0,0,1,0,1,-3,1,1.0414,1.0418,0.9582,0.0418,0.0000,0.0000,1.0000,1,-0.021360,0.00000079,-0.010073,3.524512,-0.170266
2014-10-16,,2.4400,2.2900,25.2000,38.3220,91.790000,91.978756,0.114753,0.064618,0,0,0,0,0,0,-5,1,0.8943,0.8957,0.8957,0.0000,0.0000,0.1043,0.8957,1,-0.015550,0.00000079,-0.008764,3.493623,-0.177537
2014-10-17,,2.4700,2.2900,21.9900,44.2177,93.000000,92.007406,0.114077,0.056388,0,0,0,1,0,1,-3,0,0.5962,0.5962,0.5962,0.0000,0.0000,0.4038,0.5962,1,0.039125,0.00000119,0.011713,3.534546,-0.167904
2014-10-20,,2.4400,2.2900,18.5700,48.9796,94.390000,92.046156,0.114556,0.064861,0,1,0,1,0,2,-1,1,0.5974,0.6011,0.6011,0.0000,0.0000,0.3989,0.6011,1,0.043090,0.00000079,0.008932,3.566116,-0.160471
2014-10-21,,2.4500,2.2900,16.0800,60.7710,96.870000,92.098906,0.112717,0.035590,0,1,1,1,0,3,1,2,0.7983,0.8005,0.8005,0.0000,0.0000,0.1995,0.8005,1,0.078209,0.00000079,0.018479,3.632013,-0.144958
2014-10-22,,2.4300,2.2900,17.8700,55.5556,96.370000,92.145156,0.114225,0.054236,0,1,1,1,0,3,1,3,1.1322,1.1313,0.8687,0.1313,0.0000,0.0000,1.0000,1,-0.015499,0.00000079,-0.006830,3.607205,-0.150798
2014-10-23,,2.4200,2.2900,16.5300,62.5850,97.820000,92.197706,0.113118,0.062662,0,1,1,1,0,3,1,3,1.3548,1.3561,0.6439,0.3561,0.0000,-0.0000,1.0000,1,0.045718,0.00000079,0.018316,3.673275,-0.135244
2014-10-24,,2.4200,2.2900,16.1100,65.3061,98.620000,92.255706,0.113348,0.062218,0,1,1,1,0,3,1,3,1.5032,1.5046,0.4954,0.5046,0.0000,0.0000,1.0000,1,0.023003,0.00000040,0.011445,3.715314,-0.125347
2014-10-27,,2.4300,2.2900,16.0400,66.4399,98.690000,92.312656,0.113249,0.053916,0,1,1,1,0,3,1,3,1.6021,1.6030,0.3970,0.6030,0.0000,0.0000,1.0000,1,0.003768,0.00000040,0.002007,3.722772,-0.123592
2014-10-28,,2.4400,2.2900,14.3900,71.6553,100.180000,92.383506,0.112746,0.063006,0,1,1,1,0,3,1,3,1.6681,1.6705,0.3295,0.6705,0.0000,0.0000,1.0000,1,0.044687,0.00000079,0.024490,3.813943,-0.102128
2014-10-29,,2.4300,2.2900,15.1500,69.8413,99.810000,92.444306,0.112261,0.061374,0,1,1,1,0,3,1,3,1.7121,1.7119,0.2881,0.7119,0.0000,0.0000,1.0000,1,-0.012013,0.00000079,-0.006427,3.789430,-0.107899
2014-10-30,,2.3600,2.2900,14.5200,73.0159,100.020000,92.502556,0.114003,0.093631,0,1,1,1,0,3,1,3,1.7414,1.7427,0.2573,0.7427,0.0000,0.0000,1.0000,1,0.006250,0.00000119,0.004269,3.805607,-0.104091
2014-10-31,,2.3900,2.2900,14.0300,78.2313,101.400000,92.567656,0.112739,0.063478,0,1,1,1,0,3,1,3,1.7609,1.7604,0.2396,0.7604,0.0000,0.0000,1.0000,1,0.041219,0.00000040,0.023602,3.895426,-0.082946
2014-11-03,,2.3900,2.2900,14.7300,78.0045,101.700000,92.636756,0.113421,0.060346,0,1,1,1,0,3,1,3,1.7739,1.7743,0.2257,0.7743,0.0000,0.0000,1.0000,1,0.010304,0.00000040,0.005121,3.915375,-0.078249
2014-11-04,,2.3900,2.2900,14.8900,77.3243,101.360000,92.700806,0.113219,0.065149,0,1,1,1,0,3,1,3,1.7826,1.7826,0.2174,0.7826,0.0000,0.0000,1.0000,1,-0.010628,0.00000079,-0.005552,3.893636,-0.083367
2014-11-05,,2.3900,2.2900,14.1700,78.4580,101.370000,92.763756,0.115054,0.082931,0,1,1,1,0,3,1,3,1.7884,1.7873,0.2127,0.7873,0.0000,0.0000,1.0000,1,-0.000108,0.00000119,-0.000488,3.891735,-0.083815
2014-11-06,,2.3900,2.2900,13.6700,79.5918,101.690000,92.829806,0.112651,0.061572,0,1,1,1,0,3,1,3,1.7923,1.7928,0.2072,0.7928,0.0000,0.0000,1.0000,1,0.008573,0.00000119,0.005953,3.914903,-0.078361
2014-11-07,,2.4000,2.2900,13.1200,79.3651,101.600000,92.904106,0.113726,0.067474,0,1,1,1,0,3,1,3,1.7949,1.7944,0.2056,0.7944,0.0000,0.0000,1.0000,1,-0.002475,0.00000119,-0.001986,3.907130,-0.080191
2014-11-10,,2.4300,2.2900,12.6700,80.2721,101.960000,92.984406,0.113933,0.065255,0,1,1,1,0,3,1,3,1.7966,1.7971,0.2029,0.7971,0.0000,0.0000,1.0000,1,0.010247,0.00000119,0.006809,3.933732,-0.073928
2014-11-11,,2.4100,2.2900,12.9200,80.2721,102.280000,93.066556,0.113408,0.071776,0,1,1,1,0,3,1,3,1.7977,1.7981,0.2019,0.7981,0.0000,0.0000,1.0000,1,0.009503,0.00000079,0.005189,3.954144,-0.069123
2014-11-12,,2.4100,2.2900,13.0200,80.0454,102.460000,93.154206,0.111541,0.045290,0,1,1,1,0,3,1,3,1.7985,1.7994,0.2006,0.7994,0.0000,0.0000,1.0000,1,0.005500,0.00000079,0.003341,3.967356,-0.066012
2014-11-13,,2.4300,2.2900,13.7900,78.4580,102.900000,93.236206,0.110510,0.035889,0,1,1,1,0,3,1,3,1.7990,1.7993,0.2007,0.7993,0.0000,0.0000,1.0000,1,0.012833,0.00000079,0.007523,3.997202,-0.058986
2014-11-14,,2.4700,2.2900,13.3100,79.1383,103.220000,93.320956,0.110018,0.031666,0,1,1,1,0,3,1,3,1.7993,1.7998,0.2002,0.7998,0.0000,0.0000,1.0000,1,0.009243,0.00000079,0.005403,4.018797,-0.053902
2014-11-17,,2.4800,2.2900,13.9900,78.4580,102.910000,93.414056,0.111391,0.046551,0,1,1,1,0,3,1,3,1.7995,1.7993,0.2007,0.7993,0.0000,0.0000,1.0000,1,-0.009364,0.00000079,-0.005530,3.996572,-0.059134
2014-11-18,,2.4900,2.2900,13.8600,80.2721,103.680000,93.507906,0.111068,0.041597,0,1,1,1,0,3,1,3,1.7997,1.8008,0.1992,0.8008,0.0000,0.0000,1.0000,1,0.022437,0.00000119,0.013953,4.052337,-0.046006
2014-11-19,,2.5200,2.2900,13.9600,79.5918,103.210000,93.600506,0.111149,0.055865,0,1,1,1,0,3,1,3,1.7998,1.7992,0.2008,0.7992,0.0000,0.0000,1.0000,1,-0.012700,0.00000079,-0.008293,4.018730,-0.053918
2014-11-20,,2.5100,2.2900,13.5800,80.4989,103.670000,93.690006,0.110711,0.039675,0,1,1,1,0,3,1,3,1.7999,1.8012,0.1988,0.8012,0.0000,-0.0000,1.0000,1,0.013274,0.00000040,0.008117,4.051352,-0.046238
2014-11-21,,2.5200,2.2900,12.9000,81.8594,103.870000,93.772856,0.110557,0.030114,0,1,1,1,0,3,1,3,1.7999,1.7987,0.2013,0.7987,0.0000,0.0000,1.0000,1,0.007210,0.00000079,0.003373,4.065018,-0.043021
2014-11-24,,2.4900,2.2900,12.6200,82.5397,104.680000,93.857256,0.109331,0.014501,0,1,1,1,0,3,1,3,1.7999,1.8008,0.1992,0.8008,0.0000,0.0000,1.0000,1,0.022585,0.00000040,0.014303,4.123160,-0.029333
2014-11-25,,2.5000,2.2900,12.2500,83.6735,104.840000,93.937456,0.109410,0.024255,0,1,1,1,0,3,1,3,1.8000,1.8000,0.2000,0.8000,0.0000,0.0000,1.0000,1,0.003254,0.00000079,0.002702,4.134301,-0.026710
2014-11-26,,2.4600,2.2900,12.0700,82.9932,105.520000,94.020206,0.109613,0.020538,0,1,1,1,0,3,1,3,1.8000,1.8009,0.1991,0.8009,0.0000,0.0000,1.0000,1,0.020442,0.00000079,0.011704,4.182690,-0.015319
2014-11-28,,2.4700,2.2900,13.3300,81.6327,106.010000,94.102106,0.111004,0.032868,0,1,1,1,0,3,1,3,1.8000,1.8002,0.1998,0.8002,0.0000,0.0000,1.0000,1,0.014928,0.00000079,0.008060,4.216403,-0.007382
2014-12-01,,2.5200,2.2900,14.2900,80.2721,104.810000,94.177106,0.111999,0.033504,0,1,1,1,0,3,1,3,1.8000,1.7985,0.2015,0.7985,0.0000,0.0000,1.0000,1,-0.036914,0.00000079,-0.020521,4.129878,-0.027751
2014-12-02,,2.5400,2.2900,12.8500,81.1791,105.230000,94.252006,0.112031,0.037731,0,1,1,1,0,3,1,3,1.8000,1.8005,0.1995,0.8005,0.0000,0.0000,1.0000,1,0.010740,0.00000119,0.007177,4.159519,-0.020773
2014-12-03,,2.5400,2.2900,12.4700,81.8594,105.420000,94.330956,0.111285,0.036565,0,1,1,1,0,3,1,3,1.8000,1.8001,0.1999,0.8001,0.0000,0.0000,1.0000,1,0.009066,0.00000119,0.003582,4.174416,-0.017266
2014-12-04,,2.5200,2.2900,12.3800,81.6327,105.370000,94.407556,0.111312,0.045494,0,1,1,1,0,3,1,3,1.8000,1.8000,0.2000,0.8000,0.0000,0.0000,1.0000,1,-0.002995,0.00000040,-0.001333,4.168852,-0.018576
2014-12-05,,2.5300,2.2900,11.8200,82.3129,105.380000,94.484806,0.110264,0.027558,0,1,1,1,0,3,1,3,1.8000,1.7997,0.2003,0.7997,0.0000,0.0000,1.0000,1,0.000678,0.00000079,0.000414,4.170578,-0.018170
2014-12-08,,2.4800,2.2900,14.2100,81.8594,104.630000,94.555906,0.111902,0.056615,0,1,1,1,0,3,1,3,1.8000,1.7991,0.2009,0.7991,0.0000,0.0000,1.0000,1,-0.021594,0.00000079,-0.013311,4.115065,-0.031239
2014-12-09,,2.4800,2.2900,14.8900,82.3129,104.960000,94.629156,0.112535,0.058612,0,1,1,1,0,3,1,3,1.8000,1.8025,0.1975,0.8025,0.0000,0.0000,1.0000,1,0.009699,0.00000119,0.006561,4.142062,-0.024883
2014-12-10,,2.5100,2.2900,18.5300,76.1905,103.310000,94.694556,0.112940,0.055581,0,1,1,1,0,3,1,3,1.8000,1.7976,0.2024,0.7976,0.0000,0.0000,1.0000,1,-0.048422,0.00000159,-0.028697,4.023198,-0.052866
2014-12-11,,2.5300,2.2900,20.0800,77.7778,103.800000,94.761356,0.113497,0.064545,0,0,1,1,0,2,-1,3,1.8000,1.8004,0.1996,0.8004,0.0000,0.0000,1.0000,1,0.015657,0.00000119,0.008622,4.057886,-0.044700
2014-12-12,,2.5300,2.2900,21.0800,73.6961,102.670000,94.823006,0.114267,0.083828,0,0,1,1,0,2,-1,2,1.6000,1.5998,0.4002,0.5998,0.0000,0.0000,1.0000,1,-0.033114,0.00000119,-0.019500,3.978758,-0.063328
2014-12-15,,2.5800,2.2900,20.4200,72.7891,101.610000,94.882706,0.114079,0.075981,0,0,1,1,0,2,-1,2,1.4667,1.4629,0.5371,0.4629,0.0000,0.0000,1.0000,1,-0.029947,0.00000079,-0.014403,3.921450,-0.076819
2014-12-16,,2.5600,2.2900,23.5700,70.5215,99.980000,94.928556,0.114901,0.083441,0,0,1,1,0,2,-1,2,1.3778,1.3755,0.6245,0.3755,0.0000,-0.0000,1.0000,1,-0.049632,0.00000159,-0.023103,3.830854,-0.098147
2014-12-17,,2.6000,2.2900,19.4400,74.8299,101.800000,94.982256,0.114698,0.080435,0,1,1,1,0,3,1,2,1.3185,1.3220,0.6780,0.3220,0.0000,0.0000,1.0000,1,0.053703,0.00000119,0.023749,3.921834,-0.076729
2014-12-18,,2.6000,2.2900,16.8100,79.3651,104.250000,95.048606,0.114131,0.088969,0,1,1,1,0,3,1,3,1.4790,1.4813,0.5187,0.4813,0.0000,0.0000,1.0000,1,0.073318,0.00000119,0.033616,4.053670,-0.045692
2014-12-19,,2.5600,2.2900,16.4900,81.1791,104.320000,95.117556,0.113451,0.071892,0,1,1,1,0,3,1,3,1.5860,1.5865,0.4135,0.5865,0.0000,0.0000,1.0000,1,0.011167,0.00000159,0.003729,4.068786,-0.042134
2014-12-22,,2.5600,2.2900,15.2500,81.8594,104.580000,95.187406,0.113221,0.076642,0,1,1,1,0,3,1,3,1.6573,1.6582,0.3418,0.6582,0.0000,0.0000,1.0000,1,0.009054,0.00000159,0.004979,4.089046,-0.037364
2014-12-23,,2.5300,2.2900,14.8000,82.5397,104.210000,95.257356,0.113357,0.068942,0,1,1,1,0,3,1,3,1.7049,1.7035,0.2965,0.7035,0.0000,0.0000,1.0000,1,-0.009565,0.00000198,-0.005839,4.065169,-0.042985
2014-12-24,,2.5300,2.2900,14.3700,82.3129,104.300000,95.326056,0.115440,0.085138,0,1,1,1,0,3,1,3,1.7366,1.7366,0.2634,0.7366,0.0000,0.0000,1.0000,1,0.002091,0.00000119,0.001048,4.069428,-0.041983
2014-12-26,,2.5000,2.2900,14.5000,83.2200,105.040000,95.404856,0.116460,0.074443,0,1,1,1,0,3,1,3,1.7577,1.7585,0.2415,0.7585,0.0000,-0.0000,1.0000,1,0.020266,0.00000040,0.012382,4.119815,-0.030121
2014-12-29,,2.5000,2.2900,15.0600,83.9002,105.020000,95.486606,0.117646,0.088044,0,1,1,1,0,3,1,3,1.7718,1.7720,0.2280,0.7720,0.0000,0.0000,1.0000,1,0.000195,0.00000040,-0.000360,4.118332,-0.030470
2014-12-30,,2.4900,2.2900,15.9200,82.9932,104.320000,95.560956,0.115824,0.074084,0,1,1,1,0,3,1,3,1.7812,1.7806,0.2194,0.7806,0.0000,0.0000,1.0000,1,-0.020639,0.00000119,-0.012511,4.066808,-0.042599
2014-12-31,,2.4900,2.2900,19.2000,81.8594,103.250000,95.624556,0.114868,0.062890,0,1,1,1,0,3,1,3,1.7875,1.7854,0.2146,0.7854,0.0000,0.0000,1.0000,1,-0.031312,0.00000119,-0.018764,3.990498,-0.060564
2015-01-02,,2.5100,2.2900,17.7900,81.6327,102.940000,95.689056,0.115465,0.053789,0,1,1,1,0,3,1,3,1.7917,1.7906,0.2094,0.7906,0.0000,0.0000,1.0000,1,-0.008209,0.00000159,-0.003954,3.974721,-0.064278
2015-01-05,,2.5100,2.2900,19.9200,75.7370,101.430000,95.744756,0.116151,0.052895,0,1,1,1,0,3,1,3,1.7944,1.7927,0.2073,0.7927,0.0000,0.0000,1.0000,1,-0.045008,0.00000079,-0.027218,3.866536,-0.089747
2015-01-06,,2.5200,2.2900,21.1200,73.4694,100.070000,95.800106,0.117331,0.060622,0,0,1,1,0,2,-1,3,1.7963,1.7939,0.2061,0.7939,0.0000,0.0000,1.0000,1,-0.039653,0.00000119,-0.023724,3.774805,-0.111342
2015-01-07,,2.5200,2.2900,19.3100,74.6032,101.360000,95.865806,0.117023,0.041186,0,1,1,1,0,3,1,2,1.5975,1.5988,0.4012,0.5988,0.0000,-0.0000,1.0000,1,0.038470,0.00000119,0.021304,3.855225,-0.092410
2015-01-08,,2.5300,2.2900,17.0100,78.4580,103.300000,95.939756,0.115784,0.013020,0,1,1,1,0,3,1,3,1.6650,1.6671,0.3329,0.6671,0.0000,0.0000,1.0000,1,0.057034,0.00000119,0.031186,3.975453,-0.064106
2015-01-09,,2.5400,2.2900,17.5500,76.0181,102.620000,96.016006,0.115985,0.006559,0,1,1,1,0,3,1,3,1.7100,1.7081,0.2919,0.7081,0.0000,0.0000,1.0000,1,-0.020246,0.00000119,-0.011178,3.931017,-0.074567
2015-01-12,,2.5500,2.2900,19.6000,74.6606,101.550000,96.089361,0.116630,0.019763,0,1,1,1,0,3,1,3,1.7400,1.7376,0.2624,0.7376,0.0000,0.0000,1.0000,1,-0.030736,0.00000079,-0.018026,3.860156,-0.091249
2015-01-13,,2.5500,2.2900,20.5600,73.3032,101.520000,96.161711,0.117280,0.023895,0,0,1,1,0,2,-1,3,1.7600,1.7581,0.2419,0.7581,0.0000,0.0000,1.0000,1,-0.000866,0.00000119,-0.001416,3.854689,-0.092536
2015-01-14,,2.5500,2.2900,21.4800,71.2670,100.960000,96.228161,0.119013,0.046121,0,0,1,1,0,2,-1,2,1.5733,1.5747,0.4253,0.5747,0.0000,-0.0000,1.0000,1,-0.015381,0.00000119,-0.009952,3.816327,-0.101567
2015-01-15,,2.5800,2.2900,22.3900,68.0995,99.650000,96.280361,0.121068,0.059453,0,0,1,1,0,2,-1,2,1.4489,1.4445,0.5555,0.4445,0.0000,0.0000,1.0000,1,-0.039714,0.00000159,-0.018530,3.745609,-0.118215
2015-01-16,,2.6500,2.2900,20.9500,70.5882,100.820000,96.337261,0.120567,0.072359,0,0,1,1,0,2,-1,2,1.3659,1.3692,0.6308,0.3692,0.0000,0.0000,1.0000,1,0.035628,0.00000119,0.015848,3.804970,-0.104241
2015-01-20,,2.6200,2.2900,19.8900,70.5882,101.620000,96.401711,0.120611,0.058623,0,1,1,1,0,3,1,2,1.3106,1.3110,0.6890,0.3110,0.0000,-0.0000,1.0000,1,0.022124,0.00000119,0.010575,3.845206,-0.094768
2015-01-21,,2.6100,2.2900,18.8500,72.3982,102.140000,96.480561,0.121159,0.074063,0,1,1,1,0,3,1,3,1.4737,1.4757,0.5243,0.4757,0.0000,0.0000,1.0000,1,0.015314,0.00000119,0.007929,3.875694,-0.087591
2015-01-22,,2.5900,2.2900,16.4000,75.5656,104.030000,96.572961,0.118874,0.051153,0,1,1,1,0,3,1,3,1.5825,1.5860,0.4140,0.5860,0.0000,0.0000,1.0000,1,0.055695,0.00000119,0.028820,3.987391,-0.061295
2015-01-23,,2.5900,2.2900,16.6600,74.8869,104.260000,96.662561,0.119871,0.061097,0,1,1,1,0,3,1,3,1.6550,1.6554,0.3446,0.6554,0.0000,0.0000,1.0000,1,0.006664,0.00000119,0.003559,4.001583,-0.057954
2015-01-26,,2.6000,2.2900,15.5200,75.1131,104.140000,96.744161,0.119518,0.062193,0,1,1,1,0,3,1,3,1.7033,1.7033,0.2967,0.7033,0.0000,-0.0000,1.0000,1,-0.002206,0.00000079,-0.001731,3.994657,-0.059585
2015-01-27,,2.5800,2.2900,17.2200,72.1719,101.440000,96.825861,0.121288,0.082295,0,1,1,1,0,3,1,3,1.7356,1.7336,0.2664,0.7336,0.0000,0.0000,1.0000,1,-0.077403,0.00000119,-0.044106,3.818470,-0.101063
2015-01-28,,2.5900,2.2900,20.4400,68.7783,100.920000,96.909911,0.121815,0.068779,0,0,1,1,0,2,-1,3,1.7570,1.7532,0.2468,0.7532,0.0000,0.0000,1.0000,1,-0.017215,0.00000079,-0.009815,3.780992,-0.109886
2015-01-29,,2.5900,2.2900,18.7600,70.8145,101.890000,96.995511,0.122308,0.085013,0,1,1,1,0,3,1,2,1.5714,1.5739,0.4261,0.5739,0.0000,0.0000,1.0000,1,0.028936,0.00000079,0.014220,3.834758,-0.097228
2015-01-30,,2.5800,2.2900,20.9700,67.6471,101.100000,97.075760,0.121133,0.067212,0,0,1,1,0,2,-1,3,1.6476,1.6460,0.3540,0.6460,0.0000,-0.0000,1.0000,1,-0.022950,0.00000119,-0.012209,3.787939,-0.108250
2015-02-02,,2.6100,2.2900,19.4300,70.5882,101.980000,97.154760,0.120171,0.061663,0,1,1,1,0,3,1,2,1.4984,1.5001,0.4999,0.5001,0.0000,0.0000,1.0000,1,0.026246,0.00000079,0.012971,3.837074,-0.096683
2015-02-03,,2.6100,2.2900,17.3300,73.9819,102.960000,97.238560,0.118898,0.033822,0,1,1,1,0,3,1,3,1.5989,1.6004,0.3996,0.6004,0.0000,0.0000,1.0000,1,0.027294,0.00000079,0.014956,3.894461,-0.083173
2015-02-04,,2.6100,2.2900,18.3300,73.3032,102.870000,97.318710,0.117906,0.046864,0,1,1,1,0,3,1,3,1.6659,1.6667,0.3333,0.6667,0.0000,-0.0000,1.0000,1,-0.002615,0.00000079,-0.001518,3.888549,-0.084565
2015-02-05,,2.6000,2.2900,16.8500,75.3394,103.760000,97.399860,0.117795,0.036274,0,1,1,1,0,3,1,3,1.7106,1.7119,0.2881,0.7119,0.0000,-0.0000,1.0000,1,0.026534,0.00000040,0.014814,3.946154,-0.071003
2015-02-06,,2.6000,2.2900,17.2900,76.4706,103.130000,97.481710,0.113257,-0.005976,0,1,1,1,1,4,3,3,1.7404,1.7388,0.2612,0.7388,0.0000,0.0000,1.0000,1,-0.018186,0.00000079,-0.010628,3.904215,-0.080877
2015-02-09,,2.5500,2.2900,18.5500,76.2443,102.800000,97.557760,0.112765,-0.005683,0,1,1,1,1,4,3,4,1.9603,1.9603,0.0397,0.9603,0.0000,0.0000,1.0000,1,-0.011030,0.00000079,-0.005562,3.882498,-0.085989
2015-02-10,,2.5300,2.2900,17.2300,78.0543,104.400000,97.648810,0.113873,0.021192,0,1,1,1,0,3,1,4,2.1069,2.1077,0.0000,0.8923,0.1077,-0.0000,1.0000,1,0.047875,0.00000040,0.031963,4.006594,-0.056775
2015-02-11,,2.5300,2.2900,16.9600,78.9593,104.780000,97.740360,0.111342,0.007631,0,1,1,1,0,3,1,3,2.0046,2.0046,0.0000,0.9954,0.0046,0.0000,1.0000,1,0.011246,0.00000040,0.007639,4.037198,-0.049570
2015-02-12,,2.5300,2.2900,15.3400,81.2217,106.000000,97.834560,0.109779,-0.002220,0,1,1,1,1,4,3,3,1.9364,1.9367,0.0633,0.9367,0.0000,0.0000,1.0000,1,0.034952,0.00000040,0.022484,4.127969,-0.028201
2015-02-13,,2.5400,2.2900,14.6900,81.4480,106.910000,97.932160,0.107660,-0.034378,0,1,1,1,1,4,3,4,2.0909,2.0914,0.0000,0.9086,0.0914,0.0000,1.0000,1,0.025233,0.00000079,0.017396,4.199779,-0.011296
2015-02-17,,2.5500,2.2900,15.8000,81.7156,107.010000,98.028960,0.107396,-0.033792,0,1,1,1,1,4,3,4,2.1939,2.1941,0.0000,0.8059,0.1941,0.0000,1.0000,1,0.002714,0.00000040,0.002106,4.208623,-0.009213
2015-02-18,,2.5300,2.2900,15.4500,81.4898,107.160000,98.127310,0.109932,-0.011212,0,1,1,1,1,4,3,4,2.2626,2.2631,0.0000,0.7369,0.2631,0.0000,1.0000,1,0.004293,0.00000079,0.003344,4.222697,-0.005900
2015-02-19,,2.5300,2.2900,15.2900,81.4898,107.690000,98.226010,0.108772,-0.017888,0,1,1,1,1,4,3,4,2.3084,2.3098,0.0000,0.6902,0.3098,0.0000,1.0000,1,0.015054,0.00000079,0.011419,4.270916,0.000000
2015-02-20,,2.5300,2.2900,14.3000,82.3928,108.410000,98.334010,0.108148,-0.022277,0,1,1,1,1,4,3,4,2.3389,2.3405,0.0000,0.6595,0.3405,0.0000,1.0000,1,0.019225,0.00000079,0.015332,4.336399,0.000000
2015-02-23,,2.5000,2.2900,14.5600,81.7156,108.520000,98.443810,0.108897,-0.004049,0,1,1,1,1,4,3,4,2.3593,2.3597,0.0000,0.6403,0.3597,0.0000,1.0000,1,0.003952,0.00000079,0.002907,4.349005,0.000000
2015-02-24,,2.4800,2.2900,13.6900,82.1670,108.600000,98.554410,0.109390,-0.000187,0,1,1,1,1,4,3,4,2.3729,2.3734,0.0000,0.6266,0.3734,0.0000,1.0000,1,0.002058,0.00000079,0.001576,4.355858,0.000000
2015-02-25,,2.4900,2.2900,13.8400,82.1670,108.330000,98.662060,0.107688,-0.017898,0,1,1,1,1,4,3,4,2.3819,2.3817,0.0000,0.6183,0.3817,0.0000,1.0000,1,-0.008036,0.00000079,-0.006255,4.328612,-0.006255
2015-02-26,,2.4900,2.2900,13.9100,81.9413,108.880000,98.765310,0.107106,-0.035826,0,1,1,1,1,4,3,4,2.3879,2.3889,0.0000,0.6111,0.3889,0.0000,1.0000,1,0.015212,0.00000079,0.012099,4.380984,0.000000
2015-02-27,,2.4400,2.2900,13.3400,80.1354,108.400000,98.865860,0.107353,-0.042473,0,1,1,1,1,4,3,4,2.3920,2.3910,0.0000,0.6090,0.3910,0.0000,1.0000,1,-0.013211,0.00000119,-0.010480,4.335070,-0.010480
2015-03-02,,2.4600,2.2900,13.0400,80.8126,109.380000,98.973610,0.104628,-0.067651,0,1,1,1,1,4,3,4,2.3946,2.3963,0.0000,0.6037,0.3963,0.0000,1.0000,1,0.026954,0.00000079,0.021517,4.428349,0.000000
2015-03-03,,2.4800,2.2900,13.8600,81.4898,108.870000,99.082285,0.105698,-0.050981,0,1,1,1,1,4,3,4,2.3964,2.3959,0.0000,0.6041,0.3959,0.0000,1.0000,1,-0.014348,0.00000079,-0.011616,4.376910,-0.011616
2015-03-04,,2.4600,2.2900,14.2300,78.5553,108.450000,99.185985,0.105551,-0.052394,0,1,1,1,1,4,3,4,2.3976,2.3975,0.0000,0.6025,0.3975,0.0000,1.0000,1,-0.011095,0.00000079,-0.008748,4.338620,-0.020262
2015-03-05,,2.4600,2.2900,14.0400,78.7810,108.640000,99.287585,0.106267,-0.036680,0,1,1,1,1,4,3,4,2.3984,2.3981,0.0000,0.6019,0.3981,0.0000,1.0000,1,0.004398,0.00000040,0.003593,4.354210,-0.016742
2015-03-06,,2.4700,2.2900,15.2000,73.3634,107.410000,99.384635,0.104554,-0.065943,0,1,1,1,1,4,3,4,2.3989,2.3963,0.0000,0.6037,0.3963,0.0000,1.0000,1,-0.034406,0.00000079,-0.027613,4.233976,-0.043893
2015-03-09,,2.4500,2.2900,15.0600,73.3634,107.720000,99.479035,0.104315,-0.073712,0,1,1,1,1,4,3,4,2.3993,2.3996,0.0000,0.6004,0.3996,0.0000,1.0000,1,0.009625,0.00000040,0.007181,4.264379,-0.037027
2015-03-10,,2.4600,2.2900,16.6900,69.5260,105.720000,99.561485,0.105840,-0.063436,0,1,1,1,1,4,3,4,2.3995,2.3967,0.0000,0.6033,0.3967,0.0000,1.0000,1,-0.055367,0.00000079,-0.043694,4.078052,-0.079103
2015-03-11,,2.4500,2.2900,16.8700,69.0745,105.110000,99.637635,0.105403,-0.071421,0,1,1,1,1,4,3,4,2.3997,2.3983,0.0000,0.6017,0.3983,0.0000,1.0000,1,-0.017564,0.00000079,-0.014302,4.019729,-0.092274
2015-03-12,,2.4500,2.2900,15.4200,74.9436,105.800000,99.711630,0.106060,-0.074040,0,1,1,1,1,4,3,4,2.3998,2.4014,0.0000,0.5986,0.4014,0.0000,1.0000,1,0.019162,0.00000119,0.015798,4.083234,-0.077933
2015-03-13,,2.4600,2.2900,16.0000,72.4605,105.340000,99.784730,0.105623,-0.076479,0,1,1,1,1,4,3,4,2.3999,2.3991,0.0000,0.6009,0.3991,0.0000,1.0000,1,-0.012890,0.00000119,-0.010702,4.039535,-0.087801
2015-03-16,,2.4700,2.2900,15.6100,75.1693,106.700000,99.861730,0.106026,-0.081398,0,1,1,1,1,4,3,4,2.3999,2.4018,0.0000,0.5982,0.4018,0.0000,1.0000,1,0.038292,0.00000119,0.031119,4.165242,-0.059414
2015-03-17,,2.4800,2.2900,15.6600,74.0406,106.870000,99.939530,0.106174,-0.076591,0,1,1,1,1,4,3,4,2.3999,2.4013,0.0000,0.5987,0.4013,0.0000,1.0000,1,0.005579,0.00000198,0.003717,4.180723,-0.055918
2015-03-18,,2.4900,2.2900,13.9700,78.5553,107.920000,100.023030,0.107740,-0.056992,0,1,1,1,1,4,3,4,2.4000,2.4027,0.0000,0.5973,0.4027,0.0000,1.0000,1,0.028776,0.00000198,0.023505,4.278992,-0.033728
2015-03-19,,2.5500,2.2900,14.0700,76.5237,108.080000,100.107530,0.107232,-0.055616,0,1,1,1,1,4,3,4,2.4000,2.4002,0.0000,0.5998,0.4002,0.0000,1.0000,1,0.004844,0.00000119,0.003556,4.294208,-0.030292
2015-03-20,,2.5000,2.2900,13.0200,79.4582,108.530000,100.192580,0.106887,-0.056742,0,1,1,1,1,4,3,4,2.4000,2.3998,0.0000,0.6002,0.3998,0.0000,1.0000,1,0.020740,0.00000119,0.016558,4.365309,-0.014236
2015-03-23,,2.5100,2.2900,13.4100,78.8288,108.320000,100.272730,0.107167,-0.055204,0,1,1,1,1,4,3,4,2.4000,2.3995,0.0000,0.6005,0.3995,-0.0000,1.0000,1,-0.008377,0.00000040,-0.006332,4.337667,-0.020478
2015-03-24,,2.5400,2.2900,13.6200,77.4775,107.930000,100.348280,0.106575,-0.077182,0,1,1,1,1,4,3,4,2.4000,2.3992,0.0000,0.6008,0.3992,0.0000,1.0000,1,-0.010156,0.00000119,-0.008336,4.301508,-0.028643
2015-03-25,,2.5300,2.2900,15.4400,71.3964,105.460000,100.411830,0.106896,-0.081066,0,1,1,1,1,4,3,4,2.4000,2.3935,0.0000,0.6065,0.3935,0.0000,1.0000,1,-0.069820,0.00000079,-0.055754,4.061681,-0.082800
2015-03-26,,2.5300,2.2900,15.8000,70.0450,105.100000,100.472780,0.106250,-0.095261,0,1,1,1,1,4,3,4,2.4000,2.4015,0.0000,0.5985,0.4015,-0.0000,1.0000,1,-0.008199,0.00000159,-0.007229,4.032319,-0.089431
2015-03-27,,2.5500,2.2950,15.0700,70.2703,105.520000,100.537630,0.106639,-0.078585,0,1,1,1,1,4,3,4,2.4000,2.4007,0.0000,0.5993,0.4007,0.0000,1.0000,1,0.009645,0.00000119,0.008740,4.067563,-0.081472
2015-03-30,,2.5300,2.3000,14.5100,74.3243,106.730000,100.611030,0.106651,-0.072482,0,1,1,1,1,4,3,4,2.4000,2.4008,0.0000,0.5992,0.4008,0.0000,1.0000,1,0.035968,0.00000159,0.029003,4.185534,-0.054832
2015-03-31,,2.5500,2.3000,15.2900,71.6216,105.600000,100.677430,0.107615,-0.068316,0,1,1,1,1,4,3,4,2.4000,2.3985,0.0000,0.6015,0.3985,0.0000,1.0000,1,-0.030956,0.00000159,-0.026164,4.076025,-0.079561
2015-04-01,,2.5500,2.3000,15.1100,70.7207,105.050000,100.740680,0.108094,-0.070733,0,1,1,1,1,4,3,4,2.4000,2.3986,0.0000,0.6014,0.3986,0.0000,1.0000,1,-0.016895,0.00000119,-0.012946,4.023258,-0.091477
2015-04-02,,2.5500,2.3050,14.6700,72.0721,105.120000,100.804030,0.107903,-0.083009,0,1,1,1,1,4,3,4,2.4000,2.4002,0.0000,0.5998,0.4002,0.0000,1.0000,1,0.001679,0.00000119,0.001267,4.028353,-0.090326
2015-04-06,,2.5500,2.3100,14.7400,74.3243,105.980000,100.869080,0.108671,-0.073325,0,1,1,1,1,4,3,4,2.4000,2.4033,0.0000,0.5967,0.4033,0.0000,1.0000,1,0.024058,0.00000079,0.019501,4.106909,-0.072587
2015-04-07,,2.5800,2.3100,14.7800,72.7477,105.800000,100.933530,0.107705,-0.070251,0,1,1,1,1,4,3,4,2.4000,2.3998,0.0000,0.6002,0.3998,0.0000,1.0000,1,-0.004622,0.00000119,-0.003942,4.090721,-0.076243
2015-04-08,,2.5600,2.3150,13.9800,72.7477,106.640000,101.002880,0.107032,-0.078600,0,1,1,1,1,4,3,4,2.4000,2.4019,0.0000,0.5981,0.4019,0.0000,1.0000,1,0.023796,0.00000079,0.019040,4.168609,-0.058654
2015-04-09,,2.5100,2.3200,13.0900,73.1982,107.310000,101.075480,0.106103,-0.093037,0,1,1,1,1,4,3,4,2.4000,2.4015,0.0000,0.5985,0.4015,-0.0000,1.0000,1,0.018613,0.00000119,0.014959,4.230969,-0.044572
2015-04-10,,2.5300,2.3250,12.5800,74.5495,107.750000,101.150730,0.106313,-0.097196,0,1,1,1,1,4,3,4,2.4000,2.4009,0.0000,0.5991,0.4009,0.0000,1.0000,1,0.011965,0.00000119,0.009598,4.271578,-0.035402
2015-04-13,,2.5300,2.3350,13.9400,72.5225,107.480000,101.221680,0.105744,-0.116063,0,1,1,1,1,4,3,4,2.4000,2.3992,0.0000,0.6008,0.3992,0.0000,1.0000,1,-0.007424,0.00000079,-0.006043,4.245763,-0.041231
2015-04-14,,2.5400,2.3500,13.6700,74.7748,107.170000,101.290830,0.106067,-0.130425,0,1,1,1,1,4,3,4,2.4000,2.3994,0.0000,0.6006,0.3994,-0.0000,1.0000,1,-0.008588,0.00000119,-0.006770,4.217019,-0.047722
2015-04-15,,2.5400,2.3600,12.8400,76.8018,107.840000,101.361280,0.105855,-0.127355,0,1,1,1,1,4,3,4,2.4000,2.4007,0.0000,0.5993,0.4007,0.0000,1.0000,1,0.017697,0.00000079,0.014108,4.276513,-0.034287
2015-04-16,,2.5400,2.3600,12.6000,76.1261,107.690000,101.430180,0.105196,-0.133068,0,1,1,1,1,4,3,4,2.4000,2.4002,0.0000,0.5998,0.4002,0.0000,1.0000,1,-0.003478,0.00000079,-0.002847,4.264337,-0.037037
2015-04-17,,2.5500,2.3750,13.8900,73.1982,106.010000,101.485530,0.106035,-0.127821,0,1,1,1,1,4,3,4,2.4000,2.3984,0.0000,0.6016,0.3984,0.0000,1.0000,1,-0.046748,0.00000079,-0.037193,4.105734,-0.072852
2015-04-20,,2.5300,2.3900,13.3000,77.0270,107.600000,101.548030,0.106648,-0.104726,0,1,1,1,1,4,3,4,2.4000,2.4021,0.0000,0.5979,0.4021,0.0000,1.0000,1,0.044705,0.00000040,0.035711,4.252352,-0.039743
2015-04-21,,2.5500,2.3900,13.2500,75.0000,108.060000,101.609830,0.105821,-0.119862,0,1,1,1,1,4,3,4,2.4000,2.3995,0.0000,0.6005,0.3995,0.0000,1.0000,1,0.012820,0.00000119,0.010097,4.295286,-0.030048
2015-04-22,,2.5400,2.3900,12.7100,76.1261,108.650000,101.676030,0.105517,-0.120102,0,1,1,1,1,4,3,4,2.4000,2.4007,0.0000,0.5993,0.4007,0.0000,1.0000,1,0.016208,0.00000119,0.012963,4.350964,-0.017475
2015-04-23,,2.5300,2.3900,12.4800,76.8018,109.060000,101.750030,0.105844,-0.132625,0,1,1,1,1,4,3,4,2.4000,2.4017,0.0000,0.5983,0.4017,0.0000,1.0000,1,0.012007,0.00000119,0.009626,4.392847,-0.008017
2015-04-24,,2.5400,2.3900,12.2900,76.8018,110.540000,101.827930,0.106662,-0.131545,0,1,1,1,1,4,3,4,2.4000,2.4006,0.0000,0.5994,0.4006,0.0000,1.0000,1,0.039136,0.00000119,0.031549,4.531437,0.000000
2015-04-27,,2.5600,2.3950,13.1200,75.9009,110.260000,101.905930,0.105826,-0.140613,0,1,1,1,1,4,3,4,2.4000,2.3985,0.0000,0.6015,0.3985,0.0000,1.0000,1,-0.006391,0.00000119,-0.005281,4.507505,-0.005281
2015-04-28,,2.5400,2.4050,12.4100,78.1532,110.040000,101.979780,0.106248,-0.130273,0,1,1,1,1,4,3,4,2.4000,2.3994,0.0000,0.6006,0.3994,0.0000,1.0000,1,-0.006517,0.00000079,-0.005431,4.483024,-0.010684
2015-04-29,,2.5500,2.4100,13.3900,76.3514,109.350000,102.047330,0.106235,-0.120935,0,1,1,1,1,4,3,4,2.4000,2.3996,0.0000,0.6004,0.3996,0.0000,1.0000,1,-0.019077,0.00000079,-0.014818,4.416593,-0.025344
2015-04-30,,2.5800,2.4150,14.5500,68.6937,107.630000,102.107930,0.106064,-0.109851,0,1,1,1,1,4,3,4,2.4000,2.3976,0.0000,0.6024,0.3976,0.0000,1.0000,1,-0.046990,0.00000040,-0.038116,4.248248,-0.062494
2015-05-01,,2.6000,2.4200,12.7000,72.5225,109.050000,102.173730,0.105519,-0.108489,0,1,1,1,1,4,3,4,2.4000,2.4023,0.0000,0.5977,0.4023,0.0000,1.0000,1,0.040443,0.00000040,0.032496,4.386298,-0.032029
2015-05-04,,2.6100,2.4250,12.8500,75.0000,109.230000,102.246785,0.106000,-0.102658,0,1,1,1,1,4,3,4,2.4000,2.3998,0.0000,0.6002,0.3998,0.0000,1.0000,1,0.003550,0.00000040,0.003045,4.399656,-0.029081
2015-05-05,,2.6100,2.4300,14.3100,68.6937,107.450000,102.303435,0.104835,-0.075576,0,1,1,1,1,4,3,4,2.4000,2.3970,0.0000,0.6030,0.3970,0.0000,1.0000,1,-0.047400,0.00000079,-0.038025,4.232358,-0.066001
2015-05-06,,2.6200,2.4300,15.1500,67.1171,106.710000,102.356985,0.104691,-0.072786,0,1,1,1,1,4,3,4,2.4000,2.3977,0.0000,0.6023,0.3977,0.0000,1.0000,1,-0.021352,0.00000040,-0.016569,4.162231,-0.081477
2015-05-07,,2.6400,2.4300,15.1300,69.8198,107.350000,102.410685,0.104658,-0.081723,0,1,1,1,1,4,3,4,2.4000,2.4013,0.0000,0.5987,0.4013,0.0000,1.0000,1,0.017169,0.00000079,0.013390,4.217961,-0.069178
2015-05-08,,2.6400,2.4300,12.8600,72.2973,108.690000,102.468000,0.104031,-0.067153,0,1,1,1,1,4,3,4,2.4000,2.4003,0.0000,0.5997,0.4003,0.0000,1.0000,1,0.036650,0.00000040,0.029418,4.342043,-0.041795
2015-05-11,,2.6500,2.4350,13.8500,72.2973,108.270000,102.523750,0.103820,-0.054719,0,1,1,1,1,4,3,4,2.4000,2.3990,0.0000,0.6010,0.3990,0.0000,1.0000,1,-0.010975,0.00000040,-0.009253,4.301866,-0.050662
2015-05-12,,2.6600,2.4400,13.8600,71.1712,107.780000,102.578950,0.104010,-0.033940,0,1,1,1,1,4,3,4,2.4000,2.4005,0.0000,0.5995,0.4005,0.0000,1.0000,1,-0.012916,0.00000079,-0.010183,4.258060,-0.060329
2015-05-13,,2.6500,2.4400,13.7600,71.6216,108.000000,102.635100,0.102966,-0.041229,0,1,1,1,1,4,3,4,2.4000,2.3993,0.0000,0.6007,0.3993,0.0000,1.0000,1,0.005160,0.00000119,0.004379,4.276707,-0.056214
2015-05-14,,2.7100,2.4400,12.7400,74.7748,109.580000,102.700000,0.103082,-0.062929,0,1,1,1,1,4,3,4,2.4000,2.4014,0.0000,0.5986,0.4014,0.0000,1.0000,1,0.044279,0.00000079,0.035056,4.426632,-0.023128
2015-05-15,,2.7400,2.4450,12.3800,75.0562,109.580000,102.763000,0.104312,-0.041488,0,1,1,1,1,4,3,4,2.4000,2.3993,0.0000,0.6007,0.3993,0.0000,1.0000,1,-0.000088,0.00000040,0.000243,4.427709,-0.022891
2015-05-18,,2.7200,2.4500,12.7300,76.4045,110.060000,102.838200,0.104388,-0.035074,0,1,1,1,1,4,3,4,2.4000,2.4011,0.0000,0.5989,0.4011,0.0000,1.0000,1,0.012291,0.00000079,0.010057,4.472238,-0.013064
2015-05-19,,2.7300,2.4500,12.8500,76.1798,109.940000,102.914550,0.104657,-0.039274,0,1,1,1,1,4,3,4,2.4000,2.3995,0.0000,0.6005,0.3995,-0.0000,1.0000,1,-0.002862,0.00000079,-0.002737,4.459997,-0.015765
2015-05-20,,2.7100,2.4500,12.8800,75.2809,110.010000,102.988000,0.104895,-0.041305,0,1,1,1,1,4,3,4,2.4000,2.3999,0.0000,0.6001,0.3999,0.0000,1.0000,1,0.001653,0.00000079,0.001324,4.465901,-0.014462
2015-05-21,,2.7300,2.4550,12.1100,75.9551,110.580000,103.067950,0.104543,-0.029459,0,1,1,1,1,4,3,4,2.4000,2.4017,0.0000,0.5983,0.4017,0.0000,1.0000,1,0.015717,0.00000079,0.012757,4.522874,-0.001890
2015-05-22,,2.7500,2.4600,12.1300,74.3820,110.470000,103.147700,0.104629,-0.023297,0,1,1,1,1,4,3,4,2.4000,2.3999,0.0000,0.6001,0.3999,0.0000,1.0000,1,-0.002736,0.00000079,-0.001868,4.514426,-0.003754
2015-05-26,,2.7400,2.4600,14.0600,70.3371,109.200000,103.222600,0.105102,-0.020973,0,1,1,1,1,4,3,4,2.4000,2.3977,0.0000,0.6023,0.3977,0.0000,1.0000,1,-0.034633,0.00000079,-0.028212,4.387063,-0.031860
2015-05-27,,2.7300,2.4600,13.2700,72.5843,110.960000,103.302900,0.104537,-0.000870,0,1,1,1,1,4,3,4,2.4000,2.4032,0.0000,0.5968,0.4032,0.0000,1.0000,1,0.048130,0.00000079,0.038533,4.556108,0.000000
2015-05-28,,2.7100,2.4600,13.3100,72.3596,110.710000,103.379150,0.104890,-0.007691,0,1,1,1,1,4,3,4,2.4000,2.3999,0.0000,0.6001,0.3999,0.0000,1.0000,1,-0.007371,0.00000040,-0.005563,4.530763,-0.005563
2015-05-29,,2.7500,2.4600,13.8400,67.1910,110.050000,103.452300,0.105380,-0.001624,0,1,1,1,1,4,3,4,2.4000,2.3987,0.0000,0.6013,0.3987,0.0000,1.0000,1,-0.016900,0.00000040,-0.013531,4.469457,-0.019019
2015-06-01,,2.7200,2.4650,13.9700,68.9888,110.420000,103.522250,0.105308,-0.009075,0,1,1,1,1,4,3,4,2.4000,2.3993,0.0000,0.6007,0.3993,0.0000,1.0000,1,0.008769,0.00000040,0.006850,4.500072,-0.012299
2015-06-02,,2.7500,2.4700,14.2400,67.1910,110.070000,103.587950,0.104017,-0.005235,0,1,1,1,1,4,3,4,2.4000,2.4001,0.0000,0.5999,0.4001,0.0000,1.0000,1,-0.009123,0.00000079,-0.007300,4.467221,-0.019509
2015-06-03,,2.7500,2.4700,13.6600,67.8652,110.400000,103.652950,0.102208,-0.020536,0,1,1,1,1,4,3,4,2.4000,2.3994,0.0000,0.6006,0.3994,0.0000,1.0000,1,0.008772,0.00000040,0.007031,4.498630,-0.012615
2015-06-04,,2.7200,2.4700,14.7100,64.9438,109.560000,103.710000,0.102937,-0.028117,0,1,1,1,1,4,3,4,2.4000,2.3994,0.0000,0.6006,0.3994,0.0000,1.0000,1,-0.021784,0.00000079,-0.017384,4.420424,-0.029781
2015-06-05,,2.7200,2.4700,14.2100,63.8202,109.300000,103.763000,0.101826,-0.034817,0,1,1,1,1,4,3,4,2.4000,2.3998,0.0000,0.6002,0.3998,0.0000,1.0000,1,-0.007570,0.00000079,-0.006169,4.393153,-0.035766
2015-06-08,,2.6900,2.4750,15.2900,62.0225,108.190000,103.810450,0.101856,-0.039898,0,1,1,1,1,4,3,4,2.4000,2.3976,0.0000,0.6024,0.3976,0.0000,1.0000,1,-0.030599,0.00000119,-0.024322,4.286305,-0.059218
2015-06-09,,2.7000,2.4800,14.4700,60.8989,108.010000,103.856000,0.101631,-0.038272,0,1,1,1,1,4,3,4,2.4000,2.4001,0.0000,0.5999,0.4001,0.0000,1.0000,1,-0.004941,0.00000079,-0.003906,4.269564,-0.062892
2015-06-10,,2.7300,2.4800,13.2200,65.6180,109.490000,103.908200,0.100924,-0.048668,0,1,1,1,1,4,3,4,2.4000,2.4024,0.0000,0.5976,0.4024,0.0000,1.0000,1,0.039629,0.00000079,0.031365,4.403477,-0.033500
2015-06-11,,2.7000,2.4800,12.8500,65.8427,109.650000,103.959450,0.101403,-0.045727,0,1,1,1,1,4,3,4,2.4000,2.3998,0.0000,0.6002,0.3998,0.0000,1.0000,1,0.005483,0.00000079,0.004327,4.422529,-0.029319
2015-06-12,,2.7100,2.4800,13.7800,64.0449,108.750000,104.005700,0.101281,-0.059824,0,1,1,1,1,4,3,4,2.4000,2.3992,0.0000,0.6008,0.3992,0.0000,1.0000,1,-0.025420,0.00000040,-0.019988,4.334133,-0.048720
2015-06-15,,2.7000,2.4800,15.3900,61.1236,108.210000,104.049150,0.101549,-0.052890,0,1,1,1,1,4,3,4,2.4000,2.4006,0.0000,0.5994,0.4006,0.0000,1.0000,1,-0.013809,0.00000079,-0.011182,4.285667,-0.059358
2015-06-16,,2.7300,2.4850,14.8100,62.9213,108.800000,104.096100,0.101474,-0.050596,0,1,1,1,1,4,3,4,2.4000,2.4019,0.0000,0.5981,0.4019,0.0000,1.0000,0,0.015283,0.00000079,0.012161,4.337785,-0.047919
2015-06-17,,2.7400,2.4900,14.5000,63.5955,109.100000,104.142700,0.102165,-0.046800,0,1,1,1,1,4,3,4,2.4000,2.4025,0.0000,0.5975,0.4025,0.0000,1.0000,0,0.008383,0.00000040,0.006709,4.366889,-0.041531
2015-06-18,,2.7600,2.4900,13.1900,67.4157,110.690000,104.195800,0.102453,-0.039409,0,1,1,1,1,4,3,4,2.4000,2.4058,0.0000,0.5942,0.4058,0.0000,1.0000,0,0.042281,0.00000040,0.034007,4.515393,-0.008936
2015-06-19,,2.8200,2.4900,13.9600,66.0674,109.890000,104.247850,0.101489,-0.051822,0,1,1,1,1,4,3,4,2.4000,2.4044,0.0000,0.5956,0.4044,0.0000,1.0000,0,-0.015266,0.00000040,-0.011849,4.461891,-0.020679
2015-06-22,,2.8200,2.4900,12.7400,66.9663,110.700000,104.304400,0.100831,-0.052654,0,1,1,1,1,4,3,4,2.4000,2.4066,0.0000,0.5934,0.4066,0.0000,1.0000,0,0.024125,0.00000040,0.018570,4.544750,-0.002493
2015-06-23,,2.8100,2.4900,12.1100,67.1910,110.790000,104.358900,0.099392,-0.070047,0,1,1,1,1,4,3,4,2.4000,2.4067,0.0000,0.5933,0.4067,0.0000,1.0000,0,0.002466,0.00000040,0.002065,4.554136,-0.000433
2015-06-24,,2.8200,2.4900,13.2600,64.2697,110.220000,104.409600,0.099335,-0.069337,0,1,1,1,1,4,3,4,2.4000,2.4054,0.0000,0.5946,0.4054,0.0000,1.0000,0,-0.015354,0.00000040,-0.012079,4.499129,-0.012506
2015-06-25,,2.8100,2.4950,14.0100,62.0225,110.000000,104.463350,0.098971,-0.081662,0,1,1,1,1,4,3,4,2.4000,2.4049,0.0000,0.5951,0.4049,0.0000,1.0000,0,-0.006548,0.00000040,-0.005492,4.474421,-0.017929
2015-06-26,,2.8000,2.5000,14.0200,62.2472,109.270000,104.509350,0.099585,-0.080295,0,1,1,1,1,4,3,4,2.4000,2.4034,0.0000,0.5966,0.4034,0.0000,1.0000,0,-0.018559,0.00000040,-0.014764,4.408362,-0.032428
2015-06-29,,2.8100,2.5000,18.8500,54.6067,106.690000,104.542850,0.101183,-0.061974,0,1,1,1,1,4,3,4,2.4000,2.3973,0.0000,0.6027,0.3973,0.0000,1.0000,0,-0.070690,0.00000040,-0.056456,4.159484,-0.087053
2015-06-30,,2.8400,2.5000,18.2300,54.6067,107.070000,104.580800,0.100704,-0.072607,0,1,1,1,1,4,3,4,2.4000,2.3984,0.0000,0.6016,0.3984,0.0000,1.0000,0,0.011410,0.00000079,0.008598,4.195246,-0.079204
2015-07-01,,2.8300,2.5000,16.0900,57.7528,107.920000,104.627800,0.100506,-0.066907,0,1,1,1,1,4,3,4,2.4000,2.3997,0.0000,0.6003,0.3997,0.0000,1.0000,0,0.020494,0.00000040,0.017294,4.267798,-0.063280
2015-07-02,,2.8300,2.5050,16.7900,57.0787,107.950000,104.670650,0.101852,-0.048240,0,1,1,1,1,4,3,4,2.4000,2.4004,0.0000,0.5996,0.4004,0.0000,1.0000,0,0.003777,0.00000040,0.001995,4.276311,-0.061411
2015-07-06,,2.8600,2.5100,17.0100,56.4045,107.700000,104.711500,0.102554,-0.033101,0,1,1,1,1,4,3,4,2.4000,2.3995,0.0000,0.6005,0.3995,0.0000,1.0000,0,-0.008444,0.00000040,-0.006204,4.249778,-0.067235
2015-07-07,,2.8400,2.5100,16.0900,59.7753,107.970000,104.749950,0.104437,-0.017476,0,1,1,1,1,4,3,4,2.4000,2.3998,0.0000,0.6002,0.3998,0.0000,1.0000,0,0.005091,0.00000079,0.004388,4.268427,-0.063142
2015-07-08,,2.8400,2.5100,19.6600,51.2360,106.090000,104.780500,0.105657,-0.000805,0,1,1,1,1,4,3,4,2.4000,2.3958,0.0000,0.6042,0.3958,0.0000,1.0000,0,-0.050097,0.00000079,-0.040638,4.094966,-0.101214
2015-07-09,,2.8700,2.5100,19.9700,53.2584,106.030000,104.815400,0.104295,-0.016343,0,1,1,1,1,4,3,4,2.4000,2.3954,0.0000,0.6046,0.3954,0.0000,1.0000,0,-0.002908,0.00000079,-0.001994,4.086801,-0.103006
2015-07-10,,2.8800,2.5100,16.8300,57.1749,107.650000,104.859750,0.103552,-0.021447,0,1,1,1,1,4,3,4,2.4000,2.3990,0.0000,0.6010,0.3990,0.0000,1.0000,0,0.046476,0.00000119,0.037289,4.239196,-0.069558
2015-07-13,,2.9000,2.5150,13.9000,60.9865,109.540000,104.908250,0.102469,-0.025842,0,1,1,1,1,4,3,4,2.4000,2.4029,0.0000,0.5971,0.4029,0.0000,1.0000,0,0.051101,0.00000040,0.040815,4.412219,-0.031581
2015-07-14,,2.8800,2.5200,13.3700,61.8834,110.260000,104.970850,0.101884,-0.039659,0,1,1,1,1,4,3,4,2.4000,2.4045,0.0000,0.5955,0.4045,0.0000,1.0000,0,0.020066,0.00000079,0.016060,4.483081,-0.016028
2015-07-15,,2.9100,2.5200,13.2300,60.7623,110.380000,105.028850,0.102417,-0.039815,0,1,1,1,1,4,3,4,2.4000,2.4051,0.0000,0.5949,0.4051,0.0000,1.0000,0,0.004766,0.00000040,0.003313,4.497933,-0.012768
2015-07-16,,2.9100,2.5200,12.1100,62.3318,111.940000,105.095300,0.103109,-0.025957,0,1,1,1,1,4,3,4,2.4000,2.4077,0.0000,0.5923,0.4077,0.0000,1.0000,0,0.039069,0.00000079,0.032394,4.643639,0.000000
2015-07-17,,2.8800,2.5200,11.9500,60.5381,113.590000,105.169300,0.102010,-0.033530,0,1,1,1,1,4,3,4,2.4000,2.4116,0.0000,0.5884,0.4116,0.0000,1.0000,0,0.045734,0.00000079,0.035882,4.810264,0.000000
2015-07-20,,2.8700,2.5200,12.2500,60.0897,113.980000,105.253150,0.101439,-0.041895,0,1,1,1,1,4,3,4,2.4000,2.4124,0.0000,0.5876,0.4124,0.0000,1.0000,0,0.011191,0.00000119,0.009125,4.854156,0.000000
2015-07-21,,2.8600,2.5250,12.2200,57.8475,113.910000,105.336650,0.100921,-0.053851,0,1,1,1,1,4,3,4,2.4000,2.4122,0.0000,0.5878,0.4122,0.0000,1.0000,0,-0.002747,0.00000159,-0.002270,4.843136,-0.002270
2015-07-22,,2.8700,2.5300,12.1200,57.8475,112.620000,105.408900,0.101552,-0.040506,0,1,1,1,1,4,3,4,2.4000,2.4094,0.0000,0.5906,0.4094,0.0000,1.0000,0,-0.032822,0.00000119,-0.026281,4.715853,-0.028492
2015-07-23,,2.8500,2.5300,12.6400,57.3991,112.200000,105.480100,0.100604,-0.052799,0,1,1,1,1,4,3,4,2.4000,2.4086,0.0000,0.5914,0.4086,0.0000,1.0000,0,-0.011963,0.00000159,-0.009873,4.669293,-0.038084
2015-07-24,,2.8500,2.5300,13.7400,54.7085,111.100000,105.552750,0.101755,-0.041662,0,1,1,1,1,4,3,4,2.4000,2.4062,0.0000,0.5938,0.4062,0.0000,1.0000,0,-0.028416,0.00000119,-0.022842,4.562639,-0.060055
2015-07-27,,2.8700,2.5300,15.6000,53.3632,110.180000,105.611400,0.103656,-0.022518,0,1,1,1,1,4,3,4,2.4000,2.4042,0.0000,0.5958,0.4042,0.0000,1.0000,0,-0.025687,0.00000159,-0.020644,4.468450,-0.079459
2015-07-28,,2.9000,2.5300,13.4400,56.2780,111.130000,105.682750,0.102876,-0.024885,0,1,1,1,1,4,3,4,2.4000,2.4063,0.0000,0.5937,0.4063,0.0000,1.0000,0,0.026364,0.00000198,0.020924,4.561949,-0.060197
2015-07-29,,2.9100,2.5300,12.5000,60.0897,111.550000,105.768300,0.102553,-0.032442,0,1,1,1,1,4,3,4,2.4000,2.4070,0.0000,0.5930,0.4070,0.0000,1.0000,0,0.011190,0.00000198,0.009463,4.605117,-0.051304
2015-07-30,,2.9000,2.5300,12.1300,58.7444,112.080000,105.863900,0.103287,-0.014899,0,1,1,1,1,4,3,4,2.4000,2.4082,0.0000,0.5918,0.4082,0.0000,1.0000,0,0.013917,0.00000238,0.010983,4.655697,-0.040884
2015-07-31,,2.8800,2.5300,12.1200,61.4350,111.950000,105.958800,0.104489,-0.001953,0,1,1,1,1,4,3,4,2.4000,2.4080,0.0000,0.5920,0.4080,0.0000,1.0000,0,-0.003059,0.00000278,-0.002657,4.643328,-0.043433
2015-08-03,,2.9400,2.5300,12.5600,61.4350,111.600000,106.054950,0.105391,0.007032,0,1,1,1,0,3,1,4,2.4000,2.4071,0.0000,0.5929,0.4071,0.0000,1.0000,0,-0.009206,0.00000317,-0.007026,4.610705,-0.050153
2015-08-04,,2.9200,2.5300,13.0000,60.5381,111.390000,106.152950,0.103902,-0.001225,0,1,1,1,1,4,3,3,2.2000,2.1999,0.0000,0.8001,0.1999,0.0000,1.0000,1,-0.006446,0.00000317,-0.005382,4.585889,-0.055266
2015-08-05,,2.8800,2.5300,12.5100,61.5213,112.250000,106.249200,0.103823,0.000025,0,1,1,1,0,3,1,4,2.2667,2.2672,0.0000,0.7328,0.2672,0.0000,1.0000,1,0.023422,0.00000317,0.017011,4.663898,-0.039195
2015-08-06,,2.9000,2.5300,13.7700,59.2841,110.450000,106.329500,0.105232,0.011655,0,1,1,1,0,3,1,3,2.1111,2.1094,0.0000,0.8906,0.1094,0.0000,1.0000,1,-0.047995,0.00000317,-0.033077,4.509628,-0.070976
2015-08-07,,2.9200,2.5300,13.3900,60.6264,110.310000,106.396700,0.106732,0.036215,0,1,1,1,0,3,1,3,2.0074,2.0074,0.0000,0.9926,0.0074,0.0000,1.0000,1,-0.003978,0.00000159,-0.003630,4.493256,-0.074349
2015-08-10,,2.9100,2.5300,12.2300,62.6398,111.570000,106.472700,0.104977,0.018242,0,1,1,1,0,3,1,3,1.9383,1.9386,0.0614,0.9386,0.0000,0.0000,1.0000,1,0.033773,0.00000238,0.022332,4.593600,-0.053677
2015-08-11,,2.9300,2.5300,13.7100,61.0738,110.140000,106.534300,0.106460,0.020228,0,1,1,1,0,3,1,3,1.8922,1.8915,0.1085,0.8915,0.0000,0.0000,1.0000,1,-0.038129,0.00000476,-0.024000,4.483352,-0.076389
2015-08-12,,2.9400,2.5300,13.6100,60.8501,110.520000,106.593800,0.108223,0.036023,0,1,1,1,0,3,1,3,1.8615,1.8626,0.1374,0.8626,0.0000,0.0000,1.0000,1,0.008818,0.00000397,0.005395,4.507538,-0.071406
2015-08-13,,2.9700,2.5300,13.4900,60.8501,110.340000,106.652050,0.108382,0.034867,0,1,1,1,0,3,1,3,1.8410,1.8405,0.1595,0.8405,0.0000,0.0000,1.0000,1,-0.004500,0.00000397,-0.003273,4.492785,-0.074446
2015-08-14,,2.9800,2.5300,12.8300,63.0872,110.510000,106.703700,0.108800,0.036629,0,1,1,1,0,3,1,3,1.8273,1.8278,0.1722,0.8278,0.0000,0.0000,1.0000,1,0.005391,0.00000397,0.002919,4.505898,-0.071744
2015-08-17,,2.9700,2.5350,13.0200,64.8770,111.430000,106.761800,0.108718,0.039392,0,1,1,1,0,3,1,3,1.8182,1.8197,0.1803,0.8197,0.0000,0.0000,1.0000,1,0.024559,0.00000357,0.015112,4.573991,-0.057717
2015-08-18,,2.9700,2.5400,13.7900,63.3110,110.860000,106.816000,0.108772,0.039037,0,1,1,1,0,3,1,3,1.8121,1.8116,0.1884,0.8116,0.0000,0.0000,1.0000,1,-0.015952,0.00000397,-0.008805,4.533717,-0.066013
2015-08-19,,3.0100,2.5400,15.2500,60.6264,110.130000,106.859650,0.110095,0.046970,0,1,1,1,0,3,1,3,1.8081,1.8075,0.1925,0.8075,0.0000,0.0000,1.0000,1,-0.018784,0.00000278,-0.012151,4.478628,-0.077362
2015-08-20,,3.0600,2.5400,19.1400,51.9016,107.080000,106.886550,0.111781,0.066454,0,1,1,1,0,3,1,3,1.8054,1.8024,0.1976,0.8024,0.0000,0.0000,1.0000,1,-0.082343,0.00000198,-0.049587,4.256549,-0.123113
2015-08-21,,3.0400,2.5400,28.0300,39.8210,102.400000,106.891750,0.113976,0.080571,0,0,0,0,0,0,-5,3,1.8036,1.7987,0.2013,0.7987,0.0000,0.0000,1.0000,1,-0.124405,0.00000079,-0.077552,3.926444,-0.191117
2015-08-24,,3.1000,2.5400,40.7400,21.0291,98.460000,106.877200,0.114403,0.076861,0,0,0,0,0,0,-5,0,1.2024,1.2110,0.7890,0.2110,0.0000,0.0000,1.0000,1,-0.118473,0.00000119,-0.096190,3.548760,-0.268923
2015-08-25,,3.1400,2.5400,36.0200,19.0157,98.090000,106.859200,0.112218,0.058078,0,0,0,0,0,0,-5,0,0.8016,0.7952,0.7952,0.0000,0.0000,0.2048,0.7952,1,-0.013205,0.00000238,0.010977,3.587715,-0.260898
2015-08-26,,3.1700,2.5400,30.3200,28.1879,103.030000,106.866350,0.109997,0.052894,0,0,0,0,0,0,-5,0,0.5344,0.5394,0.5394,0.0000,0.0000,0.4606,0.5394,1,0.144322,0.00000278,0.034424,3.711219,-0.235455
2015-08-27,,3.2000,2.5400,26.1000,35.3468,105.640000,106.884750,0.108596,0.058769,0,0,0,0,0,0,-5,0,0.3563,0.3587,0.3587,0.0000,0.0000,0.6413,0.3587,1,0.078142,0.00000238,0.011612,3.754314,-0.226577
2015-08-28,,3.1500,2.5400,26.0500,35.5705,105.620000,106.901450,0.108265,0.049088,0,0,0,0,0,0,-5,0,0.2375,0.2384,0.2384,0.0000,0.0000,0.7616,0.2384,1,-0.000811,0.00000238,-0.000706,3.751664,-0.227123
2015-08-31,,3.1300,2.5400,28.4300,32.4385,104.310000,106.910700,0.107401,0.051596,0,0,0,0,0,0,-5,0,0.1583,0.1574,0.1574,0.0000,0.0000,0.8426,0.1574,1,-0.037131,0.00000238,-0.002430,3.742548,-0.229001
2015-09-01,,3.1500,2.5450,31.4000,23.0425,101.050000,106.901450,0.107707,0.052838,0,0,0,0,0,0,-5,0,0.1056,0.1049,0.1049,0.0000,0.0000,0.8951,0.1049,1,-0.090718,0.00000317,-0.004613,3.725283,-0.232558
2015-09-02,,3.1800,2.5500,26.0900,28.6353,103.900000,106.904850,0.105778,0.038247,0,0,0,0,0,0,-5,0,0.0704,0.0710,0.0710,0.0000,0.0000,0.9290,0.0710,1,0.081344,0.00000119,0.002593,3.734944,-0.230568
2015-09-03,,3.1700,2.5500,25.6100,29.9776,103.390000,106.907250,0.106188,0.048344,0,0,0,0,0,0,-5,0,0.0469,0.0465,0.0465,0.0000,0.0000,0.9535,0.0465,1,-0.016503,0.00000119,-0.000137,3.734431,-0.230674
2015-09-04,,3.1700,2.5500,27.8000,25.5034,102.160000,106.899650,0.106340,0.044302,0,0,0,0,0,0,-5,0,0.0313,0.0313,0.0313,0.0000,0.0000,0.9687,0.0313,1,-0.033449,0.00000079,-0.000583,3.732254,-0.231122
2015-09-08,,3.1500,2.5500,24.9000,32.6622,105.040000,106.908800,0.105936,0.043212,0,0,0,0,0,0,-5,0,0.0209,0.0210,0.0210,0.0000,0.0000,0.9790,0.0210,1,0.084883,0.00000079,0.000784,3.735180,-0.230519
2015-09-09,,3.1600,2.5500,26.2300,29.0828,103.860000,106.909750,0.106037,0.041167,0,0,0,0,0,0,-5,0,0.0139,0.0136,0.0136,0.0000,0.0000,0.9864,0.0136,1,-0.034809,0.00000238,-0.000067,3.734928,-0.230571
2015-09-10,,3.1000,2.5500,24.3700,30.2013,104.990000,106.915350,0.105285,0.034977,0,0,0,0,0,0,-5,0,0.0093,0.0094,0.0094,0.0000,0.0000,0.9906,0.0094,1,0.031973,0.00000119,0.000096,3.735288,-0.230497
2015-09-11,,3.1200,2.5500,23.2000,31.7673,105.570000,106.919800,0.105596,0.031373,0,0,0,0,0,0,-5,0,0.0062,0.0062,0.0062,0.0000,0.0000,0.9938,0.0062,1,0.016170,0.00000079,0.000020,3.735362,-0.230482
2015-09-14,,3.1100,2.5500,24.2500,30.2013,105.250000,106.921850,0.106245,0.034089,0,0,0,0,0,0,-5,0,0.0041,0.0041,0.0041,0.0000,0.0000,0.9959,0.0041,1,-0.008931,0.00000159,-0.000003,3.735350,-0.230484
2015-09-15,,3.1300,2.5500,22.5400,34.2282,106.490000,106.926700,0.105487,0.037083,0,0,0,0,0,0,-5,0,0.0027,0.0028,0.0028,0.0000,0.0000,0.9972,0.0028,1,0.034908,0.00000278,0.000038,3.735492,-0.230455
2015-09-16,,3.1600,2.5500,21.3500,35.7942,107.090000,106.932100,0.105630,0.044967,0,0,0,1,0,1,-3,0,0.0018,0.0018,0.0018,0.0000,0.0000,0.9982,0.0018,1,0.016715,0.00000278,0.000013,3.735540,-0.230445
2015-09-17,,3.1500,2.5500,21.1400,36.0179,107.130000,106.943700,0.107320,0.075137,0,0,0,1,0,1,-3,1,0.2012,0.2014,0.2014,0.0000,0.0000,0.7986,0.2014,1,0.002756,0.00000238,0.000243,3.736447,-0.230258
2015-09-18,,3.1800,2.5500,22.2800,32.3661,105.350000,106.944300,0.108033,0.081300,0,0,0,0,0,0,-5,1,0.3341,0.3344,0.3344,0.0000,0.0000,0.6656,0.3344,1,-0.042313,0.00000040,-0.003220,3.724417,-0.232737
2015-09-21,,3.1500,2.5500,20.1400,32.1429,105.680000,106.945600,0.107910,0.084555,0,0,0,0,0,0,-5,0,0.2228,0.2224,0.2224,0.0000,0.0000,0.7776,0.2224,1,0.008508,0.00000000,0.001292,3.729228,-0.231745
2015-09-22,,3.1900,2.5550,22.4400,28.5714,104.100000,106.939250,0.107962,0.077741,0,0,0,0,0,0,-5,0,0.1485,0.1486,0.1486,0.0000,0.0000,0.8514,0.1486,1,-0.044114,0.00000040,-0.003366,3.716677,-0.234331
2015-09-23,,3.1500,2.5600,22.1300,29.6875,104.180000,106.933250,0.108419,0.067404,0,0,0,0,0,0,-5,0,0.0990,0.0988,0.0988,0.0000,0.0000,0.9012,0.0988,1,0.001595,0.00000000,0.000200,3.717419,-0.234178
2015-09-24,,3.1500,2.5600,23.4700,29.2411,103.800000,106.929100,0.109694,0.083653,0,0,0,0,0,0,-5,0,0.0660,0.0664,0.0664,0.0000,0.0000,0.9336,0.0664,1,-0.011573,0.00000040,-0.000562,3.715332,-0.234608
2015-09-25,,3.1600,2.5600,23.6200,29.9107,102.920000,106.918900,0.110786,0.095057,0,0,0,0,0,0,-5,0,0.0440,0.0432,0.0432,0.0000,0.0000,0.9568,0.0432,1,-0.024275,0.00000040,-0.000130,3.714850,-0.234707
2015-09-28,,3.1900,2.5600,27.6300,21.6518,99.990000,106.902300,0.113079,0.099964,0,0,0,0,0,0,-5,0,0.0293,0.0286,0.0286,0.0000,0.0000,0.9714,0.0286,1,-0.086196,0.00000000,-0.000900,3.711507,-0.235396
2015-09-29,,3.2100,2.5700,26.8300,23.2143,99.470000,106.880650,0.113040,0.093043,0,0,0,0,0,0,-5,0,0.0196,0.0194,0.0194,0.0000,0.0000,0.9806,0.0194,1,-0.014817,0.00000040,-0.000080,3.711209,-0.235457
2015-09-30,,3.2600,2.5800,24.5000,26.7857,101.760000,106.876100,0.112952,0.075108,0,0,0,0,0,0,-5,0,0.0130,0.0131,0.0131,0.0000,0.0000,0.9869,0.0131,1,0.066153,0.00000040,0.000389,3.712652,-0.235160
2015-10-01,,3.2900,2.5800,22.5500,27.6786,102.220000,106.879150,0.111331,0.050446,0,0,0,0,0,0,-5,0,0.0087,0.0087,0.0087,0.0000,0.0000,0.9913,0.0087,1,0.013993,0.00000000,0.000046,3.712823,-0.235125
2015-10-02,,3.3100,2.5800,20.9400,32.1429,104.010000,106.899300,0.111154,0.062589,0,0,0,0,0,0,-5,0,0.0058,0.0060,0.0060,0.0000,0.0000,0.9940,0.0060,1,0.051917,0.00000000,0.000063,3.713057,-0.235077
2015-10-05,,3.3400,2.5800,19.5400,38.3929,105.500000,106.917800,0.110621,0.065302,0,1,0,0,0,1,-3,0,0.0039,0.0039,0.0039,0.0000,0.0000,0.9961,0.0039,1,0.045591,0.00000000,0.000070,3.713318,-0.235023
2015-10-06,,3.3300,2.5800,19.4000,35.4911,105.000000,106.921550,0.110243,0.071532,0,1,0,0,0,1,-3,1,0.2026,0.2022,0.2022,0.0000,0.0000,0.7978,0.2022,1,-0.014294,0.00000040,-0.000530,3.711351,-0.235428
2015-10-07,,3.3200,2.5850,18.4000,38.6161,105.630000,106.928100,0.108971,0.065839,0,1,0,0,0,1,-3,1,0.3351,0.3350,0.3350,0.0000,0.0000,0.6650,0.3350,1,0.016067,0.00000000,0.001149,3.715616,-0.234550
2015-10-08,,3.2700,2.5900,17.4200,41.5179,106.050000,106.935450,0.109339,0.064567,0,1,0,0,0,1,-3,1,0.4234,0.4253,0.4253,0.0000,0.0000,0.5747,0.4253,1,0.012219,0.00000000,0.002008,3.723079,-0.233012
2015-10-09,,3.2800,2.5900,17.0800,40.4018,106.530000,106.947050,0.108752,0.051901,0,1,0,0,0,1,-3,1,0.4822,0.4833,0.4833,0.0000,0.0000,0.5167,0.4833,1,0.012173,0.00000000,0.002144,3.731061,-0.231368
2015-10-12,,3.2600,2.5900,16.1700,42.1875,106.790000,106.959500,0.109617,0.070728,0,1,0,0,0,1,-3,1,0.5215,0.5216,0.5216,0.0000,0.0000,0.4784,0.5216,1,0.008419,0.00000040,0.001193,3.735513,-0.230451
2015-10-13,,3.2600,2.5950,17.6700,39.2857,106.100000,106.964800,0.110062,0.080072,0,1,0,0,0,1,-3,1,0.5477,0.5475,0.5475,0.0000,0.0000,0.4525,0.5475,1,-0.019579,0.00000040,-0.003396,3.722826,-0.233064
2015-10-14,,3.2800,2.6000,18.0300,37.2768,105.930000,106.969350,0.110568,0.089961,0,1,0,0,0,1,-3,1,0.5651,0.5647,0.5647,0.0000,0.0000,0.4353,0.5647,1,-0.004257,0.00000040,-0.000909,3.719443,-0.233761
2015-10-15,,3.3100,2.6000,16.0500,43.0804,107.670000,106.986100,0.110502,0.084370,0,1,0,1,0,2,-1,1,0.5767,0.5798,0.5798,0.0000,0.0000,0.4202,0.5798,1,0.048865,0.00000000,0.009415,3.754462,-0.226547
2015-10-16,,3.2900,2.6000,15.0500,44.8661,108.120000,107.010450,0.110149,0.091756,0,1,0,1,0,2,-1,2,0.7845,0.7848,0.7848,0.0000,0.0000,0.2152,0.7848,1,0.012424,0.00000040,0.002799,3.764972,-0.224382
2015-10-19,,3.2800,2.6000,14.9800,45.3125,108.740000,107.039450,0.110169,0.080847,0,1,0,1,0,2,-1,2,0.9230,0.9235,0.9235,0.0000,0.0000,0.0765,0.9235,1,0.017927,0.00000040,0.005446,3.785475,-0.220158
2015-10-20,,3.3000,2.6000,15.7500,44.8661,108.180000,107.073200,0.110690,0.066645,0,1,0,1,0,2,-1,2,1.0153,1.0153,0.9847,0.0153,0.0000,0.0000,1.0000,1,-0.016575,0.00000079,-0.005084,3.766229,-0.224123
2015-10-21,,3.2900,2.6050,16.7000,41.5179,107.520000,107.110450,0.111147,0.077525,0,1,0,1,0,2,-1,2,1.0769,1.0762,0.9238,0.0762,0.0000,0.0000,1.0000,1,-0.016089,0.00000079,-0.006855,3.740410,-0.229442
2015-10-22,,3.2800,2.6100,14.4500,47.7679,109.710000,107.152200,0.110567,0.076108,0,1,0,1,0,2,-1,2,1.1179,1.1191,0.8809,0.1191,0.0000,0.0000,1.0000,1,0.059276,0.00000040,0.022409,3.824227,-0.212175
2015-10-23,,3.2600,2.6100,14.4600,50.0000,112.780000,107.199600,0.107441,0.039581,0,1,0,1,0,2,-1,2,1.1453,1.1455,0.8545,0.1455,0.0000,0.0000,1.0000,1,0.083157,0.00000000,0.031342,3.944087,-0.187482
2015-10-26,,3.2300,2.6100,15.2900,49.7768,112.850000,107.250750,0.107319,0.026629,0,1,0,1,0,2,-1,2,1.1635,1.1638,0.8362,0.1638,0.0000,0.0000,1.0000,1,0.002969,0.00000040,0.000784,3.947179,-0.186845
2015-10-27,,3.2200,2.6100,15.4300,49.5536,113.080000,107.308400,0.107139,0.016336,0,1,0,1,0,2,-1,2,1.1757,1.1764,0.8236,0.1764,0.0000,0.0000,1.0000,1,0.006513,0.00000079,0.002311,3.956302,-0.184966
2015-10-28,,3.2500,2.6100,14.3300,52.6786,114.020000,107.370900,0.104810,0.008719,0,1,1,1,0,3,1,2,1.1838,1.1847,0.8153,0.1847,0.0000,0.0000,1.0000,1,0.023193,0.00000119,0.009856,3.995294,-0.176933
2015-10-29,,3.2000,2.6150,14.6100,52.9018,113.840000,107.435300,0.104271,0.004298,0,1,1,1,0,3,1,3,1.3892,1.3901,0.6099,0.3901,0.0000,0.0000,1.0000,1,-0.003696,0.00000159,-0.001181,3.990575,-0.177906
2015-10-30,,3.2100,2.6200,15.0700,51.5625,113.330000,107.503700,0.105204,-0.000265,0,1,1,1,1,4,3,3,1.5261,1.5250,0.4750,0.5250,0.0000,0.0000,1.0000,1,-0.013684,0.00000278,-0.006798,3.963447,-0.183494
2015-11-02,,3.1900,2.6300,14.1500,56.9196,114.610000,107.572650,0.104092,-0.025025,0,1,1,1,1,4,3,4,1.8174,1.8187,0.1813,0.8187,0.0000,0.0000,1.0000,1,0.034099,0.00000317,0.019815,4.041981,-0.167315
2015-11-03,,3.1800,2.6400,14.5400,57.3661,115.010000,107.639600,0.104100,-0.008375,0,1,1,1,1,4,3,4,2.0116,2.0117,0.0000,0.9883,0.0117,0.0000,1.0000,1,0.009537,0.00000317,0.007132,4.070809,-0.161377
2015-11-04,,3.1900,2.6450,15.5100,56.2500,115.020000,107.704000,0.104963,-0.014176,0,1,1,1,1,4,3,4,2.1411,2.1406,0.0000,0.8594,0.1406,0.0000,1.0000,1,0.000400,0.00000238,-0.000272,4.069701,-0.161605
2015-11-05,,3.1600,2.6500,15.0500,56.4732,114.710000,107.757400,0.104164,-0.037732,0,1,1,1,1,4,3,4,2.2274,2.2266,0.0000,0.7734,0.2266,0.0000,1.0000,1,-0.008803,0.00000198,-0.007460,4.039343,-0.167859
2015-11-06,,3.1800,2.6500,14.3300,55.3571,114.790000,107.810050,0.100576,-0.072499,0,1,1,1,1,4,3,4,2.2849,2.2852,0.0000,0.7148,0.2852,0.0000,1.0000,1,0.003310,0.00000198,0.002696,4.050231,-0.165616
2015-11-09,,3.1700,2.6550,16.5200,52.6786,113.570000,107.857200,0.101788,-0.064042,0,1,1,1,1,4,3,4,2.3233,2.3217,0.0000,0.6783,0.3217,0.0000,1.0000,1,-0.032188,0.00000317,-0.024622,3.950505,-0.186160
2015-11-10,,3.1500,2.6750,15.2900,52.4554,113.280000,107.916400,0.102465,-0.056969,0,1,1,1,1,4,3,4,2.3489,2.3498,0.0000,0.6502,0.3498,0.0000,1.0000,1,-0.007067,0.00000555,-0.006283,3.925682,-0.191274
2015-11-11,,3.1800,2.6950,16.0600,52.6786,113.140000,107.977500,0.103760,-0.045593,0,1,1,1,1,4,3,4,2.3659,2.3650,0.0000,0.6350,0.3650,0.0000,1.0000,1,-0.004438,0.00000516,-0.002914,3.914243,-0.193631
2015-11-12,,3.1800,2.7000,18.3700,45.3125,112.040000,108.028250,0.104228,-0.052403,0,1,0,1,1,3,1,4,2.3773,2.3760,0.0000,0.6240,0.3760,0.0000,1.0000,1,-0.029018,0.00000516,-0.023176,3.823525,-0.212319
2015-11-13,,3.1900,2.7000,20.0800,40.4018,109.840000,108.071950,0.105016,-0.060094,0,0,0,1,1,2,-1,3,2.1848,2.1824,0.0000,0.8176,0.1824,0.0000,1.0000,1,-0.058818,0.00000555,-0.043526,3.657101,-0.246604
2015-11-16,,3.2000,2.7050,18.1600,48.2143,111.420000,108.119150,0.105194,-0.080163,0,1,0,1,1,3,1,2,1.8566,1.8584,0.1416,0.8584,0.0000,-0.0000,1.0000,1,0.041694,0.00000555,0.025975,3.752096,-0.227034
2015-11-17,,3.2400,2.7100,18.8400,45.9821,111.490000,108.161800,0.103373,-0.104509,0,1,0,1,1,3,1,3,1.8377,1.8375,0.1625,0.8375,0.0000,0.0000,1.0000,1,0.003446,0.00000595,0.001217,3.756661,-0.226094
2015-11-18,,3.2300,2.7100,16.8500,53.4521,113.630000,108.215600,0.102405,-0.097463,0,1,1,1,1,4,3,3,1.8251,1.8272,0.1728,0.8272,0.0000,0.0000,1.0000,1,0.057321,0.00000555,0.034573,3.886539,-0.199338
2015-11-19,,3.2100,2.7100,16.9900,55.4566,113.710000,108.265350,0.103596,-0.062406,0,1,1,1,1,4,3,4,2.0168,2.0168,0.0000,0.9832,0.0168,0.0000,1.0000,1,0.001499,0.00000476,0.001496,3.892354,-0.198140
2015-11-20,,3.2000,2.7150,15.4700,58.3519,114.480000,108.322100,0.103650,-0.047846,0,1,1,1,1,4,3,4,2.1445,2.1447,0.0000,0.8553,0.1447,0.0000,1.0000,1,0.019873,0.00000436,0.013534,3.945034,-0.187287
2015-11-23,,3.2000,2.7200,15.6200,57.0156,114.150000,108.378850,0.102812,-0.052835,0,1,1,1,1,4,3,4,2.2297,2.2292,0.0000,0.7708,0.2292,0.0000,1.0000,1,-0.008072,0.00000476,-0.006010,3.921324,-0.192172
2015-11-24,,3.1900,2.7200,15.9300,56.7929,114.050000,108.427100,0.102532,-0.048019,0,1,1,1,1,4,3,4,2.2864,2.2874,0.0000,0.7126,0.2874,0.0000,1.0000,1,-0.003123,0.00000555,-0.001424,3.915740,-0.193322
2015-11-25,,3.2000,2.7200,15.1900,58.1292,114.150000,108.473950,0.101925,-0.058594,0,1,1,1,1,4,3,4,2.3243,2.3242,0.0000,0.6758,0.3242,0.0000,1.0000,1,0.002226,0.00000634,0.001301,3.920835,-0.192273
2015-11-27,,3.2100,2.7250,15.1200,59.4655,114.310000,108.515500,0.101999,-0.038304,0,1,1,1,1,4,3,4,2.3495,2.3489,0.0000,0.6511,0.3489,0.0000,1.0000,1,0.003620,0.00000753,0.003254,3.933593,-0.189644
2015-11-30,,3.2200,2.7300,16.1300,58.7973,114.020000,108.551050,0.102592,-0.036133,0,1,1,1,1,4,3,4,2.3664,2.3650,0.0000,0.6350,0.3650,0.0000,1.0000,1,-0.006312,0.00000714,-0.005810,3.910738,-0.194353
2015-12-01,,3.2000,2.7300,14.6700,61.4699,115.160000,108.591800,0.102430,-0.040219,0,1,1,1,1,4,3,4,2.3776,2.3789,0.0000,0.6211,0.3789,0.0000,1.0000,1,0.029698,0.00000872,0.023635,4.003168,-0.175311
2015-12-02,,3.2100,2.7300,15.9100,57.0156,114.450000,108.628250,0.101185,-0.047372,0,1,1,1,1,4,3,4,2.3850,2.3834,0.0000,0.6166,0.3834,0.0000,1.0000,1,-0.018186,0.00000832,-0.014273,3.946031,-0.187082
2015-12-03,,3.1700,2.7300,18.1100,49.8886,112.510000,108.652350,0.101843,-0.041749,0,1,0,1,1,3,1,4,2.3900,2.3851,0.0000,0.6149,0.3851,0.0000,1.0000,1,-0.050999,0.00000832,-0.040886,3.784692,-0.220319
2015-12-04,,3.1800,2.7350,14.8100,58.3519,115.140000,108.686000,0.101302,-0.040483,0,1,1,1,1,4,3,3,2.1934,2.1962,0.0000,0.8038,0.1962,0.0000,1.0000,1,0.068701,0.00000832,0.051088,3.978046,-0.180487
2015-12-07,,3.1500,2.7400,15.8400,56.1247,114.620000,108.716500,0.102376,-0.032297,0,1,1,1,1,4,3,4,2.2622,2.2612,0.0000,0.7388,0.2612,0.0000,1.0000,1,-0.012230,0.00000912,-0.009674,3.939563,-0.188414
2015-12-08,,3.1500,2.7400,17.6000,53.4521,114.630000,108.746650,0.102924,-0.032999,0,1,1,1,1,4,3,4,2.3082,2.3105,0.0000,0.6895,0.3105,0.0000,1.0000,1,0.000082,0.00001149,0.000813,3.942767,-0.187754
2015-12-09,,3.1900,2.7450,19.6100,48.9978,112.890000,108.769450,0.103755,-0.016993,0,1,0,1,1,3,1,4,2.3388,2.3362,0.0000,0.6638,0.3362,0.0000,1.0000,1,-0.046588,0.00001070,-0.035884,3.801285,-0.216901
2015-12-10,,3.1800,2.7500,19.3400,48.1069,113.400000,108.792050,0.101775,-0.037528,0,1,0,1,1,3,1,3,2.1592,2.1595,0.0000,0.8405,0.1595,0.0000,1.0000,1,0.014181,0.00001030,0.009960,3.839145,-0.209101
2015-12-11,,3.1900,2.7500,24.3900,41.2027,110.790000,108.804000,0.103502,-0.035957,0,0,0,1,1,2,-1,3,2.0395,2.0390,0.0000,0.9610,0.0390,0.0000,1.0000,1,-0.068565,0.00000951,-0.047928,3.655142,-0.247008
2015-12-14,,3.2400,2.7500,22.7300,43.4298,111.630000,108.815250,0.103499,-0.043568,0,0,0,1,1,2,-1,2,1.7596,1.7608,0.2392,0.7608,0.0000,-0.0000,1.0000,1,0.022427,0.00000912,0.013912,3.705991,-0.236532
2015-12-15,,3.2300,2.7550,20.9500,48.3296,112.310000,108.832450,0.103228,-0.045277,0,0,0,1,1,2,-1,2,1.5731,1.5725,0.4275,0.5725,0.0000,0.0000,1.0000,1,0.016982,0.00001030,0.010631,3.745390,-0.228416
2015-12-16,,3.2100,2.7800,17.8600,54.3430,113.980000,108.860100,0.104312,-0.036276,0,1,1,1,1,4,3,2,1.4487,1.4505,0.5495,0.4505,0.0000,0.0000,1.0000,1,0.044181,0.00000991,0.021465,3.825785,-0.211854
2015-12-17,,3.2100,2.8050,18.9400,49.8886,112.320000,108.878500,0.106146,-0.022192,0,1,0,1,1,3,1,4,1.7658,1.7623,0.2377,0.7623,0.0000,0.0000,1.0000,1,-0.041646,0.00001070,-0.026515,3.724346,-0.232751
2015-12-18,,3.2100,2.8100,20.7000,43.6526,109.830000,108.890600,0.106264,-0.032425,0,0,0,1,1,2,-1,3,1.7772,1.7747,0.2253,0.7747,0.0000,0.0000,1.0000,1,-0.054928,0.00000912,-0.033771,3.598570,-0.258662
2015-12-21,,3.2500,2.8100,18.7000,46.5479,111.050000,108.907250,0.105321,-0.051586,0,1,0,1,1,3,1,2,1.5848,1.5853,0.4147,0.5853,0.0000,0.0000,1.0000,1,0.029704,0.00000753,0.017977,3.663262,-0.245335
2015-12-22,,3.2700,2.8150,16.6000,48.9978,111.780000,108.937550,0.105258,-0.074863,0,1,0,1,1,3,1,3,1.6565,1.6569,0.3431,0.6569,0.0000,0.0000,1.0000,1,0.018934,0.00000951,0.010075,3.700168,-0.237732
2015-12-23,,3.2600,2.8200,15.5700,52.3385,112.610000,108.975050,0.105572,-0.072345,0,1,1,1,1,4,3,3,1.7044,1.7049,0.2951,0.7049,0.0000,-0.0000,1.0000,1,0.022877,0.00000832,0.012560,3.746641,-0.228158
2015-12-24,,3.2600,2.8200,15.7400,52.3385,112.590000,109.009000,0.105674,-0.069160,0,1,1,1,1,4,3,4,1.9362,1.9363,0.0637,0.9363,0.0000,0.0000,1.0000,1,-0.002057,0.00000793,-0.000627,3.744290,-0.228642
2015-12-28,,3.2200,2.8250,16.9100,51.4477,112.530000,109.044950,0.106111,-0.050080,0,1,1,1,1,4,3,4,2.0908,2.0911,0.0000,0.9089,0.0911,0.0000,1.0000,1,-0.000258,0.00000793,-0.001433,3.738925,-0.229748
2015-12-29,,3.2100,2.8300,16.0800,56.7929,114.300000,109.082950,0.105569,-0.053440,0,1,1,1,1,4,3,4,2.1939,2.1952,0.0000,0.8048,0.1952,0.0000,1.0000,1,0.045607,0.00000912,0.033568,3.864434,-0.203892
2015-12-30,,3.2200,2.8350,17.2900,53.0067,113.270000,109.114950,0.106225,-0.041231,0,1,1,1,1,4,3,4,2.2626,2.2610,0.0000,0.7390,0.2610,0.0000,1.0000,1,-0.025546,0.00000912,-0.019423,3.789374,-0.219355
2015-12-31,,3.2300,2.8400,18.2100,50.1114,111.860000,109.134650,0.106146,-0.038307,0,1,1,1,1,4,3,4,2.3084,2.3063,0.0000,0.6937,0.3063,0.0000,1.0000,1,-0.037090,0.00000832,-0.028369,3.681873,-0.241501
2016-01-04,,3.2300,2.8400,20.7000,42.9844,109.500000,109.141750,0.107428,-0.014282,0,0,0,1,1,2,-1,4,2.3389,2.3395,0.0000,0.6605,0.3395,0.0000,1.0000,1,-0.061105,0.00000634,-0.047588,3.506659,-0.277597
2016-01-05,,3.2400,2.8450,19.3400,44.0980,109.310000,109.145650,0.108015,-0.012109,0,1,0,1,1,3,1,2,1.9593,1.9590,0.0410,0.9590,0.0000,0.0000,1.0000,1,-0.008951,0.00000872,-0.003925,3.492894,-0.280432
2016-01-06,,3.2500,2.8500,20.5900,38.7528,108.260000,109.145350,0.109194,0.004018,0,0,0,0,0,0,-5,3,1.9062,1.9069,0.0931,0.9069,0.0000,0.0000,1.0000,1,-0.026813,0.00000793,-0.018202,3.429316,-0.293530
2016-01-07,,3.2600,2.8550,24.9900,30.7350,104.870000,109.130050,0.111131,0.013302,0,0,0,0,0,0,-5,0,1.2708,1.2688,0.7312,0.2688,0.0000,0.0000,1.0000,1,-0.095128,0.00000832,-0.053619,3.245439,-0.331410
2016-01-08,,3.2800,2.8600,27.0100,24.7216,104.010000,109.122800,0.112311,0.019578,0,0,0,0,0,0,-5,0,0.8472,0.8451,0.8451,0.0000,0.0000,0.1549,0.8451,1,-0.023611,0.00000793,-0.003805,3.233089,-0.333954
2016-01-11,,3.3100,2.8650,24.3000,26.7261,104.330000,109.118950,0.112800,0.019463,0,0,0,0,0,0,-5,0,0.5648,0.5637,0.5637,0.0000,0.0000,0.4363,0.5637,1,0.008754,0.00000793,0.003788,3.245335,-0.331432
2016-01-12,,3.3000,2.8700,22.4700,28.7305,105.540000,109.119050,0.111458,0.008281,0,0,0,0,0,0,-5,0,0.3765,0.3770,0.3770,0.0000,0.0000,0.6230,0.3770,1,0.033735,0.00000832,0.006087,3.265090,-0.327362
2016-01-13,,3.2900,2.8700,25.2200,22.7171,101.900000,109.094900,0.114256,0.034638,0,0,0,0,0,0,-5,0,0.2510,0.2437,0.2437,0.0000,0.0000,0.7563,0.2437,1,-0.104617,0.00000832,-0.008102,3.238636,-0.332812
2016-01-14,,3.2800,2.8700,23.9500,25.3333,104.070000,109.087250,0.114104,0.033713,0,0,0,0,0,0,-5,0,0.1673,0.1698,0.1698,0.0000,0.0000,0.8302,0.1698,1,0.064690,0.00000872,0.003846,3.251092,-0.330246
2016-01-15,,3.3600,2.8750,27.0200,22.0000,100.840000,109.066200,0.115569,0.040762,0,0,0,0,0,0,-5,0,0.1116,0.1118,0.1118,0.0000,0.0000,0.8882,0.1118,1,-0.091910,0.00000991,-0.005414,3.233492,-0.333871
2016-01-19,,3.3800,2.8800,26.0500,22.6667,101.060000,109.045900,0.117143,0.050266,0,0,0,0,0,0,-5,0,0.0744,0.0736,0.0736,0.0000,0.0000,0.9264,0.0736,1,0.004243,0.00000951,0.000678,3.235684,-0.333420
2016-01-20,,3.3500,2.8800,27.5900,20.4444,100.750000,109.019750,0.115998,0.044425,0,0,0,0,0,0,-5,0,0.0496,0.0502,0.0502,0.0000,0.0000,0.9498,0.0502,1,-0.009053,0.00001030,-0.000511,3.234030,-0.333761
2016-01-21,,3.4000,2.8800,26.6900,19.1111,100.850000,108.995000,0.115245,0.065347,0,0,0,0,0,0,-5,0,0.0331,0.0329,0.0329,0.0000,0.0000,0.9671,0.0329,1,0.003654,0.00001030,0.000114,3.234400,-0.333684
2016-01-22,,3.4500,2.8800,22.3400,25.7778,103.770000,108.980650,0.114949,0.065434,0,0,0,0,0,0,-5,0,0.0220,0.0222,0.0222,0.0000,0.0000,0.9778,0.0222,1,0.086165,0.00001110,0.000858,3.237175,-0.333113
2016-01-25,,3.4200,2.8900,24.1500,22.0000,102.230000,108.955250,0.115727,0.072797,0,0,0,0,0,0,-5,0,0.0147,0.0145,0.0145,0.0000,0.0000,0.9855,0.0145,1,-0.045028,0.00001228,-0.000231,3.236429,-0.333266
2016-01-26,,3.4400,2.9000,22.5000,26.6667,103.150000,108.932250,0.114958,0.088136,0,0,0,0,0,0,-5,0,0.0098,0.0098,0.0098,0.0000,0.0000,0.9902,0.0098,1,0.028548,0.00001228,0.000118,3.236811,-0.333188
2016-01-27,,3.4600,2.9000,23.1100,25.5556,100.580000,108.897750,0.116489,0.105553,0,0,0,0,0,0,-5,0,0.0065,0.0064,0.0064,0.0000,0.0000,0.9936,0.0064,1,-0.074394,0.00001228,-0.000171,3.236257,-0.333302
2016-01-28,,3.4600,2.9000,22.4200,25.5556,102.000000,108.871900,0.117736,0.108340,0,0,0,0,0,0,-5,0,0.0044,0.0043,0.0043,0.0000,0.0000,0.9957,0.0043,1,0.039449,0.00001268,0.000107,3.236602,-0.333231
2016-01-29,,3.4800,2.9050,20.2000,33.5556,104.130000,108.853350,0.117231,0.116216,0,0,0,0,0,0,-5,0,0.0029,0.0030,0.0030,0.0000,0.0000,0.9970,0.0030,1,0.065146,0.00001386,0.000074,3.236842,-0.333181
2016-02-01,,3.4800,2.9100,19.9800,34.0000,104.410000,108.836950,0.118384,0.125933,0,1,0,0,0,1,-3,0,0.0019,0.0019,0.0019,0.0000,0.0000,0.9981,0.0019,1,0.005661,0.00001307,0.000013,3.236885,-0.333173
2016-02-02,,3.4900,2.9100,21.9800,29.1111,102.150000,108.817650,0.121082,0.138825,0,0,0,0,0,0,-5,1,0.2013,0.1985,0.1985,0.0000,0.0000,0.8015,0.1985,1,-0.063466,0.00001386,-0.003558,3.225369,-0.335545
2016-02-03,,3.4900,2.9100,21.6500,30.2222,101.660000,108.787950,0.121850,0.154568,0,0,0,0,0,0,-5,0,0.1342,0.1329,0.1329,0.0000,0.0000,0.8671,0.1329,1,-0.014143,0.00001347,-0.000229,3.224629,-0.335697
2016-02-04,,3.5200,2.9150,21.8400,30.8889,101.650000,108.755900,0.121138,0.186491,0,0,0,0,0,0,-5,0,0.0895,0.0897,0.0897,0.0000,0.0000,0.9103,0.0897,1,-0.001793,0.00001307,-0.000138,3.224184,-0.335789
2016-02-05,,3.5300,2.9200,23.3800,26.0000,98.120000,108.703250,0.123889,0.196128,0,0,0,0,0,0,-5,0,0.0596,0.0579,0.0579,0.0000,0.0000,0.9421,0.0579,1,-0.102874,0.00001149,-0.002176,3.217168,-0.337234
2016-02-08,,3.5200,2.9250,26.0000,22.2222,96.620000,108.641050,0.125148,0.196819,0,0,0,0,0,0,-5,0,0.0398,0.0399,0.0399,0.0000,0.0000,0.9601,0.0399,1,-0.045655,0.00001189,-0.000929,3.214181,-0.337850
2016-02-09,,3.5300,2.9350,26.5400,22.8889,96.320000,108.569950,0.125573,0.187654,0,0,0,0,0,0,-5,0,0.0265,0.0268,0.0268,0.0000,0.0000,0.9732,0.0268,1,-0.011610,0.00001268,-0.000244,3.213398,-0.338011
2016-02-10,,3.5400,2.9400,26.2900,23.3333,96.690000,108.502100,0.125546,0.184999,0,0,0,0,0,0,-5,0,0.0177,0.0175,0.0175,0.0000,0.0000,0.9825,0.0175,1,0.011888,0.00001189,0.000189,3.214004,-0.337886
2016-02-11,,3.5600,2.9550,28.1400,20.2222,96.550000,108.434650,0.124959,0.171449,0,0,0,0,0,0,-5,0,0.0118,0.0119,0.0119,0.0000,0.0000,0.9881,0.0119,1,-0.002377,0.00001228,-0.000077,3.213757,-0.337937
2016-02-12,,3.6300,2.9700,25.4000,25.5556,98.020000,108.378000,0.122060,0.145522,0,0,0,0,0,0,-5,0,0.0079,0.0079,0.0079,0.0000,0.0000,0.9921,0.0079,1,0.042619,0.00001110,0.000177,3.214325,-0.337820
2016-02-16,,3.6000,2.9700,24.1100,28.2222,100.230000,108.341000,0.120798,0.155693,0,0,0,0,0,0,-5,0,0.0052,0.0053,0.0053,0.0000,0.0000,0.9947,0.0053,1,0.066559,0.00001189,0.000167,3.214862,-0.337709
2016-02-17,,3.5900,2.9750,22.3100,33.1111,102.500000,108.308250,0.118623,0.146345,0,0,0,0,0,0,-5,0,0.0035,0.0035,0.0035,0.0000,0.0000,0.9965,0.0035,1,0.069087,0.00001189,0.000104,3.215196,-0.337641
2016-02-18,,3.6200,2.9950,21.6400,31.3333,101.330000,108.268750,0.121063,0.155297,0,0,0,0,0,0,-5,0,0.0023,0.0023,0.0023,0.0000,0.0000,0.9977,0.0023,1,-0.033962,0.00001189,-0.000011,3.215160,-0.337648
2016-02-19,,3.6200,3.0250,20.5300,33.5556,101.630000,108.239650,0.120313,0.147465,0,0,0,0,0,0,-5,0,0.0016,0.0016,0.0016,0.0000,0.0000,0.9984,0.0016,1,0.010376,0.00001189,0.000013,3.215203,-0.337639
2016-02-22,,3.5600,3.0500,19.3800,37.3333,103.280000,108.222500,0.119982,0.155580,0,1,0,0,0,1,-3,0,0.0010,0.0010,0.0010,0.0000,0.0000,0.9990,0.0010,1,0.047239,0.00001228,0.000034,3.215311,-0.337617
2016-02-23,,3.5700,3.0800,20.9800,35.3333,101.580000,108.193650,0.121620,0.171028,0,0,0,0,0,0,-5,1,0.2007,0.1990,0.1990,0.0000,0.0000,0.8010,0.1990,1,-0.049838,0.00001307,-0.002164,3.208354,-0.339050
2016-02-24,,3.5800,3.1000,20.7200,36.8889,102.550000,108.162950,0.121636,0.178488,0,0,0,0,0,0,-5,0,0.1338,0.1362,0.1362,0.0000,0.0000,0.8638,0.1362,1,0.029748,0.00001268,0.000569,3.210179,-0.338674
2016-02-25,,3.5600,3.1050,19.1100,39.1111,103.560000,108.139400,0.121407,0.177545,0,1,0,0,0,1,-3,0,0.0892,0.0898,0.0898,0.0000,0.0000,0.9102,0.0898,1,0.027591,0.00001307,0.000975,3.213310,-0.338029
2016-02-26,,3.5600,3.1150,19.8100,40.0000,103.430000,108.117650,0.118330,0.143407,0,1,0,0,0,1,-3,1,0.2595,0.2579,0.2579,0.0000,0.0000,0.7421,0.2579,1,-0.002295,0.00001268,-0.001514,3.208445,-0.339031
2016-02-29,,3.5600,3.1250,20.5500,38.4444,102.500000,108.090150,0.119601,0.154013,0,0,0,0,0,0,-5,1,0.3730,0.3711,0.3711,0.0000,0.0000,0.6289,0.3711,1,-0.026452,0.00001307,-0.003252,3.198010,-0.341181
2016-03-01,,3.5500,3.1300,17.7000,46.0000,105.790000,108.071200,0.116274,0.141670,0,1,0,0,0,1,-3,0,0.2487,0.2529,0.2529,0.0000,0.0000,0.7471,0.2529,1,0.095688,0.00001307,0.009066,3.227005,-0.335208
2016-03-02,,3.5400,3.1350,17.0900,46.8889,105.830000,108.052450,0.116357,0.137927,0,1,0,0,0,1,-3,1,0.3658,0.3662,0.3662,0.0000,0.0000,0.6338,0.3662,1,0.001078,0.00001307,0.000297,3.227963,-0.335011
2016-03-03,,3.5000,3.1450,16.7000,49.5556,105.630000,108.030300,0.116606,0.143976,0,1,0,0,0,1,-3,1,0.4438,0.4437,0.4437,0.0000,0.0000,0.5563,0.4437,1,-0.005600,0.00001426,-0.000758,3.225518,-0.335514
2016-03-04,,3.4700,3.1500,16.8600,50.2222,105.670000,108.008950,0.117522,0.142326,0,1,1,0,0,2,-1,1,0.4959,0.4957,0.4957,0.0000,0.0000,0.5043,0.4957,1,0.001733,0.00001110,0.000120,3.225903,-0.335435
2016-03-07,,3.4300,3.1500,17.3500,51.5556,105.020000,107.984000,0.118077,0.142699,0,1,1,0,0,2,-1,2,0.7306,0.7304,0.7304,0.0000,0.0000,0.2696,0.7304,1,-0.018596,0.00001149,-0.003314,3.215211,-0.337637
2016-03-08,,3.3900,3.1500,18.6700,48.0000,104.150000,107.951850,0.120565,0.156539,0,1,0,0,0,1,-3,2,0.8871,0.8869,0.8869,0.0000,0.0000,0.1131,0.8869,1,-0.026440,0.00001268,-0.006305,3.194939,-0.341814
2016-03-09,,3.3800,3.1500,18.3400,49.7778,104.820000,107.923600,0.120524,0.178405,0,1,0,0,0,1,-3,1,0.7914,0.7918,0.7918,0.0000,0.0000,0.2082,0.7918,1,0.019124,0.00001149,0.005439,3.212317,-0.338234
2016-03-10,,3.3600,3.1500,18.0500,49.3333,104.660000,107.900900,0.120525,0.162565,0,1,0,0,0,1,-3,1,0.7276,0.7264,0.7264,0.0000,0.0000,0.2736,0.7264,1,-0.003775,0.00001189,-0.000835,3.209633,-0.338787
2016-03-11,,3.3000,3.1500,16.5000,56.8889,106.490000,107.878550,0.118736,0.147123,0,1,1,0,0,2,-1,1,0.6851,0.6865,0.6865,0.0000,0.0000,0.3135,0.6865,1,0.051828,0.00001268,0.012410,3.249465,-0.330581
2016-03-14,,3.2600,3.1500,16.9200,56.4444,106.670000,107.858350,0.119037,0.151252,0,1,1,0,0,2,-1,2,0.8567,0.8574,0.8574,0.0000,0.0000,0.1426,0.8574,1,0.005828,0.00001307,0.002079,3.256221,-0.329189
2016-03-15,,3.2200,3.1500,16.8400,55.1111,106.630000,107.841250,0.119454,0.141072,0,1,1,0,0,2,-1,2,0.9711,0.9712,0.9712,0.0000,0.0000,0.0288,0.9712,1,-0.000632,0.00001347,0.000010,3.256253,-0.329182
2016-03-16,,3.1900,3.1500,14.9900,57.3333,107.580000,107.827050,0.120586,0.135035,0,1,1,0,0,2,-1,2,1.0474,1.0479,0.9521,0.0479,0.0000,0.0000,1.0000,1,0.025511,0.00001347,0.009522,3.287259,-0.322795
2016-03-17,,3.2200,3.1550,14.4400,60.4444,107.520000,107.814300,0.120486,0.136919,0,1,1,0,0,2,-1,2,1.0983,1.0985,0.9015,0.0985,0.0000,0.0000,1.0000,1,-0.002879,0.00001228,-0.000464,3.285733,-0.323109
2016-03-18,,3.2000,3.1600,14.0200,62.6667,107.370000,107.799150,0.118970,0.131336,0,1,1,0,0,2,-1,2,1.1322,1.1322,0.8678,0.1322,0.0000,0.0000,1.0000,1,0.005773,0.00001149,-0.000893,3.282799,-0.323714
2016-03-21,,3.1700,3.1600,13.7900,62.2222,107.790000,107.790300,0.118679,0.128238,0,1,1,0,0,2,-1,2,1.1548,1.1555,0.8445,0.1555,0.0000,0.0000,1.0000,1,0.011890,0.00001189,0.004472,3.297480,-0.320689
2016-03-22,,3.1500,3.1600,14.1700,62.2222,108.120000,107.784400,0.118352,0.120190,1,1,1,1,0,4,3,2,1.1699,1.1711,0.8289,0.1711,0.0000,0.0000,1.0000,1,0.008914,0.00001228,0.003580,3.309285,-0.318258
2016-03-23,,3.1000,3.1600,14.9400,59.3333,107.230000,107.779600,0.120024,0.134166,1,1,1,0,0,3,1,4,1.5799,1.5783,0.4217,0.5783,0.0000,0.0000,1.0000,1,-0.023795,0.00001189,-0.012710,3.267223,-0.326923
2016-03-24,,3.0700,3.1600,14.7400,59.3333,107.260000,107.775850,0.120397,0.133262,1,1,1,0,0,3,1,3,1.6533,1.6546,0.3454,0.6546,0.0000,0.0000,1.0000,1,-0.000309,0.00001189,0.000850,3.270001,-0.326350
2016-03-28,,3.0600,3.1600,15.2400,60.0000,107.110000,107.763950,0.119883,0.132869,1,1,1,0,0,3,1,3,1.7022,1.7013,0.2987,0.7013,0.0000,0.0000,1.0000,1,-0.003601,0.00001189,-0.002350,3.262317,-0.327933
2016-03-29,,3.0500,3.1600,13.8200,63.3333,108.830000,107.759850,0.120539,0.134215,1,1,1,1,0,4,3,3,1.7348,1.7380,0.2620,0.7380,0.0000,0.0000,1.0000,1,0.047806,0.00001149,0.026882,3.350015,-0.309867
2016-03-30,,3.0900,3.1600,13.5600,64.2222,109.360000,107.762900,0.119721,0.129241,1,1,1,1,0,4,3,4,1.9565,1.9565,0.0435,0.9565,0.0000,0.0000,1.0000,1,0.014978,0.00000912,0.009379,3.381434,-0.303394
2016-03-31,,3.1100,3.1600,13.9500,64.6667,109.200000,107.767850,0.120718,0.126487,1,1,1,1,0,4,3,4,2.1043,2.1041,0.0000,0.8959,0.1041,0.0000,1.0000,1,-0.005825,0.00000793,-0.003400,3.369936,-0.305763
2016-04-01,,3.1200,3.1600,13.1000,66.6667,110.360000,107.775650,0.120361,0.117445,1,1,1,1,0,4,3,4,2.2029,2.2055,0.0000,0.7945,0.2055,0.0000,1.0000,1,0.033301,0.00000832,0.023496,3.449117,-0.289451
2016-04-04,,3.1000,3.1600,14.1200,65.5556,109.940000,107.779850,0.120242,0.104960,1,1,1,1,0,4,3,4,2.2686,2.2680,0.0000,0.7320,0.2680,0.0000,1.0000,1,-0.012381,0.00000912,-0.009087,3.417776,-0.295907
2016-04-05,,3.1000,3.1600,15.4200,62.6667,108.880000,107.770800,0.119179,0.076198,1,1,1,1,0,4,3,4,2.3124,2.3120,0.0000,0.6880,0.3120,0.0000,1.0000,1,-0.026890,0.00000912,-0.020530,3.347608,-0.310363
2016-04-06,,3.0800,3.1600,14.0900,66.6667,110.670000,107.774700,0.117745,0.052045,1,1,1,1,0,4,3,4,2.3416,2.3448,0.0000,0.6552,0.3448,0.0000,1.0000,1,0.047890,0.00000912,0.037497,3.473132,-0.284503
2016-04-07,,3.0800,3.1600,16.1600,62.8889,109.080000,107.766600,0.119122,0.059504,1,1,1,1,0,4,3,4,2.3611,2.3593,0.0000,0.6407,0.3593,0.0000,1.0000,1,-0.043168,0.00000912,-0.034748,3.352447,-0.309366
2016-04-08,,3.0600,3.1600,15.3600,63.1111,109.000000,107.757650,0.119438,0.075607,1,1,1,1,0,4,3,4,2.3740,2.3724,0.0000,0.6276,0.3724,0.0000,1.0000,1,-0.002354,0.00000912,-0.000949,3.349266,-0.310021
2016-04-11,,3.0700,3.1600,16.2600,61.7778,108.600000,107.749550,0.119204,0.046787,1,1,1,1,0,4,3,4,2.3827,2.3809,0.0000,0.6191,0.3809,0.0000,1.0000,1,-0.010716,0.00000912,-0.008934,3.319345,-0.316185
2016-04-12,,3.0500,3.1600,14.8500,65.3333,109.510000,107.747100,0.118930,0.045374,1,1,1,1,0,4,3,4,2.3885,2.3897,0.0000,0.6103,0.3897,0.0000,1.0000,1,0.023353,0.00000912,0.019550,3.384238,-0.302817
2016-04-13,,3.0300,3.1600,13.8400,69.7778,110.910000,107.755300,0.117019,0.013894,1,1,1,1,0,4,3,4,2.3923,2.3935,0.0000,0.6065,0.3935,0.0000,1.0000,1,0.039037,0.00000872,0.030693,3.488111,-0.281418
2016-04-14,,3.0100,3.1600,13.7200,69.5556,110.920000,107.776450,0.116869,-0.002588,1,1,1,1,1,5,5,4,2.3949,2.3951,0.0000,0.6049,0.3951,-0.0000,1.0000,1,0.000654,0.00000912,0.000178,3.488733,-0.281289
2016-04-15,,2.9900,3.1600,13.6200,69.5556,110.640000,107.794300,0.117648,0.015926,1,1,1,1,0,4,3,5,2.5966,2.5962,0.0000,0.4038,0.5962,-0.0000,1.0000,1,-0.007658,0.00000872,-0.006599,3.465712,-0.286032
2016-04-18,,2.9900,3.1600,13.3500,71.5556,111.230000,107.810850,0.117280,0.019797,1,1,1,1,0,4,3,4,2.5311,2.5330,0.0000,0.4670,0.5330,0.0000,1.0000,1,0.014776,0.00000872,0.012541,3.509175,-0.277078
2016-04-19,,2.9900,3.1600,13.2400,73.6726,110.550000,107.823850,0.117103,0.020653,1,1,1,1,0,4,3,4,2.4874,2.4842,0.0000,0.5158,0.4842,0.0000,1.0000,1,-0.017251,0.00000872,-0.014374,3.458734,-0.287469
2016-04-20,,2.9600,3.1600,13.2800,76.1062,110.640000,107.838550,0.114065,-0.016082,1,1,1,1,1,5,5,4,2.4582,2.4587,0.0000,0.5413,0.4587,0.0000,1.0000,1,0.002454,0.00000832,0.001744,3.464768,-0.286227
2016-04-21,,2.9300,3.1600,13.9500,73.6726,110.650000,107.851950,0.112289,-0.025509,1,1,1,1,1,5,5,5,2.6388,2.6391,0.0000,0.3609,0.6391,0.0000,1.0000,1,0.000282,0.00000912,0.000526,3.466589,-0.285851
2016-04-22,,2.9100,3.1600,13.2200,76.1062,108.980000,107.866400,0.113292,-0.030482,1,1,1,1,1,5,5,5,2.7592,2.7587,0.0000,0.2413,0.7587,0.0000,1.0000,1,-0.045271,0.00000912,-0.040042,3.327779,-0.314447
2016-04-25,,2.8900,3.1600,14.0800,74.1150,108.980000,107.881150,0.113705,-0.037765,1,1,1,1,1,5,5,5,2.8395,2.8399,0.0000,0.1601,0.8399,0.0000,1.0000,1,-0.000788,0.00000912,-0.000424,3.326369,-0.314738
2016-04-26,,2.8800,3.1600,13.9600,77.8761,108.450000,107.885150,0.113704,-0.032440,1,1,1,1,1,5,5,5,2.8930,2.8923,0.0000,0.1077,0.8923,0.0000,1.0000,1,-0.013714,0.00000991,-0.013355,3.281946,-0.323890
2016-04-27,,2.8500,3.1600,13.7700,79.8673,107.580000,107.875350,0.115118,-0.029820,1,1,1,0,1,4,3,5,2.9287,2.9288,0.0000,0.0712,0.9288,0.0000,1.0000,1,-0.024007,0.00000951,-0.023194,3.205823,-0.339571
2016-04-28,,2.8600,3.1600,15.2200,72.5664,106.280000,107.855450,0.116005,-0.045742,1,1,1,0,1,4,3,4,2.7524,2.7500,0.0000,0.2500,0.7500,0.0000,1.0000,1,-0.035462,0.00000951,-0.032428,3.101865,-0.360988
2016-04-29,,2.8900,3.1600,15.7000,69.6903,105.720000,107.832150,0.117336,-0.039962,1,1,1,0,1,4,3,4,2.6350,2.6341,0.0000,0.3659,0.6341,-0.0000,1.0000,1,-0.015939,0.00000872,-0.014432,3.057100,-0.370210
2016-05-02,,2.8600,3.1600,14.6800,73.0088,106.720000,107.806050,0.117349,-0.033952,1,1,1,0,1,4,3,4,2.5566,2.5580,0.0000,0.4420,0.5580,0.0000,1.0000,1,0.026455,0.00000872,0.023105,3.127736,-0.355658
2016-05-03,,2.8600,3.1600,15.6000,66.8142,105.730000,107.766750,0.118282,-0.049643,1,1,1,0,1,4,3,4,2.5044,2.5040,0.0000,0.4960,0.5040,0.0000,1.0000,1,-0.026615,0.00000872,-0.022784,3.056472,-0.370339
2016-05-04,,2.8500,3.1600,16.0500,64.1593,105.050000,107.722100,0.120336,-0.042519,1,1,1,0,1,4,3,4,2.4696,2.4697,0.0000,0.5303,0.4697,0.0000,1.0000,1,-0.019777,0.00000832,-0.016464,3.006151,-0.380706
2016-05-05,,2.8500,3.1600,15.9100,63.9381,105.020000,107.677650,0.119896,-0.049976,1,1,1,0,1,4,3,4,2.4464,2.4453,0.0000,0.5547,0.4453,0.0000,1.0000,1,-0.000551,0.00000753,-0.000242,3.005424,-0.380856
2016-05-06,,2.8600,3.1600,14.7200,66.0044,105.580000,107.642450,0.118681,-0.060723,1,1,1,0,1,4,3,4,2.4309,2.4334,0.0000,0.5666,0.4334,0.0000,1.0000,1,0.014451,0.00000793,0.012005,3.041503,-0.373423
2016-05-09,,2.8700,3.1600,14.5700,66.6667,105.880000,107.610850,0.119263,-0.051322,1,1,1,0,1,4,3,4,2.4206,2.4211,0.0000,0.5789,0.4211,0.0000,1.0000,1,0.008808,0.00000753,0.006752,3.062039,-0.369192
2016-05-10,,2.8900,3.1600,13.6300,70.8609,107.330000,107.592000,0.117918,-0.037899,1,1,1,0,1,4,3,4,2.4138,2.4165,0.0000,0.5835,0.4165,0.0000,1.0000,1,0.041932,0.00000951,0.033474,3.164539,-0.348076
2016-05-11,,2.8900,3.1600,14.6900,67.7704,106.360000,107.572900,0.119467,-0.011984,1,1,1,0,1,4,3,4,2.4092,2.4072,0.0000,0.5928,0.4072,0.0000,1.0000,1,-0.027312,0.00000951,-0.021675,3.095948,-0.362207
2016-05-12,,2.9000,3.1600,14.4100,67.3289,105.890000,107.546700,0.120135,0.013647,1,1,1,0,0,3,1,4,2.4061,2.4042,0.0000,0.5958,0.4042,0.0000,1.0000,1,-0.014040,0.00001030,-0.011141,3.061456,-0.369313
2016-05-13,,2.9100,3.1600,15.0400,65.3422,105.500000,107.516450,0.120605,-0.004036,1,1,1,0,1,4,3,3,2.2041,2.2033,0.0000,0.7967,0.2033,0.0000,1.0000,1,-0.012082,0.00001070,-0.008149,3.036506,-0.374452
2016-05-16,,2.9000,3.1600,14.6800,67.5497,106.820000,107.490150,0.119572,-0.006633,1,1,1,0,1,4,3,4,2.2694,2.2715,0.0000,0.7285,0.2715,0.0000,1.0000,1,0.038545,0.00001149,0.027792,3.120897,-0.357067
2016-05-17,,2.9000,3.1600,15.5700,65.5629,105.480000,107.457800,0.118649,-0.011678,1,1,1,0,1,4,3,4,2.3129,2.3099,0.0000,0.6901,0.3099,0.0000,1.0000,1,-0.038376,0.00001110,-0.029029,3.030301,-0.375731
2016-05-18,,2.8900,3.1600,15.9500,65.7837,105.860000,107.429100,0.116393,-0.045797,1,1,1,0,1,4,3,4,2.3419,2.3432,0.0000,0.6568,0.3432,0.0000,1.0000,1,0.011371,0.00001110,0.008517,3.056108,-0.370414
2016-05-19,,2.8700,3.1600,16.3300,66.0044,105.310000,107.398700,0.117973,-0.031829,1,1,1,0,1,4,3,4,2.3613,2.3609,0.0000,0.6391,0.3609,0.0000,1.0000,1,-0.015783,0.00001189,-0.012115,3.019083,-0.378042
2016-05-20,,2.8500,3.1600,15.2000,68.6534,106.470000,107.369800,0.117500,-0.033825,1,1,1,0,1,4,3,4,2.3742,2.3760,0.0000,0.6240,0.3760,0.0000,1.0000,1,0.033392,0.00001228,0.025609,3.096399,-0.362114
2016-05-23,,2.8600,3.1600,15.8200,67.7704,106.330000,107.349200,0.116612,-0.015274,1,1,1,0,1,4,3,4,2.3828,2.3823,0.0000,0.6177,0.3823,0.0000,1.0000,1,-0.004889,0.00001307,-0.003554,3.085396,-0.364381
2016-05-24,,2.8600,3.1600,14.4200,74.1722,108.460000,107.339950,0.116275,-0.029870,1,1,1,1,1,5,5,4,2.3885,2.3917,0.0000,0.6083,0.3917,0.0000,1.0000,1,0.061205,0.00001386,0.048673,3.235572,-0.333443
2016-05-25,,2.8500,3.1600,13.9000,76.1589,109.240000,107.328300,0.115157,-0.010149,1,1,1,1,1,5,5,5,2.5924,2.5931,0.0000,0.4069,0.5931,0.0000,1.0000,1,0.021540,0.00001386,0.017722,3.292913,-0.321630
2016-05-26,,2.8700,3.1600,13.4300,76.3797,109.560000,107.325400,0.116425,0.000621,1,1,1,1,0,4,3,5,2.7282,2.7287,0.0000,0.2713,0.7287,0.0000,1.0000,1,0.008375,0.00001307,0.007534,3.317724,-0.316519
2016-05-27,,2.8600,3.1600,13.1200,78.3664,110.130000,107.323450,0.116129,-0.004305,1,1,1,1,1,5,5,4,2.6188,2.6195,0.0000,0.3805,0.6195,0.0000,1.0000,1,0.015048,0.00001228,0.013378,3.362107,-0.307376
2016-05-31,,2.8500,3.1600,14.1900,78.8079,110.340000,107.323450,0.117113,-0.003646,1,1,1,1,1,5,5,5,2.7459,2.7459,0.0000,0.2541,0.7459,0.0000,1.0000,1,0.005968,0.00001268,0.005208,3.379617,-0.303768
2016-06-01,,2.8400,3.1600,14.2000,79.0287,110.350000,107.322650,0.117183,-0.007937,1,1,1,1,1,5,5,5,2.8306,2.8311,0.0000,0.1689,0.8311,-0.0000,1.0000,1,0.000383,0.00001347,0.000431,3.381075,-0.303468
2016-06-02,,2.8200,3.1600,13.6300,79.0287,110.580000,107.318400,0.116874,-0.032536,1,1,1,1,1,5,5,5,2.8871,2.8873,0.0000,0.1127,0.8873,0.0000,1.0000,1,0.005643,0.00001189,0.005635,3.400128,-0.299543
2016-06-03,,2.8300,3.1600,13.4700,76.8212,110.060000,107.314400,0.119079,-0.012639,1,1,1,1,1,5,5,5,2.9247,2.9245,0.0000,0.0755,0.9245,0.0000,1.0000,1,-0.013697,0.00001149,-0.013394,3.354586,-0.308925
2016-06-06,,2.8600,3.1600,13.6500,78.5872,110.460000,107.316050,0.118311,-0.019460,1,1,1,1,1,5,5,5,2.9498,2.9499,0.0000,0.0501,0.9499,-0.0000,1.0000,1,0.010705,0.00001189,0.010477,3.389732,-0.301685
2016-06-07,,2.8600,3.1600,14.0500,79.6909,110.180000,107.331550,0.118032,-0.006194,1,1,1,1,1,5,5,5,2.9665,2.9664,0.0000,0.0336,0.9664,0.0000,1.0000,1,-0.007061,0.00001110,-0.006977,3.366083,-0.306557
2016-06-08,,2.8600,3.1600,14.0800,80.5740,110.370000,107.371400,0.118355,-0.006011,1,1,1,1,1,5,5,5,2.9777,2.9777,0.0000,0.0223,0.9777,0.0000,1.0000,1,0.004420,0.00001110,0.004340,3.380691,-0.303547
2016-06-09,,2.8500,3.1600,14.6400,78.5872,110.190000,107.430050,0.119530,0.000671,1,1,1,1,0,4,3,5,2.9851,2.9852,0.0000,0.0148,0.9852,0.0000,1.0000,1,-0.004401,0.00000951,-0.004354,3.365973,-0.306579
2016-06-10,,2.8500,3.1600,17.0300,75.9382,108.940000,107.484300,0.120365,-0.001898,1,1,1,1,1,5,5,4,2.7901,2.7897,0.0000,0.2103,0.7897,0.0000,1.0000,1,-0.033635,0.00001030,-0.033151,3.254389,-0.329567
2016-06-13,,2.8600,3.1600,20.9700,72.4062,108.030000,107.509300,0.121157,0.005672,1,0,1,1,0,3,1,5,2.8601,2.8598,0.0000,0.1402,0.8598,0.0000,1.0000,1,-0.025656,0.00001030,-0.024090,3.175990,-0.345717
2016-06-14,,2.8600,3.1600,20.5000,71.5232,108.030000,107.521250,0.122044,0.026304,1,0,1,1,0,3,1,3,2.5067,2.5074,0.0000,0.4926,0.5074,-0.0000,1.0000,1,0.000510,0.00001070,-0.000515,3.174354,-0.346054
2016-06-15,,2.8800,3.1600,20.1400,70.8609,107.720000,107.531750,0.121444,0.023650,1,0,1,1,0,3,1,3,2.2711,2.2701,0.0000,0.7299,0.2701,0.0000,1.0000,1,-0.008977,0.00001070,-0.006485,3.153768,-0.350295
2016-06-16,,2.9000,3.1600,19.3700,71.5232,108.040000,107.550400,0.121851,0.030115,1,1,1,1,0,4,3,3,2.1141,2.1148,0.0000,0.8852,0.1148,0.0000,1.0000,1,0.007206,0.00001030,0.005220,3.170231,-0.346904
2016-06-17,,2.9000,3.1600,19.4100,69.7572,106.490000,107.577600,0.122385,0.019993,1,1,1,0,0,3,1,4,2.2094,2.2076,0.0000,0.7924,0.2076,0.0000,1.0000,1,-0.034236,0.00001070,-0.025418,3.089652,-0.363504
2016-06-20,,2.8900,3.1600,18.3700,72.6269,107.160000,107.593900,0.121145,0.006360,1,1,1,0,0,3,1,3,2.0729,2.0725,0.0000,0.9275,0.0725,0.0000,1.0000,1,0.017990,0.00001070,0.013755,3.132150,-0.354749
2016-06-21,,2.8700,3.1600,18.4800,72.6269,107.500000,107.614450,0.120970,0.009301,1,1,1,0,0,3,1,3,1.9820,1.9820,0.0180,0.9820,0.0000,0.0000,1.0000,1,0.009979,0.00001110,0.006540,3.152634,-0.350529
2016-06-22,,2.8600,3.1600,21.1700,72.4062,107.240000,107.639850,0.120591,0.000440,1,0,1,0,0,2,-1,3,1.9213,1.9211,0.0789,0.9211,0.0000,0.0000,1.0000,1,-0.006484,0.00001070,-0.005230,3.136147,-0.353925
2016-06-23,,2.8600,3.1600,17.2500,77.7042,108.770000,107.658500,0.119373,-0.002979,1,1,1,1,1,5,5,2,1.6809,1.6822,0.3178,0.6822,0.0000,0.0000,1.0000,1,0.042163,0.00001070,0.025423,3.215877,-0.337500
2016-06-24,,2.8600,3.1600,25.7600,64.2384,104.290000,107.660650,0.124575,0.031581,1,0,1,0,0,2,-1,5,2.1206,2.1196,0.0000,0.8804,0.1196,0.0000,1.0000,1,-0.122465,0.00001228,-0.071252,2.986737,-0.384705
2016-06-27,,2.9800,3.1600,23.8500,58.0574,102.220000,107.646800,0.127831,0.059869,1,0,1,0,0,2,-1,2,1.8137,1.8118,0.1882,0.8118,0.0000,0.0000,1.0000,1,-0.058224,0.00001070,-0.037347,2.875192,-0.407684
2016-06-28,,2.9600,3.1600,18.7500,62.9139,104.460000,107.641250,0.126034,0.047451,1,1,1,0,0,3,1,2,1.6091,1.6117,0.3883,0.6117,0.0000,0.0000,1.0000,1,0.062666,0.00001070,0.035908,2.978435,-0.386415
2016-06-29,,2.9500,3.1600,16.6400,67.1082,106.310000,107.646550,0.124262,0.043170,1,1,1,0,0,3,1,3,1.6728,1.6749,0.3251,0.6749,0.0000,0.0000,1.0000,1,0.051952,0.00001030,0.028834,3.064314,-0.368724
2016-06-30,,2.9000,3.1600,15.6300,70.8609,107.540000,107.651800,0.125242,0.064608,1,1,1,0,0,3,1,3,1.7152,1.7171,0.2829,0.7171,0.0000,0.0000,1.0000,1,0.036368,0.00001030,0.019759,3.124861,-0.356250
2016-07-01,,2.9200,3.1600,14.7700,70.1987,108.080000,107.656750,0.125000,0.050782,1,1,1,1,0,4,3,3,1.7435,1.7443,0.2557,0.7443,0.0000,0.0000,1.0000,1,0.013704,0.00001030,0.008688,3.152010,-0.350658
2016-07-05,,2.8600,3.1600,15.5800,68.4327,107.420000,107.658200,0.126841,0.063169,1,1,1,0,0,3,1,4,1.9623,1.9622,0.0378,0.9622,0.0000,0.0000,1.0000,1,-0.017718,0.00001110,-0.011317,3.116339,-0.358006
2016-07-06,,2.8300,3.1600,14.9600,68.4327,108.300000,107.672950,0.126347,0.061583,1,1,1,1,0,4,3,3,1.9082,1.9092,0.0908,0.9092,0.0000,0.0000,1.0000,1,0.023564,0.00001110,0.015215,3.163753,-0.348238
2016-07-07,,2.8300,3.1600,14.7600,68.8742,108.620000,107.687650,0.124090,0.044146,1,1,1,1,0,4,3,4,2.0721,2.0722,0.0000,0.9278,0.0722,0.0000,1.0000,1,0.009473,0.00001070,0.006291,3.183655,-0.344138
2016-07-08,,2.7900,3.1600,13.2000,73.9514,110.300000,107.718650,0.123536,0.056942,1,1,1,1,0,4,3,4,2.1814,2.1829,0.0000,0.8171,0.1829,0.0000,1.0000,1,0.046216,0.00001149,0.033047,3.288864,-0.322464
2016-07-11,,2.7800,3.1600,13.5400,75.2759,110.930000,107.752400,0.123008,0.053890,1,1,1,1,0,4,3,4,2.2543,2.2543,0.0000,0.7457,0.2543,0.0000,1.0000,1,0.017072,0.00001110,0.012708,3.330657,-0.313855
2016-07-12,,2.7500,3.1600,13.5500,77.2627,111.490000,107.790850,0.120447,0.024605,1,1,1,1,0,4,3,4,2.3029,2.3026,0.0000,0.6974,0.3026,0.0000,1.0000,1,0.015742,0.00001228,0.011015,3.367346,-0.306296
2016-07-13,,2.7000,3.1600,13.0400,77.0419,111.220000,107.832350,0.121417,0.036233,1,1,1,1,0,4,3,4,2.3352,2.3341,0.0000,0.6659,0.3341,0.0000,1.0000,1,-0.007002,0.00001149,-0.005299,3.349501,-0.309973
2016-07-14,,2.6900,3.1600,12.8200,79.0287,111.980000,107.892300,0.119957,0.025086,1,1,1,1,0,4,3,4,2.3568,2.3571,0.0000,0.6429,0.3571,0.0000,1.0000,1,0.020308,0.00001228,0.015200,3.400414,-0.299484
2016-07-15,,2.7000,3.1600,12.6700,79.0287,111.800000,107.953950,0.120465,0.057643,1,1,1,1,0,4,3,4,2.3712,2.3703,0.0000,0.6297,0.3703,0.0000,1.0000,1,-0.005621,0.00001268,-0.003901,3.387150,-0.302217
2016-07-18,,2.6600,3.1600,12.4400,79.6909,112.540000,108.007850,0.120489,0.075630,1,1,1,1,0,4,3,4,2.3808,2.3819,0.0000,0.6181,0.3819,0.0000,1.0000,1,0.019924,0.00001268,0.015783,3.440608,-0.291204
2016-07-19,,2.6700,3.1600,11.9700,79.2494,112.130000,108.057400,0.120403,0.064940,1,1,1,1,0,4,3,4,2.3872,2.3872,0.0000,0.6128,0.3872,0.0000,1.0000,1,-0.010358,0.00001268,-0.008562,3.411149,-0.297272
2016-07-20,,2.6700,3.1600,11.7700,80.7947,113.440000,108.104550,0.119216,0.050436,1,1,1,1,0,4,3,4,2.3915,2.3930,0.0000,0.6070,0.3930,0.0000,1.0000,1,0.034245,0.00001228,0.027714,3.505686,-0.277797
2016-07-21,,2.6600,3.1600,12.7400,80.7947,113.180000,108.142950,0.120385,0.060819,1,1,1,1,0,4,3,4,2.3943,2.3936,0.0000,0.6064,0.3936,0.0000,1.0000,1,-0.005947,0.00001268,-0.005027,3.488063,-0.281427
2016-07-22,,2.6800,3.1600,12.0200,82.1192,113.650000,108.186200,0.121433,0.056918,1,1,1,1,0,4,3,4,2.3962,2.3968,0.0000,0.6032,0.3968,0.0000,1.0000,1,0.011609,0.00001268,0.009349,3.520674,-0.274709
2016-07-25,,2.6600,3.1600,12.8700,82.1192,113.660000,108.226350,0.121556,0.049967,1,1,1,1,0,4,3,4,2.3975,2.3975,0.0000,0.6025,0.3975,-0.0000,1.0000,1,0.000883,0.00001307,0.000654,3.522977,-0.274235
2016-07-26,,2.6500,3.1600,13.0500,83.0022,113.790000,108.265050,0.120438,0.027776,1,1,1,1,0,4,3,4,2.3983,2.3985,0.0000,0.6015,0.3985,0.0000,1.0000,1,0.003352,0.00001268,0.002850,3.533019,-0.272166
2016-07-27,,2.6500,3.1600,12.8300,81.6777,114.580000,108.305300,0.119181,0.016254,1,1,1,1,0,4,3,4,2.3989,2.3985,0.0000,0.6015,0.3985,-0.0000,1.0000,1,0.019515,0.00001228,0.015486,3.587733,-0.260895
2016-07-28,,2.6700,3.1600,12.7200,81.4570,114.980000,108.346250,0.119505,0.010864,1,1,1,1,0,4,3,4,2.3993,2.3994,0.0000,0.6006,0.3994,0.0000,1.0000,1,0.010864,0.00001228,0.008955,3.619861,-0.254276
2016-07-29,,2.6800,3.1600,11.8700,80.5740,115.230000,108.391900,0.120026,-0.002727,1,1,1,1,1,5,5,4,2.3995,2.3996,0.0000,0.6004,0.3996,0.0000,1.0000,1,0.006568,0.00000991,0.004915,3.637651,-0.250611
2016-08-01,,2.7100,3.1600,12.4400,80.7947,115.840000,108.441450,0.120195,0.002639,1,1,1,1,0,4,3,5,2.5997,2.6005,0.0000,0.3995,0.6005,0.0000,1.0000,1,0.015676,0.00001110,0.013137,3.685440,-0.240766
2016-08-02,,2.7300,3.1600,13.3700,78.1457,114.960000,108.477900,0.120181,0.013249,1,1,1,1,0,4,3,4,2.5331,2.5316,0.0000,0.4684,0.5316,0.0000,1.0000,1,-0.022526,0.00001149,-0.019225,3.614586,-0.255363
2016-08-03,,2.7500,3.1600,12.8600,79.2952,115.340000,108.514000,0.119114,-0.001316,1,1,1,1,1,5,5,4,2.4887,2.4897,0.0000,0.5103,0.4897,0.0000,1.0000,1,0.009474,0.00001149,0.008140,3.644009,-0.249301
2016-08-04,,2.7600,3.1600,12.4200,79.9559,115.670000,108.548650,0.118918,0.008804,1,1,1,1,0,4,3,5,2.6592,2.6599,0.0000,0.3401,0.6599,0.0000,1.0000,1,0.008963,0.00001110,0.007697,3.672057,-0.243523
2016-08-05,,2.7600,3.1600,11.3900,83.4802,116.780000,108.591650,0.116257,-0.028390,1,1,1,1,1,5,5,4,2.5728,2.5739,0.0000,0.4261,0.5739,0.0000,1.0000,1,0.028911,0.00001030,0.025087,3.764178,-0.224545
2016-08-08,,2.7300,3.1600,11.5000,83.9207,116.650000,108.637300,0.116281,-0.033864,1,1,1,1,1,5,5,5,2.7152,2.7147,0.0000,0.2853,0.7147,0.0000,1.0000,1,-0.003176,0.00001110,-0.002995,3.752905,-0.226868
2016-08-09,,2.7100,3.1600,11.6600,83.4802,116.920000,108.673350,0.116188,-0.039017,1,1,1,1,1,5,5,5,2.8101,2.8103,0.0000,0.1897,0.8103,-0.0000,1.0000,1,0.006618,0.00001228,0.006090,3.775761,-0.222159
2016-08-10,,2.7000,3.1600,12.0500,82.1586,116.620000,108.692550,0.116500,-0.027039,1,1,1,1,1,5,5,5,2.8734,2.8731,0.0000,0.1269,0.8731,0.0000,1.0000,1,-0.007711,0.00001149,-0.007417,3.747757,-0.227928
2016-08-11,,2.7100,3.1600,11.6800,84.3612,117.120000,108.713900,0.116236,-0.021710,1,1,1,1,1,5,5,5,2.9156,2.9157,0.0000,0.0843,0.9157,0.0000,1.0000,1,0.012924,0.00001110,0.012388,3.794184,-0.218364
2016-08-12,,2.7000,3.1600,11.5500,83.4802,117.200000,108.734500,0.116497,0.000959,1,1,1,1,0,4,3,5,2.9437,2.9439,0.0000,0.0561,0.9439,0.0000,1.0000,1,0.001857,0.00001110,0.001878,3.801309,-0.216896
2016-08-15,,2.7100,3.1600,11.8100,84.5815,117.700000,108.752900,0.114382,-0.032653,1,1,1,1,1,5,5,4,2.7625,2.7628,0.0000,0.2372,0.7628,0.0000,1.0000,1,0.012575,0.00001149,0.011925,3.846641,-0.207557
2016-08-16,,2.7000,3.1600,12.6400,83.7004,117.050000,108.768950,0.113622,-0.035006,1,1,1,1,1,5,5,5,2.8417,2.8411,0.0000,0.1589,0.8411,-0.0000,1.0000,1,-0.015762,0.00001228,-0.014965,3.789075,-0.219416
2016-08-17,,2.7000,3.1600,12.1900,83.2599,117.260000,108.788600,0.115103,-0.013774,1,1,1,1,1,5,5,5,2.8944,2.8946,0.0000,0.1054,0.8946,0.0000,1.0000,1,0.004691,0.00001070,0.004469,3.806008,-0.215928
2016-08-18,,2.6900,3.1600,11.4300,83.9207,117.290000,108.802000,0.116262,-0.000118,1,1,1,1,1,5,5,5,2.9296,2.9297,0.0000,0.0703,0.9297,0.0000,1.0000,1,0.000966,0.00001189,0.001016,3.809873,-0.215132
2016-08-19,,2.7000,3.1600,11.3400,85.0220,117.260000,108.813250,0.115013,-0.001301,1,1,1,1,1,5,5,5,2.9531,2.9532,0.0000,0.0468,0.9532,0.0000,1.0000,1,-0.001367,0.00001189,-0.001301,3.804917,-0.216153
2016-08-22,,2.6700,3.1600,12.2700,85.0220,117.350000,108.824900,0.115316,-0.009948,1,1,1,1,1,5,5,5,2.9687,2.9688,0.0000,0.0312,0.9688,0.0000,1.0000,1,0.000966,0.00001189,0.000989,3.808682,-0.215377
2016-08-23,,2.6500,3.1600,12.3800,84.5815,117.560000,108.839150,0.114582,-0.013877,1,1,1,1,1,5,5,5,2.9791,2.9791,0.0000,0.0209,0.9791,0.0000,1.0000,1,0.005954,0.00001149,0.005841,3.830929,-0.210794
2016-08-24,,2.6400,3.1600,13.4500,83.9207,116.800000,108.849200,0.115125,-0.017623,1,1,1,1,1,5,5,5,2.9861,2.9860,0.0000,0.0140,0.9860,0.0000,1.0000,1,-0.019276,0.00001189,-0.019190,3.757413,-0.225939
2016-08-25,,2.6400,3.1600,13.6300,83.4802,116.610000,108.864400,0.115273,-0.016870,1,1,1,1,1,5,5,5,2.9907,2.9908,0.0000,0.0092,0.9908,0.0000,1.0000,1,-0.004730,0.00001228,-0.004701,3.739750,-0.229578
2016-08-26,,2.6300,3.1550,13.6500,82.3789,116.780000,108.881900,0.113098,-0.033292,1,1,1,1,1,5,5,5,2.9938,2.9938,0.0000,0.0062,0.9938,0.0000,1.0000,1,0.004835,0.00001307,0.004824,3.757789,-0.225862
2016-08-29,,2.6300,3.1550,12.9400,84.1410,116.940000,108.900900,0.113459,-0.049012,1,1,1,1,1,5,5,5,2.9959,2.9959,0.0000,0.0041,0.9959,0.0000,1.0000,1,0.002772,0.00001347,0.002772,3.768207,-0.223715
2016-08-30,,2.5900,3.1550,13.1200,83.4802,116.560000,108.923500,0.112454,-0.051060,1,1,1,1,1,5,5,5,2.9973,2.9972,0.0000,0.0028,0.9972,0.0000,1.0000,1,-0.009027,0.00001307,-0.009020,3.734219,-0.230717
2016-08-31,,2.6200,3.1550,13.4200,82.8194,116.440000,108.956500,0.113235,-0.041736,1,1,1,1,1,5,5,5,2.9982,2.9982,0.0000,0.0018,0.9982,0.0000,1.0000,1,-0.002626,0.00001307,-0.002625,3.724416,-0.232737
2016-09-01,,2.6100,3.1500,13.4800,82.5991,116.740000,108.983100,0.112655,-0.049299,1,1,1,1,1,5,5,5,2.9988,2.9988,0.0000,0.0012,0.9988,-0.0000,1.0000,1,0.004443,0.00001307,0.004443,3.740963,-0.229328
2016-09-02,,2.6200,3.1500,11.9800,83.2599,117.120000,109.011250,0.113637,-0.050763,1,1,1,1,1,5,5,5,2.9992,2.9992,0.0000,0.0008,0.9992,-0.0000,1.0000,1,0.011714,0.00001307,0.011707,3.784757,-0.220306
2016-09-06,,2.6300,3.1500,12.0200,84.3956,117.850000,109.032350,0.114527,-0.050566,1,1,1,1,1,5,5,5,2.9995,2.9995,0.0000,0.0005,0.9995,0.0000,1.0000,1,0.018541,0.00001307,0.018537,3.854914,-0.205853
2016-09-07,,2.6400,3.1500,11.9400,84.1758,117.920000,109.053400,0.114561,-0.057197,1,1,1,1,1,5,5,5,2.9996,2.9996,0.0000,0.0004,0.9996,0.0000,1.0000,1,0.001828,0.00001268,0.001828,3.861961,-0.204401
2016-09-08,,2.6500,3.1500,12.5100,83.7363,117.230000,109.067150,0.115212,-0.058795,1,1,1,1,1,5,5,5,2.9998,2.9998,0.0000,0.0002,0.9998,0.0000,1.0000,1,-0.017139,0.00001347,-0.017137,3.795777,-0.218036
2016-09-09,,2.6700,3.1500,17.5000,74.9451,114.280000,109.067800,0.113607,-0.066254,1,1,1,1,1,5,5,5,2.9998,2.9998,0.0000,0.0002,0.9998,0.0000,1.0000,1,-0.075805,0.00001386,-0.075801,3.508055,-0.277309
2016-09-12,,2.6700,3.1500,15.1600,81.0989,116.330000,109.079200,0.113987,-0.067001,1,1,1,1,1,5,5,5,2.9999,2.9999,0.0000,0.0001,0.9999,0.0000,1.0000,1,0.051275,0.00001386,0.051274,3.687927,-0.240254
2016-09-13,,2.6800,3.1500,17.8500,76.2637,115.290000,109.084900,0.114055,-0.070275,1,1,1,1,1,5,5,5,2.9999,2.9999,0.0000,0.0001,0.9999,0.0000,1.0000,1,-0.023598,0.00001466,-0.023597,3.600901,-0.258182
2016-09-14,,2.7000,3.1500,18.1400,75.8242,115.840000,109.092550,0.114544,-0.055880,1,1,1,1,1,5,5,5,3.0000,3.0000,0.0000,0.0000,1.0000,0.0000,1.0000,1,0.012850,0.00001426,0.012850,3.647172,-0.248650
2016-09-15,,2.7000,3.1500,16.3000,78.2418,117.640000,109.110650,0.114270,-0.057205,1,1,1,1,1,5,5,5,3.0000,3.0000,0.0000,0.0000,1.0000,0.0000,1.0000,1,0.046379,0.00001307,0.046378,3.816321,-0.213803
2016-09-16,,2.7200,3.1500,15.3700,76.4835,117.290000,109.121300,0.115433,-0.043854,1,1,1,1,1,5,5,5,3.0000,3.0000,0.0000,0.0000,1.0000,0.0000,1.0000,1,-0.001124,0.00001149,-0.001124,3.812032,-0.214687
2016-09-19,,2.7100,3.1500,15.5300,77.1429,116.780000,109.132950,0.116560,-0.023857,1,1,1,1,1,5,5,5,3.0000,3.0000,0.0000,0.0000,1.0000,0.0000,1.0000,1,-0.013103,0.00001189,-0.013103,3.762082,-0.224977
2016-09-20,,2.7000,3.1350,15.9200,76.2637,117.000000,109.155400,0.116343,-0.069428,1,1,1,1,1,5,5,5,3.0000,3.0000,0.0000,0.0000,1.0000,0.0000,1.0000,1,0.005539,0.00001189,0.005539,3.782920,-0.220684
2016-09-21,,2.7000,3.1150,13.3000,79.1209,118.150000,109.170450,0.117389,-0.088317,1,1,1,1,1,5,5,5,3.0000,3.0000,0.0000,0.0000,1.0000,0.0000,1.0000,1,0.029081,0.00001189,0.029081,3.892930,-0.198021
2016-09-22,,2.7000,3.1050,12.0200,81.9780,119.090000,109.192800,0.117368,-0.073486,1,1,1,1,1,5,5,5,3.0000,3.0000,0.0000,0.0000,1.0000,0.0000,1.0000,1,0.023378,0.00000872,0.023378,3.983941,-0.179272
2016-09-23,,2.6900,3.1000,12.2900,79.3407,118.330000,109.211300,0.117922,-0.053324,1,1,1,1,1,5,5,5,3.0000,3.0000,0.0000,0.0000,1.0000,-0.0000,1.0000,1,-0.017999,0.00000714,-0.017999,3.912235,-0.194044
2016-09-26,,2.6800,3.1000,14.5000,76.7033,117.340000,109.233550,0.118582,-0.054384,1,1,1,1,1,5,5,5,3.0000,3.0000,0.0000,0.0000,1.0000,0.0000,1.0000,1,-0.024830,0.00000714,-0.024830,3.815096,-0.214056
2016-09-27,,2.7000,3.0950,13.1000,78.4615,118.500000,109.259050,0.116320,-0.071309,1,1,1,1,1,5,5,5,3.0000,3.0000,0.0000,0.0000,1.0000,0.0000,1.0000,1,0.028354,0.00000991,0.028354,3.923267,-0.191772
2016-09-28,,2.6900,3.0850,12.3900,80.0000,118.700000,109.298600,0.115583,-0.092260,1,1,1,1,1,5,5,5,3.0000,3.0000,0.0000,0.0000,1.0000,0.0000,1.0000,1,0.005467,0.00001030,0.005467,3.944717,-0.187353
2016-09-29,,2.6900,3.0800,14.0200,78.2418,117.840000,109.329650,0.114892,-0.092837,1,1,1,1,1,5,5,5,3.0000,3.0000,0.0000,0.0000,1.0000,0.0000,1.0000,1,-0.021207,0.00001070,-0.021207,3.861060,-0.204587
2016-09-30,,2.6700,3.0750,13.2900,79.5604,118.720000,109.361700,0.113245,-0.090215,1,1,1,1,1,5,5,5,3.0000,3.0000,0.0000,0.0000,1.0000,0.0000,1.0000,1,0.020555,0.00001030,0.020555,3.940426,-0.188237
2016-10-03,,2.6900,3.0700,13.5700,76.9231,118.550000,109.384550,0.111920,-0.095419,1,1,1,1,1,5,5,5,3.0000,3.0000,0.0000,0.0000,1.0000,0.0000,1.0000,1,-0.002255,0.00001149,-0.002255,3.931541,-0.190067
2016-10-04,,2.6600,3.0650,13.6300,72.0879,118.370000,109.414800,0.110141,-0.105236,1,1,1,1,1,5,5,5,3.0000,3.0000,0.0000,0.0000,1.0000,0.0000,1.0000,1,-0.005690,0.00001268,-0.005690,3.909170,-0.194676
2016-10-05,,2.6600,3.0600,12.9900,71.6484,118.790000,109.459600,0.109424,-0.091808,1,1,1,1,1,5,5,5,3.0000,3.0000,0.0000,0.0000,1.0000,0.0000,1.0000,1,0.010426,0.00001307,0.010426,3.949927,-0.186279
2016-10-06,,2.6400,3.0550,12.8400,71.6484,118.730000,109.498000,0.109324,-0.099997,1,1,1,1,1,5,5,5,3.0000,3.0000,0.0000,0.0000,1.0000,0.0000,1.0000,1,-0.001552,0.00001268,-0.001552,3.943797,-0.187542
2016-10-07,,2.6100,3.0500,13.4800,69.6703,118.470000,109.531450,0.109561,-0.086227,1,1,1,1,1,5,5,5,3.0000,3.0000,0.0000,0.0000,1.0000,0.0000,1.0000,1,-0.006527,0.00001307,-0.006527,3.918057,-0.192845
2016-10-10,,2.6300,3.0400,13.3800,71.2088,119.220000,109.564500,0.109895,-0.087875,1,1,1,1,1,5,5,5,3.0000,3.0000,0.0000,0.0000,1.0000,0.0000,1.0000,1,0.017910,0.00001307,0.017910,3.988230,-0.178389
2016-10-11,,2.6300,3.0200,15.3600,68.1319,117.520000,109.589150,0.110036,-0.085562,1,1,1,1,1,5,5,5,3.0000,3.0000,0.0000,0.0000,1.0000,0.0000,1.0000,1,-0.041337,0.00001307,-0.041337,3.823369,-0.212351
2016-10-12,,2.6000,3.0000,15.9100,68.7912,117.420000,109.613600,0.110968,-0.077464,1,1,1,1,1,5,5,5,3.0000,3.0000,0.0000,0.0000,1.0000,0.0000,1.0000,1,-0.002084,0.00001386,-0.002084,3.815401,-0.213993
2016-10-13,,2.6000,2.9900,16.6900,68.7912,117.000000,109.627100,0.112718,-0.053485,1,1,1,1,1,5,5,5,3.0000,3.0000,0.0000,0.0000,1.0000,0.0000,1.0000,1,-0.011726,0.00001466,-0.011726,3.770663,-0.223209
2016-10-14,,2.5900,2.9900,16.1200,67.4725,117.140000,109.646450,0.112026,-0.068423,1,1,1,1,1,5,5,5,3.0000,3.0000,0.0000,0.0000,1.0000,0.0000,1.0000,1,0.002275,0.00001189,0.002275,3.779243,-0.221442
2016-10-17,,2.6300,2.9850,16.2100,65.7143,116.820000,109.671250,0.113029,-0.067659,1,1,1,1,1,5,5,5,3.0000,3.0000,0.0000,0.0000,1.0000,0.0000,1.0000,1,-0.006892,0.00001268,-0.006892,3.753196,-0.226808
2016-10-18,,2.6200,2.9700,15.2800,68.4211,117.860000,109.713050,0.113284,-0.067121,1,1,1,1,1,5,5,5,3.0000,3.0000,0.0000,0.0000,1.0000,0.0000,1.0000,1,0.025637,0.00001347,0.025637,3.849416,-0.206986
2016-10-19,,2.6200,2.9600,14.4100,68.4211,117.850000,109.755750,0.112726,-0.063303,1,1,1,1,1,5,5,5,3.0000,3.0000,0.0000,0.0000,1.0000,0.0000,1.0000,1,0.000398,0.00001347,0.000398,3.850948,-0.206670
2016-10-20,,2.6200,2.9550,13.7500,67.9825,117.710000,109.803000,0.112867,-0.052330,1,1,1,1,1,5,5,5,3.0000,3.0000,0.0000,0.0000,1.0000,0.0000,1.0000,1,-0.004218,0.00001386,-0.004218,3.834707,-0.210016
2016-10-21,,2.5900,2.9400,13.3400,67.1053,118.150000,109.869400,0.112160,-0.060667,1,1,1,1,1,5,5,5,3.0000,3.0000,0.0000,0.0000,1.0000,0.0000,1.0000,1,0.010868,0.00001386,0.010868,3.876383,-0.201430
2016-10-24,,2.6000,2.9250,13.0200,69.0789,119.570000,109.947200,0.112104,-0.065324,1,1,1,1,1,5,5,5,3.0000,3.0000,0.0000,0.0000,1.0000,0.0000,1.0000,1,0.036442,0.00001347,0.036442,4.017647,-0.172328
2016-10-25,,2.5900,2.9150,13.4600,66.8860,119.190000,110.021500,0.113181,-0.057605,1,1,1,1,1,5,5,5,3.0000,3.0000,0.0000,0.0000,1.0000,0.0000,1.0000,1,-0.009991,0.00001307,-0.009991,3.977506,-0.180598
2016-10-26,,2.5800,2.9100,14.2400,65.5702,118.380000,110.085700,0.113690,-0.053564,1,1,1,1,1,5,5,5,3.0000,3.0000,0.0000,0.0000,1.0000,0.0000,1.0000,1,-0.019183,0.00001347,-0.019183,3.901204,-0.196317
2016-10-27,,2.6000,2.9050,15.3600,62.2807,117.840000,110.165400,0.113313,-0.048018,1,1,1,1,1,5,5,5,3.0000,3.0000,0.0000,0.0000,1.0000,0.0000,1.0000,1,-0.013982,0.00001307,-0.013982,3.846658,-0.207554
2016-10-28,,2.5900,2.9000,16.1900,63.3772,117.100000,110.230550,0.114002,-0.040599,1,1,1,1,1,5,5,5,3.0000,3.0000,0.0000,0.0000,1.0000,0.0000,1.0000,1,-0.017287,0.00001189,-0.017287,3.780162,-0.221253
2016-10-31,,2.6000,2.9000,17.0600,65.7895,116.990000,110.311300,0.116279,0.000179,1,1,1,1,0,4,3,5,3.0000,3.0000,0.0000,0.0000,1.0000,0.0000,1.0000,1,-0.005674,0.00001189,-0.005674,3.758712,-0.225671
2016-11-01,,2.6100,2.9000,18.5600,60.3070,116.110000,110.386550,0.114995,-0.010703,1,1,1,1,1,5,5,4,2.8000,2.7985,0.0000,0.2015,0.7985,-0.0000,1.0000,1,-0.020545,0.00001347,-0.018836,3.687914,-0.240257
2016-11-02,,2.6100,2.9000,19.3200,57.4561,115.180000,110.458700,0.114237,-0.016149,1,1,1,1,1,5,5,5,2.8667,2.8657,0.0000,0.1343,0.8657,0.0000,1.0000,1,-0.026053,0.00001386,-0.024700,3.596823,-0.259022
2016-11-03,,2.6300,2.9000,22.0800,56.1404,114.050000,110.524700,0.115193,-0.010760,1,0,1,1,1,4,3,5,2.9111,2.9105,0.0000,0.0895,0.9105,0.0000,1.0000,1,-0.028801,0.00001466,-0.027889,3.496512,-0.279687
2016-11-04,,2.6700,2.8950,22.5100,55.9211,113.650000,110.574100,0.114960,-0.010467,1,0,1,1,1,4,3,4,2.7407,2.7404,0.0000,0.2596,0.7404,0.0000,1.0000,1,-0.011352,0.00001505,-0.010806,3.458728,-0.287471
2016-11-07,,2.6700,2.8900,18.7100,62.2807,116.350000,110.644700,0.114450,-0.017147,1,1,1,1,1,5,5,4,2.6272,2.6281,0.0000,0.3719,0.6281,0.0000,1.0000,1,0.071651,0.00001505,0.065039,3.683679,-0.241129
2016-11-08,,2.6600,2.8900,18.7400,64.4737,117.110000,110.714500,0.114824,0.003776,1,1,1,1,0,4,3,5,2.7514,2.7528,0.0000,0.2472,0.7528,0.0000,1.0000,1,0.019601,0.00001624,0.017939,3.749760,-0.227516
2016-11-09,,2.6200,2.8900,14.3800,65.3509,117.650000,110.799850,0.109438,-0.036559,1,1,1,1,1,5,5,4,2.6343,2.6378,0.0000,0.3622,0.6378,0.0000,1.0000,1,0.014011,0.00001703,0.010787,3.790208,-0.219183
2016-11-10,,2.6600,2.8900,14.7400,64.6930,115.750000,110.868600,0.106537,-0.073925,1,1,1,1,1,5,5,5,2.7562,2.7524,0.0000,0.2476,0.7524,-0.0000,1.0000,1,-0.047558,0.00001782,-0.044450,3.621732,-0.253890
2016-11-11,,2.6000,2.8900,14.1700,63.5965,115.800000,110.926950,0.106344,-0.084351,1,1,1,1,1,5,5,5,2.8375,2.8382,0.0000,0.1618,0.8382,0.0000,1.0000,1,-0.000843,0.00001900,0.000039,3.621872,-0.253862
2016-11-14,,2.6000,2.8850,14.4800,64.0351,114.630000,110.978050,0.106191,-0.076018,1,1,1,1,1,5,5,5,2.8916,2.8901,0.0000,0.1099,0.8901,0.0000,1.0000,1,-0.033767,0.00001900,-0.032361,3.504666,-0.278007
2016-11-15,,2.6000,2.8800,13.3700,65.7895,116.220000,111.048400,0.107064,-0.071475,1,1,1,1,1,5,5,5,2.9278,2.9282,0.0000,0.0718,0.9282,0.0000,1.0000,1,0.046305,0.00002177,0.044526,3.660716,-0.245859
2016-11-16,,2.5900,2.8750,13.7200,64.6930,116.910000,111.124650,0.106531,-0.069907,1,1,1,1,1,5,5,5,2.9518,2.9523,0.0000,0.0477,0.9523,0.0000,1.0000,1,0.016283,0.00002019,0.016192,3.719991,-0.233648
2016-11-17,,2.5500,2.8700,13.3500,67.3246,117.760000,111.205200,0.106009,-0.079595,1,1,1,1,1,5,5,5,2.9679,2.9681,0.0000,0.0319,0.9681,0.0000,1.0000,1,0.023170,0.00001861,0.022860,3.805031,-0.216129
2016-11-18,,2.5400,2.8700,12.8500,66.4474,117.320000,111.301200,0.105927,-0.081380,1,1,1,1,1,5,5,5,2.9786,2.9785,0.0000,0.0215,0.9785,0.0000,1.0000,1,-0.011242,0.00001742,-0.011163,3.762554,-0.224880
2016-11-21,,2.5200,2.8700,12.4200,67.7632,118.540000,111.410800,0.106246,-0.061382,1,1,1,1,1,5,5,5,2.9857,2.9858,0.0000,0.0142,0.9858,0.0000,1.0000,1,0.030050,0.00001742,0.029887,3.875005,-0.201714
2016-11-22,,2.5200,2.8650,12.4100,69.2982,118.900000,111.523700,0.106447,-0.062433,1,1,1,1,1,5,5,5,2.9905,2.9905,0.0000,0.0095,0.9905,0.0000,1.0000,1,0.008988,0.00001821,0.008943,3.909657,-0.194575
2016-11-23,,2.5300,2.8600,12.4300,68.4211,118.420000,111.632350,0.105324,-0.064190,1,1,1,1,1,5,5,5,2.9937,2.9936,0.0000,0.0064,0.9936,0.0000,1.0000,1,-0.012034,0.00001940,-0.012004,3.862726,-0.204244
2016-11-25,,2.4900,2.8600,12.3400,71.2719,118.800000,111.743600,0.106446,-0.061093,1,1,1,1,1,5,5,5,2.9958,2.9958,0.0000,0.0042,0.9958,0.0000,1.0000,1,0.009650,0.00002019,0.009628,3.899914,-0.196582
2016-11-28,,2.4800,2.8600,13.1500,69.7368,118.530000,111.846150,0.109012,-0.032793,1,1,1,1,1,5,5,5,2.9972,2.9972,0.0000,0.0028,0.9972,0.0000,1.0000,1,-0.005562,0.00001940,-0.005557,3.878241,-0.201047
2016-11-29,,2.4700,2.8600,12.9000,69.2982,118.940000,111.939700,0.109253,-0.039034,1,1,1,1,1,5,5,5,2.9981,2.9981,0.0000,0.0019,0.9981,0.0000,1.0000,1,0.009611,0.00001900,0.009605,3.915491,-0.193373
2016-11-30,,2.4600,2.8600,13.3300,64.9123,117.500000,112.014700,0.106067,-0.074328,1,1,1,1,1,5,5,5,2.9987,2.9987,0.0000,0.0013,0.9987,0.0000,1.0000,1,-0.032381,0.00001900,-0.032373,3.788737,-0.219486
2016-12-01,,2.4500,2.8600,14.0700,63.5965,115.470000,112.085400,0.105616,-0.078284,1,1,1,1,1,5,5,5,2.9992,2.9992,0.0000,0.0008,0.9992,-0.0000,1.0000,1,-0.054915,0.00001900,-0.054895,3.580755,-0.262332
2016-12-02,,2.4200,2.8600,14.1200,62.7193,115.700000,112.155750,0.106519,-0.075861,1,1,1,1,1,5,5,5,2.9994,2.9994,0.0000,0.0006,0.9994,0.0000,1.0000,1,0.004010,0.00001900,0.004009,3.595112,-0.259374
2016-12-05,,2.4200,2.8600,12.1400,64.2544,116.600000,112.222350,0.106018,-0.069213,1,1,1,1,1,5,5,5,2.9996,2.9996,0.0000,0.0004,0.9996,0.0000,1.0000,1,0.023116,0.00001940,0.023112,3.678201,-0.242257
2016-12-06,,2.4200,2.8600,11.7900,66.0088,116.880000,112.298850,0.105480,-0.076479,1,1,1,1,1,5,5,5,2.9998,2.9998,0.0000,0.0002,0.9998,0.0000,1.0000,1,0.007227,0.00001940,0.007226,3.704778,-0.236782
2016-12-07,,2.4400,2.8600,12.2200,69.0789,118.360000,112.377900,0.105476,-0.079227,1,1,1,1,1,5,5,5,2.9998,2.9998,0.0000,0.0002,0.9998,0.0000,1.0000,1,0.037110,0.00001940,0.037108,3.842256,-0.208460
2016-12-08,,2.4400,2.8600,12.6400,70.1754,118.570000,112.452950,0.105396,-0.084355,1,1,1,1,1,5,5,5,2.9999,2.9999,0.0000,0.0001,0.9999,0.0000,1.0000,1,0.006123,0.00002058,0.006122,3.865781,-0.203614
2016-12-09,,2.4300,2.8600,11.7500,70.8333,119.500000,112.533300,0.105867,-0.077368,1,1,1,1,1,5,5,5,2.9999,2.9999,0.0000,0.0001,0.9999,0.0000,1.0000,1,0.023393,0.00002019,0.023393,3.956212,-0.184985
2016-12-12,,2.4300,2.8600,12.6400,71.0526,118.960000,112.615600,0.107094,-0.076605,1,1,1,1,1,5,5,5,3.0000,3.0000,0.0000,0.0000,1.0000,0.0000,1.0000,1,-0.013901,0.00002137,-0.013900,3.901219,-0.196314
2016-12-13,,2.4100,2.8600,12.7200,73.9035,120.460000,112.688950,0.107482,-0.083121,1,1,1,1,1,5,5,5,3.0000,3.0000,0.0000,0.0000,1.0000,0.0000,1.0000,1,0.039079,0.00002019,0.039079,4.053674,-0.164907
2016-12-14,,2.3900,2.8600,13.1900,70.1754,120.210000,112.760850,0.106140,-0.092817,1,1,1,1,1,5,5,5,3.0000,3.0000,0.0000,0.0000,1.0000,0.0000,1.0000,1,-0.007311,0.00002137,-0.007311,4.024037,-0.171012
2016-12-15,,2.3200,2.8550,12.7900,70.3947,120.400000,112.834700,0.106455,-0.097893,1,1,1,1,1,5,5,5,3.0000,3.0000,0.0000,0.0000,1.0000,0.0000,1.0000,1,0.006074,0.00002177,0.006074,4.048479,-0.165977
2016-12-16,,2.2400,2.8500,12.2000,69.5175,119.600000,112.904350,0.107559,-0.086603,1,1,1,1,1,5,5,5,3.0000,3.0000,0.0000,0.0000,1.0000,0.0000,1.0000,1,-0.012150,0.00002019,-0.012150,3.999290,-0.176110
2016-12-19,,2.2800,2.8500,11.7100,69.5175,120.090000,112.979700,0.107724,-0.090301,1,1,1,1,1,5,5,5,3.0000,3.0000,0.0000,0.0000,1.0000,0.0000,1.0000,1,0.012223,0.00002019,0.012223,4.048174,-0.166040
2016-12-20,,2.2800,2.8500,11.4500,70.3947,120.550000,113.061700,0.107443,-0.099270,1,1,1,1,1,5,5,5,3.0000,3.0000,0.0000,0.0000,1.0000,0.0000,1.0000,1,0.012075,0.00002058,0.012075,4.097057,-0.155969
2016-12-21,,2.2800,2.8500,11.2700,69.0789,120.460000,113.139900,0.107299,-0.081215,1,1,1,1,1,5,5,5,3.0000,3.0000,0.0000,0.0000,1.0000,0.0000,1.0000,1,-0.003505,0.00002058,-0.003505,4.082697,-0.158927
2016-12-22,,2.2600,2.8500,11.4300,66.8860,120.120000,113.217200,0.107862,-0.069497,1,1,1,1,1,5,5,5,3.0000,3.0000,0.0000,0.0000,1.0000,0.0000,1.0000,1,-0.008680,0.00002058,-0.008680,4.047258,-0.166228
2016-12-23,,2.2700,2.8500,11.4400,67.7632,120.200000,113.285750,0.107682,-0.065974,1,1,1,1,1,5,5,5,3.0000,3.0000,0.0000,0.0000,1.0000,0.0000,1.0000,1,0.003095,0.00002019,0.003095,4.059783,-0.163648
2016-12-27,,2.2500,2.8500,11.9900,68.6404,120.820000,113.356500,0.107504,-0.053034,1,1,1,1,1,5,5,5,3.0000,3.0000,0.0000,0.0000,1.0000,0.0000,1.0000,1,0.014600,0.00002058,0.014600,4.119055,-0.151437
2016-12-28,,2.2500,2.8450,12.9500,65.7895,119.880000,113.422750,0.107375,-0.042226,1,1,1,1,1,5,5,5,3.0000,3.0000,0.0000,0.0000,1.0000,0.0000,1.0000,1,-0.023142,0.00002019,-0.023142,4.023732,-0.171075
2016-12-29,,2.2600,2.8350,13.3700,66.8860,119.710000,113.483400,0.108848,-0.012267,1,1,1,1,1,5,5,5,3.0000,3.0000,0.0000,0.0000,1.0000,0.0000,1.0000,1,-0.004859,0.00002098,-0.004859,4.004179,-0.175103
2016-12-30,,2.2700,2.8300,14.0400,65.5702,118.480000,113.538200,0.108643,-0.007393,1,1,1,1,1,5,5,5,3.0000,3.0000,0.0000,0.0000,1.0000,0.0000,1.0000,1,-0.029223,0.00001861,-0.029223,3.887164,-0.199209
2017-01-03,,2.2800,2.8300,12.8500,67.5439,119.540000,113.599050,0.107552,-0.016923,1,1,1,1,1,5,5,5,3.0000,3.0000,0.0000,0.0000,1.0000,0.0000,1.0000,1,0.024208,0.00002019,0.024208,3.981265,-0.179823
2017-01-04,,2.2700,2.8250,11.8500,70.6140,120.190000,113.661050,0.107313,-0.021619,1,1,1,1,1,5,5,5,3.0000,3.0000,0.0000,0.0000,1.0000,0.0000,1.0000,1,0.017036,0.00002098,0.017036,4.049091,-0.165851
2017-01-05,,2.2500,2.8050,11.6700,71.0526,120.870000,113.724800,0.107509,-0.022746,1,1,1,1,1,5,5,5,3.0000,3.0000,0.0000,0.0000,1.0000,0.0000,1.0000,1,0.017732,0.00002098,0.017732,4.120888,-0.151060
2017-01-06,,2.2500,2.7850,11.3200,72.1491,121.930000,113.798300,0.107456,-0.024965,1,1,1,1,1,5,5,5,3.0000,3.0000,0.0000,0.0000,1.0000,0.0000,1.0000,1,0.025356,0.00002058,0.025356,4.225377,-0.129534
2017-01-09,,2.2400,2.7700,11.5600,69.2982,122.330000,113.873650,0.106398,-0.043637,1,1,1,1,1,5,5,5,3.0000,3.0000,0.0000,0.0000,1.0000,0.0000,1.0000,1,0.010123,0.00002098,0.010123,4.268151,-0.120722
2017-01-10,,2.2400,2.7600,11.4900,71.0526,122.600000,113.951100,0.106067,-0.062726,1,1,1,1,1,5,5,5,3.0000,3.0000,0.0000,0.0000,1.0000,0.0000,1.0000,1,0.005726,0.00001979,0.005726,4.292591,-0.115687
2017-01-11,,2.2400,2.7550,11.2600,70.8333,122.930000,114.021600,0.106869,-0.049052,1,1,1,1,1,5,5,5,3.0000,3.0000,0.0000,0.0000,1.0000,0.0000,1.0000,1,0.007687,0.00002058,0.007687,4.325588,-0.108890
2017-01-12,,2.2200,2.7500,11.5400,70.8333,122.740000,114.088500,0.107226,-0.054753,1,1,1,1,1,5,5,5,3.0000,3.0000,0.0000,0.0000,1.0000,0.0000,1.0000,1,-0.005085,0.00002058,-0.005085,4.303590,-0.113422
2017-01-13,,2.2500,2.7400,11.2300,72.1491,123.160000,114.158300,0.106827,-0.060562,1,1,1,1,1,5,5,5,3.0000,3.0000,0.0000,0.0000,1.0000,0.0000,1.0000,1,0.011501,0.00002058,0.011501,4.353085,-0.103225
2017-01-17,,2.2300,2.7300,11.8700,73.2456,122.790000,114.220450,0.108376,-0.040751,1,1,1,1,1,5,5,5,3.0000,3.0000,0.0000,0.0000,1.0000,0.0000,1.0000,1,-0.009405,0.00002098,-0.009405,4.312146,-0.111659
2017-01-18,,2.2600,2.7250,12.4800,73.0263,123.040000,114.285950,0.108004,-0.045675,1,1,1,1,1,5,5,5,3.0000,3.0000,0.0000,0.0000,1.0000,0.0000,1.0000,1,0.006802,0.00002177,0.006802,4.341476,-0.105617
2017-01-19,,2.2200,2.7150,12.7800,70.6140,122.980000,114.356450,0.107454,-0.044295,1,1,1,1,1,5,5,5,3.0000,3.0000,0.0000,0.0000,1.0000,0.0000,1.0000,1,-0.002674,0.00002098,-0.002674,4.329866,-0.108009
2017-01-20,,2.2100,2.7100,11.5400,72.1491,123.250000,114.419350,0.107259,-0.045597,1,1,1,1,1,5,5,5,3.0000,3.0000,0.0000,0.0000,1.0000,0.0000,1.0000,1,0.006492,0.00002058,0.006492,4.357974,-0.102218
2017-01-23,,2.2100,2.7100,11.7700,70.1754,123.350000,114.490700,0.106987,-0.057793,1,1,1,1,1,5,5,5,3.0000,3.0000,0.0000,0.0000,1.0000,0.0000,1.0000,1,0.002243,0.00001979,0.002243,4.367750,-0.100204
2017-01-24,,2.2100,2.7100,11.0700,72.8070,124.180000,114.566600,0.106283,-0.069372,1,1,1,1,1,5,5,5,3.0000,3.0000,0.0000,0.0000,1.0000,0.0000,1.0000,1,0.020845,0.00002019,0.020845,4.458797,-0.081448
2017-01-25,,2.2200,2.7100,10.8100,74.1228,125.430000,114.650750,0.105371,-0.075485,1,1,1,1,1,5,5,5,3.0000,3.0000,0.0000,0.0000,1.0000,0.0000,1.0000,1,0.029190,0.00002019,0.029190,4.588949,-0.054635
2017-01-26,,2.2100,2.7050,10.6300,73.0263,125.560000,114.731000,0.105525,-0.080235,1,1,1,1,1,5,5,5,3.0000,3.0000,0.0000,0.0000,1.0000,0.0000,1.0000,1,0.004128,0.00001979,0.004128,4.607891,-0.050733
2017-01-27,,2.2000,2.7000,10.5800,72.1491,125.800000,114.805450,0.105669,-0.098292,1,1,1,1,1,5,5,5,3.0000,3.0000,0.0000,0.0000,1.0000,0.0000,1.0000,1,0.004774,0.00002019,0.004774,4.629888,-0.046201
2017-01-30,,2.1900,2.7000,11.8800,71.7105,124.820000,114.874950,0.106416,-0.080445,1,1,1,1,1,5,5,5,3.0000,3.0000,0.0000,0.0000,1.0000,0.0000,1.0000,1,-0.022700,0.00002058,-0.022700,4.524790,-0.067853
2017-01-31,,2.2100,2.7000,11.9900,73.4649,124.570000,114.944600,0.108074,-0.058525,1,1,1,1,1,5,5,5,3.0000,3.0000,0.0000,0.0000,1.0000,0.0000,1.0000,1,-0.005537,0.00002019,-0.005537,4.499736,-0.073014
2017-02-01,,2.2300,2.7000,11.8100,71.7105,125.430000,115.015600,0.106164,-0.085457,1,1,1,1,1,5,5,5,3.0000,3.0000,0.0000,0.0000,1.0000,0.0000,1.0000,1,0.019012,0.00002058,0.019012,4.585283,-0.055390
2017-02-02,,2.2300,2.7000,11.9300,75.2193,125.320000,115.089450,0.107213,-0.073599,1,1,1,1,1,5,5,5,3.0000,3.0000,0.0000,0.0000,1.0000,0.0000,1.0000,1,-0.002532,0.00002019,-0.002532,4.573673,-0.057782
2017-02-03,,2.2300,2.7000,10.9700,75.6579,125.680000,115.164650,0.106610,-0.073701,1,1,1,1,1,5,5,5,3.0000,3.0000,0.0000,0.0000,1.0000,0.0000,1.0000,1,0.008684,0.00002058,0.008684,4.613390,-0.049600
2017-02-06,,2.2400,2.7000,11.3700,74.3421,125.830000,115.240550,0.106583,-0.076742,1,1,1,1,1,5,5,5,3.0000,3.0000,0.0000,0.0000,1.0000,0.0000,1.0000,1,0.003709,0.00002019,0.003709,4.630500,-0.046075
2017-02-07,,2.2500,2.7000,11.2900,74.3421,126.290000,115.327100,0.106840,-0.025111,1,1,1,1,1,5,5,5,3.0000,3.0000,0.0000,0.0000,1.0000,0.0000,1.0000,1,0.010293,0.00002098,0.010293,4.678161,-0.036257
2017-02-08,,2.2400,2.7000,11.4500,77.1930,126.500000,115.414700,0.107747,0.012006,1,1,1,1,0,4,3,5,3.0000,3.0000,0.0000,0.0000,1.0000,0.0000,1.0000,1,0.005617,0.00002098,0.005617,4.704437,-0.030844
2017-02-09,,2.2500,2.7000,10.8800,79.3860,126.960000,115.507250,0.106201,-0.001432,1,1,1,1,1,5,5,4,2.8000,2.8004,0.0000,0.1996,0.8004,0.0000,1.0000,1,0.010391,0.00002137,0.009820,4.750635,-0.021326
2017-02-10,,2.2400,2.7000,10.8500,80.4825,127.380000,115.606250,0.106453,0.002636,1,1,1,1,0,4,3,5,2.8667,2.8667,0.0000,0.1333,0.8667,0.0000,1.0000,1,0.009898,0.00002137,0.009172,4.794207,-0.012350
2017-02-13,,2.2300,2.7000,11.0700,81.1404,128.100000,115.715350,0.106393,-0.006691,1,1,1,1,1,5,5,4,2.7111,2.7119,0.0000,0.2881,0.7119,0.0000,1.0000,1,0.017566,0.00002177,0.016105,4.871418,0.000000
2017-02-14,,2.2300,2.6950,10.7400,80.7018,128.530000,115.829400,0.105199,-0.013416,1,1,1,1,1,5,5,5,2.8074,2.8079,0.0000,0.1921,0.8079,0.0000,1.0000,1,0.009382,0.00002058,0.008803,4.914303,0.000000
2017-02-15,,2.2100,2.6900,11.9700,81.3596,129.290000,115.942250,0.104397,-0.016314,1,1,1,1,1,5,5,5,2.8716,2.8722,0.0000,0.1278,0.8722,0.0000,1.0000,1,0.017227,0.00002137,0.016428,4.995035,0.000000
2017-02-16,,2.1900,2.6900,11.7600,82.0175,129.250000,116.059850,0.105530,-0.004024,1,1,1,1,1,5,5,5,2.9144,2.9143,0.0000,0.0857,0.9143,0.0000,1.0000,1,-0.000853,0.00002137,-0.000863,4.990727,-0.000863
2017-02-17,,2.2000,2.6900,11.4900,82.8947,129.810000,116.183650,0.105428,-0.008222,1,1,1,1,1,5,5,5,2.9429,2.9432,0.0000,0.0568,0.9432,0.0000,1.0000,1,0.012560,0.00002098,0.012370,5.052461,0.000000
2017-02-21,,2.2100,2.6900,11.5700,84.2105,130.450000,116.310800,0.105903,-0.005476,1,1,1,1,1,5,5,5,2.9620,2.9621,0.0000,0.0379,0.9621,0.0000,1.0000,1,0.015896,0.00002098,0.015579,5.131174,0.000000
2017-02-22,,2.2000,2.6900,11.7400,83.7719,130.500000,116.435400,0.106442,0.011360,1,1,1,1,0,4,3,5,2.9746,2.9747,0.0000,0.0253,0.9747,0.0000,1.0000,1,0.000119,0.00002098,0.000148,5.131936,0.000000
2017-02-23,,2.2100,2.6850,11.7100,83.7719,130.010000,116.556050,0.107469,0.010255,1,1,1,1,0,4,3,4,2.7831,2.7822,0.0000,0.2178,0.7822,0.0000,1.0000,1,-0.010786,0.00002058,-0.009813,5.081578,-0.009813
2017-02-24,,2.2300,2.6800,11.4700,85.5263,130.260000,116.670700,0.108959,-0.000522,1,1,1,1,1,5,5,4,2.6554,2.6571,0.0000,0.3429,0.6571,0.0000,1.0000,1,0.005392,0.00002019,0.003866,5.101222,-0.005985
2017-02-27,,2.2300,2.6800,12.0900,85.7456,130.420000,116.791000,0.108178,-0.010561,1,1,1,1,1,5,5,5,2.7703,2.7708,0.0000,0.2292,0.7708,0.0000,1.0000,1,0.002979,0.00002058,0.003218,5.117638,-0.002786
2017-02-28,,2.2100,2.6800,12.9200,85.3070,130.020000,116.911650,0.109464,0.034369,1,1,1,1,0,4,3,5,2.8468,2.8465,0.0000,0.1535,0.8465,0.0000,1.0000,1,-0.007842,0.00001979,-0.007725,5.078105,-0.010489
2017-03-01,,2.1900,2.6750,12.5400,86.8421,131.440000,117.041350,0.106994,0.014252,1,1,1,1,0,4,3,4,2.6979,2.6990,0.0000,0.3010,0.6990,0.0000,1.0000,1,0.032335,0.00002098,0.029814,5.229505,0.000000
2017-03-02,,2.1800,2.6700,11.8100,85.5263,130.780000,117.161150,0.108448,0.019650,1,1,1,1,0,4,3,4,2.5986,2.5974,0.0000,0.4026,0.5974,0.0000,1.0000,1,-0.015777,0.00002492,-0.013539,5.158701,-0.013539
2017-03-03,,2.1600,2.6700,10.9600,85.5263,131.020000,117.288850,0.108045,0.020622,1,1,1,1,0,4,3,4,2.5324,2.5329,0.0000,0.4671,0.5329,0.0000,1.0000,1,0.005186,0.00002650,0.004330,5.181037,-0.009268
2017-03-06,,2.1600,2.6700,11.2400,84.6491,130.730000,117.413200,0.108157,0.027208,1,1,1,1,0,4,3,4,2.4883,2.4886,0.0000,0.5114,0.4886,0.0000,1.0000,1,-0.006918,0.00002808,-0.005766,5.151164,-0.014981
2017-03-07,,2.1700,2.6700,11.4500,82.0175,130.510000,117.539200,0.108418,0.029426,1,1,1,1,0,4,3,4,2.4588,2.4591,0.0000,0.5409,0.4591,0.0000,1.0000,1,-0.004959,0.00002926,-0.004522,5.127871,-0.019435
2017-03-08,,2.1500,2.6700,11.8600,81.1404,130.740000,117.660550,0.107055,0.016537,1,1,1,1,0,4,3,4,2.4392,2.4394,0.0000,0.5606,0.4394,0.0000,1.0000,1,0.005103,0.00003005,0.004294,5.149891,-0.015224
2017-03-09,,2.1500,2.6700,12.3000,80.9211,130.840000,117.783100,0.106687,0.008101,1,1,1,1,0,4,3,4,2.4262,2.4265,0.0000,0.5735,0.4265,0.0000,1.0000,1,0.003070,0.00002886,0.002078,5.160591,-0.013178
2017-03-10,,2.1700,2.6700,11.6600,81.7982,131.390000,117.897750,0.107198,0.001025,1,1,1,1,0,4,3,4,2.4174,2.4172,0.0000,0.5828,0.4172,0.0000,1.0000,1,0.010946,0.00002886,0.009614,5.210204,-0.003691
2017-03-13,,2.1800,2.6700,11.3500,81.3596,131.610000,118.009600,0.107460,-0.000212,1,1,1,1,1,5,5,4,2.4116,2.4123,0.0000,0.5877,0.4123,0.0000,1.0000,1,0.005821,0.00002965,0.004180,5.231984,0.000000
2017-03-14,,2.1700,2.6650,12.3000,80.7018,131.290000,118.118250,0.107767,0.016072,1,1,1,1,0,4,3,5,2.6077,2.6078,0.0000,0.3922,0.6078,0.0000,1.0000,1,-0.007408,0.00003123,-0.006155,5.199781,-0.006155
2017-03-15,,2.1800,2.6600,11.6300,83.5526,132.100000,118.228100,0.108558,0.020818,1,1,1,1,0,4,3,4,2.5385,2.5391,0.0000,0.4609,0.5391,0.0000,1.0000,1,0.017493,0.00003083,0.015307,5.279374,0.000000
2017-03-16,,2.2000,2.6600,11.2100,82.8947,132.010000,118.336450,0.107577,0.000182,1,1,1,1,0,4,3,4,2.4923,2.4916,0.0000,0.5084,0.4916,0.0000,1.0000,1,-0.000573,0.00002886,-0.000544,5.276501,-0.000544
2017-03-17,,2.2100,2.6600,11.2800,83.7719,131.690000,118.443150,0.108066,0.003341,1,1,1,1,0,4,3,4,2.4616,2.4612,0.0000,0.5388,0.4612,0.0000,1.0000,1,-0.002408,0.00002886,-0.002109,5.265373,-0.002652
2017-03-20,,2.2200,2.6600,11.3400,82.6754,131.810000,118.549300,0.107496,0.000523,1,1,1,1,0,4,3,4,2.4410,2.4413,0.0000,0.5587,0.4413,0.0000,1.0000,1,0.002989,0.00002886,0.002519,5.278636,-0.000140
2017-03-21,,2.2300,2.6600,12.4700,80.2632,129.810000,118.648050,0.110405,0.029965,1,1,1,1,0,4,3,4,2.4274,2.4227,0.0000,0.5773,0.4227,0.0000,1.0000,1,-0.044585,0.00003005,-0.035998,5.088617,-0.036133
2017-03-22,,2.2300,2.6600,12.8100,80.9211,130.690000,118.749200,0.110680,0.027150,1,1,1,1,0,4,3,4,2.4182,2.4199,0.0000,0.5801,0.4199,0.0000,1.0000,1,0.019674,0.00003044,0.015718,5.168601,-0.020982
2017-03-23,,2.2300,2.6550,13.1200,81.1404,130.360000,118.850100,0.110456,0.026706,1,1,1,1,0,4,3,4,2.4122,2.4116,0.0000,0.5884,0.4116,0.0000,1.0000,1,-0.008000,0.00003044,-0.006063,5.137264,-0.026918
2017-03-24,,2.2400,2.6500,12.9600,81.3596,130.630000,118.951400,0.110942,0.033054,1,1,1,1,0,4,3,4,2.4081,2.4078,0.0000,0.5922,0.4078,0.0000,1.0000,1,0.005456,0.00003005,0.003945,5.157531,-0.023079
2017-03-27,,2.2200,2.6500,12.5000,80.4825,130.840000,119.054650,0.110628,0.031542,1,1,1,1,0,4,3,4,2.4054,2.4075,0.0000,0.5925,0.4075,0.0000,1.0000,1,0.005308,0.00003083,0.004542,5.180955,-0.018642
2017-03-28,,2.2300,2.6500,11.5300,82.9322,131.640000,119.168150,0.109744,0.008638,1,1,1,1,0,4,3,4,2.4036,2.4051,0.0000,0.5949,0.4051,0.0000,1.0000,1,0.018773,0.00003083,0.014688,5.257051,-0.004228
2017-03-29,,2.2200,2.6450,11.4200,83.5886,132.250000,119.289250,0.109344,0.006802,1,1,1,1,0,4,3,4,2.4024,2.4035,0.0000,0.5965,0.4035,0.0000,1.0000,1,0.013244,0.00003083,0.010905,5.314377,0.000000
2017-03-30,,2.2300,2.6400,11.5400,84.0263,132.470000,119.411450,0.108151,0.005843,1,1,1,1,0,4,3,4,2.4016,2.4021,0.0000,0.5979,0.4021,0.0000,1.0000,1,0.005001,0.00003083,0.003685,5.333959,0.000000
2017-03-31,,2.2300,2.6400,12.3700,83.8074,132.380000,119.534750,0.108828,0.014683,1,1,1,1,0,4,3,4,2.4011,2.4011,0.0000,0.5989,0.4011,0.0000,1.0000,1,-0.002375,0.00003083,-0.001568,5.325596,-0.001568
2017-04-03,,2.2400,2.6400,12.3800,83.1510,132.300000,119.656050,0.108996,0.014377,1,1,1,1,0,4,3,4,2.4007,2.4002,0.0000,0.5998,0.4002,0.0000,1.0000,1,-0.002154,0.00003005,-0.001756,5.316243,-0.003321
2017-04-04,,2.2600,2.6350,11.7900,82.9322,132.510000,119.786150,0.109266,0.017462,1,1,1,1,0,4,3,4,2.4005,2.4016,0.0000,0.5984,0.4016,0.0000,1.0000,1,0.004545,0.00003123,0.003503,5.334867,0.000000
2017-04-05,,2.2600,2.6300,12.8900,81.1816,131.970000,119.910200,0.110210,0.037135,1,1,1,1,0,4,3,4,2.4003,2.3990,0.0000,0.6010,0.3990,0.0000,1.0000,1,-0.011423,0.00003123,-0.009147,5.286067,-0.009147
2017-04-06,,2.2900,2.6300,12.3900,81.4004,132.040000,120.032900,0.109625,0.034867,1,1,1,1,0,4,3,4,2.4002,2.3999,0.0000,0.6001,0.3999,0.0000,1.0000,1,0.000801,0.00003162,0.000882,5.290729,-0.008274
2017-04-07,,2.2700,2.6300,12.8700,81.6193,131.970000,120.156550,0.109269,0.023253,1,1,1,1,0,4,3,4,2.4001,2.4002,0.0000,0.5998,0.4002,0.0000,1.0000,1,-0.001143,0.00003123,-0.001076,5.285036,-0.009341
2017-04-10,,2.2400,2.6300,14.0500,82.0569,132.020000,120.272800,0.109395,0.021010,1,1,1,1,0,4,3,4,2.4001,2.3998,0.0000,0.6002,0.3998,0.0000,1.0000,1,0.001145,0.00003241,0.001021,5.290434,-0.008329
2017-04-11,,2.2400,2.6300,15.0700,82.0569,131.450000,120.408600,0.109483,0.025740,1,1,1,1,0,4,3,4,2.4001,2.3993,0.0000,0.6007,0.3993,0.0000,1.0000,1,-0.012574,0.00003241,-0.010149,5.236740,-0.018393
2017-04-12,,2.2400,2.6300,15.7700,80.3063,130.920000,120.552100,0.110776,0.022913,1,1,1,1,0,4,3,4,2.4000,2.3990,0.0000,0.6010,0.3990,0.0000,1.0000,1,-0.013197,0.00003241,-0.010272,5.182948,-0.028477
2017-04-13,,2.2800,2.6250,15.9600,77.2429,130.400000,120.681800,0.111135,0.029722,1,1,1,1,0,4,3,4,2.4000,2.3995,0.0000,0.6005,0.3995,0.0000,1.0000,1,-0.011849,0.00003201,-0.009831,5.131993,-0.038028
2017-04-17,,2.2800,2.6200,14.6600,80.3063,131.480000,120.807650,0.110649,0.030873,1,1,1,1,0,4,3,4,2.4000,2.4011,0.0000,0.5989,0.4011,0.0000,1.0000,1,0.023745,0.00003201,0.019302,5.231051,-0.019460
2017-04-18,,2.2900,2.6200,14.4200,78.7746,131.280000,120.926350,0.111237,0.038250,1,1,1,1,0,4,3,4,2.4000,2.4006,0.0000,0.5994,0.4006,0.0000,1.0000,1,-0.002899,0.00003280,-0.002694,5.216958,-0.022102
2017-04-19,,2.2900,2.6200,14.9300,79.2123,131.490000,121.043400,0.110671,0.035547,1,1,1,1,0,4,3,4,2.4000,2.3995,0.0000,0.6005,0.3995,0.0000,1.0000,1,0.003489,0.00003241,0.003106,5.233160,-0.019065
2017-04-20,,2.2900,2.6200,14.1500,81.6193,132.590000,121.169250,0.109352,0.029862,1,1,1,1,0,4,3,4,2.4000,2.4009,0.0000,0.5991,0.4009,0.0000,1.0000,1,0.024223,0.00003201,0.019217,5.333728,-0.000214
2017-04-21,,2.2800,2.6200,14.6300,81.1816,132.560000,121.290550,0.110256,0.047377,1,1,1,1,0,4,3,4,2.4000,2.3996,0.0000,0.6004,0.3996,0.0000,1.0000,1,-0.000452,0.00003123,-0.000180,5.332767,-0.000394
2017-04-24,,2.2900,2.6150,10.8400,82.7133,134.160000,121.418250,0.109626,0.040194,1,1,1,1,0,4,3,4,2.4000,2.4002,0.0000,0.5998,0.4002,0.0000,1.0000,1,0.036341,0.00003123,0.028999,5.487410,0.000000
2017-04-25,,2.2800,2.6100,10.7600,84.0263,135.130000,121.542400,0.108845,0.031316,1,1,1,1,0,4,3,4,2.4000,2.4009,0.0000,0.5991,0.4009,0.0000,1.0000,1,0.022176,0.00003201,0.017595,5.583962,0.000000
2017-04-26,,2.2600,2.6100,10.8500,84.2451,134.940000,121.662450,0.108578,0.021284,1,1,1,1,0,4,3,4,2.4000,2.3996,0.0000,0.6004,0.3996,0.0000,1.0000,1,-0.004382,0.00003241,-0.003473,5.564568,-0.003473
2017-04-27,,2.2700,2.6100,10.3600,82.4945,135.750000,121.783750,0.108864,0.007671,1,1,1,1,0,4,3,4,2.4000,2.4007,0.0000,0.5993,0.4007,0.0000,1.0000,1,0.017497,0.00003280,0.014005,5.642501,0.000000
2017-04-28,,2.2800,2.6050,10.8200,81.4004,135.990000,121.907600,0.108577,0.023775,1,1,1,1,0,4,3,4,2.4000,2.3995,0.0000,0.6005,0.3995,0.0000,1.0000,1,0.005697,0.00003201,0.004415,5.667413,0.000000
2017-05-01,,2.2800,2.6000,10.1100,79.8687,137.200000,122.033700,0.107655,0.004312,1,1,1,1,0,4,3,4,2.4000,2.4013,0.0000,0.5987,0.4013,0.0000,1.0000,1,0.025176,0.00003162,0.020210,5.781949,0.000000
2017-05-02,,2.2900,2.6000,10.5900,79.6499,137.430000,122.161850,0.107740,0.011029,1,1,1,1,0,4,3,4,2.4000,2.4001,0.0000,0.5999,0.4001,0.0000,1.0000,1,0.005935,0.00003280,0.004830,5.809874,0.000000
2017-05-03,,2.3000,2.6000,10.6800,78.5558,136.990000,122.284100,0.107493,0.008899,1,1,1,1,0,4,3,4,2.4000,2.3997,0.0000,0.6003,0.3997,0.0000,1.0000,1,-0.009867,0.00003241,-0.007849,5.764273,-0.007849
2017-05-04,,2.2300,2.6000,10.4600,77.6805,137.040000,122.408650,0.107744,0.008824,1,1,1,1,0,4,3,4,2.4000,2.4000,0.0000,0.6000,0.4000,0.0000,1.0000,1,0.001027,0.00003359,0.000830,5.769054,-0.007026
2017-05-05,,2.2500,2.6000,10.5700,78.9934,137.540000,122.529150,0.107906,0.001537,1,1,1,1,0,4,3,4,2.4000,2.4004,0.0000,0.5996,0.4004,0.0000,1.0000,1,0.010879,0.00003398,0.008641,5.818902,0.000000
2017-05-08,,2.2400,2.6000,9.7700,79.2123,137.840000,122.652450,0.107882,0.016448,1,1,1,1,0,4,3,4,2.4000,2.4002,0.0000,0.5998,0.4002,0.0000,1.0000,1,0.005990,0.00003556,0.004993,5.847958,0.000000
2017-05-09,,2.2300,2.6000,9.9600,79.4311,138.320000,122.775800,0.107188,0.007134,1,1,1,1,0,4,3,4,2.4000,2.4004,0.0000,0.5996,0.4004,0.0000,1.0000,1,0.011000,0.00003595,0.008641,5.898488,0.000000
2017-05-10,,2.2200,2.5950,10.2100,79.2123,138.400000,122.899500,0.107162,0.007455,1,1,1,1,0,4,3,4,2.4000,2.4002,0.0000,0.5998,0.4002,0.0000,1.0000,1,0.001597,0.00003595,0.001152,5.905285,0.000000
2017-05-11,,2.2200,2.5900,10.6000,79.2123,138.290000,123.022000,0.107528,0.022675,1,1,1,1,0,4,3,4,2.4000,2.4005,0.0000,0.5995,0.4005,0.0000,1.0000,1,-0.002392,0.00003556,-0.001931,5.893882,-0.001931
2017-05-12,,2.2400,2.5900,10.4000,77.4617,138.600000,123.142100,0.108231,0.037356,1,1,1,1,0,4,3,4,2.4000,2.4003,0.0000,0.5997,0.4003,0.0000,1.0000,1,0.006494,0.00003516,0.005322,5.925246,0.000000
2017-05-15,,2.2500,2.5900,10.4200,78.5558,139.040000,123.262400,0.108094,0.024875,1,1,1,1,0,4,3,4,2.4000,2.4007,0.0000,0.5993,0.4007,0.0000,1.0000,1,0.009330,0.00003477,0.007416,5.969186,0.000000
2017-05-16,,2.2500,2.5900,10.6500,77.4617,139.620000,123.384350,0.107402,0.019121,1,1,1,1,0,4,3,4,2.4000,2.4003,0.0000,0.5997,0.4003,0.0000,1.0000,1,0.012587,0.00003556,0.010223,6.030208,0.000000
2017-05-17,,2.2400,2.5900,15.5900,73.7418,136.070000,123.485500,0.109618,0.034975,1,1,1,1,0,4,3,4,2.4000,2.3957,0.0000,0.6043,0.3957,0.0000,1.0000,1,-0.075653,0.00003556,-0.061053,5.662047,-0.061053
2017-05-18,,2.2600,2.5850,14.6600,74.1794,137.260000,123.597000,0.109558,0.029338,1,1,1,1,0,4,3,4,2.4000,2.4023,0.0000,0.5977,0.4023,0.0000,1.0000,1,0.025321,0.00003556,0.020340,5.777211,-0.041955
2017-05-19,,2.2600,2.5650,12.0400,76.5864,137.840000,123.709500,0.109269,0.016884,1,1,1,1,0,4,3,4,2.4000,2.3997,0.0000,0.6003,0.3997,0.0000,1.0000,1,0.012091,0.00003673,0.010228,5.836303,-0.032156
2017-05-22,,2.2600,2.5450,10.9300,77.8993,139.000000,123.826150,0.109657,0.006478,1,1,1,1,0,4,3,4,2.4000,2.4014,0.0000,0.5986,0.4014,0.0000,1.0000,1,0.025919,0.00003634,0.020461,5.955721,-0.012352
2017-05-23,,2.2400,2.5350,10.7200,78.5558,139.140000,123.937950,0.109706,0.014306,1,1,1,1,0,4,3,4,2.4000,2.3996,0.0000,0.6004,0.3996,0.0000,1.0000,1,0.002467,0.00003673,0.001958,5.967384,-0.010418
2017-05-24,,2.2200,2.5250,10.0200,78.7746,139.780000,124.053600,0.110074,0.005672,1,1,1,1,0,4,3,4,2.4000,2.4005,0.0000,0.5995,0.4005,0.0000,1.0000,1,0.013782,0.00003634,0.011206,6.034256,0.000000
2017-05-25,,2.2500,2.5200,9.9900,77.8993,140.970000,124.173850,0.110440,0.032475,1,1,1,1,0,4,3,4,2.4000,2.4013,0.0000,0.5987,0.4013,0.0000,1.0000,1,0.026316,0.00003673,0.020446,6.157631,0.000000
2017-05-26,,2.2400,2.5050,9.8100,77.8993,141.220000,124.296850,0.110463,0.018844,1,1,1,1,0,4,3,4,2.4000,2.4003,0.0000,0.5997,0.4003,0.0000,1.0000,1,0.004258,0.00003713,0.003783,6.180928,0.000000
2017-05-30,,2.2400,2.4850,10.3800,77.0241,141.340000,124.417950,0.110911,0.026872,1,1,1,1,0,4,3,4,2.4000,2.4003,0.0000,0.5997,0.4003,0.0000,1.0000,1,0.002073,0.00003713,0.001965,6.193072,0.000000
2017-05-31,,2.2500,2.4750,10.4100,77.6805,141.290000,124.538400,0.111498,0.031372,1,1,1,1,0,4,3,4,2.4000,2.3988,0.0000,0.6012,0.3988,0.0000,1.0000,1,-0.001222,0.00003673,-0.001222,6.185505,-0.001222
2017-06-01,,2.2300,2.4650,9.8900,79.8687,141.840000,124.659100,0.111399,0.028234,1,1,1,1,0,4,3,4,2.4000,2.4004,0.0000,0.5996,0.4004,0.0000,1.0000,1,0.011955,0.00003870,0.010010,6.247424,0.000000
2017-06-02,,2.2400,2.4550,9.7500,80.1310,143.460000,124.791150,0.111152,0.039499,1,1,1,1,0,4,3,4,2.4000,2.4020,0.0000,0.5980,0.4020,0.0000,1.0000,1,0.034139,0.00003870,0.026663,6.413997,0.000000
2017-06-05,,2.2400,2.4450,10.0700,79.0393,143.430000,124.922000,0.110886,0.040535,1,1,1,1,0,4,3,4,2.4000,2.4002,0.0000,0.5998,0.4002,0.0000,1.0000,1,-0.000810,0.00003870,-0.000423,6.411286,-0.000423
2017-06-06,,2.2400,2.4400,10.4500,78.3843,142.860000,125.049850,0.110995,0.036235,1,1,1,1,0,4,3,4,2.4000,2.3993,0.0000,0.6007,0.3993,0.0000,1.0000,1,-0.011343,0.00003791,-0.008945,6.353940,-0.009363
2017-06-07,,2.2500,2.4350,10.3900,79.2576,143.420000,125.180650,0.111159,0.035271,1,1,1,1,0,4,3,4,2.4000,2.4000,0.0000,0.6000,0.4000,0.0000,1.0000,1,0.010927,0.00003831,0.008662,6.408979,-0.000782
2017-06-08,,2.2300,2.4300,10.1600,78.8210,143.570000,125.311750,0.110181,0.023054,1,1,1,1,0,4,3,4,2.4000,2.3995,0.0000,0.6005,0.3995,0.0000,1.0000,1,0.002702,0.00003949,0.002471,6.424816,0.000000
2017-06-09,,2.2300,2.4250,10.7000,79.4760,139.980000,125.423850,0.110246,0.015838,1,1,1,1,0,4,3,4,2.4000,2.3939,0.0000,0.6061,0.3939,0.0000,1.0000,1,-0.072314,0.00003988,-0.059073,6.045283,-0.059073
2017-06-12,,2.2100,2.4200,11.4600,80.1310,139.230000,125.536000,0.110063,0.023583,1,1,1,1,0,4,3,4,2.4000,2.4010,0.0000,0.5990,0.4010,0.0000,1.0000,1,-0.018108,0.00003988,-0.013810,5.961798,-0.072067
2017-06-13,,2.2200,2.4200,10.4200,81.8777,140.360000,125.654750,0.109793,0.016488,1,1,1,1,0,4,3,4,2.4000,2.4005,0.0000,0.5995,0.4005,0.0000,1.0000,1,0.023373,0.00003870,0.019070,6.075490,-0.054371
2017-06-14,,2.2100,2.4150,10.6400,80.7860,139.750000,125.769600,0.110527,0.029078,1,1,1,1,0,4,3,4,2.4000,2.3981,0.0000,0.6019,0.3981,0.0000,1.0000,1,-0.013395,0.00003949,-0.010708,6.010433,-0.064497
2017-06-15,,2.1900,2.4000,10.9000,80.7860,139.130000,125.880550,0.111375,0.009166,1,1,1,1,0,4,3,4,2.4000,2.4015,0.0000,0.5985,0.4015,0.0000,1.0000,1,-0.013479,0.00003988,-0.010965,5.944527,-0.074755
2017-06-16,,2.1800,2.3550,10.3800,81.6594,138.150000,125.988500,0.111503,0.007702,1,1,1,1,0,4,3,4,2.4000,2.3993,0.0000,0.6007,0.3993,0.0000,1.0000,1,-0.011980,0.00004027,-0.009132,5.890243,-0.083204
2017-06-19,,2.1900,2.3100,10.3700,82.0961,140.460000,126.108600,0.110214,-0.002288,1,1,1,1,1,5,5,4,2.4000,2.4014,0.0000,0.5986,0.4014,0.0000,1.0000,1,0.048402,0.00004066,0.038604,6.117628,-0.047813
2017-06-20,,2.1700,2.2950,10.8600,80.5677,139.360000,126.221700,0.111024,0.000766,1,1,1,1,0,4,3,5,2.6000,2.5983,0.0000,0.4017,0.5983,0.0000,1.0000,1,-0.022653,0.00004027,-0.019732,5.996916,-0.066601
2017-06-21,,2.1600,2.2900,10.7500,79.6943,140.740000,126.339800,0.110393,-0.002212,1,1,1,1,1,5,5,4,2.5333,2.5351,0.0000,0.4649,0.5351,0.0000,1.0000,1,0.029046,0.00003988,0.024683,6.144940,-0.043562
2017-06-22,,2.1500,2.2900,10.4800,79.0393,140.700000,126.454050,0.109928,0.001732,1,1,1,1,0,4,3,5,2.6889,2.6884,0.0000,0.3116,0.6884,0.0000,1.0000,1,-0.001140,0.00003909,-0.001369,6.136529,-0.044871
2017-06-23,,2.1600,2.2900,10.0200,79.2576,141.240000,126.570650,0.109427,0.000779,1,1,1,1,0,4,3,4,2.5926,2.5938,0.0000,0.4062,0.5938,0.0000,1.0000,1,0.011227,0.00003791,0.009482,6.194717,-0.035814
2017-06-26,,2.1500,2.2900,9.9000,80.7860,140.580000,126.687400,0.110095,0.018507,1,1,1,1,0,4,3,4,2.5284,2.5259,0.0000,0.4741,0.5259,0.0000,1.0000,1,-0.013267,0.00003831,-0.010880,6.127317,-0.046305
2017-06-27,,2.1500,2.2900,11.0600,78.3843,138.030000,126.806150,0.109746,0.008640,1,1,1,1,0,4,3,4,2.4856,2.4819,0.0000,0.5181,0.4819,0.0000,1.0000,1,-0.055020,0.00003909,-0.045598,5.847926,-0.089791
2017-06-28,,2.1200,2.2850,10.0300,81.4410,140.020000,126.924600,0.107725,-0.012063,1,1,1,1,1,5,5,4,2.4571,2.4596,0.0000,0.5404,0.4596,0.0000,1.0000,1,0.041978,0.00003949,0.034378,6.048966,-0.058500
2017-06-29,,2.1400,2.2800,11.4400,79.4760,137.590000,127.036100,0.107810,-0.013657,1,1,1,1,1,5,5,5,2.6380,2.6348,0.0000,0.3652,0.6348,0.0000,1.0000,1,-0.050939,0.00004027,-0.044489,5.779853,-0.100386
2017-06-30,,2.1100,2.2800,11.1800,79.0393,137.640000,127.145100,0.107444,-0.025842,1,1,1,1,1,5,5,5,2.7587,2.7578,0.0000,0.2422,0.7578,0.0000,1.0000,1,-0.003469,0.00004106,-0.003325,5.760635,-0.103377
2017-07-03,,2.0900,2.2800,11.2200,81.2227,136.190000,127.237850,0.106767,-0.026817,1,1,1,1,1,5,5,5,2.8391,2.8370,0.0000,0.1630,0.8370,0.0000,1.0000,1,-0.027238,0.00004066,-0.026526,5.607827,-0.127161
2017-07-05,,2.0700,2.2800,11.0700,79.2576,137.530000,127.339050,0.106006,-0.030824,1,1,1,1,1,5,5,5,2.8928,2.8933,0.0000,0.1067,0.8933,0.0000,1.0000,1,0.028526,0.00004184,0.027366,5.761289,-0.103276
2017-07-06,,2.0800,2.2800,12.5400,78.6026,136.290000,127.436600,0.106942,-0.022915,1,1,1,1,1,5,5,5,2.9285,2.9285,0.0000,0.0715,0.9285,0.0000,1.0000,1,-0.026405,0.00004145,-0.025570,5.613975,-0.126205
2017-07-07,,2.0700,2.2800,11.1900,79.3028,137.760000,127.540400,0.106336,-0.029604,1,1,1,1,1,5,5,5,2.9523,2.9526,0.0000,0.0474,0.9526,0.0000,1.0000,1,0.029959,0.00004106,0.029435,5.779222,-0.100484
2017-07-10,,2.0800,2.2800,11.1100,78.2135,138.660000,127.642950,0.106139,-0.043351,1,1,1,1,1,5,5,5,2.9682,2.9684,0.0000,0.0316,0.9684,0.0000,1.0000,1,0.020923,0.00004145,0.020664,5.898645,-0.081897
2017-07-11,,2.0800,2.2800,10.8900,78.6492,139.050000,127.742750,0.106156,-0.046664,1,1,1,1,1,5,5,5,2.9788,2.9789,0.0000,0.0211,0.9789,0.0000,1.0000,1,0.008197,0.00004106,0.008146,5.946694,-0.074418
2017-07-12,,2.0800,2.2800,10.3000,79.0850,140.700000,127.854600,0.106266,-0.041207,1,1,1,1,1,5,5,5,2.9859,2.9859,0.0000,0.0141,0.9859,0.0000,1.0000,1,0.035598,0.00004145,0.035376,6.157065,-0.041675
2017-07-13,,2.0900,2.2750,9.9000,79.0850,141.010000,127.972950,0.105720,-0.051837,1,1,1,1,1,5,5,5,2.9906,2.9906,0.0000,0.0094,0.9906,0.0000,1.0000,1,0.006607,0.00004145,0.006572,6.197528,-0.035377
2017-07-14,,2.0900,2.2700,9.5100,80.8279,142.120000,128.091050,0.105718,-0.047081,1,1,1,1,1,5,5,5,2.9937,2.9938,0.0000,0.0062,0.9938,0.0000,1.0000,1,0.023495,0.00004145,0.023430,6.342735,-0.012776
2017-07-17,,2.0900,2.2700,9.8200,81.6993,142.190000,128.208500,0.106219,-0.029893,1,1,1,1,1,5,5,5,2.9958,2.9958,0.0000,0.0042,0.9958,0.0000,1.0000,1,0.000558,0.00004106,0.000556,6.346264,-0.012226
2017-07-18,,2.0900,2.2700,9.8900,81.0458,143.140000,128.335000,0.106468,-0.035977,1,1,1,1,1,5,5,5,2.9972,2.9972,0.0000,0.0028,0.9972,0.0000,1.0000,1,0.019877,0.00004224,0.019860,6.472304,0.000000
2017-07-19,,2.0800,2.2700,9.7900,83.2244,143.980000,128.461300,0.106340,-0.031213,1,1,1,1,1,5,5,5,2.9981,2.9981,0.0000,0.0019,0.9981,0.0000,1.0000,1,0.018306,0.00004224,0.018290,6.590683,0.000000
2017-07-20,,2.0700,2.2650,9.5800,82.1351,144.170000,128.589400,0.107062,-0.016970,1,1,1,1,1,5,5,5,2.9988,2.9988,0.0000,0.0012,0.9988,0.0000,1.0000,1,0.003756,0.00004381,0.003753,6.615415,0.000000
2017-07-21,,2.0500,2.2600,9.3600,82.7887,144.110000,128.718100,0.107927,-0.006210,1,1,1,1,1,5,5,5,2.9992,2.9992,0.0000,0.0008,0.9992,0.0000,1.0000,1,-0.001515,0.00004538,-0.001513,6.605405,-0.001513
2017-07-24,,2.0500,2.2600,9.4300,81.6993,144.770000,128.848000,0.106940,-0.018282,1,1,1,1,1,5,5,5,2.9994,2.9995,0.0000,0.0005,0.9995,0.0000,1.0000,1,0.013029,0.00004577,0.013026,6.691450,0.000000
2017-07-25,,2.0600,2.2600,9.4300,83.2244,144.400000,128.976350,0.106075,-0.023950,1,1,1,1,1,5,5,5,2.9996,2.9996,0.0000,0.0004,0.9996,0.0000,1.0000,1,-0.006695,0.00004616,-0.006694,6.646660,-0.006694
2017-07-26,,2.0500,2.2600,9.6000,81.6993,144.870000,129.108350,0.107081,-0.005526,1,1,1,1,1,5,5,5,2.9998,2.9998,0.0000,0.0002,0.9998,0.0000,1.0000,1,0.008957,0.00004655,0.008956,6.706189,0.000000
2017-07-27,,2.0700,2.2600,10.1100,81.9172,143.960000,129.232050,0.107443,-0.002847,1,1,1,1,1,5,5,5,2.9998,2.9998,0.0000,0.0002,0.9998,0.0000,1.0000,1,-0.017843,0.00004459,-0.017843,6.586533,-0.017843
2017-07-28,,2.0700,2.2600,10.2900,79.9564,143.840000,129.363650,0.107408,-0.000826,1,1,1,1,1,5,5,5,2.9999,2.9999,0.0000,0.0001,0.9999,0.0000,1.0000,1,-0.003222,0.00004381,-0.003221,6.565315,-0.021007
2017-07-31,,2.0500,2.2600,10.2600,80.1743,143.230000,129.492700,0.107833,0.000854,1,1,1,1,0,4,3,5,2.9999,2.9999,0.0000,0.0001,0.9999,0.0000,1.0000,1,-0.013018,0.00004263,-0.013018,6.479847,-0.033751
2017-08-01,,2.0600,2.2600,10.0900,80.6100,143.560000,129.625500,0.108200,0.002813,1,1,1,1,0,4,3,4,2.8000,2.7997,0.0000,0.2003,0.7997,0.0000,1.0000,1,0.006550,0.00004224,0.006774,6.523742,-0.027206
2017-08-02,,2.0600,2.2550,10.2800,79.5207,143.950000,129.759550,0.108612,0.006988,1,1,1,1,0,4,3,4,2.6666,2.6659,0.0000,0.3341,0.6659,0.0000,1.0000,1,0.007320,0.00004263,0.007323,6.571512,-0.020083
2017-08-03,,2.0500,2.2500,10.4400,79.3028,143.390000,129.892400,0.109370,0.020999,1,1,1,1,0,4,3,4,2.5778,2.5765,0.0000,0.4235,0.5765,0.0000,1.0000,1,-0.010407,0.00004263,-0.008755,6.513982,-0.028661
2017-08-04,,2.0500,2.2500,10.0300,80.1743,143.650000,130.021350,0.108686,0.014666,1,1,1,1,0,4,3,4,2.5185,2.5183,0.0000,0.4817,0.5183,0.0000,1.0000,1,0.003899,0.00004263,0.003346,6.535780,-0.025411
2017-08-07,,2.0500,2.2500,9.9300,79.5207,144.560000,130.154900,0.108827,0.012513,1,1,1,1,0,4,3,4,2.4790,2.4798,0.0000,0.5202,0.4798,0.0000,1.0000,1,0.017701,0.00004263,0.014868,6.632957,-0.010920
2017-08-08,,2.0600,2.2500,10.9600,79.3028,144.310000,130.287900,0.109541,0.012521,1,1,1,1,0,4,3,4,2.4527,2.4526,0.0000,0.5474,0.4526,0.0000,1.0000,1,-0.003727,0.00004027,-0.003271,6.611257,-0.014156
2017-08-09,,2.0700,2.2500,11.1100,78.4314,144.120000,130.417750,0.108979,0.008421,1,1,1,1,0,4,3,4,2.4351,2.4370,0.0000,0.5630,0.4370,0.0000,1.0000,1,-0.003919,0.00004184,-0.003452,6.588433,-0.017559
2017-08-10,,2.0900,2.2500,16.0400,72.5490,141.030000,130.525050,0.110888,0.032956,1,1,1,1,0,4,3,4,2.4234,2.4192,0.0000,0.5808,0.4192,0.0000,1.0000,1,-0.064920,0.00004184,-0.052607,6.241838,-0.069242
2017-08-11,,2.1100,2.2500,15.5100,73.2026,142.100000,130.639600,0.110069,0.004262,1,1,1,1,0,4,3,4,2.4156,2.4169,0.0000,0.5831,0.4169,0.0000,1.0000,1,0.022856,0.00004145,0.018307,6.356109,-0.052203
2017-08-14,,2.1200,2.2500,12.3300,75.8170,143.930000,130.767350,0.109617,0.000564,1,1,1,1,0,4,3,4,2.4104,2.4117,0.0000,0.5883,0.4117,0.0000,1.0000,1,0.038893,0.00004066,0.031286,6.554969,-0.022549
2017-08-15,,2.1100,2.2500,12.0400,75.1634,144.030000,130.898300,0.110239,0.009178,1,1,1,1,0,4,3,4,2.4069,2.4064,0.0000,0.5936,0.4064,0.0000,1.0000,1,0.001800,0.00004027,0.001498,6.564788,-0.021085
2017-08-16,,2.0900,2.2500,11.7400,76.0349,144.280000,131.034200,0.110492,0.007856,1,1,1,1,0,4,3,4,2.4046,2.4043,0.0000,0.5957,0.4043,0.0000,1.0000,1,0.005210,0.00004106,0.004381,6.593551,-0.016796
2017-08-17,,2.0900,2.2500,15.5500,68.0435,141.330000,131.155900,0.111440,0.016005,1,1,1,1,0,4,3,4,2.4031,2.3990,0.0000,0.6010,0.3990,0.0000,1.0000,1,-0.061484,0.00004027,-0.049167,6.269368,-0.065137
2017-08-18,,2.1100,2.2500,14.2600,67.3913,141.230000,131.281500,0.112274,0.020156,1,1,1,1,0,4,3,4,2.4021,2.4017,0.0000,0.5983,0.4017,0.0000,1.0000,1,-0.003523,0.00003949,-0.002997,6.250577,-0.067939
2017-08-21,,2.1200,2.2450,13.1900,67.1739,141.050000,131.410850,0.112598,0.019629,1,1,1,1,0,4,3,4,2.4014,2.4010,0.0000,0.5990,0.4010,0.0000,1.0000,1,-0.001816,0.00004027,-0.001421,6.241692,-0.069264
2017-08-22,,2.1200,2.2400,11.3500,70.8696,143.200000,131.556600,0.111677,0.011160,1,1,1,1,0,4,3,4,2.4009,2.4030,0.0000,0.5970,0.4030,0.0000,1.0000,1,0.044515,0.00003949,0.035685,6.464430,-0.036050
2017-08-23,,2.1000,2.2400,12.2500,69.6312,142.690000,131.701800,0.112447,0.014023,1,1,1,1,0,4,3,4,2.4006,2.4013,0.0000,0.5987,0.4013,0.0000,1.0000,1,-0.011181,0.00003949,-0.009019,6.406125,-0.044744
2017-08-24,,2.1200,2.2400,12.2300,69.8482,142.270000,131.831400,0.112628,0.010241,1,1,1,1,0,4,3,4,2.4004,2.3990,0.0000,0.6010,0.3990,0.0000,1.0000,1,-0.008342,0.00003949,-0.006442,6.364856,-0.050898
2017-08-25,,2.1200,2.2400,11.2800,71.1497,141.970000,131.955700,0.112733,0.012037,1,1,1,1,0,4,3,4,2.4003,2.3989,0.0000,0.6011,0.3989,0.0000,1.0000,1,-0.006730,0.00004027,-0.005428,6.330309,-0.056050
2017-08-28,,2.1200,2.2400,11.3200,69.6312,142.410000,132.079500,0.112933,0.016048,1,1,1,1,0,4,3,4,2.4002,2.4003,0.0000,0.5997,0.4003,0.0000,1.0000,1,0.008751,0.00004066,0.006539,6.371702,-0.049877
2017-08-29,,2.1300,2.2400,11.7000,69.1974,142.970000,132.215600,0.112559,0.015141,1,1,1,1,0,4,3,4,2.4001,2.4035,0.0000,0.5965,0.4035,0.0000,1.0000,1,0.012313,0.00003870,0.009938,6.435026,-0.040435
2017-08-30,,2.1500,2.2400,11.2200,70.7158,144.650000,132.359850,0.111703,0.006454,1,1,1,1,0,4,3,4,2.4001,2.4026,0.0000,0.5974,0.4026,0.0000,1.0000,1,0.034648,0.00004066,0.028190,6.616431,-0.013384
2017-08-31,,2.1400,2.2400,10.5900,71.8004,146.200000,132.517700,0.111055,-0.000950,1,1,1,1,1,5,5,4,2.4001,2.4015,0.0000,0.5985,0.4015,0.0000,1.0000,1,0.028411,0.00004066,0.022528,6.765487,0.000000
2017-09-01,,2.1400,2.2400,10.1300,72.8850,146.000000,132.666600,0.110555,0.003450,1,1,1,1,0,4,3,5,2.6000,2.5993,0.0000,0.4007,0.5993,0.0000,1.0000,1,-0.000693,0.00003988,-0.001081,6.758174,-0.001081
2017-09-05,,2.1500,2.2400,12.2300,68.5466,144.690000,132.805500,0.111639,0.012776,1,1,1,1,0,4,3,4,2.5334,2.5318,0.0000,0.4682,0.5318,0.0000,1.0000,1,-0.026779,0.00004027,-0.023056,6.602356,-0.024112
2017-09-06,,2.1600,2.2400,11.6300,71.1497,145.130000,132.942350,0.110753,0.006361,1,1,1,1,0,4,3,4,2.4889,2.4889,0.0000,0.5111,0.4889,0.0000,1.0000,1,0.008637,0.00004066,0.007314,6.650647,-0.016974
2017-09-07,,2.1700,2.2400,11.5500,70.0651,145.470000,133.083100,0.111597,0.016584,1,1,1,1,0,4,3,4,2.4593,2.4591,0.0000,0.5409,0.4591,0.0000,1.0000,1,0.006180,0.00004224,0.005511,6.687297,-0.011557
2017-09-08,,2.1700,2.2400,12.1200,70.4989,144.210000,133.211450,0.112256,0.015794,1,1,1,1,0,4,3,4,2.4395,2.4378,0.0000,0.5622,0.4378,0.0000,1.0000,1,-0.024656,0.00004145,-0.020395,6.550909,-0.031717
2017-09-11,,2.1700,2.2400,10.7300,72.8850,145.870000,133.346300,0.112014,0.005861,1,1,1,1,0,4,3,4,2.4263,2.4269,0.0000,0.5731,0.4269,0.0000,1.0000,1,0.031846,0.00004106,0.026040,6.721492,-0.006503
2017-09-12,,2.1500,2.2400,10.5800,75.2711,146.220000,133.485300,0.109778,-0.015939,1,1,1,1,1,5,5,4,2.4176,2.4176,0.0000,0.5824,0.4176,0.0000,1.0000,1,0.008457,0.00004145,0.006812,6.767277,0.000000
2017-09-13,,2.1600,2.2400,10.5000,74.1866,146.420000,133.623400,0.109186,-0.009541,1,1,1,1,1,5,5,5,2.6117,2.6126,0.0000,0.3874,0.6126,0.0000,1.0000,1,0.004150,0.00004066,0.004041,6.794625,0.000000
2017-09-14,,2.1300,2.2400,10.4400,73.5358,145.560000,133.758550,0.110140,-0.008193,1,1,1,1,1,5,5,5,2.7411,2.7409,0.0000,0.2591,0.7409,0.0000,1.0000,1,-0.016875,0.00004106,-0.015225,6.691174,-0.015225
2017-09-15,,2.1100,2.2400,10.1700,74.6204,146.060000,133.894150,0.109856,-0.004991,1,1,1,1,1,5,5,5,2.8274,2.8278,0.0000,0.1722,0.8278,0.0000,1.0000,1,0.008057,0.00004145,0.007840,6.743636,-0.007504
2017-09-18,,2.1000,2.2400,10.1500,74.6204,145.550000,134.034400,0.108502,-0.013347,1,1,1,1,1,5,5,5,2.8850,2.8846,0.0000,0.1154,0.8846,0.0000,1.0000,1,-0.002433,0.00004145,-0.002595,6.726134,-0.010080
2017-09-19,,2.1000,2.2400,10.1800,76.1388,145.800000,134.186050,0.108173,-0.011783,1,1,1,1,1,5,5,5,2.9233,2.9233,0.0000,0.0767,0.9233,0.0000,1.0000,1,0.004267,0.00004145,0.004149,6.754039,-0.005973
2017-09-20,,2.0900,2.2350,9.7800,76.5727,145.350000,134.334300,0.107334,-0.025773,1,1,1,1,1,5,5,5,2.9489,2.9487,0.0000,0.0513,0.9487,0.0000,1.0000,1,-0.008325,0.00004106,-0.008212,6.698573,-0.014137
2017-09-21,,2.0600,2.2300,9.6700,75.9219,144.460000,134.473600,0.107603,-0.020183,1,1,1,1,1,5,5,5,2.9659,2.9657,0.0000,0.0343,0.9657,0.0000,1.0000,1,-0.019238,0.00004106,-0.019013,6.571211,-0.032881
2017-09-22,,2.0500,2.2300,9.5900,75.4881,144.320000,134.610800,0.106699,-0.009758,1,1,1,1,1,5,5,5,2.9773,2.9773,0.0000,0.0227,0.9773,0.0000,1.0000,1,-0.002496,0.00004106,-0.002438,6.555190,-0.035239
2017-09-25,,2.0500,2.2300,10.2100,77.7056,142.800000,134.733000,0.107902,0.000876,1,1,1,1,0,4,3,5,2.9848,2.9848,0.0000,0.0152,0.9848,0.0000,1.0000,1,-0.031373,0.00004066,-0.031186,6.350757,-0.065326
2017-09-26,,2.0600,2.2300,10.1700,76.1905,143.170000,134.856000,0.107636,0.001840,1,1,1,1,0,4,3,4,2.7899,2.7894,0.0000,0.2106,0.7894,0.0000,1.0000,1,0.006828,0.00004145,0.007327,6.397291,-0.058478
2017-09-27,,2.0400,2.2300,9.8700,77.4892,144.460000,134.980800,0.105779,-0.009553,1,1,1,1,1,5,5,4,2.6599,2.6607,0.0000,0.3393,0.6607,0.0000,1.0000,1,0.027129,0.00004184,0.024668,6.555102,-0.035252
2017-09-28,,2.0600,2.2300,9.5500,77.4892,144.410000,135.108050,0.106032,0.000252,1,1,1,1,0,4,3,5,2.7733,2.7736,0.0000,0.2264,0.7736,0.0000,1.0000,1,-0.001695,0.00004224,-0.001270,6.546780,-0.036477
2017-09-29,,2.0500,2.2300,9.5100,78.3550,145.450000,135.233000,0.105581,-0.013300,1,1,1,1,1,5,5,4,2.6489,2.6499,0.0000,0.3501,0.6499,0.0000,1.0000,1,0.021183,0.00004184,0.018924,6.670673,-0.018243
2017-10-02,,2.0000,2.2300,9.4500,79.4372,145.580000,135.359850,0.105303,-0.010126,1,1,1,1,1,5,5,5,2.7659,2.7658,0.0000,0.2342,0.7658,-0.0000,1.0000,1,0.002801,0.00004184,0.002178,6.685199,-0.016105
2017-10-03,,1.9900,2.2300,9.5100,78.3550,145.890000,135.487300,0.104781,-0.013349,1,1,1,1,1,5,5,5,2.8439,2.8440,0.0000,0.1560,0.8440,0.0000,1.0000,1,0.006284,0.00003988,0.005962,6.725055,-0.010239
2017-10-04,,2.0000,2.2300,9.6300,79.4372,146.030000,135.619450,0.105704,-0.004455,1,1,1,1,1,5,5,5,2.8960,2.8963,0.0000,0.1037,0.8963,0.0000,1.0000,1,0.002602,0.00004224,0.002558,6.742256,-0.007707
2017-10-05,,2.0100,2.2300,9.1900,80.5195,147.460000,135.756300,0.104983,-0.012601,1,1,1,1,1,5,5,5,2.9306,2.9310,0.0000,0.0690,0.9310,0.0000,1.0000,1,0.028809,0.00004263,0.028056,6.931418,0.000000
2017-10-06,,2.0000,2.2300,9.6500,79.6537,147.660000,135.891850,0.105024,-0.006846,1,1,1,1,1,5,5,5,2.9538,2.9539,0.0000,0.0461,0.9539,0.0000,1.0000,1,0.003616,0.00004224,0.003594,6.956333,0.000000
2017-10-09,,1.9800,2.2300,10.3300,78.5714,147.490000,136.027000,0.105336,-0.003735,1,1,1,1,1,5,5,5,2.9692,2.9691,0.0000,0.0309,0.9691,0.0000,1.0000,1,-0.002514,0.00004224,-0.002517,6.938821,-0.002517
2017-10-10,,1.9800,2.2300,10.0800,79.4372,147.600000,136.164400,0.106080,-0.001362,1,1,1,1,1,5,5,5,2.9794,2.9794,0.0000,0.0206,0.9794,-0.0000,1.0000,1,0.002100,0.00004224,0.002049,6.953036,-0.000474
2017-10-11,,1.9700,2.2300,9.8500,80.0866,148.040000,136.303600,0.106364,-0.001015,1,1,1,1,1,5,5,5,2.9863,2.9863,0.0000,0.0137,0.9863,0.0000,1.0000,1,0.008718,0.00004263,0.008681,7.013394,0.000000
2017-10-12,,1.9700,2.2300,9.9100,80.9524,147.770000,136.438350,0.107073,0.007101,1,1,1,1,0,4,3,5,2.9909,2.9909,0.0000,0.0091,0.9909,-0.0000,1.0000,1,-0.005401,0.00004341,-0.005385,6.975628,-0.005385
2017-10-13,,1.9700,2.2300,9.6100,80.5195,148.340000,136.580650,0.106197,-0.008332,1,1,1,1,1,5,5,4,2.7939,2.7940,0.0000,0.2060,0.7940,0.0000,1.0000,1,0.011196,0.00004302,0.011026,7.052544,0.000000
2017-10-16,,1.9700,2.2300,9.9100,80.7359,148.850000,136.726350,0.105821,-0.020179,1,1,1,1,1,5,5,5,2.8626,2.8627,0.0000,0.1373,0.8627,0.0000,1.0000,1,0.010328,0.00004302,0.009630,7.120463,0.000000
2017-10-17,,1.9700,2.2250,10.3100,81.3853,149.040000,136.879150,0.106373,-0.005495,1,1,1,1,1,5,5,5,2.9084,2.9086,0.0000,0.0914,0.9086,0.0000,1.0000,1,0.003517,0.00004341,0.003403,7.144692,0.000000
2017-10-18,,1.9500,2.2200,10.0700,81.3853,148.860000,137.025750,0.106073,-0.000016,1,1,1,1,1,5,5,5,2.9389,2.9388,0.0000,0.0612,0.9388,0.0000,1.0000,1,-0.003830,0.00004302,-0.003770,7.117759,-0.003770
2017-10-19,,1.9500,2.2200,10.0500,81.8182,148.310000,137.166350,0.107158,0.000747,1,1,1,1,0,4,3,5,2.9593,2.9594,0.0000,0.0406,0.9594,0.0000,1.0000,1,-0.011044,0.00004302,-0.010774,7.041068,-0.014504
2017-10-20,,1.9400,2.2200,9.9700,81.3853,148.710000,137.305550,0.106686,-0.007333,1,1,1,1,1,5,5,4,2.7729,2.7727,0.0000,0.2273,0.7727,0.0000,1.0000,1,0.007279,0.00004341,0.007301,7.092474,-0.007309
2017-10-23,,1.9400,2.2200,11.0700,81.3853,147.740000,137.434600,0.107161,-0.002381,1,1,1,1,1,5,5,5,2.8486,2.8476,0.0000,0.1524,0.8476,0.0000,1.0000,1,-0.018642,0.00004381,-0.017969,6.965027,-0.025147
2017-10-24,,1.9400,2.2200,11.1600,80.7359,147.990000,137.562900,0.107070,-0.007354,1,1,1,1,1,5,5,5,2.8990,2.8990,0.0000,0.1010,0.8990,0.0000,1.0000,1,0.005104,0.00004302,0.004864,6.998907,-0.020405
2017-10-25,,1.9200,2.2200,11.2300,79.6537,147.430000,137.687050,0.107133,-0.010178,1,1,1,1,1,5,5,5,2.9327,2.9326,0.0000,0.0674,0.9326,0.0000,1.0000,1,-0.012155,0.00004420,-0.011824,6.916155,-0.031987
2017-10-26,,1.9300,2.2200,11.3000,78.7879,146.960000,137.807200,0.107014,-0.015198,1,1,1,1,1,5,5,5,2.9551,2.9550,0.0000,0.0450,0.9550,0.0000,1.0000,1,-0.009271,0.00004420,-0.009111,6.853141,-0.040807
2017-10-27,,1.9100,2.2200,9.8000,78.5714,151.240000,137.949700,0.106806,-0.024462,1,1,1,1,1,5,5,5,2.9701,2.9705,0.0000,0.0295,0.9705,0.0000,1.0000,1,0.086176,0.00004381,0.085033,7.435881,0.000000
2017-10-30,,1.9300,2.2200,10.5000,77.9221,151.580000,138.091800,0.107225,-0.013950,1,1,1,1,1,5,5,5,2.9801,2.9801,0.0000,0.0199,0.9801,0.0000,1.0000,1,0.007127,0.00004341,0.007106,7.488717,0.000000
2017-10-31,,1.9200,2.2150,10.1800,77.0563,152.150000,138.238600,0.107175,-0.015752,1,1,1,1,1,5,5,5,2.9867,2.9867,0.0000,0.0133,0.9867,0.0000,1.0000,1,0.010576,0.00004420,0.010509,7.567414,0.000000
2017-11-01,,1.9100,2.2100,10.2000,77.7056,152.100000,138.383900,0.106431,-0.029559,1,1,1,1,1,5,5,5,2.9911,2.9911,0.0000,0.0089,0.9911,-0.0000,1.0000,1,-0.001308,0.00004538,-0.001324,7.557393,-0.001324
2017-11-02,,1.9200,2.2100,9.9300,76.6234,151.810000,138.528050,0.106778,-0.021037,1,1,1,1,1,5,5,5,2.9941,2.9941,0.0000,0.0059,0.9941,0.0000,1.0000,1,-0.005086,0.00004655,-0.005082,7.518984,-0.006400
2017-11-03,,1.9100,2.2100,9.1400,76.1905,153.270000,138.678150,0.106810,-0.038992,1,1,1,1,1,5,5,5,2.9961,2.9961,0.0000,0.0039,0.9961,0.0000,1.0000,1,0.027881,0.00004616,0.027840,7.728311,0.000000
2017-11-06,,1.9100,2.2100,9.4000,76.1905,153.790000,138.830350,0.106239,-0.036893,1,1,1,1,1,5,5,5,2.9974,2.9974,0.0000,0.0026,0.9974,0.0000,1.0000,1,0.010172,0.00004655,0.010164,7.806862,0.000000
2017-11-07,,1.9200,2.2100,9.8900,75.7576,153.880000,138.978850,0.107589,-0.019414,1,1,1,1,1,5,5,5,2.9982,2.9983,0.0000,0.0017,0.9983,-0.0000,1.0000,1,0.001641,0.00004694,0.001641,7.819671,0.000000
2017-11-08,,1.9000,2.2100,9.7800,75.5411,154.500000,139.124200,0.107483,-0.026275,1,1,1,1,1,5,5,5,2.9988,2.9988,0.0000,0.0012,0.9988,0.0000,1.0000,1,0.012510,0.00004812,0.012505,7.917459,0.000000
2017-11-09,,1.9200,2.2100,10.5000,75.7576,153.690000,139.264850,0.108010,-0.023487,1,1,1,1,1,5,5,5,2.9992,2.9992,0.0000,0.0008,0.9992,0.0000,1.0000,1,-0.016033,0.00004851,-0.016026,7.790572,-0.016026
2017-11-10,,1.9300,2.2100,11.2900,75.9740,153.680000,139.404250,0.107540,-0.037158,1,1,1,1,1,5,5,5,2.9995,2.9995,0.0000,0.0005,0.9995,0.0000,1.0000,1,-0.000299,0.00004890,-0.000298,7.788252,-0.016319
2017-11-13,,1.9300,2.2100,11.5000,74.6753,153.870000,139.549500,0.108718,-0.033714,1,1,1,1,1,5,5,5,2.9997,2.9997,0.0000,0.0003,0.9997,0.0000,1.0000,1,0.002991,0.00004851,0.002991,7.811545,-0.013377
2017-11-14,,1.9300,2.2100,11.5900,75.3780,153.310000,139.693200,0.110329,-0.021383,1,1,1,1,1,5,5,5,2.9998,2.9998,0.0000,0.0002,0.9998,0.0000,1.0000,1,-0.010063,0.00004890,-0.010062,7.732942,-0.023305
2017-11-15,,1.9300,2.2100,13.1300,73.2181,152.590000,139.829000,0.109928,-0.016361,1,1,1,1,1,5,5,5,2.9998,2.9998,0.0000,0.0002,0.9998,0.0000,1.0000,1,-0.014684,0.00004969,-0.014683,7.619401,-0.037646
2017-11-16,,1.9500,2.2050,11.7600,75.5940,154.540000,139.975100,0.108654,-0.035673,1,1,1,1,1,5,5,5,2.9999,2.9999,0.0000,0.0001,0.9999,0.0000,1.0000,1,0.037448,0.00004930,0.037446,7.904718,-0.001609
2017-11-17,,1.9200,2.2000,11.4300,73.8661,153.950000,140.116450,0.108218,-0.041381,1,1,1,1,1,5,5,5,2.9999,2.9999,0.0000,0.0001,0.9999,0.0000,1.0000,1,-0.011197,0.00005008,-0.011197,7.816210,-0.012788
2017-11-20,,1.9300,2.2000,10.6500,75.1620,153.830000,140.256450,0.107704,-0.047115,1,1,1,1,1,5,5,5,3.0000,3.0000,0.0000,0.0000,1.0000,0.0000,1.0000,1,-0.002458,0.00005086,-0.002458,7.796995,-0.015215
2017-11-21,,1.9100,2.2000,9.7300,77.3218,155.500000,140.402500,0.107293,-0.053093,1,1,1,1,1,5,5,5,3.0000,3.0000,0.0000,0.0000,1.0000,0.0000,1.0000,1,0.031516,0.00005126,0.031516,8.042721,0.000000
2017-11-22,,1.8800,2.1950,9.8800,76.2419,155.690000,140.548450,0.107388,-0.048739,1,1,1,1,1,5,5,5,3.0000,3.0000,0.0000,0.0000,1.0000,0.0000,1.0000,1,0.003982,0.00005126,0.003982,8.074748,0.000000
2017-11-24,,1.9100,2.1900,9.6700,75.8099,156.260000,140.694950,0.107313,-0.041592,1,1,1,1,1,5,5,5,3.0000,3.0000,0.0000,0.0000,1.0000,0.0000,1.0000,1,0.011250,0.00005086,0.011250,8.165586,0.000000
2017-11-27,,1.9000,2.1900,9.8700,75.1620,156.190000,140.839000,0.107828,-0.030556,1,1,1,1,1,5,5,5,3.0000,3.0000,0.0000,0.0000,1.0000,0.0000,1.0000,1,-0.001640,0.00005086,-0.001640,8.152192,-0.001640
2017-11-28,,1.9300,2.1900,10.0300,78.6177,156.590000,140.981450,0.107239,-0.031812,1,1,1,1,1,5,5,5,3.0000,3.0000,0.0000,0.0000,1.0000,0.0000,1.0000,1,0.007357,0.00005008,0.007357,8.212170,0.000000
2017-11-29,,1.9100,2.1900,10.7000,79.6976,153.860000,141.108100,0.107362,-0.040910,1,1,1,1,1,5,5,5,3.0000,3.0000,0.0000,0.0000,1.0000,0.0000,1.0000,1,-0.051407,0.00005126,-0.051407,7.790003,-0.051407
2017-11-30,,1.9200,2.1850,11.2800,80.5616,155.150000,141.237400,0.106788,-0.038425,1,1,1,1,1,5,5,5,3.0000,3.0000,0.0000,0.0000,1.0000,0.0000,1.0000,1,0.024817,0.00005086,0.024817,7.983326,-0.027866
2017-12-01,,1.8800,2.1800,11.4300,79.6976,154.490000,141.363600,0.106651,-0.047477,1,1,1,1,1,5,5,5,3.0000,3.0000,0.0000,0.0000,1.0000,0.0000,1.0000,1,-0.013348,0.00005008,-0.013348,7.876766,-0.040842
2017-12-04,,1.8700,2.1800,11.6800,82.2894,152.710000,141.478100,0.106175,-0.058028,1,1,1,1,1,5,5,5,3.0000,3.0000,0.0000,0.0000,1.0000,0.0000,1.0000,1,-0.034523,0.00005008,-0.034523,7.604832,-0.073956
2017-12-05,,1.8700,2.1800,11.3300,80.7775,152.810000,141.589900,0.105209,-0.064157,1,1,1,1,1,5,5,5,3.0000,3.0000,0.0000,0.0000,1.0000,0.0000,1.0000,1,0.001455,0.00005086,0.001455,7.615895,-0.072609
2017-12-06,,1.8400,2.1750,11.0200,80.1296,153.500000,141.704900,0.105588,-0.040181,1,1,1,1,1,5,5,5,3.0000,3.0000,0.0000,0.0000,1.0000,0.0000,1.0000,1,0.013227,0.00005126,0.013227,7.716634,-0.060342
2017-12-07,,1.8600,2.1700,10.1600,80.7775,154.020000,141.824950,0.105446,-0.036159,1,1,1,1,1,5,5,5,3.0000,3.0000,0.0000,0.0000,1.0000,-0.0000,1.0000,1,0.009885,0.00005126,0.009885,7.792914,-0.051053
2017-12-08,,1.8800,2.1700,9.5800,81.2095,154.700000,141.947150,0.105213,-0.047499,1,1,1,1,1,5,5,5,3.0000,3.0000,0.0000,0.0000,1.0000,0.0000,1.0000,1,0.013226,0.00005086,0.013226,7.895981,-0.038502
2017-12-11,,1.8700,2.1700,9.3400,82.2894,155.900000,142.074550,0.105535,-0.042036,1,1,1,1,1,5,5,5,3.0000,3.0000,0.0000,0.0000,1.0000,0.0000,1.0000,1,0.022935,0.00005047,0.022935,8.077076,-0.016450
2017-12-12,,1.8500,2.1700,9.9200,82.7214,155.690000,142.202900,0.103550,-0.048756,1,1,1,1,1,5,5,5,3.0000,3.0000,0.0000,0.0000,1.0000,0.0000,1.0000,1,-0.003749,0.00005243,-0.003749,8.046797,-0.020137
2017-12-13,,1.8400,2.1700,10.1800,81.6415,155.990000,142.325650,0.103843,-0.042720,1,1,1,1,1,5,5,5,3.0000,3.0000,0.0000,0.0000,1.0000,0.0000,1.0000,1,0.004993,0.00005282,0.004993,8.086976,-0.015245
2017-12-14,,1.8300,2.1700,10.4900,80.5616,155.880000,142.451150,0.104137,-0.031647,1,1,1,1,1,5,5,5,3.0000,3.0000,0.0000,0.0000,1.0000,0.0000,1.0000,1,-0.001440,0.00005126,-0.001440,8.075329,-0.016663
2017-12-15,,1.8200,2.1650,9.4200,82.5054,157.650000,142.584300,0.103223,-0.043494,1,1,1,1,1,5,5,5,3.0000,3.0000,0.0000,0.0000,1.0000,0.0000,1.0000,1,0.032521,0.00005204,0.032521,8.337947,0.000000
2017-12-18,,1.8000,2.1600,9.5300,82.2894,158.640000,142.723850,0.101435,-0.053041,1,1,1,1,1,5,5,5,3.0000,3.0000,0.0000,0.0000,1.0000,0.0000,1.0000,1,0.025700,0.00005165,0.025700,8.552233,0.000000
2017-12-19,,1.8100,2.1600,10.0300,80.1296,157.700000,142.859800,0.099974,-0.078858,1,1,1,1,1,5,5,5,3.0000,3.0000,0.0000,0.0000,1.0000,0.0000,1.0000,1,-0.016273,0.00005439,-0.016273,8.413063,-0.016273
2017-12-20,,1.8100,2.1600,9.7200,80.3456,157.530000,142.993750,0.099240,-0.083628,1,1,1,1,1,5,5,5,3.0000,3.0000,0.0000,0.0000,1.0000,0.0000,1.0000,1,-0.004153,0.00005400,-0.004153,8.378125,-0.020358
2017-12-21,,1.8200,2.1600,9.6200,80.7775,157.550000,143.127300,0.097859,-0.080125,1,1,1,1,1,5,5,5,3.0000,3.0000,0.0000,0.0000,1.0000,0.0000,1.0000,1,-0.000487,0.00005439,-0.000487,8.374049,-0.020835
2017-12-22,,1.7900,2.1600,9.9000,81.6415,157.370000,143.257200,0.098034,-0.080599,1,1,1,1,1,5,5,5,3.0000,3.0000,0.0000,0.0000,1.0000,0.0000,1.0000,1,-0.003338,0.00005321,-0.003338,8.346098,-0.024103
2017-12-26,,1.7900,2.1550,10.2500,80.7775,156.520000,143.381750,0.097571,-0.080681,1,1,1,1,1,5,5,5,3.0000,3.0000,0.0000,0.0000,1.0000,0.0000,1.0000,1,-0.016186,0.00005243,-0.016186,8.211006,-0.039899
2017-12-27,,1.7800,2.1500,10.4700,81.6415,156.540000,143.508000,0.097935,-0.074127,1,1,1,1,1,5,5,5,3.0000,3.0000,0.0000,0.0000,1.0000,0.0000,1.0000,1,0.000000,0.00005791,-0.000000,8.211006,-0.039899
2017-12-28,,1.7600,2.1500,10.1800,82.2894,156.730000,143.631150,0.098275,-0.065777,1,1,1,1,1,5,5,5,3.0000,3.0000,0.0000,0.0000,1.0000,0.0000,1.0000,1,0.002695,0.00005674,0.002695,8.233133,-0.037312
2017-12-29,,1.7600,2.1500,11.0400,82.0734,155.760000,143.749900,0.098703,-0.069811,1,1,1,1,1,5,5,5,3.0000,3.0000,0.0000,0.0000,1.0000,0.0000,1.0000,1,-0.018884,0.00005478,-0.018884,8.077659,-0.055491
2018-01-02,,1.7700,2.1500,9.7700,81.2095,158.490000,143.883900,0.097090,-0.079346,1,1,1,1,1,5,5,5,3.0000,3.0000,0.0000,0.0000,1.0000,0.0000,1.0000,1,0.051326,0.00005478,0.051326,8.492257,-0.007013
2018-01-03,,1.7800,2.1500,9.1500,80.7775,160.030000,144.025000,0.095722,-0.094175,1,1,1,1,1,5,5,5,3.0000,3.0000,0.0000,0.0000,1.0000,0.0000,1.0000,1,0.029279,0.00005674,0.029279,8.740898,0.000000
2018-01-04,,1.7700,2.1500,9.2200,81.2095,160.310000,144.177500,0.094529,-0.109728,1,1,1,1,1,5,5,5,3.0000,3.0000,0.0000,0.0000,1.0000,0.0000,1.0000,1,0.005862,0.00005556,0.005862,8.792140,0.000000
2018-01-05,,1.7500,2.1500,9.2200,82.2894,161.920000,144.333650,0.093867,-0.123632,1,1,1,1,1,5,5,5,3.0000,3.0000,0.0000,0.0000,1.0000,0.0000,1.0000,1,0.030201,0.00005556,0.030201,9.057669,0.000000
2018-01-08,,1.7600,2.1450,9.5200,83.3693,162.550000,144.494600,0.094571,-0.119089,1,1,1,1,1,5,5,5,3.0000,3.0000,0.0000,0.0000,1.0000,0.0000,1.0000,1,0.011122,0.00005478,0.011122,9.158406,0.000000
2018-01-09,,1.7400,2.1400,10.0800,82.5054,162.560000,144.654250,0.093429,-0.137383,1,1,1,1,1,5,5,5,3.0000,3.0000,0.0000,0.0000,1.0000,0.0000,1.0000,1,0.000763,0.00005713,0.000763,9.165394,0.000000
2018-01-10,,1.7400,2.1400,9.8200,81.2095,162.180000,144.810950,0.092551,-0.138164,1,1,1,1,1,5,5,5,3.0000,3.0000,0.0000,0.0000,1.0000,0.0000,1.0000,1,-0.007116,0.00005674,-0.007116,9.100177,-0.007116
2018-01-11,,1.7300,2.1350,9.8800,80.9935,163.290000,144.969200,0.091536,-0.146002,1,1,1,1,1,5,5,5,3.0000,3.0000,0.0000,0.0000,1.0000,0.0000,1.0000,1,0.020028,0.00005595,0.020028,9.282436,0.000000
2018-01-12,,1.6900,2.1300,10.1600,81.6415,164.490000,145.130400,0.090422,-0.163130,1,1,1,1,1,5,5,5,3.0000,3.0000,0.0000,0.0000,1.0000,0.0000,1.0000,1,0.021203,0.00005635,0.021203,9.479254,0.000000
2018-01-16,,1.6800,2.1250,11.6600,80.9935,164.020000,145.288150,0.090533,-0.158675,1,1,1,1,1,5,5,5,3.0000,3.0000,0.0000,0.0000,1.0000,0.0000,1.0000,1,-0.007740,0.00005635,-0.007740,9.405885,-0.007740
2018-01-17,,1.6600,2.1200,11.9100,82.5054,165.790000,145.455200,0.090233,-0.172656,1,1,1,1,1,5,5,5,3.0000,3.0000,0.0000,0.0000,1.0000,0.0000,1.0000,1,0.031511,0.00005713,0.031511,9.702275,0.000000
2018-01-18,,1.6600,2.1200,12.2200,81.6415,165.820000,145.622800,0.089812,-0.171720,1,1,1,1,1,5,5,5,3.0000,3.0000,0.0000,0.0000,1.0000,0.0000,1.0000,1,0.000960,0.00005674,0.000960,9.711592,0.000000
2018-01-19,,1.6400,2.1200,11.2700,82.7214,166.340000,145.791950,0.089137,-0.184151,1,1,1,1,1,5,5,5,3.0000,3.0000,0.0000,0.0000,1.0000,0.0000,1.0000,1,0.009593,0.00005713,0.009593,9.804759,0.000000
2018-01-22,,1.6400,2.1200,11.0300,83.8013,168.120000,145.972700,0.088542,-0.190672,1,1,1,1,1,5,5,5,3.0000,3.0000,0.0000,0.0000,1.0000,0.0000,1.0000,1,0.031239,0.00005674,0.031239,10.111049,0.000000
2018-01-23,,1.6400,2.1200,11.1000,85.0972,169.510000,146.160050,0.089202,-0.185730,1,1,1,1,1,5,5,5,3.0000,3.0000,0.0000,0.0000,1.0000,0.0000,1.0000,1,0.025340,0.00005674,0.025340,10.367260,0.000000
2018-01-24,,1.6400,2.1200,11.4700,84.4492,168.410000,146.342250,0.088689,-0.189703,1,1,1,1,1,5,5,5,3.0000,3.0000,0.0000,0.0000,1.0000,0.0000,1.0000,1,-0.020276,0.00005674,-0.020276,10.157051,-0.020276
2018-01-25,,1.6500,2.1150,11.5800,84.2333,168.350000,146.523900,0.090028,-0.172685,1,1,1,1,1,5,5,5,3.0000,3.0000,0.0000,0.0000,1.0000,0.0000,1.0000,1,-0.001261,0.00005635,-0.001261,10.144240,-0.021512
2018-01-26,,1.6100,2.1100,11.0800,85.5292,170.930000,146.721300,0.089050,-0.189194,1,1,1,1,1,5,5,5,3.0000,3.0000,0.0000,0.0000,1.0000,0.0000,1.0000,1,0.044659,0.00005595,0.044659,10.597269,0.000000
2018-01-29,,1.6000,2.1100,13.8400,84.2333,170.100000,146.917200,0.088503,-0.192871,1,1,1,1,1,5,5,5,3.0000,3.0000,0.0000,0.0000,1.0000,0.0000,1.0000,1,-0.013243,0.00005556,-0.013243,10.456935,-0.013243
2018-01-30,,1.5900,2.1100,14.7900,83.1533,168.700000,147.108700,0.089580,-0.173256,1,1,1,1,1,5,5,5,3.0000,3.0000,0.0000,0.0000,1.0000,0.0000,1.0000,1,-0.025560,0.00005674,-0.025560,10.189659,-0.038464
2018-01-31,,1.5900,2.1100,13.5400,82.9374,169.400000,147.298300,0.090529,-0.166543,1,1,1,1,1,5,5,5,3.0000,3.0000,0.0000,0.0000,1.0000,0.0000,1.0000,1,0.012344,0.00005674,0.012344,10.315436,-0.026595
2018-02-01,,1.5600,2.1050,13.4700,80.9935,167.960000,147.481700,0.089211,-0.179515,1,1,1,1,1,5,5,5,3.0000,3.0000,0.0000,0.0000,1.0000,0.0000,1.0000,1,-0.025007,0.00005752,-0.025007,10.057478,-0.050937
2018-02-02,,1.5600,2.1000,17.3100,78.4017,164.610000,147.647300,0.090543,-0.157221,1,1,1,1,1,5,5,5,3.0000,3.0000,0.0000,0.0000,1.0000,0.0000,1.0000,1,-0.061082,0.00005830,-0.061082,9.443151,-0.108907
2018-02-05,,1.5800,2.1000,37.3200,67.1706,158.120000,147.774950,0.092941,-0.138912,1,0,1,1,1,4,3,5,3.0000,3.0000,0.0000,0.0000,1.0000,0.0000,1.0000,1,-0.115434,0.00005830,-0.115434,8.353086,-0.211770
2018-02-06,,1.6300,2.0950,29.9800,71.4903,162.310000,147.923700,0.089789,-0.170987,1,0,1,1,1,4,3,4,2.8000,2.8066,0.0000,0.1934,0.8066,0.0000,1.0000,1,0.077100,0.00005947,0.068186,8.922653,-0.158023
2018-02-07,,1.6100,2.0900,27.7300,69.9784,160.210000,148.053950,0.089849,-0.174327,1,0,1,1,1,4,3,4,2.6667,2.6643,0.0000,0.3357,0.6643,0.0000,1.0000,1,-0.039544,0.00005987,-0.035436,8.606474,-0.187859
2018-02-08,,1.6200,2.0900,33.4600,56.3715,153.450000,148.145550,0.092303,-0.141435,1,0,1,1,1,4,3,4,2.5778,2.5654,0.0000,0.4346,0.5654,0.0000,1.0000,1,-0.123922,0.00006104,-0.106345,7.691222,-0.274226
2018-02-09,,1.6300,2.0900,29.0600,61.7711,156.100000,148.251350,0.092849,-0.147753,1,0,1,1,1,4,3,4,2.5185,2.5189,0.0000,0.4811,0.5189,0.0000,1.0000,1,0.047073,0.00006104,0.040787,8.004924,-0.244624
2018-02-12,,1.6700,2.0900,25.6100,65.7328,158.870000,148.366950,0.092202,-0.169144,1,0,1,1,1,4,3,4,2.4790,2.4808,0.0000,0.5192,0.4808,0.0000,1.0000,1,0.055976,0.00006104,0.046255,8.375194,-0.209684
2018-02-13,,1.6400,2.0900,24.9700,66.1638,159.690000,148.485450,0.092387,-0.165517,1,0,1,1,1,4,3,4,2.4527,2.4555,0.0000,0.5445,0.4555,0.0000,1.0000,1,0.012174,0.00006377,0.010215,8.460748,-0.201611
2018-02-14,,1.6900,2.0900,19.2600,70.0431,162.680000,148.612850,0.090137,-0.177649,1,1,1,1,1,5,5,4,2.4351,2.4406,0.0000,0.5594,0.4406,-0.0000,1.0000,1,0.058557,0.00006260,0.047046,8.858792,-0.164050
2018-02-15,,1.6600,2.0900,19.1300,72.8448,165.700000,148.754200,0.090979,-0.168667,1,1,1,1,1,5,5,5,2.6234,2.6251,0.0000,0.3749,0.6251,0.0000,1.0000,1,0.052266,0.00006221,0.044399,9.252118,-0.126934
2018-02-16,,1.6300,2.0900,19.4600,73.2759,164.960000,148.894050,0.091758,-0.156546,1,1,1,1,1,5,5,5,2.7489,2.7486,0.0000,0.2514,0.7486,0.0000,1.0000,1,-0.011168,0.00006221,-0.010067,9.158978,-0.135723
2018-02-20,,1.6600,2.0850,20.6000,71.5517,165.290000,149.035300,0.091139,-0.157168,1,0,1,1,1,4,3,5,2.8326,2.8335,0.0000,0.1665,0.8335,0.0000,1.0000,1,0.004992,0.00006377,0.004862,9.203507,-0.131521
2018-02-21,,1.6700,2.0800,20.0200,70.2586,164.820000,149.171700,0.090391,-0.164546,1,0,1,1,1,4,3,4,2.6884,2.6866,0.0000,0.3134,0.6866,0.0000,1.0000,1,-0.009003,0.00006533,-0.007283,9.136477,-0.137846
2018-02-22,,1.6700,2.0800,18.7200,69.8276,164.800000,149.306500,0.090736,-0.160430,1,1,1,1,1,5,5,4,2.5923,2.5910,0.0000,0.4090,0.5910,0.0000,1.0000,1,0.000188,0.00006455,0.000949,9.145150,-0.137028
2018-02-23,,1.6800,2.0800,16.4900,73.4914,168.170000,149.455750,0.091642,-0.158458,1,1,1,1,1,5,5,5,2.7282,2.7301,0.0000,0.2699,0.7301,0.0000,1.0000,1,0.059572,0.00006416,0.052668,9.626808,-0.091577
2018-02-26,,1.6800,2.0800,15.8000,75.2155,170.400000,149.615750,0.090320,-0.166790,1,1,1,1,1,5,5,5,2.8188,2.8198,0.0000,0.1802,0.8198,0.0000,1.0000,1,0.040142,0.00006455,0.036999,9.982994,-0.057965
2018-02-27,,1.7000,2.0750,18.5900,71.5517,168.290000,149.765750,0.090005,-0.168881,1,1,1,1,1,5,5,5,2.8792,2.8780,0.0000,0.1220,0.8780,0.0000,1.0000,1,-0.035808,0.00006533,-0.034502,9.638561,-0.090467
2018-02-28,,1.6900,2.0700,19.8500,68.9655,167.210000,149.908800,0.090300,-0.158271,1,1,1,1,1,5,5,5,2.9195,2.9186,0.0000,0.0814,0.9186,0.0000,1.0000,1,-0.020101,0.00006533,-0.019680,9.448875,-0.108367
2018-03-01,,1.6800,2.0700,22.4700,64.8707,164.480000,150.036000,0.091651,-0.142370,1,0,1,1,1,4,3,5,2.9463,2.9454,0.0000,0.0546,0.9454,0.0000,1.0000,1,-0.048126,0.00006494,-0.047267,9.002258,-0.150512
2018-03-02,,1.7200,2.0700,19.5900,65.7328,165.990000,150.167850,0.090939,-0.146176,1,1,1,1,1,5,5,4,2.7642,2.7681,0.0000,0.2319,0.7681,0.0000,1.0000,1,0.027492,0.00006416,0.022879,9.208217,-0.131076
2018-03-05,,1.7200,2.0700,18.7300,68.5345,167.830000,150.326650,0.091737,-0.132426,1,1,1,1,1,5,5,5,2.8428,2.8448,0.0000,0.1552,0.8448,-0.0000,1.0000,1,0.031369,0.00006494,0.030277,9.487013,-0.104768
2018-03-06,,1.7200,2.0700,18.3600,69.1810,168.540000,150.483050,0.090278,-0.150310,1,1,1,1,1,5,5,5,2.8952,2.8951,0.0000,0.1049,0.8951,0.0000,1.0000,1,0.012643,0.00006690,0.011884,9.599752,-0.094130
2018-03-07,,1.7500,2.0650,17.7600,68.9655,168.930000,150.638500,0.089633,-0.154909,1,1,1,1,1,5,5,5,2.9301,2.9308,0.0000,0.0692,0.9308,0.0000,1.0000,1,0.007479,0.00006612,0.007503,9.671784,-0.087332
2018-03-08,,1.7700,2.0600,16.5400,69.3966,169.860000,150.792800,0.089858,-0.150663,1,1,1,1,1,5,5,5,2.9534,2.9534,0.0000,0.0466,0.9534,0.0000,1.0000,1,0.014906,0.00006612,0.014648,9.813456,-0.073964
2018-03-09,,1.7800,2.0600,14.6400,74.1379,173.160000,150.962900,0.088572,-0.168316,1,1,1,1,1,5,5,5,2.9689,2.9693,0.0000,0.0307,0.9693,0.0000,1.0000,1,0.058231,0.00006572,0.057472,10.377454,-0.020743
2018-03-12,,1.7700,2.0600,15.7800,75.0000,174.080000,151.134400,0.089060,-0.146088,1,1,1,1,1,5,5,5,2.9793,2.9793,0.0000,0.0207,0.9793,0.0000,1.0000,1,0.014968,0.00006572,0.014803,10.531069,-0.006247
2018-03-13,,1.7900,2.0600,16.3500,73.2759,171.710000,151.288100,0.089838,-0.139903,1,1,1,1,1,5,5,5,2.9862,2.9860,0.0000,0.0140,0.9860,0.0000,1.0000,1,-0.036304,0.00006729,-0.036176,10.150095,-0.042197
2018-03-14,,1.8000,2.0600,17.2300,71.5517,171.680000,151.440400,0.091228,-0.128461,1,1,1,1,1,5,5,5,2.9908,2.9907,0.0000,0.0093,0.9907,0.0000,1.0000,1,-0.003394,0.00006807,-0.003393,10.115660,-0.045447
2018-03-15,,1.8000,2.0600,16.5900,70.6897,171.530000,151.591350,0.091273,-0.119461,1,1,1,1,1,5,5,5,2.9939,2.9938,0.0000,0.0062,0.9938,0.0000,1.0000,1,-0.004467,0.00006924,-0.004461,10.070530,-0.049705
2018-03-16,,1.8100,2.0550,15.8000,72.1983,171.020000,151.740000,0.091630,-0.098828,1,1,1,1,1,5,5,5,2.9959,2.9959,0.0000,0.0041,0.9959,0.0000,1.0000,1,-0.006618,0.00006963,-0.006618,10.003884,-0.055994
2018-03-19,,1.7900,2.0500,19.0200,70.0431,167.100000,151.866300,0.092314,-0.077571,1,1,1,1,1,5,5,5,2.9973,2.9972,0.0000,0.0028,0.9972,0.0000,1.0000,1,-0.062782,0.00007002,-0.062717,9.376474,-0.115199
2018-03-20,,1.8000,2.0500,18.2000,69.3966,167.650000,151.987250,0.091733,-0.076755,1,1,1,1,1,5,5,5,2.9982,2.9982,0.0000,0.0018,0.9982,0.0000,1.0000,1,0.007349,0.00007080,0.007345,9.445341,-0.108701
2018-03-21,,1.7900,2.0500,17.8600,68.9655,166.920000,152.104700,0.091595,-0.064690,1,1,1,1,1,5,5,5,2.9988,2.9988,0.0000,0.0012,0.9988,0.0000,1.0000,1,-0.014472,0.00007119,-0.014464,9.308722,-0.121592
2018-03-22,,1.8200,2.0500,23.3400,61.2069,162.800000,152.204400,0.094360,-0.036932,1,0,1,1,1,4,3,5,2.9992,2.9992,0.0000,0.0008,0.9992,0.0000,1.0000,1,-0.073058,0.00006846,-0.073035,8.628859,-0.185747
2018-03-23,,1.8400,2.0500,24.8700,54.7414,158.510000,152.279850,0.095059,-0.024864,1,0,1,1,1,4,3,4,2.7995,2.7950,0.0000,0.2050,0.7950,0.0000,1.0000,1,-0.080780,0.00006768,-0.075720,7.975480,-0.247402
2018-03-26,,1.8700,2.0500,21.0300,61.6379,164.400000,152.384000,0.093489,-0.045018,1,0,1,1,1,4,3,4,2.6663,2.6693,0.0000,0.3307,0.6693,0.0000,1.0000,1,0.112520,0.00006846,0.102839,8.795672,-0.170006
2018-03-27,,1.8400,2.0500,22.5000,58.4052,159.080000,152.479500,0.096470,-0.017874,1,0,1,1,1,4,3,4,2.5775,2.5674,0.0000,0.4326,0.5674,0.0000,1.0000,1,-0.095890,0.00007041,-0.082467,8.070317,-0.238453
2018-03-28,,1.8600,2.0500,22.8700,57.9741,157.250000,152.569600,0.096717,-0.019594,1,0,1,1,1,4,3,4,2.5184,2.5173,0.0000,0.4827,0.5173,-0.0000,1.0000,1,-0.034480,0.00006963,-0.028829,7.837657,-0.260408
2018-03-29,,1.8600,2.0500,19.9700,61.6379,160.130000,152.668450,0.096010,-0.010897,1,1,1,1,1,5,5,4,2.4789,2.4824,0.0000,0.5176,0.4824,0.0000,1.0000,1,0.055364,0.00006807,0.045785,8.196505,-0.226546
2018-04-02,,1.8500,2.0450,23.6200,50.8621,155.510000,152.747250,0.097371,0.016392,1,0,1,1,0,3,1,5,2.6526,2.6472,0.0000,0.3528,0.6472,0.0000,1.0000,1,-0.088799,0.00006807,-0.076436,7.569994,-0.285666
2018-04-03,,1.8600,2.0250,21.1000,55.8190,157.260000,152.837900,0.096464,0.019657,1,0,1,1,0,3,1,3,2.3684,2.3690,0.0000,0.6310,0.3690,0.0000,1.0000,1,0.033552,0.00006963,0.028404,7.785012,-0.265376
2018-04-04,,1.8400,2.0050,20.0600,60.1293,159.740000,152.945850,0.095652,0.018333,1,0,1,1,0,3,1,3,2.1789,2.1851,0.0000,0.8149,0.1851,-0.0000,1.0000,1,0.047292,0.00006885,0.025737,7.985371,-0.246469
2018-04-05,,1.8500,2.0000,18.9400,60.7759,160.650000,153.046800,0.095656,0.011120,1,1,1,1,0,4,3,3,2.0526,2.0524,0.0000,0.9476,0.0524,0.0000,1.0000,1,0.015710,0.00006729,0.016764,8.119238,-0.233837
2018-04-06,,1.8400,2.0000,21.4900,53.6638,156.630000,153.133150,0.097066,0.036827,1,0,1,1,0,3,1,4,2.1684,2.1663,0.0000,0.8337,0.1663,0.0000,1.0000,1,-0.074629,0.00006768,-0.051371,7.702144,-0.273195
2018-04-09,,1.8400,1.9950,21.7700,54.9569,157.730000,153.218100,0.096782,0.043526,1,0,1,1,0,3,1,3,2.0456,2.0455,0.0000,0.9545,0.0455,0.0000,1.0000,1,0.020012,0.00006807,0.013231,7.804048,-0.263579
2018-04-10,,1.8300,1.9850,20.4700,59.6983,161.210000,153.320650,0.094531,0.031420,1,0,1,1,0,3,1,3,1.9637,1.9639,0.0361,0.9639,0.0000,0.0000,1.0000,1,0.066059,0.00006924,0.044537,8.151618,-0.230781
2018-04-11,,1.8000,1.9800,20.2400,57.1121,160.280000,153.415850,0.094897,0.046971,1,0,1,1,0,3,1,3,1.9092,1.9091,0.0909,0.9091,0.0000,0.0000,1.0000,1,-0.016818,0.00006846,-0.010247,8.068085,-0.238664
2018-04-12,,1.8000,1.9750,18.4900,59.2672,162.210000,153.524000,0.092882,0.024905,1,1,1,1,0,4,3,3,1.8728,1.8732,0.1268,0.8732,0.0000,0.0000,1.0000,1,0.035053,0.00006807,0.021721,8.243329,-0.222127
2018-04-13,,1.7900,1.9700,17.4100,57.5431,161.370000,153.640700,0.093890,0.038437,1,1,1,1,0,4,3,4,2.0485,2.0480,0.0000,0.9520,0.0480,0.0000,1.0000,1,-0.014833,0.00006885,-0.010673,8.155351,-0.230429
2018-04-16,,1.7900,1.9700,16.5600,61.6379,162.600000,153.753600,0.094396,0.048890,1,1,1,1,0,4,3,4,2.1657,2.1657,0.0000,0.8343,0.1657,0.0000,1.0000,1,0.022069,0.00006924,0.014504,8.273634,-0.219267
2018-04-17,,1.7700,1.9700,15.2500,64.4397,166.100000,153.896150,0.094341,0.056251,1,1,1,1,0,4,3,4,2.2438,2.2458,0.0000,0.7542,0.2458,0.0000,1.0000,1,0.063971,0.00007041,0.047001,8.662505,-0.182572
2018-04-18,,1.7600,1.9700,15.6000,65.5172,166.440000,154.040150,0.093920,0.058093,1,1,1,1,0,4,3,4,2.2959,2.2961,0.0000,0.7039,0.2961,-0.0000,1.0000,1,0.006954,0.00007080,0.005276,8.708207,-0.178259
2018-04-19,,1.7600,1.9600,15.9600,62.3656,164.910000,154.183750,0.094388,0.055184,1,1,1,1,0,4,3,4,2.3306,2.3294,0.0000,0.6706,0.3294,0.0000,1.0000,1,-0.027187,0.00007119,-0.020194,8.532354,-0.194854
2018-04-20,,1.7700,1.9500,16.8800,59.3548,162.300000,154.307600,0.094333,0.059908,1,1,1,1,0,4,3,4,2.3537,2.3503,0.0000,0.6497,0.3503,0.0000,1.0000,1,-0.047954,0.00007158,-0.037988,8.208229,-0.225439
2018-04-23,,1.7800,1.9500,16.3400,60.2151,161.890000,154.435600,0.094403,0.045723,1,1,1,1,0,4,3,4,2.3691,2.3675,0.0000,0.6325,0.3675,0.0000,1.0000,1,-0.007864,0.00007119,-0.006393,8.155754,-0.230391
2018-04-24,,1.7600,1.9450,18.0200,55.2688,158.460000,154.539100,0.096338,0.075101,1,1,1,1,0,4,3,4,2.3794,2.3731,0.0000,0.6269,0.3731,0.0000,1.0000,1,-0.063751,0.00007352,-0.050576,7.743270,-0.269315
2018-04-25,,1.7700,1.9400,17.8400,56.3441,158.650000,154.639050,0.096120,0.079698,1,1,1,1,0,4,3,4,2.3863,2.3862,0.0000,0.6138,0.3862,0.0000,1.0000,1,0.003941,0.00007352,0.003403,7.769622,-0.266828
2018-04-26,,1.8000,1.9400,16.2400,58.7097,161.990000,154.753750,0.096110,0.068899,1,1,1,1,0,4,3,4,2.3909,2.3925,0.0000,0.6075,0.3925,0.0000,1.0000,1,0.062009,0.00007274,0.048707,8.148059,-0.231117
2018-04-27,,1.8000,1.9350,15.4100,57.2043,162.090000,154.860700,0.096995,0.067543,1,1,1,1,0,4,3,4,2.3939,2.3909,0.0000,0.6091,0.3909,0.0000,1.0000,1,0.002327,0.00007158,0.001955,8.163986,-0.229614
2018-04-30,,1.8000,1.9300,15.9300,52.6882,160.940000,154.960350,0.097463,0.086896,1,1,1,1,0,4,3,4,2.3959,2.3941,0.0000,0.6059,0.3941,0.0000,1.0000,1,-0.021307,0.00007158,-0.017245,8.023197,-0.242900
2018-05-01,,1.7900,1.9300,15.4900,55.0538,162.780000,155.063650,0.096988,0.068484,1,1,1,1,0,4,3,4,2.3973,2.4007,0.0000,0.5993,0.4007,0.0000,1.0000,1,0.032517,0.00007352,0.026198,8.233387,-0.223065
2018-05-02,,1.8200,1.9300,15.9700,52.6882,161.820000,155.161800,0.097549,0.049443,1,1,1,1,0,4,3,4,2.3982,2.3964,0.0000,0.6036,0.3964,0.0000,1.0000,1,-0.017436,0.00007274,-0.013414,8.122941,-0.233487
2018-05-03,,1.8300,1.9300,15.9000,52.0430,161.800000,155.255100,0.097632,0.085228,1,1,1,1,0,4,3,4,2.3988,2.4002,0.0000,0.5998,0.4002,0.0000,1.0000,1,0.000069,0.00007235,-0.000344,8.120146,-0.233751
2018-05-04,,1.8600,1.9300,14.7700,56.9892,164.870000,155.359550,0.096816,0.077058,1,1,1,1,0,4,3,4,2.3992,2.4042,0.0000,0.5958,0.4042,0.0000,1.0000,1,0.056259,0.00007235,0.045121,8.486532,-0.199177
2018-05-07,,1.8600,1.9300,14.7500,58.2796,166.240000,155.469900,0.095984,0.041316,1,1,1,1,0,4,3,4,2.3995,2.4001,0.0000,0.5999,0.4001,0.0000,1.0000,1,0.023766,0.00007235,0.018959,8.647431,-0.183994
2018-05-08,,1.8700,1.9300,14.7100,57.4194,166.070000,155.579700,0.093586,0.008104,1,1,1,1,0,4,3,4,2.3996,2.3999,0.0000,0.6001,0.3999,0.0000,1.0000,1,-0.003307,0.00007313,-0.002650,8.624511,-0.186157
2018-05-09,,1.8700,1.9250,13.4200,59.3548,167.880000,155.695250,0.092041,-0.001781,1,1,1,1,1,5,5,4,2.3998,2.4018,0.0000,0.5982,0.4018,0.0000,1.0000,1,0.033501,0.00007352,0.027290,8.859870,-0.163948
2018-05-10,,1.8600,1.9200,13.2300,62.3656,169.620000,155.821350,0.092475,0.000970,1,1,1,1,0,4,3,5,2.5998,2.6015,0.0000,0.3985,0.6015,0.0000,1.0000,1,0.031119,0.00007391,0.025945,9.089737,-0.142257
2018-05-11,,1.8400,1.9200,12.6500,64.0860,169.460000,155.944300,0.092322,0.024533,1,1,1,1,0,4,3,4,2.5332,2.5330,0.0000,0.4670,0.5330,0.0000,1.0000,1,-0.002994,0.00007469,-0.002525,9.066782,-0.144423
2018-05-14,,1.8200,1.9200,12.9300,62.5806,169.750000,156.073250,0.091930,0.010449,1,1,1,1,0,4,3,4,2.4888,2.4887,0.0000,0.5113,0.4887,0.0000,1.0000,1,0.004444,0.00007547,0.003756,9.100839,-0.141209
2018-05-15,,1.8100,1.9200,14.6300,59.7849,167.870000,156.193400,0.091793,0.000376,1,1,1,1,0,4,3,4,2.4592,2.4585,0.0000,0.5415,0.4585,0.0000,1.0000,1,-0.032349,0.00007586,-0.027016,8.854975,-0.164410
2018-05-16,,1.8100,1.9200,13.4200,60.6452,168.980000,156.322150,0.090692,-0.004914,1,1,1,1,1,5,5,4,2.4395,2.4408,0.0000,0.5592,0.4408,0.0000,1.0000,1,0.018414,0.00007547,0.015578,8.992919,-0.151393
2018-05-17,,1.8000,1.9200,13.4300,60.2151,168.330000,156.446000,0.090033,-0.003981,1,1,1,1,1,5,5,5,2.6263,2.6263,0.0000,0.3737,0.6263,0.0000,1.0000,1,-0.011286,0.00007547,-0.009766,8.905090,-0.159681
2018-05-18,,1.8200,1.9150,13.4200,61.7204,167.460000,156.563550,0.090278,-0.005070,1,1,1,1,1,5,5,5,2.7509,2.7505,0.0000,0.2495,0.7505,0.0000,1.0000,1,-0.016017,0.00007547,-0.014172,8.778891,-0.171589
2018-05-21,,1.8300,1.9100,13.0800,63.6559,168.400000,156.688600,0.090061,-0.017168,1,1,1,1,1,5,5,5,2.8339,2.8335,0.0000,0.1665,0.8335,-0.0000,1.0000,1,0.017463,0.00007508,0.015751,8.917166,-0.158541
2018-05-22,,1.8300,1.9100,13.2200,62.1505,168.180000,156.811250,0.090642,0.003498,1,1,1,1,0,4,3,5,2.8893,2.8888,0.0000,0.1112,0.8888,0.0000,1.0000,1,-0.005210,0.00007586,-0.005138,8.871349,-0.162865
2018-05-23,,1.8300,1.9100,12.5800,62.3656,169.600000,156.936450,0.091217,0.013413,1,1,1,1,0,4,3,4,2.7262,2.7293,0.0000,0.2707,0.7293,0.0000,1.0000,1,0.025140,0.00007586,0.021580,9.062789,-0.144800
2018-05-24,,1.8400,1.9100,12.5300,62.3656,169.550000,157.062650,0.092155,0.020634,1,1,1,1,0,4,3,4,2.6175,2.6173,0.0000,0.3827,0.6173,0.0000,1.0000,1,-0.000841,0.00007547,-0.000860,9.054994,-0.145535
2018-05-25,,1.8400,1.9100,13.2200,61.9355,169.720000,157.190650,0.092780,0.012519,1,1,1,1,0,4,3,4,2.5450,2.5449,0.0000,0.4551,0.5449,0.0000,1.0000,1,0.002527,0.00007508,0.002356,9.076324,-0.143522
2018-05-29,,1.8500,1.9100,17.0200,56.1290,168.970000,157.330350,0.093859,0.032099,1,1,1,1,0,4,3,4,2.4966,2.4966,0.0000,0.5034,0.4966,0.0000,1.0000,1,-0.012781,0.00007469,-0.011053,8.976004,-0.152989
2018-05-30,,1.9600,1.9100,14.9400,62.3656,170.180000,157.470750,0.093375,0.017880,0,1,1,1,0,3,1,4,2.4644,2.4656,0.0000,0.5344,0.4656,0.0000,1.0000,1,0.021335,0.00007586,0.017438,9.132527,-0.138219
2018-05-31,,1.9100,1.9100,15.4300,57.2043,170.070000,157.601450,0.094098,0.042019,1,1,1,1,0,4,3,3,2.2430,2.2428,0.0000,0.7572,0.2428,0.0000,1.0000,1,-0.002142,0.00007625,-0.001643,9.117521,-0.139635
2018-06-01,,1.8900,1.9050,13.4600,60.4301,172.740000,157.745000,0.091758,0.023783,1,1,1,1,0,4,3,4,2.2953,2.2975,0.0000,0.7025,0.2975,0.0000,1.0000,1,0.046520,0.00007586,0.035624,9.442327,-0.108985
2018-06-04,,1.9000,1.9000,12.7400,61.9355,174.300000,157.895100,0.090597,0.008247,1,1,1,1,0,4,3,4,2.3302,2.3314,0.0000,0.6686,0.3314,0.0000,1.0000,1,0.025645,0.00007547,0.019812,9.629399,-0.091332
2018-06-05,,1.8800,1.9000,12.4000,63.0108,174.840000,158.062650,0.090058,0.016555,1,1,1,1,0,4,3,4,2.3535,2.3536,0.0000,0.6464,0.3536,0.0000,1.0000,1,0.010335,0.00007625,0.007776,9.704279,-0.084266
2018-06-06,,1.9000,1.9000,11.6400,65.1613,175.860000,158.235800,0.087185,-0.020974,1,1,1,1,1,5,5,4,2.3690,2.3699,0.0000,0.6301,0.3699,0.0000,1.0000,1,0.016499,0.00007625,0.013598,9.836238,-0.071814
2018-06-07,,1.9100,1.9000,12.1300,66.4516,174.430000,158.402700,0.087807,-0.022663,0,1,1,1,1,4,3,5,2.5793,2.5771,0.0000,0.4229,0.5771,0.0000,1.0000,1,-0.023211,0.00007664,-0.020379,9.635786,-0.090729
2018-06-08,,1.8900,1.8950,12.1800,67.0968,174.440000,158.558900,0.087512,-0.041157,1,1,1,1,1,5,5,4,2.5195,2.5207,0.0000,0.4793,0.5207,0.0000,1.0000,1,-0.000665,0.00007625,-0.001086,9.625322,-0.091717
2018-06-11,,1.9000,1.8950,12.3500,68.3871,174.910000,158.720000,0.087216,-0.045017,0,1,1,1,1,4,3,5,2.6797,2.6806,0.0000,0.3194,0.6806,0.0000,1.0000,1,0.007815,0.00007586,0.007253,9.695137,-0.085129
2018-06-12,,1.8900,1.8900,12.3400,68.3871,175.830000,158.887800,0.088108,-0.039104,1,1,1,1,1,5,5,4,2.5865,2.5872,0.0000,0.4128,0.5872,0.0000,1.0000,1,0.015839,0.00007625,0.013814,9.829067,-0.072491
2018-06-13,,1.8800,1.8900,12.9400,65.8065,175.820000,159.057050,0.088156,-0.046297,1,1,1,1,1,5,5,5,2.7243,2.7240,0.0000,0.2760,0.7240,0.0000,1.0000,1,-0.001137,0.00007547,-0.001283,9.816456,-0.073681
2018-06-14,,1.8700,1.8850,12.1200,65.5914,177.600000,159.233000,0.089029,-0.030323,1,1,1,1,1,5,5,5,2.8162,2.8168,0.0000,0.1832,0.8168,0.0000,1.0000,1,0.030407,0.00007625,0.028075,10.092054,-0.047674
2018-06-15,,1.8800,1.8800,11.9800,64.5161,176.980000,159.403050,0.089380,-0.024775,1,1,1,1,1,5,5,5,2.8775,2.8776,0.0000,0.1224,0.8776,0.0000,1.0000,1,-0.009942,0.00007625,-0.009334,9.997854,-0.056563
2018-06-18,,1.8700,1.8800,12.3100,63.6559,176.500000,159.562300,0.089854,-0.050093,1,1,1,1,1,5,5,5,2.9183,2.9188,0.0000,0.0812,0.9188,0.0000,1.0000,1,-0.002231,0.00007625,-0.001874,9.979121,-0.058331
2018-06-19,,1.9000,1.8800,13.3500,60.3004,176.000000,159.711300,0.091089,-0.044590,0,1,1,1,1,4,3,5,2.9455,2.9461,0.0000,0.0539,0.9461,0.0000,1.0000,1,-0.008946,0.00007625,-0.008442,9.894878,-0.066280
2018-06-20,,1.9100,1.8800,12.7900,60.0858,177.250000,159.867550,0.091006,-0.027650,0,1,1,1,1,4,3,4,2.7637,2.7640,0.0000,0.2360,0.7640,0.0000,1.0000,1,0.020954,0.00007625,0.020247,10.095224,-0.047375
2018-06-21,,1.9200,1.8800,14.6400,58.7983,175.710000,160.022650,0.091890,-0.049954,0,1,1,1,1,4,3,4,2.6425,2.6399,0.0000,0.3601,0.6399,0.0000,1.0000,1,-0.025892,0.00007625,-0.022685,9.866218,-0.068985
2018-06-22,,1.9500,1.8800,13.7700,61.3734,175.320000,160.173600,0.092360,-0.047634,0,1,1,1,1,4,3,4,2.5616,2.5600,0.0000,0.4400,0.5600,0.0000,1.0000,1,-0.010049,0.00007625,-0.008240,9.784922,-0.076656
2018-06-25,,1.9700,1.8800,17.3300,57.0815,171.370000,160.303100,0.095185,-0.008853,0,1,1,1,1,4,3,4,2.5078,2.5044,0.0000,0.4956,0.5044,0.0000,1.0000,1,-0.063851,0.00007586,-0.054274,9.253855,-0.126770
2018-06-26,,1.9900,1.8800,15.9200,56.6524,172.070000,160.442400,0.095085,-0.024765,0,1,1,1,1,4,3,4,2.4718,2.4719,0.0000,0.5281,0.4719,0.0000,1.0000,1,0.011018,0.00007586,0.009726,9.343856,-0.118277
2018-06-27,,1.9900,1.8800,17.9100,53.6481,169.730000,160.561700,0.096343,-0.001299,0,1,1,1,1,4,3,4,2.4479,2.4440,0.0000,0.5560,0.4440,0.0000,1.0000,1,-0.040131,0.00007586,-0.033541,9.030454,-0.147851
2018-06-28,,1.9800,1.8800,16.8500,55.5794,171.190000,160.686550,0.095758,0.001145,0,1,1,1,0,3,1,4,2.4319,2.4341,0.0000,0.5659,0.4341,0.0000,1.0000,1,0.024509,0.00007586,0.020891,9.219106,-0.130049
2018-06-29,,2.0000,1.8800,16.0900,55.7940,171.650000,160.812700,0.095768,0.001200,0,1,1,1,0,3,1,3,2.2213,2.2206,0.0000,0.7794,0.2206,0.0000,1.0000,1,0.004573,0.00007586,0.004518,9.260756,-0.126119
2018-07-02,,1.9900,1.8800,15.6000,55.7940,172.800000,160.948900,0.096244,-0.008861,0,1,1,1,1,4,3,3,2.0809,2.0821,0.0000,0.9179,0.0821,0.0000,1.0000,1,0.022413,0.00007586,0.014300,9.393182,-0.113622
2018-07-03,,1.9700,1.8800,16.1400,55.1502,170.800000,161.072600,0.096862,0.000865,0,1,1,1,0,3,1,4,2.1872,2.1847,0.0000,0.8153,0.1847,0.0000,1.0000,1,-0.034424,0.00007781,-0.025978,9.149170,-0.136648
2018-07-05,,1.9900,1.8800,14.9700,58.1545,172.920000,161.209450,0.096591,0.022443,0,1,1,1,0,3,1,3,2.0582,2.0585,0.0000,0.9415,0.0585,0.0000,1.0000,1,0.036715,0.00007781,0.026267,9.389494,-0.113970
2018-07-06,,1.9500,1.8800,13.3700,61.8026,175.610000,161.358500,0.096525,0.017919,0,1,1,1,0,3,1,3,1.9721,1.9724,0.0276,0.9724,0.0000,0.0000,1.0000,1,0.044996,0.00007703,0.029890,9.670149,-0.087487
2018-07-09,,1.9600,1.8800,12.6900,63.3047,177.190000,161.517700,0.092713,-0.001894,0,1,1,1,1,4,3,3,1.9147,1.9151,0.0849,0.9151,0.0000,0.0000,1.0000,1,0.027832,0.00007742,0.018034,9.844536,-0.071031
2018-07-10,,1.9300,1.8800,12.6400,64.8069,177.320000,161.682000,0.093259,-0.007069,0,1,1,1,1,4,3,4,2.0765,2.0765,0.0000,0.9235,0.0765,0.0000,1.0000,1,0.002389,0.00007781,0.001407,9.858385,-0.069724
2018-07-11,,1.9100,1.8800,13.6300,61.8026,176.420000,161.842500,0.094795,0.004375,0,1,1,1,0,3,1,4,2.1843,2.1848,0.0000,0.8152,0.1848,0.0000,1.0000,1,-0.014619,0.00007820,-0.010003,9.759771,-0.079030
2018-07-12,,1.9100,1.8800,12.5800,62.6609,179.460000,162.025800,0.094015,-0.003572,0,1,1,1,1,4,3,3,2.0562,2.0568,0.0000,0.9432,0.0568,0.0000,1.0000,1,0.049347,0.00007742,0.034296,10.094487,-0.047445
2018-07-13,,1.9000,1.8800,12.1800,63.5193,179.610000,162.208000,0.093959,0.000431,0,1,1,1,0,3,1,4,2.1708,2.1709,0.0000,0.8291,0.1709,0.0000,1.0000,1,0.002920,0.00007781,0.002106,10.115744,-0.045439
2018-07-16,,1.9000,1.8800,12.8300,63.3047,179.180000,162.381600,0.093954,-0.004782,0,1,1,1,1,4,3,3,2.0472,2.0471,0.0000,0.9529,0.0471,0.0000,1.0000,1,-0.006742,0.00007781,-0.004381,10.071423,-0.049621
2018-07-17,,1.9100,1.8800,12.0600,66.0944,180.270000,162.560900,0.093504,-0.009243,0,1,1,1,1,4,3,4,2.1648,2.1669,0.0000,0.8331,0.1669,-0.0000,1.0000,1,0.018513,0.00007897,0.014599,10.218459,-0.035746
2018-07-18,,1.9000,1.8800,12.1000,66.5236,179.930000,162.733300,0.092827,-0.017600,0,1,1,1,1,4,3,4,2.2432,2.2428,0.0000,0.7572,0.2428,-0.0000,1.0000,1,-0.006362,0.00007936,-0.004944,10.167942,-0.040513
2018-07-19,,1.8900,1.8800,12.8700,65.2361,179.030000,162.900550,0.094036,-0.025446,0,1,1,1,1,4,3,4,2.2955,2.2953,0.0000,0.7047,0.2953,0.0000,1.0000,1,-0.014787,0.00007858,-0.011070,10.055383,-0.051134
2018-07-20,,1.9000,1.8800,12.8600,63.0901,178.990000,163.066050,0.093482,-0.029113,0,1,1,1,1,4,3,4,2.3303,2.3298,0.0000,0.6702,0.3298,0.0000,1.0000,1,-0.001393,0.00007858,-0.001398,10.041323,-0.052461
2018-07-23,,1.9100,1.8800,12.6200,61.8026,179.560000,163.233700,0.092648,-0.037897,0,1,1,1,1,4,3,4,2.3535,2.3545,0.0000,0.6455,0.3545,0.0000,1.0000,1,0.008677,0.00007820,0.007164,10.113257,-0.045673
2018-07-24,,1.9100,1.8800,12.4100,61.8026,180.300000,163.397900,0.092504,-0.048918,0,1,1,1,1,4,3,4,2.3690,2.3677,0.0000,0.6323,0.3677,0.0000,1.0000,1,0.012750,0.00007820,0.010045,10.214847,-0.036087
2018-07-25,,1.8800,1.8800,12.2900,65.4506,182.820000,163.573700,0.091986,-0.060339,1,1,1,1,1,5,5,4,2.3794,2.3824,0.0000,0.6176,0.3824,0.0000,1.0000,1,0.041711,0.00007936,0.032804,10.549933,-0.004467
2018-07-26,,1.8700,1.8800,12.1400,67.3820,180.050000,163.736500,0.093192,-0.041856,1,1,1,1,1,5,5,5,2.5862,2.5855,0.0000,0.4145,0.5855,0.0000,1.0000,1,-0.043681,0.00007897,-0.035312,10.177389,-0.039622
2018-07-27,,1.8500,1.8800,13.0300,65.8798,177.620000,163.886600,0.093526,-0.044103,1,1,1,1,1,5,5,5,2.7242,2.7202,0.0000,0.2798,0.7202,0.0000,1.0000,1,-0.041717,0.00007820,-0.038538,9.785173,-0.076633
2018-07-30,,1.8400,1.8800,14.2600,64.3777,175.110000,164.021950,0.093445,-0.045708,1,1,1,1,1,5,5,5,2.8161,2.8138,0.0000,0.1862,0.8138,0.0000,1.0000,1,-0.043057,0.00007858,-0.040462,9.389242,-0.113994
2018-07-31,,1.8400,1.8750,12.8300,68.4549,176.450000,164.165350,0.093822,-0.032703,1,1,1,1,1,5,5,5,2.8774,2.8778,0.0000,0.1222,0.8778,0.0000,1.0000,1,0.019924,0.00008014,0.018572,9.563616,-0.097540
2018-08-01,,1.8300,1.8700,13.1500,65.6652,177.120000,164.309250,0.093374,-0.028611,1,1,1,1,1,5,5,5,2.9183,2.9184,0.0000,0.0816,0.9184,0.0000,1.0000,1,0.013674,0.00007975,0.013338,9.691177,-0.085502
2018-08-02,,1.8300,1.8700,12.1900,67.3820,179.530000,164.462650,0.093328,-0.002913,1,1,1,1,1,5,5,5,2.9455,2.9466,0.0000,0.0534,0.9466,0.0000,1.0000,1,0.039827,0.00007975,0.039368,10.072704,-0.049500
2018-08-03,,1.8400,1.8700,11.6400,68.8841,180.080000,164.617850,0.093970,0.022061,1,1,1,1,0,4,3,5,2.9637,2.9637,0.0000,0.0363,0.9637,0.0000,1.0000,1,0.008958,0.00007936,0.008789,10.161229,-0.041146
2018-08-06,,1.8400,1.8700,11.2700,69.5279,181.140000,164.779250,0.093697,0.013833,1,1,1,1,0,4,3,4,2.7758,2.7769,0.0000,0.2231,0.7769,0.0000,1.0000,1,0.018368,0.00007897,0.016860,10.332550,-0.024980
2018-08-07,,1.8200,1.8700,10.9300,70.8155,181.800000,164.946700,0.093249,0.010510,1,1,1,1,0,4,3,4,2.6505,2.6506,0.0000,0.3494,0.6506,0.0000,1.0000,1,0.009770,0.00008053,0.008826,10.423748,-0.016374
2018-08-08,,1.8200,1.8700,10.8500,70.3863,182.020000,165.113250,0.092798,0.009871,1,1,1,1,0,4,3,4,2.5670,2.5674,0.0000,0.4326,0.5674,0.0000,1.0000,1,0.002679,0.00008092,0.002202,10.446702,-0.014208
2018-08-09,,1.8400,1.8700,11.2700,69.0987,181.910000,165.284100,0.093345,0.017788,1,1,1,1,0,4,3,4,2.5113,2.5116,0.0000,0.4884,0.5116,0.0000,1.0000,1,-0.000891,0.00008092,-0.000937,10.436910,-0.015132
2018-08-10,,1.8500,1.8700,13.1600,66.0944,180.520000,165.446750,0.093569,0.032995,1,1,1,1,0,4,3,4,2.4742,2.4739,0.0000,0.5261,0.4739,0.0000,1.0000,1,-0.023328,0.00008092,-0.019174,10.236794,-0.034016
2018-08-13,,1.8700,1.8700,14.7800,64.8069,180.320000,165.611200,0.094045,0.046205,1,1,1,1,0,4,3,4,2.4495,2.4486,0.0000,0.5514,0.4486,0.0000,1.0000,1,-0.002891,0.00008053,-0.002234,10.213927,-0.036174
2018-08-14,,1.9100,1.8700,13.3100,67.8112,181.450000,165.783650,0.093642,0.038996,0,1,1,1,0,3,1,4,2.4330,2.4335,0.0000,0.5665,0.4335,0.0000,1.0000,1,0.018462,0.00008092,0.014913,10.366252,-0.021800
2018-08-15,,1.9000,1.8700,14.6400,66.7382,179.230000,165.923600,0.095216,0.059000,0,1,1,1,0,3,1,3,2.2220,2.2211,0.0000,0.7789,0.2211,0.0000,1.0000,1,-0.036404,0.00008170,-0.028400,10.071847,-0.049581
2018-08-16,,1.9000,1.8700,13.4500,69.5279,179.820000,166.064800,0.095473,0.055530,0,1,1,1,0,3,1,3,2.0813,2.0810,0.0000,0.9190,0.0810,0.0000,1.0000,1,0.009173,0.00008131,0.006816,10.140495,-0.043103
2018-08-17,,1.8900,1.8700,12.6400,69.3133,179.860000,166.203350,0.095629,0.050442,0,1,1,1,0,3,1,3,1.9876,1.9876,0.0124,0.9876,0.0000,0.0000,1.0000,1,-0.000154,0.00008131,0.000246,10.142988,-0.042868
2018-08-20,,1.8900,1.8700,12.4900,69.9571,179.700000,166.341350,0.095092,0.033372,0,1,1,1,0,3,1,3,1.9250,1.9248,0.0752,0.9248,0.0000,0.0000,1.0000,1,-0.002003,0.00008053,-0.001298,10.129827,-0.044110
2018-08-21,,1.8900,1.8700,12.8600,69.9571,180.360000,166.484100,0.094189,0.015978,0,1,1,1,0,3,1,3,1.8834,1.8834,0.1166,0.8834,0.0000,0.0000,1.0000,1,0.010344,0.00008092,0.006621,10.196894,-0.037781
2018-08-22,,1.8800,1.8700,12.2500,69.9571,181.060000,166.623050,0.093546,-0.003552,0,1,1,1,1,4,3,3,1.8556,1.8563,0.1437,0.8563,0.0000,0.0000,1.0000,1,0.011614,0.00008170,0.006784,10.266067,-0.031254
2018-08-23,,1.9100,1.8700,12.4100,68.4549,180.800000,166.758100,0.093600,0.002527,0,1,1,1,0,3,1,4,2.0370,2.0370,0.0000,0.9630,0.0370,0.0000,1.0000,1,-0.004985,0.00008209,-0.002812,10.237198,-0.033978
2018-08-24,,1.9000,1.8700,11.9900,69.7425,182.480000,166.901100,0.093440,-0.007421,0,1,1,1,1,4,3,3,1.9580,1.9583,0.0417,0.9583,0.0000,0.0000,1.0000,1,0.027782,0.00008170,0.018196,10.423477,-0.016400
2018-08-27,,1.9000,1.8700,12.1600,70.8155,184.340000,167.050300,0.092139,0.004396,0,1,1,1,0,3,1,4,2.1054,2.1058,0.0000,0.8942,0.1058,0.0000,1.0000,1,0.030133,0.00008209,0.020368,10.635784,0.000000
2018-08-28,,1.8900,1.8700,12.5000,71.2446,184.610000,167.204900,0.091905,0.015227,0,1,1,1,0,3,1,3,2.0036,2.0036,0.0000,0.9964,0.0036,0.0000,1.0000,1,0.004445,0.00008325,0.003393,10.671868,0.000000
2018-08-29,,1.9000,1.8700,12.2500,72.3176,186.740000,167.370200,0.092082,0.023808,0,1,1,1,0,3,1,3,1.9357,1.9363,0.0637,0.9363,0.0000,0.0000,1.0000,1,0.034975,0.00008364,0.022449,10.911446,0.000000
2018-08-30,,1.8800,1.8700,13.5300,71.4592,186.410000,167.532900,0.092491,0.063689,0,1,1,1,0,3,1,3,1.8905,1.8905,0.1095,0.8905,0.0000,0.0000,1.0000,1,-0.005655,0.00008364,-0.004077,10.866956,-0.004077
2018-08-31,,1.9000,1.8700,12.8600,71.2446,186.650000,167.699600,0.092091,0.051069,0,1,1,1,0,3,1,3,1.8603,1.8606,0.1394,0.8606,0.0000,0.0000,1.0000,1,0.002913,0.00008286,0.002167,10.890499,-0.001920
2018-09-04,,1.9200,1.8700,13.1600,70.1717,185.850000,167.865900,0.092664,0.061331,0,1,1,1,0,3,1,3,1.8402,1.8400,0.1600,0.8400,0.0000,0.0000,1.0000,1,-0.011895,0.00008286,-0.007530,10.808494,-0.009435
2018-09-05,,1.9400,1.8700,13.9100,69.9571,183.450000,168.010450,0.094212,0.083221,0,1,1,1,0,3,1,3,1.8268,1.8252,0.1748,0.8252,0.0000,0.0000,1.0000,1,-0.039754,0.00008364,-0.023699,10.552344,-0.032911
2018-09-06,,1.9500,1.8700,14.6500,69.7425,181.810000,168.149750,0.095034,0.081216,0,1,1,1,0,3,1,3,1.8179,1.8165,0.1835,0.8165,0.0000,-0.0000,1.0000,1,-0.027259,0.00008403,-0.016389,10.379406,-0.048760
2018-09-07,,1.9300,1.8700,14.8800,69.3133,181.110000,168.286150,0.094054,0.069210,0,1,1,1,0,3,1,3,1.8119,1.8127,0.1873,0.8127,0.0000,0.0000,1.0000,1,-0.009891,0.00008364,-0.005811,10.319092,-0.054287
2018-09-10,,1.9300,1.8700,14.1600,69.9571,181.720000,168.417250,0.094360,0.061890,0,1,1,1,0,3,1,3,1.8079,1.8076,0.1924,0.8076,0.0000,0.0000,1.0000,1,0.008779,0.00008403,0.004376,10.364249,-0.050149
2018-09-11,,1.9200,1.8700,13.2200,69.9571,183.120000,168.554400,0.093807,0.051659,0,1,1,1,0,3,1,3,1.8053,1.8071,0.1929,0.8071,0.0000,0.0000,1.0000,1,0.022206,0.00008403,0.013724,10.506489,-0.037113
2018-09-12,,1.9000,1.8700,13.1400,69.5279,182.580000,168.686000,0.093698,0.044726,0,1,1,1,0,3,1,3,1.8035,1.8035,0.1965,0.8035,0.0000,0.0000,1.0000,1,-0.008660,0.00008442,-0.004869,10.455330,-0.041802
2018-09-13,,1.8900,1.8700,12.3700,69.7425,184.530000,168.827700,0.093852,0.032023,0,1,1,1,0,3,1,3,1.8024,1.8030,0.1970,0.8030,0.0000,0.0000,1.0000,1,0.029612,0.00008481,0.017813,10.641570,-0.024733
2018-09-14,,1.8700,1.8700,12.0700,70.1717,183.990000,168.964700,0.093337,0.027000,1,1,1,1,0,4,3,3,1.8016,1.8009,0.1991,0.8009,0.0000,0.0000,1.0000,1,-0.007622,0.00008442,-0.004788,10.590617,-0.029403
2018-09-17,,1.8800,1.8700,13.6800,69.9571,181.340000,169.102100,0.094145,0.025891,0,1,1,1,0,3,1,4,2.0010,2.0010,0.0000,0.9990,0.0010,0.0000,1.0000,1,-0.042168,0.00008481,-0.028015,10.293920,-0.056594
2018-09-18,,1.8800,1.8700,12.7900,70.3863,182.840000,169.240550,0.093465,0.012671,0,1,1,1,0,3,1,3,1.9340,1.9345,0.0655,0.9345,0.0000,0.0000,1.0000,1,0.023752,0.00008481,0.015480,10.453273,-0.041990
2018-09-19,,1.8800,1.8700,11.7500,71.6738,182.700000,169.381600,0.091340,-0.043405,0,1,1,1,1,4,3,3,1.8894,1.8893,0.1107,0.8893,0.0000,0.0000,1.0000,1,-0.002217,0.00008519,-0.001208,10.440648,-0.043147
2018-09-20,,1.8800,1.8700,11.8000,75.1073,184.720000,169.541650,0.090793,-0.048788,0,1,1,1,1,4,3,4,2.0596,2.0598,0.0000,0.9402,0.0598,0.0000,1.0000,1,0.031398,0.00008481,0.020299,10.652584,-0.023724
2018-09-21,,1.8500,1.8650,11.6800,74.8927,183.710000,169.696150,0.090859,-0.061704,1,1,1,1,1,5,5,4,2.1730,2.1719,0.0000,0.8281,0.1719,0.0000,1.0000,1,-0.015939,0.00008519,-0.011465,10.530457,-0.034916
2018-09-24,,1.8300,1.8600,12.2000,71.4592,183.890000,169.848100,0.090355,-0.060625,1,1,1,1,1,5,5,5,2.4487,2.4512,0.0000,0.5488,0.4512,0.0000,1.0000,1,0.008609,0.00008558,0.008235,10.617180,-0.026969
2018-09-25,,1.8400,1.8600,12.4200,69.9571,184.140000,169.998700,0.089200,-0.073503,1,1,1,1,1,5,5,5,2.6325,2.6328,0.0000,0.3672,0.6328,0.0000,1.0000,1,0.004051,0.00008714,0.003716,10.656631,-0.023353
2018-09-26,,1.8300,1.8600,12.8900,66.7382,184.270000,170.146550,0.088588,-0.084820,1,1,1,1,1,5,5,5,2.7550,2.7547,0.0000,0.2453,0.7547,0.0000,1.0000,1,-0.001009,0.00008675,-0.000607,10.650164,-0.023946
2018-09-27,,1.8400,1.8600,12.4100,66.7382,185.830000,170.296200,0.089253,-0.084295,1,1,1,1,1,5,5,5,2.8367,2.8371,0.0000,0.1629,0.8371,0.0000,1.0000,1,0.027694,0.00008636,0.025329,10.919919,0.000000
2018-09-28,,1.8300,1.8600,12.1200,66.7382,185.790000,170.446700,0.090551,-0.066564,1,1,1,1,1,5,5,5,2.8911,2.8912,0.0000,0.1088,0.8912,0.0000,1.0000,1,-0.001544,0.00008558,-0.001250,10.906274,-0.001250
2018-10-01,,1.8400,1.8600,12.0000,65.8798,186.170000,170.597600,0.089929,-0.072384,1,1,1,1,1,5,5,5,2.9274,2.9270,0.0000,0.0730,0.9270,0.0000,1.0000,1,0.005763,0.00008597,0.005275,10.963805,0.000000
2018-10-02,,1.8300,1.8550,12.0500,66.3090,185.750000,170.746950,0.091199,-0.017134,1,1,1,1,1,5,5,5,2.9516,2.9515,0.0000,0.0485,0.9515,0.0000,1.0000,1,-0.005730,0.00008752,-0.005712,10.901183,-0.005712
2018-10-03,,1.8400,1.8500,11.6100,66.3090,185.950000,170.888450,0.090052,-0.035970,1,1,1,1,1,5,5,5,2.9677,2.9676,0.0000,0.0324,0.9676,0.0000,1.0000,1,0.002952,0.00008752,0.002889,10.932680,-0.002839
2018-10-04,,1.8300,1.8500,14.2200,66.9528,182.380000,171.007150,0.091245,-0.039151,1,1,1,1,1,5,5,5,2.9785,2.9781,0.0000,0.0219,0.9781,0.0000,1.0000,1,-0.057043,0.00008752,-0.056625,10.313617,-0.059303
2018-10-05,,1.8400,1.8500,14.8200,64.3777,180.150000,171.119400,0.093166,-0.009306,1,1,1,1,1,5,5,5,2.9857,2.9855,0.0000,0.0145,0.9855,0.0000,1.0000,1,-0.037604,0.00008714,-0.037410,9.927787,-0.094494
2018-10-08,,1.8500,1.8500,15.6900,65.6652,179.050000,171.227000,0.093948,-0.000125,1,1,1,1,1,5,5,5,2.9904,2.9904,0.0000,0.0096,0.9904,0.0000,1.0000,1,-0.017915,0.00008752,-0.017852,9.750558,-0.110659
2018-10-09,,1.8500,1.8500,15.9500,63.9485,179.630000,171.337400,0.094468,0.005629,1,1,1,1,0,4,3,5,2.9936,2.9936,0.0000,0.0064,0.9936,0.0000,1.0000,1,0.007706,0.00008752,0.007692,9.825559,-0.103818
2018-10-10,,1.8400,1.8500,22.9600,53.6481,171.730000,171.409200,0.097018,0.037289,1,0,1,1,0,3,1,4,2.7958,2.7887,0.0000,0.2113,0.7887,0.0000,1.0000,1,-0.129682,0.00008830,-0.121987,8.626969,-0.213141
2018-10-11,,1.8600,1.8500,24.9800,41.8455,169.600000,171.474600,0.097384,0.047537,0,0,0,0,0,0,-5,3,2.4638,2.4610,0.0000,0.5390,0.4610,0.0000,1.0000,1,-0.040524,0.00008908,-0.033839,8.335043,-0.239767
2018-10-12,,1.8800,1.8500,21.3100,46.1373,174.320000,171.563500,0.095941,0.019971,0,0,0,1,0,1,-3,0,1.6426,1.6431,0.3569,0.6431,0.0000,-0.0000,1.0000,1,0.084470,0.00008908,0.066970,8.893238,-0.188855
2018-10-15,,1.8800,1.8500,21.3000,47.2103,172.210000,171.640900,0.096939,0.036282,0,0,0,1,0,1,-3,1,1.2950,1.2930,0.7070,0.2930,0.0000,0.0000,1.0000,1,-0.037739,0.00008946,-0.017462,8.737948,-0.203019
2018-10-16,,1.8900,1.8500,17.6200,55.1502,177.220000,171.748200,0.095845,0.034533,0,1,1,1,0,3,1,1,1.0634,1.0644,0.9356,0.0644,0.0000,0.0000,1.0000,1,0.086139,0.00009063,0.033241,9.028409,-0.176526
2018-10-17,,1.8800,1.8500,17.4000,52.7897,177.290000,171.842200,0.095650,0.033870,0,1,1,1,0,3,1,3,1.3089,1.3078,0.6922,0.3078,0.0000,0.0000,1.0000,1,0.003298,0.00009024,-0.000910,9.020194,-0.177275
2018-10-18,,1.8800,1.8500,20.0600,48.9270,173.180000,171.907950,0.097196,0.055120,0,0,0,1,0,1,-3,3,1.4726,1.4681,0.5319,0.4681,0.0000,0.0000,1.0000,1,-0.069351,0.00009063,-0.032732,8.724948,-0.204204
2018-10-19,,1.9200,1.8500,19.8900,48.7124,173.020000,171.971500,0.098769,0.058350,0,1,0,1,0,2,-1,1,1.1817,1.1807,0.8193,0.1807,0.0000,0.0000,1.0000,1,-0.004061,0.00009102,-0.000296,8.722366,-0.204440
2018-10-22,,1.9200,1.8500,19.6400,46.7811,173.910000,172.031450,0.098578,0.052793,0,1,0,1,0,2,-1,2,1.1878,1.1878,0.8122,0.1878,0.0000,-0.0000,1.0000,1,0.015071,0.00009063,0.006107,8.775633,-0.199581
2018-10-23,,1.9200,1.8500,20.7100,44.4206,173.270000,172.085050,0.098534,0.053228,0,0,0,1,0,1,-3,2,1.1919,1.1942,0.8058,0.1942,0.0000,0.0000,1.0000,1,-0.011004,0.00009179,-0.004110,8.739564,-0.202871
2018-10-24,,1.9600,1.8500,25.2300,36.9099,165.340000,172.098950,0.104082,0.103129,0,0,0,0,0,0,-5,1,0.9946,0.9943,0.9943,0.0000,0.0000,0.0057,0.9943,1,-0.135994,0.00009140,-0.045981,8.337708,-0.239524
2018-10-25,,1.9900,1.8500,24.2200,40.7725,171.060000,172.143350,0.100655,0.074988,0,0,0,0,0,0,-5,0,0.6631,0.6672,0.6672,0.0000,0.0000,0.3328,0.6672,1,0.102617,0.00009179,0.028019,8.571325,-0.218216
2018-10-26,,1.9800,1.8500,24.1600,36.9099,166.660000,172.160200,0.100573,0.072934,0,0,0,0,0,0,-5,0,0.4420,0.4442,0.4442,0.0000,0.0000,0.5558,0.4442,1,-0.077679,0.00009179,-0.019051,8.408034,-0.233110
2018-10-29,,2.0200,1.8500,24.7000,36.9099,163.230000,172.153900,0.102554,0.084990,0,0,0,0,0,0,-5,0,0.2947,0.2873,0.2873,0.0000,0.0000,0.7127,0.2873,1,-0.053467,0.00009140,-0.003669,8.377185,-0.235924
2018-10-30,,2.0200,1.8500,23.3500,42.4893,165.920000,172.163400,0.101449,0.077828,0,0,0,0,0,0,-5,0,0.1965,0.1995,0.1995,0.0000,0.0000,0.8005,0.1995,1,0.038649,0.00009179,0.003026,8.402536,-0.233611
2018-10-31,,2.0300,1.8500,21.2300,43.7768,169.820000,172.183550,0.099194,0.060423,0,0,0,0,0,0,-5,0,0.1310,0.1318,0.1318,0.0000,0.0000,0.8682,0.1318,1,0.067471,0.00009140,0.004241,8.438170,-0.230361
2018-11-01,,2.0300,1.8500,19.3400,47.6395,172.060000,172.214750,0.097711,0.050734,0,1,0,0,0,1,-3,0,0.0873,0.0882,0.0882,0.0000,0.0000,0.9118,0.0882,1,0.043670,0.00009179,0.001287,8.449028,-0.229371
2018-11-02,,2.0400,1.8500,19.5100,45.9227,169.380000,172.229950,0.097742,0.044919,0,1,0,0,0,1,-3,1,0.2582,0.2558,0.2558,0.0000,0.0000,0.7442,0.2558,1,-0.044779,0.00009102,-0.003459,8.419806,-0.232036
2018-11-05,,2.0200,1.8500,19.9600,47.4249,168.960000,172.234150,0.098577,0.051677,0,1,0,0,0,1,-3,1,0.3721,0.3713,0.3713,0.0000,0.0000,0.6287,0.3713,1,-0.009798,0.00009140,-0.001028,8.411152,-0.232825
2018-11-06,,2.0200,1.8500,19.9100,49.1416,170.240000,172.237800,0.098612,0.047359,0,1,0,0,0,1,-3,1,0.4481,0.4499,0.4499,0.0000,0.0000,0.5501,0.4499,1,0.021149,0.00009257,0.003433,8.440027,-0.230192
2018-11-07,,1.9800,1.8500,16.3600,54.0773,175.580000,172.273650,0.097648,0.042341,0,1,1,1,0,3,1,1,0.4987,0.5035,0.5035,0.0000,0.0000,0.4965,0.5035,1,0.091963,0.00009218,0.015038,8.566950,-0.218615
2018-11-08,,1.9600,1.8500,16.7200,54.5064,174.460000,172.304200,0.097665,0.025601,0,1,1,1,0,3,1,3,0.9325,0.9323,0.9323,0.0000,0.0000,0.0677,0.9323,1,-0.017052,0.00009295,-0.004233,8.530687,-0.221923
2018-11-09,,1.9600,1.8500,17.3600,50.8584,171.520000,172.307150,0.098772,0.033793,0,1,1,0,0,2,-1,3,1.2217,1.2203,0.7797,0.2203,0.0000,0.0000,1.0000,1,-0.050805,0.00009218,-0.017959,8.377482,-0.235897
2018-11-12,,1.9800,1.8500,20.4500,45.9227,166.330000,172.288300,0.100598,0.049685,0,0,0,0,0,0,-5,2,1.2144,1.2107,0.7893,0.2107,0.0000,0.0000,1.0000,1,-0.087840,0.00009257,-0.036520,8.071536,-0.263802
2018-11-13,,1.9800,1.8500,20.0200,46.1373,166.470000,172.277150,0.101209,0.061263,0,0,0,0,0,0,-5,0,0.8096,0.8090,0.8090,0.0000,0.0000,0.1910,0.8090,1,-0.000409,0.00009257,0.002129,8.088724,-0.262234
2018-11-14,,2.0400,1.8500,21.2500,43.6831,165.200000,172.256150,0.100851,0.066748,0,0,0,0,0,0,-5,0,0.5398,0.5354,0.5354,0.0000,0.0000,0.4646,0.5354,1,-0.025363,0.00009334,-0.001467,8.076855,-0.263316
2018-11-15,,2.0900,1.8500,19.9800,46.6809,168.090000,172.256800,0.098985,0.055477,0,1,0,0,0,1,-3,0,0.3598,0.3643,0.3643,0.0000,0.0000,0.6357,0.3643,1,0.053515,0.00009334,0.005990,8.125239,-0.258903
2018-11-16,,2.1300,1.8500,18.1400,47.1092,167.500000,172.271250,0.100245,0.067993,0,1,0,0,0,1,-3,1,0.4399,0.4414,0.4414,0.0000,0.0000,0.5586,0.4414,1,-0.010956,0.00009295,-0.000745,8.119184,-0.259456
2018-11-19,,2.1300,1.8500,20.1000,42.1842,162.060000,172.290950,0.102415,0.089903,0,0,0,0,0,0,-5,1,0.4933,0.4862,0.4862,0.0000,0.0000,0.5138,0.4862,1,-0.095871,0.00009257,-0.015768,7.991157,-0.271133
2018-11-20,,2.1600,1.8500,22.4800,37.2591,159.160000,172.275200,0.103911,0.116453,0,0,0,0,0,0,-5,0,0.3288,0.3299,0.3299,0.0000,0.0000,0.6701,0.3299,1,-0.055469,0.00009334,-0.009430,7.915797,-0.278006
2018-11-21,,2.1700,1.8500,20.8000,38.3298,160.370000,172.276000,0.102030,0.100710,0,0,0,0,0,0,-5,0,0.2192,0.2182,0.2182,0.0000,0.0000,0.7818,0.2182,1,0.022406,0.00009373,0.003242,7.941462,-0.275666
2018-11-23,,2.1700,1.8500,21.5200,38.7580,159.210000,172.304800,0.102773,0.104861,0,0,0,0,0,0,-5,0,0.1462,0.1462,0.1462,0.0000,0.0000,0.8538,0.1462,1,-0.022145,0.00009451,-0.001554,7.929121,-0.276791
2018-11-26,,2.1800,1.8500,18.9000,42.3983,162.890000,172.338750,0.101738,0.092133,0,1,0,0,0,1,-3,0,0.0974,0.0982,0.0982,0.0000,0.0000,0.9018,0.0982,1,0.068648,0.00009451,0.003002,7.952922,-0.274620
2018-11-27,,2.1600,1.8500,19.0200,41.9700,163.440000,172.361600,0.102161,0.101093,0,1,0,0,0,1,-3,1,0.2650,0.2666,0.2666,0.0000,0.0000,0.7334,0.2666,1,0.010375,0.00009451,0.001827,7.967455,-0.273295
2018-11-28,,2.2000,1.8500,18.4900,48.8223,168.700000,172.406650,0.099789,0.072846,0,1,0,0,0,1,-3,1,0.3766,0.3823,0.3823,0.0000,0.0000,0.6177,0.3823,1,0.094822,0.00009451,0.011298,8.057469,-0.265085
2018-11-29,,2.2200,1.8500,18.7900,48.1799,168.150000,172.434000,0.099971,0.057947,0,1,0,0,0,1,-3,1,0.4511,0.4513,0.4513,0.0000,0.0000,0.5487,0.4513,1,-0.009180,0.00009412,-0.001136,8.048316,-0.265919
2018-11-30,,2.2600,1.8500,18.0700,50.1071,169.370000,172.452350,0.100834,0.058385,0,1,1,0,0,2,-1,1,0.5007,0.5021,0.5021,0.0000,0.0000,0.4979,0.5021,1,0.020947,0.00009295,0.003595,8.077253,-0.263280
2018-12-03,,2.2700,1.8500,16.4400,55.0321,172.330000,172.489200,0.100519,0.066752,0,1,1,0,0,2,-1,2,0.7338,0.7329,0.7329,0.0000,0.0000,0.2671,0.7329,1,0.051292,0.00009295,0.007746,8.139818,-0.257574
2018-12-04,,2.2600,1.8500,20.7400,43.6831,165.720000,172.491350,0.103959,0.095432,0,0,0,0,0,0,-5,2,0.8892,0.8858,0.8858,0.0000,0.0000,0.1142,0.8858,1,-0.109964,0.00009334,-0.033339,7.868448,-0.282325
2018-12-06,,2.2500,1.8500,21.1900,42.6124,166.890000,172.501700,0.104228,0.103708,0,0,0,0,0,0,-5,0,0.5928,0.5994,0.5994,0.0000,0.0000,0.4006,0.5994,1,0.014548,0.00009489,-0.001730,7.854838,-0.283566
2018-12-07,,2.2900,1.8500,23.2300,37.4732,161.380000,172.484600,0.107106,0.130454,0,0,0,0,0,0,-5,0,0.3952,0.3883,0.3883,0.0000,0.0000,0.6117,0.3883,1,-0.097880,0.00009451,-0.013964,7.745155,-0.293570
2018-12-10,,2.3100,1.8500,22.6400,39.4004,163.070000,172.459100,0.107112,0.128283,0,0,0,0,0,0,-5,0,0.2635,0.2659,0.2659,0.0000,0.0000,0.7341,0.2659,1,0.031329,0.00009412,0.002564,7.765012,-0.291759
2018-12-11,,2.3100,1.8500,21.7600,37.9015,163.610000,172.425150,0.107523,0.138003,0,0,0,0,0,0,-5,0,0.1756,0.1738,0.1738,0.0000,0.0000,0.8262,0.1738,1,0.010721,0.00009451,0.002131,7.781556,-0.290250
2018-12-12,,2.2600,1.8500,21.4600,40.2570,165.050000,172.408950,0.106306,0.118509,0,0,0,0,0,0,-5,0,0.1171,0.1165,0.1165,0.0000,0.0000,0.8835,0.1165,1,0.025193,0.00009451,0.001933,7.796599,-0.288878
2018-12-13,,2.2400,1.8500,20.6500,38.9722,165.100000,172.398400,0.107265,0.134686,0,0,0,0,0,0,-5,0,0.0781,0.0776,0.0776,0.0000,0.0000,0.9224,0.0776,1,0.000216,0.00009528,0.000354,7.799361,-0.288626
2018-12-14,,2.2500,1.8500,21.6300,34.9036,161.080000,172.381400,0.109072,0.173635,0,0,0,0,0,0,-5,0,0.0520,0.0514,0.0514,0.0000,0.0000,0.9486,0.0514,1,-0.075431,0.00009528,-0.001484,7.787785,-0.289682
2018-12-17,,2.2500,1.8500,24.5200,27.1949,157.430000,172.338600,0.107672,0.161700,0,0,0,0,0,0,-5,0,0.0347,0.0341,0.0341,0.0000,0.0000,0.9659,0.0341,1,-0.064569,0.00009489,-0.000774,7.781759,-0.290232
2018-12-18,,2.2500,1.8500,25.5800,28.2655,158.420000,172.291550,0.107064,0.155809,0,0,0,0,0,0,-5,0,0.0231,0.0231,0.0231,0.0000,0.0000,0.9769,0.0231,1,0.016696,0.00009412,0.000319,7.784243,-0.290005
2018-12-19,,2.2600,1.8550,25.5800,23.5546,154.530000,172.221500,0.108513,0.173512,0,0,0,0,0,0,-5,0,0.0154,0.0151,0.0151,0.0000,0.0000,0.9849,0.0151,1,-0.072304,0.00009373,-0.000301,7.781902,-0.290219
2018-12-20,,2.2700,1.8600,28.3800,18.4154,152.290000,172.138300,0.110248,0.200592,0,0,0,0,0,0,-5,0,0.0103,0.0102,0.0102,0.0000,0.0000,0.9898,0.0102,1,-0.040159,0.00009412,-0.000069,7.781362,-0.290268
2018-12-21,,2.2800,1.8600,30.1100,15.8458,147.570000,172.026850,0.111778,0.217359,0,0,0,0,0,0,-5,0,0.0069,0.0066,0.0066,0.0000,0.0000,0.9934,0.0066,1,-0.096614,0.00009373,-0.000103,7.780563,-0.290341
2018-12-24,,2.3100,1.8600,36.0700,9.8501,143.500000,171.878550,0.110011,0.187490,0,0,0,0,0,0,-5,0,0.0046,0.0045,0.0045,0.0000,0.0000,0.9955,0.0045,1,-0.074040,0.00009373,-0.000055,7.780138,-0.290380
2018-12-26,,2.3500,1.8600,30.4100,16.2741,152.460000,171.770450,0.106142,0.145798,0,0,0,0,0,0,-5,0,0.0030,0.0032,0.0032,0.0000,0.0000,0.9968,0.0032,1,0.179993,0.00009605,0.000300,7.782470,-0.290167
2018-12-27,,2.3300,1.8600,29.9600,19.0578,153.050000,171.677150,0.106220,0.154042,0,0,0,0,0,0,-5,0,0.0020,0.0021,0.0021,0.0000,0.0000,0.9979,0.0021,1,0.014222,0.00009567,0.000087,7.783150,-0.290105
2018-12-28,,2.3600,1.8600,28.3400,19.0578,152.970000,171.583600,0.106620,0.143679,0,0,0,0,0,0,-5,0,0.0014,0.0013,0.0013,0.0000,0.0000,0.9987,0.0013,1,-0.004124,0.00009451,0.000099,7.783918,-0.290035
2018-12-31,,2.4400,1.8650,25.4200,22.2698,154.260000,171.497250,0.105874,0.150521,0,0,0,0,0,0,-5,0,0.0009,0.0009,0.0009,0.0000,0.0000,0.9991,0.0009,1,0.022639,0.00009412,0.000106,7.784740,-0.289960
2019-01-02,,2.4500,1.8700,23.2200,18.2013,154.880000,171.416550,0.103945,0.120306,0,0,0,0,0,0,-5,0,0.0006,0.0006,0.0006,0.0000,0.0000,0.9994,0.0006,1,0.014309,0.00009605,0.000092,7.785459,-0.289894
2019-01-03,,2.4500,1.8700,25.4500,14.1328,149.820000,171.330150,0.106466,0.121125,0,0,0,0,0,0,-5,0,0.0004,0.0004,0.0004,0.0000,0.0000,0.9996,0.0004,1,-0.096886,0.00009489,0.000078,7.786069,-0.289839
2019-01-04,,2.4800,1.8700,21.3800,21.4133,156.230000,171.273050,0.104541,0.098874,0,0,0,0,0,0,-5,0,0.0003,0.0003,0.0003,0.0000,0.0000,0.9997,0.0003,1,0.127910,0.00009451,0.000108,7.786909,-0.289762
2019-01-07,,2.4500,1.8700,21.4000,23.5546,158.090000,171.228900,0.103015,0.080086,0,0,0,0,0,0,-5,0,0.0002,0.0002,0.0002,0.0000,0.0000,0.9998,0.0002,1,0.031879,0.00009489,0.000097,7.787666,-0.289693
2019-01-08,,2.4200,1.8700,20.4700,28.4797,159.520000,171.212500,0.103322,0.059955,0,0,0,0,0,0,-5,0,0.0001,0.0001,0.0001,0.0000,0.0000,0.9999,0.0001,1,0.028868,0.00009605,0.000098,7.788427,-0.289624
2019-01-09,,2.3900,1.8700,19.9800,29.5503,160.820000,171.224050,0.102221,0.047080,0,1,0,0,0,1,-3,0,0.0001,0.0001,0.0001,0.0000,0.0000,0.9999,0.0001,1,0.023628,0.00009644,0.000097,7.789184,-0.289555
2019-01-10,,2.3900,1.8700,19.5000,31.4775,161.280000,171.208450,0.103195,0.070924,0,1,0,0,0,1,-3,1,0.2001,0.2017,0.2017,0.0000,0.0000,0.7983,0.2017,1,0.009618,0.00009605,0.002161,7.806019,-0.288019
2019-01-11,,2.4200,1.8750,18.1900,32.5482,160.690000,171.216500,0.102769,0.056759,0,1,0,0,0,1,-3,1,0.3334,0.3339,0.3339,0.0000,0.0000,0.6661,0.3339,1,-0.011908,0.00009528,-0.000391,7.802967,-0.288298
2019-01-14,,2.4200,1.8800,19.0700,29.7645,159.270000,171.226600,0.101068,0.050026,0,1,0,0,0,1,-3,1,0.4222,0.4222,0.4222,0.0000,0.0000,0.5778,0.4222,1,-0.026030,0.00009528,-0.002939,7.780036,-0.290389
2019-01-15,,2.4600,1.8800,18.6000,32.7623,162.380000,171.237850,0.101152,0.053404,0,1,0,0,0,1,-3,1,0.4815,0.4852,0.4852,0.0000,0.0000,0.5148,0.4852,1,0.055432,0.00009605,0.009155,7.851263,-0.283892
2019-01-16,,2.4600,1.8800,19.0400,32.9764,162.350000,171.272050,0.101272,0.039597,0,1,0,0,0,1,-3,1,0.5210,0.5205,0.5205,0.0000,0.0000,0.4795,0.5205,1,0.001407,0.00009605,-0.000113,7.850379,-0.283973
2019-01-17,,2.4500,1.8800,18.0600,35.5460,163.630000,171.303900,0.100928,0.020804,0,1,0,0,0,1,-3,1,0.5473,0.5501,0.5501,0.0000,0.0000,0.4499,0.5501,1,0.023414,0.00009528,0.004451,7.885320,-0.280786
2019-01-18,,2.4300,1.8800,17.8000,41.3276,165.250000,171.331450,0.099715,0.011171,0,1,0,0,0,1,-3,1,0.5649,0.5656,0.5656,0.0000,0.0000,0.4344,0.5656,1,0.027454,0.00009489,0.005524,7.928874,-0.276814
2019-01-22,,2.3800,1.8800,20.8000,37.0450,161.940000,171.337900,0.101271,0.026678,0,0,0,0,0,0,-5,1,0.5766,0.5734,0.5734,0.0000,0.0000,0.4266,0.5734,1,-0.055222,0.00009451,-0.011455,7.838048,-0.285098
2019-01-23,,2.3800,1.8800,19.5200,37.2591,162.150000,171.365500,0.102084,-0.019055,0,1,0,0,1,2,-1,0,0.3844,0.3835,0.3835,0.0000,0.0000,0.6165,0.3835,1,0.000943,0.00009528,0.001473,7.849593,-0.284045
2019-01-24,,2.3700,1.8800,18.8900,37.9015,163.200000,171.392850,0.102561,0.018476,0,1,0,0,0,1,-3,2,0.6563,0.6570,0.6570,0.0000,0.0000,0.3430,0.6570,1,0.017660,0.00009451,0.003358,7.875949,-0.281641
2019-01-25,,2.3700,1.8800,17.4200,40.4711,165.150000,171.412550,0.100309,-0.002633,0,1,0,0,1,2,-1,1,0.6375,0.6384,0.6384,0.0000,0.0000,0.3616,0.6384,1,0.035632,0.00009295,0.007794,7.937338,-0.276042
2019-01-28,,2.3400,1.8800,18.8700,38.7580,163.110000,171.426700,0.100603,-0.019022,0,1,0,0,1,2,-1,2,0.8250,0.8251,0.8251,0.0000,0.0000,0.1749,0.8251,1,-0.036863,0.00009373,-0.007786,7.875540,-0.281678
2019-01-29,,2.3600,1.8800,19.1300,38.9722,161.570000,171.423500,0.101021,-0.004148,0,1,0,0,1,2,-1,2,0.9500,0.9495,0.9495,0.0000,0.0000,0.0505,0.9495,1,-0.028300,0.00009489,-0.009046,7.804299,-0.288176
2019-01-30,,2.3600,1.8800,17.6600,46.4668,165.680000,171.445050,0.100213,0.010152,0,1,0,0,0,1,-3,2,1.0333,1.0338,0.9662,0.0338,0.0000,-0.0000,1.0000,1,0.074958,0.00009489,0.025365,8.002255,-0.270121
2019-01-31,,2.3700,1.8800,16.5700,47.3233,168.160000,171.472850,0.101434,0.037598,0,1,0,0,0,1,-3,1,0.8889,0.8897,0.8897,0.0000,0.0000,0.1103,0.8897,1,0.043971,0.00009489,0.014094,8.115036,-0.259834
2019-02-01,,2.3800,1.8850,16.1400,49.4647,167.450000,171.479600,0.100996,0.033071,0,1,0,0,0,1,-3,1,0.7926,0.7927,0.7927,0.0000,0.0000,0.2073,0.7927,1,-0.012763,0.00009451,-0.003835,8.083919,-0.262672
2019-02-04,,2.3100,1.8900,15.7300,53.3191,169.530000,171.495050,0.100456,0.018960,0,1,1,0,0,2,-1,1,0.7284,0.7308,0.7308,0.0000,0.0000,0.2692,0.7308,1,0.036630,0.00009412,0.009066,8.157206,-0.255988
2019-02-05,,2.3000,1.8900,15.5700,54.3897,171.030000,171.525650,0.100238,0.016373,0,1,1,0,0,2,-1,2,0.8856,0.8864,0.8864,0.0000,0.0000,0.1136,0.8864,1,0.026398,0.00009489,0.007618,8.219346,-0.250320
2019-02-06,,2.2700,1.8900,15.3800,54.8180,170.520000,171.566750,0.100315,0.026514,0,1,1,0,0,2,-1,2,0.9904,0.9904,0.9904,0.0000,0.0000,0.0096,0.9904,1,-0.007898,0.00009489,-0.002988,8.194791,-0.252560
2019-02-07,,2.2800,1.8900,16.3700,52.2484,168.230000,171.598450,0.102613,0.048798,0,1,1,0,0,2,-1,2,1.0603,1.0599,0.9401,0.0599,0.0000,-0.0000,1.0000,1,-0.040825,0.00009489,-0.013694,8.082573,-0.262795
2019-02-08,,2.3100,1.8900,15.7200,52.0343,168.560000,171.648950,0.102932,0.041008,0,1,1,0,0,2,-1,2,1.1068,1.1078,0.8922,0.1078,0.0000,0.0000,1.0000,1,0.005107,0.00009489,0.002505,8.102820,-0.260948
2019-02-11,,2.3000,1.8900,15.9700,52.4625,168.400000,171.697700,0.102838,0.022107,0,1,1,0,0,2,-1,2,1.1379,1.1374,0.8626,0.1374,0.0000,0.0000,1.0000,1,-0.002329,0.00009528,-0.001124,8.093715,-0.261779
2019-02-12,,2.3000,1.8900,15.4300,57.8158,170.890000,171.742200,0.101769,0.005576,0,1,1,0,0,2,-1,2,1.1586,1.1597,0.8403,0.1597,0.0000,0.0000,1.0000,1,0.043294,0.00009605,0.017028,8.231537,-0.249208
2019-02-13,,2.3000,1.8900,15.6500,61.4561,171.010000,171.786800,0.101149,0.003006,0,1,1,0,0,2,-1,2,1.1724,1.1719,0.8281,0.1719,0.0000,0.0000,1.0000,1,0.002034,0.00009528,0.000638,8.236787,-0.248729
2019-02-14,,2.2700,1.8900,16.2200,59.9572,171.220000,171.838200,0.101210,0.022586,0,1,1,0,0,2,-1,2,1.1816,1.1823,0.8177,0.1823,0.0000,0.0000,1.0000,1,0.003654,0.00009567,0.001356,8.247953,-0.247711
2019-02-15,,2.3000,1.8950,14.9100,64.2398,171.940000,171.884000,0.100425,0.001826,0,1,1,1,0,3,1,2,1.1877,1.1873,0.8127,0.1873,0.0000,0.0000,1.0000,1,0.011934,0.00009528,0.005140,8.290344,-0.243844
2019-02-19,,2.2800,1.9000,14.8800,65.0964,172.280000,171.936300,0.100846,-0.015825,0,1,1,1,1,4,3,3,1.3918,1.3930,0.6070,0.3930,0.0000,0.0000,1.0000,1,0.005996,0.00009528,0.003168,8.316609,-0.241449
2019-02-20,,2.2800,1.9000,14.0200,66.5953,172.250000,171.988550,0.101092,-0.028599,0,1,1,1,1,4,3,4,1.7279,1.7277,0.2723,0.7277,0.0000,0.0000,1.0000,1,-0.000795,0.00009605,-0.000641,8.311276,-0.241935
2019-02-21,,2.2300,1.9000,14.4600,64.8822,171.620000,172.022300,0.102192,0.001658,0,1,1,0,0,2,-1,4,1.9519,1.9518,0.0482,0.9518,0.0000,0.0000,1.0000,1,-0.011334,0.00009605,-0.007408,8.249703,-0.247551
2019-02-22,,2.2300,1.9000,13.5100,66.5953,172.890000,172.055550,0.102189,-0.006027,0,1,1,1,1,4,3,2,1.7013,1.7024,0.2976,0.7024,0.0000,0.0000,1.0000,1,0.021722,0.00009605,0.013416,8.360381,-0.237456
2019-02-25,,2.2500,1.9000,14.8500,66.1670,173.520000,172.092800,0.101388,-0.003597,0,1,1,1,1,4,3,4,1.9342,1.9340,0.0660,0.9340,0.0000,0.0000,1.0000,1,0.011024,0.00009644,0.005219,8.404015,-0.233476
2019-02-26,,2.2300,1.9000,15.1700,65.3105,173.700000,172.121900,0.101335,-0.008410,0,1,1,1,1,4,3,4,2.0895,2.0897,0.0000,0.9103,0.0897,0.0000,1.0000,1,0.003115,0.00009683,0.002247,8.422898,-0.231754
2019-02-27,,2.2400,1.9000,14.7000,65.9529,173.590000,172.141750,0.101504,0.017481,0,1,1,1,0,3,1,4,2.1930,2.1935,0.0000,0.8065,0.1935,0.0000,1.0000,1,-0.003106,0.00009605,-0.001465,8.410558,-0.232880
2019-02-28,,2.2500,1.9000,14.7800,65.0964,173.190000,172.160400,0.102286,0.023554,0,1,1,1,0,3,1,3,2.0620,2.0620,0.0000,0.9380,0.0620,0.0000,1.0000,1,-0.006231,0.00009605,-0.005116,8.367530,-0.236804
2019-03-01,,2.2200,1.9000,13.5700,66.1670,174.390000,172.183600,0.101865,0.010398,0,1,1,1,0,3,1,3,1.9747,1.9747,0.0253,0.9747,0.0000,0.0000,1.0000,1,0.019984,0.00009605,0.014974,8.492821,-0.225377
2019-03-04,,2.2200,1.9000,14.6300,66.3812,174.420000,172.216350,0.102416,0.018876,0,1,1,1,0,3,1,3,1.9164,1.9160,0.0840,0.9160,0.0000,0.0000,1.0000,1,0.000192,0.00009567,-0.000152,8.491534,-0.225494
2019-03-05,,2.2200,1.9000,14.7400,64.6681,174.570000,172.244300,0.102430,-0.015189,0,1,1,1,1,4,3,3,1.8776,1.8777,0.1223,0.8777,0.0000,0.0000,1.0000,1,0.003073,0.00009644,0.001341,8.502925,-0.224455
2019-03-06,,2.2200,1.9000,15.7400,62.7409,173.560000,172.270450,0.103054,-0.011579,0,1,1,1,1,4,3,4,2.0517,2.0514,0.0000,0.9486,0.0514,0.0000,1.0000,1,-0.017806,0.00009644,-0.012240,8.398852,-0.233947
2019-03-07,,2.2500,1.9000,16.5900,58.8865,171.430000,172.290300,0.104269,-0.027641,0,1,1,0,1,3,1,4,2.1678,2.1665,0.0000,0.8335,0.1665,0.0000,1.0000,1,-0.036452,0.00009683,-0.026074,8.179860,-0.253921
2019-03-08,,2.2500,1.9000,16.0500,56.9593,171.170000,172.304150,0.104842,-0.022022,0,1,1,0,1,3,1,3,2.0452,2.0456,0.0000,0.9544,0.0456,0.0000,1.0000,1,-0.005665,0.00009605,-0.005099,8.138155,-0.257725
2019-03-11,,2.2700,1.9050,14.3300,62.3126,174.730000,172.336900,0.104080,-0.033755,0,1,1,1,1,4,3,3,1.9635,1.9641,0.0359,0.9641,0.0000,0.0000,1.0000,1,0.062462,0.00009644,0.041335,8.474549,-0.227043
2019-03-12,,2.2700,1.9100,13.7700,62.7409,175.720000,172.367500,0.104404,-0.018833,0,1,1,1,1,4,3,4,2.1090,2.1092,0.0000,0.8908,0.1092,0.0000,1.0000,1,0.016469,0.00009644,0.011389,8.571066,-0.218240
2019-03-13,,2.2500,1.9100,13.4100,64.6681,177.010000,172.404800,0.103825,-0.034008,0,1,1,1,1,4,3,4,2.2060,2.2064,0.0000,0.7936,0.2064,0.0000,1.0000,1,0.022042,0.00009644,0.015537,8.704234,-0.206094
2019-03-14,,2.2600,1.9100,13.5000,64.0257,176.710000,172.439750,0.103873,-0.051450,0,1,1,1,1,4,3,4,2.2707,2.2703,0.0000,0.7297,0.2703,0.0000,1.0000,1,-0.004977,0.00009605,-0.004171,8.667931,-0.209405
2019-03-15,,2.2700,1.9100,12.8800,65.3105,178.350000,172.486650,0.103427,-0.043429,0,1,1,1,1,4,3,4,2.3138,2.3146,0.0000,0.6854,0.3146,0.0000,1.0000,1,0.024824,0.00009605,0.019369,8.835816,-0.194092
2019-03-18,,2.2800,1.9100,13.1000,67.6660,178.450000,172.528000,0.102664,-0.045496,0,1,1,1,1,4,3,4,2.3425,2.3433,0.0000,0.6567,0.3433,0.0000,1.0000,1,0.009038,0.00009605,0.006497,8.893225,-0.188856
2019-03-19,,2.2700,1.9100,13.5600,65.5246,179.050000,172.572900,0.101470,-0.072954,0,1,1,1,1,4,3,4,2.3617,2.3614,0.0000,0.6386,0.3614,0.0000,1.0000,1,0.010032,0.00009567,0.008146,8.965669,-0.182248
2019-03-20,,2.2700,1.9100,13.9100,62.5268,179.760000,172.608000,0.102042,-0.084783,0,1,1,1,1,4,3,4,2.3745,2.3753,0.0000,0.6247,0.3753,0.0000,1.0000,1,0.011174,0.00009644,0.008865,9.045146,-0.174999
2019-03-21,,2.2900,1.9100,13.6300,67.5214,182.560000,172.649300,0.101974,-0.103757,0,1,1,1,1,4,3,4,2.3830,2.3873,0.0000,0.6127,0.3873,0.0000,1.0000,1,0.046658,0.00009722,0.036862,9.378572,-0.144588
2019-03-22,,2.2800,1.9100,16.4800,61.5385,178.560000,172.667900,0.104727,-0.057238,0,1,1,1,1,4,3,4,2.3886,2.3845,0.0000,0.6155,0.3845,0.0000,1.0000,1,-0.065695,0.00009760,-0.052918,8.882274,-0.189855
2019-03-25,,2.3000,1.9150,16.3300,61.5385,178.220000,172.679700,0.104895,-0.013311,0,1,1,1,1,4,3,4,2.3924,2.3930,0.0000,0.6070,0.3930,0.0000,1.0000,1,-0.006278,0.00009644,-0.003991,8.846824,-0.193088
2019-03-26,,2.2800,1.9200,14.6800,63.4615,179.040000,172.702750,0.104866,-0.014443,0,1,1,1,1,4,3,4,2.3950,2.3940,0.0000,0.6060,0.3940,0.0000,1.0000,1,0.013718,0.00009644,0.010877,8.943054,-0.184311
2019-03-27,,2.3000,1.9200,15.1500,63.0342,177.910000,172.720100,0.104684,-0.020487,0,1,1,1,1,4,3,4,2.3966,2.3943,0.0000,0.6057,0.3943,0.0000,1.0000,1,-0.019409,0.00009644,-0.014860,8.810159,-0.196432
2019-03-28,,2.2800,1.9200,14.4300,63.8889,178.310000,172.737100,0.103060,-0.029851,0,1,1,1,1,4,3,4,2.3978,2.3975,0.0000,0.6025,0.3975,0.0000,1.0000,1,0.006174,0.00009567,0.004353,8.848505,-0.192935
2019-03-29,,2.2700,1.9200,13.7100,66.2393,179.690000,172.756400,0.102963,-0.010668,0,1,1,1,1,4,3,4,2.3985,2.3983,0.0000,0.6017,0.3983,0.0000,1.0000,1,0.022559,0.00009528,0.018427,9.011553,-0.178063
2019-04-01,,2.2600,1.9200,13.4000,70.7265,182.040000,172.787500,0.101057,-0.059466,0,1,1,1,1,4,3,4,2.3990,2.3995,0.0000,0.6005,0.3995,0.0000,1.0000,1,0.039358,0.00009412,0.031796,9.298087,-0.151929
2019-04-02,,2.2400,1.9250,13.3600,71.1538,182.730000,172.813150,0.101147,-0.036781,0,1,1,1,1,4,3,4,2.3993,2.3999,0.0000,0.6001,0.3999,0.0000,1.0000,1,0.011038,0.00009528,0.008114,9.373534,-0.145047
2019-04-03,,2.2400,1.9300,13.7400,71.3675,183.780000,172.847150,0.100831,-0.023874,0,1,1,1,1,4,3,4,2.3996,2.3996,0.0000,0.6004,0.3996,0.0000,1.0000,1,0.017299,0.00009489,0.013828,9.503150,-0.133225
2019-04-04,,2.2300,1.9300,13.5800,72.6496,183.710000,172.883200,0.100216,-0.033623,0,1,1,1,1,4,3,4,2.3997,2.3995,0.0000,0.6005,0.3995,0.0000,1.0000,1,-0.001651,0.00009567,-0.001171,9.492022,-0.134240
2019-04-05,,2.2200,1.9350,12.8200,74.5726,184.660000,172.926500,0.100669,-0.016988,0,1,1,1,1,4,3,4,2.3998,2.4002,0.0000,0.5998,0.4002,0.0000,1.0000,1,0.015380,0.00009567,0.012026,9.606175,-0.123828
2019-04-08,,2.2200,1.9450,13.1800,75.2137,185.140000,172.965950,0.099882,-0.035806,0,1,1,1,1,4,3,4,2.3999,2.4009,0.0000,0.5991,0.4009,0.0000,1.0000,1,0.007655,0.00009567,0.006163,9.665383,-0.118428
2019-04-09,,2.2100,1.9500,14.2800,72.4359,184.480000,173.009800,0.100640,-0.022973,0,1,1,1,1,4,3,4,2.3999,2.3996,0.0000,0.6004,0.3996,0.0000,1.0000,1,-0.010991,0.00009528,-0.008617,9.582092,-0.126025
2019-04-10,,2.1900,1.9500,13.3000,74.7863,185.470000,173.060550,0.099986,-0.011993,0,1,1,1,1,4,3,4,2.3999,2.4008,0.0000,0.5992,0.4008,0.0000,1.0000,1,0.016179,0.00009489,0.012936,9.706043,-0.114719
2019-04-11,,2.2100,1.9550,13.0200,74.5726,185.030000,173.128850,0.100517,-0.006953,0,1,1,1,1,4,3,4,2.4000,2.3990,0.0000,0.6010,0.3990,0.0000,1.0000,1,-0.007559,0.00009528,-0.005969,9.648104,-0.120004
2019-04-12,,2.2000,1.9600,12.0100,76.4957,185.830000,173.197650,0.100307,-0.010599,0,1,1,1,1,4,3,4,2.4000,2.3999,0.0000,0.6001,0.3999,0.0000,1.0000,1,0.012316,0.00009528,0.009839,9.743028,-0.111346
2019-04-15,,2.1500,1.9600,12.3200,76.0684,185.860000,173.278300,0.100355,-0.006257,0,1,1,1,1,4,3,4,2.4000,2.4001,0.0000,0.5999,0.4001,0.0000,1.0000,1,0.000800,0.00009567,0.000383,9.746756,-0.111006
2019-04-16,,2.1500,1.9600,12.1800,76.2821,186.500000,173.354850,0.099049,-0.007273,0,1,1,1,1,4,3,4,2.4000,2.3999,0.0000,0.6001,0.3999,0.0000,1.0000,1,0.009757,0.00009528,0.007966,9.824402,-0.103924
2019-04-17,,2.1200,1.9600,12.6000,74.7863,187.150000,173.432350,0.098912,-0.025649,0,1,1,1,1,4,3,4,2.4000,2.3992,0.0000,0.6008,0.3992,0.0000,1.0000,1,0.009979,0.00009528,0.008032,9.903309,-0.096727
2019-04-18,,2.1300,1.9650,12.0900,75.6410,187.390000,173.505300,0.098769,-0.035755,0,1,1,1,1,4,3,4,2.4000,2.3998,0.0000,0.6002,0.3998,0.0000,1.0000,1,0.003137,0.00009567,0.002549,9.928550,-0.094425
2019-04-22,,2.1200,1.9700,12.4200,75.2137,187.920000,173.590900,0.098598,-0.042561,0,1,1,1,1,4,3,4,2.4000,2.4015,0.0000,0.5985,0.4015,0.0000,1.0000,1,0.008443,0.00009489,0.006953,9.997584,-0.088128
2019-04-23,,2.1400,1.9750,12.2800,77.9915,190.310000,173.677850,0.097992,-0.025445,0,1,1,1,1,4,3,4,2.4000,2.4021,0.0000,0.5979,0.4021,0.0000,1.0000,1,0.037984,0.00009567,0.030302,10.300533,-0.060497
2019-04-24,,2.1400,1.9800,13.1400,77.7778,189.710000,173.748350,0.098843,-0.019377,0,1,1,1,1,4,3,4,2.4000,2.3989,0.0000,0.6011,0.3989,0.0000,1.0000,1,-0.009709,0.00009605,-0.007700,10.221220,-0.067731
2019-04-25,,2.1400,1.9800,13.2500,76.7094,190.480000,173.814800,0.099315,-0.018724,0,1,1,1,1,4,3,4,2.4000,2.3993,0.0000,0.6007,0.3993,0.0000,1.0000,1,0.011161,0.00009567,0.008545,10.308564,-0.059764
2019-04-26,,2.1400,1.9800,12.7300,76.7094,190.650000,173.881450,0.099008,-0.013183,0,1,1,1,1,4,3,4,2.4000,2.4005,0.0000,0.5995,0.4005,0.0000,1.0000,1,0.003580,0.00009528,0.003223,10.341787,-0.056734
2019-04-29,,2.1300,1.9800,13.1100,76.2821,191.020000,173.954450,0.098275,-0.033905,0,1,1,1,1,4,3,4,2.4000,2.4005,0.0000,0.5995,0.4005,0.0000,1.0000,1,0.005351,0.00009489,0.003924,10.382372,-0.053032
2019-04-30,,2.1300,1.9850,13.1200,77.1368,189.540000,174.004850,0.099840,-0.012461,0,1,1,1,1,4,3,4,2.4000,2.4002,0.0000,0.5998,0.4002,0.0000,1.0000,1,-0.022915,0.00009567,-0.018065,10.194818,-0.070139
2019-05-01,,2.1400,1.9900,14.8000,75.0000,188.930000,174.051450,0.099568,-0.009482,0,1,1,1,1,4,3,4,2.4000,2.3977,0.0000,0.6023,0.3977,0.0000,1.0000,1,-0.011499,0.00009528,-0.009220,10.100819,-0.078712
2019-05-02,,2.1100,1.9900,14.4200,74.7863,188.140000,174.096250,0.099560,-0.007207,0,1,1,1,1,4,3,4,2.4000,2.3988,0.0000,0.6012,0.3988,0.0000,1.0000,1,-0.012246,0.00009528,-0.009449,10.005378,-0.087417
2019-05-03,,2.1200,1.9900,12.8700,76.7094,191.110000,174.150450,0.099140,-0.012636,0,1,1,1,1,4,3,4,2.4000,2.4016,0.0000,0.5984,0.4016,0.0000,1.0000,1,0.047110,0.00009683,0.037646,10.382036,-0.053063
2019-05-06,,2.1100,1.9900,15.4400,75.8547,189.940000,174.200500,0.099003,-0.038141,0,1,1,1,1,4,3,4,2.4000,2.4037,0.0000,0.5963,0.4037,0.0000,1.0000,1,-0.017907,0.00009528,-0.014112,10.235526,-0.066426
2019-05-07,,2.1400,1.9950,19.3200,73.5043,186.240000,174.236550,0.100372,-0.026480,0,1,1,1,1,4,3,4,2.4000,2.3978,0.0000,0.6022,0.3978,0.0000,1.0000,1,-0.058168,0.00009567,-0.047428,9.750080,-0.110703
2019-05-08,,2.1700,2.0100,19.4000,71.5812,185.770000,174.270450,0.099137,-0.038232,0,1,1,1,1,4,3,4,2.4000,2.4003,0.0000,0.5997,0.4003,0.0000,1.0000,1,-0.008800,0.00009528,-0.007135,9.680511,-0.117048
2019-05-09,,2.1700,2.0200,19.1000,72.0085,184.770000,174.296500,0.099316,-0.025210,0,1,1,1,1,4,3,4,2.4000,2.4012,0.0000,0.5988,0.4012,0.0000,1.0000,1,-0.015819,0.00009528,-0.011849,9.565811,-0.127510
2019-05-10,,2.2100,2.0200,16.0400,72.4359,185.000000,174.320000,0.100590,-0.005791,0,1,1,1,1,4,3,4,2.4000,2.4011,0.0000,0.5989,0.4011,0.0000,1.0000,1,0.002788,0.00009528,0.002320,9.588005,-0.125486
2019-05-13,,2.2000,2.0200,20.5500,64.1026,178.580000,174.298800,0.104287,0.031118,0,0,1,1,0,2,-1,4,2.4000,2.3977,0.0000,0.6023,0.3977,0.0000,1.0000,1,-0.103369,0.00009528,-0.083535,8.787071,-0.198538
2019-05-14,,2.2500,2.0250,18.0600,66.2393,180.540000,174.301250,0.102664,0.022776,0,1,1,1,0,3,1,2,2.0000,2.0000,0.0000,1.0000,0.0000,0.0000,1.0000,1,0.031375,0.00009451,0.023340,8.992158,-0.179832
2019-05-15,,2.2400,2.0300,16.4400,67.3774,183.090000,174.328600,0.101891,0.010632,0,1,1,1,0,3,1,3,1.9333,1.9345,0.0655,0.9345,0.0000,0.0000,1.0000,1,0.041563,0.00009451,0.025973,9.225711,-0.158530
2019-05-16,,2.2600,2.0350,15.2900,68.0171,184.930000,174.377700,0.101634,0.005538,0,1,1,1,0,3,1,3,1.8889,1.8898,0.1102,0.8898,0.0000,0.0000,1.0000,1,0.031245,0.00009489,0.019214,9.402976,-0.142362
2019-05-17,,2.2400,2.0400,15.9600,66.5245,183.040000,174.410650,0.102820,0.006333,0,1,1,1,0,3,1,3,1.8593,1.8592,0.1408,0.8592,0.0000,0.0000,1.0000,1,-0.031121,0.00009412,-0.019317,9.221339,-0.158929
2019-05-20,,2.2400,2.0650,16.3100,65.2452,179.950000,174.424800,0.103645,0.014495,0,1,1,1,0,3,1,3,1.8395,1.8391,0.1609,0.8391,0.0000,0.0000,1.0000,1,-0.050136,0.00009373,-0.030675,8.938479,-0.184728
2019-05-21,,2.2400,2.1000,14.9500,68.6567,181.830000,174.436300,0.102911,0.015395,0,1,1,1,0,3,1,3,1.8263,1.8266,0.1734,0.8266,0.0000,0.0000,1.0000,1,0.030059,0.00009373,0.018450,9.103396,-0.169686
2019-05-22,,2.2300,2.1100,14.7500,66.7377,181.020000,174.441000,0.103998,0.026871,0,1,1,1,0,3,1,3,1.8176,1.8177,0.1823,0.8177,0.0000,0.0000,1.0000,1,-0.013028,0.00009373,-0.008127,9.029416,-0.176434
2019-05-23,,2.2600,2.1150,16.9200,63.1130,178.250000,174.426550,0.106188,0.046633,0,1,1,1,0,3,1,3,1.8117,1.8110,0.1890,0.8110,0.0000,0.0000,1.0000,1,-0.047166,0.00009334,-0.028190,8.774874,-0.199651
2019-05-24,,2.2800,2.1200,15.8500,63.1130,178.160000,174.408350,0.105789,0.034753,0,1,1,1,0,3,1,3,1.8078,1.8068,0.1932,0.8068,0.0000,0.0000,1.0000,1,-0.001478,0.00009295,-0.001181,8.764507,-0.200596
2019-05-28,,2.3100,2.1200,17.5000,59.9147,177.490000,174.385700,0.105033,0.031070,0,1,1,1,0,3,1,3,1.8052,1.8042,0.1958,0.8042,0.0000,0.0000,1.0000,1,-0.010729,0.00009218,-0.006803,8.704886,-0.206034
2019-05-29,,2.3200,2.1250,17.9000,58.8486,176.030000,174.356300,0.104341,0.018722,0,1,1,1,0,3,1,3,1.8035,1.8031,0.1969,0.8031,0.0000,0.0000,1.0000,1,-0.025056,0.00009295,-0.014488,8.578770,-0.217537
2019-05-30,,2.3300,2.1300,17.3000,58.8486,176.770000,174.337550,0.103896,0.014310,0,1,1,1,0,3,1,3,1.8023,1.8026,0.1974,0.8026,0.0000,0.0000,1.0000,1,0.011891,0.00009295,0.007688,8.644728,-0.211521
2019-05-31,,2.3300,2.1300,18.7100,55.6503,173.950000,174.305700,0.105805,0.026497,0,1,1,0,0,2,-1,3,1.8015,1.8007,0.1993,0.8007,0.0000,0.0000,1.0000,1,-0.048143,0.00009334,-0.029985,8.385512,-0.235164
2019-06-03,,2.3700,2.1300,18.8600,55.2239,170.210000,174.249500,0.107131,0.027406,0,1,1,0,0,2,-1,2,1.6010,1.5964,0.4036,0.5964,0.0000,0.0000,1.0000,1,-0.063919,0.00009218,-0.034284,8.098022,-0.261386
2019-06-04,,2.4200,2.1300,16.9700,62.2601,174.910000,174.227900,0.104944,0.000994,0,1,1,1,0,3,1,2,1.4674,1.4714,0.5286,0.4714,0.0000,0.0000,1.0000,1,0.081047,0.00009218,0.041483,8.433951,-0.230746
2019-06-05,,2.4200,2.1350,16.0900,64.8188,176.210000,174.209850,0.106269,0.021379,0,1,1,1,0,3,1,3,1.5782,1.5778,0.4222,0.5778,0.0000,0.0000,1.0000,1,0.022039,0.00009218,0.010635,8.523649,-0.222565
2019-06-06,,2.4500,2.1400,15.9300,65.8849,177.610000,174.198600,0.106232,0.017841,0,1,1,1,0,3,1,3,1.6522,1.6535,0.3465,0.6535,0.0000,0.0000,1.0000,1,0.024066,0.00009218,0.012634,8.631334,-0.212743
2019-06-07,,2.4400,2.1400,16.3000,67.8038,181.040000,174.205300,0.104398,0.005644,0,1,1,1,0,3,1,3,1.7014,1.7042,0.2958,0.7042,0.0000,0.0000,1.0000,1,0.056966,0.00009140,0.032329,8.910380,-0.187291
2019-06-10,,2.4200,2.1400,15.9400,69.5096,183.150000,174.219250,0.103211,-0.006549,0,1,1,1,1,4,3,3,1.7343,1.7351,0.2649,0.7351,0.0000,0.0000,1.0000,1,0.035575,0.00008946,0.019674,9.085687,-0.171302
2019-06-11,,2.3900,2.1400,15.9900,69.2964,183.390000,174.230900,0.102613,-0.008077,0,1,1,1,1,4,3,4,1.9562,1.9558,0.0442,0.9558,0.0000,0.0000,1.0000,1,0.003779,0.00008985,0.000786,9.092826,-0.170650
2019-06-12,,2.3800,2.1400,15.9100,68.4435,182.340000,174.238600,0.104130,0.014589,0,1,1,1,0,3,1,4,2.1041,2.1039,0.0000,0.8961,0.1039,0.0000,1.0000,1,-0.016940,0.00008908,-0.011258,8.990458,-0.179987
2019-06-13,,2.4100,2.1450,15.8200,69.7228,183.420000,174.243300,0.103909,0.024654,0,1,1,1,0,3,1,3,2.0028,2.0028,0.0000,0.9972,0.0028,0.0000,1.0000,1,0.016362,0.00008791,0.011976,9.098126,-0.170167
2019-06-14,,2.4200,2.1500,15.2800,68.4435,182.640000,174.234800,0.105113,0.030917,0,1,1,1,0,3,1,3,1.9352,1.9352,0.0648,0.9352,0.0000,0.0000,1.0000,1,-0.013016,0.00008597,-0.010020,9.006963,-0.178482
2019-06-17,,2.4200,2.1550,15.3500,68.2303,183.740000,174.230450,0.104779,0.027961,0,1,1,1,0,3,1,3,1.8901,1.8905,0.1095,0.8905,0.0000,0.0000,1.0000,1,0.018220,0.00008636,0.012053,9.115527,-0.168580
2019-06-18,,2.4100,2.1600,15.1500,73.1343,186.410000,174.228800,0.103266,-0.014606,0,1,1,1,1,4,3,3,1.8601,1.8604,0.1396,0.8604,0.0000,0.0000,1.0000,1,0.043286,0.00008752,0.027428,9.365545,-0.145776
2019-06-19,,2.4000,2.1650,14.3300,73.9872,187.110000,174.232300,0.103818,-0.010783,0,1,1,1,1,4,3,4,2.0400,2.0402,0.0000,0.9598,0.0402,0.0000,1.0000,1,0.011924,0.00008714,0.007159,9.432594,-0.139661
2019-06-20,,2.4100,2.1700,14.7500,76.5458,188.850000,174.243300,0.103495,-0.013763,0,1,1,1,1,4,3,4,2.1600,2.1595,0.0000,0.8405,0.1595,0.0000,1.0000,1,0.027280,0.00008558,0.018047,9.602822,-0.124134
2019-06-21,,2.3800,2.1700,15.4000,75.2665,188.600000,174.257050,0.103724,-0.009640,0,1,1,1,1,4,3,4,2.2400,2.2401,0.0000,0.7599,0.2401,0.0000,1.0000,1,-0.004400,0.00008403,-0.002758,9.576342,-0.126549
2019-06-24,,2.3500,2.1700,15.2600,75.2665,188.160000,174.280600,0.103886,0.008380,0,1,1,1,0,3,1,4,2.2933,2.2929,0.0000,0.7071,0.2929,0.0000,1.0000,1,-0.000473,0.00008286,-0.000479,9.571758,-0.126968
2019-06-25,,2.3300,2.1750,16.2800,73.3475,184.950000,174.296300,0.104278,0.013150,0,1,1,1,0,3,1,3,2.1289,2.1271,0.0000,0.8729,0.1271,0.0000,1.0000,1,-0.051161,0.00008364,-0.037268,9.215037,-0.159504
2019-06-26,,2.3400,2.1850,16.2100,72.9211,185.790000,174.319700,0.102110,0.010597,0,1,1,1,0,3,1,3,2.0193,2.0192,0.0000,0.9808,0.0192,0.0000,1.0000,1,0.012648,0.00008325,0.009557,9.303108,-0.151471
2019-06-27,,2.3200,2.1950,15.8200,74.6269,186.500000,174.343600,0.101887,0.007456,0,1,1,1,0,3,1,3,1.9462,1.9462,0.0538,0.9462,0.0000,0.0000,1.0000,1,0.010846,0.00008442,0.008023,9.377750,-0.144663
2019-06-28,,2.3100,2.2000,15.0800,78.4648,186.740000,174.361700,0.101758,0.009402,0,1,1,1,0,3,1,3,1.8975,1.8974,0.1026,0.8974,0.0000,0.0000,1.0000,1,0.004227,0.00008403,0.002933,9.405251,-0.142154
2019-07-01,,2.3100,2.2000,14.0600,78.6780,189.260000,174.395100,0.100589,0.003828,0,1,1,1,0,3,1,3,1.8650,1.8643,0.1357,0.8643,0.0000,0.0000,1.0000,1,0.039825,0.00008325,0.024838,9.638859,-0.120847
2019-07-02,,2.2900,2.2050,12.9300,78.4648,190.010000,174.422500,0.101693,0.010456,0,1,1,1,0,3,1,3,1.8433,1.8439,0.1561,0.8439,0.0000,0.0000,1.0000,1,0.012144,0.00008675,0.007455,9.710714,-0.114293
2019-07-03,,2.2900,2.2100,12.5700,81.0235,191.440000,174.459750,0.101590,0.017687,0,1,1,1,0,3,1,3,1.8289,1.8296,0.1704,0.8296,0.0000,0.0000,1.0000,1,0.022150,0.00008636,0.013077,9.837706,-0.102711
2019-07-05,,2.2600,2.2100,13.2800,80.8102,191.050000,174.508300,0.101655,0.010474,0,1,1,1,0,3,1,3,1.8192,1.8200,0.1800,0.8200,0.0000,0.0000,1.0000,1,-0.006471,0.00008675,-0.003119,9.807026,-0.105509
2019-07-08,,2.2600,2.2150,13.9600,78.6780,189.710000,174.542650,0.102368,0.024531,0,1,1,1,0,3,1,3,1.8128,1.8127,0.1873,0.8127,0.0000,0.0000,1.0000,1,-0.021054,0.00008752,-0.013350,9.676100,-0.117451
2019-07-09,,2.2300,2.2200,14.0900,79.3177,190.660000,174.582450,0.102376,0.019067,0,1,1,1,0,3,1,3,1.8086,1.8101,0.1899,0.8101,0.0000,0.0000,1.0000,1,0.015009,0.00008869,0.009119,9.764341,-0.109402
2019-07-10,,2.2200,2.2200,13.0300,79.3177,192.560000,174.621650,0.102123,0.018636,1,1,1,1,0,4,3,3,1.8057,1.8062,0.1938,0.8062,0.0000,0.0000,1.0000,1,0.029573,0.00008869,0.017685,9.937022,-0.093652
2019-07-11,,2.2500,2.2200,12.9300,79.5309,192.420000,174.665200,0.101918,0.016072,0,1,1,1,0,3,1,4,2.0038,2.0038,0.0000,0.9962,0.0038,0.0000,1.0000,1,-0.002665,0.00008636,-0.002018,9.916965,-0.095481
2019-07-12,,2.2500,2.2200,12.3900,81.2367,193.530000,174.713400,0.100798,0.018301,0,1,1,1,0,3,1,3,1.9359,1.9362,0.0638,0.9362,0.0000,0.0000,1.0000,1,0.016776,0.00008519,0.011177,10.027810,-0.085371
2019-07-15,,2.2500,2.2200,12.6800,80.8102,194.150000,174.763450,0.101164,0.023657,0,1,1,1,0,3,1,3,1.8906,1.8906,0.1094,0.8906,0.0000,0.0000,1.0000,1,0.008468,0.00008403,0.005363,10.081590,-0.080466
2019-07-16,,2.2500,2.2200,12.8600,80.5970,193.150000,174.807850,0.100931,0.022619,0,1,1,1,0,3,1,3,1.8604,1.8599,0.1401,0.8599,0.0000,0.0000,1.0000,1,-0.014189,0.00008481,-0.009333,9.987497,-0.089048
2019-07-17,,2.2300,2.2200,13.9700,79.5309,192.200000,174.839700,0.101985,0.035237,0,1,1,1,0,3,1,3,1.8403,1.8396,0.1604,0.8396,0.0000,0.0000,1.0000,1,-0.014833,0.00008442,-0.008828,9.899324,-0.097091
2019-07-18,,2.2400,2.2250,13.5300,78.4648,192.420000,174.872850,0.102500,0.046932,0,1,1,1,0,3,1,3,1.8268,1.8278,0.1722,0.8278,0.0000,0.0000,1.0000,1,0.004323,0.00008403,0.002745,9.926500,-0.094612
2019-07-19,,2.2700,2.2300,14.4500,78.8913,191.010000,174.897050,0.101575,0.028102,0,1,1,1,0,3,1,3,1.8179,1.8155,0.1845,0.8155,0.0000,0.0000,1.0000,1,-0.024195,0.00008053,-0.015172,9.775893,-0.108348
2019-07-22,,2.2600,2.2300,13.5300,79.9574,192.530000,174.930950,0.101108,0.018411,0,1,1,1,0,3,1,3,1.8119,1.8128,0.1872,0.8128,0.0000,0.0000,1.0000,1,0.023578,0.00008092,0.015469,9.927118,-0.094555
2019-07-23,,2.2400,2.2300,12.6100,80.3838,193.790000,174.970150,0.099757,0.007730,0,1,1,1,0,3,1,3,1.8080,1.8081,0.1919,0.8081,0.0000,0.0000,1.0000,1,0.019319,0.00008209,0.011444,10.040725,-0.084193
2019-07-24,,2.2300,2.2300,12.0700,82.0896,195.150000,175.034000,0.099373,0.011463,1,1,1,1,0,4,3,3,1.8053,1.8069,0.1931,0.8069,0.0000,0.0000,1.0000,1,0.021286,0.00008092,0.012540,10.166640,-0.072709
2019-07-25,,2.1500,2.2300,12.7400,79.7441,193.300000,175.099750,0.099600,-0.002454,1,1,1,1,1,5,5,4,2.0035,2.0035,0.0000,0.9965,0.0035,0.0000,1.0000,1,-0.028551,0.00008247,-0.018725,9.976271,-0.090072
2019-07-26,,2.1400,2.2300,12.1600,81.2367,195.290000,175.180950,0.099301,-0.002774,1,1,1,1,1,5,5,5,2.3357,2.3365,0.0000,0.6635,0.3365,0.0000,1.0000,1,0.029684,0.00008247,0.021317,10.188932,-0.070676
2019-07-29,,2.1300,2.2300,12.8300,81.2367,194.620000,175.255900,0.099997,0.004537,1,1,1,1,0,4,3,5,2.5571,2.5565,0.0000,0.4435,0.5565,0.0000,1.0000,1,-0.009276,0.00008325,-0.007814,10.109318,-0.077937
2019-07-30,,2.1300,2.2300,13.9400,80.5970,193.780000,175.366150,0.099478,0.003491,1,1,1,1,0,4,3,4,2.5048,2.5056,0.0000,0.4944,0.5056,0.0000,1.0000,1,-0.013397,0.00008325,-0.011752,9.990512,-0.088773
2019-07-31,,2.1400,2.2300,16.1200,78.0384,191.100000,175.473650,0.100108,0.011335,1,1,1,1,0,4,3,4,2.4698,2.4652,0.0000,0.5348,0.4652,0.0000,1.0000,1,-0.042196,0.00008170,-0.033820,9.652629,-0.119591
2019-08-01,,2.1300,2.2300,17.8700,74.8401,190.150000,175.552800,0.102021,0.016832,1,1,1,1,0,4,3,4,2.4466,2.4452,0.0000,0.5548,0.4452,0.0000,1.0000,1,-0.014024,0.00008170,-0.012462,9.532340,-0.130563
2019-08-02,,2.1700,2.2300,17.6100,72.0682,187.350000,175.628500,0.102778,0.037376,1,1,1,1,0,4,3,4,2.4310,2.4289,0.0000,0.5711,0.4289,0.0000,1.0000,1,-0.045764,0.00008131,-0.036417,9.185204,-0.162225
2019-08-05,,2.1800,2.2300,24.5900,61.4072,180.730000,175.646050,0.104450,0.051179,1,0,1,1,0,3,1,4,2.4207,2.4169,0.0000,0.5831,0.4169,0.0000,1.0000,1,-0.104990,0.00008092,-0.086391,8.391688,-0.234601
2019-08-06,,2.2400,2.2300,20.1700,66.0981,183.260000,175.675900,0.104291,0.036756,0,0,1,1,0,2,-1,3,2.2138,2.2146,0.0000,0.7854,0.2146,0.0000,1.0000,1,0.041093,0.00008053,0.033175,8.670078,-0.209209
2019-08-07,,2.2500,2.2300,19.4900,65.0320,184.250000,175.731250,0.104490,0.001998,0,1,1,1,0,3,1,2,1.8759,1.8774,0.1226,0.8774,0.0000,0.0000,1.0000,1,0.014606,0.00008053,0.004196,8.706454,-0.205891
2019-08-08,,2.2300,2.2300,16.9100,69.7228,188.260000,175.807450,0.103535,0.008791,1,1,1,1,0,4,3,3,1.8506,1.8525,0.1475,0.8525,0.0000,0.0000,1.0000,1,0.066153,0.00007936,0.041829,9.070636,-0.172674
2019-08-09,,2.2500,2.2300,17.9700,67.8038,186.490000,175.870350,0.104365,0.024844,0,1,1,1,0,3,1,4,2.0337,2.0335,0.0000,0.9665,0.0335,0.0000,1.0000,1,-0.029577,0.00007936,-0.018544,8.902427,-0.188017
2019-08-12,,2.2300,2.2300,21.0900,65.0320,184.350000,175.925750,0.105443,0.037531,1,0,1,1,0,3,1,3,1.9558,1.9556,0.0444,0.9556,0.0000,0.0000,1.0000,1,-0.033460,0.00007858,-0.022736,8.700024,-0.206478
2019-08-13,,2.2300,2.2300,17.5200,67.3774,188.390000,176.041000,0.103897,0.010721,1,1,1,1,0,4,3,3,1.9039,1.9058,0.0942,0.9058,0.0000,0.0000,1.0000,1,0.065638,0.00007858,0.042593,9.070585,-0.172679
2019-08-14,,2.2200,2.2300,22.1000,60.1279,182.760000,176.099500,0.106182,0.024471,1,0,1,1,0,3,1,4,2.0692,2.0683,0.0000,0.9317,0.0683,0.0000,1.0000,1,-0.089579,0.00007858,-0.061557,8.512223,-0.223607
2019-08-15,,2.2300,2.2300,21.1800,60.1279,182.550000,176.178950,0.107272,0.042103,1,0,1,1,0,3,1,3,1.9795,1.9794,0.0206,0.9794,0.0000,0.0000,1.0000,1,-0.004240,0.00007703,-0.001244,8.501632,-0.224573
2019-08-16,,2.2700,2.2350,18.4700,62.4733,185.480000,176.290200,0.106249,0.021886,0,1,1,1,0,3,1,3,1.9197,1.9202,0.0798,0.9202,0.0000,0.0000,1.0000,1,0.046124,0.00007508,0.030856,8.763955,-0.200647
2019-08-19,,2.2600,2.2400,16.8800,65.3191,188.430000,176.402750,0.105651,-0.005242,0,1,1,1,1,4,3,3,1.8798,1.8798,0.1202,0.8798,0.0000,0.0000,1.0000,1,0.046803,0.00007352,0.029341,9.021101,-0.177192
2019-08-20,,2.2900,2.2400,17.5000,63.1915,186.970000,176.488500,0.106295,0.004903,0,1,1,1,0,3,1,4,2.0532,2.0529,0.0000,0.9471,0.0529,0.0000,1.0000,1,-0.020573,0.00007625,-0.013690,8.897605,-0.188456
2019-08-21,,2.3000,2.2400,15.8000,65.5319,188.630000,176.571350,0.106138,0.010980,0,1,1,1,0,3,1,3,1.9688,1.9688,0.0312,0.9688,0.0000,0.0000,1.0000,1,0.025471,0.00007625,0.017758,9.055605,-0.174045
2019-08-22,,2.2500,2.2400,16.6800,65.1064,188.020000,176.664550,0.106273,0.019454,0,1,1,1,0,3,1,3,1.9125,1.9121,0.0879,0.9121,0.0000,0.0000,1.0000,1,-0.009677,0.00007742,-0.006154,8.999876,-0.179128
2019-08-23,,2.2500,2.2400,19.8700,58.2979,182.070000,176.730100,0.107916,0.039508,0,1,1,1,0,3,1,3,1.8750,1.8721,0.1279,0.8721,0.0000,-0.0000,1.0000,1,-0.091531,0.00007858,-0.059338,8.465844,-0.227837
2019-08-26,,2.2700,2.2400,19.3200,60.6383,184.820000,176.803000,0.107969,0.021394,0,1,1,1,0,3,1,3,1.8500,1.8505,0.1495,0.8505,0.0000,0.0000,1.0000,1,0.040516,0.00007742,0.027274,8.696738,-0.206777
2019-08-27,,2.2700,2.2400,20.3100,59.5745,184.430000,176.847250,0.108586,0.014186,0,0,1,1,0,2,-1,3,1.8333,1.8322,0.1678,0.8322,0.0000,0.0000,1.0000,1,-0.006030,0.00007897,-0.003113,8.669663,-0.209247
2019-08-28,,2.2600,2.2400,19.3500,61.2766,185.090000,176.900400,0.107532,0.025396,0,1,1,1,0,3,1,2,1.6222,1.6238,0.3762,0.6238,0.0000,0.0000,1.0000,1,0.010054,0.00007781,0.003980,8.704171,-0.206099
2019-08-29,,2.2600,2.2400,17.8800,64.2553,187.920000,176.982400,0.106911,0.006242,0,1,1,1,0,3,1,3,1.6815,1.6821,0.3179,0.6821,0.0000,0.0000,1.0000,1,0.045478,0.00007820,0.025002,8.921796,-0.186250
2019-08-30,,2.2700,2.2400,18.9800,64.8936,187.470000,177.088100,0.106993,0.007348,0,1,1,1,0,3,1,3,1.7210,1.7196,0.2804,0.7196,0.0000,0.0000,1.0000,1,-0.007058,0.00007820,-0.004102,8.885195,-0.189588
2019-09-03,,2.2600,2.2450,19.6600,62.5532,185.650000,177.184000,0.109531,0.049697,0,1,1,1,0,3,1,3,1.7473,1.7467,0.2533,0.7467,0.0000,0.0000,1.0000,1,-0.029096,0.00007820,-0.017080,8.733432,-0.203431
2019-09-04,,2.2800,2.2500,17.3300,64.2553,188.330000,177.299650,0.108404,0.051189,0,1,1,1,0,3,1,3,1.7649,1.7658,0.2342,0.7658,0.0000,0.0000,1.0000,1,0.042057,0.00007781,0.025286,8.954265,-0.183289
2019-09-05,,2.2900,2.2500,16.2700,70.2128,191.780000,177.418100,0.105869,0.032710,0,1,1,1,0,3,1,3,1.7766,1.7779,0.2221,0.7779,0.0000,0.0000,1.0000,1,0.055229,0.00007742,0.032525,9.245506,-0.156725
2019-09-06,,2.2800,2.2500,15.0000,71.4894,191.590000,177.538550,0.105368,0.012291,0,1,1,1,0,3,1,3,1.7844,1.7840,0.2160,0.7840,0.0000,0.0000,1.0000,1,-0.002787,0.00007742,-0.002030,9.226740,-0.158436
2019-09-09,,2.2600,2.2500,15.2700,73.1915,191.190000,177.684200,0.104795,0.008784,0,1,1,1,0,3,1,3,1.7896,1.7887,0.2113,0.7887,0.0000,0.0000,1.0000,1,-0.006366,0.00007703,-0.004182,9.188151,-0.161956
2019-09-10,,2.2300,2.2500,15.2000,75.7447,190.640000,177.841600,0.104954,-0.001557,1,1,1,1,1,5,5,3,1.7931,1.7937,0.2063,0.7937,0.0000,0.0000,1.0000,1,-0.008283,0.00007703,-0.004331,9.148353,-0.165586
2019-09-11,,2.2200,2.2500,14.6100,78.2979,192.430000,178.001900,0.105246,0.004617,1,1,1,1,0,4,3,5,2.1954,2.1964,0.0000,0.8036,0.1964,0.0000,1.0000,1,0.026946,0.00007664,0.019059,9.322712,-0.149683
2019-09-12,,2.2200,2.2500,14.2200,78.5106,193.230000,178.172000,0.105115,0.018446,1,1,1,1,0,4,3,4,2.2636,2.2633,0.0000,0.7367,0.2633,0.0000,1.0000,1,0.012429,0.00007703,0.008318,9.400262,-0.142609
2019-09-13,,2.2200,2.2500,13.7400,79.3617,192.540000,178.320250,0.104520,0.006946,1,1,1,1,0,4,3,4,2.3091,2.3085,0.0000,0.6915,0.3085,0.0000,1.0000,1,-0.010609,0.00007664,-0.007736,9.327546,-0.149242
2019-09-16,,2.2100,2.2500,14.6700,79.1489,191.680000,178.461450,0.104927,0.014042,1,1,1,1,0,4,3,4,2.3394,2.3399,0.0000,0.6601,0.3399,0.0000,1.0000,1,-0.013787,0.00007703,-0.011139,9.223642,-0.158719
2019-09-17,,2.2000,2.2500,14.4400,77.8723,192.600000,178.580950,0.105576,0.018273,1,1,1,1,0,4,3,4,2.3596,2.3606,0.0000,0.6394,0.3606,0.0000,1.0000,1,0.013203,0.00007820,0.010871,9.323916,-0.149573
2019-09-18,,2.2100,2.2500,13.9500,77.2340,192.520000,178.702800,0.105961,0.020489,1,1,1,1,0,4,3,4,2.3731,2.3734,0.0000,0.6266,0.3734,0.0000,1.0000,1,-0.000613,0.00007820,-0.000268,9.321416,-0.149801
2019-09-19,,2.1800,2.2500,14.0500,77.4468,192.840000,178.820150,0.106467,0.021730,1,1,1,1,0,4,3,4,2.3820,2.3819,0.0000,0.6181,0.3819,0.0000,1.0000,1,0.004449,0.00007664,0.003465,9.353711,-0.146855
2019-09-20,,2.1700,2.2500,15.3200,76.3830,190.800000,178.912500,0.107064,0.049815,1,1,1,1,0,4,3,4,2.3880,2.3852,0.0000,0.6148,0.3852,0.0000,1.0000,1,-0.031460,0.00007586,-0.025159,9.118380,-0.168320
2019-09-23,,2.1900,2.2500,14.9100,75.3191,190.500000,179.036400,0.107106,0.052402,1,1,1,1,0,4,3,4,2.3920,2.3924,0.0000,0.6076,0.3924,0.0000,1.0000,1,0.000946,0.00007508,0.000747,9.125196,-0.167698
2019-09-24,,2.1700,2.2500,17.0500,73.0361,187.970000,179.141800,0.109220,0.074055,1,1,1,1,0,4,3,4,2.3947,2.3906,0.0000,0.6094,0.3906,0.0000,1.0000,1,-0.039540,0.00007625,-0.032048,8.832750,-0.194372
2019-09-25,,2.2000,2.2500,15.9600,74.0977,190.080000,179.285300,0.108511,0.079282,1,1,1,1,0,4,3,4,2.3965,2.3991,0.0000,0.6009,0.3991,0.0000,1.0000,1,0.031983,0.00007547,0.026344,9.065439,-0.173148
2019-09-26,,2.2000,2.2500,16.0700,72.3992,189.380000,179.416850,0.109310,0.075038,1,1,1,1,0,4,3,4,2.3976,2.3973,0.0000,0.6027,0.3973,0.0000,1.0000,1,-0.010013,0.00007430,-0.008405,8.989247,-0.180098
2019-09-27,,2.1800,2.2500,17.2200,71.5499,187.030000,179.533950,0.109513,0.077101,1,1,1,1,0,4,3,4,2.3984,2.3951,0.0000,0.6049,0.3951,0.0000,1.0000,1,-0.036282,0.00007197,-0.028846,8.729941,-0.203749
2019-09-30,,2.1900,2.2500,16.2400,72.1868,188.810000,179.652750,0.109074,0.072571,1,1,1,1,0,4,3,4,2.3989,2.4003,0.0000,0.5997,0.4003,0.0000,1.0000,1,0.026653,0.00007080,0.021175,8.914794,-0.186889
2019-10-01,,2.2000,2.2500,18.5600,68.3652,187.270000,179.763600,0.110132,0.074921,1,1,1,1,0,4,3,4,2.3993,2.3965,0.0000,0.6035,0.3965,0.0000,1.0000,1,-0.024177,0.00007391,-0.019514,8.740830,-0.202756
2019-10-02,,2.2200,2.2500,20.5600,60.7219,184.050000,179.878450,0.110619,0.078051,1,0,1,1,0,3,1,4,2.3995,2.3971,0.0000,0.6029,0.3971,0.0000,1.0000,1,-0.051214,0.00007158,-0.041097,8.381604,-0.235521
2019-10-03,,2.2600,2.2500,19.1200,63.0573,186.070000,180.021650,0.109979,0.074812,0,1,1,1,0,3,1,3,2.1997,2.2015,0.0000,0.7985,0.2015,0.0000,1.0000,1,0.032948,0.00007041,0.024151,8.584027,-0.217058
2019-10-04,,2.2900,2.2500,17.0400,67.0913,188.810000,180.173600,0.110022,0.078201,0,1,1,1,0,3,1,3,2.0665,2.0670,0.0000,0.9330,0.0670,0.0000,1.0000,1,0.042077,0.00006690,0.030737,8.847872,-0.192993
2019-10-07,,2.2900,2.2500,17.8600,64.5435,188.240000,180.342150,0.110072,0.089690,0,1,1,1,0,3,1,3,1.9776,1.9776,0.0224,0.9776,0.0000,0.0000,1.0000,1,-0.009280,0.00006729,-0.006922,8.786625,-0.198579
2019-10-08,,2.2800,2.2500,20.2800,57.7495,185.420000,180.507800,0.110768,0.091084,0,0,1,1,0,2,-1,3,1.9184,1.9177,0.0823,0.9177,0.0000,0.0000,1.0000,1,-0.045522,0.00006885,-0.030112,8.522042,-0.222711
2019-10-09,,2.3000,2.2500,18.6400,59.6603,187.230000,180.706100,0.110259,0.089813,0,1,1,1,0,3,1,2,1.6790,1.6795,0.3205,0.6795,0.0000,0.0000,1.0000,1,0.030303,0.00006768,0.019678,8.689742,-0.207415
2019-10-10,,2.2900,2.2500,17.5700,61.9958,188.680000,180.932000,0.109398,0.071593,0,1,1,1,0,3,1,3,1.7193,1.7207,0.2793,0.7207,0.0000,0.0000,1.0000,1,0.021892,0.00006651,0.012186,8.795639,-0.197757
2019-10-11,,2.2700,2.2500,15.5800,66.4544,191.110000,181.125250,0.107871,0.051955,0,1,1,1,0,3,1,3,1.7462,1.7463,0.2537,0.7463,0.0000,0.0000,1.0000,1,0.037449,0.00006612,0.021847,8.987800,-0.180230
2019-10-14,,2.2200,2.2500,14.5700,66.6667,191.090000,181.315450,0.107299,0.056118,1,1,1,1,0,4,3,3,1.7641,1.7645,0.2355,0.7645,0.0000,0.0000,1.0000,1,0.001103,0.00006612,0.000683,8.993935,-0.179670
2019-10-15,,2.2200,2.2500,13.5400,70.0637,193.520000,181.518200,0.105912,0.047673,1,1,1,1,0,4,3,4,1.9761,1.9763,0.0237,0.9763,0.0000,0.0000,1.0000,1,0.037947,0.00006612,0.023753,9.207569,-0.160185
2019-10-16,,2.2100,2.2500,13.6800,69.0678,193.040000,181.712100,0.106317,0.065406,1,1,1,1,0,4,3,4,2.1174,2.1176,0.0000,0.8824,0.1176,0.0000,1.0000,1,-0.007433,0.00006572,-0.004738,9.163941,-0.164164
2019-10-17,,2.2200,2.2500,13.7900,68.8559,193.550000,181.905450,0.106272,0.068925,1,1,1,1,0,4,3,4,2.2116,2.2110,0.0000,0.7890,0.2110,0.0000,1.0000,1,0.006878,0.00006533,0.005327,9.212753,-0.159712
2019-10-18,,2.2100,2.2500,14.2500,69.7034,191.690000,182.114800,0.107091,0.074705,1,1,1,1,0,4,3,4,2.2744,2.2728,0.0000,0.7272,0.2728,0.0000,1.0000,1,-0.028689,0.00006533,-0.021834,9.011601,-0.178059
2019-10-21,,2.2100,2.2500,14.0000,70.7627,193.390000,182.300600,0.106787,0.074878,1,1,1,1,0,4,3,4,2.3163,2.3168,0.0000,0.6832,0.3168,0.0000,1.0000,1,0.026410,0.00006533,0.020091,9.192651,-0.161546
2019-10-22,,2.1900,2.2500,14.4600,71.3983,191.850000,182.469400,0.107588,0.075302,1,1,1,1,0,4,3,4,2.3442,2.3418,0.0000,0.6582,0.3418,0.0000,1.0000,1,-0.023143,0.00006572,-0.018560,9.022040,-0.177107
2019-10-23,,2.1700,2.2500,14.0100,71.6102,192.220000,182.632900,0.107710,0.082519,1,1,1,1,0,4,3,4,2.3628,2.3635,0.0000,0.6365,0.3635,0.0000,1.0000,1,0.004676,0.00006494,0.004102,9.059045,-0.173732
2019-10-24,,2.1800,2.2500,13.7100,72.6695,194.090000,182.799250,0.107900,0.078612,1,1,1,1,0,4,3,4,2.3752,2.3757,0.0000,0.6243,0.3757,0.0000,1.0000,1,0.028700,0.00006494,0.022487,9.262758,-0.155151
2019-10-25,,2.1700,2.2500,12.6500,72.2458,195.640000,182.971050,0.106366,0.043562,1,1,1,1,0,4,3,4,2.3835,2.3864,0.0000,0.6136,0.3864,0.0000,1.0000,1,0.022772,0.00006572,0.018293,9.432206,-0.139696
2019-10-28,,2.1600,2.2500,13.1100,72.6695,197.570000,183.155450,0.104319,0.015539,1,1,1,1,0,4,3,4,2.3890,2.3901,0.0000,0.6099,0.3901,0.0000,1.0000,1,0.030522,0.00006533,0.024203,9.660496,-0.118874
2019-10-29,,2.1600,2.2500,13.2000,72.6695,196.040000,183.339300,0.104449,-0.000010,1,1,1,1,1,5,5,4,2.3926,2.3910,0.0000,0.6090,0.3910,0.0000,1.0000,1,-0.023036,0.00006494,-0.018143,9.485231,-0.134860
2019-10-30,,2.1500,2.2500,12.3300,72.8814,196.990000,183.512350,0.105050,0.007692,1,1,1,1,0,4,3,5,2.5951,2.5962,0.0000,0.4038,0.5962,0.0000,1.0000,1,0.014060,0.00006416,0.011186,9.591328,-0.125183
2019-10-31,,2.1700,2.2500,13.2200,70.7627,197.080000,183.686000,0.105908,0.014292,1,1,1,1,0,4,3,4,2.5301,2.5296,0.0000,0.4704,0.5296,0.0000,1.0000,1,0.000722,0.00006377,0.001157,9.602429,-0.124170
2019-11-01,,2.1800,2.2500,12.3000,74.7881,198.870000,183.862200,0.104674,0.011472,1,1,1,1,0,4,3,4,2.4867,2.4877,0.0000,0.5123,0.4877,0.0000,1.0000,1,0.027132,0.00006065,0.022966,9.822957,-0.104056
2019-11-04,,2.1600,2.2500,12.8300,76.0593,200.100000,184.036450,0.102922,-0.014580,1,1,1,1,1,5,5,4,2.4578,2.4577,0.0000,0.5423,0.4577,0.0000,1.0000,1,0.017845,0.00005987,0.014603,9.966403,-0.090972
2019-11-05,,2.1600,2.2500,13.1000,74.7881,200.210000,184.227800,0.101977,-0.035035,1,1,1,1,1,5,5,5,2.6385,2.6384,0.0000,0.3616,0.6384,0.0000,1.0000,1,0.001242,0.00006026,0.000584,9.972225,-0.090441
2019-11-06,,2.1500,2.2500,12.6200,75.6356,199.760000,184.415850,0.102345,-0.015683,1,1,1,1,1,5,5,5,2.7590,2.7588,0.0000,0.2412,0.7588,0.0000,1.0000,1,-0.006342,0.00006143,-0.005567,9.916713,-0.095504
2019-11-07,,2.1400,2.2500,12.7300,75.4237,200.430000,184.602000,0.100607,-0.056994,1,1,1,1,1,5,5,5,2.8394,2.8391,0.0000,0.1609,0.8391,0.0000,1.0000,1,0.010129,0.00006143,0.009096,10.006911,-0.087278
2019-11-08,,2.1300,2.2500,12.0700,74.5763,201.230000,184.782400,0.099938,-0.074198,1,1,1,1,1,5,5,5,2.8929,2.8935,0.0000,0.1065,0.8935,0.0000,1.0000,1,0.011813,0.00006143,0.011498,10.121972,-0.076783
2019-11-11,,2.1100,2.2500,12.6900,73.9407,200.960000,184.971650,0.099514,-0.067672,1,1,1,1,1,5,5,5,2.9286,2.9289,0.0000,0.0711,0.9289,0.0000,1.0000,1,-0.004209,0.00006104,-0.003936,10.082134,-0.080417
2019-11-12,,2.1100,2.2500,12.6800,74.1525,201.540000,185.171500,0.099547,-0.061072,1,1,1,1,1,5,5,5,2.9524,2.9525,0.0000,0.0475,0.9525,0.0000,1.0000,1,0.008180,0.00006104,0.008014,10.162934,-0.073047
2019-11-13,,2.1000,2.2500,13.0000,75.0000,201.590000,185.351050,0.100987,-0.053208,1,1,1,1,1,5,5,5,2.9683,2.9684,0.0000,0.0316,0.9684,0.0000,1.0000,1,-0.001487,0.00006260,-0.001439,10.148305,-0.074381
2019-11-14,,2.1100,2.2500,13.0500,75.2119,201.430000,185.517400,0.101195,-0.049290,1,1,1,1,1,5,5,5,2.9788,2.9789,0.0000,0.0211,0.9789,0.0000,1.0000,1,-0.000271,0.00006182,-0.000222,10.146057,-0.074586
2019-11-15,,2.1300,2.2500,12.0500,77.5424,202.910000,185.694700,0.100789,-0.055033,1,1,1,1,1,5,5,5,2.9859,2.9859,0.0000,0.0141,0.9859,0.0000,1.0000,1,0.018830,0.00006182,0.018696,10.335746,-0.057285
2019-11-18,,2.1300,2.2500,12.4600,76.0593,203.070000,185.862400,0.100923,-0.070985,1,1,1,1,1,5,5,5,2.9906,2.9906,0.0000,0.0094,0.9906,0.0000,1.0000,1,0.005185,0.00006182,0.005174,10.389225,-0.052407
2019-11-19,,2.1400,2.2500,12.8600,77.1186,203.370000,186.024100,0.100696,-0.072960,1,1,1,1,1,5,5,5,2.9937,2.9937,0.0000,0.0063,0.9937,0.0000,1.0000,1,0.004101,0.00006182,0.004074,10.431552,-0.048546
2019-11-20,,2.1300,2.2500,12.7800,74.7881,202.150000,186.182250,0.101683,-0.068867,1,1,1,1,1,5,5,5,2.9958,2.9958,0.0000,0.0042,0.9958,0.0000,1.0000,1,-0.017521,0.00006182,-0.017494,10.249067,-0.065191
2019-11-21,,2.1600,2.2500,13.1300,73.7288,201.700000,186.349600,0.101492,-0.060326,1,1,1,1,1,5,5,5,2.9972,2.9972,0.0000,0.0028,0.9972,0.0000,1.0000,1,-0.007777,0.00006182,-0.007767,10.169466,-0.072451
2019-11-22,,2.1500,2.2500,12.3400,76.4831,201.830000,186.515950,0.101299,-0.055787,1,1,1,1,1,5,5,5,2.9981,2.9981,0.0000,0.0019,0.9981,0.0000,1.0000,1,0.002703,0.00006221,0.002697,10.196895,-0.069949
2019-11-25,,2.1400,2.2500,11.8700,77.5424,204.220000,186.695050,0.100185,-0.068178,1,1,1,1,1,5,5,5,2.9988,2.9988,0.0000,0.0012,0.9988,0.0000,1.0000,1,0.034636,0.00006221,0.034619,10.549902,-0.037752
2019-11-26,,2.1300,2.2500,11.5400,77.9661,204.610000,186.863650,0.100293,-0.091112,1,1,1,1,1,5,5,5,2.9992,2.9992,0.0000,0.0008,0.9992,0.0000,1.0000,1,0.005992,0.00006338,0.005990,10.613092,-0.031988
2019-11-27,,2.1100,2.2500,11.7500,79.2373,206.040000,187.038800,0.100022,-0.082954,1,1,1,1,1,5,5,5,2.9994,2.9995,0.0000,0.0005,0.9995,0.0000,1.0000,1,0.020199,0.00006299,0.020195,10.827426,-0.012439
2019-11-29,,2.0900,2.2500,12.6200,77.7542,205.100000,187.208200,0.100299,-0.055528,1,1,1,1,1,5,5,5,2.9996,2.9996,0.0000,0.0004,0.9996,0.0000,1.0000,1,-0.013327,0.00006377,-0.013325,10.683153,-0.025598
2019-12-02,,2.0800,2.2500,14.9100,75.2119,203.000000,187.363500,0.100501,-0.048303,1,1,1,1,1,5,5,5,2.9998,2.9998,0.0000,0.0002,0.9998,0.0000,1.0000,1,-0.032158,0.00006260,-0.032156,10.339625,-0.056931
2019-12-03,,2.1100,2.2500,15.9600,71.3983,201.410000,187.509150,0.101454,-0.033102,1,1,1,1,1,5,5,5,2.9998,2.9998,0.0000,0.0002,0.9998,-0.0000,1.0000,1,-0.022461,0.00006299,-0.022459,10.107408,-0.078111
2019-12-04,,2.1100,2.2500,14.8000,73.9407,202.430000,187.660050,0.101602,-0.033367,1,1,1,1,1,5,5,5,2.9999,2.9999,0.0000,0.0001,0.9999,0.0000,1.0000,1,0.014820,0.00006182,0.014819,10.257190,-0.064450
2019-12-05,,2.1100,2.2500,14.5200,74.7881,202.830000,187.816100,0.101596,-0.036036,1,1,1,1,1,5,5,5,2.9999,2.9999,0.0000,0.0001,0.9999,0.0000,1.0000,1,0.005225,0.00006104,0.005225,10.310783,-0.059562
2019-12-06,,2.0900,2.2500,13.6200,77.5424,205.000000,187.976650,0.100375,-0.047125,1,1,1,1,1,5,5,5,3.0000,3.0000,0.0000,0.0000,1.0000,0.0000,1.0000,1,0.030921,0.00006065,0.030920,10.629595,-0.030483
2019-12-09,,2.0700,2.2500,15.8600,75.4237,204.070000,188.129400,0.100341,-0.041685,1,1,1,1,1,5,5,5,3.0000,3.0000,0.0000,0.0000,1.0000,0.0000,1.0000,1,-0.012282,0.00006026,-0.012282,10.499045,-0.042390
2019-12-10,,2.0500,2.2500,15.6800,74.7881,203.900000,188.280400,0.100437,-0.044702,1,1,1,1,1,5,5,5,3.0000,3.0000,0.0000,0.0000,1.0000,0.0000,1.0000,1,-0.002225,0.00006065,-0.002225,10.475683,-0.044521
2019-12-11,,2.0100,2.2500,14.9900,75.2119,204.980000,188.437350,0.100423,-0.051000,1,1,1,1,1,5,5,5,3.0000,3.0000,0.0000,0.0000,1.0000,-0.0000,1.0000,1,0.015086,0.00006143,0.015086,10.633718,-0.030107
2019-12-12,,2.0400,2.2500,13.9400,76.4831,206.510000,188.603950,0.099139,-0.067813,1,1,1,1,1,5,5,5,3.0000,3.0000,0.0000,0.0000,1.0000,0.0000,1.0000,1,0.022874,0.00006182,0.022874,10.876954,-0.007922
2019-12-13,,2.0200,2.2500,12.6300,76.2712,207.190000,188.767950,0.099852,-0.065482,1,1,1,1,1,5,5,5,3.0000,3.0000,0.0000,0.0000,1.0000,0.0000,1.0000,1,0.008970,0.00006143,0.008970,10.974524,0.000000
2019-12-16,,2.0200,2.2500,12.1400,79.0254,209.270000,188.942200,0.100407,-0.066601,1,1,1,1,1,5,5,5,3.0000,3.0000,0.0000,0.0000,1.0000,0.0000,1.0000,1,0.028675,0.00006182,0.028675,11.289220,0.000000
2019-12-17,,2.0000,2.2500,12.2900,77.9661,209.390000,189.116300,0.100713,-0.063957,1,1,1,1,1,5,5,5,3.0000,3.0000,0.0000,0.0000,1.0000,0.0000,1.0000,1,0.001339,0.00006182,0.001339,11.304336,0.000000
2019-12-18,,1.9900,2.2450,12.5800,78.3898,209.550000,189.296250,0.101114,-0.080170,1,1,1,1,1,5,5,5,3.0000,3.0000,0.0000,0.0000,1.0000,0.0000,1.0000,1,0.002310,0.00006143,0.002310,11.330446,0.000000
2019-12-19,,1.9800,2.2400,12.5000,79.8729,210.860000,189.493400,0.100732,-0.077292,1,1,1,1,1,5,5,5,3.0000,3.0000,0.0000,0.0000,1.0000,0.0000,1.0000,1,0.020376,0.00006143,0.020376,11.561315,0.000000
2019-12-20,,1.9600,2.2400,12.5100,80.5085,211.710000,189.696100,0.100692,-0.085135,1,1,1,1,1,5,5,5,3.0000,3.0000,0.0000,0.0000,1.0000,0.0000,1.0000,1,0.011886,0.00006182,0.011886,11.698737,0.000000
2019-12-23,,1.9600,2.2400,12.6100,81.9915,211.810000,189.881500,0.099605,-0.098381,1,1,1,1,1,5,5,5,3.0000,3.0000,0.0000,0.0000,1.0000,0.0000,1.0000,1,0.007400,0.00006221,0.007400,11.785313,0.000000
2019-12-24,,1.9600,2.2400,12.6700,81.7797,211.920000,190.062500,0.099742,-0.092615,1,1,1,1,1,5,5,5,3.0000,3.0000,0.0000,0.0000,1.0000,0.0000,1.0000,1,0.000933,0.00006260,0.000933,11.796307,0.000000
2019-12-26,,1.9700,2.2400,12.6500,81.9915,213.790000,190.246400,0.099384,-0.107475,1,1,1,1,1,5,5,5,3.0000,3.0000,0.0000,0.0000,1.0000,0.0000,1.0000,1,0.025979,0.00006221,0.025979,12.102758,0.000000
2019-12-27,,1.9700,2.2400,13.4300,82.2034,213.610000,190.430900,0.099703,-0.110609,1,1,1,1,1,5,5,5,3.0000,3.0000,0.0000,0.0000,1.0000,0.0000,1.0000,1,-0.002952,0.00006221,-0.002952,12.067028,-0.002952
2019-12-30,,1.9600,2.2400,14.8200,80.0847,212.210000,190.600200,0.100240,-0.097901,1,1,1,1,1,5,5,5,3.0000,3.0000,0.0000,0.0000,1.0000,0.0000,1.0000,1,-0.019929,0.00006182,-0.019929,11.826539,-0.022823
2019-12-31,,1.9700,2.2400,13.7800,81.2236,212.610000,190.771000,0.100385,-0.095776,1,1,1,1,1,5,5,5,3.0000,3.0000,0.0000,0.0000,1.0000,0.0000,1.0000,1,0.005694,0.00006182,0.005694,11.893876,-0.017259
2020-01-02,,1.9800,2.2400,12.4700,81.8565,216.160000,190.956550,0.098209,-0.119473,1,1,1,1,1,5,5,5,3.0000,3.0000,0.0000,0.0000,1.0000,0.0000,1.0000,1,0.049567,0.00006104,0.049567,12.483417,0.000000
2020-01-03,,1.9800,2.2350,14.0200,81.6456,214.180000,191.128650,0.099159,-0.117110,1,1,1,1,1,5,5,5,3.0000,3.0000,0.0000,0.0000,1.0000,0.0000,1.0000,1,-0.027191,0.00006065,-0.027191,12.143984,-0.027191
2020-01-06,,1.9900,2.2300,13.8500,81.2236,215.560000,191.293650,0.098875,-0.114715,1,1,1,1,1,5,5,5,3.0000,3.0000,0.0000,0.0000,1.0000,0.0000,1.0000,1,0.019011,0.00005987,0.019011,12.374853,-0.008697
2020-01-07,,2.0200,2.2300,13.7900,79.5359,215.530000,191.478500,0.099015,-0.104463,1,1,1,1,1,5,5,5,3.0000,3.0000,0.0000,0.0000,1.0000,0.0000,1.0000,1,-0.001222,0.00006143,-0.001222,12.359737,-0.009908
2020-01-08,,2.0300,2.2300,13.4500,81.0127,217.150000,191.673150,0.098444,-0.095705,1,1,1,1,1,5,5,5,3.0000,3.0000,0.0000,0.0000,1.0000,0.0000,1.0000,1,0.023015,0.00006065,0.023015,12.644200,0.000000
2020-01-09,,2.0500,2.2300,12.5400,81.2236,218.990000,191.872900,0.098316,-0.092397,1,1,1,1,1,5,5,5,3.0000,3.0000,0.0000,0.0000,1.0000,0.0000,1.0000,1,0.025215,0.00006065,0.025215,12.963020,0.000000
2020-01-10,,2.0300,2.2300,12.5600,81.0127,218.430000,192.075500,0.098861,-0.072552,1,1,1,1,1,5,5,5,3.0000,3.0000,0.0000,0.0000,1.0000,-0.0000,1.0000,1,-0.008163,0.00006065,-0.008163,12.857205,-0.008163
2020-01-13,,1.9900,2.2300,12.3200,83.1224,220.950000,192.288700,0.098780,-0.077909,1,1,1,1,1,5,5,5,3.0000,3.0000,0.0000,0.0000,1.0000,0.0000,1.0000,1,0.034951,0.00006065,0.034951,13.306575,0.000000
2020-01-14,,1.9900,2.2300,12.3900,82.7004,220.080000,192.490650,0.099221,-0.072588,1,1,1,1,1,5,5,5,3.0000,3.0000,0.0000,0.0000,1.0000,0.0000,1.0000,1,-0.011670,0.00006182,-0.011670,13.151288,-0.011670
2020-01-15,,1.9900,2.2300,12.4200,83.7895,220.170000,192.681300,0.100384,-0.068985,1,1,1,1,1,5,5,5,3.0000,3.0000,0.0000,0.0000,1.0000,0.0000,1.0000,1,0.000627,0.00006182,0.000627,13.159533,-0.011050
2020-01-16,,2.0100,2.2300,12.3200,86.9474,222.280000,192.879050,0.100175,-0.068298,1,1,1,1,1,5,5,5,3.0000,3.0000,0.0000,0.0000,1.0000,0.0000,1.0000,1,0.027882,0.00006182,0.027882,13.526450,0.000000
2020-01-17,,2.0000,2.2300,12.1000,87.3684,223.380000,193.077050,0.100557,-0.072551,1,1,1,1,1,5,5,5,3.0000,3.0000,0.0000,0.0000,1.0000,0.0000,1.0000,1,0.014934,0.00006104,0.014934,13.728460,0.000000
2020-01-21,,1.9800,2.2300,12.8500,85.0526,223.280000,193.274900,0.101675,-0.061896,1,1,1,1,1,5,5,5,3.0000,3.0000,0.0000,0.0000,1.0000,0.0000,1.0000,1,-0.000501,0.00006143,-0.000501,13.721589,-0.000501
2020-01-22,,1.9700,2.2300,12.9100,84.4211,223.870000,193.470950,0.101980,-0.060527,1,1,1,1,1,5,5,5,3.0000,3.0000,0.0000,0.0000,1.0000,-0.0000,1.0000,1,0.006810,0.00006143,0.006810,13.815036,0.000000
2020-01-23,,1.9700,2.2250,12.9800,84.8421,224.590000,193.668200,0.102767,-0.037212,1,1,1,1,1,5,5,5,3.0000,3.0000,0.0000,0.0000,1.0000,0.0000,1.0000,1,0.009251,0.00006104,0.009251,13.942839,0.000000
2020-01-24,,1.9800,2.2200,14.5600,81.8947,222.700000,193.859300,0.103963,-0.003698,1,1,1,1,1,5,5,5,3.0000,3.0000,0.0000,0.0000,1.0000,0.0000,1.0000,1,-0.025922,0.00006104,-0.025922,13.581419,-0.025922
2020-01-27,,1.9800,2.2200,18.2300,76.8421,218.100000,194.022450,0.105394,0.009654,1,1,1,1,0,4,3,5,3.0000,3.0000,0.0000,0.0000,1.0000,0.0000,1.0000,1,-0.061823,0.00006065,-0.061823,12.741770,-0.086142
2020-01-28,,2.0400,2.2200,16.2800,78.7368,221.450000,194.204550,0.104729,-0.003283,1,1,1,1,1,5,5,4,2.8000,2.8014,0.0000,0.1986,0.8014,-0.0000,1.0000,1,0.046484,0.00006104,0.044559,13.309536,-0.045421
2020-01-29,,2.0400,2.2200,16.3900,77.2632,221.810000,194.384450,0.105092,-0.008299,1,1,1,1,1,5,5,5,2.8667,2.8662,0.0000,0.1338,0.8662,0.0000,1.0000,1,0.003607,0.00006182,0.003212,13.352285,-0.042355
2020-01-30,,2.0500,2.2200,15.4900,77.6842,222.600000,194.568150,0.105728,0.010776,1,1,1,1,0,4,3,5,2.9111,2.9119,0.0000,0.0881,0.9119,0.0000,1.0000,1,0.011296,0.00006143,0.011188,13.501673,-0.031641
2020-01-31,,2.0800,2.2200,18.8400,73.0526,219.070000,194.731000,0.107202,0.043529,1,1,1,1,0,4,3,4,2.7407,2.7366,0.0000,0.2634,0.7366,0.0000,1.0000,1,-0.049147,0.00006182,-0.044183,12.905130,-0.074426
2020-02-03,,2.1300,2.2200,17.9700,73.6842,222.380000,194.907150,0.106751,0.049416,1,1,1,1,0,4,3,4,2.6272,2.6295,0.0000,0.3705,0.6295,-0.0000,1.0000,1,0.045921,0.00006104,0.040461,13.427280,-0.036977
2020-02-04,,2.1000,2.2200,16.0500,76.0000,227.470000,195.107550,0.104100,0.018375,1,1,1,1,0,4,3,4,2.5514,2.5535,0.0000,0.4465,0.5535,0.0000,1.0000,1,0.068307,0.00006182,0.059308,14.223620,0.000000
2020-02-05,,2.0900,2.2200,15.1500,81.2632,228.220000,195.309050,0.103332,0.029254,1,1,1,1,0,4,3,4,2.5010,2.4990,0.0000,0.5010,0.4990,0.0000,1.0000,1,0.011565,0.00006182,0.010235,14.369202,0.000000
2020-02-06,,2.0700,2.2200,14.9600,80.0000,230.190000,195.508450,0.103015,0.033281,1,1,1,1,0,4,3,4,2.4673,2.4688,0.0000,0.5312,0.4688,0.0000,1.0000,1,0.024376,0.00006182,0.020270,14.660461,0.000000
2020-02-07,,2.0500,2.2200,15.4700,77.4737,229.200000,195.705900,0.103236,0.040300,1,1,1,1,0,4,3,4,2.4449,2.4451,0.0000,0.5549,0.4451,0.0000,1.0000,1,-0.012913,0.00006182,-0.010866,14.501166,-0.010866
2020-02-10,,2.0500,2.2200,15.0400,79.5789,231.970000,195.913350,0.102859,0.036041,1,1,1,1,0,4,3,4,2.4299,2.4335,0.0000,0.5665,0.4335,0.0000,1.0000,1,0.036068,0.00006143,0.029589,14.930243,0.000000
2020-02-11,,2.0600,2.2200,15.1800,80.8421,232.010000,196.120150,0.103054,0.022207,1,1,1,1,0,4,3,4,2.4199,2.4188,0.0000,0.5812,0.4188,0.0000,1.0000,1,0.000722,0.00006221,0.000377,14.935879,0.000000
2020-02-12,,2.0500,2.2200,13.7400,82.1053,234.270000,196.336400,0.102469,0.013717,1,1,1,1,0,4,3,4,2.4133,2.4142,0.0000,0.5858,0.4142,0.0000,1.0000,1,0.029290,0.00006182,0.023640,15.288962,0.000000
2020-02-13,,2.0600,2.2150,14.1500,81.4737,233.970000,196.558550,0.103720,0.031442,1,1,1,1,0,4,3,4,2.4089,2.4105,0.0000,0.5895,0.4105,0.0000,1.0000,1,-0.003853,0.00006221,-0.003572,15.234345,-0.003572
2020-02-14,,2.0500,2.2100,13.6800,81.2632,234.640000,196.787100,0.104251,0.035674,1,1,1,1,0,4,3,4,2.4059,2.4062,0.0000,0.5938,0.4062,0.0000,1.0000,1,0.006768,0.00006260,0.005908,15.324350,0.000000
2020-02-18,,2.0400,2.2100,14.8300,78.7368,234.730000,197.020050,0.105396,0.050390,1,1,1,1,0,4,3,4,2.4039,2.4051,0.0000,0.5949,0.4051,0.0000,1.0000,1,0.001746,0.00006221,0.001711,15.350569,0.000000
2020-02-19,,2.0500,2.2100,14.3800,80.0000,236.980000,197.249400,0.103757,0.022203,1,1,1,1,0,4,3,4,2.4026,2.4034,0.0000,0.5966,0.4034,0.0000,1.0000,1,0.028935,0.00006221,0.022868,15.701605,0.000000
2020-02-20,,2.0500,2.2100,15.5600,80.4211,234.780000,197.473600,0.104556,0.032778,1,1,1,1,0,4,3,4,2.4018,2.4001,0.0000,0.5999,0.4001,0.0000,1.0000,1,-0.028460,0.00006221,-0.023056,15.339582,-0.023056
2020-02-21,,2.0500,2.2100,17.0800,78.1053,230.270000,197.693750,0.105449,0.043928,1,1,1,1,0,4,3,4,2.4012,2.3975,0.0000,0.6025,0.3975,0.0000,1.0000,1,-0.057193,0.00006221,-0.045250,14.645460,-0.067264
2020-02-24,,2.0900,2.2100,25.0300,67.5789,221.390000,197.871850,0.107794,0.078144,1,0,1,1,0,3,1,4,2.4008,2.3994,0.0000,0.6006,0.3994,0.0000,1.0000,1,-0.115221,0.00006143,-0.092669,13.288277,-0.153699
2020-02-25,,2.1300,2.2100,27.8500,56.0924,215.370000,198.024850,0.108828,0.084712,1,0,1,1,0,3,1,3,2.2005,2.1948,0.0000,0.8052,0.1948,0.0000,1.0000,1,-0.080895,0.00006026,-0.058086,12.516414,-0.202858
2020-02-26,,2.1900,2.2050,27.5600,52.7311,216.480000,198.182250,0.108122,0.079958,1,0,1,1,0,3,1,3,2.0670,2.0671,0.0000,0.9329,0.0671,0.0000,1.0000,1,0.013759,0.00006026,0.009461,12.634829,-0.195316
2020-02-27,,2.2000,2.2000,39.1600,39.0756,205.640000,198.317550,0.108114,0.073752,1,0,0,1,0,2,-1,3,1.9780,1.9774,0.0226,0.9774,0.0000,0.0000,1.0000,1,-0.149523,0.00006026,-0.101284,11.355121,-0.276818
2020-02-28,,2.2700,2.2000,40.1100,30.2521,205.800000,198.443850,0.104942,0.042008,0,0,0,1,0,1,-3,2,1.7187,1.7274,0.2726,0.7274,0.0000,0.0000,1.0000,1,0.015563,0.00005713,-0.001410,11.339113,-0.277837
2020-03-02,,2.3800,2.2000,33.4200,47.4790,216.420000,198.610500,0.106506,0.049727,0,0,0,1,0,1,-3,1,1.3458,1.3534,0.6466,0.3534,0.0000,0.0000,1.0000,1,0.136494,0.00005008,0.068523,12.116105,-0.228352
2020-03-03,,2.4400,2.2000,36.8200,40.1261,209.480000,198.733250,0.108297,0.063516,0,0,0,1,0,1,-3,1,1.0972,1.0940,0.9060,0.0940,0.0000,0.0000,1.0000,1,-0.094161,0.00004459,-0.034421,11.699053,-0.254914
2020-03-04,,2.4800,2.2000,31.9900,51.4706,218.220000,198.909150,0.109825,0.081220,0,0,1,1,0,2,-1,1,0.9315,0.9329,0.9329,0.0000,0.0000,0.0671,0.9329,1,0.121357,0.00003752,0.041957,12.189908,-0.223652
2020-03-05,,2.4700,2.2000,39.6200,43.2773,211.590000,199.067350,0.111850,0.109813,0,0,0,1,0,1,-3,2,1.0210,1.0209,0.9791,0.0209,0.0000,0.0000,1.0000,1,-0.087749,0.00002847,-0.028796,11.838882,-0.246008
2020-03-06,,2.5200,2.2000,41.9400,38.4454,208.020000,199.198300,0.112805,0.117720,0,0,0,1,0,1,-3,1,0.8806,0.8823,0.8823,0.0000,0.0000,0.1177,0.8823,1,-0.052411,0.00002453,-0.019501,11.608006,-0.260712
2020-03-09,,2.5500,2.2000,54.4600,17.6471,193.570000,199.261050,0.115706,0.132968,0,0,0,0,0,0,-5,1,0.7871,0.7872,0.7872,0.0000,0.0000,0.2128,0.7872,1,-0.203149,0.00001782,-0.061344,10.895924,-0.306063
2020-03-10,,2.9300,2.2000,47.3000,28.7815,204.110000,199.390350,0.111036,0.096944,0,0,0,1,0,1,-3,0,0.5247,0.5284,0.5284,0.0000,0.0000,0.4716,0.5284,1,0.155643,0.00001307,0.038677,11.317344,-0.279224
2020-03-11,,2.9300,2.2000,53.9000,14.0756,195.220000,199.475650,0.110858,0.102264,0,0,0,0,0,0,-5,1,0.5498,0.5446,0.5446,0.0000,0.0000,0.4554,0.5446,1,-0.128604,0.00001742,-0.023571,11.050584,-0.296213
2020-03-12,,2.9900,2.2000,75.4700,6.5126,177.320000,199.474800,0.110213,0.081135,0,0,0,0,0,0,-5,0,0.3665,0.3604,0.3604,0.0000,0.0000,0.6396,0.3604,1,-0.274084,0.00001663,-0.045904,10.543315,-0.328520
2020-03-13,,3.2000,2.2000,57.8300,13.6555,192.340000,199.556350,0.107066,0.055905,0,0,0,0,0,0,-5,0,0.2444,0.2495,0.2495,0.0000,0.0000,0.7505,0.2495,1,0.269884,0.00001307,0.026820,10.826083,-0.310511
2020-03-16,,3.3000,2.2000,82.6900,4.2017,169.300000,199.519000,0.106567,0.043619,0,0,0,0,0,0,-5,0,0.1629,0.1591,0.1591,0.0000,0.0000,0.8409,0.1591,1,-0.344652,0.00001110,-0.028034,10.522588,-0.329840
2020-03-17,,3.3800,2.2000,75.9100,11.3208,182.140000,199.559950,0.114043,0.101142,0,0,0,0,0,0,-5,0,0.1086,0.1123,0.1123,0.0000,0.0000,0.8877,0.1123,1,0.162953,0.00000951,0.009947,10.627259,-0.323174
2020-03-18,,3.4900,2.2000,76.4500,6.9182,176.600000,199.591900,0.114896,0.105158,0,0,0,0,0,0,-5,0,0.0724,0.0744,0.0744,0.0000,0.0000,0.9256,0.0744,1,-0.092567,0.00000753,-0.004400,10.580499,-0.326152
2020-03-19,,3.8100,2.2000,72.0000,5.8700,177.660000,199.605650,0.107979,0.054266,0,0,0,0,0,0,-5,0,0.0483,0.0488,0.0488,0.0000,0.0000,0.9512,0.0488,1,0.023149,0.00000079,0.000153,10.582123,-0.326048
2020-03-20,,4.0100,2.2000,66.0400,3.7736,170.700000,199.578100,0.104502,0.035020,0,0,0,0,0,0,-5,0,0.0322,0.0303,0.0303,0.0000,0.0000,0.9697,0.0303,1,-0.117106,0.00000159,-0.000839,10.573248,-0.326614
2020-03-23,,4.2300,2.2000,61.5900,3.7736,170.460000,199.542350,0.100763,0.007104,0,0,0,0,0,0,-5,0,0.0215,0.0214,0.0214,0.0000,0.0000,0.9786,0.0214,1,0.003098,0.00000198,-0.000019,10.573052,-0.326626
2020-03-24,,4.3100,2.2000,61.6700,5.8700,183.660000,199.555450,0.102324,0.022272,0,0,0,0,0,0,-5,0,0.0143,0.0146,0.0146,0.0000,0.0000,0.9854,0.0146,1,0.222908,0.00000079,0.001484,10.588740,-0.325627
2020-03-25,,4.1900,2.2000,63.9500,5.4393,182.300000,199.551200,0.103387,0.028250,0,0,0,0,0,0,-5,0,0.0095,0.0094,0.0094,0.0000,0.0000,0.9906,0.0094,1,-0.023186,0.00000040,-0.000050,10.588212,-0.325661
2020-03-26,,4.1300,2.2000,61.0000,10.6472,191.900000,199.593750,0.106011,0.046834,0,0,0,0,0,0,-5,0,0.0064,0.0066,0.0066,0.0000,0.0000,0.9934,0.0066,1,0.162867,0.00000000,0.000358,10.592004,-0.325419
2020-03-27,,4.0400,2.2000,65.5400,7.9332,185.300000,199.608550,0.109857,0.074292,0,0,0,0,0,0,-5,0,0.0042,0.0042,0.0042,0.0000,0.0000,0.9958,0.0042,1,-0.103880,0.00000000,-0.000209,10.589789,-0.325560
2020-03-30,,3.9800,2.2000,57.0800,12.3173,192.040000,199.651650,0.110338,0.099475,0,0,0,0,0,0,-5,0,0.0028,0.0029,0.0029,0.0000,0.0000,0.9971,0.0029,1,0.105097,0.00000119,0.000116,10.591020,-0.325482
2020-03-31,,3.8900,2.2000,53.5400,10.4384,190.400000,199.690450,0.107488,0.067146,0,0,0,0,0,0,-5,0,0.0019,0.0019,0.0019,0.0000,0.0000,0.9981,0.0019,1,-0.027755,0.00000476,-0.000014,10.590869,-0.325491
2020-04-01,,3.9300,2.2000,57.0600,7.7244,182.310000,199.683300,0.105789,0.053183,0,0,0,0,0,0,-5,0,0.0013,0.0012,0.0012,0.0000,0.0000,0.9988,0.0012,1,-0.124055,0.00000436,-0.000068,10.590152,-0.325537
2020-04-02,,3.9700,2.2000,50.9100,9.1858,186.010000,199.681300,0.106639,0.060089,0,0,0,0,0,0,-5,0,0.0008,0.0009,0.0009,0.0000,0.0000,0.9991,0.0009,1,0.059190,0.00000357,0.000019,10.590353,-0.325524
2020-04-03,,3.9200,2.2000,46.8000,8.7683,183.370000,199.662600,0.104335,0.045783,0,0,0,0,0,0,-5,0,0.0006,0.0006,0.0006,0.0000,0.0000,0.9994,0.0006,1,-0.040271,0.00000357,-0.000005,10.590298,-0.325528
2020-04-06,,3.9200,2.2000,45.2400,13.7787,196.480000,199.700750,0.105320,0.057760,0,0,0,0,0,0,-5,0,0.0004,0.0004,0.0004,0.0000,0.0000,0.9996,0.0004,1,0.209335,0.00000397,0.000037,10.590689,-0.325503
2020-04-07,,3.9100,2.2000,46.7000,13.5699,196.400000,199.739750,0.103892,0.041428,0,0,0,0,0,0,-5,0,0.0002,0.0002,0.0002,0.0000,0.0000,0.9998,0.0002,1,-0.001949,0.00000595,0.000010,10.590794,-0.325496
2020-04-08,,3.7900,2.2000,43.3500,18.5804,200.570000,199.801800,0.105992,0.061004,0,0,0,1,0,1,-3,0,0.0002,0.0002,0.0002,0.0000,0.0000,0.9998,0.0002,1,0.063867,0.00000555,0.000010,10.590896,-0.325490
2020-04-09,,3.7500,2.2050,41.6700,20.8768,200.860000,199.881350,0.109328,0.086539,0,0,0,1,0,1,-3,1,0.2001,0.1990,0.1990,0.0000,0.0000,0.8010,0.1990,1,0.003672,0.00000872,-0.001425,10.575807,-0.326451
2020-04-13,,3.6100,2.2050,41.1700,17.9541,203.030000,199.967550,0.106835,0.053974,0,0,0,1,0,1,-3,1,0.3334,0.3368,0.3368,0.0000,0.0000,0.6632,0.3368,1,0.034754,0.00000991,0.004231,10.620556,-0.323601
2020-04-14,,3.4100,2.2100,37.7600,24.6347,211.860000,200.094350,0.106822,0.056901,0,0,0,1,0,1,-3,1,0.4223,0.4277,0.4277,0.0000,0.0000,0.5723,0.4277,1,0.129751,0.00001030,0.016484,10.795629,-0.312451
2020-04-15,,3.3600,2.2100,40.8400,20.8768,209.430000,200.207800,0.105541,0.041468,0,0,0,1,0,1,-3,1,0.4815,0.4826,0.4826,0.0000,0.0000,0.5174,0.4826,1,-0.033172,0.00000793,-0.004652,10.745409,-0.315649
2020-04-16,,3.3300,2.2100,40.1100,24.0084,213.250000,200.327750,0.105052,0.027978,0,0,0,1,0,1,-3,1,0.5210,0.5227,0.5227,0.0000,0.0000,0.4773,0.5227,1,0.053569,0.00000555,0.009047,10.842627,-0.309457
2020-04-17,,3.2800,2.2100,38.1500,28.6013,215.290000,200.454150,0.105585,0.030586,0,0,0,1,0,1,-3,1,0.5473,0.5466,0.5466,0.0000,0.0000,0.4534,0.5466,1,0.025038,0.00000555,0.004932,10.896103,-0.306052
2020-04-20,,3.2700,2.2100,43.8300,24.8434,212.740000,200.560650,0.103413,0.005331,0,0,0,1,0,1,-3,1,0.5649,0.5643,0.5643,0.0000,0.0000,0.4357,0.5643,1,-0.032369,0.00000476,-0.006527,10.824985,-0.310581
2020-04-21,,3.2800,2.2150,45.4100,19.4154,204.890000,200.629850,0.104893,0.007428,0,0,0,1,0,1,-3,1,0.5766,0.5698,0.5698,0.0000,0.0000,0.4302,0.5698,1,-0.110578,0.00000476,-0.021223,10.595250,-0.325212
2020-04-22,,3.2900,2.2200,41.9800,22.5470,210.970000,200.736150,0.105607,0.001745,0,0,0,1,0,1,-3,1,0.5844,0.5865,0.5865,0.0000,0.0000,0.4135,0.5865,1,0.088456,0.00000436,0.016994,10.775305,-0.313745
2020-04-23,,3.3000,2.2200,41.3800,22.9645,210.520000,200.835450,0.103841,-0.007241,0,0,0,1,1,2,-1,1,0.5896,0.5881,0.5881,0.0000,0.0000,0.4119,0.5881,1,-0.006559,0.00000476,-0.001262,10.761702,-0.314611
2020-04-24,,3.2600,2.2200,35.9300,24.6347,213.840000,200.941850,0.103050,-0.016832,0,0,0,1,1,2,-1,2,0.7931,0.7953,0.7953,0.0000,0.0000,0.2047,0.7953,1,0.048309,0.00000436,0.012050,10.891376,-0.306353
2020-04-27,,3.2500,2.2200,33.2900,26.9311,215.560000,201.057550,0.102648,-0.025524,0,0,0,1,1,2,-1,2,0.9287,0.9285,0.9285,0.0000,0.0000,0.0715,0.9285,1,0.019508,0.00000476,0.005991,10.956621,-0.302197
2020-04-28,,3.2400,2.2200,33.5700,25.8873,211.500000,201.147400,0.103507,-0.030610,0,0,0,1,1,2,-1,2,1.0191,1.0186,0.9814,0.0186,0.0000,0.0000,1.0000,1,-0.054091,0.00000476,-0.019909,10.738484,-0.316090
2020-04-29,,3.2500,2.2200,31.2300,32.5678,219.000000,201.271650,0.099945,-0.057669,0,0,0,1,1,2,-1,2,1.0794,1.0801,0.9199,0.0801,0.0000,0.0000,1.0000,1,0.104014,0.00000436,0.036658,11.132138,-0.291019
2020-04-30,,3.2400,2.2200,34.1500,27.9749,218.910000,201.400450,0.098561,-0.046967,0,0,0,1,1,2,-1,2,1.1196,1.1194,0.8806,0.1194,0.0000,0.0000,1.0000,1,0.006637,0.00000397,-0.000181,11.130122,-0.291148
2020-05-01,,3.2300,2.2200,37.1900,22.7557,212.740000,201.503150,0.098801,-0.037249,0,0,0,1,1,2,-1,2,1.1464,1.1452,0.8548,0.1452,0.0000,0.0000,1.0000,1,-0.089723,0.00000357,-0.032328,10.770309,-0.314063
2020-05-04,,3.2500,2.2250,35.9700,24.6347,215.220000,201.617150,0.099270,-0.030868,0,0,0,1,1,2,-1,2,1.1643,1.1667,0.8333,0.1667,0.0000,0.0000,1.0000,1,0.035270,0.00000476,0.013936,10.920400,-0.304504
2020-05-05,,3.2800,2.2300,33.6100,28.1837,217.660000,201.750400,0.099165,-0.033973,0,0,0,1,1,2,-1,2,1.1762,1.1764,0.8236,0.1764,0.0000,0.0000,1.0000,1,0.031939,0.00000516,0.013169,11.064215,-0.295345
2020-05-06,,3.2800,2.2300,34.1200,28.1837,219.000000,201.882750,0.096447,-0.052950,0,0,0,1,1,2,-1,2,1.1841,1.1838,0.8162,0.1838,0.0000,0.0000,1.0000,1,0.019749,0.00000516,0.007200,11.143876,-0.290272
2020-05-07,,3.3100,2.2300,31.4400,30.2714,221.820000,202.022900,0.095679,-0.061409,0,0,0,1,1,2,-1,2,1.1894,1.1895,0.8105,0.1895,0.0000,0.0000,1.0000,1,0.039023,0.00000476,0.015384,11.315318,-0.279353
2020-05-08,,3.3400,2.2300,27.9800,32.9854,224.860000,202.171450,0.096020,-0.054547,0,0,0,1,1,2,-1,2,1.1929,1.1938,0.8062,0.1938,0.0000,0.0000,1.0000,1,0.040339,0.00000436,0.016093,11.497416,-0.267755
2020-05-11,,3.3700,2.2300,27.5700,34.0292,226.870000,202.339300,0.095590,-0.068027,0,0,0,1,1,2,-1,2,1.1953,1.1974,0.8026,0.1974,0.0000,0.0000,1.0000,1,0.024870,0.00000476,0.010458,11.617653,-0.260098
2020-05-12,,3.4100,2.2300,33.0400,30.4802,222.120000,202.473450,0.096679,-0.061671,0,0,0,1,1,2,-1,2,1.1969,1.1932,0.8068,0.1932,0.0000,0.0000,1.0000,1,-0.059491,0.00000476,-0.024653,11.331243,-0.278339
2020-05-13,,3.4000,2.2300,35.2800,28.8100,219.340000,202.597050,0.097585,-0.061976,0,0,0,1,1,2,-1,2,1.1979,1.1955,0.8045,0.1955,0.0000,0.0000,1.0000,1,-0.037869,0.00000516,-0.014983,11.161466,-0.289151
2020-05-14,,3.4300,2.2300,32.6100,30.6889,221.830000,202.737300,0.097466,-0.051061,0,0,0,1,1,2,-1,2,1.1986,1.2013,0.7987,0.2013,0.0000,0.0000,1.0000,1,0.033160,0.00000516,0.013468,11.311792,-0.279577
2020-05-15,,3.4100,2.2300,31.8900,30.4802,223.270000,202.898150,0.095728,-0.071733,0,0,0,1,1,2,-1,2,1.1991,1.2023,0.7977,0.2023,0.0000,0.0000,1.0000,1,0.017164,0.00000476,0.007780,11.399797,-0.273973
2020-05-18,,3.4100,2.2300,29.3000,37.1608,227.430000,203.084550,0.096712,-0.073293,0,0,0,1,1,2,-1,2,1.1994,1.2003,0.7997,0.2003,0.0000,0.0000,1.0000,1,0.057895,0.00000476,0.022574,11.657140,-0.257583
2020-05-19,,3.3800,2.2300,30.5300,34.6555,226.860000,203.282100,0.096106,-0.098192,0,0,0,1,1,2,-1,2,1.1996,1.1989,0.8011,0.1989,0.0000,0.0000,1.0000,1,-0.007651,0.00000516,-0.003293,11.618753,-0.260028
2020-05-20,,3.3000,2.2300,27.9900,38.8309,231.390000,203.535400,0.095022,-0.120477,0,0,0,1,1,2,-1,2,1.1997,1.2010,0.7990,0.2010,0.0000,0.0000,1.0000,1,0.058547,0.00000516,0.024084,11.898583,-0.242206
2020-05-21,,3.2400,2.2300,29.5300,36.1169,228.900000,203.763600,0.094716,-0.117370,0,0,0,1,1,2,-1,2,1.1998,1.1979,0.8021,0.1979,0.0000,0.0000,1.0000,1,-0.030617,0.00000476,-0.013011,11.743771,-0.252066
2020-05-22,,3.1800,2.2300,28.1600,37.3695,229.660000,203.990650,0.095586,-0.115069,0,0,0,1,1,2,-1,2,1.1999,1.2007,0.7993,0.2007,0.0000,0.0000,1.0000,1,0.008915,0.00000476,0.003905,11.789625,-0.249145
2020-05-26,,3.1800,2.2300,28.0100,40.0835,229.040000,204.194550,0.095041,-0.095238,0,0,0,1,1,2,-1,2,1.1999,1.1972,0.8028,0.1972,0.0000,0.0000,1.0000,1,-0.004166,0.00000476,-0.002905,11.755374,-0.251327
2020-05-27,,3.1400,2.2300,27.6200,46.3466,230.290000,204.413550,0.094768,-0.108227,0,0,0,1,1,2,-1,2,1.1999,1.2011,0.7989,0.2011,0.0000,0.0000,1.0000,1,0.014070,0.00000555,0.006278,11.829174,-0.246626
2020-05-28,,3.1100,2.2300,28.5900,47.1816,229.990000,204.641750,0.097749,-0.098282,0,0,0,1,1,2,-1,2,1.2000,1.2003,0.7997,0.2003,0.0000,0.0000,1.0000,1,-0.006375,0.00000595,-0.001824,11.807595,-0.248001
2020-05-29,,3.1000,2.2300,27.5100,47.3904,233.360000,204.866600,0.098071,-0.104106,0,0,0,1,1,2,-1,2,1.2000,1.2013,0.7987,0.2013,0.0000,0.0000,1.0000,1,0.041263,0.00000595,0.017155,12.010160,-0.235100
2020-06-01,,3.0800,2.2300,28.2300,46.9729,234.060000,205.123100,0.098838,-0.117517,0,0,0,1,1,2,-1,2,1.2000,1.2013,0.7987,0.2013,0.0000,0.0000,1.0000,1,0.012323,0.00000555,0.004529,12.064552,-0.231636
2020-06-02,,3.1000,2.2300,26.8400,49.6868,235.630000,205.388500,0.098659,-0.129876,0,0,0,1,1,2,-1,2,1.2000,1.2008,0.7992,0.2008,0.0000,0.0000,1.0000,1,0.019931,0.00000555,0.007850,12.159254,-0.225604
2020-06-03,,3.0800,2.2300,25.6600,53.6534,236.690000,205.644550,0.098533,-0.168958,0,0,1,1,1,3,1,2,1.2000,1.2003,0.7997,0.2003,0.0000,0.0000,1.0000,1,0.013574,0.00000595,0.005354,12.224354,-0.221458
2020-06-04,,3.0200,2.2300,25.8100,53.2359,235.030000,205.877550,0.097026,-0.136211,0,0,1,1,1,3,1,3,1.4000,1.3987,0.6013,0.3987,0.0000,0.0000,1.0000,1,-0.020319,0.00000634,-0.009632,12.106614,-0.228957
2020-06-05,,2.9900,2.2300,24.5200,61.1691,239.690000,206.141150,0.095807,-0.158027,0,0,1,1,1,3,1,3,1.5333,1.5369,0.4631,0.5369,0.0000,0.0000,1.0000,1,0.059274,0.00000595,0.029463,12.463310,-0.206240
2020-06-08,,2.8600,2.2300,25.8100,67.2234,241.550000,206.405750,0.097200,-0.153809,0,0,1,1,1,3,1,3,1.6222,1.6243,0.3757,0.6243,0.0000,0.0000,1.0000,1,0.022249,0.00000595,0.013182,12.627598,-0.195777
2020-06-09,,2.8100,2.2300,27.5700,59.7077,243.300000,206.682150,0.095966,-0.123485,0,0,1,1,1,3,1,3,1.6815,1.6837,0.3163,0.6837,0.0000,0.0000,1.0000,1,0.022309,0.00000674,0.011837,12.777068,-0.186257
2020-06-10,,2.8000,2.2300,27.5700,54.2797,246.220000,207.002900,0.095940,-0.132619,0,0,1,1,1,3,1,3,1.7210,1.7220,0.2780,0.7220,0.0000,0.0000,1.0000,1,0.036087,0.00000753,0.020964,13.044933,-0.169198
2020-06-11,,2.8600,2.2300,40.7900,39.6660,234.020000,207.248900,0.097834,-0.169004,0,0,0,1,1,2,-1,3,1.7473,1.7404,0.2596,0.7404,0.0000,0.0000,1.0000,1,-0.147231,0.00000674,-0.086119,11.921517,-0.240745
2020-06-12,,2.9100,2.2300,36.0900,42.3800,235.880000,207.506150,0.096430,-0.203716,0,0,0,1,1,2,-1,2,1.5649,1.5612,0.4388,0.5612,0.0000,0.0000,1.0000,1,0.021687,0.00000674,0.015056,12.101013,-0.229314
2020-06-15,,2.9100,2.2300,34.4000,44.8852,238.750000,207.774450,0.096190,-0.139388,0,0,0,1,1,2,-1,2,1.4433,1.4500,0.5500,0.4500,0.0000,0.0000,1.0000,1,0.035259,0.00000634,0.016157,12.296524,-0.216862
2020-06-16,,2.9300,2.2300,33.6700,48.8518,242.850000,208.049100,0.094804,-0.126929,0,0,0,1,1,2,-1,2,1.3622,1.3615,0.6385,0.3615,0.0000,0.0000,1.0000,1,0.052853,0.00000714,0.025853,12.614426,-0.196616
2020-06-17,,2.8900,2.2300,33.4700,47.8079,243.620000,208.329850,0.094911,-0.081177,0,0,0,1,1,2,-1,2,1.3081,1.3074,0.6926,0.3074,0.0000,0.0000,1.0000,1,0.009737,0.00000674,0.003941,12.664144,-0.193449
2020-06-18,,2.8700,2.2300,32.9400,47.1816,244.280000,208.623000,0.094859,-0.093548,0,0,0,1,1,2,-1,2,1.2721,1.2730,0.7270,0.2730,0.0000,0.0000,1.0000,1,0.007715,0.00000674,0.003617,12.709952,-0.190532
2020-06-19,,2.8600,2.2300,35.1200,45.7203,244.240000,208.902550,0.093134,-0.124026,0,0,0,1,1,2,-1,2,1.2481,1.2460,0.7540,0.2460,0.0000,-0.0000,1.0000,1,-0.001382,0.00000634,-0.000174,12.707740,-0.190673
2020-06-22,,2.8700,2.2300,31.7700,45.5115,246.740000,209.177350,0.092669,-0.149659,0,0,0,1,1,2,-1,2,1.2320,1.2342,0.7658,0.2342,0.0000,0.0000,1.0000,1,0.035562,0.00000595,0.013639,12.881059,-0.179634
2020-06-23,,2.8600,2.2300,31.3700,46.7641,248.840000,209.463600,0.091315,-0.207828,0,0,0,1,1,2,-1,2,1.2214,1.2216,0.7784,0.2216,0.0000,0.0000,1.0000,1,0.026116,0.00000634,0.010230,13.012829,-0.171242
2020-06-24,,2.8700,2.2300,33.8400,39.8747,243.710000,209.726200,0.092851,-0.184197,0,0,0,1,1,2,-1,2,1.2142,1.2113,0.7887,0.2113,0.0000,0.0000,1.0000,1,-0.058918,0.00000634,-0.024813,12.689938,-0.191806
2020-06-25,,2.8900,2.2300,32.2200,41.3361,246.030000,210.003150,0.090727,-0.185938,0,0,0,1,1,2,-1,2,1.2095,1.2112,0.7888,0.2112,0.0000,0.0000,1.0000,1,0.026512,0.00000595,0.011547,12.836472,-0.182474
2020-06-26,,2.9200,2.2300,34.7300,37.9958,240.220000,210.242100,0.091951,-0.159448,0,0,0,1,1,2,-1,2,1.2063,1.2024,0.7976,0.2024,0.0000,0.0000,1.0000,1,-0.071881,0.00000634,-0.028846,12.466196,-0.206056
2020-06-29,,2.9200,2.2300,31.7800,41.7537,242.840000,210.490150,0.092327,-0.162258,0,0,0,1,1,2,-1,2,1.2042,1.2059,0.7941,0.2059,0.0000,0.0000,1.0000,1,0.031962,0.00000555,0.012989,12.628117,-0.195744
2020-06-30,,2.9400,2.2300,30.4300,44.6764,247.600000,210.765450,0.091500,-0.152843,0,0,0,1,1,2,-1,2,1.2028,1.2056,0.7944,0.2056,0.0000,0.0000,1.0000,1,0.057505,0.00000555,0.023351,12.923001,-0.176963
2020-07-01,,2.9300,2.2300,28.6200,45.7203,250.490000,211.059500,0.092989,-0.137261,0,0,0,1,1,2,-1,2,1.2019,1.2037,0.7963,0.2037,0.0000,0.0000,1.0000,1,0.035740,0.00000634,0.014458,13.109837,-0.165064
2020-07-02,,2.8900,2.2300,27.6800,46.9729,252.190000,211.357450,0.092720,-0.126641,0,0,0,1,1,2,-1,2,1.2012,1.2008,0.7992,0.2008,0.0000,0.0000,1.0000,1,0.021258,0.00000555,0.008173,13.216978,-0.158240
2020-07-06,,2.8700,2.2300,27.9400,48.7500,258.390000,211.686800,0.090191,-0.172483,0,0,0,1,1,2,-1,2,1.2008,1.2026,0.7974,0.2026,0.0000,0.0000,1.0000,1,0.073482,0.00000555,0.029552,13.607568,-0.133365
2020-07-07,,2.8300,2.2300,29.4300,46.6667,256.610000,212.005650,0.090764,-0.191514,0,0,0,1,1,2,-1,2,1.2006,1.1996,0.8004,0.1996,0.0000,0.0000,1.0000,1,-0.019661,0.00000595,-0.008350,13.493940,-0.140601
2020-07-08,,2.8100,2.2300,28.0800,46.2500,259.990000,212.351600,0.090882,-0.171271,0,0,0,1,1,2,-1,2,1.2004,1.2015,0.7985,0.2015,0.0000,0.0000,1.0000,1,0.038454,0.00000595,0.015720,13.706063,-0.127092
2020-07-09,,2.7700,2.2350,29.2600,44.7917,262.180000,212.710000,0.090177,-0.172610,0,0,0,1,1,2,-1,2,1.2002,1.2003,0.7997,0.2003,0.0000,0.0000,1.0000,1,0.024982,0.00000595,0.010075,13.844157,-0.118297
2020-07-10,,2.7300,2.2350,27.2900,46.0417,263.970000,213.090000,0.090951,-0.158065,0,0,0,1,1,2,-1,2,1.2002,1.2016,0.7984,0.2016,0.0000,0.0000,1.0000,1,0.021175,0.00000516,0.008447,13.961097,-0.110849
2020-07-13,,2.7400,2.2350,32.1900,46.8750,258.540000,213.432300,0.091840,-0.141868,0,0,0,1,1,2,-1,2,1.2001,1.1951,0.8049,0.1951,0.0000,0.0000,1.0000,1,-0.061786,0.00000516,-0.024723,13.615938,-0.132831
2020-07-14,,2.7400,2.2350,29.5200,49.7917,260.370000,213.787250,0.091512,-0.148300,0,0,0,1,1,2,-1,2,1.2001,1.2029,0.7971,0.2029,0.0000,0.0000,1.0000,1,0.021200,0.00000555,0.008657,13.733814,-0.125324
2020-07-15,,2.7100,2.2350,27.7600,53.9583,260.900000,214.156600,0.090322,-0.144691,0,0,1,1,1,3,1,2,1.2000,1.1993,0.8007,0.1993,0.0000,0.0000,1.0000,1,0.004947,0.00000595,0.002084,13.762441,-0.123501
2020-07-16,,2.7100,2.2400,28.0000,54.7917,259.120000,214.508150,0.091773,-0.146950,0,0,1,1,1,3,1,3,1.4000,1.4008,0.5992,0.4008,0.0000,0.0000,1.0000,1,-0.021449,0.00000634,-0.007675,13.656819,-0.130228
2020-07-17,,2.6900,2.2400,25.6800,56.6667,259.420000,214.868900,0.093575,-0.131331,0,0,1,1,1,3,1,3,1.5334,1.5329,0.4671,0.5329,0.0000,0.0000,1.0000,1,0.004671,0.00000436,0.001689,13.679880,-0.128759
2020-07-20,,2.6800,2.2400,24.4600,54.5833,266.780000,215.282550,0.091607,-0.136914,0,0,1,1,1,3,1,3,1.6222,1.6280,0.3720,0.6280,0.0000,0.0000,1.0000,1,0.085122,0.00000436,0.046115,14.310732,-0.088582
2020-07-21,,2.6600,2.2400,24.8400,56.2500,264.000000,215.672200,0.091828,-0.125076,0,0,1,1,1,3,1,3,1.6815,1.6779,0.3221,0.6779,0.0000,0.0000,1.0000,1,-0.031971,0.00000516,-0.017980,14.053425,-0.104969
2020-07-22,,2.6300,2.2450,24.3200,60.0000,264.930000,216.052800,0.092716,-0.110178,0,0,1,1,1,3,1,3,1.7210,1.7214,0.2786,0.7214,0.0000,0.0000,1.0000,1,0.011576,0.00000516,0.005968,14.137291,-0.099628
2020-07-23,,2.6100,2.2500,26.0800,58.9583,258.010000,216.401650,0.093944,-0.104431,0,0,1,1,1,3,1,3,1.7473,1.7424,0.2576,0.7424,0.0000,0.0000,1.0000,1,-0.078341,0.00000516,-0.045987,13.487157,-0.141033
2020-07-24,,2.5800,2.2500,25.8400,56.8750,255.560000,216.752350,0.093929,-0.065876,0,0,1,1,1,3,1,3,1.7649,1.7659,0.2341,0.7659,0.0000,0.0000,1.0000,1,-0.029581,0.00000476,-0.016612,13.263107,-0.155302
2020-07-27,,2.5800,2.2500,24.7400,58.3333,260.120000,217.116800,0.092120,-0.072717,0,0,1,1,1,3,1,3,1.7766,1.7785,0.2215,0.7785,0.0000,0.0000,1.0000,1,0.053721,0.00000436,0.031901,13.686214,-0.128356
2020-07-28,,2.5600,2.2550,25.4400,56.4583,256.810000,217.457450,0.094109,-0.053937,0,0,1,1,1,3,1,3,1.7844,1.7828,0.2172,0.7828,0.0000,0.0000,1.0000,1,-0.037589,0.00000436,-0.022222,13.382075,-0.147726
2020-07-29,,2.5700,2.2600,24.1000,59.5833,259.770000,217.800750,0.093396,-0.067839,0,0,1,1,1,3,1,3,1.7896,1.7906,0.2094,0.7906,0.0000,-0.0000,1.0000,1,0.034048,0.00000436,0.020656,13.658493,-0.130121
2020-07-30,,2.6100,2.2600,24.7600,58.5417,261.130000,218.150950,0.093731,-0.062032,0,0,1,1,1,3,1,3,1.7931,1.7952,0.2048,0.7952,0.0000,0.0000,1.0000,1,0.016239,0.00000436,0.009089,13.782640,-0.122215
2020-07-31,,2.6000,2.2600,24.4600,57.7083,265.790000,218.512300,0.093149,-0.039278,0,0,1,1,1,3,1,3,1.7954,1.7954,0.2046,0.7954,0.0000,-0.0000,1.0000,1,0.053942,0.00000357,0.031898,14.222280,-0.094215
2020-08-03,,2.6000,2.2600,24.2800,57.9167,269.380000,218.894000,0.091502,-0.049895,0,0,1,1,1,3,1,3,1.7969,1.7976,0.2024,0.7976,0.0000,0.0000,1.0000,1,0.037276,0.00000357,0.023811,14.560934,-0.072647
2020-08-04,,2.6300,2.2600,23.7600,58.3333,270.380000,219.278150,0.092150,-0.045487,0,0,1,1,1,3,1,3,1.7979,1.7989,0.2011,0.7989,0.0000,0.0000,1.0000,1,0.013002,0.00000397,0.006937,14.661946,-0.066214
2020-08-05,,2.6200,2.2650,22.9900,60.6250,271.050000,219.674950,0.090407,-0.061563,0,0,1,1,1,3,1,3,1.7986,1.7988,0.2012,0.7988,0.0000,0.0000,1.0000,1,0.007972,0.00000357,0.004685,14.730638,-0.061839
2020-08-06,,2.5900,2.2700,22.6500,60.4167,274.640000,220.081200,0.090330,-0.076591,0,0,1,1,1,3,1,3,1.7991,1.8012,0.1988,0.8012,0.0000,-0.0000,1.0000,1,0.038279,0.00000397,0.022999,15.069421,-0.040262
2020-08-07,,2.5700,2.2700,22.2100,63.1250,271.470000,220.479300,0.091894,-0.069290,0,0,1,1,1,3,1,3,1.7994,1.7979,0.2021,0.7979,0.0000,0.0000,1.0000,1,-0.032678,0.00000397,-0.020304,14.763455,-0.059749
2020-08-10,,2.5700,2.2700,22.1300,64.7917,270.310000,220.869750,0.091590,-0.070992,0,0,1,1,1,3,1,3,1.7996,1.7987,0.2013,0.7987,0.0000,0.0000,1.0000,1,-0.013466,0.00000397,-0.008001,14.645331,-0.067272
2020-08-11,,2.5600,2.2700,24.0300,64.7917,265.190000,221.225250,0.090355,-0.065253,0,0,1,1,1,3,1,3,1.7997,1.7974,0.2026,0.7974,0.0000,0.0000,1.0000,1,-0.056753,0.00000436,-0.033639,14.152681,-0.098648
2020-08-12,,2.5900,2.2700,22.2800,65.4167,271.860000,221.606350,0.090401,-0.074639,0,0,1,1,1,3,1,3,1.7998,1.8025,0.1975,0.8025,0.0000,-0.0000,1.0000,1,0.074807,0.00000436,0.045236,14.792898,-0.057874
2020-08-13,,2.5500,2.2750,22.1300,64.5833,272.480000,221.980900,0.090417,-0.068293,0,0,1,1,1,3,1,3,1.7999,1.7998,0.2002,0.7998,0.0000,0.0000,1.0000,1,0.007007,0.00000436,0.003621,14.846459,-0.054462
2020-08-14,,2.5900,2.2800,22.0500,63.7500,272.160000,222.361500,0.089627,-0.064411,0,0,1,1,1,3,1,3,1.7999,1.7995,0.2005,0.7995,0.0000,0.0000,1.0000,1,-0.002893,0.00000397,-0.001718,14.820951,-0.056087
2020-08-17,,2.6100,2.2800,21.3500,63.7500,275.320000,222.753150,0.089225,-0.066439,0,0,1,1,1,3,1,3,1.7999,1.8007,0.1993,0.8007,0.0000,-0.0000,1.0000,1,0.033012,0.00000397,0.020062,15.118291,-0.037150
2020-08-18,,2.6400,2.2850,21.5100,64.1667,277.970000,223.157600,0.088634,-0.083368,0,0,1,1,1,3,1,3,1.8000,1.8008,0.1992,0.8008,0.0000,0.0000,1.0000,1,0.029376,0.00000397,0.017523,15.383214,-0.020278
2020-08-19,,2.6400,2.2850,22.5400,64.1667,276.100000,223.543750,0.088738,-0.074787,0,0,1,1,1,3,1,3,1.8000,1.7989,0.2011,0.7989,0.0000,0.0000,1.0000,1,-0.019541,0.00000357,-0.011805,15.201610,-0.031844
2020-08-20,,2.6500,2.2850,22.7200,62.7083,279.930000,223.942900,0.087679,-0.083372,0,0,1,1,1,3,1,3,1.8000,1.8027,0.1973,0.8027,0.0000,0.0000,1.0000,1,0.041140,0.00000436,0.024947,15.580851,-0.007691
2020-08-21,,2.6500,2.2900,22.5400,62.2917,281.870000,224.351200,0.087516,-0.117299,0,0,1,1,1,3,1,3,1.8000,1.8008,0.1992,0.8008,0.0000,-0.0000,1.0000,1,0.020877,0.00000436,0.012042,15.768475,0.000000
2020-08-24,,2.6400,2.2900,22.3700,64.5833,283.630000,224.770550,0.087396,-0.122652,0,0,1,1,1,3,1,3,1.8000,1.7991,0.2009,0.7991,0.0000,0.0000,1.0000,1,0.018539,0.00000397,0.011613,15.951599,0.000000
2020-08-25,,2.6300,2.2900,22.0300,65.0000,285.860000,225.197700,0.086264,-0.143284,0,0,1,1,1,3,1,3,1.8000,1.8017,0.1983,0.8017,0.0000,0.0000,1.0000,1,0.023343,0.00000476,0.014035,16.175486,0.000000
2020-08-26,,2.6300,2.2950,23.2700,64.1667,291.960000,225.651350,0.084458,-0.162397,0,0,1,1,1,3,1,3,1.8000,1.8026,0.1974,0.8026,0.0000,0.0000,1.0000,1,0.064019,0.00000436,0.038196,16.793322,0.000000
2020-08-27,,2.6600,2.3400,24.4700,66.2500,291.050000,226.101800,0.084546,-0.158386,0,0,1,1,1,3,1,3,1.8000,1.7988,0.2012,0.7988,0.0000,0.0000,1.0000,1,-0.009060,0.00000436,-0.005945,16.693490,-0.005945
2020-08-28,,2.7100,2.4100,22.9600,67.5000,292.530000,226.556750,0.084246,-0.148307,0,0,1,1,1,3,1,3,1.8000,1.8001,0.1999,0.8001,0.0000,0.0000,1.0000,1,0.015453,0.00000436,0.009381,16.850094,0.000000
2020-08-31,,2.7100,2.4550,26.4100,66.4583,294.880000,227.023200,0.084810,-0.125554,0,0,1,1,1,3,1,3,1.8000,1.8011,0.1989,0.8011,0.0000,0.0000,1.0000,1,0.023144,0.00000397,0.015593,17.112831,0.000000
2020-09-01,,2.6700,2.4750,26.1200,66.0417,299.920000,227.515650,0.083054,-0.158767,0,0,1,1,1,3,1,3,1.8000,1.8012,0.1988,0.8012,0.0000,0.0000,1.0000,1,0.051934,0.00000436,0.029838,17.623442,0.000000
2020-09-02,,2.6700,2.5000,26.5700,70.2083,302.760000,228.014900,0.084414,-0.134225,0,0,1,1,1,3,1,3,1.8000,1.7997,0.2003,0.7997,0.0000,0.0000,1.0000,1,0.028220,0.00000476,0.016853,17.920444,0.000000
2020-09-03,,2.6400,2.5350,33.6000,67.0833,287.410000,228.436600,0.086439,-0.107233,0,0,1,1,1,3,1,3,1.8000,1.7933,0.2067,0.7933,0.0000,0.0000,1.0000,1,-0.153555,0.00000476,-0.092265,16.267018,-0.092265
2020-09-04,,2.6400,2.5500,30.7500,67.0833,283.580000,228.837650,0.086654,-0.130232,0,0,1,1,1,3,1,3,1.8000,1.7986,0.2014,0.7986,0.0000,0.0000,1.0000,1,-0.041224,0.00000436,-0.023871,15.878703,-0.113934
2020-09-08,,2.6800,2.5550,31.4600,61.2500,269.950000,229.176650,0.088593,-0.089022,0,0,1,1,1,3,1,3,1.8000,1.7984,0.2016,0.7984,0.0000,0.0000,1.0000,1,-0.141344,0.00000436,-0.085896,14.514782,-0.190043
2020-09-09,,2.6700,2.5600,28.8100,64.5833,277.880000,229.557550,0.088025,-0.093931,0,0,1,1,1,3,1,3,1.8000,1.8013,0.1987,0.8013,0.0000,0.0000,1.0000,1,0.085923,0.00000516,0.052450,15.276081,-0.147561
2020-09-10,,2.6900,2.5650,29.7100,61.6667,272.340000,229.910100,0.088038,-0.076146,0,0,1,1,1,3,1,3,1.8000,1.7946,0.2054,0.7946,0.0000,0.0000,1.0000,1,-0.057848,0.00000476,-0.036726,14.715051,-0.178868
2020-09-11,,2.6900,2.5700,26.8700,62.0833,270.450000,230.241250,0.088203,-0.075761,0,0,1,1,1,3,1,3,1.8000,1.7976,0.2024,0.7976,0.0000,0.0000,1.0000,1,-0.021860,0.00000476,-0.011516,14.545588,-0.188324
2020-09-14,,2.6900,2.5700,25.8500,66.4583,275.160000,230.594000,0.088253,-0.075599,0,0,1,1,1,3,1,3,1.8000,1.8004,0.1996,0.8004,0.0000,0.0000,1.0000,1,0.051516,0.00000436,0.031273,15.000465,-0.162941
2020-09-15,,2.6600,2.5750,25.5900,66.6667,279.060000,230.959100,0.088397,-0.056063,0,0,1,1,1,3,1,3,1.8000,1.8001,0.1999,0.8001,0.0000,0.0000,1.0000,1,0.042507,0.00000436,0.025637,15.385031,-0.141482
2020-09-16,,2.6800,2.5800,26.0400,68.7500,274.610000,231.306650,0.088631,-0.047534,0,0,1,1,1,3,1,3,1.8000,1.7968,0.2032,0.7968,0.0000,0.0000,1.0000,1,-0.048044,0.00000436,-0.029592,14.929764,-0.166886
2020-09-17,,2.6700,2.5850,26.4600,66.8750,270.320000,231.643250,0.088688,-0.030967,0,0,1,1,1,3,1,3,1.8000,1.8018,0.1982,0.8018,0.0000,0.0000,1.0000,1,-0.046059,0.00000476,-0.026819,14.529364,-0.189230
2020-09-18,,2.6500,2.5900,25.8300,63.7500,266.870000,231.970550,0.088492,-0.051040,0,0,1,1,1,3,1,3,1.8000,1.7971,0.2029,0.7971,0.0000,0.0000,1.0000,1,-0.038627,0.00000357,-0.023670,14.185452,-0.208421
2020-09-21,,2.6600,2.5900,27.7800,58.5417,267.510000,232.295950,0.088173,-0.029947,0,0,1,1,1,3,1,3,1.8000,1.8031,0.1969,0.8031,0.0000,0.0000,1.0000,1,0.011848,0.00000397,0.007478,14.291529,-0.202501
2020-09-22,,2.6600,2.5950,26.8600,59.1667,272.480000,232.644200,0.087829,-0.049349,0,0,1,1,1,3,1,3,1.8000,1.8013,0.1987,0.8013,0.0000,0.0000,1.0000,1,0.054641,0.00000397,0.032395,14.754510,-0.176666
2020-09-23,,2.6600,2.6000,28.5800,55.0000,264.160000,232.940000,0.088535,-0.043526,0,0,1,1,1,3,1,3,1.8000,1.7948,0.2052,0.7948,0.0000,0.0000,1.0000,1,-0.092599,0.00000397,-0.055288,13.938762,-0.222187
2020-09-24,,2.6800,2.6050,28.5100,55.8333,265.390000,233.246600,0.089289,-0.025352,0,0,1,1,1,3,1,3,1.8000,1.8023,0.1977,0.8023,0.0000,0.0000,1.0000,1,0.014629,0.00000436,0.009024,14.064539,-0.215168
2020-09-25,,2.7000,2.6100,26.3800,60.0000,271.560000,233.584900,0.089313,-0.041847,0,0,1,1,1,3,1,3,1.8000,1.8034,0.1966,0.8034,0.0000,0.0000,1.0000,1,0.070080,0.00000397,0.042550,14.662988,-0.181773
2020-09-28,,2.7400,2.6100,26.1900,63.1250,277.200000,233.946000,0.088079,-0.053580,0,0,1,1,1,3,1,3,1.8000,1.8003,0.1997,0.8003,0.0000,0.0000,1.0000,1,0.059285,0.00000397,0.036282,15.194996,-0.152086
2020-09-29,,2.7600,2.6150,26.2700,61.6667,275.950000,234.293200,0.088531,-0.019294,0,0,1,1,1,3,1,3,1.8000,1.7994,0.2006,0.7994,0.0000,0.0000,1.0000,1,-0.010484,0.00000436,-0.008108,15.071802,-0.158960
2020-09-30,,2.7400,2.6250,26.3700,63.1250,277.840000,234.646450,0.088656,-0.024790,0,0,1,1,1,3,1,3,1.8000,1.8013,0.1987,0.8013,0.0000,0.0000,1.0000,1,0.019788,0.00000357,0.013958,15.282179,-0.147221
2020-10-01,,2.7500,2.6300,26.7000,64.1667,282.250000,235.011350,0.088981,-0.022300,0,0,1,1,1,3,1,3,1.8000,1.8003,0.1997,0.8003,0.0000,0.0000,1.0000,1,0.046830,0.00000397,0.027452,15.701708,-0.123810
2020-10-02,,2.7500,2.6300,27.6300,65.0000,274.310000,235.335950,0.090897,0.008471,0,0,1,1,0,2,-1,3,1.8000,1.7990,0.2010,0.7990,0.0000,-0.0000,1.0000,1,-0.082464,0.00000357,-0.050727,14.905207,-0.168257
2020-10-05,,2.7600,2.6300,27.9600,69.7917,280.160000,235.689000,0.090431,-0.006106,0,0,1,1,1,3,1,2,1.6000,1.6035,0.3965,0.6035,0.0000,0.0000,1.0000,1,0.063072,0.00000357,0.035830,15.439263,-0.138455
2020-10-06,,2.7400,2.6350,29.4800,67.9167,275.160000,236.010500,0.092512,0.007779,0,0,1,1,0,2,-1,3,1.6667,1.6631,0.3369,0.6631,0.0000,0.0000,1.0000,1,-0.053718,0.00000397,-0.030493,14.968469,-0.164727
2020-10-07,,2.7000,2.6400,28.0600,72.7083,279.920000,236.351550,0.091487,-0.000295,0,0,1,1,1,3,1,2,1.5111,1.5133,0.4867,0.5133,0.0000,0.0000,1.0000,1,0.052577,0.00000397,0.028681,15.397784,-0.140770
2020-10-08,,2.6900,2.6400,26.3600,75.8333,281.410000,236.699550,0.092341,0.023882,0,0,1,1,0,2,-1,3,1.6074,1.6066,0.3934,0.6066,0.0000,0.0000,1.0000,1,0.014722,0.00000397,0.006886,15.503815,-0.134853
2020-10-09,,2.6800,2.6400,25.0000,76.6667,285.710000,237.068500,0.091509,-0.003112,0,0,1,1,1,3,1,2,1.4716,1.4740,0.5260,0.4740,0.0000,-0.0000,1.0000,1,0.044489,0.00000357,0.023041,15.861037,-0.114919
2020-10-12,,2.6700,2.6400,25.0700,76.8750,294.530000,237.472200,0.090628,-0.034502,0,0,1,1,1,3,1,3,1.5811,1.5842,0.4158,0.5842,0.0000,0.0000,1.0000,1,0.093267,0.00000397,0.046726,16.602164,-0.073563
2020-10-13,,2.6700,2.6450,26.0700,74.5833,294.520000,237.876750,0.090595,-0.011928,0,0,1,1,1,3,1,3,1.6540,1.6524,0.3476,0.6524,0.0000,0.0000,1.0000,1,0.000130,0.00000397,-0.000934,16.586652,-0.074429
2020-10-14,,2.6500,2.6500,26.4000,74.5833,292.060000,238.276000,0.091053,-0.009037,1,0,1,1,1,4,3,3,1.7027,1.7003,0.2997,0.7003,0.0000,0.0000,1.0000,1,-0.024695,0.00000436,-0.013884,16.356367,-0.087279
2020-10-15,,2.6400,2.6500,26.9700,75.0000,290.100000,238.663450,0.091108,-0.018434,1,0,1,1,1,4,3,4,1.9351,1.9357,0.0643,0.9357,0.0000,0.0000,1.0000,1,-0.020669,0.00000476,-0.009587,16.199553,-0.096029
2020-10-16,,2.6500,2.6500,27.4100,75.0000,288.510000,239.025200,0.092142,-0.020621,1,0,1,1,1,4,3,4,2.0901,2.0892,0.0000,0.9108,0.0892,0.0000,1.0000,1,-0.015337,0.00000436,-0.011878,16.007136,-0.106767
2020-10-19,,2.6400,2.6500,29.1800,71.2500,283.800000,239.373300,0.092775,-0.013096,1,0,1,1,1,4,3,4,2.1934,2.1898,0.0000,0.8102,0.1898,0.0000,1.0000,1,-0.049690,0.00000436,-0.037456,15.407572,-0.140224
2020-10-20,,2.6100,2.6500,29.3500,72.7083,284.410000,239.717550,0.092958,0.009668,1,0,1,1,0,3,1,4,2.2623,2.2621,0.0000,0.7379,0.2621,-0.0000,1.0000,1,0.006454,0.00000436,0.006157,15.502431,-0.134930
2020-10-21,,2.6400,2.6500,28.6500,71.8750,284.190000,240.060850,0.092887,-0.013862,1,0,1,1,1,4,3,3,2.1082,2.1080,0.0000,0.8920,0.1080,-0.0000,1.0000,1,-0.002594,0.00000397,-0.002320,15.466465,-0.136937
2020-10-22,,2.6300,2.6500,28.1100,75.2083,284.180000,240.396000,0.093686,0.003284,1,0,1,1,0,3,1,4,2.2054,2.2050,0.0000,0.7950,0.2050,0.0000,1.0000,1,0.000506,0.00000397,0.000031,15.466941,-0.136911
2020-10-23,,2.6100,2.6500,27.5500,75.2083,284.740000,240.724750,0.093629,-0.001159,1,0,1,1,1,4,3,3,2.0703,2.0702,0.0000,0.9298,0.0702,0.0000,1.0000,1,0.005849,0.00000357,0.004838,15.541773,-0.132735
2020-10-26,,2.6000,2.6500,32.4600,70.0000,280.470000,241.034950,0.095362,0.024697,1,0,1,1,0,3,1,4,2.1802,2.1792,0.0000,0.8208,0.1792,0.0000,1.0000,1,-0.045585,0.00000397,-0.033419,15.022375,-0.161719
2020-10-27,,2.6000,2.6500,33.3500,67.2917,282.660000,241.343500,0.095618,0.046273,1,0,1,1,0,3,1,3,2.0535,2.0537,0.0000,0.9463,0.0537,0.0000,1.0000,1,0.023618,0.00000436,0.016124,15.264598,-0.148202
2020-10-28,,2.6000,2.6500,40.2800,57.9167,271.640000,241.601300,0.096124,0.042686,1,0,1,1,0,3,1,3,1.9690,1.9682,0.0318,0.9682,0.0000,0.0000,1.0000,1,-0.117349,0.00000397,-0.077622,14.079733,-0.214320
2020-10-29,,2.6200,2.6500,37.5900,61.4583,276.390000,241.882400,0.095415,0.055040,1,0,1,1,0,3,1,3,1.9127,1.9134,0.0866,0.9134,0.0000,-0.0000,1.0000,1,0.050866,0.00000397,0.032181,14.532830,-0.189036
2020-10-30,,2.6100,2.6500,38.0200,60.2083,269.380000,242.117900,0.095517,0.056082,1,0,1,1,0,3,1,3,1.8751,1.8733,0.1267,0.8733,0.0000,-0.0000,1.0000,1,-0.069556,0.00000357,-0.044858,13.880918,-0.225414
2020-11-02,,2.6100,2.6500,37.1300,67.9167,269.980000,242.350900,0.096532,0.049815,1,0,1,1,0,3,1,3,1.8501,1.8493,0.1507,0.8493,0.0000,0.0000,1.0000,1,0.000341,0.00000357,0.002864,13.920672,-0.223196
2020-11-03,,2.6000,2.6500,35.5500,72.7083,274.650000,242.607750,0.096227,0.050687,1,0,1,1,0,3,1,3,1.8334,1.8348,0.1652,0.8348,0.0000,-0.0000,1.0000,1,0.050302,0.00000357,0.030858,14.350239,-0.199225
2020-11-04,,2.5800,2.6500,29.5700,73.7500,286.910000,242.922950,0.092711,0.026924,1,0,1,1,0,3,1,3,1.8223,1.8238,0.1762,0.8238,0.0000,-0.0000,1.0000,1,0.135170,0.00000397,0.081879,15.525226,-0.133658
2020-11-05,,2.5800,2.6500,27.5800,76.8750,294.390000,243.271950,0.091751,0.015501,1,0,1,1,0,3,1,3,1.8148,1.8153,0.1847,0.8153,0.0000,0.0000,1.0000,1,0.077170,0.00000397,0.047902,16.268920,-0.092159
2020-11-06,,2.5200,2.6500,24.8600,75.2083,294.610000,243.631500,0.091572,0.013290,1,0,1,1,0,3,1,3,1.8099,1.8105,0.1895,0.8105,0.0000,0.0000,1.0000,1,0.003380,0.00000397,0.001481,16.293017,-0.090814
2020-11-09,,2.5100,2.6500,25.7500,83.7500,288.590000,243.983950,0.092114,0.029209,1,0,1,1,0,3,1,3,1.8066,1.8017,0.1983,0.8017,0.0000,0.0000,1.0000,1,-0.061030,0.00000397,-0.038034,15.673324,-0.125394
2020-11-10,,2.4700,2.6500,24.8000,85.8333,283.420000,244.293800,0.093577,0.051105,1,0,1,1,0,3,1,3,1.8044,1.8035,0.1965,0.8035,0.0000,-0.0000,1.0000,1,-0.053953,0.00000436,-0.031048,15.186705,-0.152549
2020-11-11,,2.4400,2.6500,23.4500,85.6250,289.760000,244.633550,0.093237,0.054704,1,0,1,1,0,3,1,3,1.8029,1.8051,0.1949,0.8051,0.0000,0.0000,1.0000,1,0.067217,0.00000397,0.039962,15.793593,-0.118683
2020-11-12,,2.4400,2.6500,25.3500,83.5417,288.400000,244.962550,0.092636,0.046014,1,0,1,1,0,3,1,3,1.8020,1.8009,0.1991,0.8009,0.0000,0.0000,1.0000,1,-0.014631,0.00000397,-0.008509,15.659212,-0.126182
2020-11-13,,2.4500,2.6500,23.1000,87.9167,290.930000,245.321850,0.092279,0.055536,1,0,1,1,0,3,1,3,1.8013,1.8019,0.1981,0.8019,0.0000,-0.0000,1.0000,1,0.026232,0.00000397,0.016466,15.917058,-0.111793
2020-11-16,,2.4400,2.6500,22.4500,90.0000,293.200000,245.675950,0.092065,0.055512,1,0,1,1,0,3,1,3,1.8009,1.8021,0.1979,0.8021,0.0000,0.0000,1.0000,1,0.023012,0.00000357,0.012214,16.111469,-0.100945
2020-11-17,,2.4200,2.6500,22.7100,90.0000,292.270000,245.999950,0.090746,0.040310,1,0,1,1,0,3,1,3,1.8006,1.7998,0.2002,0.7998,0.0000,0.0000,1.0000,1,-0.009227,0.00000357,-0.005808,16.017895,-0.106166
2020-11-18,,2.4200,2.6500,23.8400,88.1250,290.110000,246.309400,0.090056,0.045512,1,0,1,1,0,3,1,3,1.8004,1.7995,0.2005,0.7995,0.0000,0.0000,1.0000,1,-0.023180,0.00000357,-0.012779,15.813196,-0.117589
2020-11-19,,2.3900,2.6500,23.1100,87.9167,292.380000,246.620350,0.088784,0.052723,1,0,1,1,0,3,1,3,1.8003,1.8016,0.1984,0.8016,0.0000,0.0000,1.0000,1,0.024774,0.00000357,0.013680,16.029517,-0.105518
2020-11-20,,2.3500,2.6500,23.7000,87.5000,290.380000,246.926250,0.089410,0.058682,1,0,1,1,0,3,1,3,1.8002,1.7990,0.2010,0.7990,0.0000,0.0000,1.0000,1,-0.020304,0.00000278,-0.011615,15.843327,-0.115908
2020-11-23,,2.3500,2.6500,22.6600,89.3750,290.390000,247.218350,0.088891,0.056218,1,0,1,1,0,3,1,3,1.8001,1.7995,0.2005,0.7995,0.0000,0.0000,1.0000,1,0.000208,0.00000278,-0.000076,15.842121,-0.115975
2020-11-24,,2.3300,2.6500,21.6400,90.8333,294.470000,247.530650,0.088417,0.044229,1,0,1,1,0,3,1,3,1.8001,1.8018,0.1982,0.8018,0.0000,0.0000,1.0000,1,0.040887,0.00000317,0.025676,16.248887,-0.093277
2020-11-25,,2.3100,2.6500,21.2500,90.8333,296.280000,247.840700,0.088788,0.071008,1,0,1,1,0,3,1,3,1.8001,1.8006,0.1994,0.8006,0.0000,0.0000,1.0000,1,0.018842,0.00000357,0.011247,16.431639,-0.083079
2020-11-27,,2.3200,2.6500,20.8400,90.6250,299.010000,248.165900,0.087662,0.039114,1,0,1,1,0,3,1,3,1.8000,1.8005,0.1995,0.8005,0.0000,-0.0000,1.0000,1,0.027315,0.00000357,0.016017,16.694830,-0.068392
2020-11-30,,2.3200,2.6500,20.5700,90.0000,299.620000,248.490800,0.086781,0.004156,1,0,1,1,0,3,1,3,1.8000,1.8000,0.2000,0.8000,0.0000,-0.0000,1.0000,1,0.005152,0.00000357,0.002475,16.736141,-0.066087
2020-12-01,,2.2900,2.6500,20.7700,91.8750,303.460000,248.834450,0.086443,-0.002595,1,0,1,1,1,4,3,3,1.8000,1.8011,0.1989,0.8011,0.0000,0.0000,1.0000,1,0.039299,0.00000317,0.025375,17.160823,-0.042389
2020-12-02,,2.2800,2.6500,21.1700,92.0833,303.850000,249.168800,0.086834,-0.021848,1,0,1,1,1,4,3,4,2.0000,2.0000,0.0000,1.0000,0.0000,0.0000,1.0000,1,0.004019,0.00000357,0.001836,17.192332,-0.040630
2020-12-03,,2.2400,2.6500,21.2800,91.8750,304.280000,249.516300,0.085958,-0.025338,1,0,1,1,1,4,3,4,2.1333,2.1334,0.0000,0.8666,0.1334,0.0000,1.0000,1,0.004063,0.00000357,0.002346,17.232667,-0.038379
2020-12-04,,2.2300,2.6500,20.7900,91.2500,305.520000,249.892550,0.084372,-0.046125,1,0,1,1,1,4,3,4,2.2222,2.2228,0.0000,0.7772,0.2228,0.0000,1.0000,1,0.012261,0.00000317,0.010087,17.406499,-0.028679
2020-12-07,,2.2300,2.6500,21.3000,91.4583,307.250000,250.321850,0.085020,-0.039869,1,0,1,1,1,4,3,4,2.2815,2.2825,0.0000,0.7175,0.2825,0.0000,1.0000,1,0.016946,0.00000357,0.012233,17.619427,-0.016797
2020-12-08,,2.2200,2.6500,20.6800,92.0833,308.290000,250.786450,0.084515,-0.046317,1,0,1,1,1,4,3,4,2.3210,2.3220,0.0000,0.6780,0.3220,0.0000,1.0000,1,0.009153,0.00000317,0.007168,17.745727,-0.009750
2020-12-09,,2.2200,2.6500,22.2700,91.4583,301.310000,251.210600,0.085130,-0.039855,1,0,1,1,1,4,3,4,2.3473,2.3419,0.0000,0.6581,0.3419,0.0000,1.0000,1,-0.066981,0.00000357,-0.051905,16.824642,-0.061148
2020-12-10,,2.2400,2.6500,22.5200,91.0603,302.520000,251.695000,0.084722,-0.047742,1,0,1,1,1,4,3,4,2.3649,2.3677,0.0000,0.6323,0.3677,0.0000,1.0000,1,0.012276,0.00000317,0.008771,16.972219,-0.052913
2020-12-11,,2.2200,2.6500,23.3100,91.0603,301.850000,252.175250,0.084958,-0.045877,1,0,1,1,1,4,3,4,2.3766,2.3773,0.0000,0.6227,0.3773,0.0000,1.0000,1,-0.007018,0.00000317,-0.004865,16.889654,-0.057520
2020-12-14,,2.2300,2.6500,24.7200,90.6445,304.040000,252.613350,0.084901,-0.044758,1,0,1,1,1,4,3,4,2.3844,2.3851,0.0000,0.6149,0.3851,0.0000,1.0000,1,0.021327,0.00000317,0.016196,17.163206,-0.042256
2020-12-15,,2.2400,2.6500,22.8900,91.8919,307.290000,253.102400,0.085419,-0.035308,1,0,1,1,1,4,3,4,2.3896,2.3901,0.0000,0.6099,0.3901,0.0000,1.0000,1,0.031079,0.00000357,0.025663,17.603667,-0.017677
2020-12-16,,2.2600,2.6500,22.5000,91.0603,308.980000,253.556200,0.084299,-0.045045,1,0,1,1,1,4,3,4,2.3931,2.3939,0.0000,0.6061,0.3939,0.0000,1.0000,1,0.016779,0.00000317,0.013305,17.837876,-0.004607
2020-12-17,,2.2500,2.6500,21.9300,91.4761,311.000000,254.053250,0.084394,-0.053959,1,0,1,1,1,4,3,4,2.3954,2.3957,0.0000,0.6043,0.3957,0.0000,1.0000,1,0.020497,0.00000357,0.015961,18.122590,0.000000
2020-12-18,,2.2300,2.6500,21.5700,90.2287,310.060000,254.563450,0.084363,-0.062964,1,0,1,1,1,4,3,4,2.3969,2.3953,0.0000,0.6047,0.3953,0.0000,1.0000,1,-0.010894,0.00000317,-0.008491,17.968715,-0.008491
2020-12-21,,2.2400,2.6500,25.1600,89.3971,308.920000,255.140200,0.082939,-0.079865,1,0,1,1,1,4,3,4,2.3979,2.3998,0.0000,0.6002,0.3998,0.0000,1.0000,1,-0.003729,0.00000317,-0.003004,17.914740,-0.011469
2020-12-22,,2.2300,2.6500,24.2300,88.7734,309.760000,255.668450,0.082916,-0.064413,1,0,1,1,1,4,3,4,2.3986,2.3985,0.0000,0.6015,0.3985,0.0000,1.0000,1,0.007888,0.00000357,0.006053,18.023173,-0.005486
2020-12-23,,2.2200,2.6500,23.3100,89.1892,308.200000,256.233350,0.082678,-0.073111,1,0,1,1,1,4,3,4,2.3991,2.3980,0.0000,0.6020,0.3980,0.0000,1.0000,1,-0.015081,0.00000357,-0.012010,17.806709,-0.017430
2020-12-24,,2.2400,2.6500,21.5300,90.4366,309.560000,256.894550,0.082940,-0.071036,1,0,1,1,1,4,3,4,2.3994,2.4002,0.0000,0.5998,0.4002,0.0000,1.0000,1,0.012992,0.00000357,0.010424,17.992335,-0.007187
2020-12-28,,2.2300,2.6500,21.7000,90.4366,312.680000,257.496250,0.082597,-0.079223,1,0,1,1,1,4,3,4,2.3996,2.3998,0.0000,0.6002,0.3998,0.0000,1.0000,1,0.030003,0.00000357,0.024193,18.427620,0.000000
2020-12-29,,2.2200,2.6500,23.0800,90.2287,312.960000,258.214550,0.082741,-0.099837,1,0,1,1,1,4,3,4,2.3997,2.3988,0.0000,0.6012,0.3988,0.0000,1.0000,1,0.002946,0.00000436,0.002283,18.469695,0.000000
2020-12-30,,2.2200,2.6500,22.7700,90.2287,312.970000,258.868700,0.083040,-0.089491,1,0,1,1,1,4,3,4,2.3998,2.3991,0.0000,0.6009,0.3991,0.0000,1.0000,1,-0.000166,0.00000397,-0.000591,18.458784,-0.000591
2020-12-31,,2.2000,2.6500,22.7500,91.4761,313.740000,259.554400,0.083850,-0.104513,1,0,1,1,1,4,3,4,2.3999,2.4009,0.0000,0.5991,0.4009,0.0000,1.0000,1,0.007816,0.00000317,0.005903,18.567742,0.000000
2021-01-04,,2.1800,2.6500,26.9700,89.6050,309.310000,260.212650,0.082866,-0.101985,1,0,1,1,1,4,3,4,2.3999,2.3954,0.0000,0.6046,0.3954,0.0000,1.0000,1,-0.043729,0.00000357,-0.034364,17.929678,-0.034364
2021-01-05,,2.1900,2.6500,25.3400,89.6050,311.860000,260.918450,0.082285,-0.117625,1,0,1,1,1,4,3,4,2.3999,2.4028,0.0000,0.5972,0.4028,0.0000,1.0000,1,0.025079,0.00000357,0.019813,18.284927,-0.015232
2021-01-06,,2.2300,2.6500,25.0700,91.0603,307.540000,261.603850,0.083831,-0.090369,1,0,1,1,1,4,3,4,2.4000,2.4005,0.0000,0.5995,0.4005,0.0000,1.0000,1,-0.041356,0.00000357,-0.032676,17.687446,-0.047410
2021-01-07,,2.2700,2.6500,22.3700,90.0208,314.980000,262.260450,0.081522,-0.108079,1,0,1,1,1,4,3,4,2.4000,2.4032,0.0000,0.5968,0.4032,0.0000,1.0000,1,0.072231,0.00000357,0.058150,18.715978,0.000000
2021-01-08,,2.2300,2.6500,21.5600,90.8524,319.030000,262.944100,0.081742,-0.106407,1,0,1,1,1,4,3,4,2.4000,2.4012,0.0000,0.5988,0.4012,0.0000,1.0000,1,0.038760,0.00000357,0.030616,19.288991,0.000000
2021-01-11,,2.1900,2.6500,24.0800,90.4366,314.420000,263.556700,0.081531,-0.113819,1,0,1,1,1,4,3,4,2.4000,2.3987,0.0000,0.6013,0.3987,0.0000,1.0000,1,-0.044198,0.00000317,-0.035557,18.603125,-0.035557
2021-01-12,,2.1500,2.6500,23.3300,89.6050,313.920000,264.199800,0.081078,-0.119992,1,0,1,1,1,4,3,4,2.4000,2.3995,0.0000,0.6005,0.3995,-0.0000,1.0000,1,-0.004344,0.00000317,-0.003194,18.543710,-0.038638
2021-01-13,,2.1600,2.6500,22.2100,90.0208,316.040000,264.819800,0.082440,-0.115144,1,0,1,1,1,4,3,4,2.4000,2.4013,0.0000,0.5987,0.4013,0.0000,1.0000,1,0.019439,0.00000357,0.015538,18.831838,-0.023700
2021-01-14,,2.1300,2.6500,23.2500,89.1892,314.350000,265.439550,0.082413,-0.123594,1,0,1,1,1,4,3,4,2.4000,2.3985,0.0000,0.6015,0.3985,0.0000,1.0000,1,-0.015222,0.00000357,-0.012669,18.593266,-0.036069
2021-01-15,,2.1200,2.6500,24.3400,89.6480,311.860000,266.087300,0.083830,-0.107438,1,0,1,1,1,4,3,4,2.4000,2.3982,0.0000,0.6018,0.3982,0.0000,1.0000,1,-0.024314,0.00000357,-0.019037,18.239298,-0.054419
2021-01-19,,2.1300,2.6500,23.2400,89.8551,316.410000,266.739300,0.082860,-0.119255,1,0,1,1,1,4,3,4,2.4000,2.4014,0.0000,0.5986,0.4014,0.0000,1.0000,1,0.043356,0.00000357,0.035070,18.878949,-0.021258
2021-01-20,,2.1100,2.6500,21.5800,90.2692,323.770000,267.441300,0.082211,-0.136440,1,0,1,1,1,4,3,4,2.4000,2.4023,0.0000,0.5977,0.4023,0.0000,1.0000,1,0.069707,0.00000357,0.055323,19.923381,0.000000
2021-01-21,,2.1100,2.6500,21.3200,89.6480,326.360000,268.090700,0.081655,-0.142115,1,0,1,1,1,4,3,4,2.4000,2.4004,0.0000,0.5996,0.4004,0.0000,1.0000,1,0.024854,0.00000317,0.020061,20.323065,0.000000
2021-01-22,,2.1200,2.6500,21.9100,89.2340,325.420000,268.735800,0.082062,-0.157340,1,0,1,1,1,4,3,4,2.4000,2.4003,0.0000,0.5997,0.4003,0.0000,1.0000,1,-0.009069,0.00000357,-0.007393,20.172825,-0.007393
2021-01-25,,2.1400,2.6500,23.1900,89.8551,328.110000,269.373500,0.083379,-0.145476,1,0,1,1,1,4,3,4,2.4000,2.3998,0.0000,0.6002,0.3998,0.0000,1.0000,1,0.027756,0.00000317,0.021741,20.611410,0.000000
2021-01-26,,2.1500,2.6500,23.0200,89.8551,328.590000,270.012150,0.082675,-0.164382,1,0,1,1,1,4,3,4,2.4000,2.3998,0.0000,0.6002,0.3998,0.0000,1.0000,1,0.001065,0.00000357,0.001285,20.637892,0.000000
2021-01-27,,2.1600,2.6500,37.2100,86.5424,319.430000,270.594150,0.082463,-0.154019,1,0,1,1,1,4,3,4,2.4000,2.3947,0.0000,0.6053,0.3947,0.0000,1.0000,1,-0.080642,0.00000278,-0.064595,19.304781,-0.064595
2021-01-28,,2.1600,2.6500,30.2100,87.1636,321.320000,271.141450,0.082740,-0.154695,1,0,1,1,1,4,3,4,2.4000,2.4004,0.0000,0.5996,0.4004,0.0000,1.0000,1,0.014724,0.00000317,0.011863,19.533794,-0.053499
2021-01-29,,2.1700,2.6500,33.0900,84.0580,314.560000,271.667100,0.083971,-0.145843,1,0,1,1,1,4,3,4,2.4000,2.3959,0.0000,0.6041,0.3959,0.0000,1.0000,1,-0.062293,0.00000278,-0.049671,18.563532,-0.100512
2021-02-01,,2.1700,2.6500,30.2400,86.3354,322.420000,272.212950,0.082994,-0.153960,1,0,1,1,1,4,3,4,2.4000,2.4026,0.0000,0.5974,0.4026,0.0000,1.0000,1,0.073505,0.00000238,0.058804,19.655135,-0.047619
2021-02-02,,2.1900,2.6500,25.5600,88.4058,327.680000,272.774900,0.082506,-0.122259,1,0,1,1,1,4,3,4,2.4000,2.4013,0.0000,0.5987,0.4013,0.0000,1.0000,1,0.048394,0.00000278,0.039048,20.422637,-0.010430
2021-02-03,,2.1800,2.6500,22.9100,87.3706,326.380000,273.343100,0.082179,-0.113747,1,0,1,1,1,4,3,4,2.4000,2.3972,0.0000,0.6028,0.3972,0.0000,1.0000,1,-0.011491,0.00000278,-0.009746,20.223589,-0.020075
2021-02-04,,2.1700,2.6500,21.7700,88.8199,330.240000,273.969850,0.081890,-0.116618,1,0,1,1,1,4,3,4,2.4000,2.4016,0.0000,0.5984,0.4016,0.0000,1.0000,1,0.035370,0.00000159,0.028458,20.799104,0.000000
2021-02-05,,2.1900,2.6500,20.8700,88.4058,331.360000,274.571800,0.082007,-0.119981,1,0,1,1,1,4,3,4,2.4000,2.4000,0.0000,0.6000,0.4000,0.0000,1.0000,1,0.010460,0.00000159,0.008397,20.973751,0.000000
2021-02-08,,2.1800,2.6500,21.2400,88.4058,333.580000,275.187100,0.080792,-0.150702,1,0,1,1,1,4,3,4,2.4000,2.4003,0.0000,0.5997,0.4003,0.0000,1.0000,1,0.019563,0.00000119,0.015336,21.295400,0.000000
2021-02-09,,2.1400,2.6500,21.6300,89.0269,333.510000,275.785450,0.080961,-0.144066,1,0,1,1,1,4,3,4,2.4000,2.4006,0.0000,0.5994,0.4006,0.0000,1.0000,1,-0.000466,0.00000198,-0.000371,21.287498,-0.000371
2021-02-10,,2.1500,2.6500,21.9900,89.0269,332.750000,276.371400,0.081317,-0.134948,1,0,1,1,1,4,3,4,2.4000,2.3982,0.0000,0.6018,0.3982,0.0000,1.0000,1,-0.007082,0.00000159,-0.005744,21.165229,-0.006113
2021-02-11,,2.1600,2.6500,21.2500,87.7847,334.580000,276.986800,0.080725,-0.136608,1,0,1,1,1,4,3,4,2.4000,2.4000,0.0000,0.6000,0.4000,0.0000,1.0000,1,0.016143,0.00000198,0.013114,21.442789,0.000000
2021-02-12,,2.1800,2.6500,19.9700,87.1636,336.450000,277.574050,0.079742,-0.144949,1,1,1,1,1,5,5,4,2.4000,2.4018,0.0000,0.5982,0.4018,0.0000,1.0000,1,0.016995,0.00000198,0.013439,21.730968,0.000000
2021-02-16,,2.1900,2.6500,21.4600,86.5424,335.540000,278.157200,0.078919,-0.141783,1,0,1,1,1,4,3,5,2.6000,2.5985,0.0000,0.4015,0.5985,0.0000,1.0000,1,-0.008355,0.00000159,-0.007713,21.563356,-0.007713
2021-02-17,,2.1500,2.6500,21.5000,87.3706,333.930000,278.763150,0.078965,-0.135637,1,0,1,1,1,4,3,4,2.5333,2.5345,0.0000,0.4655,0.5345,0.0000,1.0000,1,-0.013921,0.00000159,-0.012540,21.292942,-0.020157
2021-02-18,,2.1300,2.6500,22.4900,87.9917,332.470000,279.349400,0.079776,-0.110799,1,0,1,1,1,4,3,4,2.4889,2.4907,0.0000,0.5093,0.4907,0.0000,1.0000,1,-0.013467,0.00000159,-0.011754,21.042666,-0.031674
2021-02-19,,2.1300,2.6500,22.0500,86.3354,331.020000,279.916200,0.078725,-0.131178,1,0,1,1,1,4,3,4,2.4593,2.4569,0.0000,0.5431,0.4569,0.0000,1.0000,1,-0.013180,0.00000119,-0.010454,20.822695,-0.041796
2021-02-22,,2.1400,2.6500,23.4500,85.0932,322.440000,280.433400,0.077785,-0.135280,1,0,1,1,1,4,3,4,2.4395,2.4361,0.0000,0.5639,0.4361,0.0000,1.0000,1,-0.077466,0.00000159,-0.063362,19.503320,-0.102510
2021-02-23,,2.1600,2.6500,23.1100,83.6439,321.480000,280.931700,0.078335,-0.121650,1,0,1,1,1,4,3,4,2.4263,2.4299,0.0000,0.5701,0.4299,0.0000,1.0000,1,-0.008893,0.00000119,-0.007463,19.357758,-0.109209
2021-02-24,,2.2000,2.6500,21.3400,84.0580,324.130000,281.428050,0.076576,-0.148591,1,0,1,1,1,4,3,4,2.4176,2.4219,0.0000,0.5781,0.4219,0.0000,1.0000,1,0.024103,0.00000159,0.019488,19.735009,-0.091849
2021-02-25,,2.2200,2.6500,28.8900,81.1594,312.830000,281.857850,0.077760,-0.118751,1,0,1,1,1,4,3,4,2.4117,2.4049,0.0000,0.5951,0.4049,0.0000,1.0000,1,-0.104432,0.00000119,-0.084804,18.061408,-0.168863
2021-02-26,,2.1200,2.6500,27.9500,78.2609,314.140000,282.317950,0.076717,-0.121836,1,0,1,1,1,4,3,4,2.4078,2.4070,0.0000,0.5930,0.4070,0.0000,1.0000,1,0.015017,0.00000159,0.012377,18.284960,-0.158576
2021-03-01,,2.1200,2.6500,23.3500,81.9876,323.590000,282.839200,0.076557,-0.121732,1,0,1,1,1,4,3,4,2.4052,2.4082,0.0000,0.5918,0.4082,0.0000,1.0000,1,0.087200,0.00000159,0.070470,19.573495,-0.099281
2021-03-02,,2.1300,2.6500,24.1000,80.7453,318.400000,283.322050,0.076926,-0.120251,1,0,1,1,1,4,3,4,2.4035,2.3992,0.0000,0.6008,0.3992,0.0000,1.0000,1,-0.047938,0.00000198,-0.038654,18.816896,-0.134098
2021-03-03,,2.1500,2.6500,26.6700,79.2961,309.160000,283.751500,0.077041,-0.107905,1,0,1,1,1,4,3,4,2.4023,2.3957,0.0000,0.6043,0.3957,0.0000,1.0000,1,-0.086735,0.00000159,-0.069330,17.512328,-0.194130
2021-03-04,,2.1400,2.6500,28.5700,75.5694,304.100000,284.134850,0.077940,-0.077646,1,0,1,1,1,4,3,4,2.4015,2.3978,0.0000,0.6022,0.3978,0.0000,1.0000,1,-0.049443,0.00000198,-0.039925,16.813153,-0.226304
2021-03-05,,2.1300,2.6500,24.6600,80.3313,308.680000,284.543950,0.077783,-0.088470,1,0,1,1,1,4,3,4,2.4010,2.4024,0.0000,0.5976,0.4024,0.0000,1.0000,1,0.044780,0.00000159,0.036296,17.423403,-0.198222
2021-03-08,,2.1300,2.6500,25.4700,78.4679,299.940000,284.886700,0.079273,-0.063965,1,0,1,1,1,4,3,4,2.4007,2.3937,0.0000,0.6063,0.3937,0.0000,1.0000,1,-0.085482,0.00000159,-0.068367,16.232211,-0.253038
2021-03-09,,2.1400,2.6500,24.0300,82.8157,311.770000,285.301050,0.079190,-0.073642,1,0,1,1,1,4,3,4,2.4005,2.4028,0.0000,0.5972,0.4028,0.0000,1.0000,1,0.117755,0.00000198,0.094326,17.763326,-0.182580
2021-03-10,,2.1600,2.6500,22.5600,83.2298,310.880000,285.707150,0.079239,-0.068744,1,0,1,1,1,4,3,4,2.4003,2.3963,0.0000,0.6037,0.3963,0.0000,1.0000,1,-0.008526,0.00000198,-0.006907,17.640642,-0.188226
2021-03-11,,2.1700,2.6450,21.9100,84.2650,318.040000,286.152150,0.078241,-0.084942,1,0,1,1,1,4,3,4,2.4002,2.4015,0.0000,0.5985,0.4015,0.0000,1.0000,1,0.069384,0.00000159,0.055496,18.619634,-0.143175
2021-03-12,,2.1800,2.6400,20.6900,85.3002,315.460000,286.578000,0.079188,-0.072710,1,0,1,1,1,4,3,4,2.4001,2.4013,0.0000,0.5987,0.4013,0.0000,1.0000,1,-0.024895,0.00000159,-0.019993,18.247368,-0.160306
2021-03-15,,2.1900,2.6400,20.0300,86.5424,318.830000,287.022200,0.079728,-0.071458,1,0,1,1,1,4,3,4,2.4001,2.4022,0.0000,0.5978,0.4022,0.0000,1.0000,1,0.031970,0.00000159,0.025761,18.717441,-0.138674
2021-03-16,,2.1800,2.6400,19.7900,87.5776,320.580000,287.458300,0.079930,-0.055435,1,1,1,1,1,5,5,4,2.4001,2.3994,0.0000,0.6006,0.3994,0.0000,1.0000,1,0.016420,0.00000159,0.013144,18.963460,-0.127353
2021-03-17,,2.1900,2.6400,19.2300,86.9565,321.900000,287.897500,0.078362,-0.076287,1,1,1,1,1,5,5,5,2.6000,2.6035,0.0000,0.3965,0.6035,0.0000,1.0000,1,0.012601,0.00000079,0.012659,19.203522,-0.116306
2021-03-18,,2.2300,2.6400,21.5800,85.3002,312.040000,288.279550,0.079225,-0.064578,1,0,1,1,1,4,3,5,2.7334,2.7301,0.0000,0.2699,0.7301,0.0000,1.0000,1,-0.091789,0.00000079,-0.081912,17.630516,-0.188692
2021-03-19,,2.1700,2.6400,20.9500,85.3002,313.140000,288.661800,0.079850,-0.039434,1,0,1,1,1,4,3,4,2.6222,2.6233,0.0000,0.3767,0.6233,0.0000,1.0000,1,0.012765,0.00000040,0.011205,17.828063,-0.179601
2021-03-22,,2.1000,2.6400,18.8800,87.1636,318.610000,289.079700,0.078517,-0.056713,1,1,1,1,1,5,5,4,2.5482,2.5504,0.0000,0.4496,0.5504,0.0000,1.0000,1,0.053307,0.00000040,0.045998,18.648115,-0.141864
2021-03-23,,2.0800,2.6350,20.3000,87.1636,317.220000,289.467350,0.080321,-0.030212,1,0,1,1,1,4,3,5,2.6988,2.6973,0.0000,0.3027,0.6973,0.0000,1.0000,1,-0.013064,0.00000119,-0.012931,18.406983,-0.152961
2021-03-24,,2.1100,2.6300,21.2000,86.3354,311.870000,289.818950,0.080757,-0.027644,1,0,1,1,1,4,3,4,2.5992,2.5941,0.0000,0.4059,0.5941,0.0000,1.0000,1,-0.050501,0.00000040,-0.043297,17.610017,-0.189635
2021-03-25,,2.1000,2.6300,19.8100,86.7495,311.330000,290.159100,0.081165,-0.018150,1,1,1,1,1,5,5,4,2.5328,2.5337,0.0000,0.4663,0.5337,0.0000,1.0000,1,-0.005389,0.00000079,-0.004601,17.528993,-0.193363
2021-03-26,,2.1100,2.6300,18.8600,90.6832,316.000000,290.508000,0.080143,-0.033474,1,1,1,1,1,5,5,5,2.6885,2.6916,0.0000,0.3084,0.6916,0.0000,1.0000,1,0.044170,0.00000079,0.039714,18.225146,-0.161328
2021-03-29,,2.0900,2.6300,20.7400,91.9255,315.910000,290.917450,0.081042,-0.025591,1,0,1,1,1,4,3,5,2.7924,2.7926,0.0000,0.2074,0.7926,0.0000,1.0000,1,-0.000564,0.00000079,-0.000543,18.215259,-0.161783
2021-03-30,,2.0800,2.6250,19.6100,89.6480,314.320000,291.309650,0.080523,-0.041891,1,1,1,1,1,5,5,4,2.6616,2.6619,0.0000,0.3381,0.6619,0.0000,1.0000,1,-0.014221,0.00000119,-0.013557,17.968323,-0.173147
2021-03-31,,2.0400,2.6200,19.4000,91.5114,319.130000,291.711550,0.080791,-0.026902,1,1,1,1,1,5,5,5,2.7744,2.7761,0.0000,0.2239,0.7761,0.0000,1.0000,1,0.044882,0.00000079,0.040763,18.700757,-0.139442
2021-04-01,,2.0300,2.6150,17.3300,92.7536,324.570000,292.120150,0.079853,-0.031887,1,1,1,1,1,5,5,5,2.8496,2.8501,0.0000,0.1499,0.8501,0.0000,1.0000,1,0.050844,0.00000119,0.047613,19.591166,-0.098468
2021-04-05,,1.9800,2.6100,17.9100,94.2029,331.050000,292.557300,0.079585,-0.055101,1,1,1,1,1,5,5,5,2.8997,2.9007,0.0000,0.0993,0.9007,0.0000,1.0000,1,0.060063,0.00000079,0.057601,20.719633,-0.046539
2021-04-06,,1.9300,2.6100,18.1200,94.2029,330.820000,292.990000,0.080050,-0.019341,1,1,1,1,1,5,5,5,2.9331,2.9332,0.0000,0.0668,0.9332,0.0000,1.0000,1,-0.002361,0.00000119,-0.002340,20.671141,-0.048770
2021-04-07,,1.9500,2.6100,17.1600,93.3747,331.620000,293.426900,0.079859,-0.024564,1,1,1,1,1,5,5,5,2.9554,2.9556,0.0000,0.0444,0.9556,0.0000,1.0000,1,0.007395,0.00000079,0.007309,20.822230,-0.041818
2021-04-08,,1.9600,2.6100,16.9500,92.7536,335.080000,293.868600,0.079421,-0.027921,1,1,1,1,1,5,5,5,2.9703,2.9703,0.0000,0.0297,0.9703,0.0000,1.0000,1,0.031222,0.00000079,0.030784,21.463230,-0.012321
2021-04-09,,1.9800,2.6100,16.6900,92.9607,337.110000,294.309950,0.078763,-0.031028,1,1,1,1,1,5,5,5,2.9802,2.9804,0.0000,0.0196,0.9804,0.0000,1.0000,1,0.018128,0.00000040,0.018053,21.850698,0.000000
2021-04-12,,1.9600,2.6100,16.9100,93.1677,336.670000,294.774750,0.078807,-0.047771,1,1,1,1,1,5,5,5,2.9868,2.9868,0.0000,0.0132,0.9868,0.0000,1.0000,1,-0.003915,0.00000079,-0.003889,21.765728,-0.003889
2021-04-13,,1.9500,2.6050,16.6500,94.2029,340.600000,295.247600,0.079506,-0.038474,1,1,1,1,1,5,5,5,2.9912,2.9912,0.0000,0.0088,0.9912,0.0000,1.0000,1,0.034254,0.00000079,0.034133,22.508653,0.000000
2021-04-14,,1.9700,2.6000,16.9900,93.9959,336.510000,295.729050,0.080131,-0.048323,1,1,1,1,1,5,5,5,2.9941,2.9941,0.0000,0.0059,0.9941,0.0000,1.0000,1,-0.035110,0.00000119,-0.035049,21.719752,-0.035049
2021-04-15,,1.9800,2.6000,16.5700,95.6522,341.610000,296.222900,0.080157,-0.035826,1,1,1,1,1,5,5,5,2.9961,2.9961,0.0000,0.0039,0.9961,0.0000,1.0000,1,0.044171,0.00000079,0.044098,22.677553,0.000000
2021-04-16,,1.9500,2.6000,16.2500,95.4451,342.010000,296.694950,0.080537,-0.022129,1,1,1,1,1,5,5,5,2.9974,2.9974,0.0000,0.0026,0.9974,0.0000,1.0000,1,0.004221,0.00000079,0.004214,22.773126,0.000000
2021-04-19,,1.9700,2.6000,17.2900,94.8240,338.880000,297.136900,0.080526,-0.014943,1,1,1,1,1,5,5,5,2.9983,2.9983,0.0000,0.0017,0.9983,0.0000,1.0000,1,-0.027278,0.00000079,-0.027259,22.152361,-0.027259
2021-04-20,,1.9900,2.6000,18.6800,95.4451,336.410000,297.558000,0.082151,0.001158,1,1,1,1,0,4,3,5,2.9988,2.9988,0.0000,0.0012,0.9988,0.0000,1.0000,1,-0.021883,0.00000079,-0.021874,21.667793,-0.048537
2021-04-21,,2.0000,2.5950,17.5000,95.8592,339.290000,297.962500,0.080696,-0.034834,1,1,1,1,1,5,5,4,2.7992,2.8014,0.0000,0.1986,0.8014,0.0000,1.0000,1,0.025287,0.00000119,0.022491,22.155116,-0.027138
2021-04-22,,2.0100,2.5900,18.7100,95.4451,335.200000,298.355450,0.080857,-0.023624,1,1,1,1,1,5,5,5,2.8662,2.8648,0.0000,0.1352,0.8648,0.0000,1.0000,1,-0.036399,0.00000119,-0.034707,21.386184,-0.060903
2021-04-23,,1.9900,2.5900,17.3300,95.4451,339.420000,298.752600,0.079882,-0.034839,1,1,1,1,1,5,5,5,2.9108,2.9116,0.0000,0.0884,0.9116,0.0000,1.0000,1,0.037678,0.00000119,0.036435,22.165396,-0.026686
2021-04-26,,1.9900,2.5850,17.6400,95.0311,341.630000,299.149850,0.079261,-0.046501,1,1,1,1,1,5,5,5,2.9405,2.9408,0.0000,0.0592,0.9408,0.0000,1.0000,1,0.019806,0.00000119,0.019359,22.594492,-0.007844
2021-04-27,,1.9800,2.5800,17.5600,94.8240,340.150000,299.530750,0.078667,-0.071260,1,1,1,1,1,5,5,5,2.9603,2.9602,0.0000,0.0398,0.9602,0.0000,1.0000,1,-0.013127,0.00000119,-0.012994,22.300901,-0.020736
2021-04-28,,1.9700,2.5800,17.2800,94.2029,339.000000,299.933050,0.078582,-0.058987,1,1,1,1,1,5,5,5,2.9736,2.9735,0.0000,0.0265,0.9735,0.0000,1.0000,1,-0.010295,0.00000040,-0.010214,22.073130,-0.030738
2021-04-29,,1.9800,2.5800,17.6100,94.4099,340.220000,300.332300,0.078798,-0.049469,1,1,1,1,1,5,5,5,2.9824,2.9823,0.0000,0.0177,0.9823,0.0000,1.0000,1,0.010034,0.00000040,0.009927,22.292251,-0.021116
2021-04-30,,1.9700,2.5750,18.6100,93.1677,337.990000,300.717750,0.079942,-0.029740,1,1,1,1,1,5,5,5,2.9882,2.9883,0.0000,0.0117,0.9883,0.0000,1.0000,1,-0.018775,0.00000040,-0.018671,21.876024,-0.039393
2021-05-03,,1.9600,2.5700,18.3100,93.5818,336.190000,301.103100,0.079758,-0.028183,1,1,1,1,1,5,5,5,2.9922,2.9921,0.0000,0.0079,0.9921,0.0000,1.0000,1,-0.016348,0.00000040,-0.016311,21.519212,-0.055061
2021-05-04,,1.9600,2.5700,19.4800,93.1677,330.140000,301.456700,0.079953,-0.026854,1,1,1,1,1,5,5,5,2.9948,2.9947,0.0000,0.0053,0.9947,0.0000,1.0000,1,-0.052691,0.00000159,-0.052587,20.387577,-0.104753
2021-05-05,,1.9700,2.5650,19.1500,92.9607,329.030000,301.767950,0.078581,-0.029134,1,1,1,1,1,5,5,5,2.9965,2.9965,0.0000,0.0035,0.9965,0.0000,1.0000,1,-0.011663,0.00000079,-0.011655,20.149957,-0.115187
2021-05-06,,1.9800,2.5600,18.3900,92.3395,331.510000,302.105500,0.078555,-0.031913,1,1,1,1,1,5,5,5,2.9977,2.9977,0.0000,0.0023,0.9977,0.0000,1.0000,1,0.021886,0.00000079,0.021873,20.590703,-0.095833
2021-05-07,,1.9600,2.5550,16.6900,91.9255,334.200000,302.451850,0.078224,-0.041153,1,1,1,1,1,5,5,5,2.9985,2.9985,0.0000,0.0015,0.9985,0.0000,1.0000,1,0.024477,0.00000079,0.024456,21.094273,-0.073721
2021-05-10,,1.9700,2.5350,19.6600,91.3043,325.760000,302.790600,0.079808,-0.012148,1,1,1,1,1,5,5,5,2.9990,2.9989,0.0000,0.0011,0.9989,0.0000,1.0000,1,-0.075145,0.00000079,-0.075118,19.509723,-0.143301
2021-05-11,,1.9800,2.5150,21.8400,91.0973,325.310000,303.139350,0.079537,-0.002716,1,0,1,1,1,4,3,5,2.9993,2.9993,0.0000,0.0007,0.9993,0.0000,1.0000,1,-0.005000,0.00000079,-0.004990,19.412364,-0.147576
2021-05-12,,2.0100,2.4900,27.5900,87.1636,316.890000,303.423200,0.079364,0.005826,1,0,1,1,0,3,1,4,2.7995,2.7979,0.0000,0.2021,0.7979,0.0000,1.0000,1,-0.076110,0.00000040,-0.074312,17.969796,-0.210921
2021-05-13,,2.0200,2.4600,23.1300,87.9917,319.340000,303.735850,0.079933,0.012823,1,0,1,1,0,3,1,3,2.4664,2.4658,0.0000,0.5342,0.4658,0.0000,1.0000,1,0.021076,0.00000079,0.020518,18.338504,-0.194731
2021-05-14,,2.0400,2.4450,18.8100,90.8903,326.390000,304.068950,0.079108,-0.008919,1,1,1,1,1,5,5,3,2.2442,2.2461,0.0000,0.7539,0.2461,0.0000,1.0000,1,0.065032,0.00000079,0.051099,19.275588,-0.153582
2021-05-17,,2.0300,2.4400,19.7200,88.8199,324.410000,304.385350,0.078660,-0.000869,1,1,1,1,1,5,5,5,2.4962,2.4960,0.0000,0.5040,0.4960,0.0000,1.0000,1,-0.016880,0.00000040,-0.013537,19.014663,-0.165039
2021-05-18,,2.0200,2.4400,21.3400,87.7847,322.220000,304.667500,0.079332,0.021172,1,0,1,1,0,3,1,5,2.6641,2.6618,0.0000,0.3382,0.6618,-0.0000,1.0000,1,-0.020986,0.00000079,-0.019098,18.651521,-0.180985
2021-05-19,,2.0300,2.4300,22.1800,88.6128,322.590000,304.933550,0.079407,0.014498,1,0,1,1,0,3,1,3,2.3761,2.3805,0.0000,0.6195,0.3805,0.0000,1.0000,1,0.003681,0.00000079,-0.002209,18.610324,-0.182795
2021-05-20,,2.0200,2.4200,20.6700,91.0973,328.830000,305.225800,0.079248,0.036990,1,0,1,1,0,3,1,3,2.1840,2.1860,0.0000,0.8140,0.1860,0.0000,1.0000,1,0.057815,0.00000040,0.043205,19.414386,-0.147487
2021-05-21,,2.0200,2.4050,20.1500,90.0621,327.010000,305.505600,0.079722,0.027388,1,0,1,1,0,3,1,3,2.0560,2.0555,0.0000,0.9445,0.0555,0.0000,1.0000,1,-0.016519,0.00000040,-0.011008,19.200671,-0.156872
2021-05-24,,2.0100,2.3700,18.4000,91.3043,332.510000,305.794950,0.078775,0.029562,1,1,1,1,0,4,3,3,1.9707,1.9709,0.0291,0.9709,0.0000,0.0000,1.0000,1,0.050078,0.00000040,0.034032,19.854109,-0.128178
2021-05-25,,2.0000,2.3500,18.8400,91.5114,332.970000,306.102450,0.077993,0.020147,1,1,1,1,0,4,3,4,2.1138,2.1135,0.0000,0.8865,0.1135,0.0000,1.0000,1,0.004838,0.00000079,0.002109,19.895983,-0.126339
2021-05-26,,2.0100,2.3400,17.3600,90.6832,334.130000,306.421550,0.077851,0.013035,1,1,1,1,0,4,3,4,2.2092,2.2095,0.0000,0.7905,0.2095,0.0000,1.0000,1,0.010121,0.00000079,0.007171,20.038660,-0.120074
2021-05-27,,1.9800,2.3250,16.7400,90.4762,332.880000,306.760000,0.077285,0.003487,1,1,1,1,0,4,3,4,2.2728,2.2722,0.0000,0.7278,0.2722,0.0000,1.0000,1,-0.011673,0.00000079,-0.008358,19.871175,-0.127429
2021-05-28,,1.9800,2.3200,16.7600,91.0973,333.930000,307.070350,0.077564,-0.005379,1,1,1,1,1,5,5,4,2.3152,2.3152,0.0000,0.6848,0.3152,0.0000,1.0000,1,0.009744,0.00000079,0.006658,20.003485,-0.121619
2021-06-01,,1.9900,2.3150,17.9000,89.8551,332.820000,307.372050,0.077156,-0.008824,1,1,1,1,1,5,5,5,2.5435,2.5417,0.0000,0.4583,0.5417,0.0000,1.0000,1,-0.009748,0.00000040,-0.008924,19.824973,-0.129458
2021-06-02,,1.9700,2.3000,17.4800,90.0621,333.470000,307.678600,0.077439,-0.025470,1,1,1,1,1,5,5,5,2.6956,2.6958,0.0000,0.3042,0.6958,0.0000,1.0000,1,0.005217,0.00000079,0.004589,19.915951,-0.125463
2021-06-03,,1.9800,2.2850,18.0400,89.2340,330.000000,307.952000,0.078193,-0.013614,1,1,1,1,1,5,5,5,2.7971,2.7968,0.0000,0.2032,0.7968,0.0000,1.0000,1,-0.031434,0.00000079,-0.028654,19.345283,-0.150521
2021-06-04,,1.9600,2.2750,16.4200,90.6832,335.600000,308.240150,0.077366,-0.025639,1,1,1,1,1,5,5,5,2.8647,2.8659,0.0000,0.1341,0.8659,0.0000,1.0000,1,0.051259,0.00000079,0.048682,20.287050,-0.109167
2021-06-07,,1.9800,2.2650,16.4200,89.8551,336.600000,308.542650,0.077584,-0.009009,1,1,1,1,1,5,5,5,2.9098,2.9102,0.0000,0.0898,0.9102,0.0000,1.0000,1,0.008848,0.00000079,0.008530,20.460094,-0.101568
2021-06-08,,1.9800,2.2550,17.0700,89.8551,336.760000,308.826800,0.076904,-0.030915,1,1,1,1,1,5,5,5,2.9399,2.9396,0.0000,0.0604,0.9396,0.0000,1.0000,1,0.001144,0.00000079,0.000966,20.479857,-0.100701
2021-06-09,,1.9800,2.2450,17.8900,90.2692,336.840000,309.101650,0.077707,-0.026968,1,1,1,1,1,5,5,5,2.9599,2.9598,0.0000,0.0402,0.9598,0.0000,1.0000,1,0.001143,0.00000079,0.001050,20.501365,-0.099756
2021-06-10,,1.9600,2.2400,16.1000,90.8903,340.350000,309.385250,0.077855,-0.027779,1,1,1,1,1,5,5,5,2.9733,2.9735,0.0000,0.0265,0.9735,0.0000,1.0000,1,0.030626,0.00000119,0.030354,21.123661,-0.072430
2021-06-11,,2.0000,2.2400,15.6500,91.9255,341.240000,309.662150,0.077903,-0.006254,1,1,1,1,1,5,5,5,2.9822,2.9822,0.0000,0.0178,0.9822,0.0000,1.0000,1,0.007937,0.00000119,0.007872,21.289938,-0.065129
2021-06-14,,1.9700,2.2400,16.3900,92.1325,344.510000,309.924900,0.077894,-0.018256,1,1,1,1,1,5,5,5,2.9881,2.9882,0.0000,0.0118,0.9882,0.0000,1.0000,1,0.028017,0.00000119,0.027903,21.883981,-0.039044
2021-06-15,,1.9600,2.2400,17.0200,91.5114,342.260000,310.180950,0.078272,-0.021535,1,1,1,1,1,5,5,5,2.9921,2.9920,0.0000,0.0080,0.9920,0.0000,1.0000,1,-0.018525,0.00000119,-0.018484,21.479473,-0.056806
2021-06-16,,1.9600,2.2350,18.1500,90.0621,341.010000,310.423350,0.077527,-0.013555,1,1,1,1,1,5,5,5,2.9947,2.9947,0.0000,0.0053,0.9947,0.0000,1.0000,1,-0.010708,0.00000119,-0.010692,21.249806,-0.066891
2021-06-17,,1.9100,2.2300,17.7500,90.6832,345.340000,310.675650,0.077979,-0.031581,1,1,1,1,1,5,5,5,2.9965,2.9965,0.0000,0.0035,0.9965,0.0000,1.0000,1,0.037333,0.00000159,0.037297,22.042353,-0.032089
2021-06-18,,1.8400,2.2300,20.7000,87.5776,342.630000,310.889200,0.077244,-0.046581,1,0,1,1,1,4,3,5,2.9977,2.9976,0.0000,0.0024,0.9976,0.0000,1.0000,1,-0.023875,0.00000159,-0.023850,21.516648,-0.055174
2021-06-21,,1.8500,2.2300,17.8900,89.2340,344.360000,311.097200,0.076546,-0.061464,1,1,1,1,1,5,5,4,2.7984,2.7993,0.0000,0.2007,0.7993,0.0000,1.0000,1,0.018299,0.00000198,0.017164,21.885956,-0.038957
2021-06-22,,1.8800,2.2300,16.6600,89.2340,347.570000,311.398000,0.075678,-0.059533,1,1,1,1,1,5,5,5,2.8656,2.8667,0.0000,0.1333,0.8667,0.0000,1.0000,1,0.027933,0.00000198,0.026670,22.469655,-0.013326
2021-06-23,,1.9000,2.2300,16.3200,88.6128,347.740000,311.718800,0.074965,-0.080080,1,1,1,1,1,5,5,5,2.9104,2.9105,0.0000,0.0895,0.9105,0.0000,1.0000,1,0.001731,0.00000159,0.001609,22.505813,-0.011738
2021-06-24,,1.8900,2.2300,15.9700,89.6480,349.890000,312.118500,0.074453,-0.081186,1,1,1,1,1,5,5,5,2.9403,2.9403,0.0000,0.0597,0.9403,0.0000,1.0000,1,0.018402,0.00000198,0.017883,22.908289,0.000000
2021-06-25,,1.8800,2.2300,15.6200,91.0973,349.460000,312.476400,0.074987,-0.077338,1,1,1,1,1,5,5,5,2.9602,2.9601,0.0000,0.0399,0.9601,0.0000,1.0000,1,-0.003139,0.00000198,-0.003141,22.836329,-0.003141
2021-06-28,,1.9000,2.2300,15.7600,91.5114,353.710000,312.883250,0.075315,-0.060639,1,1,1,1,1,5,5,5,2.9735,2.9737,0.0000,0.0263,0.9737,0.0000,1.0000,1,0.035401,0.00000238,0.035059,23.636948,0.000000
2021-06-29,,1.8800,2.2250,16.0200,89.8551,354.990000,313.305950,0.074059,-0.073078,1,1,1,1,1,5,5,5,2.9823,2.9824,0.0000,0.0176,0.9824,0.0000,1.0000,1,0.011260,0.00000198,0.011182,23.901246,0.000000
2021-06-30,,1.8700,2.2200,15.8300,89.8551,354.430000,313.702300,0.073856,-0.081553,1,1,1,1,1,5,5,5,2.9882,2.9882,0.0000,0.0118,0.9882,0.0000,1.0000,1,-0.004389,0.00000159,-0.004372,23.796761,-0.004372
2021-07-01,,1.8700,2.2200,15.4800,91.3043,354.570000,314.079850,0.074251,-0.074341,1,1,1,1,1,5,5,5,2.9921,2.9921,0.0000,0.0079,0.9921,0.0000,1.0000,1,0.000490,0.00000198,0.000494,23.808517,-0.003880
2021-07-02,,1.8600,2.2200,15.0700,92.1325,358.640000,314.500000,0.073803,-0.075093,1,1,1,1,1,5,5,5,2.9948,2.9948,0.0000,0.0052,0.9948,0.0000,1.0000,1,0.033943,0.00000198,0.033865,24.614800,0.000000
2021-07-06,,1.8700,2.2200,16.4400,90.4762,360.190000,314.949350,0.074250,-0.060280,1,1,1,1,1,5,5,5,2.9965,2.9965,0.0000,0.0035,0.9965,0.0000,1.0000,1,0.013415,0.00000198,0.013393,24.944471,0.000000
2021-07-07,,1.9000,2.2200,16.2000,91.5114,360.950000,315.419750,0.074472,-0.058057,1,1,1,1,1,5,5,5,2.9977,2.9977,0.0000,0.0023,0.9977,0.0000,1.0000,1,0.006385,0.00000198,0.006371,25.103383,0.000000
2021-07-08,,1.8900,2.2200,19.0000,89.0269,358.770000,315.876050,0.074863,-0.060956,1,1,1,1,1,5,5,5,2.9984,2.9985,0.0000,0.0015,0.9985,0.0000,1.0000,1,-0.017332,0.00000198,-0.017310,24.668843,-0.017310
2021-07-09,,1.9100,2.2100,16.1800,91.5114,361.010000,316.318700,0.074164,-0.078822,1,1,1,1,1,5,5,5,2.9990,2.9990,0.0000,0.0010,0.9990,0.0000,1.0000,1,0.016929,0.00000238,0.016925,25.086361,-0.000678
2021-07-12,,1.9100,2.2000,16.1700,90.8903,362.420000,316.810000,0.074140,-0.078900,1,1,1,1,1,5,5,5,2.9993,2.9993,0.0000,0.0007,0.9993,0.0000,1.0000,1,0.012544,0.00000238,0.012538,25.400903,0.000000
2021-07-13,,1.9100,2.1950,17.1200,89.6480,362.420000,317.295150,0.073831,-0.086929,1,1,1,1,1,5,5,5,2.9995,2.9995,0.0000,0.0005,0.9995,0.0000,1.0000,1,-0.000535,0.00000198,-0.000535,25.387311,-0.000535
2021-07-14,,1.9100,2.1900,16.3300,89.2340,363.070000,317.752700,0.074363,-0.080408,1,1,1,1,1,5,5,5,2.9997,2.9997,0.0000,0.0003,0.9997,0.0000,1.0000,1,0.005432,0.00000198,0.005431,25.525181,0.000000
2021-07-15,,1.9100,2.1900,17.0100,89.2340,360.520000,318.169300,0.075457,-0.085941,1,1,1,1,1,5,5,5,2.9998,2.9998,0.0000,0.0002,0.9998,0.0000,1.0000,1,-0.020699,0.00000238,-0.020697,24.996879,-0.020697
2021-07-16,,1.9200,2.1900,18.4500,86.7769,357.600000,318.577550,0.076819,-0.049806,1,1,1,1,1,5,5,5,2.9999,2.9999,0.0000,0.0001,0.9999,0.0000,1.0000,1,-0.024555,0.00000198,-0.024554,24.383102,-0.044743
2021-07-19,,1.9300,2.1900,22.5000,80.3719,354.670000,318.961700,0.076735,-0.052554,1,0,1,1,1,4,3,5,2.9999,2.9999,0.0000,0.0001,0.9999,0.0000,1.0000,1,-0.023978,0.00000198,-0.023977,23.798464,-0.067648
2021-07-20,,1.9700,2.1900,19.7300,85.3306,358.790000,319.344400,0.075976,-0.050583,1,1,1,1,1,5,5,4,2.7999,2.8012,0.0000,0.1988,0.8012,0.0000,1.0000,1,0.032974,0.00000198,0.031286,24.543014,-0.038478
2021-07-21,,1.9800,2.1900,17.9100,86.9835,361.560000,319.780650,0.074537,-0.062014,1,1,1,1,1,5,5,5,2.8666,2.8675,0.0000,0.1325,0.8675,0.0000,1.0000,1,0.022835,0.00000198,0.021710,25.075831,-0.017604
2021-07-22,,1.9600,2.1850,17.6900,85.5372,363.950000,320.199600,0.074496,-0.055299,1,1,1,1,1,5,5,5,2.9111,2.9116,0.0000,0.0884,0.9116,0.0000,1.0000,1,0.021012,0.00000198,0.020324,25.585474,0.000000
2021-07-23,,1.9500,2.1800,17.2000,86.9835,368.200000,320.664800,0.074681,-0.052324,1,1,1,1,1,5,5,5,2.9407,2.9411,0.0000,0.0589,0.9411,0.0000,1.0000,1,0.033215,0.00000198,0.032465,26.416113,0.000000
2021-07-26,,1.9300,2.1800,17.5800,86.9835,368.490000,321.107650,0.074520,-0.056997,1,1,1,1,1,5,5,5,2.9605,2.9606,0.0000,0.0394,0.9606,0.0000,1.0000,1,0.004174,0.00000198,0.004102,26.524480,0.000000
2021-07-27,,1.9400,2.1800,19.3600,88.6364,364.430000,321.522750,0.076149,-0.049927,1,1,1,1,1,5,5,5,2.9737,2.9734,0.0000,0.0266,0.9734,0.0000,1.0000,1,-0.032670,0.00000198,-0.032386,25.665463,-0.032386
2021-07-28,,1.9500,2.1800,18.3100,88.6364,365.830000,321.923350,0.075599,-0.054727,1,1,1,1,1,5,5,5,2.9824,2.9824,0.0000,0.0176,0.9824,0.0000,1.0000,1,0.010931,0.00000198,0.010833,25.943493,-0.021904
2021-07-29,,1.9600,2.1800,17.7000,88.6364,366.480000,322.283100,0.075491,-0.059170,1,1,1,1,1,5,5,5,2.9883,2.9883,0.0000,0.0117,0.9883,0.0000,1.0000,1,0.004922,0.00000198,0.004920,26.071125,-0.017092
2021-07-30,,1.9400,2.1750,18.2400,87.6033,364.570000,322.633350,0.075221,-0.045103,1,1,1,1,1,5,5,5,2.9922,2.9922,0.0000,0.0078,0.9922,0.0000,1.0000,1,-0.014990,0.00000238,-0.014916,25.682256,-0.031753
2021-08-02,,1.9500,2.1700,19.4600,86.3636,364.600000,322.996050,0.075962,-0.034473,1,1,1,1,1,5,5,5,2.9948,2.9948,0.0000,0.0052,0.9948,0.0000,1.0000,1,-0.000301,0.00000238,-0.000312,25.674245,-0.032055
2021-08-03,,1.9500,2.1700,18.0400,87.6033,366.810000,323.379600,0.075779,-0.032665,1,1,1,1,1,5,5,5,2.9965,2.9965,0.0000,0.0035,0.9965,0.0000,1.0000,1,0.017408,0.00000198,0.017387,26.120631,-0.015226
2021-08-04,,1.9700,2.1700,17.9700,84.2975,367.340000,323.773750,0.076040,-0.049593,1,1,1,1,1,5,5,5,2.9977,2.9977,0.0000,0.0023,0.9977,0.0000,1.0000,1,0.004963,0.00000198,0.004957,26.250120,-0.010344
2021-08-05,,1.9600,2.1700,17.2800,84.5041,369.670000,324.203100,0.076388,-0.042229,1,1,1,1,1,5,5,5,2.9985,2.9985,0.0000,0.0015,0.9985,0.0000,1.0000,1,0.018794,0.00000198,0.018783,26.743164,0.000000
2021-08-06,,1.9500,2.1650,16.1500,84.7107,368.050000,324.621300,0.076216,-0.043289,1,1,1,1,1,5,5,5,2.9990,2.9990,0.0000,0.0010,0.9990,0.0000,1.0000,1,-0.013022,0.00000198,-0.013016,26.395063,-0.013016
2021-08-09,,1.9400,2.1600,16.7200,84.0909,368.730000,325.044000,0.076256,-0.049577,1,1,1,1,1,5,5,5,2.9993,2.9993,0.0000,0.0007,0.9993,0.0000,1.0000,1,0.005351,0.00000238,0.005349,26.536253,-0.007737
2021-08-10,,1.9500,2.1600,16.7900,85.1240,366.840000,325.457300,0.076240,-0.038529,1,1,1,1,1,5,5,5,2.9995,2.9995,0.0000,0.0005,0.9995,0.0000,1.0000,1,-0.014946,0.00000238,-0.014944,26.139687,-0.022566
2021-08-11,,1.9500,2.1600,16.0600,85.9504,366.210000,325.864650,0.076761,-0.025790,1,1,1,1,1,5,5,5,2.9997,2.9997,0.0000,0.0003,0.9997,0.0000,1.0000,1,-0.005403,0.00000198,-0.005403,25.998456,-0.027847
2021-08-12,,1.9900,2.1600,15.5900,85.7438,367.530000,326.299950,0.076610,-0.037070,1,1,1,1,1,5,5,5,2.9998,2.9998,0.0000,0.0002,0.9998,0.0000,1.0000,1,0.010418,0.00000198,0.010418,26.269297,-0.017719
2021-08-13,,1.9900,2.1600,15.4500,85.1240,368.820000,326.730750,0.077009,-0.032766,1,1,1,1,1,5,5,5,2.9999,2.9999,0.0000,0.0001,0.9999,0.0000,1.0000,1,0.010016,0.00000238,0.010016,26.532401,-0.007881
2021-08-16,,1.9800,2.1550,16.1200,85.1240,368.980000,327.217450,0.077298,-0.026477,1,1,1,1,1,5,5,5,2.9999,2.9999,0.0000,0.0001,0.9999,0.0000,1.0000,1,0.001750,0.00000238,0.001750,26.578834,-0.006145
2021-08-17,,1.9700,2.1500,17.9100,83.4711,365.730000,327.664150,0.077853,-0.025088,1,1,1,1,1,5,5,5,2.9999,2.9999,0.0000,0.0001,0.9999,0.0000,1.0000,1,-0.026277,0.00000238,-0.026277,25.880429,-0.032260
2021-08-18,,1.9800,2.1500,21.5700,80.3719,362.210000,328.128300,0.078316,-0.006096,1,0,1,1,1,4,3,5,3.0000,3.0000,0.0000,0.0000,1.0000,0.0000,1.0000,1,-0.029080,0.00000278,-0.029079,25.127843,-0.060401
2021-08-19,,1.9700,2.1500,21.6700,76.6529,363.960000,328.598200,0.078514,0.007014,1,0,1,1,0,3,1,4,2.8000,2.8015,0.0000,0.1985,0.8015,0.0000,1.0000,1,0.014244,0.00000278,0.012198,25.434346,-0.048940
2021-08-20,,1.9800,2.1500,18.5600,77.8926,367.730000,329.063600,0.078864,0.013762,1,1,1,1,0,4,3,3,2.4666,2.4682,0.0000,0.5318,0.4682,0.0000,1.0000,1,0.030897,0.00000238,0.026675,26.112805,-0.023571
2021-08-23,,1.9600,2.1450,17.1500,81.8182,373.230000,329.495200,0.077170,-0.001595,1,1,1,1,1,5,5,4,2.4444,2.4471,0.0000,0.5529,0.4471,0.0000,1.0000,1,0.044551,0.00000198,0.036307,27.060877,0.000000
2021-08-24,,1.9700,2.1400,17.2200,82.8512,374.370000,329.895100,0.076545,-0.014007,1,1,1,1,1,5,5,5,2.6296,2.6301,0.0000,0.3699,0.6301,0.0000,1.0000,1,0.009870,0.00000198,0.008093,27.279884,0.000000
2021-08-25,,1.9500,2.1400,16.7900,84.0909,374.800000,330.296050,0.076530,-0.008679,1,1,1,1,1,5,5,5,2.7531,2.7530,0.0000,0.2470,0.7530,0.0000,1.0000,1,0.001117,0.00000198,0.001049,27.308507,0.000000
2021-08-26,,1.9300,2.1400,18.8400,80.9917,372.420000,330.715200,0.076794,-0.008848,1,1,1,1,1,5,5,5,2.8354,2.8349,0.0000,0.1651,0.8349,-0.0000,1.0000,1,-0.016944,0.00000238,-0.015960,26.872674,-0.015960
2021-08-27,,1.9200,2.1400,16.3900,84.0909,376.040000,331.178300,0.076091,-0.028906,1,1,1,1,1,5,5,5,2.8903,2.8910,0.0000,0.1090,0.8910,0.0000,1.0000,1,0.029224,0.00000198,0.028063,27.626791,0.000000
2021-08-30,,1.9200,2.1350,16.1900,82.6446,380.260000,331.630800,0.075868,-0.020718,1,1,1,1,1,5,5,5,2.9268,2.9274,0.0000,0.0726,0.9274,0.0000,1.0000,1,0.033150,0.00000198,0.032266,28.518208,0.000000
2021-08-31,,1.9200,2.1300,16.4800,82.6446,379.950000,332.088550,0.075892,-0.023313,1,1,1,1,1,5,5,5,2.9512,2.9511,0.0000,0.0489,0.9511,0.0000,1.0000,1,-0.002802,0.00000198,-0.002801,28.438324,-0.002801
2021-09-01,,1.9400,2.1300,16.1100,82.4380,380.580000,332.536800,0.076848,-0.000776,1,1,1,1,1,5,5,5,2.9675,2.9674,0.0000,0.0326,0.9674,0.0000,1.0000,1,0.005485,0.00000159,0.005364,28.590881,0.000000
2021-09-02,,1.9200,2.1300,16.4100,83.2990,380.400000,332.972800,0.077308,-0.005520,1,1,1,1,1,5,5,5,2.9783,2.9782,0.0000,0.0218,0.9782,0.0000,1.0000,1,-0.001397,0.00000198,-0.001439,28.549747,-0.001439
2021-09-03,,1.9200,2.1300,16.4100,81.4433,381.570000,333.419300,0.076686,-0.016051,1,1,1,1,1,5,5,5,2.9855,2.9856,0.0000,0.0144,0.9856,0.0000,1.0000,1,0.008994,0.00000198,0.008974,28.805954,0.000000
2021-09-07,,1.9100,2.1300,18.1400,79.1753,382.110000,333.879300,0.075942,-0.026776,1,1,1,1,1,5,5,5,2.9904,2.9904,0.0000,0.0096,0.9904,0.0000,1.0000,1,0.004094,0.00000198,0.004073,28.923283,0.000000
2021-09-08,,1.9100,2.1300,17.9600,76.4948,380.780000,334.321300,0.077399,-0.006731,1,1,1,1,1,5,5,5,2.9936,2.9936,0.0000,0.0064,0.9936,0.0000,1.0000,1,-0.010258,0.00000198,-0.010233,28.627316,-0.010233
2021-09-09,,1.9100,2.1250,18.8000,76.4948,379.470000,334.766750,0.077309,-0.013022,1,1,1,1,1,5,5,5,2.9957,2.9957,0.0000,0.0043,0.9957,0.0000,1.0000,1,-0.010697,0.00000198,-0.010688,28.321361,-0.020811
2021-09-10,,1.9000,2.1200,20.9500,74.6392,376.590000,335.197750,0.076834,-0.009433,1,0,1,1,1,4,3,5,2.9971,2.9971,0.0000,0.0029,0.9971,0.0000,1.0000,1,-0.022498,0.00000159,-0.022482,27.684642,-0.042825
2021-09-13,,1.8800,2.1200,19.3700,77.7320,376.330000,335.607050,0.076504,-0.020030,1,1,1,1,1,5,5,4,2.7981,2.7970,0.0000,0.2030,0.7970,0.0000,1.0000,1,-0.002267,0.00000198,-0.000976,27.657623,-0.043759
2021-09-14,,1.8700,2.1200,19.4600,74.4330,375.260000,336.001950,0.076660,-0.008093,1,1,1,1,1,5,5,5,2.8654,2.8646,0.0000,0.1354,0.8646,0.0000,1.0000,1,-0.008608,0.00000238,-0.008516,27.422084,-0.051903
2021-09-15,,1.8700,2.1150,18.1800,76.7010,378.050000,336.397150,0.075924,-0.008638,1,1,1,1,1,5,5,5,2.9103,2.9108,0.0000,0.0892,0.9108,0.0000,1.0000,1,0.022157,0.00000159,0.021438,28.009959,-0.031577
2021-09-16,,1.8500,2.1100,18.6900,74.6392,378.310000,336.790600,0.075408,-0.003773,1,1,1,1,1,5,5,5,2.9402,2.9404,0.0000,0.0596,0.9404,-0.0000,1.0000,1,0.001971,0.00000159,0.002080,28.068224,-0.029563
2021-09-17,,1.8400,2.1100,20.8100,72.5773,373.830000,337.142450,0.075215,0.003493,1,0,1,1,0,3,1,5,2.9601,2.9597,0.0000,0.0403,0.9597,0.0000,1.0000,1,-0.035334,0.00000159,-0.034856,27.089865,-0.063389
2021-09-20,,1.8300,2.1100,25.7100,68.0412,365.700000,337.451700,0.075776,0.018148,1,0,1,1,0,3,1,3,2.5734,2.5722,0.0000,0.4278,0.5722,0.0000,1.0000,1,-0.061516,0.00000159,-0.059112,25.488539,-0.118754
2021-09-21,,1.8400,2.1050,24.3600,65.3608,366.150000,337.761050,0.075641,0.008865,1,0,1,1,0,3,1,3,2.3156,2.3146,0.0000,0.6854,0.3146,0.0000,1.0000,1,0.001274,0.00000159,0.002680,25.556841,-0.116392
2021-09-22,,1.8300,2.1000,20.8700,69.2784,369.570000,338.081300,0.074864,-0.006135,1,0,1,1,1,4,3,3,2.1437,2.1446,0.0000,0.8554,0.1446,0.0000,1.0000,1,0.029253,0.00000119,0.021069,26.095300,-0.097775
2021-09-23,,1.8300,2.0950,18.6300,74.6392,372.980000,338.409950,0.073571,-0.006833,1,1,1,1,1,5,5,4,2.2292,2.2302,0.0000,0.7698,0.2302,0.0000,1.0000,1,0.027768,0.00000119,0.020081,26.619322,-0.079658
2021-09-24,,1.8100,2.0850,17.7500,74.8971,373.330000,338.735150,0.073371,-0.006820,1,1,1,1,1,5,5,5,2.4861,2.4880,0.0000,0.5120,0.4880,0.0000,1.0000,1,0.002829,0.00000119,0.003758,26.719365,-0.076199
2021-09-27,,1.8000,2.0800,18.7600,74.3326,370.350000,339.080350,0.072711,-0.021327,1,1,1,1,1,5,5,5,2.6574,2.6574,0.0000,0.3426,0.6574,0.0000,1.0000,1,-0.024120,0.00000119,-0.019797,26.190396,-0.094487
2021-09-28,,1.7800,2.0600,23.2500,68.5832,359.870000,339.367100,0.073273,-0.007185,1,0,1,1,1,4,3,5,2.7716,2.7689,0.0000,0.2311,0.7689,0.0000,1.0000,1,-0.083400,0.00000159,-0.076111,24.197018,-0.163407
2021-09-29,,1.8000,2.0400,22.5600,70.2259,359.280000,339.654250,0.074105,-0.001956,1,0,1,1,1,4,3,4,2.6477,2.6465,0.0000,0.3535,0.6465,0.0000,1.0000,1,-0.006623,0.00000159,-0.005058,24.074625,-0.167639
2021-09-30,,1.8100,2.0350,23.1400,62.6283,357.960000,339.923850,0.074428,-0.000581,1,0,1,1,1,4,3,4,2.5652,2.5634,0.0000,0.4366,0.5634,0.0000,1.0000,1,-0.011271,0.00000159,-0.010062,23.832375,-0.176014
2021-10-01,,1.8500,2.0300,21.1500,67.1458,360.180000,340.188300,0.073554,-0.017624,1,0,1,1,1,4,3,4,2.5101,2.5110,0.0000,0.4890,0.5110,-0.0000,1.0000,1,0.018223,0.00000159,0.015927,24.211962,-0.162890
2021-10-04,,1.8500,2.0300,22.9600,65.7084,352.620000,340.406500,0.075541,0.018274,1,0,1,1,0,3,1,4,2.4734,2.4693,0.0000,0.5307,0.4693,0.0000,1.0000,1,-0.061495,0.00000159,-0.051155,22.973396,-0.205713
2021-10-05,,1.8500,2.0250,21.3000,66.5298,357.380000,340.638400,0.074579,0.005866,1,0,1,1,0,3,1,3,2.2489,2.2506,0.0000,0.7494,0.2506,0.0000,1.0000,1,0.038474,0.00000159,0.030113,23.665190,-0.181794
2021-10-06,,1.8400,2.0200,21.0000,69.8152,359.670000,340.886450,0.075420,0.021485,1,0,1,1,0,3,1,3,2.0993,2.1007,0.0000,0.8993,0.1007,0.0000,1.0000,1,0.019738,0.00000159,0.011863,23.945935,-0.172088
2021-10-07,,1.8400,2.0200,19.5400,70.0205,362.970000,341.156700,0.074374,0.000155,1,1,1,1,0,4,3,3,1.9995,1.9995,0.0005,0.9995,0.0000,0.0000,1.0000,1,0.027051,0.00000159,0.019197,24.405631,-0.156194
2021-10-08,,1.8500,2.0200,18.7700,67.7618,361.160000,341.413700,0.073962,-0.019956,1,1,1,1,1,5,5,4,2.1330,2.1321,0.0000,0.8679,0.1321,0.0000,1.0000,1,-0.015370,0.00000198,-0.011291,24.130075,-0.165721
2021-10-11,,1.8400,2.0150,20.0000,64.8871,358.390000,341.664650,0.073489,-0.043680,1,1,1,1,1,5,5,5,2.4220,2.4214,0.0000,0.5786,0.4214,0.0000,1.0000,1,-0.022200,0.00000198,-0.017054,23.718555,-0.179949
2021-10-12,,1.8400,2.0100,19.8500,65.0924,357.140000,341.902550,0.074166,-0.034154,1,1,1,1,1,5,5,5,2.6147,2.6129,0.0000,0.3871,0.6129,0.0000,1.0000,1,-0.010189,0.00000198,-0.009647,23.489740,-0.187861
2021-10-13,,1.8200,2.0100,18.6400,67.1458,360.000000,342.139150,0.074762,-0.016123,1,1,1,1,1,5,5,5,2.7431,2.7433,0.0000,0.2567,0.7433,0.0000,1.0000,1,0.023424,0.00000238,0.020512,23.971555,-0.171202
2021-10-14,,1.7900,2.0100,16.8600,74.3326,366.630000,342.407500,0.074429,-0.001469,1,1,1,1,1,5,5,5,2.8287,2.8299,0.0000,0.1701,0.8299,0.0000,1.0000,1,0.055199,0.00000198,0.051105,25.196626,-0.128846
2021-10-15,,1.8100,2.0050,16.3000,74.3326,368.940000,342.687350,0.073654,-0.011575,1,1,1,1,1,5,5,5,2.8858,2.8861,0.0000,0.1139,0.8861,0.0000,1.0000,1,0.018538,0.00000198,0.017643,25.641175,-0.113476
2021-10-18,,1.7600,2.0000,16.3100,73.3060,372.650000,342.981900,0.072732,-0.026524,1,1,1,1,1,5,5,5,2.9239,2.9248,0.0000,0.0752,0.9248,0.0000,1.0000,1,0.029990,0.00000198,0.029375,26.394397,-0.087434
2021-10-19,,1.7200,2.0000,15.7000,75.9754,375.470000,343.312700,0.073085,-0.019683,1,1,1,1,1,5,5,5,2.9493,2.9495,0.0000,0.0505,0.9495,0.0000,1.0000,1,0.021963,0.00000238,0.021500,26.961870,-0.067814
2021-10-20,,1.7200,1.9950,15.4900,78.0287,374.980000,343.628300,0.073948,-0.029775,1,1,1,1,1,5,5,5,2.9662,2.9661,0.0000,0.0339,0.9661,0.0000,1.0000,1,-0.003150,0.00000198,-0.003155,26.876804,-0.070755
2021-10-21,,1.7500,1.9900,15.0100,77.6181,377.270000,343.976950,0.073756,-0.025195,1,1,1,1,1,5,5,5,2.9774,2.9776,0.0000,0.0224,0.9776,0.0000,1.0000,1,0.017907,0.00000198,0.017806,27.355360,-0.054210
2021-10-22,,1.7400,1.9900,15.4300,78.4394,374.100000,344.272550,0.074208,-0.017477,1,1,1,1,1,5,5,5,2.9850,2.9849,0.0000,0.0151,0.9849,0.0000,1.0000,1,-0.025319,0.00000238,-0.025176,26.666671,-0.078021
2021-10-25,,1.7200,1.9900,15.2400,77.2074,377.930000,344.567050,0.073494,-0.023852,1,1,1,1,1,5,5,5,2.9900,2.9900,0.0000,0.0100,0.9900,0.0000,1.0000,1,0.030011,0.00000238,0.029891,27.463772,-0.050461
2021-10-26,,1.7300,1.9900,15.9800,77.0021,379.120000,344.890550,0.073822,-0.029345,1,1,1,1,1,5,5,5,2.9933,2.9933,0.0000,0.0067,0.9933,0.0000,1.0000,1,0.009346,0.00000238,0.009297,27.719098,-0.041634
2021-10-27,,1.7100,1.9900,16.9800,73.1006,380.000000,345.220950,0.073655,-0.028843,1,1,1,1,1,5,5,5,2.9955,2.9956,0.0000,0.0044,0.9956,0.0000,1.0000,1,0.007898,0.00000238,0.007882,27.937574,-0.034080
2021-10-28,,1.6900,1.9850,16.5300,75.7700,384.220000,345.561850,0.073431,-0.035818,1,1,1,1,1,5,5,5,2.9970,2.9970,0.0000,0.0030,0.9970,0.0000,1.0000,1,0.032829,0.00000238,0.032791,28.853665,-0.002407
2021-10-29,,1.6900,1.9800,16.2600,73.9220,386.110000,345.920650,0.072847,-0.048185,1,1,1,1,1,5,5,5,2.9980,2.9980,0.0000,0.0020,0.9980,0.0000,1.0000,1,0.014781,0.00000238,0.014778,29.280078,0.000000
2021-11-01,,1.6900,1.9800,16.4100,75.5647,387.430000,346.298500,0.072983,-0.044110,1,1,1,1,1,5,5,5,2.9987,2.9987,0.0000,0.0013,0.9987,0.0000,1.0000,1,0.009861,0.00000198,0.009855,29.568642,0.000000
2021-11-02,,1.6900,1.9800,16.0300,75.3593,389.050000,346.661700,0.072754,-0.047978,1,1,1,1,1,5,5,5,2.9991,2.9991,0.0000,0.0009,0.9991,0.0000,1.0000,1,0.013338,0.00000198,0.013334,29.962920,0.000000
2021-11-03,,1.7100,1.9800,15.1000,77.8234,393.180000,347.008750,0.072043,-0.057788,1,1,1,1,1,5,5,5,2.9994,2.9994,0.0000,0.0006,0.9994,0.0000,1.0000,1,0.031742,0.00000198,0.031735,30.913800,0.000000
2021-11-04,,1.7000,1.9800,15.4400,75.5647,398.220000,347.368050,0.071309,-0.074724,1,1,1,1,1,5,5,5,2.9996,2.9996,0.0000,0.0004,0.9996,0.0000,1.0000,1,0.037297,0.00000198,0.037292,32.066626,0.000000
2021-11-05,,1.7300,1.9800,16.4800,78.6448,398.600000,347.733950,0.071735,-0.066986,1,1,1,1,1,5,5,5,2.9997,2.9997,0.0000,0.0003,0.9997,0.0000,1.0000,1,0.003707,0.00000159,0.003706,32.185472,0.000000
2021-11-08,,1.7300,1.9800,17.2200,77.6181,398.060000,348.083700,0.070608,-0.087419,1,1,1,1,1,5,5,5,2.9998,2.9998,0.0000,0.0002,0.9998,0.0000,1.0000,1,-0.004104,0.00000198,-0.004104,32.053386,-0.004104
2021-11-09,,1.6700,1.9800,17.7800,78.4394,395.320000,348.417350,0.071205,-0.082421,1,1,1,1,1,5,5,5,2.9999,2.9999,0.0000,0.0001,0.9999,0.0000,1.0000,1,-0.020605,0.00000238,-0.020605,31.392938,-0.024624
2021-11-10,,1.6700,1.9800,18.7300,77.6181,389.510000,348.767750,0.072365,-0.073600,1,1,1,1,1,5,5,5,2.9999,2.9999,0.0000,0.0001,0.9999,0.0000,1.0000,1,-0.043821,0.00000159,-0.043819,30.017323,-0.067364
2021-11-11,,1.6600,1.9800,17.6600,76.1807,390.590000,349.114100,0.071900,-0.086518,1,1,1,1,1,5,5,5,2.9999,2.9999,0.0000,0.0001,0.9999,0.0000,1.0000,1,0.008110,0.00000198,0.008109,30.260743,-0.059801
2021-11-12,,1.6600,1.9800,16.2900,77.2074,394.700000,349.514800,0.071319,-0.097352,1,1,1,1,1,5,5,5,3.0000,3.0000,0.0000,0.0000,1.0000,0.0000,1.0000,1,0.031741,0.00000198,0.031741,31.221238,-0.029959
2021-11-15,,1.6900,1.9800,16.4900,77.6181,394.610000,349.875750,0.072235,-0.088610,1,1,1,1,1,5,5,5,3.0000,3.0000,0.0000,0.0000,1.0000,0.0000,1.0000,1,-0.000302,0.00000198,-0.000302,31.211802,-0.030252
2021-11-16,,1.7000,1.9800,16.3700,76.5914,397.420000,350.224450,0.071610,-0.075598,1,1,1,1,1,5,5,5,3.0000,3.0000,0.0000,0.0000,1.0000,0.0000,1.0000,1,0.020677,0.00000198,0.020677,31.857170,-0.010200
2021-11-17,,1.7200,1.9800,17.1100,75.3593,397.630000,350.580700,0.071848,-0.064127,1,1,1,1,1,5,5,5,3.0000,3.0000,0.0000,0.0000,1.0000,0.0000,1.0000,1,0.001185,0.00000198,0.001185,31.894911,-0.009028
2021-11-18,,1.7400,1.9800,17.5900,73.7166,401.750000,350.938250,0.071232,-0.072431,1,1,1,1,1,5,5,5,3.0000,3.0000,0.0000,0.0000,1.0000,0.0000,1.0000,1,0.030588,0.00000198,0.030588,32.870513,0.000000
2021-11-19,,1.7300,1.9800,17.9100,73.1006,403.990000,351.301400,0.071765,-0.068802,1,1,1,1,1,5,5,5,3.0000,3.0000,0.0000,0.0000,1.0000,0.0000,1.0000,1,0.016936,0.00000198,0.016935,33.427191,0.000000
2021-11-22,,1.7300,1.9750,19.1700,73.9220,399.300000,351.630000,0.072406,-0.050289,1,1,1,1,1,5,5,5,3.0000,3.0000,0.0000,0.0000,1.0000,0.0000,1.0000,1,-0.034662,0.00000198,-0.034662,32.268544,-0.034662
2021-11-23,,1.7100,1.9700,19.3800,75.2049,397.480000,351.949850,0.072385,-0.047533,1,1,1,1,1,5,5,5,3.0000,3.0000,0.0000,0.0000,1.0000,0.0000,1.0000,1,-0.013626,0.00000198,-0.013626,31.828862,-0.047815
2021-11-24,,1.7300,1.9700,18.5800,74.3852,398.760000,352.279900,0.072235,-0.050101,1,1,1,1,1,5,5,5,3.0000,3.0000,0.0000,0.0000,1.0000,0.0000,1.0000,1,0.009249,0.00000238,0.009249,32.123242,-0.039009
2021-11-26,,1.7200,1.9700,28.6200,67.4180,391.200000,352.563000,0.072728,-0.054464,1,0,1,1,1,4,3,5,3.0000,3.0000,0.0000,0.0000,1.0000,0.0000,1.0000,1,-0.055161,0.00000238,-0.055161,30.351303,-0.092018
2021-11-29,,1.8200,1.9700,22.9600,69.2623,399.690000,352.879200,0.072912,-0.058287,1,0,1,1,1,4,3,4,2.8000,2.8014,0.0000,0.1986,0.8014,0.0000,1.0000,1,0.062111,0.00000238,0.060116,32.175911,-0.037433
2021-11-30,,1.8100,1.9700,27.1900,60.2459,393.820000,353.170600,0.072186,-0.059007,1,0,1,1,1,4,3,4,2.6667,2.6641,0.0000,0.3359,0.6641,-0.0000,1.0000,1,-0.042967,0.00000238,-0.038867,30.925342,-0.074845
2021-12-01,,1.8100,1.9700,31.1200,55.7377,387.120000,353.436550,0.073130,-0.036958,1,0,1,1,1,4,3,4,2.5778,2.5711,0.0000,0.4289,0.5711,-0.0000,1.0000,1,-0.051318,0.00000198,-0.043171,29.590254,-0.114785
2021-12-02,,1.8100,1.9700,27.9500,63.3197,389.910000,353.723750,0.072945,-0.058376,1,0,1,1,1,4,3,4,2.5185,2.5206,0.0000,0.4794,0.5206,0.0000,1.0000,1,0.018827,0.00000238,0.016621,30.082088,-0.100071
2021-12-03,,1.8000,1.9700,30.6700,61.2705,383.130000,353.984300,0.074324,-0.038987,1,0,1,1,1,4,3,4,2.4790,2.4735,0.0000,0.5265,0.4735,0.0000,1.0000,1,-0.050247,0.00000198,-0.041948,28.820210,-0.137821
2021-12-06,,1.8100,1.9700,27.1800,68.2377,386.200000,354.303100,0.074577,-0.030263,1,0,1,1,1,4,3,4,2.4527,2.4541,0.0000,0.5459,0.4541,0.0000,1.0000,1,0.023388,0.00000238,0.019579,29.384486,-0.120941
2021-12-07,,1.7900,1.9700,21.8900,71.7213,397.830000,354.684850,0.073610,-0.039664,1,0,1,1,1,4,3,4,2.4351,2.4375,0.0000,0.5625,0.4375,0.0000,1.0000,1,0.090175,0.00000198,0.073540,31.545417,-0.056295
2021-12-08,,1.7500,1.9700,19.9000,72.3361,399.610000,355.062250,0.073341,-0.045766,1,1,1,1,1,5,5,4,2.4234,2.4243,0.0000,0.5757,0.4243,0.0000,1.0000,1,0.013915,0.00000238,0.010749,31.884510,-0.046150
2021-12-09,,1.7900,1.9700,21.5800,71.3115,393.730000,355.466750,0.073743,-0.029917,1,0,1,1,1,4,3,5,2.6156,2.6130,0.0000,0.3870,0.6130,-0.0000,1.0000,1,-0.043176,0.00000278,-0.037396,30.692173,-0.081820
2021-12-10,,1.8100,1.9650,18.6900,70.9016,398.010000,355.886100,0.073448,-0.027353,1,1,1,1,1,5,5,4,2.5437,2.5445,0.0000,0.4555,0.5445,0.0000,1.0000,1,0.030965,0.00000238,0.027093,31.523717,-0.056944
2021-12-13,,1.8300,1.9600,20.3100,70.2869,392.260000,356.229450,0.075016,-0.002806,1,0,1,1,1,4,3,5,2.6958,2.6927,0.0000,0.3073,0.6927,0.0000,1.0000,1,-0.042993,0.00000238,-0.038827,30.299758,-0.093560
2021-12-14,,1.8200,1.9600,21.8900,69.4672,388.200000,356.578450,0.075082,-0.009783,1,0,1,1,1,4,3,4,2.5972,2.5980,0.0000,0.4020,0.5980,0.0000,1.0000,1,-0.029762,0.00000198,-0.027101,29.478618,-0.118125
2021-12-15,,1.8200,1.9600,19.2900,70.9016,397.050000,357.017900,0.075138,-0.007208,1,1,1,1,1,5,5,4,2.5315,2.5368,0.0000,0.4632,0.5368,0.0000,1.0000,1,0.066174,0.00000198,0.056012,31.129787,-0.068729
2021-12-16,,1.8300,1.9600,20.5700,71.3115,386.840000,357.431600,0.076193,0.018903,1,0,1,1,0,3,1,5,2.6877,2.6814,0.0000,0.3186,0.6814,0.0000,1.0000,1,-0.076301,0.00000198,-0.068789,28.988409,-0.132790
2021-12-17,,1.8700,1.9600,21.5700,66.3934,384.910000,357.812750,0.076119,0.035949,1,0,1,1,0,3,1,3,2.3918,2.3928,0.0000,0.6072,0.3928,0.0000,1.0000,1,-0.015280,0.00000198,-0.014978,28.554220,-0.145779
2021-12-20,,1.8700,1.9600,22.8700,61.2705,380.690000,358.216500,0.076410,0.042456,1,0,1,1,0,3,1,3,2.1945,2.1949,0.0000,0.8051,0.1949,0.0000,1.0000,1,-0.029907,0.00000198,-0.024573,27.852553,-0.166770
2021-12-21,,1.8900,1.9600,21.0100,67.4180,389.210000,358.603700,0.074969,0.032476,1,0,1,1,0,3,1,3,2.0630,2.0637,0.0000,0.9363,0.0637,0.0000,1.0000,1,0.066854,0.00000278,0.047289,29.169664,-0.127367
2021-12-22,,1.8800,1.9600,18.6300,68.0328,393.950000,359.019050,0.074547,0.018751,1,1,1,1,0,4,3,3,1.9753,1.9756,0.0244,0.9756,0.0000,0.0000,1.0000,1,0.035689,0.00000278,0.024145,29.873957,-0.106298
2021-12-23,,1.8600,1.9600,17.9600,70.4918,396.920000,359.413450,0.074076,-0.000432,1,1,1,1,1,5,5,4,2.1169,2.1176,0.0000,0.8824,0.1176,0.0000,1.0000,1,0.023756,0.00000317,0.016043,30.353215,-0.091960
2021-12-27,,1.8600,1.9600,17.6800,73.9754,403.480000,359.853550,0.073398,-0.015387,1,1,1,1,1,5,5,5,2.4113,2.4142,0.0000,0.5858,0.4142,0.0000,1.0000,1,0.047800,0.00000278,0.037524,31.492174,-0.057888
2021-12-28,,1.8600,1.9600,17.5400,74.5902,401.610000,360.267450,0.074119,0.008435,1,1,1,1,0,4,3,5,2.6075,2.6059,0.0000,0.3941,0.6059,0.0000,1.0000,1,-0.011765,0.00000238,-0.010999,31.145779,-0.068250
2021-12-29,,1.8600,1.9600,16.9500,75.2049,401.550000,360.672300,0.074422,-0.016505,1,1,1,1,1,5,5,4,2.5383,2.5383,0.0000,0.4617,0.5383,-0.0000,1.0000,1,-0.001576,0.00000238,-0.001312,31.104910,-0.069473
2021-12-30,,1.8500,1.9550,17.3300,74.3852,400.350000,361.064550,0.074901,0.004757,1,1,1,1,0,4,3,5,2.6922,2.6918,0.0000,0.3082,0.6918,-0.0000,1.0000,1,-0.009352,0.00000198,-0.008578,30.838079,-0.077455
2021-12-31,,1.8500,1.9500,17.2200,75.0000,397.850000,361.493600,0.075354,-0.000955,1,1,1,1,1,5,5,4,2.5948,2.5940,0.0000,0.4060,0.5940,0.0000,1.0000,1,-0.018586,0.00000198,-0.016556,30.327528,-0.092729
2022-01-03,,1.8500,1.9500,16.6000,76.2295,401.680000,361.936300,0.074177,-0.002891,1,1,1,1,1,5,5,5,2.7299,2.7311,0.0000,0.2689,0.7311,0.0000,1.0000,1,0.028858,0.00000238,0.026350,31.126663,-0.068822
2022-01-04,,1.8200,1.9500,16.9100,77.4590,396.470000,362.325600,0.073971,0.000137,1,1,1,1,0,4,3,5,2.8199,2.8177,0.0000,0.1823,0.8177,-0.0000,1.0000,1,-0.038859,0.00000317,-0.036760,29.982441,-0.103052
2022-01-05,,1.8400,1.9500,19.7300,73.7705,384.290000,362.660950,0.075377,0.027677,1,1,1,1,0,4,3,4,2.6799,2.6737,0.0000,0.3263,0.6737,0.0000,1.0000,1,-0.091987,0.00000317,-0.083002,27.493830,-0.177501
2022-01-06,,1.8000,1.9500,19.6100,72.1311,384.020000,363.021700,0.074668,0.007295,1,1,1,1,0,4,3,4,2.5866,2.5876,0.0000,0.4124,0.5876,0.0000,1.0000,1,-0.002745,0.00000357,-0.002457,27.426278,-0.179522
2022-01-07,,1.7800,1.9500,18.7600,72.3361,379.860000,363.364350,0.075533,0.011037,1,1,1,1,0,4,3,4,2.5244,2.5216,0.0000,0.4784,0.5216,0.0000,1.0000,1,-0.032698,0.00000397,-0.027653,26.667866,-0.202210
2022-01-10,,1.7800,1.9500,19.4000,71.1066,380.110000,363.684900,0.075133,0.009940,1,1,1,1,0,4,3,4,2.4829,2.4868,0.0000,0.5132,0.4868,-0.0000,1.0000,1,0.003679,0.00000397,0.002488,26.734206,-0.200226
2022-01-11,,1.7600,1.9500,18.4100,73.1557,385.820000,364.034450,0.073784,0.001862,1,1,1,1,0,4,3,4,2.4553,2.4595,0.0000,0.5405,0.4595,0.0000,1.0000,1,0.043983,0.00000516,0.035951,27.695335,-0.171473
2022-01-12,,1.7600,1.9500,17.6200,74.3852,387.350000,364.399600,0.073819,0.015736,1,1,1,1,0,4,3,4,2.4369,2.4362,0.0000,0.5638,0.4362,0.0000,1.0000,1,0.011394,0.00000436,0.009552,27.959890,-0.163558
2022-01-13,,1.7700,1.9500,20.3100,72.7459,377.660000,364.692250,0.075216,0.030055,1,0,1,1,0,3,1,4,2.4246,2.4179,0.0000,0.5821,0.4179,0.0000,1.0000,1,-0.072570,0.00000476,-0.059882,26.285603,-0.213646
2022-01-14,,1.8000,1.9450,19.1900,68.6475,380.010000,364.969450,0.074669,0.010004,1,1,1,1,0,4,3,3,2.2164,2.2186,0.0000,0.7814,0.2186,0.0000,1.0000,1,0.015113,0.00000476,0.010937,26.573088,-0.205046
2022-01-18,,1.7900,1.9400,22.7900,61.8852,370.550000,365.166950,0.075106,0.018416,1,0,1,1,0,3,1,4,2.2776,2.2759,0.0000,0.7241,0.2759,0.0000,1.0000,1,-0.072075,0.00000516,-0.054634,25.121284,-0.248478
2022-01-19,,1.7800,1.9400,23.8500,58.8115,366.480000,365.345250,0.076237,0.027261,1,0,1,1,0,3,1,3,2.1184,2.1168,0.0000,0.8832,0.1168,0.0000,1.0000,1,-0.034788,0.00000634,-0.024065,24.516732,-0.266563
2022-01-20,,1.7700,1.9400,25.5900,54.3033,361.720000,365.495750,0.077191,0.049335,1,0,1,0,0,2,-1,3,2.0123,2.0120,0.0000,0.9880,0.0120,0.0000,1.0000,1,-0.038683,0.00000674,-0.025813,23.883893,-0.285495
2022-01-21,,1.7900,1.9350,28.8500,50.8197,351.690000,365.578800,0.078588,0.062012,1,0,1,0,0,2,-1,2,1.7415,1.7369,0.2631,0.7369,0.0000,0.0000,1.0000,1,-0.084195,0.00000674,-0.050586,22.675691,-0.321639
2022-01-24,,1.8400,1.9300,29.9000,52.8689,353.300000,365.659750,0.077505,0.050652,1,0,1,0,0,2,-1,2,1.5610,1.5666,0.4334,0.5666,0.0000,0.0000,1.0000,1,0.014470,0.00000674,0.006098,22.813978,-0.317502
2022-01-25,,1.8900,1.9300,31.1600,47.1311,345.110000,365.701950,0.077232,0.049067,1,0,0,0,0,1,-3,2,1.4407,1.4392,0.5608,0.4392,0.0000,0.0000,1.0000,1,-0.073752,0.00000753,-0.037735,21.953097,-0.343256
2022-01-26,,1.9100,1.9300,31.9600,42.5358,344.570000,365.721800,0.076792,0.051100,1,0,0,0,0,1,-3,1,1.1604,1.1578,0.8422,0.1578,0.0000,0.0000,1.0000,1,-0.001878,0.00000753,0.005450,22.072733,-0.339677
2022-01-27,,1.8400,1.9250,30.4900,40.0000,341.100000,365.744750,0.077857,0.062603,1,0,0,0,0,1,-3,1,0.9736,0.9730,0.9730,0.0000,0.0000,0.0270,0.9730,1,-0.029915,0.00000753,-0.007792,21.900739,-0.344823
2022-01-28,,1.8600,1.9200,27.6600,46.9388,351.800000,365.795700,0.076887,0.054350,1,0,0,0,0,1,-3,1,0.8491,0.8523,0.8523,0.0000,0.0000,0.1477,0.8523,1,0.093289,0.00000793,0.027308,22.498798,-0.326931
2022-01-31,,1.9100,1.9200,24.8300,53.0612,363.050000,365.900900,0.076960,0.066068,1,0,1,0,0,2,-1,1,0.7661,0.7710,0.7710,0.0000,0.0000,0.2290,0.7710,1,0.096860,0.00000753,0.024811,23.057022,-0.310232
2022-02-01,,1.9300,1.9200,21.9600,55.7143,365.520000,366.034100,0.075428,0.056029,0,0,1,0,0,1,-3,2,0.9107,0.9109,0.9109,0.0000,0.0000,0.0891,0.9109,1,0.019085,0.00000872,0.005636,23.186980,-0.306344
2022-02-02,,1.9200,1.9200,22.0900,59.3878,368.490000,366.194500,0.075806,0.055400,1,0,1,1,0,3,1,1,0.8071,0.8066,0.8066,0.0000,0.0000,0.1934,0.8066,1,0.023647,0.00000753,0.007745,23.366562,-0.300971
2022-02-03,,1.9100,1.9200,24.3500,52.8571,353.550000,366.265800,0.077284,0.090053,1,0,1,0,0,2,-1,3,1.1381,1.1363,0.8637,0.1363,0.0000,0.0000,1.0000,1,-0.120310,0.00000753,-0.037450,22.491491,-0.327150
2022-02-04,,1.9200,1.9200,23.2200,50.6122,358.010000,366.379850,0.076309,0.068814,1,0,1,0,0,2,-1,2,1.1587,1.1602,0.8398,0.1602,0.0000,0.0000,1.0000,1,0.034544,0.00000793,0.014618,22.820273,-0.317314
2022-02-07,,1.9200,1.9200,22.8600,50.4082,355.130000,366.458400,0.076443,0.054364,1,0,1,0,0,2,-1,2,1.1725,1.1713,0.8287,0.1713,0.0000,0.0000,1.0000,1,-0.022658,0.00000912,-0.009376,22.606302,-0.323715
2022-02-08,,1.9300,1.9200,21.4400,54.8980,359.120000,366.545850,0.075875,0.053755,0,0,1,0,0,1,-3,2,1.1817,1.1839,0.8161,0.1839,0.0000,0.0000,1.0000,1,0.033990,0.00001070,0.013323,22.907483,-0.314705
2022-02-09,,1.9100,1.9200,19.9600,61.0204,366.730000,366.678750,0.075108,0.052031,1,1,1,1,0,4,3,1,0.9878,0.9879,0.9879,0.0000,0.0000,0.0121,0.9879,1,0.062036,0.00000991,0.023187,23.438635,-0.298815
2022-02-10,,1.9200,1.9200,23.9100,52.2449,358.430000,366.775900,0.074546,0.030747,1,0,1,0,0,2,-1,4,1.4585,1.4580,0.5420,0.4580,0.0000,0.0000,1.0000,1,-0.066349,0.00001030,-0.023585,22.885835,-0.315353
2022-02-11,,1.9100,1.9200,27.3600,46.3265,347.060000,366.810100,0.076091,0.058735,1,0,0,0,0,1,-3,2,1.3723,1.3648,0.6352,0.3648,0.0000,0.0000,1.0000,1,-0.094186,0.00001584,-0.043479,21.890778,-0.345121
2022-02-14,,2.0000,1.9200,28.3300,43.2653,347.490000,366.857600,0.075691,0.050163,0,0,0,0,0,0,-5,1,1.1149,1.1154,0.8846,0.1154,0.0000,0.0000,1.0000,1,0.002815,0.00001426,0.000521,21.902185,-0.344779
2022-02-15,,2.0000,1.9200,25.7000,49.5918,356.130000,366.957300,0.074143,0.038799,0,0,0,0,0,0,-5,0,0.7433,0.7479,0.7479,0.0000,0.0000,0.2521,0.7479,1,0.072431,0.00001703,0.021944,22.382805,-0.330401
2022-02-16,,1.9900,1.9200,24.2900,50.6122,356.040000,367.086800,0.074227,0.032679,0,0,1,0,0,1,-3,0,0.4955,0.4971,0.4971,0.0000,0.0000,0.5029,0.4971,1,-0.000175,0.00001584,-0.001804,22.342437,-0.331609
2022-02-17,,2.0500,1.9200,28.1100,44.8980,345.450000,367.168900,0.075893,0.045019,0,0,0,0,0,0,-5,1,0.5303,0.5251,0.5251,0.0000,0.0000,0.4749,0.5251,1,-0.088672,0.00001505,-0.015517,21.995758,-0.341980
2022-02-18,,2.1200,1.9200,27.7500,44.0816,341.510000,367.218900,0.076250,0.049519,0,0,0,0,0,0,-5,0,0.3536,0.3503,0.3503,0.0000,0.0000,0.6497,0.3503,1,-0.033902,0.00001426,-0.003577,21.917087,-0.344334
2022-02-22,,2.1300,1.9200,28.8100,41.0204,338.080000,367.238300,0.076996,0.060307,0,0,0,0,0,0,-5,0,0.2357,0.2355,0.2355,0.0000,0.0000,0.7645,0.2355,1,-0.030928,0.00001386,-0.003396,21.842659,-0.346560
2022-02-23,,2.1300,1.9200,31.0200,35.7143,329.420000,367.256600,0.077059,0.054745,0,0,0,0,0,0,-5,0,0.1571,0.1525,0.1525,0.0000,0.0000,0.8475,0.1525,1,-0.076514,0.00001466,-0.003239,21.771912,-0.348677
2022-02-24,,2.1000,1.9200,30.3200,37.7551,340.490000,367.332500,0.076523,0.045659,0,0,0,0,0,0,-5,0,0.1048,0.1111,0.1111,0.0000,0.0000,0.8889,0.1111,1,0.097918,0.00001347,0.002184,21.819453,-0.347254
2022-02-25,,2.2400,1.9200,27.5900,46.5306,345.770000,367.476900,0.077190,0.066615,0,0,0,0,0,0,-5,0,0.0698,0.0707,0.0707,0.0000,0.0000,0.9293,0.0707,1,0.047417,0.00001268,0.001183,21.845273,-0.346482
2022-02-28,,2.2000,1.9200,30.1500,46.1224,346.800000,367.614200,0.077789,0.061749,0,0,0,0,0,0,-5,0,0.0466,0.0471,0.0471,0.0000,0.0000,0.9529,0.0471,1,0.010595,0.00001307,-0.000076,21.843608,-0.346532
2022-03-01,,2.3400,1.9200,33.3200,38.9796,341.490000,367.689700,0.078306,0.069089,0,0,0,0,0,0,-5,0,0.0310,0.0307,0.0307,0.0000,0.0000,0.9693,0.0307,1,-0.046130,0.00001386,-0.000515,21.832358,-0.346868
2022-03-02,,2.2500,1.9200,30.7400,46.5306,347.220000,367.803750,0.077828,0.045527,0,0,0,0,0,0,-5,0,0.0207,0.0209,0.0209,0.0000,0.0000,0.9791,0.0209,1,0.047762,0.00001268,0.000403,21.841152,-0.346605
2022-03-03,,2.2400,1.9200,30.4800,45.9184,342.260000,367.903950,0.079594,0.063897,0,0,0,0,0,0,-5,0,0.0138,0.0135,0.0135,0.0000,0.0000,0.9865,0.0135,1,-0.041770,0.00001347,-0.000127,21.838372,-0.346688
2022-03-04,,2.2400,1.9200,31.9800,44.2857,337.300000,367.977500,0.082016,0.105397,0,0,0,0,0,0,-5,0,0.0092,0.0091,0.0091,0.0000,0.0000,0.9909,0.0091,1,-0.042795,0.00001505,-0.000150,21.835093,-0.346786
2022-03-07,,2.3100,1.9200,36.4500,34.8980,324.860000,367.957650,0.085604,0.149373,0,0,0,0,0,0,-5,0,0.0061,0.0059,0.0059,0.0000,0.0000,0.9941,0.0059,1,-0.111666,0.00001347,-0.000213,21.830432,-0.346926
2022-03-08,,2.3200,1.9200,35.1300,33.2653,323.350000,367.939350,0.084925,0.135345,0,0,0,0,0,0,-5,0,0.0041,0.0041,0.0041,0.0000,0.0000,0.9959,0.0041,1,-0.013811,0.00001505,-0.000009,21.830236,-0.346932
2022-03-09,,2.3500,1.9200,32.4500,38.5714,334.990000,367.951750,0.082123,0.107231,0,0,0,0,0,0,-5,0,0.0027,0.0028,0.0028,0.0000,0.0000,0.9972,0.0028,1,0.107050,0.00001426,0.000146,21.833434,-0.346836
2022-03-10,,2.3200,1.9200,30.2300,37.9592,331.270000,367.943250,0.083047,0.097640,0,0,0,0,0,0,-5,0,0.0018,0.0018,0.0018,0.0000,0.0000,0.9982,0.0018,1,-0.032161,0.00001505,-0.000017,21.833064,-0.346847
2022-03-11,,2.3800,1.9200,30.7500,36.1224,324.400000,367.894600,0.083831,0.105642,0,0,0,0,0,0,-5,0,0.0012,0.0012,0.0012,0.0000,0.0000,0.9988,0.0012,1,-0.062029,0.00001545,-0.000004,21.832979,-0.346850
2022-03-14,,2.3500,1.9200,31.7700,36.9388,318.170000,367.821050,0.084353,0.108665,0,0,0,0,0,0,-5,0,0.0008,0.0008,0.0008,0.0000,0.0000,0.9992,0.0008,1,-0.058573,0.00001584,-0.000001,21.832952,-0.346851
2022-03-15,,2.3300,1.9200,29.8300,39.5918,328.150000,367.792150,0.083593,0.088746,0,0,0,0,0,0,-5,0,0.0005,0.0006,0.0006,0.0000,0.0000,0.9994,0.0006,1,0.092574,0.00001782,0.000037,21.833753,-0.346827
2022-03-16,,2.3600,1.9200,26.6700,43.8776,340.320000,367.829650,0.081631,0.068587,0,0,0,0,0,0,-5,0,0.0004,0.0004,0.0004,0.0000,0.0000,0.9996,0.0004,1,0.112285,0.00001821,0.000034,21.834489,-0.346805
2022-03-17,,2.2300,1.9200,25.6700,46.9388,344.440000,367.884500,0.080962,0.057755,0,0,0,0,0,0,-5,0,0.0002,0.0002,0.0002,0.0000,0.0000,0.9998,0.0002,1,0.033443,0.00001742,0.000020,21.834917,-0.346792
2022-03-18,,2.1700,1.9200,23.8700,50.6122,351.490000,367.991950,0.079648,0.059914,0,0,1,0,0,1,-3,0,0.0002,0.0002,0.0002,0.0000,0.0000,0.9998,0.0002,1,0.062125,0.00001584,0.000019,21.835325,-0.346780
2022-03-21,,2.1400,1.9200,23.5300,49.1837,350.080000,368.064350,0.079671,0.065308,0,0,0,0,0,0,-5,1,0.2001,0.2001,0.2001,0.0000,0.0000,0.7999,0.2001,1,-0.007147,0.00001663,-0.000093,21.833305,-0.346840
2022-03-22,,2.0700,1.9200,22.9400,51.2245,356.960000,368.166150,0.078861,0.061713,0,0,1,0,0,1,-3,0,0.1334,0.1355,0.1355,0.0000,0.0000,0.8645,0.1355,1,0.059102,0.00002137,0.002720,21.892685,-0.345064
2022-03-23,,2.0500,1.9200,23.5700,46.9388,351.830000,368.241500,0.080002,0.083668,0,0,0,0,0,0,-5,1,0.2889,0.2877,0.2877,0.0000,0.0000,0.7123,0.2877,1,-0.042211,0.00002019,-0.002910,21.828968,-0.346970
2022-03-24,,2.0300,1.9200,21.6700,51.2245,359.650000,368.355550,0.079624,0.070173,0,0,1,0,0,1,-3,0,0.1926,0.1952,0.1952,0.0000,0.0000,0.8048,0.1952,1,0.064799,0.00001979,0.004796,21.933653,-0.343838
2022-03-25,,2.0100,1.9200,20.8100,52.4490,359.350000,368.450550,0.080386,0.075979,0,0,1,0,0,1,-3,1,0.3284,0.3283,0.3283,0.0000,0.0000,0.6717,0.3283,1,-0.001578,0.00002058,-0.000262,21.927910,-0.344010
2022-03-28,,1.9600,1.9200,19.6300,54.4898,364.910000,368.568900,0.080334,0.069445,0,1,1,0,0,2,-1,1,0.4189,0.4227,0.4227,0.0000,0.0000,0.5773,0.4227,1,0.045494,0.00002177,0.006481,22.070028,-0.339758
2022-03-29,,1.9400,1.9200,18.9000,61.0204,371.190000,368.702300,0.080089,0.061064,0,1,1,1,0,3,1,2,0.6793,0.6806,0.6806,0.0000,0.0000,0.3194,0.6806,1,0.051243,0.00002334,0.008820,22.264695,-0.333935
2022-03-30,,1.9100,1.9150,19.3300,57.3469,367.090000,368.826450,0.081251,0.091579,1,1,1,0,0,3,1,3,1.0529,1.0526,0.9474,0.0526,0.0000,0.0000,1.0000,1,-0.030046,0.00002177,-0.009765,22.047283,-0.340439
2022-03-31,,1.9300,1.9150,20.5600,52.4490,362.540000,368.934100,0.082433,0.108184,0,0,1,0,0,1,-3,3,1.3019,1.2986,0.7014,0.2986,0.0000,0.0000,1.0000,1,-0.041358,0.00002177,-0.017124,21.669744,-0.351733
2022-04-01,,1.9300,1.9150,19.6300,52.8571,361.850000,369.016650,0.083348,0.102261,0,1,1,0,0,2,-1,1,1.0679,1.0678,0.9322,0.0678,0.0000,0.0000,1.0000,1,-0.004297,0.00002058,-0.001125,21.645367,-0.352462
2022-04-04,,1.8100,1.9100,18.5700,54.0816,369.300000,369.150000,0.082005,0.095930,1,1,1,1,0,4,3,2,1.1120,1.1137,0.8863,0.1137,0.0000,0.0000,1.0000,1,0.062489,0.00002098,0.022690,22.136499,-0.337770
2022-04-05,,1.8100,1.9100,21.0300,49.1837,361.100000,369.233700,0.083575,0.103040,1,0,0,0,0,1,-3,4,1.5413,1.5367,0.4633,0.5367,0.0000,0.0000,1.0000,1,-0.066125,0.00002610,-0.032441,21.418367,-0.359253
2022-04-06,,1.7700,1.9100,22.1000,48.1633,353.260000,369.262150,0.086099,0.140008,1,0,0,0,0,1,-3,1,1.2275,1.2262,0.7738,0.2262,0.0000,0.0000,1.0000,1,-0.065762,0.00002571,-0.031957,20.733908,-0.379729
2022-04-07,,1.7700,1.9100,21.5500,48.3673,354.100000,369.293950,0.085456,0.151125,1,0,0,0,0,1,-3,1,1.0184,1.0185,0.9815,0.0185,0.0000,0.0000,1.0000,1,0.006518,0.00002650,0.001883,20.772953,-0.378561
2022-04-08,,1.7800,1.9100,21.1600,47.3469,349.150000,369.290250,0.085975,0.156487,1,0,0,0,0,1,-3,1,0.8789,0.8779,0.8779,0.0000,0.0000,0.1221,0.8779,1,-0.040888,0.00002689,-0.013008,20.502735,-0.386645
2022-04-11,,1.7800,1.9100,24.3700,46.1224,340.890000,369.247400,0.086277,0.139269,1,0,0,0,0,1,-3,1,0.7859,0.7840,0.7840,0.0000,0.0000,0.2160,0.7840,1,-0.070988,0.00002768,-0.019765,20.097501,-0.398768
2022-04-12,,1.8200,1.9100,24.2600,44.8980,339.450000,369.176100,0.086929,0.154856,1,0,0,0,0,1,-3,1,0.7240,0.7203,0.7203,0.0000,0.0000,0.2797,0.7203,1,-0.012874,0.00003044,-0.002166,20.053979,-0.400070
2022-04-13,,1.9200,1.9100,21.8200,47.1429,346.350000,369.132900,0.085775,0.137958,0,0,0,0,0,0,-5,1,0.6826,0.6868,0.6868,0.0000,0.0000,0.3132,0.6868,1,0.059950,0.00002926,0.013912,20.332963,-0.391724
2022-04-14,,1.9400,1.9100,22.7000,46.5306,338.430000,369.052900,0.086902,0.135577,0,0,0,0,0,0,-5,0,0.4551,0.4493,0.4493,0.0000,0.0000,0.5507,0.4493,1,-0.067275,0.00002965,-0.010382,20.121861,-0.398039
2022-04-18,,1.9300,1.9100,22.1700,46.1224,338.690000,368.973500,0.086399,0.116942,0,0,0,0,0,0,-5,0,0.3034,0.3042,0.3042,0.0000,0.0000,0.6958,0.3042,1,0.002766,0.00003123,-0.000242,20.116988,-0.398185
2022-04-19,,1.9400,1.9100,21.3700,48.7755,346.260000,368.911600,0.085577,0.090359,0,0,0,0,0,0,-5,0,0.2023,0.2062,0.2062,0.0000,0.0000,0.7938,0.2062,1,0.064290,0.00003201,0.004331,20.204108,-0.395579
2022-04-20,,1.9100,1.9100,20.3200,51.2245,341.210000,368.816700,0.086337,0.115211,1,0,1,0,0,2,-1,0,0.1348,0.1329,0.1329,0.0000,0.0000,0.8671,0.1329,1,-0.045056,0.00003201,-0.001780,20.168140,-0.396655
2022-04-21,,1.9100,1.9100,22.6800,48.1633,334.150000,368.682700,0.086198,0.117054,1,0,0,0,0,1,-3,2,0.4899,0.4818,0.4818,0.0000,0.0000,0.5182,0.4818,1,-0.058664,0.00003241,-0.014185,19.882055,-0.405213
2022-04-22,,1.9300,1.9100,28.2100,43.2653,325.400000,368.515850,0.087140,0.132471,0,0,0,0,0,0,-5,1,0.5266,0.5199,0.5199,0.0000,0.0000,0.4801,0.5199,1,-0.079397,0.00003280,-0.013799,19.607694,-0.413421
2022-04-25,,1.9600,1.9100,27.0200,44.0816,329.580000,368.358700,0.086042,0.104469,0,0,0,0,0,0,-5,0,0.3511,0.3552,0.3552,0.0000,0.0000,0.6448,0.3552,1,0.037099,0.00003280,0.003641,19.679091,-0.411285
2022-04-26,,2.0300,1.9100,33.5200,41.4286,317.140000,368.132300,0.087719,0.132652,0,0,0,0,0,0,-5,0,0.2340,0.2283,0.2283,0.0000,0.0000,0.7717,0.2283,1,-0.112427,0.00003595,-0.009640,19.489375,-0.416960
2022-04-27,,2.0600,1.9100,31.6000,41.6327,316.760000,367.904000,0.087054,0.121645,0,0,0,0,0,0,-5,0,0.1560,0.1558,0.1558,0.0000,0.0000,0.8442,0.1558,1,-0.004449,0.00003280,-0.000153,19.486388,-0.417050
2022-04-28,,2.0500,1.9100,29.9900,44.6939,328.010000,367.728700,0.085856,0.130580,0,0,0,0,0,0,-5,0,0.1040,0.1058,0.1058,0.0000,0.0000,0.8942,0.1058,1,0.105678,0.00003241,0.004516,19.574397,-0.414417
2022-04-29,,2.0600,1.9100,33.4000,34.8980,313.250000,367.492350,0.086481,0.126848,0,0,0,0,0,0,-5,0,0.0693,0.0673,0.0673,0.0000,0.0000,0.9327,0.0673,1,-0.131479,0.00003241,-0.003604,19.503853,-0.416527
2022-05-02,,2.0500,1.9100,32.3400,33.6735,318.480000,367.296750,0.085083,0.093651,0,0,0,0,0,0,-5,0,0.0462,0.0470,0.0470,0.0000,0.0000,0.9530,0.0470,1,0.047085,0.00003359,0.000772,19.518908,-0.416077
2022-05-03,,2.0800,1.9100,29.2500,36.5306,318.820000,367.117500,0.085018,0.105909,0,0,0,0,0,0,-5,0,0.0308,0.0309,0.0309,0.0000,0.0000,0.9691,0.0309,1,0.002353,0.00003556,0.000065,19.520168,-0.416039
2022-05-04,,2.0500,1.9100,25.4200,41.6327,329.600000,366.971550,0.084347,0.099189,0,0,0,0,0,0,-5,0,0.0205,0.0212,0.0212,0.0000,0.0000,0.9788,0.0212,1,0.099113,0.00003595,0.000742,19.534660,-0.415606
2022-05-05,,2.0800,1.9100,31.2000,36.7347,313.000000,366.728750,0.086561,0.129248,0,0,0,0,0,0,-5,0,0.0137,0.0132,0.0132,0.0000,0.0000,0.9868,0.0132,1,-0.149027,0.00003516,-0.000764,19.519726,-0.416052
2022-05-06,,2.1000,1.9100,30.1900,35.1020,309.250000,366.455250,0.087774,0.151608,0,0,0,0,0,0,-5,0,0.0091,0.0091,0.0091,0.0000,0.0000,0.9909,0.0091,1,-0.034858,0.00003359,-0.000104,19.517697,-0.416113
2022-05-09,,2.0900,1.9100,34.7500,30.8163,297.150000,366.100000,0.089999,0.183700,0,0,0,0,0,0,-5,0,0.0061,0.0060,0.0060,0.0000,0.0000,0.9940,0.0060,1,-0.118174,0.00003359,-0.000264,19.512550,-0.416267
2022-05-10,,2.1700,1.9100,32.9900,29.1837,300.760000,365.761350,0.088702,0.150168,0,0,0,0,0,0,-5,0,0.0041,0.0040,0.0040,0.0000,0.0000,0.9960,0.0040,1,0.034404,0.00003634,0.000133,19.515153,-0.416189
2022-05-11,,2.1600,1.9100,32.5600,27.9592,291.840000,365.398400,0.090783,0.178370,0,0,0,0,0,0,-5,0,0.0027,0.0026,0.0026,0.0000,0.0000,0.9974,0.0026,1,-0.089009,0.00003516,-0.000056,19.514060,-0.416222
2022-05-12,,2.1700,1.9100,31.7700,28.3096,291.150000,365.025000,0.089960,0.187631,0,0,0,0,0,0,-5,0,0.0018,0.0018,0.0018,0.0000,0.0000,0.9982,0.0018,1,-0.007997,0.00003595,0.000019,19.514433,-0.416211
2022-05-13,,2.2000,1.9100,28.8700,31.9756,301.940000,364.702300,0.088905,0.177868,0,0,0,0,0,0,-5,0,0.0012,0.0012,0.0012,0.0000,0.0000,0.9988,0.0012,1,0.108658,0.00003791,0.000092,19.516222,-0.416157
2022-05-16,,2.2400,1.9100,27.4700,31.9756,298.440000,364.371650,0.089542,0.164630,0,0,0,0,0,0,-5,0,0.0008,0.0008,0.0008,0.0000,0.0000,0.9992,0.0008,1,-0.030983,0.00004066,0.000029,19.516782,-0.416141
2022-05-17,,2.2900,1.9100,26.1000,35.2342,306.170000,364.079500,0.088644,0.152843,0,0,0,0,0,0,-5,0,0.0005,0.0005,0.0005,0.0000,0.0000,0.9995,0.0005,1,0.075367,0.00004224,0.000061,19.517977,-0.416105
2022-05-18,,2.2700,1.9100,30.9600,27.4949,291.140000,363.701150,0.091474,0.171535,0,0,0,0,0,0,-5,0,0.0004,0.0003,0.0003,0.0000,0.0000,0.9997,0.0003,1,-0.145934,0.00004184,0.000021,19.518394,-0.416092
2022-05-19,,2.3100,1.9100,29.3500,25.8656,289.580000,363.312350,0.091845,0.177107,0,0,0,0,0,0,-5,0,0.0002,0.0002,0.0002,0.0000,0.0000,0.9998,0.0002,1,-0.020249,0.00004066,0.000039,19.519149,-0.416070
2022-05-20,,2.3700,1.9100,29.4300,24.8473,288.680000,362.907400,0.092062,0.184719,0,0,0,0,0,0,-5,0,0.0002,0.0002,0.0002,0.0000,0.0000,0.9998,0.0002,1,-0.008702,0.00004145,0.000042,19.519967,-0.416045
2022-05-23,,2.3600,1.9100,28.4800,27.6986,293.480000,362.534550,0.091454,0.167555,0,0,0,0,0,0,-5,0,0.0001,0.0001,0.0001,0.0000,0.0000,0.9999,0.0001,1,0.049378,0.00004066,0.000043,19.520799,-0.416020
2022-05-24,,2.3300,1.9100,29.4500,29.3279,287.240000,362.127100,0.093998,0.187979,0,0,0,0,0,0,-5,0,0.0001,0.0001,0.0001,0.0000,0.0000,0.9999,0.0001,1,-0.062391,0.00004224,0.000040,19.521580,-0.415997
2022-05-25,,2.3400,1.9100,28.3700,30.1426,291.260000,361.749200,0.093112,0.174742,0,0,0,0,0,0,-5,0,0.0000,0.0000,0.0000,0.0000,0.0000,1.0000,0.0000,1,0.040149,0.00004184,0.000042,19.522408,-0.415972
2022-05-26,,2.2900,1.9100,27.5000,32.7902,299.330000,361.414800,0.091547,0.163164,0,0,0,0,0,0,-5,0,0.0000,0.0000,0.0000,0.0000,0.0000,1.0000,0.0000,1,0.083631,0.00004184,0.000043,19.523240,-0.415947
2022-05-27,,2.2500,1.9100,25.7200,36.8635,309.100000,361.122650,0.090750,0.133584,0,0,0,0,0,0,-5,0,0.0000,0.0000,0.0000,0.0000,0.0000,1.0000,0.0000,1,0.097955,0.00004224,0.000043,19.524081,-0.415922
2022-05-31,,2.2600,1.9100,26.1900,35.6415,308.280000,360.819950,0.090003,0.093045,0,0,0,0,0,0,-5,0,0.0000,0.0000,0.0000,0.0000,0.0000,1.0000,0.0000,1,-0.007209,0.00004263,0.000043,19.524912,-0.415897
2022-06-01,,2.1800,1.9100,25.6900,32.7902,306.000000,360.505050,0.090591,0.056882,0,0,0,0,0,0,-5,0,0.0000,0.0000,0.0000,0.0000,0.0000,1.0000,0.0000,1,-0.023298,0.00004577,0.000046,19.525805,-0.415871
2022-06-02,,2.0800,1.9100,24.7200,35.4379,314.380000,360.248300,0.089497,0.053980,0,0,0,0,0,0,-5,0,0.0000,0.0000,0.0000,0.0000,0.0000,1.0000,0.0000,1,0.081165,0.00004538,0.000046,19.526694,-0.415844
2022-06-03,,2.1000,1.9100,24.7900,32.5866,306.200000,359.968250,0.090551,0.098587,0,0,0,0,0,0,-5,0,0.0000,0.0000,0.0000,0.0000,0.0000,1.0000,0.0000,1,-0.079083,0.00004616,0.000046,19.527593,-0.415817
2022-06-06,,2.0900,1.9100,25.0700,34.4196,307.220000,359.684550,0.090677,0.088918,0,0,0,0,0,0,-5,0,0.0000,0.0000,0.0000,0.0000,0.0000,1.0000,0.0000,1,0.012446,0.00004773,0.000048,19.528525,-0.415789
2022-06-07,,2.0800,1.9100,24.0200,36.6599,309.870000,359.395250,0.090357,0.077041,0,0,0,0,0,0,-5,0,0.0000,0.0000,0.0000,0.0000,0.0000,1.0000,0.0000,1,0.024278,0.00004969,0.000050,19.529496,-0.415760
2022-06-08,,2.0700,1.9100,23.9600,31.9756,307.640000,359.067300,0.089563,0.060911,0,0,0,0,0,0,-5,0,0.0000,0.0000,0.0000,0.0000,0.0000,1.0000,0.0000,1,-0.020402,0.00004969,0.000050,19.530466,-0.415731
2022-06-09,,2.0700,1.9100,26.0900,27.6986,299.400000,358.692450,0.089540,0.067011,0,0,0,0,0,0,-5,0,0.0000,0.0000,0.0000,0.0000,0.0000,1.0000,0.0000,1,-0.081470,0.00005047,0.000050,19.531451,-0.415702
2022-06-10,,2.0700,1.9100,27.7500,24.4399,288.840000,358.262650,0.091508,0.108277,0,0,0,0,0,0,-5,0,0.0000,0.0000,0.0000,0.0000,0.0000,1.0000,0.0000,1,-0.106702,0.00005126,0.000051,19.532452,-0.415672
2022-06-13,,2.0400,1.9100,34.0200,16.7006,275.410000,357.777600,0.090747,0.102749,0,0,0,0,0,0,-5,0,0.0000,0.0000,0.0000,0.0000,0.0000,1.0000,0.0000,1,-0.138485,0.00005478,0.000055,19.533521,-0.415640
2022-06-14,,1.9800,1.9100,32.6900,15.4786,275.910000,357.276950,0.088721,0.095809,0,0,0,0,0,0,-5,0,0.0000,0.0000,0.0000,0.0000,0.0000,1.0000,0.0000,1,0.006499,0.00006807,0.000068,19.534851,-0.415600
2022-06-15,,1.9900,1.9100,29.6200,16.2933,282.800000,356.789650,0.088041,0.089641,0,0,0,0,0,0,-5,0,0.0000,0.0000,0.0000,0.0000,0.0000,1.0000,0.0000,1,0.071890,0.00007197,0.000072,19.536257,-0.415558
2022-06-16,,2.1000,1.9100,32.9500,12.4236,271.390000,356.246850,0.089295,0.107903,0,0,0,0,0,0,-5,0,0.0000,0.0000,0.0000,0.0000,0.0000,1.0000,0.0000,1,-0.122088,0.00006846,0.000068,19.537594,-0.415518
2022-06-17,,2.1300,1.9100,31.1300,10.9980,274.690000,355.717400,0.088654,0.089153,0,0,0,0,0,0,-5,0,0.0000,0.0000,0.0000,0.0000,0.0000,1.0000,0.0000,1,0.037054,0.00006260,0.000063,19.538817,-0.415481
2022-06-21,,2.1300,1.9100,30.1900,15.6823,281.080000,355.220800,0.087424,0.081552,0,0,0,0,0,0,-5,0,0.0000,0.0000,0.0000,0.0000,0.0000,1.0000,0.0000,1,0.075430,0.00006416,0.000064,19.540071,-0.415444
2022-06-22,,2.1300,1.9100,28.9500,14.8676,280.670000,354.716300,0.088504,0.083518,0,0,0,0,0,0,-5,0,0.0000,0.0000,0.0000,0.0000,0.0000,1.0000,0.0000,1,-0.003692,0.00006690,0.000067,19.541378,-0.415405
2022-06-23,,2.1700,1.9100,29.0500,15.0713,284.850000,354.230000,0.089708,0.096764,0,0,0,0,0,0,-5,0,0.0000,0.0000,0.0000,0.0000,0.0000,1.0000,0.0000,1,0.042816,0.00006338,0.000063,19.542617,-0.415368
2022-06-24,,2.2000,1.9100,27.2300,21.3849,294.610000,353.799150,0.088456,0.088298,0,0,0,0,0,0,-5,0,0.0000,0.0000,0.0000,0.0000,0.0000,1.0000,0.0000,1,0.104619,0.00006494,0.000065,19.543886,-0.415330
2022-06-27,,2.2200,1.9100,26.9500,22.8106,292.450000,353.364050,0.089516,0.086169,0,0,0,0,0,0,-5,0,0.0000,0.0000,0.0000,0.0000,0.0000,1.0000,0.0000,1,-0.023588,0.00006807,0.000068,19.545216,-0.415290
2022-06-28,,2.1900,1.9100,28.3600,20.9776,283.540000,352.898800,0.091042,0.088018,0,0,0,0,0,0,-5,0,0.0000,0.0000,0.0000,0.0000,0.0000,1.0000,0.0000,1,-0.091142,0.00007041,0.000070,19.546592,-0.415249
2022-06-29,,2.2200,1.9150,28.1600,20.7739,283.800000,352.436150,0.091182,0.078925,0,0,0,0,0,0,-5,0,0.0000,0.0000,0.0000,0.0000,0.0000,1.0000,0.0000,1,0.002014,0.00007041,0.000070,19.547968,-0.415208
2022-06-30,,2.2400,1.9200,28.7100,19.9593,280.280000,351.961250,0.092949,0.110211,0,0,0,0,0,0,-5,0,0.0000,0.0000,0.0000,0.0000,0.0000,1.0000,0.0000,1,-0.035370,0.00007002,0.000070,19.549337,-0.415167
2022-07-01,,2.3100,1.9200,26.7000,23.0143,282.130000,351.481650,0.094232,0.107779,0,0,0,0,0,0,-5,0,0.0000,0.0000,0.0000,0.0000,0.0000,1.0000,0.0000,1,0.016250,0.00006768,0.000068,19.550660,-0.415127
2022-07-05,,2.4200,1.9200,27.5400,16.9043,286.960000,351.024900,0.090847,0.047173,0,0,0,0,0,0,-5,0,0.0000,0.0000,0.0000,0.0000,0.0000,1.0000,0.0000,1,0.051661,0.00006807,0.000068,19.551991,-0.415087
2022-07-06,,2.4100,1.9200,26.7300,19.1446,288.800000,350.599750,0.091481,0.060210,0,0,0,0,0,0,-5,0,0.0000,0.0000,0.0000,0.0000,0.0000,1.0000,0.0000,1,0.019103,0.00007469,0.000075,19.553451,-0.415044
2022-07-07,,2.3900,1.9200,26.0800,20.7739,294.980000,350.246150,0.090041,0.041098,0,0,0,0,0,0,-5,0,0.0000,0.0000,0.0000,0.0000,0.0000,1.0000,0.0000,1,0.061974,0.00007469,0.000075,19.554912,-0.415000
2022-07-08,,2.3300,1.9200,24.6400,19.5519,295.350000,349.892150,0.089819,0.036272,0,0,0,0,0,0,-5,0,0.0000,0.0000,0.0000,0.0000,0.0000,1.0000,0.0000,1,0.004683,0.00007664,0.000077,19.556410,-0.414955
2022-07-11,,2.3100,1.9200,26.1700,19.5519,289.040000,349.489500,0.091430,0.045390,0,0,0,0,0,0,-5,0,0.0000,0.0000,0.0000,0.0000,0.0000,1.0000,0.0000,1,-0.063822,0.00007781,0.000078,19.557932,-0.414910
2022-07-12,,2.3200,1.9200,27.2900,17.9226,286.240000,349.055800,0.091799,0.060335,0,0,0,0,0,0,-5,0,0.0000,0.0000,0.0000,0.0000,0.0000,1.0000,0.0000,1,-0.029108,0.00008558,0.000086,19.559606,-0.414859
2022-07-13,,2.3100,1.9200,26.8200,17.1079,285.650000,348.617400,0.091901,0.049777,0,0,0,0,0,0,-5,0,0.0000,0.0000,0.0000,0.0000,0.0000,1.0000,0.0000,1,-0.006312,0.00008714,0.000087,19.561310,-0.414808
2022-07-14,,2.3200,1.9200,26.4000,16.2933,286.670000,348.199000,0.092125,0.057191,0,0,0,0,0,0,-5,0,0.0000,0.0000,0.0000,0.0000,0.0000,1.0000,0.0000,1,0.010322,0.00009373,0.000094,19.563144,-0.414754
2022-07-15,,2.3100,1.9250,24.2300,17.7189,291.870000,347.859000,0.090567,0.050463,0,0,0,0,0,0,-5,0,0.0000,0.0000,0.0000,0.0000,0.0000,1.0000,0.0000,1,0.052652,0.00009412,0.000094,19.564985,-0.414699
2022-07-18,,2.3000,1.9300,25.3000,15.2749,289.400000,347.509600,0.090051,0.036945,0,0,0,0,0,0,-5,0,0.0000,0.0000,0.0000,0.0000,0.0000,1.0000,0.0000,1,-0.023143,0.00009295,0.000093,19.566803,-0.414644
2022-07-19,,2.2800,1.9300,24.5000,18.9409,298.300000,347.211300,0.088243,0.021240,0,0,0,0,0,0,-5,0,0.0000,0.0000,0.0000,0.0000,0.0000,1.0000,0.0000,1,0.087505,0.00009799,0.000098,19.568721,-0.414587
2022-07-20,,2.2600,1.9300,23.8800,18.3299,303.030000,346.925550,0.086519,-0.006603,0,0,0,0,1,1,-3,0,0.0000,0.0000,0.0000,0.0000,0.0000,1.0000,0.0000,1,0.050246,0.00009877,0.000099,19.570653,-0.414529
2022-07-21,,2.2000,1.9300,23.1100,20.1629,307.380000,346.699350,0.085872,-0.001839,0,0,0,0,1,1,-3,1,0.2000,0.2020,0.2020,0.0000,0.0000,0.7980,0.2020,1,0.042489,0.00009838,0.002615,19.621838,-0.412998
2022-07-22,,2.2300,1.9300,23.0300,19.5519,301.990000,346.422400,0.087866,0.001589,0,0,0,0,0,0,-5,1,0.3333,0.3301,0.3301,0.0000,0.0000,0.6699,0.3301,1,-0.052311,0.00009722,-0.005400,19.515875,-0.416168
2022-07-25,,2.2800,1.9300,23.3600,22.8106,300.270000,346.125400,0.088859,0.019658,0,0,0,0,0,0,-5,0,0.2222,0.2212,0.2212,0.0000,0.0000,0.7788,0.2212,1,-0.014900,0.00009760,-0.001211,19.492239,-0.416875
2022-07-26,,2.3100,1.9300,24.6900,21.9959,294.370000,345.782400,0.090460,0.049001,0,0,0,0,0,0,-5,0,0.1481,0.1464,0.1464,0.0000,0.0000,0.8536,0.1464,1,-0.060502,0.00010263,-0.003278,19.428337,-0.418786
2022-07-27,,2.2900,1.9300,23.2400,25.6619,306.810000,345.510650,0.088246,0.019866,0,0,0,0,0,0,-5,0,0.0988,0.1011,0.1011,0.0000,0.0000,0.8989,0.1011,1,0.124771,0.00009993,0.004970,19.524897,-0.415898
2022-07-28,,2.3000,1.9300,22.3300,31.7719,309.810000,345.267750,0.090280,0.059848,0,0,0,0,0,0,-5,0,0.0658,0.0665,0.0665,0.0000,0.0000,0.9335,0.0665,1,0.028627,0.00009567,0.000698,19.538526,-0.415490
2022-07-29,,2.4200,1.9300,21.3300,34.8269,315.460000,345.059350,0.089747,0.055035,0,0,0,0,0,0,-5,0,0.0439,0.0444,0.0444,0.0000,0.0000,0.9556,0.0444,1,0.055028,0.00009489,0.000997,19.558001,-0.414907
2022-08-01,,2.3600,1.9300,22.8400,33.8086,315.270000,344.835700,0.090111,0.065424,0,0,0,0,0,0,-5,0,0.0293,0.0294,0.0294,0.0000,0.0000,0.9706,0.0294,1,-0.001499,0.00009451,-0.000017,19.557677,-0.414917
2022-08-02,,2.3800,1.9300,23.9300,32.5866,314.330000,344.574200,0.090526,0.045163,0,0,0,0,0,0,-5,0,0.0195,0.0196,0.0196,0.0000,0.0000,0.9804,0.0196,1,-0.009307,0.00010031,-0.000036,19.556974,-0.414938
2022-08-03,,2.2900,1.9300,21.9500,35.8452,322.890000,344.343950,0.089685,0.021937,0,0,0,0,0,0,-5,0,0.0130,0.0133,0.0133,0.0000,0.0000,0.9867,0.0133,1,0.080000,0.00010031,0.000486,19.566475,-0.414654
2022-08-04,,2.2900,1.9300,21.4400,35.0305,324.400000,344.102700,0.089939,-0.000697,0,0,0,0,1,1,-3,0,0.0087,0.0087,0.0087,0.0000,0.0000,0.9913,0.0087,1,0.014310,0.00009877,0.000138,19.569179,-0.414573
2022-08-05,,2.3200,1.9300,21.1500,36.2525,321.750000,343.834100,0.089765,0.012414,0,0,0,0,0,0,-5,1,0.2058,0.2071,0.2071,0.0000,0.0000,0.7929,0.2071,1,-0.023790,0.00009799,0.001568,19.599866,-0.413655
2022-08-08,,2.2900,1.9300,21.2900,35.8452,320.710000,343.562750,0.090002,-0.009044,0,0,0,0,1,1,-3,0,0.1372,0.1365,0.1365,0.0000,0.0000,0.8635,0.1365,1,-0.010201,0.00010109,-0.000171,19.596509,-0.413755
2022-08-09,,2.2600,1.9300,21.7700,34.0122,317.080000,343.261800,0.091370,0.016429,0,0,0,0,0,0,-5,1,0.2915,0.2904,0.2904,0.0000,0.0000,0.7096,0.2904,1,-0.034354,0.00010379,-0.002311,19.551223,-0.415110
2022-08-10,,2.2600,1.9300,19.7400,41.9552,325.930000,343.020950,0.089883,0.011499,0,1,0,0,0,1,-3,0,0.1943,0.1950,0.1950,0.0000,0.0000,0.8050,0.1950,1,0.082123,0.00010457,0.007739,19.702525,-0.410584
2022-08-11,,2.2900,1.9300,20.2000,42.7699,324.080000,342.751700,0.089871,0.003855,0,0,0,0,0,0,-5,1,0.3295,0.3267,0.3267,0.0000,0.0000,0.6733,0.3267,1,-0.015068,0.00010379,-0.002770,19.647955,-0.412216
2022-08-12,,2.2900,1.9300,19.5300,47.8615,330.390000,342.508050,0.089815,0.013822,0,1,0,0,0,1,-3,0,0.2197,0.2219,0.2219,0.0000,0.0000,0.7781,0.2219,1,0.056467,0.00010263,0.005004,19.746279,-0.409275
2022-08-15,,2.2700,1.9300,19.9500,48.6762,333.060000,342.273350,0.090193,-0.015331,0,1,0,0,1,2,-1,1,0.3465,0.3490,0.3490,0.0000,0.0000,0.6510,0.3490,1,0.023960,0.00010302,0.003230,19.810053,-0.407367
2022-08-16,,2.2700,1.9300,19.6900,50.7128,332.280000,342.013650,0.090272,-0.018894,0,1,1,0,1,3,1,2,0.6310,0.6311,0.6311,0.0000,0.0000,0.3689,0.6311,1,-0.006428,0.00010650,-0.000613,19.797909,-0.407730
2022-08-17,,2.2700,1.9300,19.9000,48.4725,328.490000,341.725550,0.090765,-0.015420,0,1,0,0,1,2,-1,3,1.0206,1.0206,0.9794,0.0206,0.0000,0.0000,1.0000,1,-0.034679,0.00010573,-0.007917,19.641177,-0.412419
2022-08-18,,2.2400,1.9300,19.5600,49.6945,329.280000,341.434800,0.090841,-0.007227,0,1,0,0,1,2,-1,2,1.0804,1.0807,0.9193,0.0807,0.0000,0.0000,1.0000,1,0.006702,0.00010495,0.002658,19.693386,-0.410857
2022-08-19,,2.2400,1.9300,20.6000,45.2138,322.860000,341.103850,0.092031,-0.022430,0,0,0,0,1,1,-3,2,1.1203,1.1192,0.8808,0.1192,0.0000,0.0000,1.0000,1,-0.058589,0.00010611,-0.021524,19.269514,-0.423538
2022-08-22,,2.2500,1.9300,23.8000,38.6965,314.360000,340.709750,0.092706,-0.004539,0,0,0,0,1,1,-3,1,0.9469,0.9462,0.9462,0.0000,0.0000,0.0538,0.9462,1,-0.078642,0.00010727,-0.027348,18.742526,-0.439303
2022-08-23,,2.2400,1.9300,24.1100,38.6965,314.100000,340.289150,0.092373,0.009177,0,0,0,0,0,0,-5,1,0.8312,0.8312,0.8312,0.0000,0.0000,0.1688,0.8312,1,-0.003377,0.00011036,-0.000792,18.727677,-0.439747
2022-08-24,,2.2400,1.9300,22.8200,39.3075,315.010000,339.871200,0.092368,0.017760,0,0,0,0,0,0,-5,0,0.5542,0.5553,0.5553,0.0000,0.0000,0.4447,0.5553,1,0.007702,0.00010959,0.001137,18.748970,-0.439110
2022-08-25,,2.2300,1.9300,21.7800,44.3992,320.580000,339.483800,0.091643,0.018506,0,0,0,0,0,0,-5,0,0.3694,0.3722,0.3722,0.0000,0.0000,0.6278,0.3722,1,0.052583,0.00011036,0.007606,18.891582,-0.434844
2022-08-26,,2.2100,1.9300,25.5600,36.4562,307.440000,339.044400,0.093398,0.030662,0,0,0,0,0,0,-5,0,0.2463,0.2388,0.2388,0.0000,0.0000,0.7612,0.2388,1,-0.121696,0.00011268,-0.010174,18.699387,-0.440594
2022-08-29,,2.1900,1.9300,26.2100,34.0122,304.410000,338.618900,0.094305,0.051826,0,0,0,0,0,0,-5,0,0.1642,0.1641,0.1641,0.0000,0.0000,0.8359,0.1641,1,-0.030754,0.00011306,-0.002232,18.657657,-0.441842
2022-08-30,,2.1900,1.9300,26.2100,29.9389,301.020000,338.171050,0.093958,0.036490,0,0,0,0,0,0,-5,0,0.1095,0.1078,0.1078,0.0000,0.0000,0.8922,0.1078,1,-0.033436,0.00011615,-0.000821,18.642331,-0.442300
2022-08-31,,2.1700,1.9300,25.8700,28.3096,299.270000,337.693900,0.094058,0.035783,0,0,0,0,0,0,-5,0,0.0730,0.0719,0.0719,0.0000,0.0000,0.9281,0.0719,1,-0.018355,0.00011615,0.000026,18.642818,-0.442286
2022-09-01,,2.1800,1.9300,25.5600,28.5132,299.400000,337.217850,0.095114,0.050198,0,0,0,0,0,0,-5,0,0.0487,0.0491,0.0491,0.0000,0.0000,0.9509,0.0491,1,0.001079,0.00011576,-0.000071,18.641498,-0.442325
2022-09-02,,2.2200,1.9300,25.4700,26.8839,295.170000,336.706600,0.095095,0.058917,0,0,0,0,0,0,-5,0,0.0324,0.0317,0.0317,0.0000,0.0000,0.9683,0.0317,1,-0.041667,0.00011615,-0.000181,18.638129,-0.442426
2022-09-06,,2.2400,1.9350,26.9100,26.2729,293.050000,336.183700,0.095698,0.066944,0,0,0,0,0,0,-5,0,0.0216,0.0214,0.0214,0.0000,0.0000,0.9786,0.0214,1,-0.022864,0.00011499,-0.000029,18.637589,-0.442442
2022-09-07,,2.2700,1.9400,24.6400,33.6049,298.970000,335.669800,0.096951,0.060689,0,0,0,0,0,0,-5,0,0.0144,0.0147,0.0147,0.0000,0.0000,0.9853,0.0147,1,0.059072,0.00011884,0.000417,18.645369,-0.442210
2022-09-08,,2.2400,1.9400,23.6100,36.0489,300.520000,335.152450,0.096246,0.064703,0,0,0,0,0,0,-5,0,0.0096,0.0097,0.0097,0.0000,0.0000,0.9903,0.0097,1,0.016298,0.00012000,0.000132,18.647829,-0.442136
2022-09-09,,2.2500,1.9500,22.7900,40.1222,307.090000,334.691400,0.095155,0.078872,0,0,0,0,0,0,-5,0,0.0064,0.0065,0.0065,0.0000,0.0000,0.9935,0.0065,1,0.063435,0.00011961,0.000283,18.653101,-0.441978
2022-09-12,,2.2000,1.9600,23.8700,42.7699,310.740000,334.257700,0.095043,0.086205,0,0,0,0,0,0,-5,0,0.0043,0.0043,0.0043,0.0000,0.0000,0.9957,0.0043,1,0.036528,0.00012039,0.000180,18.656458,-0.441878
2022-09-13,,2.2000,1.9700,27.2700,31.5682,293.700000,333.732400,0.096718,0.089131,0,0,0,0,0,0,-5,0,0.0028,0.0028,0.0028,0.0000,0.0000,0.9972,0.0028,1,-0.164565,0.00012385,-0.000077,18.655019,-0.441921
2022-09-14,,2.1800,1.9850,26.1600,31.9756,296.030000,333.256550,0.097136,0.103193,0,0,0,0,0,0,-5,0,0.0019,0.0019,0.0019,0.0000,0.0000,0.9981,0.0019,1,0.022446,0.00012808,0.000146,18.657744,-0.441839
2022-09-15,,2.1500,1.9900,26.2700,30.3462,291.100000,332.713600,0.095804,0.099703,0,0,0,0,0,0,-5,0,0.0013,0.0013,0.0013,0.0000,0.0000,0.9987,0.0013,1,-0.050341,0.00012654,0.000101,18.659624,-0.441783
2022-09-16,,2.1200,1.9950,26.3000,27.6986,289.320000,332.191100,0.096574,0.093901,0,0,0,0,0,0,-5,0,0.0008,0.0008,0.0008,0.0000,0.0000,0.9992,0.0008,1,-0.019530,0.00012577,0.000116,18.661782,-0.441719
2022-09-19,,2.1800,2.0000,25.7600,29.5316,291.050000,331.710750,0.096461,0.077369,0,0,0,0,0,0,-5,0,0.0006,0.0006,0.0006,0.0000,0.0000,0.9994,0.0006,1,0.023984,0.00012500,0.000125,18.664118,-0.441649
2022-09-20,,2.1500,2.0050,27.1600,26.4766,288.730000,331.204850,0.096162,0.085780,0,0,0,0,0,0,-5,0,0.0004,0.0004,0.0004,0.0000,0.0000,0.9996,0.0004,1,-0.023819,0.00013153,0.000127,18.666482,-0.441578
2022-09-21,,2.1300,2.0200,27.9900,21.7923,283.560000,330.707000,0.096531,0.076113,0,0,0,0,0,0,-5,0,0.0002,0.0002,0.0002,0.0000,0.0000,0.9998,0.0002,1,-0.054900,0.00013077,0.000127,18.668846,-0.441507
2022-09-22,,2.1200,2.0300,27.3500,18.9409,280.070000,330.176350,0.095956,0.053642,0,0,0,0,0,0,-5,0,0.0002,0.0002,0.0002,0.0000,0.0000,0.9998,0.0002,1,-0.037005,0.00012923,0.000127,18.671211,-0.441436
2022-09-23,,2.0800,2.0350,29.9200,14.8676,275.510000,329.564750,0.097513,0.067178,0,0,0,0,0,0,-5,0,0.0001,0.0001,0.0001,0.0000,0.0000,0.9999,0.0001,1,-0.047811,0.00012846,0.000126,18.673566,-0.441366
2022-09-26,,2.0900,2.0450,32.2600,12.2200,274.370000,328.938550,0.096113,0.032875,0,0,0,0,0,0,-5,0,0.0001,0.0001,0.0001,0.0000,0.0000,0.9999,0.0001,1,-0.013609,0.00012654,0.000126,18.675921,-0.441296
2022-09-27,,2.0100,2.0450,32.6000,11.4053,274.480000,328.342300,0.094736,0.005093,1,0,0,0,0,1,-3,0,0.0000,0.0000,0.0000,0.0000,0.0000,1.0000,0.0000,1,0.000951,0.00013230,0.000133,18.678398,-0.441221
2022-09-28,,2.0800,2.0500,30.1800,16.0896,279.940000,327.751950,0.093906,0.032662,0,0,0,0,0,0,-5,1,0.2000,0.2032,0.2032,0.0000,0.0000,0.7968,0.2032,1,0.058460,0.00013077,0.004085,18.754701,-0.438939
2022-09-29,,2.2500,2.0500,31.8400,12.8310,271.870000,327.150000,0.092064,0.006038,0,0,0,0,0,0,-5,0,0.1334,0.1317,0.1317,0.0000,0.0000,0.8683,0.1317,1,-0.084419,0.00013269,-0.004793,18.664813,-0.441628
2022-09-30,,2.2700,2.0500,31.6200,12.0163,267.260000,326.545300,0.091704,0.016965,0,0,0,0,0,0,-5,0,0.0889,0.0878,0.0878,0.0000,0.0000,0.9122,0.0878,1,-0.052477,0.00013115,-0.001538,18.636112,-0.442486
2022-10-03,,2.2400,2.0500,30.1000,16.4969,273.530000,325.927700,0.091964,0.022527,0,0,0,0,0,0,-5,0,0.0593,0.0602,0.0602,0.0000,0.0000,0.9398,0.0602,1,0.069358,0.00013000,0.001690,18.667613,-0.441544
2022-10-04,,2.2900,2.0550,29.0700,22.8106,282.130000,325.404150,0.091092,-0.003634,0,0,0,0,1,1,-3,0,0.0395,0.0399,0.0399,0.0000,0.0000,0.9601,0.0399,1,0.092933,0.00013499,0.001769,18.700642,-0.440556
2022-10-05,,2.2700,2.0600,28.5500,23.0143,281.980000,324.889500,0.089276,-0.027222,0,0,0,0,1,1,-3,1,0.2263,0.2287,0.2287,0.0000,0.0000,0.7713,0.2287,1,0.000000,0.00013461,0.002555,18.748421,-0.439127
2022-10-06,,2.2200,2.0650,30.5200,21.5886,279.760000,324.384850,0.087232,-0.050053,0,0,0,0,1,1,-3,1,0.3509,0.3499,0.3499,0.0000,0.0000,0.6501,0.3499,1,-0.025244,0.00013499,-0.002245,18.706327,-0.440386
2022-10-07,,2.1600,2.0700,31.3600,17.5153,269.100000,323.784300,0.087875,-0.044293,0,0,0,0,1,1,-3,1,0.4339,0.4286,0.4286,0.0000,0.0000,0.5714,0.4286,1,-0.114039,0.00013499,-0.015144,18.423032,-0.448861
2022-10-10,,2.1700,2.0700,32.4500,17.3116,266.410000,323.146600,0.088703,-0.019234,0,0,0,0,1,1,-3,1,0.4893,0.4866,0.4866,0.0000,0.0000,0.5134,0.4866,1,-0.031282,0.00013461,-0.004869,18.333321,-0.451545
2022-10-11,,2.1700,2.0700,33.6300,17.5153,262.750000,322.475750,0.088947,-0.011480,0,0,0,0,1,1,-3,1,0.5262,0.5243,0.5243,0.0000,0.0000,0.4757,0.5243,1,-0.039704,0.00013461,-0.006927,18.206329,-0.455344
2022-10-12,,2.2300,2.0750,33.5700,17.1079,262.660000,321.771650,0.086269,-0.020334,0,0,0,0,1,1,-3,1,0.5508,0.5501,0.5501,0.0000,0.0000,0.4499,0.5501,1,-0.002205,0.00014304,-0.000190,18.202879,-0.455447
2022-10-13,,2.2700,2.0800,31.9400,18.5336,268.820000,321.107700,0.086155,-0.003902,0,0,0,0,1,1,-3,1,0.5672,0.5800,0.5800,0.0000,0.0000,0.4200,0.5800,1,0.066851,0.00014418,0.014242,18.462129,-0.447691
2022-10-14,,2.2800,2.0800,32.0200,15.6823,260.740000,320.403650,0.086891,0.010644,0,0,0,0,0,0,-5,1,0.5781,0.5685,0.5685,0.0000,0.0000,0.4315,0.5685,1,-0.090109,0.00014763,-0.017218,18.144246,-0.457201
2022-10-17,,2.2800,2.0800,31.3700,19.1446,269.350000,319.748650,0.086487,-0.014577,0,0,0,0,1,1,-3,0,0.3854,0.3876,0.3876,0.0000,0.0000,0.6124,0.3876,1,0.098463,0.00014839,0.017000,18.452694,-0.447974
2022-10-18,,2.2800,2.0800,30.5000,21.7923,271.480000,319.116800,0.087045,-0.019155,0,0,0,0,1,1,-3,1,0.4569,0.4524,0.4524,0.0000,0.0000,0.5476,0.4524,1,0.024870,0.00015450,0.001983,18.489293,-0.446879
2022-10-19,,2.2800,2.0800,30.7600,20.9776,270.490000,318.460850,0.086526,-0.040995,0,0,0,0,1,1,-3,1,0.5046,0.5051,0.5051,0.0000,0.0000,0.4949,0.5051,1,-0.012133,0.00015718,-0.001463,18.462240,-0.447688
2022-10-20,,2.2500,2.0850,29.9800,18.5336,269.110000,317.824050,0.085055,-0.032942,0,0,0,0,1,1,-3,1,0.5364,0.5360,0.5360,0.0000,0.0000,0.4640,0.5360,1,-0.016888,0.00015832,-0.002561,18.414954,-0.449103
2022-10-21,,2.2400,2.0900,29.6900,23.6253,275.420000,317.279700,0.084573,-0.058262,0,0,0,0,1,1,-3,1,0.5576,0.5644,0.5644,0.0000,0.0000,0.4356,0.5644,1,0.070796,0.00015908,0.013266,18.659248,-0.441794
2022-10-24,,2.3600,2.0900,29.8500,25.4582,278.450000,316.751850,0.084251,-0.056324,0,0,0,0,1,1,-3,1,0.5717,0.5742,0.5742,0.0000,0.0000,0.4258,0.5742,1,0.034030,0.00015908,0.006349,18.777707,-0.438251
2022-10-25,,2.3400,2.0950,28.4600,30.3462,284.210000,316.273600,0.084589,-0.057426,0,0,0,0,1,1,-3,1,0.5812,0.5853,0.5853,0.0000,0.0000,0.4147,0.5853,1,0.060179,0.00016175,0.012051,19.004005,-0.431481
2022-10-26,,2.3700,2.1000,27.2800,31.7719,277.930000,315.762700,0.085192,-0.055163,0,0,0,0,1,1,-3,1,0.5874,0.5870,0.5870,0.0000,0.0000,0.4130,0.5870,1,-0.066075,0.00016099,-0.012881,18.759212,-0.438804
2022-10-27,,2.3300,2.1000,27.3900,32.9939,272.870000,315.197950,0.086333,-0.034263,0,0,0,0,1,1,-3,1,0.5916,0.5882,0.5882,0.0000,0.0000,0.4118,0.5882,1,-0.055081,0.00015985,-0.010702,18.558452,-0.444810
2022-10-28,,2.3400,2.1000,25.7500,38.6965,281.220000,314.667300,0.086641,-0.034444,0,0,0,0,1,1,-3,1,0.5944,0.6022,0.6022,0.0000,0.0000,0.3978,0.6022,1,0.090452,0.00016061,0.018289,18.897872,-0.434656
2022-10-31,,2.3000,2.1100,25.8800,38.0855,277.950000,314.168750,0.086456,-0.034434,0,0,0,0,1,1,-3,1,0.5963,0.5954,0.5954,0.0000,0.0000,0.4046,0.5954,1,-0.034562,0.00016251,-0.006925,18.767001,-0.438571
2022-11-01,,2.2800,2.1200,25.8100,38.6965,275.110000,313.644250,0.087174,-0.029261,0,0,0,0,1,1,-3,1,0.5975,0.5920,0.5920,0.0000,0.0000,0.4080,0.5920,1,-0.031026,0.00016404,-0.005997,18.654464,-0.441937
2022-11-02,,2.2200,2.1200,25.8600,33.8086,265.680000,313.119900,0.088551,-0.028118,0,0,0,0,1,1,-3,1,0.5983,0.5900,0.5900,0.0000,0.0000,0.4100,0.5900,1,-0.103448,0.00016442,-0.020445,18.273066,-0.453347
2022-11-03,,2.1800,2.1250,25.3000,33.4012,260.490000,312.589950,0.089863,-0.000199,0,0,0,0,1,1,-3,1,0.5989,0.5966,0.5966,0.0000,0.0000,0.4034,0.5966,1,-0.057692,0.00016404,-0.011569,18.061673,-0.459671
2022-11-04,,2.1900,2.1300,24.5500,36.4562,264.680000,312.104750,0.089132,-0.007366,0,0,0,0,1,1,-3,1,0.5993,0.5985,0.5985,0.0000,0.0000,0.4015,0.5985,1,0.046647,0.00016518,0.009668,18.236301,-0.454447
2022-11-07,,2.2200,2.1300,24.3500,40.7332,267.590000,311.684250,0.086604,-0.031810,0,0,0,0,1,1,-3,1,0.5995,0.6012,0.6012,0.0000,0.0000,0.3988,0.6012,1,0.031755,0.00016366,0.006646,18.357506,-0.450821
2022-11-08,,2.2200,2.1300,25.5400,42.7699,269.540000,311.265450,0.086741,-0.034089,0,0,0,0,1,1,-3,1,0.5997,0.6000,0.6000,0.0000,0.0000,0.4000,0.6000,1,0.021598,0.00016670,0.004443,18.439060,-0.448381
2022-11-09,,2.2300,2.1300,26.0900,38.0855,263.320000,310.856500,0.087871,-0.023165,0,0,0,0,1,1,-3,1,0.5998,0.5958,0.5958,0.0000,0.0000,0.4042,0.5958,1,-0.069767,0.00016632,-0.013803,18.184544,-0.455995
2022-11-10,,2.3300,2.1300,23.5300,52.3422,282.750000,310.547400,0.087220,-0.036130,0,0,1,0,1,2,-1,1,0.5999,0.6056,0.6056,0.0000,0.0000,0.3944,0.6056,1,0.218750,0.00016670,0.043847,18.981876,-0.432143
2022-11-11,,2.3600,2.1350,22.5200,54.5825,287.960000,310.281700,0.085418,-0.055598,0,0,1,0,1,2,-1,2,0.7999,0.8029,0.8029,0.0000,0.0000,0.1971,0.8029,1,0.056876,0.00016632,0.014901,19.264722,-0.423681
2022-11-14,,2.3600,2.1450,23.7300,50.1018,285.440000,309.949900,0.085126,-0.070227,0,0,1,0,1,2,-1,2,0.9333,0.9332,0.9332,0.0000,0.0000,0.0668,0.9332,1,-0.026467,0.00016632,-0.007212,19.125786,-0.427837
2022-11-15,,2.2700,2.1500,24.5400,54.1752,289.390000,309.581600,0.085335,-0.076654,0,0,1,0,1,2,-1,2,1.0222,1.0220,0.9780,0.0220,0.0000,0.0000,1.0000,1,0.040326,0.00016860,0.012056,19.356367,-0.420939
2022-11-16,,2.2300,2.1550,24.1100,52.6423,285.440000,309.181200,0.086762,-0.058254,0,0,1,0,1,2,-1,2,1.0815,1.0809,0.9191,0.0809,0.0000,0.0000,1.0000,1,-0.040505,0.00016746,-0.014414,19.077363,-0.429286
2022-11-17,,2.2400,2.1600,23.9300,51.0163,284.810000,308.762800,0.085506,-0.070800,0,0,1,0,1,2,-1,2,1.1210,1.1225,0.8775,0.1225,0.0000,0.0000,1.0000,1,-0.007717,0.00016784,-0.001856,19.041964,-0.430345
2022-11-18,,2.1800,2.1650,23.1200,55.4878,284.820000,308.419150,0.086925,-0.048595,0,0,1,0,1,2,-1,2,1.1473,1.1460,0.8540,0.1460,0.0000,0.0000,1.0000,1,-0.000915,0.00016784,-0.000201,19.038144,-0.430459
2022-11-21,,2.1300,2.1650,22.3600,55.0813,281.890000,308.038550,0.087635,-0.060065,1,0,1,0,1,3,1,2,1.1649,1.1641,0.8359,0.1641,0.0000,0.0000,1.0000,1,-0.030220,0.00016860,-0.011957,18.810499,-0.437270
2022-11-22,,2.0800,2.1650,21.2900,57.7236,285.950000,307.692650,0.087209,-0.074731,1,0,1,0,1,3,1,3,1.3766,1.3793,0.6207,0.3793,0.0000,0.0000,1.0000,1,0.042021,0.00017127,0.019122,19.170189,-0.426509
2022-11-23,,2.0700,2.1650,20.3500,60.7724,288.820000,307.341150,0.087632,-0.068036,1,0,1,0,1,3,1,3,1.5177,1.5201,0.4799,0.5201,0.0000,0.0000,1.0000,1,0.029905,0.00017089,0.015052,19.458747,-0.417877
2022-11-25,,2.0200,2.1650,20.5000,62.6016,286.920000,306.942100,0.088161,-0.063829,1,0,1,0,1,3,1,3,1.6118,1.6115,0.3885,0.6115,0.0000,0.0000,1.0000,1,-0.020678,0.00017089,-0.010420,19.255987,-0.423942
2022-11-28,,2.0600,2.1650,22.2100,57.3171,282.710000,306.563500,0.088669,-0.067670,1,0,1,0,1,3,1,3,1.6745,1.6727,0.3273,0.6727,0.0000,0.0000,1.0000,1,-0.044025,0.00017127,-0.024402,18.786098,-0.437999
2022-11-29,,2.0500,2.1650,21.8900,57.7236,280.570000,306.231050,0.088164,-0.073441,1,0,1,0,1,3,1,3,1.7164,1.7147,0.2853,0.7147,0.0000,0.0000,1.0000,1,-0.023966,0.00017127,-0.012786,18.545906,-0.445185
2022-11-30,,2.0600,2.1650,20.5800,65.2439,293.360000,305.960400,0.087605,-0.088226,1,0,1,0,1,3,1,3,1.7442,1.7522,0.2478,0.7522,0.0000,0.0000,1.0000,1,0.134328,0.00017013,0.079592,20.022004,-0.401026
2022-12-01,,2.1500,2.1650,19.8400,65.0407,293.720000,305.648350,0.087596,-0.098813,1,1,1,0,1,4,3,3,1.7628,1.7629,0.2371,0.7629,0.0000,0.0000,1.0000,1,0.005518,0.00016974,0.001704,20.056121,-0.400006
2022-12-02,,2.0900,2.1650,19.0600,64.0244,292.550000,305.330900,0.087280,-0.094680,1,1,1,0,1,4,3,4,1.9752,1.9756,0.0244,0.9756,0.0000,0.0000,1.0000,1,-0.011819,0.00016822,-0.004022,19.975454,-0.402419
2022-12-05,,2.0300,2.1650,20.7500,57.9268,287.640000,305.041850,0.088378,-0.069991,1,0,1,0,1,3,1,4,2.1168,2.1159,0.0000,0.8841,0.1159,0.0000,1.0000,1,-0.050406,0.00016860,-0.035603,19.264267,-0.423695
2022-12-06,,1.9900,2.1650,22.1700,56.5041,281.680000,304.742700,0.090229,-0.048540,1,0,1,0,1,3,1,3,2.0112,2.0110,0.0000,0.9890,0.0110,0.0000,1.0000,1,-0.063428,0.00016936,-0.041719,18.460584,-0.447738
2022-12-07,,1.9700,2.1650,22.6800,55.2846,280.530000,304.454950,0.089963,-0.069853,1,0,1,0,1,3,1,3,1.9408,1.9408,0.0592,0.9408,0.0000,0.0000,1.0000,1,-0.012008,0.00016974,-0.008694,18.300085,-0.452539
2022-12-08,,1.9500,2.1650,22.2900,56.9106,283.850000,304.227100,0.089845,-0.075380,1,0,1,0,1,3,1,3,1.8939,1.8946,0.1054,0.8946,0.0000,0.0000,1.0000,1,0.035489,0.00016670,0.023180,18.724289,-0.439849
2022-12-09,,1.9100,2.1650,22.8300,55.6911,282.040000,303.934850,0.090050,-0.060542,1,0,1,0,1,3,1,3,1.8626,1.8623,0.1377,0.8623,0.0000,0.0000,1.0000,1,-0.019249,0.00016632,-0.012214,18.495600,-0.446690
2022-12-12,,1.9000,2.1650,25.0000,59.5528,285.580000,303.633900,0.090801,-0.061854,1,0,1,0,1,3,1,3,1.8417,1.8433,0.1567,0.8433,0.0000,0.0000,1.0000,1,0.036381,0.00016746,0.022407,18.910027,-0.434292
2022-12-13,,1.8800,2.1650,22.5500,63.2114,288.650000,303.343150,0.090392,-0.065088,1,0,1,0,1,3,1,3,1.8278,1.8240,0.1760,0.8240,0.0000,0.0000,1.0000,1,0.031409,0.00017013,0.020544,19.298512,-0.422670
2022-12-14,,1.9100,2.1650,21.1400,59.7561,286.510000,303.068250,0.090861,-0.057324,1,0,1,0,1,3,1,3,1.8185,1.8178,0.1822,0.8178,0.0000,0.0000,1.0000,1,-0.023735,0.00016898,-0.014023,19.027895,-0.430766
2022-12-15,,1.9500,2.1650,22.8300,52.8455,276.890000,302.716600,0.092010,-0.048354,1,0,1,0,1,3,1,3,1.8124,1.8094,0.1906,0.8094,0.0000,0.0000,1.0000,1,-0.099083,0.00016822,-0.061051,17.866232,-0.465518
2022-12-16,,1.9700,2.1650,22.6200,49.1870,274.250000,302.376550,0.091946,-0.042339,1,0,0,0,1,2,-1,3,1.8082,1.8071,0.1929,0.8071,0.0000,0.0000,1.0000,1,-0.029532,0.00016860,-0.017784,17.548503,-0.475023
2022-12-19,,1.9800,2.1650,22.4200,46.3415,269.750000,302.038800,0.091614,-0.062486,1,0,0,0,1,2,-1,2,1.6055,1.6022,0.3978,0.6022,0.0000,0.0000,1.0000,1,-0.041448,0.00016746,-0.022365,17.156023,-0.486764
2022-12-20,,1.9800,2.1650,21.4800,46.7480,269.540000,301.762200,0.091515,-0.049976,1,0,0,0,1,2,-1,2,1.4703,1.4713,0.5287,0.4713,0.0000,0.0000,1.0000,1,-0.004379,0.00016974,-0.002524,17.112714,-0.488060
2022-12-21,,1.9900,2.1650,20.0700,49.5935,273.450000,301.512700,0.091422,-0.037174,1,0,0,0,1,2,-1,2,1.3802,1.3827,0.6173,0.3827,0.0000,0.0000,1.0000,1,0.043430,0.00016898,0.020445,17.462575,-0.477594
2022-12-22,,2.0100,2.1650,21.9700,47.1545,266.760000,301.171550,0.092181,-0.018879,1,0,0,0,1,2,-1,2,1.3201,1.3172,0.6828,0.3172,0.0000,0.0000,1.0000,1,-0.075869,0.00016822,-0.034406,16.861757,-0.495568
2022-12-23,,1.9900,2.1650,20.8700,49.3902,267.360000,300.852000,0.092594,0.006068,1,0,0,0,0,1,-3,2,1.2801,1.2818,0.7182,0.2818,0.0000,0.0000,1.0000,1,0.002851,0.00016898,0.002753,16.908178,-0.494179
2022-12-27,,2.0000,2.1650,21.6500,51.2195,263.580000,300.547900,0.093537,0.021338,1,0,1,0,0,2,-1,1,1.0534,1.0527,0.9473,0.0527,0.0000,0.0000,1.0000,1,-0.042638,0.00016860,-0.015838,16.640390,-0.502190
2022-12-28,,2.0200,2.1650,22.1400,46.3415,260.100000,300.257550,0.093811,0.020637,1,0,0,0,0,1,-3,2,1.1023,1.1012,0.8988,0.1012,0.0000,0.0000,1.0000,1,-0.040380,0.00017317,-0.014516,16.398840,-0.509416
2022-12-29,,2.0100,2.1650,21.4400,51.2195,266.440000,299.949000,0.092818,0.019220,1,0,1,0,0,2,-1,1,0.9348,0.9356,0.9356,0.0000,0.0000,0.0644,0.9356,1,0.070545,0.00017317,0.024523,16.800982,-0.497386
2022-12-30,,2.0100,2.1650,21.6700,49.1870,266.280000,299.578800,0.092174,0.032920,1,0,0,0,0,1,-3,2,1.0232,1.0235,0.9765,0.0235,0.0000,0.0000,1.0000,1,0.000000,0.00017279,0.000343,16.806746,-0.497213
2023-01-03,,1.9900,2.1650,22.9000,49.3902,264.480000,299.179000,0.092563,0.062365,1,0,0,0,0,1,-3,1,0.8822,0.8805,0.8805,0.0000,0.0000,0.1195,0.8805,1,-0.022543,0.00017165,-0.004747,16.726959,-0.499600
2023-01-04,,2.0300,2.1650,22.0100,52.2358,265.740000,298.750250,0.092688,0.057945,1,0,1,0,0,2,-1,1,0.7881,0.7875,0.7875,0.0000,0.0000,0.2125,0.7875,1,0.015376,0.00017582,0.004514,16.802467,-0.497341
2023-01-05,,2.0700,2.1650,22.4600,49.1870,261.580000,298.307750,0.091729,0.035939,1,0,0,0,0,1,-3,2,0.9254,0.9248,0.9248,0.0000,0.0000,0.0752,0.9248,1,-0.047175,0.00017658,-0.013607,16.573843,-0.504181
2023-01-06,,2.0300,2.1650,21.1300,55.0813,268.800000,297.866950,0.091476,0.030840,1,0,1,0,0,2,-1,1,0.8169,0.8200,0.8200,0.0000,0.0000,0.1800,0.8200,1,0.078240,0.00018076,0.023261,16.959370,-0.492647
2023-01-09,,2.0700,2.1650,21.9700,55.4878,270.540000,297.460500,0.092147,0.074115,1,0,1,0,0,2,-1,2,0.9446,0.9446,0.9446,0.0000,0.0000,0.0554,0.9446,1,0.020975,0.00018114,0.005183,17.047263,-0.490018
2023-01-10,,2.0200,2.1650,20.5800,57.7236,272.830000,297.026400,0.091531,0.066595,1,0,1,0,0,2,-1,2,1.0297,1.0301,0.9699,0.0301,0.0000,0.0000,1.0000,1,0.026652,0.00018227,0.009060,17.201704,-0.485398
2023-01-11,,2.0200,2.1650,21.0900,61.9919,277.550000,296.617400,0.091121,0.053827,1,0,1,0,0,2,-1,2,1.0865,1.0875,0.9125,0.0875,0.0000,0.0000,1.0000,1,0.049757,0.00018341,0.018509,17.520090,-0.475873
2023-01-12,,1.9900,2.1650,18.8300,63.2114,279.050000,296.188100,0.090173,0.046124,1,1,1,0,0,3,1,2,1.1243,1.1246,0.8754,0.1246,0.0000,0.0000,1.0000,1,0.015456,0.00018303,0.005847,17.622527,-0.472809
2023-01-13,,1.9700,2.1650,18.3500,63.8211,280.970000,295.737000,0.089498,0.030261,1,1,1,0,0,3,1,3,1.3496,1.3532,0.6468,0.3532,0.0000,0.0000,1.0000,1,0.019787,0.00018076,0.011299,17.821649,-0.466852
2023-01-17,,1.9500,2.1650,19.3600,63.2114,281.540000,295.309250,0.089537,0.037553,1,1,1,0,0,3,1,3,1.4997,1.5002,0.4998,0.5002,0.0000,0.0000,1.0000,1,0.005473,0.00018114,0.002753,17.870713,-0.465384
2023-01-18,,1.9100,2.1650,20.3400,57.3171,277.880000,294.885950,0.088789,0.047032,1,0,1,0,0,2,-1,3,1.5998,1.5951,0.4049,0.5951,0.0000,0.0000,1.0000,1,-0.037110,0.00018265,-0.021265,17.490689,-0.476753
2023-01-19,,1.9600,2.1650,20.5200,53.8618,275.150000,294.452450,0.088540,0.048693,1,0,1,0,0,2,-1,2,1.4665,1.4656,0.5344,0.4656,0.0000,0.0000,1.0000,1,-0.031346,0.00018190,-0.015462,17.220240,-0.484843
2023-01-20,,1.9900,2.1650,19.8500,59.5528,282.680000,294.019350,0.087438,0.039533,1,1,1,0,0,3,1,2,1.3777,1.3828,0.6172,0.3828,0.0000,0.0000,1.0000,1,0.081698,0.00018265,0.038624,17.885351,-0.464946
2023-01-23,,1.9800,2.1650,19.8100,63.8211,288.960000,293.658650,0.086426,0.022608,1,1,1,0,0,3,1,3,1.5185,1.5234,0.4766,0.5234,0.0000,0.0000,1.0000,1,0.065718,0.00018303,0.033170,18.478600,-0.447199
2023-01-24,,1.9600,2.1650,19.2000,63.8211,288.370000,293.334200,0.086957,0.021700,1,1,1,0,0,3,1,3,1.6123,1.6133,0.3867,0.6133,0.0000,0.0000,1.0000,1,-0.005983,0.00018341,-0.003057,18.422109,-0.448889
2023-01-25,,1.9400,2.1650,19.0800,64.2276,287.730000,293.002350,0.085750,-0.007121,1,1,1,0,1,4,3,3,1.6749,1.6778,0.3222,0.6778,0.0000,0.0000,1.0000,1,-0.007407,0.00018303,-0.003321,18.360931,-0.450719
2023-01-26,,1.9600,2.1650,18.7300,66.0569,293.340000,292.723300,0.085102,-0.018480,1,1,1,1,1,5,5,4,1.9166,1.9171,0.0829,0.9171,0.0000,0.0000,1.0000,1,0.057836,0.00018303,0.034082,18.986707,-0.431998
2023-01-27,,1.9100,2.1650,18.5100,67.4797,296.260000,292.500150,0.084907,-0.018817,1,1,1,1,1,5,5,5,2.2777,2.2805,0.0000,0.7195,0.2805,0.0000,1.0000,1,0.028660,0.00018265,0.023880,19.440108,-0.418434
2023-01-30,,1.8800,2.1650,19.9400,64.6341,290.270000,292.254250,0.085599,-0.018821,1,1,1,0,1,4,3,5,2.5185,2.5163,0.0000,0.4837,0.5163,0.0000,1.0000,1,-0.060009,0.00018341,-0.048538,18.496523,-0.446662
2023-01-31,,1.8700,2.1650,19.4000,69.3089,294.620000,291.995600,0.084986,-0.043654,1,1,1,1,1,5,5,4,2.4790,2.4824,0.0000,0.5176,0.4824,0.0000,1.0000,1,0.044688,0.00018303,0.037440,19.189035,-0.425945
2023-02-01,,1.9000,2.1650,17.8700,71.9512,300.920000,291.808050,0.084238,-0.069305,1,1,1,1,1,5,5,5,2.6527,2.6573,0.0000,0.3427,0.6573,0.0000,1.0000,1,0.064601,0.00018227,0.057238,20.287368,-0.393088
2023-02-02,,1.9100,2.1650,18.7300,77.2358,311.720000,291.673200,0.083209,-0.073591,1,1,1,1,1,5,5,5,2.7684,2.7702,0.0000,0.2298,0.7702,0.0000,1.0000,1,0.103321,0.00018076,0.093143,22.176996,-0.336558
2023-02-03,,1.8800,2.1650,18.3300,72.1545,306.180000,291.472800,0.082345,-0.053364,1,1,1,1,1,5,5,5,2.8456,2.8462,0.0000,0.1538,0.8462,0.0000,1.0000,1,-0.051654,0.00018076,-0.047774,21.117514,-0.368253
2023-02-06,,1.8300,2.1650,19.4300,69.9187,303.590000,291.284700,0.083559,-0.039354,1,1,1,1,1,5,5,5,2.8971,2.8971,0.0000,0.1029,0.8971,0.0000,1.0000,1,-0.025470,0.00018227,-0.024113,20.608317,-0.383486
2023-02-07,,1.7700,2.1650,18.6600,72.7642,309.880000,291.163350,0.082444,-0.068531,1,1,1,1,1,5,5,5,2.9314,2.9326,0.0000,0.0674,0.9326,0.0000,1.0000,1,0.061922,0.00018265,0.060531,21.855767,-0.346168
2023-02-08,,1.7800,2.1650,19.6300,69.7154,304.370000,291.058200,0.081955,-0.062804,1,1,1,1,1,5,5,5,2.9543,2.9537,0.0000,0.0463,0.9537,0.0000,1.0000,1,-0.053768,0.00018265,-0.052901,20.699569,-0.380757
2023-02-09,,1.8300,2.1650,20.7100,66.4634,301.680000,290.918700,0.081542,-0.046354,1,0,1,1,1,4,3,5,2.9695,2.9689,0.0000,0.0311,0.9689,0.0000,1.0000,1,-0.026811,0.00018303,-0.026753,20.145788,-0.397323
2023-02-10,,1.8400,2.1650,20.5300,69.5122,299.700000,290.831500,0.082970,-0.026158,1,0,1,1,1,4,3,4,2.7797,2.7798,0.0000,0.2202,0.7798,0.0000,1.0000,1,-0.020559,0.00018493,-0.020515,19.732505,-0.409687
2023-02-13,,1.8500,2.1650,20.3400,70.7317,304.500000,290.770200,0.082504,-0.034368,1,0,1,1,1,4,3,4,2.6531,2.6555,0.0000,0.3445,0.6555,0.0000,1.0000,1,0.047439,0.00018568,0.042634,20.573785,-0.384519
2023-02-14,,1.8400,2.1650,18.9100,71.3415,306.750000,290.663900,0.082190,-0.054982,1,1,1,1,1,5,5,4,2.5687,2.5720,0.0000,0.4280,0.5720,0.0000,1.0000,1,0.021643,0.00018644,0.017642,20.936755,-0.373661
2023-02-15,,1.8100,2.1650,18.2300,72.1545,309.100000,290.643150,0.082456,-0.037463,1,1,1,1,1,5,5,5,2.7125,2.7151,0.0000,0.2849,0.7151,0.0000,1.0000,1,0.022362,0.00018606,0.021510,21.387107,-0.360188
2023-02-16,,1.8200,2.1650,20.1700,68.9024,303.300000,290.567250,0.082970,-0.046909,1,0,1,1,1,4,3,5,2.8083,2.8078,0.0000,0.1922,0.8078,0.0000,1.0000,1,-0.057176,0.00018568,-0.052386,20.266716,-0.393706
2023-02-17,,1.8400,2.1650,20.0200,68.6992,301.160000,290.478950,0.084074,-0.041942,1,0,1,1,1,4,3,4,2.6722,2.6724,0.0000,0.3276,0.6724,0.0000,1.0000,1,-0.021571,0.00018758,-0.020316,19.854975,-0.406023
2023-02-21,,1.8900,2.1650,22.8700,62.8049,294.030000,290.301100,0.084192,-0.034534,1,0,1,1,1,4,3,4,2.5815,2.5790,0.0000,0.4210,0.5790,0.0000,1.0000,1,-0.070300,0.00018758,-0.061997,18.624035,-0.442848
2023-02-22,,1.8700,2.1650,22.2900,62.8049,294.250000,290.207350,0.083982,-0.041259,1,0,1,1,1,4,3,4,2.5210,2.5208,0.0000,0.4792,0.5208,0.0000,1.0000,1,0.000895,0.00018833,0.001139,18.645245,-0.442213
2023-02-23,,1.8500,2.1650,21.1400,63.6179,296.820000,290.145200,0.083100,-0.057169,1,0,1,1,1,4,3,4,2.4807,2.4798,0.0000,0.5202,0.4798,0.0000,1.0000,1,0.025034,0.00018758,0.021507,19.046242,-0.430217
2023-02-24,,1.8600,2.1650,21.6700,59.1463,291.850000,290.118700,0.084023,-0.052462,1,0,1,1,1,4,3,4,2.4538,2.4540,0.0000,0.5460,0.4540,0.0000,1.0000,1,-0.050589,0.00018758,-0.042195,18.242586,-0.454259
2023-02-27,,1.8600,2.1650,20.9500,59.3496,293.940000,290.084600,0.083172,-0.056978,1,0,1,1,1,4,3,4,2.4358,2.4351,0.0000,0.5649,0.4351,0.0000,1.0000,1,0.021589,0.00018833,0.017931,18.569690,-0.444474
2023-02-28,,1.8700,2.1600,20.7000,57.7236,293.560000,290.093200,0.082017,-0.062006,1,0,1,1,1,4,3,4,2.4239,2.4241,0.0000,0.5759,0.4241,0.0000,1.0000,1,-0.004946,0.00018947,-0.004054,18.494413,-0.446725
2023-03-01,,1.9000,2.1550,20.5800,55.0813,291.200000,290.093450,0.080977,-0.073218,1,0,1,1,1,4,3,4,2.4159,2.4141,0.0000,0.5859,0.4141,0.0000,1.0000,1,-0.024401,0.00018909,-0.019540,18.133036,-0.457536
2023-03-02,,1.8400,2.1500,19.5900,57.9268,293.610000,290.051800,0.081873,-0.060559,1,1,1,1,1,5,5,4,2.4106,2.4144,0.0000,0.5856,0.4144,0.0000,1.0000,1,0.024085,0.00018985,0.019940,18.494609,-0.446720
2023-03-03,,1.8200,2.1500,18.4900,62.1951,299.680000,290.058000,0.081954,-0.073525,1,1,1,1,1,5,5,5,2.6071,2.6101,0.0000,0.3899,0.6101,0.0000,1.0000,1,0.061058,0.00019023,0.051637,19.449622,-0.418150
2023-03-06,,1.7900,2.1450,18.6100,62.1951,300.020000,290.027250,0.082293,-0.090335,1,1,1,1,1,5,5,5,2.7381,2.7377,0.0000,0.2623,0.7377,0.0000,1.0000,1,0.004263,0.00019023,0.002887,19.505765,-0.416470
2023-03-07,,1.7900,2.1350,19.5900,55.6911,296.340000,290.053250,0.082206,-0.087354,1,1,1,1,1,5,5,5,2.8254,2.8236,0.0000,0.1764,0.8236,0.0000,1.0000,1,-0.037351,0.00019098,-0.035081,18.821473,-0.436941
2023-03-08,,1.7900,2.1300,19.1100,56.3008,297.820000,290.094450,0.082698,-0.080078,1,1,1,1,1,5,5,5,2.8836,2.8838,0.0000,0.1162,0.8838,0.0000,1.0000,1,0.013668,0.00019514,0.013215,19.070201,-0.429500
2023-03-09,,1.7900,2.1300,22.6100,49.3902,292.660000,290.114350,0.083576,-0.071583,1,0,0,1,1,3,1,5,2.9224,2.9210,0.0000,0.0790,0.9210,0.0000,1.0000,1,-0.052632,0.00019590,-0.051503,18.088020,-0.458883
2023-03-10,,1.8500,2.1300,24.8000,43.2927,288.550000,290.089700,0.083465,-0.078149,1,0,0,0,1,2,-1,3,2.5483,2.5447,0.0000,0.4553,0.5447,0.0000,1.0000,1,-0.041322,0.00019552,-0.035232,17.450734,-0.477948
2023-03-13,,1.9600,2.1300,26.5200,41.0569,290.690000,290.106950,0.084869,-0.058582,1,0,0,1,1,3,1,2,2.0988,2.1001,0.0000,0.8999,0.1001,0.0000,1.0000,1,0.021552,0.00019401,0.012006,17.660244,-0.471680
2023-03-14,,2.1400,2.1300,23.7300,44.9187,297.370000,290.137500,0.084586,-0.067735,0,0,0,1,1,2,-1,3,1.9992,1.9992,0.0008,0.9992,0.0000,0.0000,1.0000,1,0.067979,0.00018871,0.047304,18.495651,-0.446688
2023-03-15,,2.1100,2.1250,26.1400,40.4472,298.930000,290.135500,0.086275,-0.062282,1,0,0,1,1,3,1,2,1.7328,1.7355,0.2645,0.7355,0.0000,-0.0000,1.0000,1,0.014486,0.00018909,0.006049,18.607530,-0.443341
2023-03-16,,2.2200,2.1250,22.9900,45.5285,306.810000,290.124050,0.085355,-0.074080,0,0,0,1,1,2,-1,3,1.7552,1.7605,0.2395,0.7605,0.0000,0.0000,1.0000,1,0.079186,0.00018417,0.045995,19.463389,-0.417738
2023-03-17,,2.1600,2.1250,25.5100,40.6504,305.360000,290.109450,0.085861,-0.064437,0,0,0,1,1,2,-1,2,1.5701,1.5688,0.4312,0.5688,0.0000,0.0000,1.0000,1,-0.014836,0.00018379,-0.007753,19.312486,-0.422252
2023-03-20,,2.2100,2.1250,24.1500,44.7154,305.970000,290.109300,0.085082,-0.072735,0,0,0,1,1,2,-1,2,1.4468,1.4481,0.5519,0.4481,0.0000,0.0000,1.0000,1,0.010582,0.00017544,0.004346,19.396411,-0.419742
2023-03-21,,2.1900,2.1250,21.3800,48.9837,310.340000,290.089100,0.082287,-0.103207,0,0,0,1,1,2,-1,2,1.3645,1.3662,0.6338,0.3662,0.0000,0.0000,1.0000,1,0.042288,0.00018644,0.019711,19.778734,-0.408304
2023-03-22,,2.1100,2.1200,22.2600,42.8862,306.120000,290.088700,0.082069,-0.112977,1,0,0,1,1,3,1,2,1.3097,1.3066,0.6934,0.3066,0.0000,0.0000,1.0000,1,-0.046368,0.00018531,-0.017859,19.425500,-0.418871
2023-03-23,,2.1600,2.1250,22.6100,41.6667,309.750000,290.101350,0.081008,-0.128473,0,0,0,1,1,2,-1,3,1.4731,1.4732,0.5268,0.4732,0.0000,0.0000,1.0000,1,0.035656,0.00018568,0.015673,19.729959,-0.409763
2023-03-24,,2.2600,2.1300,21.7400,42.8862,310.890000,290.106450,0.082994,-0.116952,0,0,0,1,1,2,-1,2,1.3821,1.3833,0.6167,0.3833,0.0000,0.0000,1.0000,1,0.010172,0.00018341,0.004589,19.820506,-0.407054
2023-03-27,,2.2400,2.1300,20.6000,45.7317,308.760000,290.112050,0.082940,-0.121983,0,0,0,1,1,2,-1,2,1.3214,1.3193,0.6807,0.3193,0.0000,0.0000,1.0000,1,-0.020527,0.00018379,-0.009167,19.638812,-0.412490
2023-03-28,,2.1900,2.1300,19.9700,46.3415,307.120000,290.150650,0.083354,-0.105189,0,1,0,1,1,3,1,2,1.2809,1.2802,0.7198,0.2802,0.0000,0.0000,1.0000,1,-0.016607,0.00019023,-0.006692,19.507395,-0.416421
2023-03-29,,2.1900,2.1300,19.1200,51.8293,312.720000,290.270050,0.083356,-0.100395,0,1,1,1,1,4,3,3,1.4539,1.4556,0.5444,0.4556,0.0000,0.0000,1.0000,1,0.054684,0.00018606,0.024481,19.984956,-0.402135
2023-03-30,,2.1500,2.1350,19.0200,54.2683,315.680000,290.471400,0.083230,-0.106889,0,1,1,1,1,4,3,4,1.7693,1.7695,0.2305,0.7695,0.0000,0.0000,1.0000,1,0.027068,0.00018606,0.013397,20.252692,-0.394125
2023-03-31,,2.1100,2.1350,18.7000,57.9268,320.930000,290.696500,0.082672,-0.115282,1,1,1,1,1,5,5,4,1.9795,1.9798,0.0202,0.9798,0.0000,0.0000,1.0000,1,0.048998,0.00019250,0.032601,20.912949,-0.374373
2023-04-03,,2.1100,2.1350,18.5500,58.9431,320.150000,290.883250,0.081798,-0.117266,1,1,1,1,1,5,5,5,2.3197,2.3208,0.0000,0.6792,0.3208,0.0000,1.0000,1,-0.007077,0.00018796,-0.003473,20.840317,-0.376546
2023-04-04,,2.1100,2.1350,19.0000,55.4878,319.070000,291.121650,0.082671,-0.101366,1,1,1,1,1,5,5,5,2.5465,2.5454,0.0000,0.4546,0.5454,0.0000,1.0000,1,-0.009979,0.00018985,-0.008783,20.657276,-0.382022
2023-04-05,,2.1000,2.1350,19.0800,56.5041,315.920000,291.327800,0.085034,-0.081113,1,1,1,1,1,5,5,5,2.6976,2.6961,0.0000,0.3039,0.6961,0.0000,1.0000,1,-0.032037,0.00018909,-0.028082,20.077183,-0.399376
2023-04-06,,2.1400,2.1400,18.4000,56.3008,318.050000,291.512650,0.085303,-0.071283,1,1,1,1,1,5,5,5,2.7984,2.8002,0.0000,0.1998,0.8002,0.0000,1.0000,1,0.020082,0.00018833,0.019446,20.467595,-0.387696
2023-04-10,,2.1100,2.1400,18.9700,58.1301,317.870000,291.698650,0.085044,-0.069059,1,1,1,1,1,5,5,5,2.8656,2.8667,0.0000,0.1333,0.8667,0.0000,1.0000,1,-0.002187,0.00019023,-0.001619,20.434462,-0.388687
2023-04-11,,2.0900,2.1400,19.1000,60.7724,315.830000,291.853550,0.085095,-0.058126,1,1,1,1,1,5,5,5,2.9104,2.9099,0.0000,0.0901,0.9099,0.0000,1.0000,1,-0.019364,0.00019665,-0.018784,20.050623,-0.400170
2023-04-12,,2.0500,2.1400,19.0900,59.7561,313.040000,291.945700,0.085357,-0.047377,1,1,1,1,1,5,5,5,2.9403,2.9394,0.0000,0.0606,0.9394,0.0000,1.0000,1,-0.026453,0.00019514,-0.026148,19.526347,-0.415854
2023-04-13,,2.0800,2.1400,17.8000,62.1951,319.170000,292.079300,0.084250,-0.061371,1,1,1,1,1,5,5,5,2.9602,2.9607,0.0000,0.0393,0.9607,0.0000,1.0000,1,0.057405,0.00019439,0.056574,20.631022,-0.382807
2023-04-14,,2.0700,2.1400,17.0700,59.1463,318.570000,292.254450,0.083511,-0.062627,1,1,1,1,1,5,5,5,2.9735,2.9735,0.0000,0.0265,0.9735,0.0000,1.0000,1,-0.005791,0.00019741,-0.005697,20.513481,-0.386324
2023-04-17,,2.0500,2.1400,16.9500,60.9756,318.840000,292.429650,0.083672,-0.058560,1,1,1,1,1,5,5,5,2.9823,2.9823,0.0000,0.0177,0.9823,0.0000,1.0000,1,0.001092,0.00019892,0.001104,20.536133,-0.385646
2023-04-18,,2.0200,2.1400,16.8300,61.5854,318.860000,292.622550,0.083182,-0.050924,1,1,1,1,1,5,5,5,2.9882,2.9881,0.0000,0.0119,0.9881,0.0000,1.0000,1,0.000727,0.00020156,0.000684,20.550181,-0.385226
2023-04-19,,2.0100,2.1400,16.4600,61.3821,318.710000,292.805450,0.083836,-0.030978,1,1,1,1,1,5,5,5,2.9921,2.9922,0.0000,0.0078,0.9922,0.0000,1.0000,1,-0.002180,0.00020118,-0.002140,20.506201,-0.386541
2023-04-20,,2.0100,2.1400,17.1700,60.5691,316.280000,292.952050,0.084272,-0.031772,1,1,1,1,1,5,5,5,2.9948,2.9948,0.0000,0.0052,0.9948,0.0000,1.0000,1,-0.023307,0.00019967,-0.023242,20.029591,-0.400799
2023-04-21,,2.0500,2.1400,16.7700,59.1463,316.610000,293.091100,0.084449,-0.015617,1,1,1,1,1,5,5,5,2.9965,2.9965,0.0000,0.0035,0.9965,0.0000,1.0000,1,0.001864,0.00019816,0.001863,20.066915,-0.399683
2023-04-24,,2.0400,2.1400,16.8900,58.9431,315.950000,293.195950,0.084785,-0.003792,1,1,1,1,1,5,5,5,2.9977,2.9977,0.0000,0.0023,0.9977,0.0000,1.0000,1,-0.005955,0.00019892,-0.005950,19.947507,-0.403255
2023-04-25,,2.0400,2.1400,18.7600,53.2520,309.990000,293.269150,0.086067,0.013675,1,1,1,1,0,4,3,5,2.9984,2.9984,0.0000,0.0016,0.9984,0.0000,1.0000,1,-0.056533,0.00020118,-0.056500,18.820476,-0.436971
2023-04-26,,2.0900,2.1400,18.8400,48.7805,311.870000,293.383300,0.084405,-0.014077,1,1,0,1,1,4,3,4,2.7990,2.7981,0.0000,0.2019,0.7981,0.0000,1.0000,1,0.016667,0.00019816,0.017727,19.154115,-0.426990
2023-04-27,,2.1100,2.1400,17.0300,53.2520,320.350000,293.553850,0.083752,-0.014733,1,1,1,1,1,5,5,4,2.6660,2.6688,0.0000,0.3312,0.6688,0.0000,1.0000,1,0.080796,0.00019967,0.073545,20.562798,-0.384848
2023-04-28,,2.0700,2.1400,15.7800,57.9268,322.560000,293.738400,0.082923,-0.015811,1,1,1,1,1,5,5,5,2.7773,2.7784,0.0000,0.2216,0.7784,0.0000,1.0000,1,0.020224,0.00020043,0.018691,20.947132,-0.373351
2023-05-01,,2.0800,2.1400,16.0800,56.0976,322.190000,293.916000,0.083151,-0.000701,1,1,1,1,1,5,5,5,2.8515,2.8517,0.0000,0.1483,0.8517,0.0000,1.0000,1,-0.002832,0.00019741,-0.002750,20.889536,-0.375074
2023-05-02,,2.0600,2.1400,17.7800,50.8130,319.380000,294.053550,0.083074,0.008816,1,1,1,1,0,4,3,5,2.9010,2.9003,0.0000,0.0997,0.9003,0.0000,1.0000,1,-0.026624,0.00020382,-0.025752,20.351579,-0.391167
2023-05-03,,2.1600,2.1450,18.3400,47.5610,317.290000,294.193000,0.083415,-0.001716,0,1,0,1,1,3,1,4,2.7340,2.7325,0.0000,0.2675,0.7325,0.0000,1.0000,1,-0.019694,0.00020269,-0.017756,19.990226,-0.401977
2023-05-04,,2.2000,2.1500,20.0900,47.9675,316.170000,294.282350,0.084652,0.026129,0,0,0,1,0,1,-3,3,2.4227,2.4222,0.0000,0.5778,0.4222,0.0000,1.0000,1,-0.011161,0.00020345,-0.009721,19.795893,-0.407791
2023-05-05,,2.2400,2.1500,17.1900,51.2195,322.890000,294.381650,0.083646,0.020732,0,1,1,1,0,3,1,1,1.8151,1.8172,0.1828,0.8172,0.0000,0.0000,1.0000,1,0.061324,0.00020345,0.041984,20.626997,-0.382928
2023-05-08,,2.2000,2.1500,16.9800,51.0163,323.690000,294.463200,0.083370,0.022723,0,1,1,1,0,3,1,3,1.8101,1.8107,0.1893,0.8107,0.0000,0.0000,1.0000,1,0.008153,0.00020345,0.004200,20.713633,-0.380336
2023-05-09,,2.2000,2.1550,17.7100,50.6098,321.640000,294.561450,0.083627,0.007982,0,1,1,1,0,3,1,3,1.8067,1.8066,0.1934,0.8066,0.0000,0.0000,1.0000,1,-0.019339,0.00020533,-0.011416,20.477160,-0.387410
2023-05-10,,2.2100,2.1600,16.9400,51.0163,325.140000,294.685800,0.084001,0.018155,0,1,1,1,0,3,1,3,1.8045,1.8050,0.1950,0.8050,0.0000,0.0000,1.0000,1,0.032270,0.00020458,0.019581,20.878133,-0.375415
2023-05-11,,2.2600,2.1600,16.9300,48.5772,326.200000,294.844950,0.083287,0.013325,0,1,0,1,0,2,-1,3,1.8030,1.8033,0.1967,0.8033,0.0000,0.0000,1.0000,1,0.008336,0.00020269,0.005420,20.991299,-0.372029
2023-05-12,,2.2500,2.1600,17.0300,49.5935,325.030000,294.936050,0.083858,0.016905,0,1,0,1,0,2,-1,2,1.6020,1.6009,0.3991,0.6009,0.0000,0.0000,1.0000,1,-0.010334,0.00020118,-0.005717,20.871293,-0.375619
2023-05-15,,2.2100,2.1600,17.1200,49.7967,326.790000,295.020950,0.082516,-0.005534,0,1,0,1,1,3,1,2,1.4680,1.4690,0.5310,0.4690,0.0000,0.0000,1.0000,1,0.015315,0.00020307,0.007993,21.038114,-0.370629
2023-05-16,,2.2700,2.1600,17.9900,45.7317,327.160000,295.079450,0.081231,-0.034065,0,1,0,1,1,3,1,3,1.5787,1.5795,0.4205,0.5795,0.0000,0.0000,1.0000,1,0.003771,0.00020156,0.001776,21.075470,-0.369511
2023-05-17,,2.2800,2.1600,16.8700,48.3740,331.120000,295.158700,0.079968,-0.052198,0,1,0,1,1,3,1,3,1.6524,1.6546,0.3454,0.6546,0.0000,0.0000,1.0000,1,0.035861,0.00020232,0.019963,21.496203,-0.356925
2023-05-18,,2.2600,2.1600,16.0500,52.4390,337.270000,295.273400,0.078966,-0.062820,0,1,1,1,1,4,3,3,1.7016,1.7051,0.2949,0.7051,0.0000,0.0000,1.0000,1,0.053742,0.00020345,0.030750,22.157221,-0.337150
2023-05-19,,2.2000,2.1600,16.8100,51.4228,336.510000,295.341500,0.078962,-0.052034,0,1,1,1,1,4,3,4,1.9344,1.9342,0.0658,0.9342,0.0000,0.0000,1.0000,1,-0.006884,0.00020533,-0.004530,22.056854,-0.340152
2023-05-22,,2.1800,2.1600,17.2100,52.0325,337.640000,295.407700,0.078954,-0.063743,0,1,1,1,1,4,3,4,2.0896,2.0900,0.0000,0.9100,0.0900,0.0000,1.0000,1,0.010397,0.00020458,0.006381,22.197593,-0.335942
2023-05-23,,2.1900,2.1600,18.5300,48.3740,333.360000,295.465750,0.079572,-0.045063,0,1,0,1,1,3,1,4,2.1931,2.1919,0.0000,0.8081,0.1919,0.0000,1.0000,1,-0.038665,0.00020872,-0.027125,21.595478,-0.353955
2023-05-24,,2.1900,2.1600,20.0300,44.5122,331.650000,295.520450,0.079630,-0.030194,0,0,0,1,1,2,-1,3,2.0620,2.0621,0.0000,0.9379,0.0621,0.0000,1.0000,1,-0.016218,0.00020646,-0.011811,21.340424,-0.361585
2023-05-25,,2.1800,2.1600,19.1400,41.8699,339.720000,295.633650,0.077885,-0.040114,0,1,0,1,1,3,1,2,1.7747,1.7749,0.2251,0.7749,0.0000,0.0000,1.0000,1,0.072206,0.00020759,0.048975,22.385572,-0.330318
2023-05-26,,2.1000,2.1550,17.9500,45.7317,348.400000,295.746000,0.076889,-0.064274,1,1,0,1,1,4,3,3,1.7831,1.7867,0.2133,0.7867,0.0000,0.0000,1.0000,1,0.075646,0.00020797,0.045667,23.407844,-0.299736
2023-05-30,,2.1000,2.1500,17.4600,44.7154,349.980000,295.875500,0.076562,-0.068391,1,1,0,1,1,4,3,4,1.9888,1.9887,0.0113,0.9887,0.0000,0.0000,1.0000,1,0.014008,0.00020646,0.005941,23.546912,-0.295576
2023-05-31,,2.1400,2.1500,17.9400,42.8862,347.990000,295.963500,0.077695,-0.057716,1,1,0,1,1,4,3,4,2.1258,2.1255,0.0000,0.8745,0.1255,0.0000,1.0000,1,-0.020299,0.00021437,-0.013409,23.231166,-0.305022
2023-06-01,,2.1600,2.1500,15.6500,45.3252,352.010000,296.058250,0.076395,-0.074861,0,1,0,1,1,3,1,4,2.2172,2.2191,0.0000,0.7809,0.2191,0.0000,1.0000,1,0.036259,0.00021324,0.027208,23.863237,-0.286113
2023-06-02,,2.1500,2.1500,14.6000,54.6748,354.650000,296.170100,0.076089,-0.085731,1,1,1,1,1,5,5,3,2.0781,2.0783,0.0000,0.9217,0.0783,0.0000,1.0000,1,0.022494,0.00021249,0.015985,24.244688,-0.274702
2023-06-05,,2.1100,2.1500,14.7300,52.4390,354.900000,296.302150,0.076598,-0.091071,1,1,1,1,1,5,5,5,2.3854,2.3857,0.0000,0.6143,0.3857,0.0000,1.0000,1,0.002173,0.00021249,0.001525,24.281656,-0.273596
2023-06-06,,2.1000,2.1500,13.9600,54.0650,354.840000,296.429950,0.076373,-0.094242,1,1,1,1,1,5,5,5,2.5903,2.5912,0.0000,0.4088,0.5912,0.0000,1.0000,1,-0.001084,0.00021098,0.000072,24.283396,-0.273544
2023-06-07,,2.0800,2.1500,13.9400,56.9106,348.820000,296.559750,0.077939,-0.090376,1,1,1,1,1,5,5,5,2.7269,2.7232,0.0000,0.2768,0.7232,0.0000,1.0000,1,-0.051004,0.00021023,-0.046637,23.150903,-0.307423
2023-06-08,,2.0600,2.1500,13.6500,58.1301,353.150000,296.753700,0.077809,-0.087778,1,1,1,1,1,5,5,5,2.8179,2.8194,0.0000,0.1806,0.8194,0.0000,1.0000,1,0.034305,0.00020948,0.032421,23.901474,-0.284969
2023-06-09,,2.0700,2.1500,13.8300,56.9106,354.500000,296.955700,0.077216,-0.115959,1,1,1,1,1,5,5,5,2.8786,2.8786,0.0000,0.1214,0.8786,0.0000,1.0000,1,0.012161,0.00020797,0.011231,24.169903,-0.276939
2023-06-12,,2.0500,2.1500,15.0100,57.7236,360.490000,297.183100,0.076383,-0.115115,1,1,1,1,1,5,5,5,2.9191,2.9199,0.0000,0.0801,0.9199,0.0000,1.0000,1,0.051065,0.00020759,0.049479,25.365795,-0.241163
2023-06-13,,2.1000,2.1500,14.6100,60.3659,363.260000,297.396500,0.075871,-0.130271,1,1,1,1,1,5,5,5,2.9460,2.9461,0.0000,0.0539,0.9461,0.0000,1.0000,1,0.022343,0.00020872,0.021724,25.916849,-0.224678
2023-06-14,,2.0000,2.1500,13.8800,59.5528,365.900000,297.688800,0.075735,-0.121968,1,1,1,1,1,5,5,5,2.9640,2.9643,0.0000,0.0357,0.9643,0.0000,1.0000,1,0.021347,0.00020722,0.021100,26.463686,-0.208319
2023-06-15,,1.9400,2.1500,14.5000,64.6341,370.260000,298.018050,0.075621,-0.089874,1,1,1,1,1,5,5,5,2.9760,2.9764,0.0000,0.0236,0.9764,0.0000,1.0000,1,0.035083,0.00020722,0.034840,27.385690,-0.180736
2023-06-16,,2.0200,2.1500,13.5400,65.0407,367.930000,298.352600,0.076571,-0.075076,1,1,1,1,1,5,5,5,2.9840,2.9838,0.0000,0.0162,0.9838,0.0000,1.0000,1,-0.019231,0.00020609,-0.019179,26.860458,-0.196449
2023-06-20,,1.9600,2.1500,13.8800,60.5691,366.900000,298.690750,0.075461,-0.076144,1,1,1,1,1,5,5,5,2.9893,2.9894,0.0000,0.0106,0.9894,0.0000,1.0000,1,-0.004902,0.00020646,-0.004852,26.730139,-0.200347
2023-06-21,,1.9500,2.1500,13.2000,61.3821,361.900000,299.003250,0.076459,-0.086544,1,1,1,1,1,5,5,5,2.9929,2.9928,0.0000,0.0072,0.9928,0.0000,1.0000,1,-0.043103,0.00020835,-0.042973,25.581456,-0.234711
2023-06-22,,1.9600,2.1500,12.9100,59.5528,366.170000,299.358250,0.075600,-0.097439,1,1,1,1,1,5,5,5,2.9953,2.9953,0.0000,0.0047,0.9953,0.0000,1.0000,1,0.033205,0.00020872,0.033167,26.429913,-0.209329
2023-06-23,,1.9400,2.1500,13.4400,56.9106,362.540000,299.705700,0.075056,-0.109021,1,1,1,1,1,5,5,5,2.9968,2.9968,0.0000,0.0032,0.9968,0.0000,1.0000,1,-0.029646,0.00020872,-0.029602,25.647544,-0.232734
2023-06-26,,1.9600,2.1500,14.2500,59.7561,357.680000,299.999250,0.076106,-0.093504,1,1,1,1,1,5,5,5,2.9979,2.9979,0.0000,0.0021,0.9979,0.0000,1.0000,1,-0.039538,0.00020910,-0.039510,24.634210,-0.263049
2023-06-27,,1.9800,2.1450,13.7400,63.6179,363.830000,300.315800,0.075303,-0.102901,1,1,1,1,1,5,5,5,2.9986,2.9986,0.0000,0.0014,0.9986,0.0000,1.0000,1,0.049452,0.00021249,0.049428,25.851828,-0.226623
2023-06-28,,1.9400,2.1400,13.4300,61.9919,364.540000,300.603050,0.074154,-0.109828,1,1,1,1,1,5,5,5,2.9991,2.9991,0.0000,0.0009,0.9991,0.0000,1.0000,1,0.006113,0.00021023,0.006112,26.009842,-0.221896
2023-06-29,,1.9600,2.1400,13.5400,63.8211,363.810000,300.868400,0.073863,-0.103425,1,1,1,1,1,5,5,5,2.9994,2.9994,0.0000,0.0006,0.9994,-0.0000,1.0000,1,-0.006835,0.00021023,-0.006834,25.832102,-0.227213
2023-06-30,,1.9200,2.1350,13.5900,66.6667,369.420000,301.247000,0.073813,-0.116212,1,1,1,1,1,5,5,5,2.9996,2.9996,0.0000,0.0004,0.9996,0.0000,1.0000,1,0.045119,0.00021098,0.045110,26.997399,-0.192352
2023-07-03,,1.8800,2.1300,13.5700,69.7154,370.290000,301.618300,0.074281,-0.137692,1,1,1,1,1,5,5,5,2.9997,2.9997,0.0000,0.0003,0.9997,0.0000,1.0000,1,0.006829,0.00020985,0.006828,27.181748,-0.186837
2023-07-05,,1.8500,2.1250,14.1800,66.8699,370.280000,302.014200,0.075238,-0.127780,1,1,1,1,1,5,5,5,2.9998,2.9998,0.0000,0.0002,0.9998,0.0000,1.0000,1,-0.000727,0.00021023,-0.000726,27.162003,-0.187428
2023-07-06,,1.8300,2.1200,15.4400,65.0407,367.460000,302.404900,0.074910,-0.127905,1,1,1,1,1,5,5,5,2.9999,2.9999,0.0000,0.0001,0.9999,0.0000,1.0000,1,-0.023515,0.00021023,-0.023514,26.523327,-0.206534
2023-07-07,,1.8000,2.1150,14.8300,65.8537,366.240000,302.780850,0.074553,-0.132605,1,1,1,1,1,5,5,5,2.9999,2.9999,0.0000,0.0001,0.9999,0.0000,1.0000,1,-0.010179,0.00021098,-0.010179,26.253359,-0.214611
2023-07-10,,1.8100,2.1100,15.0700,68.0894,366.360000,303.169000,0.074046,-0.142783,1,1,1,1,1,5,5,5,2.9999,2.9999,0.0000,0.0001,0.9999,0.0000,1.0000,1,0.000752,0.00021098,0.000752,26.273114,-0.214020
2023-07-11,,1.8600,2.1100,14.8400,70.7317,368.170000,303.592050,0.074493,-0.123939,1,1,1,1,1,5,5,5,3.0000,3.0000,0.0000,0.0000,1.0000,0.0000,1.0000,1,0.014286,0.00021173,0.014285,26.648438,-0.202792
2023-07-12,,1.8400,2.1100,13.5400,72.1545,372.820000,304.055800,0.074974,-0.110542,1,1,1,1,1,5,5,5,3.0000,3.0000,0.0000,0.0000,1.0000,0.0000,1.0000,1,0.037064,0.00021211,0.037064,27.636138,-0.173244
2023-07-13,,1.8800,2.1100,13.6100,73.3740,379.150000,304.574000,0.074640,-0.117233,1,1,1,1,1,5,5,5,3.0000,3.0000,0.0000,0.0000,1.0000,0.0000,1.0000,1,0.049797,0.00021136,0.049797,29.012338,-0.132074
2023-07-14,,1.9100,2.1100,13.3400,71.1382,379.070000,305.097500,0.074397,-0.114561,1,1,1,1,1,5,5,5,3.0000,3.0000,0.0000,0.0000,1.0000,0.0000,1.0000,1,-0.000908,0.00021136,-0.000908,28.985999,-0.132862
2023-07-17,,1.8700,2.1100,13.4800,69.7154,382.610000,305.638150,0.073285,-0.137004,1,1,1,1,1,5,5,5,3.0000,3.0000,0.0000,0.0000,1.0000,0.0000,1.0000,1,0.027715,0.00021211,0.027715,29.789334,-0.108829
2023-07-18,,1.9000,2.1100,13.3000,71.3415,385.740000,306.167150,0.072183,-0.158184,1,1,1,1,1,5,5,5,3.0000,3.0000,0.0000,0.0000,1.0000,0.0000,1.0000,1,0.023873,0.00021211,0.023873,30.500484,-0.087555
2023-07-19,,1.8900,2.1050,13.7600,73.7805,385.650000,306.736050,0.072759,-0.152868,1,1,1,1,1,5,5,5,3.0000,3.0000,0.0000,0.0000,1.0000,0.0000,1.0000,1,0.000000,0.00021211,-0.000000,30.500484,-0.087555
2023-07-20,,1.8700,2.1000,13.9900,76.0163,376.760000,307.283550,0.074583,-0.131864,1,1,1,1,1,5,5,5,3.0000,3.0000,0.0000,0.0000,1.0000,0.0000,1.0000,1,-0.070164,0.00021211,-0.070164,28.360448,-0.151576
2023-07-21,,1.8500,2.1000,13.6000,77.8455,375.630000,307.794050,0.075700,-0.134125,1,1,1,1,1,5,5,5,3.0000,3.0000,0.0000,0.0000,1.0000,-0.0000,1.0000,1,-0.008823,0.00021211,-0.008823,28.110228,-0.159061
2023-07-24,,1.8500,2.1000,13.9100,77.4390,376.230000,308.264550,0.075165,-0.122964,1,1,1,1,1,5,5,5,3.0000,3.0000,0.0000,0.0000,1.0000,0.0000,1.0000,1,0.003982,0.00021249,0.003982,28.222168,-0.155712
2023-07-25,,1.8400,2.1000,13.8600,76.4228,378.780000,308.748550,0.075092,-0.114182,1,1,1,1,1,5,5,5,3.0000,3.0000,0.0000,0.0000,1.0000,0.0000,1.0000,1,0.020065,0.00021286,0.020065,28.788455,-0.138771
2023-07-26,,1.8100,2.0950,13.1900,77.2358,377.520000,309.237350,0.075081,-0.103568,1,1,1,1,1,5,5,5,3.0000,3.0000,0.0000,0.0000,1.0000,0.0000,1.0000,1,-0.010293,0.00021286,-0.010293,28.492142,-0.147636
2023-07-27,,1.8300,2.0900,14.4100,73.3740,376.620000,309.774950,0.074245,-0.116640,1,1,1,1,1,5,5,5,3.0000,3.0000,0.0000,0.0000,1.0000,0.0000,1.0000,1,-0.008551,0.00021286,-0.008551,28.248507,-0.154924
2023-07-28,,1.7800,2.0900,13.3300,73.9837,383.480000,310.360300,0.073361,-0.130033,1,1,1,1,1,5,5,5,3.0000,3.0000,0.0000,0.0000,1.0000,0.0000,1.0000,1,0.054079,0.00021286,0.054079,29.776165,-0.109223
2023-07-31,,1.8000,2.0900,13.6300,75.4065,383.680000,310.964950,0.073254,-0.136670,1,1,1,1,1,5,5,5,3.0000,3.0000,0.0000,0.0000,1.0000,0.0000,1.0000,1,0.001990,0.00021324,0.001990,29.835428,-0.107450
2023-08-01,,1.7700,2.0850,13.9300,71.9512,382.790000,311.565600,0.072566,-0.160865,1,1,1,1,1,5,5,5,3.0000,3.0000,0.0000,0.0000,1.0000,0.0000,1.0000,1,-0.007725,0.00021437,-0.007725,29.604962,-0.114345
2023-08-02,,1.7700,2.0800,16.0900,71.5447,374.390000,312.093450,0.073590,-0.131153,1,1,1,1,1,5,5,5,3.0000,3.0000,0.0000,0.0000,1.0000,0.0000,1.0000,1,-0.065391,0.00021399,-0.065391,27.669050,-0.172259
2023-08-03,,1.8200,2.0800,15.9200,68.9024,373.790000,312.658700,0.072119,-0.146749,1,1,1,1,1,5,5,5,3.0000,3.0000,0.0000,0.0000,1.0000,0.0000,1.0000,1,-0.007139,0.00021361,-0.007139,27.471508,-0.178169
2023-08-04,,1.8400,2.0800,17.1000,66.4634,372.040000,313.172150,0.071608,-0.156280,1,1,1,1,1,5,5,5,3.0000,3.0000,0.0000,0.0000,1.0000,-0.0000,1.0000,1,-0.013902,0.00021399,-0.013902,27.089594,-0.189594
2023-08-07,,1.9000,2.0800,15.7700,68.6992,375.190000,313.690700,0.070977,-0.169270,1,1,1,1,1,5,5,5,3.0000,3.0000,0.0000,0.0000,1.0000,0.0000,1.0000,1,0.024793,0.00021399,0.024793,27.761237,-0.169501
2023-08-08,,1.9000,2.0800,15.9900,65.6504,372.000000,314.198250,0.071621,-0.152512,1,1,1,1,1,5,5,5,3.0000,3.0000,0.0000,0.0000,1.0000,0.0000,1.0000,1,-0.025617,0.00021474,-0.025617,27.050085,-0.190776
2023-08-09,,1.9300,2.0750,15.9600,66.4634,367.910000,314.692250,0.072260,-0.149778,1,1,1,1,1,5,5,5,3.0000,3.0000,0.0000,0.0000,1.0000,0.0000,1.0000,1,-0.033350,0.00021512,-0.033350,26.147977,-0.217763
2023-08-10,,1.9200,2.0700,15.8500,65.8537,368.590000,315.158100,0.072010,-0.137464,1,1,1,1,1,5,5,5,3.0000,3.0000,0.0000,0.0000,1.0000,0.0000,1.0000,1,0.004533,0.00021437,0.004533,26.266502,-0.214217
2023-08-11,,1.8900,2.0700,14.8400,66.0569,366.240000,315.597050,0.072445,-0.117497,1,1,1,1,1,5,5,5,3.0000,3.0000,0.0000,0.0000,1.0000,0.0000,1.0000,1,-0.020055,0.00021399,-0.020055,25.739723,-0.229976
2023-08-14,,1.8700,2.0700,14.8200,64.6341,370.350000,316.027750,0.071478,-0.114571,1,1,1,1,1,5,5,5,3.0000,3.0000,0.0000,0.0000,1.0000,0.0000,1.0000,1,0.033257,0.00021399,0.033257,26.595739,-0.204368
2023-08-15,,1.8400,2.0700,16.4600,60.7724,366.420000,316.470200,0.071146,-0.104617,1,1,1,1,1,5,5,5,3.0000,3.0000,0.0000,0.0000,1.0000,0.0000,1.0000,1,-0.030701,0.00021474,-0.030701,25.779232,-0.228795
2023-08-16,,1.8600,2.0700,16.7800,58.7398,362.540000,316.918550,0.071991,-0.092718,1,1,1,1,1,5,5,5,3.0000,3.0000,0.0000,0.0000,1.0000,0.0000,1.0000,1,-0.033206,0.00021474,-0.033206,24.923217,-0.254403
2023-08-17,,1.8400,2.0650,17.8900,56.7073,358.580000,317.305350,0.072383,-0.086699,1,1,1,1,1,5,5,5,3.0000,3.0000,0.0000,0.0000,1.0000,0.0000,1.0000,1,-0.033818,0.00021474,-0.033818,24.080371,-0.279617
2023-08-18,,1.8700,2.0600,17.3000,57.5203,358.130000,317.706250,0.072726,-0.090689,1,1,1,1,1,5,5,5,3.0000,3.0000,0.0000,0.0000,1.0000,0.0000,1.0000,1,-0.004649,0.00021474,-0.004649,23.968430,-0.282966
2023-08-21,,1.8900,2.0600,17.1300,56.5041,363.900000,318.150200,0.071801,-0.105072,1,1,1,1,1,5,5,5,3.0000,3.0000,0.0000,0.0000,1.0000,0.0000,1.0000,1,0.048352,0.00021437,0.048352,25.127343,-0.248296
2023-08-22,,1.8800,2.0600,16.9700,55.0813,363.380000,318.638700,0.072201,-0.077111,1,1,1,1,1,5,5,5,3.0000,3.0000,0.0000,0.0000,1.0000,0.0000,1.0000,1,-0.004455,0.00021512,-0.004455,25.015403,-0.251645
2023-08-23,,1.8200,2.0550,15.9800,56.3008,369.110000,319.181800,0.071688,-0.071349,1,1,1,1,1,5,5,5,3.0000,3.0000,0.0000,0.0000,1.0000,0.0000,1.0000,1,0.047118,0.00021512,0.047118,26.194070,-0.216384
2023-08-24,,1.8300,2.0500,17.2000,54.2683,361.220000,319.664500,0.072272,-0.058264,1,1,1,1,1,5,5,5,3.0000,3.0000,0.0000,0.0000,1.0000,0.0000,1.0000,1,-0.065862,0.00021512,-0.065862,24.468870,-0.267995
2023-08-25,,1.8000,2.0500,15.6800,55.6911,364.020000,320.146650,0.072312,-0.072959,1,1,1,1,1,5,5,5,3.0000,3.0000,0.0000,0.0000,1.0000,0.0000,1.0000,1,0.023681,0.00021549,0.023681,25.048326,-0.250660
2023-08-28,,1.7600,2.0500,15.0800,56.7073,366.760000,320.632750,0.071845,-0.062520,1,1,1,1,1,5,5,5,3.0000,3.0000,0.0000,0.0000,1.0000,0.0000,1.0000,1,0.022345,0.00021662,0.022345,25.608029,-0.233916
2023-08-29,3.8700,1.8200,2.0500,14.4500,59.7561,374.770000,321.190000,0.071088,-0.068984,1,1,1,1,1,5,5,5,3.0000,3.0000,0.0000,0.0000,1.0000,0.0000,1.0000,1,0.063770,0.00021549,0.063770,27.241043,-0.185063
2023-08-30,3.8000,1.8400,2.0450,13.8800,59.9593,376.860000,321.660550,0.070475,-0.084410,1,1,1,1,1,5,5,5,3.0000,3.0000,0.0000,0.0000,1.0000,0.0000,1.0000,1,0.016679,0.00021474,0.016679,27.695389,-0.171471
2023-08-31,3.8500,1.8200,2.0400,13.5700,60.1626,377.990000,322.110700,0.069901,-0.089160,1,1,1,1,1,5,5,5,3.0000,3.0000,0.0000,0.0000,1.0000,0.0000,1.0000,1,0.009035,0.00021474,0.009035,27.945609,-0.163986
2023-09-01,3.8100,1.8300,2.0350,13.0900,60.5691,377.590000,322.571450,0.069416,-0.115669,1,1,1,1,1,5,5,5,3.0000,3.0000,0.0000,0.0000,1.0000,0.0000,1.0000,1,-0.003534,0.00021474,-0.003534,27.846838,-0.166941
2023-09-05,3.8300,1.8200,2.0300,14.0100,57.3171,378.070000,323.014850,0.068649,-0.123232,1,1,1,1,1,5,5,5,3.0000,3.0000,0.0000,0.0000,1.0000,0.0000,1.0000,1,0.002601,0.00021361,0.002601,27.919270,-0.164774
2023-09-06,3.8600,1.8400,2.0300,14.4500,56.9106,374.740000,323.461350,0.069271,-0.106798,1,1,1,1,1,5,5,5,3.0000,3.0000,0.0000,0.0000,1.0000,0.0000,1.0000,1,-0.026415,0.00021437,-0.026415,27.181780,-0.186836
2023-09-07,3.9000,1.7900,2.0250,14.4000,54.4715,372.060000,323.897600,0.070395,-0.080399,1,1,1,1,1,5,5,5,3.0000,3.0000,0.0000,0.0000,1.0000,0.0000,1.0000,1,-0.021802,0.00021437,-0.021802,26.589154,-0.204565
2023-09-08,3.8500,1.8100,2.0200,13.8400,54.2683,372.580000,324.336400,0.070906,-0.066774,1,1,1,1,1,5,5,5,3.0000,3.0000,0.0000,0.0000,1.0000,0.0000,1.0000,1,0.002972,0.00021361,0.002972,26.668171,-0.202201
2023-09-11,3.8200,1.7900,2.0200,13.8000,54.2683,376.970000,324.811800,0.070733,-0.067760,1,1,1,1,1,5,5,5,3.0000,3.0000,0.0000,0.0000,1.0000,0.0000,1.0000,1,0.034074,0.00021437,0.034074,27.576864,-0.175017
2023-09-12,3.8400,1.8000,2.0200,14.2300,54.8780,372.790000,325.246000,0.071212,-0.058750,1,1,1,1,1,5,5,5,3.0000,3.0000,0.0000,0.0000,1.0000,0.0000,1.0000,1,-0.031996,0.00021437,-0.031996,26.694510,-0.201413
2023-09-13,3.8500,1.7900,2.0200,13.4800,53.6585,374.210000,325.672950,0.071980,-0.060916,1,1,1,1,1,5,5,5,3.0000,3.0000,0.0000,0.0000,1.0000,0.0000,1.0000,1,0.009867,0.00021474,0.009867,26.957899,-0.193534
2023-09-14,3.7800,1.8100,2.0200,12.8200,58.5366,377.270000,326.124700,0.072409,-0.041666,1,1,1,1,1,5,5,5,3.0000,3.0000,0.0000,0.0000,1.0000,0.0000,1.0000,1,0.023449,0.00021437,0.023449,27.590034,-0.174623
2023-09-15,3.7900,1.8000,2.0150,13.7900,56.5041,370.810000,326.565200,0.073235,-0.042987,1,1,1,1,1,5,5,5,3.0000,3.0000,0.0000,0.0000,1.0000,0.0000,1.0000,1,-0.051313,0.00021437,-0.051313,26.174316,-0.216975
2023-09-18,3.8200,1.7800,2.0100,14.0000,55.2846,370.660000,327.015650,0.072549,-0.041008,1,1,1,1,1,5,5,5,3.0000,3.0000,0.0000,0.0000,1.0000,0.0000,1.0000,1,0.002264,0.00021474,0.002264,26.233578,-0.215202
2023-09-19,3.8200,1.7700,2.0100,14.1100,54.2683,369.870000,327.398200,0.072305,-0.037461,1,1,1,1,1,5,5,5,3.0000,3.0000,0.0000,0.0000,1.0000,0.0000,1.0000,1,-0.006024,0.00021437,-0.006024,26.075545,-0.219930
2023-09-20,3.7700,1.7500,2.0100,15.1400,54.6748,364.540000,327.752300,0.073044,-0.040900,1,1,1,1,1,5,5,5,3.0000,3.0000,0.0000,0.0000,1.0000,-0.0000,1.0000,1,-0.046717,0.00021399,-0.046717,24.857369,-0.256373
2023-09-21,3.8900,1.7300,2.0100,17.5400,49.1870,357.860000,328.078850,0.073495,-0.023749,1,1,0,1,1,4,3,5,3.0000,3.0000,0.0000,0.0000,1.0000,0.0000,1.0000,1,-0.056954,0.00021474,-0.056954,23.441651,-0.298725
2023-09-22,3.9300,1.6600,2.0100,17.2000,47.5610,357.910000,328.430200,0.073521,-0.008415,1,1,0,1,1,4,3,4,2.8000,2.7993,0.0000,0.2007,0.7993,0.0000,1.0000,1,0.000702,0.00021512,0.001561,23.478243,-0.297630
2023-09-25,3.9700,1.7300,2.0050,16.9000,48.1707,359.610000,328.819850,0.073109,-0.010064,1,1,0,1,1,4,3,4,2.6667,2.6683,0.0000,0.3317,0.6683,0.0000,1.0000,1,0.013333,0.00021474,0.011443,23.746906,-0.289593
2023-09-26,4.0400,1.7500,2.0000,18.9400,45.1220,354.210000,329.188250,0.071980,-0.023858,1,1,0,1,1,4,3,4,2.5778,2.5759,0.0000,0.4241,0.5759,0.0000,1.0000,1,-0.044598,0.00021549,-0.039276,22.814220,-0.317495
2023-09-27,4.0300,1.7700,1.9950,18.2200,45.5285,355.040000,329.544200,0.070567,-0.047998,1,1,0,1,1,4,3,4,2.5185,2.5180,0.0000,0.4820,0.5180,0.0000,1.0000,1,0.006089,0.00021549,0.005872,22.948183,-0.313488
2023-09-28,4.0900,1.7700,1.9900,17.3400,47.5610,358.010000,329.924050,0.068643,-0.084756,1,1,0,1,1,4,3,4,2.4790,2.4816,0.0000,0.5184,0.4816,0.0000,1.0000,1,0.024207,0.00021549,0.019712,23.400533,-0.299955
2023-09-29,4.0300,1.8000,1.9900,17.5200,46.1382,358.270000,330.287500,0.068927,-0.077656,1,1,0,1,1,4,3,4,2.4527,2.4504,0.0000,0.5496,0.4504,0.0000,1.0000,1,0.002251,0.00021474,0.002149,23.450830,-0.298450
2023-10-02,4.1100,1.7800,1.9900,17.6100,44.5122,361.260000,330.650550,0.065749,-0.115064,1,1,0,1,1,4,3,4,2.4351,2.4368,0.0000,0.5632,0.4368,0.0000,1.0000,1,0.023863,0.00021437,0.019429,23.906454,-0.284820
2023-10-03,4.2600,1.7800,1.9900,19.7800,41.4634,354.920000,330.992600,0.067411,-0.085916,1,1,0,1,1,4,3,4,2.4234,2.4206,0.0000,0.5794,0.4206,0.0000,1.0000,1,-0.052920,0.00021700,-0.042883,22.881277,-0.315489
2023-10-04,4.3700,1.8200,1.9900,18.5800,42.8862,359.750000,331.406900,0.066853,-0.098423,1,1,0,1,1,4,3,4,2.4156,2.4182,0.0000,0.5818,0.4182,0.0000,1.0000,1,0.040533,0.00021700,0.032622,23.627712,-0.293159
2023-10-05,4.3800,1.8300,1.9850,18.4900,42.2764,358.690000,331.829100,0.066490,-0.107702,1,1,0,1,1,4,3,4,2.4104,2.4097,0.0000,0.5903,0.4097,0.0000,1.0000,1,-0.010573,0.00021662,-0.008200,23.433959,-0.298955
2023-10-06,4.3300,1.8500,1.9800,17.4500,42.8862,364.700000,332.303850,0.066641,-0.102391,1,1,0,1,1,4,3,4,2.4069,2.4130,0.0000,0.5870,0.4130,0.0000,1.0000,1,0.050337,0.00021662,0.040099,24.373648,-0.270844
2023-10-09,4.3400,1.8400,1.9800,17.7000,45.7317,366.560000,332.788950,0.066876,-0.097262,1,1,0,1,1,4,3,4,2.4046,2.4074,0.0000,0.5926,0.4074,0.0000,1.0000,1,0.014726,0.00021737,0.012129,24.669271,-0.262000
2023-10-10,4.2600,1.8400,1.9800,17.0300,48.7805,368.590000,333.264650,0.067439,-0.076890,1,1,0,1,1,4,3,4,2.4031,2.4042,0.0000,0.5958,0.4042,0.0000,1.0000,1,0.016359,0.00021737,0.012763,24.984127,-0.252581
2023-10-11,4.2500,1.8300,1.9750,16.0900,48.3740,371.220000,333.786950,0.068253,-0.052313,1,1,0,1,1,4,3,4,2.4021,2.4028,0.0000,0.5972,0.4028,0.0000,1.0000,1,0.021288,0.00021662,0.017256,25.415248,-0.239683
2023-10-12,4.2500,1.8200,1.9700,16.6900,45.1220,369.930000,334.299800,0.067611,-0.067414,1,1,0,1,1,4,3,4,2.4014,2.4003,0.0000,0.5997,0.4003,0.0000,1.0000,1,-0.011693,0.00021662,-0.009500,25.173809,-0.246906
2023-10-13,4.3000,1.8300,1.9700,19.3200,44.1057,365.280000,334.808300,0.068714,-0.075096,1,1,0,1,1,4,3,4,2.4009,2.3973,0.0000,0.6027,0.3973,0.0000,1.0000,1,-0.037809,0.00021737,-0.029990,24.418837,-0.269492
2023-10-16,4.2700,1.8200,1.9650,17.2100,46.7480,369.410000,335.354850,0.068698,-0.089197,1,1,0,1,1,4,3,4,2.4006,2.4023,0.0000,0.5977,0.4023,0.0000,1.0000,1,0.033681,0.00021700,0.027231,25.083794,-0.249599
2023-10-17,4.2500,1.8300,1.9600,17.8800,48.3740,368.200000,335.863650,0.068517,-0.084900,1,1,0,1,1,4,3,4,2.4004,2.4020,0.0000,0.5980,0.4020,0.0000,1.0000,1,-0.009568,0.00021662,-0.007936,24.884720,-0.255555
2023-10-18,4.3200,1.8000,1.9600,19.2200,43.9024,363.370000,336.349100,0.068838,-0.078667,1,1,0,1,1,4,3,4,2.4003,2.3985,0.0000,0.6015,0.3985,0.0000,1.0000,1,-0.042298,0.00021700,-0.033868,24.041923,-0.280767
2023-10-19,4.3700,1.7800,1.9600,21.4000,40.9736,359.970000,336.826550,0.068757,-0.078850,1,0,0,1,1,3,1,4,2.4002,2.3970,0.0000,0.6030,0.3970,0.0000,1.0000,1,-0.026718,0.00021662,-0.021466,23.525842,-0.296206
2023-10-20,4.5200,1.8200,1.9600,21.7100,36.3083,354.600000,337.270850,0.068888,-0.067157,1,0,0,1,1,3,1,3,2.2001,2.1980,0.0000,0.8020,0.1980,0.0000,1.0000,1,-0.045098,0.00021625,-0.033327,22.741803,-0.319662
2023-10-23,4.5100,1.8800,1.9600,20.3700,34.4828,355.670000,337.741300,0.068425,-0.061911,1,0,0,1,1,3,1,3,2.0667,2.0672,0.0000,0.9328,0.0672,0.0000,1.0000,1,0.008800,0.00021549,0.005051,22.856671,-0.316225
2023-10-24,4.4100,1.8500,1.9600,18.9700,36.1055,359.130000,338.192950,0.069660,-0.045404,1,1,0,1,1,4,3,3,1.9778,1.9779,0.0221,0.9779,0.0000,0.0000,1.0000,1,0.028206,0.00021549,0.020123,23.316625,-0.302465
2023-10-25,4.3700,1.8400,1.9600,20.1900,31.8458,350.340000,338.591950,0.071069,-0.018868,1,0,0,1,1,3,1,4,2.1186,2.1166,0.0000,0.8834,0.1166,0.0000,1.0000,1,-0.073247,0.00021549,-0.051637,22.112623,-0.338484
2023-10-26,4.5000,1.8300,1.9550,20.6800,31.2373,343.660000,338.946100,0.072549,-0.012966,1,0,0,1,1,3,1,3,2.0124,2.0122,0.0000,0.9878,0.0122,0.0000,1.0000,1,-0.058285,0.00021587,-0.039263,21.244409,-0.364457
2023-10-27,4.5300,1.8200,1.9500,21.2700,28.8032,345.310000,339.284900,0.071503,-0.007814,1,0,0,1,1,3,1,3,1.9416,1.9414,0.0586,0.9414,0.0000,0.0000,1.0000,1,0.014258,0.00021587,0.009825,21.453145,-0.358213
2023-10-30,4.5000,1.8800,1.9500,19.7500,32.2515,349.200000,339.635650,0.071200,-0.005295,1,1,0,1,1,4,3,3,1.8944,1.8947,0.1053,0.8947,0.0000,0.0000,1.0000,1,0.032268,0.00021587,0.020786,21.899061,-0.344873
2023-10-31,4.4200,1.8600,1.9500,18.1400,34.8884,350.870000,339.985150,0.071365,0.005078,1,1,0,1,0,3,1,4,2.0629,2.0632,0.0000,0.9368,0.0632,0.0000,1.0000,1,0.014547,0.00021625,0.010403,22.126878,-0.338058
2023-11-01,4.4700,1.8500,1.9450,16.8700,38.1339,356.960000,340.362250,0.071417,-0.002688,1,1,0,1,1,4,3,3,1.9753,1.9756,0.0244,0.9756,0.0000,0.0000,1.0000,1,0.051556,0.00021587,0.034489,22.890023,-0.315227
2023-11-02,4.1500,1.9100,1.9400,15.6600,43.4077,363.440000,340.790050,0.071385,-0.011699,1,1,0,1,1,4,3,4,2.1169,2.1173,0.0000,0.8827,0.1173,0.0000,1.0000,1,0.053090,0.00021512,0.035632,23.705647,-0.290827
2023-11-03,4.0400,1.8400,1.9400,14.9100,47.0588,367.710000,341.252850,0.071154,-0.011587,1,1,0,1,1,4,3,4,2.2112,2.2125,0.0000,0.7875,0.2125,0.0000,1.0000,1,0.035262,0.00021399,0.025251,24.304241,-0.272920
2023-11-06,4.0000,1.8600,1.9400,14.8900,45.8418,369.210000,341.685500,0.070807,-0.022099,1,1,0,1,1,4,3,4,2.2742,2.2745,0.0000,0.7255,0.2745,0.0000,1.0000,1,0.011442,0.00021361,0.008616,24.513644,-0.266656
2023-11-07,4.0800,1.8400,1.9350,14.8100,44.8276,372.700000,342.104200,0.070091,-0.018916,1,1,0,1,1,4,3,4,2.3161,2.3174,0.0000,0.6826,0.3174,0.0000,1.0000,1,0.028150,0.00021474,0.021458,25.039646,-0.250920
2023-11-08,4.0800,1.8300,1.9250,14.4500,43.2049,372.940000,342.527050,0.069525,-0.022492,1,1,0,1,1,4,3,4,2.3441,2.3440,0.0000,0.6560,0.3440,0.0000,1.0000,1,0.001791,0.00021437,0.001620,25.080210,-0.249706
2023-11-09,4.0400,1.8400,1.9200,15.2900,42.3935,370.070000,342.938750,0.069150,-0.038940,1,1,0,1,1,4,3,4,2.3627,2.3609,0.0000,0.6391,0.3609,0.0000,1.0000,1,-0.023755,0.00021399,-0.018746,24.610067,-0.263771
2023-11-10,4.0300,1.8300,1.9150,14.1700,45.0304,378.390000,343.364000,0.068451,-0.054867,1,1,0,1,1,4,3,4,2.3751,2.3790,0.0000,0.6210,0.3790,0.0000,1.0000,1,0.066719,0.00021399,0.052283,25.896761,-0.225279
2023-11-13,4.0300,1.8000,1.9100,14.7600,45.8418,377.210000,343.768750,0.067698,-0.069723,1,1,0,1,1,4,3,4,2.3834,2.3838,0.0000,0.6162,0.3838,0.0000,1.0000,1,-0.009075,0.00021361,-0.007141,25.711831,-0.230811
2023-11-14,3.9200,1.7900,1.9100,14.1600,53.3469,385.330000,344.244050,0.069062,-0.038967,1,1,1,1,1,5,5,4,2.3890,2.3896,0.0000,0.6104,0.3896,0.0000,1.0000,1,0.062871,0.00021437,0.050421,27.008251,-0.192028
2023-11-15,3.8900,1.8300,1.9100,14.1800,54.7667,385.620000,344.699050,0.068704,-0.049707,1,1,1,1,1,5,5,5,2.5926,2.5915,0.0000,0.4085,0.5915,0.0000,1.0000,1,0.002795,0.00021324,0.000843,27.031015,-0.191347
2023-11-16,4.0200,1.8000,1.9100,14.3200,53.9554,385.950000,345.124200,0.068987,-0.038292,1,1,1,1,1,5,5,5,2.7284,2.7289,0.0000,0.2711,0.7289,0.0000,1.0000,1,0.001626,0.00021361,0.001982,27.084599,-0.189744
2023-11-17,3.9900,1.8100,1.9100,13.8000,56.3895,386.040000,345.495800,0.069090,-0.045434,1,1,1,1,1,5,5,5,2.8189,2.8193,0.0000,0.1807,0.8193,0.0000,1.0000,1,0.000696,0.00021286,0.000632,27.101721,-0.189231
2023-11-20,3.9200,1.7800,1.9100,13.4100,56.1866,390.740000,345.918600,0.068353,-0.056525,1,1,1,1,1,5,5,5,2.8793,2.8805,0.0000,0.1195,0.8805,0.0000,1.0000,1,0.035681,0.00021249,0.034324,28.031973,-0.161402
2023-11-21,3.9500,1.7600,1.9050,13.3500,57.2008,388.470000,346.343000,0.068646,-0.045586,1,1,1,1,1,5,5,5,2.9195,2.9195,0.0000,0.0805,0.9195,0.0000,1.0000,1,-0.018121,0.00021399,-0.017541,27.540267,-0.176112
2023-11-22,3.9000,1.7700,1.9000,12.8500,58.0122,390.060000,346.743900,0.068711,-0.033873,1,1,1,1,1,5,5,5,2.9464,2.9463,0.0000,0.0537,0.9463,0.0000,1.0000,1,0.011620,0.00021361,0.011325,27.852150,-0.166782
2023-11-24,3.8500,1.7100,1.9000,12.4600,60.2434,389.510000,347.169600,0.068845,-0.023355,1,1,1,1,1,5,5,5,2.9642,2.9642,0.0000,0.0358,0.9642,0.0000,1.0000,1,-0.004955,0.00021399,-0.004900,27.715673,-0.170864
2023-11-27,3.8900,1.7200,1.9000,12.6900,58.4178,389.170000,347.607050,0.069079,-0.011871,1,1,1,1,1,5,5,5,2.9762,2.9762,0.0000,0.0238,0.9762,0.0000,1.0000,1,-0.002943,0.00021399,-0.002902,27.635231,-0.173271
2023-11-28,3.9000,1.7100,1.9000,12.6900,60.0406,390.190000,348.059500,0.069230,-0.002702,1,1,1,1,1,5,5,5,2.9841,2.9842,0.0000,0.0158,0.9842,0.0000,1.0000,1,0.007946,0.00021211,0.007909,27.853790,-0.166733
2023-11-29,3.8000,1.7500,1.9000,12.9800,61.2576,389.810000,348.486050,0.068729,0.001179,1,1,1,1,0,4,3,5,2.9894,2.9893,0.0000,0.0107,0.9893,0.0000,1.0000,1,-0.003604,0.00021136,-0.003623,27.752870,-0.169752
2023-11-30,3.8400,1.7200,1.8950,12.9200,63.4888,388.830000,348.896450,0.068755,-0.007608,1,1,1,1,1,5,5,4,2.7929,2.7924,0.0000,0.2076,0.7924,0.0000,1.0000,1,-0.008363,0.00021060,-0.007780,27.536952,-0.176211
2023-12-01,3.8700,1.6700,1.8900,12.6300,67.9513,389.940000,349.300650,0.069190,-0.017663,1,1,1,1,1,5,5,5,2.8620,2.8626,0.0000,0.1374,0.8626,0.0000,1.0000,1,0.008434,0.00021060,0.008237,27.763785,-0.169425
2023-12-04,3.8000,1.7100,1.8900,13.0800,67.3428,386.320000,349.715750,0.069281,-0.023489,1,1,1,1,1,5,5,5,2.9080,2.9080,0.0000,0.0920,0.9080,0.0000,1.0000,1,-0.028481,0.00020985,-0.027216,27.008157,-0.192030
2023-12-05,3.8000,1.6700,1.8900,12.8500,64.3002,387.290000,350.146400,0.068802,-0.027789,1,1,1,1,1,5,5,5,2.9386,2.9391,0.0000,0.0609,0.9391,0.0000,1.0000,1,0.007213,0.00021098,0.007233,27.203509,-0.186186
2023-12-06,3.7900,1.6500,1.8850,12.9700,65.3144,385.050000,350.601500,0.070004,-0.017303,1,1,1,1,1,5,5,5,2.9591,2.9586,0.0000,0.0414,0.9586,0.0000,1.0000,1,-0.017787,0.00021060,-0.017681,26.722526,-0.200575
2023-12-07,3.7700,1.6300,1.8800,13.0600,65.9229,390.430000,351.082400,0.069321,-0.037916,1,1,1,1,1,5,5,5,2.9727,2.9729,0.0000,0.0271,0.9729,0.0000,1.0000,1,0.041863,0.00021060,0.041370,27.828047,-0.167503
2023-12-08,3.7500,1.6300,1.8800,12.3500,66.3286,392.170000,351.559150,0.068894,-0.049601,1,1,1,1,1,5,5,5,2.9818,2.9820,0.0000,0.0180,0.9820,-0.0000,1.0000,1,0.011964,0.00021023,0.011927,28.159955,-0.157573
2023-12-11,3.7900,1.6100,1.8800,12.6300,69.1684,395.520000,352.077500,0.069071,-0.059243,1,1,1,1,1,5,5,5,2.9879,2.9880,0.0000,0.0120,0.9880,0.0000,1.0000,1,0.025429,0.00021023,0.025335,28.873392,-0.136230
2023-12-12,3.7600,1.6100,1.8800,12.0700,69.5740,398.670000,352.601150,0.068477,-0.058726,1,1,1,1,1,5,5,5,2.9919,2.9920,0.0000,0.0080,0.9920,-0.0000,1.0000,1,0.024146,0.00021136,0.024077,29.568585,-0.115433
2023-12-13,3.7900,1.6000,1.8800,12.1900,75.6592,403.740000,353.152050,0.070096,-0.032469,1,1,1,1,1,5,5,5,2.9946,2.9947,0.0000,0.0053,0.9947,0.0000,1.0000,1,0.035259,0.00021098,0.035197,30.609309,-0.084299
2023-12-14,3.4700,1.6100,1.8800,12.4800,77.6876,403.390000,353.713000,0.068960,-0.060158,1,1,1,1,1,5,5,5,2.9964,2.9964,0.0000,0.0036,0.9964,0.0000,1.0000,1,-0.001641,0.00021023,-0.001652,30.558738,-0.085812
2023-12-15,3.5100,1.5700,1.8800,12.2800,74.8479,405.340000,354.271650,0.068150,-0.079117,1,1,1,1,1,5,5,5,2.9976,2.9976,0.0000,0.0024,0.9976,0.0000,1.0000,1,0.011919,0.00020985,0.011906,30.922562,-0.074928
2023-12-18,3.5100,1.5700,1.8750,12.5600,75.6592,407.080000,354.808650,0.066985,-0.097482,1,1,1,1,1,5,5,5,2.9984,2.9984,0.0000,0.0016,0.9984,0.0000,1.0000,1,0.020918,0.00021023,0.020907,31.569044,-0.055588
2023-12-19,3.4600,1.5800,1.8700,12.5300,77.8905,409.160000,355.354350,0.066959,-0.092411,1,1,1,1,1,5,5,5,2.9989,2.9989,0.0000,0.0011,0.9989,0.0000,1.0000,1,0.014919,0.00021098,0.014913,32.039840,-0.041504
2023-12-20,3.4300,1.5700,1.8700,13.6700,72.4138,403.080000,355.888050,0.066523,-0.083364,1,1,1,1,1,5,5,5,2.9993,2.9993,0.0000,0.0007,0.9993,0.0000,1.0000,1,-0.048608,0.00020985,-0.048595,30.482862,-0.088082
2023-12-21,3.4100,1.6300,1.8700,13.6500,74.8479,407.770000,356.437800,0.066014,-0.071576,1,1,1,1,1,5,5,5,2.9995,2.9995,0.0000,0.0005,0.9995,0.0000,1.0000,1,0.033066,0.00021023,0.033059,31.490586,-0.057935
2023-12-22,3.3900,1.6400,1.8700,13.0300,76.4706,408.380000,357.016400,0.066104,-0.040893,1,1,1,1,1,5,5,5,2.9997,2.9997,0.0000,0.0003,0.9997,0.0000,1.0000,1,0.004088,0.00020948,0.004087,31.619292,-0.054085
2023-12-26,3.3700,1.6500,1.8700,12.9900,77.8905,410.880000,357.628050,0.066225,-0.043619,1,1,1,1,1,5,5,5,2.9998,2.9998,0.0000,0.0002,0.9998,0.0000,1.0000,1,0.018272,0.00021023,0.018270,32.196990,-0.036802
2023-12-27,3.3400,1.6400,1.8700,12.4300,77.8905,411.500000,358.232100,0.066064,0.005345,1,1,1,1,0,4,3,5,2.9999,2.9999,0.0000,0.0001,0.9999,0.0000,1.0000,1,0.005266,0.00021060,0.005266,32.366539,-0.031730
2023-12-28,3.3200,1.6400,1.8650,12.4700,78.9047,411.300000,358.801750,0.066511,-0.015108,1,1,1,1,1,5,5,4,2.7999,2.7995,0.0000,0.2005,0.7995,0.0000,1.0000,1,-0.002522,0.00021023,-0.002084,32.299081,-0.033748
2023-12-29,3.3400,1.6200,1.8600,12.4500,78.0933,409.520000,359.354700,0.066620,-0.003914,1,1,1,1,1,5,5,5,2.8666,2.8661,0.0000,0.1339,0.8661,0.0000,1.0000,1,-0.013811,0.00021060,-0.013096,31.876081,-0.046403
2024-01-02,3.5400,1.6100,1.8600,13.2000,81.3387,402.590000,359.833600,0.067968,0.024748,1,1,1,1,0,4,3,5,2.9111,2.9104,0.0000,0.0896,0.9104,0.0000,1.0000,1,-0.050690,0.00020872,-0.048818,30.319951,-0.092955
2024-01-03,3.7100,1.6200,1.8600,14.0400,79.9189,398.330000,360.298450,0.068783,0.035086,1,1,1,1,0,4,3,4,2.7407,2.7399,0.0000,0.2601,0.7399,0.0000,1.0000,1,-0.031997,0.00021098,-0.030399,29.398259,-0.120529
2024-01-04,3.6900,1.6600,1.8600,14.1300,77.8905,396.280000,360.750000,0.068792,0.030958,1,1,1,1,0,4,3,4,2.6271,2.6270,0.0000,0.3730,0.6270,0.0000,1.0000,1,-0.016742,0.00021173,-0.015239,28.950259,-0.133931
2024-01-05,3.6800,1.6500,1.8600,13.3500,78.2961,396.750000,361.182050,0.068954,0.024190,1,1,1,1,0,4,3,4,2.5514,2.5516,0.0000,0.4484,0.5516,0.0000,1.0000,1,0.003711,0.00021173,0.003181,29.042356,-0.131176
2024-01-08,3.6300,1.6500,1.8550,13.0800,80.3245,404.950000,361.676200,0.068479,0.003603,1,1,1,1,0,4,3,4,2.5010,2.5048,0.0000,0.4952,0.5048,0.0000,1.0000,1,0.060244,0.00021136,0.050755,30.516388,-0.087079
2024-01-09,3.5900,1.6500,1.8500,12.7600,78.7018,405.750000,362.156200,0.068024,0.006675,1,1,1,1,0,4,3,4,2.4673,2.4697,0.0000,0.5303,0.4697,0.0000,1.0000,1,0.006564,0.00021211,0.004885,30.665448,-0.082620
2024-01-10,3.5000,1.6300,1.8500,12.6900,78.4990,408.500000,362.644250,0.067631,-0.017411,1,1,1,1,1,5,5,4,2.4449,2.4462,0.0000,0.5538,0.4462,0.0000,1.0000,1,0.019768,0.00021136,0.016041,31.157345,-0.067904
2024-01-11,3.5500,1.5900,1.8500,12.4400,76.8763,409.350000,363.147200,0.066086,-0.041536,1,1,1,1,1,5,5,5,2.6299,2.6297,0.0000,0.3703,0.6297,-0.0000,1.0000,1,0.004796,0.00021098,0.003693,31.272413,-0.064462
2024-01-12,3.5600,1.6300,1.8500,12.7000,76.4706,409.560000,363.659400,0.066418,-0.033504,1,1,1,1,1,5,5,5,2.7533,2.7528,0.0000,0.2472,0.7528,0.0000,1.0000,1,0.001193,0.00021098,0.000889,31.300229,-0.063630
2024-01-16,3.5800,1.6400,1.8500,13.8400,74.4422,409.520000,364.143400,0.065936,-0.046546,1,1,1,1,1,5,5,5,2.8355,2.8359,0.0000,0.1641,0.8359,0.0000,1.0000,1,-0.000596,0.00021060,-0.000373,31.288566,-0.063979
2024-01-17,3.6200,1.6500,1.8500,14.7900,70.9939,407.210000,364.601050,0.065341,-0.055020,1,1,1,1,1,5,5,5,2.8903,2.8906,0.0000,0.1094,0.8906,-0.0000,1.0000,1,-0.017293,0.00021060,-0.016265,30.779658,-0.079203
2024-01-18,3.5800,1.6300,1.8500,14.1300,70.9939,412.990000,365.061350,0.064073,-0.079080,1,1,1,1,1,5,5,5,2.9269,2.9273,0.0000,0.0727,0.9273,0.0000,1.0000,1,0.042880,0.00021136,0.041530,32.057939,-0.040962
2024-01-19,3.5400,1.6200,1.8500,13.3000,73.0223,421.180000,365.566500,0.063201,-0.087602,1,1,1,1,1,5,5,5,2.9513,2.9519,0.0000,0.0481,0.9519,0.0000,1.0000,1,0.057797,0.00021060,0.056741,33.876943,0.000000
2024-01-22,3.4900,1.5900,1.8450,13.1900,73.6308,421.730000,366.079800,0.062747,-0.113252,1,1,1,1,1,5,5,5,2.9675,2.9674,0.0000,0.0326,0.9674,0.0000,1.0000,1,0.004034,0.00021060,0.003896,34.008931,0.000000
2024-01-23,3.5100,1.5900,1.8400,12.5500,73.2252,423.480000,366.617600,0.062678,-0.137108,1,1,1,1,1,5,5,5,2.9783,2.9784,0.0000,0.0216,0.9784,0.0000,1.0000,1,0.011870,0.00021098,0.011764,34.409009,0.000000
2024-01-24,3.4400,1.6200,1.8400,13.1400,71.3996,425.830000,367.156500,0.061754,-0.175057,1,1,1,1,1,5,5,5,2.9856,2.9855,0.0000,0.0145,0.9855,0.0000,1.0000,1,0.016423,0.00021060,0.016270,34.968840,0.000000
2024-01-25,3.4500,1.6100,1.8400,13.4500,73.8337,426.350000,367.698900,0.062527,-0.149184,1,1,1,1,1,5,5,5,2.9904,2.9903,0.0000,0.0097,0.9903,0.0000,1.0000,1,0.002841,0.00021023,0.002806,35.066957,0.000000
2024-01-26,3.3900,1.6000,1.8400,13.2600,73.6308,423.810000,368.238800,0.062791,-0.138512,1,1,1,1,1,5,5,5,2.9936,2.9936,0.0000,0.0064,0.9936,0.0000,1.0000,1,-0.018414,0.00021023,-0.018359,34.423177,-0.018359
2024-01-29,3.4100,1.5800,1.8400,13.6000,75.2535,428.150000,368.814350,0.062695,-0.142726,1,1,1,1,1,5,5,5,2.9957,2.9958,0.0000,0.0042,0.9958,0.0000,1.0000,1,0.029401,0.00021023,0.029362,35.433893,0.000000
2024-01-30,3.4200,1.6000,1.8400,13.3100,75.2535,425.300000,369.345000,0.062723,-0.141387,1,1,1,1,1,5,5,5,2.9971,2.9971,0.0000,0.0029,0.9971,0.0000,1.0000,1,-0.019975,0.00020948,-0.019956,34.726757,-0.019956
2024-01-31,3.5900,1.5800,1.8400,14.3500,72.2110,416.970000,369.837000,0.063629,-0.121808,1,1,1,1,1,5,5,5,2.9981,2.9981,0.0000,0.0019,0.9981,0.0000,1.0000,1,-0.058824,0.00020948,-0.058777,32.685627,-0.077560
2024-02-01,3.5600,1.6100,1.8400,13.8800,76.4706,421.880000,370.352200,0.064002,-0.113114,1,1,1,1,1,5,5,5,2.9987,2.9987,0.0000,0.0013,0.9987,0.0000,1.0000,1,0.035334,0.00020948,0.035317,33.839973,-0.044983
2024-02-02,3.4700,1.6300,1.8400,13.8500,73.4280,429.010000,370.902950,0.062193,-0.138041,1,1,1,1,1,5,5,5,2.9992,2.9992,0.0000,0.0008,0.9992,0.0000,1.0000,1,0.050275,0.00020948,0.050259,35.540734,0.000000
2024-02-05,3.5000,1.5900,1.8400,13.6700,70.3854,428.450000,371.451650,0.061121,-0.144277,1,1,1,1,1,5,5,5,2.9994,2.9994,0.0000,0.0006,0.9994,0.0000,1.0000,1,-0.005066,0.00020985,-0.005066,35.360698,-0.005066
2024-02-06,3.5200,1.5600,1.8400,13.0600,73.4280,427.590000,372.008200,0.061166,-0.135828,1,1,1,1,1,5,5,5,2.9996,2.9996,0.0000,0.0004,0.9996,0.0000,1.0000,1,-0.005795,0.00020948,-0.005794,35.155808,-0.010831
2024-02-07,3.4300,1.5800,1.8400,12.8300,73.4280,431.990000,372.585100,0.060701,-0.140286,1,1,1,1,1,5,5,5,2.9997,2.9998,0.0000,0.0002,0.9998,0.0000,1.0000,1,0.029848,0.00021023,0.029845,36.205027,0.000000
2024-02-08,3.3800,1.6000,1.8400,12.7900,73.2252,432.790000,373.169300,0.060242,-0.135619,1,1,1,1,1,5,5,5,2.9998,2.9998,0.0000,0.0002,0.9998,0.0000,1.0000,1,0.004116,0.00020985,0.004116,36.354038,0.000000
2024-02-09,3.3300,1.6000,1.8400,12.9300,72.4138,437.050000,373.804600,0.060126,-0.127358,1,1,1,1,1,5,5,5,2.9999,2.9999,0.0000,0.0001,0.9999,0.0000,1.0000,1,0.029377,0.00021023,0.029375,37.421947,0.000000
2024-02-12,3.3500,1.5900,1.8400,13.9300,74.6450,435.340000,374.421950,0.060851,-0.132735,1,1,1,1,1,5,5,5,2.9999,2.9999,0.0000,0.0001,0.9999,0.0000,1.0000,1,-0.011780,0.00021023,-0.011780,36.981114,-0.011780
2024-02-13,3.3600,1.5800,1.8400,15.8500,68.5598,428.550000,374.962950,0.060311,-0.135047,1,1,1,1,1,5,5,5,3.0000,3.0000,0.0000,0.0000,1.0000,0.0000,1.0000,1,-0.047347,0.00020985,-0.047346,35.230208,-0.058568
2024-02-14,3.3800,1.5400,1.8400,14.3800,69.5740,433.220000,375.516250,0.060463,-0.136826,1,1,1,1,1,5,5,5,3.0000,3.0000,0.0000,0.0000,1.0000,0.0000,1.0000,1,0.031724,0.00021060,0.031723,36.347824,-0.028703
2024-02-15,3.3500,1.5600,1.8400,14.0100,74.8479,434.510000,376.077850,0.061055,-0.129516,1,1,1,1,1,5,5,5,3.0000,3.0000,0.0000,0.0000,1.0000,0.0000,1.0000,1,0.008370,0.00020985,0.008370,36.652064,-0.020573
2024-02-16,3.3400,1.5700,1.8400,14.2400,73.2252,430.570000,376.633800,0.061290,-0.113622,1,1,1,1,1,5,5,5,3.0000,3.0000,0.0000,0.0000,1.0000,0.0000,1.0000,1,-0.027444,0.00020985,-0.027444,35.646201,-0.047452
2024-02-20,3.3700,1.5300,1.8400,15.4200,72.4696,427.320000,377.183950,0.061589,-0.112659,1,1,1,1,1,5,5,5,3.0000,3.0000,0.0000,0.0000,1.0000,0.0000,1.0000,1,-0.023167,0.00021023,-0.023167,34.820400,-0.069519
2024-02-21,3.3400,1.5600,1.8400,15.3400,74.0891,425.610000,377.731150,0.062348,-0.101197,1,1,1,1,1,5,5,5,3.0000,3.0000,0.0000,0.0000,1.0000,0.0000,1.0000,1,-0.012482,0.00021023,-0.012482,34.385768,-0.081134
2024-02-22,3.2200,1.5400,1.8400,14.5400,75.7085,438.070000,378.307050,0.060611,-0.133313,1,1,1,1,1,5,5,5,3.0000,3.0000,0.0000,0.0000,1.0000,0.0000,1.0000,1,0.086493,0.00021023,0.086493,37.359901,-0.001658
2024-02-23,3.2300,1.4900,1.8350,13.7500,76.3158,436.780000,378.872500,0.061002,-0.130650,1,1,1,1,1,5,5,5,3.0000,3.0000,0.0000,0.0000,1.0000,0.0000,1.0000,1,-0.009141,0.00021060,-0.009141,37.018403,-0.010784
2024-02-26,3.2300,1.4900,1.8300,13.7400,73.0769,436.550000,379.447050,0.060021,-0.147957,1,1,1,1,1,5,5,5,3.0000,3.0000,0.0000,0.0000,1.0000,0.0000,1.0000,1,-0.001342,0.00021098,-0.001342,36.968730,-0.012111
2024-02-27,3.2600,1.5300,1.8300,13.4300,74.6964,437.600000,380.009350,0.061044,-0.124689,1,1,1,1,1,5,5,5,3.0000,3.0000,0.0000,0.0000,1.0000,0.0000,1.0000,1,0.006214,0.00021136,0.006214,37.198465,-0.005972
2024-02-28,3.3100,1.5300,1.8300,13.8400,74.6964,435.270000,380.554700,0.061312,-0.120081,1,1,1,1,1,5,5,5,3.0000,3.0000,0.0000,0.0000,1.0000,0.0000,1.0000,1,-0.016191,0.00021060,-0.016191,36.596187,-0.022066
2024-02-29,3.2900,1.5500,1.8300,13.4000,76.9231,439.000000,381.124550,0.061112,-0.129196,1,1,1,1,1,5,5,5,3.0000,3.0000,0.0000,0.0000,1.0000,0.0000,1.0000,1,0.024092,0.00021060,0.024092,37.477873,0.000000
2024-03-01,3.3200,1.5500,1.8300,13.1100,76.5182,445.610000,381.718650,0.060174,-0.147624,1,1,1,1,1,5,5,5,3.0000,3.0000,0.0000,0.0000,1.0000,0.0000,1.0000,1,0.045891,0.00021060,0.045891,39.197782,0.000000
2024-03-04,3.2600,1.5700,1.8300,13.4900,77.3279,444.020000,382.302950,0.061253,-0.123103,1,1,1,1,1,5,5,5,3.0000,3.0000,0.0000,0.0000,1.0000,0.0000,1.0000,1,-0.011880,0.00020948,-0.011880,38.732102,-0.011880
2024-03-05,3.3100,1.5700,1.8300,14.4600,75.7085,436.050000,382.827600,0.061694,-0.132389,1,1,1,1,1,5,5,5,3.0000,3.0000,0.0000,0.0000,1.0000,0.0000,1.0000,1,-0.053543,0.00021173,-0.053543,36.658277,-0.064787
2024-03-06,3.2700,1.5900,1.8300,14.5000,77.7328,438.790000,383.335200,0.061972,-0.117942,1,1,1,1,1,5,5,5,3.0000,3.0000,0.0000,0.0000,1.0000,0.0000,1.0000,1,0.018462,0.00021136,0.018462,37.335065,-0.047521
2024-03-07,3.2700,1.5700,1.8300,14.4400,79.1498,445.450000,383.879900,0.061761,-0.115827,1,1,1,1,1,5,5,5,3.0000,3.0000,0.0000,0.0000,1.0000,0.0000,1.0000,1,0.044570,0.00021136,0.044570,38.999092,-0.005069
2024-03-08,3.2600,1.5900,1.8300,14.7400,79.7571,439.020000,384.386800,0.062290,-0.108740,1,1,1,1,1,5,5,5,3.0000,3.0000,0.0000,0.0000,1.0000,0.0000,1.0000,1,-0.043783,0.00021136,-0.043783,37.291601,-0.048630
2024-03-11,3.2600,1.5900,1.8300,15.2200,82.5911,437.390000,384.906950,0.062656,-0.093635,1,1,1,1,1,5,5,5,3.0000,3.0000,0.0000,0.0000,1.0000,0.0000,1.0000,1,-0.011655,0.00021098,-0.011655,36.856967,-0.059718
2024-03-12,3.2000,1.5900,1.8300,13.8400,80.7692,443.660000,385.467000,0.061390,-0.136417,1,1,1,1,1,5,5,5,3.0000,3.0000,0.0000,0.0000,1.0000,0.0000,1.0000,1,0.042453,0.00021173,0.042453,38.421650,-0.019800
2024-03-13,3.1500,1.5500,1.8300,13.7500,81.7814,440.250000,385.969650,0.061903,-0.111874,1,1,1,1,1,5,5,5,3.0000,3.0000,0.0000,0.0000,1.0000,0.0000,1.0000,1,-0.023271,0.00021173,-0.023271,37.527545,-0.042610
2024-03-14,3.1500,1.5500,1.8300,14.4000,79.7571,439.180000,386.423550,0.061530,-0.106582,1,1,1,1,1,5,5,5,3.0000,3.0000,0.0000,0.0000,1.0000,0.0000,1.0000,1,-0.008107,0.00021173,-0.008107,37.223302,-0.050372
2024-03-15,3.1600,1.5300,1.8300,14.4100,78.9474,433.920000,386.843250,0.062256,-0.076240,1,1,1,1,1,5,5,5,3.0000,3.0000,0.0000,0.0000,1.0000,0.0000,1.0000,1,-0.036530,0.00021173,-0.036530,35.863518,-0.085063
2024-03-18,3.1300,1.4900,1.8300,14.3300,78.5425,437.480000,387.290700,0.061646,-0.085709,1,1,1,1,1,5,5,5,3.0000,3.0000,0.0000,0.0000,1.0000,0.0000,1.0000,1,0.028220,0.00021173,0.028220,36.875594,-0.059243
2024-03-19,3.1000,1.4900,1.8250,13.8200,80.9717,438.570000,387.723500,0.061840,-0.077544,1,1,1,1,1,5,5,5,3.0000,3.0000,0.0000,0.0000,1.0000,0.0000,1.0000,1,0.006904,0.00021173,0.006904,37.130166,-0.052748
2024-03-20,3.1400,1.5000,1.8200,13.0400,81.9838,443.770000,388.169100,0.061364,-0.077558,1,1,1,1,1,5,5,5,3.0000,3.0000,0.0000,0.0000,1.0000,0.0000,1.0000,1,0.031773,0.00021173,0.031773,38.309887,-0.022652
2024-03-21,3.0500,1.5600,1.8200,12.9200,82.3887,445.870000,388.623950,0.061049,-0.084297,1,1,1,1,1,5,5,5,3.0000,3.0000,0.0000,0.0000,1.0000,0.0000,1.0000,1,0.012966,0.00021136,0.012966,38.806611,-0.009979
2024-03-22,3.0800,1.5300,1.8200,13.0600,81.5789,446.380000,389.081650,0.061261,-0.082134,1,1,1,1,1,5,5,5,3.0000,3.0000,0.0000,0.0000,1.0000,0.0000,1.0000,1,0.002080,0.00021173,0.002080,38.887329,-0.007920
2024-03-25,3.1100,1.5300,1.8200,13.1900,81.1741,444.760000,389.561350,0.061720,-0.071725,1,1,1,1,1,5,5,5,3.0000,3.0000,0.0000,0.0000,1.0000,0.0000,1.0000,1,-0.010219,0.00021098,-0.010219,38.489949,-0.018058
2024-03-26,3.1500,1.5300,1.8200,13.2400,80.7692,443.320000,390.012200,0.061130,-0.088044,1,1,1,1,1,5,5,5,3.0000,3.0000,0.0000,0.0000,1.0000,0.0000,1.0000,1,-0.009356,0.00021098,-0.009356,38.129824,-0.027245
2024-03-27,3.1500,1.5300,1.8200,12.7800,83.8057,444.830000,390.463850,0.062314,-0.071143,1,1,1,1,1,5,5,5,3.0000,3.0000,0.0000,0.0000,1.0000,0.0000,1.0000,1,0.008793,0.00021098,0.008793,38.465113,-0.018692
2024-03-28,3.1200,1.5400,1.8200,13.0100,85.2227,444.010000,390.881450,0.062738,-0.085181,1,1,1,1,1,5,5,5,3.0000,3.0000,0.0000,0.0000,1.0000,0.0000,1.0000,1,-0.006295,0.00021060,-0.006295,38.222960,-0.024869
2024-04-01,3.1200,1.5000,1.8200,13.6500,84.0081,444.950000,391.289900,0.062481,-0.102062,1,1,1,1,1,5,5,5,3.0000,3.0000,0.0000,0.0000,1.0000,0.0000,1.0000,1,0.006173,0.00021098,0.006173,38.458904,-0.018850
2024-04-02,3.2300,1.4900,1.8200,14.6100,82.5911,441.110000,391.665950,0.062984,-0.093740,1,1,1,1,1,5,5,5,3.0000,3.0000,0.0000,0.0000,1.0000,0.0000,1.0000,1,-0.026800,0.00021023,-0.026800,37.428200,-0.045145
2024-04-03,3.2300,1.5100,1.8150,14.3300,80.9717,442.100000,392.025150,0.062661,-0.101314,1,1,1,1,1,5,5,5,3.0000,3.0000,0.0000,0.0000,1.0000,0.0000,1.0000,1,0.006636,0.00020948,0.006636,37.676563,-0.038809
2024-04-04,3.2400,1.4900,1.8100,16.3500,79.7571,435.340000,392.362200,0.063309,-0.081625,1,1,1,1,1,5,5,5,3.0000,3.0000,0.0000,0.0000,1.0000,0.0000,1.0000,1,-0.047132,0.00020948,-0.047132,35.900772,-0.084112
2024-04-05,3.1800,1.5100,1.8100,16.0300,79.5547,440.490000,392.730150,0.062844,-0.083308,1,1,1,1,1,5,5,5,3.0000,3.0000,0.0000,0.0000,1.0000,0.0000,1.0000,1,0.035282,0.00020910,0.035282,37.167420,-0.051798
2024-04-08,3.1500,1.4900,1.8100,15.1900,79.9595,440.600000,393.123650,0.063223,-0.070937,1,1,1,1,1,5,5,5,3.0000,3.0000,0.0000,0.0000,1.0000,0.0000,1.0000,1,0.000668,0.00020985,0.000668,37.192256,-0.051164
2024-04-09,3.1400,1.4600,1.8100,14.9800,82.7935,442.230000,393.503950,0.063501,-0.042632,1,1,1,1,1,5,5,5,3.0000,3.0000,0.0000,0.0000,1.0000,0.0000,1.0000,1,0.010351,0.00020985,0.010351,37.577218,-0.041343
2024-04-10,3.1000,1.4400,1.8050,15.8000,77.1255,438.370000,393.883100,0.063040,-0.054854,1,1,1,1,1,5,5,5,3.0000,3.0000,0.0000,0.0000,1.0000,0.0000,1.0000,1,-0.026272,0.00020985,-0.026272,36.589978,-0.066529
2024-04-11,3.1600,1.4000,1.8000,14.9100,76.7206,445.370000,394.321550,0.062442,-0.057795,1,1,1,1,1,5,5,5,3.0000,3.0000,0.0000,0.0000,1.0000,0.0000,1.0000,1,0.047175,0.00021060,0.047175,38.316096,-0.022493
2024-04-12,3.2500,1.4100,1.8000,17.3100,72.8745,438.270000,394.693750,0.062838,-0.041442,1,1,1,1,1,5,5,5,3.0000,3.0000,0.0000,0.0000,1.0000,0.0000,1.0000,1,-0.048452,0.00021060,-0.048452,36.459587,-0.069856
2024-04-15,3.2800,1.4500,1.8000,19.2300,70.8502,431.060000,395.026350,0.063031,-0.017209,1,1,1,1,1,5,5,5,3.0000,3.0000,0.0000,0.0000,1.0000,0.0000,1.0000,1,-0.050238,0.00021060,-0.050238,34.627915,-0.116585
2024-04-16,3.3600,1.4600,1.8000,18.4000,68.4211,431.100000,395.362800,0.062339,-0.014238,1,1,1,1,1,5,5,5,3.0000,3.0000,0.0000,0.0000,1.0000,0.0000,1.0000,1,0.000179,0.00021060,0.000179,34.634124,-0.116426
2024-04-17,3.4200,1.4600,1.8000,18.2100,69.8381,425.840000,395.644900,0.064010,0.020835,1,1,1,1,0,4,3,5,3.0000,3.0000,0.0000,0.0000,1.0000,0.0000,1.0000,1,-0.037110,0.00021060,-0.037110,33.348849,-0.149216
2024-04-18,3.3900,1.4800,1.8000,18.0000,69.4332,423.400000,395.910450,0.064512,0.030136,1,1,1,1,0,4,3,4,2.8000,2.7988,0.0000,0.2012,0.7988,0.0000,1.0000,1,-0.017874,0.00021060,-0.016507,32.798348,-0.163260
2024-04-19,3.3700,1.4700,1.8000,18.7100,71.2551,414.650000,396.132300,0.066070,0.071281,1,1,1,1,0,4,3,4,2.6667,2.6624,0.0000,0.3376,0.6624,0.0000,1.0000,1,-0.061991,0.00021098,-0.055450,30.979679,-0.209657
2024-04-22,3.2900,1.4600,1.8000,16.9400,74.8988,418.820000,396.389100,0.066067,0.057973,1,1,1,1,0,4,3,4,2.5778,2.5787,0.0000,0.4213,0.5787,0.0000,1.0000,1,0.029303,0.00021060,0.025574,31.771957,-0.189445
2024-04-23,3.2000,1.4600,1.7950,15.6900,77.1255,425.100000,396.683400,0.065622,0.046776,1,1,1,1,0,4,3,4,2.5185,2.5211,0.0000,0.4789,0.5211,0.0000,1.0000,1,0.044377,0.00020948,0.037424,32.961000,-0.159111
2024-04-24,3.1900,1.4600,1.7900,15.9700,76.9231,426.510000,396.984150,0.066019,0.054557,1,1,1,1,0,4,3,4,2.4790,2.4782,0.0000,0.5218,0.4782,0.0000,1.0000,1,0.009776,0.00021060,0.008471,33.240199,-0.151988
2024-04-25,3.2400,1.4800,1.7900,15.3700,75.9109,424.450000,397.265550,0.066463,0.061151,1,1,1,1,0,4,3,4,2.4527,2.4558,0.0000,0.5442,0.4558,0.0000,1.0000,1,-0.016012,0.00021098,-0.013193,32.801663,-0.163176
2024-04-26,3.1600,1.4700,1.7900,15.0300,74.8988,431.000000,397.556450,0.065114,0.024576,1,1,1,1,0,4,3,4,2.4351,2.4369,0.0000,0.5631,0.4369,0.0000,1.0000,1,0.045979,0.00021136,0.037509,34.032022,-0.131787
2024-04-29,3.1200,1.4500,1.7850,14.6700,78.5425,432.750000,397.824450,0.065767,0.028742,1,1,1,1,0,4,3,4,2.4234,2.4232,0.0000,0.5768,0.4232,0.0000,1.0000,1,0.011939,0.00021098,0.009627,34.359637,-0.123429
2024-04-30,3.1800,1.4500,1.7800,15.6500,72.4696,424.590000,398.052050,0.066477,0.069945,1,1,1,1,0,4,3,4,2.4156,2.4116,0.0000,0.5884,0.4116,0.0000,1.0000,1,-0.057294,0.00021060,-0.046036,32.777843,-0.163783
2024-05-01,3.2100,1.4400,1.7800,15.3900,71.8623,421.515000,398.246575,0.067509,0.106122,1,1,1,1,0,4,3,4,2.4104,2.4097,0.0000,0.5903,0.4097,0.0000,1.0000,1,-0.021523,0.00021098,-0.017610,32.200623,-0.178509
2024-05-02,3.1600,1.4300,1.7800,14.6800,73.6842,426.900000,398.452375,0.067192,0.100706,1,1,1,1,0,4,3,4,2.4069,2.4080,0.0000,0.5920,0.4080,0.0000,1.0000,1,0.038081,0.00021098,0.030458,33.181391,-0.153488
2024-05-03,3.0800,1.4700,1.7800,13.4900,76.3158,435.480000,398.701525,0.066897,0.104784,1,1,1,1,0,4,3,4,2.4046,2.4051,0.0000,0.5949,0.4051,0.0000,1.0000,1,0.058527,0.00021098,0.047506,34.757693,-0.113274
2024-05-06,3.0300,1.4900,1.7800,13.4900,76.5182,440.250000,399.018975,0.066554,0.108613,1,1,1,1,0,4,3,4,2.4031,2.4046,0.0000,0.5954,0.4046,0.0000,1.0000,1,0.032804,0.00021060,0.026406,35.675506,-0.089859
2024-05-07,3.0600,1.4700,1.7750,13.2300,77.7328,440.320000,399.342425,0.067229,0.121904,1,1,1,1,0,4,3,4,2.4021,2.4019,0.0000,0.5981,0.4019,0.0000,1.0000,1,0.000000,0.00021060,-0.000139,35.670562,-0.089985
2024-05-08,3.1000,1.4500,1.7700,13.0000,77.1255,440.060000,399.661575,0.067934,0.120177,1,1,1,1,0,4,3,4,2.4014,2.4027,0.0000,0.5973,0.4027,0.0000,1.0000,1,-0.001878,0.00021060,-0.001382,35.621262,-0.091243
2024-05-09,3.1400,1.4700,1.7700,12.6900,79.3522,441.020000,399.972775,0.068574,0.143363,1,1,1,1,0,4,3,4,2.4009,2.4013,0.0000,0.5987,0.4013,0.0000,1.0000,1,0.005475,0.00021060,0.004378,35.777207,-0.087265
2024-05-10,3.1200,1.4800,1.7700,12.5500,80.1619,442.060000,400.295475,0.068418,0.137452,1,1,1,1,0,4,3,4,2.4006,2.4003,0.0000,0.5997,0.4003,0.0000,1.0000,1,0.006806,0.00021098,0.005608,35.977857,-0.082146
2024-05-13,3.1400,1.4800,1.7700,13.6000,80.7692,443.080000,400.627775,0.068409,0.124994,1,1,1,1,0,4,3,4,2.4004,2.3999,0.0000,0.6001,0.3999,0.0000,1.0000,1,0.006591,0.00021136,0.005157,36.163398,-0.077412
2024-05-14,3.1400,1.4800,1.7700,13.4200,81.7814,445.930000,400.940025,0.068280,0.119468,1,1,1,1,0,4,3,4,2.4003,2.4019,0.0000,0.5981,0.4019,0.0000,1.0000,1,0.018637,0.00021060,0.015121,36.710214,-0.063462
2024-05-15,3.1300,1.4800,1.7650,12.4500,82.3887,452.900000,401.286125,0.068456,0.118894,1,1,1,1,0,4,3,4,2.4002,2.4024,0.0000,0.5976,0.4024,0.0000,1.0000,1,0.046151,0.00021023,0.036824,38.062035,-0.028975
2024-05-16,3.0800,1.4900,1.7600,12.4200,82.9960,451.980000,401.632075,0.068317,0.101828,1,1,1,1,0,4,3,4,2.4001,2.3998,0.0000,0.6002,0.3998,0.0000,1.0000,1,-0.006145,0.00021060,-0.004997,37.871840,-0.033827
2024-05-17,3.0900,1.4700,1.7550,11.9900,82.9960,451.750000,402.018875,0.068310,0.132528,1,1,1,1,0,4,3,4,2.4001,2.4000,0.0000,0.6000,0.4000,0.0000,1.0000,1,-0.001585,0.00021060,-0.001237,37.824975,-0.035023
2024-05-20,3.0700,1.4800,1.7500,12.1500,81.5789,454.910000,402.424475,0.068124,0.121857,1,1,1,1,0,4,3,4,2.4001,2.4015,0.0000,0.5985,0.4015,0.0000,1.0000,1,0.020006,0.00021098,0.016255,38.439814,-0.019337
2024-05-21,3.0700,1.4700,1.7500,11.8600,81.7814,455.800000,402.843275,0.068569,0.149564,1,1,1,1,0,4,3,4,2.4000,2.4014,0.0000,0.5986,0.4014,0.0000,1.0000,1,0.005137,0.00021060,0.004040,38.595107,-0.015375
2024-05-22,3.1100,1.4800,1.7400,12.2900,80.3644,455.710000,403.245875,0.067954,0.118322,1,1,1,1,0,4,3,4,2.4000,2.3997,0.0000,0.6003,0.3997,0.0000,1.0000,1,-0.000619,0.00021060,-0.000379,38.580477,-0.015748
2024-05-23,3.1000,1.4600,1.7300,12.7700,74.4939,453.660000,403.654175,0.067293,0.101351,1,1,1,1,0,4,3,4,2.4000,2.3964,0.0000,0.6036,0.3964,0.0000,1.0000,1,-0.014877,0.00021060,-0.011857,38.123027,-0.027419
2024-05-24,3.1100,1.4500,1.7250,11.9300,75.1012,457.950000,404.104375,0.067517,0.109210,1,1,1,1,0,4,3,4,2.4000,2.4013,0.0000,0.5987,0.4013,0.0000,1.0000,1,0.028001,0.00021098,0.022509,38.981153,-0.005527
2024-05-28,3.0900,1.4600,1.7200,12.9200,73.0769,459.680000,404.559825,0.067411,0.124253,1,1,1,1,0,4,3,4,2.4000,2.4002,0.0000,0.5998,0.4002,0.0000,1.0000,1,0.010865,0.00021098,0.008796,39.324013,0.000000
2024-05-29,3.1500,1.4500,1.7150,14.2800,68.0162,456.440000,405.010825,0.067002,0.096393,1,1,1,1,0,4,3,4,2.4000,2.4005,0.0000,0.5995,0.4005,0.0000,1.0000,1,-0.020890,0.00021098,-0.016859,38.661059,-0.016859
2024-05-30,3.1900,1.4700,1.7100,14.4700,69.6356,451.550000,405.416825,0.068368,0.111475,1,1,1,1,0,4,3,4,2.4000,2.3980,0.0000,0.6020,0.3980,0.0000,1.0000,1,-0.032158,0.00021098,-0.025974,37.656890,-0.042395
2024-05-31,3.2000,1.4600,1.7100,12.9200,73.8866,451.530000,405.842375,0.068985,0.117041,1,1,1,1,0,4,3,4,2.4000,2.3998,0.0000,0.6002,0.3998,0.0000,1.0000,1,-0.001118,0.00021098,-0.000380,37.642580,-0.042758
2024-06-03,3.1700,1.4600,1.6900,13.1100,72.8745,453.130000,406.295325,0.068105,0.105310,1,1,1,1,0,4,3,4,2.4000,2.3992,0.0000,0.6008,0.3992,0.0000,1.0000,1,0.009755,0.00021098,0.007675,37.931495,-0.035411
2024-06-04,3.2200,1.4700,1.6700,13.1600,73.2794,454.370000,406.774275,0.067999,0.094639,1,1,1,1,0,4,3,4,2.4000,2.4008,0.0000,0.5992,0.4008,0.0000,1.0000,1,0.007444,0.00021324,0.005989,38.158654,-0.029635
2024-06-05,3.2000,1.4900,1.6650,12.6300,73.2794,463.530000,407.301275,0.066822,0.069517,1,1,1,1,0,4,3,4,2.4000,2.4028,0.0000,0.5972,0.4028,0.0000,1.0000,1,0.060368,0.00021324,0.048292,40.001430,0.000000
2024-06-06,3.2000,1.5300,1.6600,12.5800,71.8623,463.250000,407.798025,0.066131,0.079899,1,1,1,1,0,4,3,4,2.4000,2.3997,0.0000,0.6003,0.3997,0.0000,1.0000,1,-0.000964,0.00021286,-0.000958,39.963101,-0.000958
2024-06-07,3.1500,1.5000,1.6550,12.2200,70.4453,462.960000,408.295925,0.065486,0.059902,1,1,1,1,0,4,3,4,2.4000,2.4000,0.0000,0.6000,0.4000,0.0000,1.0000,1,-0.003933,0.00021286,-0.002854,39.849058,-0.003809
2024-06-10,3.1500,1.4600,1.6500,12.7400,70.4453,464.830000,408.774525,0.066124,0.077662,1,1,1,1,0,4,3,4,2.4000,2.4013,0.0000,0.5987,0.4013,-0.0000,1.0000,1,0.010578,0.00021324,0.008984,40.207074,0.000000
2024-06-11,3.1900,1.4600,1.6500,12.8500,70.2429,468.020000,409.308525,0.065565,0.055993,1,1,1,1,0,4,3,4,2.4000,2.4021,0.0000,0.5979,0.4021,0.0000,1.0000,1,0.020640,0.00021324,0.016344,40.864234,0.000000
2024-06-12,3.0900,1.4800,1.6500,12.0400,71.0526,474.150000,409.859175,0.064608,0.050726,1,1,1,1,0,4,3,4,2.4000,2.4011,0.0000,0.5989,0.4011,0.0000,1.0000,1,0.039451,0.00021324,0.031245,42.141053,0.000000
2024-06-13,3.2000,1.4800,1.6500,11.9400,71.2551,476.720000,410.408975,0.064623,0.047347,1,1,1,1,0,4,3,4,2.4000,2.3996,0.0000,0.6004,0.3996,0.0000,1.0000,1,0.015964,0.00021286,0.012766,42.679022,0.000000
2024-06-14,3.2900,1.5100,1.6500,12.6600,68.8259,479.190000,410.931075,0.064428,0.052071,1,1,1,1,0,4,3,4,2.4000,2.4013,0.0000,0.5987,0.4013,0.0000,1.0000,1,0.014499,0.00021286,0.011741,43.180114,0.000000
2024-06-17,3.2600,1.5300,1.6450,12.7500,70.2429,485.060000,411.472075,0.063223,0.037301,1,1,1,1,0,4,3,4,2.4000,2.4026,0.0000,0.5974,0.4026,0.0000,1.0000,1,0.036268,0.00021286,0.029090,44.436232,0.000000
2024-06-18,3.2400,1.5200,1.6400,12.3000,70.4453,485.210000,412.008175,0.063082,0.031281,1,1,1,1,0,4,3,4,2.4000,2.4001,0.0000,0.5999,0.4001,0.0000,1.0000,1,0.000520,0.00021324,0.000441,44.455839,0.000000
2024-06-20,3.2300,1.5200,1.6400,13.2800,72.2672,481.470000,412.527575,0.063803,0.035517,1,1,1,1,0,4,3,4,2.4000,2.3974,0.0000,0.6026,0.3974,0.0000,1.0000,1,-0.023537,0.00021249,-0.018605,43.628759,-0.018605
2024-06-21,3.2100,1.5400,1.6400,13.2000,72.4696,480.180000,413.038125,0.063767,0.045235,1,1,1,1,0,4,3,4,2.4000,2.3994,0.0000,0.6006,0.3994,0.0000,1.0000,1,-0.009189,0.00021249,-0.007482,43.302309,-0.025948
2024-06-24,3.1900,1.5500,1.6350,13.3300,74.4939,473.960000,413.534225,0.064256,0.032339,1,1,1,1,0,4,3,4,2.4000,2.3979,0.0000,0.6021,0.3979,0.0000,1.0000,1,-0.033871,0.00021211,-0.027261,42.121831,-0.052502
2024-06-25,3.1900,1.5300,1.6300,12.8400,71.6599,479.380000,414.070825,0.063403,0.011040,1,1,1,1,0,4,3,4,2.4000,2.4016,0.0000,0.5984,0.4016,0.0000,1.0000,1,0.033389,0.00021249,0.027064,43.261810,-0.026859
2024-06-26,3.1800,1.5500,1.6300,12.5500,70.4453,480.370000,414.609775,0.063051,0.009535,1,1,1,1,0,4,3,4,2.4000,2.4009,0.0000,0.5991,0.4009,0.0000,1.0000,1,0.002423,0.00021211,0.002763,43.381345,-0.024170
2024-06-27,3.2100,1.5500,1.6300,12.2400,71.8623,481.610000,415.132975,0.063056,0.001198,1,1,1,1,0,4,3,4,2.4000,2.4008,0.0000,0.5992,0.4008,0.0000,1.0000,1,0.007252,0.00021249,0.005647,43.626333,-0.018659
2024-06-28,3.1800,1.5500,1.6300,12.4400,71.6599,479.110000,415.664575,0.062599,-0.001044,1,1,1,1,1,5,5,4,2.4000,2.3985,0.0000,0.6015,0.3985,0.0000,1.0000,1,-0.015733,0.00021211,-0.012474,43.082156,-0.030900
2024-07-01,3.2100,1.5500,1.6300,12.2200,68.8259,481.920000,416.203125,0.062038,-0.021332,1,1,1,1,1,5,5,5,2.6000,2.6009,0.0000,0.3991,0.6009,0.0000,1.0000,1,0.016391,0.00021173,0.014011,43.685792,-0.017322
2024-07-02,3.2300,1.5500,1.6300,12.0300,68.4211,486.980000,416.751675,0.061951,-0.015036,1,1,1,1,1,5,5,5,2.7333,2.7359,0.0000,0.2641,0.7359,0.0000,1.0000,1,0.030654,0.00021136,0.028341,44.923905,0.000000
2024-07-03,3.2500,1.5600,1.6250,12.0900,69.2308,491.040000,417.352825,0.062044,-0.019818,1,1,1,1,1,5,5,5,2.8222,2.8236,0.0000,0.1764,0.8236,0.0000,1.0000,1,0.024570,0.00021136,0.023209,45.966552,0.000000
2024-07-05,3.2700,1.5300,1.6200,12.4800,68.6235,496.160000,417.980325,0.061793,-0.028728,1,1,1,1,1,5,5,5,2.8815,2.8824,0.0000,0.1176,0.8824,0.0000,1.0000,1,0.030292,0.00021136,0.029024,47.300678,0.000000
2024-07-08,3.2000,1.5600,1.6200,12.3700,67.6113,497.340000,418.617675,0.061784,-0.021513,1,1,1,1,1,5,5,5,2.9210,2.9211,0.0000,0.0789,0.9211,-0.0000,1.0000,1,0.006615,0.00021098,0.006408,47.603777,0.000000
2024-07-09,3.2100,1.5400,1.6200,12.5100,67.0040,497.770000,419.283825,0.061909,-0.009169,1,1,1,1,1,5,5,5,2.9473,2.9472,0.0000,0.0528,0.9472,0.0000,1.0000,1,0.002191,0.00021098,0.002066,47.702122,0.000000
2024-07-10,3.1700,1.5600,1.6150,12.8500,68.8259,502.960000,420.009325,0.061881,-0.016730,1,1,1,1,1,5,5,5,2.9649,2.9651,0.0000,0.0349,0.9651,0.0000,1.0000,1,0.031330,0.00021098,0.030881,49.175209,0.000000
2024-07-11,3.1800,1.5600,1.6100,12.9200,72.2672,491.930000,420.679425,0.063561,0.009272,1,1,1,1,0,4,3,5,2.9766,2.9761,0.0000,0.0239,0.9761,0.0000,1.0000,1,-0.065701,0.00021098,-0.065214,45.968273,-0.065214
2024-07-12,3.1900,1.5800,1.6100,12.4600,75.3036,494.890000,421.355825,0.063627,0.022992,1,1,1,1,0,4,3,4,2.7844,2.7851,0.0000,0.2149,0.7851,0.0000,1.0000,1,0.015375,0.00021023,0.014352,46.628017,-0.051798
2024-07-15,3.1300,1.5800,1.6100,13.1200,76.7206,496.150000,422.065525,0.061911,-0.036776,1,1,1,1,1,5,5,4,2.6563,2.6560,0.0000,0.3440,0.6560,-0.0000,1.0000,1,0.008316,0.00020985,0.007861,46.994561,-0.044344
2024-07-16,3.0800,1.5800,1.6100,13.1900,80.5668,496.340000,422.772025,0.062032,-0.043467,1,1,1,1,1,5,5,5,2.7708,2.7705,0.0000,0.2295,0.7705,0.0000,1.0000,1,0.001433,0.00020985,0.000783,47.031353,-0.043596
2024-07-17,3.0900,1.5600,1.6100,14.4800,82.0202,481.770000,423.390825,0.062942,-0.053241,1,1,1,1,1,5,5,5,2.8472,2.8453,0.0000,0.1547,0.8453,0.0000,1.0000,1,-0.088578,0.00020985,-0.082839,43.135323,-0.122824
2024-07-18,3.0900,1.5600,1.6050,15.9300,79.5960,479.490000,423.996925,0.063375,-0.045058,1,1,1,1,1,5,5,5,2.8982,2.8970,0.0000,0.1030,0.8970,0.0000,1.0000,1,-0.014970,0.00020985,-0.014841,42.495159,-0.135842
2024-07-19,3.0900,1.5700,1.6000,16.5200,75.7576,475.240000,424.566825,0.063872,-0.028965,1,1,1,1,1,5,5,5,2.9321,2.9316,0.0000,0.0684,0.9316,0.0000,1.0000,1,-0.027108,0.00020985,-0.026460,41.370740,-0.158707
2024-07-22,3.0500,1.5700,1.6000,14.9100,77.7778,482.320000,425.203825,0.063752,-0.037683,1,1,1,1,1,5,5,5,2.9547,2.9548,0.0000,0.0452,0.9548,0.0000,1.0000,1,0.043625,0.00020985,0.042689,43.136802,-0.122794
2024-07-23,3.0200,1.5800,1.6000,14.7200,74.7475,480.620000,425.808175,0.063455,-0.049783,1,1,1,1,1,5,5,5,2.9698,2.9698,0.0000,0.0302,0.9698,-0.0000,1.0000,1,-0.010787,0.00020985,-0.010645,42.677611,-0.132132
2024-07-24,3.1000,1.5900,1.6000,18.0400,73.3333,463.380000,426.331625,0.065656,0.008859,1,1,1,1,0,4,3,5,2.9799,2.9794,0.0000,0.0206,0.9794,0.0000,1.0000,1,-0.107824,0.00020910,-0.106987,38.111674,-0.224982
2024-07-25,3.0800,1.6500,1.6000,18.4600,74.1414,458.270000,426.799475,0.065452,-0.005053,0,1,1,1,1,4,3,4,2.7866,2.7846,0.0000,0.2154,0.7846,0.0000,1.0000,1,-0.033308,0.00020872,-0.030939,36.932530,-0.248960
2024-07-26,3.1000,1.6200,1.6000,16.3900,78.1818,462.970000,427.281525,0.065361,-0.018208,0,1,1,1,1,4,3,4,2.6577,2.6576,0.0000,0.3424,0.6576,0.0000,1.0000,1,0.028608,0.00020835,0.026809,37.922667,-0.228826
2024-07-29,3.1300,1.6500,1.6000,16.6000,77.9798,463.900000,427.758075,0.065616,-0.030540,0,1,1,1,1,4,3,4,2.5718,2.5708,0.0000,0.4292,0.5708,0.0000,1.0000,1,0.005839,0.00020797,0.005205,38.120051,-0.224812
2024-07-30,3.2000,1.6600,1.6000,17.6900,79.1919,457.530000,428.189625,0.066292,-0.014379,0,1,1,1,1,4,3,4,2.5145,2.5102,0.0000,0.4898,0.5102,0.0000,1.0000,1,-0.040788,0.00020910,-0.034187,36.816839,-0.251313
2024-07-31,3.2500,1.6500,1.6000,16.3600,80.2020,471.070000,428.695325,0.066075,-0.013227,0,1,1,1,1,4,3,4,2.4764,2.4779,0.0000,0.5221,0.4779,0.0000,1.0000,1,0.087434,0.00020872,0.073404,39.519325,-0.196357
2024-08-01,3.3500,1.6800,1.6000,18.5900,75.9596,459.660000,429.167225,0.068231,0.026478,0,1,1,1,0,3,1,4,2.4509,2.4442,0.0000,0.5558,0.4442,0.0000,1.0000,1,-0.072056,0.00020910,-0.059006,37.187461,-0.243776
2024-08-02,3.7200,1.7100,1.6000,23.3900,70.5051,448.750000,429.563925,0.069638,0.036924,0,0,1,1,0,2,-1,3,2.2339,2.2330,0.0000,0.7670,0.2330,0.0000,1.0000,1,-0.072917,0.00020759,-0.058300,35.019432,-0.287864
2024-08-05,3.9300,1.8000,1.6000,38.5700,61.8182,435.370000,429.899775,0.069833,0.027952,0,0,1,1,0,2,-1,2,1.8893,1.8922,0.1078,0.8922,0.0000,0.0000,1.0000,1,-0.087164,0.00020458,-0.073914,32.431000,-0.340501
2024-08-06,3.6700,1.8500,1.6000,27.7100,65.2525,439.530000,430.280575,0.069779,0.017640,0,0,1,1,0,2,-1,2,1.6595,1.6606,0.3394,0.6606,0.0000,0.0000,1.0000,1,0.024991,0.00020684,0.015206,32.924146,-0.330473
2024-08-07,3.5700,1.7800,1.6000,27.8500,62.4242,434.770000,430.654575,0.070644,0.032388,0,0,1,1,0,2,-1,2,1.5064,1.4997,0.5003,0.4997,0.0000,0.0000,1.0000,1,-0.032205,0.00020646,-0.014265,32.454498,-0.340023
2024-08-08,3.4800,1.8000,1.6000,23.7900,68.6869,448.070000,431.121925,0.069123,0.010627,0,0,1,1,0,2,-1,2,1.4042,1.4080,0.5920,0.4080,0.0000,0.0000,1.0000,1,0.091559,0.00020646,0.044345,33.893694,-0.310756
2024-08-09,3.4900,1.7800,1.6000,20.3700,68.2828,450.410000,431.595625,0.069054,0.011550,0,0,1,1,0,2,-1,2,1.3362,1.3381,0.6619,0.3381,0.0000,0.0000,1.0000,1,0.013607,0.00020646,0.006554,34.115847,-0.306239
2024-08-12,3.5200,1.7700,1.6000,20.7100,66.2626,451.380000,432.056875,0.069139,0.010057,0,0,1,1,0,2,-1,2,1.2908,1.2909,0.7091,0.2909,0.0000,0.0000,1.0000,1,0.006797,0.00020609,0.002628,34.205516,-0.304415
2024-08-13,3.5400,1.7800,1.6000,18.1200,69.4949,462.580000,432.618075,0.068417,0.001504,0,1,1,1,0,3,1,2,1.2605,1.2633,0.7367,0.2633,0.0000,0.0000,1.0000,1,0.072743,0.00020609,0.031439,35.280897,-0.282547
2024-08-14,3.4600,1.8000,1.6000,16.1900,69.6970,462.730000,433.213425,0.068156,-0.002306,0,1,1,1,1,4,3,3,1.4403,1.4400,0.5600,0.4400,0.0000,0.0000,1.0000,1,0.001731,0.00020571,0.000147,35.286085,-0.282442
2024-08-15,3.3100,1.7400,1.6000,15.2300,73.7374,474.420000,433.858975,0.066999,-0.017240,0,1,1,1,1,4,3,4,1.7602,1.7623,0.2377,0.7623,0.0000,0.0000,1.0000,1,0.075232,0.00020571,0.039783,36.689884,-0.253895
2024-08-16,3.2900,1.6800,1.6000,14.8000,73.7374,475.030000,434.488125,0.067147,-0.021646,0,1,1,1,1,4,3,4,1.9735,1.9736,0.0264,0.9736,0.0000,0.0000,1.0000,1,0.002629,0.00020646,0.002635,36.786568,-0.251929
2024-08-19,3.2100,1.6900,1.6000,14.6500,75.5556,481.270000,435.140125,0.066948,-0.015637,0,1,1,1,1,4,3,4,2.1157,2.1169,0.0000,0.8831,0.1169,0.0000,1.0000,1,0.038753,0.00020609,0.027652,37.803785,-0.231243
2024-08-20,3.2500,1.6800,1.6000,15.8800,74.7475,480.260000,435.756625,0.066914,-0.005985,0,1,1,1,1,4,3,4,2.2104,2.2104,0.0000,0.7896,0.2104,0.0000,1.0000,1,-0.006171,0.00020533,-0.004694,37.626348,-0.234851
2024-08-21,3.2700,1.6900,1.6000,16.2700,77.7778,482.500000,436.351925,0.067158,-0.005626,0,1,1,1,1,4,3,4,2.2736,2.2742,0.0000,0.7258,0.2742,0.0000,1.0000,1,0.013689,0.00020458,0.010649,38.027026,-0.226703
2024-08-22,3.2100,1.6900,1.6000,17.5500,76.3636,474.850000,436.887625,0.067608,0.003071,0,1,1,1,0,3,1,4,2.3158,2.3111,0.0000,0.6889,0.3111,0.0000,1.0000,1,-0.048030,0.00020345,-0.037604,36.597054,-0.255782
2024-08-23,3.1900,1.7000,1.6000,15.8600,79.3939,480.000000,437.441575,0.067084,0.001313,0,1,1,1,0,3,1,3,2.1438,2.1440,0.0000,0.8560,0.1440,0.0000,1.0000,1,0.031442,0.00020420,0.024295,37.486186,-0.237702
2024-08-26,3.1500,1.7000,1.6000,16.1500,79.7980,475.340000,437.954775,0.067681,-0.010784,0,1,1,1,1,4,3,3,2.0292,2.0289,0.0000,0.9711,0.0289,0.0000,1.0000,1,-0.029349,0.00020307,-0.020043,36.734852,-0.252980
2024-08-27,3.1700,1.7000,1.6000,15.4300,78.7879,476.760000,438.473875,0.067054,-0.029822,0,1,1,1,1,4,3,4,2.1528,2.1536,0.0000,0.8464,0.1536,0.0000,1.0000,1,0.008472,0.00020269,0.006728,36.982010,-0.247954
2024-08-28,3.1900,1.7100,1.6000,17.1100,77.1717,471.350000,438.980275,0.067446,-0.010234,0,1,1,1,1,4,3,4,2.2352,2.2334,0.0000,0.7666,0.2334,0.0000,1.0000,1,-0.033893,0.00020232,-0.025605,36.035097,-0.267210
2024-08-29,3.1500,1.7100,1.6000,15.6500,78.3838,470.660000,439.441625,0.067807,-0.002985,0,1,1,1,1,4,3,4,2.2901,2.2890,0.0000,0.7110,0.2890,0.0000,1.0000,1,-0.005247,0.00020156,-0.003897,35.894672,-0.270066
2024-08-30,3.1300,1.6900,1.6000,15.0000,80.6061,476.270000,439.936925,0.067671,0.013403,0,1,1,1,0,3,1,4,2.3268,2.3271,0.0000,0.6729,0.3271,0.0000,1.0000,1,0.034062,0.00020194,0.026620,36.850186,-0.250635
2024-09-03,3.3100,1.6900,1.6000,20.7200,76.1616,461.810000,440.319325,0.068994,0.044700,0,0,1,1,0,2,-1,3,2.1512,2.1478,0.0000,0.8522,0.1478,0.0000,1.0000,1,-0.091240,0.00020156,-0.066995,34.381401,-0.300839
2024-09-04,3.3500,1.7300,1.6000,21.3200,74.7475,460.610000,440.694275,0.069725,0.066791,0,0,1,1,0,2,-1,2,1.8341,1.8347,0.1653,0.8347,0.0000,0.0000,1.0000,1,-0.008500,0.00020081,-0.007156,34.135383,-0.305842
2024-09-05,3.2900,1.7300,1.6000,19.9000,73.5354,461.040000,441.069725,0.069722,0.055832,0,1,1,1,0,3,1,2,1.6227,1.6240,0.3760,0.6240,0.0000,0.0000,1.0000,1,0.003235,0.00020043,0.000642,34.157282,-0.305396
2024-09-06,3.3900,1.7300,1.6000,22.3800,68.4848,448.690000,441.382975,0.070240,0.071763,0,0,1,1,0,2,-1,3,1.6818,1.6762,0.3238,0.6762,0.0000,0.0000,1.0000,1,-0.081103,0.00019930,-0.045257,32.611438,-0.336832
2024-09-09,3.3600,1.7300,1.6000,19.4500,71.7172,454.460000,441.701575,0.070167,0.086846,0,1,1,1,0,3,1,2,1.5212,1.5220,0.4780,0.5220,0.0000,0.0000,1.0000,1,0.037200,0.00019854,0.020540,33.281283,-0.323210
2024-09-10,3.4600,1.7300,1.6000,19.0800,70.1010,458.660000,442.052525,0.070191,0.087157,0,1,1,1,0,3,1,3,1.6141,1.6153,0.3847,0.6153,0.0000,0.0000,1.0000,1,0.026899,0.00019779,0.014317,33.757757,-0.313521
2024-09-11,3.4400,1.7400,1.6000,17.6900,71.5152,468.620000,442.445325,0.069694,0.083502,0,1,1,1,0,3,1,3,1.6761,1.6800,0.3200,0.6800,0.0000,-0.0000,1.0000,1,0.063756,0.00019590,0.035659,34.961508,-0.289042
2024-09-12,3.3900,1.7500,1.6000,17.0700,72.9293,473.220000,442.863875,0.069264,0.097659,0,1,1,1,0,3,1,3,1.7174,1.7194,0.2806,0.7194,0.0000,0.0000,1.0000,1,0.029580,0.00019741,0.017405,35.570027,-0.276668
2024-09-13,3.3700,1.7400,1.6000,16.5600,76.3636,475.340000,443.294725,0.069874,0.110322,0,1,1,1,0,3,1,3,1.7449,1.7460,0.2540,0.7460,0.0000,0.0000,1.0000,1,0.013087,0.00019590,0.007163,35.824803,-0.271487
2024-09-16,3.3200,1.7200,1.6000,17.1400,76.9697,473.240000,443.709975,0.070304,0.104853,0,1,1,1,0,3,1,3,1.7633,1.7633,0.2367,0.7633,0.0000,0.0000,1.0000,1,-0.013363,0.00019250,-0.007918,35.541134,-0.277255
2024-09-17,3.2500,1.7000,1.6000,17.6100,77.3737,473.490000,444.128375,0.070222,0.104762,0,1,1,1,0,3,1,3,1.7755,1.7745,0.2255,0.7745,0.0000,0.0000,1.0000,1,0.000602,0.00019212,0.000861,35.571737,-0.276633
2024-09-18,3.2100,1.6800,1.6000,18.2300,77.1717,471.440000,444.541425,0.069897,0.090808,0,1,1,1,0,3,1,3,1.7837,1.7824,0.2176,0.7824,0.0000,0.0000,1.0000,1,-0.013085,0.00019174,-0.008311,35.276111,-0.282644
2024-09-19,3.1000,1.6700,1.6000,16.3300,80.0000,483.360000,445.008525,0.068321,0.081303,0,1,1,1,0,3,1,3,1.7891,1.7894,0.2106,0.7894,0.0000,0.0000,1.0000,1,0.075587,0.00018758,0.045471,36.880135,-0.250026
2024-09-20,3.1500,1.6700,1.6000,16.1500,77.7778,482.440000,445.489125,0.070462,0.122437,0,1,1,1,0,3,1,3,1.7927,1.7927,0.2073,0.7927,0.0000,0.0000,1.0000,1,-0.006376,0.00018606,-0.004000,36.732605,-0.253026
2024-09-23,3.1500,1.6700,1.6000,15.8900,78.5859,483.040000,445.967875,0.070506,0.123174,0,1,1,1,0,3,1,3,1.7952,1.7952,0.2048,0.7952,0.0000,0.0000,1.0000,1,0.007415,0.00018417,0.004450,36.896053,-0.249702
2024-09-24,3.2100,1.6500,1.6000,15.3900,79.3939,485.370000,446.469475,0.069806,0.120849,0,1,1,1,0,3,1,3,1.7968,1.7971,0.2029,0.7971,0.0000,0.0000,1.0000,1,0.014154,0.00018303,0.008552,37.211596,-0.243285
2024-09-25,3.1900,1.6600,1.6000,15.4100,76.7677,485.820000,446.946425,0.070328,0.139671,0,1,1,1,0,3,1,3,1.7979,1.7983,0.2017,0.7983,0.0000,0.0000,1.0000,1,0.000279,0.00018190,0.001709,37.275175,-0.241993
2024-09-26,3.1400,1.6500,1.6000,15.3700,80.0000,489.470000,447.432925,0.069570,0.128206,0,1,1,1,0,3,1,3,1.7986,1.7973,0.2027,0.7973,0.0000,0.0000,1.0000,1,0.021208,0.00018190,0.012870,37.754906,-0.232237
2024-09-27,3.1400,1.6500,1.6000,16.9600,82.0202,486.750000,447.889075,0.070362,0.138930,0,1,1,1,0,3,1,3,1.7990,1.7977,0.2023,0.7977,0.0000,0.0000,1.0000,1,-0.017215,0.00018152,-0.010496,37.358619,-0.240296
2024-09-30,3.0300,1.6600,1.6000,16.7300,80.8081,488.070000,448.336075,0.070395,0.143993,0,1,1,1,0,3,1,3,1.7994,1.8001,0.1999,0.8001,0.0000,0.0000,1.0000,1,0.007785,0.00018152,0.004538,37.528137,-0.236848
2024-10-01,3.0700,1.6300,1.6000,19.2600,78.5859,481.270000,448.723725,0.071603,0.162730,0,1,1,1,0,3,1,3,1.7996,1.7973,0.2027,0.7973,0.0000,0.0000,1.0000,1,-0.042351,0.00018341,-0.025424,36.574020,-0.256251
2024-10-02,3.0600,1.6500,1.6000,18.9000,77.9798,481.950000,449.116525,0.071608,0.160352,0,1,1,1,0,3,1,3,1.7997,1.8003,0.1997,0.8003,0.0000,0.0000,1.0000,1,0.003745,0.00018265,0.002984,36.683157,-0.254031
2024-10-03,3.0400,1.6400,1.6000,20.4900,76.7677,481.590000,449.497775,0.071713,0.160725,0,0,1,1,0,2,-1,3,1.7998,1.8005,0.1995,0.8005,0.0000,0.0000,1.0000,1,-0.002296,0.00018190,-0.001452,36.629882,-0.255115
2024-10-04,2.8900,1.6200,1.6000,19.2100,78.1818,487.320000,449.898975,0.070954,0.119751,0,1,1,1,0,3,1,2,1.5999,1.5999,0.4001,0.5999,0.0000,0.0000,1.0000,1,0.035242,0.00018152,0.021264,37.408771,-0.239276
2024-10-07,2.9500,1.5700,1.5950,22.6400,74.7475,482.100000,450.263675,0.069954,0.100838,1,0,1,1,0,3,1,3,1.6666,1.6648,0.3352,0.6648,0.0000,0.0000,1.0000,1,-0.032930,0.00018341,-0.018360,36.721961,-0.253242
2024-10-08,2.9900,1.5400,1.5900,21.4200,75.5556,489.300000,450.694775,0.069334,0.122375,1,0,1,1,0,3,1,3,1.7111,1.7130,0.2870,0.7130,0.0000,0.0000,1.0000,1,0.043391,0.00018493,0.025272,37.650011,-0.234370
2024-10-09,2.9400,1.5500,1.5900,20.8600,78.1818,493.150000,451.121675,0.068268,0.102723,1,0,1,1,0,3,1,3,1.7407,1.7423,0.2577,0.7423,0.0000,0.0000,1.0000,1,0.024098,0.00018417,0.013561,38.160568,-0.223988
2024-10-10,2.9900,1.5400,1.5900,20.9300,76.9697,492.590000,451.542725,0.068179,0.086069,1,0,1,1,0,3,1,3,1.7605,1.7612,0.2388,0.7612,0.0000,0.0000,1.0000,1,-0.003496,0.00018417,-0.001819,38.091139,-0.225400
2024-10-11,2.9800,1.5400,1.5900,20.4600,78.9899,493.360000,451.955125,0.068368,0.082625,1,0,1,1,0,3,1,3,1.7736,1.7745,0.2255,0.7745,0.0000,0.0000,1.0000,1,0.002564,0.00018417,0.001997,38.167203,-0.223853
2024-10-14,2.9700,1.5400,1.5900,19.7000,81.0101,497.500000,452.385125,0.068670,0.079949,1,1,1,1,0,4,3,3,1.7824,1.7830,0.2170,0.7830,0.0000,0.0000,1.0000,1,0.025572,0.00018341,0.014898,38.735807,-0.212290
2024-10-15,2.9300,1.5400,1.5900,20.6400,80.6061,490.850000,452.782875,0.069518,0.094539,1,0,1,1,0,3,1,4,1.9883,1.9881,0.0119,0.9881,0.0000,0.0000,1.0000,1,-0.039895,0.00018341,-0.026903,37.693696,-0.233482
2024-10-16,2.9000,1.5300,1.5900,19.5800,81.6162,490.910000,453.189825,0.070591,0.118249,1,1,1,1,0,4,3,3,1.9255,1.9255,0.0745,0.9255,0.0000,0.0000,1.0000,1,-0.000547,0.00018341,0.000283,37.704376,-0.233265
2024-10-17,2.8900,1.5100,1.5900,19.1100,81.2121,491.250000,453.633125,0.069958,0.070500,1,1,1,1,0,4,3,4,2.0837,2.0829,0.0000,0.9171,0.0829,0.0000,1.0000,1,0.003009,0.00018303,-0.000064,37.701968,-0.233314
2024-10-18,2.8800,1.5300,1.5900,18.0300,81.0101,494.470000,454.113825,0.070092,0.076970,1,1,1,1,0,4,3,4,2.1891,2.1892,0.0000,0.8108,0.1892,0.0000,1.0000,1,0.017726,0.00018379,0.012692,38.180463,-0.223583
2024-10-21,2.8800,1.5300,1.5850,18.3700,78.7879,495.420000,454.609525,0.069933,0.074990,1,1,1,1,0,4,3,4,2.2594,2.2603,0.0000,0.7397,0.2603,0.0000,1.0000,1,0.005493,0.00018341,0.004398,38.348370,-0.220169
2024-10-22,2.9200,1.5400,1.5800,18.2000,77.7778,495.960000,455.105575,0.069722,0.066998,1,1,1,1,0,4,3,4,2.3063,2.3077,0.0000,0.6923,0.3077,-0.0000,1.0000,1,0.002931,0.00018341,0.002484,38.443645,-0.218231
2024-10-23,2.9500,1.5500,1.5800,19.2400,75.7576,488.360000,455.522625,0.071039,0.076375,1,1,1,1,0,4,3,4,2.3375,2.3350,0.0000,0.6650,0.3350,0.0000,1.0000,1,-0.046234,0.00018303,-0.035968,37.060901,-0.246350
2024-10-24,2.9300,1.5400,1.5800,19.0800,74.9495,492.320000,455.955475,0.070428,0.069281,1,1,1,1,0,4,3,4,2.3583,2.3583,0.0000,0.6417,0.3583,0.0000,1.0000,1,0.023819,0.00018341,0.018644,37.751848,-0.232299
2024-10-25,2.8900,1.5200,1.5800,20.3300,74.3434,495.320000,456.389575,0.069408,0.018398,1,0,1,1,0,3,1,4,2.3722,2.3723,0.0000,0.6277,0.3723,0.0000,1.0000,1,0.016871,0.00018227,0.013408,38.258007,-0.222006
2024-10-28,2.8200,1.5100,1.5800,19.8000,75.9596,495.400000,456.819825,0.069736,0.001543,1,1,1,1,0,4,3,3,2.1815,2.1806,0.0000,0.8194,0.1806,0.0000,1.0000,1,0.000937,0.00018341,0.001640,38.320735,-0.220731
2024-10-29,2.8500,1.5100,1.5800,19.3400,75.1515,500.160000,457.272825,0.068137,-0.027305,1,1,1,1,1,5,5,4,2.2543,2.2558,0.0000,0.7442,0.2558,0.0000,1.0000,1,0.027670,0.00018227,0.021056,39.127633,-0.204322
2024-10-30,2.8000,1.4900,1.5800,20.3500,74.3434,496.380000,457.707125,0.068180,-0.025454,1,0,1,1,1,4,3,5,2.5029,2.5013,0.0000,0.4987,0.5013,0.0000,1.0000,1,-0.022242,0.00018227,-0.018571,38.400988,-0.219099
2024-10-31,2.8800,1.4400,1.5800,23.1600,71.3131,483.850000,458.090325,0.070264,-0.005889,1,0,1,1,1,4,3,4,2.4686,2.4639,0.0000,0.5361,0.4639,0.0000,1.0000,1,-0.076094,0.00018114,-0.062771,35.990514,-0.268117
2024-11-01,2.8300,1.4600,1.5750,21.8800,71.3131,487.430000,458.462525,0.068410,-0.011092,1,0,1,1,1,4,3,4,2.4457,2.4467,0.0000,0.5533,0.4467,0.0000,1.0000,1,0.021310,0.00018000,0.017276,36.612284,-0.255473
2024-11-04,2.8700,1.4600,1.5700,21.9800,71.7172,486.010000,458.786675,0.067742,-0.020311,1,0,1,1,1,4,3,4,2.4305,2.4301,0.0000,0.5699,0.4301,0.0000,1.0000,1,-0.009305,0.00017886,-0.007581,36.334712,-0.261117
2024-11-05,2.8600,1.4600,1.5700,20.4900,74.7475,492.210000,459.139075,0.067938,-0.018788,1,0,1,1,1,4,3,4,2.4203,2.4226,0.0000,0.5774,0.4226,0.0000,1.0000,1,0.037996,0.00018038,0.030798,37.453730,-0.238362
2024-11-06,2.7400,1.4500,1.5700,16.2700,76.3636,505.580000,459.549575,0.065605,-0.044828,1,1,1,1,1,5,5,4,2.4135,2.4157,0.0000,0.5843,0.4157,0.0000,1.0000,1,0.081163,0.00018000,0.065553,39.908945,-0.188434
2024-11-07,2.7300,1.4000,1.5700,15.2000,76.1616,513.540000,459.988125,0.065219,-0.047210,1,1,1,1,1,5,5,5,2.6090,2.6112,0.0000,0.3888,0.6112,0.0000,1.0000,1,0.046792,0.00018000,0.039607,41.489622,-0.156290
2024-11-08,2.6300,1.4400,1.5700,14.9400,76.3636,514.140000,460.427075,0.066183,-0.013169,1,1,1,1,1,5,5,5,2.7394,2.7397,0.0000,0.2603,0.7397,0.0000,1.0000,1,0.002423,0.00017962,0.002213,41.581423,-0.154423
2024-11-11,2.6300,1.3800,1.5700,14.9700,75.3535,513.840000,460.877225,0.066304,-0.013559,1,1,1,1,1,5,5,5,2.8262,2.8258,0.0000,0.1742,0.8258,-0.0000,1.0000,1,-0.001813,0.00017962,-0.001972,41.499422,-0.156091
2024-11-12,2.6100,1.3800,1.5700,14.7100,73.9394,512.910000,461.301025,0.065748,-0.019125,1,1,1,1,1,5,5,5,2.8842,2.8840,0.0000,0.1160,0.8840,0.0000,1.0000,1,-0.005448,0.00017962,-0.005228,41.282463,-0.160503
2024-11-13,2.6400,1.3600,1.5700,14.0200,74.5455,512.250000,461.735775,0.065599,-0.021012,1,1,1,1,1,5,5,5,2.9228,2.9228,0.0000,0.0772,0.9228,0.0000,1.0000,1,-0.004382,0.00017962,-0.004225,41.108064,-0.164049
2024-11-14,2.6000,1.4100,1.5700,14.3100,72.7273,508.690000,462.194375,0.065796,-0.021463,1,1,1,1,1,5,5,5,2.9485,2.9482,0.0000,0.0518,0.9482,0.0000,1.0000,1,-0.021152,0.00017848,-0.020792,40.253363,-0.181430
2024-11-15,2.7200,1.3900,1.5650,16.1400,71.3131,496.570000,462.567825,0.067648,0.000626,1,1,1,1,0,4,3,5,2.9657,2.9652,0.0000,0.0348,0.9652,0.0000,1.0000,1,-0.072321,0.00017886,-0.071306,37.383042,-0.239799
2024-11-18,2.7200,1.4100,1.5600,15.5800,71.9192,500.020000,462.922875,0.067959,0.013643,1,1,1,1,0,4,3,4,2.7771,2.7777,0.0000,0.2223,0.7777,0.0000,1.0000,1,0.020197,0.00017848,0.019233,38.102034,-0.225178
2024-11-19,2.6900,1.4200,1.5600,16.3500,71.5152,503.460000,463.297925,0.068143,0.007185,1,1,1,1,0,4,3,4,2.6514,2.6541,0.0000,0.3459,0.6541,0.0000,1.0000,1,0.020061,0.00017962,0.016995,38.749592,-0.212010
2024-11-20,2.6700,1.4200,1.5600,17.1600,71.9192,503.170000,463.675825,0.068154,0.017247,1,1,1,1,0,4,3,4,2.5676,2.5678,0.0000,0.4322,0.5678,0.0000,1.0000,1,-0.001164,0.00017924,-0.001277,38.700107,-0.213016
2024-11-21,2.6100,1.4300,1.5600,16.8700,73.5354,504.980000,464.040775,0.068969,0.024019,1,1,1,1,0,4,3,4,2.5117,2.5110,0.0000,0.4890,0.5110,-0.0000,1.0000,1,0.009845,0.00017924,0.008875,39.043579,-0.206031
2024-11-22,2.6100,1.4300,1.5600,15.2400,74.3434,505.790000,464.405775,0.068387,0.009120,1,1,1,1,0,4,3,4,2.4745,2.4751,0.0000,0.5249,0.4751,0.0000,1.0000,1,0.003720,0.00017962,0.003040,39.162281,-0.203617
2024-11-25,2.6400,1.4300,1.5600,14.6000,78.1818,506.590000,464.753475,0.068281,0.009551,1,1,1,1,0,4,3,4,2.4497,2.4480,0.0000,0.5520,0.4480,0.0000,1.0000,1,0.004601,0.00017962,0.003978,39.318055,-0.200450
2024-11-26,2.6800,1.4200,1.5600,14.1000,77.7778,509.310000,465.123325,0.069009,0.000236,1,1,1,1,0,4,3,4,2.4331,2.4336,0.0000,0.5664,0.4336,0.0000,1.0000,1,0.015520,0.00017924,0.012689,39.816971,-0.190304
2024-11-27,2.6900,1.4300,1.5600,14.1000,77.7778,505.300000,465.507075,0.069218,-0.007899,1,1,1,1,1,5,5,4,2.4221,2.4205,0.0000,0.5795,0.4205,0.0000,1.0000,1,-0.024176,0.00017886,-0.019426,39.043499,-0.206033
2024-11-29,2.7200,1.4300,1.5600,13.5100,78.3838,509.740000,465.889675,0.068816,-0.014251,1,1,1,1,1,5,5,5,2.6147,2.6165,0.0000,0.3835,0.6165,0.0000,1.0000,1,0.025546,0.00017848,0.021705,39.890923,-0.188800
2024-12-02,2.6800,1.4400,1.5550,13.3400,78.3838,515.290000,466.293575,0.067218,-0.048059,1,1,1,1,1,5,5,5,2.7431,2.7447,0.0000,0.2553,0.7447,0.0000,1.0000,1,0.032420,0.00017772,0.029353,41.061821,-0.164989
2024-12-03,2.6600,1.4100,1.5500,13.3000,76.7677,516.870000,466.725075,0.066608,-0.056067,1,1,1,1,1,5,5,5,2.8288,2.8295,0.0000,0.1705,0.8295,0.0000,1.0000,1,0.008851,0.00017507,0.008628,41.416100,-0.157785
2024-12-04,2.6600,1.4000,1.5500,13.4500,75.7576,523.260000,467.204775,0.066188,-0.063139,1,1,1,1,1,5,5,5,2.8858,2.8863,0.0000,0.1137,0.8863,0.0000,1.0000,1,0.036534,0.00017431,0.034722,42.854130,-0.128542
2024-12-05,2.6600,1.3900,1.5500,13.5400,73.7374,521.810000,467.685775,0.066503,-0.050099,1,1,1,1,1,5,5,5,2.9239,2.9237,0.0000,0.0763,0.9237,0.0000,1.0000,1,-0.008232,0.00017355,-0.008044,42.509403,-0.135552
2024-12-06,2.6700,1.4000,1.5500,12.7700,72.9293,526.480000,468.127825,0.065555,-0.058220,1,1,1,1,1,5,5,5,2.9493,2.9496,0.0000,0.0504,0.9496,0.0000,1.0000,1,0.025719,0.00017317,0.025267,43.583486,-0.113710
2024-12-09,2.6700,1.4200,1.5500,14.1900,73.9394,522.380000,468.555825,0.065067,-0.074014,1,1,1,1,1,5,5,5,2.9662,2.9660,0.0000,0.0340,0.9660,0.0000,1.0000,1,-0.023364,0.00017165,-0.023102,42.576630,-0.134185
2024-12-10,2.6700,1.4200,1.5500,14.1800,70.7071,520.600000,468.976075,0.064798,-0.083886,1,1,1,1,1,5,5,5,2.9775,2.9773,0.0000,0.0227,0.9773,0.0000,1.0000,1,-0.010853,0.00017165,-0.010803,42.116695,-0.143538
2024-12-11,2.6400,1.4100,1.5500,13.5800,69.2929,529.920000,469.437675,0.063897,-0.097172,1,1,1,1,1,5,5,5,2.9850,2.9851,0.0000,0.0149,0.9851,0.0000,1.0000,1,0.053445,0.00017127,0.053116,44.353761,-0.098046
2024-12-12,2.6600,1.4200,1.5500,13.9200,69.2929,526.500000,469.893825,0.064195,-0.087810,1,1,1,1,1,5,5,5,2.9900,2.9900,0.0000,0.0100,0.9900,0.0000,1.0000,1,-0.019823,0.00017013,-0.019736,43.478379,-0.115848
2024-12-13,2.6800,1.4400,1.5500,13.8100,67.6768,530.530000,470.351475,0.064249,-0.063069,1,1,1,1,1,5,5,5,2.9933,2.9933,0.0000,0.0067,0.9933,0.0000,1.0000,1,0.021481,0.00016898,0.021411,44.409277,-0.096917
2024-12-16,2.6900,1.4200,1.5500,14.6900,65.8586,538.170000,470.814275,0.063465,-0.106034,1,1,1,1,1,5,5,5,2.9955,2.9956,0.0000,0.0044,0.9956,0.0000,1.0000,1,0.043512,0.00016860,0.043434,46.338154,-0.057693
2024-12-17,2.7500,1.4200,1.5500,15.8700,64.4444,535.800000,471.273175,0.063463,-0.105961,1,1,1,1,1,5,5,5,2.9970,2.9970,0.0000,0.0030,0.9970,0.0000,1.0000,1,-0.013399,0.00016974,-0.013381,45.718084,-0.070302
2024-12-18,2.7300,1.3900,1.5450,27.6200,57.7778,516.470000,471.675275,0.063869,-0.087279,1,0,1,1,1,4,3,5,2.9980,2.9979,0.0000,0.0021,0.9979,0.0000,1.0000,1,-0.108105,0.00017013,-0.108033,40.779012,-0.170740
2024-12-19,2.9100,1.3700,1.5400,24.0900,56.5657,514.170000,472.052175,0.064178,-0.089910,1,0,1,1,1,4,3,4,2.7987,2.7966,0.0000,0.2034,0.7966,0.0000,1.0000,1,-0.014131,0.00016936,-0.011600,40.305966,-0.180360
2024-12-20,2.8600,1.4000,1.5400,18.3600,58.7879,518.660000,472.418225,0.064645,-0.073123,1,1,1,1,1,5,5,4,2.6658,2.6694,0.0000,0.3306,0.6694,0.0000,1.0000,1,0.025948,0.00016898,0.022052,41.194799,-0.162285
2024-12-23,2.8500,1.4300,1.5400,16.7800,58.9899,522.870000,472.837475,0.063949,-0.094847,1,1,1,1,1,5,5,5,2.7772,2.7783,0.0000,0.2217,0.7783,0.0000,1.0000,1,0.024449,0.00016860,0.023032,42.143594,-0.142991
2024-12-24,2.8600,1.4200,1.5400,14.2700,61.2121,529.960000,473.300325,0.063596,-0.101230,1,1,1,1,1,5,5,5,2.8515,2.8526,0.0000,0.1474,0.8526,0.0000,1.0000,1,0.039737,0.00016936,0.037555,43.726315,-0.110806
2024-12-26,2.8600,1.3900,1.5400,14.7300,61.4141,529.600000,473.730025,0.063442,-0.120542,1,1,1,1,1,5,5,5,2.9010,2.9012,0.0000,0.0988,0.9012,0.0000,1.0000,1,-0.002148,0.00017089,-0.002003,43.638725,-0.112587
2024-12-27,2.8400,1.4000,1.5400,15.9500,60.2020,522.560000,474.141575,0.063932,-0.112128,1,1,1,1,1,5,5,5,2.9340,2.9336,0.0000,0.0664,0.9336,0.0000,1.0000,1,-0.040680,0.00016898,-0.039572,41.911865,-0.147703
2024-12-30,2.9400,1.4000,1.5400,17.4000,57.9798,515.610000,474.523725,0.064398,-0.105671,1,1,1,1,1,5,5,5,2.9560,2.9560,0.0000,0.0440,0.9560,0.0000,1.0000,1,-0.040161,0.00016746,-0.039272,40.265890,-0.181175
2024-12-31,2.9200,1.4300,1.5400,17.3500,57.5758,511.230000,474.910275,0.064573,-0.091981,1,1,1,1,1,5,5,5,2.9707,2.9703,0.0000,0.0297,0.9703,0.0000,1.0000,1,-0.026212,0.00016974,-0.025976,39.219925,-0.202445
2025-01-02,2.8800,1.4200,1.5400,17.9300,56.7677,510.230000,475.274025,0.065228,-0.069563,1,1,1,1,1,5,5,5,2.9804,2.9803,0.0000,0.0197,0.9803,0.0000,1.0000,1,-0.006319,0.00016974,-0.006342,38.971183,-0.207503
2025-01-03,2.8100,1.4500,1.5400,16.1300,58.1818,518.580000,475.674075,0.065107,-0.062961,1,1,1,1,1,5,5,5,2.9870,2.9871,0.0000,0.0129,0.9871,0.0000,1.0000,1,0.047946,0.00016936,0.047708,40.830424,-0.169695
2025-01-06,2.7600,1.4400,1.5400,16.0400,56.3380,524.540000,476.077925,0.064012,-0.064311,1,1,1,1,1,5,5,5,2.9913,2.9913,0.0000,0.0087,0.9913,0.0000,1.0000,1,0.034102,0.00016860,0.033957,42.216895,-0.141500
2025-01-07,2.7900,1.4400,1.5350,17.8200,55.7344,515.180000,476.424475,0.064582,-0.053901,1,1,1,1,1,5,5,5,2.9942,2.9941,0.0000,0.0059,0.9941,0.0000,1.0000,1,-0.053867,0.00016898,-0.053769,39.946936,-0.187661
2025-01-08,2.8400,1.4700,1.5300,17.7000,57.1429,515.270000,476.768925,0.064471,-0.057982,1,1,1,1,1,5,5,5,2.9961,2.9961,0.0000,0.0039,0.9961,0.0000,1.0000,1,0.000744,0.00016898,0.000742,39.976592,-0.187058
2025-01-10,2.8100,1.4800,1.5300,19.5400,53.0120,507.190000,477.081075,0.065100,-0.051639,1,1,1,1,1,5,5,5,2.9974,2.9974,0.0000,0.0026,0.9974,0.0000,1.0000,1,-0.047719,0.00016898,-0.047669,38.070959,-0.225810
2025-01-13,2.8500,1.4200,1.5300,19.1900,55.7114,505.560000,477.392275,0.064243,-0.076093,1,1,1,1,1,5,5,5,2.9983,2.9983,0.0000,0.0017,0.9983,0.0000,1.0000,1,-0.010413,0.00016936,-0.010395,37.675221,-0.233857
2025-01-14,2.8000,1.4400,1.5300,18.7100,58.7174,505.080000,477.693525,0.064996,-0.079242,1,1,1,1,1,5,5,5,2.9989,2.9988,0.0000,0.0012,0.9988,0.0000,1.0000,1,-0.003551,0.00016974,-0.003554,37.541333,-0.236580
2025-01-15,2.7200,1.4400,1.5300,16.1200,58.9178,516.700000,478.056975,0.064771,-0.075470,1,1,1,1,1,5,5,5,2.9992,2.9992,0.0000,0.0008,0.9992,0.0000,1.0000,1,0.067582,0.00016936,0.067558,40.077563,-0.185005
2025-01-16,2.7300,1.4400,1.5300,16.6000,61.9238,513.080000,478.397625,0.066535,-0.051352,1,1,1,1,1,5,5,5,2.9995,2.9995,0.0000,0.0005,0.9995,0.0000,1.0000,1,-0.020401,0.00016898,-0.020398,39.260053,-0.201629
2025-01-17,2.6400,1.4600,1.5300,15.9700,62.3246,521.740000,478.800775,0.065966,-0.058081,1,1,1,1,1,5,5,5,2.9997,2.9997,0.0000,0.0003,0.9997,0.0000,1.0000,1,0.049350,0.00016860,0.049341,41.197191,-0.162237
2025-01-21,2.6100,1.4600,1.5300,15.0600,64.3287,524.800000,479.214275,0.066371,-0.049683,1,1,1,1,1,5,5,5,2.9998,2.9998,0.0000,0.0002,0.9998,0.0000,1.0000,1,0.016599,0.00016860,0.016597,41.880922,-0.148333
2025-01-22,2.5900,1.4600,1.5300,15.1000,63.3267,531.510000,479.695125,0.064574,-0.095496,1,1,1,1,1,5,5,5,2.9998,2.9998,0.0000,0.0002,0.9998,0.0000,1.0000,1,0.038807,0.00016936,0.038805,43.506101,-0.115284
2025-01-23,2.6100,1.4300,1.5300,15.0200,63.9279,532.640000,480.155875,0.064526,-0.088216,1,1,1,1,1,5,5,5,2.9999,2.9999,0.0000,0.0001,0.9999,0.0000,1.0000,1,0.006150,0.00016936,0.006150,43.773681,-0.109843
2025-01-24,2.6000,1.4300,1.5300,14.8500,64.1283,529.630000,480.601025,0.065373,-0.061034,1,1,1,1,1,5,5,5,2.9999,2.9999,0.0000,0.0001,0.9999,0.0000,1.0000,1,-0.017999,0.00016936,-0.017998,42.985832,-0.125864
2025-01-27,2.6600,1.4300,1.5300,17.9000,67.1343,514.210000,480.960925,0.064776,-0.073396,1,1,1,1,1,5,5,5,3.0000,3.0000,0.0000,0.0000,1.0000,0.0000,1.0000,1,-0.087723,0.00016898,-0.087721,39.215061,-0.202544
2025-01-28,2.6600,1.4500,1.5300,16.4100,65.1303,521.810000,481.378125,0.063340,-0.073161,1,1,1,1,1,5,5,5,3.0000,3.0000,0.0000,0.0000,1.0000,0.0000,1.0000,1,0.044352,0.00016784,0.044351,40.954301,-0.167176
2025-01-29,2.6800,1.4500,1.5300,16.5600,62.7255,520.830000,481.755425,0.063758,-0.067299,1,1,1,1,1,5,5,5,3.0000,3.0000,0.0000,0.0000,1.0000,0.0000,1.0000,1,-0.006171,0.00016746,-0.006171,40.701590,-0.172315
2025-01-30,2.6700,1.4500,1.5250,15.8400,65.3307,523.050000,482.179325,0.064740,-0.083659,1,1,1,1,1,5,5,5,3.0000,3.0000,0.0000,0.0000,1.0000,0.0000,1.0000,1,0.012540,0.00016746,0.012539,41.211966,-0.161936
2025-01-31,2.6800,1.4500,1.5200,16.4300,63.7275,522.290000,482.635475,0.064704,-0.057101,1,1,1,1,1,5,5,5,3.0000,3.0000,0.0000,0.0000,1.0000,0.0000,1.0000,1,-0.005411,0.00016708,-0.005411,40.988984,-0.166471
2025-02-03,2.7300,1.4500,1.5200,18.6200,62.3246,518.110000,483.070525,0.065493,-0.034820,1,1,1,1,1,5,5,5,3.0000,3.0000,0.0000,0.0000,1.0000,0.0000,1.0000,1,-0.024178,0.00016746,-0.024178,39.997959,-0.186624
2025-02-04,2.7100,1.4600,1.5150,17.2100,60.9218,524.470000,483.563675,0.064484,-0.053060,1,1,1,1,1,5,5,5,3.0000,3.0000,0.0000,0.0000,1.0000,0.0000,1.0000,1,0.036298,0.00016860,0.036298,41.449815,-0.157099
2025-02-05,2.6900,1.4600,1.5100,15.7700,62.9259,526.850000,484.080925,0.064869,-0.011468,1,1,1,1,1,5,5,5,3.0000,3.0000,0.0000,0.0000,1.0000,0.0000,1.0000,1,0.013030,0.00016822,0.013030,41.989926,-0.146116
2025-02-06,2.6600,1.4500,1.5100,15.5000,61.7234,529.600000,484.655675,0.064570,-0.010130,1,1,1,1,1,5,5,5,3.0000,3.0000,0.0000,0.0000,1.0000,0.0000,1.0000,1,0.014987,0.00016822,0.014987,42.619230,-0.133319
2025-02-07,2.6700,1.4400,1.5100,16.5400,61.1222,522.920000,485.176175,0.065033,-0.017448,1,1,1,1,1,5,5,5,3.0000,3.0000,0.0000,0.0000,1.0000,0.0000,1.0000,1,-0.038135,0.00016860,-0.038135,40.993942,-0.166370
2025-02-10,2.6600,1.4500,1.5100,15.8100,62.7255,529.250000,485.696925,0.065297,-0.015335,1,1,1,1,1,5,5,5,3.0000,3.0000,0.0000,0.0000,1.0000,0.0000,1.0000,1,0.035175,0.00016898,0.035175,42.435889,-0.137047
2025-02-11,2.6600,1.4500,1.5100,16.0200,62.1242,527.990000,486.204325,0.065578,-0.002623,1,1,1,1,1,5,5,5,3.0000,3.0000,0.0000,0.0000,1.0000,0.0000,1.0000,1,-0.007123,0.00016898,-0.007123,42.133625,-0.143194
2025-02-12,2.6500,1.4600,1.5050,15.8900,60.3206,528.300000,486.723575,0.065674,0.001155,1,1,1,1,0,4,3,5,3.0000,3.0000,0.0000,0.0000,1.0000,0.0000,1.0000,1,0.001999,0.00016898,0.001999,42.217863,-0.141481
2025-02-13,2.6500,1.4500,1.5000,15.1000,62.7255,535.900000,487.248075,0.065135,-0.010316,1,1,1,1,1,5,5,4,2.8000,2.8017,0.0000,0.1983,0.8017,0.0000,1.0000,1,0.042136,0.00016898,0.039893,43.902049,-0.107232
2025-02-14,2.6200,1.4400,1.5000,14.7700,62.1242,538.150000,487.775075,0.064868,-0.042780,1,1,1,1,1,5,5,5,2.8667,2.8671,0.0000,0.1329,0.8671,0.0000,1.0000,1,0.011713,0.00016860,0.011102,44.389455,-0.097320
2025-02-18,2.6200,1.4600,1.4950,15.3500,61.7234,539.370000,488.348975,0.065283,-0.040935,1,1,1,1,1,5,5,5,2.9111,2.9110,0.0000,0.0890,0.9110,0.0000,1.0000,1,0.006234,0.00016860,0.005928,44.652595,-0.091969
2025-02-19,2.6800,1.4400,1.4900,15.2700,63.9279,539.520000,488.939000,0.065472,-0.040698,1,1,1,1,1,5,5,5,2.9407,2.9408,0.0000,0.0592,0.9408,0.0000,1.0000,1,0.000111,0.00016860,0.000163,44.659878,-0.091821
2025-02-20,2.6600,1.4600,1.4900,15.6600,63.7275,537.230000,489.490650,0.065738,-0.036648,1,1,1,1,1,5,5,5,2.9605,2.9604,0.0000,0.0396,0.9604,0.0000,1.0000,1,-0.012168,0.00016860,-0.012032,44.122535,-0.102748
2025-02-21,2.7800,1.4700,1.4900,18.2100,61.1222,526.080000,489.943650,0.066898,-0.030344,1,1,1,1,1,5,5,5,2.9737,2.9731,0.0000,0.0269,0.9731,0.0000,1.0000,1,-0.062598,0.00016822,-0.062066,41.384026,-0.158437
2025-02-24,2.7800,1.4900,1.4900,18.9800,60.9218,519.870000,490.341750,0.066869,-0.022253,1,1,1,1,1,5,5,5,2.9824,2.9822,0.0000,0.0178,0.9822,0.0000,1.0000,1,-0.035957,0.00016784,-0.035778,39.903394,-0.188547
2025-02-25,2.8400,1.4800,1.4900,19.4300,61.1222,513.320000,490.706750,0.066867,-0.020597,1,1,1,1,1,5,5,5,2.9883,2.9882,0.0000,0.0118,0.9882,0.0000,1.0000,1,-0.038166,0.00016746,-0.038006,38.386841,-0.219386
2025-02-26,2.8100,1.5000,1.4900,19.1000,60.3206,514.560000,491.079250,0.067111,-0.027222,0,1,1,1,1,4,3,5,2.9922,2.9922,0.0000,0.0078,0.9922,0.0000,1.0000,1,0.006442,0.00016708,0.006412,38.632960,-0.214381
2025-02-27,2.8100,1.5100,1.4900,21.1300,57.3146,500.270000,491.375500,0.066687,-0.035734,0,0,1,1,1,3,1,4,2.7948,2.7889,0.0000,0.2111,0.7889,0.0000,1.0000,1,-0.082949,0.00016746,-0.076184,35.689753,-0.274233
2025-02-28,2.8700,1.5200,1.4900,19.6300,60.3206,508.170000,491.706050,0.066663,-0.030846,0,1,1,1,1,4,3,3,2.4632,2.4671,0.0000,0.5329,0.4671,0.0000,1.0000,1,0.045784,0.00016784,0.037212,37.017855,-0.247225
2025-03-03,2.9400,1.5700,1.4900,22.7800,57.1142,497.050000,491.975900,0.067946,0.010473,0,0,1,1,0,2,-1,4,2.4421,2.4349,0.0000,0.5651,0.4349,0.0000,1.0000,1,-0.064602,0.00016784,-0.052225,35.084592,-0.286539
2025-03-04,2.9900,1.6100,1.4900,23.5100,50.1002,495.550000,492.224000,0.067642,0.014835,0,0,1,1,0,2,-1,2,2.0281,2.0282,0.0000,0.9718,0.0282,0.0000,1.0000,1,-0.010987,0.00016898,-0.010114,34.729733,-0.293755
2025-03-05,2.8800,1.6100,1.4900,21.9300,52.7054,502.010000,492.469550,0.066451,0.003810,0,0,1,1,0,2,-1,2,1.7521,1.7543,0.2457,0.7543,0.0000,0.0000,1.0000,1,0.038955,0.00016860,0.023106,35.532193,-0.277437
2025-03-06,2.9900,1.5700,1.4900,24.8700,48.2966,488.200000,492.650650,0.066246,-0.003649,0,0,0,0,1,1,-3,2,1.5680,1.5654,0.4346,0.5654,0.0000,0.0000,1.0000,1,-0.082905,0.00016898,-0.046428,33.882492,-0.310984
2025-03-07,2.9700,1.5900,1.4900,23.3700,51.1022,491.790000,492.850850,0.067101,0.022350,0,0,1,0,0,1,-3,1,1.2454,1.2472,0.7528,0.2472,0.0000,0.0000,1.0000,1,0.020745,0.00016860,0.007736,34.144620,-0.305654
2025-03-10,3.1600,1.6100,1.4900,27.8600,44.2886,472.730000,492.939950,0.069696,0.065942,0,0,0,0,0,0,-5,1,1.0302,1.0296,0.9704,0.0296,0.0000,0.0000,1.0000,1,-0.112743,0.00016860,-0.043614,32.655453,-0.335937
2025-03-11,3.2200,1.6400,1.4900,26.9200,38.8778,471.600000,493.018950,0.069623,0.068682,0,0,0,0,0,0,-5,0,0.6868,0.6865,0.6865,0.0000,0.0000,0.3135,0.6865,1,-0.011704,0.00016822,-0.002072,32.587786,-0.337313
2025-03-12,3.2000,1.6800,1.4900,24.2300,38.0762,476.920000,493.125000,0.069041,0.074063,0,0,0,0,0,0,-5,0,0.4579,0.4567,0.4567,0.0000,0.0000,0.5433,0.4567,1,0.034174,0.00016860,0.008847,32.876076,-0.331450
2025-03-13,3.4000,1.6500,1.4900,24.6600,33.8677,468.340000,493.198400,0.070146,0.084587,0,0,0,0,0,0,-5,0,0.3053,0.3017,0.3017,0.0000,0.0000,0.6983,0.3017,1,-0.054638,0.00016898,-0.005647,32.690423,-0.335226
2025-03-14,3.2500,1.7000,1.4900,21.7700,40.2806,479.660000,493.306950,0.070068,0.084362,0,0,0,0,0,0,-5,0,0.2035,0.2055,0.2055,0.0000,0.0000,0.7945,0.2055,1,0.070947,0.00016860,0.006126,32.890697,-0.331153
2025-03-17,3.1800,1.6500,1.4900,20.5100,44.0882,482.770000,493.422400,0.069823,0.093632,0,0,0,0,0,0,-5,0,0.1357,0.1364,0.1364,0.0000,0.0000,0.8636,0.1364,1,0.019389,0.00016822,0.000992,32.923332,-0.330489
2025-03-18,3.2300,1.6300,1.4900,21.7000,41.6834,474.540000,493.512900,0.070096,0.097028,0,0,0,0,0,0,-5,0,0.0904,0.0896,0.0896,0.0000,0.0000,0.9104,0.0896,1,-0.050404,0.00016860,-0.001731,32.866340,-0.331648
2025-03-19,3.1900,1.6300,1.4900,19.9000,44.2886,480.890000,493.659600,0.069596,0.086743,0,1,0,0,0,1,-3,0,0.0603,0.0608,0.0608,0.0000,0.0000,0.9392,0.0608,1,0.038892,0.00016860,0.001092,32.902245,-0.330918
2025-03-20,3.1700,1.6400,1.4900,19.8000,43.2866,479.260000,493.798250,0.070081,0.088734,0,1,0,0,0,1,-3,1,0.2402,0.2411,0.2411,0.0000,0.0000,0.7589,0.2411,1,-0.010283,0.00016822,0.000814,32.929011,-0.330374
2025-03-21,3.2100,1.6400,1.4900,19.2800,42.2846,480.840000,493.936800,0.069816,0.076316,0,1,0,0,0,1,-3,1,0.3601,0.3634,0.3634,0.0000,0.0000,0.6366,0.3634,1,0.009416,0.00016822,0.002620,33.015282,-0.328619
2025-03-24,3.0500,1.6800,1.4900,17.4800,47.2946,490.660000,494.118250,0.068083,0.062398,0,1,0,0,0,1,-3,1,0.4401,0.4416,0.4416,0.0000,0.0000,0.5584,0.4416,1,0.063525,0.00016822,0.007956,33.277944,-0.323278
2025-03-25,3.0900,1.6400,1.4900,17.1500,47.4950,493.460000,494.267900,0.066833,0.048727,0,1,0,0,0,1,-3,1,0.4934,0.4944,0.4944,0.0000,0.0000,0.5056,0.4944,1,0.017844,0.00016822,0.002821,33.371807,-0.321369
2025-03-26,3.1900,1.6600,1.4900,18.3300,46.6934,484.380000,494.373550,0.068089,0.069272,0,1,0,0,0,1,-3,1,0.5289,0.5249,0.5249,0.0000,0.0000,0.4751,0.5249,1,-0.058387,0.00016822,-0.009584,33.051961,-0.327874
2025-03-27,3.2700,1.6600,1.4900,18.6900,44.4890,481.620000,494.466850,0.068253,0.064422,0,1,0,0,0,1,-3,1,0.5526,0.5522,0.5522,0.0000,0.0000,0.4478,0.5522,1,-0.017040,0.00016822,-0.002964,32.954006,-0.329865
2025-03-28,3.4700,1.6800,1.4900,21.6500,39.6794,468.940000,494.487400,0.070169,0.084657,0,0,0,0,0,0,-5,1,0.5684,0.5628,0.5628,0.0000,0.0000,0.4372,0.5628,1,-0.079615,0.00016822,-0.014855,32.464478,-0.339820
2025-03-31,3.5500,1.7300,1.4900,22.2800,42.6854,468.920000,494.491900,0.070479,0.087289,0,0,0,0,0,0,-5,0,0.3789,0.3825,0.3825,0.0000,0.0000,0.6175,0.3825,1,-0.000698,0.00016822,-0.002693,32.377064,-0.341598
2025-04-01,3.5000,1.7600,1.4900,21.7700,42.0842,472.700000,494.484650,0.070458,0.076936,0,0,0,0,0,0,-5,0,0.2526,0.2548,0.2548,0.0000,0.0000,0.7452,0.2548,1,0.023037,0.00016784,0.001672,32.431203,-0.340497
2025-04-02,3.4200,1.7300,1.4900,21.5100,45.2906,476.150000,494.481800,0.070343,0.076696,0,0,0,0,0,0,-5,0,0.1684,0.1714,0.1714,0.0000,0.0000,0.8286,0.1714,1,0.022347,0.00016784,0.000173,32.436817,-0.340383
2025-04-03,4.0100,1.7300,1.4950,30.0200,35.2705,450.660000,494.339150,0.073523,0.133952,0,0,0,0,0,0,-5,0,0.1123,0.1110,0.1110,0.0000,0.0000,0.8890,0.1110,1,-0.160687,0.00016784,-0.008379,32.165019,-0.345910
2025-04-04,4.4500,1.8900,1.4950,45.3100,20.2405,422.670000,494.027200,0.073751,0.121871,0,0,0,0,0,0,-5,0,0.0749,0.0724,0.0724,0.0000,0.0000,0.9276,0.0724,1,-0.183101,0.00016746,-0.005577,31.985632,-0.349558
2025-04-07,4.6100,1.9400,1.5000,46.9800,18.2365,423.690000,493.719600,0.072753,0.109910,0,0,0,0,0,0,-5,0,0.0499,0.0516,0.0516,0.0000,0.0000,0.9484,0.0516,1,0.003894,0.00016632,-0.000418,31.972249,-0.349830
2025-04-08,4.5700,2.0200,1.5000,52.3300,17.0341,416.060000,493.392550,0.073608,0.111777,0,0,0,0,0,0,-5,0,0.0333,0.0316,0.0316,0.0000,0.0000,0.9684,0.0316,1,-0.056970,0.00016670,0.000237,31.979813,-0.349676
2025-04-09,4.3700,2.0000,1.5050,33.6200,29.0581,466.000000,493.321650,0.069237,0.073366,0,0,0,0,0,0,-5,0,0.0222,0.0248,0.0248,0.0000,0.0000,0.9752,0.0248,1,0.352442,0.00016746,0.002815,32.069828,-0.347846
2025-04-10,4.4200,2.0200,1.5100,40.7200,24.8497,446.180000,493.182750,0.071867,0.095254,0,0,0,0,0,0,-5,0,0.0148,0.0145,0.0145,0.0000,0.0000,0.9855,0.0145,1,-0.122980,0.00016898,-0.000740,32.046107,-0.348328
2025-04-11,4.2600,1.9700,1.5100,37.5600,28.0561,454.400000,493.057850,0.071469,0.093141,0,0,0,0,0,0,-5,0,0.0099,0.0101,0.0101,0.0000,0.0000,0.9899,0.0101,1,0.052883,0.00016860,0.000332,32.056731,-0.348112
2025-04-14,4.1400,1.9000,1.5100,30.8900,29.6593,457.480000,492.943400,0.072053,0.075560,0,0,0,0,0,0,-5,0,0.0066,0.0065,0.0065,0.0000,0.0000,0.9935,0.0065,1,0.020996,0.00016860,0.000290,32.066038,-0.347923
2025-04-15,4.0900,1.9000,1.5100,30.1200,29.2585,457.990000,492.825300,0.072246,0.085641,0,0,0,0,0,0,-5,0,0.0044,0.0044,0.0044,0.0000,0.0000,0.9956,0.0044,1,0.003831,0.00016822,0.000176,32.071696,-0.347808
2025-04-16,4.1600,1.9000,1.5150,32.6400,27.8557,444.180000,492.650650,0.073222,0.089980,0,0,0,0,0,0,-5,0,0.0029,0.0029,0.0029,0.0000,0.0000,0.9971,0.0029,1,-0.090380,0.00016822,0.000050,32.073301,-0.347775
2025-04-17,4.0200,1.9200,1.5200,29.6500,29.8597,444.100000,492.461550,0.073868,0.124944,0,0,0,0,0,0,-5,0,0.0019,0.0019,0.0019,0.0000,0.0000,0.9981,0.0019,1,-0.002870,0.00016822,0.000174,32.078870,-0.347662
2025-04-21,4.1600,1.9200,1.5200,33.8200,24.2485,433.110000,492.192200,0.073879,0.122154,0,0,0,0,0,0,-5,0,0.0013,0.0013,0.0013,0.0000,0.0000,0.9987,0.0013,1,-0.073074,0.00016860,0.000127,32.082958,-0.347579
2025-04-22,3.9900,1.9600,1.5200,30.5700,29.2000,444.480000,491.959400,0.073969,0.114025,0,0,0,0,0,0,-5,0,0.0009,0.0009,0.0009,0.0000,0.0000,0.9991,0.0009,1,0.076445,0.00016860,0.000196,32.089258,-0.347451
2025-04-23,3.7500,1.9300,1.5250,28.4500,29.8000,454.560000,491.751400,0.073148,0.115453,0,0,0,0,0,0,-5,0,0.0006,0.0006,0.0006,0.0000,0.0000,0.9994,0.0006,1,0.066356,0.00016822,0.000190,32.095370,-0.347326
2025-04-24,3.7300,1.8600,1.5300,26.4700,33.2000,467.350000,491.601450,0.071750,0.120082,0,0,0,0,0,0,-5,0,0.0004,0.0004,0.0004,0.0000,0.0000,0.9996,0.0004,1,0.085120,0.00016822,0.000180,32.101136,-0.347209
2025-04-25,3.6700,1.8600,1.5300,24.8400,33.6000,472.560000,491.475400,0.071017,0.104182,0,0,0,0,0,0,-5,0,0.0003,0.0003,0.0003,0.0000,0.0000,0.9997,0.0003,1,0.032988,0.00016784,0.000170,32.106610,-0.347098
2025-04-28,3.7300,1.8400,1.5300,25.1500,34.2000,472.410000,491.322650,0.071426,0.094032,0,0,0,0,0,0,-5,0,0.0002,0.0002,0.0002,0.0000,0.0000,0.9998,0.0002,1,-0.000743,0.00016784,0.000168,32.111998,-0.346988
2025-04-29,3.7400,1.8700,1.5300,24.1700,35.8000,475.530000,491.240650,0.071529,0.097160,0,0,0,0,0,0,-5,0,0.0001,0.0001,0.0001,0.0000,0.0000,0.9999,0.0001,1,0.019509,0.00016784,0.000168,32.117402,-0.346878
2025-04-30,3.9400,1.8800,1.5300,24.7000,36.8000,475.470000,491.143550,0.071140,0.079982,0,0,0,0,0,0,-5,0,0.0001,0.0001,0.0001,0.0000,0.0000,0.9999,0.0001,1,0.000182,0.00016746,0.000167,32.122758,-0.346769
2025-05-01,3.7800,1.9600,1.5300,24.6000,36.6000,481.680000,491.071200,0.070845,0.091555,0,0,0,0,0,0,-5,0,0.0001,0.0001,0.0001,0.0000,0.0000,0.9999,0.0001,1,0.034439,0.00016746,0.000169,32.128172,-0.346659
2025-05-02,3.6000,1.9500,1.5350,22.6800,42.0000,488.830000,491.033650,0.070356,0.079346,0,0,0,0,0,0,-5,0,0.0000,0.0000,0.0000,0.0000,0.0000,1.0000,0.0000,1,0.046856,0.00016746,0.000168,32.133573,-0.346549
2025-05-05,3.6000,1.9000,1.5400,23.6400,41.2000,485.930000,491.054450,0.070584,0.086571,0,0,0,0,0,0,-5,0,0.0000,0.0000,0.0000,0.0000,0.0000,1.0000,0.0000,1,-0.017331,0.00016822,0.000168,32.138971,-0.346440
2025-05-06,3.6600,1.9100,1.5400,24.7600,38.2000,481.410000,491.064050,0.072047,0.100318,0,0,0,0,0,0,-5,0,0.0000,0.0000,0.0000,0.0000,0.0000,1.0000,0.0000,1,-0.028425,0.00016822,0.000168,32.144370,-0.346330
2025-05-07,3.6700,1.9500,1.5400,23.5500,41.8000,483.300000,491.104350,0.071950,0.094531,0,0,0,0,0,0,-5,0,0.0000,0.0000,0.0000,0.0000,0.0000,1.0000,0.0000,1,0.011632,0.00016822,0.000168,32.149779,-0.346220
2025-05-08,3.5100,1.9500,1.5400,22.4800,43.2000,488.290000,491.134200,0.070877,0.075438,0,0,0,0,0,0,-5,0,0.0000,0.0000,0.0000,0.0000,0.0000,1.0000,0.0000,1,0.029791,0.00016860,0.000169,32.155203,-0.346109
2025-05-09,3.5300,1.8900,1.5400,21.9000,43.8000,487.970000,491.170950,0.071092,0.077163,0,0,0,0,0,0,-5,0,0.0000,0.0000,0.0000,0.0000,0.0000,1.0000,0.0000,1,-0.002368,0.00016860,0.000169,32.160624,-0.345999
2025-05-12,3.1500,1.8900,1.5400,18.3900,52.4851,507.850000,491.393300,0.068406,0.048010,0,1,1,1,0,3,1,0,0.0000,0.0000,0.0000,0.0000,0.0000,1.0000,0.0000,1,0.121079,0.00016860,0.000169,32.166053,-0.345889
2025-05-13,3.0900,1.8200,1.5400,18.2200,52.0875,515.590000,491.679900,0.067863,0.044447,0,1,1,1,0,3,1,3,0.6000,0.6030,0.6030,0.0000,0.0000,0.3970,0.6030,1,0.045833,0.00017165,0.007629,32.411455,-0.340898
2025-05-14,3.1000,1.8200,1.5400,18.6200,50.8946,518.680000,491.958450,0.067479,0.032321,0,1,1,1,0,3,1,3,1.0000,1.0000,1.0000,0.0000,0.0000,0.0000,1.0000,1,0.017645,0.00017127,0.005070,32.575773,-0.337557
2025-05-15,3.2000,1.8000,1.5450,17.8300,54.6720,519.250000,492.235200,0.068582,0.045755,0,1,1,1,0,3,1,3,1.2667,1.2678,0.7322,0.2678,0.0000,0.0000,1.0000,1,0.003127,0.00017127,0.002473,32.656332,-0.335919
2025-05-16,3.1600,1.8300,1.5500,17.2400,57.1429,521.510000,492.555100,0.069152,0.050558,0,1,1,1,0,3,1,3,1.4444,1.4449,0.5551,0.4449,0.0000,0.0000,1.0000,1,0.012326,0.00017013,0.005721,32.843166,-0.332119
2025-05-19,3.2100,1.8200,1.5500,18.1400,56.8317,522.010000,492.809800,0.069370,0.036639,0,1,1,1,0,3,1,3,1.5630,1.5666,0.4334,0.5666,0.0000,0.0000,1.0000,1,0.002659,0.00016974,0.002931,32.939424,-0.330162
2025-05-20,3.2000,1.8400,1.5500,18.0900,55.4455,520.270000,493.112850,0.069807,0.043610,0,1,1,1,0,3,1,3,1.6420,1.6423,0.3577,0.6423,0.0000,0.0000,1.0000,1,-0.010469,0.00017051,-0.005437,32.760330,-0.333804
2025-05-21,3.2500,1.8200,1.5500,20.8700,50.0990,513.040000,493.434300,0.069708,0.041675,0,0,1,1,0,2,-1,3,1.6947,1.6933,0.3067,0.6933,0.0000,0.0000,1.0000,1,-0.041614,0.00017013,-0.023178,32.000999,-0.349245
2025-05-22,3.3200,1.8500,1.5500,20.2800,49.1089,514.000000,493.827450,0.068686,0.023018,0,0,0,1,0,1,-3,2,1.5298,1.5300,0.4700,0.5300,0.0000,0.0000,1.0000,1,0.005152,0.00016936,0.002915,32.094287,-0.347348
2025-05-23,3.4000,1.8700,1.5500,22.2900,47.5248,509.240000,494.176000,0.069987,0.048984,0,0,0,1,0,1,-3,1,1.2198,1.2209,0.7791,0.2209,0.0000,0.0000,1.0000,1,-0.028848,0.00016974,-0.016449,31.566377,-0.358084
2025-05-27,3.2400,1.8800,1.5500,18.9600,52.4752,521.220000,494.608250,0.069077,0.036026,0,1,1,1,0,3,1,1,1.0132,1.0134,0.9866,0.0134,0.0000,0.0000,1.0000,1,0.069662,0.00016936,0.026505,32.403053,-0.341069
2025-05-28,3.2300,1.8400,1.5550,19.3100,48.9109,518.910000,494.962450,0.068509,0.008343,0,1,0,1,0,2,-1,3,1.2755,1.2743,0.7257,0.2743,0.0000,0.0000,1.0000,1,-0.012828,0.00016898,-0.006190,32.202466,-0.345148
2025-05-29,3.2200,1.8300,1.5600,19.1800,50.2970,519.930000,495.310050,0.068715,0.016217,0,1,1,1,0,3,1,2,1.2503,1.2481,0.7519,0.2481,0.0000,0.0000,1.0000,1,0.004855,0.00016898,0.002729,32.290334,-0.343362
2025-05-30,3.3100,1.8100,1.5600,18.5700,50.8911,519.110000,495.648700,0.069496,0.046312,0,1,1,1,0,3,1,3,1.4335,1.4334,0.5666,0.4334,0.0000,0.0000,1.0000,1,-0.005258,0.00016936,-0.002269,32.217067,-0.344851
2025-06-02,3.2700,1.8400,1.5600,18.3600,49.9010,523.210000,495.951850,0.069326,0.048104,0,1,0,1,0,2,-1,3,1.5557,1.5585,0.4415,0.5585,0.0000,0.0000,1.0000,1,0.023000,0.00016936,0.012498,32.619704,-0.336664
2025-06-03,3.1900,1.8400,1.5600,17.6900,50.8911,527.300000,496.274700,0.069117,0.031092,0,1,1,1,0,3,1,2,1.4371,1.4389,0.5611,0.4389,0.0000,0.0000,1.0000,1,0.023321,0.00017241,0.011376,32.990791,-0.329117
2025-06-04,3.2300,1.8100,1.5600,17.6100,50.6931,528.770000,496.546450,0.067927,-0.026971,0,1,1,1,1,4,3,3,1.5581,1.5585,0.4415,0.5585,0.0000,0.0000,1.0000,1,0.008051,0.00017203,0.003972,33.121842,-0.326452
2025-06-05,3.1800,1.8000,1.5650,18.4800,48.9109,524.790000,496.795250,0.068148,-0.022610,0,1,0,1,1,3,1,4,1.8387,1.8373,0.1627,0.8373,0.0000,-0.0000,1.0000,1,-0.023284,0.00017241,-0.015161,32.619689,-0.336664
2025-06-06,3.0900,1.7700,1.5700,16.7700,51.4851,529.920000,497.038500,0.067755,-0.019963,0,1,1,1,1,4,3,3,1.8258,1.8257,0.1743,0.8257,0.0000,0.0000,1.0000,1,0.028552,0.00017241,0.017729,33.198005,-0.324904
2025-06-09,3.1200,1.7300,1.5700,17.1600,51.4851,530.700000,497.290700,0.067261,-0.044733,0,1,1,1,1,4,3,4,2.0172,2.0172,0.0000,0.9828,0.0172,0.0000,1.0000,1,0.004447,0.00017203,0.002632,33.285384,-0.323127
2025-06-10,3.1200,1.7200,1.5700,16.9500,53.8614,534.210000,497.549250,0.067039,-0.046320,0,1,1,1,1,4,3,4,2.1448,2.1455,0.0000,0.8545,0.1455,0.0000,1.0000,1,0.019318,0.00017241,0.014092,33.754448,-0.313588
2025-06-11,3.1200,1.7100,1.5700,17.2600,52.2772,532.410000,497.837050,0.067273,-0.038728,0,1,1,1,1,4,3,4,2.2299,2.2287,0.0000,0.7713,0.2287,0.0000,1.0000,1,-0.010266,0.00017279,-0.008001,33.484379,-0.319080
2025-06-12,3.1700,1.7400,1.5750,18.0200,53.2673,533.660000,498.105350,0.067818,-0.034970,0,1,1,1,1,4,3,4,2.2866,2.2875,0.0000,0.7125,0.2875,0.0000,1.0000,1,0.006516,0.00017279,0.005249,33.660145,-0.315506
2025-06-13,3.1800,1.7300,1.5800,20.8200,49.5050,526.960000,498.363450,0.068191,-0.021252,0,0,0,1,1,2,-1,4,2.3244,2.3242,0.0000,0.6758,0.3242,0.0000,1.0000,1,-0.037786,0.00017317,-0.029168,32.678341,-0.335471
2025-06-16,3.1000,1.7500,1.5800,19.1100,51.6832,534.290000,498.651100,0.067216,-0.043561,0,1,1,1,1,4,3,2,1.9496,1.9499,0.0501,0.9499,0.0000,0.0000,1.0000,1,0.040780,0.00017279,0.028978,33.625295,-0.316215
2025-06-17,3.1700,1.7400,1.5800,21.6000,48.5149,529.080000,498.939750,0.067235,-0.039170,0,0,0,1,1,2,-1,4,2.0997,2.0993,0.0000,0.9007,0.0993,0.0000,1.0000,1,-0.029551,0.00017203,-0.020162,32.947335,-0.330001
2025-06-18,3.1600,1.7400,1.5850,20.1400,48.1188,528.990000,499.231400,0.067421,-0.010117,0,0,0,1,1,2,-1,2,1.7998,1.7995,0.2005,0.7995,0.0000,0.0000,1.0000,1,-0.001359,0.00017165,-0.000003,32.947248,-0.330003
2025-06-20,3.1300,1.7700,1.5900,20.6200,48.1188,526.830000,499.484200,0.067965,0.017478,0,0,0,1,0,1,-3,2,1.5999,1.5973,0.4027,0.5973,0.0000,0.0000,1.0000,1,-0.013749,0.00017165,-0.005928,32.751927,-0.333975
2025-06-23,3.1200,1.7600,1.6000,19.8300,52.0792,531.650000,499.833400,0.067683,-0.006300,0,1,1,1,1,4,3,1,1.2666,1.2684,0.7316,0.2684,0.0000,0.0000,1.0000,1,0.031056,0.00017051,0.012926,33.175281,-0.325366
2025-06-24,3.0600,1.7700,1.6100,17.4800,54.8515,539.780000,500.229250,0.067232,-0.016010,0,1,1,1,1,4,3,4,1.6444,1.6456,0.3544,0.6456,0.0000,0.0000,1.0000,1,0.045515,0.00017013,0.021127,33.876181,-0.311113
2025-06-25,3.0400,1.7800,1.6100,16.7600,50.2970,541.160000,500.629850,0.066297,-0.060295,0,1,1,1,1,4,3,4,1.8963,1.8961,0.1039,0.8961,0.0000,0.0000,1.0000,1,0.004866,0.00017013,0.002740,33.969007,-0.309225
2025-06-26,3.0400,1.7900,1.6150,16.5900,53.0693,546.220000,501.117500,0.066329,-0.064394,0,1,1,1,1,4,3,4,2.0642,2.0645,0.0000,0.9355,0.0645,0.0000,1.0000,1,0.027396,0.00017013,0.018701,34.604258,-0.296307
2025-06-27,3.0200,1.8000,1.6200,16.3200,54.6535,548.090000,501.585650,0.066132,-0.067312,0,1,1,1,1,4,3,4,2.1761,2.1764,0.0000,0.8236,0.1764,0.0000,1.0000,1,0.009798,0.00017051,0.006935,34.844230,-0.291427
2025-06-30,2.9600,1.7900,1.6250,16.7300,56.4356,551.640000,502.050550,0.066084,-0.066265,0,1,1,1,1,4,3,4,2.2507,2.2509,0.0000,0.7491,0.2509,0.0000,1.0000,1,0.019406,0.00017051,0.013933,35.329727,-0.281554
2025-07-01,2.9100,1.7500,1.6300,16.8300,61.7822,546.990000,502.442400,0.066332,-0.112563,0,1,1,1,1,4,3,4,2.3005,2.2995,0.0000,0.7005,0.2995,0.0000,1.0000,1,-0.025422,0.00017127,-0.019683,34.634339,-0.295695
2025-07-02,2.8800,1.7200,1.6300,16.6400,61.9802,550.800000,502.830300,0.065461,-0.138036,0,1,1,1,1,4,3,4,2.3337,2.3354,0.0000,0.6646,0.3354,0.0000,1.0000,1,0.019904,0.00017089,0.016102,35.192011,-0.284355
2025-07-03,2.8000,1.7000,1.6350,16.3800,64.3564,556.220000,503.234700,0.065436,-0.124681,0,1,1,1,1,4,3,4,2.3558,2.3570,0.0000,0.6430,0.3570,0.0000,1.0000,1,0.028000,0.00017127,0.021954,35.964625,-0.268643
2025-07-07,2.8600,1.6700,1.6400,17.7900,60.3960,552.030000,503.628650,0.066065,-0.128120,0,1,1,1,1,4,3,4,2.3705,2.3698,0.0000,0.6302,0.3698,0.0000,1.0000,1,-0.022285,0.00017165,-0.017637,35.330332,-0.281542
2025-07-08,2.9200,1.7100,1.6400,16.8100,61.3861,552.340000,504.022900,0.065400,-0.062675,0,1,1,1,1,4,3,4,2.3803,2.3800,0.0000,0.6200,0.3800,0.0000,1.0000,1,0.001327,0.00017165,0.000952,35.363984,-0.280857
2025-07-09,2.9400,1.7100,1.6400,15.9400,62.5743,556.250000,504.446950,0.065619,-0.103431,0,1,1,1,1,4,3,4,2.3869,2.3875,0.0000,0.6125,0.3875,0.0000,1.0000,1,0.020715,0.00017165,0.016623,35.951850,-0.268903
2025-07-10,2.9200,1.7300,1.6400,15.7800,64.7525,555.450000,504.807400,0.065969,-0.090187,0,1,1,1,1,4,3,4,2.3913,2.3906,0.0000,0.6094,0.3906,0.0000,1.0000,1,-0.004602,0.00017165,-0.003743,35.817297,-0.271639
2025-07-11,2.9700,1.7000,1.6450,16.4000,62.7723,554.200000,505.166200,0.066106,-0.095468,0,1,1,1,1,4,3,4,2.3942,2.3945,0.0000,0.6055,0.3945,0.0000,1.0000,1,-0.007587,0.00017165,-0.005876,35.606832,-0.275919
2025-07-14,2.9500,1.7200,1.6500,17.2000,61.9802,556.210000,505.532050,0.066244,-0.096545,0,1,1,1,1,4,3,4,2.3961,2.3970,0.0000,0.6030,0.3970,0.0000,1.0000,1,0.010631,0.00017127,0.008338,35.903732,-0.269881
2025-07-15,2.9500,1.7300,1.6500,17.3800,58.0198,556.720000,505.888800,0.065894,-0.118459,0,1,1,1,1,4,3,4,2.3974,2.3960,0.0000,0.6040,0.3960,0.0000,1.0000,1,0.002600,0.00017165,0.001999,35.975508,-0.268422
2025-07-16,3.0000,1.7000,1.6500,17.1600,59.2079,557.290000,506.246150,0.065706,-0.131029,0,1,1,1,1,4,3,4,2.3983,2.3982,0.0000,0.6018,0.3982,0.0000,1.0000,1,0.002829,0.00017165,0.002433,36.063052,-0.266642
2025-07-17,2.9100,1.7300,1.6500,16.5200,61.7822,561.800000,506.607800,0.065577,-0.137338,0,1,1,1,1,4,3,4,2.3988,2.4003,0.0000,0.5997,0.4003,0.0000,1.0000,1,0.023275,0.00017127,0.018918,36.745309,-0.252768
2025-07-18,2.9300,1.7100,1.6500,16.4100,61.7822,561.260000,506.980350,0.066725,-0.116571,0,1,1,1,1,4,3,4,2.3992,2.3984,0.0000,0.6016,0.3984,0.0000,1.0000,1,-0.003446,0.00017127,-0.002902,36.638658,-0.254936
2025-07-21,2.8900,1.7300,1.6500,16.6500,60.3960,564.170000,507.360850,0.066813,-0.101708,0,1,1,1,1,4,3,4,2.3995,2.4003,0.0000,0.5997,0.4003,0.0000,1.0000,1,0.015216,0.00017089,0.012260,37.087855,-0.245802
2025-07-22,2.9000,1.7300,1.6500,16.5000,65.5446,561.250000,507.760750,0.067622,-0.066175,0,1,1,1,1,4,3,4,2.3997,2.3983,0.0000,0.6017,0.3983,0.0000,1.0000,1,-0.015556,0.00017127,-0.012532,36.623061,-0.255254
2025-07-23,2.8300,1.7300,1.6500,15.3700,66.9307,563.810000,508.170050,0.066547,-0.072495,0,1,1,1,1,4,3,4,2.3998,2.4003,0.0000,0.5997,0.4003,0.0000,1.0000,1,0.013149,0.00017127,0.010645,37.012904,-0.247326
2025-07-24,2.8200,1.7100,1.6550,15.3900,65.9406,565.010000,508.587150,0.066439,-0.080419,0,1,1,1,1,4,3,4,2.3998,2.3998,0.0000,0.6002,0.3998,0.0000,1.0000,1,0.006603,0.00017127,0.005288,37.208636,-0.243346
2025-07-25,2.8400,1.6800,1.6600,14.9300,66.7327,566.370000,508.982400,0.066332,-0.083510,0,1,1,1,1,4,3,4,2.3999,2.4004,0.0000,0.5996,0.4004,0.0000,1.0000,1,0.005655,0.00017165,0.004653,37.381764,-0.239825
2025-07-28,2.8200,1.6900,1.6600,15.0300,64.3564,568.140000,509.412600,0.065642,-0.088769,0,1,1,1,1,4,3,4,2.3999,2.4000,0.0000,0.6000,0.4000,0.0000,1.0000,1,0.009728,0.00017165,0.007682,37.668947,-0.233985
2025-07-29,2.8600,1.6900,1.6600,15.9800,64.1584,567.260000,509.802400,0.066571,-0.068627,0,1,1,1,1,4,3,4,2.4000,2.3985,0.0000,0.6015,0.3985,0.0000,1.0000,1,-0.004511,0.00017089,-0.003585,37.533905,-0.236731
2025-07-30,2.8900,1.7000,1.6600,15.4800,62.1782,568.020000,510.176750,0.067152,-0.050987,0,1,1,1,1,4,3,4,2.4000,2.3999,0.0000,0.6001,0.3999,0.0000,1.0000,1,0.003468,0.00017089,0.002790,37.638613,-0.234602
2025-07-31,2.8600,1.6900,1.6650,16.7200,59.8020,565.010000,510.538850,0.067768,-0.044751,0,1,1,1,1,4,3,4,2.4000,2.3960,0.0000,0.6040,0.3960,0.0000,1.0000,1,-0.016501,0.00017127,-0.013229,37.140691,-0.244727
2025-08-01,3.1300,1.6700,1.6700,20.3800,56.6337,553.880000,510.841450,0.069002,-0.047025,1,0,1,1,1,4,3,4,2.4000,2.3977,0.0000,0.6023,0.3977,-0.0000,1.0000,1,-0.059971,0.00017127,-0.047919,35.360952,-0.280919
2025-08-04,3.0200,1.7500,1.6700,17.5200,60.3960,564.100000,511.174450,0.069173,-0.043417,0,1,1,1,1,4,3,4,2.4000,2.4020,0.0000,0.5980,0.4020,0.0000,1.0000,1,0.054752,0.00016898,0.043902,36.913374,-0.249350
2025-08-05,2.9800,1.7400,1.6700,17.8500,59.2079,560.270000,511.521550,0.068785,-0.032806,0,1,1,1,1,4,3,4,2.4000,2.3978,0.0000,0.6022,0.3978,0.0000,1.0000,1,-0.020810,0.00016898,-0.016613,36.300121,-0.261821
2025-08-06,2.9800,1.7200,1.6700,16.7700,57.6238,567.320000,511.903600,0.067654,-0.054226,0,1,1,1,1,4,3,4,2.4000,2.4025,0.0000,0.5975,0.4025,0.0000,1.0000,1,0.037366,0.00016860,0.030024,37.389987,-0.239658
2025-08-07,2.9500,1.7500,1.6700,16.5700,58.4158,569.240000,512.293550,0.068446,0.000635,0,1,1,1,0,3,1,4,2.4000,2.3990,0.0000,0.6010,0.3990,0.0000,1.0000,1,0.010131,0.00016784,0.008109,37.693177,-0.233492
2025-08-08,2.9400,1.7400,1.6700,15.1500,59.6040,574.550000,512.693950,0.067626,-0.003798,0,1,1,1,1,4,3,3,2.2000,2.2011,0.0000,0.7989,0.2011,0.0000,1.0000,1,0.026967,0.00016784,0.020178,38.453733,-0.218026
2025-08-11,2.9400,1.7400,1.6700,16.2500,58.2178,572.850000,513.081100,0.067548,0.001103,0,1,1,1,0,3,1,4,2.2667,2.2661,0.0000,0.7339,0.2661,0.0000,1.0000,1,-0.008789,0.00016784,-0.007148,38.178884,-0.223615
2025-08-12,2.9300,1.7200,1.6700,14.7300,61.3861,580.050000,513.501550,0.067124,-0.023140,0,1,1,1,1,4,3,3,2.1111,2.1119,0.0000,0.8881,0.1119,-0.0000,1.0000,1,0.036891,0.00016860,0.027187,39.216852,-0.202508
2025-08-13,2.9000,1.7300,1.6700,14.4900,66.5347,580.340000,513.961450,0.067042,-0.033105,0,1,1,1,1,4,3,4,2.2074,2.2067,0.0000,0.7933,0.2067,0.0000,1.0000,1,0.001478,0.00016822,0.000430,39.233723,-0.202165
2025-08-14,2.8900,1.7100,1.6700,14.8300,63.3663,579.890000,514.399300,0.066571,-0.043753,0,1,1,1,1,4,3,4,2.2716,2.2721,0.0000,0.7279,0.2721,0.0000,1.0000,1,-0.002741,0.00016670,-0.001835,39.161738,-0.203628
2025-08-15,2.8800,1.7100,1.6700,15.0900,63.3663,577.340000,514.809400,0.066533,-0.050901,0,1,1,1,1,4,3,4,2.3144,2.3136,0.0000,0.6864,0.3136,0.0000,1.0000,1,-0.014165,0.00016708,-0.010870,38.736038,-0.212285
2025-08-18,2.8800,1.6900,1.6700,14.9900,63.3663,577.110000,515.217950,0.066260,-0.054594,0,1,1,1,1,4,3,4,2.3429,2.3432,0.0000,0.6568,0.3432,0.0000,1.0000,1,-0.001287,0.00016708,-0.000811,38.704605,-0.212924
2025-08-19,2.9000,1.7000,1.6700,15.5700,65.1485,569.280000,515.563550,0.067270,-0.022618,0,1,1,1,1,4,3,4,2.3620,2.3591,0.0000,0.6409,0.3591,0.0000,1.0000,1,-0.040799,0.00016822,-0.032260,37.456003,-0.238315
2025-08-20,2.9400,1.7100,1.6700,15.6900,65.5446,565.900000,515.911150,0.067520,-0.038841,0,1,1,1,1,4,3,4,2.3746,2.3737,0.0000,0.6263,0.3737,0.0000,1.0000,1,-0.018245,0.00016708,-0.014421,36.915865,-0.249299
2025-08-21,2.9500,1.7300,1.6700,16.6000,65.3465,563.280000,516.308300,0.067328,-0.027232,0,1,1,1,1,4,3,4,2.3831,2.3827,0.0000,0.6173,0.3827,0.0000,1.0000,1,-0.013909,0.00016708,-0.010943,36.511882,-0.257514
2025-08-22,2.8800,1.7200,1.6700,14.2200,70.6931,571.970000,516.731000,0.066666,-0.029548,0,1,1,1,1,4,3,4,2.3887,2.3917,0.0000,0.6083,0.3917,0.0000,1.0000,1,0.044976,0.00016784,0.036038,37.827688,-0.230757
2025-08-25,2.8000,1.7300,1.6700,14.7900,67.3267,570.320000,517.152550,0.066205,-0.039759,0,1,1,1,1,4,3,4,2.3925,2.3925,0.0000,0.6075,0.3925,0.0000,1.0000,1,-0.008741,0.00016594,-0.007070,37.560241,-0.236196
2025-08-26,2.7800,1.7000,1.6700,14.6200,66.5347,572.610000,517.554550,0.066077,-0.053852,0,1,1,1,1,4,3,4,2.3950,2.3961,0.0000,0.6039,0.3961,0.0000,1.0000,1,0.011608,0.00016670,0.009452,37.915272,-0.228976
2025-08-27,2.7800,1.7500,1.6700,14.8500,67.9208,573.490000,517.894100,0.065942,-0.053250,0,1,1,1,1,4,3,4,2.3967,2.3975,0.0000,0.6025,0.3975,0.0000,1.0000,1,0.004524,0.00016632,0.003480,38.047228,-0.226292
2025-08-28,2.7500,1.7700,1.6700,14.4300,67.1287,577.080000,518.211800,0.065208,-0.061564,0,1,1,1,1,4,3,4,2.3978,2.3990,0.0000,0.6010,0.3990,0.0000,1.0000,1,0.018234,0.00016556,0.014580,38.601940,-0.215012
2025-08-29,2.8200,1.7500,1.6700,15.3600,67.7228,570.400000,518.493100,0.065359,-0.040924,0,1,1,1,1,4,3,4,2.3985,2.3968,0.0000,0.6032,0.3968,0.0000,1.0000,1,-0.036030,0.00016556,-0.028785,37.490798,-0.237608
2025-09-02,2.9200,1.8000,1.6700,17.1700,65.7426,565.620000,518.752000,0.065629,-0.039909,0,1,1,1,1,4,3,4,2.3990,2.4008,0.0000,0.5992,0.4008,0.0000,1.0000,1,-0.025515,0.00016442,-0.020084,36.737829,-0.252920
2025-09-03,2.8800,1.8100,1.6700,16.3500,65.3465,570.070000,519.037800,0.065112,-0.041924,0,1,1,1,1,4,3,4,2.3993,2.3997,0.0000,0.6003,0.3997,0.0000,1.0000,1,0.023312,0.00016328,0.018461,37.416034,-0.239128
2025-09-04,2.8400,1.7800,1.6700,15.3000,66.5347,575.230000,519.352700,0.064495,-0.044512,0,1,1,1,1,4,3,4,2.3996,2.4014,0.0000,0.5986,0.4014,0.0000,1.0000,1,0.027045,0.00016251,0.021746,38.229696,-0.222582
2025-09-05,2.8300,1.8000,1.6700,15.1800,65.5446,576.060000,519.689550,0.064481,-0.040946,0,1,1,1,1,4,3,4,2.3997,2.3979,0.0000,0.6021,0.3979,0.0000,1.0000,1,0.003278,0.00016175,0.002670,38.331760,-0.220506
2025-09-08,2.8400,1.7800,1.6700,15.1100,65.7426,578.870000,520.101050,0.063668,-0.057803,0,1,1,1,1,4,3,4,2.3998,2.4000,0.0000,0.6000,0.4000,0.0000,1.0000,1,0.014267,0.00015832,0.011576,38.775503,-0.211483
2025-09-09,2.8700,1.7600,1.6700,15.0400,64.5545,580.510000,520.503500,0.063960,-0.061276,0,1,1,1,1,4,3,4,2.3999,2.4002,0.0000,0.5998,0.4002,0.0000,1.0000,1,0.008161,0.00015946,0.006503,39.027654,-0.206355
2025-09-10,2.8400,1.7500,1.6700,15.3500,63.1683,580.700000,520.889700,0.064872,-0.053177,0,1,1,1,1,4,3,4,2.3999,2.3987,0.0000,0.6013,0.3987,0.0000,1.0000,1,0.001065,0.00015946,0.000807,39.059150,-0.205715
2025-09-11,2.7800,1.7500,1.6700,14.7100,67.9208,584.080000,521.294250,0.064679,-0.041188,0,1,1,1,1,4,3,4,2.3999,2.4002,0.0000,0.5998,0.4002,0.0000,1.0000,1,0.016810,0.00015908,0.013531,39.587646,-0.194967
2025-09-12,2.7900,1.7400,1.6700,14.7600,65.7426,586.660000,521.702650,0.065028,-0.036118,0,1,1,1,1,4,3,4,2.4000,2.4006,0.0000,0.5994,0.4006,-0.0000,1.0000,1,0.012452,0.00015870,0.010148,39.989378,-0.186798
2025-09-15,2.7500,1.7000,1.6700,15.6900,63.9604,591.680000,522.132100,0.064835,-0.042433,0,1,1,1,1,4,3,4,2.4000,2.4012,0.0000,0.5988,0.4012,0.0000,1.0000,1,0.025527,0.00015870,0.020410,40.805567,-0.170200
2025-09-16,2.7900,1.6800,1.6700,16.3600,64.1584,591.180000,522.555050,0.063742,-0.068993,0,1,1,1,1,4,3,4,2.4000,2.3995,0.0000,0.6005,0.3995,0.0000,1.0000,1,-0.002721,0.00015794,-0.002436,40.706177,-0.172222
2025-09-17,2.7900,1.6900,1.6700,15.7200,64.1584,590.000000,522.958500,0.063981,-0.060077,0,1,1,1,1,4,3,4,2.4000,2.3996,0.0000,0.6004,0.3996,0.0000,1.0000,1,-0.006366,0.00015718,-0.005117,40.497904,-0.176457
2025-09-18,2.7100,1.7000,1.6700,15.7000,63.7624,595.320000,523.408600,0.063729,-0.056870,0,1,1,1,1,4,3,4,2.4000,2.4001,0.0000,0.5999,0.4001,0.0000,1.0000,1,0.026950,0.00015641,0.021869,41.383553,-0.158447
2025-09-19,2.7200,1.6800,1.6700,15.4500,63.1683,599.350000,523.856650,0.063997,-0.037915,0,1,1,1,1,4,3,4,2.4000,2.4009,0.0000,0.5991,0.4009,0.0000,1.0000,1,0.019806,0.00015679,0.015744,42.035106,-0.145197
2025-09-22,2.6900,1.6800,1.6700,16.1000,63.3663,602.200000,524.291200,0.063883,-0.040190,0,1,1,1,1,4,3,4,2.4000,2.4017,0.0000,0.5983,0.4017,0.0000,1.0000,1,0.016896,0.00015679,0.013738,42.612580,-0.133454
2025-09-23,2.7100,1.6700,1.6700,16.6400,64.1584,598.200000,524.697850,0.064565,-0.025554,1,1,1,1,1,5,5,4,2.4000,2.3983,0.0000,0.6017,0.3983,0.0000,1.0000,1,-0.020149,0.00015565,-0.016171,41.923504,-0.147467
2025-09-24,2.7000,1.6900,1.6700,16.1800,64.1584,596.100000,525.062050,0.065232,-0.013792,0,1,1,1,1,4,3,5,2.6000,2.5985,0.0000,0.4015,0.5985,0.0000,1.0000,1,-0.011695,0.00015565,-0.010343,41.489900,-0.156284
2025-09-25,2.7600,1.6800,1.6700,16.7400,62.1782,593.530000,525.420650,0.064904,-0.022939,0,1,1,1,1,4,3,4,2.5333,2.5338,0.0000,0.4662,0.5338,0.0000,1.0000,1,-0.013411,0.00015641,-0.011796,41.000484,-0.166237
2025-09-26,2.7500,1.6700,1.6700,15.2900,65.1485,595.970000,525.768100,0.065584,0.002016,1,1,1,1,0,4,3,4,2.4889,2.4896,0.0000,0.5104,0.4896,0.0000,1.0000,1,0.011994,0.00015718,0.010011,41.410932,-0.157890
2025-09-29,2.7400,1.6500,1.6700,16.1200,65.1485,598.730000,526.149850,0.065589,0.002472,1,1,1,1,0,4,3,4,2.4593,2.4591,0.0000,0.5409,0.4591,0.0000,1.0000,1,0.013333,0.00015641,0.011097,41.870473,-0.148545
2025-09-30,2.8000,1.6400,1.6700,16.2800,66.3366,600.370000,526.548700,0.065455,-0.009900,1,1,1,1,1,5,5,4,2.4395,2.4403,0.0000,0.5597,0.4403,0.0000,1.0000,1,0.007797,0.00015718,0.006201,42.130103,-0.143265
2025-10-01,2.8100,1.6700,1.6700,16.2900,66.5347,603.250000,526.915350,0.065861,0.007607,1,1,1,1,0,4,3,5,2.6263,2.6287,0.0000,0.3713,0.6287,0.0000,1.0000,1,0.014120,0.00015641,0.013429,42.695849,-0.131761
2025-10-02,2.8100,1.6900,1.6750,16.6300,65.5446,605.730000,527.311500,0.065666,0.000773,0,1,1,1,0,3,1,4,2.5509,2.5504,0.0000,0.4496,0.5504,0.0000,1.0000,1,0.012207,0.00015603,0.010799,43.156932,-0.122384
2025-10-03,2.8000,1.6800,1.6800,16.6500,66.7327,603.180000,527.674750,0.066429,0.007450,1,1,1,1,0,4,3,3,2.3006,2.2995,0.0000,0.7005,0.2995,0.0000,1.0000,1,-0.013567,0.00015641,-0.010320,42.711551,-0.131441
2025-10-06,2.7600,1.6600,1.6800,16.3700,66.5347,607.710000,528.022450,0.066832,0.011827,1,1,1,1,0,4,3,4,2.3337,2.3335,0.0000,0.6665,0.3335,0.0000,1.0000,1,0.022350,0.00015679,0.017227,43.447334,-0.116479
2025-10-07,2.8200,1.6500,1.6800,17.2400,66.1386,604.510000,528.366000,0.067387,0.018476,1,1,1,1,0,4,3,4,2.3558,2.3541,0.0000,0.6459,0.3541,0.0000,1.0000,1,-0.016162,0.00015641,-0.012724,42.894512,-0.127721
2025-10-08,2.8400,1.6700,1.6800,16.3000,64.7525,611.440000,528.840850,0.067448,0.025525,1,1,1,1,0,4,3,4,2.3705,2.3728,0.0000,0.6272,0.3728,0.0000,1.0000,1,0.033900,0.00015603,0.026848,44.046145,-0.104302
2025-10-09,2.9500,1.6800,1.6800,16.4300,63.7624,610.700000,529.323500,0.067473,0.028910,1,1,1,1,0,4,3,4,2.3804,2.3801,0.0000,0.6199,0.3801,0.0000,1.0000,1,-0.003949,0.00015603,-0.003117,43.908871,-0.107093
2025-10-10,3.1800,1.6900,1.6800,21.6600,56.4356,589.500000,529.677700,0.069064,0.055284,0,0,1,1,0,2,-1,4,2.3869,2.3777,0.0000,0.6223,0.3777,0.0000,1.0000,1,-0.104933,0.00015679,-0.083592,40.238421,-0.181734
2025-10-13,3.1800,1.7200,1.6800,19.0300,59.6040,602.010000,530.073400,0.068540,0.028751,0,1,1,1,0,3,1,2,1.9913,1.9913,0.0087,0.9913,0.0000,0.0000,1.0000,1,0.063459,0.00015641,0.048841,42.203705,-0.141769
2025-10-14,3.1100,1.7200,1.6800,20.8100,63.3663,598.000000,530.413600,0.069236,0.038192,0,0,1,1,0,2,-1,3,1.9275,1.9278,0.0722,0.9278,0.0000,0.0000,1.0000,1,-0.020343,0.00015641,-0.013586,41.630334,-0.153428
2025-10-15,2.9500,1.7100,1.6800,20.6400,62.9703,602.220000,530.776700,0.069832,0.034559,0,0,1,1,0,2,-1,2,1.6850,1.6843,0.3157,0.6843,0.0000,0.0000,1.0000,1,0.020469,0.00015641,0.013773,42.203689,-0.141769
2025-10-16,3.0400,1.6800,1.6800,25.3100,58.8119,599.990000,531.163850,0.069546,0.046941,1,0,1,1,0,3,1,2,1.5233,1.5212,0.4788,0.5212,0.0000,0.0000,1.0000,1,-0.011143,0.00015679,-0.004951,41.994718,-0.146019
2025-10-17,3.0400,1.7100,1.6800,20.7800,60.1980,603.930000,531.605450,0.068913,0.039000,0,0,1,1,0,2,-1,3,1.6156,1.6179,0.3821,0.6179,0.0000,0.0000,1.0000,1,0.019010,0.00015641,0.010716,42.444746,-0.136867
2025-10-20,2.9900,1.7000,1.6800,18.2300,64.5545,611.540000,532.107000,0.068181,0.029377,0,1,1,1,0,3,1,2,1.4770,1.4787,0.5213,0.4787,0.0000,0.0000,1.0000,1,0.037504,0.00015565,0.019213,43.260250,-0.120283
2025-10-21,2.9700,1.6800,1.6800,17.8700,66.3366,611.380000,532.612750,0.067489,0.029663,1,1,1,1,0,4,3,3,1.5847,1.5846,0.4154,0.5846,0.0000,0.0000,1.0000,1,-0.001112,0.00015450,-0.000486,43.239206,-0.120711
2025-10-22,3.0100,1.6700,1.6800,18.6000,65.1485,605.490000,533.047300,0.067685,0.017587,1,1,1,1,0,4,3,4,1.8565,1.8553,0.1447,0.8553,0.0000,0.0000,1.0000,1,-0.029414,0.00015412,-0.018174,42.453385,-0.136691
2025-10-23,2.9600,1.6900,1.6800,17.3000,66.5347,610.580000,533.477500,0.067234,0.001297,0,1,1,1,0,3,1,4,2.0376,2.0380,0.0000,0.9620,0.0380,0.0000,1.0000,1,0.025048,0.00015412,0.017572,43.199369,-0.121521
2025-10-24,2.8800,1.6600,1.6800,16.3700,64.9505,617.100000,533.987100,0.067471,-0.004695,1,1,1,1,1,5,5,3,1.9584,1.9585,0.0415,0.9585,0.0000,0.0000,1.0000,1,0.031151,0.00015374,0.020666,44.092106,-0.103367
2025-10-27,2.8000,1.6500,1.6800,15.7900,65.3465,628.090000,534.551200,0.066867,-0.034103,1,1,1,1,1,5,5,5,2.3056,2.3068,0.0000,0.6932,0.3068,0.0000,1.0000,1,0.053093,0.00015298,0.036986,45.722890,-0.070204
2025-10-28,2.8200,1.6300,1.6800,16.4200,62.3762,632.920000,535.179850,0.065591,-0.056369,1,1,1,1,1,5,5,5,2.5371,2.5382,0.0000,0.4618,0.5382,0.0000,1.0000,1,0.022846,0.00015145,0.018404,46.564382,-0.053092
2025-10-29,2.7600,1.6500,1.6800,16.9200,56.6337,635.770000,535.830900,0.065538,-0.051678,1,1,1,1,1,5,5,5,2.6914,2.6913,0.0000,0.3087,0.6913,0.0000,1.0000,1,0.012763,0.00015145,0.010967,47.075074,-0.042707
2025-10-30,2.8500,1.6100,1.6800,16.9100,55.8416,626.050000,536.435750,0.065987,-0.026468,1,1,1,1,1,5,5,5,2.7943,2.7926,0.0000,0.2074,0.7926,0.0000,1.0000,1,-0.045767,0.00015298,-0.042239,45.086662,-0.083142
2025-10-31,2.9400,1.6400,1.6800,17.4400,56.2376,629.070000,536.997600,0.065317,-0.049319,1,1,1,1,1,5,5,5,2.8628,2.8619,0.0000,0.1381,0.8619,0.0000,1.0000,1,0.014163,0.00015260,0.012657,45.657303,-0.071538
2025-11-03,3.0400,1.6900,1.6850,17.1700,55.6436,632.080000,537.592600,0.065231,-0.037981,0,1,1,1,1,4,3,5,2.9086,2.9082,0.0000,0.0918,0.9082,0.0000,1.0000,1,0.013708,0.00015145,0.012828,46.242996,-0.059628
2025-11-04,3.1300,1.7100,1.6900,19.0000,54.8515,619.250000,538.080150,0.065777,-0.027843,0,1,1,1,1,4,3,4,2.7390,2.7377,0.0000,0.2623,0.7377,0.0000,1.0000,1,-0.061190,0.00015489,-0.058300,43.547026,-0.114452
2025-11-05,3.0500,1.7200,1.6900,18.0100,55.6436,623.280000,538.572550,0.065564,-0.024501,0,1,1,1,1,4,3,4,2.6260,2.6278,0.0000,0.3722,0.6278,0.0000,1.0000,1,0.019445,0.00015412,0.016885,44.282313,-0.099499
2025-11-06,3.1300,1.7000,1.6900,19.5000,53.4653,611.670000,538.973350,0.065984,-0.016404,0,1,1,1,1,4,3,4,2.5507,2.5465,0.0000,0.4535,0.5465,0.0000,1.0000,1,-0.056076,0.00015412,-0.047927,42.159977,-0.142658
2025-11-07,3.1500,1.7200,1.6900,19.0800,55.8416,609.740000,539.358850,0.066836,0.004142,0,1,1,1,0,3,1,4,2.5005,2.5011,0.0000,0.4989,0.5011,0.0000,1.0000,1,-0.010385,0.00015298,-0.008863,41.786306,-0.150257
2025-11-10,3.0200,1.7500,1.6900,17.6000,56.8317,623.230000,539.826850,0.065787,-0.011872,0,1,1,1,1,4,3,3,2.2670,2.2683,0.0000,0.7317,0.2683,0.0000,1.0000,1,0.065513,0.00015260,0.052887,43.996255,-0.105316
2025-11-11,3.0200,1.7300,1.6900,17.2800,58.8119,621.570000,540.363650,0.065673,-0.009396,0,1,1,1,1,4,3,4,2.3113,2.3116,0.0000,0.6884,0.3116,0.0000,1.0000,1,-0.008251,0.00015374,-0.006066,43.729359,-0.110744
2025-11-12,3.0200,1.7300,1.6900,17.5100,59.0099,621.080000,540.860000,0.065791,-0.023489,0,1,1,1,1,4,3,4,2.3409,2.3397,0.0000,0.6603,0.3397,0.0000,1.0000,1,-0.002058,0.00015374,-0.001985,43.642535,-0.112509
2025-11-13,3.0900,1.7500,1.6900,20.0000,58.2178,608.400000,541.297850,0.065978,-0.024044,0,1,1,1,1,4,3,4,2.3606,2.3570,0.0000,0.6430,0.3570,0.0000,1.0000,1,-0.061766,0.00015374,-0.048463,41.527472,-0.155520
2025-11-14,3.0700,1.7700,1.6900,19.8300,57.6238,608.860000,541.726900,0.066049,-0.020084,0,1,1,1,1,4,3,4,2.3737,2.3774,0.0000,0.6226,0.3774,0.0000,1.0000,1,0.000764,0.00015412,0.001232,41.578620,-0.154480
2025-11-17,3.1300,1.7700,1.6950,22.3800,53.2673,603.660000,542.133750,0.067271,0.009360,0,0,1,1,0,2,-1,4,2.3825,2.3814,0.0000,0.6186,0.3814,0.0000,1.0000,1,-0.025683,0.00015374,-0.020397,40.730554,-0.171726
2025-11-18,3.2000,1.7700,1.7000,24.6900,53.8614,596.310000,542.524750,0.067583,0.021374,0,0,1,1,0,2,-1,2,1.9883,1.9883,0.0117,0.9883,0.0000,0.0000,1.0000,1,-0.036159,0.00015450,-0.026934,39.633518,-0.194035
2025-11-19,3.1700,1.7900,1.7000,23.6600,52.6733,599.870000,542.901750,0.066757,0.010571,0,0,1,1,0,2,-1,2,1.7255,1.7264,0.2736,0.7264,0.0000,0.0000,1.0000,1,0.017182,0.00015336,0.010078,40.032951,-0.185912
2025-11-20,3.1700,1.7900,1.7000,26.4200,49.3069,585.670000,543.195850,0.067445,0.023005,0,0,0,1,0,1,-3,2,1.5504,1.5395,0.4605,0.5395,0.0000,0.0000,1.0000,1,-0.071464,0.00015374,-0.033154,38.705712,-0.212902
2025-11-21,3.1900,1.8000,1.7000,23.4300,54.6535,590.070000,543.498200,0.066879,0.026013,0,0,1,1,0,2,-1,1,1.2336,1.2344,0.7656,0.2344,0.0000,-0.0000,1.0000,1,0.022174,0.00015336,0.009803,39.085158,-0.205186
2025-11-24,3.1500,1.8200,1.7000,20.5200,54.4554,605.160000,543.909400,0.066656,0.020571,0,0,1,1,0,2,-1,2,1.2224,1.2253,0.7747,0.2253,0.0000,0.0000,1.0000,1,0.075821,0.00015183,0.031423,40.313316,-0.180211
2025-11-25,3.1000,1.8000,1.7000,18.5600,58.2178,608.890000,544.307600,0.065783,0.002485,0,1,1,1,0,3,1,2,1.2149,1.2164,0.7836,0.2164,0.0000,0.0000,1.0000,1,0.018207,0.00015221,0.007241,40.605224,-0.174275
2025-11-26,3.0000,1.7900,1.7000,17.1900,59.2079,614.270000,544.739000,0.066200,0.017652,0,1,1,1,0,3,1,3,1.4099,1.4106,0.5894,0.4106,0.0000,0.0000,1.0000,1,0.026149,0.00015183,0.011193,41.059719,-0.165032
2025-11-28,2.9500,1.7800,1.7000,16.3500,61.1881,619.250000,545.193750,0.066309,0.029613,0,1,1,1,0,3,1,3,1.5400,1.5411,0.4589,0.5411,0.0000,0.0000,1.0000,1,0.021922,0.00015260,0.011551,41.533994,-0.155388
2025-12-01,2.9400,1.7800,1.7000,17.2400,58.6139,617.170000,545.600100,0.065055,0.009349,0,1,1,1,0,3,1,3,1.6266,1.6279,0.3721,0.6279,0.0000,0.0000,1.0000,1,-0.008984,0.00015107,-0.004561,41.344556,-0.159240
2025-12-02,2.9200,1.7800,1.7000,16.5900,57.8218,622.000000,546.019350,0.064473,0.013267,0,1,1,1,0,3,1,3,1.6844,1.6854,0.3146,0.6854,0.0000,0.0000,1.0000,1,0.023127,0.00014839,0.012992,41.881702,-0.148317
2025-12-03,2.8900,1.7600,1.7050,16.0800,59.8020,623.520000,546.440100,0.064045,0.001407,0,1,1,1,0,3,1,3,1.7230,1.7242,0.2758,0.7242,0.0000,0.0000,1.0000,1,0.007052,0.00014686,0.004018,42.049971,-0.144895
2025-12-04,2.8800,1.7700,1.7100,15.7800,60.1980,622.940000,546.857200,0.063867,-0.016251,0,1,1,1,1,4,3,3,1.7486,1.7480,0.2520,0.7480,0.0000,0.0000,1.0000,1,-0.003232,0.00014495,-0.002042,41.964092,-0.146641
2025-12-05,2.8500,1.7600,1.7100,15.4100,61.6601,625.480000,547.298450,0.063148,-0.024683,0,1,1,1,1,4,3,4,1.9658,1.9658,0.0342,0.9658,0.0000,0.0000,1.0000,1,0.011529,0.00014457,0.007543,42.280633,-0.140204
2025-12-08,2.8900,1.7400,1.7100,16.6600,57.3123,624.280000,547.789450,0.062490,-0.040586,0,1,1,1,1,4,3,4,2.1105,2.1101,0.0000,0.8899,0.1101,0.0000,1.0000,1,-0.006233,0.00014457,-0.005084,42.065694,-0.144575
2025-12-09,2.8900,1.7300,1.7100,16.9300,57.3123,625.050000,548.315350,0.062588,-0.035818,0,1,1,1,1,4,3,4,2.2070,2.2075,0.0000,0.7925,0.2075,0.0000,1.0000,1,0.003763,0.00014533,0.003250,42.202403,-0.141795
2025-12-10,2.9100,1.7300,1.7100,15.7700,60.0791,627.610000,548.886800,0.062146,-0.026085,0,1,1,1,1,4,3,4,2.2713,2.2725,0.0000,0.7275,0.2725,0.0000,1.0000,1,0.011427,0.00014533,0.008801,42.573813,-0.134242
2025-12-11,2.8800,1.7600,1.7100,14.8500,63.2411,625.580000,549.441900,0.062452,-0.024986,0,1,1,1,1,4,3,4,2.3142,2.3149,0.0000,0.6851,0.3149,0.0000,1.0000,1,-0.009532,0.00014380,-0.007223,42.266317,-0.140495
2025-12-12,2.9100,1.7300,1.7100,15.7400,64.0316,613.620000,550.008650,0.062823,-0.014636,0,1,1,1,1,4,3,4,2.3428,2.3396,0.0000,0.6604,0.3396,0.0000,1.0000,1,-0.058635,0.00014265,-0.045461,40.344828,-0.179570
2025-12-15,2.9100,1.7600,1.7100,16.5000,63.4387,610.540000,550.520500,0.063491,-0.008119,0,1,1,1,1,4,3,4,2.3619,2.3590,0.0000,0.6410,0.3590,0.0000,1.0000,1,-0.015146,0.00014150,-0.012075,39.857680,-0.189476
2025-12-16,2.9800,1.7700,1.7100,16.4800,61.4625,611.750000,551.094000,0.063399,-0.007712,0,1,1,1,1,4,3,4,2.3746,2.3760,0.0000,0.6240,0.3760,0.0000,1.0000,1,0.005959,0.00014227,0.004715,40.045610,-0.185655
2025-12-17,2.9900,1.7800,1.7100,17.6200,61.6601,600.410000,551.618300,0.063688,-0.013750,0,1,1,1,1,4,3,4,2.3831,2.3780,0.0000,0.6220,0.3780,0.0000,1.0000,1,-0.055991,0.00014189,-0.044579,38.260433,-0.221957
2025-12-18,2.9500,1.7800,1.7150,16.8700,61.0672,609.110000,552.153800,0.063831,-0.021974,0,1,1,1,1,4,3,4,2.3887,2.3884,0.0000,0.6116,0.3884,0.0000,1.0000,1,0.042713,0.00014189,0.034254,39.571003,-0.195306
2025-12-19,2.9000,1.7800,1.7200,14.9100,59.6838,617.050000,552.798050,0.062637,-0.036126,0,1,1,1,1,4,3,4,2.3925,2.3944,0.0000,0.6056,0.3944,0.0000,1.0000,1,0.039022,0.00014112,0.031168,40.804352,-0.170225
2025-12-22,2.8800,1.7600,1.7200,14.0800,61.8577,619.210000,553.435150,0.062015,-0.056309,0,1,1,1,1,4,3,4,2.3950,2.3943,0.0000,0.6057,0.3943,0.0000,1.0000,1,0.013640,0.00014112,0.010668,41.239637,-0.161373
2025-12-23,2.8300,1.7600,1.7200,14.0000,61.8577,622.110000,554.182050,0.061951,-0.057489,0,1,1,1,1,4,3,4,2.3967,2.3981,0.0000,0.6019,0.3981,0.0000,1.0000,1,0.014009,0.00014189,0.011371,41.708593,-0.151837
2025-12-24,2.8400,1.7400,1.7200,13.4700,62.4506,623.930000,554.943700,0.062009,-0.054558,0,1,1,1,1,4,3,4,2.3978,2.3983,0.0000,0.6017,0.3983,0.0000,1.0000,1,0.006362,0.00014227,0.005610,41.942596,-0.147078
2025-12-26,2.8600,1.7300,1.7200,13.6000,61.8577,623.890000,555.678550,0.061972,-0.060982,0,1,1,1,1,4,3,4,2.3985,2.3982,0.0000,0.6018,0.3982,0.0000,1.0000,1,-0.000903,0.00014380,-0.000773,41.910163,-0.147738
2025-12-29,2.8700,1.7500,1.7200,14.2000,63.0435,620.870000,556.441200,0.062310,-0.052528,0,1,1,1,1,4,3,4,2.3990,2.3993,0.0000,0.6007,0.3993,0.0000,1.0000,1,-0.014826,0.00014189,-0.011863,41.412972,-0.157849
2025-12-30,2.8400,1.7600,1.7200,14.3300,62.6482,619.430000,557.140050,0.062532,-0.060228,0,1,1,1,1,4,3,4,2.3993,2.3992,0.0000,0.6008,0.3992,0.0000,1.0000,1,-0.007157,0.00014342,-0.005780,41.173605,-0.162716
2025-12-31,2.8100,1.7500,1.7200,14.9500,60.2767,614.310000,557.797750,0.062603,-0.064254,0,1,1,1,1,4,3,4,2.3996,2.3974,0.0000,0.6026,0.3974,0.0000,1.0000,1,-0.025508,0.00014227,-0.020254,40.339672,-0.179675
2026-01-02,2.8300,1.7200,1.7200,14.5100,60.0791,613.120000,558.490650,0.063205,-0.063357,1,1,1,1,1,5,5,4,2.3997,2.3970,0.0000,0.6030,0.3970,0.0000,1.0000,1,-0.007018,0.00014304,-0.005444,40.120054,-0.184141
2026-01-05,2.8100,1.7400,1.7200,14.9000,61.4625,617.990000,559.176150,0.062089,-0.081177,0,1,1,1,1,4,3,5,2.5998,2.5993,0.0000,0.4007,0.5993,0.0000,1.0000,1,0.023878,0.00014227,0.018418,40.858980,-0.169114
2026-01-06,2.7900,1.7500,1.7250,14.7500,64.2292,623.420000,559.896950,0.062026,-0.083213,0,1,1,1,1,4,3,4,2.5332,2.5348,0.0000,0.4652,0.5348,0.0000,1.0000,1,0.026306,0.00014189,0.022384,41.773580,-0.150515
2026-01-07,2.7900,1.7400,1.7300,15.3800,60.0791,624.020000,560.612850,0.060718,-0.127605,0,1,1,1,1,4,3,4,2.4888,2.4892,0.0000,0.5108,0.4892,0.0000,1.0000,1,0.002909,0.00014150,0.002290,41.869245,-0.148570
2026-01-08,2.7600,1.7300,1.7300,15.4500,64.0316,620.470000,561.261900,0.060898,-0.115948,1,1,1,1,1,5,5,4,2.4592,2.4582,0.0000,0.5418,0.4582,0.0000,1.0000,1,-0.017763,0.00014112,-0.014500,41.262124,-0.160916
2026-01-09,2.7400,1.7300,1.7300,14.4900,65.6126,626.650000,561.927850,0.061247,-0.120926,1,1,1,1,1,5,5,5,2.6395,2.6414,0.0000,0.3586,0.6414,0.0000,1.0000,1,0.028972,0.00014112,0.025216,42.302582,-0.139758
2026-01-12,2.7400,1.7000,1.7300,15.1200,66.2055,627.170000,562.641800,0.061252,-0.128402,1,1,1,1,1,5,5,5,2.7596,2.7610,0.0000,0.2390,0.7610,0.0000,1.0000,1,0.002331,0.00014112,0.003005,42.429722,-0.137173
2026-01-13,2.7500,1.7000,1.7300,15.9800,65.6126,626.240000,563.364900,0.061764,-0.117511,1,1,1,1,1,5,5,5,2.8398,2.8395,0.0000,0.1605,0.8395,0.0000,1.0000,1,-0.005189,0.00014304,-0.004996,42.217752,-0.141483
2026-01-14,2.7600,1.6900,1.7300,16.7500,67.9842,619.550000,564.117950,0.062533,-0.096203,1,1,1,1,1,5,5,5,2.8932,2.8927,0.0000,0.1073,0.8927,0.0000,1.0000,1,-0.031835,0.00014304,-0.030356,40.936190,-0.167544
2026-01-15,2.7100,1.6800,1.7300,15.8400,68.7747,621.780000,564.882250,0.062998,-0.078386,1,1,1,1,1,5,5,5,2.9288,2.9283,0.0000,0.0717,0.9283,-0.0000,1.0000,1,0.010217,0.00014304,0.009540,41.326729,-0.159602
2026-01-16,2.6500,1.6500,1.7300,15.8600,68.3794,621.260000,565.625050,0.062733,-0.072614,1,1,1,1,1,5,5,5,2.9525,2.9522,0.0000,0.0478,0.9522,0.0000,1.0000,1,-0.004413,0.00014342,-0.004465,41.142208,-0.163355
2026-01-20,2.7300,1.6300,1.7300,20.0900,64.6245,608.060000,566.284600,0.063402,-0.064203,1,0,1,1,1,4,3,5,2.9683,2.9682,0.0000,0.0318,0.9682,0.0000,1.0000,1,-0.062985,0.00014304,-0.062065,38.588736,-0.215281
2026-01-21,2.6900,1.6500,1.7300,16.9000,67.7866,616.280000,567.112700,0.062766,-0.067797,1,1,1,1,1,5,5,4,2.7789,2.7807,0.0000,0.2193,0.7807,0.0000,1.0000,1,0.039424,0.00014418,0.036875,40.011699,-0.186344
2026-01-22,2.6400,1.6200,1.7300,15.6400,67.9842,620.760000,568.103150,0.061990,-0.082644,1,1,1,1,1,5,5,5,2.8526,2.8523,0.0000,0.1477,0.8523,0.0000,1.0000,1,0.022189,0.00014418,0.020423,40.828868,-0.169727
2026-01-23,2.6800,1.5900,1.7300,16.0900,67.1937,622.720000,569.098300,0.061750,-0.076971,1,1,1,1,1,5,5,5,2.9017,2.9021,0.0000,0.0979,0.9021,0.0000,1.0000,1,0.008905,0.00014457,0.008700,41.184083,-0.162503
2026-01-26,2.6900,1.6100,1.7300,16.1500,67.7866,625.460000,570.145300,0.061886,-0.056960,1,1,1,1,1,5,5,5,2.9345,2.9347,0.0000,0.0653,0.9347,0.0000,1.0000,1,0.012872,0.00014418,0.012553,41.701054,-0.151990
2026-01-27,2.7100,1.6100,1.7300,16.3500,67.5889,631.130000,570.970950,0.062445,-0.047744,1,1,1,1,1,5,5,5,2.9563,2.9564,0.0000,0.0436,0.9564,0.0000,1.0000,1,0.026507,0.00014304,0.025999,42.785237,-0.129943
2026-01-28,2.7200,1.6100,1.7300,16.3500,66.6008,633.220000,571.906150,0.062308,-0.057038,1,1,1,1,1,5,5,5,2.9709,2.9708,0.0000,0.0292,0.9708,0.0000,1.0000,1,0.009197,0.00014304,0.008984,43.169604,-0.122127
2026-01-29,2.7700,1.6200,1.7300,16.8800,65.6126,629.430000,572.781300,0.062432,-0.044949,1,1,1,1,1,5,5,5,2.9806,2.9805,0.0000,0.0195,0.9805,0.0000,1.0000,1,-0.017876,0.00014342,-0.017743,42.403660,-0.137703
2026-01-30,2.8000,1.6300,1.7300,17.4400,65.4150,621.870000,573.603250,0.062503,-0.042354,1,1,1,1,1,5,5,5,2.9871,2.9870,0.0000,0.0130,0.9870,0.0000,1.0000,1,-0.036403,0.00014304,-0.036217,40.867940,-0.168932
2026-02-02,2.8100,1.6200,1.7300,16.3400,64.2292,626.140000,574.444000,0.061288,-0.070285,1,1,1,1,1,5,5,5,2.9914,2.9915,0.0000,0.0085,0.9915,0.0000,1.0000,1,0.020370,0.00014304,0.020341,41.699243,-0.152027
2026-02-03,2.8500,1.6100,1.7300,18.0000,63.6364,616.520000,575.305700,0.062709,-0.044310,1,1,1,1,1,5,5,5,2.9942,2.9941,0.0000,0.0059,0.9941,0.0000,1.0000,1,-0.046824,0.00014380,-0.046744,39.750056,-0.191665
2026-02-04,2.8600,1.6300,1.7300,18.6400,67.9842,605.750000,576.113950,0.062781,-0.049691,1,1,1,1,1,5,5,5,2.9962,2.9961,0.0000,0.0039,0.9961,0.0000,1.0000,1,-0.052551,0.00014380,-0.052481,37.663918,-0.234087
2026-02-05,2.9700,1.6400,1.7300,21.7700,66.4032,597.030000,576.933550,0.063605,-0.048823,1,0,1,1,1,4,3,5,2.9974,2.9974,0.0000,0.0026,0.9974,0.0000,1.0000,1,-0.042605,0.00014380,-0.042557,36.061042,-0.266682
2026-02-06,2.8700,1.6700,1.7300,17.7600,68.5771,609.650000,577.759400,0.062770,-0.046485,1,1,1,1,1,5,5,4,2.7983,2.8006,0.0000,0.1994,0.8006,0.0000,1.0000,1,0.061923,0.00014304,0.058744,38.179407,-0.223605
2026-02-09,2.8400,1.6500,1.7300,17.3600,68.3794,614.320000,578.558200,0.062656,-0.046687,1,1,1,1,1,5,5,5,2.8655,2.8668,0.0000,0.1332,0.8668,0.0000,1.0000,1,0.022732,0.00014342,0.021910,39.015927,-0.206594
2026-02-10,2.8600,1.6400,1.7300,17.7900,68.3794,611.470000,579.278800,0.063862,-0.029693,1,1,1,1,1,5,5,5,2.9104,2.9099,0.0000,0.0901,0.9099,0.0000,1.0000,1,-0.013916,0.00014380,-0.013581,38.486066,-0.217369
2026-02-11,2.8400,1.6600,1.7300,17.6500,68.1818,613.110000,579.981550,0.064440,-0.024003,1,1,1,1,1,5,5,5,2.9402,2.9400,0.0000,0.0600,0.9400,0.0000,1.0000,1,0.007448,0.00014380,0.007065,38.757951,-0.211840
2026-02-12,2.9200,1.6700,1.7300,20.8200,66.0079,600.640000,580.622700,0.066420,0.005703,1,0,1,1,0,3,1,5,2.9602,2.9592,0.0000,0.0408,0.9592,0.0000,1.0000,1,-0.061089,0.00014418,-0.060332,36.419617,-0.259391
2026-02-13,2.9500,1.6800,1.7300,20.6000,66.2055,601.920000,581.254650,0.068207,0.014254,1,0,1,1,0,3,1,3,2.5734,2.5740,0.0000,0.4260,0.5740,0.0000,1.0000,1,0.004351,0.00014418,0.003335,36.541080,-0.256921
2026-02-17,2.9400,1.7200,1.7300,20.2900,65.2174,601.300000,581.883800,0.067921,0.005181,1,0,1,1,0,3,1,3,2.3156,2.3168,0.0000,0.6832,0.3168,0.0000,1.0000,1,-0.002476,0.00014342,-0.003878,36.399356,-0.259803
2026-02-18,2.8600,1.7000,1.7300,19.6200,67.3913,605.790000,582.504350,0.066459,-0.004622,1,1,1,1,1,5,5,3,2.1438,2.1445,0.0000,0.8555,0.1445,0.0000,1.0000,1,0.021510,0.00014380,0.015742,36.972359,-0.248150
2026-02-19,2.8800,1.6700,1.7300,20.2300,65.6126,603.470000,583.077550,0.067365,-0.001247,1,0,1,1,1,4,3,5,2.4292,2.4295,0.0000,0.5705,0.4295,0.0000,1.0000,1,-0.011338,0.00014418,-0.007852,36.682041,-0.254054
2026-02-20,2.8600,1.6800,1.7300,19.0900,67.1937,608.810000,583.691950,0.067200,0.005034,1,1,1,1,0,4,3,4,2.4194,2.4229,0.0000,0.5771,0.4229,0.0000,1.0000,1,0.025189,0.00014380,0.020535,37.435289,-0.238737
2026-02-23,2.9500,1.6900,1.7300,21.0100,64.6245,601.410000,584.291950,0.068407,0.026797,1,0,1,1,0,3,1,4,2.4130,2.4107,0.0000,0.5893,0.4107,0.0000,1.0000,1,-0.036356,0.00014380,-0.029219,36.341462,-0.260980
2026-02-24,2.9700,1.7300,1.7300,19.5500,65.0198,607.870000,584.914800,0.068670,0.044677,1,1,1,1,0,4,3,3,2.2086,2.2102,0.0000,0.7898,0.2102,0.0000,1.0000,1,0.031924,0.00014380,0.023216,37.185161,-0.243823
2026-02-25,2.9400,1.7300,1.7300,17.9300,64.8221,616.680000,585.556750,0.068326,0.032743,1,1,1,1,0,4,3,4,2.2724,2.2741,0.0000,0.7259,0.2741,0.0000,1.0000,1,0.041985,0.00014380,0.031927,38.372386,-0.219680
2026-02-26,2.9800,1.7300,1.7300,18.6300,67.1937,609.240000,586.163100,0.068446,0.032508,1,1,1,1,0,4,3,4,2.3150,2.3127,0.0000,0.6873,0.3127,0.0000,1.0000,1,-0.035088,0.00014380,-0.027042,37.334710,-0.240782
2026-02-27,3.1000,1.7500,1.7300,19.8600,67.1937,607.290000,586.660300,0.069578,0.070114,0,1,1,1,0,3,1,4,2.3433,2.3449,0.0000,0.6551,0.3449,0.0000,1.0000,1,-0.010589,0.00014342,-0.007618,37.050289,-0.246566
2026-03-02,3.0300,1.8000,1.7300,21.4400,66.0079,608.090000,587.122800,0.069014,0.070945,0,0,1,1,0,2,-1,3,2.1622,2.1643,0.0000,0.8357,0.1643,0.0000,1.0000,1,0.003635,0.00014304,-0.000224,37.041997,-0.246734
2026-03-03,3.0800,1.7800,1.7300,23.5700,62.2530,601.580000,587.537300,0.069187,0.079863,0,0,1,1,0,2,-1,2,1.8415,1.8427,0.1573,0.8427,0.0000,0.0000,1.0000,1,-0.032193,0.00014495,-0.026013,36.078431,-0.266329
2026-03-04,2.9700,1.7800,1.7300,21.1500,62.0553,610.750000,587.994800,0.068994,0.080365,0,0,1,1,0,2,-1,2,1.6276,1.6300,0.3700,0.6300,0.0000,0.0000,1.0000,1,0.044906,0.00014457,0.024988,36.979944,-0.247996
2026-03-05,3.0000,1.7400,1.7300,23.7500,59.4862,608.910000,588.431800,0.068838,0.089529,0,0,1,1,0,2,-1,2,1.4851,1.4857,0.5143,0.4857,0.0000,0.0000,1.0000,1,-0.009152,0.00014457,-0.005089,36.791759,-0.251823
2026-03-06,3.1300,1.7600,1.7300,29.4900,56.1265,599.750000,588.820500,0.069514,0.110557,0,0,1,1,0,2,-1,2,1.3901,1.3899,0.6101,0.3899,0.0000,0.0000,1.0000,1,-0.045382,0.00014418,-0.022423,35.966793,-0.268599
2026-03-09,3.1900,1.7500,1.7300,25.5000,56.7194,607.760000,589.257950,0.069073,0.102890,0,0,1,1,0,2,-1,2,1.3267,1.3317,0.6683,0.3317,0.0000,0.0000,1.0000,1,0.038915,0.00014380,0.017026,36.579155,-0.256146
2026-03-10,3.0600,1.7800,1.7300,24.9300,54.9407,607.770000,589.731600,0.068756,0.104744,0,0,1,1,0,2,-1,2,1.2845,1.2843,0.7157,0.2843,0.0000,0.0000,1.0000,1,0.000202,0.00014457,-0.000120,36.574752,-0.256236
2026-03-11,3.0900,1.7700,1.7300,24.2300,53.1621,607.690000,590.200050,0.068265,0.091354,0,0,1,1,0,2,-1,2,1.2563,1.2559,0.7441,0.2559,0.0000,0.0000,1.0000,1,-0.001012,0.00014457,-0.000085,36.571638,-0.256299
2026-03-12,3.1700,1.8400,1.7300,27.2900,50.0000,597.260000,590.640150,0.069814,0.108716,0,0,0,1,0,1,-3,2,1.2375,1.2359,0.7641,0.2359,0.0000,0.0000,1.0000,1,-0.051064,0.00014457,-0.021375,35.789927,-0.272196
2026-03-13,3.2800,1.8400,1.7300,27.1900,49.0119,593.720000,591.002650,0.070905,0.113623,0,0,0,1,0,1,-3,1,1.0250,1.0248,0.9752,0.0248,0.0000,0.0000,1.0000,1,-0.019218,0.00014495,-0.005479,35.593847,-0.276183
2026-03-16,3.2700,1.8300,1.7300,23.5100,50.3953,600.380000,591.410000,0.070640,0.112543,0,0,1,1,0,2,-1,1,0.8834,0.8834,0.8834,0.0000,0.0000,0.1166,0.8834,1,0.033312,0.00014495,0.011384,35.999041,-0.267943
2026-03-17,3.2200,1.8500,1.7300,22.3700,51.3834,603.310000,591.826900,0.070260,0.103107,0,0,1,1,0,2,-1,2,0.9889,0.9889,0.9889,0.0000,0.0000,0.0111,0.9889,1,0.014749,0.00014495,0.004337,36.155161,-0.264769
2026-03-18,3.2000,1.8500,1.7300,25.0900,48.0237,594.900000,592.205850,0.070650,0.104447,0,0,0,1,0,1,-3,2,1.0593,1.0586,0.9414,0.0586,0.0000,0.0000,1.0000,1,-0.042774,0.00014495,-0.014595,35.627465,-0.275499
2026-03-19,3.2700,1.8100,1.7300,24.0600,47.6285,593.020000,592.554900,0.070537,0.122266,0,0,0,1,0,1,-3,1,0.9062,0.9067,0.9067,0.0000,0.0000,0.0933,0.9067,1,-0.008894,0.00014533,-0.004260,35.475684,-0.278586
2026-03-20,3.2400,1.8100,1.7300,26.7800,44.6640,582.060000,592.828700,0.068844,0.104278,0,0,0,0,0,0,-5,1,0.8041,0.8017,0.8017,0.0000,0.0000,0.1983,0.8017,1,-0.057124,0.00014533,-0.015211,34.936065,-0.289559
2026-03-23,3.1900,1.7900,1.7300,26.1500,47.0356,588.000000,593.124850,0.068327,0.098038,0,0,0,0,0,0,-5,0,0.5361,0.5350,0.5350,0.0000,0.0000,0.4650,0.5350,1,0.034587,0.00014572,0.009313,35.261413,-0.282943
2026-03-24,3.1900,1.7900,1.7300,26.9500,47.6285,583.980000,593.420800,0.069032,0.107142,0,0,0,0,0,0,-5,0,0.3574,0.3571,0.3571,0.0000,0.0000,0.6429,0.3571,1,-0.021315,0.00014572,-0.003376,35.142380,-0.285364
2026-03-25,3.1700,1.7500,1.7350,25.3300,48.0237,587.820000,593.710300,0.068893,0.106252,0,0,0,0,0,0,-5,0,0.2383,0.2379,0.2379,0.0000,0.0000,0.7621,0.2379,1,0.017652,0.00014572,0.002689,35.236873,-0.283442
2026-03-26,3.2100,1.7600,1.7400,27.4400,46.6403,573.790000,593.925750,0.070269,0.119794,0,0,0,0,0,0,-5,0,0.1588,0.1568,0.1568,0.0000,0.0000,0.8432,0.1568,1,-0.071187,0.00014533,-0.004414,35.081339,-0.286605
2026-03-27,3.4200,1.7300,1.7400,31.0500,42.8854,562.580000,594.067600,0.071898,0.138249,1,0,0,0,0,1,-3,0,0.1059,0.1045,0.1045,0.0000,0.0000,0.8955,0.1045,1,-0.059423,0.00014533,-0.002228,35.003192,-0.288194
2026-03-30,3.4600,1.7800,1.7400,30.6100,42.4901,558.280000,594.196950,0.072662,0.148911,0,0,0,0,0,0,-5,1,0.2706,0.2674,0.2674,0.0000,0.0000,0.7326,0.2674,1,-0.022950,0.00014533,-0.003355,34.885743,-0.290583
2026-03-31,3.2800,1.7900,1.7400,25.2500,47.2332,577.180000,594.414550,0.070563,0.110816,0,0,0,0,0,0,-5,0,0.1804,0.1838,0.1838,0.0000,0.0000,0.8162,0.1838,1,0.100026,0.00014457,0.007100,35.133425,-0.285546
2026-04-01,3.1600,1.7900,1.7400,24.5400,47.6285,584.310000,594.701300,0.070371,0.127088,0,0,0,0,0,0,-5,0,0.1203,0.1208,0.1208,0.0000,0.0000,0.8792,0.1208,1,0.037188,0.00014418,0.002060,35.205798,-0.284074
2026-04-02,3.1700,1.7500,1.7400,23.8700,48.0237,584.980000,594.954750,0.070659,0.131943,0,0,0,0,0,0,-5,0,0.0802,0.0816,0.0816,0.0000,0.0000,0.9184,0.0816,1,0.002313,0.00014418,-0.000483,35.188779,-0.284420
2026-04-06,3.0500,1.7400,1.7400,24.1700,48.2213,588.500000,595.251850,0.070068,0.147146,1,0,0,0,0,1,-3,0,0.0535,0.0536,0.0536,0.0000,0.0000,0.9464,0.0536,1,0.017771,0.00014418,0.000508,35.206660,-0.284057
2026-04-07,3.1200,1.7000,1.7400,25.7800,48.0237,588.590000,595.549850,0.070189,0.145859,1,0,0,0,0,1,-3,1,0.2356,0.2365,0.2365,0.0000,0.0000,0.7635,0.2365,1,0.001134,0.00014495,0.001027,35.242809,-0.283322
2026-04-08,2.9400,1.7500,1.7400,21.0400,55.5336,606.090000,595.946150,0.069200,0.126467,0,0,1,1,0,2,-1,1,0.3571,0.3561,0.3561,0.0000,0.0000,0.6439,0.3561,1,0.087203,0.00014457,0.006623,35.476239,-0.278575
2026-04-09,2.9000,1.7300,1.7400,19.4900,55.9289,610.190000,596.338850,0.069347,0.129265,1,1,1,1,0,4,3,2,0.6381,0.6397,0.6397,0.0000,0.0000,0.3603,0.6397,1,0.020000,0.00014380,0.004428,35.633321,-0.275380
2026-04-10,2.9400,1.7300,1.7400,19.2300,53.5573,611.070000,596.695300,0.069114,0.116542,1,1,1,1,0,4,3,4,1.2254,1.2251,0.7749,0.2251,0.0000,0.0000,1.0000,1,0.004289,0.00014342,0.000155,35.638841,-0.275268
2026-04-13,2.9500,1.7200,1.7400,19.1200,56.1265,617.390000,597.076450,0.067614,0.080760,1,1,1,1,0,4,3,4,1.6169,1.6197,0.3803,0.6197,0.0000,0.0000,1.0000,1,0.030303,0.00014380,0.017192,36.251544,-0.262809
2026-04-14,2.8400,1.7200,1.7400,18.3600,57.3123,628.600000,597.488350,0.066915,0.062374,1,1,1,1,0,4,3,4,1.8779,1.8793,0.1207,0.8793,0.0000,0.0000,1.0000,1,0.054283,0.00014457,0.032567,37.432166,-0.238800
2026-04-15,2.8500,1.7000,1.7350,18.1700,55.5336,637.400000,597.934900,0.065748,0.048642,1,1,1,1,0,4,3,4,2.0520,2.0526,0.0000,0.9474,0.0526,0.0000,1.0000,1,0.041940,0.00014457,0.028356,38.493600,-0.217215
2026-04-16,2.8600,1.6900,1.7300,17.9400,53.9526,640.470000,598.379050,0.066058,0.043372,1,1,1,1,0,4,3,4,2.1680,2.1683,0.0000,0.8317,0.1683,0.0000,1.0000,1,0.014016,0.00014457,0.009742,38.868615,-0.209589
2026-04-17,2.8300,1.7100,1.7300,17.4800,60.8696,648.850000,598.888350,0.065001,0.036894,1,1,1,1,0,4,3,4,2.2453,2.2461,0.0000,0.7539,0.2461,0.0000,1.0000,1,0.038278,0.00014418,0.028211,39.965140,-0.187291
2026-04-20,2.8700,1.7200,1.7300,18.8700,60.0791,646.790000,599.368300,0.064553,0.042527,1,1,1,1,0,4,3,4,2.2969,2.2965,0.0000,0.7035,0.2965,0.0000,1.0000,1,-0.008705,0.00014418,-0.006781,39.694127,-0.192802
2026-04-21,2.8500,1.7200,1.7300,19.5000,57.1146,644.330000,599.808850,0.063842,0.034610,1,1,1,1,0,4,3,4,2.3313,2.3299,0.0000,0.6701,0.3299,0.0000,1.0000,1,-0.011708,0.00014457,-0.009228,39.327810,-0.200251
2026-04-22,2.8400,1.7000,1.7300,18.9200,57.7075,655.110000,600.324250,0.063090,0.019976,1,1,1,1,0,4,3,4,2.3542,2.3557,0.0000,0.6443,0.3557,0.0000,1.0000,1,0.048955,0.00014380,0.038523,40.842852,-0.169442
2026-04-23,2.8600,1.6900,1.7300,19.3100,56.3241,651.420000,600.819650,0.065058,0.042614,1,1,1,1,0,4,3,4,2.3694,2.3687,0.0000,0.6313,0.3687,0.0000,1.0000,1,-0.016442,0.00014380,-0.013151,40.305729,-0.180365
2026-04-24,2.8600,1.6800,1.7300,18.7100,55.5336,663.880000,601.357800,0.064683,0.039143,1,1,1,1,0,4,3,4,2.3796,2.3814,0.0000,0.6186,0.3814,0.0000,1.0000,1,0.056400,0.00014380,0.044870,42.114259,-0.143588
2026-04-27,2.8400,1.7000,1.7300,18.0200,55.9289,664.230000,601.901700,0.064586,0.035560,1,1,1,1,0,4,3,4,2.3864,2.3866,0.0000,0.6134,0.3866,0.0000,1.0000,1,0.001279,0.00014380,0.000875,42.151120,-0.142838
2026-04-28,2.8500,1.7000,1.7300,17.8300,55.9289,657.550000,602.418450,0.064986,0.040866,1,1,1,1,0,4,3,4,2.3909,2.3909,0.0000,0.6091,0.3909,0.0000,1.0000,1,-0.030332,0.00014342,-0.024107,41.134979,-0.163502
2026-04-29,2.8200,1.7000,1.7300,18.8100,54.3478,661.570000,602.945250,0.064195,0.048545,1,1,1,1,0,4,3,4,2.3940,2.3951,0.0000,0.6049,0.3951,0.0000,1.0000,1,0.018439,0.00014342,0.014730,41.740896,-0.151180
2026-04-30,2.8300,1.6900,1.7300,16.8900,57.9051,667.740000,603.500350,0.065191,0.041241,1,1,1,1,0,4,3,4,2.3960,2.3969,0.0000,0.6031,0.3969,0.0000,1.0000,1,0.027158,0.00014342,0.021438,42.635733,-0.132983
2026-05-01,2.7700,1.7000,1.7300,16.9900,57.3123,674.150000,604.084650,0.064594,0.030328,1,1,1,1,0,4,3,4,2.3973,2.3991,0.0000,0.6009,0.3991,0.0000,1.0000,1,0.027699,0.00014342,0.022529,43.596268,-0.113450
2026-05-04,2.7800,1.6900,1.7300,18.2900,53.9526,672.880000,604.640050,0.064581,0.016264,1,1,1,1,0,4,3,4,2.3982,2.3975,0.0000,0.6025,0.3975,0.0000,1.0000,1,-0.005972,0.00014342,-0.004709,43.390972,-0.117625
2026-05-05,2.7700,1.6900,1.7300,17.3800,54.9407,681.610000,605.241800,0.064067,0.021665,1,1,1,1,0,4,3,4,2.3988,2.4000,0.0000,0.6000,0.4000,0.0000,1.0000,1,0.038207,0.00014418,0.030636,44.720280,-0.090593
2026-05-06,2.7500,1.6500,1.7300,17.3900,56.5217,695.770000,605.899800,0.062290,-0.006180,1,1,1,1,1,5,5,4,2.3992,2.4018,0.0000,0.5982,0.4018,0.0000,1.0000,1,0.062027,0.00014380,0.049375,46.928346,-0.045691
2026-05-07,2.7900,1.6600,1.7300,17.0800,55.7312,694.940000,606.568250,0.061675,-0.036199,1,1,1,1,1,5,5,5,2.5995,2.5988,0.0000,0.4012,0.5988,0.0000,1.0000,1,-0.003214,0.00014380,-0.003179,46.779139,-0.048725
2026-05-08,2.8100,1.6500,1.7300,17.1900,53.7549,711.230000,607.305350,0.060627,-0.063071,1,1,1,1,1,5,5,5,2.7330,2.7359,0.0000,0.2641,0.7359,0.0000,1.0000,1,0.069246,0.00014380,0.062123,49.685178,0.000000
2026-05-11,2.7900,1.6500,1.7300,18.3800,54.7431,713.290000,608.046750,0.061058,-0.087610,1,1,1,1,1,5,5,5,2.8220,2.8226,0.0000,0.1774,0.8226,0.0000,1.0000,1,0.008915,0.00014380,0.008472,50.106089,0.000000
2026-05-12,2.8200,1.6500,1.7300,17.9900,54.3478,707.240000,608.751100,0.061218,-0.110944,1,1,1,1,1,5,5,5,2.8813,2.8811,0.0000,0.1189,0.8811,0.0000,1.0000,1,-0.025988,0.00014418,-0.024530,48.877003,-0.024530
2026-05-13,2.8200,1.6600,1.7300,17.8700,53.1621,714.710000,609.483950,0.060177,-0.123946,1,1,1,1,1,5,5,5,2.9209,2.9213,0.0000,0.0787,0.9213,0.0000,1.0000,1,0.030416,0.00014418,0.029464,50.317091,0.000000
2026-05-14,2.7600,1.6600,1.7300,17.2600,54.5455,719.790000,610.246600,0.060013,-0.105733,1,1,1,1,1,5,5,5,2.9473,2.9476,0.0000,0.0524,0.9476,0.0000,1.0000,1,0.022139,0.00014380,0.021721,51.410038,0.000000
2026-05-15,2.8000,1.6200,1.7300,18.4300,51.1858,708.930000,610.951150,0.059350,-0.128480,1,1,1,1,1,5,5,5,2.9648,2.9648,0.0000,0.0352,0.9648,0.0000,1.0000,1,-0.045725,0.00014380,-0.044970,49.098139,-0.044970
2026-05-18,2.8300,1.6200,1.7300,17.8200,52.7668,705.880000,611.655500,0.059487,-0.122979,1,1,1,1,1,5,5,5,2.9766,2.9764,0.0000,0.0236,0.9764,0.0000,1.0000,1,-0.013539,0.00014380,-0.013474,48.436601,-0.057838
2026-05-19,2.8600,1.5900,1.7300,18.0600,51.1858,701.530000,612.393750,0.060431,-0.125364,1,1,1,1,1,5,5,5,2.9844,2.9844,0.0000,0.0156,0.9844,0.0000,1.0000,1,-0.018703,0.00014342,-0.018529,47.539135,-0.075295
2026-05-20,2.8000,1.5700,1.7250,17.4400,54.5455,713.150000,613.139000,0.060047,-0.135409,1,1,1,1,1,5,5,5,2.9896,2.9897,0.0000,0.0103,0.9897,0.0000,1.0000,1,0.049088,0.00014304,0.048886,49.863136,-0.030089
2026-05-21,2.7800,1.5900,1.7200,16.7600,56.1265,714.510000,613.910200,0.060588,-0.121345,1,1,1,1,1,5,5,5,2.9931,2.9931,0.0000,0.0069,0.9931,0.0000,1.0000,1,0.005751,0.00014227,0.005754,50.150042,-0.024509
2026-05-22,2.7400,1.5900,1.7200,16.7000,57.1992,717.540000,614.661300,0.060820,-0.120523,1,1,1,1,1,5,5,5,2.9954,2.9954,0.0000,0.0046,0.9954,0.0000,1.0000,1,0.011566,0.00014342,0.011537,50.728642,-0.013254
2026-05-26,2.7200,1.5700,1.7200,17.0100,57.9882,730.280000,615.466500,0.060392,-0.144453,1,1,1,1,1,5,5,5,2.9969,2.9969,0.0000,0.0031,0.9969,0.0000,1.0000,1,0.052801,0.00014342,0.052728,53.403452,0.000000
2026-05-27,2.7100,1.5600,1.7200,16.2900,58.5799,729.450000,616.241000,0.060150,-0.140436,1,1,1,1,1,5,5,5,2.9979,2.9979,0.0000,0.0021,0.9979,0.0000,1.0000,1,-0.003417,0.00014342,-0.003418,53.220899,-0.003418
2026-05-28,2.7200,1.5700,1.7200,15.7400,57.9882,735.600000,617.054750,0.059144,-0.161005,1,1,1,1,1,5,5,5,2.9986,2.9986,0.0000,0.0014,0.9986,-0.0000,1.0000,1,0.024611,0.00014342,0.024600,54.530124,0.000000
2026-05-29,2.7200,1.5700,1.7200,15.3200,56.0158,738.310000,617.846050,0.058719,-0.164433,1,1,1,1,1,5,5,5,2.9991,2.9991,0.0000,0.0009,0.9991,0.0000,1.0000,1,0.010516,0.00014380,0.010512,55.103321,0.000000
2026-06-01,2.7200,1.5700,1.7200,16.0500,54.0434,742.740000,618.658050,0.056820,-0.194379,1,1,1,1,1,5,5,5,2.9994,2.9994,0.0000,0.0006,0.9994,0.0000,1.0000,1,0.017502,0.00014380,0.017499,56.067596,0.000000
2026-06-02,2.7100,1.5400,1.7200,15.7700,54.0434,746.160000,619.489400,0.057796,-0.190435,1,1,1,1,1,5,5,5,2.9996,2.9996,0.0000,0.0004,0.9996,0.0000,1.0000,1,0.013715,0.00014725,0.013713,56.836432,0.000000
2026-06-03,2.7500,1.5400,1.7200,16.0600,53.8462,744.210000,620.323750,0.057952,-0.179028,1,1,1,1,1,5,5,5,2.9997,2.9997,0.0000,0.0003,0.9997,0.0000,1.0000,1,-0.007567,0.00014686,-0.007567,56.406363,-0.007567
2026-06-04,2.7400,1.5400,1.7200,15.4000,56.8047,740.610000,621.141250,0.058038,-0.174276,1,1,1,1,1,5,5,5,2.9998,2.9998,0.0000,0.0002,0.9998,0.0000,1.0000,1,-0.015481,0.00014725,-0.015478,55.533281,-0.022928
2026-06-05,2.7600,1.5400,1.7200,21.5100,58.3826,705.060000,621.820150,0.060132,-0.129937,1,0,1,1,1,4,3,5,2.9999,2.9999,0.0000,0.0001,0.9999,0.0000,1.0000,1,-0.142807,0.00014725,-0.142801,47.603100,-0.162454
2026-06-08,2.7500,1.5100,1.7200,18.9200,55.8185,716.070000,622.571000,0.058873,-0.173926,1,1,1,1,1,5,5,4,2.7999,2.7995,0.0000,0.2005,0.7995,0.0000,1.0000,1,0.044079,0.00014725,0.044565,49.724542,-0.125129
2026-06-09,2.7800,1.5200,1.7200,19.8700,58.7771,707.830000,623.293750,0.059670,-0.176339,1,1,1,1,1,5,5,5,2.8666,2.8643,0.0000,0.1357,0.8643,0.0000,1.0000,1,-0.033434,0.00014801,-0.032677,48.099708,-0.153717
2026-06-10,2.8000,1.5300,1.7200,22.2200,56.6075,693.690000,623.902350,0.060654,-0.153281,1,0,1,1,1,4,3,5,2.9111,2.9102,0.0000,0.0898,0.9102,0.0000,1.0000,1,-0.060364,0.00014763,-0.058136,45.303405,-0.202916
2026-06-11,2.7800,1.5300,1.7200,19.4400,59.5661,717.120000,624.636350,0.059708,-0.165189,1,1,1,1,1,5,5,4,2.7407,2.7450,0.0000,0.2550,0.7450,0.0000,1.0000,1,0.097300,0.00014763,0.090260,49.392504,-0.130971
2026-06-12,2.7100,1.5500,1.7200,17.6800,61.5385,721.340000,625.380000,0.060034,-0.168513,1,1,1,1,1,5,5,5,2.8271,2.8279,0.0000,0.1721,0.8279,0.0000,1.0000,1,0.019866,0.00014725,0.018548,50.308643,-0.114852
2026-06-15,2.6600,1.5300,1.7150,16.2000,60.9467,744.000000,626.232550,0.059272,-0.182705,1,1,1,1,1,5,5,5,2.8848,2.8853,0.0000,0.1147,0.8853,0.0000,1.0000,1,0.091202,0.00014725,0.086482,54.659411,-0.038303
2026-06-16,2.7100,1.5300,1.7100,16.4100,61.9329,729.860000,626.996450,0.060054,-0.147716,1,1,1,1,1,5,5,5,2.9232,2.9219,0.0000,0.0781,0.9219,0.0000,1.0000,1,-0.055089,0.00014763,-0.053732,51.722440,-0.089977
2026-06-17,2.6300,1.5500,1.7100,18.4400,58.1854,722.510000,627.757000,0.060003,-0.137727,1,1,1,1,1,5,5,5,2.9488,2.9479,0.0000,0.0521,0.9479,0.0000,1.0000,1,-0.029901,0.00014763,-0.029583,50.192346,-0.116898
2026-06-18,2.6600,1.5000,1.7100,16.4000,58.9744,740.620000,628.632000,0.059941,-0.150556,1,1,1,1,1,5,5,5,2.9659,2.9659,0.0000,0.0341,0.9659,0.0000,1.0000,1,0.068739,0.00014916,0.067623,53.586481,-0.057181
2026-06-22,2.6500,1.5100,1.7100,17.2800,57.9882,737.950000,629.471400,0.060076,-0.145037,1,1,1,1,1,5,5,5,2.9772,2.9771,0.0000,0.0229,0.9771,0.0000,1.0000,1,-0.003499,0.00014916,-0.003529,53.397381,-0.060508
2026-06-23,2.7100,1.5100,1.7100,19.4900,60.7495,713.650000,630.163500,0.061438,-0.142910,1,1,1,1,1,5,5,5,2.9848,2.9848,0.0000,0.0152,0.9848,0.0000,1.0000,1,-0.098571,0.00014992,-0.097858,48.172041,-0.152444
2026-06-24,2.7600,1.5100,1.7100,18.6300,62.3274,710.620000,630.836300,0.062108,-0.157463,1,1,1,1,1,5,5,5,2.9899,2.9898,0.0000,0.0102,0.9898,-0.0000,1.0000,1,-0.015314,0.00014992,-0.015259,47.436990,-0.165377
2026-06-25,2.7800,1.5200,1.7100,18.8900,61.7357,716.380000,631.523850,0.062440,-0.163447,1,1,1,1,1,5,5,5,2.9933,2.9932,0.0000,0.0068,0.9932,0.0000,1.0000,1,0.022510,0.00014992,0.022394,48.499293,-0.146687
2026-06-26,2.8300,1.5400,1.7100,18.4100,63.3136,706.520000,632.153900,0.063375,-0.114181,1,1,1,1,1,5,5,5,2.9955,2.9955,0.0000,0.0045,0.9955,0.0000,1.0000,1,-0.041628,0.00014954,-0.041543,46.484498,-0.182136
2026-06-29,2.8000,1.5600,1.7100,17.6500,61.7357,724.080000,632.870800,0.062105,-0.132835,1,1,1,1,1,5,5,5,2.9970,2.9970,0.0000,0.0030,0.9970,0.0000,1.0000,1,0.074621,0.00014916,0.074535,49.949200,-0.121176
2026-06-30,2.7500,1.5500,1.7100,16.4500,60.5523,736.400000,633.632400,0.060715,-0.160244,1,1,1,1,1,5,5,5,2.9980,2.9980,0.0000,0.0020,0.9980,0.0000,1.0000,1,0.049359,0.00015069,0.049325,52.412936,-0.077829
2026-07-01,2.7400,1.5300,1.7050,16.5900,61.5385,725.170000,634.324950,0.060033,-0.162097,1,1,1,1,1,5,5,5,2.9987,2.9987,0.0000,0.0013,0.9987,0.0000,1.0000,1,-0.043704,0.00015069,-0.043679,50.123570,-0.118108
2026-07-02,2.7500,1.5400,1.7000,16.1500,65.6805,712.600000,634.929550,0.061441,-0.140812,1,1,1,1,1,5,5,5,2.9991,2.9991,0.0000,0.0009,0.9991,0.0000,1.0000,1,-0.053060,0.00014992,-0.053043,47.464843,-0.164887
2026-07-06,2.7200,1.5400,1.7000,15.5700,64.8915,722.820000,635.587750,0.060297,-0.142982,1,1,1,1,1,5,5,5,2.9994,2.9994,0.0000,0.0006,0.9994,0.0000,1.0000,1,0.041854,0.00014877,0.041843,49.450893,-0.129944
2026-07-07,2.6700,1.5600,1.7000,16.1300,66.2722,709.430000,636.184900,0.061120,-0.130472,1,1,1,1,1,5,5,5,2.9996,2.9996,0.0000,0.0004,0.9996,0.0000,1.0000,1,-0.054829,0.00015069,-0.054819,46.740023,-0.177640
2026-07-08,2.7000,1.5500,1.7000,16.9000,64.1026,711.440000,636.765500,0.060853,-0.131119,1,1,1,1,1,5,5,5,2.9997,2.9997,0.0000,0.0003,0.9997,0.0000,1.0000,1,0.006784,0.00015030,0.006784,47.057125,-0.172061
2026-07-09,2.7000,1.5600,1.7000,15.8400,64.1026,723.280000,637.385150,0.060036,-0.122788,1,1,1,1,1,5,5,5,2.9998,2.9998,0.0000,0.0002,0.9998,0.0000,1.0000,1,0.049780,0.00015069,0.049776,49.399449,-0.130849
2026-07-10,2.6900,1.5600,1.7000,15.0300,65.6805,725.510000,638.001700,0.060150,-0.109914,1,1,1,1,1,5,5,5,2.9999,2.9999,0.0000,0.0001,0.9999,0.0000,1.0000,1,0.009039,0.00014916,0.009038,49.845938,-0.122993
2026-07-13,2.6900,1.5800,1.7000,17.1600,66.6667,711.740000,638.569400,0.061028,-0.076854,1,1,1,1,1,5,5,5,2.9999,2.9999,0.0000,0.0001,0.9999,0.0000,1.0000,1,-0.056991,0.00014992,-0.056989,47.005271,-0.172973
2026-07-14,2.7200,1.5600,1.7000,16.5000,64.6943,719.690000,639.187350,0.060772,-0.085741,1,1,1,1,1,5,5,5,2.9999,2.9999,0.0000,0.0001,0.9999,-0.0000,1.0000,1,0.032764,0.00015145,0.032763,48.545326,-0.145877
2026-07-15,2.7100,1.6000,1.7000,15.6700,64.2998,717.740000,639.808400,0.059909,-0.083267,1,1,1,1,1,5,5,5,3.0000,3.0000,0.0000,0.0000,1.0000,0.0000,1.0000,1,-0.007731,0.00014954,-0.007731,48.170008,-0.152480
2026-07-16,2.7100,1.6000,1.7000,16.7300,69.4280,705.940000,640.358250,0.060569,-0.065382,1,1,1,1,1,5,5,5,3.0000,3.0000,0.0000,0.0000,1.0000,0.0000,1.0000,1,-0.049704,0.00014916,-0.049704,45.775766,-0.194605
2026-07-17,2.7300,1.5900,1.7000,18.7700,66.0750,695.330000,640.841250,0.060770,-0.050795,1,1,1,1,1,5,5,5,3.0000,3.0000,0.0000,0.0000,1.0000,0.0000,1.0000,1,-0.045377,0.00014954,-0.045377,43.698598,-0.231152
2026-07-20,2.6900,1.5900,1.7000,18.6500,64.1026,696.060000,641.319700,0.060559,-0.041859,1,1,1,1,1,5,5,5,3.0000,3.0000,0.0000,0.0000,1.0000,0.0000,1.0000,1,0.001777,0.00014992,0.001777,43.776248,-0.229785
2026-07-21,2.6900,1.6100,1.7000,17.0500,63.5108,708.970000,641.848300,0.060031,-0.081606,1,1,1,1,1,5,5,5,3.0000,3.0000,0.0000,0.0000,1.0000,0.0000,1.0000,1,0.054989,0.00015030,0.054989,46.183448,-0.187432
2026-07-22,2.6800,1.6000,1.7000,16.6400,64.2998,705.350000,642.346400,0.061452,-0.052294,1,1,1,1,1,5,5,5,3.0000,3.0000,0.0000,0.0000,1.0000,0.0000,1.0000,1,-0.015273,0.00015069,-0.015272,45.478112,-0.199842
2026-07-23,2.7700,1.5800,1.7000,18.7000,64.2998,691.960000,642.790300,0.062573,-0.032174,1,1,1,1,1,5,5,5,3.0000,3.0000,0.0000,0.0000,1.0000,0.0000,1.0000,1,-0.056631,0.00015145,-0.056631,42.902662,-0.245156
2026-07-24,2.7900,1.5800,1.7000,18.5800,65.6805,684.230000,643.172900,0.062645,-0.037410,1,1,1,1,1,5,5,5,3.0000,3.0000,0.0000,0.0000,1.0000,0.0000,1.0000,1,-0.034691,0.00015374,-0.034691,41.414335,-0.271342
2026-07-27,2.8100,1.5900,1.7000,18.6700,68.6391,682.120000,643.560950,0.061806,-0.038660,1,1,1,1,1,5,5,5,3.0000,3.0000,0.0000,0.0000,1.0000,0.0000,1.0000,1,-0.009375,0.00015412,-0.009375,41.026076,-0.278173
2026-07-28,2.8400,1.6100,1.7000,18.2100,71.4004,675.490000,643.881200,0.061442,-0.059279,1,1,1,1,1,5,5,5,3.0000,3.0000,0.0000,0.0000,1.0000,0.0000,1.0000,1,-0.029022,0.00015412,-0.029022,39.835414,-0.299122
2026-07-29,2.8700,1.6200,1.7000,20.6600,68.6391,661.730000,644.136350,0.061566,-0.047456,1,0,1,1,1,4,3,5,3.0000,3.0000,0.0000,0.0000,1.0000,0.0000,1.0000,1,-0.061891,0.00015183,-0.061891,37.369968,-0.342500
2026-07-30,2.8400,1.6000,1.7000,17.0900,68.0473,683.550000,644.606600,0.060214,-0.069857,1,1,1,1,1,5,5,4,2.8000,2.8015,0.0000,0.1985,0.8015,-0.0000,1.0000,1,0.096104,0.00014916,0.093938,40.880414,-0.280736
2026-07-31,2.8500,1.6400,1.7000,15.9900,66.0750,687.990000,645.036500,0.059368,-0.075700,1,1,1,1,1,5,5,5,2.8667,2.8661,0.0000,0.1339,0.8661,0.0000,1.0000,1,0.020853,0.00014877,0.018739,41.646492,-0.267257
2026-08-03,2.7800,1.6300,1.7000,15.8600,68.6391,700.070000,645.546850,0.058548,-0.062021,1,1,1,1,1,5,5,5,2.9111,2.9124,0.0000,0.0876,0.9124,0.0000,1.0000,1,0.051687,0.00014916,0.050204,43.737300,-0.230471
2026-08-04,2.7300,1.6100,1.7000,16.5000,70.6114,723.850000,646.155000,0.057187,-0.076719,1,1,1,1,1,5,5,5,2.9407,2.9418,0.0000,0.0582,0.9418,0.0000,1.0000,1,0.100942,0.00015221,0.098587,48.049229,-0.154605
2026-08-05,2.7500,1.6400,1.7000,15.8100,70.0197,717.300000,646.741550,0.056717,-0.067316,1,1,1,1,1,5,5,5,2.9605,2.9600,0.0000,0.0400,0.9600,0.0000,1.0000,1,-0.026464,0.00015145,-0.026196,46.790513,-0.176751
2026-08-06,2.7100,1.6200,1.7000,15.1500,69.4280,714.650000,647.295150,0.056443,-0.078568,1,1,1,1,1,5,5,5,2.9737,2.9738,0.0000,0.0262,0.9738,0.0000,1.0000,1,-0.011120,0.00015145,-0.010901,46.280463,-0.185725
2026-08-07,2.7000,1.6100,1.6950,14.9000,72.1893,723.030000,647.852600,0.056398,-0.082486,1,1,1,1,1,5,5,5,2.9824,2.9825,0.0000,0.0175,0.9825,0.0000,1.0000,1,0.033875,0.00015183,0.033616,47.836246,-0.158352
2026-08-10,2.7000,1.6400,1.6900,15.4600,70.6114,720.870000,648.400050,0.055793,-0.075859,1,1,1,1,1,5,5,5,2.9883,2.9883,0.0000,0.0117,0.9883,0.0000,1.0000,1,-0.008997,0.00015069,-0.008963,47.407474,-0.165896
2026-08-11,2.7200,1.6200,1.6900,15.2800,70.6114,718.450000,648.964850,0.056621,-0.058211,1,1,1,1,1,5,5,5,2.9922,2.9921,0.0000,0.0079,0.9921,0.0000,1.0000,1,-0.010027,0.00015145,-0.010018,46.932540,-0.174253
2026-08-12,2.7100,1.6400,1.6900,14.5500,69.0335,723.700000,649.530450,0.056752,-0.045761,1,1,1,1,1,5,5,5,2.9948,2.9948,0.0000,0.0052,0.9948,0.0000,1.0000,1,0.021079,0.00015145,0.021016,47.918851,-0.156899
2026-08-13,2.7100,1.6600,1.6900,14.6300,72.5838,732.070000,650.105300,0.056615,-0.050835,1,1,1,1,1,5,5,5,2.9965,2.9966,0.0000,0.0034,0.9966,0.0000,1.0000,1,0.034182,0.00015069,0.034139,49.554734,-0.128117
2026-08-14,2.6700,1.6700,1.6900,14.2500,72.5838,731.070000,650.620200,0.057076,-0.058750,1,1,1,1,1,5,5,5,2.9977,2.9977,0.0000,0.0023,0.9977,0.0000,1.0000,1,-0.004666,0.00015069,-0.004665,49.323566,-0.132184
2026-08-17,2.7000,1.6900,1.6900,15.1900,68.4418,729.870000,651.104950,0.057178,-0.049802,1,1,1,1,1,5,5,5,2.9985,2.9985,0.0000,0.0015,0.9985,-0.0000,1.0000,1,-0.005079,0.00015030,-0.005078,49.073084,-0.136591
2026-08-18,2.7500,1.6900,1.6900,15.8400,68.1102,717.510000,651.513650,0.057359,-0.055074,1,1,1,1,1,5,5,5,2.9990,2.9990,0.0000,0.0010,0.9990,0.0000,1.0000,1,-0.050654,0.00015069,-0.050631,46.588473,-0.180306
2026-08-19,2.7300,1.6800,1.6900,14.8900,72.0472,716.080000,651.963800,0.057239,-0.060737,1,1,1,1,1,5,5,5,2.9993,2.9993,0.0000,0.0007,0.9993,0.0000,1.0000,1,-0.006480,0.00015030,-0.006480,46.286578,-0.185618
2026-08-20,2.7500,1.6400,1.6900,16.0100,70.4724,710.930000,652.373100,0.057396,-0.050415,1,1,1,1,1,5,5,5,2.9995,2.9995,0.0000,0.0005,0.9995,0.0000,1.0000,1,-0.021926,0.00015030,-0.021921,45.271910,-0.203470
2026-08-21,2.7000,1.6400,1.6900,15.1300,69.6850,713.440000,652.779900,0.055856,-0.072838,1,1,1,1,1,5,5,5,2.9997,2.9997,0.0000,0.0003,0.9997,0.0000,1.0000,1,0.009790,0.00015069,0.009788,45.715037,-0.195674
2026-08-24,2.6900,1.6300,1.6900,15.8500,72.4409,706.320000,653.215250,0.056610,-0.043348,1,1,1,1,1,5,5,5,2.9998,2.9998,0.0000,0.0002,0.9998,0.0000,1.0000,1,-0.030350,0.00015107,-0.030347,44.327710,-0.220083
2026-08-25,2.7000,1.6300,1.6900,15.4500,70.8661,710.720000,653.652450,0.056547,-0.037454,1,1,1,1,1,5,5,5,2.9999,2.9999,0.0000,0.0001,0.9999,0.0000,1.0000,1,0.018258,0.00015069,0.018257,45.136999,-0.205844
2026-08-26,2.6700,1.6200,1.6900,15.2100,70.6693,711.370000,654.150950,0.056796,-0.000427,1,1,1,1,1,5,5,5,2.9999,2.9999,0.0000,0.0001,0.9999,0.0000,1.0000,1,0.002846,0.00015030,0.002846,45.265468,-0.203584
2026-08-27,2.6300,1.6100,1.6900,14.5100,69.6850,721.110000,654.707800,0.055998,-0.031581,1,1,1,1,1,5,5,5,2.9999,2.9999,0.0000,0.0001,0.9999,0.0000,1.0000,1,0.040159,0.00014992,0.040158,47.083237,-0.171601
