date,hy_oas,credit_baa10y,credit_med252,vix,breadth_pct,qqq_close,qqq_200dma,xlu_spy_ratio,xlu_spy_rel60,credit_ok,vix_ok,breadth_ok,trend_ok,utilities_ok,score,net_score,signal_score_used,target_leverage,actual_leverage,w_qqq,w_qld,w_tqqq,w_cash,risk_frac,traded_flag,tqqq_ret,tbill_ret,portfolio_ret,equity_curve,drawdown
2010-02-12,,2.7000,3.0150,22.7300,79.4045,43.760000,40.620225,0.133330,-0.003743,1,0,1,1,1,4,3,4,3.0000,3.0000,0.0000,0.0000,1.0000,-0.0000,1.0000,1,0.004092,0.00000436,0.031976,1.031976,0.000000
2010-02-16,,2.7200,3.0100,22.2500,83.6228,44.320000,40.670425,0.133543,-0.001063,1,0,1,1,1,4,3,4,3.0000,3.0000,0.0000,0.0000,1.0000,-0.0000,1.0000,0,0.038736,0.00000397,0.038736,1.071951,0.000000
2010-02-17,,2.7300,3.0100,21.7200,83.3747,44.570000,40.721425,0.132369,-0.000760,1,0,1,1,1,4,3,4,3.0000,3.0000,0.0000,0.0000,1.0000,-0.0000,1.0000,0,0.016970,0.00000397,0.016970,1.090142,0.000000
2010-02-18,,2.7300,3.0050,20.6300,85.3598,44.850000,40.770425,0.132314,-0.002027,1,0,1,1,1,4,3,4,3.0000,3.0000,0.0000,0.0000,1.0000,-0.0000,1.0000,0,0.018958,0.00000397,0.018958,1.110809,0.000000
2010-02-19,,2.7200,3.0000,20.0200,86.3524,44.830000,40.819475,0.133885,0.001809,1,0,1,1,0,3,1,4,3.0000,3.0000,0.0000,0.0000,1.0000,-0.0000,1.0000,0,-0.000779,0.00000397,-0.000779,1.109944,-0.000779
2010-02-22,,2.6500,3.0000,19.9400,85.3598,44.740000,40.868025,0.133141,-0.003743,1,1,1,1,1,5,5,3,3.0000,3.0000,0.0000,0.0000,1.0000,-0.0000,1.0000,0,-0.006247,0.00000436,-0.006247,1.103011,-0.007020
2010-02-23,,2.6500,2.9950,21.3700,83.1266,44.160000,40.917775,0.133868,0.001198,1,0,1,1,0,3,1,5,3.0000,3.0000,0.0000,0.0000,1.0000,-0.0000,1.0000,0,-0.039042,0.00000436,-0.039042,1.059947,-0.045788
2010-02-24,,2.6500,2.9900,20.2700,84.8635,44.610000,40.969675,0.132783,-0.014626,1,0,1,1,1,4,3,3,3.0000,3.0000,0.0000,0.0000,1.0000,-0.0000,1.0000,0,0.030240,0.00000476,0.030240,1.092000,-0.016933
2010-02-25,,2.6500,2.9900,20.1000,83.6228,44.600000,41.020925,0.132692,-0.014783,1,0,1,1,1,4,3,4,3.0000,3.0000,0.0000,0.0000,1.0000,-0.0000,1.0000,0,-0.000570,0.00000476,-0.000570,1.091378,-0.017493
2010-02-26,,2.6400,2.9900,19.5000,84.1191,44.760000,41.075075,0.131546,-0.027304,1,1,1,1,1,5,5,4,3.0000,3.0000,0.0000,0.0000,1.0000,-0.0000,1.0000,0,0.012475,0.00000516,0.012475,1.104993,-0.005236
2010-03-01,,2.6200,2.9900,19.2600,85.3598,45.410000,41.137025,0.132094,-0.030367,1,1,1,1,1,5,5,5,3.0000,3.0000,0.0000,0.0000,1.0000,-0.0000,1.0000,0,0.042894,0.00000516,0.042894,1.152390,0.000000
2010-03-02,,2.6500,2.9850,19.0600,85.8561,45.550000,41.197825,0.132130,-0.043684,1,1,1,1,1,5,5,5,3.0000,3.0000,0.0000,0.0000,1.0000,-0.0000,1.0000,0,0.006012,0.00000516,0.006012,1.159319,0.000000
2010-03-03,,2.6400,2.9800,18.8300,86.1042,45.600000,41.258975,0.131790,-0.057291,1,1,1,1,1,5,5,5,3.0000,3.0000,0.0000,0.0000,1.0000,-0.0000,1.0000,0,0.005550,0.00000555,0.005550,1.165753,0.000000
2010-03-04,,2.6300,2.9800,18.7200,86.6005,45.750000,41.316525,0.131657,-0.046677,1,1,1,1,1,5,5,5,3.0000,3.0000,0.0000,0.0000,1.0000,-0.0000,1.0000,0,0.011043,0.00000555,0.011043,1.178627,0.000000
2010-03-05,,2.6200,2.9750,17.4200,89.0819,46.440000,41.376725,0.131116,-0.061499,1,1,1,1,1,5,5,5,3.0000,3.0000,0.0000,0.0000,1.0000,-0.0000,1.0000,0,0.044202,0.00000555,0.044202,1.230724,0.000000
2010-03-08,,2.6100,2.9700,17.7900,89.5782,46.530000,41.437975,0.131093,-0.069155,1,1,1,1,1,5,5,5,3.0000,3.0000,0.0000,0.0000,1.0000,-0.0000,1.0000,0,0.005332,0.00000595,0.005332,1.237287,0.000000
2010-03-09,,2.5900,2.9650,17.9200,89.3300,46.790000,41.503675,0.130701,-0.071749,1,1,1,1,1,5,5,5,3.0000,3.0000,0.0000,0.0000,1.0000,-0.0000,1.0000,0,0.017702,0.00000634,0.017702,1.259190,0.000000
2010-03-10,,2.6100,2.9600,18.5700,90.0744,47.170000,41.571825,0.130164,-0.082295,1,1,1,1,1,5,5,5,3.0000,3.0000,0.0000,0.0000,1.0000,-0.0000,1.0000,0,0.024470,0.00000634,0.024470,1.290002,0.000000
2010-03-11,,2.5900,2.9600,18.0600,90.3226,47.350000,41.634625,0.130056,-0.095314,1,1,1,1,1,5,5,5,3.0000,3.0000,0.0000,0.0000,1.0000,-0.0000,1.0000,0,0.009210,0.00000595,0.009210,1.301883,0.000000
2010-03-12,,2.5600,2.9600,17.5800,89.8263,47.360000,41.698675,0.129222,-0.098716,1,1,1,1,1,5,5,5,3.0000,3.0000,0.0000,0.0000,1.0000,-0.0000,1.0000,0,0.002281,0.00000634,0.002281,1.304853,0.000000
2010-03-15,,2.5500,2.9600,18.0000,89.3300,47.240000,41.760125,0.129665,-0.094467,1,1,1,1,1,5,5,5,3.0000,3.0000,0.0000,0.0000,1.0000,-0.0000,1.0000,0,-0.006734,0.00000595,-0.006734,1.296066,-0.006734
2010-03-16,,2.5600,2.9600,17.6900,90.3226,47.540000,41.820525,0.130143,-0.085897,1,1,1,1,1,5,5,5,3.0000,3.0000,0.0000,0.0000,1.0000,-0.0000,1.0000,0,0.018909,0.00000674,0.018909,1.320573,0.000000
2010-03-17,,2.5500,2.9600,16.9100,92.0596,47.670000,41.876925,0.129804,-0.096193,1,1,1,1,1,5,5,5,3.0000,3.0000,0.0000,0.0000,1.0000,-0.0000,1.0000,0,0.006934,0.00000634,0.006934,1.329730,0.000000
2010-03-18,,2.5300,2.9550,16.6200,91.8114,47.830000,41.933875,0.129275,-0.096719,1,1,1,1,1,5,5,5,3.0000,3.0000,0.0000,0.0000,1.0000,-0.0000,1.0000,0,0.010142,0.00000595,0.010142,1.343217,0.000000
2010-03-19,,2.5200,2.9500,16.9700,90.3226,47.490000,41.989675,0.129171,-0.088752,1,1,1,1,1,5,5,5,3.0000,3.0000,0.0000,0.0000,1.0000,-0.0000,1.0000,0,-0.017689,0.00000634,-0.017689,1.319456,-0.017689
2010-03-22,,2.4900,2.9500,16.8700,92.0596,47.920000,42.045575,0.127624,-0.089062,1,1,1,1,1,5,5,5,3.0000,3.0000,0.0000,0.0000,1.0000,-0.0000,1.0000,0,0.027012,0.00000634,0.027012,1.355097,0.000000
2010-03-23,,2.5000,2.9500,16.3500,92.5558,48.252500,42.102938,0.127246,-0.092612,1,1,1,1,1,5,5,5,3.0000,3.0000,0.0000,0.0000,1.0000,-0.0000,1.0000,0,0.021006,0.00000595,0.021006,1.383562,0.000000
2010-03-24,,2.5100,2.9500,17.5500,91.8114,48.020000,42.159688,0.126541,-0.099436,1,1,1,1,1,5,5,5,3.0000,3.0000,0.0000,0.0000,1.0000,-0.0000,1.0000,0,-0.014312,0.00000555,-0.014312,1.363760,-0.014312
2010-03-25,,2.4800,2.9500,18.4000,90.0744,47.950000,42.214688,0.125932,-0.102167,1,1,1,1,1,5,5,5,3.0000,3.0000,0.0000,0.0000,1.0000,-0.0000,1.0000,0,-0.006262,0.00000555,-0.006262,1.355221,-0.020485
2010-03-26,,2.4700,2.9450,17.7700,90.8189,48.000000,42.270588,0.126306,-0.100199,1,1,1,1,1,5,5,5,3.0000,3.0000,0.0000,0.0000,1.0000,-0.0000,1.0000,0,0.005207,0.00000555,0.005207,1.362277,-0.015384
2010-03-29,,2.4900,2.9400,17.5900,91.5633,48.230000,42.327638,0.127035,-0.095497,1,1,1,1,1,5,5,5,3.0000,3.0000,0.0000,0.0000,1.0000,-0.0000,1.0000,0,0.013716,0.00000555,0.013716,1.380963,-0.001879
2010-03-30,,2.4900,2.9400,17.1300,91.8114,48.390000,42.386338,0.126618,-0.095068,1,1,1,1,1,5,5,5,3.0000,3.0000,0.0000,0.0000,1.0000,-0.0000,1.0000,0,0.010485,0.00000595,0.010485,1.395443,0.000000
2010-03-31,,2.4800,2.9400,17.5900,91.0670,48.160000,42.447638,0.126752,-0.078072,1,1,1,1,1,5,5,5,3.0000,3.0000,0.0000,0.0000,1.0000,-0.0000,1.0000,0,-0.013482,0.00000634,-0.013482,1.376629,-0.013482
2010-04-01,,2.4700,2.9350,17.4700,91.5633,48.160000,42.510688,0.127632,-0.057538,1,1,1,1,1,5,5,5,3.0000,3.0000,0.0000,0.0000,1.0000,-0.0000,1.0000,0,-0.001975,0.00000634,-0.001975,1.373911,-0.015430
2010-04-05,,2.4400,2.9300,17.0200,92.0596,48.610000,42.574293,0.127358,-0.065130,1,1,1,1,1,5,5,5,3.0000,3.0000,0.0000,0.0000,1.0000,-0.0000,1.0000,0,0.028912,0.00000634,0.028912,1.413634,0.000000
2010-04-06,,2.4300,2.9300,16.2300,91.5633,48.750000,42.638943,0.128108,-0.050603,1,1,1,1,1,5,5,5,3.0000,3.0000,0.0000,0.0000,1.0000,-0.0000,1.0000,0,0.007880,0.00000714,0.007880,1.424773,0.000000
2010-04-07,,2.4600,2.9300,16.6200,90.5707,48.630000,42.701293,0.127577,-0.050007,1,1,1,1,1,5,5,5,3.0000,3.0000,0.0000,0.0000,1.0000,-0.0000,1.0000,0,-0.005907,0.00000674,-0.005907,1.416357,-0.005907
2010-04-08,,2.4400,2.9300,16.4800,91.0670,48.740000,42.769593,0.126376,-0.068096,1,1,1,1,1,5,5,5,3.0000,3.0000,0.0000,0.0000,1.0000,-0.0000,1.0000,0,0.002184,0.00000674,0.002184,1.419450,-0.003736
2010-04-09,,2.4300,2.9300,16.1400,92.3077,49.030000,42.839743,0.126474,-0.073497,1,1,1,1,1,5,5,5,3.0000,3.0000,0.0000,0.0000,1.0000,-0.0000,1.0000,0,0.019441,0.00000674,0.019441,1.447046,0.000000
2010-04-12,,2.4300,2.9300,15.5800,92.5558,49.070000,42.907143,0.126608,-0.074429,1,1,1,1,1,5,5,5,3.0000,3.0000,0.0000,0.0000,1.0000,-0.0000,1.0000,0,0.004020,0.00000634,0.004020,1.452862,0.000000
2010-04-13,,2.4000,2.9300,16.2000,92.5558,49.320000,42.972293,0.125845,-0.073171,1,1,1,1,1,5,5,5,3.0000,3.0000,0.0000,0.0000,1.0000,-0.0000,1.0000,0,0.015079,0.00000634,0.015079,1.474770,0.000000
2010-04-14,,2.4000,2.9300,15.5900,93.3002,49.910000,43.039988,0.124556,-0.089731,1,1,1,1,1,5,5,5,3.0000,3.0000,0.0000,0.0000,1.0000,-0.0000,1.0000,0,0.035242,0.00000634,0.035242,1.526744,0.000000
2010-04-15,,2.4000,2.9250,15.8900,93.3002,50.130000,43.108388,0.124341,-0.089584,1,1,1,1,1,5,5,5,3.0000,3.0000,0.0000,0.0000,1.0000,-0.0000,1.0000,0,0.013375,0.00000634,0.013375,1.547164,0.000000
2010-04-16,,2.4200,2.9200,18.3600,90.8189,49.530000,43.174138,0.124958,-0.083905,1,1,1,1,1,5,5,5,3.0000,3.0000,0.0000,0.0000,1.0000,-0.0000,1.0000,0,-0.035596,0.00000634,-0.035596,1.492091,-0.035596
2010-04-19,,2.4300,2.9200,17.3400,90.8189,49.500000,43.239638,0.124614,-0.093268,1,1,1,1,1,5,5,5,3.0000,3.0000,0.0000,0.0000,1.0000,-0.0000,1.0000,0,-0.001573,0.00000634,-0.001573,1.489744,-0.037113
2010-04-20,,2.4200,2.9200,15.7300,92.5558,49.750000,43.310388,0.125083,-0.092774,1,1,1,1,1,5,5,5,3.0000,3.0000,0.0000,0.0000,1.0000,-0.0000,1.0000,0,0.014785,0.00000634,0.014785,1.511770,-0.022877
2010-04-21,,2.4000,2.9200,16.3200,92.0596,50.030000,43.383488,0.125435,-0.090880,1,1,1,1,1,5,5,5,3.0000,3.0000,0.0000,0.0000,1.0000,-0.0000,1.0000,0,0.017518,0.00000634,0.017518,1.538253,-0.005759
2010-04-22,,2.3800,2.9200,16.4700,91.5633,50.310000,43.462388,0.125475,-0.099495,1,1,1,1,1,5,5,5,3.0000,3.0000,0.0000,0.0000,1.0000,-0.0000,1.0000,0,0.014884,0.00000595,0.014884,1.561149,0.000000
2010-04-23,,2.3800,2.9200,16.6200,92.3077,50.520000,43.541438,0.125644,-0.086722,1,1,1,1,1,5,5,5,3.0000,3.0000,0.0000,0.0000,1.0000,-0.0000,1.0000,0,0.013238,0.00000634,0.013238,1.581816,0.000000
2010-04-26,,2.3700,2.9200,17.4700,91.0670,50.410000,43.619638,0.125670,-0.092157,1,1,1,1,1,5,5,5,3.0000,3.0000,0.0000,0.0000,1.0000,-0.0000,1.0000,0,-0.007432,0.00000634,-0.007432,1.570059,-0.007432
2010-04-27,,2.3800,2.9150,22.8100,86.6005,49.340000,43.691738,0.125924,-0.093244,1,0,1,1,1,4,3,5,3.0000,3.0000,0.0000,0.0000,1.0000,-0.0000,1.0000,0,-0.061718,0.00000634,-0.061718,1.473159,-0.068692
2010-04-28,,2.3900,2.9100,21.0800,89.0819,49.370000,43.760638,0.126864,-0.075448,1,0,1,1,1,4,3,4,3.0000,3.0000,0.0000,0.0000,1.0000,-0.0000,1.0000,0,0.002352,0.00000634,0.002352,1.476623,-0.066501
2010-04-29,,2.3800,2.9100,18.4400,90.3226,50.230000,43.833188,0.125396,-0.083240,1,1,1,1,1,5,5,4,3.0000,3.0000,0.0000,0.0000,1.0000,-0.0000,1.0000,0,0.051041,0.00000634,0.051041,1.551992,-0.018854
2010-04-30,,2.3700,2.9100,22.0500,88.5856,49.237500,43.894775,0.128101,-0.058592,1,0,1,1,1,4,3,5,3.0000,3.0000,0.0000,0.0000,1.0000,-0.0000,1.0000,0,-0.058927,0.00000674,-0.058927,1.460537,-0.076671
2010-05-03,,2.3800,2.9050,20.1900,89.3300,49.930000,43.959375,0.128085,-0.066480,1,0,1,1,1,4,3,4,3.0000,3.0000,0.0000,0.0000,1.0000,-0.0000,1.0000,0,0.040840,0.00000634,0.040840,1.520186,-0.038962
2010-05-04,,2.3700,2.9000,23.8400,84.1191,48.430000,44.013725,0.128914,-0.054101,1,0,1,1,1,4,3,4,3.0000,3.0000,0.0000,0.0000,1.0000,-0.0000,1.0000,0,-0.088407,0.00000674,-0.088407,1.385791,-0.123924
2010-05-05,,2.3800,2.8950,24.9100,83.3747,48.180000,44.065025,0.128788,-0.050386,1,0,1,1,1,4,3,4,3.0000,3.0000,0.0000,0.0000,1.0000,-0.0000,1.0000,0,-0.016433,0.00000634,-0.016433,1.363019,-0.138320
2010-05-06,,2.4000,2.8900,32.8000,74.1935,46.570000,44.106975,0.129536,-0.040209,1,0,1,1,1,4,3,4,3.0000,3.0000,0.0000,0.0000,1.0000,-0.0000,1.0000,0,-0.097966,0.00000595,-0.097966,1.229489,-0.222736
2010-05-07,,2.4100,2.8900,40.9500,68.9826,45.410000,44.141525,0.130730,-0.027890,1,0,1,1,1,4,3,4,3.0000,3.0000,0.0000,0.0000,1.0000,-0.0000,1.0000,0,-0.072773,0.00000436,-0.072773,1.140016,-0.279299
2010-05-10,,2.5500,2.8900,28.8400,80.1489,47.770000,44.183625,0.129132,-0.036918,1,0,1,1,1,4,3,4,3.0000,3.0000,0.0000,0.0000,1.0000,-0.0000,1.0000,0,0.149152,0.00000516,0.149152,1.310052,-0.171805
2010-05-11,,2.5300,2.8850,28.3200,80.1489,47.720000,44.226975,0.129782,-0.028530,1,0,1,1,1,4,3,4,3.0000,3.0000,0.0000,0.0000,1.0000,-0.0000,1.0000,0,-0.000660,0.00000634,-0.000660,1.309187,-0.172352
2010-05-12,,2.5800,2.8800,25.5200,83.6228,48.620000,44.273325,0.129045,-0.036048,1,0,1,1,1,4,3,4,3.0000,3.0000,0.0000,0.0000,1.0000,-0.0000,1.0000,0,0.053881,0.00000634,0.053881,1.379727,-0.127757
2010-05-13,,2.6100,2.8750,26.6800,79.1563,47.850000,44.317175,0.130043,-0.018486,1,0,1,1,1,4,3,4,3.0000,3.0000,0.0000,0.0000,1.0000,-0.0000,1.0000,0,-0.045206,0.00000634,-0.045206,1.317356,-0.167188
2010-05-14,,2.6000,2.8700,31.2400,74.9380,46.930000,44.355125,0.131399,-0.007107,1,0,1,1,1,4,3,4,3.0000,3.0000,0.0000,0.0000,1.0000,-0.0000,1.0000,0,-0.061534,0.00000634,-0.061534,1.236294,-0.218434
2010-05-17,,2.5900,2.8650,30.8400,76.1787,47.080000,44.392675,0.131505,-0.018227,1,0,1,1,1,4,3,4,3.0000,3.0000,0.0000,0.0000,1.0000,-0.0000,1.0000,0,0.013215,0.00000634,0.013215,1.252632,-0.208105
2010-05-18,,2.5900,2.8600,33.5500,73.2010,46.430000,44.427575,0.131984,-0.008790,1,0,1,1,1,4,3,4,3.0000,3.0000,0.0000,0.0000,1.0000,-0.0000,1.0000,0,-0.037937,0.00000634,-0.037937,1.205110,-0.238148
2010-05-19,,2.6100,2.8600,35.3200,70.2233,46.060000,44.457675,0.131398,-0.018778,1,0,1,1,1,4,3,4,3.0000,3.0000,0.0000,0.0000,1.0000,-0.0000,1.0000,0,-0.026393,0.00000674,-0.026393,1.173304,-0.258255
2010-05-20,,2.6500,2.8600,45.7900,52.1092,44.350000,44.479225,0.132462,-0.002343,1,0,1,0,1,3,1,4,3.0000,3.0000,0.0000,0.0000,1.0000,-0.0000,1.0000,0,-0.101150,0.00000674,-0.101150,1.054625,-0.333282
2010-05-21,,2.7400,2.8600,40.1000,58.4158,44.840000,44.504775,0.131146,-0.011485,1,0,1,1,1,4,3,3,3.0000,3.0000,0.0000,0.0000,1.0000,-0.0000,1.0000,0,0.007746,0.00000674,0.007746,1.062794,-0.328118
2010-05-24,,2.7600,2.8600,38.3200,53.7129,44.660000,44.531175,0.131743,0.001456,1,0,1,1,0,3,1,4,3.0000,3.0000,0.0000,0.0000,1.0000,-0.0000,1.0000,0,0.008268,0.00000674,0.008268,1.071580,-0.322563
2010-05-25,,2.7900,2.8600,34.6100,51.7327,44.700000,44.555275,0.130776,-0.009615,1,0,1,1,1,4,3,3,3.0000,3.0000,0.0000,0.0000,1.0000,-0.0000,1.0000,0,-0.007047,0.00000674,-0.007047,1.064029,-0.327337
2010-05-26,,2.8100,2.8600,35.0200,50.9901,44.200000,44.578275,0.131333,-0.005760,1,0,1,0,1,3,1,4,3.0000,3.0000,0.0000,0.0000,1.0000,-0.0000,1.0000,0,-0.030937,0.00000674,-0.030937,1.031111,-0.348147
2010-05-27,,2.8700,2.8600,29.6800,64.3564,45.870000,44.611325,0.129695,-0.015679,0,0,1,1,1,3,1,3,3.0000,3.0000,0.0000,0.0000,1.0000,-0.0000,1.0000,0,0.108259,0.00000674,0.108259,1.142739,-0.277578
2010-05-28,,2.8900,2.8600,32.0700,60.3960,45.600000,44.639975,0.131299,-0.002644,0,0,1,1,1,3,1,3,3.0000,3.0000,0.0000,0.0000,1.0000,-0.0000,1.0000,0,-0.017437,0.00000674,-0.017437,1.122813,-0.290175
2010-06-01,,2.8900,2.8600,35.5400,50.9901,45.180000,44.665425,0.130603,-0.003686,0,0,1,1,1,3,1,3,3.0000,3.0000,0.0000,0.0000,1.0000,-0.0000,1.0000,0,-0.024247,0.00000634,-0.024247,1.095588,-0.307386
2010-06-02,,2.9200,2.8600,30.1700,60.6436,46.250000,44.698525,0.129974,-0.008244,0,0,1,1,1,3,1,3,3.0000,3.0000,0.0000,0.0000,1.0000,-0.0000,1.0000,0,0.070372,0.00000634,0.070372,1.172687,-0.258645
2010-06-03,,2.9100,2.8600,29.4600,62.8713,46.690000,44.739575,0.130882,0.001345,0,0,1,1,0,2,-1,3,3.0000,3.0000,0.0000,0.0000,1.0000,-0.0000,1.0000,0,0.025959,0.00000634,0.025959,1.203129,-0.239400
2010-06-04,,2.9200,2.8600,35.4800,48.7624,45.092500,44.769888,0.131612,0.010330,0,0,0,1,0,1,-3,2,0.0000,0.0000,0.0000,0.0000,0.0000,1.0000,0.0000,1,-0.098745,0.00000555,-0.062930,1.127416,-0.287265
2010-06-07,,2.9500,2.8600,36.5700,40.5941,44.270000,44.794738,0.134089,0.028329,0,0,0,0,0,0,-5,1,0.0000,0.0000,0.0000,0.0000,0.0000,1.0000,0.0000,0,-0.057977,0.00000555,0.000006,1.127422,-0.287261
2010-06-08,,3.0000,2.8600,33.7000,44.0594,44.190000,44.816888,0.134403,0.037019,0,0,0,0,0,0,-5,0,0.0000,0.0000,0.0000,0.0000,0.0000,1.0000,0.0000,0,-0.005573,0.00000476,0.000005,1.127427,-0.287258
2010-06-09,,2.9900,2.8600,33.7300,42.8218,43.820000,44.834538,0.134371,0.033325,0,0,0,0,0,0,-5,0,0.0000,0.0000,0.0000,0.0000,0.0000,1.0000,0.0000,0,-0.022054,0.00000476,0.000005,1.127433,-0.287254
2010-06-10,,3.0000,2.8600,30.5700,54.7030,45.070000,44.858638,0.133898,0.027052,0,0,1,1,0,2,-1,0,0.0000,0.0000,0.0000,0.0000,0.0000,1.0000,0.0000,0,0.082971,0.00000397,0.000004,1.127437,-0.287251
2010-06-11,,3.0100,2.8600,28.7900,57.4257,45.500000,44.884288,0.133206,0.024549,0,0,1,1,0,2,-1,2,0.0000,0.0000,0.0000,0.0000,0.0000,1.0000,0.0000,0,0.026115,0.00000397,0.000004,1.127442,-0.287249
2010-06-14,,3.0400,2.8600,28.5800,57.6733,45.490000,44.910238,0.133933,0.033732,0,0,1,1,0,2,-1,2,0.0000,0.0000,0.0000,0.0000,0.0000,1.0000,0.0000,0,0.000560,0.00000317,0.000003,1.127445,-0.287246
2010-06-15,,3.0600,2.8600,25.8700,65.5941,46.710000,44.941788,0.133750,0.034233,0,0,1,1,0,2,-1,2,0.0000,0.0000,0.0000,0.0000,0.0000,1.0000,0.0000,0,0.073052,0.00000278,0.000003,1.127448,-0.287244
2010-06-16,,3.0500,2.8600,25.9200,64.8515,46.900000,44.974088,0.134646,0.052837,0,0,1,1,0,2,-1,2,0.0000,0.0000,0.0000,0.0000,0.0000,1.0000,0.0000,0,0.020152,0.00000357,0.000004,1.127452,-0.287242
2010-06-17,,3.0700,2.8600,25.0500,65.3465,47.050000,45.009188,0.135423,0.061370,0,0,1,1,0,2,-1,2,0.0000,0.0000,0.0000,0.0000,0.0000,1.0000,0.0000,0,0.010030,0.00000397,0.000004,1.127457,-0.287239
2010-06-18,,3.0400,2.8600,23.9500,64.8515,47.000000,45.047788,0.134611,0.060991,0,0,1,1,0,2,-1,2,0.0000,0.0000,0.0000,0.0000,0.0000,1.0000,0.0000,0,0.002736,0.00000357,0.000004,1.127461,-0.287236
2010-06-21,,3.0400,2.8600,24.8800,63.6139,46.600000,45.084538,0.134010,0.061258,0,0,1,1,0,2,-1,2,0.0000,0.0000,0.0000,0.0000,0.0000,1.0000,0.0000,0,-0.026277,0.00000436,0.000004,1.127466,-0.287233
2010-06-22,,3.0200,2.8600,27.0500,56.6832,46.240000,45.118188,0.132929,0.049281,0,0,1,1,0,2,-1,2,0.0000,0.0000,0.0000,0.0000,0.0000,1.0000,0.0000,0,-0.023662,0.00000476,0.000005,1.127471,-0.287230
2010-06-23,,3.0400,2.8600,26.9100,56.9307,46.050000,45.146638,0.132152,0.037503,0,0,1,1,0,2,-1,2,0.0000,0.0000,0.0000,0.0000,0.0000,1.0000,0.0000,0,-0.013393,0.00000516,0.000005,1.127477,-0.287226
2010-06-24,,3.0500,2.8600,29.7400,48.0198,45.350000,45.169688,0.133681,0.051036,0,0,0,1,0,1,-3,2,0.0000,0.0000,0.0000,0.0000,0.0000,1.0000,0.0000,0,-0.048487,0.00000516,0.000005,1.127483,-0.287223
2010-06-25,,3.0800,2.8600,28.5300,52.2277,45.270000,45.190588,0.133683,0.050409,0,0,1,1,0,2,-1,1,0.0000,0.0000,0.0000,0.0000,0.0000,1.0000,0.0000,0,-0.000678,0.00000516,0.000005,1.127489,-0.287219
2010-06-28,,3.0900,2.8600,29.0000,50.2475,45.110000,45.208738,0.135104,0.053431,0,0,1,0,0,1,-3,2,0.0000,0.0000,0.0000,0.0000,0.0000,1.0000,0.0000,0,-0.008955,0.00000516,0.000005,1.127494,-0.287215
2010-06-29,,3.1000,2.8600,34.1300,37.6238,43.370000,45.217988,0.136455,0.062681,0,0,0,0,0,0,-5,1,0.0000,0.0000,0.0000,0.0000,0.0000,1.0000,0.0000,0,-0.111591,0.00000674,0.000007,1.127502,-0.287210
2010-06-30,,3.1200,2.8600,34.5400,34.4059,42.710000,45.223138,0.136698,0.058142,0,0,0,0,0,0,-5,0,0.0000,0.0000,0.0000,0.0000,0.0000,1.0000,0.0000,0,-0.049421,0.00000595,0.000006,1.127509,-0.287206
2010-07-01,,3.0800,2.8600,32.8600,32.9208,42.590000,45.227038,0.136921,0.063589,0,0,0,0,0,0,-5,0,0.0000,0.0000,0.0000,0.0000,0.0000,1.0000,0.0000,0,-0.009748,0.00000714,0.000007,1.127517,-0.287201
2010-07-02,,3.0200,2.8600,30.1200,29.4554,42.470000,45.227288,0.137721,0.077243,0,0,0,0,0,0,-5,0,0.0000,0.0000,0.0000,0.0000,0.0000,1.0000,0.0000,0,-0.005471,0.00000674,0.000007,1.127524,-0.287196
2010-07-06,,3.0400,2.8600,29.6500,30.4455,42.600000,45.228238,0.138524,0.081984,0,0,0,0,0,0,-5,0,0.0000,0.0000,0.0000,0.0000,0.0000,1.0000,0.0000,0,0.005226,0.00000674,0.000007,1.127532,-0.287191
2010-07-07,,3.0500,2.8600,26.8400,40.5941,43.960000,45.235838,0.138397,0.082518,0,0,0,0,0,0,-5,0,0.0000,0.0000,0.0000,0.0000,0.0000,1.0000,0.0000,0,0.094498,0.00000674,0.000007,1.127540,-0.287187
2010-07-08,,3.0800,2.8600,25.7100,45.0495,44.200000,45.243988,0.138158,0.087497,0,0,0,0,0,0,-5,0,0.0000,0.0000,0.0000,0.0000,0.0000,1.0000,0.0000,0,0.016871,0.00000634,0.000006,1.127547,-0.287182
2010-07-09,,3.0700,2.8600,24.9800,48.5149,44.620000,45.253838,0.138014,0.096249,0,0,0,0,0,0,-5,0,0.0000,0.0000,0.0000,0.0000,0.0000,1.0000,0.0000,0,0.028019,0.00000595,0.000006,1.127553,-0.287178
2010-07-12,,3.0700,2.8600,24.4300,47.5248,44.750000,45.265338,0.138387,0.100596,0,0,0,0,0,0,-5,0,0.0000,0.0000,0.0000,0.0000,0.0000,1.0000,0.0000,0,0.011356,0.00000634,0.000006,1.127561,-0.287173
2010-07-13,,3.0500,2.8600,24.5600,57.4257,45.330000,45.281638,0.136878,0.087636,0,0,1,1,0,2,-1,0,0.0000,0.0000,0.0000,0.0000,0.0000,1.0000,0.0000,0,0.034156,0.00000634,0.000006,1.127568,-0.287169
2010-07-14,,3.0300,2.8600,24.8900,56.1881,45.560000,45.300938,0.136889,0.090151,0,0,1,1,0,2,-1,2,0.0000,0.0000,0.0000,0.0000,0.0000,1.0000,0.0000,0,0.015996,0.00000595,0.000006,1.127574,-0.287165
2010-07-15,,3.0200,2.8600,25.1400,56.4356,45.600000,45.316888,0.137628,0.091000,0,0,1,1,0,2,-1,2,0.0000,0.0000,0.0000,0.0000,0.0000,1.0000,0.0000,0,0.003490,0.00000595,0.000006,1.127581,-0.287160
2010-07-16,,3.0200,2.8600,26.2500,45.0495,44.340000,45.327488,0.139181,0.096868,0,0,0,0,0,0,-5,2,0.0000,0.0000,0.0000,0.0000,0.0000,1.0000,0.0000,0,-0.080485,0.00000595,0.000006,1.127588,-0.287156
2010-07-19,,3.0400,2.8600,25.9700,47.5248,44.720000,45.339838,0.140434,0.105714,0,0,0,0,0,0,-5,0,0.0000,0.0000,0.0000,0.0000,0.0000,1.0000,0.0000,0,0.022549,0.00000595,0.000006,1.127595,-0.287152
2010-07-20,,3.0400,2.8600,23.9300,50.9901,45.260000,45.361138,0.140118,0.102590,0,0,1,0,0,1,-3,0,0.0000,0.0000,0.0000,0.0000,0.0000,1.0000,0.0000,0,0.031597,0.00000674,0.000007,1.127602,-0.287147
2010-07-21,,2.9900,2.8600,25.6400,46.7822,44.640000,45.379938,0.139993,0.100561,0,0,0,0,0,0,-5,1,0.0000,0.0000,0.0000,0.0000,0.0000,1.0000,0.0000,0,-0.035018,0.00000634,0.000006,1.127609,-0.287143
2010-07-22,,2.9800,2.8600,24.6300,55.6931,45.770000,45.402738,0.139136,0.096479,0,0,1,1,0,2,-1,0,0.0000,0.0000,0.0000,0.0000,0.0000,1.0000,0.0000,0,0.067423,0.00000634,0.000006,1.127617,-0.287138
2010-07-23,,2.9700,2.8600,23.4700,60.9877,46.060000,45.423338,0.138043,0.081495,0,0,1,1,0,2,-1,2,0.0000,0.0000,0.0000,0.0000,0.0000,1.0000,0.0000,0,0.026031,0.00000634,0.000006,1.127624,-0.287134
2010-07-26,,2.9500,2.8600,22.7300,64.9383,46.440000,45.445238,0.137549,0.089467,0,0,1,1,0,2,-1,2,0.0000,0.0000,0.0000,0.0000,0.0000,1.0000,0.0000,0,0.021978,0.00000634,0.000006,1.127631,-0.287129
2010-07-27,,2.9200,2.8600,23.1900,63.2099,46.420000,45.466138,0.139808,0.085773,0,0,1,1,0,2,-1,2,0.0000,0.0000,0.0000,0.0000,0.0000,1.0000,0.0000,0,-0.000214,0.00000634,0.000006,1.127638,-0.287125
2010-07-28,,2.9000,2.8600,24.2500,59.5062,46.050000,45.483988,0.139989,0.085590,0,0,1,1,0,2,-1,2,0.0000,0.0000,0.0000,0.0000,0.0000,1.0000,0.0000,0,-0.020441,0.00000595,0.000006,1.127645,-0.287120
2010-07-29,,2.9200,2.8600,24.1300,58.5185,45.710000,45.499688,0.138499,0.069772,0,0,1,1,0,2,-1,2,0.0000,0.0000,0.0000,0.0000,0.0000,1.0000,0.0000,0,-0.023817,0.00000595,0.000006,1.127651,-0.287116
2010-07-30,,2.9200,2.8600,23.5000,58.2716,45.810000,45.515838,0.137707,0.065375,0,0,1,1,0,2,-1,2,0.0000,0.0000,0.0000,0.0000,0.0000,1.0000,0.0000,0,0.006829,0.00000595,0.000006,1.127658,-0.287112
2010-08-02,,2.9100,2.8600,22.0100,66.1728,46.670000,45.533388,0.137460,0.061078,0,0,1,1,0,2,-1,2,0.0000,0.0000,0.0000,0.0000,0.0000,1.0000,0.0000,0,0.053801,0.00000595,0.000006,1.127665,-0.287108
2010-08-03,,2.9000,2.8600,22.6300,63.9506,46.470000,45.550438,0.137567,0.052741,0,0,1,1,0,2,-1,2,0.0000,0.0000,0.0000,0.0000,0.0000,1.0000,0.0000,0,-0.010337,0.00000634,0.000006,1.127672,-0.287103
2010-08-04,,2.9200,2.8600,22.2100,66.4198,46.938000,45.571228,0.136915,0.058623,0,0,1,1,0,2,-1,2,0.0000,0.0000,0.0000,0.0000,0.0000,1.0000,0.0000,0,0.028884,0.00000634,0.000006,1.127679,-0.287098
2010-08-05,,2.9000,2.8600,22.1000,66.4198,46.830000,45.589328,0.137040,0.054501,0,0,1,1,0,2,-1,2,0.0000,0.0000,0.0000,0.0000,0.0000,1.0000,0.0000,0,-0.005903,0.00000634,0.000006,1.127686,-0.287094
2010-08-06,,2.9300,2.8600,21.7400,66.1728,46.760000,45.607028,0.137866,0.065418,0,0,1,1,0,2,-1,2,0.0000,0.0000,0.0000,0.0000,0.0000,1.0000,0.0000,0,-0.004690,0.00000595,0.000006,1.127693,-0.287090
2010-08-09,,2.9400,2.8600,22.1400,66.6667,47.080000,45.626728,0.137620,0.056756,0,0,1,1,0,2,-1,2,0.0000,0.0000,0.0000,0.0000,0.0000,1.0000,0.0000,0,0.017485,0.00000595,0.000006,1.127700,-0.287085
2010-08-10,,2.9500,2.8600,22.3700,64.6914,46.672500,45.643540,0.139108,0.057893,0,0,1,1,0,2,-1,2,0.0000,0.0000,0.0000,0.0000,0.0000,1.0000,0.0000,0,-0.021199,0.00000595,0.000006,1.127706,-0.287081
2010-08-11,,3.0500,2.8600,25.3900,52.3457,45.400000,45.654890,0.140210,0.063497,0,0,1,0,0,1,-3,2,0.0000,0.0000,0.0000,0.0000,0.0000,1.0000,0.0000,0,-0.082315,0.00000595,0.000006,1.127713,-0.287077
2010-08-12,,3.0300,2.8600,25.7300,49.3827,45.040000,45.665140,0.140838,0.064816,0,0,0,0,0,0,-5,1,0.0000,0.0000,0.0000,0.0000,0.0000,1.0000,0.0000,0,-0.028185,0.00000595,0.000006,1.127720,-0.287073
2010-08-13,,3.0400,2.8600,26.2400,48.3951,44.720000,45.677040,0.141669,0.075756,0,0,0,0,0,0,-5,0,0.0000,0.0000,0.0000,0.0000,0.0000,1.0000,0.0000,0,-0.019922,0.00000634,0.000006,1.127727,-0.287068
2010-08-16,,3.0500,2.8600,26.1000,48.3951,44.800000,45.694090,0.141864,0.071455,0,0,0,0,0,0,-5,0,0.0000,0.0000,0.0000,0.0000,0.0000,1.0000,0.0000,0,0.005653,0.00000595,0.000006,1.127734,-0.287064
2010-08-17,,3.0000,2.8600,24.3300,54.8148,45.372000,45.710500,0.141423,0.078714,0,0,1,0,0,1,-3,0,0.0000,0.0000,0.0000,0.0000,0.0000,1.0000,0.0000,0,0.038037,0.00000634,0.000006,1.127741,-0.287059
2010-08-18,,2.9900,2.8600,24.5900,55.8025,45.550000,45.733450,0.140404,0.067017,0,0,1,0,0,1,-3,1,0.0000,0.0000,0.0000,0.0000,0.0000,1.0000,0.0000,0,0.008986,0.00000674,0.000007,1.127748,-0.287055
2010-08-19,,2.9400,2.8600,26.4400,47.4074,44.860000,45.752100,0.140906,0.077503,0,0,0,0,0,0,-5,1,0.0000,0.0000,0.0000,0.0000,0.0000,1.0000,0.0000,0,-0.036773,0.00000634,0.000006,1.127756,-0.287050
2010-08-20,,2.9300,2.8600,25.4900,47.9012,44.920000,45.770400,0.141656,0.078861,0,0,0,0,0,0,-5,0,0.0000,0.0000,0.0000,0.0000,0.0000,1.0000,0.0000,0,-0.003437,0.00000634,0.000006,1.127763,-0.287046
2010-08-23,,2.9000,2.8600,25.6600,44.4444,44.480000,45.786150,0.143018,0.099358,0,0,0,0,0,0,-5,0,0.0000,0.0000,0.0000,0.0000,0.0000,1.0000,0.0000,0,-0.027596,0.00000595,0.000006,1.127769,-0.287041
2010-08-24,,2.9400,2.8600,27.4600,38.2716,43.650000,45.792650,0.145563,0.104826,0,0,0,0,0,0,-5,0,0.0000,0.0000,0.0000,0.0000,0.0000,1.0000,0.0000,0,-0.057379,0.00000634,0.000006,1.127777,-0.287037
2010-08-25,,2.9500,2.8600,26.7000,40.0000,44.070000,45.800000,0.144893,0.107794,0,0,0,0,0,0,-5,0,0.0000,0.0000,0.0000,0.0000,0.0000,1.0000,0.0000,0,0.029982,0.00000634,0.000006,1.127784,-0.287032
2010-08-26,,2.9400,2.8600,27.3700,38.0247,43.540000,45.800150,0.145206,0.111776,0,0,0,0,0,0,-5,0,0.0000,0.0000,0.0000,0.0000,0.0000,1.0000,0.0000,0,-0.032637,0.00000634,0.000006,1.127791,-0.287028
2010-08-27,,2.9500,2.8600,24.4500,45.6790,44.070000,45.802400,0.145705,0.109310,0,0,0,0,0,0,-5,0,0.0000,0.0000,0.0000,0.0000,0.0000,1.0000,0.0000,0,0.033083,0.00000634,0.000006,1.127798,-0.287023
2010-08-30,,2.9600,2.8600,27.2100,38.0247,43.610000,45.800950,0.145616,0.104906,0,0,0,0,0,0,-5,0,0.0000,0.0000,0.0000,0.0000,0.0000,1.0000,0.0000,0,-0.032527,0.00000595,0.000006,1.127805,-0.287019
2010-08-31,,2.9900,2.8600,26.0500,38.9163,43.460000,45.800000,0.146282,0.090784,0,0,0,0,0,0,-5,0,0.0000,0.0000,0.0000,0.0000,0.0000,1.0000,0.0000,0,-0.004824,0.00000555,0.000006,1.127811,-0.287015
2010-09-01,,3.0100,2.8600,23.8900,50.2463,44.760000,45.803750,0.145123,0.081137,0,0,1,0,0,1,-3,0,0.0000,0.0000,0.0000,0.0000,0.0000,1.0000,0.0000,0,0.083815,0.00000555,0.000006,1.127817,-0.287011
2010-09-02,,3.0100,2.8600,23.1900,53.4483,45.260000,45.807750,0.143784,0.072312,0,0,1,0,0,1,-3,1,0.0000,0.0000,0.0000,0.0000,0.0000,1.0000,0.0000,0,0.034317,0.00000516,0.000005,1.127823,-0.287007
2010-09-03,,3.0200,2.8600,21.3100,57.9853,46.010000,45.814800,0.142574,0.065824,0,0,1,1,0,2,-1,1,0.0000,0.0000,0.0000,0.0000,0.0000,1.0000,0.0000,0,0.050934,0.00000555,0.000006,1.127829,-0.287004
2010-09-07,,2.9700,2.8600,23.8000,53.0713,45.700000,45.821535,0.143470,0.077025,0,0,1,0,0,1,-3,2,0.0000,0.0000,0.0000,0.0000,0.0000,1.0000,0.0000,0,-0.024344,0.00000555,0.000006,1.127836,-0.287000
2010-09-08,,2.9600,2.8600,23.2500,55.5283,46.250000,45.834485,0.141984,0.060568,0,0,1,1,0,2,-1,1,0.0000,0.0000,0.0000,0.0000,0.0000,1.0000,0.0000,0,0.035320,0.00000555,0.000006,1.127842,-0.286996
2010-09-09,,2.9500,2.8600,22.8100,57.0025,46.430000,45.849435,0.142445,0.064383,0,0,1,1,0,2,-1,2,0.0000,0.0000,0.0000,0.0000,0.0000,1.0000,0.0000,0,0.013645,0.00000555,0.000006,1.127848,-0.286992
2010-09-10,,2.9600,2.8600,21.9900,58.7224,46.600000,45.861735,0.141009,0.047055,0,0,1,1,0,2,-1,2,0.0000,0.0000,0.0000,0.0000,0.0000,1.0000,0.0000,0,0.009772,0.00000555,0.000006,1.127854,-0.286988
2010-09-13,,2.9400,2.8600,21.2100,62.6536,47.250000,45.878035,0.140082,0.034580,0,0,1,1,0,2,-1,2,0.0000,0.0000,0.0000,0.0000,0.0000,1.0000,0.0000,0,0.043974,0.00000555,0.000006,1.127861,-0.286984
2010-09-14,,2.9700,2.8600,21.5600,63.8821,47.450000,45.894385,0.139870,0.039386,0,0,1,1,0,2,-1,2,0.0000,0.0000,0.0000,0.0000,0.0000,1.0000,0.0000,0,0.012734,0.00000595,0.000006,1.127867,-0.286979
2010-09-15,,2.9700,2.8600,22.1000,64.6192,47.750000,45.915585,0.138663,0.035245,0,0,1,1,0,2,-1,2,0.0000,0.0000,0.0000,0.0000,0.0000,1.0000,0.0000,0,0.017506,0.00000595,0.000006,1.127874,-0.286975
2010-09-16,,3.0000,2.8600,21.7200,63.8821,47.940000,45.937485,0.138080,0.039987,0,0,1,1,0,2,-1,2,0.0000,0.0000,0.0000,0.0000,0.0000,1.0000,0.0000,0,0.013613,0.00000595,0.000006,1.127881,-0.286971
2010-09-17,,3.0200,2.8600,22.0100,64.8649,47.995000,45.957410,0.137123,0.038738,0,0,1,1,0,2,-1,2,0.0000,0.0000,0.0000,0.0000,0.0000,1.0000,0.0000,0,0.010647,0.00000634,0.000006,1.127888,-0.286966
2010-09-20,,3.0300,2.8600,21.5000,69.2875,48.829900,45.981210,0.136853,0.025230,0,0,1,1,0,2,-1,2,0.0000,0.0000,0.0000,0.0000,0.0000,1.0000,0.0000,0,0.052097,0.00000634,0.000006,1.127895,-0.286962
2010-09-21,,3.0200,2.8600,22.3500,68.0590,48.820000,46.005860,0.136559,0.022737,0,0,1,1,0,2,-1,2,0.0000,0.0000,0.0000,0.0000,0.0000,1.0000,0.0000,0,-0.003151,0.00000674,0.000007,1.127903,-0.286957
2010-09-22,,3.0500,2.8600,22.5100,66.8305,48.690000,46.028710,0.138027,0.022825,0,0,1,1,0,2,-1,2,0.0000,0.0000,0.0000,0.0000,0.0000,1.0000,0.0000,0,-0.004744,0.00000674,0.000007,1.127910,-0.286952
2010-09-23,,3.0500,2.8600,23.8700,62.8993,48.670000,46.052510,0.137647,0.009427,0,0,1,1,0,2,-1,2,0.0000,0.0000,0.0000,0.0000,0.0000,1.0000,0.0000,0,-0.002993,0.00000634,0.000006,1.127917,-0.286948
2010-09-24,,3.0400,2.8600,21.7100,70.7617,49.660000,46.082600,0.136997,0.002431,0,0,1,1,0,2,-1,2,0.0000,0.0000,0.0000,0.0000,0.0000,1.0000,0.0000,0,0.056626,0.00000634,0.000006,1.127925,-0.286943
2010-09-27,,3.0500,2.8650,22.5400,69.2875,49.390000,46.109150,0.137919,0.008105,0,0,1,1,0,2,-1,2,0.0000,0.0000,0.0000,0.0000,0.0000,1.0000,0.0000,0,-0.011447,0.00000595,0.000006,1.127931,-0.286939
2010-09-28,,3.0400,2.8700,22.6000,71.0074,49.370000,46.134500,0.137896,0.001426,0,0,1,1,0,2,-1,2,0.0000,0.0000,0.0000,0.0000,0.0000,1.0000,0.0000,0,0.002512,0.00000634,0.000006,1.127938,-0.286935
2010-09-29,,3.0600,2.8750,23.2500,70.7617,49.290000,46.160300,0.137503,-0.008202,0,0,1,1,1,3,1,2,0.0000,0.0000,0.0000,0.0000,0.0000,1.0000,0.0000,0,-0.008055,0.00000634,0.000006,1.127946,-0.286930
2010-09-30,,3.0600,2.8850,23.7000,69.7789,49.070000,46.182900,0.137475,-0.007170,0,0,1,1,1,3,1,3,3.0000,3.0000,0.0000,0.0000,1.0000,0.0000,1.0000,1,-0.013540,0.00000634,-0.028462,1.095842,-0.307226
2010-10-01,,3.0500,2.8900,22.5000,71.0074,49.010000,46.206450,0.137716,-0.003422,0,0,1,1,1,3,1,3,3.0000,3.0000,0.0000,0.0000,1.0000,0.0000,1.0000,0,-0.003109,0.00000634,-0.003109,1.092434,-0.309380
2010-10-04,,3.0700,2.8900,23.5300,68.5504,48.480000,46.227050,0.138430,0.003173,0,0,1,1,0,2,-1,3,3.0000,3.0000,0.0000,0.0000,1.0000,0.0000,1.0000,0,-0.034693,0.00000634,-0.034693,1.054535,-0.333339
2010-10-05,,3.1000,2.8900,21.7600,75.1843,49.660000,46.256250,0.137194,-0.009263,0,0,1,1,1,3,1,2,0.0000,0.0000,0.0000,0.0000,0.0000,1.0000,0.0000,1,0.074445,0.00000516,0.035258,1.091715,-0.309834
2010-10-06,,3.1100,2.8900,21.4900,73.4644,49.230000,46.280100,0.136560,-0.002459,0,0,1,1,1,3,1,3,3.0000,3.0000,0.0000,0.0000,1.0000,0.0000,1.0000,1,-0.026283,0.00000476,-0.022407,1.067253,-0.325299
2010-10-07,,3.1300,2.8900,21.5600,73.2187,49.410000,46.302350,0.136983,0.000730,0,0,1,1,0,2,-1,3,3.0000,3.0000,0.0000,0.0000,1.0000,0.0000,1.0000,0,0.010633,0.00000516,0.010633,1.078601,-0.318125
2010-10-08,,3.1800,2.8900,20.7100,75.1843,49.750000,46.324950,0.136608,-0.007869,0,0,1,1,1,3,1,2,0.0000,0.0000,0.0000,0.0000,0.0000,1.0000,0.0000,1,0.021042,0.00000516,0.001599,1.080325,-0.317035
2010-10-11,,3.2100,2.8900,18.9600,75.1843,49.770000,46.346000,0.136562,-0.020574,0,1,1,1,1,4,3,3,3.0000,3.0000,0.0000,0.0000,1.0000,0.0000,1.0000,1,0.001146,0.00000476,-0.000985,1.079261,-0.317707
2010-10-12,,3.2100,2.8900,18.9300,76.1671,50.110000,46.366650,0.135587,-0.037639,0,1,1,1,1,4,3,4,3.0000,3.0000,0.0000,0.0000,1.0000,0.0000,1.0000,0,0.020757,0.00000476,0.020757,1.101664,-0.303545
2010-10-13,,3.2200,2.8900,19.0700,77.6413,50.520000,46.388150,0.135049,-0.039323,0,1,1,1,1,4,3,4,3.0000,3.0000,0.0000,0.0000,1.0000,0.0000,1.0000,0,0.024303,0.00000516,0.024303,1.128437,-0.286619
2010-10-14,,3.2200,2.8900,19.8800,75.9214,50.420000,46.410100,0.135365,-0.036261,0,1,1,1,1,4,3,4,3.0000,3.0000,0.0000,0.0000,1.0000,0.0000,1.0000,0,-0.005554,0.00000516,-0.005554,1.122171,-0.290581
2010-10-15,,3.2300,2.8900,19.0300,75.9214,51.490000,46.436700,0.135493,-0.028158,0,1,1,1,1,4,3,4,3.0000,3.0000,0.0000,0.0000,1.0000,0.0000,1.0000,0,0.063792,0.00000555,0.063792,1.193756,-0.245325
2010-10-18,,3.2600,2.8900,19.0900,78.1327,51.300000,46.464450,0.134554,-0.027144,0,1,1,1,1,4,3,4,3.0000,3.0000,0.0000,0.0000,1.0000,0.0000,1.0000,0,0.000000,0.00000555,0.000000,1.193756,-0.245325
2010-10-19,,3.2600,2.8900,20.6300,74.5098,50.820000,46.486450,0.136897,-0.004961,0,0,1,1,1,3,1,4,3.0000,3.0000,0.0000,0.0000,1.0000,0.0000,1.0000,0,-0.039765,0.00000595,-0.039765,1.146287,-0.275335
2010-10-20,,3.2500,2.8900,19.7900,76.2255,51.160000,46.510150,0.136676,-0.023681,0,1,1,1,1,4,3,3,3.0000,3.0000,0.0000,0.0000,1.0000,0.0000,1.0000,0,0.020790,0.00000555,0.020790,1.170118,-0.260269
2010-10-21,,3.2300,2.8900,19.2700,76.7157,51.290000,46.535900,0.135783,-0.032028,0,1,1,1,1,4,3,4,3.0000,3.0000,0.0000,0.0000,1.0000,0.0000,1.0000,0,0.006976,0.00000555,0.006976,1.178281,-0.255109
2010-10-22,,3.2000,2.8900,18.7800,76.7157,51.640000,46.563250,0.134689,-0.029518,0,1,1,1,1,4,3,4,3.0000,3.0000,0.0000,0.0000,1.0000,0.0000,1.0000,0,0.019499,0.00000516,0.019499,1.201255,-0.240585
2010-10-25,,3.1800,2.8900,19.8500,76.9608,51.890000,46.589950,0.133973,-0.029190,0,1,1,1,1,4,3,4,3.0000,3.0000,0.0000,0.0000,1.0000,0.0000,1.0000,0,0.015332,0.00000516,0.015332,1.219673,-0.228941
2010-10-26,,3.1300,2.8900,20.2200,76.2255,52.030000,46.618300,0.133623,-0.029396,0,0,1,1,1,3,1,4,3.0000,3.0000,0.0000,0.0000,1.0000,0.0000,1.0000,0,0.006385,0.00000555,0.006385,1.227460,-0.224018
2010-10-27,,3.1300,2.8900,20.7100,76.9608,52.190000,46.650350,0.133342,-0.032404,0,0,1,1,1,3,1,3,3.0000,3.0000,0.0000,0.0000,1.0000,0.0000,1.0000,0,0.009745,0.00000555,0.009745,1.239422,-0.216457
2010-10-28,,3.0900,2.8950,20.8800,77.4510,52.300000,46.680100,0.133750,-0.024229,0,0,1,1,1,3,1,3,3.0000,3.0000,0.0000,0.0000,1.0000,0.0000,1.0000,0,0.005745,0.00000555,0.005745,1.246542,-0.211955
2010-10-29,,3.1600,2.9000,21.2000,77.4510,52.180000,46.709050,0.133851,-0.024436,0,0,1,1,1,3,1,3,3.0000,3.0000,0.0000,0.0000,1.0000,0.0000,1.0000,0,-0.004799,0.00000516,-0.004799,1.240559,-0.215738
2010-11-01,,3.1500,2.9000,21.8300,76.9608,52.220000,46.740900,0.132625,-0.040092,0,0,1,1,1,3,1,3,3.0000,3.0000,0.0000,0.0000,1.0000,0.0000,1.0000,0,0.002298,0.00000476,0.002298,1.243410,-0.213935
2010-11-02,,3.1300,2.9000,21.5700,79.4118,52.780000,46.771850,0.132999,-0.035511,0,0,1,1,1,3,1,3,3.0000,3.0000,0.0000,0.0000,1.0000,0.0000,1.0000,0,0.030311,0.00000516,0.030311,1.281098,-0.190109
2010-11-03,,3.0800,2.9050,19.5600,79.6569,53.020000,46.807350,0.132347,-0.051883,0,1,1,1,1,4,3,3,3.0000,3.0000,0.0000,0.0000,1.0000,0.0000,1.0000,0,0.014451,0.00000516,0.014451,1.299611,-0.178406
2010-11-04,,3.1600,2.9100,18.5200,83.5784,53.670000,46.848250,0.131114,-0.072569,0,1,1,1,1,4,3,4,3.0000,3.0000,0.0000,0.0000,1.0000,0.0000,1.0000,0,0.035432,0.00000516,0.035432,1.345659,-0.149295
2010-11-05,,3.2400,2.9100,18.2600,84.3137,53.670000,46.895800,0.130576,-0.082336,0,1,1,1,1,4,3,4,3.0000,3.0000,0.0000,0.0000,1.0000,0.0000,1.0000,0,0.001197,0.00000516,0.001197,1.347270,-0.148276
2010-11-08,,3.2700,2.9150,18.2900,83.5784,53.737500,46.942937,0.130092,-0.092414,0,1,1,1,1,4,3,4,3.0000,3.0000,0.0000,0.0000,1.0000,0.0000,1.0000,0,0.002538,0.00000516,0.002538,1.350690,-0.146114
2010-11-09,,3.2500,2.9200,19.0800,82.3529,53.450000,46.988437,0.130581,-0.089342,0,1,1,1,1,4,3,4,3.0000,3.0000,0.0000,0.0000,1.0000,0.0000,1.0000,0,-0.016168,0.00000516,-0.016168,1.328853,-0.159920
2010-11-10,,3.2500,2.9200,18.4700,82.3529,53.715000,47.033512,0.129361,-0.095019,0,1,1,1,1,4,3,4,3.0000,3.0000,0.0000,0.0000,1.0000,0.0000,1.0000,0,0.015289,0.00000516,0.015289,1.349170,-0.147075
2010-11-11,,3.3100,2.9200,18.6400,80.6373,53.385000,47.082687,0.129897,-0.082912,0,1,1,1,1,4,3,4,3.0000,3.0000,0.0000,0.0000,1.0000,0.0000,1.0000,0,-0.016818,0.00000516,-0.016818,1.326479,-0.161420
2010-11-12,,3.3100,2.9200,20.6100,77.9412,52.510000,47.131287,0.130410,-0.082993,0,0,1,1,1,3,1,4,3.0000,3.0000,0.0000,0.0000,1.0000,0.0000,1.0000,0,-0.050886,0.00000516,-0.050886,1.258980,-0.204092
2010-11-15,,3.2400,2.9200,20.2000,78.4314,52.315000,47.176562,0.130988,-0.084062,0,0,1,1,1,3,1,3,3.0000,3.0000,0.0000,0.0000,1.0000,0.0000,1.0000,0,-0.010685,0.00000516,-0.010685,1.245528,-0.212596
2010-11-16,,3.2000,2.9200,22.5800,74.0196,51.450000,47.215562,0.131517,-0.088708,0,0,1,1,1,3,1,3,3.0000,3.0000,0.0000,0.0000,1.0000,0.0000,1.0000,0,-0.049647,0.00000555,-0.049647,1.183691,-0.251689
2010-11-17,,3.1500,2.9200,21.7600,73.2843,51.600000,47.254112,0.131389,-0.109083,0,0,1,1,1,3,1,3,3.0000,3.0000,0.0000,0.0000,1.0000,0.0000,1.0000,0,0.009464,0.00000595,0.009464,1.194894,-0.244606
2010-11-18,,3.1300,2.9200,18.7500,76.7157,52.430000,47.303162,0.130228,-0.114664,0,1,1,1,1,4,3,3,3.0000,3.0000,0.0000,0.0000,1.0000,0.0000,1.0000,0,0.046482,0.00000555,0.046482,1.250435,-0.209494
2010-11-19,,3.1200,2.9200,18.0400,76.4706,52.470000,47.350612,0.129437,-0.124136,0,1,1,1,1,4,3,4,3.0000,3.0000,0.0000,0.0000,1.0000,0.0000,1.0000,0,0.002353,0.00000595,0.002353,1.253377,-0.207634
2010-11-22,,3.1100,2.9200,18.3700,75.7353,52.910000,47.401812,0.129878,-0.122174,0,1,1,1,1,4,3,4,3.0000,3.0000,0.0000,0.0000,1.0000,0.0000,1.0000,0,0.026361,0.00000555,0.026361,1.286417,-0.186747
2010-11-23,,3.1400,2.9200,20.6300,72.3039,52.070000,47.446612,0.130438,-0.117241,0,0,1,1,1,3,1,4,3.0000,3.0000,0.0000,0.0000,1.0000,0.0000,1.0000,0,-0.047233,0.00000595,-0.047233,1.225656,-0.225159
2010-11-24,,3.1300,2.9200,19.5600,77.3171,53.120000,47.497112,0.129222,-0.133116,0,1,1,1,1,4,3,3,3.0000,3.0000,0.0000,0.0000,1.0000,0.0000,1.0000,0,0.058403,0.00000595,0.058403,1.297238,-0.179906
2010-11-26,,3.1000,2.9200,22.2200,75.8537,52.940000,47.543462,0.129419,-0.119023,0,0,1,1,1,3,1,4,3.0000,3.0000,0.0000,0.0000,1.0000,0.0000,1.0000,0,-0.006292,0.00000634,-0.006292,1.289075,-0.185066
2010-11-29,,3.0700,2.9200,21.5300,73.9024,52.730000,47.588312,0.129236,-0.110137,0,0,1,1,1,3,1,3,3.0000,3.0000,0.0000,0.0000,1.0000,0.0000,1.0000,0,-0.013920,0.00000634,-0.013920,1.271131,-0.196410
2010-11-30,,3.0400,2.9200,23.5400,72.6829,52.085000,47.627137,0.129797,-0.095757,0,0,1,1,1,3,1,3,3.0000,3.0000,0.0000,0.0000,1.0000,0.0000,1.0000,0,-0.038016,0.00000714,-0.038016,1.222808,-0.226959
2010-12-01,,3.0300,2.9200,21.3600,77.5610,53.190000,47.670237,0.128543,-0.114828,0,0,1,1,1,3,1,3,3.0000,3.0000,0.0000,0.0000,1.0000,0.0000,1.0000,0,0.063587,0.00000674,0.063587,1.300563,-0.177804
2010-12-02,,3.0100,2.9200,19.3900,81.9512,53.730000,47.714637,0.127244,-0.115249,0,1,1,1,1,4,3,3,3.0000,3.0000,0.0000,0.0000,1.0000,0.0000,1.0000,0,0.030366,0.00000634,0.030366,1.340056,-0.152837
2010-12-03,,2.9900,2.9200,18.0100,82.4390,53.870000,47.759837,0.127248,-0.118200,0,1,1,1,1,4,3,4,3.0000,3.0000,0.0000,0.0000,1.0000,0.0000,1.0000,0,0.008360,0.00000634,0.008360,1.351259,-0.145755
2010-12-06,,3.0200,2.9200,18.0200,81.7073,53.845000,47.805362,0.127036,-0.109116,0,1,1,1,1,4,3,4,3.0000,3.0000,0.0000,0.0000,1.0000,0.0000,1.0000,0,-0.001756,0.00000555,-0.001756,1.348885,-0.147255
2010-12-07,,3.0200,2.9200,17.9900,82.6829,53.880000,47.853962,0.126109,-0.108691,0,1,1,1,1,4,3,4,3.0000,3.0000,0.0000,0.0000,1.0000,0.0000,1.0000,0,0.000916,0.00000595,0.000916,1.350121,-0.146474
2010-12-08,,2.9900,2.9200,17.7400,84.1463,54.080000,47.901312,0.125193,-0.114860,0,1,1,1,1,4,3,4,3.0000,3.0000,0.0000,0.0000,1.0000,0.0000,1.0000,0,0.013817,0.00000555,0.013817,1.368776,-0.134681
2010-12-09,,2.9000,2.9200,17.2500,84.8780,54.135000,47.948987,0.125283,-0.105607,1,1,1,1,1,5,5,4,3.0000,3.0000,0.0000,0.0000,1.0000,0.0000,1.0000,0,0.001143,0.00000595,0.001143,1.370340,-0.133692
2010-12-10,,2.8600,2.9200,17.6100,87.8049,54.495000,47.997662,0.125000,-0.104309,1,1,1,1,1,5,5,5,3.0000,3.0000,0.0000,0.0000,1.0000,0.0000,1.0000,0,0.020924,0.00000555,0.020924,1.399013,-0.115565
2010-12-13,,2.7900,2.9200,17.5500,88.5366,54.300000,48.042112,0.125502,-0.093846,1,1,1,1,1,5,5,5,3.0000,3.0000,0.0000,0.0000,1.0000,0.0000,1.0000,0,-0.011672,0.00000516,-0.011672,1.382684,-0.125888
2010-12-14,,2.8000,2.9200,17.6100,87.8049,54.395000,48.086337,0.125732,-0.088707,1,1,1,1,1,5,5,5,3.0000,3.0000,0.0000,0.0000,1.0000,0.0000,1.0000,0,0.004118,0.00000595,0.004118,1.388379,-0.122288
2010-12-15,,2.7500,2.9200,17.9400,86.0976,54.160000,48.129137,0.125224,-0.090376,1,1,1,1,1,5,5,5,3.0000,3.0000,0.0000,0.0000,1.0000,0.0000,1.0000,0,-0.010188,0.00000595,-0.010188,1.374234,-0.131231
2010-12-16,,2.7400,2.9200,17.3900,87.3171,54.580000,48.173287,0.125611,-0.098994,1,1,1,1,1,5,5,5,3.0000,3.0000,0.0000,0.0000,1.0000,0.0000,1.0000,0,0.020865,0.00000555,0.020865,1.402906,-0.113104
2010-12-17,,2.7700,2.9200,16.1100,86.5854,54.520000,48.213687,0.125302,-0.099096,1,1,1,1,1,5,5,5,3.0000,3.0000,0.0000,0.0000,1.0000,0.0000,1.0000,0,0.003046,0.00000516,0.003046,1.407179,-0.110403
2010-12-20,,2.7300,2.9200,16.4100,88.0488,54.560000,48.253837,0.125241,-0.093123,1,1,1,1,1,5,5,5,3.0000,3.0000,0.0000,0.0000,1.0000,0.0000,1.0000,0,0.002705,0.00000436,0.002705,1.410985,-0.107997
2010-12-21,,2.7500,2.9200,16.4900,89.2683,54.890000,48.294337,0.124452,-0.107148,1,1,1,1,1,5,5,5,3.0000,3.0000,0.0000,0.0000,1.0000,0.0000,1.0000,0,0.016477,0.00000555,0.016477,1.434233,-0.093300
2010-12-22,,2.7200,2.9200,15.4500,89.7561,54.885000,48.332912,0.124583,-0.105899,1,1,1,1,1,5,5,5,3.0000,3.0000,0.0000,0.0000,1.0000,0.0000,1.0000,0,0.001060,0.00000555,0.001060,1.435754,-0.092338
2010-12-23,,2.7300,2.9200,16.4700,89.5122,54.742000,48.369872,0.124841,-0.101043,1,1,1,1,1,5,5,5,3.0000,3.0000,0.0000,0.0000,1.0000,0.0000,1.0000,0,-0.007605,0.00000555,-0.007605,1.424835,-0.099241
2010-12-27,,2.7000,2.9200,17.6700,89.5122,54.770000,48.406922,0.124871,-0.100938,1,1,1,1,1,5,5,5,3.0000,3.0000,0.0000,0.0000,1.0000,0.0000,1.0000,0,0.000402,0.00000555,0.000402,1.425407,-0.098879
2010-12-28,,2.7000,2.9200,17.5200,89.2683,54.670000,48.444072,0.125060,-0.100866,1,1,1,1,1,5,5,5,3.0000,3.0000,0.0000,0.0000,1.0000,0.0000,1.0000,0,-0.004330,0.00000674,-0.004330,1.419235,-0.102781
2010-12-29,,2.6800,2.9200,17.2800,90.0000,54.790000,48.480322,0.124722,-0.109627,1,1,1,1,1,5,5,5,3.0000,3.0000,0.0000,0.0000,1.0000,0.0000,1.0000,0,0.005954,0.00000595,0.005954,1.427686,-0.097439
2010-12-30,,2.7000,2.9200,17.5200,88.2927,54.660000,48.515272,0.124573,-0.099696,1,1,1,1,1,5,5,5,3.0000,3.0000,0.0000,0.0000,1.0000,0.0000,1.0000,0,-0.007515,0.00000516,-0.007515,1.416957,-0.104222
2010-12-31,,2.6900,2.9200,17.7500,88.5366,54.460000,48.548422,0.124652,-0.094500,1,1,1,1,1,5,5,5,3.0000,3.0000,0.0000,0.0000,1.0000,0.0000,1.0000,0,-0.009180,0.00000476,-0.009180,1.403949,-0.112445
2011-01-04,,2.6800,2.9200,17.3800,89.0244,55.265000,48.587297,0.124567,-0.099316,1,1,1,1,1,5,5,5,3.0000,3.0000,0.0000,0.0000,1.0000,0.0000,1.0000,0,0.043549,0.00000476,0.043549,1.465090,-0.073792
2011-01-05,,2.7100,2.9200,17.0200,90.7317,55.740000,48.626397,0.123159,-0.107833,1,1,1,1,1,5,5,5,3.0000,3.0000,0.0000,0.0000,1.0000,0.0000,1.0000,0,0.024819,0.00000555,0.024819,1.501452,-0.050805
2011-01-06,,2.6700,2.9200,17.4000,90.0000,55.920000,48.664735,0.123518,-0.104311,1,1,1,1,1,5,5,5,3.0000,3.0000,0.0000,0.0000,1.0000,0.0000,1.0000,0,0.009042,0.00000555,0.009042,1.515028,-0.042222
2011-01-07,,2.6700,2.9200,17.1400,88.7805,55.870000,48.703985,0.124204,-0.091222,1,1,1,1,1,5,5,5,3.0000,3.0000,0.0000,0.0000,1.0000,0.0000,1.0000,0,-0.002320,0.00000595,-0.002320,1.511514,-0.044444
2011-01-10,,2.7300,2.9200,17.5400,88.7805,56.080000,48.744635,0.123681,-0.090647,1,1,1,1,1,5,5,5,3.0000,3.0000,0.0000,0.0000,1.0000,0.0000,1.0000,0,0.011244,0.00000555,0.011244,1.528510,-0.033700
2011-01-11,,2.7500,2.9200,16.8900,89.7561,56.160000,48.785435,0.123421,-0.095729,1,1,1,1,1,5,5,5,3.0000,3.0000,0.0000,0.0000,1.0000,0.0000,1.0000,0,0.004596,0.00000595,0.004596,1.535535,-0.029258
2011-01-12,,2.6800,2.9200,16.2400,91.2195,56.555000,48.827060,0.122958,-0.101060,1,1,1,1,1,5,5,5,3.0000,3.0000,0.0000,0.0000,1.0000,0.0000,1.0000,0,0.020280,0.00000595,0.020280,1.566676,-0.009572
2011-01-13,,2.6800,2.9200,16.3900,90.2439,56.575000,48.867985,0.122967,-0.093249,1,1,1,1,1,5,5,5,3.0000,3.0000,0.0000,0.0000,1.0000,0.0000,1.0000,0,0.003151,0.00000595,0.003151,1.571612,-0.006451
2011-01-14,,2.7100,2.9200,15.4600,91.2195,57.000000,48.912185,0.122738,-0.114568,1,1,1,1,1,5,5,5,3.0000,3.0000,0.0000,0.0000,1.0000,0.0000,1.0000,0,0.021687,0.00000595,0.021687,1.605695,0.000000
2011-01-18,,2.7400,2.9200,15.8700,92.4390,57.160000,48.957185,0.122819,-0.111408,1,1,1,1,1,5,5,5,3.0000,3.0000,0.0000,0.0000,1.0000,0.0000,1.0000,0,0.007981,0.00000595,0.007981,1.618509,0.000000
2011-01-19,,2.7200,2.9200,17.3100,91.4634,56.510000,48.996685,0.123743,-0.096267,1,1,1,1,1,5,5,5,3.0000,3.0000,0.0000,0.0000,1.0000,0.0000,1.0000,0,-0.033492,0.00000634,-0.033492,1.564302,-0.033492
2011-01-20,,2.7000,2.9200,17.9900,92.1951,56.110000,49.033485,0.124844,-0.079104,1,1,1,1,1,5,5,5,3.0000,3.0000,0.0000,0.0000,1.0000,0.0000,1.0000,0,-0.022457,0.00000634,-0.022457,1.529173,-0.055197
2011-01-21,,2.7000,2.9200,18.4700,91.4634,55.680000,49.068735,0.124445,-0.076922,1,1,1,1,1,5,5,5,3.0000,3.0000,0.0000,0.0000,1.0000,0.0000,1.0000,0,-0.022846,0.00000634,-0.022846,1.494237,-0.076782
2011-01-24,,2.6800,2.9200,17.6500,91.9512,56.450000,49.107285,0.124438,-0.074735,1,1,1,1,1,5,5,5,3.0000,3.0000,0.0000,0.0000,1.0000,0.0000,1.0000,0,0.041298,0.00000634,0.041298,1.555947,-0.038655
2011-01-25,,2.6700,2.9200,17.5900,90.7317,56.532500,49.144797,0.124187,-0.074913,1,1,1,1,1,5,5,5,3.0000,3.0000,0.0000,0.0000,1.0000,0.0000,1.0000,0,0.003477,0.00000634,0.003477,1.561357,-0.035312
2011-01-26,,2.6600,2.9200,16.6400,90.7317,56.830000,49.183597,0.123236,-0.086070,1,1,1,1,1,5,5,5,3.0000,3.0000,0.0000,0.0000,1.0000,0.0000,1.0000,0,0.015506,0.00000634,0.015506,1.585567,-0.020353
2011-01-27,,2.6800,2.9200,16.1500,91.2195,57.180000,49.222897,0.123394,-0.085705,1,1,1,1,1,5,5,5,3.0000,3.0000,0.0000,0.0000,1.0000,0.0000,1.0000,0,0.019279,0.00000634,0.019279,1.616136,-0.001466
2011-01-28,,2.6700,2.9200,20.0400,88.5366,55.730000,49.251997,0.123904,-0.070854,1,0,1,1,1,4,3,5,3.0000,3.0000,0.0000,0.0000,1.0000,0.0000,1.0000,0,-0.075426,0.00000595,-0.075426,1.494237,-0.076782
2011-01-31,,2.7000,2.9200,19.5300,89.5122,56.020000,49.281447,0.123251,-0.078933,1,1,1,1,1,5,5,4,3.0000,3.0000,0.0000,0.0000,1.0000,0.0000,1.0000,0,0.014802,0.00000595,0.014802,1.516355,-0.063116
2011-02-01,,2.6800,2.9200,17.6300,90.9756,57.050000,49.319047,0.122561,-0.080570,1,1,1,1,1,5,5,5,3.0000,3.0000,0.0000,0.0000,1.0000,0.0000,1.0000,0,0.055535,0.00000595,0.055535,1.600566,-0.011087
2011-02-02,,2.6600,2.9200,17.3000,90.2439,56.955000,49.356322,0.122102,-0.073357,1,1,1,1,1,5,5,5,3.0000,3.0000,0.0000,0.0000,1.0000,0.0000,1.0000,0,-0.004508,0.00000595,-0.004508,1.593351,-0.015544
2011-02-03,,2.6400,2.9200,16.6900,91.7073,57.057500,49.392860,0.122324,-0.067351,1,1,1,1,1,5,5,5,3.0000,3.0000,0.0000,0.0000,1.0000,0.0000,1.0000,0,0.003874,0.00000634,0.003874,1.599523,-0.011731
2011-02-04,,2.6100,2.9200,15.9300,91.9512,57.375000,49.429585,0.121235,-0.072896,1,1,1,1,1,5,5,5,3.0000,3.0000,0.0000,0.0000,1.0000,0.0000,1.0000,0,0.018044,0.00000555,0.018044,1.628385,0.000000
2011-02-07,,2.5700,2.9200,16.2800,91.9512,57.650000,49.466285,0.121259,-0.077476,1,1,1,1,1,5,5,5,3.0000,3.0000,0.0000,0.0000,1.0000,0.0000,1.0000,0,0.014516,0.00000595,0.014516,1.652024,0.000000
2011-02-08,,2.5300,2.9200,15.8100,92.6829,58.025000,49.503810,0.120700,-0.072691,1,1,1,1,1,5,5,5,3.0000,3.0000,0.0000,0.0000,1.0000,0.0000,1.0000,0,0.021320,0.00000634,0.021320,1.687244,0.000000
2011-02-09,,2.5000,2.9200,15.8700,92.6829,57.930000,49.541410,0.120966,-0.074767,1,1,1,1,1,5,5,5,3.0000,3.0000,0.0000,0.0000,1.0000,0.0000,1.0000,0,-0.006076,0.00000595,-0.006076,1.676993,-0.006076
2011-02-10,,2.5300,2.9200,16.0900,92.1951,58.021000,49.584815,0.121174,-0.077967,1,1,1,1,1,5,5,5,3.0000,3.0000,0.0000,0.0000,1.0000,0.0000,1.0000,0,0.004870,0.00000555,0.004870,1.685159,-0.001236
2011-02-11,,2.5500,2.9200,15.6900,91.7073,58.440000,49.630165,0.120201,-0.091323,1,1,1,1,1,5,5,5,3.0000,3.0000,0.0000,0.0000,1.0000,0.0000,1.0000,0,0.020507,0.00000476,0.020507,1.719716,0.000000
2011-02-14,,2.5600,2.9200,15.9500,91.7073,58.580000,49.671915,0.119051,-0.107031,1,1,1,1,1,5,5,5,3.0000,3.0000,0.0000,0.0000,1.0000,0.0000,1.0000,0,0.006292,0.00000476,0.006292,1.730536,0.000000
2011-02-15,,2.5300,2.9200,16.3700,91.2195,58.500000,49.718227,0.119953,-0.097924,1,1,1,1,1,5,5,5,3.0000,3.0000,0.0000,0.0000,1.0000,0.0000,1.0000,0,-0.002576,0.00000516,-0.002576,1.726078,-0.002576
2011-02-16,,2.5300,2.9200,16.7200,92.4390,58.881000,49.762982,0.118790,-0.097956,1,1,1,1,1,5,5,5,3.0000,3.0000,0.0000,0.0000,1.0000,0.0000,1.0000,0,0.018481,0.00000516,0.018481,1.757977,0.000000
2011-02-17,,2.5300,2.9200,16.5900,92.4390,58.860000,49.815132,0.118659,-0.092931,1,1,1,1,1,5,5,5,3.0000,3.0000,0.0000,0.0000,1.0000,0.0000,1.0000,0,-0.000865,0.00000476,-0.000865,1.756457,-0.000865
2011-02-18,,2.5600,2.9200,16.4300,92.1951,58.730000,49.867882,0.118598,-0.097210,1,1,1,1,1,5,5,5,3.0000,3.0000,0.0000,0.0000,1.0000,0.0000,1.0000,0,-0.005677,0.00000357,-0.005677,1.746486,-0.006537
2011-02-22,,2.5800,2.9200,20.8000,90.4878,57.030000,49.920182,0.120496,-0.084827,1,0,1,1,1,4,3,5,3.0000,3.0000,0.0000,0.0000,1.0000,0.0000,1.0000,0,-0.088062,0.00000397,-0.088062,1.592687,-0.094023
2011-02-23,,2.6200,2.9200,22.1300,88.7805,56.560000,49.975932,0.120927,-0.069981,1,0,1,1,1,4,3,4,3.0000,3.0000,0.0000,0.0000,1.0000,0.0000,1.0000,0,-0.024678,0.00000476,-0.024678,1.553384,-0.116380
2011-02-24,,2.6000,2.9200,21.3200,88.2927,56.855000,50.021357,0.120589,-0.074879,1,0,1,1,1,4,3,4,3.0000,3.0000,0.0000,0.0000,1.0000,0.0000,1.0000,0,0.014239,0.00000476,0.014239,1.575502,-0.103798
2011-02-25,,2.5900,2.9200,19.2200,90.7317,57.650000,50.071007,0.119984,-0.079499,1,1,1,1,1,5,5,4,3.0000,3.0000,0.0000,0.0000,1.0000,0.0000,1.0000,0,0.042845,0.00000516,0.042845,1.643004,-0.065400
2011-02-28,,2.6000,2.9200,18.3500,90.7317,57.768900,50.116752,0.120578,-0.079812,1,1,1,1,1,5,5,5,3.0000,3.0000,0.0000,0.0000,1.0000,0.0000,1.0000,0,0.007280,0.00000516,0.007280,1.654966,-0.058596
2011-03-01,,2.5700,2.9200,21.0100,89.0244,56.840000,50.161702,0.121382,-0.060279,1,0,1,1,1,4,3,5,3.0000,3.0000,0.0000,0.0000,1.0000,0.0000,1.0000,0,-0.048073,0.00000595,-0.048073,1.575407,-0.103852
2011-03-02,,2.5900,2.9200,20.7000,89.2683,57.140000,50.212752,0.121332,-0.049738,1,0,1,1,1,4,3,4,3.0000,3.0000,0.0000,0.0000,1.0000,0.0000,1.0000,0,0.014102,0.00000555,0.014102,1.597624,-0.091215
2011-03-03,,2.6000,2.9200,18.6000,90.9756,58.265000,50.268677,0.120626,-0.056517,1,1,1,1,1,5,5,4,3.0000,3.0000,0.0000,0.0000,1.0000,0.0000,1.0000,0,0.059663,0.00000516,0.059663,1.692942,-0.036994
2011-03-04,,2.5500,2.9200,19.0600,89.0244,57.967500,50.326364,0.120801,-0.052967,1,1,1,1,1,5,5,5,3.0000,3.0000,0.0000,0.0000,1.0000,0.0000,1.0000,0,-0.015421,0.00000516,-0.015421,1.666836,-0.051844
2011-03-07,,2.6000,2.9200,20.6600,89.2683,57.190000,50.382014,0.122232,-0.032895,1,0,1,1,1,4,3,5,3.0000,3.0000,0.0000,0.0000,1.0000,0.0000,1.0000,0,-0.039244,0.00000476,-0.039244,1.601422,-0.089054
2011-03-08,,2.5900,2.9200,19.8200,90.2439,57.420000,50.447364,0.122530,-0.022873,1,1,1,1,1,5,5,4,3.0000,3.0000,0.0000,0.0000,1.0000,0.0000,1.0000,0,0.010433,0.00000436,0.010433,1.618130,-0.079550
2011-03-09,,2.5900,2.9200,20.2200,90.2439,57.030000,50.508314,0.123952,-0.011363,1,0,1,1,1,4,3,5,3.0000,3.0000,0.0000,0.0000,1.0000,0.0000,1.0000,0,-0.020182,0.00000436,-0.020182,1.585473,-0.098127
2011-03-10,,2.6100,2.9200,21.8800,88.5366,56.140000,50.565714,0.124858,-0.001185,1,0,1,1,1,4,3,4,3.0000,3.0000,0.0000,0.0000,1.0000,0.0000,1.0000,0,-0.045749,0.00000397,-0.045749,1.512939,-0.139386
2011-03-11,,2.6600,2.9200,20.0800,89.7561,56.490000,50.624664,0.124245,-0.010518,1,0,1,1,1,4,3,4,3.0000,3.0000,0.0000,0.0000,1.0000,0.0000,1.0000,0,0.017193,0.00000317,0.017193,1.538951,-0.124590
2011-03-14,,2.6300,2.9200,21.1300,87.3171,56.290000,50.685114,0.123376,-0.019549,1,0,1,1,1,4,3,4,3.0000,3.0000,0.0000,0.0000,1.0000,0.0000,1.0000,0,-0.011103,0.00000317,-0.011103,1.521864,-0.134310
2011-03-15,,2.6500,2.9200,24.3200,84.8780,55.490000,50.733214,0.122376,-0.023569,1,0,1,1,1,4,3,4,3.0000,3.0000,0.0000,0.0000,1.0000,0.0000,1.0000,0,-0.040050,0.00000357,-0.040050,1.460912,-0.168981
2011-03-16,,2.6800,2.9200,29.4000,80.2439,54.150000,50.775964,0.122806,-0.022575,1,0,1,1,1,4,3,4,3.0000,3.0000,0.0000,0.0000,1.0000,0.0000,1.0000,0,-0.073434,0.00000397,-0.073434,1.353632,-0.230006
2011-03-17,,2.7100,2.9200,26.3700,81.9512,54.650000,50.823314,0.121391,-0.032090,1,0,1,1,1,4,3,4,3.0000,3.0000,0.0000,0.0000,1.0000,0.0000,1.0000,0,0.026092,0.00000397,0.026092,1.388951,-0.209915
2011-03-18,,2.7200,2.9200,24.4400,83.4146,54.450000,50.864314,0.120715,-0.037056,1,0,1,1,1,4,3,4,3.0000,3.0000,0.0000,0.0000,1.0000,0.0000,1.0000,0,-0.005470,0.00000317,-0.005470,1.381353,-0.214237
2011-03-21,,2.6900,2.9200,20.6100,86.0976,55.500000,50.908364,0.120395,-0.033731,1,0,1,1,1,4,3,4,3.0000,3.0000,0.0000,0.0000,1.0000,0.0000,1.0000,0,0.055808,0.00000278,0.055808,1.458444,-0.170385
2011-03-22,,2.6400,2.9200,20.2100,85.3659,55.395000,50.959877,0.120988,-0.029661,1,0,1,1,1,4,3,4,3.0000,3.0000,0.0000,0.0000,1.0000,0.0000,1.0000,0,-0.002735,0.00000397,-0.002735,1.454456,-0.172654
2011-03-23,,2.6400,2.9200,19.1700,86.0976,55.710000,51.017077,0.120585,-0.035195,1,1,1,1,1,5,5,4,3.0000,3.0000,0.0000,0.0000,1.0000,0.0000,1.0000,0,0.015132,0.00000397,0.015132,1.476465,-0.160134
2011-03-24,,2.6300,2.9200,18.0000,86.8293,56.700000,51.079627,0.119939,-0.041145,1,1,1,1,1,5,5,5,3.0000,3.0000,0.0000,0.0000,1.0000,0.0000,1.0000,0,0.054411,0.00000357,0.054411,1.556800,-0.114437
2011-03-25,,2.5900,2.9200,17.9100,87.3171,56.840000,51.144727,0.119535,-0.046104,1,1,1,1,1,5,5,5,3.0000,3.0000,0.0000,0.0000,1.0000,0.0000,1.0000,0,0.007318,0.00000357,0.007318,1.568192,-0.107956
2011-03-28,,2.5800,2.9200,19.4400,87.0732,56.530000,51.202027,0.119408,-0.044323,1,1,1,1,1,5,5,5,3.0000,3.0000,0.0000,0.0000,1.0000,0.0000,1.0000,0,-0.016950,0.00000357,-0.016950,1.541612,-0.123076
2011-03-29,,2.5600,2.9200,18.1600,88.0488,57.080000,51.259927,0.119767,-0.040449,1,1,1,1,1,5,5,5,3.0000,3.0000,0.0000,0.0000,1.0000,0.0000,1.0000,0,0.028697,0.00000436,0.028697,1.585852,-0.097911
2011-03-30,,2.5900,2.9200,17.7100,90.0243,57.350000,51.319227,0.120321,-0.036686,1,1,1,1,1,5,5,5,3.0000,3.0000,0.0000,0.0000,1.0000,0.0000,1.0000,0,0.014726,0.00000397,0.014726,1.609206,-0.084626
2011-03-31,,2.5900,2.9200,17.7400,88.8078,57.430000,51.372827,0.120183,-0.036752,1,1,1,1,1,5,5,5,3.0000,3.0000,0.0000,0.0000,1.0000,0.0000,1.0000,0,0.004248,0.00000397,0.004248,1.616041,-0.080738
2011-04-01,,2.5800,2.9200,17.4000,89.2944,57.460000,51.425627,0.120541,-0.022176,1,1,1,1,1,5,5,5,3.0000,3.0000,0.0000,0.0000,1.0000,0.0000,1.0000,0,0.001527,0.00000357,0.001527,1.618509,-0.079334
2011-04-04,,2.5800,2.9200,17.5000,89.5377,57.270000,51.476727,0.120441,-0.026060,1,1,1,1,1,5,5,5,3.0000,3.0000,0.0000,0.0000,1.0000,0.0000,1.0000,0,-0.009032,0.00000278,-0.009032,1.603890,-0.087650
2011-04-05,,2.5800,2.9200,17.2500,88.8078,57.120000,51.527327,0.119998,-0.035473,1,1,1,1,1,5,5,5,3.0000,3.0000,0.0000,0.0000,1.0000,0.0000,1.0000,0,-0.011365,0.00000238,-0.011365,1.585662,-0.098019
2011-04-06,,2.5500,2.9200,16.9000,89.7810,57.260000,51.580627,0.120455,-0.027455,1,1,1,1,1,5,5,5,3.0000,3.0000,0.0000,0.0000,1.0000,0.0000,1.0000,0,0.007543,0.00000278,0.007543,1.597624,-0.091215
2011-04-07,,2.5500,2.9200,17.1100,90.0243,57.220000,51.635527,0.120275,-0.026670,1,1,1,1,1,5,5,5,3.0000,3.0000,0.0000,0.0000,1.0000,0.0000,1.0000,0,-0.000237,0.00000238,-0.000237,1.597244,-0.091430
2011-04-08,,2.5700,2.9200,17.8700,89.5377,56.950000,51.690027,0.120352,-0.021901,1,1,1,1,1,5,5,5,3.0000,3.0000,0.0000,0.0000,1.0000,0.0000,1.0000,0,-0.014980,0.00000159,-0.014980,1.573318,-0.105041
2011-04-11,,2.5600,2.9200,16.5900,89.0511,56.760000,51.747077,0.119130,-0.032198,1,1,1,1,1,5,5,5,3.0000,3.0000,0.0000,0.0000,1.0000,0.0000,1.0000,0,-0.009412,0.00000159,-0.009412,1.558510,-0.113464
2011-04-12,,2.5500,2.9200,17.0900,89.0511,56.370000,51.802577,0.119723,-0.024974,1,1,1,1,1,5,5,5,3.0000,3.0000,0.0000,0.0000,1.0000,0.0000,1.0000,0,-0.019371,0.00000198,-0.019371,1.528320,-0.130637
2011-04-13,,2.5800,2.9200,16.9200,89.5631,56.850000,51.861277,0.120037,-0.022993,1,1,1,1,1,5,5,5,3.0000,3.0000,0.0000,0.0000,1.0000,0.0000,1.0000,0,0.022797,0.00000198,0.022797,1.563161,-0.110818
2011-04-14,,2.5800,2.9200,16.2700,89.0777,56.750000,51.928177,0.120667,-0.025494,1,1,1,1,1,5,5,5,3.0000,3.0000,0.0000,0.0000,1.0000,0.0000,1.0000,0,-0.004434,0.00000238,-0.004434,1.556231,-0.114760
2011-04-15,,2.5500,2.9200,15.3200,89.0777,56.650000,51.997877,0.121554,-0.027166,1,1,1,1,1,5,5,5,3.0000,3.0000,0.0000,0.0000,1.0000,0.0000,1.0000,0,-0.005978,0.00000278,-0.005978,1.546927,-0.120053
2011-04-18,,2.5600,2.9200,16.9600,87.8641,56.250000,52.066177,0.121860,-0.021129,1,1,1,1,1,5,5,5,3.0000,3.0000,0.0000,0.0000,1.0000,0.0000,1.0000,0,-0.019763,0.00000278,-0.019763,1.516355,-0.137443
2011-04-19,,2.5800,2.9200,15.8300,88.1068,56.600000,52.136827,0.121202,-0.026456,1,1,1,1,1,5,5,5,3.0000,3.0000,0.0000,0.0000,1.0000,0.0000,1.0000,0,0.018032,0.00000278,0.018032,1.543697,-0.121890
2011-04-20,,2.5600,2.9200,15.0700,88.8350,57.875000,52.213202,0.121112,-0.025516,1,1,1,1,1,5,5,5,3.0000,3.0000,0.0000,0.0000,1.0000,0.0000,1.0000,0,0.066546,0.00000238,0.066546,1.646424,-0.063455
2011-04-21,,2.5500,2.9200,14.6900,88.8350,58.340000,52.285102,0.120496,-0.022935,1,1,1,1,1,5,5,5,3.0000,3.0000,0.0000,0.0000,1.0000,0.0000,1.0000,0,0.025371,0.00000238,0.025371,1.688196,-0.039694
2011-04-25,,2.5700,2.9200,15.7700,89.0777,58.490000,52.356552,0.120735,-0.022156,1,1,1,1,1,5,5,5,3.0000,3.0000,0.0000,0.0000,1.0000,0.0000,1.0000,0,0.007422,0.00000238,0.007422,1.700726,-0.032566
2011-04-26,,2.5800,2.9200,15.6200,91.2621,58.820000,52.427552,0.120705,-0.027243,1,1,1,1,1,5,5,5,3.0000,3.0000,0.0000,0.0000,1.0000,0.0000,1.0000,0,0.017194,0.00000278,0.017194,1.729967,-0.015933
2011-04-27,,2.5700,2.9200,15.3500,92.9612,59.220000,52.499902,0.120918,-0.019958,1,1,1,1,1,5,5,5,3.0000,3.0000,0.0000,0.0000,1.0000,0.0000,1.0000,0,0.020745,0.00000278,0.020745,1.765855,0.000000
2011-04-28,,2.5700,2.9200,14.6200,93.6893,59.130000,52.568902,0.121556,-0.008541,1,1,1,1,1,5,5,5,3.0000,3.0000,0.0000,0.0000,1.0000,0.0000,1.0000,0,-0.001505,0.00000238,-0.001505,1.763197,-0.001505
2011-04-29,,2.5900,2.9200,14.7500,92.9782,59.080000,52.636502,0.121528,-0.004921,1,1,1,1,1,5,5,5,3.0000,3.0000,0.0000,0.0000,1.0000,0.0000,1.0000,0,-0.004847,0.00000159,-0.004847,1.754652,-0.006344
2011-05-02,,2.5800,2.9200,15.9900,92.7361,58.970000,52.703352,0.121752,-0.004872,1,1,1,1,1,5,5,5,3.0000,3.0000,0.0000,0.0000,1.0000,0.0000,1.0000,0,-0.005410,0.00000159,-0.005410,1.745159,-0.011720
2011-05-03,,2.5700,2.9200,16.7000,91.7676,58.690000,52.775102,0.122965,0.014764,1,1,1,1,0,4,3,5,3.0000,3.0000,0.0000,0.0000,1.0000,0.0000,1.0000,0,-0.015016,0.00000198,-0.015016,1.718954,-0.026560
2011-05-04,,2.5700,2.9200,17.0800,91.0412,58.600000,52.844502,0.123637,0.020041,1,1,1,1,0,4,3,4,3.0000,3.0000,0.0000,0.0000,1.0000,0.0000,1.0000,0,-0.005854,0.00000119,-0.005854,1.708892,-0.032258
2011-05-05,,2.5600,2.9200,18.2000,90.0726,58.280000,52.909602,0.123868,0.026449,1,1,1,1,0,4,3,4,3.0000,3.0000,0.0000,0.0000,1.0000,0.0000,1.0000,0,-0.014999,0.00000119,-0.014999,1.683260,-0.046774
2011-05-06,,2.5900,2.9200,18.4000,91.2833,58.470000,52.978752,0.123994,0.025401,1,1,1,1,0,4,3,4,3.0000,3.0000,0.0000,0.0000,1.0000,0.0000,1.0000,0,0.008685,0.00000079,0.008685,1.697879,-0.038495
2011-05-09,,2.6000,2.9200,17.1600,90.7990,58.690000,53.043352,0.123812,0.022164,1,1,1,1,0,4,3,4,3.0000,3.0000,0.0000,0.0000,1.0000,0.0000,1.0000,0,0.010848,0.00000079,0.010848,1.716296,-0.028065
2011-05-10,,2.6400,2.9200,15.9100,92.4939,59.190000,53.109002,0.124426,0.035884,1,1,1,1,0,4,3,4,3.0000,3.0000,0.0000,0.0000,1.0000,0.0000,1.0000,0,0.025668,0.00000119,0.025668,1.760350,-0.003117
2011-05-11,,2.6100,2.9200,16.9500,90.3148,58.755000,53.170577,0.125446,0.054124,1,1,1,1,0,4,3,4,3.0000,3.0000,0.0000,0.0000,1.0000,0.0000,1.0000,0,-0.022004,0.00000119,-0.022004,1.721615,-0.025053
2011-05-12,,2.6100,2.9200,16.0300,91.2833,59.110000,53.234027,0.126110,0.052128,1,1,1,1,0,4,3,4,3.0000,3.0000,0.0000,0.0000,1.0000,0.0000,1.0000,0,0.018196,0.00000119,0.018196,1.752942,-0.007313
2011-05-13,,2.6400,2.9200,17.0700,88.8620,58.410000,53.295827,0.126492,0.064933,1,1,1,1,0,4,3,4,3.0000,3.0000,0.0000,0.0000,1.0000,0.0000,1.0000,0,-0.035534,0.00000079,-0.035534,1.690653,-0.042587
2011-05-16,,2.6400,2.9200,18.2400,87.8935,57.399000,53.354272,0.127450,0.073495,1,1,1,1,0,4,3,4,3.0000,3.0000,0.0000,0.0000,1.0000,0.0000,1.0000,0,-0.051994,0.00000119,-0.051994,1.602749,-0.092366
2011-05-17,,2.6000,2.9200,17.5500,88.1356,57.560000,53.413022,0.128407,0.081874,1,1,1,1,0,4,3,4,3.0000,3.0000,0.0000,0.0000,1.0000,0.0000,1.0000,0,0.008175,0.00000159,0.008175,1.615852,-0.084947
2011-05-18,,2.5900,2.9200,16.2300,88.3777,58.040000,53.469872,0.126823,0.053519,1,1,1,1,0,4,3,4,3.0000,3.0000,0.0000,0.0000,1.0000,0.0000,1.0000,0,0.024324,0.00000159,0.024324,1.655155,-0.062689
2011-05-19,,2.5900,2.9200,15.5200,88.8620,58.210000,53.528572,0.126875,0.050555,1,1,1,1,0,4,3,4,3.0000,3.0000,0.0000,0.0000,1.0000,0.0000,1.0000,0,0.008606,0.00000198,0.008606,1.669399,-0.054623
2011-05-20,,2.6100,2.9200,17.4300,86.9249,57.765000,53.582707,0.127722,0.060364,1,1,1,1,0,4,3,4,3.0000,3.0000,0.0000,0.0000,1.0000,0.0000,1.0000,0,-0.022067,0.00000198,-0.022067,1.632560,-0.075485
2011-05-23,,2.6300,2.9200,18.2700,84.7826,56.920000,53.633157,0.127745,0.064550,1,1,1,1,0,4,3,4,3.0000,3.0000,0.0000,0.0000,1.0000,0.0000,1.0000,0,-0.043382,0.00000198,-0.043382,1.561736,-0.115592
2011-05-24,,2.6200,2.9200,17.8200,83.8164,56.570000,53.682207,0.127700,0.058530,1,1,1,1,0,4,3,4,3.0000,3.0000,0.0000,0.0000,1.0000,0.0000,1.0000,0,-0.018845,0.00000238,-0.018845,1.532305,-0.132259
2011-05-25,,2.6200,2.9200,17.0700,85.0242,56.790000,53.730757,0.127011,0.046895,1,1,1,1,0,4,3,4,3.0000,3.0000,0.0000,0.0000,1.0000,0.0000,1.0000,0,0.011154,0.00000238,0.011154,1.549395,-0.122581
2011-05-26,,2.6400,2.9200,16.0900,85.9903,57.141500,53.783102,0.126391,0.042262,1,1,1,1,0,4,3,4,3.0000,3.0000,0.0000,0.0000,1.0000,0.0000,1.0000,0,0.018751,0.00000238,0.018751,1.578448,-0.106129
2011-05-27,,2.6400,2.9200,15.9800,86.9565,57.430000,53.843252,0.125908,0.043800,1,1,1,1,0,4,3,4,3.0000,3.0000,0.0000,0.0000,1.0000,0.0000,1.0000,0,0.014916,0.00000198,0.014916,1.601991,-0.092796
2011-05-31,,2.6500,2.9200,15.4500,87.4396,58.360000,53.909852,0.125547,0.040004,1,1,1,1,0,4,3,4,3.0000,3.0000,0.0000,0.0000,1.0000,0.0000,1.0000,0,0.048122,0.00000198,0.048122,1.679082,-0.049140
2011-06-01,,2.6500,2.9200,18.3000,81.6425,57.090000,53.971702,0.127095,0.039914,1,1,1,1,0,4,3,4,3.0000,3.0000,0.0000,0.0000,1.0000,0.0000,1.0000,0,-0.063892,0.00000238,-0.063892,1.571802,-0.109892
2011-06-02,,2.6800,2.9150,18.0900,81.8841,57.210000,54.033752,0.126850,0.035035,1,1,1,1,0,4,3,4,3.0000,3.0000,0.0000,0.0000,1.0000,0.0000,1.0000,0,0.005798,0.00000198,0.005798,1.580916,-0.104731
2011-06-03,,2.7000,2.9150,17.9500,78.9855,56.350000,54.088642,0.127243,0.026154,1,1,1,1,0,4,3,4,3.0000,3.0000,0.0000,0.0000,1.0000,0.0000,1.0000,0,-0.045401,0.00000159,-0.045401,1.509140,-0.145377
2011-06-06,,2.7300,2.9050,18.4900,73.1884,55.890000,54.140342,0.128013,0.025098,1,1,1,1,0,4,3,4,3.0000,3.0000,0.0000,0.0000,1.0000,0.0000,1.0000,0,-0.024157,0.00000159,-0.024157,1.472684,-0.166022
2011-06-07,,2.7500,2.9000,18.0700,71.7391,55.790000,54.194992,0.128257,0.031815,1,1,1,1,0,4,3,4,3.0000,3.0000,0.0000,0.0000,1.0000,0.0000,1.0000,0,-0.005800,0.00000198,-0.005800,1.464142,-0.170859
2011-06-08,,2.7500,2.9000,18.7900,69.3237,55.390000,54.247342,0.129108,0.045877,1,1,1,1,0,4,3,4,3.0000,3.0000,0.0000,0.0000,1.0000,0.0000,1.0000,0,-0.021787,0.00000198,-0.021787,1.432243,-0.188924
2011-06-09,,2.7300,2.9000,17.7700,69.5652,55.485000,54.302367,0.128246,0.048256,1,1,1,1,0,4,3,4,3.0000,3.0000,0.0000,0.0000,1.0000,0.0000,1.0000,0,0.004638,0.00000159,0.004638,1.438885,-0.185162
2011-06-10,,2.7300,2.9000,18.8600,63.2850,54.640000,54.357317,0.129193,0.052598,1,1,1,1,0,4,3,4,3.0000,3.0000,0.0000,0.0000,1.0000,0.0000,1.0000,0,-0.045922,0.00000198,-0.045922,1.372808,-0.222582
2011-06-13,,2.7100,2.8800,19.6100,63.2850,54.640000,54.410167,0.129679,0.068215,1,1,1,1,0,4,3,4,3.0000,3.0000,0.0000,0.0000,1.0000,0.0000,1.0000,0,0.000693,0.00000198,0.000693,1.373760,-0.222043
2011-06-14,,2.7200,2.8300,18.2600,68.8406,55.340000,54.469167,0.128557,0.065744,1,1,1,1,0,4,3,4,3.0000,3.0000,0.0000,0.0000,1.0000,0.0000,1.0000,0,0.037179,0.00000198,0.037179,1.424835,-0.193119
2011-06-15,,2.7100,2.7950,21.3200,61.3527,54.290000,54.520267,0.129271,0.072181,1,0,1,0,0,2,-1,4,3.0000,3.0000,0.0000,0.0000,1.0000,0.0000,1.0000,0,-0.054637,0.00000198,-0.054637,1.346986,-0.237205
2011-06-16,,2.7400,2.7800,22.7300,61.5942,54.080000,54.572617,0.130008,0.073407,1,0,1,0,0,2,-1,2,0.0000,0.0000,0.0000,0.0000,0.0000,1.0000,0.0000,1,-0.013955,0.00000198,0.000363,1.347475,-0.236928
2011-06-17,,2.7500,2.7600,21.8500,62.8019,53.790000,54.624267,0.129831,0.075134,1,0,1,0,0,2,-1,2,0.0000,0.0000,0.0000,0.0000,0.0000,1.0000,0.0000,0,-0.007433,0.00000198,0.000002,1.347477,-0.236926
2011-06-20,,2.7900,2.7600,19.9900,64.0097,54.070000,54.670817,0.129914,0.081134,0,1,1,0,0,2,-1,2,0.0000,0.0000,0.0000,0.0000,0.0000,1.0000,0.0000,0,0.013249,0.00000159,0.000002,1.347480,-0.236925
2011-06-21,,2.7600,2.7550,18.8600,71.4976,55.230000,54.720667,0.128235,0.071752,0,1,1,1,0,3,1,2,0.0000,0.0000,0.0000,0.0000,0.0000,1.0000,0.0000,0,0.066666,0.00000119,0.000001,1.347481,-0.236924
2011-06-22,,2.7500,2.7500,18.5200,66.9082,54.831000,54.764772,0.128157,0.071984,1,1,1,1,0,4,3,3,3.0000,3.0000,0.0000,0.0000,1.0000,0.0000,1.0000,1,-0.022521,0.00000119,-0.009517,1.334657,-0.244186
2011-06-23,,2.7400,2.7500,19.2900,67.3913,55.340000,54.812972,0.127435,0.062292,1,1,1,1,0,4,3,4,3.0000,3.0000,0.0000,0.0000,1.0000,0.0000,1.0000,0,0.027676,0.00000079,0.027676,1.371595,-0.223269
2011-06-24,,2.7600,2.7500,21.1000,63.2850,54.380000,54.853622,0.129327,0.071494,0,0,1,0,0,1,-3,4,3.0000,3.0000,0.0000,0.0000,1.0000,0.0000,1.0000,0,-0.052666,0.00000040,-0.052666,1.299358,-0.264176
2011-06-27,,2.8300,2.7500,20.5600,65.4589,55.245000,54.897697,0.129123,0.071782,0,0,1,1,0,2,-1,1,0.0000,0.0000,0.0000,0.0000,0.0000,1.0000,0.0000,1,0.048593,0.00000079,0.004561,1.305284,-0.260820
2011-06-28,,2.8700,2.7500,19.1700,69.3237,56.070000,54.945047,0.128038,0.060543,0,1,1,1,0,3,1,2,0.0000,0.0000,0.0000,0.0000,0.0000,1.0000,0.0000,0,0.045138,0.00000079,0.000001,1.305285,-0.260820
2011-06-29,,2.8100,2.7500,17.2700,71.0145,56.300000,54.990297,0.127792,0.059870,0,1,1,1,0,3,1,3,3.0000,3.0000,0.0000,0.0000,1.0000,0.0000,1.0000,1,0.012267,0.00000119,0.003474,1.309819,-0.258252
2011-06-30,,2.7500,2.7500,16.5200,75.3623,57.050000,55.038297,0.126847,0.056540,1,1,1,1,0,4,3,3,3.0000,3.0000,0.0000,0.0000,1.0000,0.0000,1.0000,0,0.037995,0.00000079,0.037995,1.359586,-0.230069
2011-07-01,,2.7200,2.7500,15.8700,79.2271,57.910000,55.089097,0.126493,0.050229,1,1,1,1,0,4,3,4,3.0000,3.0000,0.0000,0.0000,1.0000,0.0000,1.0000,0,0.046698,0.00000119,0.046698,1.423077,-0.194115
2011-07-05,,2.6900,2.7500,16.0600,78.9855,58.200000,55.140397,0.125850,0.046527,1,1,1,1,0,4,3,4,3.0000,3.0000,0.0000,0.0000,1.0000,0.0000,1.0000,0,0.014058,0.00000079,0.014058,1.443082,-0.182785
2011-07-06,,2.7400,2.7500,16.3400,79.7101,58.390000,55.192372,0.125961,0.046992,1,1,1,1,0,4,3,4,3.0000,3.0000,0.0000,0.0000,1.0000,0.0000,1.0000,0,0.010084,0.00000079,0.010084,1.457634,-0.174545
2011-07-07,,2.7300,2.7500,15.9500,82.8502,59.190000,55.244172,0.125185,0.051934,1,1,1,1,0,4,3,4,3.0000,3.0000,0.0000,0.0000,1.0000,0.0000,1.0000,0,0.041061,0.00000040,0.041061,1.517487,-0.140650
2011-07-08,,2.6900,2.7450,15.9500,78.7440,59.030000,55.295222,0.125595,0.050140,1,1,1,1,0,4,3,4,3.0000,3.0000,0.0000,0.0000,1.0000,0.0000,1.0000,0,-0.008282,0.00000119,-0.008282,1.504919,-0.147768
2011-07-11,,2.7300,2.7400,18.3900,71.7391,57.960000,55.341572,0.126544,0.054422,1,1,1,1,0,4,3,4,3.0000,3.0000,0.0000,0.0000,1.0000,0.0000,1.0000,0,-0.053613,0.00000119,-0.053613,1.424235,-0.193459
2011-07-12,,2.7600,2.7400,19.8700,70.5314,57.520000,55.385822,0.127664,0.057909,0,1,1,1,0,3,1,4,3.0000,3.0000,0.0000,0.0000,1.0000,0.0000,1.0000,0,-0.024380,0.00000119,-0.024380,1.389512,-0.213122
2011-07-13,,2.7700,2.7400,19.9100,70.5314,57.760000,55.426322,0.126896,0.043882,0,1,1,1,0,3,1,3,3.0000,3.0000,0.0000,0.0000,1.0000,0.0000,1.0000,0,0.013329,0.00000119,0.013329,1.408033,-0.202634
2011-07-14,,2.7600,2.7400,20.8000,66.6667,57.090000,55.464822,0.127205,0.043992,0,0,1,1,0,2,-1,3,3.0000,3.0000,0.0000,0.0000,1.0000,0.0000,1.0000,0,-0.034407,0.00000040,-0.034407,1.359586,-0.230069
2011-07-15,,2.7600,2.7400,19.5300,66.9082,57.850000,55.507222,0.126661,0.045174,0,1,1,1,0,3,1,2,0.0000,0.0000,0.0000,0.0000,0.0000,1.0000,0.0000,1,0.039766,0.00000040,0.034210,1.406097,-0.203730
2011-07-18,,2.8000,2.7400,20.9500,61.1111,57.540000,55.548472,0.126483,0.043522,0,0,1,1,0,2,-1,3,3.0000,3.0000,0.0000,0.0000,1.0000,0.0000,1.0000,1,-0.016490,0.00000079,-0.001742,1.403648,-0.205117
2011-07-19,,2.8400,2.7400,19.2100,66.9880,58.850000,55.597372,0.125556,0.041658,0,1,1,1,0,3,1,2,0.0000,0.0000,0.0000,0.0000,0.0000,1.0000,0.0000,1,0.070519,0.00000079,0.029881,1.445589,-0.181366
2011-07-20,,2.7800,2.7400,19.0900,66.9880,58.600000,55.645322,0.126385,0.046454,0,1,1,1,0,3,1,3,3.0000,3.0000,0.0000,0.0000,1.0000,0.0000,1.0000,1,-0.013996,0.00000119,-0.028226,1.404786,-0.204472
2011-07-21,,2.8000,2.7400,17.5600,70.6024,58.990000,55.697872,0.126515,0.048023,0,1,1,1,0,3,1,3,3.0000,3.0000,0.0000,0.0000,1.0000,0.0000,1.0000,0,0.020279,0.00000079,0.020279,1.433275,-0.188340
2011-07-22,,2.7700,2.7400,17.5200,70.1205,59.600000,55.747572,0.125650,0.038817,0,1,1,1,0,3,1,3,3.0000,3.0000,0.0000,0.0000,1.0000,0.0000,1.0000,0,0.031073,0.00000198,0.031073,1.477810,-0.163119
2011-07-25,,2.7500,2.7400,19.3500,67.4699,59.480000,55.798822,0.126803,0.042439,0,1,1,1,0,3,1,3,3.0000,3.0000,0.0000,0.0000,1.0000,0.0000,1.0000,0,-0.005928,0.00000198,-0.005928,1.469050,-0.168080
2011-07-26,,2.7700,2.7400,20.2300,65.0602,59.625000,55.849897,0.126828,0.042626,0,0,1,1,0,2,-1,3,3.0000,3.0000,0.0000,0.0000,1.0000,0.0000,1.0000,0,0.005490,0.00000198,0.005490,1.477115,-0.163513
2011-07-27,,2.7600,2.7400,22.9800,55.1807,58.090000,55.891597,0.129096,0.057838,0,0,1,1,0,2,-1,2,0.0000,0.0000,0.0000,0.0000,0.0000,1.0000,0.0000,1,-0.075860,0.00000278,-0.018411,1.449920,-0.178914
2011-07-28,,2.7300,2.7400,23.7400,54.9398,58.190000,55.933697,0.128667,0.044490,1,0,1,1,0,3,1,2,0.0000,0.0000,0.0000,0.0000,0.0000,1.0000,0.0000,0,0.005334,0.00000317,0.000003,1.449924,-0.178911
2011-07-29,,2.7300,2.7400,25.2500,52.0482,58.000000,55.973147,0.128238,0.035693,1,0,1,1,0,3,1,3,3.0000,3.0000,0.0000,0.0000,1.0000,0.0000,1.0000,1,-0.009687,0.00000278,0.014813,1.471401,-0.166749
2011-08-01,,2.7700,2.7400,23.6600,49.2788,57.730000,56.009197,0.129174,0.041286,0,0,0,1,0,1,-3,3,3.0000,3.0000,0.0000,0.0000,1.0000,0.0000,1.0000,0,-0.013510,0.00000397,-0.013510,1.451523,-0.178005
2011-08-02,,2.7700,2.7400,24.7900,36.2981,56.270000,56.038447,0.130289,0.047475,0,0,0,1,0,1,-3,1,0.0000,0.0000,0.0000,0.0000,0.0000,1.0000,0.0000,1,-0.075907,0.00000397,-0.015897,1.428448,-0.191073
2011-08-03,,2.7400,2.7400,23.3800,38.7019,56.810000,56.065047,0.129587,0.043681,1,0,0,1,0,2,-1,1,0.0000,0.0000,0.0000,0.0000,0.0000,1.0000,0.0000,0,0.025933,0.00000238,0.000002,1.428451,-0.191071
2011-08-04,,2.7200,2.7400,31.6600,21.6346,54.170000,56.079397,0.131507,0.050358,1,0,0,0,0,1,-3,2,0.0000,0.0000,0.0000,0.0000,0.0000,1.0000,0.0000,0,-0.136098,0.00000079,0.000001,1.428453,-0.191070
2011-08-05,,2.7700,2.7400,32.0000,20.9135,53.830000,56.094447,0.132786,0.052263,0,0,0,0,0,0,-5,1,0.0000,0.0000,0.0000,0.0000,0.0000,1.0000,0.0000,0,-0.022053,0.00000079,0.000001,1.428454,-0.191070
2011-08-08,,2.7700,2.7400,48.0000,7.6923,50.590000,56.091597,0.134509,0.055347,0,0,0,0,0,0,-5,0,0.0000,0.0000,0.0000,0.0000,0.0000,1.0000,0.0000,0,-0.175681,0.00000040,0.000000,1.428454,-0.191069
2011-08-09,,2.8800,2.7400,35.0600,18.2692,53.030000,56.100297,0.132746,0.043333,0,0,0,0,0,0,-5,0,0.0000,0.0000,0.0000,0.0000,0.0000,1.0000,0.0000,0,0.136958,0.00000198,0.000002,1.428457,-0.191068
2011-08-10,,3.0100,2.7400,42.9900,11.2981,50.860000,56.096397,0.136254,0.058244,0,0,0,0,0,0,-5,0,0.0000,0.0000,0.0000,0.0000,0.0000,1.0000,0.0000,0,-0.117945,0.00000119,0.000001,1.428459,-0.191067
2011-08-11,,3.0300,2.7400,39.0000,19.7115,53.100000,56.102447,0.135899,0.051402,0,0,0,0,0,0,-5,0,0.0000,0.0000,0.0000,0.0000,0.0000,1.0000,0.0000,0,0.128365,0.00000079,0.000001,1.428460,-0.191066
2011-08-12,,3.1500,2.7400,36.3600,21.1538,53.570000,56.110147,0.134186,0.051034,0,0,0,0,0,0,-5,0,0.0000,0.0000,0.0000,0.0000,0.0000,1.0000,0.0000,0,0.025440,0.00000119,0.000001,1.428462,-0.191065
2011-08-15,,3.1400,2.7400,31.8700,27.8846,54.360000,56.120997,0.135881,0.063584,0,0,0,0,0,0,-5,0,0.0000,0.0000,0.0000,0.0000,0.0000,1.0000,0.0000,0,0.043142,0.00000079,0.000001,1.428463,-0.191065
2011-08-16,,3.1500,2.7400,32.8500,25.7212,53.900000,56.128997,0.136843,0.063913,0,0,0,0,0,0,-5,0,0.0000,0.0000,0.0000,0.0000,0.0000,1.0000,0.0000,0,-0.025700,0.00000079,0.000001,1.428464,-0.191064
2011-08-17,,3.1200,2.7400,31.5800,25.9615,53.580000,56.135997,0.137816,0.071444,0,0,0,0,0,0,-5,0,0.0000,0.0000,0.0000,0.0000,0.0000,1.0000,0.0000,0,-0.016222,0.00000119,0.000001,1.428466,-0.191063
2011-08-18,,3.1100,2.7400,42.6700,17.5481,50.950000,56.129647,0.142302,0.099234,0,0,0,0,0,0,-5,0,0.0000,0.0000,0.0000,0.0000,0.0000,1.0000,0.0000,0,-0.145016,0.00000040,0.000000,1.428466,-0.191063
2011-08-19,,3.1200,2.7400,43.0500,14.4231,50.030000,56.115897,0.143777,0.112309,0,0,0,0,0,0,-5,0,0.0000,0.0000,0.0000,0.0000,0.0000,1.0000,0.0000,0,-0.056057,0.00000040,0.000000,1.428467,-0.191062
2011-08-22,,3.1200,2.7400,42.4400,14.4231,50.210000,56.101847,0.143307,0.113441,0,0,0,0,0,0,-5,0,0.0000,0.0000,0.0000,0.0000,0.0000,1.0000,0.0000,0,0.008975,0.00000079,0.000001,1.428468,-0.191062
2011-08-23,,3.1300,2.7400,36.2700,22.5962,52.280000,56.094897,0.141232,0.106142,0,0,0,0,0,0,-5,0,0.0000,0.0000,0.0000,0.0000,0.0000,1.0000,0.0000,0,0.124528,0.00000040,0.000000,1.428468,-0.191061
2011-08-24,,3.1900,2.7400,35.9000,26.4423,52.690000,56.089997,0.142276,0.116648,0,0,0,0,0,0,-5,0,0.0000,0.0000,0.0000,0.0000,0.0000,1.0000,0.0000,0,0.022887,0.00000040,0.000000,1.428469,-0.191061
2011-08-25,,3.2100,2.7400,39.7600,22.5962,51.830000,56.080460,0.142114,0.104201,0,0,0,0,0,0,-5,0,0.0000,0.0000,0.0000,0.0000,0.0000,1.0000,0.0000,0,-0.048041,0.00000079,0.000001,1.428470,-0.191060
2011-08-26,,3.2500,2.7400,35.5900,26.4423,53.130000,56.078860,0.139866,0.091889,0,0,0,0,0,0,-5,0,0.0000,0.0000,0.0000,0.0000,0.0000,1.0000,0.0000,0,0.072244,0.00000040,0.000000,1.428471,-0.191060
2011-08-29,,3.2500,2.7400,32.2800,32.6923,54.610000,56.083335,0.138658,0.083478,0,0,0,0,0,0,-5,0,0.0000,0.0000,0.0000,0.0000,0.0000,1.0000,0.0000,0,0.085106,0.00000040,0.000000,1.428471,-0.191060
2011-08-30,,3.2500,2.7400,32.8900,34.3750,54.970000,56.091260,0.138314,0.075869,0,0,0,0,0,0,-5,0,0.0000,0.0000,0.0000,0.0000,0.0000,1.0000,0.0000,0,0.020349,0.00000079,0.000001,1.428472,-0.191059
2011-08-31,,3.2200,2.7400,31.6200,35.8173,55.060000,56.104010,0.138643,0.076750,0,0,0,0,0,0,-5,0,0.0000,0.0000,0.0000,0.0000,0.0000,1.0000,0.0000,0,0.005825,0.00000040,0.000000,1.428473,-0.191059
2011-09-01,,3.2500,2.7400,31.8200,31.4904,54.560000,56.115235,0.139201,0.073626,0,0,0,0,0,0,-5,0,0.0000,0.0000,0.0000,0.0000,0.0000,1.0000,0.0000,0,-0.028226,0.00000079,0.000001,1.428474,-0.191058
2011-09-02,,3.2300,2.7400,33.9200,27.6442,53.280000,56.124385,0.141303,0.092723,0,0,0,0,0,0,-5,0,0.0000,0.0000,0.0000,0.0000,0.0000,1.0000,0.0000,0,-0.070003,0.00000079,0.000001,1.428475,-0.191058
2011-09-06,,3.1800,2.7400,37.0000,26.3789,53.290000,56.132835,0.141593,0.088003,0,0,0,0,0,0,-5,0,0.0000,0.0000,0.0000,0.0000,0.0000,1.0000,0.0000,0,-0.000160,0.00000079,0.000001,1.428476,-0.191057
2011-09-07,,3.2100,2.7400,33.3800,32.6139,54.640000,56.143885,0.139247,0.069500,0,0,0,0,0,0,-5,0,0.0000,0.0000,0.0000,0.0000,0.0000,1.0000,0.0000,0,0.075607,0.00000079,0.000001,1.428477,-0.191056
2011-09-08,,3.2500,2.7400,34.3200,30.2158,54.390000,56.153485,0.140625,0.086410,0,0,0,0,0,0,-5,0,0.0000,0.0000,0.0000,0.0000,0.0000,1.0000,0.0000,0,-0.013850,0.00000079,0.000001,1.428479,-0.191056
2011-09-09,,3.2600,2.7400,38.5200,23.5012,53.180000,56.154835,0.141477,0.086170,0,0,0,0,0,0,-5,0,0.0000,0.0000,0.0000,0.0000,0.0000,1.0000,0.0000,0,-0.065843,0.00000079,0.000001,1.428480,-0.191055
2011-09-12,,3.2800,2.7400,38.5900,23.7410,53.860000,56.163785,0.141725,0.082597,0,0,0,0,0,0,-5,0,0.0000,0.0000,0.0000,0.0000,0.0000,1.0000,0.0000,0,0.037506,0.00000040,0.000000,1.428480,-0.191055
2011-09-13,,3.2900,2.7400,36.9100,27.0983,54.580000,56.171085,0.141436,0.082722,0,0,0,0,0,0,-5,0,0.0000,0.0000,0.0000,0.0000,0.0000,1.0000,0.0000,0,0.038798,0.00000040,0.000000,1.428481,-0.191054
2011-09-14,,3.3200,2.7400,34.6000,29.9760,55.360000,56.183185,0.140320,0.074875,0,0,0,0,0,0,-5,0,0.0000,0.0000,0.0000,0.0000,0.0000,1.0000,0.0000,0,0.043198,0.00000040,0.000000,1.428481,-0.191054
2011-09-15,,3.3000,2.7400,31.9700,32.3741,56.180000,56.200435,0.139751,0.084244,0,0,0,0,0,0,-5,0,0.0000,0.0000,0.0000,0.0000,0.0000,1.0000,0.0000,0,0.045434,0.00000040,0.000000,1.428482,-0.191054
2011-09-16,,3.3100,2.7400,30.9800,35.4916,56.590000,56.222960,0.139812,0.085890,0,0,0,1,0,1,-3,0,0.0000,0.0000,0.0000,0.0000,0.0000,1.0000,0.0000,0,0.026132,0.00000040,0.000000,1.428483,-0.191053
2011-09-19,,3.3100,2.7400,32.7300,33.8129,56.610000,56.240060,0.140429,0.095617,0,0,0,1,0,1,-3,1,0.0000,0.0000,0.0000,0.0000,0.0000,1.0000,0.0000,0,0.002545,0.00000040,0.000000,1.428483,-0.191053
2011-09-20,,3.3100,2.7400,32.8600,33.3333,56.360000,56.253210,0.142631,0.097484,0,0,0,1,0,1,-3,1,0.0000,0.0000,0.0000,0.0000,0.0000,1.0000,0.0000,0,-0.014172,0.00000040,0.000000,1.428484,-0.191053
2011-09-21,,3.3500,2.7400,37.3200,23.5012,55.380000,56.260760,0.144260,0.106863,0,0,0,0,0,0,-5,1,0.0000,0.0000,0.0000,0.0000,0.0000,1.0000,0.0000,0,-0.050854,0.00000040,0.000000,1.428484,-0.191052
2011-09-22,,3.2600,2.7400,41.3500,19.6172,53.580000,56.259435,0.146553,0.125920,0,0,0,0,0,0,-5,0,0.0000,0.0000,0.0000,0.0000,0.0000,1.0000,0.0000,0,-0.097300,0.00000040,0.000000,1.428485,-0.191052
2011-09-23,,3.3200,2.7400,41.2500,20.3349,54.150000,56.260785,0.147129,0.131426,0,0,0,0,0,0,-5,0,0.0000,0.0000,0.0000,0.0000,0.0000,1.0000,0.0000,0,0.031183,0.00000000,0.000000,1.428485,-0.191052
2011-09-26,,3.3100,2.7400,39.0200,23.4450,54.780000,56.264285,0.144873,0.125167,0,0,0,0,0,0,-5,0,0.0000,0.0000,0.0000,0.0000,0.0000,1.0000,0.0000,0,0.033920,0.00000040,0.000000,1.428485,-0.191052
2011-09-27,,3.3700,2.7400,37.7100,27.5120,55.350000,56.270360,0.143781,0.119951,0,0,0,0,0,0,-5,0,0.0000,0.0000,0.0000,0.0000,0.0000,1.0000,0.0000,0,0.030582,0.00000079,0.000001,1.428487,-0.191051
2011-09-28,,3.3900,2.7400,41.0800,21.0526,54.530000,56.270535,0.145295,0.132957,0,0,0,0,0,0,-5,0,0.0000,0.0000,0.0000,0.0000,0.0000,1.0000,0.0000,0,-0.047104,0.00000040,0.000000,1.428487,-0.191051
2011-09-29,,3.3500,2.7400,38.8400,22.2488,53.880000,56.268435,0.146489,0.141169,0,0,0,0,0,0,-5,0,0.0000,0.0000,0.0000,0.0000,0.0000,1.0000,0.0000,0,-0.029478,0.00000079,0.000001,1.428488,-0.191050
2011-09-30,,3.3000,2.7400,42.9600,19.3780,52.490000,56.258910,0.148564,0.156114,0,0,0,0,0,0,-5,0,0.0000,0.0000,0.0000,0.0000,0.0000,1.0000,0.0000,0,-0.077883,0.00000079,0.000001,1.428489,-0.191049
2011-10-03,,3.3000,2.7400,45.4500,13.6364,51.140000,56.243810,0.149277,0.154225,0,0,0,0,0,0,-5,0,0.0000,0.0000,0.0000,0.0000,0.0000,1.0000,0.0000,0,-0.078376,0.00000079,0.000001,1.428491,-0.191049
2011-10-04,,3.3100,2.7400,40.8200,15.5502,52.190000,56.231860,0.145362,0.126590,0,0,0,0,0,0,-5,0,0.0000,0.0000,0.0000,0.0000,0.0000,1.0000,0.0000,0,0.060848,0.00000079,0.000001,1.428492,-0.191048
2011-10-05,,3.3300,2.7400,37.8100,16.9856,53.530000,56.226910,0.142807,0.103292,0,0,0,0,0,0,-5,0,0.0000,0.0000,0.0000,0.0000,0.0000,1.0000,0.0000,0,0.076021,0.00000040,0.000000,1.428492,-0.191048
2011-10-06,,3.3600,2.7400,36.2700,20.8134,54.430000,56.226260,0.142759,0.110452,0,0,0,0,0,0,-5,0,0.0000,0.0000,0.0000,0.0000,0.0000,1.0000,0.0000,0,0.051382,0.00000000,0.000000,1.428492,-0.191048
2011-10-07,,3.3400,2.7400,36.2000,21.0526,54.070000,56.222160,0.144326,0.118947,0,0,0,0,0,0,-5,0,0.0000,0.0000,0.0000,0.0000,0.0000,1.0000,0.0000,0,-0.020619,0.00000040,0.000000,1.428493,-0.191048
2011-10-10,,3.3200,2.7400,33.0200,29.4258,55.940000,56.227435,0.142373,0.112642,0,0,0,0,0,0,-5,0,0.0000,0.0000,0.0000,0.0000,0.0000,1.0000,0.0000,0,0.102605,0.00000040,0.000000,1.428493,-0.191047
2011-10-11,,3.3200,2.7400,32.8600,27.9904,56.320000,56.235325,0.140936,0.104718,0,0,0,1,0,1,-3,0,0.0000,0.0000,0.0000,0.0000,0.0000,1.0000,0.0000,0,0.021356,0.00000040,0.000000,1.428494,-0.191047
2011-10-12,,3.3200,2.7400,31.2600,30.1435,56.600000,56.244475,0.139379,0.100159,0,0,0,1,0,1,-3,1,0.0000,0.0000,0.0000,0.0000,0.0000,1.0000,0.0000,0,0.016060,0.00000079,0.000001,1.428495,-0.191046
2011-10-13,,3.3300,2.7400,30.7000,30.8612,57.120000,56.256725,0.139656,0.095396,0,0,0,1,0,1,-3,1,0.0000,0.0000,0.0000,0.0000,0.0000,1.0000,0.0000,0,0.026848,0.00000079,0.000001,1.428496,-0.191046
2011-10-14,,3.2900,2.7400,28.2400,35.4067,58.180000,56.273675,0.138615,0.087162,0,0,0,1,0,1,-3,1,0.0000,0.0000,0.0000,0.0000,0.0000,1.0000,0.0000,0,0.055075,0.00000079,0.000001,1.428497,-0.191045
2011-10-17,,3.2600,2.7400,33.3900,29.9043,57.280000,56.286775,0.140730,0.107219,0,0,0,1,0,1,-3,1,0.0000,0.0000,0.0000,0.0000,0.0000,1.0000,0.0000,0,-0.046288,0.00000079,0.000001,1.428498,-0.191044
2011-10-18,,3.2600,2.7400,31.5600,35.8852,57.990000,56.304425,0.139011,0.088187,0,0,0,1,0,1,-3,1,0.0000,0.0000,0.0000,0.0000,0.0000,1.0000,0.0000,0,0.036270,0.00000159,0.000002,1.428501,-0.191043
2011-10-19,,3.2300,2.7400,34.4400,31.1005,56.870000,56.312450,0.140799,0.100077,0,0,0,1,0,1,-3,1,0.0000,0.0000,0.0000,0.0000,0.0000,1.0000,0.0000,0,-0.057656,0.00000159,0.000002,1.428503,-0.191042
2011-10-20,,3.2100,2.7400,34.7800,33.2536,56.590000,56.316700,0.140967,0.085654,0,0,0,1,0,1,-3,1,0.0000,0.0000,0.0000,0.0000,0.0000,1.0000,0.0000,0,-0.012696,0.00000119,0.000001,1.428505,-0.191041
2011-10-21,,3.2000,2.7400,31.3200,40.9091,57.300000,56.323600,0.140679,0.088879,0,0,0,1,0,1,-3,1,0.0000,0.0000,0.0000,0.0000,0.0000,1.0000,0.0000,0,0.035569,0.00000119,0.000001,1.428506,-0.191040
2011-10-24,,3.1800,2.7400,29.2600,44.4976,58.490000,56.336700,0.138378,0.076722,0,0,0,1,0,1,-3,1,0.0000,0.0000,0.0000,0.0000,0.0000,1.0000,0.0000,0,0.062482,0.00000079,0.000001,1.428508,-0.191039
2011-10-25,,3.1600,2.7400,32.2200,39.7129,57.340000,56.343000,0.139538,0.076663,0,0,0,1,0,1,-3,1,0.0000,0.0000,0.0000,0.0000,0.0000,1.0000,0.0000,0,-0.056695,0.00000079,0.000001,1.428509,-0.191039
2011-10-26,,3.1400,2.7400,29.8600,42.3445,57.270000,56.348550,0.138697,0.063917,0,0,0,1,0,1,-3,1,0.0000,0.0000,0.0000,0.0000,0.0000,1.0000,0.0000,0,-0.003953,0.00000040,0.000000,1.428509,-0.191038
2011-10-27,,3.1000,2.7400,25.4600,52.6316,58.850000,56.360025,0.138507,0.069524,0,0,1,1,0,2,-1,1,0.0000,0.0000,0.0000,0.0000,0.0000,1.0000,0.0000,0,0.080586,0.00000079,0.000001,1.428510,-0.191038
2011-10-28,,3.0400,2.7400,24.5300,53.5885,58.940000,56.371850,0.136120,0.037511,0,0,1,1,0,2,-1,2,0.0000,0.0000,0.0000,0.0000,0.0000,1.0000,0.0000,0,0.003308,0.00000079,0.000001,1.428511,-0.191037
2011-10-31,,2.9900,2.7400,29.9600,44.7368,57.950000,56.376600,0.138845,0.047682,0,0,0,1,0,1,-3,2,0.0000,0.0000,0.0000,0.0000,0.0000,1.0000,0.0000,0,-0.049555,0.00000040,0.000000,1.428512,-0.191037
2011-11-01,,3.0200,2.7400,34.7700,36.6029,56.440000,56.373000,0.139834,0.043021,0,0,0,1,0,1,-3,1,0.0000,0.0000,0.0000,0.0000,0.0000,1.0000,0.0000,0,-0.077436,0.00000040,0.000000,1.428513,-0.191036
2011-11-02,,3.0300,2.7400,32.7400,42.3445,56.920000,56.375050,0.139977,0.057508,0,0,0,1,0,1,-3,1,0.0000,0.0000,0.0000,0.0000,0.0000,1.0000,0.0000,0,0.024636,0.00000040,0.000000,1.428513,-0.191036
2011-11-03,,3.0300,2.7400,30.5000,47.3684,58.100000,56.385000,0.139168,0.024045,0,0,0,1,0,1,-3,1,0.0000,0.0000,0.0000,0.0000,0.0000,1.0000,0.0000,0,0.060863,0.00000040,0.000000,1.428514,-0.191036
2011-11-04,,3.0400,2.7400,30.1600,47.3684,57.800000,56.395600,0.139384,0.027425,0,0,0,1,0,1,-3,1,0.0000,0.0000,0.0000,0.0000,0.0000,1.0000,0.0000,0,-0.015495,0.00000040,0.000000,1.428514,-0.191035
2011-11-07,,3.0600,2.7400,29.8500,48.3254,58.210000,56.404400,0.139276,0.040551,0,0,0,1,0,1,-3,1,0.0000,0.0000,0.0000,0.0000,0.0000,1.0000,0.0000,0,0.022242,0.00000040,0.000000,1.428515,-0.191035
2011-11-08,,3.0200,2.7400,27.4800,53.1100,58.880000,56.416137,0.138333,0.019128,0,0,1,1,0,2,-1,1,0.0000,0.0000,0.0000,0.0000,0.0000,1.0000,0.0000,0,0.033338,0.00000040,0.000000,1.428515,-0.191035
2011-11-09,,3.0500,2.7400,36.1600,38.7560,56.810000,56.416037,0.140588,0.028190,0,0,0,1,0,1,-3,2,0.0000,0.0000,0.0000,0.0000,0.0000,1.0000,0.0000,0,-0.103435,0.00000040,0.000000,1.428516,-0.191034
2011-11-10,,3.0800,2.7400,32.8100,42.1053,56.780000,56.414037,0.140203,0.017987,0,0,0,1,0,1,-3,1,0.0000,0.0000,0.0000,0.0000,0.0000,1.0000,0.0000,0,-0.004122,0.00000040,0.000000,1.428517,-0.191034
2011-11-11,,3.1400,2.7400,30.0400,49.2823,57.850000,56.424637,0.139586,-0.021109,0,0,0,1,1,2,-1,1,0.0000,0.0000,0.0000,0.0000,0.0000,1.0000,0.0000,0,0.056130,0.00000040,0.000000,1.428517,-0.191034
2011-11-14,,3.1400,2.7400,31.1300,45.6938,57.490000,56.431987,0.139248,-0.035086,0,0,0,1,1,2,-1,2,0.0000,0.0000,0.0000,0.0000,0.0000,1.0000,0.0000,0,-0.016976,0.00000040,0.000000,1.428518,-0.191033
2011-11-15,,3.1300,2.7400,31.2200,49.2823,58.130000,56.437387,0.138797,-0.035195,0,0,0,1,1,2,-1,2,0.0000,0.0000,0.0000,0.0000,0.0000,1.0000,0.0000,0,0.032146,0.00000040,0.000000,1.428518,-0.191033
2011-11-16,,3.1400,2.7400,33.5100,43.0622,57.170000,56.438462,0.139346,-0.014230,0,0,0,1,1,2,-1,2,0.0000,0.0000,0.0000,0.0000,0.0000,1.0000,0.0000,0,-0.049290,0.00000040,0.000000,1.428519,-0.191033
2011-11-17,,3.1700,2.7400,34.5100,36.6029,55.830000,56.432325,0.140862,-0.010278,0,0,0,0,1,1,-3,2,0.0000,0.0000,0.0000,0.0000,0.0000,1.0000,0.0000,0,-0.068771,0.00000040,0.000000,1.428519,-0.191032
2011-11-18,,3.1600,2.7400,32.0000,36.8421,55.400000,56.422450,0.141992,-0.000902,0,0,0,0,1,1,-3,1,0.0000,0.0000,0.0000,0.0000,0.0000,1.0000,0.0000,0,-0.023987,0.00000079,0.000001,1.428521,-0.191032
2011-11-21,,3.1400,2.7400,32.9100,32.0574,54.340000,56.405900,0.142945,0.022333,0,0,0,0,0,0,-5,1,0.0000,0.0000,0.0000,0.0000,0.0000,1.0000,0.0000,0,-0.058086,0.00000040,0.000000,1.428521,-0.191032
2011-11-22,,3.1500,2.7400,31.9700,31.5789,54.520000,56.388375,0.141748,0.021892,0,0,0,0,0,0,-5,0,0.0000,0.0000,0.0000,0.0000,0.0000,1.0000,0.0000,0,0.008698,0.00000079,0.000001,1.428522,-0.191031
2011-11-23,,3.1700,2.7400,33.9800,23.4450,53.290000,56.365175,0.142673,0.030194,0,0,0,0,0,0,-5,0,0.0000,0.0000,0.0000,0.0000,0.0000,1.0000,0.0000,0,-0.066470,0.00000079,0.000001,1.428523,-0.191030
2011-11-25,,3.1500,2.7400,34.4700,23.6277,52.880000,56.339470,0.143674,0.034537,0,0,0,0,0,0,-5,0,0.0000,0.0000,0.0000,0.0000,0.0000,1.0000,0.0000,0,-0.022669,0.00000079,0.000001,1.428525,-0.191030
2011-11-28,,3.1800,2.7400,32.1300,32.2196,54.720000,56.320870,0.141383,0.015516,0,0,0,0,0,0,-5,0,0.0000,0.0000,0.0000,0.0000,0.0000,1.0000,0.0000,0,0.103264,0.00000079,0.000001,1.428526,-0.191029
2011-11-29,,3.1900,2.7400,30.6400,33.4129,54.380000,56.299870,0.142524,0.008806,0,0,0,0,0,0,-5,0,0.0000,0.0000,0.0000,0.0000,0.0000,1.0000,0.0000,0,-0.018067,0.00000119,0.000001,1.428527,-0.191028
2011-11-30,,3.2200,2.7400,27.8000,46.3007,56.390000,56.289320,0.140851,-0.005599,0,0,0,1,1,2,-1,0,0.0000,0.0000,0.0000,0.0000,0.0000,1.0000,0.0000,0,0.109755,0.00000079,0.000001,1.428528,-0.191027
2011-12-01,,3.2400,2.7400,27.4100,44.8687,56.780000,56.278815,0.140474,0.009154,0,0,0,1,0,1,-3,2,0.0000,0.0000,0.0000,0.0000,0.0000,1.0000,0.0000,0,0.021439,0.00000040,0.000000,1.428529,-0.191027
2011-12-02,,3.3000,2.7400,27.5200,45.5847,56.620000,56.267615,0.139156,-0.010958,0,0,0,1,1,2,-1,1,0.0000,0.0000,0.0000,0.0000,0.0000,1.0000,0.0000,0,-0.009515,0.00000040,0.000000,1.428530,-0.191027
2011-12-05,,3.2400,2.7400,27.8400,49.1647,57.240000,56.260165,0.138726,-0.021171,0,0,0,1,1,2,-1,2,0.0000,0.0000,0.0000,0.0000,0.0000,1.0000,0.0000,0,0.032772,0.00000079,0.000001,1.428531,-0.191026
2011-12-06,,3.2500,2.7400,28.1300,49.1647,57.080000,56.260415,0.139078,-0.020208,0,0,0,1,1,2,-1,2,0.0000,0.0000,0.0000,0.0000,0.0000,1.0000,0.0000,0,-0.007658,0.00000040,0.000000,1.428531,-0.191026
2011-12-07,,3.2600,2.7400,28.6700,49.4033,57.080000,56.263015,0.138365,-0.023400,0,0,0,1,1,2,-1,2,0.0000,0.0000,0.0000,0.0000,0.0000,1.0000,0.0000,0,0.001514,0.00000040,0.000000,1.428532,-0.191025
2011-12-08,,3.2600,2.7400,30.5900,40.0955,56.120000,56.259340,0.139411,-0.006726,0,0,0,0,1,1,-3,2,0.0000,0.0000,0.0000,0.0000,0.0000,1.0000,0.0000,0,-0.050920,0.00000079,0.000001,1.428533,-0.191025
2011-12-09,,3.2600,2.7400,26.3800,49.1647,57.020000,56.256190,0.138834,-0.006815,0,0,0,1,1,2,-1,1,0.0000,0.0000,0.0000,0.0000,0.0000,1.0000,0.0000,0,0.047418,0.00000040,0.000000,1.428534,-0.191024
2011-12-12,,3.2800,2.7400,25.6700,41.7661,56.380000,56.249245,0.139683,-0.000947,0,0,0,1,1,2,-1,2,0.0000,0.0000,0.0000,0.0000,0.0000,1.0000,0.0000,0,-0.032813,0.00000040,0.000000,1.428534,-0.191024
2011-12-13,,3.2700,2.7400,25.4100,40.3341,55.760000,56.243845,0.141528,0.008004,0,0,0,0,0,0,-5,2,0.0000,0.0000,0.0000,0.0000,0.0000,1.0000,0.0000,0,-0.033783,0.00000040,0.000000,1.428535,-0.191024
2011-12-14,,3.2900,2.7400,26.0400,37.7088,54.890000,56.232595,0.142147,-0.003438,0,0,0,0,1,1,-3,0,0.0000,0.0000,0.0000,0.0000,0.0000,1.0000,0.0000,0,-0.046518,0.00000040,0.000000,1.428535,-0.191023
2011-12-15,,3.2400,2.7400,25.1100,39.8568,54.740000,56.214970,0.143348,-0.006619,0,0,0,0,1,1,-3,1,0.0000,0.0000,0.0000,0.0000,0.0000,1.0000,0.0000,0,-0.007768,0.00000040,0.000000,1.428536,-0.191023
2011-12-16,,3.2700,2.7400,24.2900,42.0048,54.860000,56.199433,0.142035,-0.033217,0,0,0,0,1,1,-3,1,0.0000,0.0000,0.0000,0.0000,0.0000,1.0000,0.0000,0,0.012528,0.00000000,0.000000,1.428536,-0.191023
2011-12-19,,3.2600,2.7400,24.9200,37.7088,54.320000,56.185083,0.142489,-0.033410,0,0,0,0,1,1,-3,1,0.0000,0.0000,0.0000,0.0000,0.0000,1.0000,0.0000,0,-0.027684,0.00000000,0.000000,1.428536,-0.191023
2011-12-20,,3.2600,2.7400,23.2200,44.8687,55.930000,56.177633,0.141249,-0.026667,0,0,0,0,1,1,-3,1,0.0000,0.0000,0.0000,0.0000,0.0000,1.0000,0.0000,0,0.088753,0.00000040,0.000000,1.428536,-0.191023
2011-12-21,,3.2700,2.7400,21.4300,46.4286,55.130000,56.168133,0.143070,-0.005223,0,0,0,0,1,1,-3,1,0.0000,0.0000,0.0000,0.0000,0.0000,1.0000,0.0000,0,-0.041634,0.00000040,0.000000,1.428537,-0.191023
2011-12-22,,3.3000,2.7400,21.1600,49.0476,55.600000,56.165433,0.141973,-0.024872,0,0,0,0,1,1,-3,1,0.0000,0.0000,0.0000,0.0000,0.0000,1.0000,0.0000,0,0.024389,0.00000040,0.000000,1.428538,-0.191022
2011-12-23,,3.2900,2.7400,20.7300,51.9048,56.080000,56.163383,0.141625,-0.036158,0,0,1,0,1,2,-1,1,0.0000,0.0000,0.0000,0.0000,0.0000,1.0000,0.0000,0,0.025891,0.00000040,0.000000,1.428538,-0.191022
2011-12-27,,3.3200,2.7450,21.9100,52.6190,56.240000,56.163133,0.142659,-0.044428,0,0,1,1,1,3,1,2,0.0000,0.0000,0.0000,0.0000,0.0000,1.0000,0.0000,0,0.007689,0.00000040,0.000000,1.428539,-0.191022
2011-12-28,,3.3000,2.7500,23.5200,49.0476,55.590000,56.163633,0.144036,-0.039867,0,0,0,0,1,1,-3,3,3.0000,3.0000,0.0000,0.0000,1.0000,0.0000,1.0000,1,-0.032101,0.00000079,-0.030620,1.384797,-0.215792
2011-12-29,,3.2500,2.7500,22.6500,54.0476,55.990000,56.172833,0.143673,-0.013049,0,0,1,0,1,2,-1,1,0.0000,0.0000,0.0000,0.0000,0.0000,1.0000,0.0000,1,0.019334,0.00000040,0.002626,1.388434,-0.213733
2011-12-30,,3.2800,2.7500,23.4000,52.8571,55.830000,56.178733,0.143347,0.004143,0,0,1,0,0,1,-3,2,0.0000,0.0000,0.0000,0.0000,0.0000,1.0000,0.0000,0,-0.008023,0.00000079,0.000001,1.388435,-0.213732
2012-01-03,,3.2700,2.7500,22.9700,56.1905,56.900000,56.190983,0.138594,-0.031934,0,0,1,1,1,3,1,1,0.0000,0.0000,0.0000,0.0000,0.0000,1.0000,0.0000,0,0.056919,0.00000079,0.000001,1.388436,-0.213731
2012-01-04,,3.2900,2.7500,22.2200,55.0000,57.140000,56.199183,0.137588,-0.051525,0,0,1,1,1,3,1,3,3.0000,3.0000,0.0000,0.0000,1.0000,0.0000,1.0000,1,0.011967,0.00000079,0.016860,1.411845,-0.200475
2012-01-05,,3.3000,2.7500,21.4800,55.9524,57.610000,56.210258,0.137496,-0.036680,0,0,1,1,1,3,1,3,3.0000,3.0000,0.0000,0.0000,1.0000,0.0000,1.0000,0,0.024615,0.00000079,0.024615,1.446598,-0.180795
2012-01-06,,3.2700,2.7550,20.6300,55.0000,57.810000,56.220758,0.137108,-0.028980,0,0,1,1,1,3,1,3,3.0000,3.0000,0.0000,0.0000,1.0000,0.0000,1.0000,0,0.010333,0.00000079,0.010333,1.461546,-0.172330
2012-01-09,,3.2700,2.7600,21.0700,56.1905,57.620000,56.225358,0.136971,-0.018318,0,0,1,1,1,3,1,3,3.0000,3.0000,0.0000,0.0000,1.0000,0.0000,1.0000,0,-0.008368,0.00000079,-0.008368,1.449316,-0.179256
2012-01-10,,3.2800,2.7600,20.6900,64.7619,58.040000,56.231358,0.135987,-0.028154,0,0,1,1,1,3,1,3,3.0000,3.0000,0.0000,0.0000,1.0000,0.0000,1.0000,0,0.020496,0.00000040,0.020496,1.479021,-0.162433
2012-01-11,,3.2500,2.7600,21.0500,65.0000,58.160000,56.239508,0.135294,-0.025251,0,0,1,1,1,3,1,3,3.0000,3.0000,0.0000,0.0000,1.0000,0.0000,1.0000,0,0.006956,0.00000079,0.006956,1.489309,-0.156607
2012-01-12,,3.2700,2.7600,20.4700,65.4762,58.390000,56.246058,0.134777,-0.045566,0,0,1,1,1,3,1,3,3.0000,3.0000,0.0000,0.0000,1.0000,0.0000,1.0000,0,0.011864,0.00000079,0.011864,1.506979,-0.146601
2012-01-13,,3.2700,2.7600,20.9100,62.2328,58.180000,56.250208,0.135400,-0.027301,0,0,1,1,1,3,1,3,3.0000,3.0000,0.0000,0.0000,1.0000,0.0000,1.0000,0,-0.011468,0.00000119,-0.011468,1.489697,-0.156388
2012-01-17,,3.2400,2.7650,22.2000,64.6081,58.710000,56.256608,0.134761,-0.045791,0,0,1,1,1,3,1,3,3.0000,3.0000,0.0000,0.0000,1.0000,0.0000,1.0000,0,0.026850,0.00000119,0.026850,1.529695,-0.133737
2012-01-18,,3.2400,2.7700,20.8900,68.6461,59.490000,56.266758,0.133249,-0.058846,0,0,1,1,1,3,1,3,3.0000,3.0000,0.0000,0.0000,1.0000,0.0000,1.0000,0,0.039726,0.00000119,0.039726,1.590463,-0.099324
2012-01-19,,3.2500,2.7700,19.8700,72.2090,59.860000,56.279708,0.131447,-0.069592,0,1,1,1,1,4,3,3,3.0000,3.0000,0.0000,0.0000,1.0000,0.0000,1.0000,0,0.020018,0.00000119,0.020018,1.622301,-0.081295
2012-01-20,,3.2200,2.7700,18.2800,73.1591,59.770000,56.292958,0.131557,-0.051666,0,1,1,1,1,4,3,4,3.0000,3.0000,0.0000,0.0000,1.0000,0.0000,1.0000,0,-0.004428,0.00000198,-0.004428,1.615117,-0.085362
2012-01-23,,3.2400,2.7700,18.6700,73.3967,59.790000,56.305608,0.132019,-0.057634,0,1,1,1,1,4,3,4,3.0000,3.0000,0.0000,0.0000,1.0000,0.0000,1.0000,0,-0.000120,0.00000198,-0.000120,1.614924,-0.085472
2012-01-24,,3.2400,2.7700,18.9100,75.0594,59.680000,56.317908,0.131105,-0.057893,0,1,1,1,1,4,3,4,3.0000,3.0000,0.0000,0.0000,1.0000,0.0000,1.0000,0,-0.005531,0.00000159,-0.005531,1.605992,-0.090530
2012-01-25,,3.2500,2.7700,18.3100,78.1473,60.430000,56.335308,0.132167,-0.047623,0,1,1,1,1,4,3,4,3.0000,3.0000,0.0000,0.0000,1.0000,0.0000,1.0000,0,0.038203,0.00000159,0.038203,1.667346,-0.055786
2012-01-26,,3.3100,2.7750,18.5700,77.6722,60.220000,56.352608,0.133303,-0.021221,0,1,1,1,1,4,3,4,3.0000,3.0000,0.0000,0.0000,1.0000,0.0000,1.0000,0,-0.010597,0.00000159,-0.010597,1.649676,-0.065792
2012-01-27,,3.2800,2.7850,18.5300,77.1971,60.400000,56.372758,0.131733,-0.053802,0,1,1,1,1,4,3,4,3.0000,3.0000,0.0000,0.0000,1.0000,0.0000,1.0000,0,0.009886,0.00000198,0.009886,1.665985,-0.056556
2012-01-30,,3.2800,2.7950,19.4000,75.7720,60.450000,56.390758,0.131347,-0.065355,0,1,1,1,1,4,3,4,3.0000,3.0000,0.0000,0.0000,1.0000,0.0000,1.0000,0,0.001631,0.00000238,0.001631,1.668702,-0.055017
2012-01-31,,3.2500,2.8000,19.4400,77.4347,60.530000,56.409658,0.132044,-0.060014,0,1,1,1,1,4,3,4,3.0000,3.0000,0.0000,0.0000,1.0000,0.0000,1.0000,0,0.003492,0.00000198,0.003492,1.674529,-0.051718
2012-02-01,,3.2400,2.8050,18.5500,81.7102,61.020000,56.431508,0.131350,-0.058943,0,1,1,1,1,4,3,4,3.0000,3.0000,0.0000,0.0000,1.0000,0.0000,1.0000,0,0.024578,0.00000238,0.024578,1.715686,-0.028411
2012-02-02,,3.2500,2.8200,17.9800,82.8979,61.220000,56.456358,0.130916,-0.064232,0,1,1,1,1,4,3,4,3.0000,3.0000,0.0000,0.0000,1.0000,0.0000,1.0000,0,0.010299,0.00000238,0.010299,1.733355,-0.018405
2012-02-03,,3.2500,2.8350,17.1000,86.9359,62.050000,56.483608,0.129330,-0.076099,0,1,1,1,1,4,3,4,3.0000,3.0000,0.0000,0.0000,1.0000,0.0000,1.0000,0,0.039763,0.00000317,0.039763,1.802279,0.000000
2012-02-06,,3.2600,2.8550,17.7600,85.9857,62.000000,56.504233,0.128970,-0.071161,0,1,1,1,1,4,3,4,3.0000,3.0000,0.0000,0.0000,1.0000,0.0000,1.0000,0,-0.000970,0.00000317,-0.000970,1.800531,-0.000970
2012-02-07,,3.2200,2.8750,17.6500,85.9857,62.130000,56.523183,0.129572,-0.085758,0,1,1,1,1,4,3,4,3.0000,3.0000,0.0000,0.0000,1.0000,0.0000,1.0000,0,0.004312,0.00000317,0.004312,1.808295,0.000000
2012-02-08,,3.1900,2.9350,18.1600,87.1734,62.460000,56.543033,0.129336,-0.084280,0,1,1,1,1,4,3,4,3.0000,3.0000,0.0000,0.0000,1.0000,0.0000,1.0000,0,0.016642,0.00000317,0.016642,1.838388,0.000000
2012-02-09,,3.1700,3.0000,18.6300,86.2233,62.910000,56.563483,0.128805,-0.082545,0,1,1,1,1,4,3,4,3.0000,3.0000,0.0000,0.0000,1.0000,0.0000,1.0000,0,0.022179,0.00000357,0.022179,1.879161,0.000000
2012-02-10,,3.1800,3.0150,20.7900,85.0356,62.475000,56.579758,0.129502,-0.074954,0,0,1,1,1,3,1,4,3.0000,3.0000,0.0000,0.0000,1.0000,0.0000,1.0000,0,-0.021388,0.00000357,-0.021388,1.838970,-0.021388
2012-02-13,,3.1700,3.0200,19.0400,86.2233,63.050000,56.599358,0.128398,-0.080436,0,1,1,1,1,4,3,3,3.0000,3.0000,0.0000,0.0000,1.0000,0.0000,1.0000,0,0.026964,0.00000357,0.026964,1.888555,0.000000
2012-02-14,,3.1900,3.0250,19.5400,84.7981,63.210000,56.620008,0.128597,-0.084045,0,1,1,1,1,4,3,4,3.0000,3.0000,0.0000,0.0000,1.0000,0.0000,1.0000,0,0.008699,0.00000436,0.008699,1.904983,0.000000
2012-02-15,,3.1800,3.0300,21.1400,83.8480,62.770000,56.639008,0.128939,-0.093281,0,0,1,1,1,3,1,4,3.0000,3.0000,0.0000,0.0000,1.0000,0.0000,1.0000,0,-0.022321,0.00000476,-0.022321,1.862462,-0.022321
2012-02-16,,3.1900,3.0300,19.2200,89.0736,63.630000,56.663708,0.128887,-0.102934,0,1,1,1,1,4,3,3,3.0000,3.0000,0.0000,0.0000,1.0000,0.0000,1.0000,0,0.041803,0.00000436,0.041803,1.940317,0.000000
2012-02-17,,3.1700,3.0350,17.7800,86.9359,63.430000,56.687858,0.128473,-0.115416,0,1,1,1,1,4,3,4,3.0000,3.0000,0.0000,0.0000,1.0000,0.0000,1.0000,0,-0.008505,0.00000397,-0.008505,1.923815,-0.008505
2012-02-21,,3.1700,3.0400,18.1900,86.4608,63.610000,56.714508,0.127940,-0.111537,0,1,1,1,1,4,3,4,3.0000,3.0000,0.0000,0.0000,1.0000,0.0000,1.0000,0,0.008477,0.00000357,0.008477,1.940123,-0.000100
2012-02-22,,3.1500,3.0450,18.1900,85.7482,63.330000,56.738808,0.128499,-0.115943,0,1,1,1,1,4,3,4,3.0000,3.0000,0.0000,0.0000,1.0000,0.0000,1.0000,0,-0.013209,0.00000317,-0.013209,1.914496,-0.013308
2012-02-23,,3.1500,3.0550,16.8000,86.6983,63.730000,56.764008,0.127826,-0.129541,0,1,1,1,1,4,3,4,3.0000,3.0000,0.0000,0.0000,1.0000,0.0000,1.0000,0,0.018962,0.00000357,0.018962,1.950799,0.000000
2012-02-24,,3.1400,3.0700,17.3100,86.9359,63.960000,56.787858,0.128095,-0.107511,0,1,1,1,1,4,3,4,3.0000,3.0000,0.0000,0.0000,1.0000,0.0000,1.0000,0,0.009753,0.00000357,0.009753,1.969825,0.000000
2012-02-27,,3.1200,3.0900,18.1900,86.6983,64.050000,56.814333,0.127843,-0.117685,0,1,1,1,1,4,3,4,3.0000,3.0000,0.0000,0.0000,1.0000,0.0000,1.0000,0,0.004831,0.00000397,0.004831,1.979342,0.000000
2012-02-28,,3.1200,3.1050,17.9600,86.9359,64.700000,56.842283,0.126855,-0.109364,0,1,1,1,1,4,3,4,3.0000,3.0000,0.0000,0.0000,1.0000,0.0000,1.0000,0,0.029916,0.00000476,0.029916,2.038556,0.000000
2012-02-29,,3.1200,3.1150,18.4300,86.4608,64.410000,56.872283,0.127317,-0.102689,0,1,1,1,1,4,3,4,3.0000,3.0000,0.0000,0.0000,1.0000,0.0000,1.0000,0,-0.013144,0.00000397,-0.013144,2.011761,-0.013144
2012-03-01,,3.1000,3.1150,17.2600,86.9359,64.920000,56.909888,0.126988,-0.096457,1,1,1,1,1,5,5,4,3.0000,3.0000,0.0000,0.0000,1.0000,0.0000,1.0000,0,0.024320,0.00000317,0.024320,2.060687,0.000000
2012-03-02,,3.1000,3.1150,17.2900,85.9857,64.870000,56.946438,0.127301,-0.089592,1,1,1,1,1,5,5,5,3.0000,3.0000,0.0000,0.0000,1.0000,0.0000,1.0000,0,-0.003014,0.00000317,-0.003014,2.054476,-0.003014
2012-03-05,,3.0900,3.1150,18.0500,86.2233,64.200000,56.977238,0.128117,-0.085360,1,1,1,1,1,5,5,5,3.0000,3.0000,0.0000,0.0000,1.0000,0.0000,1.0000,0,-0.031186,0.00000278,-0.031186,1.990406,-0.034106
2012-03-06,,3.1100,3.1150,20.8700,80.9976,63.570000,57.004038,0.129499,-0.068132,1,0,1,1,1,4,3,5,3.0000,3.0000,0.0000,0.0000,1.0000,0.0000,1.0000,0,-0.028676,0.00000317,-0.028676,1.933328,-0.061804
2012-03-07,,3.1000,3.1150,19.0700,82.6603,64.060000,57.035513,0.128676,-0.084299,1,1,1,1,1,5,5,4,3.0000,3.0000,0.0000,0.0000,1.0000,0.0000,1.0000,0,0.022696,0.00000317,0.022696,1.977206,-0.040511
2012-03-08,,3.1100,3.1150,17.9500,85.5107,64.750000,57.074663,0.127809,-0.086330,1,1,1,1,1,5,5,5,3.0000,3.0000,0.0000,0.0000,1.0000,0.0000,1.0000,0,0.031717,0.00000317,0.031717,2.039916,-0.010079
2012-03-09,,3.1100,3.1150,17.1100,86.9359,65.020000,57.116913,0.127826,-0.094015,1,1,1,1,1,5,5,5,3.0000,3.0000,0.0000,0.0000,1.0000,0.0000,1.0000,0,0.012086,0.00000317,0.012086,2.064571,0.000000
2012-03-12,,3.1100,3.1150,15.6400,86.9359,65.050000,57.158213,0.129270,-0.096836,1,1,1,1,1,5,5,5,3.0000,3.0000,0.0000,0.0000,1.0000,0.0000,1.0000,0,0.001600,0.00000357,0.001600,2.067873,0.000000
2012-03-13,,3.0900,3.1150,14.8000,90.0238,66.260000,57.203805,0.127408,-0.119296,1,1,1,1,1,5,5,5,3.0000,3.0000,0.0000,0.0000,1.0000,0.0000,1.0000,0,0.056333,0.00000357,0.056333,2.184362,0.000000
2012-03-14,,3.0800,3.1150,15.3100,88.1235,66.490000,57.249105,0.125652,-0.141356,1,1,1,1,1,5,5,5,3.0000,3.0000,0.0000,0.0000,1.0000,0.0000,1.0000,0,0.011198,0.00000317,0.011198,2.208823,0.000000
2012-03-15,,3.0700,3.1150,15.4200,89.7862,66.680000,57.290705,0.124822,-0.140250,1,1,1,1,1,5,5,5,3.0000,3.0000,0.0000,0.0000,1.0000,0.0000,1.0000,0,0.007647,0.00000357,0.007647,2.225713,0.000000
2012-03-16,,3.0700,3.1150,14.4700,90.7363,66.520000,57.337855,0.123949,-0.151762,1,1,1,1,1,5,5,5,3.0000,3.0000,0.0000,0.0000,1.0000,0.0000,1.0000,0,-0.002181,0.00000317,-0.002181,2.220860,-0.002181
2012-03-19,,3.0400,3.1150,15.0400,89.7862,66.990000,57.386755,0.122613,-0.149953,1,1,1,1,1,5,5,5,3.0000,3.0000,0.0000,0.0000,1.0000,0.0000,1.0000,0,0.021768,0.00000357,0.021768,2.269204,0.000000
2012-03-20,,3.0300,3.1150,15.5800,89.5487,67.110000,57.440555,0.123113,-0.157768,1,1,1,1,1,5,5,5,3.0000,3.0000,0.0000,0.0000,1.0000,0.0000,1.0000,0,0.005475,0.00000397,0.005475,2.281628,0.000000
2012-03-21,,3.0200,3.1150,15.1300,89.5487,67.120000,57.496705,0.123065,-0.149063,1,1,1,1,1,5,5,5,3.0000,3.0000,0.0000,0.0000,1.0000,0.0000,1.0000,0,-0.000340,0.00000397,-0.000340,2.280852,-0.000340
2012-03-22,,3.0000,3.1150,15.5700,88.5986,66.980000,57.552655,0.124246,-0.135152,1,1,1,1,1,5,5,5,3.0000,3.0000,0.0000,0.0000,1.0000,0.0000,1.0000,0,-0.006044,0.00000357,-0.006044,2.267068,-0.006381
2012-03-23,,3.0100,3.1150,14.8200,89.3112,66.939000,57.610400,0.123881,-0.145326,1,1,1,1,1,5,5,5,3.0000,3.0000,0.0000,0.0000,1.0000,0.0000,1.0000,0,-0.001370,0.00000317,-0.001370,2.263962,-0.007742
2012-03-26,,3.0100,3.1150,14.2600,92.1615,68.110000,57.673525,0.123014,-0.165569,1,1,1,1,1,5,5,5,3.0000,3.0000,0.0000,0.0000,1.0000,0.0000,1.0000,0,0.052224,0.00000317,0.052224,2.382196,0.000000
2012-03-27,,3.0100,3.1150,15.5900,92.1615,68.210000,57.741375,0.123982,-0.153409,1,1,1,1,1,5,5,5,3.0000,3.0000,0.0000,0.0000,1.0000,0.0000,1.0000,0,0.003831,0.00000357,0.003831,2.391321,0.000000
2012-03-28,,3.0400,3.1150,15.4700,90.7363,67.938000,57.807865,0.123585,-0.154302,1,1,1,1,1,5,5,5,3.0000,3.0000,0.0000,0.0000,1.0000,0.0000,1.0000,0,-0.011691,0.00000357,-0.011691,2.363364,-0.011691
2012-03-29,,3.0300,3.1150,15.4800,90.2613,67.680000,57.869565,0.124278,-0.113610,1,1,1,1,1,5,5,5,3.0000,3.0000,0.0000,0.0000,1.0000,0.0000,1.0000,0,-0.010268,0.00000357,-0.010268,2.339097,-0.021839
2012-03-30,,3.0300,3.1150,15.5000,91.2114,67.550000,57.935865,0.124441,-0.105366,1,1,1,1,1,5,5,5,3.0000,3.0000,0.0000,0.0000,1.0000,0.0000,1.0000,0,-0.006972,0.00000278,-0.006972,2.322788,-0.028659
2012-04-02,,3.0700,3.1150,15.6400,91.2114,68.250000,58.006715,0.124154,-0.107495,1,1,1,1,1,5,5,5,3.0000,3.0000,0.0000,0.0000,1.0000,0.0000,1.0000,0,0.030508,0.00000278,0.030508,2.393651,0.000000
2012-04-03,,3.0800,3.1150,15.6600,90.9739,68.240000,58.078965,0.124611,-0.100817,1,1,1,1,1,5,5,5,3.0000,3.0000,0.0000,0.0000,1.0000,0.0000,1.0000,0,0.000081,0.00000317,0.000081,2.393845,0.000000
2012-04-04,,3.0600,3.1150,16.4400,89.3112,67.300000,58.145115,0.125661,-0.090204,1,1,1,1,1,5,5,5,3.0000,3.0000,0.0000,0.0000,1.0000,0.0000,1.0000,0,-0.040793,0.00000317,-0.040793,2.296192,-0.040793
2012-04-05,,3.0800,3.1150,16.7000,88.8361,67.720000,58.207565,0.124794,-0.089101,1,1,1,1,1,5,5,5,3.0000,3.0000,0.0000,0.0000,1.0000,0.0000,1.0000,0,0.018263,0.00000317,0.018263,2.338128,-0.023275
2012-04-09,,3.0900,3.1150,18.8100,86.2233,67.210000,58.269460,0.125571,-0.076882,1,1,1,1,1,5,5,5,3.0000,3.0000,0.0000,0.0000,1.0000,0.0000,1.0000,0,-0.023002,0.00000317,-0.023002,2.284345,-0.045742
2012-04-10,,3.1100,3.1150,20.3900,81.0427,66.130000,58.323410,0.126049,-0.067959,1,0,1,1,1,4,3,5,3.0000,3.0000,0.0000,0.0000,1.0000,0.0000,1.0000,0,-0.048274,0.00000357,-0.048274,2.174070,-0.091808
2012-04-11,,3.1400,3.1200,20.0200,84.3602,66.450000,58.383760,0.125328,-0.079098,0,0,1,1,1,3,1,4,3.0000,3.0000,0.0000,0.0000,1.0000,0.0000,1.0000,0,0.014468,0.00000357,0.014468,2.205524,-0.078669
2012-04-12,,3.1600,3.1200,17.2000,87.2038,67.205000,58.443560,0.124090,-0.084968,0,1,1,1,1,4,3,3,3.0000,3.0000,0.0000,0.0000,1.0000,0.0000,1.0000,0,0.033537,0.00000357,0.033537,2.279492,-0.047770
2012-04-13,,3.1500,3.1200,19.5500,84.8341,66.190000,58.494160,0.125164,-0.063633,0,1,1,1,1,4,3,4,3.0000,3.0000,0.0000,0.0000,1.0000,0.0000,1.0000,0,-0.045200,0.00000357,-0.045200,2.176460,-0.090810
2012-04-16,,3.1500,3.1200,19.5500,84.5972,65.450000,58.539910,0.126432,-0.039774,0,1,1,1,1,4,3,4,3.0000,3.0000,0.0000,0.0000,1.0000,0.0000,1.0000,0,-0.031516,0.00000357,-0.031516,2.107867,-0.119464
2012-04-17,,3.1400,3.1200,18.4600,87.4408,66.780000,58.588560,0.125214,-0.050980,0,1,1,1,1,4,3,4,3.0000,3.0000,0.0000,0.0000,1.0000,0.0000,1.0000,0,0.058948,0.00000317,0.058948,2.232121,-0.067558
2012-04-18,,3.1400,3.1250,18.6400,86.4929,66.610000,58.632060,0.125460,-0.052324,0,1,1,1,1,4,3,4,3.0000,3.0000,0.0000,0.0000,1.0000,0.0000,1.0000,0,-0.007306,0.00000317,-0.007306,2.215812,-0.074371
2012-04-19,,3.1500,3.1300,18.3600,84.8341,65.860000,58.670360,0.125908,-0.041527,0,1,1,1,1,4,3,4,3.0000,3.0000,0.0000,0.0000,1.0000,0.0000,1.0000,0,-0.032332,0.00000278,-0.032332,2.144171,-0.104298
2012-04-20,,3.1500,3.1350,17.4400,83.6493,65.680000,58.706810,0.126930,-0.041232,0,1,1,1,1,4,3,4,3.0000,3.0000,0.0000,0.0000,1.0000,0.0000,1.0000,0,-0.010775,0.00000278,-0.010775,2.121067,-0.113950
2012-04-23,,3.1700,3.1400,18.9700,81.0427,65.080000,58.736260,0.127458,-0.045479,0,1,1,1,1,4,3,4,3.0000,3.0000,0.0000,0.0000,1.0000,0.0000,1.0000,0,-0.025172,0.00000317,-0.025172,2.067676,-0.136253
2012-04-24,,3.1600,3.1400,18.1000,81.9905,64.730000,58.764760,0.127849,-0.030706,0,1,1,1,1,4,3,4,3.0000,3.0000,0.0000,0.0000,1.0000,0.0000,1.0000,0,-0.017651,0.00000317,-0.017651,2.031179,-0.151499
2012-04-25,,3.1500,3.1400,16.8200,86.2559,66.450000,58.807210,0.126769,-0.036924,0,1,1,1,1,4,3,4,3.0000,3.0000,0.0000,0.0000,1.0000,0.0000,1.0000,0,0.079430,0.00000357,0.079430,2.192515,-0.084103
2012-04-26,,3.1700,3.1400,16.2400,88.3886,66.840000,58.853810,0.126605,-0.043960,0,1,1,1,1,4,3,4,3.0000,3.0000,0.0000,0.0000,1.0000,0.0000,1.0000,0,0.017887,0.00000357,0.017887,2.231733,-0.067720
2012-04-27,,3.1900,3.1400,16.3200,89.3365,67.240000,58.901210,0.126851,-0.036314,0,1,1,1,1,4,3,4,3.0000,3.0000,0.0000,0.0000,1.0000,0.0000,1.0000,0,0.017137,0.00000357,0.017137,2.269979,-0.051743
2012-04-30,,3.1900,3.1400,17.1500,87.9147,66.760000,58.949560,0.127476,-0.027708,0,1,1,1,1,4,3,4,3.0000,3.0000,0.0000,0.0000,1.0000,0.0000,1.0000,0,-0.020783,0.00000357,-0.020783,2.222802,-0.071451
2012-05-01,,3.2000,3.1400,16.6000,89.3365,66.870000,58.994660,0.127327,-0.016198,0,1,1,1,1,4,3,4,3.0000,3.0000,0.0000,0.0000,1.0000,0.0000,1.0000,0,0.005677,0.00000397,0.005677,2.235420,-0.066180
2012-05-02,,3.2200,3.1400,16.8800,88.3886,67.060000,59.042260,0.126955,-0.016303,0,1,1,1,1,4,3,4,3.0000,3.0000,0.0000,0.0000,1.0000,0.0000,1.0000,0,0.006602,0.00000357,0.006602,2.250178,-0.060015
2012-05-03,,3.1900,3.1400,17.5600,86.0190,66.350000,59.079760,0.127540,-0.016198,0,1,1,1,1,4,3,4,3.0000,3.0000,0.0000,0.0000,1.0000,0.0000,1.0000,0,-0.031061,0.00000317,-0.031061,2.180284,-0.089212
2012-05-04,,3.1800,3.1450,19.1600,80.0948,64.700000,59.110260,0.129818,0.003769,0,1,1,1,0,3,1,4,3.0000,3.0000,0.0000,0.0000,1.0000,0.0000,1.0000,0,-0.073375,0.00000357,-0.073375,2.020305,-0.156042
2012-05-07,,3.1900,3.1500,18.9400,80.5687,64.760000,59.139110,0.129468,0.005212,0,1,1,1,0,3,1,3,3.0000,3.0000,0.0000,0.0000,1.0000,0.0000,1.0000,0,0.001441,0.00000278,0.001441,2.023216,-0.154826
2012-05-08,,3.1800,3.1500,19.0500,80.5687,64.520000,59.163710,0.130209,0.005547,0,1,1,1,0,3,1,3,3.0000,3.0000,0.0000,0.0000,1.0000,0.0000,1.0000,0,-0.011034,0.00000397,-0.011034,2.000891,-0.164152
2012-05-09,,3.1900,3.1500,20.0800,76.5403,64.321000,59.187915,0.131059,0.020783,0,0,1,1,0,2,-1,3,3.0000,3.0000,0.0000,0.0000,1.0000,0.0000,1.0000,0,-0.005531,0.00000357,-0.005531,1.989824,-0.168775
2012-05-10,,3.2200,3.1500,18.8300,78.9100,64.190000,59.210740,0.132003,0.026647,0,1,1,1,0,3,1,2,0.0000,0.0000,0.0000,0.0000,0.0000,1.0000,0.0000,1,-0.010245,0.00000357,0.009751,2.009227,-0.160669
2012-05-11,,3.2100,3.1500,19.8900,78.4360,64.180000,59.241190,0.132475,0.027643,0,1,1,1,0,3,1,3,3.0000,3.0000,0.0000,0.0000,1.0000,0.0000,1.0000,1,-0.000986,0.00000397,-0.001182,2.006852,-0.161661
2012-05-14,,3.2200,3.1500,21.8700,75.5924,63.580000,59.268140,0.133808,0.037634,0,0,1,1,0,2,-1,3,3.0000,3.0000,0.0000,0.0000,1.0000,0.0000,1.0000,0,-0.027629,0.00000397,-0.027629,1.951405,-0.184824
2012-05-15,,3.2200,3.1500,21.9700,72.2749,63.370000,59.294990,0.133643,0.039339,0,0,1,1,0,2,-1,2,0.0000,0.0000,0.0000,0.0000,0.0000,1.0000,0.0000,1,-0.008727,0.00000397,0.009945,1.970812,-0.176717
2012-05-16,,3.2400,3.1500,22.2700,69.1943,62.940000,59.321040,0.134346,0.048730,0,0,1,1,0,2,-1,2,0.0000,0.0000,0.0000,0.0000,0.0000,1.0000,0.0000,0,-0.021704,0.00000357,0.000004,1.970819,-0.176714
2012-05-17,,3.2500,3.1500,24.4900,64.6919,61.610000,59.347740,0.135603,0.053181,0,0,1,1,0,2,-1,2,0.0000,0.0000,0.0000,0.0000,0.0000,1.0000,0.0000,0,-0.061532,0.00000397,0.000004,1.970827,-0.176711
2012-05-18,,3.2300,3.1500,25.1000,60.4265,60.810000,59.367740,0.136504,0.064463,0,0,1,1,0,2,-1,2,0.0000,0.0000,0.0000,0.0000,0.0000,1.0000,0.0000,0,-0.040143,0.00000397,0.000004,1.970835,-0.176707
2012-05-21,,3.2700,3.1550,22.0100,66.5877,62.510000,59.409440,0.134349,0.047055,0,0,1,1,0,2,-1,2,0.0000,0.0000,0.0000,0.0000,0.0000,1.0000,0.0000,0,0.084109,0.00000317,0.000003,1.970841,-0.176705
2012-05-22,,3.2500,3.1600,22.4800,66.5877,62.440000,59.452490,0.135061,0.054411,0,0,1,1,0,2,-1,2,0.0000,0.0000,0.0000,0.0000,0.0000,1.0000,0.0000,0,-0.003644,0.00000357,0.000004,1.970848,-0.176702
2012-05-23,,3.3400,3.1600,22.3300,67.7725,62.560000,59.512340,0.134271,0.056214,0,0,1,1,0,2,-1,2,0.0000,0.0000,0.0000,0.0000,0.0000,1.0000,0.0000,0,0.005592,0.00000357,0.000004,1.970855,-0.176699
2012-05-24,,3.3300,3.1600,21.5400,67.5355,62.150000,59.557940,0.134536,0.054838,0,0,1,1,0,2,-1,2,0.0000,0.0000,0.0000,0.0000,0.0000,1.0000,0.0000,0,-0.017968,0.00000357,0.000004,1.970862,-0.176696
2012-05-25,,3.3600,3.1650,21.7600,66.5877,62.070000,59.613990,0.135428,0.063747,0,0,1,1,0,2,-1,2,0.0000,0.0000,0.0000,0.0000,0.0000,1.0000,0.0000,0,-0.005663,0.00000397,0.000004,1.970870,-0.176693
2012-05-29,,3.3700,3.1700,21.0300,71.5640,62.860000,59.662790,0.134218,0.052907,0,0,1,1,0,2,-1,2,0.0000,0.0000,0.0000,0.0000,0.0000,1.0000,0.0000,0,0.037203,0.00000357,0.000004,1.970877,-0.176690
2012-05-30,,3.3800,3.1700,24.1400,62.7962,62.330000,59.706590,0.135360,0.054469,0,0,1,1,0,2,-1,2,0.0000,0.0000,0.0000,0.0000,0.0000,1.0000,0.0000,0,-0.024253,0.00000357,0.000004,1.970884,-0.176687
2012-05-31,,3.4000,3.1700,24.0600,62.3223,62.060000,59.745090,0.136381,0.051849,0,0,1,1,0,2,-1,2,0.0000,0.0000,0.0000,0.0000,0.0000,1.0000,0.0000,0,-0.014286,0.00000278,0.000003,1.970890,-0.176684
2012-06-01,,3.4000,3.1700,26.6600,53.3175,60.409000,59.777635,0.139318,0.078117,0,0,1,1,0,2,-1,2,0.0000,0.0000,0.0000,0.0000,0.0000,1.0000,0.0000,0,-0.078613,0.00000278,0.000003,1.970895,-0.176682
2012-06-04,,3.4100,3.1700,26.1200,52.1327,60.870000,59.814085,0.139852,0.088074,0,0,1,1,0,2,-1,2,0.0000,0.0000,0.0000,0.0000,0.0000,1.0000,0.0000,0,0.021449,0.00000278,0.000003,1.970901,-0.176680
2012-06-05,,3.4000,3.1700,24.6800,55.6872,61.120000,59.864935,0.139304,0.084249,0,0,1,1,0,2,-1,2,0.0000,0.0000,0.0000,0.0000,0.0000,1.0000,0.0000,0,0.013766,0.00000317,0.000003,1.970907,-0.176677
2012-06-06,,3.4000,3.1700,22.1600,62.5592,62.520000,59.927385,0.138137,0.065797,0,0,1,1,0,2,-1,2,0.0000,0.0000,0.0000,0.0000,0.0000,1.0000,0.0000,0,0.068356,0.00000317,0.000003,1.970913,-0.176675
2012-06-07,,3.4100,3.1750,21.7200,62.3223,62.270000,59.987685,0.139114,0.086623,0,0,1,1,0,2,-1,2,0.0000,0.0000,0.0000,0.0000,0.0000,1.0000,0.0000,0,-0.011203,0.00000357,0.000004,1.970920,-0.176672
2012-06-08,,3.4300,3.1800,21.2300,64.4550,62.870000,60.040635,0.138317,0.095887,0,0,1,1,0,2,-1,2,0.0000,0.0000,0.0000,0.0000,0.0000,1.0000,0.0000,0,0.029411,0.00000357,0.000004,1.970927,-0.176669
2012-06-11,,3.4400,3.1800,23.5600,60.4265,61.805000,60.086210,0.139976,0.113377,0,0,1,1,0,2,-1,2,0.0000,0.0000,0.0000,0.0000,0.0000,1.0000,0.0000,0,-0.047829,0.00000357,0.000004,1.970934,-0.176666
2012-06-12,,3.4600,3.1800,22.0900,63.7441,62.560000,60.139860,0.138542,0.111546,0,0,1,1,0,2,-1,2,0.0000,0.0000,0.0000,0.0000,0.0000,1.0000,0.0000,0,0.031561,0.00000357,0.000004,1.970941,-0.176663
2012-06-13,,3.4300,3.1800,24.2700,60.6635,62.130000,60.184860,0.139471,0.128925,0,0,1,1,0,2,-1,2,0.0000,0.0000,0.0000,0.0000,0.0000,1.0000,0.0000,0,-0.019608,0.00000397,0.000004,1.970949,-0.176660
2012-06-14,,3.4300,3.1800,21.6800,61.3744,62.360000,60.223610,0.138945,0.122215,0,0,1,1,0,2,-1,2,0.0000,0.0000,0.0000,0.0000,0.0000,1.0000,0.0000,0,0.011210,0.00000397,0.000004,1.970957,-0.176656
2012-06-15,,3.4000,3.1800,21.1100,66.1137,62.990000,60.263710,0.137655,0.113417,0,0,1,1,0,2,-1,2,0.0000,0.0000,0.0000,0.0000,0.0000,1.0000,0.0000,0,0.036948,0.00000436,0.000004,1.970966,-0.176653
2012-06-18,,3.4200,3.1850,18.3200,66.5877,63.580000,60.306310,0.137909,0.106180,0,1,1,1,0,3,1,2,0.0000,0.0000,0.0000,0.0000,0.0000,1.0000,0.0000,0,0.025782,0.00000357,0.000004,1.970973,-0.176650
2012-06-19,,3.4200,3.1900,18.3800,71.3270,64.239000,60.354705,0.136293,0.097360,0,1,1,1,0,3,1,3,3.0000,3.0000,0.0000,0.0000,1.0000,0.0000,1.0000,1,0.032896,0.00000397,0.015677,2.001871,-0.163742
2012-06-20,,3.4100,3.1900,17.2400,70.1422,64.290000,60.409755,0.135186,0.094666,0,1,1,1,0,3,1,3,3.0000,3.0000,0.0000,0.0000,1.0000,0.0000,1.0000,0,0.003561,0.00000357,0.003561,2.008999,-0.160765
2012-06-21,,3.3800,3.1900,20.0800,62.5592,62.690000,60.456755,0.136854,0.097407,0,0,1,1,0,2,-1,3,3.0000,3.0000,0.0000,0.0000,1.0000,0.0000,1.0000,0,-0.074906,0.00000357,-0.074906,1.858514,-0.223628
2012-06-22,,3.3500,3.1900,18.1100,64.4550,63.350000,60.500305,0.135846,0.094259,0,1,1,1,0,3,1,2,0.0000,0.0000,0.0000,0.0000,0.0000,1.0000,0.0000,1,0.031109,0.00000357,0.007895,1.873186,-0.217499
2012-06-25,,3.3600,3.1900,20.3800,58.2938,62.130000,60.539005,0.137793,0.101840,0,0,1,1,0,2,-1,3,3.0000,3.0000,0.0000,0.0000,1.0000,0.0000,1.0000,1,-0.059330,0.00000357,-0.034745,1.808103,-0.244687
2012-06-26,,3.3600,3.1900,19.7200,60.1896,62.520000,60.585705,0.137294,0.096808,0,1,1,1,0,3,1,2,0.0000,0.0000,0.0000,0.0000,0.0000,1.0000,0.0000,1,0.019443,0.00000397,0.009925,1.826049,-0.237190
2012-06-27,,3.3400,3.1900,19.4500,62.7962,62.900000,60.630905,0.137603,0.101706,0,1,1,1,0,3,1,3,3.0000,3.0000,0.0000,0.0000,1.0000,0.0000,1.0000,1,0.018230,0.00000397,0.006621,1.838139,-0.232140
2012-06-28,,3.3500,3.1900,19.7100,61.6114,62.200000,60.669005,0.138489,0.104698,0,1,1,1,0,3,1,3,3.0000,3.0000,0.0000,0.0000,1.0000,0.0000,1.0000,0,-0.035978,0.00000357,-0.035978,1.772006,-0.259766
2012-06-29,,3.3700,3.1900,17.0800,69.9052,64.160000,60.713005,0.135888,0.079195,0,1,1,1,0,3,1,3,3.0000,3.0000,0.0000,0.0000,1.0000,0.0000,1.0000,0,0.097695,0.00000357,0.097695,1.945121,-0.187449
2012-07-02,,3.3900,3.1950,16.8000,70.1422,64.350000,60.753855,0.136327,0.090245,0,1,1,1,0,3,1,3,3.0000,3.0000,0.0000,0.0000,1.0000,0.0000,1.0000,0,0.008001,0.00000357,0.008001,1.960683,-0.180948
2012-07-03,,3.4000,3.2000,16.6600,72.9858,64.890000,60.795355,0.135105,0.075477,0,1,1,1,0,3,1,3,3.0000,3.0000,0.0000,0.0000,1.0000,0.0000,1.0000,0,0.023810,0.00000397,0.023810,2.007366,-0.161447
2012-07-05,,3.4100,3.2050,17.5000,72.5118,64.930000,60.836955,0.134915,0.070801,0,1,1,1,0,3,1,3,3.0000,3.0000,0.0000,0.0000,1.0000,0.0000,1.0000,0,0.003488,0.00000357,0.003488,2.014368,-0.158522
2012-07-06,,3.4300,3.2100,17.1000,68.0095,64.120000,60.875755,0.135914,0.083532,0,1,1,1,0,3,1,3,3.0000,3.0000,0.0000,0.0000,1.0000,0.0000,1.0000,0,-0.039397,0.00000317,-0.039397,1.935007,-0.191674
2012-07-09,,3.4100,3.2100,17.9800,65.6398,64.000000,60.918855,0.135641,0.090759,0,1,1,1,0,3,1,3,3.0000,3.0000,0.0000,0.0000,1.0000,0.0000,1.0000,0,-0.003418,0.00000317,-0.003418,1.928393,-0.194437
2012-07-10,,3.4100,3.2100,18.7200,63.0332,63.370000,60.967805,0.137058,0.092950,0,1,1,1,0,3,1,3,3.0000,3.0000,0.0000,0.0000,1.0000,0.0000,1.0000,0,-0.030663,0.00000357,-0.030663,1.869263,-0.219138
2012-07-11,,3.3900,3.2150,17.9500,62.7962,63.020000,61.012155,0.137746,0.087600,0,1,1,1,0,3,1,3,3.0000,3.0000,0.0000,0.0000,1.0000,0.0000,1.0000,0,-0.013736,0.00000357,-0.013736,1.843587,-0.229863
2012-07-12,,3.3600,3.2200,18.3300,59.0047,62.430000,61.050405,0.138604,0.102652,0,1,1,1,0,3,1,3,3.0000,3.0000,0.0000,0.0000,1.0000,0.0000,1.0000,0,-0.028909,0.00000397,-0.028909,1.790290,-0.252128
2012-07-13,,3.3700,3.2200,16.7400,66.1137,63.380000,61.090555,0.137573,0.094528,0,1,1,1,0,3,1,3,3.0000,3.0000,0.0000,0.0000,1.0000,0.0000,1.0000,0,0.043459,0.00000397,0.043459,1.868094,-0.219626
2012-07-16,,3.3700,3.2200,17.1100,63.9810,63.200000,61.133905,0.137783,0.092753,0,1,1,1,0,3,1,3,3.0000,3.0000,0.0000,0.0000,1.0000,0.0000,1.0000,0,-0.007497,0.00000397,-0.007497,1.854089,-0.225476
2012-07-17,,3.3500,3.2200,16.4800,64.9289,63.530000,61.182155,0.137137,0.079487,0,1,1,1,0,3,1,3,3.0000,3.0000,0.0000,0.0000,1.0000,0.0000,1.0000,0,0.015381,0.00000397,0.015381,1.882607,-0.213564
2012-07-18,,3.3500,3.2200,16.1600,69.9052,64.390000,61.241655,0.136565,0.071756,0,1,1,1,0,3,1,3,3.0000,3.0000,0.0000,0.0000,1.0000,0.0000,1.0000,0,0.040645,0.00000397,0.040645,1.959126,-0.181599
2012-07-19,,3.3300,3.2200,15.4500,69.6682,65.100000,61.311455,0.136463,0.067576,0,1,1,1,0,3,1,3,3.0000,3.0000,0.0000,0.0000,1.0000,0.0000,1.0000,0,0.032567,0.00000357,0.032567,2.022928,-0.154946
2012-07-20,,3.3400,3.2200,16.2700,64.4550,64.235000,61.371680,0.138016,0.086983,0,1,1,1,0,3,1,3,3.0000,3.0000,0.0000,0.0000,1.0000,0.0000,1.0000,0,-0.038463,0.00000357,-0.038463,1.945121,-0.187449
2012-07-23,,3.3100,3.2250,18.6200,59.9526,63.460000,61.421330,0.138500,0.090554,0,1,1,1,0,3,1,3,3.0000,3.0000,0.0000,0.0000,1.0000,0.0000,1.0000,0,-0.037000,0.00000357,-0.037000,1.873151,-0.217514
2012-07-24,,3.3100,3.2300,20.4700,57.5829,62.960000,61.463980,0.138473,0.087367,0,0,1,1,0,2,-1,3,3.0000,3.0000,0.0000,0.0000,1.0000,0.0000,1.0000,0,-0.022845,0.00000397,-0.022845,1.830359,-0.235389
2012-07-25,,3.2900,3.2300,19.3400,59.7156,62.540000,61.506330,0.138362,0.081794,0,1,1,1,0,3,1,2,0.0000,0.0000,0.0000,0.0000,0.0000,1.0000,0.0000,1,-0.022316,0.00000397,-0.023150,1.787987,-0.253090
2012-07-26,,3.3000,3.2350,17.5300,63.0332,63.370000,61.543480,0.138246,0.082973,0,1,1,1,0,3,1,3,3.0000,3.0000,0.0000,0.0000,1.0000,0.0000,1.0000,1,0.039130,0.00000397,-0.005811,1.777597,-0.257430
2012-07-27,,3.3000,3.2400,16.7000,69.6682,64.870000,61.586230,0.137335,0.080801,0,1,1,1,0,3,1,3,3.0000,3.0000,0.0000,0.0000,1.0000,0.0000,1.0000,0,0.075731,0.00000436,0.075731,1.912218,-0.201194
2012-07-30,,3.2900,3.2400,18.0300,67.7725,64.820000,61.627330,0.137835,0.080388,0,1,1,1,0,3,1,3,3.0000,3.0000,0.0000,0.0000,1.0000,0.0000,1.0000,0,-0.006028,0.00000436,-0.006028,1.900690,-0.206010
2012-07-31,,3.2600,3.2400,18.9300,65.8768,64.800000,61.665730,0.137681,0.060884,0,1,1,1,0,3,1,3,3.0000,3.0000,0.0000,0.0000,1.0000,0.0000,1.0000,0,0.000586,0.00000436,0.000586,1.901804,-0.205544
2012-08-01,,3.2700,3.2400,18.9600,63.9810,64.610000,61.697880,0.136747,0.056426,0,1,1,1,0,3,1,3,3.0000,3.0000,0.0000,0.0000,1.0000,0.0000,1.0000,0,-0.009776,0.00000436,-0.009776,1.883211,-0.213311
2012-08-02,,3.2600,3.2400,17.5700,61.6114,64.380000,61.733380,0.136929,0.051647,0,1,1,1,0,3,1,3,3.0000,3.0000,0.0000,0.0000,1.0000,0.0000,1.0000,0,-0.010466,0.00000397,-0.010466,1.863500,-0.221545
2012-08-03,,3.2400,3.2400,15.6400,68.7204,65.600000,61.771430,0.135846,0.037493,1,1,1,1,0,4,3,3,3.0000,3.0000,0.0000,0.0000,1.0000,0.0000,1.0000,0,0.056876,0.00000357,0.056876,1.969489,-0.177270
2012-08-06,,3.2600,3.2400,15.9500,69.9052,66.100000,61.817580,0.135260,0.025329,0,1,1,1,0,3,1,4,3.0000,3.0000,0.0000,0.0000,1.0000,0.0000,1.0000,0,0.022468,0.00000357,0.022468,2.013740,-0.158784
2012-08-07,,3.2400,3.2400,15.9900,74.8815,66.650000,61.867880,0.133196,0.005624,1,1,1,1,0,4,3,3,3.0000,3.0000,0.0000,0.0000,1.0000,0.0000,1.0000,0,0.024747,0.00000397,0.024747,2.063574,-0.137967
2012-08-08,,3.2400,3.2400,15.3200,74.6445,66.620000,61.914480,0.133212,-0.004664,1,1,1,1,1,5,5,4,3.0000,3.0000,0.0000,0.0000,1.0000,0.0000,1.0000,0,-0.001623,0.00000436,-0.001623,2.060225,-0.139365
2012-08-09,,3.2300,3.2400,15.2800,74.8815,66.820000,61.956130,0.133099,-0.004298,1,1,1,1,1,5,5,5,3.0000,3.0000,0.0000,0.0000,1.0000,0.0000,1.0000,0,0.008484,0.00000436,0.008484,2.077704,-0.132064
2012-08-10,,3.2300,3.2400,14.7400,75.1185,66.860000,62.003730,0.133272,-0.008475,1,1,1,1,1,5,5,5,3.0000,3.0000,0.0000,0.0000,1.0000,0.0000,1.0000,0,0.004117,0.00000436,0.004117,2.086258,-0.128491
2012-08-13,,3.2300,3.2400,13.7000,73.9336,67.020000,62.052480,0.133196,-0.019094,1,1,1,1,1,5,5,5,3.0000,3.0000,0.0000,0.0000,1.0000,0.0000,1.0000,0,0.006061,0.00000397,0.006061,2.098904,-0.123208
2012-08-14,,3.2400,3.2400,14.8500,72.5118,67.050000,62.093480,0.133035,-0.027576,1,1,1,1,1,5,5,5,3.0000,3.0000,0.0000,0.0000,1.0000,0.0000,1.0000,0,0.001417,0.00000436,0.001417,2.101877,-0.121966
2012-08-15,,3.2500,3.2400,14.6300,74.1706,67.220000,62.134880,0.132245,-0.016720,0,1,1,1,1,4,3,5,3.0000,3.0000,0.0000,0.0000,1.0000,0.0000,1.0000,0,0.007078,0.00000436,0.007078,2.116754,-0.115751
2012-08-16,,3.2700,3.2400,14.2900,76.3593,68.020000,62.185230,0.130960,-0.032609,0,1,1,1,1,4,3,4,3.0000,3.0000,0.0000,0.0000,1.0000,0.0000,1.0000,0,0.035840,0.00000357,0.035840,2.192618,-0.084060
2012-08-17,,3.2600,3.2450,13.4500,77.0686,68.320000,62.244630,0.130433,-0.030722,0,1,1,1,1,4,3,4,3.0000,3.0000,0.0000,0.0000,1.0000,0.0000,1.0000,0,0.013737,0.00000357,0.013737,2.222738,-0.071478
2012-08-20,,3.2500,3.2500,14.0200,76.8322,68.420000,62.302130,0.130670,-0.030825,1,1,1,1,1,5,5,4,3.0000,3.0000,0.0000,0.0000,1.0000,0.0000,1.0000,0,0.003848,0.00000357,0.003848,2.231292,-0.067904
2012-08-21,,3.2300,3.2500,15.0200,77.3050,68.150000,62.352380,0.130114,-0.042104,1,1,1,1,1,5,5,5,3.0000,3.0000,0.0000,0.0000,1.0000,0.0000,1.0000,0,-0.011501,0.00000436,-0.011501,2.205631,-0.078624
2012-08-22,,3.2300,3.2500,15.1100,77.0686,68.430000,62.405530,0.129848,-0.034542,1,1,1,1,1,5,5,5,3.0000,3.0000,0.0000,0.0000,1.0000,0.0000,1.0000,0,0.010791,0.00000436,0.010791,2.229432,-0.068681
2012-08-23,,3.2200,3.2500,15.9600,72.8132,67.870000,62.453830,0.129563,-0.045718,1,1,1,1,1,5,5,5,3.0000,3.0000,0.0000,0.0000,1.0000,0.0000,1.0000,0,-0.022185,0.00000436,-0.022185,2.179973,-0.089343
2012-08-24,,3.2000,3.2500,15.1800,74.9409,68.290000,62.500880,0.129390,-0.055174,1,1,1,1,1,5,5,5,3.0000,3.0000,0.0000,0.0000,1.0000,0.0000,1.0000,0,0.017741,0.00000436,0.017741,2.218647,-0.073187
2012-08-27,,3.2100,3.2450,16.3500,74.4681,68.400000,62.558830,0.129645,-0.076677,1,1,1,1,1,5,5,5,3.0000,3.0000,0.0000,0.0000,1.0000,0.0000,1.0000,0,0.004861,0.00000397,0.004861,2.229432,-0.068681
2012-08-28,,3.1900,3.2400,16.4900,74.9409,68.400000,62.616930,0.129526,-0.081497,1,1,1,1,1,5,5,5,3.0000,3.0000,0.0000,0.0000,1.0000,0.0000,1.0000,0,-0.000167,0.00000436,-0.000167,2.229061,-0.068836
2012-08-29,,3.1900,3.2400,17.0600,74.7045,68.400000,62.669680,0.129213,-0.079419,1,1,1,1,1,5,5,5,3.0000,3.0000,0.0000,0.0000,1.0000,0.0000,1.0000,0,0.000333,0.00000397,0.000333,2.229804,-0.068526
2012-08-30,,3.1900,3.2400,17.8300,71.6312,67.710000,62.720780,0.129511,-0.066480,1,1,1,1,1,5,5,5,3.0000,3.0000,0.0000,0.0000,1.0000,0.0000,1.0000,0,-0.030520,0.00000476,-0.030520,2.161751,-0.096954
2012-08-31,,3.2000,3.2400,17.4700,72.8132,68.160000,62.770930,0.128755,-0.079604,1,1,1,1,1,5,5,5,3.0000,3.0000,0.0000,0.0000,1.0000,0.0000,1.0000,0,0.021330,0.00000397,0.021330,2.207862,-0.077692
2012-09-04,,3.2100,3.2400,17.9800,71.9340,68.090000,62.825530,0.129352,-0.068678,1,1,1,1,1,5,5,5,3.0000,3.0000,0.0000,0.0000,1.0000,0.0000,1.0000,0,-0.004211,0.00000357,-0.004211,2.198566,-0.081576
2012-09-05,,3.1800,3.2400,17.7400,70.0472,68.020000,62.886480,0.128912,-0.084755,1,1,1,1,1,5,5,5,3.0000,3.0000,0.0000,0.0000,1.0000,0.0000,1.0000,0,-0.004566,0.00000397,-0.004566,2.188527,-0.085769
2012-09-06,,3.1800,3.2400,15.6000,77.5943,69.530000,62.957130,0.127774,-0.084074,1,1,1,1,1,5,5,5,3.0000,3.0000,0.0000,0.0000,1.0000,0.0000,1.0000,0,0.066101,0.00000436,0.066101,2.333189,-0.025338
2012-09-07,,3.1900,3.2400,14.3800,80.4245,69.430000,63.032580,0.126862,-0.098801,1,1,1,1,1,5,5,5,3.0000,3.0000,0.0000,0.0000,1.0000,0.0000,1.0000,0,-0.004304,0.00000436,-0.004304,2.323147,-0.029533
2012-09-10,,3.2000,3.2400,16.2800,77.8302,68.540000,63.102680,0.127448,-0.088973,1,1,1,1,1,5,5,5,3.0000,3.0000,0.0000,0.0000,1.0000,0.0000,1.0000,0,-0.036817,0.00000436,-0.036817,2.237615,-0.065263
2012-09-11,,3.2000,3.2400,16.4100,78.0660,68.430000,63.178380,0.126781,-0.084749,1,1,1,1,1,5,5,5,3.0000,3.0000,0.0000,0.0000,1.0000,0.0000,1.0000,0,-0.004322,0.00000397,-0.004322,2.227944,-0.069303
2012-09-12,,3.1800,3.2400,15.8000,79.0094,68.632000,63.257140,0.125632,-0.095641,1,1,1,1,1,5,5,5,3.0000,3.0000,0.0000,0.0000,1.0000,0.0000,1.0000,0,0.008680,0.00000397,0.008680,2.247283,-0.061225
2012-09-13,,3.1800,3.2400,14.0500,81.8396,69.560000,63.331340,0.125486,-0.085657,1,1,1,1,1,5,5,5,3.0000,3.0000,0.0000,0.0000,1.0000,0.0000,1.0000,0,0.039898,0.00000397,0.039898,2.336945,-0.023769
2012-09-14,,3.2100,3.2400,14.5100,82.0755,70.180000,63.410340,0.124083,-0.089259,1,1,1,1,1,5,5,5,3.0000,3.0000,0.0000,0.0000,1.0000,0.0000,1.0000,0,0.025604,0.00000397,0.025604,2.396779,0.000000
2012-09-17,,3.1500,3.2400,14.5900,80.1887,70.210000,63.479440,0.123722,-0.106318,1,1,1,1,1,5,5,5,3.0000,3.0000,0.0000,0.0000,1.0000,0.0000,1.0000,0,0.001862,0.00000436,0.001862,2.401242,0.000000
2012-09-18,,3.1200,3.2400,14.1800,79.7170,70.270000,63.546890,0.123448,-0.100261,1,1,1,1,1,5,5,5,3.0000,3.0000,0.0000,0.0000,1.0000,0.0000,1.0000,0,0.001858,0.00000436,0.001858,2.405704,0.000000
2012-09-19,,3.0900,3.2400,13.8800,79.2453,70.400000,63.615790,0.123517,-0.115737,1,1,1,1,1,5,5,5,3.0000,3.0000,0.0000,0.0000,1.0000,0.0000,1.0000,0,0.006647,0.00000397,0.006647,2.421695,0.000000
2012-09-20,,3.0700,3.2350,14.0700,77.8302,70.330000,63.681240,0.124020,-0.107469,1,1,1,1,1,5,5,5,3.0000,3.0000,0.0000,0.0000,1.0000,0.0000,1.0000,0,-0.002303,0.00000436,-0.002303,2.416118,-0.002303
2012-09-21,,3.0400,3.2300,13.9800,78.3019,70.150000,63.746590,0.123483,-0.112395,1,1,1,1,1,5,5,5,3.0000,3.0000,0.0000,0.0000,1.0000,0.0000,1.0000,0,0.000000,0.00000436,0.000000,2.416118,-0.002303
2012-09-24,,3.0600,3.2300,14.1500,77.8302,69.735000,63.809865,0.124858,-0.107954,1,1,1,1,1,5,5,5,3.0000,3.0000,0.0000,0.0000,1.0000,0.0000,1.0000,0,-0.018470,0.00000436,-0.018470,2.371492,-0.020730
2012-09-25,,3.0200,3.2300,15.4300,74.0566,68.760000,63.873065,0.125920,-0.077665,1,1,1,1,1,5,5,5,3.0000,3.0000,0.0000,0.0000,1.0000,0.0000,1.0000,0,-0.040145,0.00000436,-0.040145,2.276289,-0.060043
2012-09-26,,3.0300,3.2300,16.8100,72.8774,68.200000,63.928965,0.126906,-0.072541,1,1,1,1,1,5,5,5,3.0000,3.0000,0.0000,0.0000,1.0000,0.0000,1.0000,0,-0.026303,0.00000436,-0.026303,2.216416,-0.084767
2012-09-27,,3.0300,3.2300,14.8400,74.5283,69.140000,63.992765,0.125225,-0.076975,1,1,1,1,1,5,5,5,3.0000,3.0000,0.0000,0.0000,1.0000,0.0000,1.0000,0,0.042449,0.00000436,0.042449,2.310501,-0.045916
2012-09-28,,3.0500,3.2300,15.7300,73.1132,68.570000,64.056815,0.126380,-0.066578,1,1,1,1,1,5,5,5,3.0000,3.0000,0.0000,0.0000,1.0000,0.0000,1.0000,0,-0.023981,0.00000357,-0.023981,2.255094,-0.068795
2012-10-01,,3.0700,3.2250,16.3200,72.4057,68.470000,64.124715,0.125463,-0.081918,1,1,1,1,1,5,5,5,3.0000,3.0000,0.0000,0.0000,1.0000,0.0000,1.0000,0,-0.004289,0.00000397,-0.004289,2.245423,-0.072789
2012-10-02,,3.0600,3.2200,15.7100,71.4623,68.670000,64.194365,0.125986,-0.076011,1,1,1,1,1,5,5,5,3.0000,3.0000,0.0000,0.0000,1.0000,0.0000,1.0000,0,0.006460,0.00000357,0.006460,2.259928,-0.066799
2012-10-03,,3.0400,3.2200,15.4300,71.9340,69.110000,64.265615,0.126094,-0.086526,1,1,1,1,1,5,5,5,3.0000,3.0000,0.0000,0.0000,1.0000,0.0000,1.0000,0,0.018939,0.00000357,0.018939,2.302729,-0.049125
2012-10-04,,3.0300,3.2200,14.5500,75.4717,69.350000,64.340765,0.125920,-0.093514,1,1,1,1,1,5,5,5,3.0000,3.0000,0.0000,0.0000,1.0000,0.0000,1.0000,0,0.011612,0.00000357,0.011612,2.329469,-0.038083
2012-10-05,,2.9900,3.2200,14.3300,74.0566,68.980000,64.406015,0.125701,-0.101895,1,1,1,1,1,5,5,5,3.0000,3.0000,0.0000,0.0000,1.0000,0.0000,1.0000,0,-0.017241,0.00000397,-0.017241,2.289306,-0.054668
2012-10-08,,2.9800,3.2200,15.1100,74.0566,68.350000,64.472115,0.126337,-0.087647,1,1,1,1,1,5,5,5,3.0000,3.0000,0.0000,0.0000,1.0000,0.0000,1.0000,0,-0.026478,0.00000436,-0.026478,2.228690,-0.079698
2012-10-09,,2.9800,3.2200,16.3700,69.1038,67.259200,64.530411,0.127358,-0.080566,1,1,1,1,1,5,5,5,3.0000,3.0000,0.0000,0.0000,1.0000,0.0000,1.0000,0,-0.051394,0.00000436,-0.051394,2.114148,-0.126997
2012-10-10,,2.9300,3.2200,16.2900,67.6887,66.920000,64.584611,0.127966,-0.070267,1,1,1,1,1,5,5,5,3.0000,3.0000,0.0000,0.0000,1.0000,0.0000,1.0000,0,-0.012136,0.00000397,-0.012136,2.088490,-0.137592
2012-10-11,,2.9000,3.2150,15.5900,68.3962,66.710000,64.636961,0.128034,-0.065193,1,1,1,1,1,5,5,5,3.0000,3.0000,0.0000,0.0000,1.0000,0.0000,1.0000,0,-0.008903,0.00000397,-0.008903,2.069897,-0.145269
2012-10-12,,2.8700,3.2100,16.1400,66.2736,66.680000,64.692411,0.127721,-0.066462,1,1,1,1,1,5,5,5,3.0000,3.0000,0.0000,0.0000,1.0000,0.0000,1.0000,0,-0.000181,0.00000397,-0.000181,2.069522,-0.145424
2012-10-15,,2.8500,3.2100,15.2700,70.2830,67.170000,64.748311,0.127186,-0.082840,1,1,1,1,1,5,5,5,3.0000,3.0000,0.0000,0.0000,1.0000,0.0000,1.0000,0,0.019947,0.00000436,0.019947,2.110803,-0.128378
2012-10-16,,2.8300,3.2100,15.2200,73.1132,68.120000,64.809761,0.126391,-0.094192,1,1,1,1,1,5,5,5,3.0000,3.0000,0.0000,0.0000,1.0000,0.0000,1.0000,0,0.043516,0.00000436,0.043516,2.202657,-0.090448
2012-10-17,,2.8000,3.2100,15.0700,75.4717,68.080000,64.865661,0.127365,-0.087574,1,1,1,1,1,5,5,5,3.0000,3.0000,0.0000,0.0000,1.0000,0.0000,1.0000,0,-0.003039,0.00000357,-0.003039,2.195963,-0.093212
2012-10-18,,2.7700,3.2050,15.0300,73.8208,67.290000,64.916411,0.128275,-0.079362,1,1,1,1,1,5,5,5,3.0000,3.0000,0.0000,0.0000,1.0000,0.0000,1.0000,0,-0.034209,0.00000436,-0.034209,2.120842,-0.124232
2012-10-19,,2.7200,3.2000,17.0600,68.3962,65.680000,64.956761,0.129403,-0.067362,1,1,1,1,1,5,5,5,3.0000,3.0000,0.0000,0.0000,1.0000,0.0000,1.0000,0,-0.072242,0.00000397,-0.072242,1.967629,-0.187499
2012-10-22,,2.7100,3.2000,16.6200,68.3962,66.020000,64.997811,0.129036,-0.062498,1,1,1,1,1,5,5,5,3.0000,3.0000,0.0000,0.0000,1.0000,0.0000,1.0000,0,0.015687,0.00000397,0.015687,1.998495,-0.174753
2012-10-23,,2.6800,3.2000,18.8300,62.9717,65.390000,65.036661,0.129649,-0.060563,1,1,1,1,1,5,5,5,3.0000,3.0000,0.0000,0.0000,1.0000,0.0000,1.0000,0,-0.029588,0.00000397,-0.029588,1.939364,-0.199171
2012-10-24,,2.7300,3.2000,18.3300,61.0849,65.164000,65.072281,0.129060,-0.064120,1,1,1,1,1,5,5,5,3.0000,3.0000,0.0000,0.0000,1.0000,0.0000,1.0000,0,-0.009972,0.00000436,-0.009972,1.920025,-0.207156
2012-10-25,,2.7400,3.2000,18.1200,62.9717,65.160000,65.107281,0.129322,-0.055812,1,1,1,1,1,5,5,5,3.0000,3.0000,0.0000,0.0000,1.0000,0.0000,1.0000,0,0.000000,0.00000436,0.000000,1.920025,-0.207156
2012-10-26,,2.7300,3.2000,17.8100,62.2642,65.350000,65.142081,0.129395,-0.056918,1,1,1,1,1,5,5,5,3.0000,3.0000,0.0000,0.0000,1.0000,0.0000,1.0000,0,0.010459,0.00000436,0.010459,1.940107,-0.198864
2012-10-31,,2.7600,3.2000,18.6000,64.6226,64.950000,65.175931,0.130510,-0.039843,1,1,1,0,1,4,3,5,3.0000,3.0000,0.0000,0.0000,1.0000,0.0000,1.0000,0,-0.019358,0.00000476,-0.019358,1.902550,-0.214373
2012-11-01,,2.7300,3.2000,16.6900,70.7547,65.872900,65.211746,0.127809,-0.056351,1,1,1,1,1,5,5,4,3.0000,3.0000,0.0000,0.0000,1.0000,0.0000,1.0000,0,0.042416,0.00000436,0.042416,1.983248,-0.181050
2012-11-02,,2.7500,3.2000,17.5900,64.3868,65.170000,65.240146,0.128073,-0.038799,1,1,1,0,1,4,3,5,3.0000,3.0000,0.0000,0.0000,1.0000,0.0000,1.0000,0,-0.036566,0.00000357,-0.036566,1.910729,-0.210995
2012-11-05,,2.7700,3.2000,18.4200,66.2736,65.600000,65.268846,0.125733,-0.056692,1,1,1,1,1,5,5,4,3.0000,3.0000,0.0000,0.0000,1.0000,0.0000,1.0000,0,0.024523,0.00000357,0.024523,1.957586,-0.191646
2012-11-06,,2.7400,3.2000,17.5800,70.7547,65.720000,65.298596,0.124825,-0.063200,1,1,1,1,1,5,5,5,3.0000,3.0000,0.0000,0.0000,1.0000,0.0000,1.0000,0,0.006080,0.00000436,0.006080,1.969489,-0.186731
2012-11-07,,2.7400,3.2000,19.0800,61.7925,64.170000,65.320496,0.125036,-0.061307,1,1,1,0,1,4,3,5,3.0000,3.0000,0.0000,0.0000,1.0000,0.0000,1.0000,0,-0.071753,0.00000397,-0.071753,1.828171,-0.245086
2012-11-08,,2.7800,3.2000,18.4900,56.1321,63.160000,65.337896,0.126347,-0.050420,1,1,1,0,1,4,3,4,3.0000,3.0000,0.0000,0.0000,1.0000,0.0000,1.0000,0,-0.046785,0.00000397,-0.046785,1.742639,-0.280405
2012-11-09,,2.8000,3.2000,18.6100,56.8396,63.430000,65.352896,0.125470,-0.055799,1,1,1,0,1,4,3,4,3.0000,3.0000,0.0000,0.0000,1.0000,0.0000,1.0000,0,0.010882,0.00000397,0.010882,1.761604,-0.272574
2012-11-12,,2.8200,3.2000,16.6800,56.3679,63.420000,65.368896,0.124326,-0.058740,1,1,1,0,1,4,3,4,3.0000,3.0000,0.0000,0.0000,1.0000,0.0000,1.0000,0,0.001479,0.00000357,0.001479,1.764210,-0.271498
2012-11-13,,2.8200,3.2000,16.6500,56.1321,62.980000,65.381796,0.125227,-0.042483,1,1,1,0,1,4,3,4,3.0000,3.0000,0.0000,0.0000,1.0000,0.0000,1.0000,0,-0.021713,0.00000357,-0.021713,1.725903,-0.287316
2012-11-14,,2.8500,3.2000,17.9200,46.2264,62.240000,65.390746,0.126039,-0.032207,1,1,0,0,1,3,1,4,3.0000,3.0000,0.0000,0.0000,1.0000,0.0000,1.0000,0,-0.035767,0.00000436,-0.035767,1.664173,-0.312807
2012-11-15,,2.8700,3.2000,17.9900,46.2264,62.029900,65.398245,0.125534,-0.037511,1,1,0,0,1,3,1,3,3.0000,3.0000,0.0000,0.0000,1.0000,0.0000,1.0000,0,-0.008939,0.00000397,-0.008939,1.649296,-0.318950
2012-11-16,,2.9000,3.2000,16.4100,49.7642,62.300000,65.404645,0.125981,-0.030560,1,1,0,0,1,3,1,3,3.0000,3.0000,0.0000,0.0000,1.0000,0.0000,1.0000,0,0.011273,0.00000317,0.011273,1.667889,-0.311272
2012-11-19,,2.9000,3.2000,15.2400,56.6038,63.780600,65.417448,0.123589,-0.047283,1,1,1,0,1,4,3,3,3.0000,3.0000,0.0000,0.0000,1.0000,0.0000,1.0000,0,0.072018,0.00000238,0.072018,1.788008,-0.261671
2012-11-20,,2.9100,3.2000,15.0800,57.3113,63.800000,65.426198,0.123321,-0.047676,1,1,1,0,1,4,3,4,3.0000,3.0000,0.0000,0.0000,1.0000,0.0000,1.0000,0,0.000208,0.00000357,0.000208,1.788379,-0.261518
2012-11-21,,2.9000,3.2000,15.3100,58.7264,63.930000,65.435848,0.122553,-0.052073,1,1,1,0,1,4,3,4,3.0000,3.0000,0.0000,0.0000,1.0000,0.0000,1.0000,0,0.007071,0.00000317,0.007071,1.801024,-0.256296
2012-11-23,,2.8900,3.2000,15.1400,65.5660,64.900000,65.449698,0.120587,-0.069775,1,1,1,0,1,4,3,4,3.0000,3.0000,0.0000,0.0000,1.0000,0.0000,1.0000,0,0.045839,0.00000397,0.045839,1.883582,-0.222205
2012-11-26,,2.8900,3.2000,15.5000,64.1509,65.181000,65.463303,0.122368,-0.055128,1,1,1,0,1,4,3,4,3.0000,3.0000,0.0000,0.0000,1.0000,0.0000,1.0000,0,0.012833,0.00000397,0.012833,1.907755,-0.212223
2012-11-27,,2.9000,3.2000,15.9200,62.0283,64.960000,65.473553,0.123316,-0.045257,1,1,1,0,1,4,3,4,3.0000,3.0000,0.0000,0.0000,1.0000,0.0000,1.0000,0,-0.011307,0.00000397,-0.011307,1.886185,-0.221130
2012-11-28,,2.9100,3.2000,15.5100,65.5660,65.520000,65.488778,0.122826,-0.051972,1,1,1,1,1,5,5,4,3.0000,3.0000,0.0000,0.0000,1.0000,0.0000,1.0000,0,0.026815,0.00000397,0.026815,1.936762,-0.200245
2012-11-29,,2.9100,3.2000,15.0600,69.8113,65.910000,65.503078,0.122959,-0.045315,1,1,1,1,1,5,5,5,3.0000,3.0000,0.0000,0.0000,1.0000,0.0000,1.0000,0,0.017283,0.00000397,0.017283,1.970235,-0.186423
2012-11-30,,2.9500,3.2000,15.8700,69.1038,65.800000,65.516028,0.124231,-0.039908,1,1,1,1,1,5,5,5,3.0000,3.0000,0.0000,0.0000,1.0000,0.0000,1.0000,0,-0.003588,0.00000357,-0.003588,1.963166,-0.189342
2012-12-03,,2.9500,3.2000,16.6400,66.2736,65.670000,65.530528,0.124072,-0.037689,1,1,1,1,1,5,5,5,3.0000,3.0000,0.0000,0.0000,1.0000,0.0000,1.0000,0,-0.004926,0.00000317,-0.004926,1.953495,-0.193336
2012-12-04,,2.9500,3.2000,17.1200,65.0943,65.630000,65.540528,0.123611,-0.032009,1,1,1,1,1,5,5,5,3.0000,3.0000,0.0000,0.0000,1.0000,0.0000,1.0000,0,-0.006471,0.00000397,-0.006471,1.940853,-0.198556
2012-12-05,,2.9400,3.2000,16.4600,66.0377,64.903200,65.547894,0.125265,-0.012342,1,1,1,0,1,4,3,5,3.0000,3.0000,0.0000,0.0000,1.0000,0.0000,1.0000,0,-0.030849,0.00000397,-0.030849,1.880979,-0.223280
2012-12-06,,2.9700,3.1950,16.5800,67.2170,65.320000,65.556444,0.124771,-0.020777,1,1,1,0,1,4,3,4,3.0000,3.0000,0.0000,0.0000,1.0000,0.0000,1.0000,0,0.018386,0.00000397,0.018386,1.915563,-0.208999
2012-12-07,,2.9600,3.1900,15.9000,68.3962,64.930000,65.564444,0.124478,-0.017975,1,1,1,0,1,4,3,4,3.0000,3.0000,0.0000,0.0000,1.0000,0.0000,1.0000,0,-0.017083,0.00000397,-0.017083,1.882839,-0.222512
2012-12-10,,2.9600,3.1900,16.0500,68.8679,65.120000,65.571394,0.124480,-0.009050,1,1,1,0,1,4,3,4,3.0000,3.0000,0.0000,0.0000,1.0000,0.0000,1.0000,0,0.008887,0.00000357,0.008887,1.899572,-0.215602
2012-12-11,,2.9500,3.1900,15.5700,72.1698,65.970000,65.581444,0.123919,-0.012216,1,1,1,1,1,5,5,4,3.0000,3.0000,0.0000,0.0000,1.0000,0.0000,1.0000,0,0.038567,0.00000357,0.038567,1.972834,-0.185350
2012-12-12,,2.9500,3.1900,15.9500,70.5189,65.830000,65.590344,0.123650,-0.003403,1,1,1,1,1,5,5,5,3.0000,3.0000,0.0000,0.0000,1.0000,0.0000,1.0000,0,-0.006786,0.00000317,-0.006786,1.959446,-0.190878
2012-12-13,,2.9400,3.1900,16.5600,68.1604,65.311100,65.593400,0.123922,0.001570,1,1,1,0,0,3,1,5,3.0000,3.0000,0.0000,0.0000,1.0000,0.0000,1.0000,0,-0.022585,0.00000278,-0.022585,1.915191,-0.209152
2012-12-14,,2.9200,3.1900,17.0000,66.9811,64.690000,65.594800,0.123887,0.003445,1,1,1,0,0,3,1,3,3.0000,3.0000,0.0000,0.0000,1.0000,0.0000,1.0000,0,-0.028349,0.00000238,-0.028349,1.860898,-0.231572
2012-12-17,,2.9000,3.1900,16.3400,71.2264,65.550000,65.597950,0.124331,0.006452,1,1,1,0,0,3,1,3,3.0000,3.0000,0.0000,0.0000,1.0000,0.0000,1.0000,0,0.038968,0.00000159,0.038968,1.933413,-0.201628
2012-12-18,,2.9000,3.1900,15.5700,76.4151,66.547200,65.606336,0.123822,-0.001584,1,1,1,1,1,5,5,3,3.0000,3.0000,0.0000,0.0000,1.0000,0.0000,1.0000,0,0.046357,0.00000198,0.046357,2.023040,-0.164618
2012-12-19,,2.9200,3.1900,17.3600,74.0566,66.260500,65.616638,0.123813,0.002643,1,1,1,1,0,4,3,5,3.0000,3.0000,0.0000,0.0000,1.0000,0.0000,1.0000,0,-0.014338,0.00000238,-0.014338,1.994033,-0.176596
2012-12-20,,2.8900,3.1900,17.6700,75.9434,66.260000,65.630088,0.123486,-0.010951,1,1,1,1,1,5,5,4,3.0000,3.0000,0.0000,0.0000,1.0000,0.0000,1.0000,0,0.000745,0.00000198,0.000745,1.995518,-0.175983
2012-12-21,,2.8900,3.1900,17.8400,70.7547,65.200000,65.635788,0.123643,-0.017914,1,1,1,0,1,4,3,5,3.0000,3.0000,0.0000,0.0000,1.0000,0.0000,1.0000,0,-0.031122,0.00000238,-0.031122,1.933413,-0.201628
2012-12-24,,2.8600,3.1850,17.8400,70.2830,65.070000,65.637388,0.123498,-0.026674,1,1,1,0,1,4,3,4,3.0000,3.0000,0.0000,0.0000,1.0000,0.0000,1.0000,0,-0.008463,0.00000238,-0.008463,1.917051,-0.208384
2012-12-26,,2.8600,3.1800,19.4800,67.6887,64.500000,65.634788,0.122963,-0.017701,1,1,1,0,1,4,3,4,3.0000,3.0000,0.0000,0.0000,1.0000,0.0000,1.0000,0,-0.023666,0.00000238,-0.023666,1.871683,-0.227119
2012-12-27,,2.8700,3.1800,19.4700,67.6887,64.400000,65.631538,0.122915,-0.026965,1,1,1,0,1,4,3,4,3.0000,3.0000,0.0000,0.0000,1.0000,0.0000,1.0000,0,-0.005564,0.00000357,-0.005564,1.861269,-0.231419
2012-12-28,,2.8400,3.1800,22.7200,64.1509,63.780000,65.619138,0.123009,-0.018974,1,0,1,0,1,3,1,4,3.0000,3.0000,0.0000,0.0000,1.0000,0.0000,1.0000,0,-0.028971,0.00000317,-0.028971,1.807347,-0.253685
2012-12-31,,2.8500,3.1800,18.0200,69.5755,65.130100,65.612339,0.122606,-0.026445,1,1,1,0,1,4,3,3,3.0000,3.0000,0.0000,0.0000,1.0000,0.0000,1.0000,0,0.065227,0.00000040,0.065227,1.925234,-0.205006
2013-01-02,,2.8500,3.1800,14.6800,78.7736,67.200000,65.614939,0.121731,-0.034835,1,1,1,1,1,5,5,4,3.0000,3.0000,0.0000,0.0000,1.0000,0.0000,1.0000,0,0.093296,0.00000198,0.093296,2.104851,-0.130835
2013-01-03,,2.8500,3.1800,14.5600,79.0094,66.852100,65.616599,0.122003,-0.031021,1,1,1,1,1,5,5,5,3.0000,3.0000,0.0000,0.0000,1.0000,0.0000,1.0000,0,-0.014487,0.00000317,-0.014487,2.074359,-0.143427
2013-01-04,,2.8400,3.1800,13.8300,81.1321,66.630000,65.614799,0.122088,-0.028792,1,1,1,1,1,5,5,5,3.0000,3.0000,0.0000,0.0000,1.0000,0.0000,1.0000,0,-0.009862,0.00000317,-0.009862,2.053903,-0.151874
2013-01-07,,2.8100,3.1750,13.7900,79.4811,66.650400,65.612501,0.121224,-0.040564,1,1,1,1,1,5,5,5,3.0000,3.0000,0.0000,0.0000,1.0000,0.0000,1.0000,0,0.001086,0.00000278,0.001086,2.056134,-0.150952
2013-01-08,,2.8000,3.1700,13.6200,78.3019,66.520000,65.609501,0.121196,-0.048836,1,1,1,1,1,5,5,5,3.0000,3.0000,0.0000,0.0000,1.0000,0.0000,1.0000,0,-0.005787,0.00000278,-0.005787,2.044235,-0.155866
2013-01-09,,2.8100,3.1700,13.8100,78.5377,66.770000,65.608451,0.120648,-0.058240,1,1,1,1,1,5,5,5,3.0000,3.0000,0.0000,0.0000,1.0000,0.0000,1.0000,0,0.010187,0.00000278,0.010187,2.065059,-0.147267
2013-01-10,,2.8100,3.1700,13.4900,80.1887,67.170000,65.609606,0.120207,-0.062723,1,1,1,1,1,5,5,5,3.0000,3.0000,0.0000,0.0000,1.0000,0.0000,1.0000,0,0.017649,0.00000238,0.017649,2.101506,-0.132217
2013-01-11,,2.8000,3.1700,13.3600,80.1887,67.260000,65.605356,0.120351,-0.059390,1,1,1,1,1,5,5,5,3.0000,3.0000,0.0000,0.0000,1.0000,0.0000,1.0000,0,0.003715,0.00000238,0.003715,2.109314,-0.128993
2013-01-14,,2.8000,3.1700,13.5200,81.6038,66.960000,65.599106,0.120195,-0.056075,1,1,1,1,1,5,5,5,3.0000,3.0000,0.0000,0.0000,1.0000,0.0000,1.0000,0,-0.012870,0.00000278,-0.012870,2.082167,-0.140203
2013-01-15,,2.8000,3.1650,13.5500,81.6038,66.630000,65.592566,0.120453,-0.047479,1,1,1,1,1,5,5,5,3.0000,3.0000,0.0000,0.0000,1.0000,0.0000,1.0000,0,-0.014824,0.00000317,-0.014824,2.051300,-0.152948
2013-01-16,,2.8100,3.1600,13.4200,80.8962,66.900000,65.588666,0.119891,-0.059018,1,1,1,1,1,5,5,5,3.0000,3.0000,0.0000,0.0000,1.0000,0.0000,1.0000,0,0.011241,0.00000357,0.011241,2.074359,-0.143427
2013-01-17,,2.8400,3.1550,13.5700,82.7830,67.220000,65.587016,0.119595,-0.068679,1,1,1,1,1,5,5,5,3.0000,3.0000,0.0000,0.0000,1.0000,0.0000,1.0000,0,0.015417,0.00000317,0.015417,2.106340,-0.130221
2013-01-18,,2.8400,3.1500,12.4600,84.1981,67.070000,65.581116,0.120272,-0.072988,1,1,1,1,1,5,5,5,3.0000,3.0000,0.0000,0.0000,1.0000,0.0000,1.0000,0,-0.005649,0.00000278,-0.005649,2.094441,-0.135134
2013-01-22,,2.8200,3.1500,12.4300,84.1981,67.180000,65.575816,0.120633,-0.067716,1,1,1,1,1,5,5,5,3.0000,3.0000,0.0000,0.0000,1.0000,0.0000,1.0000,0,0.004101,0.00000317,0.004101,2.103031,-0.131587
2013-01-23,,2.8200,3.1500,12.4600,83.7264,67.590000,65.577266,0.120138,-0.077486,1,1,1,1,1,5,5,5,3.0000,3.0000,0.0000,0.0000,1.0000,0.0000,1.0000,0,0.016251,0.00000317,0.016251,2.137207,-0.117475
2013-01-24,,2.8300,3.1500,12.6900,85.3774,66.660000,65.571966,0.120641,-0.069110,1,1,1,1,1,5,5,5,3.0000,3.0000,0.0000,0.0000,1.0000,0.0000,1.0000,0,-0.039847,0.00000317,-0.039847,2.052046,-0.152640
2013-01-25,,2.8200,3.1500,12.8900,86.5566,67.000000,65.570916,0.120566,-0.071931,1,1,1,1,1,5,5,5,3.0000,3.0000,0.0000,0.0000,1.0000,0.0000,1.0000,0,0.014859,0.00000317,0.014859,2.082538,-0.140049
2013-01-28,,2.8200,3.1500,13.5700,85.6132,67.150000,65.576016,0.120644,-0.071806,1,1,1,1,1,5,5,5,3.0000,3.0000,0.0000,0.0000,1.0000,0.0000,1.0000,0,0.007143,0.00000317,0.007143,2.097415,-0.133906
2013-01-29,,2.8200,3.1500,13.3100,87.0283,67.160000,65.579566,0.121001,-0.077660,1,1,1,1,1,5,5,5,3.0000,3.0000,0.0000,0.0000,1.0000,0.0000,1.0000,0,0.000000,0.00000278,0.000000,2.097415,-0.133906
2013-01-30,,2.8100,3.1450,14.3200,86.0849,67.020000,65.578641,0.121577,-0.051237,1,1,1,1,1,5,5,5,3.0000,3.0000,0.0000,0.0000,1.0000,0.0000,1.0000,0,-0.005496,0.00000278,-0.005496,2.085887,-0.138666
2013-01-31,,2.8400,3.1400,14.2800,86.0849,66.870000,65.582041,0.122178,-0.048677,1,1,1,1,1,5,5,5,3.0000,3.0000,0.0000,0.0000,1.0000,0.0000,1.0000,0,-0.006418,0.00000278,-0.006418,2.072499,-0.144195
2013-02-01,,2.8200,3.1400,12.9000,87.7358,67.660000,65.593091,0.121264,-0.037892,1,1,1,1,1,5,5,5,3.0000,3.0000,0.0000,0.0000,1.0000,0.0000,1.0000,0,0.032836,0.00000278,0.032836,2.140552,-0.116093
2013-02-04,,2.8400,3.1400,14.6700,86.0849,66.480000,65.591591,0.121811,-0.025258,1,1,1,1,1,5,5,5,3.0000,3.0000,0.0000,0.0000,1.0000,0.0000,1.0000,0,-0.050904,0.00000238,-0.050904,2.031590,-0.161088
2013-02-05,,2.8500,3.1300,13.7200,87.0283,67.460000,65.595841,0.120920,-0.035584,1,1,1,1,1,5,5,5,3.0000,3.0000,0.0000,0.0000,1.0000,0.0000,1.0000,0,0.043932,0.00000278,0.043932,2.120842,-0.124232
2013-02-06,,2.8500,3.1200,13.4100,87.7358,67.240000,65.602741,0.121196,-0.044646,1,1,1,1,1,5,5,5,3.0000,3.0000,0.0000,0.0000,1.0000,0.0000,1.0000,0,-0.009292,0.00000278,-0.009292,2.101135,-0.132370
2013-02-07,,2.8600,3.1200,13.5000,87.7358,67.300000,65.610841,0.121522,-0.034383,1,1,1,1,1,5,5,5,3.0000,3.0000,0.0000,0.0000,1.0000,0.0000,1.0000,0,0.002477,0.00000278,0.002477,2.106340,-0.130221
2013-02-08,,2.8500,3.1200,13.0200,88.4434,67.990000,65.625391,0.120850,-0.030702,1,1,1,1,1,5,5,5,3.0000,3.0000,0.0000,0.0000,1.0000,0.0000,1.0000,0,0.030368,0.00000278,0.030368,2.170305,-0.103807
2013-02-11,,2.8600,3.1150,12.9400,87.9717,68.010000,65.641791,0.121170,-0.035681,1,1,1,1,1,5,5,5,3.0000,3.0000,0.0000,0.0000,1.0000,0.0000,1.0000,0,-0.000344,0.00000278,-0.000344,2.169559,-0.104116
2013-02-12,,2.8400,3.1100,12.6400,87.9717,67.730000,65.648191,0.121497,-0.040303,1,1,1,1,1,5,5,5,3.0000,3.0000,0.0000,0.0000,1.0000,0.0000,1.0000,0,-0.011655,0.00000357,-0.011655,2.144272,-0.114557
2013-02-13,,2.8500,3.1100,12.9800,87.5000,67.970000,65.653841,0.121393,-0.036992,1,1,1,1,1,5,5,5,3.0000,3.0000,0.0000,0.0000,1.0000,0.0000,1.0000,0,0.011620,0.00000357,0.011620,2.169187,-0.104269
2013-02-14,,2.8400,3.1100,12.6600,87.5294,67.950000,65.657391,0.120297,-0.050385,1,1,1,1,1,5,5,5,3.0000,3.0000,0.0000,0.0000,1.0000,0.0000,1.0000,0,-0.002057,0.00000397,-0.002057,2.164725,-0.106112
2013-02-15,,2.8500,3.1100,12.4600,87.0588,67.750000,65.662341,0.120702,-0.025542,1,1,1,1,1,5,5,5,3.0000,3.0000,0.0000,0.0000,1.0000,0.0000,1.0000,0,-0.008589,0.00000436,-0.008589,2.146132,-0.113789
2013-02-19,,2.8500,3.1050,12.3100,88.4706,68.240000,65.669191,0.120848,-0.022073,1,1,1,1,1,5,5,5,3.0000,3.0000,0.0000,0.0000,1.0000,0.0000,1.0000,0,0.021833,0.00000397,0.021833,2.192989,-0.094440
2013-02-20,,2.8600,3.1000,14.6800,87.7647,67.190000,65.669841,0.122142,-0.003637,1,1,1,1,1,5,5,5,3.0000,3.0000,0.0000,0.0000,1.0000,0.0000,1.0000,0,-0.045617,0.00000476,-0.045617,2.092952,-0.135749
2013-02-21,,2.8700,3.1000,15.2200,86.1176,66.470000,65.670441,0.122357,0.015622,1,1,1,1,0,4,3,5,3.0000,3.0000,0.0000,0.0000,1.0000,0.0000,1.0000,0,-0.032517,0.00000476,-0.032517,2.024896,-0.163852
2013-02-22,,2.8700,3.0950,14.1700,87.0588,67.139000,65.682636,0.122391,0.000205,1,1,1,1,0,4,3,4,3.0000,3.0000,0.0000,0.0000,1.0000,0.0000,1.0000,0,0.029385,0.00000516,0.029385,2.084398,-0.139281
2013-02-25,,2.8700,3.0900,18.9900,83.7647,66.310000,65.690386,0.123658,0.002938,1,1,1,1,0,4,3,4,3.0000,3.0000,0.0000,0.0000,1.0000,0.0000,1.0000,0,-0.037288,0.00000516,-0.037288,2.006674,-0.171376
2013-02-26,,2.8900,3.0900,16.8700,84.4706,66.560000,65.700586,0.123184,0.003085,1,1,1,1,0,4,3,4,3.0000,3.0000,0.0000,0.0000,1.0000,0.0000,1.0000,0,0.012046,0.00000476,0.012046,2.030847,-0.161394
2013-02-27,,2.9000,3.0900,14.7300,86.3529,67.239000,65.715176,0.122770,-0.001647,1,1,1,1,1,5,5,4,3.0000,3.0000,0.0000,0.0000,1.0000,0.0000,1.0000,0,0.030398,0.00000555,0.030398,2.092581,-0.135902
2013-02-28,,2.9000,3.0850,15.5100,85.6471,67.100000,65.729726,0.123442,-0.006772,1,1,1,1,1,5,5,5,3.0000,3.0000,0.0000,0.0000,1.0000,0.0000,1.0000,0,-0.003733,0.00000436,-0.003733,2.084770,-0.139128
2013-03-01,,2.8900,3.0800,15.3600,86.5882,67.380000,65.745726,0.123266,-0.006986,1,1,1,1,1,5,5,5,3.0000,3.0000,0.0000,0.0000,1.0000,0.0000,1.0000,0,0.010347,0.00000436,0.010347,2.106340,-0.130221
2013-03-04,,2.9000,3.0800,14.0100,88.0000,67.680000,65.766226,0.123856,0.002146,1,1,1,1,0,4,3,5,3.0000,3.0000,0.0000,0.0000,1.0000,0.0000,1.0000,0,0.012888,0.00000436,0.012888,2.133487,-0.119011
2013-03-05,,2.9000,3.0750,13.4800,89.8824,68.680000,65.792776,0.123404,-0.016200,1,1,1,1,1,5,5,4,3.0000,3.0000,0.0000,0.0000,1.0000,0.0000,1.0000,0,0.043925,0.00000436,0.043925,2.227201,-0.080313
2013-03-06,,2.9000,3.0700,13.5300,88.9412,68.510000,65.820626,0.123172,-0.013951,1,1,1,1,1,5,5,5,3.0000,3.0000,0.0000,0.0000,1.0000,0.0000,1.0000,0,-0.006344,0.00000317,-0.006344,2.213071,-0.086148
2013-03-07,,2.8900,3.0700,13.0600,88.2629,68.690000,65.856026,0.122403,-0.018117,1,1,1,1,1,5,5,5,3.0000,3.0000,0.0000,0.0000,1.0000,0.0000,1.0000,0,0.008737,0.00000397,0.008737,2.232406,-0.078164
2013-03-08,,2.8900,3.0700,12.5900,89.4366,68.770000,65.895826,0.122137,-0.020532,1,1,1,1,1,5,5,5,3.0000,3.0000,0.0000,0.0000,1.0000,0.0000,1.0000,0,0.001167,0.00000397,0.001167,2.235012,-0.077088
2013-03-11,,2.8800,3.0700,11.5600,89.2019,68.970000,65.928126,0.121964,-0.017167,1,1,1,1,1,5,5,5,3.0000,3.0000,0.0000,0.0000,1.0000,0.0000,1.0000,0,0.010316,0.00000397,0.010316,2.258068,-0.067567
2013-03-12,,2.8700,3.0650,12.2700,88.7324,68.720000,65.959526,0.121917,-0.015205,1,1,1,1,1,5,5,5,3.0000,3.0000,0.0000,0.0000,1.0000,0.0000,1.0000,0,-0.012187,0.00000397,-0.012187,2.230550,-0.078930
2013-03-13,,2.8700,3.0600,11.8300,88.4977,68.630000,65.989876,0.122286,-0.014431,1,1,1,1,1,5,5,5,3.0000,3.0000,0.0000,0.0000,1.0000,0.0000,1.0000,0,-0.003169,0.00000397,-0.003169,2.223481,-0.081849
2013-03-14,,2.8500,3.0600,11.3000,88.7324,68.860000,66.023426,0.121891,-0.017770,1,1,1,1,1,5,5,5,3.0000,3.0000,0.0000,0.0000,1.0000,0.0000,1.0000,0,0.010204,0.00000357,0.010204,2.246169,-0.072481
2013-03-15,,2.8800,3.0550,11.3000,88.7324,68.510000,66.055626,0.122345,-0.017311,1,1,1,1,1,5,5,5,3.0000,3.0000,0.0000,0.0000,1.0000,0.0000,1.0000,0,-0.009438,0.00000397,-0.009438,2.224970,-0.081234
2013-03-18,,2.8900,3.0450,13.3600,88.4977,68.360000,66.083126,0.122346,-0.012705,1,1,1,1,1,5,5,5,3.0000,3.0000,0.0000,0.0000,1.0000,0.0000,1.0000,0,-0.006853,0.00000357,-0.006853,2.209722,-0.087531
2013-03-19,,2.9100,3.0400,14.3900,88.7324,68.230000,66.112626,0.122955,-0.007431,1,1,1,1,1,5,5,5,3.0000,3.0000,0.0000,0.0000,1.0000,0.0000,1.0000,0,-0.004039,0.00000278,-0.004039,2.200797,-0.091216
2013-03-20,,2.9000,3.0400,12.6700,88.7324,68.709000,66.145871,0.123001,-0.004216,1,1,1,1,1,5,5,5,3.0000,3.0000,0.0000,0.0000,1.0000,0.0000,1.0000,0,0.019095,0.00000278,0.019095,2.242820,-0.073863
2013-03-21,,2.9000,3.0400,13.9900,88.7324,67.930000,66.183476,0.123446,-0.001723,1,1,1,1,1,5,5,5,3.0000,3.0000,0.0000,0.0000,1.0000,0.0000,1.0000,0,-0.032001,0.00000278,-0.032001,2.171047,-0.103501
2013-03-22,,2.9000,3.0400,13.5700,88.2629,68.590000,66.222076,0.122654,-0.007472,1,1,1,1,1,5,5,5,3.0000,3.0000,0.0000,0.0000,1.0000,0.0000,1.0000,0,0.027578,0.00000278,0.027578,2.230921,-0.078777
2013-03-25,,2.9000,3.0400,13.7400,88.4977,68.340000,66.258176,0.122911,-0.000465,1,1,1,1,1,5,5,5,3.0000,3.0000,0.0000,0.0000,1.0000,0.0000,1.0000,0,-0.010168,0.00000278,-0.010168,2.208237,-0.088144
2013-03-26,,2.9100,3.0400,12.7700,88.9671,68.710000,66.289126,0.123087,0.001549,1,1,1,1,0,4,3,5,3.0000,3.0000,0.0000,0.0000,1.0000,0.0000,1.0000,0,0.015325,0.00000317,0.015325,2.242078,-0.074170
2013-03-27,,2.9100,3.0400,13.1500,89.4366,68.801000,66.321781,0.123663,0.005931,1,1,1,1,0,4,3,4,3.0000,3.0000,0.0000,0.0000,1.0000,0.0000,1.0000,0,0.005307,0.00000278,0.005307,2.253977,-0.069257
2013-03-28,,2.9300,3.0400,12.7000,89.4366,68.970000,66.352281,0.124785,0.019553,1,1,1,1,0,4,3,4,3.0000,3.0000,0.0000,0.0000,1.0000,0.0000,1.0000,0,0.005775,0.00000357,0.005775,2.266993,-0.063882
2013-04-01,,2.9600,3.0400,13.5800,89.6714,68.500000,66.385756,0.124992,0.028623,1,1,1,1,0,4,3,4,3.0000,3.0000,0.0000,0.0000,1.0000,0.0000,1.0000,0,-0.019357,0.00000278,-0.019357,2.223110,-0.082002
2013-04-02,,2.9100,3.0350,12.7800,89.6714,69.040000,66.418156,0.124793,0.024606,1,1,1,1,0,4,3,4,3.0000,3.0000,0.0000,0.0000,1.0000,0.0000,1.0000,0,0.022584,0.00000317,0.022584,2.273316,-0.061271
2013-04-03,,2.9100,3.0350,14.2100,88.2629,68.410000,66.449556,0.125717,0.031522,1,1,1,1,0,4,3,4,3.0000,3.0000,0.0000,0.0000,1.0000,0.0000,1.0000,0,-0.026501,0.00000278,-0.026501,2.213071,-0.086148
2013-04-04,,2.9100,3.0350,13.8900,88.7324,68.430000,66.479906,0.126395,0.045552,1,1,1,1,0,4,3,4,3.0000,3.0000,0.0000,0.0000,1.0000,0.0000,1.0000,0,0.000503,0.00000238,0.000503,2.214185,-0.085688
2013-04-05,,2.8800,3.0300,13.9200,87.7934,67.861000,66.504261,0.127515,0.055584,1,1,1,1,0,4,3,4,3.0000,3.0000,0.0000,0.0000,1.0000,0.0000,1.0000,0,-0.024521,0.00000278,-0.024521,2.159891,-0.108108
2013-04-08,,2.8200,3.0300,13.1900,89.6714,68.220000,66.527461,0.127617,0.061831,1,1,1,1,0,4,3,4,3.0000,3.0000,0.0000,0.0000,1.0000,0.0000,1.0000,0,0.015324,0.00000278,0.015324,2.192989,-0.094440
2013-04-09,,2.8200,3.0250,12.8400,90.3756,68.680000,66.549666,0.126794,0.058405,1,1,1,1,0,4,3,4,3.0000,3.0000,0.0000,0.0000,1.0000,0.0000,1.0000,0,0.019670,0.00000278,0.019670,2.236126,-0.076628
2013-04-10,,2.8200,3.0050,12.3600,90.6103,70.015000,66.578291,0.126268,0.053047,1,1,1,1,0,4,3,4,3.0000,3.0000,0.0000,0.0000,1.0000,0.0000,1.0000,0,0.058540,0.00000238,0.058540,2.367030,-0.022573
2013-04-11,,2.8300,2.9850,12.2400,92.2535,69.990000,66.614791,0.126139,0.053565,1,1,1,1,0,4,3,4,3.0000,3.0000,0.0000,0.0000,1.0000,0.0000,1.0000,0,-0.001728,0.00000278,-0.001728,2.362939,-0.024262
2013-04-12,,2.8400,2.9800,12.0600,92.2535,69.940000,66.647741,0.126984,0.058543,1,1,1,1,0,4,3,4,3.0000,3.0000,0.0000,0.0000,1.0000,0.0000,1.0000,0,-0.001101,0.00000278,-0.001101,2.360336,-0.025337
2013-04-15,,2.8200,2.9750,17.2700,86.8545,68.560000,66.679891,0.128128,0.072474,1,1,1,1,0,4,3,4,3.0000,3.0000,0.0000,0.0000,1.0000,0.0000,1.0000,0,-0.060817,0.00000238,-0.060817,2.216787,-0.084613
2013-04-16,,2.8200,2.9650,13.9600,88.9671,69.470000,66.714641,0.127787,0.072860,1,1,1,1,0,4,3,4,3.0000,3.0000,0.0000,0.0000,1.0000,0.0000,1.0000,0,0.041772,0.00000238,0.041772,2.309388,-0.046375
2013-04-17,,2.8100,2.9600,16.5100,86.1502,68.115000,66.740716,0.128941,0.075367,1,1,1,1,0,4,3,4,3.0000,3.0000,0.0000,0.0000,1.0000,0.0000,1.0000,0,-0.058518,0.00000238,-0.058518,2.174246,-0.102180
2013-04-18,,2.8100,2.9600,17.5600,84.0749,67.169000,66.765561,0.130174,0.081747,1,1,1,1,0,4,3,4,3.0000,3.0000,0.0000,0.0000,1.0000,0.0000,1.0000,0,-0.043205,0.00000238,-0.043205,2.080307,-0.140971
2013-04-19,,2.8000,2.9550,14.9700,85.0117,68.090000,66.785211,0.130981,0.093951,1,1,1,1,0,4,3,4,3.0000,3.0000,0.0000,0.0000,1.0000,0.0000,1.0000,0,0.041474,0.00000198,0.041474,2.166585,-0.105344
2013-04-22,,2.8100,2.9500,14.3900,85.4801,68.790000,66.807411,0.130243,0.083188,1,1,1,1,0,4,3,4,3.0000,3.0000,0.0000,0.0000,1.0000,0.0000,1.0000,0,0.030725,0.00000198,0.030725,2.233152,-0.077856
2013-04-23,,2.8200,2.9500,13.4800,88.2904,69.450000,66.830211,0.129231,0.075470,1,1,1,1,0,4,3,4,3.0000,3.0000,0.0000,0.0000,1.0000,0.0000,1.0000,0,0.029475,0.00000198,0.029475,2.298974,-0.050676
2013-04-24,,2.8000,2.9500,13.6100,89.6956,69.420000,66.852661,0.129560,0.077756,1,1,1,1,0,4,3,4,3.0000,3.0000,0.0000,0.0000,1.0000,0.0000,1.0000,0,-0.002426,0.00000198,-0.002426,2.293397,-0.052978
2013-04-25,,2.8000,2.9500,13.6200,90.3981,69.790000,66.881011,0.129069,0.070155,1,1,1,1,0,4,3,4,3.0000,3.0000,0.0000,0.0000,1.0000,0.0000,1.0000,0,0.016214,0.00000238,0.016214,2.330583,-0.037623
2013-04-26,,2.8100,2.9450,13.6100,89.2272,69.570000,66.908861,0.129487,0.068606,1,1,1,1,0,4,3,4,3.0000,3.0000,0.0000,0.0000,1.0000,0.0000,1.0000,0,-0.008456,0.00000198,-0.008456,2.310876,-0.045761
2013-04-29,,2.8100,2.9400,13.7100,89.6956,70.210000,66.943061,0.129692,0.065451,1,1,1,1,0,4,3,4,3.0000,3.0000,0.0000,0.0000,1.0000,0.0000,1.0000,0,0.026552,0.00000198,0.026552,2.372235,-0.020424
2013-04-30,,2.8200,2.9350,13.5200,91.8033,70.720000,66.981561,0.129728,0.073693,1,1,1,1,0,4,3,4,3.0000,3.0000,0.0000,0.0000,1.0000,0.0000,1.0000,0,0.021978,0.00000198,0.021978,2.424372,0.000000
2013-05-01,,2.8300,2.9300,14.4900,89.6956,70.390000,67.021361,0.129580,0.067514,1,1,1,1,0,4,3,4,3.0000,3.0000,0.0000,0.0000,1.0000,0.0000,1.0000,0,-0.012761,0.00000198,-0.012761,2.393434,-0.012761
2013-05-02,,2.8200,2.9250,13.5900,90.3981,71.280000,67.060861,0.128232,0.063947,1,1,1,1,0,4,3,4,3.0000,3.0000,0.0000,0.0000,1.0000,0.0000,1.0000,0,0.036201,0.00000238,0.036201,2.480080,0.000000
2013-05-03,,2.8100,2.9200,12.8500,91.8033,72.120000,67.105461,0.126698,0.048462,1,1,1,1,0,4,3,4,3.0000,3.0000,0.0000,0.0000,1.0000,0.0000,1.0000,0,0.034938,0.00000198,0.034938,2.566729,0.000000
2013-05-06,,2.8200,2.9150,12.6600,92.7400,72.400000,67.149811,0.124614,0.027262,1,1,1,1,0,4,3,4,3.0000,3.0000,0.0000,0.0000,1.0000,0.0000,1.0000,0,0.012895,0.00000198,0.012895,2.599827,0.000000
2013-05-07,,2.8300,2.9100,12.8300,93.4426,72.360000,67.189661,0.125185,0.038421,1,1,1,1,0,4,3,4,3.0000,3.0000,0.0000,0.0000,1.0000,0.0000,1.0000,0,-0.002432,0.00000159,-0.002432,2.593504,-0.002432
2013-05-08,,2.8200,2.9100,12.6600,94.3925,72.710000,67.227711,0.123515,0.020830,1,1,1,1,0,4,3,4,3.0000,3.0000,0.0000,0.0000,1.0000,0.0000,1.0000,0,0.015629,0.00000159,0.015629,2.634039,0.000000
2013-05-09,,2.8000,2.9100,13.1300,93.4579,72.606500,67.269569,0.121991,0.004354,1,1,1,1,0,4,3,4,3.0000,3.0000,0.0000,0.0000,1.0000,0.0000,1.0000,0,-0.003529,0.00000159,-0.003529,2.624742,-0.003529
2013-05-10,,2.8200,2.9100,12.5900,94.3925,73.050000,67.317519,0.121871,0.004236,1,1,1,1,0,4,3,4,3.0000,3.0000,0.0000,0.0000,1.0000,0.0000,1.0000,0,0.017002,0.00000159,0.017002,2.669368,0.000000
2013-05-13,,2.8200,2.9100,12.5500,94.3925,73.140000,67.368419,0.121132,0.007460,1,1,1,1,0,4,3,4,3.0000,3.0000,0.0000,0.0000,1.0000,0.0000,1.0000,0,0.003901,0.00000159,0.003901,2.679782,0.000000
2013-05-14,,2.8100,2.9100,12.7700,94.3925,73.520000,67.423319,0.120711,0.000076,1,1,1,1,0,4,3,4,3.0000,3.0000,0.0000,0.0000,1.0000,0.0000,1.0000,0,0.014710,0.00000198,0.014710,2.719203,0.000000
2013-05-15,,2.8100,2.9100,12.8100,94.6262,73.670000,67.474819,0.121211,0.003255,1,1,1,1,0,4,3,4,3.0000,3.0000,0.0000,0.0000,1.0000,0.0000,1.0000,0,0.007385,0.00000198,0.007385,2.739284,0.000000
2013-05-16,,2.8200,2.9100,13.0700,94.6262,73.590000,67.518419,0.120781,-0.012172,1,1,1,1,1,5,5,4,3.0000,3.0000,0.0000,0.0000,1.0000,0.0000,1.0000,0,-0.003666,0.00000159,-0.003666,2.729242,-0.003666
2013-05-17,,2.8100,2.9050,12.4500,95.3271,74.300000,67.565819,0.120762,-0.014471,1,1,1,1,1,5,5,5,3.0000,3.0000,0.0000,0.0000,1.0000,0.0000,1.0000,0,0.028206,0.00000119,0.028206,2.806223,0.000000
2013-05-20,,2.8100,2.9000,13.0200,94.8598,74.190000,67.612769,0.120170,-0.019944,1,1,1,1,1,5,5,5,3.0000,3.0000,0.0000,0.0000,1.0000,0.0000,1.0000,0,-0.004506,0.00000159,-0.004506,2.793578,-0.004506
2013-05-21,,2.8000,2.9000,13.3700,95.3271,74.270000,67.661069,0.120237,-0.031037,1,1,1,1,1,5,5,5,3.0000,3.0000,0.0000,0.0000,1.0000,0.0000,1.0000,0,0.003728,0.00000198,0.003728,2.803992,-0.000795
2013-05-22,,2.8100,2.9000,13.8200,94.8598,73.619000,67.707264,0.119086,-0.036788,1,1,1,1,1,5,5,5,3.0000,3.0000,0.0000,0.0000,1.0000,0.0000,1.0000,0,-0.024404,0.00000159,-0.024404,2.735564,-0.025179
2013-05-23,,2.7800,2.9000,14.0700,94.1589,73.450000,67.746514,0.118616,-0.036853,1,1,1,1,1,5,5,5,3.0000,3.0000,0.0000,0.0000,1.0000,0.0000,1.0000,0,-0.010875,0.00000159,-0.010875,2.705815,-0.035781
2013-05-24,,2.7700,2.9000,13.9900,92.7570,73.410000,67.783064,0.117447,-0.052947,1,1,1,1,1,5,5,5,3.0000,3.0000,0.0000,0.0000,1.0000,0.0000,1.0000,0,-0.000550,0.00000198,-0.000550,2.704326,-0.036311
2013-05-28,,2.7500,2.9000,14.4800,92.9907,73.890000,67.819264,0.115394,-0.069821,1,1,1,1,1,5,5,5,3.0000,3.0000,0.0000,0.0000,1.0000,0.0000,1.0000,0,0.020627,0.00000159,0.020627,2.760109,-0.016433
2013-05-29,,2.7300,2.9000,14.8300,91.8224,73.540000,67.853864,0.114423,-0.082282,1,1,1,1,1,5,5,5,3.0000,3.0000,0.0000,0.0000,1.0000,0.0000,1.0000,0,-0.015091,0.00000198,-0.015091,2.718457,-0.031276
2013-05-30,,2.7500,2.9000,14.5300,91.3551,73.930000,67.889414,0.114304,-0.079259,1,1,1,1,1,5,5,5,3.0000,3.0000,0.0000,0.0000,1.0000,0.0000,1.0000,0,0.016279,0.00000198,0.016279,2.762711,-0.015506
2013-05-31,,2.7700,2.9000,16.3000,90.1869,73.250000,67.921364,0.115268,-0.067881,1,1,1,1,1,5,5,5,3.0000,3.0000,0.0000,0.0000,1.0000,0.0000,1.0000,0,-0.028536,0.00000159,-0.028536,2.683873,-0.043599
2013-06-03,,2.7900,2.9000,16.2800,90.6542,73.380000,67.953164,0.114877,-0.065288,1,1,1,1,1,5,5,5,3.0000,3.0000,0.0000,0.0000,1.0000,0.0000,1.0000,0,0.005820,0.00000159,0.005820,2.699492,-0.038034
2013-06-04,,2.8200,2.9000,16.2700,89.2523,73.000000,67.982914,0.115034,-0.061193,1,1,1,1,1,5,5,5,3.0000,3.0000,0.0000,0.0000,1.0000,0.0000,1.0000,0,-0.015016,0.00000198,-0.015016,2.658958,-0.052478
2013-06-05,,2.8600,2.9000,17.5000,85.5140,72.050000,68.007064,0.115643,-0.053565,1,1,1,1,1,5,5,5,3.0000,3.0000,0.0000,0.0000,1.0000,0.0000,1.0000,0,-0.038322,0.00000159,-0.038322,2.557061,-0.088789
2013-06-06,,2.8900,2.9000,16.6300,88.5514,72.400000,68.028964,0.115959,-0.051081,1,1,1,1,1,5,5,5,3.0000,3.0000,0.0000,0.0000,1.0000,0.0000,1.0000,0,0.012216,0.00000198,0.012216,2.588299,-0.077657
2013-06-07,,2.8800,2.9000,15.1400,89.7196,73.390000,68.054314,0.115200,-0.061250,1,1,1,1,1,5,5,5,3.0000,3.0000,0.0000,0.0000,1.0000,0.0000,1.0000,0,0.041810,0.00000198,0.041810,2.696515,-0.039095
2013-06-10,,2.8900,2.9000,15.4400,88.5514,73.420000,68.079314,0.115170,-0.057981,1,1,1,1,1,5,5,5,3.0000,3.0000,0.0000,0.0000,1.0000,0.0000,1.0000,0,0.000414,0.00000159,0.000414,2.697632,-0.038696
2013-06-11,,2.8900,2.8950,17.0700,83.8785,72.690000,68.102014,0.115605,-0.057656,1,1,1,1,1,5,5,5,3.0000,3.0000,0.0000,0.0000,1.0000,0.0000,1.0000,0,-0.028950,0.00000198,-0.028950,2.619537,-0.066526
2013-06-12,,2.9100,2.8950,18.5900,82.2430,71.850000,68.119114,0.115425,-0.059046,0,1,1,1,1,4,3,5,3.0000,3.0000,0.0000,0.0000,1.0000,0.0000,1.0000,0,-0.034640,0.00000198,-0.034640,2.528797,-0.098861
2013-06-13,,2.9100,2.8950,16.4100,87.3832,72.760000,68.143564,0.115538,-0.064064,0,1,1,1,1,4,3,4,3.0000,3.0000,0.0000,0.0000,1.0000,0.0000,1.0000,0,0.035883,0.00000198,0.035883,2.619537,-0.066526
2013-06-14,,2.9200,2.8950,17.1500,87.1495,72.280000,68.163514,0.116439,-0.055909,0,1,1,1,1,4,3,4,3.0000,3.0000,0.0000,0.0000,1.0000,0.0000,1.0000,0,-0.017604,0.00000198,-0.017604,2.573423,-0.082959
2013-06-17,,2.9300,2.8950,16.8000,87.6168,72.980000,68.186414,0.115909,-0.065046,0,1,1,1,1,4,3,4,3.0000,3.0000,0.0000,0.0000,1.0000,0.0000,1.0000,0,0.027746,0.00000198,0.027746,2.644824,-0.057515
2013-06-18,,2.9300,2.8950,16.6100,89.4860,73.580000,68.212314,0.115787,-0.059633,0,1,1,1,1,4,3,4,3.0000,3.0000,0.0000,0.0000,1.0000,0.0000,1.0000,0,0.023622,0.00000198,0.023622,2.707300,-0.035251
2013-06-19,,2.9200,2.8950,16.6400,84.3458,72.760000,68.234114,0.114714,-0.070346,0,1,1,1,1,4,3,4,3.0000,3.0000,0.0000,0.0000,1.0000,0.0000,1.0000,0,-0.031456,0.00000198,-0.031456,2.622140,-0.065598
2013-06-20,,2.8700,2.8900,20.4900,75.9346,71.025000,68.250689,0.114304,-0.072828,1,0,1,1,1,4,3,4,3.0000,3.0000,0.0000,0.0000,1.0000,0.0000,1.0000,0,-0.073749,0.00000198,-0.073749,2.428760,-0.134509
2013-06-21,,2.9300,2.8900,18.9000,77.1028,70.430000,68.262039,0.114855,-0.072542,0,1,1,1,1,4,3,4,3.0000,3.0000,0.0000,0.0000,1.0000,0.0000,1.0000,0,-0.014086,0.00000198,-0.014086,2.394548,-0.146701
2013-06-24,,2.8700,2.8900,20.1100,73.8318,69.730000,68.270239,0.116229,-0.068730,1,0,1,1,1,4,3,4,3.0000,3.0000,0.0000,0.0000,1.0000,0.0000,1.0000,0,-0.030905,0.00000198,-0.030905,2.320544,-0.173072
2013-06-25,,2.8600,2.8900,18.4700,78.5047,70.240000,68.281339,0.116633,-0.067962,1,1,1,1,1,5,5,4,3.0000,3.0000,0.0000,0.0000,1.0000,0.0000,1.0000,0,0.021314,0.00000238,0.021314,2.370004,-0.155447
2013-06-26,,2.8800,2.8900,17.2100,81.0748,70.870000,68.288039,0.116960,-0.064094,1,1,1,1,1,5,5,5,3.0000,3.0000,0.0000,0.0000,1.0000,0.0000,1.0000,0,0.027303,0.00000238,0.027303,2.434711,-0.132389
2013-06-27,,2.8900,2.8900,16.8600,83.4112,71.170000,68.296739,0.116526,-0.075862,1,1,1,1,1,5,5,5,3.0000,3.0000,0.0000,0.0000,1.0000,0.0000,1.0000,0,0.011150,0.00000238,0.011150,2.461858,-0.122715
2013-06-28,,2.9200,2.8900,16.8600,82.9439,71.270000,68.310389,0.117286,-0.074181,0,1,1,1,1,4,3,5,3.0000,3.0000,0.0000,0.0000,1.0000,0.0000,1.0000,0,0.002719,0.00000238,0.002719,2.468552,-0.120329
2013-07-01,,2.8300,2.8900,16.3700,82.9439,71.710000,68.326789,0.115146,-0.100877,1,1,1,1,1,5,5,4,3.0000,3.0000,0.0000,0.0000,1.0000,0.0000,1.0000,0,0.021392,0.00000159,0.021392,2.521360,-0.101511
2013-07-02,,2.8300,2.8900,16.4400,82.7103,71.740000,68.342329,0.115222,-0.100230,1,1,1,1,1,5,5,5,3.0000,3.0000,0.0000,0.0000,1.0000,0.0000,1.0000,0,0.000442,0.00000159,0.000442,2.522474,-0.101114
2013-07-03,,2.8100,2.8900,16.2000,82.4766,72.031000,68.354684,0.114733,-0.097876,1,1,1,1,1,5,5,5,3.0000,3.0000,0.0000,0.0000,1.0000,0.0000,1.0000,0,0.013564,0.00000119,0.013564,2.556690,-0.088921
2013-07-05,,2.8000,2.8900,14.8900,83.4112,72.580000,68.366684,0.113176,-0.106527,1,1,1,1,1,5,5,5,3.0000,3.0000,0.0000,0.0000,1.0000,0.0000,1.0000,0,0.022109,0.00000198,0.022109,2.613215,-0.068779
2013-07-08,,2.7700,2.8900,14.7800,84.3458,72.650000,68.378884,0.114154,-0.097848,1,1,1,1,1,5,5,5,3.0000,3.0000,0.0000,0.0000,1.0000,0.0000,1.0000,0,0.003273,0.00000159,0.003273,2.621769,-0.065731
2013-07-09,,2.7900,2.8900,14.3500,85.5140,73.090000,68.392984,0.114152,-0.105073,1,1,1,1,1,5,5,5,3.0000,3.0000,0.0000,0.0000,1.0000,0.0000,1.0000,0,0.018297,0.00000198,0.018297,2.669740,-0.048636
2013-07-10,,2.7800,2.8900,14.2100,85.0467,73.510000,68.408534,0.114745,-0.111233,1,1,1,1,1,5,5,5,3.0000,3.0000,0.0000,0.0000,1.0000,0.0000,1.0000,0,0.016856,0.00000159,0.016856,2.714740,-0.032600
2013-07-11,,2.7500,2.8850,14.0100,90.6542,74.970000,68.431734,0.115026,-0.106225,1,1,1,1,1,5,5,5,3.0000,3.0000,0.0000,0.0000,1.0000,0.0000,1.0000,0,0.062328,0.00000159,0.062328,2.883944,0.000000
2013-07-12,,2.7700,2.8800,13.8400,90.6542,75.300000,68.457484,0.115336,-0.113943,1,1,1,1,1,5,5,5,3.0000,3.0000,0.0000,0.0000,1.0000,0.0000,1.0000,0,0.010445,0.00000159,0.010445,2.914068,0.000000
2013-07-15,,2.7700,2.8800,13.7900,90.4206,75.470000,68.486159,0.116767,-0.112354,1,1,1,1,1,5,5,5,3.0000,3.0000,0.0000,0.0000,1.0000,0.0000,1.0000,0,0.007784,0.00000159,0.007784,2.936752,0.000000
2013-07-16,,2.7600,2.8800,14.4200,90.8879,75.370000,68.519209,0.116565,-0.118594,1,1,1,1,1,5,5,5,3.0000,3.0000,0.0000,0.0000,1.0000,0.0000,1.0000,0,-0.003925,0.00000159,-0.003925,2.925224,-0.003925
2013-07-17,,2.7400,2.8800,13.7800,90.4206,75.560000,68.556009,0.116225,-0.115746,1,1,1,1,1,5,5,5,3.0000,3.0000,0.0000,0.0000,1.0000,0.0000,1.0000,0,0.007119,0.00000119,0.007119,2.946048,0.000000
2013-07-18,,2.7400,2.8750,13.7700,90.4206,75.370000,68.587159,0.116599,-0.104618,1,1,1,1,1,5,5,5,3.0000,3.0000,0.0000,0.0000,1.0000,0.0000,1.0000,0,-0.007321,0.00000119,-0.007321,2.924482,-0.007321
2013-07-19,,2.7500,2.8700,12.5400,90.4206,74.590000,68.617259,0.116421,-0.108665,1,1,1,1,1,5,5,5,3.0000,3.0000,0.0000,0.0000,1.0000,0.0000,1.0000,0,-0.030392,0.00000119,-0.030392,2.835601,-0.037490
2013-07-22,,2.7400,2.8700,12.2900,90.6542,74.810000,68.648959,0.116077,-0.107633,1,1,1,1,1,5,5,5,3.0000,3.0000,0.0000,0.0000,1.0000,0.0000,1.0000,0,0.007213,0.00000119,0.007213,2.856054,-0.030547
2013-07-23,,2.7100,2.8700,12.6600,91.5888,74.260000,68.676909,0.116619,-0.106218,1,1,1,1,1,5,5,5,3.0000,3.0000,0.0000,0.0000,1.0000,0.0000,1.0000,0,-0.022266,0.00000159,-0.022266,2.792461,-0.052134
2013-07-24,,2.7000,2.8700,13.1800,89.4860,74.500000,68.703859,0.115268,-0.117656,1,1,1,1,1,5,5,5,3.0000,3.0000,0.0000,0.0000,1.0000,0.0000,1.0000,0,0.009458,0.00000079,0.009458,2.818872,-0.043169
2013-07-25,,2.6700,2.8700,12.9700,90.1869,74.970000,68.731959,0.116054,-0.111513,1,1,1,1,1,5,5,5,3.0000,3.0000,0.0000,0.0000,1.0000,0.0000,1.0000,0,0.018072,0.00000119,0.018072,2.869813,-0.025877
2013-07-26,,2.6900,2.8700,12.7200,89.4860,75.370000,68.763909,0.116344,-0.109135,1,1,1,1,1,5,5,5,3.0000,3.0000,0.0000,0.0000,1.0000,0.0000,1.0000,0,0.016586,0.00000079,0.016586,2.917413,-0.009720
2013-07-29,,2.6700,2.8700,13.3900,88.5514,75.230000,68.798309,0.116911,-0.093169,1,1,1,1,1,5,5,5,3.0000,3.0000,0.0000,0.0000,1.0000,0.0000,1.0000,0,-0.004589,0.00000119,-0.004589,2.904025,-0.014264
2013-07-30,,2.6900,2.8700,13.3900,88.7850,75.630000,68.840163,0.117298,-0.077513,1,1,1,1,1,5,5,5,3.0000,3.0000,0.0000,0.0000,1.0000,0.0000,1.0000,0,0.014855,0.00000119,0.014855,2.947166,0.000000
2013-07-31,,2.6800,2.8700,13.4500,87.3832,75.770000,68.884413,0.116354,-0.069126,1,1,1,1,1,5,5,5,3.0000,3.0000,0.0000,0.0000,1.0000,0.0000,1.0000,0,0.006309,0.00000159,0.006309,2.965759,0.000000
2013-08-01,,2.6800,2.8650,12.9400,88.8372,76.540000,68.933563,0.115991,-0.077082,1,1,1,1,1,5,5,5,3.0000,3.0000,0.0000,0.0000,1.0000,0.0000,1.0000,0,0.030471,0.00000159,0.030471,3.056128,0.000000
2013-08-02,,2.6600,2.8600,11.9800,88.1395,76.970000,68.985013,0.115648,-0.066664,1,1,1,1,1,5,5,5,3.0000,3.0000,0.0000,0.0000,1.0000,0.0000,1.0000,0,0.016670,0.00000159,0.016670,3.107073,0.000000
2013-08-05,,2.6800,2.8600,11.8400,87.4419,77.020000,69.034263,0.115056,-0.059580,1,1,1,1,1,5,5,5,3.0000,3.0000,0.0000,0.0000,1.0000,0.0000,1.0000,0,0.002154,0.00000159,0.002154,3.113767,0.000000
2013-08-06,,2.7000,2.8600,12.7200,86.9767,76.560000,69.076463,0.115124,-0.057506,1,1,1,1,1,5,5,5,3.0000,3.0000,0.0000,0.0000,1.0000,0.0000,1.0000,0,-0.017794,0.00000198,-0.017794,3.058359,-0.017794
2013-08-07,,2.6900,2.8600,12.9800,86.0465,76.420000,69.118163,0.116030,-0.043573,1,1,1,1,1,5,5,5,3.0000,3.0000,0.0000,0.0000,1.0000,0.0000,1.0000,0,-0.005715,0.00000159,-0.005715,3.040880,-0.023408
2013-08-08,,2.7200,2.8600,12.7300,85.8140,76.800000,69.165713,0.116048,-0.039692,1,1,1,1,1,5,5,5,3.0000,3.0000,0.0000,0.0000,1.0000,0.0000,1.0000,0,0.013330,0.00000198,0.013330,3.081415,-0.010390
2013-08-09,,2.7300,2.8600,13.4100,86.7442,76.490000,69.219763,0.115587,-0.047294,1,1,1,1,1,5,5,5,3.0000,3.0000,0.0000,0.0000,1.0000,0.0000,1.0000,0,-0.010741,0.00000198,-0.010741,3.048317,-0.021020
2013-08-12,,2.7400,2.8550,12.8100,85.8140,76.670000,69.273013,0.115102,-0.048095,1,1,1,1,1,5,5,5,3.0000,3.0000,0.0000,0.0000,1.0000,0.0000,1.0000,0,0.006222,0.00000198,0.006222,3.067284,-0.014928
2013-08-13,,2.7200,2.8500,12.3100,85.5814,77.100000,69.331563,0.114144,-0.055676,1,1,1,1,1,5,5,5,3.0000,3.0000,0.0000,0.0000,1.0000,0.0000,1.0000,0,0.016609,0.00000238,0.016609,3.118229,0.000000
2013-08-14,,2.7200,2.8500,13.0400,85.1163,76.810000,69.389793,0.113992,-0.051969,1,1,1,1,1,5,5,5,3.0000,3.0000,0.0000,0.0000,1.0000,0.0000,1.0000,0,-0.011091,0.00000238,-0.011091,3.083646,-0.011091
2013-08-15,,2.7200,2.8500,14.7300,80.6977,75.510000,69.441543,0.114136,-0.050498,1,1,1,1,1,5,5,5,3.0000,3.0000,0.0000,0.0000,1.0000,0.0000,1.0000,0,-0.050168,0.00000198,-0.050168,2.928944,-0.060703
2013-08-16,,2.7000,2.8500,14.3700,78.6047,75.485000,69.492218,0.113188,-0.049499,1,1,1,1,1,5,5,5,3.0000,3.0000,0.0000,0.0000,1.0000,0.0000,1.0000,0,-0.003556,0.00000198,-0.003556,2.918530,-0.064042
2013-08-19,,2.7000,2.8500,15.1000,76.0465,75.350000,69.544218,0.112945,-0.047610,1,1,1,1,1,5,5,5,3.0000,3.0000,0.0000,0.0000,1.0000,0.0000,1.0000,0,-0.003950,0.00000198,-0.003950,2.907003,-0.067739
2013-08-20,,2.7000,2.8500,14.9100,78.6047,75.680000,69.593253,0.113450,-0.034095,1,1,1,1,1,5,5,5,3.0000,3.0000,0.0000,0.0000,1.0000,0.0000,1.0000,0,0.013688,0.00000238,0.013688,2.946795,-0.054978
2013-08-21,,2.7200,2.8500,15.9400,75.8140,75.420000,69.644503,0.112846,-0.021845,1,1,1,1,1,5,5,5,3.0000,3.0000,0.0000,0.0000,1.0000,0.0000,1.0000,0,-0.009971,0.00000159,-0.009971,2.917413,-0.064401
2013-08-22,,2.7100,2.8500,14.7600,79.5349,76.160000,69.697303,0.112459,-0.017250,1,1,1,1,1,5,5,5,3.0000,3.0000,0.0000,0.0000,1.0000,0.0000,1.0000,0,0.028554,0.00000159,0.028554,3.000717,-0.037686
2013-08-23,,2.6800,2.8500,13.9800,79.5349,76.670000,69.752053,0.113012,-0.011358,1,1,1,1,1,5,5,5,3.0000,3.0000,0.0000,0.0000,1.0000,0.0000,1.0000,0,0.021068,0.00000119,0.021068,3.063936,-0.017412
2013-08-26,,2.6700,2.8500,14.9900,78.1395,76.710000,69.814753,0.112590,-0.023594,1,1,1,1,1,5,5,5,3.0000,3.0000,0.0000,0.0000,1.0000,0.0000,1.0000,0,0.000849,0.00000119,0.000849,3.066538,-0.016577
2013-08-27,,2.6700,2.8500,16.7700,74.1860,75.140000,69.874653,0.114370,-0.004387,1,1,1,1,1,5,5,5,3.0000,3.0000,0.0000,0.0000,1.0000,0.0000,1.0000,0,-0.062939,0.00000159,-0.062939,2.873533,-0.078473
2013-08-28,,2.6600,2.8450,16.4900,74.1860,75.430000,69.934653,0.114362,-0.005860,1,1,1,1,1,5,5,5,3.0000,3.0000,0.0000,0.0000,1.0000,0.0000,1.0000,0,0.012941,0.00000198,0.012941,2.910719,-0.066547
2013-08-29,,2.6500,2.8400,16.8100,74.8837,75.960000,69.997353,0.113510,-0.018774,1,1,1,1,1,5,5,5,3.0000,3.0000,0.0000,0.0000,1.0000,0.0000,1.0000,0,0.020698,0.00000119,0.020698,2.970964,-0.047227
2013-08-30,,2.6200,2.8400,17.0100,73.4884,75.470000,70.059803,0.113963,-0.017312,1,1,1,1,1,5,5,5,3.0000,3.0000,0.0000,0.0000,1.0000,0.0000,1.0000,0,-0.018650,0.00000079,-0.018650,2.915557,-0.064996
2013-09-03,,2.5600,2.8400,16.6100,72.3256,75.900000,70.128103,0.112142,-0.026482,1,1,1,1,1,5,5,5,3.0000,3.0000,0.0000,0.0000,1.0000,0.0000,1.0000,0,0.016453,0.00000119,0.016453,2.963528,-0.049612
2013-09-04,,2.5800,2.8400,15.8800,73.4884,76.710000,70.201504,0.111222,-0.034479,1,1,1,1,1,5,5,5,3.0000,3.0000,0.0000,0.0000,1.0000,0.0000,1.0000,0,0.032626,0.00000079,0.032626,3.060216,-0.018605
2013-09-05,,2.5500,2.8400,15.7700,73.4884,76.840000,70.274204,0.110629,-0.043801,1,1,1,1,1,5,5,5,3.0000,3.0000,0.0000,0.0000,1.0000,0.0000,1.0000,0,0.004375,0.00000079,0.004375,3.073603,-0.014311
2013-09-06,,2.5500,2.8400,15.8500,72.5581,76.930000,70.339951,0.111359,-0.036164,1,1,1,1,1,5,5,5,3.0000,3.0000,0.0000,0.0000,1.0000,0.0000,1.0000,0,0.003630,0.00000079,0.003630,3.084760,-0.010733
2013-09-09,,2.5900,2.8400,15.6300,75.8140,77.830000,70.410101,0.110688,-0.042857,1,1,1,1,1,5,5,5,3.0000,3.0000,0.0000,0.0000,1.0000,0.0000,1.0000,0,0.035202,0.00000079,0.035202,3.193351,0.000000
2013-09-10,,2.6000,2.8400,14.5300,78.1395,78.210000,70.481501,0.110736,-0.050691,1,1,1,1,1,5,5,5,3.0000,3.0000,0.0000,0.0000,1.0000,0.0000,1.0000,0,0.015140,0.00000079,0.015140,3.241696,0.000000
2013-09-11,,2.6100,2.8350,13.8200,79.3023,78.060000,70.547301,0.109312,-0.058626,1,1,1,1,1,5,5,5,3.0000,3.0000,0.0000,0.0000,1.0000,0.0000,1.0000,0,-0.005048,0.00000079,-0.005048,3.225331,-0.005048
2013-09-12,,2.6100,2.8300,14.2900,77.9070,78.010000,70.611446,0.109293,-0.057179,1,1,1,1,1,5,5,5,3.0000,3.0000,0.0000,0.0000,1.0000,0.0000,1.0000,0,-0.004496,0.00000079,-0.004496,3.210830,-0.009522
2013-09-13,,2.6100,2.8300,14.1600,78.3721,78.060000,70.676946,0.109874,-0.043708,1,1,1,1,1,5,5,5,3.0000,3.0000,0.0000,0.0000,1.0000,0.0000,1.0000,0,0.003243,0.00000040,0.003243,3.221244,-0.006309
2013-09-16,,2.6400,2.8300,14.3800,79.5349,77.850000,70.738596,0.109536,-0.044569,1,1,1,1,1,5,5,5,3.0000,3.0000,0.0000,0.0000,1.0000,0.0000,1.0000,0,-0.008429,0.00000040,-0.008429,3.194093,-0.014685
2013-09-17,,2.6800,2.8300,14.5300,80.9302,78.370000,70.800896,0.109692,-0.048345,1,1,1,1,1,5,5,5,3.0000,3.0000,0.0000,0.0000,1.0000,0.0000,1.0000,0,0.020026,0.00000079,0.020026,3.258058,0.000000
2013-09-18,,2.6700,2.8300,13.5900,86.2791,79.310000,70.868446,0.111672,-0.043201,1,1,1,1,1,5,5,5,3.0000,3.0000,0.0000,0.0000,1.0000,0.0000,1.0000,0,0.036754,0.00000040,0.036754,3.377805,0.000000
2013-09-19,,2.7500,2.8300,13.1600,85.1163,79.500000,70.937596,0.111337,-0.049469,1,1,1,1,1,5,5,5,3.0000,3.0000,0.0000,0.0000,1.0000,0.0000,1.0000,0,0.006165,0.00000040,0.006165,3.398630,0.000000
2013-09-20,,2.7200,2.8250,13.1200,82.3256,78.985000,71.004371,0.109917,-0.064199,1,1,1,1,1,5,5,5,3.0000,3.0000,0.0000,0.0000,1.0000,0.0000,1.0000,0,-0.010942,0.00000040,-0.010942,3.361440,-0.010942
2013-09-23,,2.6800,2.8200,14.3100,82.0930,78.830000,71.074005,0.111767,-0.043088,1,1,1,1,1,5,5,5,3.0000,3.0000,0.0000,0.0000,1.0000,0.0000,1.0000,0,-0.005642,0.00000040,-0.005642,3.342476,-0.016522
2013-09-24,,2.7000,2.8200,14.0800,81.1628,78.830000,71.141555,0.111954,-0.048045,1,1,1,1,1,5,5,5,3.0000,3.0000,0.0000,0.0000,1.0000,0.0000,1.0000,0,0.000222,0.00000079,0.000222,3.343219,-0.016304
2013-09-25,,2.6800,2.8200,14.0100,79.5349,78.560000,71.209705,0.111512,-0.033064,1,1,1,1,1,5,5,5,3.0000,3.0000,0.0000,0.0000,1.0000,0.0000,1.0000,0,-0.009455,0.00000079,-0.009455,3.311609,-0.025605
2013-09-26,,2.7000,2.8200,14.0600,80.4651,79.170000,71.279955,0.110938,-0.039143,1,1,1,1,1,5,5,5,3.0000,3.0000,0.0000,0.0000,1.0000,0.0000,1.0000,0,0.022908,0.00000079,0.022908,3.387473,-0.003283
2013-09-27,,2.7200,2.8200,15.4600,77.6744,79.070000,71.345455,0.110740,-0.036446,1,1,1,1,1,5,5,5,3.0000,3.0000,0.0000,0.0000,1.0000,0.0000,1.0000,0,-0.004720,0.00000000,-0.004720,3.371483,-0.007988
2013-09-30,,2.7300,2.8200,16.6000,76.9767,78.880000,71.410705,0.111211,-0.017900,1,1,1,1,1,5,5,5,3.0000,3.0000,0.0000,0.0000,1.0000,0.0000,1.0000,0,-0.006288,0.00000079,-0.006288,3.350284,-0.014225
2013-10-01,,2.7500,2.8200,15.5400,78.3721,79.680000,71.482549,0.110665,-0.031572,1,1,1,1,1,5,5,5,3.0000,3.0000,0.0000,0.0000,1.0000,0.0000,1.0000,0,0.029969,0.00000079,0.029969,3.450688,0.000000
2013-10-02,,2.7600,2.8200,16.6000,77.6744,79.650000,71.557349,0.110888,-0.029301,1,1,1,1,1,5,5,5,3.0000,3.0000,0.0000,0.0000,1.0000,0.0000,1.0000,0,-0.001830,0.00000079,-0.001830,3.444373,-0.001830
2013-10-03,,2.7700,2.8200,17.6700,75.3488,78.720000,71.623199,0.110607,-0.036592,1,1,1,1,1,5,5,5,3.0000,3.0000,0.0000,0.0000,1.0000,0.0000,1.0000,0,-0.034766,0.00000079,-0.034766,3.324626,-0.036533
2013-10-04,,2.7800,2.8200,16.7400,76.0465,79.400000,71.687463,0.109983,-0.044226,1,1,1,1,1,5,5,5,3.0000,3.0000,0.0000,0.0000,1.0000,0.0000,1.0000,0,0.025727,0.00000119,0.025727,3.410157,-0.011746
2013-10-07,,2.7600,2.8200,19.4100,75.5814,78.740000,71.749861,0.110404,-0.042742,1,1,1,1,1,5,5,5,3.0000,3.0000,0.0000,0.0000,1.0000,0.0000,1.0000,0,-0.024755,0.00000119,-0.024755,3.325739,-0.036210
2013-10-08,,2.7400,2.8200,20.3400,72.3256,77.220000,71.804661,0.112491,-0.036040,1,0,1,1,1,4,3,5,3.0000,3.0000,0.0000,0.0000,1.0000,0.0000,1.0000,0,-0.056580,0.00000119,-0.056580,3.137568,-0.090741
2013-10-09,,2.7100,2.8200,19.6000,71.8605,76.980000,71.863561,0.112862,-0.031397,1,1,1,1,1,5,5,4,3.0000,3.0000,0.0000,0.0000,1.0000,0.0000,1.0000,0,-0.011022,0.00000198,-0.011022,3.102985,-0.100763
2013-10-10,,2.7100,2.8200,16.4800,76.2791,78.610000,71.931261,0.112136,-0.035440,1,1,1,1,1,5,5,5,3.0000,3.0000,0.0000,0.0000,1.0000,0.0000,1.0000,0,0.063518,0.00000198,0.063518,3.300081,-0.043645
2013-10-11,,2.6800,2.8200,15.7200,80.2326,79.230000,72.004911,0.111932,-0.040354,1,1,1,1,1,5,5,5,3.0000,3.0000,0.0000,0.0000,1.0000,0.0000,1.0000,0,0.022537,0.00000198,0.022537,3.374457,-0.022092
2013-10-14,,2.6800,2.8200,16.0700,79.7674,79.790000,72.081861,0.110887,-0.048036,1,1,1,1,1,5,5,5,3.0000,3.0000,0.0000,0.0000,1.0000,0.0000,1.0000,0,0.020719,0.00000317,0.020719,3.444373,-0.001830
2013-10-15,,2.6800,2.8200,18.6600,76.5116,79.480000,72.160361,0.110136,-0.051243,1,1,1,1,1,5,5,5,3.0000,3.0000,0.0000,0.0000,1.0000,0.0000,1.0000,0,-0.010689,0.00000317,-0.010689,3.407555,-0.012500
2013-10-16,,2.6600,2.8200,14.7100,79.8144,80.380000,72.236610,0.109607,-0.061176,1,1,1,1,1,5,5,5,3.0000,3.0000,0.0000,0.0000,1.0000,0.0000,1.0000,0,0.034159,0.00000555,0.034159,3.523953,0.000000
2013-10-17,,2.6600,2.8200,13.4800,82.8306,80.840000,72.304810,0.110640,-0.041275,1,1,1,1,1,5,5,5,3.0000,3.0000,0.0000,0.0000,1.0000,0.0000,1.0000,0,0.016147,0.00000397,0.016147,3.580853,0.000000
2013-10-18,,2.6600,2.8200,13.0400,84.9188,82.150000,72.381300,0.110185,-0.052202,1,1,1,1,1,5,5,5,3.0000,3.0000,0.0000,0.0000,1.0000,0.0000,1.0000,0,0.049434,0.00000198,0.049434,3.757868,0.000000
2013-10-21,,2.6600,2.8200,13.1600,83.9907,82.330000,72.459800,0.109948,-0.056694,1,1,1,1,1,5,5,5,3.0000,3.0000,0.0000,0.0000,1.0000,0.0000,1.0000,0,0.005740,0.00000159,0.005740,3.779438,0.000000
2013-10-22,,2.6500,2.8200,13.3300,85.3828,82.450000,72.538798,0.110712,-0.055167,1,1,1,1,1,5,5,5,3.0000,3.0000,0.0000,0.0000,1.0000,0.0000,1.0000,0,0.003444,0.00000159,0.003444,3.792454,0.000000
2013-10-23,,2.6600,2.8200,13.4200,85.6148,81.950000,72.615948,0.111331,-0.052676,1,1,1,1,1,5,5,5,3.0000,3.0000,0.0000,0.0000,1.0000,0.0000,1.0000,0,-0.016082,0.00000159,-0.016082,3.731463,-0.016082
2013-10-24,,2.6700,2.8200,13.2000,84.9188,82.310000,72.693648,0.110734,-0.050143,1,1,1,1,1,5,5,5,3.0000,3.0000,0.0000,0.0000,1.0000,0.0000,1.0000,0,0.012458,0.00000159,0.012458,3.777949,-0.003825
2013-10-25,,2.6800,2.8200,13.0900,85.8469,82.900000,72.772298,0.111395,-0.040848,1,1,1,1,1,5,5,5,3.0000,3.0000,0.0000,0.0000,1.0000,0.0000,1.0000,0,0.019982,0.00000119,0.019982,3.853442,0.000000
2013-10-28,,2.6600,2.8200,13.3100,84.6868,82.920000,72.850598,0.110991,-0.041508,1,1,1,1,1,5,5,5,3.0000,3.0000,0.0000,0.0000,1.0000,0.0000,1.0000,0,0.002026,0.00000159,0.002026,3.861250,0.000000
2013-10-29,,2.6600,2.8200,13.4100,85.6148,83.060000,72.931098,0.110558,-0.040576,1,1,1,1,1,5,5,5,3.0000,3.0000,0.0000,0.0000,1.0000,0.0000,1.0000,0,0.004816,0.00000159,0.004816,3.879846,0.000000
2013-10-30,,2.6900,2.8200,13.6500,83.5267,82.980000,73.012848,0.110386,-0.042744,1,1,1,1,1,5,5,5,3.0000,3.0000,0.0000,0.0000,1.0000,0.0000,1.0000,0,-0.003163,0.00000159,-0.003163,3.867572,-0.003163
2013-10-31,,2.6800,2.8200,13.7500,83.0626,82.790000,73.092298,0.110302,-0.051297,1,1,1,1,1,5,5,5,3.0000,3.0000,0.0000,0.0000,1.0000,0.0000,1.0000,0,-0.006442,0.00000159,-0.006442,3.842657,-0.009585
2013-11-01,,2.6500,2.8200,13.2800,83.7963,82.810000,73.170248,0.110834,-0.046631,1,1,1,1,1,5,5,5,3.0000,3.0000,0.0000,0.0000,1.0000,0.0000,1.0000,0,-0.000484,0.00000159,-0.000484,3.840797,-0.010065
2013-11-04,,2.6400,2.8200,12.9300,84.7222,82.930000,73.249548,0.110674,-0.044390,1,1,1,1,1,5,5,5,3.0000,3.0000,0.0000,0.0000,1.0000,0.0000,1.0000,0,0.004842,0.00000159,0.004842,3.859393,-0.005272
2013-11-05,,2.6600,2.8200,13.2700,82.6389,83.020000,73.328748,0.110229,-0.044131,1,1,1,1,1,5,5,5,3.0000,3.0000,0.0000,0.0000,1.0000,0.0000,1.0000,0,0.004239,0.00000198,0.004239,3.875755,-0.001054
2013-11-06,,2.6600,2.8200,12.6700,84.7222,83.000000,73.405798,0.111164,-0.027269,1,1,1,1,1,5,5,5,3.0000,3.0000,0.0000,0.0000,1.0000,0.0000,1.0000,0,-0.001727,0.00000198,-0.001727,3.869061,-0.002780
2013-11-07,,2.7000,2.8200,13.9100,81.7130,81.440000,73.479698,0.111530,-0.022387,1,1,1,1,1,5,5,5,3.0000,3.0000,0.0000,0.0000,1.0000,0.0000,1.0000,0,-0.055459,0.00000198,-0.055459,3.654486,-0.058085
2013-11-08,,2.7000,2.8200,12.9000,81.7130,82.540000,73.557398,0.109848,-0.040033,1,1,1,1,1,5,5,5,3.0000,3.0000,0.0000,0.0000,1.0000,0.0000,1.0000,0,0.039482,0.00000198,0.039482,3.798773,-0.020896
2013-11-11,,2.6900,2.8200,12.5300,82.6389,82.410000,73.633698,0.109801,-0.031994,1,1,1,1,1,5,5,5,3.0000,3.0000,0.0000,0.0000,1.0000,0.0000,1.0000,0,-0.004797,0.00000238,-0.004797,3.780552,-0.025592
2013-11-12,,2.6900,2.8200,12.8200,81.9444,82.540000,73.710598,0.109092,-0.036636,1,1,1,1,1,5,5,5,3.0000,3.0000,0.0000,0.0000,1.0000,0.0000,1.0000,0,0.004919,0.00000238,0.004919,3.799148,-0.020799
2013-11-13,,2.6700,2.8150,12.5200,83.1019,83.540000,73.793198,0.108757,-0.044565,1,1,1,1,1,5,5,5,3.0000,3.0000,0.0000,0.0000,1.0000,0.0000,1.0000,0,0.035826,0.00000317,0.035826,3.935257,0.000000
2013-11-14,,2.6900,2.8100,12.3700,84.2956,83.800000,73.877848,0.109165,-0.035540,1,1,1,1,1,5,5,5,3.0000,3.0000,0.0000,0.0000,1.0000,0.0000,1.0000,0,0.007748,0.00000317,0.007748,3.965749,0.000000
2013-11-15,,2.7200,2.8100,12.1900,84.9885,83.960000,73.959348,0.109317,-0.030298,1,1,1,1,1,5,5,5,3.0000,3.0000,0.0000,0.0000,1.0000,0.0000,1.0000,0,0.006940,0.00000317,0.006940,3.993271,0.000000
2013-11-18,,2.7000,2.8100,13.1000,84.5266,83.140000,74.042648,0.109575,-0.032743,1,1,1,1,1,5,5,5,3.0000,3.0000,0.0000,0.0000,1.0000,0.0000,1.0000,0,-0.027659,0.00000317,-0.027659,3.882820,-0.027659
2013-11-19,,2.6600,2.8100,13.3900,82.2171,82.900000,74.119848,0.109004,-0.034353,1,1,1,1,1,5,5,5,3.0000,3.0000,0.0000,0.0000,1.0000,0.0000,1.0000,0,-0.009865,0.00000357,-0.009865,3.844517,-0.037251
2013-11-20,,2.6600,2.8100,13.4000,79.9076,82.700000,74.197148,0.108141,-0.059505,1,1,1,1,1,5,5,5,3.0000,3.0000,0.0000,0.0000,1.0000,0.0000,1.0000,0,-0.006965,0.00000317,-0.006965,3.817741,-0.043956
2013-11-21,,2.6700,2.8100,12.6600,81.0624,83.540000,74.278348,0.107526,-0.065606,1,1,1,1,1,5,5,5,3.0000,3.0000,0.0000,0.0000,1.0000,0.0000,1.0000,0,0.030586,0.00000317,0.030586,3.934511,-0.014715
2013-11-22,,2.6500,2.8100,12.2600,82.6790,83.990000,74.358348,0.106908,-0.064063,1,1,1,1,1,5,5,5,3.0000,3.0000,0.0000,0.0000,1.0000,0.0000,1.0000,0,0.015785,0.00000278,0.015785,3.996616,0.000000
2013-11-25,,2.6500,2.8100,12.7900,83.1409,84.190000,74.439248,0.106599,-0.071318,1,1,1,1,1,5,5,5,3.0000,3.0000,0.0000,0.0000,1.0000,0.0000,1.0000,0,0.006607,0.00000278,0.006607,4.023020,0.000000
2013-11-26,,2.6500,2.8100,12.8100,82.6790,84.630000,74.523748,0.105518,-0.064919,1,1,1,1,1,5,5,5,3.0000,3.0000,0.0000,0.0000,1.0000,0.0000,1.0000,0,0.016547,0.00000317,0.016547,4.089588,0.000000
2013-11-27,,2.6300,2.8100,12.9800,82.4480,85.220000,74.609998,0.105041,-0.060726,1,1,1,1,1,5,5,5,3.0000,3.0000,0.0000,0.0000,1.0000,0.0000,1.0000,0,0.020005,0.00000278,0.020005,4.171399,0.000000
2013-11-29,,2.6300,2.8100,13.7000,81.9861,85.730000,74.698898,0.105055,-0.054949,1,1,1,1,1,5,5,5,3.0000,3.0000,0.0000,0.0000,1.0000,0.0000,1.0000,0,0.016404,0.00000278,0.016404,4.239827,0.000000
2013-12-02,,2.6100,2.8100,14.2300,81.2933,85.480000,74.787548,0.104886,-0.063201,1,1,1,1,1,5,5,5,3.0000,3.0000,0.0000,0.0000,1.0000,0.0000,1.0000,0,-0.006228,0.00000238,-0.006228,4.213423,-0.006228
2013-12-03,,2.6000,2.8100,14.5500,81.7552,85.410000,74.873398,0.105869,-0.046677,1,1,1,1,1,5,5,5,3.0000,3.0000,0.0000,0.0000,1.0000,0.0000,1.0000,0,-0.002912,0.00000198,-0.002912,4.201152,-0.009122
2013-12-04,,2.6000,2.8100,14.7000,81.2933,85.490000,74.964898,0.106354,-0.042117,1,1,1,1,1,5,5,5,3.0000,3.0000,0.0000,0.0000,1.0000,0.0000,1.0000,0,0.002567,0.00000238,0.002567,4.211937,-0.006578
2013-12-05,,2.6200,2.8100,15.0800,79.9076,85.380000,75.059448,0.105957,-0.032420,1,1,1,1,1,5,5,5,3.0000,3.0000,0.0000,0.0000,1.0000,0.0000,1.0000,0,-0.003090,0.00000238,-0.003090,4.198921,-0.009648
2013-12-06,,2.5900,2.8100,13.7900,81.5242,86.000000,75.153753,0.106223,-0.030080,1,1,1,1,1,5,5,5,3.0000,3.0000,0.0000,0.0000,1.0000,0.0000,1.0000,0,0.020636,0.00000238,0.020636,4.285570,0.000000
2013-12-09,,2.5800,2.8050,13.4900,81.9861,86.350000,75.253953,0.105320,-0.044406,1,1,1,1,1,5,5,5,3.0000,3.0000,0.0000,0.0000,1.0000,0.0000,1.0000,0,0.011975,0.00000238,0.011975,4.336890,0.000000
2013-12-10,,2.5700,2.8000,13.9100,80.3695,86.290000,75.352603,0.104647,-0.047363,1,1,1,1,1,5,5,5,3.0000,3.0000,0.0000,0.0000,1.0000,0.0000,1.0000,0,-0.001801,0.00000278,-0.001801,4.329078,-0.001801
2013-12-11,,2.5600,2.8000,15.4200,78.5219,85.180000,75.442308,0.104969,-0.044985,1,1,1,1,1,5,5,5,3.0000,3.0000,0.0000,0.0000,1.0000,0.0000,1.0000,0,-0.037368,0.00000278,-0.037368,4.167312,-0.039101
2013-12-12,,2.5500,2.8000,15.5400,77.5982,84.960000,75.531608,0.105457,-0.057293,1,1,1,1,1,5,5,5,3.0000,3.0000,0.0000,0.0000,1.0000,0.0000,1.0000,0,-0.008121,0.00000278,-0.008121,4.133467,-0.046905
2013-12-13,,2.5300,2.8000,15.7600,77.5982,84.850000,75.618958,0.105300,-0.055897,1,1,1,1,1,5,5,5,3.0000,3.0000,0.0000,0.0000,1.0000,0.0000,1.0000,0,-0.004768,0.00000278,-0.004768,4.113761,-0.051449
2013-12-16,,2.5000,2.8000,16.0300,78.7529,85.320000,75.707158,0.105208,-0.044970,1,1,1,1,1,5,5,5,3.0000,3.0000,0.0000,0.0000,1.0000,0.0000,1.0000,0,0.017175,0.00000278,0.017175,4.184416,-0.035157
2013-12-17,,2.5000,2.8000,16.2100,79.2148,85.150000,75.789508,0.105346,-0.060398,1,1,1,1,1,5,5,5,3.0000,3.0000,0.0000,0.0000,1.0000,0.0000,1.0000,0,-0.006310,0.00000278,-0.006310,4.158012,-0.041246
2013-12-18,,2.5000,2.8000,13.8000,80.6005,86.140000,75.877658,0.104953,-0.067018,1,1,1,1,1,5,5,5,3.0000,3.0000,0.0000,0.0000,1.0000,0.0000,1.0000,0,0.034523,0.00000278,0.034523,4.301560,-0.008146
2013-12-19,,2.5000,2.8000,14.1500,80.3695,85.900000,75.963708,0.104303,-0.069407,1,1,1,1,1,5,5,5,3.0000,3.0000,0.0000,0.0000,1.0000,0.0000,1.0000,0,-0.008992,0.00000278,-0.008992,4.262882,-0.017065
2013-12-20,,2.4200,2.8000,13.7900,80.8314,86.500000,76.052358,0.104180,-0.065170,1,1,1,1,1,5,5,5,3.0000,3.0000,0.0000,0.0000,1.0000,0.0000,1.0000,0,0.030097,0.00000238,0.030097,4.391183,0.000000
2013-12-23,,2.3800,2.7950,13.0400,81.2933,87.410000,76.144558,0.103216,-0.073424,1,1,1,1,1,5,5,5,3.0000,3.0000,0.0000,0.0000,1.0000,0.0000,1.0000,0,0.032351,0.00000278,0.032351,4.533243,0.000000
2013-12-24,,2.3500,2.7900,12.4800,82.4480,87.450000,76.238208,0.103400,-0.076468,1,1,1,1,1,5,5,5,3.0000,3.0000,0.0000,0.0000,1.0000,0.0000,1.0000,0,0.001394,0.00000278,0.001394,4.539562,0.000000
2013-12-26,,2.3600,2.7850,12.3300,82.6790,87.740000,76.333758,0.102418,-0.080913,1,1,1,1,1,5,5,5,3.0000,3.0000,0.0000,0.0000,1.0000,0.0000,1.0000,0,0.009749,0.00000278,0.009749,4.583817,0.000000
2013-12-27,,2.3700,2.7800,12.4600,82.9099,87.520000,76.427058,0.102831,-0.078954,1,1,1,1,1,5,5,5,3.0000,3.0000,0.0000,0.0000,1.0000,0.0000,1.0000,0,-0.007302,0.00000278,-0.007302,4.550348,-0.007302
2013-12-30,,2.3700,2.7800,13.5600,83.3718,87.390000,76.521458,0.103090,-0.074533,1,1,1,1,1,5,5,5,3.0000,3.0000,0.0000,0.0000,1.0000,0.0000,1.0000,0,-0.005230,0.00000278,-0.005230,4.526550,-0.012493
2013-12-31,,2.3500,2.7750,13.7200,83.3718,87.960000,76.619458,0.102794,-0.071479,1,1,1,1,1,5,5,5,3.0000,3.0000,0.0000,0.0000,1.0000,0.0000,1.0000,0,0.019635,0.00000278,0.019635,4.615426,0.000000
2014-01-02,,2.3300,2.7700,14.2300,81.5242,87.270000,76.714658,0.102203,-0.081156,1,1,1,1,1,5,5,5,3.0000,3.0000,0.0000,0.0000,1.0000,0.0000,1.0000,0,-0.023366,0.00000278,-0.023366,4.507582,-0.023366
2014-01-03,,2.3400,2.7700,13.7600,80.8314,86.640000,76.804313,0.101895,-0.104104,1,1,1,1,1,5,5,5,3.0000,3.0000,0.0000,0.0000,1.0000,0.0000,1.0000,0,-0.021780,0.00000278,-0.021780,4.409405,-0.044638
2014-01-06,,2.3400,2.7700,13.5500,80.6005,86.320000,76.896263,0.102352,-0.102545,1,1,1,1,1,5,5,5,3.0000,3.0000,0.0000,0.0000,1.0000,0.0000,1.0000,0,-0.010627,0.00000278,-0.010627,4.362548,-0.054790
2014-01-07,,2.3200,2.7700,12.9200,82.4480,87.120000,76.988913,0.102627,-0.091970,1,1,1,1,1,5,5,5,3.0000,3.0000,0.0000,0.0000,1.0000,0.0000,1.0000,0,0.025915,0.00000198,0.025915,4.475601,-0.030295
2014-01-08,,2.3200,2.7700,12.8700,81.0624,87.310000,77.083763,0.102060,-0.095066,1,1,1,1,1,5,5,5,3.0000,3.0000,0.0000,0.0000,1.0000,0.0000,1.0000,0,0.007478,0.00000159,0.007478,4.509071,-0.023044
2014-01-09,,2.3100,2.7650,12.8900,81.7552,87.020000,77.175313,0.102592,-0.080362,1,1,1,1,1,5,5,5,3.0000,3.0000,0.0000,0.0000,1.0000,0.0000,1.0000,0,-0.010309,0.00000198,-0.010309,4.462585,-0.033115
2014-01-10,,2.3100,2.7600,12.1400,83.1409,87.300000,77.267808,0.103780,-0.062619,1,1,1,1,1,5,5,5,3.0000,3.0000,0.0000,0.0000,1.0000,0.0000,1.0000,0,0.010000,0.00000159,0.010000,4.507211,-0.023447
2014-01-13,,2.3200,2.7600,13.2800,81.0624,86.010000,77.353008,0.104109,-0.052962,1,1,1,1,1,5,5,5,3.0000,3.0000,0.0000,0.0000,1.0000,0.0000,1.0000,0,-0.044472,0.00000198,-0.044472,4.306766,-0.066876
2014-01-14,,2.3400,2.7550,12.2800,82.6790,87.650000,77.448758,0.103120,-0.072068,1,1,1,1,1,5,5,5,3.0000,3.0000,0.0000,0.0000,1.0000,0.0000,1.0000,0,0.057249,0.00000119,0.057249,4.553325,-0.013455
2014-01-15,,2.3400,2.7500,12.2800,83.3718,88.370000,77.545408,0.102377,-0.075036,1,1,1,1,1,5,5,5,3.0000,3.0000,0.0000,0.0000,1.0000,0.0000,1.0000,0,0.023358,0.00000159,0.023358,4.659681,0.000000
2014-01-16,,2.3200,2.7500,12.5300,82.9099,88.380000,77.645258,0.103215,-0.064755,1,1,1,1,1,5,5,5,3.0000,3.0000,0.0000,0.0000,1.0000,0.0000,1.0000,0,0.002076,0.00000159,0.002076,4.669352,0.000000
2014-01-17,,2.3200,2.7500,12.4400,81.9861,87.880000,77.742508,0.103629,-0.066973,1,1,1,1,1,5,5,5,3.0000,3.0000,0.0000,0.0000,1.0000,0.0000,1.0000,0,-0.017761,0.00000159,-0.017761,4.586420,-0.017761
2014-01-21,,2.3300,2.7500,12.8700,82.6790,88.550000,77.845953,0.104463,-0.065083,1,1,1,1,1,5,5,5,3.0000,3.0000,0.0000,0.0000,1.0000,0.0000,1.0000,0,0.022379,0.00000198,0.022379,4.689059,0.000000
2014-01-22,,2.3000,2.7500,12.8400,82.4480,88.780000,77.948753,0.104504,-0.059201,1,1,1,1,1,5,5,5,3.0000,3.0000,0.0000,0.0000,1.0000,0.0000,1.0000,0,0.009279,0.00000159,0.009279,4.732571,0.000000
2014-01-23,,2.3000,2.7450,13.7700,80.1386,88.480000,78.047753,0.105066,-0.059028,1,1,1,1,1,5,5,5,3.0000,3.0000,0.0000,0.0000,1.0000,0.0000,1.0000,0,-0.012023,0.00000159,-0.012023,4.675671,-0.012023
2014-01-24,,2.3200,2.7400,18.1400,74.3649,86.740000,78.131378,0.106155,-0.044235,1,1,1,1,1,5,5,5,3.0000,3.0000,0.0000,0.0000,1.0000,0.0000,1.0000,0,-0.059254,0.00000159,-0.059254,4.398620,-0.070564
2014-01-27,,2.3500,2.7400,17.4200,72.5173,85.900000,78.210928,0.106932,-0.032948,1,1,1,1,1,5,5,5,3.0000,3.0000,0.0000,0.0000,1.0000,0.0000,1.0000,0,-0.029083,0.00000159,-0.029083,4.270694,-0.097595
2014-01-28,,2.3600,2.7400,15.8000,74.8268,85.850000,78.290478,0.106690,-0.034012,1,1,1,1,1,5,5,5,3.0000,3.0000,0.0000,0.0000,1.0000,0.0000,1.0000,0,-0.000349,0.00000198,-0.000349,4.269205,-0.097910
2014-01-29,,2.3500,2.7400,17.3500,73.6721,84.930000,78.372328,0.107668,-0.024088,1,1,1,1,1,5,5,5,3.0000,3.0000,0.0000,0.0000,1.0000,0.0000,1.0000,0,-0.031533,0.00000198,-0.031533,4.134585,-0.126355
2014-01-30,,2.3800,2.7350,17.2900,78.0600,86.500000,78.457478,0.108185,-0.024307,1,1,1,1,1,5,5,5,3.0000,3.0000,0.0000,0.0000,1.0000,0.0000,1.0000,0,0.052708,0.00000159,0.052708,4.352509,-0.080308
2014-01-31,,2.3600,2.7300,18.4100,77.5982,86.270000,78.548253,0.109721,-0.008682,1,1,1,1,1,5,5,5,3.0000,3.0000,0.0000,0.0000,1.0000,0.0000,1.0000,0,-0.007006,0.00000079,-0.007006,4.322013,-0.086752
2014-02-03,,2.4000,2.7300,21.4400,63.9723,84.290000,78.633858,0.111357,0.010112,1,0,1,1,0,3,1,5,3.0000,3.0000,0.0000,0.0000,1.0000,0.0000,1.0000,0,-0.066253,0.00000079,-0.066253,4.035665,-0.147257
2014-02-04,,2.3900,2.7250,19.1100,66.9746,84.910000,78.717958,0.109930,-0.010996,1,1,1,1,1,5,5,3,3.0000,3.0000,0.0000,0.0000,1.0000,0.0000,1.0000,0,0.019535,0.00000198,0.019535,4.114503,-0.130599
2014-02-05,,2.4100,2.7200,19.9500,66.0508,84.690000,78.797458,0.109579,-0.017518,1,1,1,1,1,5,5,5,3.0000,3.0000,0.0000,0.0000,1.0000,0.0000,1.0000,0,-0.009219,0.00000238,-0.009219,4.076571,-0.138614
2014-02-06,,2.4200,2.7200,17.2300,71.3626,85.770000,78.879058,0.108942,-0.008260,1,1,1,1,1,5,5,5,3.0000,3.0000,0.0000,0.0000,1.0000,0.0000,1.0000,0,0.038314,0.00000278,0.038314,4.232762,-0.105611
2014-02-07,,2.4000,2.7200,15.2900,75.9815,87.300000,78.968458,0.108192,-0.014850,1,1,1,1,1,5,5,5,3.0000,3.0000,0.0000,0.0000,1.0000,0.0000,1.0000,0,0.053067,0.00000278,0.053067,4.457380,-0.058148
2014-02-10,,2.4200,2.7200,15.2600,76.6744,87.800000,79.058508,0.108800,-0.002732,1,1,1,1,1,5,5,5,3.0000,3.0000,0.0000,0.0000,1.0000,0.0000,1.0000,0,0.018354,0.00000317,0.018354,4.539191,-0.040861
2014-02-11,,2.4200,2.7200,14.5100,79.2148,88.800000,79.154658,0.108638,-0.001109,1,1,1,1,1,5,5,5,3.0000,3.0000,0.0000,0.0000,1.0000,0.0000,1.0000,0,0.034246,0.00000278,0.034246,4.694639,-0.008015
2014-02-12,,2.3900,2.7200,14.3000,79.6767,88.970000,79.248458,0.108722,-0.004122,1,1,1,1,1,5,5,5,3.0000,3.0000,0.0000,0.0000,1.0000,0.0000,1.0000,0,0.004753,0.00000198,0.004753,4.716952,-0.003300
2014-02-13,,2.3600,2.7200,14.1400,81.5668,89.630000,79.343008,0.109338,0.000199,1,1,1,1,0,4,3,5,3.0000,3.0000,0.0000,0.0000,1.0000,0.0000,1.0000,0,0.025701,0.00000198,0.025701,4.838184,0.000000
2014-02-14,,2.3900,2.7150,13.5700,82.2581,89.810000,79.440108,0.109445,-0.001223,1,1,1,1,1,5,5,4,3.0000,3.0000,0.0000,0.0000,1.0000,0.0000,1.0000,0,0.002921,0.00000119,0.002921,4.852318,0.000000
2014-02-18,,2.3800,2.7100,13.8700,82.0276,90.250000,79.534958,0.109694,0.006512,1,1,1,1,0,4,3,5,3.0000,3.0000,0.0000,0.0000,1.0000,0.0000,1.0000,0,0.015635,0.00000079,0.015635,4.928182,0.000000
2014-02-19,,2.4000,2.7100,15.5000,79.9539,89.630000,79.622508,0.109797,0.015697,1,1,1,1,0,4,3,4,3.0000,3.0000,0.0000,0.0000,1.0000,0.0000,1.0000,0,-0.021884,0.00000198,-0.021884,4.820334,-0.021884
2014-02-20,,2.4100,2.7100,14.7900,80.8756,90.050000,79.710758,0.109995,0.023493,1,1,1,1,0,4,3,4,3.0000,3.0000,0.0000,0.0000,1.0000,0.0000,1.0000,0,0.014504,0.00000238,0.014504,4.890250,-0.007697
2014-02-21,,2.3900,2.7050,14.6800,81.3364,89.930000,79.798608,0.110256,0.031853,1,1,1,1,0,4,3,4,3.0000,3.0000,0.0000,0.0000,1.0000,0.0000,1.0000,0,-0.005172,0.00000198,-0.005172,4.864960,-0.012829
2014-02-24,,2.3800,2.7000,14.2300,83.2184,90.410000,79.887108,0.109378,0.026682,1,1,1,1,0,4,3,4,3.0000,3.0000,0.0000,0.0000,1.0000,0.0000,1.0000,0,0.017582,0.00000198,0.017582,4.950495,0.000000
2014-02-25,,2.3800,2.7000,13.6700,81.1494,90.310000,79.975625,0.109284,0.036509,1,1,1,1,0,4,3,4,3.0000,3.0000,0.0000,0.0000,1.0000,0.0000,1.0000,0,-0.003606,0.00000198,-0.003606,4.932645,-0.003606
2014-02-26,,2.3800,2.7000,14.3500,81.6092,90.230000,80.061525,0.108926,0.037750,1,1,1,1,0,4,3,4,3.0000,3.0000,0.0000,0.0000,1.0000,0.0000,1.0000,0,-0.003318,0.00000198,-0.003318,4.916280,-0.006912
2014-02-27,,2.3800,2.7000,14.0400,83.2184,90.440000,80.148025,0.108088,0.029642,1,1,1,1,0,4,3,4,3.0000,3.0000,0.0000,0.0000,1.0000,0.0000,1.0000,0,0.019668,0.00000198,0.019668,5.012971,0.000000
2014-02-28,,2.3600,2.7000,14.0000,84.5977,90.340000,80.232125,0.108567,0.036222,1,1,1,1,0,4,3,4,3.0000,3.0000,0.0000,0.0000,1.0000,0.0000,1.0000,0,-0.005045,0.00000159,-0.005045,4.987681,-0.005045
2014-03-03,,2.3500,2.7000,16.0000,82.7586,89.670000,80.312125,0.108255,0.023190,1,1,1,1,0,4,3,4,3.0000,3.0000,0.0000,0.0000,1.0000,0.0000,1.0000,0,-0.021921,0.00000198,-0.021921,4.878348,-0.026855
2014-03-04,,2.3700,2.7000,14.1000,85.5172,90.810000,80.398225,0.107527,0.011516,1,1,1,1,0,4,3,4,3.0000,3.0000,0.0000,0.0000,1.0000,0.0000,1.0000,0,0.040250,0.00000198,0.040250,5.074701,0.000000
2014-03-05,,2.3500,2.7000,13.8900,84.1379,91.060000,80.482025,0.106711,0.007464,1,1,1,1,0,4,3,4,3.0000,3.0000,0.0000,0.0000,1.0000,0.0000,1.0000,0,0.008208,0.00000198,0.008208,5.116353,0.000000
2014-03-06,,2.3600,2.7000,14.2100,83.9080,90.980000,80.565975,0.105936,-0.002812,1,1,1,1,1,5,5,4,3.0000,3.0000,0.0000,0.0000,1.0000,0.0000,1.0000,0,-0.003780,0.00000238,-0.003780,5.097014,-0.003780
2014-03-07,,2.3700,2.6950,14.1100,84.1379,90.530000,80.647275,0.106209,0.008768,1,1,1,1,0,4,3,5,3.0000,3.0000,0.0000,0.0000,1.0000,0.0000,1.0000,0,-0.014300,0.00000198,-0.014300,5.024128,-0.018026
2014-03-10,,2.3400,2.6900,14.2000,83.9080,90.610000,80.732230,0.106000,0.013458,1,1,1,1,0,4,3,4,3.0000,3.0000,0.0000,0.0000,1.0000,0.0000,1.0000,0,0.002072,0.00000238,0.002072,5.034538,-0.015991
2014-03-11,,2.3600,2.6900,14.8000,84.8276,90.220000,80.816080,0.106233,0.012618,1,1,1,1,0,4,3,4,3.0000,3.0000,0.0000,0.0000,1.0000,0.0000,1.0000,0,-0.012410,0.00000198,-0.012410,4.972062,-0.028202
2014-03-12,,2.3700,2.6900,14.4700,83.9080,90.560000,80.901830,0.107540,0.020765,1,1,1,1,0,4,3,4,3.0000,3.0000,0.0000,0.0000,1.0000,0.0000,1.0000,0,0.011219,0.00000198,0.011219,5.027844,-0.017299
2014-03-13,,2.3800,2.6900,16.2200,81.3793,89.280000,80.978780,0.109893,0.045349,1,1,1,1,0,4,3,4,3.0000,3.0000,0.0000,0.0000,1.0000,0.0000,1.0000,0,-0.042455,0.00000198,-0.042455,4.814386,-0.059020
2014-03-14,,2.3900,2.6900,17.8200,81.6092,88.670000,81.054430,0.110717,0.053951,1,1,1,1,0,4,3,4,3.0000,3.0000,0.0000,0.0000,1.0000,0.0000,1.0000,0,-0.020547,0.00000198,-0.020547,4.715463,-0.078355
2014-03-17,,2.4000,2.6900,15.6400,83.6782,89.450000,81.132030,0.110449,0.050528,1,1,1,1,0,4,3,4,3.0000,3.0000,0.0000,0.0000,1.0000,0.0000,1.0000,0,0.026657,0.00000198,0.026657,4.841162,-0.053787
2014-03-18,,2.4000,2.6850,14.5200,85.7471,90.530000,81.218430,0.109507,0.044807,1,1,1,1,0,4,3,4,3.0000,3.0000,0.0000,0.0000,1.0000,0.0000,1.0000,0,0.035950,0.00000238,0.035950,5.015203,-0.019770
2014-03-19,,2.4200,2.6800,15.1200,82.7586,90.040000,81.301730,0.108352,0.039924,1,1,1,1,0,4,3,4,3.0000,3.0000,0.0000,0.0000,1.0000,0.0000,1.0000,0,-0.016462,0.00000198,-0.016462,4.932645,-0.035906
2014-03-20,,2.3700,2.6800,14.5200,83.4483,90.290000,81.388180,0.107964,0.037559,1,1,1,1,0,4,3,4,3.0000,3.0000,0.0000,0.0000,1.0000,0.0000,1.0000,0,0.007841,0.00000238,0.007841,4.971319,-0.028347
2014-03-21,,2.3400,2.6800,15.0000,84.1379,89.000000,81.472930,0.108781,0.055000,1,1,1,1,0,4,3,4,3.0000,3.0000,0.0000,0.0000,1.0000,0.0000,1.0000,0,-0.036655,0.00000238,-0.036655,4.789096,-0.063963
2014-03-24,,2.3200,2.6800,15.0900,83.2184,88.220000,81.552030,0.109529,0.060085,1,1,1,1,0,4,3,4,3.0000,3.0000,0.0000,0.0000,1.0000,0.0000,1.0000,0,-0.025159,0.00000238,-0.025159,4.668606,-0.087513
2014-03-25,,2.2900,2.6800,14.0200,84.8276,88.510000,81.627630,0.109468,0.069759,1,1,1,1,0,4,3,4,3.0000,3.0000,0.0000,0.0000,1.0000,0.0000,1.0000,0,0.009241,0.00000238,0.009241,4.711747,-0.079081
2014-03-26,,2.2800,2.6800,14.9300,82.5287,87.370000,81.697380,0.109802,0.068200,1,1,1,1,0,4,3,4,3.0000,3.0000,0.0000,0.0000,1.0000,0.0000,1.0000,0,-0.038043,0.00000198,-0.038043,4.532497,-0.114116
2014-03-27,,2.2800,2.6800,14.6200,82.2989,86.879000,81.768325,0.110928,0.076340,1,1,1,1,0,4,3,4,3.0000,3.0000,0.0000,0.0000,1.0000,0.0000,1.0000,0,-0.017722,0.00000198,-0.017722,4.452171,-0.129816
2014-03-28,,2.2600,2.6800,14.4100,81.8391,87.050000,81.844325,0.110545,0.075732,1,1,1,1,0,4,3,4,3.0000,3.0000,0.0000,0.0000,1.0000,0.0000,1.0000,0,0.006515,0.00000159,0.006515,4.481178,-0.124146
2014-03-31,,2.2500,2.6800,13.8800,84.3678,87.670000,81.918875,0.110850,0.086493,1,1,1,1,0,4,3,4,3.0000,3.0000,0.0000,0.0000,1.0000,0.0000,1.0000,0,0.019917,0.00000159,0.019917,4.570429,-0.106702
2014-04-01,,2.2600,2.6800,13.1000,85.7471,89.210000,82.003525,0.109349,0.075306,1,1,1,1,0,4,3,4,3.0000,3.0000,0.0000,0.0000,1.0000,0.0000,1.0000,0,0.054190,0.00000198,0.054190,4.818103,-0.058294
2014-04-02,,2.2600,2.6800,13.0900,87.1264,89.440000,82.085825,0.108826,0.065506,1,1,1,1,0,4,3,4,3.0000,3.0000,0.0000,0.0000,1.0000,0.0000,1.0000,0,0.007873,0.00000159,0.007873,4.856035,-0.050880
2014-04-03,,2.2500,2.6750,13.3700,86.6972,88.730000,82.161575,0.109315,0.066993,1,1,1,1,0,4,3,4,3.0000,3.0000,0.0000,0.0000,1.0000,0.0000,1.0000,0,-0.023587,0.00000079,-0.023587,4.741496,-0.073266
2014-04-04,,2.2400,2.6700,13.9600,83.7156,86.370000,82.229625,0.111212,0.091087,1,1,1,1,0,4,3,4,3.0000,3.0000,0.0000,0.0000,1.0000,0.0000,1.0000,0,-0.079373,0.00000079,-0.079373,4.365150,-0.146824
2014-04-07,,2.2500,2.6700,15.5700,79.8165,85.550000,82.302250,0.112265,0.094649,1,1,1,1,0,4,3,4,3.0000,3.0000,0.0000,0.0000,1.0000,0.0000,1.0000,0,-0.029988,0.00000119,-0.029988,4.234250,-0.172409
2014-04-08,,2.2400,2.6700,14.8900,81.1927,86.340000,82.381800,0.113398,0.093164,1,1,1,1,0,4,3,4,3.0000,3.0000,0.0000,0.0000,1.0000,0.0000,1.0000,0,0.027929,0.00000119,0.027929,4.352509,-0.149295
2014-04-09,,2.2600,2.6700,13.8200,83.4862,87.820000,82.472250,0.111951,0.077573,1,1,1,1,0,4,3,4,3.0000,3.0000,0.0000,0.0000,1.0000,0.0000,1.0000,0,0.051265,0.00000119,0.051265,4.575638,-0.105684
2014-04-10,,2.2500,2.6700,15.8900,77.0642,85.100000,82.546550,0.113920,0.104441,1,1,1,1,0,4,3,4,3.0000,3.0000,0.0000,0.0000,1.0000,0.0000,1.0000,0,-0.092328,0.00000159,-0.092328,4.153178,-0.188254
2014-04-11,,2.2400,2.6700,17.0300,71.1670,84.110000,82.612750,0.114842,0.119677,1,1,1,1,0,4,3,4,3.0000,3.0000,0.0000,0.0000,1.0000,0.0000,1.0000,0,-0.034921,0.00000159,-0.034921,4.008144,-0.216601
2014-04-14,,2.2300,2.6700,16.1100,73.9130,84.770000,82.680750,0.114628,0.109679,1,1,1,1,0,4,3,4,3.0000,3.0000,0.0000,0.0000,1.0000,0.0000,1.0000,0,0.022454,0.00000159,0.022454,4.098141,-0.199011
2014-04-15,,2.2200,2.6650,15.6100,75.9725,85.050100,82.749651,0.115418,0.114107,1,1,1,1,0,4,3,4,3.0000,3.0000,0.0000,0.0000,1.0000,0.0000,1.0000,0,0.009982,0.00000159,0.009982,4.139047,-0.191016
2014-04-16,,2.2000,2.6600,14.1800,78.9474,86.180000,82.822001,0.115057,0.102485,1,1,1,1,0,4,3,4,3.0000,3.0000,0.0000,0.0000,1.0000,0.0000,1.0000,0,0.038814,0.00000159,0.038814,4.299700,-0.159616
2014-04-17,,2.1900,2.6600,13.3600,80.7780,86.200000,82.894301,0.113472,0.086791,1,1,1,1,0,4,3,4,3.0000,3.0000,0.0000,0.0000,1.0000,0.0000,1.0000,0,0.000519,0.00000159,0.000519,4.301932,-0.159180
2014-04-21,,2.1600,2.6600,13.2500,81.0069,86.840000,82.968346,0.112944,0.076723,1,1,1,1,0,4,3,4,3.0000,3.0000,0.0000,0.0000,1.0000,0.0000,1.0000,0,0.022649,0.00000119,0.022649,4.399366,-0.140136
2014-04-22,,2.1800,2.6600,13.1900,83.7529,87.530000,83.043095,0.112592,0.063697,1,1,1,1,0,4,3,4,3.0000,3.0000,0.0000,0.0000,1.0000,0.0000,1.0000,0,0.024514,0.00000159,0.024514,4.507211,-0.119058
2014-04-23,,2.1500,2.6600,13.2700,83.7529,86.760000,83.113645,0.112910,0.058868,1,1,1,1,0,4,3,4,3.0000,3.0000,0.0000,0.0000,1.0000,0.0000,1.0000,0,-0.027228,0.00000119,-0.027228,4.384489,-0.143044
2014-04-24,,2.1500,2.6600,13.3200,83.5240,87.590000,83.186145,0.113454,0.066495,1,1,1,1,0,4,3,4,3.0000,3.0000,0.0000,0.0000,1.0000,0.0000,1.0000,0,0.029517,0.00000079,0.029517,4.513904,-0.117750
2014-04-25,,2.1400,2.6600,14.0600,78.9474,86.190000,83.249545,0.115707,0.078421,1,1,1,1,0,4,3,4,3.0000,3.0000,0.0000,0.0000,1.0000,0.0000,1.0000,0,-0.048278,0.00000040,-0.048278,4.295980,-0.160343
2014-04-28,,2.1300,2.6600,13.9700,78.7185,86.470000,83.307045,0.115906,0.074416,1,1,1,1,0,4,3,4,3.0000,3.0000,0.0000,0.0000,1.0000,0.0000,1.0000,0,0.010734,0.00000119,0.010734,4.342095,-0.151330
2014-04-29,,2.1300,2.6600,13.7100,79.6339,87.160000,83.366345,0.114887,0.049615,1,1,1,1,0,4,3,4,3.0000,3.0000,0.0000,0.0000,1.0000,0.0000,1.0000,0,0.022097,0.00000119,0.022097,4.438040,-0.132577
2014-04-30,,2.1500,2.6600,13.4100,80.7780,87.390000,83.425945,0.114731,0.032762,1,1,1,1,0,4,3,4,3.0000,3.0000,0.0000,0.0000,1.0000,0.0000,1.0000,0,0.008882,0.00000079,0.008882,4.477461,-0.124873
2014-05-01,,2.1600,2.6600,13.2500,80.0915,87.650000,83.487345,0.115200,0.051479,1,1,1,1,0,4,3,4,3.0000,3.0000,0.0000,0.0000,1.0000,0.0000,1.0000,0,0.008970,0.00000119,0.008970,4.517624,-0.117023
2014-05-02,,2.1400,2.6600,12.9100,80.5492,87.490000,83.546995,0.112996,0.033473,1,1,1,1,0,4,3,4,3.0000,3.0000,0.0000,0.0000,1.0000,0.0000,1.0000,0,-0.004939,0.00000119,-0.004939,4.495312,-0.121384
2014-05-05,,2.1400,2.6550,13.2900,80.3204,87.950000,83.609896,0.113788,0.047229,1,1,1,1,0,4,3,4,3.0000,3.0000,0.0000,0.0000,1.0000,0.0000,1.0000,0,0.014228,0.00000079,0.014228,4.559273,-0.108882
2014-05-06,,2.1500,2.6500,13.8000,77.3455,86.810000,83.670996,0.114225,0.057965,1,1,1,1,0,4,3,4,3.0000,3.0000,0.0000,0.0000,1.0000,0.0000,1.0000,0,-0.038662,0.00000119,-0.038662,4.383001,-0.143335
2014-05-07,,2.1500,2.6500,13.4000,78.7185,86.560000,83.729746,0.115393,0.063250,1,1,1,1,0,4,3,4,3.0000,3.0000,0.0000,0.0000,1.0000,0.0000,1.0000,0,-0.008993,0.00000119,-0.008993,4.343584,-0.151039
2014-05-08,,2.1600,2.6500,13.4300,78.4897,86.480000,83.790846,0.114267,0.053430,1,1,1,1,0,4,3,4,3.0000,3.0000,0.0000,0.0000,1.0000,0.0000,1.0000,0,-0.003425,0.00000119,-0.003425,4.328707,-0.153947
2014-05-09,,2.1800,2.6500,12.9200,80.5492,86.800000,83.852346,0.112418,0.035091,1,1,1,1,0,4,3,4,3.0000,3.0000,0.0000,0.0000,1.0000,0.0000,1.0000,0,0.011684,0.00000119,0.011684,4.379284,-0.144061
2014-05-12,,2.2100,2.6500,12.2300,83.7529,88.230000,83.918645,0.110309,0.009207,1,1,1,1,0,4,3,4,3.0000,3.0000,0.0000,0.0000,1.0000,0.0000,1.0000,0,0.048743,0.00000119,0.048743,4.592742,-0.102341
2014-05-13,,2.2000,2.6450,12.1300,82.3799,88.290000,83.983246,0.110471,0.009677,1,1,1,1,0,4,3,4,3.0000,3.0000,0.0000,0.0000,1.0000,0.0000,1.0000,0,0.002106,0.00000119,0.002106,4.602414,-0.100450
2014-05-14,,2.2100,2.6400,12.1700,81.0069,87.830000,84.046246,0.111552,0.017381,1,1,1,1,0,4,3,4,3.0000,3.0000,0.0000,0.0000,1.0000,0.0000,1.0000,0,-0.014868,0.00000119,-0.014868,4.533986,-0.113825
2014-05-15,,2.2000,2.6350,13.1700,77.3455,87.135000,84.103771,0.112086,0.021353,1,1,1,1,0,4,3,4,3.0000,3.0000,0.0000,0.0000,1.0000,0.0000,1.0000,0,-0.023130,0.00000119,-0.023130,4.429115,-0.134322
2014-05-16,,2.2200,2.6300,12.4400,78.9474,87.710000,84.163471,0.112045,0.019038,1,1,1,1,0,4,3,4,3.0000,3.0000,0.0000,0.0000,1.0000,0.0000,1.0000,0,0.018640,0.00000119,0.018640,4.511673,-0.118186
2014-05-19,,2.2000,2.6250,12.4200,80.3204,88.320000,84.222370,0.109913,-0.003193,1,1,1,1,1,5,5,4,3.0000,3.0000,0.0000,0.0000,1.0000,0.0000,1.0000,0,0.021431,0.00000119,0.021431,4.608361,-0.099288
2014-05-20,,2.2200,2.6200,12.9600,76.6590,88.000000,84.277520,0.110611,0.011434,1,1,1,1,0,4,3,5,3.0000,3.0000,0.0000,0.0000,1.0000,0.0000,1.0000,0,-0.010974,0.00000119,-0.010974,4.557788,-0.109173
2014-05-21,,2.2300,2.6150,11.9100,79.6339,88.840000,84.336620,0.109766,0.004514,1,1,1,1,0,4,3,4,3.0000,3.0000,0.0000,0.0000,1.0000,0.0000,1.0000,0,0.028231,0.00000119,0.028231,4.686457,-0.084024
2014-05-22,,2.2600,2.6100,12.0300,81.2357,89.230000,84.399970,0.110396,0.013841,1,1,1,1,0,4,3,4,3.0000,3.0000,0.0000,0.0000,1.0000,0.0000,1.0000,0,0.012379,0.00000159,0.012379,4.744470,-0.072685
2014-05-23,,2.2500,2.6100,11.3600,82.1510,89.880000,84.467270,0.109693,0.015203,1,1,1,1,0,4,3,4,3.0000,3.0000,0.0000,0.0000,1.0000,0.0000,1.0000,0,0.022418,0.00000119,0.022418,4.850830,-0.051897
2014-05-27,,2.2400,2.6100,11.5100,82.8375,91.001000,84.538275,0.109884,0.012469,1,1,1,1,0,4,3,4,3.0000,3.0000,0.0000,0.0000,1.0000,0.0000,1.0000,0,0.037565,0.00000159,0.037565,5.033053,-0.016281
2014-05-28,,2.2300,2.6050,11.6800,81.9222,90.720000,84.609426,0.110618,0.022580,1,1,1,1,0,4,3,4,3.0000,3.0000,0.0000,0.0000,1.0000,0.0000,1.0000,0,-0.009458,0.00000159,-0.009458,4.985450,-0.025585
2014-05-29,,2.2300,2.6000,11.5700,82.8375,91.300000,84.682575,0.110360,0.027018,1,1,1,1,0,4,3,4,3.0000,3.0000,0.0000,0.0000,1.0000,0.0000,1.0000,0,0.020290,0.00000159,0.020290,5.086604,-0.005815
2014-05-30,,2.2400,2.6000,11.4000,83.0664,91.310000,84.753626,0.110909,0.040375,1,1,1,1,0,4,3,4,3.0000,3.0000,0.0000,0.0000,1.0000,0.0000,1.0000,0,-0.000863,0.00000159,-0.000863,5.082213,-0.006673
2014-06-02,,2.2200,2.5950,11.5800,83.9817,91.220000,84.825676,0.110760,0.046677,1,1,1,1,0,4,3,4,3.0000,3.0000,0.0000,0.0000,1.0000,0.0000,1.0000,0,-0.002502,0.00000159,-0.002502,5.069496,-0.009158
2014-06-03,,2.2200,2.5900,11.8700,83.9817,91.180000,84.904026,0.111229,0.048403,1,1,1,1,0,4,3,4,3.0000,3.0000,0.0000,0.0000,1.0000,0.0000,1.0000,0,-0.001467,0.00000159,-0.001467,5.062060,-0.010612
2014-06-04,,2.2200,2.5850,12.0800,84.8970,91.520000,84.984201,0.110953,0.047973,1,1,1,1,0,4,3,4,3.0000,3.0000,0.0000,0.0000,1.0000,0.0000,1.0000,0,0.010579,0.00000159,0.010579,5.115611,-0.000145
2014-06-05,,2.2300,2.5800,11.6800,86.7277,92.290000,85.068901,0.111160,0.048165,1,1,1,1,0,4,3,4,3.0000,3.0000,0.0000,0.0000,1.0000,0.0000,1.0000,0,0.026025,0.00000159,0.026025,5.248742,0.000000
2014-06-06,,2.2400,2.5750,10.7300,88.5584,92.820000,85.154601,0.110250,0.026289,1,1,1,1,0,4,3,4,3.0000,3.0000,0.0000,0.0000,1.0000,0.0000,1.0000,0,0.016154,0.00000159,0.016154,5.333531,0.000000
2014-06-09,,2.2300,2.5650,11.1500,88.3295,92.750000,85.241251,0.109393,-0.004810,1,1,1,1,1,5,5,4,3.0000,3.0000,0.0000,0.0000,1.0000,0.0000,1.0000,0,-0.001813,0.00000159,-0.001813,5.323864,-0.001813
2014-06-10,,2.2200,2.5600,10.9900,86.7277,92.910000,85.325001,0.109126,-0.015223,1,1,1,1,1,5,5,5,3.0000,3.0000,0.0000,0.0000,1.0000,0.0000,1.0000,0,0.005728,0.00000159,0.005728,5.354359,0.000000
2014-06-11,,2.2100,2.5550,11.6000,86.4989,92.550100,85.404401,0.108121,-0.022049,1,1,1,1,1,5,5,5,3.0000,3.0000,0.0000,0.0000,1.0000,0.0000,1.0000,0,0.000000,0.00000159,0.000000,5.354359,0.000000
2014-06-12,,2.2000,2.5500,12.5600,84.2105,92.050000,85.481101,0.109228,-0.002623,1,1,1,1,1,5,5,5,3.0000,3.0000,0.0000,0.0000,1.0000,0.0000,1.0000,0,-0.027643,0.00000159,-0.027643,5.206348,-0.027643
2014-06-13,,2.2100,2.5500,12.1800,85.1259,92.320000,85.567001,0.109592,0.011897,1,1,1,1,0,4,3,5,3.0000,3.0000,0.0000,0.0000,1.0000,0.0000,1.0000,0,0.006857,0.00000159,0.006857,5.242048,-0.020976
2014-06-16,,2.1900,2.5400,12.6500,83.9817,92.400000,85.651851,0.110248,0.021884,1,1,1,1,0,4,3,4,3.0000,3.0000,0.0000,0.0000,1.0000,0.0000,1.0000,0,0.003689,0.00000159,0.003689,5.261387,-0.017364
2014-06-17,,2.1700,2.5150,12.0600,86.4989,92.450000,85.734301,0.109788,0.009688,1,1,1,1,0,4,3,4,3.0000,3.0000,0.0000,0.0000,1.0000,0.0000,1.0000,0,0.001413,0.00000159,0.001413,5.268824,-0.015975
2014-06-18,,2.1700,2.5000,10.6100,87.4142,92.970000,85.821801,0.111462,0.018678,1,1,1,1,0,4,3,4,3.0000,3.0000,0.0000,0.0000,1.0000,0.0000,1.0000,0,0.018210,0.00000159,0.018210,5.364769,0.000000
2014-06-19,,2.1900,2.5000,10.6200,87.4142,92.910000,85.906851,0.112251,0.026806,1,1,1,1,0,4,3,4,3.0000,3.0000,0.0000,0.0000,1.0000,0.0000,1.0000,0,-0.003882,0.00000119,-0.003882,5.343945,-0.003882
2014-06-20,,2.1900,2.5000,10.8500,86.4989,92.770000,85.987151,0.110927,0.010856,1,1,1,1,0,4,3,4,3.0000,3.0000,0.0000,0.0000,1.0000,0.0000,1.0000,0,0.003619,0.00000079,0.003619,5.363284,-0.000277
2014-06-23,,2.2000,2.4600,10.9800,86.9565,92.790000,86.066901,0.110578,-0.003345,1,1,1,1,1,5,5,4,3.0000,3.0000,0.0000,0.0000,1.0000,0.0000,1.0000,0,0.001109,0.00000079,0.001109,5.369232,0.000000
2014-06-24,,2.1900,2.4200,12.1300,85.3547,92.700000,86.145751,0.111582,0.009845,1,1,1,1,0,4,3,5,3.0000,3.0000,0.0000,0.0000,1.0000,0.0000,1.0000,0,-0.002770,0.00000119,-0.002770,5.354359,-0.002770
2014-06-25,,2.1800,2.4200,11.5900,85.8124,93.290000,86.223051,0.111489,0.006031,1,1,1,1,0,4,3,4,3.0000,3.0000,0.0000,0.0000,1.0000,0.0000,1.0000,0,0.018197,0.00000119,0.018197,5.451790,0.000000
2014-06-26,,2.1800,2.4200,11.6300,84.8970,93.340000,86.298701,0.111901,0.024230,1,1,1,1,0,4,3,4,3.0000,3.0000,0.0000,0.0000,1.0000,0.0000,1.0000,0,0.002729,0.00000119,0.002729,5.466666,0.000000
2014-06-27,,2.1800,2.4200,11.2600,84.6682,93.750000,86.377151,0.112118,0.031367,1,1,1,1,0,4,3,4,3.0000,3.0000,0.0000,0.0000,1.0000,0.0000,1.0000,0,0.009932,0.00000159,0.009932,5.520960,0.000000
2014-06-30,,2.2000,2.4150,11.5700,85.3547,93.910000,86.456651,0.113070,0.035643,1,1,1,1,0,4,3,4,3.0000,3.0000,0.0000,0.0000,1.0000,0.0000,1.0000,0,0.007410,0.00000119,0.007410,5.561869,0.000000
2014-07-01,,2.1800,2.4100,11.1500,87.6430,94.940000,86.541051,0.111201,-0.000106,1,1,1,1,1,5,5,4,3.0000,3.0000,0.0000,0.0000,1.0000,0.0000,1.0000,0,0.033565,0.00000159,0.033565,5.748552,0.000000
2014-07-02,,2.1900,2.4050,10.8200,86.7277,95.100000,86.627301,0.108934,-0.031752,1,1,1,1,1,5,5,5,3.0000,3.0000,0.0000,0.0000,1.0000,0.0000,1.0000,0,0.003881,0.00000079,0.003881,5.770865,0.000000
2014-07-03,,2.2000,2.4000,10.3200,88.5584,95.700000,86.713951,0.107215,-0.058386,1,1,1,1,1,5,5,5,3.0000,3.0000,0.0000,0.0000,1.0000,0.0000,1.0000,0,0.019204,0.00000079,0.019204,5.881687,0.000000
2014-07-07,,2.2100,2.4000,11.3300,86.7277,95.410000,86.794451,0.108096,-0.036359,1,1,1,1,1,5,5,5,3.0000,3.0000,0.0000,0.0000,1.0000,0.0000,1.0000,0,-0.009610,0.00000040,-0.009610,5.825162,-0.009610
2014-07-08,,2.1800,2.4000,11.9800,83.7529,94.260000,86.868251,0.109534,-0.041248,1,1,1,1,1,5,5,5,3.0000,3.0000,0.0000,0.0000,1.0000,0.0000,1.0000,0,-0.034857,0.00000159,-0.034857,5.622114,-0.044132
2014-07-09,,2.1800,2.4000,11.6500,84.4394,94.960000,86.948126,0.108741,-0.057697,1,1,1,1,1,5,5,5,3.0000,3.0000,0.0000,0.0000,1.0000,0.0000,1.0000,0,0.022622,0.00000119,0.022622,5.749298,-0.022509
2014-07-10,,2.1700,2.3950,12.5900,83.0664,94.660000,87.027276,0.109911,-0.044158,1,1,1,1,1,5,5,5,3.0000,3.0000,0.0000,0.0000,1.0000,0.0000,1.0000,0,-0.009444,0.00000119,-0.009444,5.695001,-0.031740
2014-07-11,,2.2000,2.3900,12.0800,83.9817,95.270000,87.109476,0.108921,-0.060082,1,1,1,1,1,5,5,5,3.0000,3.0000,0.0000,0.0000,1.0000,0.0000,1.0000,0,0.017370,0.00000079,0.017370,5.793924,-0.014921
2014-07-14,,2.2000,2.3900,11.8200,84.2105,95.840000,87.195876,0.107136,-0.073093,1,1,1,1,1,5,5,5,3.0000,3.0000,0.0000,0.0000,1.0000,0.0000,1.0000,0,0.019127,0.00000079,0.019127,5.904742,0.000000
2014-07-15,,2.2100,2.3900,11.9600,84.6682,95.510000,87.277576,0.107894,-0.052011,1,1,1,1,1,5,5,5,3.0000,3.0000,0.0000,0.0000,1.0000,0.0000,1.0000,0,-0.010454,0.00000119,-0.010454,5.843012,-0.010454
2014-07-16,,2.2000,2.3900,11.0000,83.7900,95.890000,87.361676,0.107850,-0.047732,1,1,1,1,1,5,5,5,3.0000,3.0000,0.0000,0.0000,1.0000,0.0000,1.0000,0,0.011329,0.00000079,0.011329,5.909205,0.000000
2014-07-17,,2.1900,2.3850,14.5400,77.8539,94.619000,87.440371,0.108094,-0.041620,1,1,1,1,1,5,5,5,3.0000,3.0000,0.0000,0.0000,1.0000,0.0000,1.0000,0,-0.039899,0.00000079,-0.039899,5.673434,-0.039899
2014-07-18,,2.2200,2.3800,12.0600,83.3333,96.120000,87.522571,0.108088,-0.045048,1,1,1,1,1,5,5,5,3.0000,3.0000,0.0000,0.0000,1.0000,0.0000,1.0000,0,0.047325,0.00000079,0.047325,5.941932,0.000000
2014-07-21,,2.2000,2.3800,12.8100,80.1370,96.000000,87.604321,0.108189,-0.048754,1,1,1,1,1,5,5,5,3.0000,3.0000,0.0000,0.0000,1.0000,0.0000,1.0000,0,-0.003630,0.00000079,-0.003630,5.920361,-0.003630
2014-07-22,,2.1900,2.3800,12.2400,82.1918,96.610000,87.693771,0.107492,-0.075531,1,1,1,1,1,5,5,5,3.0000,3.0000,0.0000,0.0000,1.0000,0.0000,1.0000,0,0.019849,0.00000119,0.019849,6.037877,0.000000
2014-07-23,,2.1900,2.3800,11.5200,82.8767,97.227000,87.782906,0.107355,-0.078423,1,1,1,1,1,5,5,5,3.0000,3.0000,0.0000,0.0000,1.0000,0.0000,1.0000,0,0.018724,0.00000119,0.018724,6.150930,0.000000
2014-07-24,,2.2000,2.3800,11.8400,83.7900,97.120000,87.874806,0.107677,-0.066401,1,1,1,1,1,5,5,5,3.0000,3.0000,0.0000,0.0000,1.0000,0.0000,1.0000,0,-0.003507,0.00000119,-0.003507,6.129360,-0.003507
2014-07-25,,2.2000,2.3800,12.6900,80.1370,96.740000,87.972406,0.107323,-0.067791,1,1,1,1,1,5,5,5,3.0000,3.0000,0.0000,0.0000,1.0000,0.0000,1.0000,0,-0.012256,0.00000119,-0.012256,6.054239,-0.015720
2014-07-28,,2.1900,2.3800,12.5600,79.2237,96.770000,88.071356,0.108771,-0.058609,1,1,1,1,1,5,5,5,3.0000,3.0000,0.0000,0.0000,1.0000,0.0000,1.0000,0,0.001229,0.00000119,0.001229,6.061679,-0.014510
2014-07-29,,2.1900,2.3750,13.2800,78.0822,96.600000,88.161306,0.108225,-0.044213,1,1,1,1,1,5,5,5,3.0000,3.0000,0.0000,0.0000,1.0000,0.0000,1.0000,0,-0.005031,0.00000159,-0.005031,6.031183,-0.019468
2014-07-30,,2.1800,2.3700,13.3300,77.6256,96.980000,88.250056,0.106381,-0.068052,1,1,1,1,1,5,5,5,3.0000,3.0000,0.0000,0.0000,1.0000,0.0000,1.0000,0,0.011962,0.00000079,0.011962,6.103327,-0.007739
2014-07-31,,2.1700,2.3700,16.9500,67.1233,95.020000,88.326206,0.106815,-0.067062,1,1,1,1,1,5,5,5,3.0000,3.0000,0.0000,0.0000,1.0000,0.0000,1.0000,0,-0.060931,0.00000159,-0.060931,5.731447,-0.068198
2014-08-01,,2.1700,2.3700,17.0300,64.9203,94.670000,88.402156,0.107558,-0.069562,1,1,1,1,1,5,5,5,3.0000,3.0000,0.0000,0.0000,1.0000,0.0000,1.0000,0,-0.011550,0.00000119,-0.011550,5.665251,-0.078960
2014-08-04,,2.2300,2.3700,15.1200,68.1093,95.320000,88.476856,0.106207,-0.072869,1,1,1,1,1,5,5,5,3.0000,3.0000,0.0000,0.0000,1.0000,0.0000,1.0000,0,0.020481,0.00000119,0.020481,5.781278,-0.060097
2014-08-05,,2.2400,2.3700,16.8700,62.8702,94.590000,88.545606,0.105958,-0.058698,1,1,1,1,1,5,5,5,3.0000,3.0000,0.0000,0.0000,1.0000,0.0000,1.0000,0,-0.023415,0.00000159,-0.023415,5.645912,-0.082104
2014-08-06,,2.2500,2.3650,16.3700,62.1868,94.520000,88.607456,0.104571,-0.052642,1,1,1,1,1,5,5,5,3.0000,3.0000,0.0000,0.0000,1.0000,0.0000,1.0000,0,-0.001712,0.00000119,-0.001712,5.636244,-0.083676
2014-08-07,,2.2600,2.3600,16.6600,58.9977,94.220000,88.666906,0.106345,-0.037560,1,1,1,1,1,5,5,5,3.0000,3.0000,0.0000,0.0000,1.0000,0.0000,1.0000,0,-0.009633,0.00000119,-0.009633,5.581951,-0.092503
2014-08-08,,2.2800,2.3600,15.7700,66.5148,94.900000,88.729156,0.107224,-0.039653,1,1,1,1,1,5,5,5,3.0000,3.0000,0.0000,0.0000,1.0000,0.0000,1.0000,0,0.021319,0.00000119,0.021319,5.700952,-0.073156
2014-08-11,,2.2700,2.3600,14.2300,68.5649,95.460000,88.796706,0.106530,-0.051264,1,1,1,1,1,5,5,5,3.0000,3.0000,0.0000,0.0000,1.0000,0.0000,1.0000,0,0.018134,0.00000119,0.018134,5.804334,-0.056349
2014-08-12,,2.2800,2.3600,14.1300,67.8815,95.420000,88.862256,0.106598,-0.050024,1,1,1,1,1,5,5,5,3.0000,3.0000,0.0000,0.0000,1.0000,0.0000,1.0000,0,-0.002307,0.00000159,-0.002307,5.790946,-0.058525
2014-08-13,,2.2900,2.3600,12.9000,69.2483,96.430000,88.929906,0.106369,-0.033284,1,1,1,1,1,5,5,5,3.0000,3.0000,0.0000,0.0000,1.0000,0.0000,1.0000,0,0.032495,0.00000119,0.032495,5.979121,-0.027932
2014-08-14,,2.3100,2.3600,12.4200,72.2096,96.930000,88.999956,0.106789,-0.036062,1,1,1,1,1,5,5,5,3.0000,3.0000,0.0000,0.0000,1.0000,0.0000,1.0000,0,0.015425,0.00000159,0.015425,6.071346,-0.012939
2014-08-15,,2.2900,2.3550,13.1500,70.8428,97.400000,89.071656,0.107219,-0.024006,1,1,1,1,1,5,5,5,3.0000,3.0000,0.0000,0.0000,1.0000,0.0000,1.0000,0,0.013598,0.00000159,0.013598,6.153904,0.000000
2014-08-18,,2.2900,2.3500,12.3200,75.6264,98.150000,89.147506,0.106050,-0.040983,1,1,1,1,1,5,5,5,3.0000,3.0000,0.0000,0.0000,1.0000,0.0000,1.0000,0,0.024172,0.00000119,0.024172,6.302658,0.000000
2014-08-19,,2.3100,2.3500,12.2100,79.0433,98.700000,89.227056,0.106835,-0.027152,1,1,1,1,1,5,5,5,3.0000,3.0000,0.0000,0.0000,1.0000,0.0000,1.0000,0,0.017229,0.00000119,0.017229,6.411245,0.000000
2014-08-20,,2.3300,2.3500,11.7800,79.2711,98.700000,89.306506,0.106777,-0.029372,1,1,1,1,1,5,5,5,3.0000,3.0000,0.0000,0.0000,1.0000,0.0000,1.0000,0,0.000000,0.00000119,0.000000,6.411245,0.000000
2014-08-21,,2.3000,2.3500,11.7600,80.8656,98.900000,89.386356,0.106717,-0.036760,1,1,1,1,1,5,5,5,3.0000,3.0000,0.0000,0.0000,1.0000,0.0000,1.0000,0,0.005685,0.00000159,0.005685,6.447692,0.000000
2014-08-22,,2.2800,2.3500,11.4700,79.2711,99.050000,89.466506,0.106557,-0.035688,1,1,1,1,1,5,5,5,3.0000,3.0000,0.0000,0.0000,1.0000,0.0000,1.0000,0,0.003922,0.00000079,0.003922,6.472979,0.000000
2014-08-25,,2.2600,2.3450,11.7000,81.3212,99.400000,89.548506,0.106743,-0.039028,1,1,1,1,1,5,5,5,3.0000,3.0000,0.0000,0.0000,1.0000,0.0000,1.0000,0,0.011145,0.00000119,0.011145,6.545123,0.000000
2014-08-26,,2.2500,2.3400,11.6300,81.3212,99.500000,89.638806,0.105401,-0.050246,1,1,1,1,1,5,5,5,3.0000,3.0000,0.0000,0.0000,1.0000,0.0000,1.0000,0,0.003409,0.00000159,0.003409,6.567436,0.000000
2014-08-27,,2.2600,2.3400,11.7800,81.5490,99.520000,89.723706,0.106592,-0.043304,1,1,1,1,1,5,5,5,3.0000,3.0000,0.0000,0.0000,1.0000,0.0000,1.0000,0,0.000114,0.00000119,0.000114,6.568182,0.000000
2014-08-28,,2.2400,2.3400,12.0500,81.3212,99.410000,89.808706,0.107425,-0.032943,1,1,1,1,1,5,5,5,3.0000,3.0000,0.0000,0.0000,1.0000,0.0000,1.0000,0,-0.004077,0.00000159,-0.004077,6.541407,-0.004077
2014-08-29,,2.2300,2.3400,11.9800,82.0046,99.780000,89.894906,0.107817,-0.031037,1,1,1,1,1,5,5,5,3.0000,3.0000,0.0000,0.0000,1.0000,0.0000,1.0000,0,0.011711,0.00000119,0.011711,6.618013,0.000000
2014-09-02,,2.2300,2.3400,12.2500,81.5490,100.070000,89.977556,0.106899,-0.031205,1,1,1,1,1,5,5,5,3.0000,3.0000,0.0000,0.0000,1.0000,0.0000,1.0000,0,0.008317,0.00000119,0.008317,6.673053,0.000000
2014-09-03,,2.2500,2.3350,12.3600,81.5490,99.480000,90.055956,0.107481,-0.017911,1,1,1,1,1,5,5,5,3.0000,3.0000,0.0000,0.0000,1.0000,0.0000,1.0000,0,-0.017165,0.00000119,-0.017165,6.558511,-0.017165
2014-09-04,,2.2400,2.3300,12.6400,81.1364,99.390000,90.133106,0.107587,-0.014433,1,1,1,1,1,5,5,5,3.0000,3.0000,0.0000,0.0000,1.0000,0.0000,1.0000,0,-0.003175,0.00000119,-0.003175,6.537687,-0.020286
2014-09-05,,2.2500,2.3300,12.0900,82.5000,99.890000,90.216856,0.108448,0.003119,1,1,1,1,0,4,3,5,3.0000,3.0000,0.0000,0.0000,1.0000,0.0000,1.0000,0,0.015472,0.00000119,0.015472,6.638837,-0.005127
2014-09-08,,2.2900,2.3250,12.6600,81.1364,100.080000,90.302756,0.108081,-0.010883,1,1,1,1,1,5,5,4,3.0000,3.0000,0.0000,0.0000,1.0000,0.0000,1.0000,0,0.005041,0.00000119,0.005041,6.672307,-0.000112
2014-09-09,,2.2600,2.3200,13.5000,78.4091,99.250000,90.385506,0.107516,-0.019449,1,1,1,1,1,5,5,5,3.0000,3.0000,0.0000,0.0000,1.0000,0.0000,1.0000,0,-0.024300,0.00000079,-0.024300,6.510168,-0.024409
2014-09-10,,2.2500,2.3200,12.8800,80.6818,100.070000,90.468156,0.106638,-0.033718,1,1,1,1,1,5,5,5,3.0000,3.0000,0.0000,0.0000,1.0000,0.0000,1.0000,0,0.023192,0.00000079,0.023192,6.661150,-0.001784
2014-09-11,,2.2600,2.3200,12.8000,79.3182,99.990000,90.548156,0.107414,-0.022232,1,1,1,1,1,5,5,5,3.0000,3.0000,0.0000,0.0000,1.0000,0.0000,1.0000,0,-0.000781,0.00000079,-0.000781,6.655945,-0.002564
2014-09-12,,2.2500,2.3200,13.3100,75.0000,99.480000,90.624606,0.106112,-0.048706,1,1,1,1,1,5,5,5,3.0000,3.0000,0.0000,0.0000,1.0000,0.0000,1.0000,0,-0.015756,0.00000079,-0.015756,6.551074,-0.018279
2014-09-15,,2.2700,2.3200,14.1200,73.1818,98.520000,90.694056,0.106518,-0.051722,1,1,1,1,1,5,5,5,3.0000,3.0000,0.0000,0.0000,1.0000,0.0000,1.0000,0,-0.030086,0.00000079,-0.030086,6.353978,-0.047815
2014-09-16,,2.2800,2.3200,12.7300,76.5909,99.380000,90.764856,0.107068,-0.035593,1,1,1,1,1,5,5,5,3.0000,3.0000,0.0000,0.0000,1.0000,0.0000,1.0000,0,0.027040,0.00000079,0.027040,6.525788,-0.022069
2014-09-17,,2.3000,2.3150,12.6500,76.5909,99.530000,90.833856,0.106725,-0.035712,1,1,1,1,1,5,5,5,3.0000,3.0000,0.0000,0.0000,1.0000,0.0000,1.0000,0,0.004901,0.00000079,0.004901,6.557768,-0.017276
2014-09-18,,2.2900,2.3100,12.0300,77.7273,100.280000,90.907856,0.105391,-0.057513,1,1,1,1,1,5,5,5,3.0000,3.0000,0.0000,0.0000,1.0000,0.0000,1.0000,0,0.021549,0.00000079,0.021549,6.699082,0.000000
2014-09-19,,2.2800,2.3100,12.1100,77.0455,99.980000,90.980706,0.105979,-0.050714,1,1,1,1,1,5,5,5,3.0000,3.0000,0.0000,0.0000,1.0000,0.0000,1.0000,0,-0.002220,0.00000079,-0.002220,6.684209,-0.002220
2014-09-22,,2.2600,2.3100,13.6900,72.2727,99.050000,91.048506,0.106001,-0.053734,1,1,1,1,1,5,5,5,3.0000,3.0000,0.0000,0.0000,1.0000,0.0000,1.0000,0,-0.027151,0.00000079,-0.027151,6.502728,-0.029311
2014-09-23,,2.2700,2.3050,14.9300,67.2727,98.780000,91.115506,0.106308,-0.052404,1,1,1,1,1,5,5,5,3.0000,3.0000,0.0000,0.0000,1.0000,0.0000,1.0000,0,-0.008692,0.00000040,-0.008692,6.446204,-0.037748
2014-09-24,,2.2600,2.3000,13.2700,70.4545,99.840000,91.184706,0.105106,-0.071811,1,1,1,1,1,5,5,5,3.0000,3.0000,0.0000,0.0000,1.0000,0.0000,1.0000,0,0.032422,0.00000040,0.032422,6.655202,-0.006550
2014-09-25,,2.2700,2.3000,15.6400,62.9545,97.740000,91.241656,0.106193,-0.044878,1,1,1,1,1,5,5,5,3.0000,3.0000,0.0000,0.0000,1.0000,0.0000,1.0000,0,-0.063478,0.00000079,-0.063478,6.232742,-0.069613
2014-09-26,,2.2700,2.3000,14.8500,67.2727,98.780000,91.304106,0.105508,-0.031556,1,1,1,1,1,5,5,5,3.0000,3.0000,0.0000,0.0000,1.0000,0.0000,1.0000,0,0.031981,0.00000040,0.031981,6.432073,-0.039858
2014-09-29,,2.2700,2.2950,15.9800,65.9864,98.650000,91.371456,0.106384,-0.007729,1,1,1,1,1,5,5,5,3.0000,3.0000,0.0000,0.0000,1.0000,0.0000,1.0000,0,-0.003354,0.00000040,-0.003354,6.410503,-0.043077
2014-09-30,,2.2700,2.2900,16.3100,64.6259,98.790000,91.440606,0.106817,-0.011805,1,1,1,1,1,5,5,5,3.0000,3.0000,0.0000,0.0000,1.0000,0.0000,1.0000,0,0.003713,0.00000079,0.003713,6.434305,-0.039524
2014-10-01,,2.2900,2.2900,16.7100,59.4104,97.210000,91.502406,0.108901,-0.005721,1,1,1,1,1,5,5,5,3.0000,3.0000,0.0000,0.0000,1.0000,0.0000,1.0000,0,-0.047856,0.00000079,-0.047856,6.126386,-0.085489
2014-10-02,,2.3100,2.2900,16.1600,59.4104,97.210000,91.561856,0.108730,-0.000096,0,1,1,1,1,4,3,5,3.0000,3.0000,0.0000,0.0000,1.0000,0.0000,1.0000,0,-0.000486,0.00000079,-0.000486,6.123409,-0.085933
2014-10-03,,2.3200,2.2900,14.5500,64.6259,98.170000,91.626956,0.108233,-0.015282,0,1,1,1,1,4,3,4,3.0000,3.0000,0.0000,0.0000,1.0000,0.0000,1.0000,0,0.030123,0.00000040,0.030123,6.307863,-0.058399
2014-10-06,,2.2900,2.2900,15.4600,62.5850,97.960000,91.686056,0.108360,-0.005143,1,1,1,1,1,5,5,4,3.0000,3.0000,0.0000,0.0000,1.0000,0.0000,1.0000,0,-0.006839,0.00000040,-0.006839,6.264726,-0.064838
2014-10-07,,2.3000,2.2900,17.2000,54.8753,96.570000,91.739406,0.109904,0.025270,0,1,1,1,0,3,1,5,3.0000,3.0000,0.0000,0.0000,1.0000,0.0000,1.0000,0,-0.042265,0.00000079,-0.042265,5.999945,-0.104363
2014-10-08,,2.3000,2.2900,15.1100,62.5850,98.450000,91.799156,0.110456,0.023668,0,1,1,1,0,3,1,3,3.0000,3.0000,0.0000,0.0000,1.0000,0.0000,1.0000,0,0.057766,0.00000079,0.057766,6.346538,-0.052626
2014-10-09,,2.3200,2.2900,18.7600,55.5556,96.860000,91.846406,0.110849,0.027072,0,1,1,1,0,3,1,3,3.0000,3.0000,0.0000,0.0000,1.0000,0.0000,1.0000,0,-0.049806,0.00000040,-0.049806,6.030441,-0.099811
2014-10-10,,2.3400,2.2900,21.2400,46.0317,94.440000,91.881356,0.112654,0.041070,0,0,0,1,0,1,-3,3,3.0000,3.0000,0.0000,0.0000,1.0000,0.0000,1.0000,0,-0.074865,0.00000040,-0.074865,5.578973,-0.167203
2014-10-13,,2.3600,2.2900,24.6400,39.2290,92.960000,91.907456,0.114428,0.055606,0,0,0,1,0,1,-3,1,0.0000,0.0000,0.0000,0.0000,0.0000,1.0000,0.0000,1,-0.046794,0.00000040,-0.004332,5.554807,-0.170811
2014-10-14,,2.3600,2.2900,22.7900,39.2290,92.970000,91.934706,0.115290,0.062433,0,0,0,1,0,1,-3,1,0.0000,0.0000,0.0000,0.0000,0.0000,1.0000,0.0000,0,0.001819,0.00000040,0.000000,5.554809,-0.170810
2014-10-15,,2.3900,2.2900,26.2500,37.1882,92.370000,91.959606,0.114547,0.061731,0,0,0,1,0,1,-3,1,0.0000,0.0000,0.0000,0.0000,0.0000,1.0000,0.0000,0,-0.021360,0.00000079,0.000001,5.554813,-0.170810
2014-10-16,,2.4400,2.2900,25.2000,38.3220,91.790000,91.978756,0.114753,0.064618,0,0,0,0,0,0,-5,1,0.0000,0.0000,0.0000,0.0000,0.0000,1.0000,0.0000,0,-0.015550,0.00000079,0.000001,5.554818,-0.170809
2014-10-17,,2.4700,2.2900,21.9900,44.2177,93.000000,92.007406,0.114077,0.056388,0,0,0,1,0,1,-3,0,0.0000,0.0000,0.0000,0.0000,0.0000,1.0000,0.0000,0,0.039125,0.00000119,0.000001,5.554824,-0.170808
2014-10-20,,2.4400,2.2900,18.5700,48.9796,94.390000,92.046156,0.114556,0.064861,0,1,0,1,0,2,-1,1,0.0000,0.0000,0.0000,0.0000,0.0000,1.0000,0.0000,0,0.043090,0.00000079,0.000001,5.554829,-0.170807
2014-10-21,,2.4500,2.2900,16.0800,60.7710,96.870000,92.098906,0.112717,0.035590,0,1,1,1,0,3,1,2,0.0000,0.0000,0.0000,0.0000,0.0000,1.0000,0.0000,0,0.078209,0.00000079,0.000001,5.554833,-0.170807
2014-10-22,,2.4300,2.2900,17.8700,55.5556,96.370000,92.145156,0.114225,0.054236,0,1,1,1,0,3,1,3,3.0000,3.0000,0.0000,0.0000,1.0000,0.0000,1.0000,1,-0.015499,0.00000079,-0.024884,5.416606,-0.191441
2014-10-23,,2.4200,2.2900,16.5300,62.5850,97.820000,92.197706,0.113118,0.062662,0,1,1,1,0,3,1,3,3.0000,3.0000,0.0000,0.0000,1.0000,0.0000,1.0000,0,0.045718,0.00000079,0.045718,5.664242,-0.154475
2014-10-24,,2.4200,2.2900,16.1100,65.3061,98.620000,92.255706,0.113348,0.062218,0,1,1,1,0,3,1,3,3.0000,3.0000,0.0000,0.0000,1.0000,0.0000,1.0000,0,0.023003,0.00000040,0.023003,5.794538,-0.135025
2014-10-27,,2.4300,2.2900,16.0400,66.4399,98.690000,92.312656,0.113249,0.053916,0,1,1,1,0,3,1,3,3.0000,3.0000,0.0000,0.0000,1.0000,0.0000,1.0000,0,0.003768,0.00000040,0.003768,5.816370,-0.131766
2014-10-28,,2.4400,2.2900,14.3900,71.6553,100.180000,92.383506,0.112746,0.063006,0,1,1,1,0,3,1,3,3.0000,3.0000,0.0000,0.0000,1.0000,0.0000,1.0000,0,0.044687,0.00000079,0.044687,6.076285,-0.092968
2014-10-29,,2.4300,2.2900,15.1500,69.8413,99.810000,92.444306,0.112261,0.061374,0,1,1,1,0,3,1,3,3.0000,3.0000,0.0000,0.0000,1.0000,0.0000,1.0000,0,-0.012013,0.00000079,-0.012013,6.003289,-0.103864
2014-10-30,,2.3600,2.2900,14.5200,73.0159,100.020000,92.502556,0.114003,0.093631,0,1,1,1,0,3,1,3,3.0000,3.0000,0.0000,0.0000,1.0000,0.0000,1.0000,0,0.006250,0.00000119,0.006250,6.040812,-0.098263
2014-10-31,,2.3900,2.2900,14.0300,78.2313,101.400000,92.567656,0.112739,0.063478,0,1,1,1,0,3,1,3,3.0000,3.0000,0.0000,0.0000,1.0000,0.0000,1.0000,0,0.041219,0.00000040,0.041219,6.289810,-0.061094
2014-11-03,,2.3900,2.2900,14.7300,78.0045,101.700000,92.636756,0.113421,0.060346,0,1,1,1,0,3,1,3,3.0000,3.0000,0.0000,0.0000,1.0000,0.0000,1.0000,0,0.010304,0.00000040,0.010304,6.354619,-0.051419
2014-11-04,,2.3900,2.2900,14.8900,77.3243,101.360000,92.700806,0.113219,0.065149,0,1,1,1,0,3,1,3,3.0000,3.0000,0.0000,0.0000,1.0000,0.0000,1.0000,0,-0.010628,0.00000079,-0.010628,6.287082,-0.061501
2014-11-05,,2.3900,2.2900,14.1700,78.4580,101.370000,92.763756,0.115054,0.082931,0,1,1,1,0,3,1,3,3.0000,3.0000,0.0000,0.0000,1.0000,0.0000,1.0000,0,-0.000108,0.00000119,-0.000108,6.286401,-0.061603
2014-11-06,,2.3900,2.2900,13.6700,79.5918,101.690000,92.829806,0.112651,0.061572,0,1,1,1,0,3,1,3,3.0000,3.0000,0.0000,0.0000,1.0000,0.0000,1.0000,0,0.008573,0.00000119,0.008573,6.340293,-0.053558
2014-11-07,,2.4000,2.2900,13.1200,79.3651,101.600000,92.904106,0.113726,0.067474,0,1,1,1,0,3,1,3,3.0000,3.0000,0.0000,0.0000,1.0000,0.0000,1.0000,0,-0.002475,0.00000119,-0.002475,6.324601,-0.055900
2014-11-10,,2.4300,2.2900,12.6700,80.2721,101.960000,92.984406,0.113933,0.065255,0,1,1,1,0,3,1,3,3.0000,3.0000,0.0000,0.0000,1.0000,0.0000,1.0000,0,0.010247,0.00000119,0.010247,6.389411,-0.046226
2014-11-11,,2.4100,2.2900,12.9200,80.2721,102.280000,93.066556,0.113408,0.071776,0,1,1,1,0,3,1,3,3.0000,3.0000,0.0000,0.0000,1.0000,0.0000,1.0000,0,0.009503,0.00000079,0.009503,6.450127,-0.037163
2014-11-12,,2.4100,2.2900,13.0200,80.0454,102.460000,93.154206,0.111541,0.045290,0,1,1,1,0,3,1,3,3.0000,3.0000,0.0000,0.0000,1.0000,0.0000,1.0000,0,0.005500,0.00000079,0.005500,6.485600,-0.031867
2014-11-13,,2.4300,2.2900,13.7900,78.4580,102.900000,93.236206,0.110510,0.035889,0,1,1,1,0,3,1,3,3.0000,3.0000,0.0000,0.0000,1.0000,0.0000,1.0000,0,0.012833,0.00000079,0.012833,6.568828,-0.019444
2014-11-14,,2.4700,2.2900,13.3100,79.1383,103.220000,93.320956,0.110018,0.031666,0,1,1,1,0,3,1,3,3.0000,3.0000,0.0000,0.0000,1.0000,0.0000,1.0000,0,0.009243,0.00000079,0.009243,6.629541,-0.010381
2014-11-17,,2.4800,2.2900,13.9900,78.4580,102.910000,93.414056,0.111391,0.046551,0,1,1,1,0,3,1,3,3.0000,3.0000,0.0000,0.0000,1.0000,0.0000,1.0000,0,-0.009364,0.00000079,-0.009364,6.567463,-0.019647
2014-11-18,,2.4900,2.2900,13.8600,80.2721,103.680000,93.507906,0.111068,0.041597,0,1,1,1,0,3,1,3,3.0000,3.0000,0.0000,0.0000,1.0000,0.0000,1.0000,0,0.022437,0.00000119,0.022437,6.714816,0.000000
2014-11-19,,2.5200,2.2900,13.9600,79.5918,103.210000,93.600506,0.111149,0.055865,0,1,1,1,0,3,1,3,3.0000,3.0000,0.0000,0.0000,1.0000,0.0000,1.0000,0,-0.012700,0.00000079,-0.012700,6.629541,-0.012700
2014-11-20,,2.5100,2.2900,13.5800,80.4989,103.670000,93.690006,0.110711,0.039675,0,1,1,1,0,3,1,3,3.0000,3.0000,0.0000,0.0000,1.0000,0.0000,1.0000,0,0.013274,0.00000040,0.013274,6.717544,0.000000
2014-11-21,,2.5200,2.2900,12.9000,81.8594,103.870000,93.772856,0.110557,0.030114,0,1,1,1,0,3,1,3,3.0000,3.0000,0.0000,0.0000,1.0000,0.0000,1.0000,0,0.007210,0.00000079,0.007210,6.765981,0.000000
2014-11-24,,2.4900,2.2900,12.6200,82.5397,104.680000,93.857256,0.109331,0.014501,0,1,1,1,0,3,1,3,3.0000,3.0000,0.0000,0.0000,1.0000,0.0000,1.0000,0,0.022585,0.00000040,0.022585,6.918793,0.000000
2014-11-25,,2.5000,2.2900,12.2500,83.6735,104.840000,93.937456,0.109410,0.024255,0,1,1,1,0,3,1,3,3.0000,3.0000,0.0000,0.0000,1.0000,0.0000,1.0000,0,0.003254,0.00000079,0.003254,6.941305,0.000000
2014-11-26,,2.4600,2.2900,12.0700,82.9932,105.520000,94.020206,0.109613,0.020538,0,1,1,1,0,3,1,3,3.0000,3.0000,0.0000,0.0000,1.0000,0.0000,1.0000,0,0.020442,0.00000079,0.020442,7.083200,0.000000
2014-11-28,,2.4700,2.2900,13.3300,81.6327,106.010000,94.102106,0.111004,0.032868,0,1,1,1,0,3,1,3,3.0000,3.0000,0.0000,0.0000,1.0000,0.0000,1.0000,0,0.014928,0.00000079,0.014928,7.188941,0.000000
2014-12-01,,2.5200,2.2900,14.2900,80.2721,104.810000,94.177106,0.111999,0.033504,0,1,1,1,0,3,1,3,3.0000,3.0000,0.0000,0.0000,1.0000,0.0000,1.0000,0,-0.036914,0.00000079,-0.036914,6.923567,-0.036914
2014-12-02,,2.5400,2.2900,12.8500,81.1791,105.230000,94.252006,0.112031,0.037731,0,1,1,1,0,3,1,3,3.0000,3.0000,0.0000,0.0000,1.0000,0.0000,1.0000,0,0.010740,0.00000119,0.010740,6.997925,-0.026571
2014-12-03,,2.5400,2.2900,12.4700,81.8594,105.420000,94.330956,0.111285,0.036565,0,1,1,1,0,3,1,3,3.0000,3.0000,0.0000,0.0000,1.0000,0.0000,1.0000,0,0.009066,0.00000119,0.009066,7.061369,-0.017746
2014-12-04,,2.5200,2.2900,12.3800,81.6327,105.370000,94.407556,0.111312,0.045494,0,1,1,1,0,3,1,3,3.0000,3.0000,0.0000,0.0000,1.0000,0.0000,1.0000,0,-0.002995,0.00000040,-0.002995,7.040222,-0.020687
2014-12-05,,2.5300,2.2900,11.8200,82.3129,105.380000,94.484806,0.110264,0.027558,0,1,1,1,0,3,1,3,3.0000,3.0000,0.0000,0.0000,1.0000,0.0000,1.0000,0,0.000678,0.00000079,0.000678,7.044996,-0.020023
2014-12-08,,2.4800,2.2900,14.2100,81.8594,104.630000,94.555906,0.111902,0.056615,0,1,1,1,0,3,1,3,3.0000,3.0000,0.0000,0.0000,1.0000,0.0000,1.0000,0,-0.021594,0.00000079,-0.021594,6.892869,-0.041184
2014-12-09,,2.4800,2.2900,14.8900,82.3129,104.960000,94.629156,0.112535,0.058612,0,1,1,1,0,3,1,3,3.0000,3.0000,0.0000,0.0000,1.0000,0.0000,1.0000,0,0.009699,0.00000119,0.009699,6.959724,-0.031885
2014-12-10,,2.5100,2.2900,18.5300,76.1905,103.310000,94.694556,0.112940,0.055581,0,1,1,1,0,3,1,3,3.0000,3.0000,0.0000,0.0000,1.0000,0.0000,1.0000,0,-0.048422,0.00000159,-0.048422,6.622721,-0.078763
2014-12-11,,2.5300,2.2900,20.0800,77.7778,103.800000,94.761356,0.113497,0.064545,0,0,1,1,0,2,-1,3,3.0000,3.0000,0.0000,0.0000,1.0000,0.0000,1.0000,0,0.015657,0.00000119,0.015657,6.726415,-0.064339
2014-12-12,,2.5300,2.2900,21.0800,73.6961,102.670000,94.823006,0.114267,0.083828,0,0,1,1,0,2,-1,2,0.0000,0.0000,0.0000,0.0000,0.0000,1.0000,0.0000,1,-0.033114,0.00000119,-0.029505,6.527953,-0.091945
2014-12-15,,2.5800,2.2900,20.4200,72.7891,101.610000,94.882706,0.114079,0.075981,0,0,1,1,0,2,-1,2,0.0000,0.0000,0.0000,0.0000,0.0000,1.0000,0.0000,0,-0.029947,0.00000079,0.000001,6.527958,-0.091944
2014-12-16,,2.5600,2.2900,23.5700,70.5215,99.980000,94.928556,0.114901,0.083441,0,0,1,1,0,2,-1,2,0.0000,0.0000,0.0000,0.0000,0.0000,1.0000,0.0000,0,-0.049632,0.00000159,0.000002,6.527969,-0.091943
2014-12-17,,2.6000,2.2900,19.4400,74.8299,101.800000,94.982256,0.114698,0.080435,0,1,1,1,0,3,1,2,0.0000,0.0000,0.0000,0.0000,0.0000,1.0000,0.0000,0,0.053703,0.00000119,0.000001,6.527977,-0.091942
2014-12-18,,2.6000,2.2900,16.8100,79.3651,104.250000,95.048606,0.114131,0.088969,0,1,1,1,0,3,1,3,3.0000,3.0000,0.0000,0.0000,1.0000,0.0000,1.0000,1,0.073318,0.00000119,0.027929,6.710298,-0.066580
2014-12-19,,2.5600,2.2900,16.4900,81.1791,104.320000,95.117556,0.113451,0.071892,0,1,1,1,0,3,1,3,3.0000,3.0000,0.0000,0.0000,1.0000,0.0000,1.0000,0,0.011167,0.00000159,0.011167,6.785232,-0.056157
2014-12-22,,2.5600,2.2900,15.2500,81.8594,104.580000,95.187406,0.113221,0.076642,0,1,1,1,0,3,1,3,3.0000,3.0000,0.0000,0.0000,1.0000,0.0000,1.0000,0,0.009054,0.00000159,0.009054,6.846667,-0.047611
2014-12-23,,2.5300,2.2900,14.8000,82.5397,104.210000,95.257356,0.113357,0.068942,0,1,1,1,0,3,1,3,3.0000,3.0000,0.0000,0.0000,1.0000,0.0000,1.0000,0,-0.009565,0.00000198,-0.009565,6.781182,-0.056720
2014-12-24,,2.5300,2.2900,14.3700,82.3129,104.300000,95.326056,0.115440,0.085138,0,1,1,1,0,3,1,3,3.0000,3.0000,0.0000,0.0000,1.0000,0.0000,1.0000,0,0.002091,0.00000119,0.002091,6.795359,-0.054748
2014-12-26,,2.5000,2.2900,14.5000,83.2200,105.040000,95.404856,0.116460,0.074443,0,1,1,1,0,3,1,3,3.0000,3.0000,0.0000,0.0000,1.0000,0.0000,1.0000,0,0.020266,0.00000040,0.020266,6.933075,-0.035592
2014-12-29,,2.5000,2.2900,15.0600,83.9002,105.020000,95.486606,0.117646,0.088044,0,1,1,1,0,3,1,3,3.0000,3.0000,0.0000,0.0000,1.0000,0.0000,1.0000,0,0.000195,0.00000040,0.000195,6.934426,-0.035404
2014-12-30,,2.4900,2.2900,15.9200,82.9932,104.320000,95.560956,0.115824,0.074084,0,1,1,1,0,3,1,3,3.0000,3.0000,0.0000,0.0000,1.0000,0.0000,1.0000,0,-0.020639,0.00000119,-0.020639,6.791308,-0.055312
2014-12-31,,2.4900,2.2900,19.2000,81.8594,103.250000,95.624556,0.114868,0.062890,0,1,1,1,0,3,1,3,3.0000,3.0000,0.0000,0.0000,1.0000,0.0000,1.0000,0,-0.031312,0.00000119,-0.031312,6.578658,-0.084892
2015-01-02,,2.5100,2.2900,17.7900,81.6327,102.940000,95.689056,0.115465,0.053789,0,1,1,1,0,3,1,3,3.0000,3.0000,0.0000,0.0000,1.0000,0.0000,1.0000,0,-0.008209,0.00000159,-0.008209,6.524654,-0.092404
2015-01-05,,2.5100,2.2900,19.9200,75.7370,101.430000,95.744756,0.116151,0.052895,0,1,1,1,0,3,1,3,3.0000,3.0000,0.0000,0.0000,1.0000,0.0000,1.0000,0,-0.045008,0.00000079,-0.045008,6.230994,-0.133253
2015-01-06,,2.5200,2.2900,21.1200,73.4694,100.070000,95.800106,0.117331,0.060622,0,0,1,1,0,2,-1,3,3.0000,3.0000,0.0000,0.0000,1.0000,0.0000,1.0000,0,-0.039653,0.00000119,-0.039653,5.983914,-0.167622
2015-01-07,,2.5200,2.2900,19.3100,74.6032,101.360000,95.865806,0.117023,0.041186,0,1,1,1,0,3,1,2,0.0000,0.0000,0.0000,0.0000,0.0000,1.0000,0.0000,1,0.038470,0.00000119,0.018862,6.096782,-0.151922
2015-01-08,,2.5300,2.2900,17.0100,78.4580,103.300000,95.939756,0.115784,0.013020,0,1,1,1,0,3,1,3,3.0000,3.0000,0.0000,0.0000,1.0000,0.0000,1.0000,1,0.057034,0.00000119,0.030297,6.281497,-0.126228
2015-01-09,,2.5400,2.2900,17.5500,76.0181,102.620000,96.016006,0.115985,0.006559,0,1,1,1,0,3,1,3,3.0000,3.0000,0.0000,0.0000,1.0000,0.0000,1.0000,0,-0.020246,0.00000119,-0.020246,6.154320,-0.143918
2015-01-12,,2.5500,2.2900,19.6000,74.6606,101.550000,96.089361,0.116630,0.019763,0,1,1,1,0,3,1,3,3.0000,3.0000,0.0000,0.0000,1.0000,0.0000,1.0000,0,-0.030736,0.00000079,-0.030736,5.965164,-0.170231
2015-01-13,,2.5500,2.2900,20.5600,73.3032,101.520000,96.161711,0.117280,0.023895,0,0,1,1,0,2,-1,3,3.0000,3.0000,0.0000,0.0000,1.0000,0.0000,1.0000,0,-0.000866,0.00000119,-0.000866,5.959998,-0.170949
2015-01-14,,2.5500,2.2900,21.4800,71.2670,100.960000,96.228161,0.119013,0.046121,0,0,1,1,0,2,-1,2,0.0000,0.0000,0.0000,0.0000,0.0000,1.0000,0.0000,1,-0.015381,0.00000119,-0.031931,5.769691,-0.197421
2015-01-15,,2.5800,2.2900,22.3900,68.0995,99.650000,96.280361,0.121068,0.059453,0,0,1,1,0,2,-1,2,0.0000,0.0000,0.0000,0.0000,0.0000,1.0000,0.0000,0,-0.039714,0.00000159,0.000002,5.769700,-0.197420
2015-01-16,,2.6500,2.2900,20.9500,70.5882,100.820000,96.337261,0.120567,0.072359,0,0,1,1,0,2,-1,2,0.0000,0.0000,0.0000,0.0000,0.0000,1.0000,0.0000,0,0.035628,0.00000119,0.000001,5.769707,-0.197419
2015-01-20,,2.6200,2.2900,19.8900,70.5882,101.620000,96.401711,0.120611,0.058623,0,1,1,1,0,3,1,2,0.0000,0.0000,0.0000,0.0000,0.0000,1.0000,0.0000,0,0.022124,0.00000119,0.000001,5.769714,-0.197418
2015-01-21,,2.6100,2.2900,18.8500,72.3982,102.140000,96.480561,0.121159,0.074063,0,1,1,1,0,3,1,3,3.0000,3.0000,0.0000,0.0000,1.0000,0.0000,1.0000,1,0.015314,0.00000119,0.024425,5.910638,-0.177815
2015-01-22,,2.5900,2.2900,16.4000,75.5656,104.030000,96.572961,0.118874,0.051153,0,1,1,1,0,3,1,3,3.0000,3.0000,0.0000,0.0000,1.0000,0.0000,1.0000,0,0.055695,0.00000119,0.055695,6.239829,-0.132024
2015-01-23,,2.5900,2.2900,16.6600,74.8869,104.260000,96.662561,0.119871,0.061097,0,1,1,1,0,3,1,3,3.0000,3.0000,0.0000,0.0000,1.0000,0.0000,1.0000,0,0.006664,0.00000119,0.006664,6.281411,-0.126240
2015-01-26,,2.6000,2.2900,15.5200,75.1131,104.140000,96.744161,0.119518,0.062193,0,1,1,1,0,3,1,3,3.0000,3.0000,0.0000,0.0000,1.0000,0.0000,1.0000,0,-0.002206,0.00000079,-0.002206,6.267551,-0.128168
2015-01-27,,2.5800,2.2900,17.2200,72.1719,101.440000,96.825861,0.121288,0.082295,0,1,1,1,0,3,1,3,3.0000,3.0000,0.0000,0.0000,1.0000,0.0000,1.0000,0,-0.077403,0.00000119,-0.077403,5.782426,-0.195650
2015-01-28,,2.5900,2.2900,20.4400,68.7783,100.920000,96.909911,0.121815,0.068779,0,0,1,1,0,2,-1,3,3.0000,3.0000,0.0000,0.0000,1.0000,0.0000,1.0000,0,-0.017215,0.00000079,-0.017215,5.682883,-0.209496
2015-01-29,,2.5900,2.2900,18.7600,70.8145,101.890000,96.995511,0.122308,0.085013,0,1,1,1,0,3,1,2,0.0000,0.0000,0.0000,0.0000,0.0000,1.0000,0.0000,1,0.028936,0.00000079,-0.003636,5.662218,-0.212371
2015-01-30,,2.5800,2.2900,20.9700,67.6471,101.100000,97.075760,0.121133,0.067212,0,0,1,1,0,2,-1,3,3.0000,3.0000,0.0000,0.0000,1.0000,0.0000,1.0000,1,-0.022950,0.00000119,-0.019764,5.550307,-0.227938
2015-02-02,,2.6100,2.2900,19.4300,70.5882,101.980000,97.154760,0.120171,0.061663,0,1,1,1,0,3,1,2,0.0000,0.0000,0.0000,0.0000,0.0000,1.0000,0.0000,1,0.026246,0.00000079,0.005202,5.579182,-0.223922
2015-02-03,,2.6100,2.2900,17.3300,73.9819,102.960000,97.238560,0.118898,0.033822,0,1,1,1,0,3,1,3,3.0000,3.0000,0.0000,0.0000,1.0000,0.0000,1.0000,1,0.027294,0.00000079,0.018553,5.682690,-0.209523
2015-02-04,,2.6100,2.2900,18.3300,73.3032,102.870000,97.318710,0.117906,0.046864,0,1,1,1,0,3,1,3,3.0000,3.0000,0.0000,0.0000,1.0000,0.0000,1.0000,0,-0.002615,0.00000079,-0.002615,5.667827,-0.211591
2015-02-05,,2.6000,2.2900,16.8500,75.3394,103.760000,97.399860,0.117795,0.036274,0,1,1,1,0,3,1,3,3.0000,3.0000,0.0000,0.0000,1.0000,0.0000,1.0000,0,0.026534,0.00000040,0.026534,5.818219,-0.190671
2015-02-06,,2.6000,2.2900,17.2900,76.4706,103.130000,97.481710,0.113257,-0.005976,0,1,1,1,1,4,3,3,3.0000,3.0000,0.0000,0.0000,1.0000,0.0000,1.0000,0,-0.018186,0.00000079,-0.018186,5.712409,-0.205389
2015-02-09,,2.5500,2.2900,18.5500,76.2443,102.800000,97.557760,0.112765,-0.005683,0,1,1,1,1,4,3,4,3.0000,3.0000,0.0000,0.0000,1.0000,0.0000,1.0000,0,-0.011030,0.00000079,-0.011030,5.649401,-0.214154
2015-02-10,,2.5300,2.2900,17.2300,78.0543,104.400000,97.648810,0.113873,0.021192,0,1,1,1,0,3,1,4,3.0000,3.0000,0.0000,0.0000,1.0000,0.0000,1.0000,0,0.047875,0.00000040,0.047875,5.919865,-0.176532
2015-02-11,,2.5300,2.2900,16.9600,78.9593,104.780000,97.740360,0.111342,0.007631,0,1,1,1,0,3,1,3,3.0000,3.0000,0.0000,0.0000,1.0000,0.0000,1.0000,0,0.011246,0.00000040,0.011246,5.986439,-0.167271
2015-02-12,,2.5300,2.2900,15.3400,81.2217,106.000000,97.834560,0.109779,-0.002220,0,1,1,1,1,4,3,3,3.0000,3.0000,0.0000,0.0000,1.0000,0.0000,1.0000,0,0.034952,0.00000040,0.034952,6.195676,-0.138166
2015-02-13,,2.5400,2.2900,14.6900,81.4480,106.910000,97.932160,0.107660,-0.034378,0,1,1,1,1,4,3,4,3.0000,3.0000,0.0000,0.0000,1.0000,0.0000,1.0000,0,0.025233,0.00000079,0.025233,6.352010,-0.116419
2015-02-17,,2.5500,2.2900,15.8000,81.7156,107.010000,98.028960,0.107396,-0.033792,0,1,1,1,1,4,3,4,3.0000,3.0000,0.0000,0.0000,1.0000,0.0000,1.0000,0,0.002714,0.00000040,0.002714,6.369249,-0.114021
2015-02-18,,2.5300,2.2900,15.4500,81.4898,107.160000,98.127310,0.109932,-0.011212,0,1,1,1,1,4,3,4,3.0000,3.0000,0.0000,0.0000,1.0000,0.0000,1.0000,0,0.004293,0.00000079,0.004293,6.396592,-0.110218
2015-02-19,,2.5300,2.2900,15.2900,81.4898,107.690000,98.226010,0.108772,-0.017888,0,1,1,1,1,4,3,4,3.0000,3.0000,0.0000,0.0000,1.0000,0.0000,1.0000,0,0.015054,0.00000079,0.015054,6.492888,-0.096823
2015-02-20,,2.5300,2.2900,14.3000,82.3928,108.410000,98.334010,0.108148,-0.022277,0,1,1,1,1,4,3,4,3.0000,3.0000,0.0000,0.0000,1.0000,0.0000,1.0000,0,0.019225,0.00000079,0.019225,6.617717,-0.079459
2015-02-23,,2.5000,2.2900,14.5600,81.7156,108.520000,98.443810,0.108897,-0.004049,0,1,1,1,1,4,3,4,3.0000,3.0000,0.0000,0.0000,1.0000,0.0000,1.0000,0,0.003952,0.00000079,0.003952,6.643873,-0.075820
2015-02-24,,2.4800,2.2900,13.6900,82.1670,108.600000,98.554410,0.109390,-0.000187,0,1,1,1,1,4,3,4,3.0000,3.0000,0.0000,0.0000,1.0000,0.0000,1.0000,0,0.002058,0.00000079,0.002058,6.657543,-0.073919
2015-02-25,,2.4900,2.2900,13.8400,82.1670,108.330000,98.662060,0.107688,-0.017898,0,1,1,1,1,4,3,4,3.0000,3.0000,0.0000,0.0000,1.0000,0.0000,1.0000,0,-0.008036,0.00000079,-0.008036,6.604045,-0.081361
2015-02-26,,2.4900,2.2900,13.9100,81.9413,108.880000,98.765310,0.107106,-0.035826,0,1,1,1,1,4,3,4,3.0000,3.0000,0.0000,0.0000,1.0000,0.0000,1.0000,0,0.015212,0.00000079,0.015212,6.704504,-0.067386
2015-02-27,,2.4400,2.2900,13.3400,80.1354,108.400000,98.865860,0.107353,-0.042473,0,1,1,1,1,4,3,4,3.0000,3.0000,0.0000,0.0000,1.0000,0.0000,1.0000,0,-0.013211,0.00000119,-0.013211,6.615934,-0.079707
2015-03-02,,2.4600,2.2900,13.0400,80.8126,109.380000,98.973610,0.104628,-0.067651,0,1,1,1,1,4,3,4,3.0000,3.0000,0.0000,0.0000,1.0000,0.0000,1.0000,0,0.026954,0.00000079,0.026954,6.794261,-0.054901
2015-03-03,,2.4800,2.2900,13.8600,81.4898,108.870000,99.082285,0.105698,-0.050981,0,1,1,1,1,4,3,4,3.0000,3.0000,0.0000,0.0000,1.0000,0.0000,1.0000,0,-0.014348,0.00000079,-0.014348,6.696775,-0.068462
2015-03-04,,2.4600,2.2900,14.2300,78.5553,108.450000,99.185985,0.105551,-0.052394,0,1,1,1,1,4,3,4,3.0000,3.0000,0.0000,0.0000,1.0000,0.0000,1.0000,0,-0.011095,0.00000079,-0.011095,6.622474,-0.078797
2015-03-05,,2.4600,2.2900,14.0400,78.7810,108.640000,99.287585,0.106267,-0.036680,0,1,1,1,1,4,3,4,3.0000,3.0000,0.0000,0.0000,1.0000,0.0000,1.0000,0,0.004398,0.00000040,0.004398,6.651599,-0.074746
2015-03-06,,2.4700,2.2900,15.2000,73.3634,107.410000,99.384635,0.104554,-0.065943,0,1,1,1,1,4,3,4,3.0000,3.0000,0.0000,0.0000,1.0000,0.0000,1.0000,0,-0.034406,0.00000079,-0.034406,6.422747,-0.106579
2015-03-09,,2.4500,2.2900,15.0600,73.3634,107.720000,99.479035,0.104315,-0.073712,0,1,1,1,1,4,3,4,3.0000,3.0000,0.0000,0.0000,1.0000,0.0000,1.0000,0,0.009625,0.00000040,0.009625,6.484565,-0.097980
2015-03-10,,2.4600,2.2900,16.6900,69.5260,105.720000,99.561485,0.105840,-0.063436,0,1,1,1,1,4,3,4,3.0000,3.0000,0.0000,0.0000,1.0000,0.0000,1.0000,0,-0.055367,0.00000079,-0.055367,6.125535,-0.147923
2015-03-11,,2.4500,2.2900,16.8700,69.0745,105.110000,99.637635,0.105403,-0.071421,0,1,1,1,1,4,3,4,3.0000,3.0000,0.0000,0.0000,1.0000,0.0000,1.0000,0,-0.017564,0.00000079,-0.017564,6.017945,-0.162889
2015-03-12,,2.4500,2.2900,15.4200,74.9436,105.800000,99.711630,0.106060,-0.074040,0,1,1,1,1,4,3,4,3.0000,3.0000,0.0000,0.0000,1.0000,0.0000,1.0000,0,0.019162,0.00000119,0.019162,6.133261,-0.146848
2015-03-13,,2.4600,2.2900,16.0000,72.4605,105.340000,99.784730,0.105623,-0.076479,0,1,1,1,1,4,3,4,3.0000,3.0000,0.0000,0.0000,1.0000,0.0000,1.0000,0,-0.012890,0.00000119,-0.012890,6.054204,-0.157845
2015-03-16,,2.4700,2.2900,15.6100,75.1693,106.700000,99.861730,0.106026,-0.081398,0,1,1,1,1,4,3,4,3.0000,3.0000,0.0000,0.0000,1.0000,0.0000,1.0000,0,0.038292,0.00000119,0.038292,6.286029,-0.125597
2015-03-17,,2.4800,2.2900,15.6600,74.0406,106.870000,99.939530,0.106174,-0.076591,0,1,1,1,1,4,3,4,3.0000,3.0000,0.0000,0.0000,1.0000,0.0000,1.0000,0,0.005579,0.00000198,0.005579,6.321101,-0.120719
2015-03-18,,2.4900,2.2900,13.9700,78.5553,107.920000,100.023030,0.107740,-0.056992,0,1,1,1,1,4,3,4,3.0000,3.0000,0.0000,0.0000,1.0000,0.0000,1.0000,0,0.028776,0.00000198,0.028776,6.502994,-0.095417
2015-03-19,,2.5500,2.2900,14.0700,76.5237,108.080000,100.107530,0.107232,-0.055616,0,1,1,1,1,4,3,4,3.0000,3.0000,0.0000,0.0000,1.0000,0.0000,1.0000,0,0.004844,0.00000119,0.004844,6.534497,-0.091035
2015-03-20,,2.5000,2.2900,13.0200,79.4582,108.530000,100.192580,0.106887,-0.056742,0,1,1,1,1,4,3,4,3.0000,3.0000,0.0000,0.0000,1.0000,0.0000,1.0000,0,0.020740,0.00000119,0.020740,6.670026,-0.072182
2015-03-23,,2.5100,2.2900,13.4100,78.8288,108.320000,100.272730,0.107167,-0.055204,0,1,1,1,1,4,3,4,3.0000,3.0000,0.0000,0.0000,1.0000,0.0000,1.0000,0,-0.008377,0.00000040,-0.008377,6.614151,-0.079955
2015-03-24,,2.5400,2.2900,13.6200,77.4775,107.930000,100.348280,0.106575,-0.077182,0,1,1,1,1,4,3,4,3.0000,3.0000,0.0000,0.0000,1.0000,0.0000,1.0000,0,-0.010156,0.00000119,-0.010156,6.546980,-0.089298
2015-03-25,,2.5300,2.2900,15.4400,71.3964,105.460000,100.411830,0.106896,-0.081066,0,1,1,1,1,4,3,4,3.0000,3.0000,0.0000,0.0000,1.0000,0.0000,1.0000,0,-0.069820,0.00000079,-0.069820,6.089869,-0.152884
2015-03-26,,2.5300,2.2900,15.8000,70.0450,105.100000,100.472780,0.106250,-0.095261,0,1,1,1,1,4,3,4,3.0000,3.0000,0.0000,0.0000,1.0000,0.0000,1.0000,0,-0.008199,0.00000159,-0.008199,6.039938,-0.159829
2015-03-27,,2.5500,2.2950,15.0700,70.2703,105.520000,100.537630,0.106639,-0.078585,0,1,1,1,1,4,3,4,3.0000,3.0000,0.0000,0.0000,1.0000,0.0000,1.0000,0,0.009645,0.00000119,0.009645,6.098192,-0.151726
2015-03-30,,2.5300,2.3000,14.5100,74.3243,106.730000,100.611030,0.106651,-0.072482,0,1,1,1,1,4,3,4,3.0000,3.0000,0.0000,0.0000,1.0000,0.0000,1.0000,0,0.035968,0.00000159,0.035968,6.317534,-0.121215
2015-03-31,,2.5500,2.3000,15.2900,71.6216,105.600000,100.677430,0.107615,-0.068316,0,1,1,1,1,4,3,4,3.0000,3.0000,0.0000,0.0000,1.0000,0.0000,1.0000,0,-0.030956,0.00000159,-0.030956,6.121968,-0.148419
2015-04-01,,2.5500,2.3000,15.1100,70.7207,105.050000,100.740680,0.108094,-0.070733,0,1,1,1,1,4,3,4,3.0000,3.0000,0.0000,0.0000,1.0000,0.0000,1.0000,0,-0.016895,0.00000119,-0.016895,6.018538,-0.162806
2015-04-02,,2.5500,2.3050,14.6700,72.0721,105.120000,100.804030,0.107903,-0.083009,0,1,1,1,1,4,3,4,3.0000,3.0000,0.0000,0.0000,1.0000,0.0000,1.0000,0,0.001679,0.00000119,0.001679,6.028644,-0.161400
2015-04-06,,2.5500,2.3100,14.7400,74.3243,105.980000,100.869080,0.108671,-0.073325,0,1,1,1,1,4,3,4,3.0000,3.0000,0.0000,0.0000,1.0000,0.0000,1.0000,0,0.024058,0.00000079,0.024058,6.173683,-0.141225
2015-04-07,,2.5800,2.3100,14.7800,72.7477,105.800000,100.933530,0.107705,-0.070251,0,1,1,1,1,4,3,4,3.0000,3.0000,0.0000,0.0000,1.0000,0.0000,1.0000,0,-0.004622,0.00000119,-0.004622,6.145151,-0.145194
2015-04-08,,2.5600,2.3150,13.9800,72.7477,106.640000,101.002880,0.107032,-0.078600,0,1,1,1,1,4,3,4,3.0000,3.0000,0.0000,0.0000,1.0000,0.0000,1.0000,0,0.023796,0.00000079,0.023796,6.291379,-0.124853
2015-04-09,,2.5100,2.3200,13.0900,73.1982,107.310000,101.075480,0.106103,-0.093037,0,1,1,1,1,4,3,4,3.0000,3.0000,0.0000,0.0000,1.0000,0.0000,1.0000,0,0.018613,0.00000119,0.018613,6.408481,-0.108564
2015-04-10,,2.5300,2.3250,12.5800,74.5495,107.750000,101.150730,0.106313,-0.097196,0,1,1,1,1,4,3,4,3.0000,3.0000,0.0000,0.0000,1.0000,0.0000,1.0000,0,0.011965,0.00000119,0.011965,6.485162,-0.097897
2015-04-13,,2.5300,2.3350,13.9400,72.5225,107.480000,101.221680,0.105744,-0.116063,0,1,1,1,1,4,3,4,3.0000,3.0000,0.0000,0.0000,1.0000,0.0000,1.0000,0,-0.007424,0.00000079,-0.007424,6.437013,-0.104595
2015-04-14,,2.5400,2.3500,13.6700,74.7748,107.170000,101.290830,0.106067,-0.130425,0,1,1,1,1,4,3,4,3.0000,3.0000,0.0000,0.0000,1.0000,0.0000,1.0000,0,-0.008588,0.00000119,-0.008588,6.381732,-0.112285
2015-04-15,,2.5400,2.3600,12.8400,76.8018,107.840000,101.361280,0.105855,-0.127355,0,1,1,1,1,4,3,4,3.0000,3.0000,0.0000,0.0000,1.0000,0.0000,1.0000,0,0.017697,0.00000079,0.017697,6.494672,-0.096575
2015-04-16,,2.5400,2.3600,12.6000,76.1261,107.690000,101.430180,0.105196,-0.133068,0,1,1,1,1,4,3,4,3.0000,3.0000,0.0000,0.0000,1.0000,0.0000,1.0000,0,-0.003478,0.00000079,-0.003478,6.472083,-0.099717
2015-04-17,,2.5500,2.3750,13.8900,73.1982,106.010000,101.485530,0.106035,-0.127821,0,1,1,1,1,4,3,4,3.0000,3.0000,0.0000,0.0000,1.0000,0.0000,1.0000,0,-0.046748,0.00000079,-0.046748,6.169523,-0.141804
2015-04-20,,2.5300,2.3900,13.3000,77.0270,107.600000,101.548030,0.106648,-0.104726,0,1,1,1,1,4,3,4,3.0000,3.0000,0.0000,0.0000,1.0000,0.0000,1.0000,0,0.044705,0.00000040,0.044705,6.445333,-0.103438
2015-04-21,,2.5500,2.3900,13.2500,75.0000,108.060000,101.609830,0.105821,-0.119862,0,1,1,1,1,4,3,4,3.0000,3.0000,0.0000,0.0000,1.0000,0.0000,1.0000,0,0.012820,0.00000119,0.012820,6.527960,-0.091944
2015-04-22,,2.5400,2.3900,12.7100,76.1261,108.650000,101.676030,0.105517,-0.120102,0,1,1,1,1,4,3,4,3.0000,3.0000,0.0000,0.0000,1.0000,0.0000,1.0000,0,0.016208,0.00000119,0.016208,6.633767,-0.077226
2015-04-23,,2.5300,2.3900,12.4800,76.8018,109.060000,101.750030,0.105844,-0.132625,0,1,1,1,1,4,3,4,3.0000,3.0000,0.0000,0.0000,1.0000,0.0000,1.0000,0,0.012007,0.00000119,0.012007,6.713420,-0.066146
2015-04-24,,2.5400,2.3900,12.2900,76.8018,110.540000,101.827930,0.106662,-0.131545,0,1,1,1,1,4,3,4,3.0000,3.0000,0.0000,0.0000,1.0000,0.0000,1.0000,0,0.039136,0.00000119,0.039136,6.976155,-0.029599
2015-04-27,,2.5600,2.3950,13.1200,75.9009,110.260000,101.905930,0.105826,-0.140613,0,1,1,1,1,4,3,4,3.0000,3.0000,0.0000,0.0000,1.0000,0.0000,1.0000,0,-0.006391,0.00000119,-0.006391,6.931573,-0.035801
2015-04-28,,2.5400,2.4050,12.4100,78.1532,110.040000,101.979780,0.106248,-0.130273,0,1,1,1,1,4,3,4,3.0000,3.0000,0.0000,0.0000,1.0000,0.0000,1.0000,0,-0.006517,0.00000079,-0.006517,6.886398,-0.042085
2015-04-29,,2.5500,2.4100,13.3900,76.3514,109.350000,102.047330,0.106235,-0.120935,0,1,1,1,1,4,3,4,3.0000,3.0000,0.0000,0.0000,1.0000,0.0000,1.0000,0,-0.019077,0.00000079,-0.019077,6.755029,-0.060358
2015-04-30,,2.5800,2.4150,14.5500,68.6937,107.630000,102.107930,0.106064,-0.109851,0,1,1,1,1,4,3,4,3.0000,3.0000,0.0000,0.0000,1.0000,0.0000,1.0000,0,-0.046990,0.00000040,-0.046990,6.437607,-0.104512
2015-05-01,,2.6000,2.4200,12.7000,72.5225,109.050000,102.173730,0.105519,-0.108489,0,1,1,1,1,4,3,4,3.0000,3.0000,0.0000,0.0000,1.0000,0.0000,1.0000,0,0.040443,0.00000040,0.040443,6.697964,-0.068296
2015-05-04,,2.6100,2.4250,12.8500,75.0000,109.230000,102.246785,0.106000,-0.102658,0,1,1,1,1,4,3,4,3.0000,3.0000,0.0000,0.0000,1.0000,0.0000,1.0000,0,0.003550,0.00000040,0.003550,6.721740,-0.064989
2015-05-05,,2.6100,2.4300,14.3100,68.6937,107.450000,102.303435,0.104835,-0.075576,0,1,1,1,1,4,3,4,3.0000,3.0000,0.0000,0.0000,1.0000,0.0000,1.0000,0,-0.047400,0.00000079,-0.047400,6.403131,-0.109308
2015-05-06,,2.6200,2.4300,15.1500,67.1171,106.710000,102.356985,0.104691,-0.072786,0,1,1,1,1,4,3,4,3.0000,3.0000,0.0000,0.0000,1.0000,0.0000,1.0000,0,-0.021352,0.00000040,-0.021352,6.266413,-0.128326
2015-05-07,,2.6400,2.4300,15.1300,69.8198,107.350000,102.410685,0.104658,-0.081723,0,1,1,1,1,4,3,4,3.0000,3.0000,0.0000,0.0000,1.0000,0.0000,1.0000,0,0.017169,0.00000079,0.017169,6.374003,-0.113360
2015-05-08,,2.6400,2.4300,12.8600,72.2973,108.690000,102.468000,0.104031,-0.067153,0,1,1,1,1,4,3,4,3.0000,3.0000,0.0000,0.0000,1.0000,0.0000,1.0000,0,0.036650,0.00000040,0.036650,6.607611,-0.080864
2015-05-11,,2.6500,2.4350,13.8500,72.2973,108.270000,102.523750,0.103820,-0.054719,0,1,1,1,1,4,3,4,3.0000,3.0000,0.0000,0.0000,1.0000,0.0000,1.0000,0,-0.010975,0.00000040,-0.010975,6.535093,-0.090952
2015-05-12,,2.6600,2.4400,13.8600,71.1712,107.780000,102.578950,0.104010,-0.033940,0,1,1,1,1,4,3,4,3.0000,3.0000,0.0000,0.0000,1.0000,0.0000,1.0000,0,-0.012916,0.00000079,-0.012916,6.450683,-0.102694
2015-05-13,,2.6500,2.4400,13.7600,71.6216,108.000000,102.635100,0.102966,-0.041229,0,1,1,1,1,4,3,4,3.0000,3.0000,0.0000,0.0000,1.0000,0.0000,1.0000,0,0.005160,0.00000119,0.005160,6.483972,-0.098063
2015-05-14,,2.7100,2.4400,12.7400,74.7748,109.580000,102.700000,0.103082,-0.062929,0,1,1,1,1,4,3,4,3.0000,3.0000,0.0000,0.0000,1.0000,0.0000,1.0000,0,0.044279,0.00000079,0.044279,6.771079,-0.058126
2015-05-15,,2.7400,2.4450,12.3800,75.0562,109.580000,102.763000,0.104312,-0.041488,0,1,1,1,1,4,3,4,3.0000,3.0000,0.0000,0.0000,1.0000,0.0000,1.0000,0,-0.000088,0.00000040,-0.000088,6.770485,-0.058208
2015-05-18,,2.7200,2.4500,12.7300,76.4045,110.060000,102.838200,0.104388,-0.035074,0,1,1,1,1,4,3,4,3.0000,3.0000,0.0000,0.0000,1.0000,0.0000,1.0000,0,0.012291,0.00000079,0.012291,6.853702,-0.046633
2015-05-19,,2.7300,2.4500,12.8500,76.1798,109.940000,102.914550,0.104657,-0.039274,0,1,1,1,1,4,3,4,3.0000,3.0000,0.0000,0.0000,1.0000,0.0000,1.0000,0,-0.002862,0.00000079,-0.002862,6.834086,-0.049361
2015-05-20,,2.7100,2.4500,12.8800,75.2809,110.010000,102.988000,0.104895,-0.041305,0,1,1,1,1,4,3,4,3.0000,3.0000,0.0000,0.0000,1.0000,0.0000,1.0000,0,0.001653,0.00000079,0.001653,6.845382,-0.047790
2015-05-21,,2.7300,2.4550,12.1100,75.9551,110.580000,103.067950,0.104543,-0.029459,0,1,1,1,1,4,3,4,3.0000,3.0000,0.0000,0.0000,1.0000,0.0000,1.0000,0,0.015717,0.00000079,0.015717,6.952972,-0.032824
2015-05-22,,2.7500,2.4600,12.1300,74.3820,110.470000,103.147700,0.104629,-0.023297,0,1,1,1,1,4,3,4,3.0000,3.0000,0.0000,0.0000,1.0000,0.0000,1.0000,0,-0.002736,0.00000079,-0.002736,6.933950,-0.035470
2015-05-26,,2.7400,2.4600,14.0600,70.3371,109.200000,103.222600,0.105102,-0.020973,0,1,1,1,1,4,3,4,3.0000,3.0000,0.0000,0.0000,1.0000,0.0000,1.0000,0,-0.034633,0.00000079,-0.034633,6.693804,-0.068875
2015-05-27,,2.7300,2.4600,13.2700,72.5843,110.960000,103.302900,0.104537,-0.000870,0,1,1,1,1,4,3,4,3.0000,3.0000,0.0000,0.0000,1.0000,0.0000,1.0000,0,0.048130,0.00000079,0.048130,7.015980,-0.024059
2015-05-28,,2.7100,2.4600,13.3100,72.3596,110.710000,103.379150,0.104890,-0.007691,0,1,1,1,1,4,3,4,3.0000,3.0000,0.0000,0.0000,1.0000,0.0000,1.0000,0,-0.007371,0.00000040,-0.007371,6.964265,-0.031253
2015-05-29,,2.7500,2.4600,13.8400,67.1910,110.050000,103.452300,0.105380,-0.001624,0,1,1,1,1,4,3,4,3.0000,3.0000,0.0000,0.0000,1.0000,0.0000,1.0000,0,-0.016900,0.00000040,-0.016900,6.846569,-0.047625
2015-06-01,,2.7200,2.4650,13.9700,68.9888,110.420000,103.522250,0.105308,-0.009075,0,1,1,1,1,4,3,4,3.0000,3.0000,0.0000,0.0000,1.0000,0.0000,1.0000,0,0.008769,0.00000040,0.008769,6.906607,-0.039273
2015-06-02,,2.7500,2.4700,14.2400,67.1910,110.070000,103.587950,0.104017,-0.005235,0,1,1,1,1,4,3,4,3.0000,3.0000,0.0000,0.0000,1.0000,0.0000,1.0000,0,-0.009123,0.00000079,-0.009123,6.843599,-0.048038
2015-06-03,,2.7500,2.4700,13.6600,67.8652,110.400000,103.652950,0.102208,-0.020536,0,1,1,1,1,4,3,4,3.0000,3.0000,0.0000,0.0000,1.0000,0.0000,1.0000,0,0.008772,0.00000040,0.008772,6.903634,-0.039687
2015-06-04,,2.7200,2.4700,14.7100,64.9438,109.560000,103.710000,0.102937,-0.028117,0,1,1,1,1,4,3,4,3.0000,3.0000,0.0000,0.0000,1.0000,0.0000,1.0000,0,-0.021784,0.00000079,-0.021784,6.753246,-0.060606
2015-06-05,,2.7200,2.4700,14.2100,63.8202,109.300000,103.763000,0.101826,-0.034817,0,1,1,1,1,4,3,4,3.0000,3.0000,0.0000,0.0000,1.0000,0.0000,1.0000,0,-0.007570,0.00000079,-0.007570,6.702124,-0.067717
2015-06-08,,2.6900,2.4750,15.2900,62.0225,108.190000,103.810450,0.101856,-0.039898,0,1,1,1,1,4,3,4,3.0000,3.0000,0.0000,0.0000,1.0000,0.0000,1.0000,0,-0.030599,0.00000119,-0.030599,6.497048,-0.096244
2015-06-09,,2.7000,2.4800,14.4700,60.8989,108.010000,103.856000,0.101631,-0.038272,0,1,1,1,1,4,3,4,3.0000,3.0000,0.0000,0.0000,1.0000,0.0000,1.0000,0,-0.004941,0.00000079,-0.004941,6.464949,-0.100709
2015-06-10,,2.7300,2.4800,13.2200,65.6180,109.490000,103.908200,0.100924,-0.048668,0,1,1,1,1,4,3,4,3.0000,3.0000,0.0000,0.0000,1.0000,0.0000,1.0000,0,0.039629,0.00000079,0.039629,6.721147,-0.065071
2015-06-11,,2.7000,2.4800,12.8500,65.8427,109.650000,103.959450,0.101403,-0.045727,0,1,1,1,1,4,3,4,3.0000,3.0000,0.0000,0.0000,1.0000,0.0000,1.0000,0,0.005483,0.00000079,0.005483,6.758002,-0.059945
2015-06-12,,2.7100,2.4800,13.7800,64.0449,108.750000,104.005700,0.101281,-0.059824,0,1,1,1,1,4,3,4,3.0000,3.0000,0.0000,0.0000,1.0000,0.0000,1.0000,0,-0.025420,0.00000040,-0.025420,6.586212,-0.083841
2015-06-15,,2.7000,2.4800,15.3900,61.1236,108.210000,104.049150,0.101549,-0.052890,0,1,1,1,1,4,3,4,3.0000,3.0000,0.0000,0.0000,1.0000,0.0000,1.0000,0,-0.013809,0.00000079,-0.013809,6.495265,-0.096492
2015-06-16,,2.7300,2.4850,14.8100,62.9213,108.800000,104.096100,0.101474,-0.050596,0,1,1,1,1,4,3,4,3.0000,3.0000,0.0000,0.0000,1.0000,0.0000,1.0000,0,0.015283,0.00000079,0.015283,6.594535,-0.082683
2015-06-17,,2.7400,2.4900,14.5000,63.5955,109.100000,104.142700,0.102165,-0.046800,0,1,1,1,1,4,3,4,3.0000,3.0000,0.0000,0.0000,1.0000,0.0000,1.0000,0,0.008383,0.00000040,0.008383,6.649816,-0.074994
2015-06-18,,2.7600,2.4900,13.1900,67.4157,110.690000,104.195800,0.102453,-0.039409,0,1,1,1,1,4,3,4,3.0000,3.0000,0.0000,0.0000,1.0000,0.0000,1.0000,0,0.042281,0.00000040,0.042281,6.930979,-0.035883
2015-06-19,,2.8200,2.4900,13.9600,66.0674,109.890000,104.247850,0.101489,-0.051822,0,1,1,1,1,4,3,4,3.0000,3.0000,0.0000,0.0000,1.0000,0.0000,1.0000,0,-0.015266,0.00000040,-0.015266,6.825170,-0.050601
2015-06-22,,2.8200,2.4900,12.7400,66.9663,110.700000,104.304400,0.100831,-0.052654,0,1,1,1,1,4,3,4,3.0000,3.0000,0.0000,0.0000,1.0000,0.0000,1.0000,0,0.024125,0.00000040,0.024125,6.989827,-0.027697
2015-06-23,,2.8100,2.4900,12.1100,67.1910,110.790000,104.358900,0.099392,-0.070047,0,1,1,1,1,4,3,4,3.0000,3.0000,0.0000,0.0000,1.0000,0.0000,1.0000,0,0.002466,0.00000040,0.002466,7.007064,-0.025300
2015-06-24,,2.8200,2.4900,13.2600,64.2697,110.220000,104.409600,0.099335,-0.069337,0,1,1,1,1,4,3,4,3.0000,3.0000,0.0000,0.0000,1.0000,0.0000,1.0000,0,-0.015354,0.00000040,-0.015354,6.899474,-0.040266
2015-06-25,,2.8100,2.4950,14.0100,62.0225,110.000000,104.463350,0.098971,-0.081662,0,1,1,1,1,4,3,4,3.0000,3.0000,0.0000,0.0000,1.0000,0.0000,1.0000,0,-0.006548,0.00000040,-0.006548,6.854299,-0.046550
2015-06-26,,2.8000,2.5000,14.0200,62.2472,109.270000,104.509350,0.099585,-0.080295,0,1,1,1,1,4,3,4,3.0000,3.0000,0.0000,0.0000,1.0000,0.0000,1.0000,0,-0.018559,0.00000040,-0.018559,6.727090,-0.064245
2015-06-29,,2.8100,2.5000,18.8500,54.6067,106.690000,104.542850,0.101183,-0.061974,0,1,1,1,1,4,3,4,3.0000,3.0000,0.0000,0.0000,1.0000,0.0000,1.0000,0,-0.070690,0.00000040,-0.070690,6.251553,-0.130393
2015-06-30,,2.8400,2.5000,18.2300,54.6067,107.070000,104.580800,0.100704,-0.072607,0,1,1,1,1,4,3,4,3.0000,3.0000,0.0000,0.0000,1.0000,0.0000,1.0000,0,0.011410,0.00000079,0.011410,6.322884,-0.120471
2015-07-01,,2.8300,2.5000,16.0900,57.7528,107.920000,104.627800,0.100506,-0.066907,0,1,1,1,1,4,3,4,3.0000,3.0000,0.0000,0.0000,1.0000,0.0000,1.0000,0,0.020494,0.00000040,0.020494,6.452467,-0.102445
2015-07-02,,2.8300,2.5050,16.7900,57.0787,107.950000,104.670650,0.101852,-0.048240,0,1,1,1,1,4,3,4,3.0000,3.0000,0.0000,0.0000,1.0000,0.0000,1.0000,0,0.003777,0.00000040,0.003777,6.476839,-0.099055
2015-07-06,,2.8600,2.5100,17.0100,56.4045,107.700000,104.711500,0.102554,-0.033101,0,1,1,1,1,4,3,4,3.0000,3.0000,0.0000,0.0000,1.0000,0.0000,1.0000,0,-0.008444,0.00000040,-0.008444,6.422151,-0.106662
2015-07-07,,2.8400,2.5100,16.0900,59.7753,107.970000,104.749950,0.104437,-0.017476,0,1,1,1,1,4,3,4,3.0000,3.0000,0.0000,0.0000,1.0000,0.0000,1.0000,0,0.005091,0.00000079,0.005091,6.454846,-0.102114
2015-07-08,,2.8400,2.5100,19.6600,51.2360,106.090000,104.780500,0.105657,-0.000805,0,1,1,1,1,4,3,4,3.0000,3.0000,0.0000,0.0000,1.0000,0.0000,1.0000,0,-0.050097,0.00000079,-0.050097,6.131478,-0.147096
2015-07-09,,2.8700,2.5100,19.9700,53.2584,106.030000,104.815400,0.104295,-0.016343,0,1,1,1,1,4,3,4,3.0000,3.0000,0.0000,0.0000,1.0000,0.0000,1.0000,0,-0.002908,0.00000079,-0.002908,6.113645,-0.149576
2015-07-10,,2.8800,2.5100,16.8300,57.1749,107.650000,104.859750,0.103552,-0.021447,0,1,1,1,1,4,3,4,3.0000,3.0000,0.0000,0.0000,1.0000,0.0000,1.0000,0,0.046476,0.00000119,0.046476,6.397781,-0.110052
2015-07-13,,2.9000,2.5150,13.9000,60.9865,109.540000,104.908250,0.102469,-0.025842,0,1,1,1,1,4,3,4,3.0000,3.0000,0.0000,0.0000,1.0000,0.0000,1.0000,0,0.051101,0.00000040,0.051101,6.724713,-0.064575
2015-07-14,,2.8800,2.5200,13.3700,61.8834,110.260000,104.970850,0.101884,-0.039659,0,1,1,1,1,4,3,4,3.0000,3.0000,0.0000,0.0000,1.0000,0.0000,1.0000,0,0.020066,0.00000079,0.020066,6.859649,-0.045805
2015-07-15,,2.9100,2.5200,13.2300,60.7623,110.380000,105.028850,0.102417,-0.039815,0,1,1,1,1,4,3,4,3.0000,3.0000,0.0000,0.0000,1.0000,0.0000,1.0000,0,0.004766,0.00000040,0.004766,6.892341,-0.041258
2015-07-16,,2.9100,2.5200,12.1100,62.3318,111.940000,105.095300,0.103109,-0.025957,0,1,1,1,1,4,3,4,3.0000,3.0000,0.0000,0.0000,1.0000,0.0000,1.0000,0,0.039069,0.00000079,0.039069,7.161615,-0.003801
2015-07-17,,2.8800,2.5200,11.9500,60.5381,113.590000,105.169300,0.102010,-0.033530,0,1,1,1,1,4,3,4,3.0000,3.0000,0.0000,0.0000,1.0000,0.0000,1.0000,0,0.045734,0.00000079,0.045734,7.489143,0.000000
2015-07-20,,2.8700,2.5200,12.2500,60.0897,113.980000,105.253150,0.101439,-0.041895,0,1,1,1,1,4,3,4,3.0000,3.0000,0.0000,0.0000,1.0000,0.0000,1.0000,0,0.011191,0.00000119,0.011191,7.572957,0.000000
2015-07-21,,2.8600,2.5250,12.2200,57.8475,113.910000,105.336650,0.100921,-0.053851,0,1,1,1,1,4,3,4,3.0000,3.0000,0.0000,0.0000,1.0000,0.0000,1.0000,0,-0.002747,0.00000159,-0.002747,7.552151,-0.002747
2015-07-22,,2.8700,2.5300,12.1200,57.8475,112.620000,105.408900,0.101552,-0.040506,0,1,1,1,1,4,3,4,3.0000,3.0000,0.0000,0.0000,1.0000,0.0000,1.0000,0,-0.032822,0.00000119,-0.032822,7.304276,-0.035479
2015-07-23,,2.8500,2.5300,12.6400,57.3991,112.200000,105.480100,0.100604,-0.052799,0,1,1,1,1,4,3,4,3.0000,3.0000,0.0000,0.0000,1.0000,0.0000,1.0000,0,-0.011963,0.00000159,-0.011963,7.216896,-0.047017
2015-07-24,,2.8500,2.5300,13.7400,54.7085,111.100000,105.552750,0.101755,-0.041662,0,1,1,1,1,4,3,4,3.0000,3.0000,0.0000,0.0000,1.0000,0.0000,1.0000,0,-0.028416,0.00000119,-0.028416,7.011820,-0.074097
2015-07-27,,2.8700,2.5300,15.6000,53.3632,110.180000,105.611400,0.103656,-0.022518,0,1,1,1,1,4,3,4,3.0000,3.0000,0.0000,0.0000,1.0000,0.0000,1.0000,0,-0.025687,0.00000159,-0.025687,6.831710,-0.097881
2015-07-28,,2.9000,2.5300,13.4400,56.2780,111.130000,105.682750,0.102876,-0.024885,0,1,1,1,1,4,3,4,3.0000,3.0000,0.0000,0.0000,1.0000,0.0000,1.0000,0,0.026364,0.00000198,0.026364,7.011820,-0.074097
2015-07-29,,2.9100,2.5300,12.5000,60.0897,111.550000,105.768300,0.102553,-0.032442,0,1,1,1,1,4,3,4,3.0000,3.0000,0.0000,0.0000,1.0000,0.0000,1.0000,0,0.011190,0.00000198,0.011190,7.090284,-0.063736
2015-07-30,,2.9000,2.5300,12.1300,58.7444,112.080000,105.863900,0.103287,-0.014899,0,1,1,1,1,4,3,4,3.0000,3.0000,0.0000,0.0000,1.0000,0.0000,1.0000,0,0.013917,0.00000238,0.013917,7.188957,-0.050707
2015-07-31,,2.8800,2.5300,12.1200,61.4350,111.950000,105.958800,0.104489,-0.001953,0,1,1,1,1,4,3,4,3.0000,3.0000,0.0000,0.0000,1.0000,0.0000,1.0000,0,-0.003059,0.00000278,-0.003059,7.166965,-0.053611
2015-08-03,,2.9400,2.5300,12.5600,61.4350,111.600000,106.054950,0.105391,0.007032,0,1,1,1,0,3,1,4,3.0000,3.0000,0.0000,0.0000,1.0000,0.0000,1.0000,0,-0.009206,0.00000317,-0.009206,7.100984,-0.062324
2015-08-04,,2.9200,2.5300,13.0000,60.5381,111.390000,106.152950,0.103902,-0.001225,0,1,1,1,1,4,3,3,3.0000,3.0000,0.0000,0.0000,1.0000,0.0000,1.0000,0,-0.006446,0.00000317,-0.006446,7.055212,-0.068368
2015-08-05,,2.8800,2.5300,12.5100,61.5213,112.250000,106.249200,0.103823,0.000025,0,1,1,1,0,3,1,4,3.0000,3.0000,0.0000,0.0000,1.0000,0.0000,1.0000,0,0.023422,0.00000317,0.023422,7.220463,-0.046546
2015-08-06,,2.9000,2.5300,13.7700,59.2841,110.450000,106.329500,0.105232,0.011655,0,1,1,1,0,3,1,3,3.0000,3.0000,0.0000,0.0000,1.0000,0.0000,1.0000,0,-0.047995,0.00000317,-0.047995,6.873915,-0.092308
2015-08-07,,2.9200,2.5300,13.3900,60.6264,110.310000,106.396700,0.106732,0.036215,0,1,1,1,0,3,1,3,3.0000,3.0000,0.0000,0.0000,1.0000,0.0000,1.0000,0,-0.003978,0.00000159,-0.003978,6.846569,-0.095919
2015-08-10,,2.9100,2.5300,12.2300,62.6398,111.570000,106.472700,0.104977,0.018242,0,1,1,1,0,3,1,3,3.0000,3.0000,0.0000,0.0000,1.0000,0.0000,1.0000,0,0.033773,0.00000238,0.033773,7.077801,-0.065385
2015-08-11,,2.9300,2.5300,13.7100,61.0738,110.140000,106.534300,0.106460,0.020228,0,1,1,1,0,3,1,3,3.0000,3.0000,0.0000,0.0000,1.0000,0.0000,1.0000,0,-0.038129,0.00000476,-0.038129,6.807934,-0.101020
2015-08-12,,2.9400,2.5300,13.6100,60.8501,110.520000,106.593800,0.108223,0.036023,0,1,1,1,0,3,1,3,3.0000,3.0000,0.0000,0.0000,1.0000,0.0000,1.0000,0,0.008818,0.00000397,0.008818,6.867969,-0.093093
2015-08-13,,2.9700,2.5300,13.4900,60.8501,110.340000,106.652050,0.108382,0.034867,0,1,1,1,0,3,1,3,3.0000,3.0000,0.0000,0.0000,1.0000,0.0000,1.0000,0,-0.004500,0.00000397,-0.004500,6.837060,-0.097174
2015-08-14,,2.9800,2.5300,12.8300,63.0872,110.510000,106.703700,0.108800,0.036629,0,1,1,1,0,3,1,3,3.0000,3.0000,0.0000,0.0000,1.0000,0.0000,1.0000,0,0.005391,0.00000397,0.005391,6.873915,-0.092308
2015-08-17,,2.9700,2.5350,13.0200,64.8770,111.430000,106.761800,0.108718,0.039392,0,1,1,1,0,3,1,3,3.0000,3.0000,0.0000,0.0000,1.0000,0.0000,1.0000,0,0.024559,0.00000357,0.024559,7.042729,-0.070016
2015-08-18,,2.9700,2.5400,13.7900,63.3110,110.860000,106.816000,0.108772,0.039037,0,1,1,1,0,3,1,3,3.0000,3.0000,0.0000,0.0000,1.0000,0.0000,1.0000,0,-0.015952,0.00000397,-0.015952,6.930383,-0.084851
2015-08-19,,3.0100,2.5400,15.2500,60.6264,110.130000,106.859650,0.110095,0.046970,0,1,1,1,0,3,1,3,3.0000,3.0000,0.0000,0.0000,1.0000,0.0000,1.0000,0,-0.018784,0.00000278,-0.018784,6.800204,-0.102041
2015-08-20,,3.0600,2.5400,19.1400,51.9016,107.080000,106.886550,0.111781,0.066454,0,1,1,1,0,3,1,3,3.0000,3.0000,0.0000,0.0000,1.0000,0.0000,1.0000,0,-0.082343,0.00000198,-0.082343,6.240257,-0.175981
2015-08-21,,3.0400,2.5400,28.0300,39.8210,102.400000,106.891750,0.113976,0.080571,0,0,0,0,0,0,-5,3,3.0000,3.0000,0.0000,0.0000,1.0000,0.0000,1.0000,0,-0.124405,0.00000079,-0.124405,5.463941,-0.278493
2015-08-24,,3.1000,2.5400,40.7400,21.0291,98.460000,106.877200,0.114403,0.076861,0,0,0,0,0,0,-5,0,0.0000,0.0000,0.0000,0.0000,0.0000,1.0000,0.0000,1,-0.118473,0.00000119,-0.183692,4.460257,-0.411028
2015-08-25,,3.1400,2.5400,36.0200,19.0157,98.090000,106.859200,0.112218,0.058078,0,0,0,0,0,0,-5,0,0.0000,0.0000,0.0000,0.0000,0.0000,1.0000,0.0000,0,-0.013205,0.00000238,0.000002,4.460268,-0.411027
2015-08-26,,3.1700,2.5400,30.3200,28.1879,103.030000,106.866350,0.109997,0.052894,0,0,0,0,0,0,-5,0,0.0000,0.0000,0.0000,0.0000,0.0000,1.0000,0.0000,0,0.144322,0.00000278,0.000003,4.460280,-0.411025
2015-08-27,,3.2000,2.5400,26.1000,35.3468,105.640000,106.884750,0.108596,0.058769,0,0,0,0,0,0,-5,0,0.0000,0.0000,0.0000,0.0000,0.0000,1.0000,0.0000,0,0.078142,0.00000238,0.000002,4.460291,-0.411024
2015-08-28,,3.1500,2.5400,26.0500,35.5705,105.620000,106.901450,0.108265,0.049088,0,0,0,0,0,0,-5,0,0.0000,0.0000,0.0000,0.0000,0.0000,1.0000,0.0000,0,-0.000811,0.00000238,0.000002,4.460302,-0.411022
2015-08-31,,3.1300,2.5400,28.4300,32.4385,104.310000,106.910700,0.107401,0.051596,0,0,0,0,0,0,-5,0,0.0000,0.0000,0.0000,0.0000,0.0000,1.0000,0.0000,0,-0.037131,0.00000238,0.000002,4.460312,-0.411021
2015-09-01,,3.1500,2.5450,31.4000,23.0425,101.050000,106.901450,0.107707,0.052838,0,0,0,0,0,0,-5,0,0.0000,0.0000,0.0000,0.0000,0.0000,1.0000,0.0000,0,-0.090718,0.00000317,0.000003,4.460326,-0.411019
2015-09-02,,3.1800,2.5500,26.0900,28.6353,103.900000,106.904850,0.105778,0.038247,0,0,0,0,0,0,-5,0,0.0000,0.0000,0.0000,0.0000,0.0000,1.0000,0.0000,0,0.081344,0.00000119,0.000001,4.460332,-0.411018
2015-09-03,,3.1700,2.5500,25.6100,29.9776,103.390000,106.907250,0.106188,0.048344,0,0,0,0,0,0,-5,0,0.0000,0.0000,0.0000,0.0000,0.0000,1.0000,0.0000,0,-0.016503,0.00000119,0.000001,4.460337,-0.411018
2015-09-04,,3.1700,2.5500,27.8000,25.5034,102.160000,106.899650,0.106340,0.044302,0,0,0,0,0,0,-5,0,0.0000,0.0000,0.0000,0.0000,0.0000,1.0000,0.0000,0,-0.033449,0.00000079,0.000001,4.460341,-0.411017
2015-09-08,,3.1500,2.5500,24.9000,32.6622,105.040000,106.908800,0.105936,0.043212,0,0,0,0,0,0,-5,0,0.0000,0.0000,0.0000,0.0000,0.0000,1.0000,0.0000,0,0.084883,0.00000079,0.000001,4.460344,-0.411017
2015-09-09,,3.1600,2.5500,26.2300,29.0828,103.860000,106.909750,0.106037,0.041167,0,0,0,0,0,0,-5,0,0.0000,0.0000,0.0000,0.0000,0.0000,1.0000,0.0000,0,-0.034809,0.00000238,0.000002,4.460355,-0.411015
2015-09-10,,3.1000,2.5500,24.3700,30.2013,104.990000,106.915350,0.105285,0.034977,0,0,0,0,0,0,-5,0,0.0000,0.0000,0.0000,0.0000,0.0000,1.0000,0.0000,0,0.031973,0.00000119,0.000001,4.460360,-0.411015
2015-09-11,,3.1200,2.5500,23.2000,31.7673,105.570000,106.919800,0.105596,0.031373,0,0,0,0,0,0,-5,0,0.0000,0.0000,0.0000,0.0000,0.0000,1.0000,0.0000,0,0.016170,0.00000079,0.000001,4.460364,-0.411014
2015-09-14,,3.1100,2.5500,24.2500,30.2013,105.250000,106.921850,0.106245,0.034089,0,0,0,0,0,0,-5,0,0.0000,0.0000,0.0000,0.0000,0.0000,1.0000,0.0000,0,-0.008931,0.00000159,0.000002,4.460371,-0.411013
2015-09-15,,3.1300,2.5500,22.5400,34.2282,106.490000,106.926700,0.105487,0.037083,0,0,0,0,0,0,-5,0,0.0000,0.0000,0.0000,0.0000,0.0000,1.0000,0.0000,0,0.034908,0.00000278,0.000003,4.460383,-0.411012
2015-09-16,,3.1600,2.5500,21.3500,35.7942,107.090000,106.932100,0.105630,0.044967,0,0,0,1,0,1,-3,0,0.0000,0.0000,0.0000,0.0000,0.0000,1.0000,0.0000,0,0.016715,0.00000278,0.000003,4.460395,-0.411010
2015-09-17,,3.1500,2.5500,21.1400,36.0179,107.130000,106.943700,0.107320,0.075137,0,0,0,1,0,1,-3,1,0.0000,0.0000,0.0000,0.0000,0.0000,1.0000,0.0000,0,0.002756,0.00000238,0.000002,4.460406,-0.411009
2015-09-18,,3.1800,2.5500,22.2800,32.3661,105.350000,106.944300,0.108033,0.081300,0,0,0,0,0,0,-5,1,0.0000,0.0000,0.0000,0.0000,0.0000,1.0000,0.0000,0,-0.042313,0.00000040,0.000000,4.460408,-0.411008
2015-09-21,,3.1500,2.5500,20.1400,32.1429,105.680000,106.945600,0.107910,0.084555,0,0,0,0,0,0,-5,0,0.0000,0.0000,0.0000,0.0000,0.0000,1.0000,0.0000,0,0.008508,0.00000000,0.000000,4.460408,-0.411008
2015-09-22,,3.1900,2.5550,22.4400,28.5714,104.100000,106.939250,0.107962,0.077741,0,0,0,0,0,0,-5,0,0.0000,0.0000,0.0000,0.0000,0.0000,1.0000,0.0000,0,-0.044114,0.00000040,0.000000,4.460410,-0.411008
2015-09-23,,3.1500,2.5600,22.1300,29.6875,104.180000,106.933250,0.108419,0.067404,0,0,0,0,0,0,-5,0,0.0000,0.0000,0.0000,0.0000,0.0000,1.0000,0.0000,0,0.001595,0.00000000,0.000000,4.460410,-0.411008
2015-09-24,,3.1500,2.5600,23.4700,29.2411,103.800000,106.929100,0.109694,0.083653,0,0,0,0,0,0,-5,0,0.0000,0.0000,0.0000,0.0000,0.0000,1.0000,0.0000,0,-0.011573,0.00000040,0.000000,4.460411,-0.411008
2015-09-25,,3.1600,2.5600,23.6200,29.9107,102.920000,106.918900,0.110786,0.095057,0,0,0,0,0,0,-5,0,0.0000,0.0000,0.0000,0.0000,0.0000,1.0000,0.0000,0,-0.024275,0.00000040,0.000000,4.460413,-0.411008
2015-09-28,,3.1900,2.5600,27.6300,21.6518,99.990000,106.902300,0.113079,0.099964,0,0,0,0,0,0,-5,0,0.0000,0.0000,0.0000,0.0000,0.0000,1.0000,0.0000,0,-0.086196,0.00000000,0.000000,4.460413,-0.411008
2015-09-29,,3.2100,2.5700,26.8300,23.2143,99.470000,106.880650,0.113040,0.093043,0,0,0,0,0,0,-5,0,0.0000,0.0000,0.0000,0.0000,0.0000,1.0000,0.0000,0,-0.014817,0.00000040,0.000000,4.460415,-0.411007
2015-09-30,,3.2600,2.5800,24.5000,26.7857,101.760000,106.876100,0.112952,0.075108,0,0,0,0,0,0,-5,0,0.0000,0.0000,0.0000,0.0000,0.0000,1.0000,0.0000,0,0.066153,0.00000040,0.000000,4.460417,-0.411007
2015-10-01,,3.2900,2.5800,22.5500,27.6786,102.220000,106.879150,0.111331,0.050446,0,0,0,0,0,0,-5,0,0.0000,0.0000,0.0000,0.0000,0.0000,1.0000,0.0000,0,0.013993,0.00000000,0.000000,4.460417,-0.411007
2015-10-02,,3.3100,2.5800,20.9400,32.1429,104.010000,106.899300,0.111154,0.062589,0,0,0,0,0,0,-5,0,0.0000,0.0000,0.0000,0.0000,0.0000,1.0000,0.0000,0,0.051917,0.00000000,0.000000,4.460417,-0.411007
2015-10-05,,3.3400,2.5800,19.5400,38.3929,105.500000,106.917800,0.110621,0.065302,0,1,0,0,0,1,-3,0,0.0000,0.0000,0.0000,0.0000,0.0000,1.0000,0.0000,0,0.045591,0.00000000,0.000000,4.460417,-0.411007
2015-10-06,,3.3300,2.5800,19.4000,35.4911,105.000000,106.921550,0.110243,0.071532,0,1,0,0,0,1,-3,1,0.0000,0.0000,0.0000,0.0000,0.0000,1.0000,0.0000,0,-0.014294,0.00000040,0.000000,4.460418,-0.411007
2015-10-07,,3.3200,2.5850,18.4000,38.6161,105.630000,106.928100,0.108971,0.065839,0,1,0,0,0,1,-3,1,0.0000,0.0000,0.0000,0.0000,0.0000,1.0000,0.0000,0,0.016067,0.00000000,0.000000,4.460418,-0.411007
2015-10-08,,3.2700,2.5900,17.4200,41.5179,106.050000,106.935450,0.109339,0.064567,0,1,0,0,0,1,-3,1,0.0000,0.0000,0.0000,0.0000,0.0000,1.0000,0.0000,0,0.012219,0.00000000,0.000000,4.460418,-0.411007
2015-10-09,,3.2800,2.5900,17.0800,40.4018,106.530000,106.947050,0.108752,0.051901,0,1,0,0,0,1,-3,1,0.0000,0.0000,0.0000,0.0000,0.0000,1.0000,0.0000,0,0.012173,0.00000000,0.000000,4.460418,-0.411007
2015-10-12,,3.2600,2.5900,16.1700,42.1875,106.790000,106.959500,0.109617,0.070728,0,1,0,0,0,1,-3,1,0.0000,0.0000,0.0000,0.0000,0.0000,1.0000,0.0000,0,0.008419,0.00000040,0.000000,4.460420,-0.411007
2015-10-13,,3.2600,2.5950,17.6700,39.2857,106.100000,106.964800,0.110062,0.080072,0,1,0,0,0,1,-3,1,0.0000,0.0000,0.0000,0.0000,0.0000,1.0000,0.0000,0,-0.019579,0.00000040,0.000000,4.460422,-0.411007
2015-10-14,,3.2800,2.6000,18.0300,37.2768,105.930000,106.969350,0.110568,0.089961,0,1,0,0,0,1,-3,1,0.0000,0.0000,0.0000,0.0000,0.0000,1.0000,0.0000,0,-0.004257,0.00000040,0.000000,4.460424,-0.411006
2015-10-15,,3.3100,2.6000,16.0500,43.0804,107.670000,106.986100,0.110502,0.084370,0,1,0,1,0,2,-1,1,0.0000,0.0000,0.0000,0.0000,0.0000,1.0000,0.0000,0,0.048865,0.00000000,0.000000,4.460424,-0.411006
2015-10-16,,3.2900,2.6000,15.0500,44.8661,108.120000,107.010450,0.110149,0.091756,0,1,0,1,0,2,-1,2,0.0000,0.0000,0.0000,0.0000,0.0000,1.0000,0.0000,0,0.012424,0.00000040,0.000000,4.460425,-0.411006
2015-10-19,,3.2800,2.6000,14.9800,45.3125,108.740000,107.039450,0.110169,0.080847,0,1,0,1,0,2,-1,2,0.0000,0.0000,0.0000,0.0000,0.0000,1.0000,0.0000,0,0.017927,0.00000040,0.000000,4.460427,-0.411006
2015-10-20,,3.3000,2.6000,15.7500,44.8661,108.180000,107.073200,0.110690,0.066645,0,1,0,1,0,2,-1,2,0.0000,0.0000,0.0000,0.0000,0.0000,1.0000,0.0000,0,-0.016575,0.00000079,0.000001,4.460431,-0.411005
2015-10-21,,3.2900,2.6050,16.7000,41.5179,107.520000,107.110450,0.111147,0.077525,0,1,0,1,0,2,-1,2,0.0000,0.0000,0.0000,0.0000,0.0000,1.0000,0.0000,0,-0.016089,0.00000079,0.000001,4.460434,-0.411005
2015-10-22,,3.2800,2.6100,14.4500,47.7679,109.710000,107.152200,0.110567,0.076108,0,1,0,1,0,2,-1,2,0.0000,0.0000,0.0000,0.0000,0.0000,1.0000,0.0000,0,0.059276,0.00000040,0.000000,4.460436,-0.411005
2015-10-23,,3.2600,2.6100,14.4600,50.0000,112.780000,107.199600,0.107441,0.039581,0,1,0,1,0,2,-1,2,0.0000,0.0000,0.0000,0.0000,0.0000,1.0000,0.0000,0,0.083157,0.00000000,0.000000,4.460436,-0.411005
2015-10-26,,3.2300,2.6100,15.2900,49.7768,112.850000,107.250750,0.107319,0.026629,0,1,0,1,0,2,-1,2,0.0000,0.0000,0.0000,0.0000,0.0000,1.0000,0.0000,0,0.002969,0.00000040,0.000000,4.460438,-0.411004
2015-10-27,,3.2200,2.6100,15.4300,49.5536,113.080000,107.308400,0.107139,0.016336,0,1,0,1,0,2,-1,2,0.0000,0.0000,0.0000,0.0000,0.0000,1.0000,0.0000,0,0.006513,0.00000079,0.000001,4.460441,-0.411004
2015-10-28,,3.2500,2.6100,14.3300,52.6786,114.020000,107.370900,0.104810,0.008719,0,1,1,1,0,3,1,2,0.0000,0.0000,0.0000,0.0000,0.0000,1.0000,0.0000,0,0.023193,0.00000119,0.000001,4.460447,-0.411003
2015-10-29,,3.2000,2.6150,14.6100,52.9018,113.840000,107.435300,0.104271,0.004298,0,1,1,1,0,3,1,3,3.0000,3.0000,0.0000,0.0000,1.0000,0.0000,1.0000,1,-0.003696,0.00000159,0.009202,4.501494,-0.405583
2015-10-30,,3.2100,2.6200,15.0700,51.5625,113.330000,107.503700,0.105204,-0.000265,0,1,1,1,1,4,3,3,3.0000,3.0000,0.0000,0.0000,1.0000,0.0000,1.0000,0,-0.013684,0.00000278,-0.013684,4.439894,-0.413717
2015-11-02,,3.1900,2.6300,14.1500,56.9196,114.610000,107.572650,0.104092,-0.025025,0,1,1,1,1,4,3,4,3.0000,3.0000,0.0000,0.0000,1.0000,0.0000,1.0000,0,0.034099,0.00000317,0.034099,4.591292,-0.393725
2015-11-03,,3.1800,2.6400,14.5400,57.3661,115.010000,107.639600,0.104100,-0.008375,0,1,1,1,1,4,3,4,3.0000,3.0000,0.0000,0.0000,1.0000,0.0000,1.0000,0,0.009537,0.00000317,0.009537,4.635080,-0.387943
2015-11-04,,3.1900,2.6450,15.5100,56.2500,115.020000,107.704000,0.104963,-0.014176,0,1,1,1,1,4,3,4,3.0000,3.0000,0.0000,0.0000,1.0000,0.0000,1.0000,0,0.000400,0.00000238,0.000400,4.636934,-0.387698
2015-11-05,,3.1600,2.6500,15.0500,56.4732,114.710000,107.757400,0.104164,-0.037732,0,1,1,1,1,4,3,4,3.0000,3.0000,0.0000,0.0000,1.0000,0.0000,1.0000,0,-0.008803,0.00000198,-0.008803,4.596117,-0.393088
2015-11-06,,3.1800,2.6500,14.3300,55.3571,114.790000,107.810050,0.100576,-0.072499,0,1,1,1,1,4,3,4,3.0000,3.0000,0.0000,0.0000,1.0000,0.0000,1.0000,0,0.003310,0.00000198,0.003310,4.611330,-0.391079
2015-11-09,,3.1700,2.6550,16.5200,52.6786,113.570000,107.857200,0.101788,-0.064042,0,1,1,1,1,4,3,4,3.0000,3.0000,0.0000,0.0000,1.0000,0.0000,1.0000,0,-0.032188,0.00000317,-0.032188,4.462901,-0.410679
2015-11-10,,3.1500,2.6750,15.2900,52.4554,113.280000,107.916400,0.102465,-0.056969,0,1,1,1,1,4,3,4,3.0000,3.0000,0.0000,0.0000,1.0000,0.0000,1.0000,0,-0.007067,0.00000555,-0.007067,4.431361,-0.414844
2015-11-11,,3.1800,2.6950,16.0600,52.6786,113.140000,107.977500,0.103760,-0.045593,0,1,1,1,1,4,3,4,3.0000,3.0000,0.0000,0.0000,1.0000,0.0000,1.0000,0,-0.004438,0.00000516,-0.004438,4.411693,-0.417441
2015-11-12,,3.1800,2.7000,18.3700,45.3125,112.040000,108.028250,0.104228,-0.052403,0,1,0,1,1,3,1,4,3.0000,3.0000,0.0000,0.0000,1.0000,0.0000,1.0000,0,-0.029018,0.00000516,-0.029018,4.283673,-0.434346
2015-11-13,,3.1900,2.7000,20.0800,40.4018,109.840000,108.071950,0.105016,-0.060094,0,0,0,1,1,2,-1,3,3.0000,3.0000,0.0000,0.0000,1.0000,0.0000,1.0000,0,-0.058818,0.00000555,-0.058818,4.031715,-0.467617
2015-11-16,,3.2000,2.7050,18.1600,48.2143,111.420000,108.119150,0.105194,-0.080163,0,1,0,1,1,3,1,2,0.0000,0.0000,0.0000,0.0000,0.0000,1.0000,0.0000,1,0.041694,0.00000555,-0.003513,4.017552,-0.469487
2015-11-17,,3.2400,2.7100,18.8400,45.9821,111.490000,108.161800,0.103373,-0.104509,0,1,0,1,1,3,1,3,3.0000,3.0000,0.0000,0.0000,1.0000,0.0000,1.0000,1,0.003446,0.00000595,-0.002828,4.006190,-0.470987
2015-11-18,,3.2300,2.7100,16.8500,53.4521,113.630000,108.215600,0.102405,-0.097463,0,1,1,1,1,4,3,3,3.0000,3.0000,0.0000,0.0000,1.0000,0.0000,1.0000,0,0.057321,0.00000555,0.057321,4.235831,-0.440664
2015-11-19,,3.2100,2.7100,16.9900,55.4566,113.710000,108.265350,0.103596,-0.062406,0,1,1,1,1,4,3,4,3.0000,3.0000,0.0000,0.0000,1.0000,0.0000,1.0000,0,0.001499,0.00000476,0.001499,4.242180,-0.439825
2015-11-20,,3.2000,2.7150,15.4700,58.3519,114.480000,108.322100,0.103650,-0.047846,0,1,1,1,1,4,3,4,3.0000,3.0000,0.0000,0.0000,1.0000,0.0000,1.0000,0,0.019873,0.00000436,0.019873,4.326487,-0.428693
2015-11-23,,3.2000,2.7200,15.6200,57.0156,114.150000,108.378850,0.102812,-0.052835,0,1,1,1,1,4,3,4,3.0000,3.0000,0.0000,0.0000,1.0000,0.0000,1.0000,0,-0.008072,0.00000476,-0.008072,4.291564,-0.433304
2015-11-24,,3.1900,2.7200,15.9300,56.7929,114.050000,108.427100,0.102532,-0.048019,0,1,1,1,1,4,3,4,3.0000,3.0000,0.0000,0.0000,1.0000,0.0000,1.0000,0,-0.003123,0.00000555,-0.003123,4.278161,-0.435074
2015-11-25,,3.2000,2.7200,15.1900,58.1292,114.150000,108.473950,0.101925,-0.058594,0,1,1,1,1,4,3,4,3.0000,3.0000,0.0000,0.0000,1.0000,0.0000,1.0000,0,0.002226,0.00000634,0.002226,4.287685,-0.433816
2015-11-27,,3.2100,2.7250,15.1200,59.4655,114.310000,108.515500,0.101999,-0.038304,0,1,1,1,1,4,3,4,3.0000,3.0000,0.0000,0.0000,1.0000,0.0000,1.0000,0,0.003620,0.00000753,0.003620,4.303205,-0.431767
2015-11-30,,3.2200,2.7300,16.1300,58.7973,114.020000,108.551050,0.102592,-0.036133,0,1,1,1,1,4,3,4,3.0000,3.0000,0.0000,0.0000,1.0000,0.0000,1.0000,0,-0.006312,0.00000714,-0.006312,4.276044,-0.435353
2015-12-01,,3.2000,2.7300,14.6700,61.4699,115.160000,108.591800,0.102430,-0.040219,0,1,1,1,1,4,3,4,3.0000,3.0000,0.0000,0.0000,1.0000,0.0000,1.0000,0,0.029698,0.00000872,0.029698,4.403035,-0.418584
2015-12-02,,3.2100,2.7300,15.9100,57.0156,114.450000,108.628250,0.101185,-0.047372,0,1,1,1,1,4,3,4,3.0000,3.0000,0.0000,0.0000,1.0000,0.0000,1.0000,0,-0.018186,0.00000832,-0.018186,4.322960,-0.429158
2015-12-03,,3.1700,2.7300,18.1100,49.8886,112.510000,108.652350,0.101843,-0.041749,0,1,0,1,1,3,1,4,3.0000,3.0000,0.0000,0.0000,1.0000,0.0000,1.0000,0,-0.050999,0.00000832,-0.050999,4.102491,-0.458271
2015-12-04,,3.1800,2.7350,14.8100,58.3519,115.140000,108.686000,0.101302,-0.040483,0,1,1,1,1,4,3,3,3.0000,3.0000,0.0000,0.0000,1.0000,0.0000,1.0000,0,0.068701,0.00000832,0.068701,4.384338,-0.421053
2015-12-07,,3.1500,2.7400,15.8400,56.1247,114.620000,108.716500,0.102376,-0.032297,0,1,1,1,1,4,3,4,3.0000,3.0000,0.0000,0.0000,1.0000,0.0000,1.0000,0,-0.012230,0.00000912,-0.012230,4.330720,-0.428134
2015-12-08,,3.1500,2.7400,17.6000,53.4521,114.630000,108.746650,0.102924,-0.032999,0,1,1,1,1,4,3,4,3.0000,3.0000,0.0000,0.0000,1.0000,0.0000,1.0000,0,0.000082,0.00001149,0.000082,4.331073,-0.428087
2015-12-09,,3.1900,2.7450,19.6100,48.9978,112.890000,108.769450,0.103755,-0.016993,0,1,0,1,1,3,1,4,3.0000,3.0000,0.0000,0.0000,1.0000,0.0000,1.0000,0,-0.046588,0.00001070,-0.046588,4.129299,-0.454731
2015-12-10,,3.1800,2.7500,19.3400,48.1069,113.400000,108.792050,0.101775,-0.037528,0,1,0,1,1,3,1,3,3.0000,3.0000,0.0000,0.0000,1.0000,0.0000,1.0000,0,0.014181,0.00001030,0.014181,4.187856,-0.446999
2015-12-11,,3.1900,2.7500,24.3900,41.2027,110.790000,108.804000,0.103502,-0.035957,0,0,0,1,1,2,-1,3,3.0000,3.0000,0.0000,0.0000,1.0000,0.0000,1.0000,0,-0.068565,0.00000951,-0.068565,3.900717,-0.484915
2015-12-14,,3.2400,2.7500,22.7300,43.4298,111.630000,108.815250,0.103499,-0.043568,0,0,0,1,1,2,-1,2,0.0000,0.0000,0.0000,0.0000,0.0000,1.0000,0.0000,1,0.022427,0.00000912,0.004140,3.916866,-0.482783
2015-12-15,,3.2300,2.7550,20.9500,48.3296,112.310000,108.832450,0.103228,-0.045277,0,0,0,1,1,2,-1,2,0.0000,0.0000,0.0000,0.0000,0.0000,1.0000,0.0000,0,0.016982,0.00001030,0.000010,3.916906,-0.482777
2015-12-16,,3.2100,2.7800,17.8600,54.3430,113.980000,108.860100,0.104312,-0.036276,0,1,1,1,1,4,3,2,0.0000,0.0000,0.0000,0.0000,0.0000,1.0000,0.0000,0,0.044181,0.00000991,0.000010,3.916945,-0.482772
2015-12-17,,3.2100,2.8050,18.9400,49.8886,112.320000,108.878500,0.106146,-0.022192,0,1,0,1,1,3,1,4,3.0000,3.0000,0.0000,0.0000,1.0000,-0.0000,1.0000,1,-0.041646,0.00001070,-0.054429,3.703751,-0.510924
2015-12-18,,3.2100,2.8100,20.7000,43.6526,109.830000,108.890600,0.106264,-0.032425,0,0,0,1,1,2,-1,3,3.0000,3.0000,0.0000,0.0000,1.0000,-0.0000,1.0000,0,-0.054928,0.00000912,-0.054928,3.500313,-0.537788
2015-12-21,,3.2500,2.8100,18.7000,46.5479,111.050000,108.907250,0.105321,-0.051586,0,1,0,1,1,3,1,2,0.0000,0.0000,0.0000,0.0000,0.0000,1.0000,0.0000,1,0.029704,0.00000753,0.024441,3.585863,-0.526491
2015-12-22,,3.2700,2.8150,16.6000,48.9978,111.780000,108.937550,0.105258,-0.074863,0,1,0,1,1,3,1,3,3.0000,3.0000,0.0000,0.0000,1.0000,-0.0000,1.0000,1,0.018934,0.00000951,0.003062,3.596845,-0.525041
2015-12-23,,3.2600,2.8200,15.5700,52.3385,112.610000,108.975050,0.105572,-0.072345,0,1,1,1,1,4,3,3,3.0000,3.0000,0.0000,0.0000,1.0000,-0.0000,1.0000,0,0.022877,0.00000832,0.022877,3.679129,-0.514175
2015-12-24,,3.2600,2.8200,15.7400,52.3385,112.590000,109.009000,0.105674,-0.069160,0,1,1,1,1,4,3,4,3.0000,3.0000,0.0000,0.0000,1.0000,-0.0000,1.0000,0,-0.002057,0.00000793,-0.002057,3.671562,-0.515175
2015-12-28,,3.2200,2.8250,16.9100,51.4477,112.530000,109.044950,0.106111,-0.050080,0,1,1,1,1,4,3,4,3.0000,3.0000,0.0000,0.0000,1.0000,-0.0000,1.0000,0,-0.000258,0.00000793,-0.000258,3.670616,-0.515299
2015-12-29,,3.2100,2.8300,16.0800,56.7929,114.300000,109.082950,0.105569,-0.053440,0,1,1,1,1,4,3,4,3.0000,3.0000,0.0000,0.0000,1.0000,-0.0000,1.0000,0,0.045607,0.00000912,0.045607,3.838021,-0.493194
2015-12-30,,3.2200,2.8350,17.2900,53.0067,113.270000,109.114950,0.106225,-0.041231,0,1,1,1,1,4,3,4,3.0000,3.0000,0.0000,0.0000,1.0000,-0.0000,1.0000,0,-0.025546,0.00000912,-0.025546,3.739974,-0.506141
2015-12-31,,3.2300,2.8400,18.2100,50.1114,111.860000,109.134650,0.106146,-0.038307,0,1,1,1,1,4,3,4,3.0000,3.0000,0.0000,0.0000,1.0000,-0.0000,1.0000,0,-0.037090,0.00000832,-0.037090,3.601259,-0.524458
2016-01-04,,3.2300,2.8400,20.7000,42.9844,109.500000,109.141750,0.107428,-0.014282,0,0,0,1,1,2,-1,4,3.0000,3.0000,0.0000,0.0000,1.0000,-0.0000,1.0000,0,-0.061105,0.00000634,-0.061105,3.381204,-0.553516
2016-01-05,,3.2400,2.8450,19.3400,44.0980,109.310000,109.145650,0.108015,-0.012109,0,1,0,1,1,3,1,2,0.0000,0.0000,0.0000,0.0000,0.0000,1.0000,0.0000,1,-0.008951,0.00000872,0.011452,3.419926,-0.548403
2016-01-06,,3.2500,2.8500,20.5900,38.7528,108.260000,109.145350,0.109194,0.004018,0,0,0,0,0,0,-5,3,3.0000,3.0000,0.0000,0.0000,1.0000,-0.0000,1.0000,1,-0.026813,0.00000793,0.025586,3.507426,-0.536848
2016-01-07,,3.2600,2.8550,24.9900,30.7350,104.870000,109.130050,0.111131,0.013302,0,0,0,0,0,0,-5,0,0.0000,0.0000,0.0000,0.0000,0.0000,1.0000,0.0000,1,-0.095128,0.00000832,-0.065346,3.278231,-0.567113
2016-01-08,,3.2800,2.8600,27.0100,24.7216,104.010000,109.122800,0.112311,0.019578,0,0,0,0,0,0,-5,0,0.0000,0.0000,0.0000,0.0000,0.0000,1.0000,0.0000,0,-0.023611,0.00000793,0.000008,3.278257,-0.567110
2016-01-11,,3.3100,2.8650,24.3000,26.7261,104.330000,109.118950,0.112800,0.019463,0,0,0,0,0,0,-5,0,0.0000,0.0000,0.0000,0.0000,0.0000,1.0000,0.0000,0,0.008754,0.00000793,0.000008,3.278283,-0.567107
2016-01-12,,3.3000,2.8700,22.4700,28.7305,105.540000,109.119050,0.111458,0.008281,0,0,0,0,0,0,-5,0,0.0000,0.0000,0.0000,0.0000,0.0000,1.0000,0.0000,0,0.033735,0.00000832,0.000008,3.278311,-0.567103
2016-01-13,,3.2900,2.8700,25.2200,22.7171,101.900000,109.094900,0.114256,0.034638,0,0,0,0,0,0,-5,0,0.0000,0.0000,0.0000,0.0000,0.0000,1.0000,0.0000,0,-0.104617,0.00000832,0.000008,3.278338,-0.567099
2016-01-14,,3.2800,2.8700,23.9500,25.3333,104.070000,109.087250,0.114104,0.033713,0,0,0,0,0,0,-5,0,0.0000,0.0000,0.0000,0.0000,0.0000,1.0000,0.0000,0,0.064690,0.00000872,0.000009,3.278366,-0.567096
2016-01-15,,3.3600,2.8750,27.0200,22.0000,100.840000,109.066200,0.115569,0.040762,0,0,0,0,0,0,-5,0,0.0000,0.0000,0.0000,0.0000,0.0000,1.0000,0.0000,0,-0.091910,0.00000991,0.000010,3.278399,-0.567091
2016-01-19,,3.3800,2.8800,26.0500,22.6667,101.060000,109.045900,0.117143,0.050266,0,0,0,0,0,0,-5,0,0.0000,0.0000,0.0000,0.0000,0.0000,1.0000,0.0000,0,0.004243,0.00000951,0.000010,3.278430,-0.567087
2016-01-20,,3.3500,2.8800,27.5900,20.4444,100.750000,109.019750,0.115998,0.044425,0,0,0,0,0,0,-5,0,0.0000,0.0000,0.0000,0.0000,0.0000,1.0000,0.0000,0,-0.009053,0.00001030,0.000010,3.278464,-0.567083
2016-01-21,,3.4000,2.8800,26.6900,19.1111,100.850000,108.995000,0.115245,0.065347,0,0,0,0,0,0,-5,0,0.0000,0.0000,0.0000,0.0000,0.0000,1.0000,0.0000,0,0.003654,0.00001030,0.000010,3.278498,-0.567078
2016-01-22,,3.4500,2.8800,22.3400,25.7778,103.770000,108.980650,0.114949,0.065434,0,0,0,0,0,0,-5,0,0.0000,0.0000,0.0000,0.0000,0.0000,1.0000,0.0000,0,0.086165,0.00001110,0.000011,3.278534,-0.567073
2016-01-25,,3.4200,2.8900,24.1500,22.0000,102.230000,108.955250,0.115727,0.072797,0,0,0,0,0,0,-5,0,0.0000,0.0000,0.0000,0.0000,0.0000,1.0000,0.0000,0,-0.045028,0.00001228,0.000012,3.278574,-0.567068
2016-01-26,,3.4400,2.9000,22.5000,26.6667,103.150000,108.932250,0.114958,0.088136,0,0,0,0,0,0,-5,0,0.0000,0.0000,0.0000,0.0000,0.0000,1.0000,0.0000,0,0.028548,0.00001228,0.000012,3.278615,-0.567063
2016-01-27,,3.4600,2.9000,23.1100,25.5556,100.580000,108.897750,0.116489,0.105553,0,0,0,0,0,0,-5,0,0.0000,0.0000,0.0000,0.0000,0.0000,1.0000,0.0000,0,-0.074394,0.00001228,0.000012,3.278655,-0.567058
2016-01-28,,3.4600,2.9000,22.4200,25.5556,102.000000,108.871900,0.117736,0.108340,0,0,0,0,0,0,-5,0,0.0000,0.0000,0.0000,0.0000,0.0000,1.0000,0.0000,0,0.039449,0.00001268,0.000013,3.278696,-0.567052
2016-01-29,,3.4800,2.9050,20.2000,33.5556,104.130000,108.853350,0.117231,0.116216,0,0,0,0,0,0,-5,0,0.0000,0.0000,0.0000,0.0000,0.0000,1.0000,0.0000,0,0.065146,0.00001386,0.000014,3.278742,-0.567046
2016-02-01,,3.4800,2.9100,19.9800,34.0000,104.410000,108.836950,0.118384,0.125933,0,1,0,0,0,1,-3,0,0.0000,0.0000,0.0000,0.0000,0.0000,1.0000,0.0000,0,0.005661,0.00001307,0.000013,3.278785,-0.567040
2016-02-02,,3.4900,2.9100,21.9800,29.1111,102.150000,108.817650,0.121082,0.138825,0,0,0,0,0,0,-5,1,0.0000,0.0000,0.0000,0.0000,0.0000,1.0000,0.0000,0,-0.063466,0.00001386,0.000014,3.278830,-0.567034
2016-02-03,,3.4900,2.9100,21.6500,30.2222,101.660000,108.787950,0.121850,0.154568,0,0,0,0,0,0,-5,0,0.0000,0.0000,0.0000,0.0000,0.0000,1.0000,0.0000,0,-0.014143,0.00001347,0.000013,3.278874,-0.567029
2016-02-04,,3.5200,2.9150,21.8400,30.8889,101.650000,108.755900,0.121138,0.186491,0,0,0,0,0,0,-5,0,0.0000,0.0000,0.0000,0.0000,0.0000,1.0000,0.0000,0,-0.001793,0.00001307,0.000013,3.278917,-0.567023
2016-02-05,,3.5300,2.9200,23.3800,26.0000,98.120000,108.703250,0.123889,0.196128,0,0,0,0,0,0,-5,0,0.0000,0.0000,0.0000,0.0000,0.0000,1.0000,0.0000,0,-0.102874,0.00001149,0.000011,3.278955,-0.567018
2016-02-08,,3.5200,2.9250,26.0000,22.2222,96.620000,108.641050,0.125148,0.196819,0,0,0,0,0,0,-5,0,0.0000,0.0000,0.0000,0.0000,0.0000,1.0000,0.0000,0,-0.045655,0.00001189,0.000012,3.278994,-0.567013
2016-02-09,,3.5300,2.9350,26.5400,22.8889,96.320000,108.569950,0.125573,0.187654,0,0,0,0,0,0,-5,0,0.0000,0.0000,0.0000,0.0000,0.0000,1.0000,0.0000,0,-0.011610,0.00001268,0.000013,3.279035,-0.567007
2016-02-10,,3.5400,2.9400,26.2900,23.3333,96.690000,108.502100,0.125546,0.184999,0,0,0,0,0,0,-5,0,0.0000,0.0000,0.0000,0.0000,0.0000,1.0000,0.0000,0,0.011888,0.00001189,0.000012,3.279074,-0.567002
2016-02-11,,3.5600,2.9550,28.1400,20.2222,96.550000,108.434650,0.124959,0.171449,0,0,0,0,0,0,-5,0,0.0000,0.0000,0.0000,0.0000,0.0000,1.0000,0.0000,0,-0.002377,0.00001228,0.000012,3.279115,-0.566997
2016-02-12,,3.6300,2.9700,25.4000,25.5556,98.020000,108.378000,0.122060,0.145522,0,0,0,0,0,0,-5,0,0.0000,0.0000,0.0000,0.0000,0.0000,1.0000,0.0000,0,0.042619,0.00001110,0.000011,3.279151,-0.566992
2016-02-16,,3.6000,2.9700,24.1100,28.2222,100.230000,108.341000,0.120798,0.155693,0,0,0,0,0,0,-5,0,0.0000,0.0000,0.0000,0.0000,0.0000,1.0000,0.0000,0,0.066559,0.00001189,0.000012,3.279190,-0.566987
2016-02-17,,3.5900,2.9750,22.3100,33.1111,102.500000,108.308250,0.118623,0.146345,0,0,0,0,0,0,-5,0,0.0000,0.0000,0.0000,0.0000,0.0000,1.0000,0.0000,0,0.069087,0.00001189,0.000012,3.279229,-0.566982
2016-02-18,,3.6200,2.9950,21.6400,31.3333,101.330000,108.268750,0.121063,0.155297,0,0,0,0,0,0,-5,0,0.0000,0.0000,0.0000,0.0000,0.0000,1.0000,0.0000,0,-0.033962,0.00001189,0.000012,3.279268,-0.566977
2016-02-19,,3.6200,3.0250,20.5300,33.5556,101.630000,108.239650,0.120313,0.147465,0,0,0,0,0,0,-5,0,0.0000,0.0000,0.0000,0.0000,0.0000,1.0000,0.0000,0,0.010376,0.00001189,0.000012,3.279307,-0.566971
2016-02-22,,3.5600,3.0500,19.3800,37.3333,103.280000,108.222500,0.119982,0.155580,0,1,0,0,0,1,-3,0,0.0000,0.0000,0.0000,0.0000,0.0000,1.0000,0.0000,0,0.047239,0.00001228,0.000012,3.279347,-0.566966
2016-02-23,,3.5700,3.0800,20.9800,35.3333,101.580000,108.193650,0.121620,0.171028,0,0,0,0,0,0,-5,1,0.0000,0.0000,0.0000,0.0000,0.0000,1.0000,0.0000,0,-0.049838,0.00001307,0.000013,3.279390,-0.566960
2016-02-24,,3.5800,3.1000,20.7200,36.8889,102.550000,108.162950,0.121636,0.178488,0,0,0,0,0,0,-5,0,0.0000,0.0000,0.0000,0.0000,0.0000,1.0000,0.0000,0,0.029748,0.00001268,0.000013,3.279432,-0.566955
2016-02-25,,3.5600,3.1050,19.1100,39.1111,103.560000,108.139400,0.121407,0.177545,0,1,0,0,0,1,-3,0,0.0000,0.0000,0.0000,0.0000,0.0000,1.0000,0.0000,0,0.027591,0.00001307,0.000013,3.279475,-0.566949
2016-02-26,,3.5600,3.1150,19.8100,40.0000,103.430000,108.117650,0.118330,0.143407,0,1,0,0,0,1,-3,1,0.0000,0.0000,0.0000,0.0000,0.0000,1.0000,0.0000,0,-0.002295,0.00001268,0.000013,3.279516,-0.566944
2016-02-29,,3.5600,3.1250,20.5500,38.4444,102.500000,108.090150,0.119601,0.154013,0,0,0,0,0,0,-5,1,0.0000,0.0000,0.0000,0.0000,0.0000,1.0000,0.0000,0,-0.026452,0.00001307,0.000013,3.279559,-0.566938
2016-03-01,,3.5500,3.1300,17.7000,46.0000,105.790000,108.071200,0.116274,0.141670,0,1,0,0,0,1,-3,0,0.0000,0.0000,0.0000,0.0000,0.0000,1.0000,0.0000,0,0.095688,0.00001307,0.000013,3.279602,-0.566932
2016-03-02,,3.5400,3.1350,17.0900,46.8889,105.830000,108.052450,0.116357,0.137927,0,1,0,0,0,1,-3,1,0.0000,0.0000,0.0000,0.0000,0.0000,1.0000,0.0000,0,0.001078,0.00001307,0.000013,3.279645,-0.566927
2016-03-03,,3.5000,3.1450,16.7000,49.5556,105.630000,108.030300,0.116606,0.143976,0,1,0,0,0,1,-3,1,0.0000,0.0000,0.0000,0.0000,0.0000,1.0000,0.0000,0,-0.005600,0.00001426,0.000014,3.279692,-0.566921
2016-03-04,,3.4700,3.1500,16.8600,50.2222,105.670000,108.008950,0.117522,0.142326,0,1,1,0,0,2,-1,1,0.0000,0.0000,0.0000,0.0000,0.0000,1.0000,0.0000,0,0.001733,0.00001110,0.000011,3.279728,-0.566916
2016-03-07,,3.4300,3.1500,17.3500,51.5556,105.020000,107.984000,0.118077,0.142699,0,1,1,0,0,2,-1,2,0.0000,0.0000,0.0000,0.0000,0.0000,1.0000,0.0000,0,-0.018596,0.00001149,0.000011,3.279766,-0.566911
2016-03-08,,3.3900,3.1500,18.6700,48.0000,104.150000,107.951850,0.120565,0.156539,0,1,0,0,0,1,-3,2,0.0000,0.0000,0.0000,0.0000,0.0000,1.0000,0.0000,0,-0.026440,0.00001268,0.000013,3.279807,-0.566905
2016-03-09,,3.3800,3.1500,18.3400,49.7778,104.820000,107.923600,0.120524,0.178405,0,1,0,0,0,1,-3,1,0.0000,0.0000,0.0000,0.0000,0.0000,1.0000,0.0000,0,0.019124,0.00001149,0.000011,3.279845,-0.566900
2016-03-10,,3.3600,3.1500,18.0500,49.3333,104.660000,107.900900,0.120525,0.162565,0,1,0,0,0,1,-3,1,0.0000,0.0000,0.0000,0.0000,0.0000,1.0000,0.0000,0,-0.003775,0.00001189,0.000012,3.279884,-0.566895
2016-03-11,,3.3000,3.1500,16.5000,56.8889,106.490000,107.878550,0.118736,0.147123,0,1,1,0,0,2,-1,1,0.0000,0.0000,0.0000,0.0000,0.0000,1.0000,0.0000,0,0.051828,0.00001268,0.000013,3.279925,-0.566890
2016-03-14,,3.2600,3.1500,16.9200,56.4444,106.670000,107.858350,0.119037,0.151252,0,1,1,0,0,2,-1,2,0.0000,0.0000,0.0000,0.0000,0.0000,1.0000,0.0000,0,0.005828,0.00001307,0.000013,3.279968,-0.566884
2016-03-15,,3.2200,3.1500,16.8400,55.1111,106.630000,107.841250,0.119454,0.141072,0,1,1,0,0,2,-1,2,0.0000,0.0000,0.0000,0.0000,0.0000,1.0000,0.0000,0,-0.000632,0.00001347,0.000013,3.280013,-0.566878
2016-03-16,,3.1900,3.1500,14.9900,57.3333,107.580000,107.827050,0.120586,0.135035,0,1,1,0,0,2,-1,2,0.0000,0.0000,0.0000,0.0000,0.0000,1.0000,0.0000,0,0.025511,0.00001347,0.000013,3.280057,-0.566872
2016-03-17,,3.2200,3.1550,14.4400,60.4444,107.520000,107.814300,0.120486,0.136919,0,1,1,0,0,2,-1,2,0.0000,0.0000,0.0000,0.0000,0.0000,1.0000,0.0000,0,-0.002879,0.00001228,0.000012,3.280097,-0.566867
2016-03-18,,3.2000,3.1600,14.0200,62.6667,107.370000,107.799150,0.118970,0.131336,0,1,1,0,0,2,-1,2,0.0000,0.0000,0.0000,0.0000,0.0000,1.0000,0.0000,0,0.005773,0.00001149,0.000011,3.280135,-0.566862
2016-03-21,,3.1700,3.1600,13.7900,62.2222,107.790000,107.790300,0.118679,0.128238,0,1,1,0,0,2,-1,2,0.0000,0.0000,0.0000,0.0000,0.0000,1.0000,0.0000,0,0.011890,0.00001189,0.000012,3.280174,-0.566857
2016-03-22,,3.1500,3.1600,14.1700,62.2222,108.120000,107.784400,0.118352,0.120190,1,1,1,1,0,4,3,2,0.0000,0.0000,0.0000,0.0000,0.0000,1.0000,0.0000,0,0.008914,0.00001228,0.000012,3.280214,-0.566852
2016-03-23,,3.1000,3.1600,14.9400,59.3333,107.230000,107.779600,0.120024,0.134166,1,1,1,0,0,3,1,4,3.0000,3.0000,0.0000,0.0000,1.0000,0.0000,1.0000,1,-0.023795,0.00001189,-0.018850,3.218381,-0.575017
2016-03-24,,3.0700,3.1600,14.7400,59.3333,107.260000,107.775850,0.120397,0.133262,1,1,1,0,0,3,1,3,3.0000,3.0000,0.0000,0.0000,1.0000,0.0000,1.0000,0,-0.000309,0.00001189,-0.000309,3.217388,-0.575148
2016-03-28,,3.0600,3.1600,15.2400,60.0000,107.110000,107.763950,0.119883,0.132869,1,1,1,0,0,3,1,3,3.0000,3.0000,0.0000,0.0000,1.0000,0.0000,1.0000,0,-0.003601,0.00001189,-0.003601,3.205802,-0.576678
2016-03-29,,3.0500,3.1600,13.8200,63.3333,108.830000,107.759850,0.120539,0.134215,1,1,1,1,0,4,3,3,3.0000,3.0000,0.0000,0.0000,1.0000,0.0000,1.0000,0,0.047806,0.00001149,0.047806,3.359059,-0.556440
2016-03-30,,3.0900,3.1600,13.5600,64.2222,109.360000,107.762900,0.119721,0.129241,1,1,1,1,0,4,3,4,3.0000,3.0000,0.0000,0.0000,1.0000,0.0000,1.0000,0,0.014978,0.00000912,0.014978,3.409371,-0.549797
2016-03-31,,3.1100,3.1600,13.9500,64.6667,109.200000,107.767850,0.120718,0.126487,1,1,1,1,0,4,3,4,3.0000,3.0000,0.0000,0.0000,1.0000,0.0000,1.0000,0,-0.005825,0.00000793,-0.005825,3.389511,-0.552419
2016-04-01,,3.1200,3.1600,13.1000,66.6667,110.360000,107.775650,0.120361,0.117445,1,1,1,1,0,4,3,4,3.0000,3.0000,0.0000,0.0000,1.0000,0.0000,1.0000,0,0.033301,0.00000832,0.033301,3.502385,-0.537514
2016-04-04,,3.1000,3.1600,14.1200,65.5556,109.940000,107.779850,0.120242,0.104960,1,1,1,1,0,4,3,4,3.0000,3.0000,0.0000,0.0000,1.0000,0.0000,1.0000,0,-0.012381,0.00000912,-0.012381,3.459022,-0.543240
2016-04-05,,3.1000,3.1600,15.4200,62.6667,108.880000,107.770800,0.119179,0.076198,1,1,1,1,0,4,3,4,3.0000,3.0000,0.0000,0.0000,1.0000,0.0000,1.0000,0,-0.026890,0.00000912,-0.026890,3.366010,-0.555522
2016-04-06,,3.0800,3.1600,14.0900,66.6667,110.670000,107.774700,0.117745,0.052045,1,1,1,1,0,4,3,4,3.0000,3.0000,0.0000,0.0000,1.0000,0.0000,1.0000,0,0.047890,0.00000912,0.047890,3.527210,-0.534236
2016-04-07,,3.0800,3.1600,16.1600,62.8889,109.080000,107.766600,0.119122,0.059504,1,1,1,1,0,4,3,4,3.0000,3.0000,0.0000,0.0000,1.0000,0.0000,1.0000,0,-0.043168,0.00000912,-0.043168,3.374948,-0.554342
2016-04-08,,3.0600,3.1600,15.3600,63.1111,109.000000,107.757650,0.119438,0.075607,1,1,1,1,0,4,3,4,3.0000,3.0000,0.0000,0.0000,1.0000,0.0000,1.0000,0,-0.002354,0.00000912,-0.002354,3.367003,-0.555391
2016-04-11,,3.0700,3.1600,16.2600,61.7778,108.600000,107.749550,0.119204,0.046787,1,1,1,1,0,4,3,4,3.0000,3.0000,0.0000,0.0000,1.0000,0.0000,1.0000,0,-0.010716,0.00000912,-0.010716,3.330923,-0.560156
2016-04-12,,3.0500,3.1600,14.8500,65.3333,109.510000,107.747100,0.118930,0.045374,1,1,1,1,0,4,3,4,3.0000,3.0000,0.0000,0.0000,1.0000,0.0000,1.0000,0,0.023353,0.00000912,0.023353,3.408710,-0.549884
2016-04-13,,3.0300,3.1600,13.8400,69.7778,110.910000,107.755300,0.117019,0.013894,1,1,1,1,0,4,3,4,3.0000,3.0000,0.0000,0.0000,1.0000,0.0000,1.0000,0,0.039037,0.00000872,0.039037,3.541775,-0.532313
2016-04-14,,3.0100,3.1600,13.7200,69.5556,110.920000,107.776450,0.116869,-0.002588,1,1,1,1,1,5,5,4,3.0000,3.0000,0.0000,0.0000,1.0000,0.0000,1.0000,0,0.000654,0.00000912,0.000654,3.544092,-0.532007
2016-04-15,,2.9900,3.1600,13.6200,69.5556,110.640000,107.794300,0.117648,0.015926,1,1,1,1,0,4,3,5,3.0000,3.0000,0.0000,0.0000,1.0000,0.0000,1.0000,0,-0.007658,0.00000872,-0.007658,3.516950,-0.535591
2016-04-18,,2.9900,3.1600,13.3500,71.5556,111.230000,107.810850,0.117280,0.019797,1,1,1,1,0,4,3,4,3.0000,3.0000,0.0000,0.0000,1.0000,0.0000,1.0000,0,0.014776,0.00000872,0.014776,3.568917,-0.528729
2016-04-19,,2.9900,3.1600,13.2400,73.6726,110.550000,107.823850,0.117103,0.020653,1,1,1,1,0,4,3,4,3.0000,3.0000,0.0000,0.0000,1.0000,0.0000,1.0000,0,-0.017251,0.00000872,-0.017251,3.507350,-0.536859
2016-04-20,,2.9600,3.1600,13.2800,76.1062,110.640000,107.838550,0.114065,-0.016082,1,1,1,1,1,5,5,4,3.0000,3.0000,0.0000,0.0000,1.0000,0.0000,1.0000,0,0.002454,0.00000832,0.002454,3.515957,-0.535722
2016-04-21,,2.9300,3.1600,13.9500,73.6726,110.650000,107.851950,0.112289,-0.025509,1,1,1,1,1,5,5,5,3.0000,3.0000,0.0000,0.0000,1.0000,0.0000,1.0000,0,0.000282,0.00000912,0.000282,3.516950,-0.535591
2016-04-22,,2.9100,3.1600,13.2200,76.1062,108.980000,107.866400,0.113292,-0.030482,1,1,1,1,1,5,5,5,3.0000,3.0000,0.0000,0.0000,1.0000,0.0000,1.0000,0,-0.045271,0.00000912,-0.045271,3.357734,-0.556615
2016-04-25,,2.8900,3.1600,14.0800,74.1150,108.980000,107.881150,0.113705,-0.037765,1,1,1,1,1,5,5,5,3.0000,3.0000,0.0000,0.0000,1.0000,0.0000,1.0000,0,-0.000788,0.00000912,-0.000788,3.355087,-0.556965
2016-04-26,,2.8800,3.1600,13.9600,77.8761,108.450000,107.885150,0.113704,-0.032440,1,1,1,1,1,5,5,5,3.0000,3.0000,0.0000,0.0000,1.0000,0.0000,1.0000,0,-0.013714,0.00000991,-0.013714,3.309076,-0.563040
2016-04-27,,2.8500,3.1600,13.7700,79.8673,107.580000,107.875350,0.115118,-0.029820,1,1,1,0,1,4,3,5,3.0000,3.0000,0.0000,0.0000,1.0000,0.0000,1.0000,0,-0.024007,0.00000951,-0.024007,3.229634,-0.573531
2016-04-28,,2.8600,3.1600,15.2200,72.5664,106.280000,107.855450,0.116005,-0.045742,1,1,1,0,1,4,3,4,3.0000,3.0000,0.0000,0.0000,1.0000,0.0000,1.0000,0,-0.035462,0.00000951,-0.035462,3.115107,-0.588654
2016-04-29,,2.8900,3.1600,15.7000,69.6903,105.720000,107.832150,0.117336,-0.039962,1,1,1,0,1,4,3,4,3.0000,3.0000,0.0000,0.0000,1.0000,0.0000,1.0000,0,-0.015939,0.00000872,-0.015939,3.065456,-0.595210
2016-05-02,,2.8600,3.1600,14.6800,73.0088,106.720000,107.806050,0.117349,-0.033952,1,1,1,0,1,4,3,4,3.0000,3.0000,0.0000,0.0000,1.0000,0.0000,1.0000,0,0.026455,0.00000872,0.026455,3.146553,-0.584501
2016-05-03,,2.8600,3.1600,15.6000,66.8142,105.730000,107.766750,0.118282,-0.049643,1,1,1,0,1,4,3,4,3.0000,3.0000,0.0000,0.0000,1.0000,0.0000,1.0000,0,-0.026615,0.00000872,-0.026615,3.062807,-0.595560
2016-05-04,,2.8500,3.1600,16.0500,64.1593,105.050000,107.722100,0.120336,-0.042519,1,1,1,0,1,4,3,4,3.0000,3.0000,0.0000,0.0000,1.0000,0.0000,1.0000,0,-0.019777,0.00000832,-0.019777,3.002233,-0.603559
2016-05-05,,2.8500,3.1600,15.9100,63.9381,105.020000,107.677650,0.119896,-0.049976,1,1,1,0,1,4,3,4,3.0000,3.0000,0.0000,0.0000,1.0000,0.0000,1.0000,0,-0.000551,0.00000753,-0.000551,3.000579,-0.603777
2016-05-06,,2.8600,3.1600,14.7200,66.0044,105.580000,107.642450,0.118681,-0.060723,1,1,1,0,1,4,3,4,3.0000,3.0000,0.0000,0.0000,1.0000,0.0000,1.0000,0,0.014451,0.00000793,0.014451,3.043940,-0.598051
2016-05-09,,2.8700,3.1600,14.5700,66.6667,105.880000,107.610850,0.119263,-0.051322,1,1,1,0,1,4,3,4,3.0000,3.0000,0.0000,0.0000,1.0000,0.0000,1.0000,0,0.008808,0.00000753,0.008808,3.070751,-0.594511
2016-05-10,,2.8900,3.1600,13.6300,70.8609,107.330000,107.592000,0.117918,-0.037899,1,1,1,0,1,4,3,4,3.0000,3.0000,0.0000,0.0000,1.0000,0.0000,1.0000,0,0.041932,0.00000951,0.041932,3.199513,-0.577508
2016-05-11,,2.8900,3.1600,14.6900,67.7704,106.360000,107.572900,0.119467,-0.011984,1,1,1,0,1,4,3,4,3.0000,3.0000,0.0000,0.0000,1.0000,0.0000,1.0000,0,-0.027312,0.00000951,-0.027312,3.112128,-0.589047
2016-05-12,,2.9000,3.1600,14.4100,67.3289,105.890000,107.546700,0.120135,0.013647,1,1,1,0,0,3,1,4,3.0000,3.0000,0.0000,0.0000,1.0000,0.0000,1.0000,0,-0.014040,0.00001030,-0.014040,3.068435,-0.594817
2016-05-13,,2.9100,3.1600,15.0400,65.3422,105.500000,107.516450,0.120605,-0.004036,1,1,1,0,1,4,3,3,3.0000,3.0000,0.0000,0.0000,1.0000,0.0000,1.0000,0,-0.012082,0.00001070,-0.012082,3.031362,-0.599712
2016-05-16,,2.9000,3.1600,14.6800,67.5497,106.820000,107.490150,0.119572,-0.006633,1,1,1,0,1,4,3,4,3.0000,3.0000,0.0000,0.0000,1.0000,0.0000,1.0000,0,0.038545,0.00001149,0.038545,3.148207,-0.584283
2016-05-17,,2.9000,3.1600,15.5700,65.5629,105.480000,107.457800,0.118649,-0.011678,1,1,1,0,1,4,3,4,3.0000,3.0000,0.0000,0.0000,1.0000,0.0000,1.0000,0,-0.038376,0.00001110,-0.038376,3.027390,-0.600237
2016-05-18,,2.8900,3.1600,15.9500,65.7837,105.860000,107.429100,0.116393,-0.045797,1,1,1,0,1,4,3,4,3.0000,3.0000,0.0000,0.0000,1.0000,0.0000,1.0000,0,0.011371,0.00001110,0.011371,3.061814,-0.595691
2016-05-19,,2.8700,3.1600,16.3300,66.0044,105.310000,107.398700,0.117973,-0.031829,1,1,1,0,1,4,3,4,3.0000,3.0000,0.0000,0.0000,1.0000,0.0000,1.0000,0,-0.015783,0.00001189,-0.015783,3.013488,-0.602072
2016-05-20,,2.8500,3.1600,15.2000,68.6534,106.470000,107.369800,0.117500,-0.033825,1,1,1,0,1,4,3,4,3.0000,3.0000,0.0000,0.0000,1.0000,0.0000,1.0000,0,0.033392,0.00001228,0.033392,3.114114,-0.588785
2016-05-23,,2.8600,3.1600,15.8200,67.7704,106.330000,107.349200,0.116612,-0.015274,1,1,1,0,1,4,3,4,3.0000,3.0000,0.0000,0.0000,1.0000,0.0000,1.0000,0,-0.004889,0.00001307,-0.004889,3.098888,-0.590796
2016-05-24,,2.8600,3.1600,14.4200,74.1722,108.460000,107.339950,0.116275,-0.029870,1,1,1,1,1,5,5,4,3.0000,3.0000,0.0000,0.0000,1.0000,0.0000,1.0000,0,0.061205,0.00001386,0.061205,3.288555,-0.565750
2016-05-25,,2.8500,3.1600,13.9000,76.1589,109.240000,107.328300,0.115157,-0.010149,1,1,1,1,1,5,5,5,3.0000,3.0000,0.0000,0.0000,1.0000,0.0000,1.0000,0,0.021540,0.00001386,0.021540,3.359390,-0.556397
2016-05-26,,2.8700,3.1600,13.4300,76.3797,109.560000,107.325400,0.116425,0.000621,1,1,1,1,0,4,3,5,3.0000,3.0000,0.0000,0.0000,1.0000,0.0000,1.0000,0,0.008375,0.00001307,0.008375,3.387525,-0.552681
2016-05-27,,2.8600,3.1600,13.1200,78.3664,110.130000,107.323450,0.116129,-0.004305,1,1,1,1,1,5,5,4,3.0000,3.0000,0.0000,0.0000,1.0000,0.0000,1.0000,0,0.015048,0.00001228,0.015048,3.438501,-0.545950
2016-05-31,,2.8500,3.1600,14.1900,78.8079,110.340000,107.323450,0.117113,-0.003646,1,1,1,1,1,5,5,5,3.0000,3.0000,0.0000,0.0000,1.0000,0.0000,1.0000,0,0.005968,0.00001268,0.005968,3.459022,-0.543240
2016-06-01,,2.8400,3.1600,14.2000,79.0287,110.350000,107.322650,0.117183,-0.007937,1,1,1,1,1,5,5,5,3.0000,3.0000,0.0000,0.0000,1.0000,0.0000,1.0000,0,0.000383,0.00001347,0.000383,3.460347,-0.543065
2016-06-02,,2.8200,3.1600,13.6300,79.0287,110.580000,107.318400,0.116874,-0.032536,1,1,1,1,1,5,5,5,3.0000,3.0000,0.0000,0.0000,1.0000,0.0000,1.0000,0,0.005643,0.00001189,0.005643,3.479876,-0.540487
2016-06-03,,2.8300,3.1600,13.4700,76.8212,110.060000,107.314400,0.119079,-0.012639,1,1,1,1,1,5,5,5,3.0000,3.0000,0.0000,0.0000,1.0000,0.0000,1.0000,0,-0.013697,0.00001149,-0.013697,3.432211,-0.546781
2016-06-06,,2.8600,3.1600,13.6500,78.5872,110.460000,107.316050,0.118311,-0.019460,1,1,1,1,1,5,5,5,3.0000,3.0000,0.0000,0.0000,1.0000,0.0000,1.0000,0,0.010705,0.00001189,0.010705,3.468952,-0.541929
2016-06-07,,2.8600,3.1600,14.0500,79.6909,110.180000,107.331550,0.118032,-0.006194,1,1,1,1,1,5,5,5,3.0000,3.0000,0.0000,0.0000,1.0000,0.0000,1.0000,0,-0.007061,0.00001110,-0.007061,3.444459,-0.545163
2016-06-08,,2.8600,3.1600,14.0800,80.5740,110.370000,107.371400,0.118355,-0.006011,1,1,1,1,1,5,5,5,3.0000,3.0000,0.0000,0.0000,1.0000,0.0000,1.0000,0,0.004420,0.00001110,0.004420,3.459685,-0.543153
2016-06-09,,2.8500,3.1600,14.6400,78.5872,110.190000,107.430050,0.119530,0.000671,1,1,1,1,0,4,3,5,3.0000,3.0000,0.0000,0.0000,1.0000,0.0000,1.0000,0,-0.004401,0.00000951,-0.004401,3.444459,-0.545163
2016-06-10,,2.8500,3.1600,17.0300,75.9382,108.940000,107.484300,0.120365,-0.001898,1,1,1,1,1,5,5,4,3.0000,3.0000,0.0000,0.0000,1.0000,0.0000,1.0000,0,-0.033635,0.00001030,-0.033635,3.328606,-0.560462
2016-06-13,,2.8600,3.1600,20.9700,72.4062,108.030000,107.509300,0.121157,0.005672,1,0,1,1,0,3,1,5,3.0000,3.0000,0.0000,0.0000,1.0000,0.0000,1.0000,0,-0.025656,0.00001030,-0.025656,3.243206,-0.571738
2016-06-14,,2.8600,3.1600,20.5000,71.5232,108.030000,107.521250,0.122044,0.026304,1,0,1,1,0,3,1,3,3.0000,3.0000,0.0000,0.0000,1.0000,0.0000,1.0000,0,0.000510,0.00001070,0.000510,3.244862,-0.571520
2016-06-15,,2.8800,3.1600,20.1400,70.8609,107.720000,107.531750,0.121444,0.023650,1,0,1,1,0,3,1,3,3.0000,3.0000,0.0000,0.0000,1.0000,0.0000,1.0000,0,-0.008977,0.00001070,-0.008977,3.215732,-0.575366
2016-06-16,,2.9000,3.1600,19.3700,71.5232,108.040000,107.550400,0.121851,0.030115,1,1,1,1,0,4,3,3,3.0000,3.0000,0.0000,0.0000,1.0000,0.0000,1.0000,0,0.007206,0.00001030,0.007206,3.238904,-0.572307
2016-06-17,,2.9000,3.1600,19.4100,69.7572,106.490000,107.577600,0.122385,0.019993,1,1,1,0,0,3,1,4,3.0000,3.0000,0.0000,0.0000,1.0000,0.0000,1.0000,0,-0.034236,0.00001070,-0.034236,3.128016,-0.586949
2016-06-20,,2.8900,3.1600,18.3700,72.6269,107.160000,107.593900,0.121145,0.006360,1,1,1,0,0,3,1,3,3.0000,3.0000,0.0000,0.0000,1.0000,0.0000,1.0000,0,0.017990,0.00001070,0.017990,3.184288,-0.579519
2016-06-21,,2.8700,3.1600,18.4800,72.6269,107.500000,107.614450,0.120970,0.009301,1,1,1,0,0,3,1,3,3.0000,3.0000,0.0000,0.0000,1.0000,0.0000,1.0000,0,0.009979,0.00001110,0.009979,3.216064,-0.575323
2016-06-22,,2.8600,3.1600,21.1700,72.4062,107.240000,107.639850,0.120591,0.000440,1,0,1,0,0,2,-1,3,3.0000,3.0000,0.0000,0.0000,1.0000,0.0000,1.0000,0,-0.006484,0.00001070,-0.006484,3.195211,-0.578076
2016-06-23,,2.8600,3.1600,17.2500,77.7042,108.770000,107.658500,0.119373,-0.002979,1,1,1,1,1,5,5,2,0.0000,0.0000,0.0000,0.0000,0.0000,1.0000,0.0000,1,0.042163,0.00001070,0.022483,3.267048,-0.568590
2016-06-24,,2.8600,3.1600,25.7600,64.2384,104.290000,107.660650,0.124575,0.031581,1,0,1,0,0,2,-1,5,3.0000,3.0000,0.0000,0.0000,1.0000,0.0000,1.0000,1,-0.122465,0.00001228,-0.018968,3.205078,-0.576773
2016-06-27,,2.9800,3.1600,23.8500,58.0574,102.220000,107.646800,0.127831,0.059869,1,0,1,0,0,2,-1,2,0.0000,0.0000,0.0000,0.0000,0.0000,1.0000,0.0000,1,-0.058224,0.00001070,-0.021718,3.135469,-0.585965
2016-06-28,,2.9600,3.1600,18.7500,62.9139,104.460000,107.641250,0.126034,0.047451,1,1,1,0,0,3,1,2,0.0000,0.0000,0.0000,0.0000,0.0000,1.0000,0.0000,0,0.062666,0.00001070,0.000011,3.135502,-0.585961
2016-06-29,,2.9500,3.1600,16.6400,67.1082,106.310000,107.646550,0.124262,0.043170,1,1,1,0,0,3,1,3,3.0000,3.0000,0.0000,0.0000,1.0000,0.0000,1.0000,1,0.051952,0.00001030,0.027334,3.221208,-0.574643
2016-06-30,,2.9000,3.1600,15.6300,70.8609,107.540000,107.651800,0.125242,0.064608,1,1,1,0,0,3,1,3,3.0000,3.0000,0.0000,0.0000,1.0000,0.0000,1.0000,0,0.036368,0.00001030,0.036368,3.338356,-0.559174
2016-07-01,,2.9200,3.1600,14.7700,70.1987,108.080000,107.656750,0.125000,0.050782,1,1,1,1,0,4,3,3,3.0000,3.0000,0.0000,0.0000,1.0000,0.0000,1.0000,0,0.013704,0.00001030,0.013704,3.384106,-0.553133
2016-07-05,,2.8600,3.1600,15.5800,68.4327,107.420000,107.658200,0.126841,0.063169,1,1,1,0,0,3,1,4,3.0000,3.0000,0.0000,0.0000,1.0000,0.0000,1.0000,0,-0.017718,0.00001110,-0.017718,3.324146,-0.561050
2016-07-06,,2.8300,3.1600,14.9600,68.4327,108.300000,107.672950,0.126347,0.061583,1,1,1,1,0,4,3,3,3.0000,3.0000,0.0000,0.0000,1.0000,0.0000,1.0000,0,0.023564,0.00001110,0.023564,3.402475,-0.550707
2016-07-07,,2.8300,3.1600,14.7600,68.8742,108.620000,107.687650,0.124090,0.044146,1,1,1,1,0,4,3,4,3.0000,3.0000,0.0000,0.0000,1.0000,0.0000,1.0000,0,0.009473,0.00001070,0.009473,3.434707,-0.546451
2016-07-08,,2.7900,3.1600,13.2000,73.9514,110.300000,107.718650,0.123536,0.056942,1,1,1,1,0,4,3,4,3.0000,3.0000,0.0000,0.0000,1.0000,0.0000,1.0000,0,0.046216,0.00001149,0.046216,3.593446,-0.525490
2016-07-11,,2.7800,3.1600,13.5400,75.2759,110.930000,107.752400,0.123008,0.053890,1,1,1,1,0,4,3,4,3.0000,3.0000,0.0000,0.0000,1.0000,0.0000,1.0000,0,0.017072,0.00001110,0.017072,3.654793,-0.517389
2016-07-12,,2.7500,3.1600,13.5500,77.2627,111.490000,107.790850,0.120447,0.024605,1,1,1,1,0,4,3,4,3.0000,3.0000,0.0000,0.0000,1.0000,0.0000,1.0000,0,0.015742,0.00001228,0.015742,3.712326,-0.509792
2016-07-13,,2.7000,3.1600,13.0400,77.0419,111.220000,107.832350,0.121417,0.036233,1,1,1,1,0,4,3,4,3.0000,3.0000,0.0000,0.0000,1.0000,0.0000,1.0000,0,-0.007002,0.00001149,-0.007002,3.686332,-0.513224
2016-07-14,,2.6900,3.1600,12.8200,79.0287,111.980000,107.892300,0.119957,0.025086,1,1,1,1,0,4,3,4,3.0000,3.0000,0.0000,0.0000,1.0000,0.0000,1.0000,0,0.020308,0.00001228,0.020308,3.761195,-0.503339
2016-07-15,,2.7000,3.1600,12.6700,79.0287,111.800000,107.953950,0.120465,0.057643,1,1,1,1,0,4,3,4,3.0000,3.0000,0.0000,0.0000,1.0000,0.0000,1.0000,0,-0.005621,0.00001268,-0.005621,3.740054,-0.506130
2016-07-18,,2.6600,3.1600,12.4400,79.6909,112.540000,108.007850,0.120489,0.075630,1,1,1,1,0,4,3,4,3.0000,3.0000,0.0000,0.0000,1.0000,0.0000,1.0000,0,0.019924,0.00001268,0.019924,3.814571,-0.496290
2016-07-19,,2.6700,3.1600,11.9700,79.2494,112.130000,108.057400,0.120403,0.064940,1,1,1,1,0,4,3,4,3.0000,3.0000,0.0000,0.0000,1.0000,0.0000,1.0000,0,-0.010358,0.00001268,-0.010358,3.775060,-0.501508
2016-07-20,,2.6700,3.1600,11.7700,80.7947,113.440000,108.104550,0.119216,0.050436,1,1,1,1,0,4,3,4,3.0000,3.0000,0.0000,0.0000,1.0000,0.0000,1.0000,0,0.034245,0.00001228,0.034245,3.904338,-0.484437
2016-07-21,,2.6600,3.1600,12.7400,80.7947,113.180000,108.142950,0.120385,0.060819,1,1,1,1,0,4,3,4,3.0000,3.0000,0.0000,0.0000,1.0000,0.0000,1.0000,0,-0.005947,0.00001268,-0.005947,3.881117,-0.487503
2016-07-22,,2.6800,3.1600,12.0200,82.1192,113.650000,108.186200,0.121433,0.056918,1,1,1,1,0,4,3,4,3.0000,3.0000,0.0000,0.0000,1.0000,0.0000,1.0000,0,0.011609,0.00001268,0.011609,3.926173,-0.481554
2016-07-25,,2.6600,3.1600,12.8700,82.1192,113.660000,108.226350,0.121556,0.049967,1,1,1,1,0,4,3,4,3.0000,3.0000,0.0000,0.0000,1.0000,0.0000,1.0000,0,0.000883,0.00001307,0.000883,3.929638,-0.481096
2016-07-26,,2.6500,3.1600,13.0500,83.0022,113.790000,108.265050,0.120438,0.027776,1,1,1,1,0,4,3,4,3.0000,3.0000,0.0000,0.0000,1.0000,0.0000,1.0000,0,0.003352,0.00001268,0.003352,3.942809,-0.479357
2016-07-27,,2.6500,3.1600,12.8300,81.6777,114.580000,108.305300,0.119181,0.016254,1,1,1,1,0,4,3,4,3.0000,3.0000,0.0000,0.0000,1.0000,0.0000,1.0000,0,0.019515,0.00001228,0.019515,4.019752,-0.469196
2016-07-28,,2.6700,3.1600,12.7200,81.4570,114.980000,108.346250,0.119505,0.010864,1,1,1,1,0,4,3,4,3.0000,3.0000,0.0000,0.0000,1.0000,0.0000,1.0000,0,0.010864,0.00001228,0.010864,4.063422,-0.463430
2016-07-29,,2.6800,3.1600,11.8700,80.5740,115.230000,108.391900,0.120026,-0.002727,1,1,1,1,1,5,5,4,3.0000,3.0000,0.0000,0.0000,1.0000,0.0000,1.0000,0,0.006568,0.00000991,0.006568,4.090110,-0.459906
2016-08-01,,2.7100,3.1600,12.4400,80.7947,115.840000,108.441450,0.120195,0.002639,1,1,1,1,0,4,3,5,3.0000,3.0000,0.0000,0.0000,1.0000,0.0000,1.0000,0,0.015676,0.00001110,0.015676,4.154229,-0.451439
2016-08-02,,2.7300,3.1600,13.3700,78.1457,114.960000,108.477900,0.120181,0.013249,1,1,1,1,0,4,3,4,3.0000,3.0000,0.0000,0.0000,1.0000,0.0000,1.0000,0,-0.022526,0.00001149,-0.022526,4.060649,-0.463796
2016-08-03,,2.7500,3.1600,12.8600,79.2952,115.340000,108.514000,0.119114,-0.001316,1,1,1,1,1,5,5,4,3.0000,3.0000,0.0000,0.0000,1.0000,0.0000,1.0000,0,0.009474,0.00001149,0.009474,4.099121,-0.458716
2016-08-04,,2.7600,3.1600,12.4200,79.9559,115.670000,108.548650,0.118918,0.008804,1,1,1,1,0,4,3,5,3.0000,3.0000,0.0000,0.0000,1.0000,0.0000,1.0000,0,0.008963,0.00001110,0.008963,4.135860,-0.453865
2016-08-05,,2.7600,3.1600,11.3900,83.4802,116.780000,108.591650,0.116257,-0.028390,1,1,1,1,1,5,5,4,3.0000,3.0000,0.0000,0.0000,1.0000,0.0000,1.0000,0,0.028911,0.00001030,0.028911,4.255434,-0.438075
2016-08-08,,2.7300,3.1600,11.5000,83.9207,116.650000,108.637300,0.116281,-0.033864,1,1,1,1,1,5,5,5,3.0000,3.0000,0.0000,0.0000,1.0000,0.0000,1.0000,0,-0.003176,0.00001110,-0.003176,4.241917,-0.439860
2016-08-09,,2.7100,3.1600,11.6600,83.4802,116.920000,108.673350,0.116188,-0.039017,1,1,1,1,1,5,5,5,3.0000,3.0000,0.0000,0.0000,1.0000,0.0000,1.0000,0,0.006618,0.00001228,0.006618,4.269991,-0.436153
2016-08-10,,2.7000,3.1600,12.0500,82.1586,116.620000,108.692550,0.116500,-0.027039,1,1,1,1,1,5,5,5,3.0000,3.0000,0.0000,0.0000,1.0000,0.0000,1.0000,0,-0.007711,0.00001149,-0.007711,4.237064,-0.440501
2016-08-11,,2.7100,3.1600,11.6800,84.3612,117.120000,108.713900,0.116236,-0.021710,1,1,1,1,1,5,5,5,3.0000,3.0000,0.0000,0.0000,1.0000,0.0000,1.0000,0,0.012924,0.00001110,0.012924,4.291826,-0.433269
2016-08-12,,2.7000,3.1600,11.5500,83.4802,117.200000,108.734500,0.116497,0.000959,1,1,1,1,0,4,3,5,3.0000,3.0000,0.0000,0.0000,1.0000,0.0000,1.0000,0,0.001857,0.00001110,0.001857,4.299796,-0.432217
2016-08-15,,2.7100,3.1600,11.8100,84.5815,117.700000,108.752900,0.114382,-0.032653,1,1,1,1,1,5,5,4,3.0000,3.0000,0.0000,0.0000,1.0000,0.0000,1.0000,0,0.012575,0.00001149,0.012575,4.353864,-0.425077
2016-08-16,,2.7000,3.1600,12.6400,83.7004,117.050000,108.768950,0.113622,-0.035006,1,1,1,1,1,5,5,5,3.0000,3.0000,0.0000,0.0000,1.0000,0.0000,1.0000,0,-0.015762,0.00001228,-0.015762,4.285240,-0.434139
2016-08-17,,2.7000,3.1600,12.1900,83.2599,117.260000,108.788600,0.115103,-0.013774,1,1,1,1,1,5,5,5,3.0000,3.0000,0.0000,0.0000,1.0000,0.0000,1.0000,0,0.004691,0.00001070,0.004691,4.305343,-0.431485
2016-08-18,,2.6900,3.1600,11.4300,83.9207,117.290000,108.802000,0.116262,-0.000118,1,1,1,1,1,5,5,5,3.0000,3.0000,0.0000,0.0000,1.0000,0.0000,1.0000,0,0.000966,0.00001189,0.000966,4.309502,-0.430935
2016-08-19,,2.7000,3.1600,11.3400,85.0220,117.260000,108.813250,0.115013,-0.001301,1,1,1,1,1,5,5,5,3.0000,3.0000,0.0000,0.0000,1.0000,0.0000,1.0000,0,-0.001367,0.00001189,-0.001367,4.303609,-0.431713
2016-08-22,,2.6700,3.1600,12.2700,85.0220,117.350000,108.824900,0.115316,-0.009948,1,1,1,1,1,5,5,5,3.0000,3.0000,0.0000,0.0000,1.0000,0.0000,1.0000,0,0.000966,0.00001189,0.000966,4.307768,-0.431164
2016-08-23,,2.6500,3.1600,12.3800,84.5815,117.560000,108.839150,0.114582,-0.013877,1,1,1,1,1,5,5,5,3.0000,3.0000,0.0000,0.0000,1.0000,0.0000,1.0000,0,0.005954,0.00001149,0.005954,4.333417,-0.427777
2016-08-24,,2.6400,3.1600,13.4500,83.9207,116.800000,108.849200,0.115125,-0.017623,1,1,1,1,1,5,5,5,3.0000,3.0000,0.0000,0.0000,1.0000,0.0000,1.0000,0,-0.019276,0.00001189,-0.019276,4.249887,-0.438807
2016-08-25,,2.6400,3.1600,13.6300,83.4802,116.610000,108.864400,0.115273,-0.016870,1,1,1,1,1,5,5,5,3.0000,3.0000,0.0000,0.0000,1.0000,0.0000,1.0000,0,-0.004730,0.00001228,-0.004730,4.229786,-0.441462
2016-08-26,,2.6300,3.1550,13.6500,82.3789,116.780000,108.881900,0.113098,-0.033292,1,1,1,1,1,5,5,5,3.0000,3.0000,0.0000,0.0000,1.0000,0.0000,1.0000,0,0.004835,0.00001307,0.004835,4.250235,-0.438761
2016-08-29,,2.6300,3.1550,12.9400,84.1410,116.940000,108.900900,0.113459,-0.049012,1,1,1,1,1,5,5,5,3.0000,3.0000,0.0000,0.0000,1.0000,0.0000,1.0000,0,0.002772,0.00001347,0.002772,4.262019,-0.437205
2016-08-30,,2.5900,3.1550,13.1200,83.4802,116.560000,108.923500,0.112454,-0.051060,1,1,1,1,1,5,5,5,3.0000,3.0000,0.0000,0.0000,1.0000,0.0000,1.0000,0,-0.009027,0.00001307,-0.009027,4.223547,-0.442286
2016-08-31,,2.6200,3.1550,13.4200,82.8194,116.440000,108.956500,0.113235,-0.041736,1,1,1,1,1,5,5,5,3.0000,3.0000,0.0000,0.0000,1.0000,0.0000,1.0000,0,-0.002626,0.00001307,-0.002626,4.212456,-0.443750
2016-09-01,,2.6100,3.1500,13.4800,82.5991,116.740000,108.983100,0.112655,-0.049299,1,1,1,1,1,5,5,5,3.0000,3.0000,0.0000,0.0000,1.0000,0.0000,1.0000,0,0.004443,0.00001307,0.004443,4.231172,-0.441279
2016-09-02,,2.6200,3.1500,11.9800,83.2599,117.120000,109.011250,0.113637,-0.050763,1,1,1,1,1,5,5,5,3.0000,3.0000,0.0000,0.0000,1.0000,0.0000,1.0000,0,0.011714,0.00001307,0.011714,4.280734,-0.434734
2016-09-06,,2.6300,3.1500,12.0200,84.3956,117.850000,109.032350,0.114527,-0.050566,1,1,1,1,1,5,5,5,3.0000,3.0000,0.0000,0.0000,1.0000,0.0000,1.0000,0,0.018541,0.00001307,0.018541,4.360103,-0.424254
2016-09-07,,2.6400,3.1500,11.9400,84.1758,117.920000,109.053400,0.114561,-0.057197,1,1,1,1,1,5,5,5,3.0000,3.0000,0.0000,0.0000,1.0000,0.0000,1.0000,0,0.001828,0.00001268,0.001828,4.368075,-0.423201
2016-09-08,,2.6500,3.1500,12.5100,83.7363,117.230000,109.067150,0.115212,-0.058795,1,1,1,1,1,5,5,5,3.0000,3.0000,0.0000,0.0000,1.0000,0.0000,1.0000,0,-0.017139,0.00001347,-0.017139,4.293212,-0.433086
2016-09-09,,2.6700,3.1500,17.5000,74.9451,114.280000,109.067800,0.113607,-0.066254,1,1,1,1,1,5,5,5,3.0000,3.0000,0.0000,0.0000,1.0000,0.0000,1.0000,0,-0.075805,0.00001386,-0.075805,3.967764,-0.476062
2016-09-12,,2.6700,3.1500,15.1600,81.0989,116.330000,109.079200,0.113987,-0.067001,1,1,1,1,1,5,5,5,3.0000,3.0000,0.0000,0.0000,1.0000,0.0000,1.0000,0,0.051275,0.00001386,0.051275,4.171213,-0.449196
2016-09-13,,2.6800,3.1500,17.8500,76.2637,115.290000,109.084900,0.114055,-0.070275,1,1,1,1,1,5,5,5,3.0000,3.0000,0.0000,0.0000,1.0000,0.0000,1.0000,0,-0.023598,0.00001466,-0.023598,4.072780,-0.462194
2016-09-14,,2.7000,3.1500,18.1400,75.8242,115.840000,109.092550,0.114544,-0.055880,1,1,1,1,1,5,5,5,3.0000,3.0000,0.0000,0.0000,1.0000,0.0000,1.0000,0,0.012850,0.00001426,0.012850,4.125115,-0.455283
2016-09-15,,2.7000,3.1500,16.3000,78.2418,117.640000,109.110650,0.114270,-0.057205,1,1,1,1,1,5,5,5,3.0000,3.0000,0.0000,0.0000,1.0000,0.0000,1.0000,0,0.046379,0.00001307,0.046379,4.316433,-0.430020
2016-09-16,,2.7200,3.1500,15.3700,76.4835,117.290000,109.121300,0.115433,-0.043854,1,1,1,1,1,5,5,5,3.0000,3.0000,0.0000,0.0000,1.0000,0.0000,1.0000,0,-0.001124,0.00001149,-0.001124,4.311582,-0.430661
2016-09-19,,2.7100,3.1500,15.5300,77.1429,116.780000,109.132950,0.116560,-0.023857,1,1,1,1,1,5,5,5,3.0000,3.0000,0.0000,0.0000,1.0000,0.0000,1.0000,0,-0.013103,0.00001189,-0.013103,4.255086,-0.438121
2016-09-20,,2.7000,3.1350,15.9200,76.2637,117.000000,109.155400,0.116343,-0.069428,1,1,1,1,1,5,5,5,3.0000,3.0000,0.0000,0.0000,1.0000,0.0000,1.0000,0,0.005539,0.00001189,0.005539,4.278655,-0.435009
2016-09-21,,2.7000,3.1150,13.3000,79.1209,118.150000,109.170450,0.117389,-0.088317,1,1,1,1,1,5,5,5,3.0000,3.0000,0.0000,0.0000,1.0000,0.0000,1.0000,0,0.029081,0.00001189,0.029081,4.403081,-0.418578
2016-09-22,,2.7000,3.1050,12.0200,81.9780,119.090000,109.192800,0.117368,-0.073486,1,1,1,1,1,5,5,5,3.0000,3.0000,0.0000,0.0000,1.0000,0.0000,1.0000,0,0.023378,0.00000872,0.023378,4.506019,-0.404986
2016-09-23,,2.6900,3.1000,12.2900,79.3407,118.330000,109.211300,0.117922,-0.053324,1,1,1,1,1,5,5,5,3.0000,3.0000,0.0000,0.0000,1.0000,0.0000,1.0000,0,-0.017999,0.00000714,-0.017999,4.424916,-0.415695
2016-09-26,,2.6800,3.1000,14.5000,76.7033,117.340000,109.233550,0.118582,-0.054384,1,1,1,1,1,5,5,5,3.0000,3.0000,0.0000,0.0000,1.0000,0.0000,1.0000,0,-0.024830,0.00000714,-0.024830,4.315047,-0.430203
2016-09-27,,2.7000,3.0950,13.1000,78.4615,118.500000,109.259050,0.116320,-0.071309,1,1,1,1,1,5,5,5,3.0000,3.0000,0.0000,0.0000,1.0000,0.0000,1.0000,0,0.028354,0.00000991,0.028354,4.437394,-0.414047
2016-09-28,,2.6900,3.0850,12.3900,80.0000,118.700000,109.298600,0.115583,-0.092260,1,1,1,1,1,5,5,5,3.0000,3.0000,0.0000,0.0000,1.0000,0.0000,1.0000,0,0.005467,0.00001030,0.005467,4.461654,-0.410844
2016-09-29,,2.6900,3.0800,14.0200,78.2418,117.840000,109.329650,0.114892,-0.092837,1,1,1,1,1,5,5,5,3.0000,3.0000,0.0000,0.0000,1.0000,0.0000,1.0000,0,-0.021207,0.00001070,-0.021207,4.367035,-0.423338
2016-09-30,,2.6700,3.0750,13.2900,79.5604,118.720000,109.361700,0.113245,-0.090215,1,1,1,1,1,5,5,5,3.0000,3.0000,0.0000,0.0000,1.0000,0.0000,1.0000,0,0.020555,0.00001030,0.020555,4.456802,-0.411485
2016-10-03,,2.6900,3.0700,13.5700,76.9231,118.550000,109.384550,0.111920,-0.095419,1,1,1,1,1,5,5,5,3.0000,3.0000,0.0000,0.0000,1.0000,0.0000,1.0000,0,-0.002255,0.00001149,-0.002255,4.446752,-0.412812
2016-10-04,,2.6600,3.0650,13.6300,72.0879,118.370000,109.414800,0.110141,-0.105236,1,1,1,1,1,5,5,5,3.0000,3.0000,0.0000,0.0000,1.0000,0.0000,1.0000,0,-0.005690,0.00001268,-0.005690,4.421449,-0.416153
2016-10-05,,2.6600,3.0600,12.9900,71.6484,118.790000,109.459600,0.109424,-0.091808,1,1,1,1,1,5,5,5,3.0000,3.0000,0.0000,0.0000,1.0000,0.0000,1.0000,0,0.010426,0.00001307,0.010426,4.467547,-0.410066
2016-10-06,,2.6400,3.0550,12.8400,71.6484,118.730000,109.498000,0.109324,-0.099997,1,1,1,1,1,5,5,5,3.0000,3.0000,0.0000,0.0000,1.0000,0.0000,1.0000,0,-0.001552,0.00001268,-0.001552,4.460615,-0.410981
2016-10-07,,2.6100,3.0500,13.4800,69.6703,118.470000,109.531450,0.109561,-0.086227,1,1,1,1,1,5,5,5,3.0000,3.0000,0.0000,0.0000,1.0000,0.0000,1.0000,0,-0.006527,0.00001307,-0.006527,4.431501,-0.414826
2016-10-10,,2.6300,3.0400,13.3800,71.2088,119.220000,109.564500,0.109895,-0.087875,1,1,1,1,1,5,5,5,3.0000,3.0000,0.0000,0.0000,1.0000,0.0000,1.0000,0,0.017910,0.00001307,0.017910,4.510870,-0.404345
2016-10-11,,2.6300,3.0200,15.3600,68.1319,117.520000,109.589150,0.110036,-0.085562,1,1,1,1,1,5,5,5,3.0000,3.0000,0.0000,0.0000,1.0000,0.0000,1.0000,0,-0.041337,0.00001307,-0.041337,4.324405,-0.428967
2016-10-12,,2.6000,3.0000,15.9100,68.7912,117.420000,109.613600,0.110968,-0.077464,1,1,1,1,1,5,5,5,3.0000,3.0000,0.0000,0.0000,1.0000,0.0000,1.0000,0,-0.002084,0.00001386,-0.002084,4.315393,-0.430157
2016-10-13,,2.6000,2.9900,16.6900,68.7912,117.000000,109.627100,0.112718,-0.053485,1,1,1,1,1,5,5,5,3.0000,3.0000,0.0000,0.0000,1.0000,0.0000,1.0000,0,-0.011726,0.00001466,-0.011726,4.264792,-0.436839
2016-10-14,,2.5900,2.9900,16.1200,67.4725,117.140000,109.646450,0.112026,-0.068423,1,1,1,1,1,5,5,5,3.0000,3.0000,0.0000,0.0000,1.0000,0.0000,1.0000,0,0.002275,0.00001189,0.002275,4.274496,-0.435558
2016-10-17,,2.6300,2.9850,16.2100,65.7143,116.820000,109.671250,0.113029,-0.067659,1,1,1,1,1,5,5,5,3.0000,3.0000,0.0000,0.0000,1.0000,0.0000,1.0000,0,-0.006892,0.00001268,-0.006892,4.245036,-0.439448
2016-10-18,,2.6200,2.9700,15.2800,68.4211,117.860000,109.713050,0.113284,-0.067121,1,1,1,1,1,5,5,5,3.0000,3.0000,0.0000,0.0000,1.0000,0.0000,1.0000,0,0.025637,0.00001347,0.025637,4.353864,-0.425077
2016-10-19,,2.6200,2.9600,14.4100,68.4211,117.850000,109.755750,0.112726,-0.063303,1,1,1,1,1,5,5,5,3.0000,3.0000,0.0000,0.0000,1.0000,0.0000,1.0000,0,0.000398,0.00001347,0.000398,4.355598,-0.424848
2016-10-20,,2.6200,2.9550,13.7500,67.9825,117.710000,109.803000,0.112867,-0.052330,1,1,1,1,1,5,5,5,3.0000,3.0000,0.0000,0.0000,1.0000,0.0000,1.0000,0,-0.004218,0.00001386,-0.004218,4.337228,-0.427274
2016-10-21,,2.5900,2.9400,13.3400,67.1053,118.150000,109.869400,0.112160,-0.060667,1,1,1,1,1,5,5,5,3.0000,3.0000,0.0000,0.0000,1.0000,0.0000,1.0000,0,0.010868,0.00001386,0.010868,4.384365,-0.421050
2016-10-24,,2.6000,2.9250,13.0200,69.0789,119.570000,109.947200,0.112104,-0.065324,1,1,1,1,1,5,5,5,3.0000,3.0000,0.0000,0.0000,1.0000,0.0000,1.0000,0,0.036442,0.00001347,0.036442,4.544142,-0.399951
2016-10-25,,2.5900,2.9150,13.4600,66.8860,119.190000,110.021500,0.113181,-0.057605,1,1,1,1,1,5,5,5,3.0000,3.0000,0.0000,0.0000,1.0000,0.0000,1.0000,0,-0.009991,0.00001307,-0.009991,4.498740,-0.405947
2016-10-26,,2.5800,2.9100,14.2400,65.5702,118.380000,110.085700,0.113690,-0.053564,1,1,1,1,1,5,5,5,3.0000,3.0000,0.0000,0.0000,1.0000,0.0000,1.0000,0,-0.019183,0.00001347,-0.019183,4.412439,-0.417343
2016-10-27,,2.6000,2.9050,15.3600,62.2807,117.840000,110.165400,0.113313,-0.048018,1,1,1,1,1,5,5,5,3.0000,3.0000,0.0000,0.0000,1.0000,0.0000,1.0000,0,-0.013982,0.00001307,-0.013982,4.350745,-0.425489
2016-10-28,,2.5900,2.9000,16.1900,63.3772,117.100000,110.230550,0.114002,-0.040599,1,1,1,1,1,5,5,5,3.0000,3.0000,0.0000,0.0000,1.0000,0.0000,1.0000,0,-0.017287,0.00001189,-0.017287,4.275536,-0.435421
2016-10-31,,2.6000,2.9000,17.0600,65.7895,116.990000,110.311300,0.116279,0.000179,1,1,1,1,0,4,3,5,3.0000,3.0000,0.0000,0.0000,1.0000,0.0000,1.0000,0,-0.005674,0.00001189,-0.005674,4.251275,-0.438624
2016-11-01,,2.6100,2.9000,18.5600,60.3070,116.110000,110.386550,0.114995,-0.010703,1,1,1,1,1,5,5,4,3.0000,3.0000,0.0000,0.0000,1.0000,0.0000,1.0000,0,-0.020545,0.00001347,-0.020545,4.163934,-0.450157
2016-11-02,,2.6100,2.9000,19.3200,57.4561,115.180000,110.458700,0.114237,-0.016149,1,1,1,1,1,5,5,5,3.0000,3.0000,0.0000,0.0000,1.0000,0.0000,1.0000,0,-0.026053,0.00001386,-0.026053,4.055450,-0.464483
2016-11-03,,2.6300,2.9000,22.0800,56.1404,114.050000,110.524700,0.115193,-0.010760,1,0,1,1,1,4,3,5,3.0000,3.0000,0.0000,0.0000,1.0000,0.0000,1.0000,0,-0.028801,0.00001466,-0.028801,3.938650,-0.479906
2016-11-04,,2.6700,2.8950,22.5100,55.9211,113.650000,110.574100,0.114960,-0.010467,1,0,1,1,1,4,3,4,3.0000,3.0000,0.0000,0.0000,1.0000,0.0000,1.0000,0,-0.011352,0.00001505,-0.011352,3.893940,-0.485810
2016-11-07,,2.6700,2.8900,18.7100,62.2807,116.350000,110.644700,0.114450,-0.017147,1,1,1,1,1,5,5,4,3.0000,3.0000,0.0000,0.0000,1.0000,0.0000,1.0000,0,0.071651,0.00001505,0.071651,4.172944,-0.448968
2016-11-08,,2.6600,2.8900,18.7400,64.4737,117.110000,110.714500,0.114824,0.003776,1,1,1,1,0,4,3,5,3.0000,3.0000,0.0000,0.0000,1.0000,0.0000,1.0000,0,0.019601,0.00001624,0.019601,4.254740,-0.438167
2016-11-09,,2.6200,2.8900,14.3800,65.3509,117.650000,110.799850,0.109438,-0.036559,1,1,1,1,1,5,5,4,3.0000,3.0000,0.0000,0.0000,1.0000,0.0000,1.0000,0,0.014011,0.00001703,0.014011,4.314353,-0.430295
2016-11-10,,2.6600,2.8900,14.7400,64.6930,115.750000,110.868600,0.106537,-0.073925,1,1,1,1,1,5,5,5,3.0000,3.0000,0.0000,0.0000,1.0000,0.0000,1.0000,0,-0.047558,0.00001782,-0.047558,4.109172,-0.457389
2016-11-11,,2.6000,2.8900,14.1700,63.5965,115.800000,110.926950,0.106344,-0.084351,1,1,1,1,1,5,5,5,3.0000,3.0000,0.0000,0.0000,1.0000,0.0000,1.0000,0,-0.000843,0.00001900,-0.000843,4.105707,-0.457846
2016-11-14,,2.6000,2.8850,14.4800,64.0351,114.630000,110.978050,0.106191,-0.076018,1,1,1,1,1,5,5,5,3.0000,3.0000,0.0000,0.0000,1.0000,0.0000,1.0000,0,-0.033767,0.00001900,-0.033767,3.967070,-0.476153
2016-11-15,,2.6000,2.8800,13.3700,65.7895,116.220000,111.048400,0.107064,-0.071475,1,1,1,1,1,5,5,5,3.0000,3.0000,0.0000,0.0000,1.0000,0.0000,1.0000,0,0.046305,0.00002177,0.046305,4.150763,-0.451897
2016-11-16,,2.5900,2.8750,13.7200,64.6930,116.910000,111.124650,0.106531,-0.069907,1,1,1,1,1,5,5,5,3.0000,3.0000,0.0000,0.0000,1.0000,0.0000,1.0000,0,0.016283,0.00002019,0.016283,4.218348,-0.442972
2016-11-17,,2.5500,2.8700,13.3500,67.3246,117.760000,111.205200,0.106009,-0.079595,1,1,1,1,1,5,5,5,3.0000,3.0000,0.0000,0.0000,1.0000,0.0000,1.0000,0,0.023170,0.00001861,0.023170,4.316087,-0.430066
2016-11-18,,2.5400,2.8700,12.8500,66.4474,117.320000,111.301200,0.105927,-0.081380,1,1,1,1,1,5,5,5,3.0000,3.0000,0.0000,0.0000,1.0000,0.0000,1.0000,0,-0.011242,0.00001742,-0.011242,4.267563,-0.436473
2016-11-21,,2.5200,2.8700,12.4200,67.7632,118.540000,111.410800,0.106246,-0.061382,1,1,1,1,1,5,5,5,3.0000,3.0000,0.0000,0.0000,1.0000,0.0000,1.0000,0,0.030050,0.00001742,0.030050,4.395803,-0.419539
2016-11-22,,2.5200,2.8650,12.4100,69.2982,118.900000,111.523700,0.106447,-0.062433,1,1,1,1,1,5,5,5,3.0000,3.0000,0.0000,0.0000,1.0000,0.0000,1.0000,0,0.008988,0.00001821,0.008988,4.435314,-0.414322
2016-11-23,,2.5300,2.8600,12.4300,68.4211,118.420000,111.632350,0.105324,-0.064190,1,1,1,1,1,5,5,5,3.0000,3.0000,0.0000,0.0000,1.0000,0.0000,1.0000,0,-0.012034,0.00001940,-0.012034,4.381938,-0.421370
2016-11-25,,2.4900,2.8600,12.3400,71.2719,118.800000,111.743600,0.106446,-0.061093,1,1,1,1,1,5,5,5,3.0000,3.0000,0.0000,0.0000,1.0000,0.0000,1.0000,0,0.009650,0.00002019,0.009650,4.424223,-0.415787
2016-11-28,,2.4800,2.8600,13.1500,69.7368,118.530000,111.846150,0.109012,-0.032793,1,1,1,1,1,5,5,5,3.0000,3.0000,0.0000,0.0000,1.0000,0.0000,1.0000,0,-0.005562,0.00001940,-0.005562,4.399614,-0.419036
2016-11-29,,2.4700,2.8600,12.9000,69.2982,118.940000,111.939700,0.109253,-0.039034,1,1,1,1,1,5,5,5,3.0000,3.0000,0.0000,0.0000,1.0000,0.0000,1.0000,0,0.009611,0.00001900,0.009611,4.441899,-0.413453
2016-11-30,,2.4600,2.8600,13.3300,64.9123,117.500000,112.014700,0.106067,-0.074328,1,1,1,1,1,5,5,5,3.0000,3.0000,0.0000,0.0000,1.0000,0.0000,1.0000,0,-0.032381,0.00001900,-0.032381,4.298065,-0.432446
2016-12-01,,2.4500,2.8600,14.0700,63.5965,115.470000,112.085400,0.105616,-0.078284,1,1,1,1,1,5,5,5,3.0000,3.0000,0.0000,0.0000,1.0000,0.0000,1.0000,0,-0.054915,0.00001900,-0.054915,4.062037,-0.463613
2016-12-02,,2.4200,2.8600,14.1200,62.7193,115.700000,112.155750,0.106519,-0.075861,1,1,1,1,1,5,5,5,3.0000,3.0000,0.0000,0.0000,1.0000,0.0000,1.0000,0,0.004010,0.00001900,0.004010,4.078325,-0.461462
2016-12-05,,2.4200,2.8600,12.1400,64.2544,116.600000,112.222350,0.106018,-0.069213,1,1,1,1,1,5,5,5,3.0000,3.0000,0.0000,0.0000,1.0000,0.0000,1.0000,0,0.023116,0.00001940,0.023116,4.172598,-0.449013
2016-12-06,,2.4200,2.8600,11.7900,66.0088,116.880000,112.298850,0.105480,-0.076479,1,1,1,1,1,5,5,5,3.0000,3.0000,0.0000,0.0000,1.0000,0.0000,1.0000,0,0.007227,0.00001940,0.007227,4.202752,-0.445032
2016-12-07,,2.4400,2.8600,12.2200,69.0789,118.360000,112.377900,0.105476,-0.079227,1,1,1,1,1,5,5,5,3.0000,3.0000,0.0000,0.0000,1.0000,0.0000,1.0000,0,0.037110,0.00001940,0.037110,4.358717,-0.424437
2016-12-08,,2.4400,2.8600,12.6400,70.1754,118.570000,112.452950,0.105396,-0.084355,1,1,1,1,1,5,5,5,3.0000,3.0000,0.0000,0.0000,1.0000,0.0000,1.0000,0,0.006123,0.00002058,0.006123,4.385405,-0.420912
2016-12-09,,2.4300,2.8600,11.7500,70.8333,119.500000,112.533300,0.105867,-0.077368,1,1,1,1,1,5,5,5,3.0000,3.0000,0.0000,0.0000,1.0000,0.0000,1.0000,0,0.023393,0.00002019,0.023393,4.487995,-0.407366
2016-12-12,,2.4300,2.8600,12.6400,71.0526,118.960000,112.615600,0.107094,-0.076605,1,1,1,1,1,5,5,5,3.0000,3.0000,0.0000,0.0000,1.0000,0.0000,1.0000,0,-0.013901,0.00002137,-0.013901,4.425609,-0.415604
2016-12-13,,2.4100,2.8600,12.7200,73.9035,120.460000,112.688950,0.107482,-0.083121,1,1,1,1,1,5,5,5,3.0000,3.0000,0.0000,0.0000,1.0000,0.0000,1.0000,0,0.039079,0.00002019,0.039079,4.598558,-0.392766
2016-12-14,,2.3900,2.8600,13.1900,70.1754,120.210000,112.760850,0.106140,-0.092817,1,1,1,1,1,5,5,5,3.0000,3.0000,0.0000,0.0000,1.0000,0.0000,1.0000,0,-0.007311,0.00002137,-0.007311,4.564938,-0.397205
2016-12-15,,2.3200,2.8550,12.7900,70.3947,120.400000,112.834700,0.106455,-0.097893,1,1,1,1,1,5,5,5,3.0000,3.0000,0.0000,0.0000,1.0000,0.0000,1.0000,0,0.006074,0.00002177,0.006074,4.592666,-0.393544
2016-12-16,,2.2400,2.8500,12.2000,69.5175,119.600000,112.904350,0.107559,-0.086603,1,1,1,1,1,5,5,5,3.0000,3.0000,0.0000,0.0000,1.0000,0.0000,1.0000,0,-0.012150,0.00002019,-0.012150,4.536864,-0.400912
2016-12-19,,2.2800,2.8500,11.7100,69.5175,120.090000,112.979700,0.107724,-0.090301,1,1,1,1,1,5,5,5,3.0000,3.0000,0.0000,0.0000,1.0000,0.0000,1.0000,0,0.012223,0.00002019,0.012223,4.592320,-0.393590
2016-12-20,,2.2800,2.8500,11.4500,70.3947,120.550000,113.061700,0.107443,-0.099270,1,1,1,1,1,5,5,5,3.0000,3.0000,0.0000,0.0000,1.0000,0.0000,1.0000,0,0.012075,0.00002058,0.012075,4.647773,-0.386267
2016-12-21,,2.2800,2.8500,11.2700,69.0789,120.460000,113.139900,0.107299,-0.081215,1,1,1,1,1,5,5,5,3.0000,3.0000,0.0000,0.0000,1.0000,0.0000,1.0000,0,-0.003505,0.00002058,-0.003505,4.631483,-0.388418
2016-12-22,,2.2600,2.8500,11.4300,66.8860,120.120000,113.217200,0.107862,-0.069497,1,1,1,1,1,5,5,5,3.0000,3.0000,0.0000,0.0000,1.0000,0.0000,1.0000,0,-0.008680,0.00002058,-0.008680,4.591280,-0.393727
2016-12-23,,2.2700,2.8500,11.4400,67.7632,120.200000,113.285750,0.107682,-0.065974,1,1,1,1,1,5,5,5,3.0000,3.0000,0.0000,0.0000,1.0000,0.0000,1.0000,0,0.003095,0.00002019,0.003095,4.605489,-0.391851
2016-12-27,,2.2500,2.8500,11.9900,68.6404,120.820000,113.356500,0.107504,-0.053034,1,1,1,1,1,5,5,5,3.0000,3.0000,0.0000,0.0000,1.0000,0.0000,1.0000,0,0.014600,0.00002058,0.014600,4.672728,-0.382972
2016-12-28,,2.2500,2.8450,12.9500,65.7895,119.880000,113.422750,0.107375,-0.042226,1,1,1,1,1,5,5,5,3.0000,3.0000,0.0000,0.0000,1.0000,0.0000,1.0000,0,-0.023142,0.00002019,-0.023142,4.564592,-0.397251
2016-12-29,,2.2600,2.8350,13.3700,66.8860,119.710000,113.483400,0.108848,-0.012267,1,1,1,1,1,5,5,5,3.0000,3.0000,0.0000,0.0000,1.0000,0.0000,1.0000,0,-0.004859,0.00002098,-0.004859,4.542411,-0.400180
2016-12-30,,2.2700,2.8300,14.0400,65.5702,118.480000,113.538200,0.108643,-0.007393,1,1,1,1,1,5,5,5,3.0000,3.0000,0.0000,0.0000,1.0000,0.0000,1.0000,0,-0.029223,0.00001861,-0.029223,4.409666,-0.417709
2017-01-03,,2.2800,2.8300,12.8500,67.5439,119.540000,113.599050,0.107552,-0.016923,1,1,1,1,1,5,5,5,3.0000,3.0000,0.0000,0.0000,1.0000,0.0000,1.0000,0,0.024208,0.00002019,0.024208,4.516416,-0.403613
2017-01-04,,2.2700,2.8250,11.8500,70.6140,120.190000,113.661050,0.107313,-0.021619,1,1,1,1,1,5,5,5,3.0000,3.0000,0.0000,0.0000,1.0000,0.0000,1.0000,0,0.017036,0.00002098,0.017036,4.593359,-0.393452
2017-01-05,,2.2500,2.8050,11.6700,71.0526,120.870000,113.724800,0.107509,-0.022746,1,1,1,1,1,5,5,5,3.0000,3.0000,0.0000,0.0000,1.0000,0.0000,1.0000,0,0.017732,0.00002098,0.017732,4.674807,-0.382697
2017-01-06,,2.2500,2.7850,11.3200,72.1491,121.930000,113.798300,0.107456,-0.024965,1,1,1,1,1,5,5,5,3.0000,3.0000,0.0000,0.0000,1.0000,0.0000,1.0000,0,0.025356,0.00002058,0.025356,4.793341,-0.367045
2017-01-09,,2.2400,2.7700,11.5600,69.2982,122.330000,113.873650,0.106398,-0.043637,1,1,1,1,1,5,5,5,3.0000,3.0000,0.0000,0.0000,1.0000,0.0000,1.0000,0,0.010123,0.00002098,0.010123,4.841864,-0.360638
2017-01-10,,2.2400,2.7600,11.4900,71.0526,122.600000,113.951100,0.106067,-0.062726,1,1,1,1,1,5,5,5,3.0000,3.0000,0.0000,0.0000,1.0000,0.0000,1.0000,0,0.005726,0.00001979,0.005726,4.869590,-0.356976
2017-01-11,,2.2400,2.7550,11.2600,70.8333,122.930000,114.021600,0.106869,-0.049052,1,1,1,1,1,5,5,5,3.0000,3.0000,0.0000,0.0000,1.0000,0.0000,1.0000,0,0.007687,0.00002058,0.007687,4.907022,-0.352034
2017-01-12,,2.2200,2.7500,11.5400,70.8333,122.740000,114.088500,0.107226,-0.054753,1,1,1,1,1,5,5,5,3.0000,3.0000,0.0000,0.0000,1.0000,0.0000,1.0000,0,-0.005085,0.00002058,-0.005085,4.882068,-0.355329
2017-01-13,,2.2500,2.7400,11.2300,72.1491,123.160000,114.158300,0.106827,-0.060562,1,1,1,1,1,5,5,5,3.0000,3.0000,0.0000,0.0000,1.0000,0.0000,1.0000,0,0.011501,0.00002058,0.011501,4.938215,-0.347915
2017-01-17,,2.2300,2.7300,11.8700,73.2456,122.790000,114.220450,0.108376,-0.040751,1,1,1,1,1,5,5,5,3.0000,3.0000,0.0000,0.0000,1.0000,0.0000,1.0000,0,-0.009405,0.00002098,-0.009405,4.891773,-0.354047
2017-01-18,,2.2600,2.7250,12.4800,73.0263,123.040000,114.285950,0.108004,-0.045675,1,1,1,1,1,5,5,5,3.0000,3.0000,0.0000,0.0000,1.0000,0.0000,1.0000,0,0.006802,0.00002177,0.006802,4.925046,-0.349653
2017-01-19,,2.2200,2.7150,12.7800,70.6140,122.980000,114.356450,0.107454,-0.044295,1,1,1,1,1,5,5,5,3.0000,3.0000,0.0000,0.0000,1.0000,0.0000,1.0000,0,-0.002674,0.00002098,-0.002674,4.911875,-0.351393
2017-01-20,,2.2100,2.7100,11.5400,72.1491,123.250000,114.419350,0.107259,-0.045597,1,1,1,1,1,5,5,5,3.0000,3.0000,0.0000,0.0000,1.0000,0.0000,1.0000,0,0.006492,0.00002058,0.006492,4.943762,-0.347182
2017-01-23,,2.2100,2.7100,11.7700,70.1754,123.350000,114.490700,0.106987,-0.057793,1,1,1,1,1,5,5,5,3.0000,3.0000,0.0000,0.0000,1.0000,0.0000,1.0000,0,0.002243,0.00001979,0.002243,4.954852,-0.345718
2017-01-24,,2.2100,2.7100,11.0700,72.8070,124.180000,114.566600,0.106283,-0.069372,1,1,1,1,1,5,5,5,3.0000,3.0000,0.0000,0.0000,1.0000,0.0000,1.0000,0,0.020845,0.00002019,0.020845,5.058137,-0.332079
2017-01-25,,2.2200,2.7100,10.8100,74.1228,125.430000,114.650750,0.105371,-0.075485,1,1,1,1,1,5,5,5,3.0000,3.0000,0.0000,0.0000,1.0000,0.0000,1.0000,0,0.029190,0.00002019,0.029190,5.205784,-0.312582
2017-01-26,,2.2100,2.7050,10.6300,73.0263,125.560000,114.731000,0.105525,-0.080235,1,1,1,1,1,5,5,5,3.0000,3.0000,0.0000,0.0000,1.0000,0.0000,1.0000,0,0.004128,0.00001979,0.004128,5.227271,-0.309745
2017-01-27,,2.2000,2.7000,10.5800,72.1491,125.800000,114.805450,0.105669,-0.098292,1,1,1,1,1,5,5,5,3.0000,3.0000,0.0000,0.0000,1.0000,0.0000,1.0000,0,0.004774,0.00002019,0.004774,5.252226,-0.306450
2017-01-30,,2.1900,2.7000,11.8800,71.7105,124.820000,114.874950,0.106416,-0.080445,1,1,1,1,1,5,5,5,3.0000,3.0000,0.0000,0.0000,1.0000,0.0000,1.0000,0,-0.022700,0.00002058,-0.022700,5.133000,-0.322193
2017-01-31,,2.2100,2.7000,11.9900,73.4649,124.570000,114.944600,0.108074,-0.058525,1,1,1,1,1,5,5,5,3.0000,3.0000,0.0000,0.0000,1.0000,0.0000,1.0000,0,-0.005537,0.00002019,-0.005537,5.104579,-0.325946
2017-02-01,,2.2300,2.7000,11.8100,71.7105,125.430000,115.015600,0.106164,-0.085457,1,1,1,1,1,5,5,5,3.0000,3.0000,0.0000,0.0000,1.0000,0.0000,1.0000,0,0.019012,0.00002058,0.019012,5.201625,-0.313132
2017-02-02,,2.2300,2.7000,11.9300,75.2193,125.320000,115.089450,0.107213,-0.073599,1,1,1,1,1,5,5,5,3.0000,3.0000,0.0000,0.0000,1.0000,0.0000,1.0000,0,-0.002532,0.00002019,-0.002532,5.188454,-0.314871
2017-02-03,,2.2300,2.7000,10.9700,75.6579,125.680000,115.164650,0.106610,-0.073701,1,1,1,1,1,5,5,5,3.0000,3.0000,0.0000,0.0000,1.0000,0.0000,1.0000,0,0.008684,0.00002058,0.008684,5.233510,-0.308921
2017-02-06,,2.2400,2.7000,11.3700,74.3421,125.830000,115.240550,0.106583,-0.076742,1,1,1,1,1,5,5,5,3.0000,3.0000,0.0000,0.0000,1.0000,0.0000,1.0000,0,0.003709,0.00002019,0.003709,5.252920,-0.306358
2017-02-07,,2.2500,2.7000,11.2900,74.3421,126.290000,115.327100,0.106840,-0.025111,1,1,1,1,1,5,5,5,3.0000,3.0000,0.0000,0.0000,1.0000,0.0000,1.0000,0,0.010293,0.00002098,0.010293,5.306988,-0.299219
2017-02-08,,2.2400,2.7000,11.4500,77.1930,126.500000,115.414700,0.107747,0.012006,1,1,1,1,0,4,3,5,3.0000,3.0000,0.0000,0.0000,1.0000,0.0000,1.0000,0,0.005617,0.00002098,0.005617,5.336795,-0.295283
2017-02-09,,2.2500,2.7000,10.8800,79.3860,126.960000,115.507250,0.106201,-0.001432,1,1,1,1,1,5,5,4,3.0000,3.0000,0.0000,0.0000,1.0000,0.0000,1.0000,0,0.010391,0.00002137,0.010391,5.392249,-0.287960
2017-02-10,,2.2400,2.7000,10.8500,80.4825,127.380000,115.606250,0.106453,0.002636,1,1,1,1,0,4,3,5,3.0000,3.0000,0.0000,0.0000,1.0000,0.0000,1.0000,0,0.009898,0.00002137,0.009898,5.445623,-0.280912
2017-02-13,,2.2300,2.7000,11.0700,81.1404,128.100000,115.715350,0.106393,-0.006691,1,1,1,1,1,5,5,4,3.0000,3.0000,0.0000,0.0000,1.0000,0.0000,1.0000,0,0.017566,0.00002177,0.017566,5.541282,-0.268280
2017-02-14,,2.2300,2.6950,10.7400,80.7018,128.530000,115.829400,0.105199,-0.013416,1,1,1,1,1,5,5,5,3.0000,3.0000,0.0000,0.0000,1.0000,0.0000,1.0000,0,0.009382,0.00002058,0.009382,5.593271,-0.261415
2017-02-15,,2.2100,2.6900,11.9700,81.3596,129.290000,115.942250,0.104397,-0.016314,1,1,1,1,1,5,5,5,3.0000,3.0000,0.0000,0.0000,1.0000,0.0000,1.0000,0,0.017227,0.00002137,0.017227,5.689623,-0.248692
2017-02-16,,2.1900,2.6900,11.7600,82.0175,129.250000,116.059850,0.105530,-0.004024,1,1,1,1,1,5,5,5,3.0000,3.0000,0.0000,0.0000,1.0000,0.0000,1.0000,0,-0.000853,0.00002137,-0.000853,5.684770,-0.249333
2017-02-17,,2.2000,2.6900,11.4900,82.8947,129.810000,116.183650,0.105428,-0.008222,1,1,1,1,1,5,5,5,3.0000,3.0000,0.0000,0.0000,1.0000,0.0000,1.0000,0,0.012560,0.00002098,0.012560,5.756169,-0.239905
2017-02-21,,2.2100,2.6900,11.5700,84.2105,130.450000,116.310800,0.105903,-0.005476,1,1,1,1,1,5,5,5,3.0000,3.0000,0.0000,0.0000,1.0000,0.0000,1.0000,0,0.015896,0.00002098,0.015896,5.847668,-0.227822
2017-02-22,,2.2000,2.6900,11.7400,83.7719,130.500000,116.435400,0.106442,0.011360,1,1,1,1,0,4,3,5,3.0000,3.0000,0.0000,0.0000,1.0000,0.0000,1.0000,0,0.000119,0.00002098,0.000119,5.848362,-0.227731
2017-02-23,,2.2100,2.6850,11.7100,83.7719,130.010000,116.556050,0.107469,0.010255,1,1,1,1,0,4,3,4,3.0000,3.0000,0.0000,0.0000,1.0000,0.0000,1.0000,0,-0.010786,0.00002058,-0.010786,5.785282,-0.236060
2017-02-24,,2.2300,2.6800,11.4700,85.5263,130.260000,116.670700,0.108959,-0.000522,1,1,1,1,1,5,5,4,3.0000,3.0000,0.0000,0.0000,1.0000,0.0000,1.0000,0,0.005392,0.00002019,0.005392,5.816475,-0.231941
2017-02-27,,2.2300,2.6800,12.0900,85.7456,130.420000,116.791000,0.108178,-0.010561,1,1,1,1,1,5,5,5,3.0000,3.0000,0.0000,0.0000,1.0000,0.0000,1.0000,0,0.002979,0.00002058,0.002979,5.833805,-0.229653
2017-02-28,,2.2100,2.6800,12.9200,85.3070,130.020000,116.911650,0.109464,0.034369,1,1,1,1,0,4,3,5,3.0000,3.0000,0.0000,0.0000,1.0000,0.0000,1.0000,0,-0.007842,0.00001979,-0.007842,5.788055,-0.235694
2017-03-01,,2.1900,2.6750,12.5400,86.8421,131.440000,117.041350,0.106994,0.014252,1,1,1,1,0,4,3,4,3.0000,3.0000,0.0000,0.0000,1.0000,0.0000,1.0000,0,0.032335,0.00002098,0.032335,5.975214,-0.210980
2017-03-02,,2.1800,2.6700,11.8100,85.5263,130.780000,117.161150,0.108448,0.019650,1,1,1,1,0,4,3,4,3.0000,3.0000,0.0000,0.0000,1.0000,0.0000,1.0000,0,-0.015777,0.00002492,-0.015777,5.880941,-0.223429
2017-03-03,,2.1600,2.6700,10.9600,85.5263,131.020000,117.288850,0.108045,0.020622,1,1,1,1,0,4,3,4,3.0000,3.0000,0.0000,0.0000,1.0000,0.0000,1.0000,0,0.005186,0.00002650,0.005186,5.911440,-0.219401
2017-03-06,,2.1600,2.6700,11.2400,84.6491,130.730000,117.413200,0.108157,0.027208,1,1,1,1,0,4,3,4,3.0000,3.0000,0.0000,0.0000,1.0000,0.0000,1.0000,0,-0.006918,0.00002808,-0.006918,5.870543,-0.224802
2017-03-07,,2.1700,2.6700,11.4500,82.0175,130.510000,117.539200,0.108418,0.029426,1,1,1,1,0,4,3,4,3.0000,3.0000,0.0000,0.0000,1.0000,0.0000,1.0000,0,-0.004959,0.00002926,-0.004959,5.841430,-0.228646
2017-03-08,,2.1500,2.6700,11.8600,81.1404,130.740000,117.660550,0.107055,0.016537,1,1,1,1,0,4,3,4,3.0000,3.0000,0.0000,0.0000,1.0000,0.0000,1.0000,0,0.005103,0.00003005,0.005103,5.871237,-0.224710
2017-03-09,,2.1500,2.6700,12.3000,80.9211,130.840000,117.783100,0.106687,0.008101,1,1,1,1,0,4,3,4,3.0000,3.0000,0.0000,0.0000,1.0000,0.0000,1.0000,0,0.003070,0.00002886,0.003070,5.889259,-0.222330
2017-03-10,,2.1700,2.6700,11.6600,81.7982,131.390000,117.897750,0.107198,0.001025,1,1,1,1,0,4,3,4,3.0000,3.0000,0.0000,0.0000,1.0000,0.0000,1.0000,0,0.010946,0.00002886,0.010946,5.953725,-0.213818
2017-03-13,,2.1800,2.6700,11.3500,81.3596,131.610000,118.009600,0.107460,-0.000212,1,1,1,1,1,5,5,4,3.0000,3.0000,0.0000,0.0000,1.0000,0.0000,1.0000,0,0.005821,0.00002965,0.005821,5.988383,-0.209241
2017-03-14,,2.1700,2.6650,12.3000,80.7018,131.290000,118.118250,0.107767,0.016072,1,1,1,1,0,4,3,5,3.0000,3.0000,0.0000,0.0000,1.0000,0.0000,1.0000,0,-0.007408,0.00003123,-0.007408,5.944021,-0.215099
2017-03-15,,2.1800,2.6600,11.6300,83.5526,132.100000,118.228100,0.108558,0.020818,1,1,1,1,0,4,3,4,3.0000,3.0000,0.0000,0.0000,1.0000,0.0000,1.0000,0,0.017493,0.00003083,0.017493,6.047998,-0.201369
2017-03-16,,2.2000,2.6600,11.2100,82.8947,132.010000,118.336450,0.107577,0.000182,1,1,1,1,0,4,3,4,3.0000,3.0000,0.0000,0.0000,1.0000,0.0000,1.0000,0,-0.000573,0.00002886,-0.000573,6.044531,-0.201827
2017-03-17,,2.2100,2.6600,11.2800,83.7719,131.690000,118.443150,0.108066,0.003341,1,1,1,1,0,4,3,4,3.0000,3.0000,0.0000,0.0000,1.0000,0.0000,1.0000,0,-0.002408,0.00002886,-0.002408,6.029974,-0.203749
2017-03-20,,2.2200,2.6600,11.3400,82.6754,131.810000,118.549300,0.107496,0.000523,1,1,1,1,0,4,3,4,3.0000,3.0000,0.0000,0.0000,1.0000,0.0000,1.0000,0,0.002989,0.00002886,0.002989,6.047998,-0.201369
2017-03-21,,2.2300,2.6600,12.4700,80.2632,129.810000,118.648050,0.110405,0.029965,1,1,1,1,0,4,3,4,3.0000,3.0000,0.0000,0.0000,1.0000,0.0000,1.0000,0,-0.044585,0.00003005,-0.044585,5.778350,-0.236976
2017-03-22,,2.2300,2.6600,12.8100,80.9211,130.690000,118.749200,0.110680,0.027150,1,1,1,1,0,4,3,4,3.0000,3.0000,0.0000,0.0000,1.0000,0.0000,1.0000,0,0.019674,0.00003044,0.019674,5.892032,-0.221964
2017-03-23,,2.2300,2.6550,13.1200,81.1404,130.360000,118.850100,0.110456,0.026706,1,1,1,1,0,4,3,4,3.0000,3.0000,0.0000,0.0000,1.0000,0.0000,1.0000,0,-0.008000,0.00003044,-0.008000,5.844895,-0.228189
2017-03-24,,2.2400,2.6500,12.9600,81.3596,130.630000,118.951400,0.110942,0.033054,1,1,1,1,0,4,3,4,3.0000,3.0000,0.0000,0.0000,1.0000,0.0000,1.0000,0,0.005456,0.00003005,0.005456,5.876782,-0.223978
2017-03-27,,2.2200,2.6500,12.5000,80.4825,130.840000,119.054650,0.110628,0.031542,1,1,1,1,0,4,3,4,3.0000,3.0000,0.0000,0.0000,1.0000,0.0000,1.0000,0,0.005308,0.00003083,0.005308,5.907975,-0.219859
2017-03-28,,2.2300,2.6500,11.5300,82.9322,131.640000,119.168150,0.109744,0.008638,1,1,1,1,0,4,3,4,3.0000,3.0000,0.0000,0.0000,1.0000,0.0000,1.0000,0,0.018773,0.00003083,0.018773,6.018884,-0.205213
2017-03-29,,2.2200,2.6450,11.4200,83.5886,132.250000,119.289250,0.109344,0.006802,1,1,1,1,0,4,3,4,3.0000,3.0000,0.0000,0.0000,1.0000,0.0000,1.0000,0,0.013244,0.00003083,0.013244,6.098599,-0.194687
2017-03-30,,2.2300,2.6400,11.5400,84.0263,132.470000,119.411450,0.108151,0.005843,1,1,1,1,0,4,3,4,3.0000,3.0000,0.0000,0.0000,1.0000,0.0000,1.0000,0,0.005001,0.00003083,0.005001,6.129100,-0.190660
2017-03-31,,2.2300,2.6400,12.3700,83.8074,132.380000,119.534750,0.108828,0.014683,1,1,1,1,0,4,3,4,3.0000,3.0000,0.0000,0.0000,1.0000,0.0000,1.0000,0,-0.002375,0.00003083,-0.002375,6.114543,-0.192582
2017-04-03,,2.2400,2.6400,12.3800,83.1510,132.300000,119.656050,0.108996,0.014377,1,1,1,1,0,4,3,4,3.0000,3.0000,0.0000,0.0000,1.0000,0.0000,1.0000,0,-0.002154,0.00003005,-0.002154,6.101372,-0.194321
2017-04-04,,2.2600,2.6350,11.7900,82.9322,132.510000,119.786150,0.109266,0.017462,1,1,1,1,0,4,3,4,3.0000,3.0000,0.0000,0.0000,1.0000,0.0000,1.0000,0,0.004545,0.00003123,0.004545,6.129100,-0.190660
2017-04-05,,2.2600,2.6300,12.8900,81.1816,131.970000,119.910200,0.110210,0.037135,1,1,1,1,0,4,3,4,3.0000,3.0000,0.0000,0.0000,1.0000,0.0000,1.0000,0,-0.011423,0.00003123,-0.011423,6.059088,-0.199905
2017-04-06,,2.2900,2.6300,12.3900,81.4004,132.040000,120.032900,0.109625,0.034867,1,1,1,1,0,4,3,4,3.0000,3.0000,0.0000,0.0000,1.0000,0.0000,1.0000,0,0.000801,0.00003162,0.000801,6.063941,-0.199264
2017-04-07,,2.2700,2.6300,12.8700,81.6193,131.970000,120.156550,0.109269,0.023253,1,1,1,1,0,4,3,4,3.0000,3.0000,0.0000,0.0000,1.0000,0.0000,1.0000,0,-0.001143,0.00003123,-0.001143,6.057008,-0.200179
2017-04-10,,2.2400,2.6300,14.0500,82.0569,132.020000,120.272800,0.109395,0.021010,1,1,1,1,0,4,3,4,3.0000,3.0000,0.0000,0.0000,1.0000,0.0000,1.0000,0,0.001145,0.00003241,0.001145,6.063941,-0.199264
2017-04-11,,2.2400,2.6300,15.0700,82.0569,131.450000,120.408600,0.109483,0.025740,1,1,1,1,0,4,3,4,3.0000,3.0000,0.0000,0.0000,1.0000,0.0000,1.0000,0,-0.012574,0.00003241,-0.012574,5.987691,-0.209332
2017-04-12,,2.2400,2.6300,15.7700,80.3063,130.920000,120.552100,0.110776,0.022913,1,1,1,1,0,4,3,4,3.0000,3.0000,0.0000,0.0000,1.0000,0.0000,1.0000,0,-0.013197,0.00003241,-0.013197,5.908669,-0.219767
2017-04-13,,2.2800,2.6250,15.9600,77.2429,130.400000,120.681800,0.111135,0.029722,1,1,1,1,0,4,3,4,3.0000,3.0000,0.0000,0.0000,1.0000,0.0000,1.0000,0,-0.011849,0.00003201,-0.011849,5.838656,-0.229012
2017-04-17,,2.2800,2.6200,14.6600,80.3063,131.480000,120.807650,0.110649,0.030873,1,1,1,1,0,4,3,4,3.0000,3.0000,0.0000,0.0000,1.0000,0.0000,1.0000,0,0.023745,0.00003201,0.023745,5.977294,-0.210705
2017-04-18,,2.2900,2.6200,14.4200,78.7746,131.280000,120.926350,0.111237,0.038250,1,1,1,1,0,4,3,4,3.0000,3.0000,0.0000,0.0000,1.0000,0.0000,1.0000,0,-0.002899,0.00003280,-0.002899,5.959964,-0.212994
2017-04-19,,2.2900,2.6200,14.9300,79.2123,131.490000,121.043400,0.110671,0.035547,1,1,1,1,0,4,3,4,3.0000,3.0000,0.0000,0.0000,1.0000,0.0000,1.0000,0,0.003489,0.00003241,0.003489,5.980759,-0.210248
2017-04-20,,2.2900,2.6200,14.1500,81.6193,132.590000,121.169250,0.109352,0.029862,1,1,1,1,0,4,3,4,3.0000,3.0000,0.0000,0.0000,1.0000,0.0000,1.0000,0,0.024223,0.00003201,0.024223,6.125633,-0.191117
2017-04-21,,2.2800,2.6200,14.6300,81.1816,132.560000,121.290550,0.110256,0.047377,1,1,1,1,0,4,3,4,3.0000,3.0000,0.0000,0.0000,1.0000,0.0000,1.0000,0,-0.000452,0.00003123,-0.000452,6.122861,-0.191483
2017-04-24,,2.2900,2.6150,10.8400,82.7133,134.160000,121.418250,0.109626,0.040194,1,1,1,1,0,4,3,4,3.0000,3.0000,0.0000,0.0000,1.0000,0.0000,1.0000,0,0.036341,0.00003123,0.036341,6.345372,-0.162101
2017-04-25,,2.2800,2.6100,10.7600,84.0263,135.130000,121.542400,0.108845,0.031316,1,1,1,1,0,4,3,4,3.0000,3.0000,0.0000,0.0000,1.0000,0.0000,1.0000,0,0.022176,0.00003201,0.022176,6.486087,-0.143520
2017-04-26,,2.2600,2.6100,10.8500,84.2451,134.940000,121.662450,0.108578,0.021284,1,1,1,1,0,4,3,4,3.0000,3.0000,0.0000,0.0000,1.0000,0.0000,1.0000,0,-0.004382,0.00003241,-0.004382,6.457667,-0.147273
2017-04-27,,2.2700,2.6100,10.3600,82.4945,135.750000,121.783750,0.108864,0.007671,1,1,1,1,0,4,3,4,3.0000,3.0000,0.0000,0.0000,1.0000,0.0000,1.0000,0,0.017497,0.00003280,0.017497,6.570655,-0.132353
2017-04-28,,2.2800,2.6050,10.8200,81.4004,135.990000,121.907600,0.108577,0.023775,1,1,1,1,0,4,3,4,3.0000,3.0000,0.0000,0.0000,1.0000,0.0000,1.0000,0,0.005697,0.00003201,0.005697,6.608086,-0.127410
2017-05-01,,2.2800,2.6000,10.1100,79.8687,137.200000,122.033700,0.107655,0.004312,1,1,1,1,0,4,3,4,3.0000,3.0000,0.0000,0.0000,1.0000,0.0000,1.0000,0,0.025176,0.00003162,0.025176,6.774450,-0.105442
2017-05-02,,2.2900,2.6000,10.5900,79.6499,137.430000,122.161850,0.107740,0.011029,1,1,1,1,0,4,3,4,3.0000,3.0000,0.0000,0.0000,1.0000,0.0000,1.0000,0,0.005935,0.00003280,0.005935,6.814655,-0.100133
2017-05-03,,2.3000,2.6000,10.6800,78.5558,136.990000,122.284100,0.107493,0.008899,1,1,1,1,0,4,3,4,3.0000,3.0000,0.0000,0.0000,1.0000,0.0000,1.0000,0,-0.009867,0.00003241,-0.009867,6.747416,-0.109012
2017-05-04,,2.2300,2.6000,10.4600,77.6805,137.040000,122.408650,0.107744,0.008824,1,1,1,1,0,4,3,4,3.0000,3.0000,0.0000,0.0000,1.0000,0.0000,1.0000,0,0.001027,0.00003359,0.001027,6.754348,-0.108096
2017-05-05,,2.2500,2.6000,10.5700,78.9934,137.540000,122.529150,0.107906,0.001537,1,1,1,1,0,4,3,4,3.0000,3.0000,0.0000,0.0000,1.0000,0.0000,1.0000,0,0.010879,0.00003398,0.010879,6.827826,-0.098394
2017-05-08,,2.2400,2.6000,9.7700,79.2123,137.840000,122.652450,0.107882,0.016448,1,1,1,1,0,4,3,4,3.0000,3.0000,0.0000,0.0000,1.0000,0.0000,1.0000,0,0.005990,0.00003556,0.005990,6.868723,-0.092993
2017-05-09,,2.2300,2.6000,9.9600,79.4311,138.320000,122.775800,0.107188,0.007134,1,1,1,1,0,4,3,4,3.0000,3.0000,0.0000,0.0000,1.0000,0.0000,1.0000,0,0.011000,0.00003595,0.011000,6.944280,-0.083016
2017-05-10,,2.2200,2.5950,10.2100,79.2123,138.400000,122.899500,0.107162,0.007455,1,1,1,1,0,4,3,4,3.0000,3.0000,0.0000,0.0000,1.0000,0.0000,1.0000,0,0.001597,0.00003595,0.001597,6.955370,-0.081552
2017-05-11,,2.2200,2.5900,10.6000,79.2123,138.290000,123.022000,0.107528,0.022675,1,1,1,1,0,4,3,4,3.0000,3.0000,0.0000,0.0000,1.0000,0.0000,1.0000,0,-0.002392,0.00003556,-0.002392,6.938733,-0.083748
2017-05-12,,2.2400,2.5900,10.4000,77.4617,138.600000,123.142100,0.108231,0.037356,1,1,1,1,0,4,3,4,3.0000,3.0000,0.0000,0.0000,1.0000,0.0000,1.0000,0,0.006494,0.00003516,0.006494,6.983791,-0.077799
2017-05-15,,2.2500,2.5900,10.4200,78.5558,139.040000,123.262400,0.108094,0.024875,1,1,1,1,0,4,3,4,3.0000,3.0000,0.0000,0.0000,1.0000,0.0000,1.0000,0,0.009330,0.00003477,0.009330,7.048949,-0.069195
2017-05-16,,2.2500,2.5900,10.6500,77.4617,139.620000,123.384350,0.107402,0.019121,1,1,1,1,0,4,3,4,3.0000,3.0000,0.0000,0.0000,1.0000,0.0000,1.0000,0,0.012587,0.00003556,0.012587,7.137677,-0.057478
2017-05-17,,2.2400,2.5900,15.5900,73.7418,136.070000,123.485500,0.109618,0.034975,1,1,1,1,0,4,3,4,3.0000,3.0000,0.0000,0.0000,1.0000,0.0000,1.0000,0,-0.075653,0.00003556,-0.075653,6.597689,-0.128783
2017-05-18,,2.2600,2.5850,14.6600,74.1794,137.260000,123.597000,0.109558,0.029338,1,1,1,1,0,4,3,4,3.0000,3.0000,0.0000,0.0000,1.0000,0.0000,1.0000,0,0.025321,0.00003556,0.025321,6.764746,-0.106723
2017-05-19,,2.2600,2.5650,12.0400,76.5864,137.840000,123.709500,0.109269,0.016884,1,1,1,1,0,4,3,4,3.0000,3.0000,0.0000,0.0000,1.0000,0.0000,1.0000,0,0.012091,0.00003673,0.012091,6.846542,-0.095922
2017-05-22,,2.2600,2.5450,10.9300,77.8993,139.000000,123.826150,0.109657,0.006478,1,1,1,1,0,4,3,4,3.0000,3.0000,0.0000,0.0000,1.0000,0.0000,1.0000,0,0.025919,0.00003634,0.025919,7.023995,-0.072490
2017-05-23,,2.2400,2.5350,10.7200,78.5558,139.140000,123.937950,0.109706,0.014306,1,1,1,1,0,4,3,4,3.0000,3.0000,0.0000,0.0000,1.0000,0.0000,1.0000,0,0.002467,0.00003673,0.002467,7.041325,-0.070201
2017-05-24,,2.2200,2.5250,10.0200,78.7746,139.780000,124.053600,0.110074,0.005672,1,1,1,1,0,4,3,4,3.0000,3.0000,0.0000,0.0000,1.0000,0.0000,1.0000,0,0.013782,0.00003634,0.013782,7.138369,-0.057387
2017-05-25,,2.2500,2.5200,9.9900,77.8993,140.970000,124.173850,0.110440,0.032475,1,1,1,1,0,4,3,4,3.0000,3.0000,0.0000,0.0000,1.0000,0.0000,1.0000,0,0.026316,0.00003673,0.026316,7.326222,-0.032581
2017-05-26,,2.2400,2.5050,9.8100,77.8993,141.220000,124.296850,0.110463,0.018844,1,1,1,1,0,4,3,4,3.0000,3.0000,0.0000,0.0000,1.0000,0.0000,1.0000,0,0.004258,0.00003713,0.004258,7.357415,-0.028462
2017-05-30,,2.2400,2.4850,10.3800,77.0241,141.340000,124.417950,0.110911,0.026872,1,1,1,1,0,4,3,4,3.0000,3.0000,0.0000,0.0000,1.0000,0.0000,1.0000,0,0.002073,0.00003713,0.002073,7.372665,-0.026448
2017-05-31,,2.2500,2.4750,10.4100,77.6805,141.290000,124.538400,0.111498,0.031372,1,1,1,1,0,4,3,4,3.0000,3.0000,0.0000,0.0000,1.0000,0.0000,1.0000,0,-0.001222,0.00003673,-0.001222,7.363653,-0.027638
2017-06-01,,2.2300,2.4650,9.8900,79.8687,141.840000,124.659100,0.111399,0.028234,1,1,1,1,0,4,3,4,3.0000,3.0000,0.0000,0.0000,1.0000,0.0000,1.0000,0,0.011955,0.00003870,0.011955,7.451688,-0.016013
2017-06-02,,2.2400,2.4550,9.7500,80.1310,143.460000,124.791150,0.111152,0.039499,1,1,1,1,0,4,3,4,3.0000,3.0000,0.0000,0.0000,1.0000,0.0000,1.0000,0,0.034139,0.00003870,0.034139,7.706084,0.000000
2017-06-05,,2.2400,2.4450,10.0700,79.0393,143.430000,124.922000,0.110886,0.040535,1,1,1,1,0,4,3,4,3.0000,3.0000,0.0000,0.0000,1.0000,0.0000,1.0000,0,-0.000810,0.00003870,-0.000810,7.699845,-0.000810
2017-06-06,,2.2400,2.4400,10.4500,78.3843,142.860000,125.049850,0.110995,0.036235,1,1,1,1,0,4,3,4,3.0000,3.0000,0.0000,0.0000,1.0000,0.0000,1.0000,0,-0.011343,0.00003791,-0.011343,7.612505,-0.012144
2017-06-07,,2.2500,2.4350,10.3900,79.2576,143.420000,125.180650,0.111159,0.035271,1,1,1,1,0,4,3,4,3.0000,3.0000,0.0000,0.0000,1.0000,0.0000,1.0000,0,0.010927,0.00003831,0.010927,7.695686,-0.001349
2017-06-08,,2.2300,2.4300,10.1600,78.8210,143.570000,125.311750,0.110181,0.023054,1,1,1,1,0,4,3,4,3.0000,3.0000,0.0000,0.0000,1.0000,0.0000,1.0000,0,0.002702,0.00003949,0.002702,7.716482,0.000000
2017-06-09,,2.2300,2.4250,10.7000,79.4760,139.980000,125.423850,0.110246,0.015838,1,1,1,1,0,4,3,4,3.0000,3.0000,0.0000,0.0000,1.0000,0.0000,1.0000,0,-0.072314,0.00003988,-0.072314,7.158473,-0.072314
2017-06-12,,2.2100,2.4200,11.4600,80.1310,139.230000,125.536000,0.110063,0.023583,1,1,1,1,0,4,3,4,3.0000,3.0000,0.0000,0.0000,1.0000,0.0000,1.0000,0,-0.018108,0.00003988,-0.018108,7.028847,-0.089112
2017-06-13,,2.2200,2.4200,10.4200,81.8777,140.360000,125.654750,0.109793,0.016488,1,1,1,1,0,4,3,4,3.0000,3.0000,0.0000,0.0000,1.0000,0.0000,1.0000,0,0.023373,0.00003870,0.023373,7.193131,-0.067822
2017-06-14,,2.2100,2.4150,10.6400,80.7860,139.750000,125.769600,0.110527,0.029078,1,1,1,1,0,4,3,4,3.0000,3.0000,0.0000,0.0000,1.0000,0.0000,1.0000,0,-0.013395,0.00003949,-0.013395,7.096779,-0.080309
2017-06-15,,2.1900,2.4000,10.9000,80.7860,139.130000,125.880550,0.111375,0.009166,1,1,1,1,0,4,3,4,3.0000,3.0000,0.0000,0.0000,1.0000,0.0000,1.0000,0,-0.013479,0.00003988,-0.013479,7.001120,-0.092706
2017-06-16,,2.1800,2.3550,10.3800,81.6594,138.150000,125.988500,0.111503,0.007702,1,1,1,1,0,4,3,4,3.0000,3.0000,0.0000,0.0000,1.0000,0.0000,1.0000,0,-0.011980,0.00004027,-0.011980,6.917246,-0.103575
2017-06-19,,2.1900,2.3100,10.3700,82.0961,140.460000,126.108600,0.110214,-0.002288,1,1,1,1,1,5,5,4,3.0000,3.0000,0.0000,0.0000,1.0000,0.0000,1.0000,0,0.048402,0.00004066,0.048402,7.252052,-0.060187
2017-06-20,,2.1700,2.2950,10.8600,80.5677,139.360000,126.221700,0.111024,0.000766,1,1,1,1,0,4,3,5,3.0000,3.0000,0.0000,0.0000,1.0000,0.0000,1.0000,0,-0.022653,0.00004027,-0.022653,7.087768,-0.081477
2017-06-21,,2.1600,2.2900,10.7500,79.6943,140.740000,126.339800,0.110393,-0.002212,1,1,1,1,1,5,5,4,3.0000,3.0000,0.0000,0.0000,1.0000,0.0000,1.0000,0,0.029046,0.00003988,0.029046,7.293643,-0.054797
2017-06-22,,2.1500,2.2900,10.4800,79.0393,140.700000,126.454050,0.109928,0.001732,1,1,1,1,0,4,3,5,3.0000,3.0000,0.0000,0.0000,1.0000,0.0000,1.0000,0,-0.001140,0.00003909,-0.001140,7.285325,-0.055875
2017-06-23,,2.1600,2.2900,10.0200,79.2576,141.240000,126.570650,0.109427,0.000779,1,1,1,1,0,4,3,4,3.0000,3.0000,0.0000,0.0000,1.0000,0.0000,1.0000,0,0.011227,0.00003791,0.011227,7.367119,-0.045275
2017-06-26,,2.1500,2.2900,9.9000,80.7860,140.580000,126.687400,0.110095,0.018507,1,1,1,1,0,4,3,4,3.0000,3.0000,0.0000,0.0000,1.0000,0.0000,1.0000,0,-0.013267,0.00003831,-0.013267,7.269380,-0.057941
2017-06-27,,2.1500,2.2900,11.0600,78.3843,138.030000,126.806150,0.109746,0.008640,1,1,1,1,0,4,3,4,3.0000,3.0000,0.0000,0.0000,1.0000,0.0000,1.0000,0,-0.055020,0.00003909,-0.055020,6.869417,-0.109773
2017-06-28,,2.1200,2.2850,10.0300,81.4410,140.020000,126.924600,0.107725,-0.012063,1,1,1,1,1,5,5,4,3.0000,3.0000,0.0000,0.0000,1.0000,0.0000,1.0000,0,0.041978,0.00003949,0.041978,7.157779,-0.072404
2017-06-29,,2.1400,2.2800,11.4400,79.4760,137.590000,127.036100,0.107810,-0.013657,1,1,1,1,1,5,5,5,3.0000,3.0000,0.0000,0.0000,1.0000,0.0000,1.0000,0,-0.050939,0.00004027,-0.050939,6.793166,-0.119655
2017-06-30,,2.1100,2.2800,11.1800,79.0393,137.640000,127.145100,0.107444,-0.025842,1,1,1,1,1,5,5,5,3.0000,3.0000,0.0000,0.0000,1.0000,0.0000,1.0000,0,-0.003469,0.00004106,-0.003469,6.769599,-0.122709
2017-07-03,,2.0900,2.2800,11.2200,81.2227,136.190000,127.237850,0.106767,-0.026817,1,1,1,1,1,5,5,5,3.0000,3.0000,0.0000,0.0000,1.0000,0.0000,1.0000,0,-0.027238,0.00004066,-0.027238,6.585212,-0.146604
2017-07-05,,2.0700,2.2800,11.0700,79.2576,137.530000,127.339050,0.106006,-0.030824,1,1,1,1,1,5,5,5,3.0000,3.0000,0.0000,0.0000,1.0000,0.0000,1.0000,0,0.028526,0.00004184,0.028526,6.773064,-0.122260
2017-07-06,,2.0800,2.2800,12.5400,78.6026,136.290000,127.436600,0.106942,-0.022915,1,1,1,1,1,5,5,5,3.0000,3.0000,0.0000,0.0000,1.0000,0.0000,1.0000,0,-0.026405,0.00004145,-0.026405,6.594223,-0.145437
2017-07-07,,2.0700,2.2800,11.1900,79.3028,137.760000,127.540400,0.106336,-0.029604,1,1,1,1,1,5,5,5,3.0000,3.0000,0.0000,0.0000,1.0000,0.0000,1.0000,0,0.029959,0.00004106,0.029959,6.791780,-0.119835
2017-07-10,,2.0800,2.2800,11.1100,78.2135,138.660000,127.642950,0.106139,-0.043351,1,1,1,1,1,5,5,5,3.0000,3.0000,0.0000,0.0000,1.0000,0.0000,1.0000,0,0.020923,0.00004145,0.020923,6.933882,-0.101419
2017-07-11,,2.0800,2.2800,10.8900,78.6492,139.050000,127.742750,0.106156,-0.046664,1,1,1,1,1,5,5,5,3.0000,3.0000,0.0000,0.0000,1.0000,0.0000,1.0000,0,0.008197,0.00004106,0.008197,6.990722,-0.094053
2017-07-12,,2.0800,2.2800,10.3000,79.0850,140.700000,127.854600,0.106266,-0.041207,1,1,1,1,1,5,5,5,3.0000,3.0000,0.0000,0.0000,1.0000,0.0000,1.0000,0,0.035598,0.00004145,0.035598,7.239575,-0.061804
2017-07-13,,2.0900,2.2750,9.9000,79.0850,141.010000,127.972950,0.105720,-0.051837,1,1,1,1,1,5,5,5,3.0000,3.0000,0.0000,0.0000,1.0000,0.0000,1.0000,0,0.006607,0.00004145,0.006607,7.287404,-0.055605
2017-07-14,,2.0900,2.2700,9.5100,80.8279,142.120000,128.091050,0.105718,-0.047081,1,1,1,1,1,5,5,5,3.0000,3.0000,0.0000,0.0000,1.0000,0.0000,1.0000,0,0.023495,0.00004145,0.023495,7.458619,-0.033417
2017-07-17,,2.0900,2.2700,9.8200,81.6993,142.190000,128.208500,0.106219,-0.029893,1,1,1,1,1,5,5,5,3.0000,3.0000,0.0000,0.0000,1.0000,0.0000,1.0000,0,0.000558,0.00004106,0.000558,7.462778,-0.032878
2017-07-18,,2.0900,2.2700,9.8900,81.0458,143.140000,128.335000,0.106468,-0.035977,1,1,1,1,1,5,5,5,3.0000,3.0000,0.0000,0.0000,1.0000,0.0000,1.0000,0,0.019877,0.00004224,0.019877,7.611119,-0.013654
2017-07-19,,2.0800,2.2700,9.7900,83.2244,143.980000,128.461300,0.106340,-0.031213,1,1,1,1,1,5,5,5,3.0000,3.0000,0.0000,0.0000,1.0000,0.0000,1.0000,0,0.018306,0.00004224,0.018306,7.750448,0.000000
2017-07-20,,2.0700,2.2650,9.5800,82.1351,144.170000,128.589400,0.107062,-0.016970,1,1,1,1,1,5,5,5,3.0000,3.0000,0.0000,0.0000,1.0000,0.0000,1.0000,0,0.003756,0.00004381,0.003756,7.779562,0.000000
2017-07-21,,2.0500,2.2600,9.3600,82.7887,144.110000,128.718100,0.107927,-0.006210,1,1,1,1,1,5,5,5,3.0000,3.0000,0.0000,0.0000,1.0000,0.0000,1.0000,0,-0.001515,0.00004538,-0.001515,7.767778,-0.001515
2017-07-24,,2.0500,2.2600,9.4300,81.6993,144.770000,128.848000,0.106940,-0.018282,1,1,1,1,1,5,5,5,3.0000,3.0000,0.0000,0.0000,1.0000,0.0000,1.0000,0,0.013029,0.00004577,0.013029,7.868982,0.000000
2017-07-25,,2.0600,2.2600,9.4300,83.2244,144.400000,128.976350,0.106075,-0.023950,1,1,1,1,1,5,5,5,3.0000,3.0000,0.0000,0.0000,1.0000,0.0000,1.0000,0,-0.006695,0.00004616,-0.006695,7.816300,-0.006695
2017-07-26,,2.0500,2.2600,9.6000,81.6993,144.870000,129.108350,0.107081,-0.005526,1,1,1,1,1,5,5,5,3.0000,3.0000,0.0000,0.0000,1.0000,0.0000,1.0000,0,0.008957,0.00004655,0.008957,7.886312,0.000000
2017-07-27,,2.0700,2.2600,10.1100,81.9172,143.960000,129.232050,0.107443,-0.002847,1,1,1,1,1,5,5,5,3.0000,3.0000,0.0000,0.0000,1.0000,0.0000,1.0000,0,-0.017843,0.00004459,-0.017843,7.745595,-0.017843
2017-07-28,,2.0700,2.2600,10.2900,79.9564,143.840000,129.363650,0.107408,-0.000826,1,1,1,1,1,5,5,5,3.0000,3.0000,0.0000,0.0000,1.0000,0.0000,1.0000,0,-0.003222,0.00004381,-0.003222,7.720641,-0.021007
2017-07-31,,2.0500,2.2600,10.2600,80.1743,143.230000,129.492700,0.107833,0.000854,1,1,1,1,0,4,3,5,3.0000,3.0000,0.0000,0.0000,1.0000,0.0000,1.0000,0,-0.013018,0.00004263,-0.013018,7.620131,-0.033752
2017-08-01,,2.0600,2.2600,10.0900,80.6100,143.560000,129.625500,0.108200,0.002813,1,1,1,1,0,4,3,4,3.0000,3.0000,0.0000,0.0000,1.0000,0.0000,1.0000,0,0.006550,0.00004224,0.006550,7.670040,-0.027424
2017-08-02,,2.0600,2.2550,10.2800,79.5207,143.950000,129.759550,0.108612,0.006988,1,1,1,1,0,4,3,4,3.0000,3.0000,0.0000,0.0000,1.0000,0.0000,1.0000,0,0.007320,0.00004263,0.007320,7.726187,-0.020304
2017-08-03,,2.0500,2.2500,10.4400,79.3028,143.390000,129.892400,0.109370,0.020999,1,1,1,1,0,4,3,4,3.0000,3.0000,0.0000,0.0000,1.0000,0.0000,1.0000,0,-0.010407,0.00004263,-0.010407,7.645777,-0.030500
2017-08-04,,2.0500,2.2500,10.0300,80.1743,143.650000,130.021350,0.108686,0.014666,1,1,1,1,0,4,3,4,3.0000,3.0000,0.0000,0.0000,1.0000,0.0000,1.0000,0,0.003899,0.00004263,0.003899,7.675585,-0.026721
2017-08-07,,2.0500,2.2500,9.9300,79.5207,144.560000,130.154900,0.108827,0.012513,1,1,1,1,0,4,3,4,3.0000,3.0000,0.0000,0.0000,1.0000,0.0000,1.0000,0,0.017701,0.00004263,0.017701,7.811448,-0.009493
2017-08-08,,2.0600,2.2500,10.9600,79.3028,144.310000,130.287900,0.109541,0.012521,1,1,1,1,0,4,3,4,3.0000,3.0000,0.0000,0.0000,1.0000,0.0000,1.0000,0,-0.003727,0.00004027,-0.003727,7.782335,-0.013184
2017-08-09,,2.0700,2.2500,11.1100,78.4314,144.120000,130.417750,0.108979,0.008421,1,1,1,1,0,4,3,4,3.0000,3.0000,0.0000,0.0000,1.0000,0.0000,1.0000,0,-0.003919,0.00004184,-0.003919,7.751834,-0.017052
2017-08-10,,2.0900,2.2500,16.0400,72.5490,141.030000,130.525050,0.110888,0.032956,1,1,1,1,0,4,3,4,3.0000,3.0000,0.0000,0.0000,1.0000,0.0000,1.0000,0,-0.064920,0.00004184,-0.064920,7.248585,-0.080865
2017-08-11,,2.1100,2.2500,15.5100,73.2026,142.100000,130.639600,0.110069,0.004262,1,1,1,1,0,4,3,4,3.0000,3.0000,0.0000,0.0000,1.0000,0.0000,1.0000,0,0.022856,0.00004145,0.022856,7.414256,-0.059858
2017-08-14,,2.1200,2.2500,12.3300,75.8170,143.930000,130.767350,0.109617,0.000564,1,1,1,1,0,4,3,4,3.0000,3.0000,0.0000,0.0000,1.0000,0.0000,1.0000,0,0.038893,0.00004066,0.038893,7.702619,-0.023293
2017-08-15,,2.1100,2.2500,12.0400,75.1634,144.030000,130.898300,0.110239,0.009178,1,1,1,1,0,4,3,4,3.0000,3.0000,0.0000,0.0000,1.0000,0.0000,1.0000,0,0.001800,0.00004027,0.001800,7.716482,-0.021535
2017-08-16,,2.0900,2.2500,11.7400,76.0349,144.280000,131.034200,0.110492,0.007856,1,1,1,1,0,4,3,4,3.0000,3.0000,0.0000,0.0000,1.0000,0.0000,1.0000,0,0.005210,0.00004106,0.005210,7.756687,-0.016437
2017-08-17,,2.0900,2.2500,15.5500,68.0435,141.330000,131.155900,0.111440,0.016005,1,1,1,1,0,4,3,4,3.0000,3.0000,0.0000,0.0000,1.0000,0.0000,1.0000,0,-0.061484,0.00004027,-0.061484,7.279778,-0.076910
2017-08-18,,2.1100,2.2500,14.2600,67.3913,141.230000,131.281500,0.112274,0.020156,1,1,1,1,0,4,3,4,3.0000,3.0000,0.0000,0.0000,1.0000,0.0000,1.0000,0,-0.003523,0.00003949,-0.003523,7.254132,-0.080162
2017-08-21,,2.1200,2.2450,13.1900,67.1739,141.050000,131.410850,0.112598,0.019629,1,1,1,1,0,4,3,4,3.0000,3.0000,0.0000,0.0000,1.0000,0.0000,1.0000,0,-0.001816,0.00004027,-0.001816,7.240961,-0.081832
2017-08-22,,2.1200,2.2400,11.3500,70.8696,143.200000,131.556600,0.111677,0.011160,1,1,1,1,0,4,3,4,3.0000,3.0000,0.0000,0.0000,1.0000,0.0000,1.0000,0,0.044515,0.00003949,0.044515,7.563289,-0.040960
2017-08-23,,2.1000,2.2400,12.2500,69.6312,142.690000,131.701800,0.112447,0.014023,1,1,1,1,0,4,3,4,3.0000,3.0000,0.0000,0.0000,1.0000,0.0000,1.0000,0,-0.011181,0.00003949,-0.011181,7.478722,-0.051683
2017-08-24,,2.1200,2.2400,12.2300,69.8482,142.270000,131.831400,0.112628,0.010241,1,1,1,1,0,4,3,4,3.0000,3.0000,0.0000,0.0000,1.0000,0.0000,1.0000,0,-0.008342,0.00003949,-0.008342,7.416336,-0.059594
2017-08-25,,2.1200,2.2400,11.2800,71.1497,141.970000,131.955700,0.112733,0.012037,1,1,1,1,0,4,3,4,3.0000,3.0000,0.0000,0.0000,1.0000,0.0000,1.0000,0,-0.006730,0.00004027,-0.006730,7.366427,-0.065922
2017-08-28,,2.1200,2.2400,11.3200,69.6312,142.410000,132.079500,0.112933,0.016048,1,1,1,1,0,4,3,4,3.0000,3.0000,0.0000,0.0000,1.0000,0.0000,1.0000,0,0.008751,0.00004066,0.008751,7.430893,-0.057748
2017-08-29,,2.1300,2.2400,11.7000,69.1974,142.970000,132.215600,0.112559,0.015141,1,1,1,1,0,4,3,4,3.0000,3.0000,0.0000,0.0000,1.0000,0.0000,1.0000,0,0.012313,0.00003870,0.012313,7.522392,-0.046146
2017-08-30,,2.1500,2.2400,11.2200,70.7158,144.650000,132.359850,0.111703,0.006454,1,1,1,1,0,4,3,4,3.0000,3.0000,0.0000,0.0000,1.0000,0.0000,1.0000,0,0.034648,0.00004066,0.034648,7.783027,-0.013097
2017-08-31,,2.1400,2.2400,10.5900,71.8004,146.200000,132.517700,0.111055,-0.000950,1,1,1,1,1,5,5,4,3.0000,3.0000,0.0000,0.0000,1.0000,0.0000,1.0000,0,0.028411,0.00004066,0.028411,8.004152,0.000000
2017-09-01,,2.1400,2.2400,10.1300,72.8850,146.000000,132.666600,0.110555,0.003450,1,1,1,1,0,4,3,5,3.0000,3.0000,0.0000,0.0000,1.0000,0.0000,1.0000,0,-0.000693,0.00003988,-0.000693,7.998607,-0.000693
2017-09-05,,2.1500,2.2400,12.2300,68.5466,144.690000,132.805500,0.111639,0.012776,1,1,1,1,0,4,3,4,3.0000,3.0000,0.0000,0.0000,1.0000,0.0000,1.0000,0,-0.026779,0.00004027,-0.026779,7.784414,-0.027453
2017-09-06,,2.1600,2.2400,11.6300,71.1497,145.130000,132.942350,0.110753,0.006361,1,1,1,1,0,4,3,4,3.0000,3.0000,0.0000,0.0000,1.0000,0.0000,1.0000,0,0.008637,0.00004066,0.008637,7.851652,-0.019053
2017-09-07,,2.1700,2.2400,11.5500,70.0651,145.470000,133.083100,0.111597,0.016584,1,1,1,1,0,4,3,4,3.0000,3.0000,0.0000,0.0000,1.0000,0.0000,1.0000,0,0.006180,0.00004224,0.006180,7.900175,-0.012990
2017-09-08,,2.1700,2.2400,12.1200,70.4989,144.210000,133.211450,0.112256,0.015794,1,1,1,1,0,4,3,4,3.0000,3.0000,0.0000,0.0000,1.0000,0.0000,1.0000,0,-0.024656,0.00004145,-0.024656,7.705392,-0.037326
2017-09-11,,2.1700,2.2400,10.7300,72.8850,145.870000,133.346300,0.112014,0.005861,1,1,1,1,0,4,3,4,3.0000,3.0000,0.0000,0.0000,1.0000,0.0000,1.0000,0,0.031846,0.00004106,0.031846,7.950778,-0.006668
2017-09-12,,2.1500,2.2400,10.5800,75.2711,146.220000,133.485300,0.109778,-0.015939,1,1,1,1,1,5,5,4,3.0000,3.0000,0.0000,0.0000,1.0000,0.0000,1.0000,0,0.008457,0.00004145,0.008457,8.018015,0.000000
2017-09-13,,2.1600,2.2400,10.5000,74.1866,146.420000,133.623400,0.109186,-0.009541,1,1,1,1,1,5,5,5,3.0000,3.0000,0.0000,0.0000,1.0000,0.0000,1.0000,0,0.004150,0.00004066,0.004150,8.051288,0.000000
2017-09-14,,2.1300,2.2400,10.4400,73.5358,145.560000,133.758550,0.110140,-0.008193,1,1,1,1,1,5,5,5,3.0000,3.0000,0.0000,0.0000,1.0000,0.0000,1.0000,0,-0.016875,0.00004106,-0.016875,7.915425,-0.016875
2017-09-15,,2.1100,2.2400,10.1700,74.6204,146.060000,133.894150,0.109856,-0.004991,1,1,1,1,1,5,5,5,3.0000,3.0000,0.0000,0.0000,1.0000,0.0000,1.0000,0,0.008057,0.00004145,0.008057,7.979198,-0.008954
2017-09-18,,2.1000,2.2400,10.1500,74.6204,145.550000,134.034400,0.108502,-0.013347,1,1,1,1,1,5,5,5,3.0000,3.0000,0.0000,0.0000,1.0000,0.0000,1.0000,0,-0.002433,0.00004145,-0.002433,7.959788,-0.011365
2017-09-19,,2.1000,2.2400,10.1800,76.1388,145.800000,134.186050,0.108173,-0.011783,1,1,1,1,1,5,5,5,3.0000,3.0000,0.0000,0.0000,1.0000,0.0000,1.0000,0,0.004267,0.00004145,0.004267,7.993754,-0.007146
2017-09-20,,2.0900,2.2350,9.7800,76.5727,145.350000,134.334300,0.107334,-0.025773,1,1,1,1,1,5,5,5,3.0000,3.0000,0.0000,0.0000,1.0000,0.0000,1.0000,0,-0.008325,0.00004106,-0.008325,7.927209,-0.015411
2017-09-21,,2.0600,2.2300,9.6700,75.9219,144.460000,134.473600,0.107603,-0.020183,1,1,1,1,1,5,5,5,3.0000,3.0000,0.0000,0.0000,1.0000,0.0000,1.0000,0,-0.019238,0.00004106,-0.019238,7.774709,-0.034352
2017-09-22,,2.0500,2.2300,9.5900,75.4881,144.320000,134.610800,0.106699,-0.009758,1,1,1,1,1,5,5,5,3.0000,3.0000,0.0000,0.0000,1.0000,0.0000,1.0000,0,-0.002496,0.00004106,-0.002496,7.755301,-0.036763
2017-09-25,,2.0500,2.2300,10.2100,77.7056,142.800000,134.733000,0.107902,0.000876,1,1,1,1,0,4,3,5,3.0000,3.0000,0.0000,0.0000,1.0000,0.0000,1.0000,0,-0.031373,0.00004066,-0.031373,7.511995,-0.066982
2017-09-26,,2.0600,2.2300,10.1700,76.1905,143.170000,134.856000,0.107636,0.001840,1,1,1,1,0,4,3,4,3.0000,3.0000,0.0000,0.0000,1.0000,0.0000,1.0000,0,0.006828,0.00004145,0.006828,7.563289,-0.060611
2017-09-27,,2.0400,2.2300,9.8700,77.4892,144.460000,134.980800,0.105779,-0.009553,1,1,1,1,1,5,5,4,3.0000,3.0000,0.0000,0.0000,1.0000,0.0000,1.0000,0,0.027129,0.00004184,0.027129,7.768470,-0.035127
2017-09-28,,2.0600,2.2300,9.5500,77.4892,144.410000,135.108050,0.106032,0.000252,1,1,1,1,0,4,3,5,3.0000,3.0000,0.0000,0.0000,1.0000,0.0000,1.0000,0,-0.001695,0.00004224,-0.001695,7.755301,-0.036763
2017-09-29,,2.0500,2.2300,9.5100,78.3550,145.450000,135.233000,0.105581,-0.013300,1,1,1,1,1,5,5,4,3.0000,3.0000,0.0000,0.0000,1.0000,0.0000,1.0000,0,0.021183,0.00004184,0.021183,7.919585,-0.016358
2017-10-02,,2.0000,2.2300,9.4500,79.4372,145.580000,135.359850,0.105303,-0.010126,1,1,1,1,1,5,5,5,3.0000,3.0000,0.0000,0.0000,1.0000,0.0000,1.0000,0,0.002801,0.00004184,0.002801,7.941766,-0.013603
2017-10-03,,1.9900,2.2300,9.5100,78.3550,145.890000,135.487300,0.104781,-0.013349,1,1,1,1,1,5,5,5,3.0000,3.0000,0.0000,0.0000,1.0000,0.0000,1.0000,0,0.006284,0.00003988,0.006284,7.991675,-0.007404
2017-10-04,,2.0000,2.2300,9.6300,79.4372,146.030000,135.619450,0.105704,-0.004455,1,1,1,1,1,5,5,5,3.0000,3.0000,0.0000,0.0000,1.0000,0.0000,1.0000,0,0.002602,0.00004224,0.002602,8.012470,-0.004821
2017-10-05,,2.0100,2.2300,9.1900,80.5195,147.460000,135.756300,0.104983,-0.012601,1,1,1,1,1,5,5,5,3.0000,3.0000,0.0000,0.0000,1.0000,0.0000,1.0000,0,0.028809,0.00004263,0.028809,8.243299,0.000000
2017-10-06,,2.0000,2.2300,9.6500,79.6537,147.660000,135.891850,0.105024,-0.006846,1,1,1,1,1,5,5,5,3.0000,3.0000,0.0000,0.0000,1.0000,0.0000,1.0000,0,0.003616,0.00004224,0.003616,8.273106,0.000000
2017-10-09,,1.9800,2.2300,10.3300,78.5714,147.490000,136.027000,0.105336,-0.003735,1,1,1,1,1,5,5,5,3.0000,3.0000,0.0000,0.0000,1.0000,0.0000,1.0000,0,-0.002514,0.00004224,-0.002514,8.252311,-0.002514
2017-10-10,,1.9800,2.2300,10.0800,79.4372,147.600000,136.164400,0.106080,-0.001362,1,1,1,1,1,5,5,5,3.0000,3.0000,0.0000,0.0000,1.0000,0.0000,1.0000,0,0.002100,0.00004224,0.002100,8.269639,-0.000419
2017-10-11,,1.9700,2.2300,9.8500,80.0866,148.040000,136.303600,0.106364,-0.001015,1,1,1,1,1,5,5,5,3.0000,3.0000,0.0000,0.0000,1.0000,0.0000,1.0000,0,0.008718,0.00004263,0.008718,8.341731,0.000000
2017-10-12,,1.9700,2.2300,9.9100,80.9524,147.770000,136.438350,0.107073,0.007101,1,1,1,1,0,4,3,5,3.0000,3.0000,0.0000,0.0000,1.0000,0.0000,1.0000,0,-0.005401,0.00004341,-0.005401,8.296674,-0.005401
2017-10-13,,1.9700,2.2300,9.6100,80.5195,148.340000,136.580650,0.106197,-0.008332,1,1,1,1,1,5,5,4,3.0000,3.0000,0.0000,0.0000,1.0000,0.0000,1.0000,0,0.011196,0.00004302,0.011196,8.389561,0.000000
2017-10-16,,1.9700,2.2300,9.9100,80.7359,148.850000,136.726350,0.105821,-0.020179,1,1,1,1,1,5,5,5,3.0000,3.0000,0.0000,0.0000,1.0000,0.0000,1.0000,0,0.010328,0.00004302,0.010328,8.476208,0.000000
2017-10-17,,1.9700,2.2250,10.3100,81.3853,149.040000,136.879150,0.106373,-0.005495,1,1,1,1,1,5,5,5,3.0000,3.0000,0.0000,0.0000,1.0000,0.0000,1.0000,0,0.003517,0.00004341,0.003517,8.506015,0.000000
2017-10-18,,1.9500,2.2200,10.0700,81.3853,148.860000,137.025750,0.106073,-0.000016,1,1,1,1,1,5,5,5,3.0000,3.0000,0.0000,0.0000,1.0000,0.0000,1.0000,0,-0.003830,0.00004302,-0.003830,8.473434,-0.003830
2017-10-19,,1.9500,2.2200,10.0500,81.8182,148.310000,137.166350,0.107158,0.000747,1,1,1,1,0,4,3,5,3.0000,3.0000,0.0000,0.0000,1.0000,0.0000,1.0000,0,-0.011044,0.00004302,-0.011044,8.379855,-0.014832
2017-10-20,,1.9400,2.2200,9.9700,81.3853,148.710000,137.305550,0.106686,-0.007333,1,1,1,1,1,5,5,4,3.0000,3.0000,0.0000,0.0000,1.0000,0.0000,1.0000,0,0.007279,0.00004341,0.007279,8.440856,-0.007660
2017-10-23,,1.9400,2.2200,11.0700,81.3853,147.740000,137.434600,0.107161,-0.002381,1,1,1,1,1,5,5,5,3.0000,3.0000,0.0000,0.0000,1.0000,0.0000,1.0000,0,-0.018642,0.00004381,-0.018642,8.283504,-0.026159
2017-10-24,,1.9400,2.2200,11.1600,80.7359,147.990000,137.562900,0.107070,-0.007354,1,1,1,1,1,5,5,5,3.0000,3.0000,0.0000,0.0000,1.0000,0.0000,1.0000,0,0.005104,0.00004302,0.005104,8.325787,-0.021188
2017-10-25,,1.9200,2.2200,11.2300,79.6537,147.430000,137.687050,0.107133,-0.010178,1,1,1,1,1,5,5,5,3.0000,3.0000,0.0000,0.0000,1.0000,0.0000,1.0000,0,-0.012155,0.00004420,-0.012155,8.224583,-0.033086
2017-10-26,,1.9300,2.2200,11.3000,78.7879,146.960000,137.807200,0.107014,-0.015198,1,1,1,1,1,5,5,5,3.0000,3.0000,0.0000,0.0000,1.0000,0.0000,1.0000,0,-0.009271,0.00004420,-0.009271,8.148334,-0.042050
2017-10-27,,1.9100,2.2200,9.8000,78.5714,151.240000,137.949700,0.106806,-0.024462,1,1,1,1,1,5,5,5,3.0000,3.0000,0.0000,0.0000,1.0000,0.0000,1.0000,0,0.086176,0.00004381,0.086176,8.850525,0.000000
2017-10-30,,1.9300,2.2200,10.5000,77.9221,151.580000,138.091800,0.107225,-0.013950,1,1,1,1,1,5,5,5,3.0000,3.0000,0.0000,0.0000,1.0000,0.0000,1.0000,0,0.007127,0.00004341,0.007127,8.913605,0.000000
2017-10-31,,1.9200,2.2150,10.1800,77.0563,152.150000,138.238600,0.107175,-0.015752,1,1,1,1,1,5,5,5,3.0000,3.0000,0.0000,0.0000,1.0000,0.0000,1.0000,0,0.010576,0.00004420,0.010576,9.007876,0.000000
2017-11-01,,1.9100,2.2100,10.2000,77.7056,152.100000,138.383900,0.106431,-0.029559,1,1,1,1,1,5,5,5,3.0000,3.0000,0.0000,0.0000,1.0000,0.0000,1.0000,0,-0.001308,0.00004538,-0.001308,8.996093,-0.001308
2017-11-02,,1.9200,2.2100,9.9300,76.6234,151.810000,138.528050,0.106778,-0.021037,1,1,1,1,1,5,5,5,3.0000,3.0000,0.0000,0.0000,1.0000,0.0000,1.0000,0,-0.005086,0.00004655,-0.005086,8.950343,-0.006387
2017-11-03,,1.9100,2.2100,9.1400,76.1905,153.270000,138.678150,0.106810,-0.038992,1,1,1,1,1,5,5,5,3.0000,3.0000,0.0000,0.0000,1.0000,0.0000,1.0000,0,0.027881,0.00004616,0.027881,9.199888,0.000000
2017-11-06,,1.9100,2.2100,9.4000,76.1905,153.790000,138.830350,0.106239,-0.036893,1,1,1,1,1,5,5,5,3.0000,3.0000,0.0000,0.0000,1.0000,0.0000,1.0000,0,0.010172,0.00004655,0.010172,9.293467,0.000000
2017-11-07,,1.9200,2.2100,9.8900,75.7576,153.880000,138.978850,0.107589,-0.019414,1,1,1,1,1,5,5,5,3.0000,3.0000,0.0000,0.0000,1.0000,0.0000,1.0000,0,0.001641,0.00004694,0.001641,9.308718,0.000000
2017-11-08,,1.9000,2.2100,9.7800,75.5411,154.500000,139.124200,0.107483,-0.026275,1,1,1,1,1,5,5,5,3.0000,3.0000,0.0000,0.0000,1.0000,0.0000,1.0000,0,0.012510,0.00004812,0.012510,9.425172,0.000000
2017-11-09,,1.9200,2.2100,10.5000,75.7576,153.690000,139.264850,0.108010,-0.023487,1,1,1,1,1,5,5,5,3.0000,3.0000,0.0000,0.0000,1.0000,0.0000,1.0000,0,-0.016033,0.00004851,-0.016033,9.274058,-0.016033
2017-11-10,,1.9300,2.2100,11.2900,75.9740,153.680000,139.404250,0.107540,-0.037158,1,1,1,1,1,5,5,5,3.0000,3.0000,0.0000,0.0000,1.0000,0.0000,1.0000,0,-0.000299,0.00004890,-0.000299,9.271286,-0.016327
2017-11-13,,1.9300,2.2100,11.5000,74.6753,153.870000,139.549500,0.108718,-0.033714,1,1,1,1,1,5,5,5,3.0000,3.0000,0.0000,0.0000,1.0000,0.0000,1.0000,0,0.002991,0.00004851,0.002991,9.299012,-0.013385
2017-11-14,,1.9300,2.2100,11.5900,75.3780,153.310000,139.693200,0.110329,-0.021383,1,1,1,1,1,5,5,5,3.0000,3.0000,0.0000,0.0000,1.0000,0.0000,1.0000,0,-0.010063,0.00004890,-0.010063,9.205433,-0.023314
2017-11-15,,1.9300,2.2100,13.1300,73.2181,152.590000,139.829000,0.109928,-0.016361,1,1,1,1,1,5,5,5,3.0000,3.0000,0.0000,0.0000,1.0000,0.0000,1.0000,0,-0.014684,0.00004969,-0.014684,9.070263,-0.037655
2017-11-16,,1.9500,2.2050,11.7600,75.5940,154.540000,139.975100,0.108654,-0.035673,1,1,1,1,1,5,5,5,3.0000,3.0000,0.0000,0.0000,1.0000,0.0000,1.0000,0,0.037448,0.00004930,0.037448,9.409921,-0.001618
2017-11-17,,1.9200,2.2000,11.4300,73.8661,153.950000,140.116450,0.108218,-0.041381,1,1,1,1,1,5,5,5,3.0000,3.0000,0.0000,0.0000,1.0000,0.0000,1.0000,0,-0.011197,0.00005008,-0.011197,9.304559,-0.012797
2017-11-20,,1.9300,2.2000,10.6500,75.1620,153.830000,140.256450,0.107704,-0.047115,1,1,1,1,1,5,5,5,3.0000,3.0000,0.0000,0.0000,1.0000,0.0000,1.0000,0,-0.002458,0.00005086,-0.002458,9.281684,-0.015224
2017-11-21,,1.9100,2.2000,9.7300,77.3218,155.500000,140.402500,0.107293,-0.053093,1,1,1,1,1,5,5,5,3.0000,3.0000,0.0000,0.0000,1.0000,0.0000,1.0000,0,0.031516,0.00005126,0.031516,9.574205,0.000000
2017-11-22,,1.8800,2.1950,9.8800,76.2419,155.690000,140.548450,0.107388,-0.048739,1,1,1,1,1,5,5,5,3.0000,3.0000,0.0000,0.0000,1.0000,0.0000,1.0000,0,0.003982,0.00005126,0.003982,9.612331,0.000000
2017-11-24,,1.9100,2.1900,9.6700,75.8099,156.260000,140.694950,0.107313,-0.041592,1,1,1,1,1,5,5,5,3.0000,3.0000,0.0000,0.0000,1.0000,0.0000,1.0000,0,0.011250,0.00005086,0.011250,9.720467,0.000000
2017-11-27,,1.9000,2.1900,9.8700,75.1620,156.190000,140.839000,0.107828,-0.030556,1,1,1,1,1,5,5,5,3.0000,3.0000,0.0000,0.0000,1.0000,0.0000,1.0000,0,-0.001640,0.00005086,-0.001640,9.704523,-0.001640
2017-11-28,,1.9300,2.1900,10.0300,78.6177,156.590000,140.981450,0.107239,-0.031812,1,1,1,1,1,5,5,5,3.0000,3.0000,0.0000,0.0000,1.0000,0.0000,1.0000,0,0.007357,0.00005008,0.007357,9.775921,0.000000
2017-11-29,,1.9100,2.1900,10.7000,79.6976,153.860000,141.108100,0.107362,-0.040910,1,1,1,1,1,5,5,5,3.0000,3.0000,0.0000,0.0000,1.0000,0.0000,1.0000,0,-0.051407,0.00005126,-0.051407,9.273366,-0.051407
2017-11-30,,1.9200,2.1850,11.2800,80.5616,155.150000,141.237400,0.106788,-0.038425,1,1,1,1,1,5,5,5,3.0000,3.0000,0.0000,0.0000,1.0000,0.0000,1.0000,0,0.024817,0.00005086,0.024817,9.503501,-0.027866
2017-12-01,,1.8800,2.1800,11.4300,79.6976,154.490000,141.363600,0.106651,-0.047477,1,1,1,1,1,5,5,5,3.0000,3.0000,0.0000,0.0000,1.0000,0.0000,1.0000,0,-0.013348,0.00005008,-0.013348,9.376649,-0.040842
2017-12-04,,1.8700,2.1800,11.6800,82.2894,152.710000,141.478100,0.106175,-0.058028,1,1,1,1,1,5,5,5,3.0000,3.0000,0.0000,0.0000,1.0000,0.0000,1.0000,0,-0.034523,0.00005008,-0.034523,9.052934,-0.073956
2017-12-05,,1.8700,2.1800,11.3300,80.7775,152.810000,141.589900,0.105209,-0.064157,1,1,1,1,1,5,5,5,3.0000,3.0000,0.0000,0.0000,1.0000,0.0000,1.0000,0,0.001455,0.00005086,0.001455,9.066104,-0.072609
2017-12-06,,1.8400,2.1750,11.0200,80.1296,153.500000,141.704900,0.105588,-0.040181,1,1,1,1,1,5,5,5,3.0000,3.0000,0.0000,0.0000,1.0000,0.0000,1.0000,0,0.013227,0.00005126,0.013227,9.186025,-0.060342
2017-12-07,,1.8600,2.1700,10.1600,80.7775,154.020000,141.824950,0.105446,-0.036159,1,1,1,1,1,5,5,5,3.0000,3.0000,0.0000,0.0000,1.0000,0.0000,1.0000,0,0.009885,0.00005126,0.009885,9.276831,-0.051053
2017-12-08,,1.8800,2.1700,9.5800,81.2095,154.700000,141.947150,0.105213,-0.047499,1,1,1,1,1,5,5,5,3.0000,3.0000,0.0000,0.0000,1.0000,0.0000,1.0000,0,0.013226,0.00005086,0.013226,9.399524,-0.038502
2017-12-11,,1.8700,2.1700,9.3400,82.2894,155.900000,142.074550,0.105535,-0.042036,1,1,1,1,1,5,5,5,3.0000,3.0000,0.0000,0.0000,1.0000,0.0000,1.0000,0,0.022935,0.00005047,0.022935,9.615102,-0.016450
2017-12-12,,1.8500,2.1700,9.9200,82.7214,155.690000,142.202900,0.103550,-0.048756,1,1,1,1,1,5,5,5,3.0000,3.0000,0.0000,0.0000,1.0000,0.0000,1.0000,0,-0.003749,0.00005243,-0.003749,9.579058,-0.020138
2017-12-13,,1.8400,2.1700,10.1800,81.6415,155.990000,142.325650,0.103843,-0.042720,1,1,1,1,1,5,5,5,3.0000,3.0000,0.0000,0.0000,1.0000,0.0000,1.0000,0,0.004993,0.00005282,0.004993,9.626887,-0.015245
2017-12-14,,1.8300,2.1700,10.4900,80.5616,155.880000,142.451150,0.104137,-0.031647,1,1,1,1,1,5,5,5,3.0000,3.0000,0.0000,0.0000,1.0000,0.0000,1.0000,0,-0.001440,0.00005126,-0.001440,9.613023,-0.016663
2017-12-15,,1.8200,2.1650,9.4200,82.5054,157.650000,142.584300,0.103223,-0.043494,1,1,1,1,1,5,5,5,3.0000,3.0000,0.0000,0.0000,1.0000,0.0000,1.0000,0,0.032521,0.00005204,0.032521,9.925648,0.000000
2017-12-18,,1.8000,2.1600,9.5300,82.2894,158.640000,142.723850,0.101435,-0.053041,1,1,1,1,1,5,5,5,3.0000,3.0000,0.0000,0.0000,1.0000,0.0000,1.0000,0,0.025700,0.00005165,0.025700,10.180737,0.000000
2017-12-19,,1.8100,2.1600,10.0300,80.1296,157.700000,142.859800,0.099974,-0.078858,1,1,1,1,1,5,5,5,3.0000,3.0000,0.0000,0.0000,1.0000,0.0000,1.0000,0,-0.016273,0.00005439,-0.016273,10.015068,-0.016273
2017-12-20,,1.8100,2.1600,9.7200,80.3456,157.530000,142.993750,0.099240,-0.083628,1,1,1,1,1,5,5,5,3.0000,3.0000,0.0000,0.0000,1.0000,0.0000,1.0000,0,-0.004153,0.00005400,-0.004153,9.973477,-0.020358
2017-12-21,,1.8200,2.1600,9.6200,80.7775,157.550000,143.127300,0.097859,-0.080125,1,1,1,1,1,5,5,5,3.0000,3.0000,0.0000,0.0000,1.0000,0.0000,1.0000,0,-0.000487,0.00005439,-0.000487,9.968624,-0.020835
2017-12-22,,1.7900,2.1600,9.9000,81.6415,157.370000,143.257200,0.098034,-0.080599,1,1,1,1,1,5,5,5,3.0000,3.0000,0.0000,0.0000,1.0000,0.0000,1.0000,0,-0.003338,0.00005321,-0.003338,9.935352,-0.024103
2017-12-26,,1.7900,2.1550,10.2500,80.7775,156.520000,143.381750,0.097571,-0.080681,1,1,1,1,1,5,5,5,3.0000,3.0000,0.0000,0.0000,1.0000,0.0000,1.0000,0,-0.016186,0.00005243,-0.016186,9.774535,-0.039899
2017-12-27,,1.7800,2.1500,10.4700,81.6415,156.540000,143.508000,0.097935,-0.074127,1,1,1,1,1,5,5,5,3.0000,3.0000,0.0000,0.0000,1.0000,0.0000,1.0000,0,0.000000,0.00005791,0.000000,9.774535,-0.039899
2017-12-28,,1.7600,2.1500,10.1800,82.2894,156.730000,143.631150,0.098275,-0.065777,1,1,1,1,1,5,5,5,3.0000,3.0000,0.0000,0.0000,1.0000,0.0000,1.0000,0,0.002695,0.00005674,0.002695,9.800875,-0.037312
2017-12-29,,1.7600,2.1500,11.0400,82.0734,155.760000,143.749900,0.098703,-0.069811,1,1,1,1,1,5,5,5,3.0000,3.0000,0.0000,0.0000,1.0000,0.0000,1.0000,0,-0.018884,0.00005478,-0.018884,9.615796,-0.055491
2018-01-02,,1.7700,2.1500,9.7700,81.2095,158.490000,143.883900,0.097090,-0.079346,1,1,1,1,1,5,5,5,3.0000,3.0000,0.0000,0.0000,1.0000,0.0000,1.0000,0,0.051326,0.00005478,0.051326,10.109341,-0.007013
2018-01-03,,1.7800,2.1500,9.1500,80.7775,160.030000,144.025000,0.095722,-0.094175,1,1,1,1,1,5,5,5,3.0000,3.0000,0.0000,0.0000,1.0000,0.0000,1.0000,0,0.029279,0.00005674,0.029279,10.405328,0.000000
2018-01-04,,1.7700,2.1500,9.2200,81.2095,160.310000,144.177500,0.094529,-0.109728,1,1,1,1,1,5,5,5,3.0000,3.0000,0.0000,0.0000,1.0000,0.0000,1.0000,0,0.005862,0.00005556,0.005862,10.466328,0.000000
2018-01-05,,1.7500,2.1500,9.2200,82.2894,161.920000,144.333650,0.093867,-0.123632,1,1,1,1,1,5,5,5,3.0000,3.0000,0.0000,0.0000,1.0000,0.0000,1.0000,0,0.030201,0.00005556,0.030201,10.782418,0.000000
2018-01-08,,1.7600,2.1450,9.5200,83.3693,162.550000,144.494600,0.094571,-0.119089,1,1,1,1,1,5,5,5,3.0000,3.0000,0.0000,0.0000,1.0000,0.0000,1.0000,0,0.011122,0.00005478,0.011122,10.902338,0.000000
2018-01-09,,1.7400,2.1400,10.0800,82.5054,162.560000,144.654250,0.093429,-0.137383,1,1,1,1,1,5,5,5,3.0000,3.0000,0.0000,0.0000,1.0000,0.0000,1.0000,0,0.000763,0.00005713,0.000763,10.910656,0.000000
2018-01-10,,1.7400,2.1400,9.8200,81.2095,162.180000,144.810950,0.092551,-0.138164,1,1,1,1,1,5,5,5,3.0000,3.0000,0.0000,0.0000,1.0000,0.0000,1.0000,0,-0.007116,0.00005674,-0.007116,10.833021,-0.007116
2018-01-11,,1.7300,2.1350,9.8800,80.9935,163.290000,144.969200,0.091536,-0.146002,1,1,1,1,1,5,5,5,3.0000,3.0000,0.0000,0.0000,1.0000,0.0000,1.0000,0,0.020028,0.00005595,0.020028,11.049985,0.000000
2018-01-12,,1.6900,2.1300,10.1600,81.6415,164.490000,145.130400,0.090422,-0.163130,1,1,1,1,1,5,5,5,3.0000,3.0000,0.0000,0.0000,1.0000,0.0000,1.0000,0,0.021203,0.00005635,0.021203,11.284281,0.000000
2018-01-16,,1.6800,2.1250,11.6600,80.9935,164.020000,145.288150,0.090533,-0.158675,1,1,1,1,1,5,5,5,3.0000,3.0000,0.0000,0.0000,1.0000,0.0000,1.0000,0,-0.007740,0.00005635,-0.007740,11.196941,-0.007740
2018-01-17,,1.6600,2.1200,11.9100,82.5054,165.790000,145.455200,0.090233,-0.172656,1,1,1,1,1,5,5,5,3.0000,3.0000,0.0000,0.0000,1.0000,0.0000,1.0000,0,0.031511,0.00005713,0.031511,11.549769,0.000000
2018-01-18,,1.6600,2.1200,12.2200,81.6415,165.820000,145.622800,0.089812,-0.171720,1,1,1,1,1,5,5,5,3.0000,3.0000,0.0000,0.0000,1.0000,0.0000,1.0000,0,0.000960,0.00005674,0.000960,11.560860,0.000000
2018-01-19,,1.6400,2.1200,11.2700,82.7214,166.340000,145.791950,0.089137,-0.184151,1,1,1,1,1,5,5,5,3.0000,3.0000,0.0000,0.0000,1.0000,0.0000,1.0000,0,0.009593,0.00005713,0.009593,11.671768,0.000000
2018-01-22,,1.6400,2.1200,11.0300,83.8013,168.120000,145.972700,0.088542,-0.190672,1,1,1,1,1,5,5,5,3.0000,3.0000,0.0000,0.0000,1.0000,0.0000,1.0000,0,0.031239,0.00005674,0.031239,12.036381,0.000000
2018-01-23,,1.6400,2.1200,11.1000,85.0972,169.510000,146.160050,0.089202,-0.185730,1,1,1,1,1,5,5,5,3.0000,3.0000,0.0000,0.0000,1.0000,0.0000,1.0000,0,0.025340,0.00005674,0.025340,12.341380,0.000000
2018-01-24,,1.6400,2.1200,11.4700,84.4492,168.410000,146.342250,0.088689,-0.189703,1,1,1,1,1,5,5,5,3.0000,3.0000,0.0000,0.0000,1.0000,0.0000,1.0000,0,-0.020276,0.00005674,-0.020276,12.091143,-0.020276
2018-01-25,,1.6500,2.1150,11.5800,84.2333,168.350000,146.523900,0.090028,-0.172685,1,1,1,1,1,5,5,5,3.0000,3.0000,0.0000,0.0000,1.0000,0.0000,1.0000,0,-0.001261,0.00005635,-0.001261,12.075893,-0.021512
2018-01-26,,1.6100,2.1100,11.0800,85.5292,170.930000,146.721300,0.089050,-0.189194,1,1,1,1,1,5,5,5,3.0000,3.0000,0.0000,0.0000,1.0000,0.0000,1.0000,0,0.044659,0.00005595,0.044659,12.615187,0.000000
2018-01-29,,1.6000,2.1100,13.8400,84.2333,170.100000,146.917200,0.088503,-0.192871,1,1,1,1,1,5,5,5,3.0000,3.0000,0.0000,0.0000,1.0000,0.0000,1.0000,0,-0.013243,0.00005556,-0.013243,12.448130,-0.013243
2018-01-30,,1.5900,2.1100,14.7900,83.1533,168.700000,147.108700,0.089580,-0.173256,1,1,1,1,1,5,5,5,3.0000,3.0000,0.0000,0.0000,1.0000,0.0000,1.0000,0,-0.025560,0.00005674,-0.025560,12.129961,-0.038464
2018-01-31,,1.5900,2.1100,13.5400,82.9374,169.400000,147.298300,0.090529,-0.166543,1,1,1,1,1,5,5,5,3.0000,3.0000,0.0000,0.0000,1.0000,0.0000,1.0000,0,0.012344,0.00005674,0.012344,12.279688,-0.026595
2018-02-01,,1.5600,2.1050,13.4700,80.9935,167.960000,147.481700,0.089211,-0.179515,1,1,1,1,1,5,5,5,3.0000,3.0000,0.0000,0.0000,1.0000,0.0000,1.0000,0,-0.025007,0.00005752,-0.025007,11.972609,-0.050937
2018-02-02,,1.5600,2.1000,17.3100,78.4017,164.610000,147.647300,0.090543,-0.157221,1,1,1,1,1,5,5,5,3.0000,3.0000,0.0000,0.0000,1.0000,0.0000,1.0000,0,-0.061082,0.00005830,-0.061082,11.241303,-0.108907
2018-02-05,,1.5800,2.1000,37.3200,67.1706,158.120000,147.774950,0.092941,-0.138912,1,0,1,1,1,4,3,5,3.0000,3.0000,0.0000,0.0000,1.0000,0.0000,1.0000,0,-0.115434,0.00005830,-0.115434,9.943670,-0.211770
2018-02-06,,1.6300,2.0950,29.9800,71.4903,162.310000,147.923700,0.089789,-0.170987,1,0,1,1,1,4,3,4,3.0000,3.0000,0.0000,0.0000,1.0000,0.0000,1.0000,0,0.077100,0.00005947,0.077100,10.710328,-0.150997
2018-02-07,,1.6100,2.0900,27.7300,69.9784,160.210000,148.053950,0.089849,-0.174327,1,0,1,1,1,4,3,4,3.0000,3.0000,0.0000,0.0000,1.0000,0.0000,1.0000,0,-0.039544,0.00005987,-0.039544,10.286794,-0.184571
2018-02-08,,1.6200,2.0900,33.4600,56.3715,153.450000,148.145550,0.092303,-0.141435,1,0,1,1,1,4,3,4,3.0000,3.0000,0.0000,0.0000,1.0000,0.0000,1.0000,0,-0.123922,0.00006104,-0.123922,9.012035,-0.285620
2018-02-09,,1.6300,2.0900,29.0600,61.7711,156.100000,148.251350,0.092849,-0.147753,1,0,1,1,1,4,3,4,3.0000,3.0000,0.0000,0.0000,1.0000,0.0000,1.0000,0,0.047073,0.00006104,0.047073,9.436262,-0.251992
2018-02-12,,1.6700,2.0900,25.6100,65.7328,158.870000,148.366950,0.092202,-0.169144,1,0,1,1,1,4,3,4,3.0000,3.0000,0.0000,0.0000,1.0000,0.0000,1.0000,0,0.055976,0.00006104,0.055976,9.964465,-0.210122
2018-02-13,,1.6400,2.0900,24.9700,66.1638,159.690000,148.485450,0.092387,-0.165517,1,0,1,1,1,4,3,4,3.0000,3.0000,0.0000,0.0000,1.0000,0.0000,1.0000,0,0.012174,0.00006377,0.012174,10.085772,-0.200506
2018-02-14,,1.6900,2.0900,19.2600,70.0431,162.680000,148.612850,0.090137,-0.177649,1,1,1,1,1,5,5,4,3.0000,3.0000,0.0000,0.0000,1.0000,0.0000,1.0000,0,0.058557,0.00006260,0.058557,10.676362,-0.153690
2018-02-15,,1.6600,2.0900,19.1300,72.8448,165.700000,148.754200,0.090979,-0.168667,1,1,1,1,1,5,5,5,3.0000,3.0000,0.0000,0.0000,1.0000,0.0000,1.0000,0,0.052266,0.00006221,0.052266,11.234372,-0.109457
2018-02-16,,1.6300,2.0900,19.4600,73.2759,164.960000,148.894050,0.091758,-0.156546,1,1,1,1,1,5,5,5,3.0000,3.0000,0.0000,0.0000,1.0000,0.0000,1.0000,0,-0.011168,0.00006221,-0.011168,11.108906,-0.119402
2018-02-20,,1.6600,2.0850,20.6000,71.5517,165.290000,149.035300,0.091139,-0.157168,1,0,1,1,1,4,3,5,3.0000,3.0000,0.0000,0.0000,1.0000,0.0000,1.0000,0,0.004992,0.00006377,0.004992,11.164360,-0.115006
2018-02-21,,1.6700,2.0800,20.0200,70.2586,164.820000,149.171700,0.090391,-0.164546,1,0,1,1,1,4,3,4,3.0000,3.0000,0.0000,0.0000,1.0000,0.0000,1.0000,0,-0.009003,0.00006533,-0.009003,11.063850,-0.122974
2018-02-22,,1.6700,2.0800,18.7200,69.8276,164.800000,149.306500,0.090736,-0.160430,1,1,1,1,1,5,5,4,3.0000,3.0000,0.0000,0.0000,1.0000,0.0000,1.0000,0,0.000188,0.00006455,0.000188,11.065930,-0.122809
2018-02-23,,1.6800,2.0800,16.4900,73.4914,168.170000,149.455750,0.091642,-0.158458,1,1,1,1,1,5,5,5,3.0000,3.0000,0.0000,0.0000,1.0000,0.0000,1.0000,0,0.059572,0.00006416,0.059572,11.725144,-0.070553
2018-02-26,,1.6800,2.0800,15.8000,75.2155,170.400000,149.615750,0.090320,-0.166790,1,1,1,1,1,5,5,5,3.0000,3.0000,0.0000,0.0000,1.0000,0.0000,1.0000,0,0.040142,0.00006455,0.040142,12.195812,-0.033244
2018-02-27,,1.7000,2.0750,18.5900,71.5517,168.290000,149.765750,0.090005,-0.168881,1,1,1,1,1,5,5,5,3.0000,3.0000,0.0000,0.0000,1.0000,0.0000,1.0000,0,-0.035808,0.00006533,-0.035808,11.759109,-0.067861
2018-02-28,,1.6900,2.0700,19.8500,68.9655,167.210000,149.908800,0.090300,-0.158271,1,1,1,1,1,5,5,5,3.0000,3.0000,0.0000,0.0000,1.0000,0.0000,1.0000,0,-0.020101,0.00006533,-0.020101,11.522735,-0.086598
2018-03-01,,1.6800,2.0700,22.4700,64.8707,164.480000,150.036000,0.091651,-0.142370,1,0,1,1,1,4,3,5,3.0000,3.0000,0.0000,0.0000,1.0000,0.0000,1.0000,0,-0.048126,0.00006494,-0.048126,10.968191,-0.130557
2018-03-02,,1.7200,2.0700,19.5900,65.7328,165.990000,150.167850,0.090939,-0.146176,1,1,1,1,1,5,5,4,3.0000,3.0000,0.0000,0.0000,1.0000,0.0000,1.0000,0,0.027492,0.00006416,0.027492,11.269725,-0.106654
2018-03-05,,1.7200,2.0700,18.7300,68.5345,167.830000,150.326650,0.091737,-0.132426,1,1,1,1,1,5,5,5,3.0000,3.0000,0.0000,0.0000,1.0000,0.0000,1.0000,0,0.031369,0.00006494,0.031369,11.623246,-0.078631
2018-03-06,,1.7200,2.0700,18.3600,69.1810,168.540000,150.483050,0.090278,-0.150310,1,1,1,1,1,5,5,5,3.0000,3.0000,0.0000,0.0000,1.0000,0.0000,1.0000,0,0.012643,0.00006690,0.012643,11.770200,-0.066982
2018-03-07,,1.7500,2.0650,17.7600,68.9655,168.930000,150.638500,0.089633,-0.154909,1,1,1,1,1,5,5,5,3.0000,3.0000,0.0000,0.0000,1.0000,0.0000,1.0000,0,0.007479,0.00006612,0.007479,11.858235,-0.060003
2018-03-08,,1.7700,2.0600,16.5400,69.3966,169.860000,150.792800,0.089858,-0.150663,1,1,1,1,1,5,5,5,3.0000,3.0000,0.0000,0.0000,1.0000,0.0000,1.0000,0,0.014906,0.00006612,0.014906,12.034996,-0.045992
2018-03-09,,1.7800,2.0600,14.6400,74.1379,173.160000,150.962900,0.088572,-0.168316,1,1,1,1,1,5,5,5,3.0000,3.0000,0.0000,0.0000,1.0000,0.0000,1.0000,0,0.058231,0.00006572,0.058231,12.735801,0.000000
2018-03-12,,1.7700,2.0600,15.7800,75.0000,174.080000,151.134400,0.089060,-0.146088,1,1,1,1,1,5,5,5,3.0000,3.0000,0.0000,0.0000,1.0000,0.0000,1.0000,0,0.014968,0.00006572,0.014968,12.926425,0.000000
2018-03-13,,1.7900,2.0600,16.3500,73.2759,171.710000,151.288100,0.089838,-0.139903,1,1,1,1,1,5,5,5,3.0000,3.0000,0.0000,0.0000,1.0000,0.0000,1.0000,0,-0.036304,0.00006729,-0.036304,12.457142,-0.036304
2018-03-14,,1.8000,2.0600,17.2300,71.5517,171.680000,151.440400,0.091228,-0.128461,1,1,1,1,1,5,5,5,3.0000,3.0000,0.0000,0.0000,1.0000,0.0000,1.0000,0,-0.003394,0.00006807,-0.003394,12.414858,-0.039575
2018-03-15,,1.8000,2.0600,16.5900,70.6897,171.530000,151.591350,0.091273,-0.119461,1,1,1,1,1,5,5,5,3.0000,3.0000,0.0000,0.0000,1.0000,0.0000,1.0000,0,-0.004467,0.00006924,-0.004467,12.359404,-0.043865
2018-03-16,,1.8100,2.0550,15.8000,72.1983,171.020000,151.740000,0.091630,-0.098828,1,1,1,1,1,5,5,5,3.0000,3.0000,0.0000,0.0000,1.0000,0.0000,1.0000,0,-0.006618,0.00006963,-0.006618,12.277608,-0.050193
2018-03-19,,1.7900,2.0500,19.0200,70.0431,167.100000,151.866300,0.092314,-0.077571,1,1,1,1,1,5,5,5,3.0000,3.0000,0.0000,0.0000,1.0000,0.0000,1.0000,0,-0.062782,0.00007002,-0.062782,11.506792,-0.109824
2018-03-20,,1.8000,2.0500,18.2000,69.3966,167.650000,151.987250,0.091733,-0.076755,1,1,1,1,1,5,5,5,3.0000,3.0000,0.0000,0.0000,1.0000,0.0000,1.0000,0,0.007349,0.00007080,0.007349,11.591360,-0.103282
2018-03-21,,1.7900,2.0500,17.8600,68.9655,166.920000,152.104700,0.091595,-0.064690,1,1,1,1,1,5,5,5,3.0000,3.0000,0.0000,0.0000,1.0000,0.0000,1.0000,0,-0.014472,0.00007119,-0.014472,11.423611,-0.116259
2018-03-22,,1.8200,2.0500,23.3400,61.2069,162.800000,152.204400,0.094360,-0.036932,1,0,1,1,1,4,3,5,3.0000,3.0000,0.0000,0.0000,1.0000,0.0000,1.0000,0,-0.073058,0.00006846,-0.073058,10.589021,-0.180824
2018-03-23,,1.8400,2.0500,24.8700,54.7414,158.510000,152.279850,0.095059,-0.024864,1,0,1,1,1,4,3,4,3.0000,3.0000,0.0000,0.0000,1.0000,0.0000,1.0000,0,-0.080780,0.00006768,-0.080780,9.733636,-0.246997
2018-03-26,,1.8700,2.0500,21.0300,61.6379,164.400000,152.384000,0.093489,-0.045018,1,0,1,1,1,4,3,4,3.0000,3.0000,0.0000,0.0000,1.0000,0.0000,1.0000,0,0.112520,0.00006846,0.112520,10.828862,-0.162269
2018-03-27,,1.8400,2.0500,22.5000,58.4052,159.080000,152.479500,0.096470,-0.017874,1,0,1,1,1,4,3,4,3.0000,3.0000,0.0000,0.0000,1.0000,0.0000,1.0000,0,-0.095890,0.00007041,-0.095890,9.790477,-0.242600
2018-03-28,,1.8600,2.0500,22.8700,57.9741,157.250000,152.569600,0.096717,-0.019594,1,0,1,1,1,4,3,4,3.0000,3.0000,0.0000,0.0000,1.0000,0.0000,1.0000,0,-0.034480,0.00006963,-0.034480,9.452898,-0.268715
2018-03-29,,1.8600,2.0500,19.9700,61.6379,160.130000,152.668450,0.096010,-0.010897,1,1,1,1,1,5,5,4,3.0000,3.0000,0.0000,0.0000,1.0000,0.0000,1.0000,0,0.055364,0.00006807,0.055364,9.976250,-0.228228
2018-04-02,,1.8500,2.0450,23.6200,50.8621,155.510000,152.747250,0.097371,0.016392,1,0,1,1,0,3,1,5,3.0000,3.0000,0.0000,0.0000,1.0000,0.0000,1.0000,0,-0.088799,0.00006807,-0.088799,9.090366,-0.296761
2018-04-03,,1.8600,2.0250,21.1000,55.8190,157.260000,152.837900,0.096464,0.019657,1,0,1,1,0,3,1,3,3.0000,3.0000,0.0000,0.0000,1.0000,0.0000,1.0000,0,0.033552,0.00006963,0.033552,9.395365,-0.273166
2018-04-04,,1.8400,2.0050,20.0600,60.1293,159.740000,152.945850,0.095652,0.018333,1,0,1,1,0,3,1,3,3.0000,3.0000,0.0000,0.0000,1.0000,0.0000,1.0000,0,0.047292,0.00006885,0.047292,9.839693,-0.238792
2018-04-05,,1.8500,2.0000,18.9400,60.7759,160.650000,153.046800,0.095656,0.011120,1,1,1,1,0,4,3,3,3.0000,3.0000,0.0000,0.0000,1.0000,0.0000,1.0000,0,0.015710,0.00006729,0.015710,9.994272,-0.226834
2018-04-06,,1.8400,2.0000,21.4900,53.6638,156.630000,153.133150,0.097066,0.036827,1,0,1,1,0,3,1,4,3.0000,3.0000,0.0000,0.0000,1.0000,0.0000,1.0000,0,-0.074629,0.00006768,-0.074629,9.248411,-0.284534
2018-04-09,,1.8400,1.9950,21.7700,54.9569,157.730000,153.218100,0.096782,0.043526,1,0,1,1,0,3,1,3,3.0000,3.0000,0.0000,0.0000,1.0000,0.0000,1.0000,0,0.020012,0.00006807,0.020012,9.433490,-0.270217
2018-04-10,,1.8300,1.9850,20.4700,59.6983,161.210000,153.320650,0.094531,0.031420,1,0,1,1,0,3,1,3,3.0000,3.0000,0.0000,0.0000,1.0000,0.0000,1.0000,0,0.066059,0.00006924,0.066059,10.056659,-0.222008
2018-04-11,,1.8000,1.9800,20.2400,57.1121,160.280000,153.415850,0.094897,0.046971,1,0,1,1,0,3,1,3,3.0000,3.0000,0.0000,0.0000,1.0000,0.0000,1.0000,0,-0.016818,0.00006846,-0.016818,9.887522,-0.235092
2018-04-12,,1.8000,1.9750,18.4900,59.2672,162.210000,153.524000,0.092882,0.024905,1,1,1,1,0,4,3,3,3.0000,3.0000,0.0000,0.0000,1.0000,0.0000,1.0000,0,0.035053,0.00006807,0.035053,10.234113,-0.208280
2018-04-13,,1.7900,1.9700,17.4100,57.5431,161.370000,153.640700,0.093890,0.038437,1,1,1,1,0,4,3,4,3.0000,3.0000,0.0000,0.0000,1.0000,0.0000,1.0000,0,-0.014833,0.00006885,-0.014833,10.082307,-0.220024
2018-04-16,,1.7900,1.9700,16.5600,61.6379,162.600000,153.753600,0.094396,0.048890,1,1,1,1,0,4,3,4,3.0000,3.0000,0.0000,0.0000,1.0000,0.0000,1.0000,0,0.022069,0.00006924,0.022069,10.304818,-0.202810
2018-04-17,,1.7700,1.9700,15.2500,64.4397,166.100000,153.896150,0.094341,0.056251,1,1,1,1,0,4,3,4,3.0000,3.0000,0.0000,0.0000,1.0000,0.0000,1.0000,0,0.063971,0.00007041,0.063971,10.964032,-0.151812
2018-04-18,,1.7600,1.9700,15.6000,65.5172,166.440000,154.040150,0.093920,0.058093,1,1,1,1,0,4,3,4,3.0000,3.0000,0.0000,0.0000,1.0000,0.0000,1.0000,0,0.006954,0.00007080,0.006954,11.040281,-0.145914
2018-04-19,,1.7600,1.9600,15.9600,62.3656,164.910000,154.183750,0.094388,0.055184,1,1,1,1,0,4,3,4,3.0000,3.0000,0.0000,0.0000,1.0000,0.0000,1.0000,0,-0.027187,0.00007119,-0.027187,10.740134,-0.169133
2018-04-20,,1.7700,1.9500,16.8800,59.3548,162.300000,154.307600,0.094333,0.059908,1,1,1,1,0,4,3,4,3.0000,3.0000,0.0000,0.0000,1.0000,0.0000,1.0000,0,-0.047954,0.00007158,-0.047954,10.225101,-0.208977
2018-04-23,,1.7800,1.9500,16.3400,60.2151,161.890000,154.435600,0.094403,0.045723,1,1,1,1,0,4,3,4,3.0000,3.0000,0.0000,0.0000,1.0000,0.0000,1.0000,0,-0.007864,0.00007119,-0.007864,10.144693,-0.215197
2018-04-24,,1.7600,1.9450,18.0200,55.2688,158.460000,154.539100,0.096338,0.075101,1,1,1,1,0,4,3,4,3.0000,3.0000,0.0000,0.0000,1.0000,0.0000,1.0000,0,-0.063751,0.00007352,-0.063751,9.497956,-0.265229
2018-04-25,,1.7700,1.9400,17.8400,56.3441,158.650000,154.639050,0.096120,0.079698,1,1,1,1,0,4,3,4,3.0000,3.0000,0.0000,0.0000,1.0000,0.0000,1.0000,0,0.003941,0.00007352,0.003941,9.535388,-0.262334
2018-04-26,,1.8000,1.9400,16.2400,58.7097,161.990000,154.753750,0.096110,0.068899,1,1,1,1,0,4,3,4,3.0000,3.0000,0.0000,0.0000,1.0000,0.0000,1.0000,0,0.062009,0.00007274,0.062009,10.126669,-0.216592
2018-04-27,,1.8000,1.9350,15.4100,57.2043,162.090000,154.860700,0.096995,0.067543,1,1,1,1,0,4,3,4,3.0000,3.0000,0.0000,0.0000,1.0000,0.0000,1.0000,0,0.002327,0.00007158,0.002327,10.150238,-0.214768
2018-04-30,,1.8000,1.9300,15.9300,52.6882,160.940000,154.960350,0.097463,0.086896,1,1,1,1,0,4,3,4,3.0000,3.0000,0.0000,0.0000,1.0000,0.0000,1.0000,0,-0.021307,0.00007158,-0.021307,9.933966,-0.231499
2018-05-01,,1.7900,1.9300,15.4900,55.0538,162.780000,155.063650,0.096988,0.068484,1,1,1,1,0,4,3,4,3.0000,3.0000,0.0000,0.0000,1.0000,0.0000,1.0000,0,0.032517,0.00007352,0.032517,10.256988,-0.206510
2018-05-02,,1.8200,1.9300,15.9700,52.6882,161.820000,155.161800,0.097549,0.049443,1,1,1,1,0,4,3,4,3.0000,3.0000,0.0000,0.0000,1.0000,0.0000,1.0000,0,-0.017436,0.00007274,-0.017436,10.078148,-0.220345
2018-05-03,,1.8300,1.9300,15.9000,52.0430,161.800000,155.255100,0.097632,0.085228,1,1,1,1,0,4,3,4,3.0000,3.0000,0.0000,0.0000,1.0000,0.0000,1.0000,0,0.000069,0.00007235,0.000069,10.078840,-0.220292
2018-05-04,,1.8600,1.9300,14.7700,56.9892,164.870000,155.359550,0.096816,0.077058,1,1,1,1,0,4,3,4,3.0000,3.0000,0.0000,0.0000,1.0000,0.0000,1.0000,0,0.056259,0.00007235,0.056259,10.645862,-0.176426
2018-05-07,,1.8600,1.9300,14.7500,58.2796,166.240000,155.469900,0.095984,0.041316,1,1,1,1,0,4,3,4,3.0000,3.0000,0.0000,0.0000,1.0000,0.0000,1.0000,0,0.023766,0.00007235,0.023766,10.898873,-0.156853
2018-05-08,,1.8700,1.9300,14.7100,57.4194,166.070000,155.579700,0.093586,0.008104,1,1,1,1,0,4,3,4,3.0000,3.0000,0.0000,0.0000,1.0000,0.0000,1.0000,0,-0.003307,0.00007313,-0.003307,10.862827,-0.159642
2018-05-09,,1.8700,1.9250,13.4200,59.3548,167.880000,155.695250,0.092041,-0.001781,1,1,1,1,1,5,5,4,3.0000,3.0000,0.0000,0.0000,1.0000,0.0000,1.0000,0,0.033501,0.00007352,0.033501,11.226746,-0.131489
2018-05-10,,1.8600,1.9200,13.2300,62.3656,169.620000,155.821350,0.092475,0.000970,1,1,1,1,0,4,3,5,3.0000,3.0000,0.0000,0.0000,1.0000,0.0000,1.0000,0,0.031119,0.00007391,0.031119,11.576109,-0.104462
2018-05-11,,1.8400,1.9200,12.6500,64.0860,169.460000,155.944300,0.092322,0.024533,1,1,1,1,0,4,3,4,3.0000,3.0000,0.0000,0.0000,1.0000,0.0000,1.0000,0,-0.002994,0.00007469,-0.002994,11.541451,-0.107143
2018-05-14,,1.8200,1.9200,12.9300,62.5806,169.750000,156.073250,0.091930,0.010449,1,1,1,1,0,4,3,4,3.0000,3.0000,0.0000,0.0000,1.0000,0.0000,1.0000,0,0.004444,0.00007547,0.004444,11.592745,-0.103175
2018-05-15,,1.8100,1.9200,14.6300,59.7849,167.870000,156.193400,0.091793,0.000376,1,1,1,1,0,4,3,4,3.0000,3.0000,0.0000,0.0000,1.0000,0.0000,1.0000,0,-0.032349,0.00007586,-0.032349,11.217736,-0.132186
2018-05-16,,1.8100,1.9200,13.4200,60.6452,168.980000,156.322150,0.090692,-0.004914,1,1,1,1,1,5,5,4,3.0000,3.0000,0.0000,0.0000,1.0000,0.0000,1.0000,0,0.018414,0.00007547,0.018414,11.424303,-0.116206
2018-05-17,,1.8000,1.9200,13.4300,60.2151,168.330000,156.446000,0.090033,-0.003981,1,1,1,1,1,5,5,5,3.0000,3.0000,0.0000,0.0000,1.0000,0.0000,1.0000,0,-0.011286,0.00007547,-0.011286,11.295371,-0.126180
2018-05-18,,1.8200,1.9150,13.4200,61.7204,167.460000,156.563550,0.090278,-0.005070,1,1,1,1,1,5,5,5,3.0000,3.0000,0.0000,0.0000,1.0000,0.0000,1.0000,0,-0.016017,0.00007547,-0.016017,11.114451,-0.140176
2018-05-21,,1.8300,1.9100,13.0800,63.6559,168.400000,156.688600,0.090061,-0.017168,1,1,1,1,1,5,5,5,3.0000,3.0000,0.0000,0.0000,1.0000,0.0000,1.0000,0,0.017463,0.00007508,0.017463,11.308542,-0.125161
2018-05-22,,1.8300,1.9100,13.2200,62.1505,168.180000,156.811250,0.090642,0.003498,1,1,1,1,0,4,3,5,3.0000,3.0000,0.0000,0.0000,1.0000,0.0000,1.0000,0,-0.005210,0.00007586,-0.005210,11.249621,-0.129719
2018-05-23,,1.8300,1.9100,12.5800,62.3656,169.600000,156.936450,0.091217,0.013413,1,1,1,1,0,4,3,4,3.0000,3.0000,0.0000,0.0000,1.0000,0.0000,1.0000,0,0.025140,0.00007586,0.025140,11.532439,-0.107840
2018-05-24,,1.8400,1.9100,12.5300,62.3656,169.550000,157.062650,0.092155,0.020634,1,1,1,1,0,4,3,4,3.0000,3.0000,0.0000,0.0000,1.0000,0.0000,1.0000,0,-0.000841,0.00007547,-0.000841,11.522735,-0.108591
2018-05-25,,1.8400,1.9100,13.2200,61.9355,169.720000,157.190650,0.092780,0.012519,1,1,1,1,0,4,3,4,3.0000,3.0000,0.0000,0.0000,1.0000,0.0000,1.0000,0,0.002527,0.00007508,0.002527,11.551848,-0.106338
2018-05-29,,1.8500,1.9100,17.0200,56.1290,168.970000,157.330350,0.093859,0.032099,1,1,1,1,0,4,3,4,3.0000,3.0000,0.0000,0.0000,1.0000,0.0000,1.0000,0,-0.012781,0.00007469,-0.012781,11.404201,-0.117761
2018-05-30,,1.9600,1.9100,14.9400,62.3656,170.180000,157.470750,0.093375,0.017880,0,1,1,1,0,3,1,4,3.0000,3.0000,0.0000,0.0000,1.0000,0.0000,1.0000,0,0.021335,0.00007586,0.021335,11.647507,-0.098938
2018-05-31,,1.9100,1.9100,15.4300,57.2043,170.070000,157.601450,0.094098,0.042019,1,1,1,1,0,4,3,3,3.0000,3.0000,0.0000,0.0000,1.0000,0.0000,1.0000,0,-0.002142,0.00007625,-0.002142,11.622553,-0.100869
2018-06-01,,1.8900,1.9050,13.4600,60.4301,172.740000,157.745000,0.091758,0.023783,1,1,1,1,0,4,3,4,3.0000,3.0000,0.0000,0.0000,1.0000,0.0000,1.0000,0,0.046520,0.00007586,0.046520,12.163233,-0.059041
2018-06-04,,1.9000,1.9000,12.7400,61.9355,174.300000,157.895100,0.090597,0.008247,1,1,1,1,0,4,3,4,3.0000,3.0000,0.0000,0.0000,1.0000,0.0000,1.0000,0,0.025645,0.00007547,0.025645,12.475164,-0.034910
2018-06-05,,1.8800,1.9000,12.4000,63.0108,174.840000,158.062650,0.090058,0.016555,1,1,1,1,0,4,3,4,3.0000,3.0000,0.0000,0.0000,1.0000,0.0000,1.0000,0,0.010335,0.00007625,0.010335,12.604096,-0.024936
2018-06-06,,1.9000,1.9000,11.6400,65.1613,175.860000,158.235800,0.087185,-0.020974,1,1,1,1,1,5,5,4,3.0000,3.0000,0.0000,0.0000,1.0000,0.0000,1.0000,0,0.016499,0.00007625,0.016499,12.812050,-0.008848
2018-06-07,,1.9100,1.9000,12.1300,66.4516,174.430000,158.402700,0.087807,-0.022663,0,1,1,1,1,4,3,5,3.0000,3.0000,0.0000,0.0000,1.0000,0.0000,1.0000,0,-0.023211,0.00007664,-0.023211,12.514676,-0.031853
2018-06-08,,1.8900,1.8950,12.1800,67.0968,174.440000,158.558900,0.087512,-0.041157,1,1,1,1,1,5,5,4,3.0000,3.0000,0.0000,0.0000,1.0000,0.0000,1.0000,0,-0.000665,0.00007625,-0.000665,12.506358,-0.032497
2018-06-11,,1.9000,1.8950,12.3500,68.3871,174.910000,158.720000,0.087216,-0.045017,0,1,1,1,1,4,3,5,3.0000,3.0000,0.0000,0.0000,1.0000,0.0000,1.0000,0,0.007815,0.00007586,0.007815,12.604096,-0.024936
2018-06-12,,1.8900,1.8900,12.3400,68.3871,175.830000,158.887800,0.088108,-0.039104,1,1,1,1,1,5,5,4,3.0000,3.0000,0.0000,0.0000,1.0000,0.0000,1.0000,0,0.015839,0.00007625,0.015839,12.803732,-0.009492
2018-06-13,,1.8800,1.8900,12.9400,65.8065,175.820000,159.057050,0.088156,-0.046297,1,1,1,1,1,5,5,5,3.0000,3.0000,0.0000,0.0000,1.0000,0.0000,1.0000,0,-0.001137,0.00007547,-0.001137,12.789175,-0.010618
2018-06-14,,1.8700,1.8850,12.1200,65.5914,177.600000,159.233000,0.089029,-0.030323,1,1,1,1,1,5,5,5,3.0000,3.0000,0.0000,0.0000,1.0000,0.0000,1.0000,0,0.030407,0.00007625,0.030407,13.178049,0.000000
2018-06-15,,1.8800,1.8800,11.9800,64.5161,176.980000,159.403050,0.089380,-0.024775,1,1,1,1,1,5,5,5,3.0000,3.0000,0.0000,0.0000,1.0000,0.0000,1.0000,0,-0.009942,0.00007625,-0.009942,13.047038,-0.009942
2018-06-18,,1.8700,1.8800,12.3100,63.6559,176.500000,159.562300,0.089854,-0.050093,1,1,1,1,1,5,5,5,3.0000,3.0000,0.0000,0.0000,1.0000,0.0000,1.0000,0,-0.002231,0.00007625,-0.002231,13.017925,-0.012151
2018-06-19,,1.9000,1.8800,13.3500,60.3004,176.000000,159.711300,0.091089,-0.044590,0,1,1,1,1,4,3,5,3.0000,3.0000,0.0000,0.0000,1.0000,0.0000,1.0000,0,-0.008946,0.00007625,-0.008946,12.901470,-0.020988
2018-06-20,,1.9100,1.8800,12.7900,60.0858,177.250000,159.867550,0.091006,-0.027650,0,1,1,1,1,4,3,4,3.0000,3.0000,0.0000,0.0000,1.0000,0.0000,1.0000,0,0.020954,0.00007625,0.020954,13.171811,-0.000473
2018-06-21,,1.9200,1.8800,14.6400,58.7983,175.710000,160.022650,0.091890,-0.049954,0,1,1,1,1,4,3,4,3.0000,3.0000,0.0000,0.0000,1.0000,0.0000,1.0000,0,-0.025892,0.00007625,-0.025892,12.830766,-0.026353
2018-06-22,,1.9500,1.8800,13.7700,61.3734,175.320000,160.173600,0.092360,-0.047634,0,1,1,1,1,4,3,4,3.0000,3.0000,0.0000,0.0000,1.0000,0.0000,1.0000,0,-0.010049,0.00007625,-0.010049,12.701834,-0.036137
2018-06-25,,1.9700,1.8800,17.3300,57.0815,171.370000,160.303100,0.095185,-0.008853,0,1,1,1,1,4,3,4,3.0000,3.0000,0.0000,0.0000,1.0000,0.0000,1.0000,0,-0.063851,0.00007586,-0.063851,11.890813,-0.097680
2018-06-26,,1.9900,1.8800,15.9200,56.6524,172.070000,160.442400,0.095085,-0.024765,0,1,1,1,1,4,3,4,3.0000,3.0000,0.0000,0.0000,1.0000,0.0000,1.0000,0,0.011018,0.00007586,0.011018,12.021825,-0.087739
2018-06-27,,1.9900,1.8800,17.9100,53.6481,169.730000,160.561700,0.096343,-0.001299,0,1,1,1,1,4,3,4,3.0000,3.0000,0.0000,0.0000,1.0000,0.0000,1.0000,0,-0.040131,0.00007586,-0.040131,11.539371,-0.124349
2018-06-28,,1.9800,1.8800,16.8500,55.5794,171.190000,160.686550,0.095758,0.001145,0,1,1,1,0,3,1,4,3.0000,3.0000,0.0000,0.0000,1.0000,0.0000,1.0000,0,0.024509,0.00007586,0.024509,11.822189,-0.102888
2018-06-29,,2.0000,1.8800,16.0900,55.7940,171.650000,160.812700,0.095768,0.001200,0,1,1,1,0,3,1,3,3.0000,3.0000,0.0000,0.0000,1.0000,0.0000,1.0000,0,0.004573,0.00007586,0.004573,11.876257,-0.098785
2018-07-02,,1.9900,1.8800,15.6000,55.7940,172.800000,160.948900,0.096244,-0.008861,0,1,1,1,1,4,3,3,3.0000,3.0000,0.0000,0.0000,1.0000,0.0000,1.0000,0,0.022413,0.00007586,0.022413,12.142438,-0.078586
2018-07-03,,1.9700,1.8800,16.1400,55.1502,170.800000,161.072600,0.096862,0.000865,0,1,1,1,0,3,1,4,3.0000,3.0000,0.0000,0.0000,1.0000,0.0000,1.0000,0,-0.034424,0.00007781,-0.034424,11.724450,-0.110305
2018-07-05,,1.9900,1.8800,14.9700,58.1545,172.920000,161.209450,0.096591,0.022443,0,1,1,1,0,3,1,3,3.0000,3.0000,0.0000,0.0000,1.0000,0.0000,1.0000,0,0.036715,0.00007781,0.036715,12.154915,-0.077639
2018-07-06,,1.9500,1.8800,13.3700,61.8026,175.610000,161.358500,0.096525,0.017919,0,1,1,1,0,3,1,3,3.0000,3.0000,0.0000,0.0000,1.0000,0.0000,1.0000,0,0.044996,0.00007703,0.044996,12.701834,-0.036137
2018-07-09,,1.9600,1.8800,12.6900,63.3047,177.190000,161.517700,0.092713,-0.001894,0,1,1,1,1,4,3,3,3.0000,3.0000,0.0000,0.0000,1.0000,0.0000,1.0000,0,0.027832,0.00007742,0.027832,13.055356,-0.009310
2018-07-10,,1.9300,1.8800,12.6400,64.8069,177.320000,161.682000,0.093259,-0.007069,0,1,1,1,1,4,3,4,3.0000,3.0000,0.0000,0.0000,1.0000,0.0000,1.0000,0,0.002389,0.00007781,0.002389,13.086549,-0.006943
2018-07-11,,1.9100,1.8800,13.6300,61.8026,176.420000,161.842500,0.094795,0.004375,0,1,1,1,0,3,1,4,3.0000,3.0000,0.0000,0.0000,1.0000,0.0000,1.0000,0,-0.014619,0.00007820,-0.014619,12.895232,-0.021461
2018-07-12,,1.9100,1.8800,12.5800,62.6609,179.460000,162.025800,0.094015,-0.003572,0,1,1,1,1,4,3,3,3.0000,3.0000,0.0000,0.0000,1.0000,0.0000,1.0000,0,0.049347,0.00007742,0.049347,13.531571,0.000000
2018-07-13,,1.9000,1.8800,12.1800,63.5193,179.610000,162.208000,0.093959,0.000431,0,1,1,1,0,3,1,4,3.0000,3.0000,0.0000,0.0000,1.0000,0.0000,1.0000,0,0.002920,0.00007781,0.002920,13.571082,0.000000
2018-07-16,,1.9000,1.8800,12.8300,63.3047,179.180000,162.381600,0.093954,-0.004782,0,1,1,1,1,4,3,3,3.0000,3.0000,0.0000,0.0000,1.0000,0.0000,1.0000,0,-0.006742,0.00007781,-0.006742,13.479583,-0.006742
2018-07-17,,1.9100,1.8800,12.0600,66.0944,180.270000,162.560900,0.093504,-0.009243,0,1,1,1,1,4,3,4,3.0000,3.0000,0.0000,0.0000,1.0000,0.0000,1.0000,0,0.018513,0.00007897,0.018513,13.729127,0.000000
2018-07-18,,1.9000,1.8800,12.1000,66.5236,179.930000,162.733300,0.092827,-0.017600,0,1,1,1,1,4,3,4,3.0000,3.0000,0.0000,0.0000,1.0000,0.0000,1.0000,0,-0.006362,0.00007936,-0.006362,13.641787,-0.006362
2018-07-19,,1.8900,1.8800,12.8700,65.2361,179.030000,162.900550,0.094036,-0.025446,0,1,1,1,1,4,3,4,3.0000,3.0000,0.0000,0.0000,1.0000,0.0000,1.0000,0,-0.014787,0.00007858,-0.014787,13.440071,-0.021054
2018-07-20,,1.9000,1.8800,12.8600,63.0901,178.990000,163.066050,0.093482,-0.029113,0,1,1,1,1,4,3,4,3.0000,3.0000,0.0000,0.0000,1.0000,0.0000,1.0000,0,-0.001393,0.00007858,-0.001393,13.421355,-0.022417
2018-07-23,,1.9100,1.8800,12.6200,61.8026,179.560000,163.233700,0.092648,-0.037897,0,1,1,1,1,4,3,4,3.0000,3.0000,0.0000,0.0000,1.0000,0.0000,1.0000,0,0.008677,0.00007820,0.008677,13.537810,-0.013935
2018-07-24,,1.9100,1.8800,12.4100,61.8026,180.300000,163.397900,0.092504,-0.048918,0,1,1,1,1,4,3,4,3.0000,3.0000,0.0000,0.0000,1.0000,0.0000,1.0000,0,0.012750,0.00007820,0.012750,13.710412,-0.001363
2018-07-25,,1.8800,1.8800,12.2900,65.4506,182.820000,163.573700,0.091986,-0.060339,1,1,1,1,1,5,5,4,3.0000,3.0000,0.0000,0.0000,1.0000,0.0000,1.0000,0,0.041711,0.00007936,0.041711,14.282285,0.000000
2018-07-26,,1.8700,1.8800,12.1400,67.3820,180.050000,163.736500,0.093192,-0.041856,1,1,1,1,1,5,5,5,3.0000,3.0000,0.0000,0.0000,1.0000,0.0000,1.0000,0,-0.043681,0.00007897,-0.043681,13.658423,-0.043681
2018-07-27,,1.8500,1.8800,13.0300,65.8798,177.620000,163.886600,0.093526,-0.044103,1,1,1,1,1,5,5,5,3.0000,3.0000,0.0000,0.0000,1.0000,0.0000,1.0000,0,-0.041717,0.00007820,-0.041717,13.088629,-0.083576
2018-07-30,,1.8400,1.8800,14.2600,64.3777,175.110000,164.021950,0.093445,-0.045708,1,1,1,1,1,5,5,5,3.0000,3.0000,0.0000,0.0000,1.0000,0.0000,1.0000,0,-0.043057,0.00007858,-0.043057,12.525073,-0.123034
2018-07-31,,1.8400,1.8750,12.8300,68.4549,176.450000,164.165350,0.093822,-0.032703,1,1,1,1,1,5,5,5,3.0000,3.0000,0.0000,0.0000,1.0000,0.0000,1.0000,0,0.019924,0.00008014,0.019924,12.774618,-0.105562
2018-08-01,,1.8300,1.8700,13.1500,65.6652,177.120000,164.309250,0.093374,-0.028611,1,1,1,1,1,5,5,5,3.0000,3.0000,0.0000,0.0000,1.0000,0.0000,1.0000,0,0.013674,0.00007975,0.013674,12.949300,-0.093331
2018-08-02,,1.8300,1.8700,12.1900,67.3820,179.530000,164.462650,0.093328,-0.002913,1,1,1,1,1,5,5,5,3.0000,3.0000,0.0000,0.0000,1.0000,0.0000,1.0000,0,0.039827,0.00007975,0.039827,13.465026,-0.057222
2018-08-03,,1.8400,1.8700,11.6400,68.8841,180.080000,164.617850,0.093970,0.022061,1,1,1,1,0,4,3,5,3.0000,3.0000,0.0000,0.0000,1.0000,0.0000,1.0000,0,0.008958,0.00007936,0.008958,13.585639,-0.048777
2018-08-06,,1.8400,1.8700,11.2700,69.5279,181.140000,164.779250,0.093697,0.013833,1,1,1,1,0,4,3,4,3.0000,3.0000,0.0000,0.0000,1.0000,0.0000,1.0000,0,0.018368,0.00007897,0.018368,13.835184,-0.031305
2018-08-07,,1.8200,1.8700,10.9300,70.8155,181.800000,164.946700,0.093249,0.010510,1,1,1,1,0,4,3,4,3.0000,3.0000,0.0000,0.0000,1.0000,0.0000,1.0000,0,0.009770,0.00008053,0.009770,13.970354,-0.021840
2018-08-08,,1.8200,1.8700,10.8500,70.3863,182.020000,165.113250,0.092798,0.009871,1,1,1,1,0,4,3,4,3.0000,3.0000,0.0000,0.0000,1.0000,0.0000,1.0000,0,0.002679,0.00008092,0.002679,14.007786,-0.019220
2018-08-09,,1.8400,1.8700,11.2700,69.0987,181.910000,165.284100,0.093345,0.017788,1,1,1,1,0,4,3,4,3.0000,3.0000,0.0000,0.0000,1.0000,0.0000,1.0000,0,-0.000891,0.00008092,-0.000891,13.995309,-0.020093
2018-08-10,,1.8500,1.8700,13.1600,66.0944,180.520000,165.446750,0.093569,0.032995,1,1,1,1,0,4,3,4,3.0000,3.0000,0.0000,0.0000,1.0000,0.0000,1.0000,0,-0.023328,0.00008092,-0.023328,13.668821,-0.042953
2018-08-13,,1.8700,1.8700,14.7800,64.8069,180.320000,165.611200,0.094045,0.046205,1,1,1,1,0,4,3,4,3.0000,3.0000,0.0000,0.0000,1.0000,0.0000,1.0000,0,-0.002891,0.00008053,-0.002891,13.629309,-0.045719
2018-08-14,,1.9100,1.8700,13.3100,67.8112,181.450000,165.783650,0.093642,0.038996,0,1,1,1,0,3,1,4,3.0000,3.0000,0.0000,0.0000,1.0000,0.0000,1.0000,0,0.018462,0.00008092,0.018462,13.880934,-0.028101
2018-08-15,,1.9000,1.8700,14.6400,66.7382,179.230000,165.923600,0.095216,0.059000,0,1,1,1,0,3,1,3,3.0000,3.0000,0.0000,0.0000,1.0000,0.0000,1.0000,0,-0.036404,0.00008170,-0.036404,13.375606,-0.063483
2018-08-16,,1.9000,1.8700,13.4500,69.5279,179.820000,166.064800,0.095473,0.055530,0,1,1,1,0,3,1,3,3.0000,3.0000,0.0000,0.0000,1.0000,0.0000,1.0000,0,0.009173,0.00008131,0.009173,13.498298,-0.054892
2018-08-17,,1.8900,1.8700,12.6400,69.3133,179.860000,166.203350,0.095629,0.050442,0,1,1,1,0,3,1,3,3.0000,3.0000,0.0000,0.0000,1.0000,0.0000,1.0000,0,-0.000154,0.00008131,-0.000154,13.496219,-0.055038
2018-08-20,,1.8900,1.8700,12.4900,69.9571,179.700000,166.341350,0.095092,0.033372,0,1,1,1,0,3,1,3,3.0000,3.0000,0.0000,0.0000,1.0000,0.0000,1.0000,0,-0.002003,0.00008053,-0.002003,13.469185,-0.056931
2018-08-21,,1.8900,1.8700,12.8600,69.9571,180.360000,166.484100,0.094189,0.015978,0,1,1,1,0,3,1,3,3.0000,3.0000,0.0000,0.0000,1.0000,0.0000,1.0000,0,0.010344,0.00008092,0.010344,13.608514,-0.047175
2018-08-22,,1.8800,1.8700,12.2500,69.9571,181.060000,166.623050,0.093546,-0.003552,0,1,1,1,1,4,3,3,3.0000,3.0000,0.0000,0.0000,1.0000,0.0000,1.0000,0,0.011614,0.00008170,0.011614,13.766559,-0.036109
2018-08-23,,1.9100,1.8700,12.4100,68.4549,180.800000,166.758100,0.093600,0.002527,0,1,1,1,0,3,1,4,3.0000,3.0000,0.0000,0.0000,1.0000,0.0000,1.0000,0,-0.004985,0.00008209,-0.004985,13.697934,-0.040914
2018-08-24,,1.9000,1.8700,11.9900,69.7425,182.480000,166.901100,0.093440,-0.007421,0,1,1,1,1,4,3,3,3.0000,3.0000,0.0000,0.0000,1.0000,0.0000,1.0000,0,0.027782,0.00008170,0.027782,14.078490,-0.014269
2018-08-27,,1.9000,1.8700,12.1600,70.8155,184.340000,167.050300,0.092139,0.004396,0,1,1,1,0,3,1,4,3.0000,3.0000,0.0000,0.0000,1.0000,0.0000,1.0000,0,0.030133,0.00008209,0.030133,14.502717,0.000000
2018-08-28,,1.8900,1.8700,12.5000,71.2446,184.610000,167.204900,0.091905,0.015227,0,1,1,1,0,3,1,3,3.0000,3.0000,0.0000,0.0000,1.0000,0.0000,1.0000,0,0.004445,0.00008325,0.004445,14.567182,0.000000
2018-08-29,,1.9000,1.8700,12.2500,72.3176,186.740000,167.370200,0.092082,0.023808,0,1,1,1,0,3,1,3,3.0000,3.0000,0.0000,0.0000,1.0000,0.0000,1.0000,0,0.034975,0.00008364,0.034975,15.076670,0.000000
2018-08-30,,1.8800,1.8700,13.5300,71.4592,186.410000,167.532900,0.092491,0.063689,0,1,1,1,0,3,1,3,3.0000,3.0000,0.0000,0.0000,1.0000,0.0000,1.0000,0,-0.005655,0.00008364,-0.005655,14.991409,-0.005655
2018-08-31,,1.9000,1.8700,12.8600,71.2446,186.650000,167.699600,0.092091,0.051069,0,1,1,1,0,3,1,3,3.0000,3.0000,0.0000,0.0000,1.0000,0.0000,1.0000,0,0.002913,0.00008286,0.002913,15.035079,-0.002759
2018-09-04,,1.9200,1.8700,13.1600,70.1717,185.850000,167.865900,0.092664,0.061331,0,1,1,1,0,3,1,3,3.0000,3.0000,0.0000,0.0000,1.0000,0.0000,1.0000,0,-0.011895,0.00008286,-0.011895,14.856238,-0.014621
2018-09-05,,1.9400,1.8700,13.9100,69.9571,183.450000,168.010450,0.094212,0.083221,0,1,1,1,0,3,1,3,3.0000,3.0000,0.0000,0.0000,1.0000,0.0000,1.0000,0,-0.039754,0.00008364,-0.039754,14.265649,-0.053793
2018-09-06,,1.9500,1.8700,14.6500,69.7425,181.810000,168.149750,0.095034,0.081216,0,1,1,1,0,3,1,3,3.0000,3.0000,0.0000,0.0000,1.0000,0.0000,1.0000,0,-0.027259,0.00008403,-0.027259,13.876775,-0.079586
2018-09-07,,1.9300,1.8700,14.8800,69.3133,181.110000,168.286150,0.094054,0.069210,0,1,1,1,0,3,1,3,3.0000,3.0000,0.0000,0.0000,1.0000,0.0000,1.0000,0,-0.009891,0.00008364,-0.009891,13.739525,-0.088690
2018-09-10,,1.9300,1.8700,14.1600,69.9571,181.720000,168.417250,0.094360,0.061890,0,1,1,1,0,3,1,3,3.0000,3.0000,0.0000,0.0000,1.0000,0.0000,1.0000,0,0.008779,0.00008403,0.008779,13.860139,-0.080690
2018-09-11,,1.9200,1.8700,13.2200,69.9571,183.120000,168.554400,0.093807,0.051659,0,1,1,1,0,3,1,3,3.0000,3.0000,0.0000,0.0000,1.0000,0.0000,1.0000,0,0.022206,0.00008403,0.022206,14.167911,-0.060276
2018-09-12,,1.9000,1.8700,13.1400,69.5279,182.580000,168.686000,0.093698,0.044726,0,1,1,1,0,3,1,3,3.0000,3.0000,0.0000,0.0000,1.0000,0.0000,1.0000,0,-0.008660,0.00008442,-0.008660,14.045218,-0.068414
2018-09-13,,1.8900,1.8700,12.3700,69.7425,184.530000,168.827700,0.093852,0.032023,0,1,1,1,0,3,1,3,3.0000,3.0000,0.0000,0.0000,1.0000,0.0000,1.0000,0,0.029612,0.00008481,0.029612,14.461126,-0.040828
2018-09-14,,1.8700,1.8700,12.0700,70.1717,183.990000,168.964700,0.093337,0.027000,1,1,1,1,0,4,3,3,3.0000,3.0000,0.0000,0.0000,1.0000,0.0000,1.0000,0,-0.007622,0.00008442,-0.007622,14.350910,-0.048138
2018-09-17,,1.8800,1.8700,13.6800,69.9571,181.340000,169.102100,0.094145,0.025891,0,1,1,1,0,3,1,4,3.0000,3.0000,0.0000,0.0000,1.0000,0.0000,1.0000,0,-0.042168,0.00008481,-0.042168,13.745764,-0.088276
2018-09-18,,1.8800,1.8700,12.7900,70.3863,182.840000,169.240550,0.093465,0.012671,0,1,1,1,0,3,1,3,3.0000,3.0000,0.0000,0.0000,1.0000,0.0000,1.0000,0,0.023752,0.00008481,0.023752,14.072252,-0.066621
2018-09-19,,1.8800,1.8700,11.7500,71.6738,182.700000,169.381600,0.091340,-0.043405,0,1,1,1,1,4,3,3,3.0000,3.0000,0.0000,0.0000,1.0000,0.0000,1.0000,0,-0.002217,0.00008519,-0.002217,14.041059,-0.068690
2018-09-20,,1.8800,1.8700,11.8000,75.1073,184.720000,169.541650,0.090793,-0.048788,0,1,1,1,1,4,3,4,3.0000,3.0000,0.0000,0.0000,1.0000,0.0000,1.0000,0,0.031398,0.00008481,0.031398,14.481921,-0.039448
2018-09-21,,1.8500,1.8650,11.6800,74.8927,183.710000,169.696150,0.090859,-0.061704,1,1,1,1,1,5,5,4,3.0000,3.0000,0.0000,0.0000,1.0000,0.0000,1.0000,0,-0.015939,0.00008519,-0.015939,14.251092,-0.054759
2018-09-24,,1.8300,1.8600,12.2000,71.4592,183.890000,169.848100,0.090355,-0.060625,1,1,1,1,1,5,5,5,3.0000,3.0000,0.0000,0.0000,1.0000,0.0000,1.0000,0,0.008609,0.00008558,0.008609,14.373785,-0.046621
2018-09-25,,1.8400,1.8600,12.4200,69.9571,184.140000,169.998700,0.089200,-0.073503,1,1,1,1,1,5,5,5,3.0000,3.0000,0.0000,0.0000,1.0000,0.0000,1.0000,0,0.004051,0.00008714,0.004051,14.432012,-0.042759
2018-09-26,,1.8300,1.8600,12.8900,66.7382,184.270000,170.146550,0.088588,-0.084820,1,1,1,1,1,5,5,5,3.0000,3.0000,0.0000,0.0000,1.0000,0.0000,1.0000,0,-0.001009,0.00008675,-0.001009,14.417455,-0.043724
2018-09-27,,1.8400,1.8600,12.4100,66.7382,185.830000,170.296200,0.089253,-0.084295,1,1,1,1,1,5,5,5,3.0000,3.0000,0.0000,0.0000,1.0000,0.0000,1.0000,0,0.027694,0.00008636,0.027694,14.816727,-0.017241
2018-09-28,,1.8300,1.8600,12.1200,66.7382,185.790000,170.446700,0.090551,-0.066564,1,1,1,1,1,5,5,5,3.0000,3.0000,0.0000,0.0000,1.0000,0.0000,1.0000,0,-0.001544,0.00008558,-0.001544,14.793852,-0.018759
2018-10-01,,1.8400,1.8600,12.0000,65.8798,186.170000,170.597600,0.089929,-0.072384,1,1,1,1,1,5,5,5,3.0000,3.0000,0.0000,0.0000,1.0000,0.0000,1.0000,0,0.005763,0.00008597,0.005763,14.879113,-0.013103
2018-10-02,,1.8300,1.8550,12.0500,66.3090,185.750000,170.746950,0.091199,-0.017134,1,1,1,1,1,5,5,5,3.0000,3.0000,0.0000,0.0000,1.0000,0.0000,1.0000,0,-0.005730,0.00008752,-0.005730,14.793852,-0.018759
2018-10-03,,1.8400,1.8500,11.6100,66.3090,185.950000,170.888450,0.090052,-0.035970,1,1,1,1,1,5,5,5,3.0000,3.0000,0.0000,0.0000,1.0000,0.0000,1.0000,0,0.002952,0.00008752,0.002952,14.837523,-0.015862
2018-10-04,,1.8300,1.8500,14.2200,66.9528,182.380000,171.007150,0.091245,-0.039151,1,1,1,1,1,5,5,5,3.0000,3.0000,0.0000,0.0000,1.0000,0.0000,1.0000,0,-0.057043,0.00008752,-0.057043,13.991150,-0.072000
2018-10-05,,1.8400,1.8500,14.8200,64.3777,180.150000,171.119400,0.093166,-0.009306,1,1,1,1,1,5,5,5,3.0000,3.0000,0.0000,0.0000,1.0000,0.0000,1.0000,0,-0.037604,0.00008714,-0.037604,13.465026,-0.106897
2018-10-08,,1.8500,1.8500,15.6900,65.6652,179.050000,171.227000,0.093948,-0.000125,1,1,1,1,1,5,5,5,3.0000,3.0000,0.0000,0.0000,1.0000,0.0000,1.0000,0,-0.017915,0.00008752,-0.017915,13.223799,-0.122897
2018-10-09,,1.8500,1.8500,15.9500,63.9485,179.630000,171.337400,0.094468,0.005629,1,1,1,1,0,4,3,5,3.0000,3.0000,0.0000,0.0000,1.0000,0.0000,1.0000,0,0.007706,0.00008752,0.007706,13.325697,-0.116138
2018-10-10,,1.8400,1.8500,22.9600,53.6481,171.730000,171.409200,0.097018,0.037289,1,0,1,1,0,3,1,4,3.0000,3.0000,0.0000,0.0000,1.0000,0.0000,1.0000,0,-0.129682,0.00008830,-0.129682,11.597598,-0.230759
2018-10-11,,1.8600,1.8500,24.9800,41.8455,169.600000,171.474600,0.097384,0.047537,0,0,0,0,0,0,-5,3,3.0000,3.0000,0.0000,0.0000,1.0000,0.0000,1.0000,0,-0.040524,0.00008908,-0.040524,11.127622,-0.261931
2018-10-12,,1.8800,1.8500,21.3100,46.1373,174.320000,171.563500,0.095941,0.019971,0,0,0,1,0,1,-3,0,0.0000,0.0000,0.0000,0.0000,0.0000,1.0000,0.0000,1,0.084470,0.00008908,0.079022,12.006945,-0.203608
2018-10-15,,1.8800,1.8500,21.3000,47.2103,172.210000,171.640900,0.096939,0.036282,0,0,0,1,0,1,-3,1,0.0000,0.0000,0.0000,0.0000,0.0000,1.0000,0.0000,0,-0.037739,0.00008946,0.000089,12.008020,-0.203536
2018-10-16,,1.8900,1.8500,17.6200,55.1502,177.220000,171.748200,0.095845,0.034533,0,1,1,1,0,3,1,1,0.0000,0.0000,0.0000,0.0000,0.0000,1.0000,0.0000,0,0.086139,0.00009063,0.000091,12.009108,-0.203464
2018-10-17,,1.8800,1.8500,17.4000,52.7897,177.290000,171.842200,0.095650,0.033870,0,1,1,1,0,3,1,3,3.0000,3.0000,0.0000,0.0000,1.0000,0.0000,1.0000,1,0.003298,0.00009024,-0.014204,11.838529,-0.214778
2018-10-18,,1.8800,1.8500,20.0600,48.9270,173.180000,171.907950,0.097196,0.055120,0,0,0,1,0,1,-3,3,3.0000,3.0000,0.0000,0.0000,1.0000,0.0000,1.0000,0,-0.069351,0.00009063,-0.069351,11.017517,-0.269234
2018-10-19,,1.9200,1.8500,19.8900,48.7124,173.020000,171.971500,0.098769,0.058350,0,1,0,1,0,2,-1,1,0.0000,0.0000,0.0000,0.0000,0.0000,1.0000,0.0000,1,-0.004061,0.00009102,0.020986,11.248730,-0.253898
2018-10-22,,1.9200,1.8500,19.6400,46.7811,173.910000,172.031450,0.098578,0.052793,0,1,0,1,0,2,-1,2,0.0000,0.0000,0.0000,0.0000,0.0000,1.0000,0.0000,0,0.015071,0.00009063,0.000091,11.249749,-0.253831
2018-10-23,,1.9200,1.8500,20.7100,44.4206,173.270000,172.085050,0.098534,0.053228,0,0,0,1,0,1,-3,2,0.0000,0.0000,0.0000,0.0000,0.0000,1.0000,0.0000,0,-0.011004,0.00009179,0.000092,11.250782,-0.253762
2018-10-24,,1.9600,1.8500,25.2300,36.9099,165.340000,172.098950,0.104082,0.103129,0,0,0,0,0,0,-5,1,0.0000,0.0000,0.0000,0.0000,0.0000,1.0000,0.0000,0,-0.135994,0.00009140,0.000091,11.251810,-0.253694
2018-10-25,,1.9900,1.8500,24.2200,40.7725,171.060000,172.143350,0.100655,0.074988,0,0,0,0,0,0,-5,0,0.0000,0.0000,0.0000,0.0000,0.0000,1.0000,0.0000,0,0.102617,0.00009179,0.000092,11.252843,-0.253625
2018-10-26,,1.9800,1.8500,24.1600,36.9099,166.660000,172.160200,0.100573,0.072934,0,0,0,0,0,0,-5,0,0.0000,0.0000,0.0000,0.0000,0.0000,1.0000,0.0000,0,-0.077679,0.00009179,0.000092,11.253876,-0.253557
2018-10-29,,2.0200,1.8500,24.7000,36.9099,163.230000,172.153900,0.102554,0.084990,0,0,0,0,0,0,-5,0,0.0000,0.0000,0.0000,0.0000,0.0000,1.0000,0.0000,0,-0.053467,0.00009140,0.000091,11.254904,-0.253489
2018-10-30,,2.0200,1.8500,23.3500,42.4893,165.920000,172.163400,0.101449,0.077828,0,0,0,0,0,0,-5,0,0.0000,0.0000,0.0000,0.0000,0.0000,1.0000,0.0000,0,0.038649,0.00009179,0.000092,11.255937,-0.253420
2018-10-31,,2.0300,1.8500,21.2300,43.7768,169.820000,172.183550,0.099194,0.060423,0,0,0,0,0,0,-5,0,0.0000,0.0000,0.0000,0.0000,0.0000,1.0000,0.0000,0,0.067471,0.00009140,0.000091,11.256966,-0.253352
2018-11-01,,2.0300,1.8500,19.3400,47.6395,172.060000,172.214750,0.097711,0.050734,0,1,0,0,0,1,-3,0,0.0000,0.0000,0.0000,0.0000,0.0000,1.0000,0.0000,0,0.043670,0.00009179,0.000092,11.258000,-0.253283
2018-11-02,,2.0400,1.8500,19.5100,45.9227,169.380000,172.229950,0.097742,0.044919,0,1,0,0,0,1,-3,1,0.0000,0.0000,0.0000,0.0000,0.0000,1.0000,0.0000,0,-0.044779,0.00009102,0.000091,11.259024,-0.253215
2018-11-05,,2.0200,1.8500,19.9600,47.4249,168.960000,172.234150,0.098577,0.051677,0,1,0,0,0,1,-3,1,0.0000,0.0000,0.0000,0.0000,0.0000,1.0000,0.0000,0,-0.009798,0.00009140,0.000091,11.260053,-0.253147
2018-11-06,,2.0200,1.8500,19.9100,49.1416,170.240000,172.237800,0.098612,0.047359,0,1,0,0,0,1,-3,1,0.0000,0.0000,0.0000,0.0000,0.0000,1.0000,0.0000,0,0.021149,0.00009257,0.000093,11.261096,-0.253078
2018-11-07,,1.9800,1.8500,16.3600,54.0773,175.580000,172.273650,0.097648,0.042341,0,1,1,1,0,3,1,1,0.0000,0.0000,0.0000,0.0000,0.0000,1.0000,0.0000,0,0.091963,0.00009218,0.000092,11.262134,-0.253009
2018-11-08,,1.9600,1.8500,16.7200,54.5064,174.460000,172.304200,0.097665,0.025601,0,1,1,1,0,3,1,3,3.0000,3.0000,0.0000,0.0000,1.0000,0.0000,1.0000,1,-0.017052,0.00009295,-0.007312,11.179786,-0.258471
2018-11-09,,1.9600,1.8500,17.3600,50.8584,171.520000,172.307150,0.098772,0.033793,0,1,1,0,0,2,-1,3,3.0000,3.0000,0.0000,0.0000,1.0000,0.0000,1.0000,0,-0.050805,0.00009218,-0.050805,10.611792,-0.296145
2018-11-12,,1.9800,1.8500,20.4500,45.9227,166.330000,172.288300,0.100598,0.049685,0,0,0,0,0,0,-5,2,0.0000,0.0000,0.0000,0.0000,0.0000,1.0000,0.0000,1,-0.087840,0.00009257,-0.021084,10.388058,-0.310985
2018-11-13,,1.9800,1.8500,20.0200,46.1373,166.470000,172.277150,0.101209,0.061263,0,0,0,0,0,0,-5,0,0.0000,0.0000,0.0000,0.0000,0.0000,1.0000,0.0000,0,-0.000409,0.00009257,0.000093,10.389019,-0.310921
2018-11-14,,2.0400,1.8500,21.2500,43.6831,165.200000,172.256150,0.100851,0.066748,0,0,0,0,0,0,-5,0,0.0000,0.0000,0.0000,0.0000,0.0000,1.0000,0.0000,0,-0.025363,0.00009334,0.000093,10.389989,-0.310857
2018-11-15,,2.0900,1.8500,19.9800,46.6809,168.090000,172.256800,0.098985,0.055477,0,1,0,0,0,1,-3,0,0.0000,0.0000,0.0000,0.0000,0.0000,1.0000,0.0000,0,0.053515,0.00009334,0.000093,10.390959,-0.310792
2018-11-16,,2.1300,1.8500,18.1400,47.1092,167.500000,172.271250,0.100245,0.067993,0,1,0,0,0,1,-3,1,0.0000,0.0000,0.0000,0.0000,0.0000,1.0000,0.0000,0,-0.010956,0.00009295,0.000093,10.391925,-0.310728
2018-11-19,,2.1300,1.8500,20.1000,42.1842,162.060000,172.290950,0.102415,0.089903,0,0,0,0,0,0,-5,1,0.0000,0.0000,0.0000,0.0000,0.0000,1.0000,0.0000,0,-0.095871,0.00009257,0.000093,10.392887,-0.310664
2018-11-20,,2.1600,1.8500,22.4800,37.2591,159.160000,172.275200,0.103911,0.116453,0,0,0,0,0,0,-5,0,0.0000,0.0000,0.0000,0.0000,0.0000,1.0000,0.0000,0,-0.055469,0.00009334,0.000093,10.393857,-0.310600
2018-11-21,,2.1700,1.8500,20.8000,38.3298,160.370000,172.276000,0.102030,0.100710,0,0,0,0,0,0,-5,0,0.0000,0.0000,0.0000,0.0000,0.0000,1.0000,0.0000,0,0.022406,0.00009373,0.000094,10.394831,-0.310535
2018-11-23,,2.1700,1.8500,21.5200,38.7580,159.210000,172.304800,0.102773,0.104861,0,0,0,0,0,0,-5,0,0.0000,0.0000,0.0000,0.0000,0.0000,1.0000,0.0000,0,-0.022145,0.00009451,0.000095,10.395813,-0.310470
2018-11-26,,2.1800,1.8500,18.9000,42.3983,162.890000,172.338750,0.101738,0.092133,0,1,0,0,0,1,-3,0,0.0000,0.0000,0.0000,0.0000,0.0000,1.0000,0.0000,0,0.068648,0.00009451,0.000095,10.396796,-0.310405
2018-11-27,,2.1600,1.8500,19.0200,41.9700,163.440000,172.361600,0.102161,0.101093,0,1,0,0,0,1,-3,1,0.0000,0.0000,0.0000,0.0000,0.0000,1.0000,0.0000,0,0.010375,0.00009451,0.000095,10.397778,-0.310340
2018-11-28,,2.2000,1.8500,18.4900,48.8223,168.700000,172.406650,0.099789,0.072846,0,1,0,0,0,1,-3,1,0.0000,0.0000,0.0000,0.0000,0.0000,1.0000,0.0000,0,0.094822,0.00009451,0.000095,10.398761,-0.310275
2018-11-29,,2.2200,1.8500,18.7900,48.1799,168.150000,172.434000,0.099971,0.057947,0,1,0,0,0,1,-3,1,0.0000,0.0000,0.0000,0.0000,0.0000,1.0000,0.0000,0,-0.009180,0.00009412,0.000094,10.399740,-0.310210
2018-11-30,,2.2600,1.8500,18.0700,50.1071,169.370000,172.452350,0.100834,0.058385,0,1,1,0,0,2,-1,1,0.0000,0.0000,0.0000,0.0000,0.0000,1.0000,0.0000,0,0.020947,0.00009295,0.000093,10.400706,-0.310146
2018-12-03,,2.2700,1.8500,16.4400,55.0321,172.330000,172.489200,0.100519,0.066752,0,1,1,0,0,2,-1,2,0.0000,0.0000,0.0000,0.0000,0.0000,1.0000,0.0000,0,0.051292,0.00009295,0.000093,10.401673,-0.310082
2018-12-04,,2.2600,1.8500,20.7400,43.6831,165.720000,172.491350,0.103959,0.095432,0,0,0,0,0,0,-5,2,0.0000,0.0000,0.0000,0.0000,0.0000,1.0000,0.0000,0,-0.109964,0.00009334,0.000093,10.402644,-0.310017
2018-12-06,,2.2500,1.8500,21.1900,42.6124,166.890000,172.501700,0.104228,0.103708,0,0,0,0,0,0,-5,0,0.0000,0.0000,0.0000,0.0000,0.0000,1.0000,0.0000,0,0.014548,0.00009489,0.000095,10.403631,-0.309952
2018-12-07,,2.2900,1.8500,23.2300,37.4732,161.380000,172.484600,0.107106,0.130454,0,0,0,0,0,0,-5,0,0.0000,0.0000,0.0000,0.0000,0.0000,1.0000,0.0000,0,-0.097880,0.00009451,0.000095,10.404614,-0.309886
2018-12-10,,2.3100,1.8500,22.6400,39.4004,163.070000,172.459100,0.107112,0.128283,0,0,0,0,0,0,-5,0,0.0000,0.0000,0.0000,0.0000,0.0000,1.0000,0.0000,0,0.031329,0.00009412,0.000094,10.405594,-0.309821
2018-12-11,,2.3100,1.8500,21.7600,37.9015,163.610000,172.425150,0.107523,0.138003,0,0,0,0,0,0,-5,0,0.0000,0.0000,0.0000,0.0000,0.0000,1.0000,0.0000,0,0.010721,0.00009451,0.000095,10.406577,-0.309756
2018-12-12,,2.2600,1.8500,21.4600,40.2570,165.050000,172.408950,0.106306,0.118509,0,0,0,0,0,0,-5,0,0.0000,0.0000,0.0000,0.0000,0.0000,1.0000,0.0000,0,0.025193,0.00009451,0.000095,10.407561,-0.309691
2018-12-13,,2.2400,1.8500,20.6500,38.9722,165.100000,172.398400,0.107265,0.134686,0,0,0,0,0,0,-5,0,0.0000,0.0000,0.0000,0.0000,0.0000,1.0000,0.0000,0,0.000216,0.00009528,0.000095,10.408552,-0.309625
2018-12-14,,2.2500,1.8500,21.6300,34.9036,161.080000,172.381400,0.109072,0.173635,0,0,0,0,0,0,-5,0,0.0000,0.0000,0.0000,0.0000,0.0000,1.0000,0.0000,0,-0.075431,0.00009528,0.000095,10.409544,-0.309559
2018-12-17,,2.2500,1.8500,24.5200,27.1949,157.430000,172.338600,0.107672,0.161700,0,0,0,0,0,0,-5,0,0.0000,0.0000,0.0000,0.0000,0.0000,1.0000,0.0000,0,-0.064569,0.00009489,0.000095,10.410532,-0.309494
2018-12-18,,2.2500,1.8500,25.5800,28.2655,158.420000,172.291550,0.107064,0.155809,0,0,0,0,0,0,-5,0,0.0000,0.0000,0.0000,0.0000,0.0000,1.0000,0.0000,0,0.016696,0.00009412,0.000094,10.411512,-0.309429
2018-12-19,,2.2600,1.8550,25.5800,23.5546,154.530000,172.221500,0.108513,0.173512,0,0,0,0,0,0,-5,0,0.0000,0.0000,0.0000,0.0000,0.0000,1.0000,0.0000,0,-0.072304,0.00009373,0.000094,10.412487,-0.309364
2018-12-20,,2.2700,1.8600,28.3800,18.4154,152.290000,172.138300,0.110248,0.200592,0,0,0,0,0,0,-5,0,0.0000,0.0000,0.0000,0.0000,0.0000,1.0000,0.0000,0,-0.040159,0.00009412,0.000094,10.413467,-0.309299
2018-12-21,,2.2800,1.8600,30.1100,15.8458,147.570000,172.026850,0.111778,0.217359,0,0,0,0,0,0,-5,0,0.0000,0.0000,0.0000,0.0000,0.0000,1.0000,0.0000,0,-0.096614,0.00009373,0.000094,10.414443,-0.309234
2018-12-24,,2.3100,1.8600,36.0700,9.8501,143.500000,171.878550,0.110011,0.187490,0,0,0,0,0,0,-5,0,0.0000,0.0000,0.0000,0.0000,0.0000,1.0000,0.0000,0,-0.074040,0.00009373,0.000094,10.415420,-0.309170
2018-12-26,,2.3500,1.8600,30.4100,16.2741,152.460000,171.770450,0.106142,0.145798,0,0,0,0,0,0,-5,0,0.0000,0.0000,0.0000,0.0000,0.0000,1.0000,0.0000,0,0.179993,0.00009605,0.000096,10.416420,-0.309103
2018-12-27,,2.3300,1.8600,29.9600,19.0578,153.050000,171.677150,0.106220,0.154042,0,0,0,0,0,0,-5,0,0.0000,0.0000,0.0000,0.0000,0.0000,1.0000,0.0000,0,0.014222,0.00009567,0.000096,10.417417,-0.309037
2018-12-28,,2.3600,1.8600,28.3400,19.0578,152.970000,171.583600,0.106620,0.143679,0,0,0,0,0,0,-5,0,0.0000,0.0000,0.0000,0.0000,0.0000,1.0000,0.0000,0,-0.004124,0.00009451,0.000095,10.418401,-0.308972
2018-12-31,,2.4400,1.8650,25.4200,22.2698,154.260000,171.497250,0.105874,0.150521,0,0,0,0,0,0,-5,0,0.0000,0.0000,0.0000,0.0000,0.0000,1.0000,0.0000,0,0.022639,0.00009412,0.000094,10.419382,-0.308907
2019-01-02,,2.4500,1.8700,23.2200,18.2013,154.880000,171.416550,0.103945,0.120306,0,0,0,0,0,0,-5,0,0.0000,0.0000,0.0000,0.0000,0.0000,1.0000,0.0000,0,0.014309,0.00009605,0.000096,10.420382,-0.308841
2019-01-03,,2.4500,1.8700,25.4500,14.1328,149.820000,171.330150,0.106466,0.121125,0,0,0,0,0,0,-5,0,0.0000,0.0000,0.0000,0.0000,0.0000,1.0000,0.0000,0,-0.096886,0.00009489,0.000095,10.421371,-0.308775
2019-01-04,,2.4800,1.8700,21.3800,21.4133,156.230000,171.273050,0.104541,0.098874,0,0,0,0,0,0,-5,0,0.0000,0.0000,0.0000,0.0000,0.0000,1.0000,0.0000,0,0.127910,0.00009451,0.000095,10.422356,-0.308710
2019-01-07,,2.4500,1.8700,21.4000,23.5546,158.090000,171.228900,0.103015,0.080086,0,0,0,0,0,0,-5,0,0.0000,0.0000,0.0000,0.0000,0.0000,1.0000,0.0000,0,0.031879,0.00009489,0.000095,10.423345,-0.308644
2019-01-08,,2.4200,1.8700,20.4700,28.4797,159.520000,171.212500,0.103322,0.059955,0,0,0,0,0,0,-5,0,0.0000,0.0000,0.0000,0.0000,0.0000,1.0000,0.0000,0,0.028868,0.00009605,0.000096,10.424346,-0.308578
2019-01-09,,2.3900,1.8700,19.9800,29.5503,160.820000,171.224050,0.102221,0.047080,0,1,0,0,0,1,-3,0,0.0000,0.0000,0.0000,0.0000,0.0000,1.0000,0.0000,0,0.023628,0.00009644,0.000096,10.425352,-0.308511
2019-01-10,,2.3900,1.8700,19.5000,31.4775,161.280000,171.208450,0.103195,0.070924,0,1,0,0,0,1,-3,1,0.0000,0.0000,0.0000,0.0000,0.0000,1.0000,0.0000,0,0.009618,0.00009605,0.000096,10.426353,-0.308445
2019-01-11,,2.4200,1.8750,18.1900,32.5482,160.690000,171.216500,0.102769,0.056759,0,1,0,0,0,1,-3,1,0.0000,0.0000,0.0000,0.0000,0.0000,1.0000,0.0000,0,-0.011908,0.00009528,0.000095,10.427347,-0.308379
2019-01-14,,2.4200,1.8800,19.0700,29.7645,159.270000,171.226600,0.101068,0.050026,0,1,0,0,0,1,-3,1,0.0000,0.0000,0.0000,0.0000,0.0000,1.0000,0.0000,0,-0.026030,0.00009528,0.000095,10.428340,-0.308313
2019-01-15,,2.4600,1.8800,18.6000,32.7623,162.380000,171.237850,0.101152,0.053404,0,1,0,0,0,1,-3,1,0.0000,0.0000,0.0000,0.0000,0.0000,1.0000,0.0000,0,0.055432,0.00009605,0.000096,10.429342,-0.308246
2019-01-16,,2.4600,1.8800,19.0400,32.9764,162.350000,171.272050,0.101272,0.039597,0,1,0,0,0,1,-3,1,0.0000,0.0000,0.0000,0.0000,0.0000,1.0000,0.0000,0,0.001407,0.00009605,0.000096,10.430344,-0.308180
2019-01-17,,2.4500,1.8800,18.0600,35.5460,163.630000,171.303900,0.100928,0.020804,0,1,0,0,0,1,-3,1,0.0000,0.0000,0.0000,0.0000,0.0000,1.0000,0.0000,0,0.023414,0.00009528,0.000095,10.431337,-0.308114
2019-01-18,,2.4300,1.8800,17.8000,41.3276,165.250000,171.331450,0.099715,0.011171,0,1,0,0,0,1,-3,1,0.0000,0.0000,0.0000,0.0000,0.0000,1.0000,0.0000,0,0.027454,0.00009489,0.000095,10.432327,-0.308048
2019-01-22,,2.3800,1.8800,20.8000,37.0450,161.940000,171.337900,0.101271,0.026678,0,0,0,0,0,0,-5,1,0.0000,0.0000,0.0000,0.0000,0.0000,1.0000,0.0000,0,-0.055222,0.00009451,0.000095,10.433313,-0.307983
2019-01-23,,2.3800,1.8800,19.5200,37.2591,162.150000,171.365500,0.102084,-0.019055,0,1,0,0,1,2,-1,0,0.0000,0.0000,0.0000,0.0000,0.0000,1.0000,0.0000,0,0.000943,0.00009528,0.000095,10.434307,-0.307917
2019-01-24,,2.3700,1.8800,18.8900,37.9015,163.200000,171.392850,0.102561,0.018476,0,1,0,0,0,1,-3,2,0.0000,0.0000,0.0000,0.0000,0.0000,1.0000,0.0000,0,0.017660,0.00009451,0.000095,10.435293,-0.307852
2019-01-25,,2.3700,1.8800,17.4200,40.4711,165.150000,171.412550,0.100309,-0.002633,0,1,0,0,1,2,-1,1,0.0000,0.0000,0.0000,0.0000,0.0000,1.0000,0.0000,0,0.035632,0.00009295,0.000093,10.436263,-0.307787
2019-01-28,,2.3400,1.8800,18.8700,38.7580,163.110000,171.426700,0.100603,-0.019022,0,1,0,0,1,2,-1,2,0.0000,0.0000,0.0000,0.0000,0.0000,1.0000,0.0000,0,-0.036863,0.00009373,0.000094,10.437241,-0.307722
2019-01-29,,2.3600,1.8800,19.1300,38.9722,161.570000,171.423500,0.101021,-0.004148,0,1,0,0,1,2,-1,2,0.0000,0.0000,0.0000,0.0000,0.0000,1.0000,0.0000,0,-0.028300,0.00009489,0.000095,10.438232,-0.307657
2019-01-30,,2.3600,1.8800,17.6600,46.4668,165.680000,171.445050,0.100213,0.010152,0,1,0,0,0,1,-3,2,0.0000,0.0000,0.0000,0.0000,0.0000,1.0000,0.0000,0,0.074958,0.00009489,0.000095,10.439222,-0.307591
2019-01-31,,2.3700,1.8800,16.5700,47.3233,168.160000,171.472850,0.101434,0.037598,0,1,0,0,0,1,-3,1,0.0000,0.0000,0.0000,0.0000,0.0000,1.0000,0.0000,0,0.043971,0.00009489,0.000095,10.440213,-0.307525
2019-02-01,,2.3800,1.8850,16.1400,49.4647,167.450000,171.479600,0.100996,0.033071,0,1,0,0,0,1,-3,1,0.0000,0.0000,0.0000,0.0000,0.0000,1.0000,0.0000,0,-0.012763,0.00009451,0.000095,10.441200,-0.307460
2019-02-04,,2.3100,1.8900,15.7300,53.3191,169.530000,171.495050,0.100456,0.018960,0,1,1,0,0,2,-1,1,0.0000,0.0000,0.0000,0.0000,0.0000,1.0000,0.0000,0,0.036630,0.00009412,0.000094,10.442182,-0.307395
2019-02-05,,2.3000,1.8900,15.5700,54.3897,171.030000,171.525650,0.100238,0.016373,0,1,1,0,0,2,-1,2,0.0000,0.0000,0.0000,0.0000,0.0000,1.0000,0.0000,0,0.026398,0.00009489,0.000095,10.443173,-0.307329
2019-02-06,,2.2700,1.8900,15.3800,54.8180,170.520000,171.566750,0.100315,0.026514,0,1,1,0,0,2,-1,2,0.0000,0.0000,0.0000,0.0000,0.0000,1.0000,0.0000,0,-0.007898,0.00009489,0.000095,10.444164,-0.307263
2019-02-07,,2.2800,1.8900,16.3700,52.2484,168.230000,171.598450,0.102613,0.048798,0,1,1,0,0,2,-1,2,0.0000,0.0000,0.0000,0.0000,0.0000,1.0000,0.0000,0,-0.040825,0.00009489,0.000095,10.445155,-0.307197
2019-02-08,,2.3100,1.8900,15.7200,52.0343,168.560000,171.648950,0.102932,0.041008,0,1,1,0,0,2,-1,2,0.0000,0.0000,0.0000,0.0000,0.0000,1.0000,0.0000,0,0.005107,0.00009489,0.000095,10.446146,-0.307132
2019-02-11,,2.3000,1.8900,15.9700,52.4625,168.400000,171.697700,0.102838,0.022107,0,1,1,0,0,2,-1,2,0.0000,0.0000,0.0000,0.0000,0.0000,1.0000,0.0000,0,-0.002329,0.00009528,0.000095,10.447142,-0.307066
2019-02-12,,2.3000,1.8900,15.4300,57.8158,170.890000,171.742200,0.101769,0.005576,0,1,1,0,0,2,-1,2,0.0000,0.0000,0.0000,0.0000,0.0000,1.0000,0.0000,0,0.043294,0.00009605,0.000096,10.448145,-0.306999
2019-02-13,,2.3000,1.8900,15.6500,61.4561,171.010000,171.786800,0.101149,0.003006,0,1,1,0,0,2,-1,2,0.0000,0.0000,0.0000,0.0000,0.0000,1.0000,0.0000,0,0.002034,0.00009528,0.000095,10.449141,-0.306933
2019-02-14,,2.2700,1.8900,16.2200,59.9572,171.220000,171.838200,0.101210,0.022586,0,1,1,0,0,2,-1,2,0.0000,0.0000,0.0000,0.0000,0.0000,1.0000,0.0000,0,0.003654,0.00009567,0.000096,10.450140,-0.306867
2019-02-15,,2.3000,1.8950,14.9100,64.2398,171.940000,171.884000,0.100425,0.001826,0,1,1,1,0,3,1,2,0.0000,0.0000,0.0000,0.0000,0.0000,1.0000,0.0000,0,0.011934,0.00009528,0.000095,10.451136,-0.306801
2019-02-19,,2.2800,1.9000,14.8800,65.0964,172.280000,171.936300,0.100846,-0.015825,0,1,1,1,1,4,3,3,3.0000,3.0000,0.0000,0.0000,1.0000,0.0000,1.0000,1,0.005996,0.00009528,0.015430,10.612401,-0.296104
2019-02-20,,2.2800,1.9000,14.0200,66.5953,172.250000,171.988550,0.101092,-0.028599,0,1,1,1,1,4,3,4,3.0000,3.0000,0.0000,0.0000,1.0000,0.0000,1.0000,0,-0.000795,0.00009605,-0.000795,10.603967,-0.296664
2019-02-21,,2.2300,1.9000,14.4600,64.8822,171.620000,172.022300,0.102192,0.001658,0,1,1,0,0,2,-1,4,3.0000,3.0000,0.0000,0.0000,1.0000,0.0000,1.0000,0,-0.011334,0.00009605,-0.011334,10.483779,-0.304636
2019-02-22,,2.2300,1.9000,13.5100,66.5953,172.890000,172.055550,0.102189,-0.006027,0,1,1,1,1,4,3,2,0.0000,0.0000,0.0000,0.0000,0.0000,1.0000,0.0000,1,0.021722,0.00009605,0.006637,10.553359,-0.300021
2019-02-25,,2.2500,1.9000,14.8500,66.1670,173.520000,172.092800,0.101388,-0.003597,0,1,1,1,1,4,3,4,3.0000,3.0000,0.0000,0.0000,1.0000,0.0000,1.0000,1,0.011024,0.00009644,-0.012600,10.420388,-0.308840
2019-02-26,,2.2300,1.9000,15.1700,65.3105,173.700000,172.121900,0.101335,-0.008410,0,1,1,1,1,4,3,4,3.0000,3.0000,0.0000,0.0000,1.0000,0.0000,1.0000,0,0.003115,0.00009683,0.003115,10.452850,-0.306687
2019-02-27,,2.2400,1.9000,14.7000,65.9529,173.590000,172.141750,0.101504,0.017481,0,1,1,1,0,3,1,4,3.0000,3.0000,0.0000,0.0000,1.0000,0.0000,1.0000,0,-0.003106,0.00009605,-0.003106,10.420388,-0.308840
2019-02-28,,2.2500,1.9000,14.7800,65.0964,173.190000,172.160400,0.102286,0.023554,0,1,1,1,0,3,1,3,3.0000,3.0000,0.0000,0.0000,1.0000,0.0000,1.0000,0,-0.006231,0.00009605,-0.006231,10.355463,-0.313147
2019-03-01,,2.2200,1.9000,13.5700,66.1670,174.390000,172.183600,0.101865,0.010398,0,1,1,1,0,3,1,3,3.0000,3.0000,0.0000,0.0000,1.0000,0.0000,1.0000,0,0.019984,0.00009605,0.019984,10.562410,-0.299420
2019-03-04,,2.2200,1.9000,14.6300,66.3812,174.420000,172.216350,0.102416,0.018876,0,1,1,1,0,3,1,3,3.0000,3.0000,0.0000,0.0000,1.0000,0.0000,1.0000,0,0.000192,0.00009567,0.000192,10.564439,-0.299286
2019-03-05,,2.2200,1.9000,14.7400,64.6681,174.570000,172.244300,0.102430,-0.015189,0,1,1,1,1,4,3,3,3.0000,3.0000,0.0000,0.0000,1.0000,0.0000,1.0000,0,0.003073,0.00009644,0.003073,10.596901,-0.297133
2019-03-06,,2.2200,1.9000,15.7400,62.7409,173.560000,172.270450,0.103054,-0.011579,0,1,1,1,1,4,3,4,3.0000,3.0000,0.0000,0.0000,1.0000,0.0000,1.0000,0,-0.017806,0.00009644,-0.017806,10.408214,-0.309648
2019-03-07,,2.2500,1.9000,16.5900,58.8865,171.430000,172.290300,0.104269,-0.027641,0,1,1,0,1,3,1,4,3.0000,3.0000,0.0000,0.0000,1.0000,0.0000,1.0000,0,-0.036452,0.00009683,-0.036452,10.028811,-0.334813
2019-03-08,,2.2500,1.9000,16.0500,56.9593,171.170000,172.304150,0.104842,-0.022022,0,1,1,0,1,3,1,3,3.0000,3.0000,0.0000,0.0000,1.0000,0.0000,1.0000,0,-0.005665,0.00009605,-0.005665,9.972002,-0.338581
2019-03-11,,2.2700,1.9050,14.3300,62.3126,174.730000,172.336900,0.104080,-0.033755,0,1,1,1,1,4,3,3,3.0000,3.0000,0.0000,0.0000,1.0000,0.0000,1.0000,0,0.062462,0.00009644,0.062462,10.594872,-0.297267
2019-03-12,,2.2700,1.9100,13.7700,62.7409,175.720000,172.367500,0.104404,-0.018833,0,1,1,1,1,4,3,4,3.0000,3.0000,0.0000,0.0000,1.0000,0.0000,1.0000,0,0.016469,0.00009644,0.016469,10.769357,-0.285694
2019-03-13,,2.2500,1.9100,13.4100,64.6681,177.010000,172.404800,0.103825,-0.034008,0,1,1,1,1,4,3,4,3.0000,3.0000,0.0000,0.0000,1.0000,0.0000,1.0000,0,0.022042,0.00009644,0.022042,11.006737,-0.269949
2019-03-14,,2.2600,1.9100,13.5000,64.0257,176.710000,172.439750,0.103873,-0.051450,0,1,1,1,1,4,3,4,3.0000,3.0000,0.0000,0.0000,1.0000,0.0000,1.0000,0,-0.004977,0.00009605,-0.004977,10.951957,-0.273582
2019-03-15,,2.2700,1.9100,12.8800,65.3105,178.350000,172.486650,0.103427,-0.043429,0,1,1,1,1,4,3,4,3.0000,3.0000,0.0000,0.0000,1.0000,0.0000,1.0000,0,0.024824,0.00009605,0.024824,11.223829,-0.255550
2019-03-18,,2.2800,1.9100,13.1000,67.6660,178.450000,172.528000,0.102664,-0.045496,0,1,1,1,1,4,3,4,3.0000,3.0000,0.0000,0.0000,1.0000,0.0000,1.0000,0,0.009038,0.00009605,0.009038,11.325273,-0.248821
2019-03-19,,2.2700,1.9100,13.5600,65.5246,179.050000,172.572900,0.101470,-0.072954,0,1,1,1,1,4,3,4,3.0000,3.0000,0.0000,0.0000,1.0000,0.0000,1.0000,0,0.010032,0.00009567,0.010032,11.438891,-0.241285
2019-03-20,,2.2700,1.9100,13.9100,62.5268,179.760000,172.608000,0.102042,-0.084783,0,1,1,1,1,4,3,4,3.0000,3.0000,0.0000,0.0000,1.0000,0.0000,1.0000,0,0.011174,0.00009644,0.011174,11.566711,-0.232807
2019-03-21,,2.2900,1.9100,13.6300,67.5214,182.560000,172.649300,0.101974,-0.103757,0,1,1,1,1,4,3,4,3.0000,3.0000,0.0000,0.0000,1.0000,0.0000,1.0000,0,0.046658,0.00009722,0.046658,12.106396,-0.197011
2019-03-22,,2.2800,1.9100,16.4800,61.5385,178.560000,172.667900,0.104727,-0.057238,0,1,1,1,1,4,3,4,3.0000,3.0000,0.0000,0.0000,1.0000,0.0000,1.0000,0,-0.065695,0.00009760,-0.065695,11.311071,-0.249763
2019-03-25,,2.3000,1.9150,16.3300,61.5385,178.220000,172.679700,0.104895,-0.013311,0,1,1,1,1,4,3,4,3.0000,3.0000,0.0000,0.0000,1.0000,0.0000,1.0000,0,-0.006278,0.00009644,-0.006278,11.240060,-0.254473
2019-03-26,,2.2800,1.9200,14.6800,63.4615,179.040000,172.702750,0.104866,-0.014443,0,1,1,1,1,4,3,4,3.0000,3.0000,0.0000,0.0000,1.0000,0.0000,1.0000,0,0.013718,0.00009644,0.013718,11.394256,-0.244246
2019-03-27,,2.3000,1.9200,15.1500,63.0342,177.910000,172.720100,0.104684,-0.020487,0,1,1,1,1,4,3,4,3.0000,3.0000,0.0000,0.0000,1.0000,0.0000,1.0000,0,-0.019409,0.00009644,-0.019409,11.173106,-0.258914
2019-03-28,,2.2800,1.9200,14.4300,63.8889,178.310000,172.737100,0.103060,-0.029851,0,1,1,1,1,4,3,4,3.0000,3.0000,0.0000,0.0000,1.0000,0.0000,1.0000,0,0.006174,0.00009567,0.006174,11.242089,-0.254339
2019-03-29,,2.2700,1.9200,13.7100,66.2393,179.690000,172.756400,0.102963,-0.010668,0,1,1,1,1,4,3,4,3.0000,3.0000,0.0000,0.0000,1.0000,0.0000,1.0000,0,0.022559,0.00009528,0.022559,11.495700,-0.237517
2019-04-01,,2.2600,1.9200,13.4000,70.7265,182.040000,172.787500,0.101057,-0.059466,0,1,1,1,1,4,3,4,3.0000,3.0000,0.0000,0.0000,1.0000,0.0000,1.0000,0,0.039358,0.00009412,0.039358,11.948143,-0.207508
2019-04-02,,2.2400,1.9250,13.3600,71.1538,182.730000,172.813150,0.101147,-0.036781,0,1,1,1,1,4,3,4,3.0000,3.0000,0.0000,0.0000,1.0000,0.0000,1.0000,0,0.011038,0.00009528,0.011038,12.080021,-0.198761
2019-04-03,,2.2400,1.9300,13.7400,71.3675,183.780000,172.847150,0.100831,-0.023874,0,1,1,1,1,4,3,4,3.0000,3.0000,0.0000,0.0000,1.0000,0.0000,1.0000,0,0.017299,0.00009489,0.017299,12.288997,-0.184900
2019-04-04,,2.2300,1.9300,13.5800,72.6496,183.710000,172.883200,0.100216,-0.033623,0,1,1,1,1,4,3,4,3.0000,3.0000,0.0000,0.0000,1.0000,0.0000,1.0000,0,-0.001651,0.00009567,-0.001651,12.268708,-0.186246
2019-04-05,,2.2200,1.9350,12.8200,74.5726,184.660000,172.926500,0.100669,-0.016988,0,1,1,1,1,4,3,4,3.0000,3.0000,0.0000,0.0000,1.0000,0.0000,1.0000,0,0.015380,0.00009567,0.015380,12.457395,-0.173730
2019-04-08,,2.2200,1.9450,13.1800,75.2137,185.140000,172.965950,0.099882,-0.035806,0,1,1,1,1,4,3,4,3.0000,3.0000,0.0000,0.0000,1.0000,0.0000,1.0000,0,0.007655,0.00009567,0.007655,12.552753,-0.167405
2019-04-09,,2.2100,1.9500,14.2800,72.4359,184.480000,173.009800,0.100640,-0.022973,0,1,1,1,1,4,3,4,3.0000,3.0000,0.0000,0.0000,1.0000,0.0000,1.0000,0,-0.010991,0.00009528,-0.010991,12.414788,-0.176556
2019-04-10,,2.1900,1.9500,13.3000,74.7863,185.470000,173.060550,0.099986,-0.011993,0,1,1,1,1,4,3,4,3.0000,3.0000,0.0000,0.0000,1.0000,0.0000,1.0000,0,0.016179,0.00009489,0.016179,12.615648,-0.163234
2019-04-11,,2.2100,1.9550,13.0200,74.5726,185.030000,173.128850,0.100517,-0.006953,0,1,1,1,1,4,3,4,3.0000,3.0000,0.0000,0.0000,1.0000,0.0000,1.0000,0,-0.007559,0.00009528,-0.007559,12.520290,-0.169559
2019-04-12,,2.2000,1.9600,12.0100,76.4957,185.830000,173.197650,0.100307,-0.010599,0,1,1,1,1,4,3,4,3.0000,3.0000,0.0000,0.0000,1.0000,0.0000,1.0000,0,0.012316,0.00009528,0.012316,12.674486,-0.159331
2019-04-15,,2.1500,1.9600,12.3200,76.0684,185.860000,173.278300,0.100355,-0.006257,0,1,1,1,1,4,3,4,3.0000,3.0000,0.0000,0.0000,1.0000,0.0000,1.0000,0,0.000800,0.00009567,0.000800,12.684631,-0.158658
2019-04-16,,2.1500,1.9600,12.1800,76.2821,186.500000,173.354850,0.099049,-0.007273,0,1,1,1,1,4,3,4,3.0000,3.0000,0.0000,0.0000,1.0000,0.0000,1.0000,0,0.009757,0.00009528,0.009757,12.808393,-0.150449
2019-04-17,,2.1200,1.9600,12.6000,74.7863,187.150000,173.432350,0.098912,-0.025649,0,1,1,1,1,4,3,4,3.0000,3.0000,0.0000,0.0000,1.0000,0.0000,1.0000,0,0.009979,0.00009528,0.009979,12.936213,-0.141971
2019-04-18,,2.1300,1.9650,12.0900,75.6410,187.390000,173.505300,0.098769,-0.035755,0,1,1,1,1,4,3,4,3.0000,3.0000,0.0000,0.0000,1.0000,0.0000,1.0000,0,0.003137,0.00009567,0.003137,12.976791,-0.139280
2019-04-22,,2.1200,1.9700,12.4200,75.2137,187.920000,173.590900,0.098598,-0.042561,0,1,1,1,1,4,3,4,3.0000,3.0000,0.0000,0.0000,1.0000,0.0000,1.0000,0,0.008443,0.00009489,0.008443,13.086351,-0.132013
2019-04-23,,2.1400,1.9750,12.2800,77.9915,190.310000,173.677850,0.097992,-0.025445,0,1,1,1,1,4,3,4,3.0000,3.0000,0.0000,0.0000,1.0000,0.0000,1.0000,0,0.037984,0.00009567,0.037984,13.583430,-0.099043
2019-04-24,,2.1400,1.9800,13.1400,77.7778,189.710000,173.748350,0.098843,-0.019377,0,1,1,1,1,4,3,4,3.0000,3.0000,0.0000,0.0000,1.0000,0.0000,1.0000,0,-0.009709,0.00009605,-0.009709,13.451552,-0.107790
2019-04-25,,2.1400,1.9800,13.2500,76.7094,190.480000,173.814800,0.099315,-0.018724,0,1,1,1,1,4,3,4,3.0000,3.0000,0.0000,0.0000,1.0000,0.0000,1.0000,0,0.011161,0.00009567,0.011161,13.601690,-0.097832
2019-04-26,,2.1400,1.9800,12.7300,76.7094,190.650000,173.881450,0.099008,-0.013183,0,1,1,1,1,4,3,4,3.0000,3.0000,0.0000,0.0000,1.0000,0.0000,1.0000,0,0.003580,0.00009528,0.003580,13.650383,-0.094602
2019-04-29,,2.1300,1.9800,13.1100,76.2821,191.020000,173.954450,0.098275,-0.033905,0,1,1,1,1,4,3,4,3.0000,3.0000,0.0000,0.0000,1.0000,0.0000,1.0000,0,0.005351,0.00009489,0.005351,13.723423,-0.089758
2019-04-30,,2.1300,1.9850,13.1200,77.1368,189.540000,174.004850,0.099840,-0.012461,0,1,1,1,1,4,3,4,3.0000,3.0000,0.0000,0.0000,1.0000,0.0000,1.0000,0,-0.022915,0.00009567,-0.022915,13.408945,-0.110616
2019-05-01,,2.1400,1.9900,14.8000,75.0000,188.930000,174.051450,0.099568,-0.009482,0,1,1,1,1,4,3,4,3.0000,3.0000,0.0000,0.0000,1.0000,0.0000,1.0000,0,-0.011499,0.00009528,-0.011499,13.254749,-0.120844
2019-05-02,,2.1100,1.9900,14.4200,74.7863,188.140000,174.096250,0.099560,-0.007207,0,1,1,1,1,4,3,4,3.0000,3.0000,0.0000,0.0000,1.0000,0.0000,1.0000,0,-0.012246,0.00009528,-0.012246,13.092438,-0.131609
2019-05-03,,2.1200,1.9900,12.8700,76.7094,191.110000,174.150450,0.099140,-0.012636,0,1,1,1,1,4,3,4,3.0000,3.0000,0.0000,0.0000,1.0000,0.0000,1.0000,0,0.047110,0.00009683,0.047110,13.709221,-0.090700
2019-05-06,,2.1100,1.9900,15.4400,75.8547,189.940000,174.200500,0.099003,-0.038141,0,1,1,1,1,4,3,4,3.0000,3.0000,0.0000,0.0000,1.0000,0.0000,1.0000,0,-0.017907,0.00009528,-0.017907,13.463725,-0.106983
2019-05-07,,2.1400,1.9950,19.3200,73.5043,186.240000,174.236550,0.100372,-0.026480,0,1,1,1,1,4,3,4,3.0000,3.0000,0.0000,0.0000,1.0000,0.0000,1.0000,0,-0.058168,0.00009567,-0.058168,12.680573,-0.158927
2019-05-08,,2.1700,2.0100,19.4000,71.5812,185.770000,174.270450,0.099137,-0.038232,0,1,1,1,1,4,3,4,3.0000,3.0000,0.0000,0.0000,1.0000,0.0000,1.0000,0,-0.008800,0.00009528,-0.008800,12.568984,-0.166329
2019-05-09,,2.1700,2.0200,19.1000,72.0085,184.770000,174.296500,0.099316,-0.025210,0,1,1,1,1,4,3,4,3.0000,3.0000,0.0000,0.0000,1.0000,0.0000,1.0000,0,-0.015819,0.00009528,-0.015819,12.370152,-0.179517
2019-05-10,,2.2100,2.0200,16.0400,72.4359,185.000000,174.320000,0.100590,-0.005791,0,1,1,1,1,4,3,4,3.0000,3.0000,0.0000,0.0000,1.0000,0.0000,1.0000,0,0.002788,0.00009528,0.002788,12.404644,-0.177229
2019-05-13,,2.2000,2.0200,20.5500,64.1026,178.580000,174.298800,0.104287,0.031118,0,0,1,1,0,2,-1,4,3.0000,3.0000,0.0000,0.0000,1.0000,0.0000,1.0000,0,-0.103369,0.00009528,-0.103369,11.122384,-0.262278
2019-05-14,,2.2500,2.0250,18.0600,66.2393,180.540000,174.301250,0.102664,0.022776,0,1,1,1,0,3,1,2,0.0000,0.0000,0.0000,0.0000,0.0000,1.0000,0.0000,1,0.031375,0.00009451,0.014390,11.282438,-0.251662
2019-05-15,,2.2400,2.0300,16.4400,67.3774,183.090000,174.328600,0.101891,0.010632,0,1,1,1,0,3,1,3,3.0000,3.0000,0.0000,0.0000,1.0000,0.0000,1.0000,1,0.041563,0.00009451,0.061734,11.978952,-0.205464
2019-05-16,,2.2600,2.0350,15.2900,68.0171,184.930000,174.377700,0.101634,0.005538,0,1,1,1,0,3,1,3,3.0000,3.0000,0.0000,0.0000,1.0000,0.0000,1.0000,0,0.031245,0.00009489,0.031245,12.353231,-0.180639
2019-05-17,,2.2400,2.0400,15.9600,66.5245,183.040000,174.410650,0.102820,0.006333,0,1,1,1,0,3,1,3,3.0000,3.0000,0.0000,0.0000,1.0000,0.0000,1.0000,0,-0.031121,0.00009412,-0.031121,11.968782,-0.206139
2019-05-20,,2.2400,2.0650,16.3100,65.2452,179.950000,174.424800,0.103645,0.014495,0,1,1,1,0,3,1,3,3.0000,3.0000,0.0000,0.0000,1.0000,0.0000,1.0000,0,-0.050136,0.00009373,-0.050136,11.368715,-0.245940
2019-05-21,,2.2400,2.1000,14.9500,68.6567,181.830000,174.436300,0.102911,0.015395,0,1,1,1,0,3,1,3,3.0000,3.0000,0.0000,0.0000,1.0000,0.0000,1.0000,0,0.030059,0.00009373,0.030059,11.710448,-0.223274
2019-05-22,,2.2300,2.1100,14.7500,66.7377,181.020000,174.441000,0.103998,0.026871,0,1,1,1,0,3,1,3,3.0000,3.0000,0.0000,0.0000,1.0000,0.0000,1.0000,0,-0.013028,0.00009373,-0.013028,11.557889,-0.233392
2019-05-23,,2.2600,2.1150,16.9200,63.1130,178.250000,174.426550,0.106188,0.046633,0,1,1,1,0,3,1,3,3.0000,3.0000,0.0000,0.0000,1.0000,0.0000,1.0000,0,-0.047166,0.00009334,-0.047166,11.012744,-0.269551
2019-05-24,,2.2800,2.1200,15.8500,63.1130,178.160000,174.408350,0.105789,0.034753,0,1,1,1,0,3,1,3,3.0000,3.0000,0.0000,0.0000,1.0000,0.0000,1.0000,0,-0.001478,0.00009295,-0.001478,10.996471,-0.270630
2019-05-28,,2.3100,2.1200,17.5000,59.9147,177.490000,174.385700,0.105033,0.031070,0,1,1,1,0,3,1,3,3.0000,3.0000,0.0000,0.0000,1.0000,0.0000,1.0000,0,-0.010729,0.00009218,-0.010729,10.878492,-0.278455
2019-05-29,,2.3200,2.1250,17.9000,58.8486,176.030000,174.356300,0.104341,0.018722,0,1,1,1,0,3,1,3,3.0000,3.0000,0.0000,0.0000,1.0000,0.0000,1.0000,0,-0.025056,0.00009295,-0.025056,10.605919,-0.296534
2019-05-30,,2.3300,2.1300,17.3000,58.8486,176.770000,174.337550,0.103896,0.014310,0,1,1,1,0,3,1,3,3.0000,3.0000,0.0000,0.0000,1.0000,0.0000,1.0000,0,0.011891,0.00009295,0.011891,10.732035,-0.288169
2019-05-31,,2.3300,2.1300,18.7100,55.6503,173.950000,174.305700,0.105805,0.026497,0,1,1,0,0,2,-1,3,3.0000,3.0000,0.0000,0.0000,1.0000,0.0000,1.0000,0,-0.048143,0.00009334,-0.048143,10.215367,-0.322439
2019-06-03,,2.3700,2.1300,18.8600,55.2239,170.210000,174.249500,0.107131,0.027406,0,1,1,0,0,2,-1,2,0.0000,0.0000,0.0000,0.0000,0.0000,1.0000,0.0000,1,-0.063919,0.00009218,-0.008163,10.131976,-0.327970
2019-06-04,,2.4200,2.1300,16.9700,62.2601,174.910000,174.227900,0.104944,0.000994,0,1,1,1,0,3,1,2,0.0000,0.0000,0.0000,0.0000,0.0000,1.0000,0.0000,0,0.081047,0.00009218,0.000092,10.132910,-0.327908
2019-06-05,,2.4200,2.1350,16.0900,64.8188,176.210000,174.209850,0.106269,0.021379,0,1,1,1,0,3,1,3,3.0000,3.0000,0.0000,0.0000,1.0000,0.0000,1.0000,1,0.022039,0.00009218,-0.006801,10.064000,-0.332479
2019-06-06,,2.4500,2.1400,15.9300,65.8849,177.610000,174.198600,0.106232,0.017841,0,1,1,1,0,3,1,3,3.0000,3.0000,0.0000,0.0000,1.0000,0.0000,1.0000,0,0.024066,0.00009218,0.024066,10.306203,-0.316414
2019-06-07,,2.4400,2.1400,16.3000,67.8038,181.040000,174.205300,0.104398,0.005644,0,1,1,1,0,3,1,3,3.0000,3.0000,0.0000,0.0000,1.0000,0.0000,1.0000,0,0.056966,0.00009140,0.056966,10.893302,-0.277473
2019-06-10,,2.4200,2.1400,15.9400,69.5096,183.150000,174.219250,0.103211,-0.006549,0,1,1,1,1,4,3,3,3.0000,3.0000,0.0000,0.0000,1.0000,0.0000,1.0000,0,0.035575,0.00008946,0.035575,11.280826,-0.251769
2019-06-11,,2.3900,2.1400,15.9900,69.2964,183.390000,174.230900,0.102613,-0.008077,0,1,1,1,1,4,3,4,3.0000,3.0000,0.0000,0.0000,1.0000,0.0000,1.0000,0,0.003779,0.00008985,0.003779,11.323453,-0.248942
2019-06-12,,2.3800,2.1400,15.9100,68.4435,182.340000,174.238600,0.104130,0.014589,0,1,1,1,0,3,1,4,3.0000,3.0000,0.0000,0.0000,1.0000,0.0000,1.0000,0,-0.016940,0.00008908,-0.016940,11.131629,-0.261665
2019-06-13,,2.4100,2.1450,15.8200,69.7228,183.420000,174.243300,0.103909,0.024654,0,1,1,1,0,3,1,3,3.0000,3.0000,0.0000,0.0000,1.0000,0.0000,1.0000,0,0.016362,0.00008791,0.016362,11.313765,-0.249585
2019-06-14,,2.4200,2.1500,15.2800,68.4435,182.640000,174.234800,0.105113,0.030917,0,1,1,1,0,3,1,3,3.0000,3.0000,0.0000,0.0000,1.0000,0.0000,1.0000,0,-0.013016,0.00008597,-0.013016,11.166506,-0.259352
2019-06-17,,2.4200,2.1550,15.3500,68.2303,183.740000,174.230450,0.104779,0.027961,0,1,1,1,0,3,1,3,3.0000,3.0000,0.0000,0.0000,1.0000,0.0000,1.0000,0,0.018220,0.00008636,0.018220,11.369956,-0.245858
2019-06-18,,2.4100,2.1600,15.1500,73.1343,186.410000,174.228800,0.103266,-0.014606,0,1,1,1,1,4,3,3,3.0000,3.0000,0.0000,0.0000,1.0000,0.0000,1.0000,0,0.043286,0.00008752,0.043286,11.862112,-0.213214
2019-06-19,,2.4000,2.1650,14.3300,73.9872,187.110000,174.232300,0.103818,-0.010783,0,1,1,1,1,4,3,4,3.0000,3.0000,0.0000,0.0000,1.0000,0.0000,1.0000,0,0.011924,0.00008714,0.011924,12.003558,-0.203832
2019-06-20,,2.4100,2.1700,14.7500,76.5458,188.850000,174.243300,0.103495,-0.013763,0,1,1,1,1,4,3,4,3.0000,3.0000,0.0000,0.0000,1.0000,0.0000,1.0000,0,0.027280,0.00008558,0.027280,12.331016,-0.182113
2019-06-21,,2.3800,2.1700,15.4000,75.2665,188.600000,174.257050,0.103724,-0.009640,0,1,1,1,1,4,3,4,3.0000,3.0000,0.0000,0.0000,1.0000,0.0000,1.0000,0,-0.004400,0.00008403,-0.004400,12.276763,-0.185711
2019-06-24,,2.3500,2.1700,15.2600,75.2665,188.160000,174.280600,0.103886,0.008380,0,1,1,1,0,3,1,4,3.0000,3.0000,0.0000,0.0000,1.0000,0.0000,1.0000,0,-0.000473,0.00008286,-0.000473,12.270950,-0.186097
2019-06-25,,2.3300,2.1750,16.2800,73.3475,184.950000,174.296300,0.104278,0.013150,0,1,1,1,0,3,1,3,3.0000,3.0000,0.0000,0.0000,1.0000,0.0000,1.0000,0,-0.051161,0.00008364,-0.051161,11.643161,-0.227737
2019-06-26,,2.3400,2.1850,16.2100,72.9211,185.790000,174.319700,0.102110,0.010597,0,1,1,1,0,3,1,3,3.0000,3.0000,0.0000,0.0000,1.0000,0.0000,1.0000,0,0.012648,0.00008325,0.012648,11.790420,-0.217969
2019-06-27,,2.3200,2.1950,15.8200,74.6269,186.500000,174.343600,0.101887,0.007456,0,1,1,1,0,3,1,3,3.0000,3.0000,0.0000,0.0000,1.0000,0.0000,1.0000,0,0.010846,0.00008442,0.010846,11.918303,-0.209487
2019-06-28,,2.3100,2.2000,15.0800,78.4648,186.740000,174.361700,0.101758,0.009402,0,1,1,1,0,3,1,3,3.0000,3.0000,0.0000,0.0000,1.0000,0.0000,1.0000,0,0.004227,0.00008403,0.004227,11.968681,-0.206146
2019-07-01,,2.3100,2.2000,14.0600,78.6780,189.260000,174.395100,0.100589,0.003828,0,1,1,1,0,3,1,3,3.0000,3.0000,0.0000,0.0000,1.0000,0.0000,1.0000,0,0.039825,0.00008325,0.039825,12.445336,-0.174530
2019-07-02,,2.2900,2.2050,12.9300,78.4648,190.010000,174.422500,0.101693,0.010456,0,1,1,1,0,3,1,3,3.0000,3.0000,0.0000,0.0000,1.0000,0.0000,1.0000,0,0.012144,0.00008675,0.012144,12.596470,-0.164506
2019-07-03,,2.2900,2.2100,12.5700,81.0235,191.440000,174.459750,0.101590,0.017687,0,1,1,1,0,3,1,3,3.0000,3.0000,0.0000,0.0000,1.0000,0.0000,1.0000,0,0.022150,0.00008636,0.022150,12.875487,-0.145999
2019-07-05,,2.2600,2.2100,13.2800,80.8102,191.050000,174.508300,0.101655,0.010474,0,1,1,1,0,3,1,3,3.0000,3.0000,0.0000,0.0000,1.0000,0.0000,1.0000,0,-0.006471,0.00008675,-0.006471,12.792170,-0.151526
2019-07-08,,2.2600,2.2150,13.9600,78.6780,189.710000,174.542650,0.102368,0.024531,0,1,1,1,0,3,1,3,3.0000,3.0000,0.0000,0.0000,1.0000,0.0000,1.0000,0,-0.021054,0.00008752,-0.021054,12.522840,-0.169389
2019-07-09,,2.2300,2.2200,14.0900,79.3177,190.660000,174.582450,0.102376,0.019067,0,1,1,1,0,3,1,3,3.0000,3.0000,0.0000,0.0000,1.0000,0.0000,1.0000,0,0.015009,0.00008869,0.015009,12.710790,-0.156923
2019-07-10,,2.2200,2.2200,13.0300,79.3177,192.560000,174.621650,0.102123,0.018636,1,1,1,1,0,4,3,3,3.0000,3.0000,0.0000,0.0000,1.0000,0.0000,1.0000,0,0.029573,0.00008869,0.029573,13.086688,-0.131991
2019-07-11,,2.2500,2.2200,12.9300,79.5309,192.420000,174.665200,0.101918,0.016072,0,1,1,1,0,3,1,4,3.0000,3.0000,0.0000,0.0000,1.0000,0.0000,1.0000,0,-0.002665,0.00008636,-0.002665,13.051811,-0.134304
2019-07-12,,2.2500,2.2200,12.3900,81.2367,193.530000,174.713400,0.100798,0.018301,0,1,1,1,0,3,1,3,3.0000,3.0000,0.0000,0.0000,1.0000,0.0000,1.0000,0,0.016776,0.00008519,0.016776,13.270762,-0.119782
2019-07-15,,2.2500,2.2200,12.6800,80.8102,194.150000,174.763450,0.101164,0.023657,0,1,1,1,0,3,1,3,3.0000,3.0000,0.0000,0.0000,1.0000,0.0000,1.0000,0,0.008468,0.00008403,0.008468,13.383144,-0.112328
2019-07-16,,2.2500,2.2200,12.8600,80.5970,193.150000,174.807850,0.100931,0.022619,0,1,1,1,0,3,1,3,3.0000,3.0000,0.0000,0.0000,1.0000,0.0000,1.0000,0,-0.014189,0.00008481,-0.014189,13.193257,-0.124922
2019-07-17,,2.2300,2.2200,13.9700,79.5309,192.200000,174.839700,0.101985,0.035237,0,1,1,1,0,3,1,3,3.0000,3.0000,0.0000,0.0000,1.0000,0.0000,1.0000,0,-0.014833,0.00008442,-0.014833,12.997557,-0.137903
2019-07-18,,2.2400,2.2250,13.5300,78.4648,192.420000,174.872850,0.102500,0.046932,0,1,1,1,0,3,1,3,3.0000,3.0000,0.0000,0.0000,1.0000,0.0000,1.0000,0,0.004323,0.00008403,0.004323,13.053748,-0.134176
2019-07-19,,2.2700,2.2300,14.4500,78.8913,191.010000,174.897050,0.101575,0.028102,0,1,1,1,0,3,1,3,3.0000,3.0000,0.0000,0.0000,1.0000,0.0000,1.0000,0,-0.024195,0.00008053,-0.024195,12.737916,-0.155124
2019-07-22,,2.2600,2.2300,13.5300,79.9574,192.530000,174.930950,0.101108,0.018411,0,1,1,1,0,3,1,3,3.0000,3.0000,0.0000,0.0000,1.0000,0.0000,1.0000,0,0.023578,0.00008092,0.023578,13.038247,-0.135204
2019-07-23,,2.2400,2.2300,12.6100,80.3838,193.790000,174.970150,0.099757,0.007730,0,1,1,1,0,3,1,3,3.0000,3.0000,0.0000,0.0000,1.0000,0.0000,1.0000,0,0.019319,0.00008209,0.019319,13.290138,-0.118496
2019-07-24,,2.2300,2.2300,12.0700,82.0896,195.150000,175.034000,0.099373,0.011463,1,1,1,1,0,4,3,3,3.0000,3.0000,0.0000,0.0000,1.0000,0.0000,1.0000,0,0.021286,0.00008092,0.021286,13.573031,-0.099733
2019-07-25,,2.1500,2.2300,12.7400,79.7441,193.300000,175.099750,0.099600,-0.002454,1,1,1,1,1,5,5,4,3.0000,3.0000,0.0000,0.0000,1.0000,0.0000,1.0000,0,-0.028551,0.00008247,-0.028551,13.185507,-0.125436
2019-07-26,,2.1400,2.2300,12.1600,81.2367,195.290000,175.180950,0.099301,-0.002774,1,1,1,1,1,5,5,5,3.0000,3.0000,0.0000,0.0000,1.0000,0.0000,1.0000,0,0.029684,0.00008247,0.029684,13.576906,-0.099476
2019-07-29,,2.1300,2.2300,12.8300,81.2367,194.620000,175.255900,0.099997,0.004537,1,1,1,1,0,4,3,5,3.0000,3.0000,0.0000,0.0000,1.0000,0.0000,1.0000,0,-0.009276,0.00008325,-0.009276,13.450961,-0.107829
2019-07-30,,2.1300,2.2300,13.9400,80.5970,193.780000,175.366150,0.099478,0.003491,1,1,1,1,0,4,3,4,3.0000,3.0000,0.0000,0.0000,1.0000,0.0000,1.0000,0,-0.013397,0.00008325,-0.013397,13.270762,-0.119782
2019-07-31,,2.1400,2.2300,16.1200,78.0384,191.100000,175.473650,0.100108,0.011335,1,1,1,1,0,4,3,4,3.0000,3.0000,0.0000,0.0000,1.0000,0.0000,1.0000,0,-0.042196,0.00008170,-0.042196,12.710790,-0.156923
2019-08-01,,2.1300,2.2300,17.8700,74.8401,190.150000,175.552800,0.102021,0.016832,1,1,1,1,0,4,3,4,3.0000,3.0000,0.0000,0.0000,1.0000,0.0000,1.0000,0,-0.014024,0.00008170,-0.014024,12.532528,-0.168747
2019-08-02,,2.1700,2.2300,17.6100,72.0682,187.350000,175.628500,0.102778,0.037376,1,1,1,1,0,4,3,4,3.0000,3.0000,0.0000,0.0000,1.0000,0.0000,1.0000,0,-0.045764,0.00008131,-0.045764,11.958993,-0.206788
2019-08-05,,2.1800,2.2300,24.5900,61.4072,180.730000,175.646050,0.104450,0.051179,1,0,1,1,0,3,1,4,3.0000,3.0000,0.0000,0.0000,1.0000,0.0000,1.0000,0,-0.104990,0.00008092,-0.104990,10.703415,-0.290068
2019-08-06,,2.2400,2.2300,20.1700,66.0981,183.260000,175.675900,0.104291,0.036756,0,0,1,1,0,2,-1,3,3.0000,3.0000,0.0000,0.0000,1.0000,0.0000,1.0000,0,0.041093,0.00008053,0.041093,11.143255,-0.260894
2019-08-07,,2.2500,2.2300,19.4900,65.0320,184.250000,175.731250,0.104490,0.001998,0,1,1,1,0,3,1,2,0.0000,0.0000,0.0000,0.0000,0.0000,1.0000,0.0000,1,0.014606,0.00008053,-0.033231,10.772952,-0.285455
2019-08-08,,2.2300,2.2300,16.9100,69.7228,188.260000,175.807450,0.103535,0.008791,1,1,1,1,0,4,3,3,3.0000,3.0000,0.0000,0.0000,1.0000,0.0000,1.0000,1,0.066153,0.00007936,0.050008,11.311689,-0.249722
2019-08-09,,2.2500,2.2300,17.9700,67.8038,186.490000,175.870350,0.104365,0.024844,0,1,1,1,0,3,1,4,3.0000,3.0000,0.0000,0.0000,1.0000,0.0000,1.0000,0,-0.029577,0.00007936,-0.029577,10.977121,-0.271913
2019-08-12,,2.2300,2.2300,21.0900,65.0320,184.350000,175.925750,0.105443,0.037531,1,0,1,1,0,3,1,3,3.0000,3.0000,0.0000,0.0000,1.0000,0.0000,1.0000,0,-0.033460,0.00007858,-0.033460,10.609823,-0.296275
2019-08-13,,2.2300,2.2300,17.5200,67.3774,188.390000,176.041000,0.103897,0.010721,1,1,1,1,0,4,3,3,3.0000,3.0000,0.0000,0.0000,1.0000,0.0000,1.0000,0,0.065638,0.00007858,0.065638,11.306234,-0.250084
2019-08-14,,2.2200,2.2300,22.1000,60.1279,182.760000,176.099500,0.106182,0.024471,1,0,1,1,0,3,1,4,3.0000,3.0000,0.0000,0.0000,1.0000,0.0000,1.0000,0,-0.089579,0.00007858,-0.089579,10.293437,-0.317261
2019-08-15,,2.2300,2.2300,21.1800,60.1279,182.550000,176.178950,0.107272,0.042103,1,0,1,1,0,3,1,3,3.0000,3.0000,0.0000,0.0000,1.0000,0.0000,1.0000,0,-0.004240,0.00007703,-0.004240,10.249798,-0.320155
2019-08-16,,2.2700,2.2350,18.4700,62.4733,185.480000,176.290200,0.106249,0.021886,0,1,1,1,0,3,1,3,3.0000,3.0000,0.0000,0.0000,1.0000,0.0000,1.0000,0,0.046124,0.00007508,0.046124,10.722558,-0.288798
2019-08-19,,2.2600,2.2400,16.8800,65.3191,188.430000,176.402750,0.105651,-0.005242,0,1,1,1,1,4,3,3,3.0000,3.0000,0.0000,0.0000,1.0000,0.0000,1.0000,0,0.046803,0.00007352,0.046803,11.224411,-0.255511
2019-08-20,,2.2900,2.2400,17.5000,63.1915,186.970000,176.488500,0.106295,0.004903,0,1,1,1,0,3,1,4,3.0000,3.0000,0.0000,0.0000,1.0000,0.0000,1.0000,0,-0.020573,0.00007625,-0.020573,10.993485,-0.270828
2019-08-21,,2.3000,2.2400,15.8000,65.5319,188.630000,176.571350,0.106138,0.010980,0,1,1,1,0,3,1,3,3.0000,3.0000,0.0000,0.0000,1.0000,0.0000,1.0000,0,0.025471,0.00007625,0.025471,11.273505,-0.252255
2019-08-22,,2.2500,2.2400,16.6800,65.1064,188.020000,176.664550,0.106273,0.019454,0,1,1,1,0,3,1,3,3.0000,3.0000,0.0000,0.0000,1.0000,0.0000,1.0000,0,-0.009677,0.00007742,-0.009677,11.164406,-0.259491
2019-08-23,,2.2500,2.2400,19.8700,58.2979,182.070000,176.730100,0.107916,0.039508,0,1,1,1,0,3,1,3,3.0000,3.0000,0.0000,0.0000,1.0000,0.0000,1.0000,0,-0.091531,0.00007858,-0.091531,10.142518,-0.327271
2019-08-26,,2.2700,2.2400,19.3200,60.6383,184.820000,176.803000,0.107969,0.021394,0,1,1,1,0,3,1,3,3.0000,3.0000,0.0000,0.0000,1.0000,0.0000,1.0000,0,0.040516,0.00007742,0.040516,10.553455,-0.300014
2019-08-27,,2.2700,2.2400,20.3100,59.5745,184.430000,176.847250,0.108586,0.014186,0,0,1,1,0,2,-1,3,3.0000,3.0000,0.0000,0.0000,1.0000,0.0000,1.0000,0,-0.006030,0.00007897,-0.006030,10.489814,-0.304235
2019-08-28,,2.2600,2.2400,19.3500,61.2766,185.090000,176.900400,0.107532,0.025396,0,1,1,1,0,3,1,2,0.0000,0.0000,0.0000,0.0000,0.0000,1.0000,0.0000,1,0.010054,0.00007781,-0.010252,10.382276,-0.311368
2019-08-29,,2.2600,2.2400,17.8800,64.2553,187.920000,176.982400,0.106911,0.006242,0,1,1,1,0,3,1,3,3.0000,3.0000,0.0000,0.0000,1.0000,0.0000,1.0000,1,0.045478,0.00007820,0.008153,10.466918,-0.305754
2019-08-30,,2.2700,2.2400,18.9800,64.8936,187.470000,177.088100,0.106993,0.007348,0,1,1,1,0,3,1,3,3.0000,3.0000,0.0000,0.0000,1.0000,0.0000,1.0000,0,-0.007058,0.00007820,-0.007058,10.393038,-0.310654
2019-09-03,,2.2600,2.2450,19.6600,62.5532,185.650000,177.184000,0.109531,0.049697,0,1,1,1,0,3,1,3,3.0000,3.0000,0.0000,0.0000,1.0000,0.0000,1.0000,0,-0.029096,0.00007820,-0.029096,10.090645,-0.330711
2019-09-04,,2.2800,2.2500,17.3300,64.2553,188.330000,177.299650,0.108404,0.051189,0,1,1,1,0,3,1,3,3.0000,3.0000,0.0000,0.0000,1.0000,0.0000,1.0000,0,0.042057,0.00007781,0.042057,10.515026,-0.302563
2019-09-05,,2.2900,2.2500,16.2700,70.2128,191.780000,177.418100,0.105869,0.032710,0,1,1,1,0,3,1,3,3.0000,3.0000,0.0000,0.0000,1.0000,0.0000,1.0000,0,0.055229,0.00007742,0.055229,11.095758,-0.264045
2019-09-06,,2.2800,2.2500,15.0000,71.4894,191.590000,177.538550,0.105368,0.012291,0,1,1,1,0,3,1,3,3.0000,3.0000,0.0000,0.0000,1.0000,0.0000,1.0000,0,-0.002787,0.00007742,-0.002787,11.064831,-0.266096
2019-09-09,,2.2600,2.2500,15.2700,73.1915,191.190000,177.684200,0.104795,0.008784,0,1,1,1,0,3,1,3,3.0000,3.0000,0.0000,0.0000,1.0000,0.0000,1.0000,0,-0.006366,0.00007703,-0.006366,10.994387,-0.270768
2019-09-10,,2.2300,2.2500,15.2000,75.7447,190.640000,177.841600,0.104954,-0.001557,1,1,1,1,1,5,5,3,3.0000,3.0000,0.0000,0.0000,1.0000,0.0000,1.0000,0,-0.008283,0.00007703,-0.008283,10.903326,-0.276808
2019-09-11,,2.2200,2.2500,14.6100,78.2979,192.430000,178.001900,0.105246,0.004617,1,1,1,1,0,4,3,5,3.0000,3.0000,0.0000,0.0000,1.0000,0.0000,1.0000,0,0.026946,0.00007664,0.026946,11.197128,-0.257321
2019-09-12,,2.2200,2.2500,14.2200,78.5106,193.230000,178.172000,0.105115,0.018446,1,1,1,1,0,4,3,4,3.0000,3.0000,0.0000,0.0000,1.0000,0.0000,1.0000,0,0.012429,0.00007703,0.012429,11.336298,-0.248090
2019-09-13,,2.2200,2.2500,13.7400,79.3617,192.540000,178.320250,0.104520,0.006946,1,1,1,1,0,4,3,4,3.0000,3.0000,0.0000,0.0000,1.0000,0.0000,1.0000,0,-0.010609,0.00007664,-0.010609,11.216028,-0.256067
2019-09-16,,2.2100,2.2500,14.6700,79.1489,191.680000,178.461450,0.104927,0.014042,1,1,1,1,0,4,3,4,3.0000,3.0000,0.0000,0.0000,1.0000,0.0000,1.0000,0,-0.013787,0.00007703,-0.013787,11.061395,-0.266324
2019-09-17,,2.2000,2.2500,14.4400,77.8723,192.600000,178.580950,0.105576,0.018273,1,1,1,1,0,4,3,4,3.0000,3.0000,0.0000,0.0000,1.0000,0.0000,1.0000,0,0.013203,0.00007820,0.013203,11.207437,-0.256637
2019-09-18,,2.2100,2.2500,13.9500,77.2340,192.520000,178.702800,0.105961,0.020489,1,1,1,1,0,4,3,4,3.0000,3.0000,0.0000,0.0000,1.0000,0.0000,1.0000,0,-0.000613,0.00007820,-0.000613,11.200564,-0.257093
2019-09-19,,2.1800,2.2500,14.0500,77.4468,192.840000,178.820150,0.106467,0.021730,1,1,1,1,0,4,3,4,3.0000,3.0000,0.0000,0.0000,1.0000,0.0000,1.0000,0,0.004449,0.00007664,0.004449,11.250391,-0.253788
2019-09-20,,2.1700,2.2500,15.3200,76.3830,190.800000,178.912500,0.107064,0.049815,1,1,1,1,0,4,3,4,3.0000,3.0000,0.0000,0.0000,1.0000,0.0000,1.0000,0,-0.031460,0.00007586,-0.031460,10.896453,-0.277264
2019-09-23,,2.1900,2.2500,14.9100,75.3191,190.500000,179.036400,0.107106,0.052402,1,1,1,1,0,4,3,4,3.0000,3.0000,0.0000,0.0000,1.0000,0.0000,1.0000,0,0.000946,0.00007508,0.000946,10.906762,-0.276580
2019-09-24,,2.1700,2.2500,17.0500,73.0361,187.970000,179.141800,0.109220,0.074055,1,1,1,1,0,4,3,4,3.0000,3.0000,0.0000,0.0000,1.0000,0.0000,1.0000,0,-0.039540,0.00007625,-0.039540,10.475509,-0.305184
2019-09-25,,2.2000,2.2500,15.9600,74.0977,190.080000,179.285300,0.108511,0.079282,1,1,1,1,0,4,3,4,3.0000,3.0000,0.0000,0.0000,1.0000,0.0000,1.0000,0,0.031983,0.00007547,0.031983,10.810546,-0.282962
2019-09-26,,2.2000,2.2500,16.0700,72.3992,189.380000,179.416850,0.109310,0.075038,1,1,1,1,0,4,3,4,3.0000,3.0000,0.0000,0.0000,1.0000,0.0000,1.0000,0,-0.010013,0.00007430,-0.010013,10.702303,-0.290141
2019-09-27,,2.1800,2.2500,17.2200,71.5499,187.030000,179.533950,0.109513,0.077101,1,1,1,1,0,4,3,4,3.0000,3.0000,0.0000,0.0000,1.0000,0.0000,1.0000,0,-0.036282,0.00007197,-0.036282,10.314003,-0.315896
2019-09-30,,2.1900,2.2500,16.2400,72.1868,188.810000,179.652750,0.109074,0.072571,1,1,1,1,0,4,3,4,3.0000,3.0000,0.0000,0.0000,1.0000,0.0000,1.0000,0,0.026653,0.00007080,0.026653,10.588906,-0.297663
2019-10-01,,2.2000,2.2500,18.5600,68.3652,187.270000,179.763600,0.110132,0.074921,1,1,1,1,0,4,3,4,3.0000,3.0000,0.0000,0.0000,1.0000,0.0000,1.0000,0,-0.024177,0.00007391,-0.024177,10.332903,-0.314643
2019-10-02,,2.2200,2.2500,20.5600,60.7219,184.050000,179.878450,0.110619,0.078051,1,0,1,1,0,3,1,4,3.0000,3.0000,0.0000,0.0000,1.0000,0.0000,1.0000,0,-0.051214,0.00007158,-0.051214,9.803715,-0.349743
2019-10-03,,2.2600,2.2500,19.1200,63.0573,186.070000,180.021650,0.109979,0.074812,0,1,1,1,0,3,1,3,3.0000,3.0000,0.0000,0.0000,1.0000,0.0000,1.0000,0,0.032948,0.00007041,0.032948,10.126726,-0.328318
2019-10-04,,2.2900,2.2500,17.0400,67.0913,188.810000,180.173600,0.110022,0.078201,0,1,1,1,0,3,1,3,3.0000,3.0000,0.0000,0.0000,1.0000,0.0000,1.0000,0,0.042077,0.00006690,0.042077,10.552825,-0.300056
2019-10-07,,2.2900,2.2500,17.8600,64.5435,188.240000,180.342150,0.110072,0.089690,0,1,1,1,0,3,1,3,3.0000,3.0000,0.0000,0.0000,1.0000,0.0000,1.0000,0,-0.009280,0.00006729,-0.009280,10.454891,-0.306552
2019-10-08,,2.2800,2.2500,20.2800,57.7495,185.420000,180.507800,0.110768,0.091084,0,0,1,1,0,2,-1,3,3.0000,3.0000,0.0000,0.0000,1.0000,0.0000,1.0000,0,-0.045522,0.00006885,-0.045522,9.978966,-0.338119
2019-10-09,,2.3000,2.2500,18.6400,59.6603,187.230000,180.706100,0.110259,0.089813,0,1,1,1,0,3,1,2,0.0000,0.0000,0.0000,0.0000,0.0000,1.0000,0.0000,1,0.030303,0.00006768,0.025966,10.238075,-0.320933
2019-10-10,,2.2900,2.2500,17.5700,61.9958,188.680000,180.932000,0.109398,0.071593,0,1,1,1,0,3,1,3,3.0000,3.0000,0.0000,0.0000,1.0000,0.0000,1.0000,1,0.021892,0.00006651,0.021585,10.459060,-0.306275
2019-10-11,,2.2700,2.2500,15.5800,66.4544,191.110000,181.125250,0.107871,0.051955,0,1,1,1,0,3,1,3,3.0000,3.0000,0.0000,0.0000,1.0000,0.0000,1.0000,0,0.037449,0.00006612,0.037449,10.850740,-0.280296
2019-10-14,,2.2200,2.2500,14.5700,66.6667,191.090000,181.315450,0.107299,0.056118,1,1,1,1,0,4,3,3,3.0000,3.0000,0.0000,0.0000,1.0000,0.0000,1.0000,0,0.001103,0.00006612,0.001103,10.862713,-0.279502
2019-10-15,,2.2200,2.2500,13.5400,70.0637,193.520000,181.518200,0.105912,0.047673,1,1,1,1,0,4,3,4,3.0000,3.0000,0.0000,0.0000,1.0000,0.0000,1.0000,0,0.037947,0.00006612,0.037947,11.274918,-0.252161
2019-10-16,,2.2100,2.2500,13.6800,69.0678,193.040000,181.712100,0.106317,0.065406,1,1,1,1,0,4,3,4,3.0000,3.0000,0.0000,0.0000,1.0000,0.0000,1.0000,0,-0.007433,0.00006572,-0.007433,11.191108,-0.257720
2019-10-17,,2.2200,2.2500,13.7900,68.8559,193.550000,181.905450,0.106272,0.068925,1,1,1,1,0,4,3,4,3.0000,3.0000,0.0000,0.0000,1.0000,0.0000,1.0000,0,0.006878,0.00006533,0.006878,11.268076,-0.252615
2019-10-18,,2.2100,2.2500,14.2500,69.7034,191.690000,182.114800,0.107091,0.074705,1,1,1,1,0,4,3,4,3.0000,3.0000,0.0000,0.0000,1.0000,0.0000,1.0000,0,-0.028689,0.00006533,-0.028689,10.944812,-0.274056
2019-10-21,,2.2100,2.2500,14.0000,70.7627,193.390000,182.300600,0.106787,0.074878,1,1,1,1,0,4,3,4,3.0000,3.0000,0.0000,0.0000,1.0000,0.0000,1.0000,0,0.026410,0.00006533,0.026410,11.233868,-0.254884
2019-10-22,,2.1900,2.2500,14.4600,71.3983,191.850000,182.469400,0.107588,0.075302,1,1,1,1,0,4,3,4,3.0000,3.0000,0.0000,0.0000,1.0000,0.0000,1.0000,0,-0.023143,0.00006572,-0.023143,10.973888,-0.272128
2019-10-23,,2.1700,2.2500,14.0100,71.6102,192.220000,182.632900,0.107710,0.082519,1,1,1,1,0,4,3,4,3.0000,3.0000,0.0000,0.0000,1.0000,0.0000,1.0000,0,0.004676,0.00006494,0.004676,11.025200,-0.268724
2019-10-24,,2.1800,2.2500,13.7100,72.6695,194.090000,182.799250,0.107900,0.078612,1,1,1,1,0,4,3,4,3.0000,3.0000,0.0000,0.0000,1.0000,0.0000,1.0000,0,0.028700,0.00006494,0.028700,11.341623,-0.247737
2019-10-25,,2.1700,2.2500,12.6500,72.2458,195.640000,182.971050,0.106366,0.043562,1,1,1,1,0,4,3,4,3.0000,3.0000,0.0000,0.0000,1.0000,0.0000,1.0000,0,0.022772,0.00006572,0.022772,11.599893,-0.230606
2019-10-28,,2.1600,2.2500,13.1100,72.6695,197.570000,183.155450,0.104319,0.015539,1,1,1,1,0,4,3,4,3.0000,3.0000,0.0000,0.0000,1.0000,0.0000,1.0000,0,0.030522,0.00006533,0.030522,11.953944,-0.207123
2019-10-29,,2.1600,2.2500,13.2000,72.6695,196.040000,183.339300,0.104449,-0.000010,1,1,1,1,1,5,5,4,3.0000,3.0000,0.0000,0.0000,1.0000,0.0000,1.0000,0,-0.023036,0.00006494,-0.023036,11.678571,-0.225388
2019-10-30,,2.1500,2.2500,12.3300,72.8814,196.990000,183.512350,0.105050,0.007692,1,1,1,1,0,4,3,5,3.0000,3.0000,0.0000,0.0000,1.0000,0.0000,1.0000,0,0.014060,0.00006416,0.014060,11.842768,-0.214497
2019-10-31,,2.1700,2.2500,13.2200,70.7627,197.080000,183.686000,0.105908,0.014292,1,1,1,1,0,4,3,4,3.0000,3.0000,0.0000,0.0000,1.0000,0.0000,1.0000,0,0.000722,0.00006377,0.000722,11.851320,-0.213930
2019-11-01,,2.1800,2.2500,12.3000,74.7881,198.870000,183.862200,0.104674,0.011472,1,1,1,1,0,4,3,4,3.0000,3.0000,0.0000,0.0000,1.0000,0.0000,1.0000,0,0.027132,0.00006065,0.027132,12.172875,-0.192602
2019-11-04,,2.1600,2.2500,12.8300,76.0593,200.100000,184.036450,0.102922,-0.014580,1,1,1,1,1,5,5,4,3.0000,3.0000,0.0000,0.0000,1.0000,0.0000,1.0000,0,0.017845,0.00005987,0.017845,12.390095,-0.178194
2019-11-05,,2.1600,2.2500,13.1000,74.7881,200.210000,184.227800,0.101977,-0.035035,1,1,1,1,1,5,5,5,3.0000,3.0000,0.0000,0.0000,1.0000,0.0000,1.0000,0,0.001242,0.00006026,0.001242,12.405488,-0.177173
2019-11-06,,2.1500,2.2500,12.6200,75.6356,199.760000,184.415850,0.102345,-0.015683,1,1,1,1,1,5,5,5,3.0000,3.0000,0.0000,0.0000,1.0000,0.0000,1.0000,0,-0.006342,0.00006143,-0.006342,12.326810,-0.182392
2019-11-07,,2.1400,2.2500,12.7300,75.4237,200.430000,184.602000,0.100607,-0.056994,1,1,1,1,1,5,5,5,3.0000,3.0000,0.0000,0.0000,1.0000,0.0000,1.0000,0,0.010129,0.00006143,0.010129,12.451669,-0.174110
2019-11-08,,2.1300,2.2500,12.0700,74.5763,201.230000,184.782400,0.099938,-0.074198,1,1,1,1,1,5,5,5,3.0000,3.0000,0.0000,0.0000,1.0000,0.0000,1.0000,0,0.011813,0.00006143,0.011813,12.598763,-0.164354
2019-11-11,,2.1100,2.2500,12.6900,73.9407,200.960000,184.971650,0.099514,-0.067672,1,1,1,1,1,5,5,5,3.0000,3.0000,0.0000,0.0000,1.0000,0.0000,1.0000,0,-0.004209,0.00006104,-0.004209,12.545740,-0.167871
2019-11-12,,2.1100,2.2500,12.6800,74.1525,201.540000,185.171500,0.099547,-0.061072,1,1,1,1,1,5,5,5,3.0000,3.0000,0.0000,0.0000,1.0000,0.0000,1.0000,0,0.008180,0.00006104,0.008180,12.648364,-0.161064
2019-11-13,,2.1000,2.2500,13.0000,75.0000,201.590000,185.351050,0.100987,-0.053208,1,1,1,1,1,5,5,5,3.0000,3.0000,0.0000,0.0000,1.0000,0.0000,1.0000,0,-0.001487,0.00006260,-0.001487,12.629550,-0.162312
2019-11-14,,2.1100,2.2500,13.0500,75.2119,201.430000,185.517400,0.101195,-0.049290,1,1,1,1,1,5,5,5,3.0000,3.0000,0.0000,0.0000,1.0000,0.0000,1.0000,0,-0.000271,0.00006182,-0.000271,12.626129,-0.162539
2019-11-15,,2.1300,2.2500,12.0500,77.5424,202.910000,185.694700,0.100789,-0.055033,1,1,1,1,1,5,5,5,3.0000,3.0000,0.0000,0.0000,1.0000,0.0000,1.0000,0,0.018830,0.00006182,0.018830,12.863874,-0.146770
2019-11-18,,2.1300,2.2500,12.4600,76.0593,203.070000,185.862400,0.100923,-0.070985,1,1,1,1,1,5,5,5,3.0000,3.0000,0.0000,0.0000,1.0000,0.0000,1.0000,0,0.005185,0.00006182,0.005185,12.930579,-0.142345
2019-11-19,,2.1400,2.2500,12.8600,77.1186,203.370000,186.024100,0.100696,-0.072960,1,1,1,1,1,5,5,5,3.0000,3.0000,0.0000,0.0000,1.0000,0.0000,1.0000,0,0.004101,0.00006182,0.004101,12.983601,-0.138828
2019-11-20,,2.1300,2.2500,12.7800,74.7881,202.150000,186.182250,0.101683,-0.068867,1,1,1,1,1,5,5,5,3.0000,3.0000,0.0000,0.0000,1.0000,0.0000,1.0000,0,-0.017521,0.00006182,-0.017521,12.756119,-0.153917
2019-11-21,,2.1600,2.2500,13.1300,73.7288,201.700000,186.349600,0.101492,-0.060326,1,1,1,1,1,5,5,5,3.0000,3.0000,0.0000,0.0000,1.0000,0.0000,1.0000,0,-0.007777,0.00006182,-0.007777,12.656916,-0.160497
2019-11-22,,2.1500,2.2500,12.3400,76.4831,201.830000,186.515950,0.101299,-0.055787,1,1,1,1,1,5,5,5,3.0000,3.0000,0.0000,0.0000,1.0000,0.0000,1.0000,0,0.002703,0.00006221,0.002703,12.691124,-0.158228
2019-11-25,,2.1400,2.2500,11.8700,77.5424,204.220000,186.695050,0.100185,-0.068178,1,1,1,1,1,5,5,5,3.0000,3.0000,0.0000,0.0000,1.0000,0.0000,1.0000,0,0.034636,0.00006221,0.034636,13.130695,-0.129072
2019-11-26,,2.1300,2.2500,11.5400,77.9661,204.610000,186.863650,0.100293,-0.091112,1,1,1,1,1,5,5,5,3.0000,3.0000,0.0000,0.0000,1.0000,0.0000,1.0000,0,0.005992,0.00006338,0.005992,13.209373,-0.123853
2019-11-27,,2.1100,2.2500,11.7500,79.2373,206.040000,187.038800,0.100022,-0.082954,1,1,1,1,1,5,5,5,3.0000,3.0000,0.0000,0.0000,1.0000,0.0000,1.0000,0,0.020199,0.00006299,0.020199,13.476195,-0.106156
2019-11-29,,2.0900,2.2500,12.6200,77.7542,205.100000,187.208200,0.100299,-0.055528,1,1,1,1,1,5,5,5,3.0000,3.0000,0.0000,0.0000,1.0000,0.0000,1.0000,0,-0.013327,0.00006377,-0.013327,13.296603,-0.118068
2019-12-02,,2.0800,2.2500,14.9100,75.2119,203.000000,187.363500,0.100501,-0.048303,1,1,1,1,1,5,5,5,3.0000,3.0000,0.0000,0.0000,1.0000,0.0000,1.0000,0,-0.032158,0.00006260,-0.032158,12.869005,-0.146429
2019-12-03,,2.1100,2.2500,15.9600,71.3983,201.410000,187.509150,0.101454,-0.033102,1,1,1,1,1,5,5,5,3.0000,3.0000,0.0000,0.0000,1.0000,0.0000,1.0000,0,-0.022461,0.00006299,-0.022461,12.579948,-0.165602
2019-12-04,,2.1100,2.2500,14.8000,73.9407,202.430000,187.660050,0.101602,-0.033367,1,1,1,1,1,5,5,5,3.0000,3.0000,0.0000,0.0000,1.0000,0.0000,1.0000,0,0.014820,0.00006182,0.014820,12.766381,-0.153236
2019-12-05,,2.1100,2.2500,14.5200,74.7881,202.830000,187.816100,0.101596,-0.036036,1,1,1,1,1,5,5,5,3.0000,3.0000,0.0000,0.0000,1.0000,0.0000,1.0000,0,0.005225,0.00006104,0.005225,12.833087,-0.148812
2019-12-06,,2.0900,2.2500,13.6200,77.5424,205.000000,187.976650,0.100375,-0.047125,1,1,1,1,1,5,5,5,3.0000,3.0000,0.0000,0.0000,1.0000,0.0000,1.0000,0,0.030921,0.00006065,0.030921,13.229898,-0.122492
2019-12-09,,2.0700,2.2500,15.8600,75.4237,204.070000,188.129400,0.100341,-0.041685,1,1,1,1,1,5,5,5,3.0000,3.0000,0.0000,0.0000,1.0000,0.0000,1.0000,0,-0.012282,0.00006026,-0.012282,13.067411,-0.133269
2019-12-10,,2.0500,2.2500,15.6800,74.7881,203.900000,188.280400,0.100437,-0.044702,1,1,1,1,1,5,5,5,3.0000,3.0000,0.0000,0.0000,1.0000,0.0000,1.0000,0,-0.002225,0.00006065,-0.002225,13.038334,-0.135198
2019-12-11,,2.0100,2.2500,14.9900,75.2119,204.980000,188.437350,0.100423,-0.051000,1,1,1,1,1,5,5,5,3.0000,3.0000,0.0000,0.0000,1.0000,0.0000,1.0000,0,0.015086,0.00006143,0.015086,13.235029,-0.122152
2019-12-12,,2.0400,2.2500,13.9400,76.4831,206.510000,188.603950,0.099139,-0.067813,1,1,1,1,1,5,5,5,3.0000,3.0000,0.0000,0.0000,1.0000,0.0000,1.0000,0,0.022874,0.00006182,0.022874,13.537769,-0.102072
2019-12-13,,2.0200,2.2500,12.6300,76.2712,207.190000,188.767950,0.099852,-0.065482,1,1,1,1,1,5,5,5,3.0000,3.0000,0.0000,0.0000,1.0000,0.0000,1.0000,0,0.008970,0.00006143,0.008970,13.659207,-0.094017
2019-12-16,,2.0200,2.2500,12.1400,79.0254,209.270000,188.942200,0.100407,-0.066601,1,1,1,1,1,5,5,5,3.0000,3.0000,0.0000,0.0000,1.0000,0.0000,1.0000,0,0.028675,0.00006182,0.028675,14.050887,-0.068038
2019-12-17,,2.0000,2.2500,12.2900,77.9661,209.390000,189.116300,0.100713,-0.063957,1,1,1,1,1,5,5,5,3.0000,3.0000,0.0000,0.0000,1.0000,0.0000,1.0000,0,0.001339,0.00006182,0.001339,14.069702,-0.066790
2019-12-18,,1.9900,2.2450,12.5800,78.3898,209.550000,189.296250,0.101114,-0.080170,1,1,1,1,1,5,5,5,3.0000,3.0000,0.0000,0.0000,1.0000,0.0000,1.0000,0,0.002310,0.00006143,0.002310,14.102199,-0.064634
2019-12-19,,1.9800,2.2400,12.5000,79.8729,210.860000,189.493400,0.100732,-0.077292,1,1,1,1,1,5,5,5,3.0000,3.0000,0.0000,0.0000,1.0000,0.0000,1.0000,0,0.020376,0.00006143,0.020376,14.389545,-0.045575
2019-12-20,,1.9600,2.2400,12.5100,80.5085,211.710000,189.696100,0.100692,-0.085135,1,1,1,1,1,5,5,5,3.0000,3.0000,0.0000,0.0000,1.0000,0.0000,1.0000,0,0.011886,0.00006182,0.011886,14.560585,-0.034231
2019-12-23,,1.9600,2.2400,12.6100,81.9915,211.810000,189.881500,0.099605,-0.098381,1,1,1,1,1,5,5,5,3.0000,3.0000,0.0000,0.0000,1.0000,0.0000,1.0000,0,0.007400,0.00006221,0.007400,14.668339,-0.027084
2019-12-24,,1.9600,2.2400,12.6700,81.7797,211.920000,190.062500,0.099742,-0.092615,1,1,1,1,1,5,5,5,3.0000,3.0000,0.0000,0.0000,1.0000,0.0000,1.0000,0,0.000933,0.00006260,0.000933,14.682023,-0.026176
2019-12-26,,1.9700,2.2400,12.6500,81.9915,213.790000,190.246400,0.099384,-0.107475,1,1,1,1,1,5,5,5,3.0000,3.0000,0.0000,0.0000,1.0000,0.0000,1.0000,0,0.025979,0.00006221,0.025979,15.063440,-0.000877
2019-12-27,,1.9700,2.2400,13.4300,82.2034,213.610000,190.430900,0.099703,-0.110609,1,1,1,1,1,5,5,5,3.0000,3.0000,0.0000,0.0000,1.0000,0.0000,1.0000,0,-0.002952,0.00006221,-0.002952,15.018970,-0.003827
2019-12-30,,1.9600,2.2400,14.8200,80.0847,212.210000,190.600200,0.100240,-0.097901,1,1,1,1,1,5,5,5,3.0000,3.0000,0.0000,0.0000,1.0000,0.0000,1.0000,0,-0.019929,0.00006182,-0.019929,14.719651,-0.023680
2019-12-31,,1.9700,2.2400,13.7800,81.2236,212.610000,190.771000,0.100385,-0.095776,1,1,1,1,1,5,5,5,3.0000,3.0000,0.0000,0.0000,1.0000,0.0000,1.0000,0,0.005694,0.00006182,0.005694,14.803461,-0.018121
2020-01-02,,1.9800,2.2400,12.4700,81.8565,216.160000,190.956550,0.098209,-0.119473,1,1,1,1,1,5,5,5,3.0000,3.0000,0.0000,0.0000,1.0000,0.0000,1.0000,0,0.049567,0.00006104,0.049567,15.537220,0.000000
2020-01-03,,1.9800,2.2350,14.0200,81.6456,214.180000,191.128650,0.099159,-0.117110,1,1,1,1,1,5,5,5,3.0000,3.0000,0.0000,0.0000,1.0000,0.0000,1.0000,0,-0.027191,0.00006065,-0.027191,15.114752,-0.027191
2020-01-06,,1.9900,2.2300,13.8500,81.2236,215.560000,191.293650,0.098875,-0.114715,1,1,1,1,1,5,5,5,3.0000,3.0000,0.0000,0.0000,1.0000,0.0000,1.0000,0,0.019011,0.00005987,0.019011,15.402099,-0.008697
2020-01-07,,2.0200,2.2300,13.7900,79.5359,215.530000,191.478500,0.099015,-0.104463,1,1,1,1,1,5,5,5,3.0000,3.0000,0.0000,0.0000,1.0000,0.0000,1.0000,0,-0.001222,0.00006143,-0.001222,15.383284,-0.009908
2020-01-08,,2.0300,2.2300,13.4500,81.0127,217.150000,191.673150,0.098444,-0.095705,1,1,1,1,1,5,5,5,3.0000,3.0000,0.0000,0.0000,1.0000,0.0000,1.0000,0,0.023015,0.00006065,0.023015,15.737336,0.000000
2020-01-09,,2.0500,2.2300,12.5400,81.2236,218.990000,191.872900,0.098316,-0.092397,1,1,1,1,1,5,5,5,3.0000,3.0000,0.0000,0.0000,1.0000,0.0000,1.0000,0,0.025215,0.00006065,0.025215,16.134147,0.000000
2020-01-10,,2.0300,2.2300,12.5600,81.0127,218.430000,192.075500,0.098861,-0.072552,1,1,1,1,1,5,5,5,3.0000,3.0000,0.0000,0.0000,1.0000,0.0000,1.0000,0,-0.008163,0.00006065,-0.008163,16.002447,-0.008163
2020-01-13,,1.9900,2.2300,12.3200,83.1224,220.950000,192.288700,0.098780,-0.077909,1,1,1,1,1,5,5,5,3.0000,3.0000,0.0000,0.0000,1.0000,0.0000,1.0000,0,0.034951,0.00006065,0.034951,16.561746,0.000000
2020-01-14,,1.9900,2.2300,12.3900,82.7004,220.080000,192.490650,0.099221,-0.072588,1,1,1,1,1,5,5,5,3.0000,3.0000,0.0000,0.0000,1.0000,0.0000,1.0000,0,-0.011670,0.00006182,-0.011670,16.368471,-0.011670
2020-01-15,,1.9900,2.2300,12.4200,83.7895,220.170000,192.681300,0.100384,-0.068985,1,1,1,1,1,5,5,5,3.0000,3.0000,0.0000,0.0000,1.0000,0.0000,1.0000,0,0.000627,0.00006182,0.000627,16.378734,-0.011050
2020-01-16,,2.0100,2.2300,12.3200,86.9474,222.280000,192.879050,0.100175,-0.068298,1,1,1,1,1,5,5,5,3.0000,3.0000,0.0000,0.0000,1.0000,0.0000,1.0000,0,0.027882,0.00006182,0.027882,16.835409,0.000000
2020-01-17,,2.0000,2.2300,12.1000,87.3684,223.380000,193.077050,0.100557,-0.072551,1,1,1,1,1,5,5,5,3.0000,3.0000,0.0000,0.0000,1.0000,0.0000,1.0000,0,0.014934,0.00006104,0.014934,17.086837,0.000000
2020-01-21,,1.9800,2.2300,12.8500,85.0526,223.280000,193.274900,0.101675,-0.061896,1,1,1,1,1,5,5,5,3.0000,3.0000,0.0000,0.0000,1.0000,0.0000,1.0000,0,-0.000501,0.00006143,-0.000501,17.078285,-0.000501
2020-01-22,,1.9700,2.2300,12.9100,84.4211,223.870000,193.470950,0.101980,-0.060527,1,1,1,1,1,5,5,5,3.0000,3.0000,0.0000,0.0000,1.0000,0.0000,1.0000,0,0.006810,0.00006143,0.006810,17.194591,0.000000
2020-01-23,,1.9700,2.2250,12.9800,84.8421,224.590000,193.668200,0.102767,-0.037212,1,1,1,1,1,5,5,5,3.0000,3.0000,0.0000,0.0000,1.0000,0.0000,1.0000,0,0.009251,0.00006104,0.009251,17.353658,0.000000
2020-01-24,,1.9800,2.2200,14.5600,81.8947,222.700000,193.859300,0.103963,-0.003698,1,1,1,1,1,5,5,5,3.0000,3.0000,0.0000,0.0000,1.0000,0.0000,1.0000,0,-0.025922,0.00006104,-0.025922,16.903824,-0.025922
2020-01-27,,1.9800,2.2200,18.2300,76.8421,218.100000,194.022450,0.105394,0.009654,1,1,1,1,0,4,3,5,3.0000,3.0000,0.0000,0.0000,1.0000,0.0000,1.0000,0,-0.061823,0.00006065,-0.061823,15.858774,-0.086142
2020-01-28,,2.0400,2.2200,16.2800,78.7368,221.450000,194.204550,0.104729,-0.003283,1,1,1,1,1,5,5,4,3.0000,3.0000,0.0000,0.0000,1.0000,0.0000,1.0000,0,0.046484,0.00006104,0.046484,16.595954,-0.043663
2020-01-29,,2.0400,2.2200,16.3900,77.2632,221.810000,194.384450,0.105092,-0.008299,1,1,1,1,1,5,5,5,3.0000,3.0000,0.0000,0.0000,1.0000,0.0000,1.0000,0,0.003607,0.00006182,0.003607,16.655817,-0.040213
2020-01-30,,2.0500,2.2200,15.4900,77.6842,222.600000,194.568150,0.105728,0.010776,1,1,1,1,0,4,3,5,3.0000,3.0000,0.0000,0.0000,1.0000,0.0000,1.0000,0,0.011296,0.00006143,0.011296,16.843961,-0.029371
2020-01-31,,2.0800,2.2200,18.8400,73.0526,219.070000,194.731000,0.107202,0.043529,1,1,1,1,0,4,3,4,3.0000,3.0000,0.0000,0.0000,1.0000,0.0000,1.0000,0,-0.049147,0.00006182,-0.049147,16.016130,-0.077075
2020-02-03,,2.1300,2.2200,17.9700,73.6842,222.380000,194.907150,0.106751,0.049416,1,1,1,1,0,4,3,4,3.0000,3.0000,0.0000,0.0000,1.0000,0.0000,1.0000,0,0.045921,0.00006104,0.045921,16.751599,-0.034693
2020-02-04,,2.1000,2.2200,16.0500,76.0000,227.470000,195.107550,0.104100,0.018375,1,1,1,1,0,4,3,4,3.0000,3.0000,0.0000,0.0000,1.0000,0.0000,1.0000,0,0.068307,0.00006182,0.068307,17.895853,0.000000
2020-02-05,,2.0900,2.2200,15.1500,81.2632,228.220000,195.309050,0.103332,0.029254,1,1,1,1,0,4,3,4,3.0000,3.0000,0.0000,0.0000,1.0000,0.0000,1.0000,0,0.011565,0.00006182,0.011565,18.102811,0.000000
2020-02-06,,2.0700,2.2200,14.9600,80.0000,230.190000,195.508450,0.103015,0.033281,1,1,1,1,0,4,3,4,3.0000,3.0000,0.0000,0.0000,1.0000,0.0000,1.0000,0,0.024376,0.00006182,0.024376,18.544092,0.000000
2020-02-07,,2.0500,2.2200,15.4700,77.4737,229.200000,195.705900,0.103236,0.040300,1,1,1,1,0,4,3,4,3.0000,3.0000,0.0000,0.0000,1.0000,0.0000,1.0000,0,-0.012913,0.00006182,-0.012913,18.304637,-0.012913
2020-02-10,,2.0500,2.2200,15.0400,79.5789,231.970000,195.913350,0.102859,0.036041,1,1,1,1,0,4,3,4,3.0000,3.0000,0.0000,0.0000,1.0000,0.0000,1.0000,0,0.036068,0.00006143,0.036068,18.964849,0.000000
2020-02-11,,2.0600,2.2200,15.1800,80.8421,232.010000,196.120150,0.103054,0.022207,1,1,1,1,0,4,3,4,3.0000,3.0000,0.0000,0.0000,1.0000,0.0000,1.0000,0,0.000722,0.00006221,0.000722,18.978532,0.000000
2020-02-12,,2.0500,2.2200,13.7400,82.1053,234.270000,196.336400,0.102469,0.013717,1,1,1,1,0,4,3,4,3.0000,3.0000,0.0000,0.0000,1.0000,0.0000,1.0000,0,0.029290,0.00006182,0.029290,19.534411,0.000000
2020-02-13,,2.0600,2.2150,14.1500,81.4737,233.970000,196.558550,0.103720,0.031442,1,1,1,1,0,4,3,4,3.0000,3.0000,0.0000,0.0000,1.0000,0.0000,1.0000,0,-0.003853,0.00006221,-0.003853,19.459153,-0.003853
2020-02-14,,2.0500,2.2100,13.6800,81.2632,234.640000,196.787100,0.104251,0.035674,1,1,1,1,0,4,3,4,3.0000,3.0000,0.0000,0.0000,1.0000,0.0000,1.0000,0,0.006768,0.00006260,0.006768,19.590854,0.000000
2020-02-18,,2.0400,2.2100,14.8300,78.7368,234.730000,197.020050,0.105396,0.050390,1,1,1,1,0,4,3,4,3.0000,3.0000,0.0000,0.0000,1.0000,0.0000,1.0000,0,0.001746,0.00006221,0.001746,19.625061,0.000000
2020-02-19,,2.0500,2.2100,14.3800,80.0000,236.980000,197.249400,0.103757,0.022203,1,1,1,1,0,4,3,4,3.0000,3.0000,0.0000,0.0000,1.0000,0.0000,1.0000,0,0.028935,0.00006221,0.028935,20.192912,0.000000
2020-02-20,,2.0500,2.2100,15.5600,80.4211,234.780000,197.473600,0.104556,0.032778,1,1,1,1,0,4,3,4,3.0000,3.0000,0.0000,0.0000,1.0000,0.0000,1.0000,0,-0.028460,0.00006221,-0.028460,19.618220,-0.028460
2020-02-21,,2.0500,2.2100,17.0800,78.1053,230.270000,197.693750,0.105449,0.043928,1,1,1,1,0,4,3,4,3.0000,3.0000,0.0000,0.0000,1.0000,0.0000,1.0000,0,-0.057193,0.00006221,-0.057193,18.496201,-0.084025
2020-02-24,,2.0900,2.2100,25.0300,67.5789,221.390000,197.871850,0.107794,0.078144,1,0,1,1,0,3,1,4,3.0000,3.0000,0.0000,0.0000,1.0000,0.0000,1.0000,0,-0.115221,0.00006143,-0.115221,16.365050,-0.189565
2020-02-25,,2.1300,2.2100,27.8500,56.0924,215.370000,198.024850,0.108828,0.084712,1,0,1,1,0,3,1,3,3.0000,3.0000,0.0000,0.0000,1.0000,0.0000,1.0000,0,-0.080895,0.00006026,-0.080895,15.041205,-0.255125
2020-02-26,,2.1900,2.2050,27.5600,52.7311,216.480000,198.182250,0.108122,0.079958,1,0,1,1,0,3,1,3,3.0000,3.0000,0.0000,0.0000,1.0000,0.0000,1.0000,0,0.013759,0.00006026,0.013759,15.248163,-0.244875
2020-02-27,,2.2000,2.2000,39.1600,39.0756,205.640000,198.317550,0.108114,0.073752,1,0,0,1,0,2,-1,3,3.0000,3.0000,0.0000,0.0000,1.0000,0.0000,1.0000,0,-0.149523,0.00006026,-0.149523,12.968208,-0.357784
2020-02-28,,2.2700,2.2000,40.1100,30.2521,205.800000,198.443850,0.104942,0.042008,0,0,0,1,0,1,-3,2,0.0000,0.0000,0.0000,0.0000,0.0000,1.0000,0.0000,1,0.015563,0.00005713,-0.097912,11.698466,-0.420665
2020-03-02,,2.3800,2.2000,33.4200,47.4790,216.420000,198.610500,0.106506,0.049727,0,0,0,1,0,1,-3,1,0.0000,0.0000,0.0000,0.0000,0.0000,1.0000,0.0000,0,0.136494,0.00005008,0.000050,11.699051,-0.420636
2020-03-03,,2.4400,2.2000,36.8200,40.1261,209.480000,198.733250,0.108297,0.063516,0,0,0,1,0,1,-3,1,0.0000,0.0000,0.0000,0.0000,0.0000,1.0000,0.0000,0,-0.094161,0.00004459,0.000045,11.699573,-0.420610
2020-03-04,,2.4800,2.2000,31.9900,51.4706,218.220000,198.909150,0.109825,0.081220,0,0,1,1,0,2,-1,1,0.0000,0.0000,0.0000,0.0000,0.0000,1.0000,0.0000,0,0.121357,0.00003752,0.000038,11.700012,-0.420588
2020-03-05,,2.4700,2.2000,39.6200,43.2773,211.590000,199.067350,0.111850,0.109813,0,0,0,1,0,1,-3,2,0.0000,0.0000,0.0000,0.0000,0.0000,1.0000,0.0000,0,-0.087749,0.00002847,0.000028,11.700345,-0.420572
2020-03-06,,2.5200,2.2000,41.9400,38.4454,208.020000,199.198300,0.112805,0.117720,0,0,0,1,0,1,-3,1,0.0000,0.0000,0.0000,0.0000,0.0000,1.0000,0.0000,0,-0.052411,0.00002453,0.000025,11.700632,-0.420557
2020-03-09,,2.5500,2.2000,54.4600,17.6471,193.570000,199.261050,0.115706,0.132968,0,0,0,0,0,0,-5,1,0.0000,0.0000,0.0000,0.0000,0.0000,1.0000,0.0000,0,-0.203149,0.00001782,0.000018,11.700841,-0.420547
2020-03-10,,2.9300,2.2000,47.3000,28.7815,204.110000,199.390350,0.111036,0.096944,0,0,0,1,0,1,-3,0,0.0000,0.0000,0.0000,0.0000,0.0000,1.0000,0.0000,0,0.155643,0.00001307,0.000013,11.700994,-0.420540
2020-03-11,,2.9300,2.2000,53.9000,14.0756,195.220000,199.475650,0.110858,0.102264,0,0,0,0,0,0,-5,1,0.0000,0.0000,0.0000,0.0000,0.0000,1.0000,0.0000,0,-0.128604,0.00001742,0.000017,11.701197,-0.420529
2020-03-12,,2.9900,2.2000,75.4700,6.5126,177.320000,199.474800,0.110213,0.081135,0,0,0,0,0,0,-5,0,0.0000,0.0000,0.0000,0.0000,0.0000,1.0000,0.0000,0,-0.274084,0.00001663,0.000017,11.701392,-0.420520
2020-03-13,,3.2000,2.2000,57.8300,13.6555,192.340000,199.556350,0.107066,0.055905,0,0,0,0,0,0,-5,0,0.0000,0.0000,0.0000,0.0000,0.0000,1.0000,0.0000,0,0.269884,0.00001307,0.000013,11.701545,-0.420512
2020-03-16,,3.3000,2.2000,82.6900,4.2017,169.300000,199.519000,0.106567,0.043619,0,0,0,0,0,0,-5,0,0.0000,0.0000,0.0000,0.0000,0.0000,1.0000,0.0000,0,-0.344652,0.00001110,0.000011,11.701675,-0.420506
2020-03-17,,3.3800,2.2000,75.9100,11.3208,182.140000,199.559950,0.114043,0.101142,0,0,0,0,0,0,-5,0,0.0000,0.0000,0.0000,0.0000,0.0000,1.0000,0.0000,0,0.162953,0.00000951,0.000010,11.701786,-0.420500
2020-03-18,,3.4900,2.2000,76.4500,6.9182,176.600000,199.591900,0.114896,0.105158,0,0,0,0,0,0,-5,0,0.0000,0.0000,0.0000,0.0000,0.0000,1.0000,0.0000,0,-0.092567,0.00000753,0.000008,11.701874,-0.420496
2020-03-19,,3.8100,2.2000,72.0000,5.8700,177.660000,199.605650,0.107979,0.054266,0,0,0,0,0,0,-5,0,0.0000,0.0000,0.0000,0.0000,0.0000,1.0000,0.0000,0,0.023149,0.00000079,0.000001,11.701884,-0.420495
2020-03-20,,4.0100,2.2000,66.0400,3.7736,170.700000,199.578100,0.104502,0.035020,0,0,0,0,0,0,-5,0,0.0000,0.0000,0.0000,0.0000,0.0000,1.0000,0.0000,0,-0.117106,0.00000159,0.000002,11.701902,-0.420495
2020-03-23,,4.2300,2.2000,61.5900,3.7736,170.460000,199.542350,0.100763,0.007104,0,0,0,0,0,0,-5,0,0.0000,0.0000,0.0000,0.0000,0.0000,1.0000,0.0000,0,0.003098,0.00000198,0.000002,11.701925,-0.420493
2020-03-24,,4.3100,2.2000,61.6700,5.8700,183.660000,199.555450,0.102324,0.022272,0,0,0,0,0,0,-5,0,0.0000,0.0000,0.0000,0.0000,0.0000,1.0000,0.0000,0,0.222908,0.00000079,0.000001,11.701935,-0.420493
2020-03-25,,4.1900,2.2000,63.9500,5.4393,182.300000,199.551200,0.103387,0.028250,0,0,0,0,0,0,-5,0,0.0000,0.0000,0.0000,0.0000,0.0000,1.0000,0.0000,0,-0.023186,0.00000040,0.000000,11.701939,-0.420493
2020-03-26,,4.1300,2.2000,61.0000,10.6472,191.900000,199.593750,0.106011,0.046834,0,0,0,0,0,0,-5,0,0.0000,0.0000,0.0000,0.0000,0.0000,1.0000,0.0000,0,0.162867,0.00000000,0.000000,11.701939,-0.420493
2020-03-27,,4.0400,2.2000,65.5400,7.9332,185.300000,199.608550,0.109857,0.074292,0,0,0,0,0,0,-5,0,0.0000,0.0000,0.0000,0.0000,0.0000,1.0000,0.0000,0,-0.103880,0.00000000,0.000000,11.701939,-0.420493
2020-03-30,,3.9800,2.2000,57.0800,12.3173,192.040000,199.651650,0.110338,0.099475,0,0,0,0,0,0,-5,0,0.0000,0.0000,0.0000,0.0000,0.0000,1.0000,0.0000,0,0.105097,0.00000119,0.000001,11.701953,-0.420492
2020-03-31,,3.8900,2.2000,53.5400,10.4384,190.400000,199.690450,0.107488,0.067146,0,0,0,0,0,0,-5,0,0.0000,0.0000,0.0000,0.0000,0.0000,1.0000,0.0000,0,-0.027755,0.00000476,0.000005,11.702009,-0.420489
2020-04-01,,3.9300,2.2000,57.0600,7.7244,182.310000,199.683300,0.105789,0.053183,0,0,0,0,0,0,-5,0,0.0000,0.0000,0.0000,0.0000,0.0000,1.0000,0.0000,0,-0.124055,0.00000436,0.000004,11.702060,-0.420487
2020-04-02,,3.9700,2.2000,50.9100,9.1858,186.010000,199.681300,0.106639,0.060089,0,0,0,0,0,0,-5,0,0.0000,0.0000,0.0000,0.0000,0.0000,1.0000,0.0000,0,0.059190,0.00000357,0.000004,11.702102,-0.420485
2020-04-03,,3.9200,2.2000,46.8000,8.7683,183.370000,199.662600,0.104335,0.045783,0,0,0,0,0,0,-5,0,0.0000,0.0000,0.0000,0.0000,0.0000,1.0000,0.0000,0,-0.040271,0.00000357,0.000004,11.702144,-0.420483
2020-04-06,,3.9200,2.2000,45.2400,13.7787,196.480000,199.700750,0.105320,0.057760,0,0,0,0,0,0,-5,0,0.0000,0.0000,0.0000,0.0000,0.0000,1.0000,0.0000,0,0.209335,0.00000397,0.000004,11.702190,-0.420480
2020-04-07,,3.9100,2.2000,46.7000,13.5699,196.400000,199.739750,0.103892,0.041428,0,0,0,0,0,0,-5,0,0.0000,0.0000,0.0000,0.0000,0.0000,1.0000,0.0000,0,-0.001949,0.00000595,0.000006,11.702260,-0.420477
2020-04-08,,3.7900,2.2000,43.3500,18.5804,200.570000,199.801800,0.105992,0.061004,0,0,0,1,0,1,-3,0,0.0000,0.0000,0.0000,0.0000,0.0000,1.0000,0.0000,0,0.063867,0.00000555,0.000006,11.702325,-0.420474
2020-04-09,,3.7500,2.2050,41.6700,20.8768,200.860000,199.881350,0.109328,0.086539,0,0,0,1,0,1,-3,1,0.0000,0.0000,0.0000,0.0000,0.0000,1.0000,0.0000,0,0.003672,0.00000872,0.000009,11.702427,-0.420469
2020-04-13,,3.6100,2.2050,41.1700,17.9541,203.030000,199.967550,0.106835,0.053974,0,0,0,1,0,1,-3,1,0.0000,0.0000,0.0000,0.0000,0.0000,1.0000,0.0000,0,0.034754,0.00000991,0.000010,11.702543,-0.420463
2020-04-14,,3.4100,2.2100,37.7600,24.6347,211.860000,200.094350,0.106822,0.056901,0,0,0,1,0,1,-3,1,0.0000,0.0000,0.0000,0.0000,0.0000,1.0000,0.0000,0,0.129751,0.00001030,0.000010,11.702663,-0.420457
2020-04-15,,3.3600,2.2100,40.8400,20.8768,209.430000,200.207800,0.105541,0.041468,0,0,0,1,0,1,-3,1,0.0000,0.0000,0.0000,0.0000,0.0000,1.0000,0.0000,0,-0.033172,0.00000793,0.000008,11.702756,-0.420452
2020-04-16,,3.3300,2.2100,40.1100,24.0084,213.250000,200.327750,0.105052,0.027978,0,0,0,1,0,1,-3,1,0.0000,0.0000,0.0000,0.0000,0.0000,1.0000,0.0000,0,0.053569,0.00000555,0.000006,11.702821,-0.420449
2020-04-17,,3.2800,2.2100,38.1500,28.6013,215.290000,200.454150,0.105585,0.030586,0,0,0,1,0,1,-3,1,0.0000,0.0000,0.0000,0.0000,0.0000,1.0000,0.0000,0,0.025038,0.00000555,0.000006,11.702886,-0.420446
2020-04-20,,3.2700,2.2100,43.8300,24.8434,212.740000,200.560650,0.103413,0.005331,0,0,0,1,0,1,-3,1,0.0000,0.0000,0.0000,0.0000,0.0000,1.0000,0.0000,0,-0.032369,0.00000476,0.000005,11.702942,-0.420443
2020-04-21,,3.2800,2.2150,45.4100,19.4154,204.890000,200.629850,0.104893,0.007428,0,0,0,1,0,1,-3,1,0.0000,0.0000,0.0000,0.0000,0.0000,1.0000,0.0000,0,-0.110578,0.00000476,0.000005,11.702997,-0.420440
2020-04-22,,3.2900,2.2200,41.9800,22.5470,210.970000,200.736150,0.105607,0.001745,0,0,0,1,0,1,-3,1,0.0000,0.0000,0.0000,0.0000,0.0000,1.0000,0.0000,0,0.088456,0.00000436,0.000004,11.703048,-0.420438
2020-04-23,,3.3000,2.2200,41.3800,22.9645,210.520000,200.835450,0.103841,-0.007241,0,0,0,1,1,2,-1,1,0.0000,0.0000,0.0000,0.0000,0.0000,1.0000,0.0000,0,-0.006559,0.00000476,0.000005,11.703104,-0.420435
2020-04-24,,3.2600,2.2200,35.9300,24.6347,213.840000,200.941850,0.103050,-0.016832,0,0,0,1,1,2,-1,2,0.0000,0.0000,0.0000,0.0000,0.0000,1.0000,0.0000,0,0.048309,0.00000436,0.000004,11.703155,-0.420433
2020-04-27,,3.2500,2.2200,33.2900,26.9311,215.560000,201.057550,0.102648,-0.025524,0,0,0,1,1,2,-1,2,0.0000,0.0000,0.0000,0.0000,0.0000,1.0000,0.0000,0,0.019508,0.00000476,0.000005,11.703211,-0.420430
2020-04-28,,3.2400,2.2200,33.5700,25.8873,211.500000,201.147400,0.103507,-0.030610,0,0,0,1,1,2,-1,2,0.0000,0.0000,0.0000,0.0000,0.0000,1.0000,0.0000,0,-0.054091,0.00000476,0.000005,11.703266,-0.420427
2020-04-29,,3.2500,2.2200,31.2300,32.5678,219.000000,201.271650,0.099945,-0.057669,0,0,0,1,1,2,-1,2,0.0000,0.0000,0.0000,0.0000,0.0000,1.0000,0.0000,0,0.104014,0.00000436,0.000004,11.703318,-0.420424
2020-04-30,,3.2400,2.2200,34.1500,27.9749,218.910000,201.400450,0.098561,-0.046967,0,0,0,1,1,2,-1,2,0.0000,0.0000,0.0000,0.0000,0.0000,1.0000,0.0000,0,0.006637,0.00000397,0.000004,11.703364,-0.420422
2020-05-01,,3.2300,2.2200,37.1900,22.7557,212.740000,201.503150,0.098801,-0.037249,0,0,0,1,1,2,-1,2,0.0000,0.0000,0.0000,0.0000,0.0000,1.0000,0.0000,0,-0.089723,0.00000357,0.000004,11.703406,-0.420420
2020-05-04,,3.2500,2.2250,35.9700,24.6347,215.220000,201.617150,0.099270,-0.030868,0,0,0,1,1,2,-1,2,0.0000,0.0000,0.0000,0.0000,0.0000,1.0000,0.0000,0,0.035270,0.00000476,0.000005,11.703461,-0.420417
2020-05-05,,3.2800,2.2300,33.6100,28.1837,217.660000,201.750400,0.099165,-0.033973,0,0,0,1,1,2,-1,2,0.0000,0.0000,0.0000,0.0000,0.0000,1.0000,0.0000,0,0.031939,0.00000516,0.000005,11.703522,-0.420414
2020-05-06,,3.2800,2.2300,34.1200,28.1837,219.000000,201.882750,0.096447,-0.052950,0,0,0,1,1,2,-1,2,0.0000,0.0000,0.0000,0.0000,0.0000,1.0000,0.0000,0,0.019749,0.00000516,0.000005,11.703582,-0.420411
2020-05-07,,3.3100,2.2300,31.4400,30.2714,221.820000,202.022900,0.095679,-0.061409,0,0,0,1,1,2,-1,2,0.0000,0.0000,0.0000,0.0000,0.0000,1.0000,0.0000,0,0.039023,0.00000476,0.000005,11.703638,-0.420409
2020-05-08,,3.3400,2.2300,27.9800,32.9854,224.860000,202.171450,0.096020,-0.054547,0,0,0,1,1,2,-1,2,0.0000,0.0000,0.0000,0.0000,0.0000,1.0000,0.0000,0,0.040339,0.00000436,0.000004,11.703689,-0.420406
2020-05-11,,3.3700,2.2300,27.5700,34.0292,226.870000,202.339300,0.095590,-0.068027,0,0,0,1,1,2,-1,2,0.0000,0.0000,0.0000,0.0000,0.0000,1.0000,0.0000,0,0.024870,0.00000476,0.000005,11.703745,-0.420403
2020-05-12,,3.4100,2.2300,33.0400,30.4802,222.120000,202.473450,0.096679,-0.061671,0,0,0,1,1,2,-1,2,0.0000,0.0000,0.0000,0.0000,0.0000,1.0000,0.0000,0,-0.059491,0.00000476,0.000005,11.703800,-0.420401
2020-05-13,,3.4000,2.2300,35.2800,28.8100,219.340000,202.597050,0.097585,-0.061976,0,0,0,1,1,2,-1,2,0.0000,0.0000,0.0000,0.0000,0.0000,1.0000,0.0000,0,-0.037869,0.00000516,0.000005,11.703861,-0.420398
2020-05-14,,3.4300,2.2300,32.6100,30.6889,221.830000,202.737300,0.097466,-0.051061,0,0,0,1,1,2,-1,2,0.0000,0.0000,0.0000,0.0000,0.0000,1.0000,0.0000,0,0.033160,0.00000516,0.000005,11.703921,-0.420395
2020-05-15,,3.4100,2.2300,31.8900,30.4802,223.270000,202.898150,0.095728,-0.071733,0,0,0,1,1,2,-1,2,0.0000,0.0000,0.0000,0.0000,0.0000,1.0000,0.0000,0,0.017164,0.00000476,0.000005,11.703977,-0.420392
2020-05-18,,3.4100,2.2300,29.3000,37.1608,227.430000,203.084550,0.096712,-0.073293,0,0,0,1,1,2,-1,2,0.0000,0.0000,0.0000,0.0000,0.0000,1.0000,0.0000,0,0.057895,0.00000476,0.000005,11.704032,-0.420389
2020-05-19,,3.3800,2.2300,30.5300,34.6555,226.860000,203.282100,0.096106,-0.098192,0,0,0,1,1,2,-1,2,0.0000,0.0000,0.0000,0.0000,0.0000,1.0000,0.0000,0,-0.007651,0.00000516,0.000005,11.704093,-0.420386
2020-05-20,,3.3000,2.2300,27.9900,38.8309,231.390000,203.535400,0.095022,-0.120477,0,0,0,1,1,2,-1,2,0.0000,0.0000,0.0000,0.0000,0.0000,1.0000,0.0000,0,0.058547,0.00000516,0.000005,11.704153,-0.420383
2020-05-21,,3.2400,2.2300,29.5300,36.1169,228.900000,203.763600,0.094716,-0.117370,0,0,0,1,1,2,-1,2,0.0000,0.0000,0.0000,0.0000,0.0000,1.0000,0.0000,0,-0.030617,0.00000476,0.000005,11.704209,-0.420380
2020-05-22,,3.1800,2.2300,28.1600,37.3695,229.660000,203.990650,0.095586,-0.115069,0,0,0,1,1,2,-1,2,0.0000,0.0000,0.0000,0.0000,0.0000,1.0000,0.0000,0,0.008915,0.00000476,0.000005,11.704264,-0.420378
2020-05-26,,3.1800,2.2300,28.0100,40.0835,229.040000,204.194550,0.095041,-0.095238,0,0,0,1,1,2,-1,2,0.0000,0.0000,0.0000,0.0000,0.0000,1.0000,0.0000,0,-0.004166,0.00000476,0.000005,11.704320,-0.420375
2020-05-27,,3.1400,2.2300,27.6200,46.3466,230.290000,204.413550,0.094768,-0.108227,0,0,0,1,1,2,-1,2,0.0000,0.0000,0.0000,0.0000,0.0000,1.0000,0.0000,0,0.014070,0.00000555,0.000006,11.704385,-0.420372
2020-05-28,,3.1100,2.2300,28.5900,47.1816,229.990000,204.641750,0.097749,-0.098282,0,0,0,1,1,2,-1,2,0.0000,0.0000,0.0000,0.0000,0.0000,1.0000,0.0000,0,-0.006375,0.00000595,0.000006,11.704455,-0.420368
2020-05-29,,3.1000,2.2300,27.5100,47.3904,233.360000,204.866600,0.098071,-0.104106,0,0,0,1,1,2,-1,2,0.0000,0.0000,0.0000,0.0000,0.0000,1.0000,0.0000,0,0.041263,0.00000595,0.000006,11.704524,-0.420365
2020-06-01,,3.0800,2.2300,28.2300,46.9729,234.060000,205.123100,0.098838,-0.117517,0,0,0,1,1,2,-1,2,0.0000,0.0000,0.0000,0.0000,0.0000,1.0000,0.0000,0,0.012323,0.00000555,0.000006,11.704589,-0.420362
2020-06-02,,3.1000,2.2300,26.8400,49.6868,235.630000,205.388500,0.098659,-0.129876,0,0,0,1,1,2,-1,2,0.0000,0.0000,0.0000,0.0000,0.0000,1.0000,0.0000,0,0.019931,0.00000555,0.000006,11.704654,-0.420358
2020-06-03,,3.0800,2.2300,25.6600,53.6534,236.690000,205.644550,0.098533,-0.168958,0,0,1,1,1,3,1,2,0.0000,0.0000,0.0000,0.0000,0.0000,1.0000,0.0000,0,0.013574,0.00000595,0.000006,11.704724,-0.420355
2020-06-04,,3.0200,2.2300,25.8100,53.2359,235.030000,205.877550,0.097026,-0.136211,0,0,1,1,1,3,1,3,3.0000,3.0000,0.0000,0.0000,1.0000,0.0000,1.0000,1,-0.020319,0.00000634,-0.016078,11.516532,-0.429675
2020-06-05,,2.9900,2.2300,24.5200,61.1691,239.690000,206.141150,0.095807,-0.158027,0,0,1,1,1,3,1,3,3.0000,3.0000,0.0000,0.0000,1.0000,0.0000,1.0000,0,0.059274,0.00000595,0.059274,12.199164,-0.395869
2020-06-08,,2.8600,2.2300,25.8100,67.2234,241.550000,206.405750,0.097200,-0.153809,0,0,1,1,1,3,1,3,3.0000,3.0000,0.0000,0.0000,1.0000,0.0000,1.0000,0,0.022249,0.00000595,0.022249,12.470588,-0.382427
2020-06-09,,2.8100,2.2300,27.5700,59.7077,243.300000,206.682150,0.095966,-0.123485,0,0,1,1,1,3,1,3,3.0000,3.0000,0.0000,0.0000,1.0000,0.0000,1.0000,0,0.022309,0.00000674,0.022309,12.748798,-0.368650
2020-06-10,,2.8000,2.2300,27.5700,54.2797,246.220000,207.002900,0.095940,-0.132619,0,0,1,1,1,3,1,3,3.0000,3.0000,0.0000,0.0000,1.0000,0.0000,1.0000,0,0.036087,0.00000753,0.036087,13.208862,-0.345866
2020-06-11,,2.8600,2.2300,40.7900,39.6660,234.020000,207.248900,0.097834,-0.169004,0,0,0,1,1,2,-1,3,3.0000,3.0000,0.0000,0.0000,1.0000,0.0000,1.0000,0,-0.147231,0.00000674,-0.147231,11.264107,-0.442175
2020-06-12,,2.9100,2.2300,36.0900,42.3800,235.880000,207.506150,0.096430,-0.203716,0,0,0,1,1,2,-1,2,0.0000,0.0000,0.0000,0.0000,0.0000,1.0000,0.0000,1,0.021687,0.00000674,0.063517,11.979574,-0.406744
2020-06-15,,2.9100,2.2300,34.4000,44.8852,238.750000,207.774450,0.096190,-0.139388,0,0,0,1,1,2,-1,2,0.0000,0.0000,0.0000,0.0000,0.0000,1.0000,0.0000,0,0.035259,0.00000634,0.000006,11.979650,-0.406740
2020-06-16,,2.9300,2.2300,33.6700,48.8518,242.850000,208.049100,0.094804,-0.126929,0,0,0,1,1,2,-1,2,0.0000,0.0000,0.0000,0.0000,0.0000,1.0000,0.0000,0,0.052853,0.00000714,0.000007,11.979735,-0.406736
2020-06-17,,2.8900,2.2300,33.4700,47.8079,243.620000,208.329850,0.094911,-0.081177,0,0,0,1,1,2,-1,2,0.0000,0.0000,0.0000,0.0000,0.0000,1.0000,0.0000,0,0.009737,0.00000674,0.000007,11.979816,-0.406732
2020-06-18,,2.8700,2.2300,32.9400,47.1816,244.280000,208.623000,0.094859,-0.093548,0,0,0,1,1,2,-1,2,0.0000,0.0000,0.0000,0.0000,0.0000,1.0000,0.0000,0,0.007715,0.00000674,0.000007,11.979897,-0.406728
2020-06-19,,2.8600,2.2300,35.1200,45.7203,244.240000,208.902550,0.093134,-0.124026,0,0,0,1,1,2,-1,2,0.0000,0.0000,0.0000,0.0000,0.0000,1.0000,0.0000,0,-0.001382,0.00000634,0.000006,11.979973,-0.406724
2020-06-22,,2.8700,2.2300,31.7700,45.5115,246.740000,209.177350,0.092669,-0.149659,0,0,0,1,1,2,-1,2,0.0000,0.0000,0.0000,0.0000,0.0000,1.0000,0.0000,0,0.035562,0.00000595,0.000006,11.980044,-0.406720
2020-06-23,,2.8600,2.2300,31.3700,46.7641,248.840000,209.463600,0.091315,-0.207828,0,0,0,1,1,2,-1,2,0.0000,0.0000,0.0000,0.0000,0.0000,1.0000,0.0000,0,0.026116,0.00000634,0.000006,11.980120,-0.406717
2020-06-24,,2.8700,2.2300,33.8400,39.8747,243.710000,209.726200,0.092851,-0.184197,0,0,0,1,1,2,-1,2,0.0000,0.0000,0.0000,0.0000,0.0000,1.0000,0.0000,0,-0.058918,0.00000634,0.000006,11.980196,-0.406713
2020-06-25,,2.8900,2.2300,32.2200,41.3361,246.030000,210.003150,0.090727,-0.185938,0,0,0,1,1,2,-1,2,0.0000,0.0000,0.0000,0.0000,0.0000,1.0000,0.0000,0,0.026512,0.00000595,0.000006,11.980267,-0.406709
2020-06-26,,2.9200,2.2300,34.7300,37.9958,240.220000,210.242100,0.091951,-0.159448,0,0,0,1,1,2,-1,2,0.0000,0.0000,0.0000,0.0000,0.0000,1.0000,0.0000,0,-0.071881,0.00000634,0.000006,11.980343,-0.406706
2020-06-29,,2.9200,2.2300,31.7800,41.7537,242.840000,210.490150,0.092327,-0.162258,0,0,0,1,1,2,-1,2,0.0000,0.0000,0.0000,0.0000,0.0000,1.0000,0.0000,0,0.031962,0.00000555,0.000006,11.980410,-0.406702
2020-06-30,,2.9400,2.2300,30.4300,44.6764,247.600000,210.765450,0.091500,-0.152843,0,0,0,1,1,2,-1,2,0.0000,0.0000,0.0000,0.0000,0.0000,1.0000,0.0000,0,0.057505,0.00000555,0.000006,11.980476,-0.406699
2020-07-01,,2.9300,2.2300,28.6200,45.7203,250.490000,211.059500,0.092989,-0.137261,0,0,0,1,1,2,-1,2,0.0000,0.0000,0.0000,0.0000,0.0000,1.0000,0.0000,0,0.035740,0.00000634,0.000006,11.980552,-0.406695
2020-07-02,,2.8900,2.2300,27.6800,46.9729,252.190000,211.357450,0.092720,-0.126641,0,0,0,1,1,2,-1,2,0.0000,0.0000,0.0000,0.0000,0.0000,1.0000,0.0000,0,0.021258,0.00000555,0.000006,11.980619,-0.406692
2020-07-06,,2.8700,2.2300,27.9400,48.7500,258.390000,211.686800,0.090191,-0.172483,0,0,0,1,1,2,-1,2,0.0000,0.0000,0.0000,0.0000,0.0000,1.0000,0.0000,0,0.073482,0.00000555,0.000006,11.980685,-0.406689
2020-07-07,,2.8300,2.2300,29.4300,46.6667,256.610000,212.005650,0.090764,-0.191514,0,0,0,1,1,2,-1,2,0.0000,0.0000,0.0000,0.0000,0.0000,1.0000,0.0000,0,-0.019661,0.00000595,0.000006,11.980756,-0.406685
2020-07-08,,2.8100,2.2300,28.0800,46.2500,259.990000,212.351600,0.090882,-0.171271,0,0,0,1,1,2,-1,2,0.0000,0.0000,0.0000,0.0000,0.0000,1.0000,0.0000,0,0.038454,0.00000595,0.000006,11.980828,-0.406682
2020-07-09,,2.7700,2.2350,29.2600,44.7917,262.180000,212.710000,0.090177,-0.172610,0,0,0,1,1,2,-1,2,0.0000,0.0000,0.0000,0.0000,0.0000,1.0000,0.0000,0,0.024982,0.00000595,0.000006,11.980899,-0.406678
2020-07-10,,2.7300,2.2350,27.2900,46.0417,263.970000,213.090000,0.090951,-0.158065,0,0,0,1,1,2,-1,2,0.0000,0.0000,0.0000,0.0000,0.0000,1.0000,0.0000,0,0.021175,0.00000516,0.000005,11.980961,-0.406675
2020-07-13,,2.7400,2.2350,32.1900,46.8750,258.540000,213.432300,0.091840,-0.141868,0,0,0,1,1,2,-1,2,0.0000,0.0000,0.0000,0.0000,0.0000,1.0000,0.0000,0,-0.061786,0.00000516,0.000005,11.981022,-0.406672
2020-07-14,,2.7400,2.2350,29.5200,49.7917,260.370000,213.787250,0.091512,-0.148300,0,0,0,1,1,2,-1,2,0.0000,0.0000,0.0000,0.0000,0.0000,1.0000,0.0000,0,0.021200,0.00000555,0.000006,11.981089,-0.406669
2020-07-15,,2.7100,2.2350,27.7600,53.9583,260.900000,214.156600,0.090322,-0.144691,0,0,1,1,1,3,1,2,0.0000,0.0000,0.0000,0.0000,0.0000,1.0000,0.0000,0,0.004947,0.00000595,0.000006,11.981160,-0.406665
2020-07-16,,2.7100,2.2400,28.0000,54.7917,259.120000,214.508150,0.091773,-0.146950,0,0,1,1,1,3,1,3,3.0000,3.0000,0.0000,0.0000,1.0000,0.0000,1.0000,1,-0.021449,0.00000634,0.011436,12.118179,-0.399880
2020-07-17,,2.6900,2.2400,25.6800,56.6667,259.420000,214.868900,0.093575,-0.131331,0,0,1,1,1,3,1,3,3.0000,3.0000,0.0000,0.0000,1.0000,0.0000,1.0000,0,0.004671,0.00000436,0.004671,12.174786,-0.397076
2020-07-20,,2.6800,2.2400,24.4600,54.5833,266.780000,215.282550,0.091607,-0.136914,0,0,1,1,1,3,1,3,3.0000,3.0000,0.0000,0.0000,1.0000,0.0000,1.0000,0,0.085122,0.00000436,0.085122,13.211123,-0.345754
2020-07-21,,2.6600,2.2400,24.8400,56.2500,264.000000,215.672200,0.091828,-0.125076,0,0,1,1,1,3,1,3,3.0000,3.0000,0.0000,0.0000,1.0000,0.0000,1.0000,0,-0.031971,0.00000516,-0.031971,12.788751,-0.366671
2020-07-22,,2.6300,2.2450,24.3200,60.0000,264.930000,216.052800,0.092716,-0.110178,0,0,1,1,1,3,1,3,3.0000,3.0000,0.0000,0.0000,1.0000,0.0000,1.0000,0,0.011576,0.00000516,0.011576,12.936799,-0.359340
2020-07-23,,2.6100,2.2500,26.0800,58.9583,258.010000,216.401650,0.093944,-0.104431,0,0,1,1,1,3,1,3,3.0000,3.0000,0.0000,0.0000,1.0000,0.0000,1.0000,0,-0.078341,0.00000516,-0.078341,11.923322,-0.409529
2020-07-24,,2.5800,2.2500,25.8400,56.8750,255.560000,216.752350,0.093929,-0.065876,0,0,1,1,1,3,1,3,3.0000,3.0000,0.0000,0.0000,1.0000,0.0000,1.0000,0,-0.029581,0.00000476,-0.029581,11.570619,-0.426996
2020-07-27,,2.5800,2.2500,24.7400,58.3333,260.120000,217.116800,0.092120,-0.072717,0,0,1,1,1,3,1,3,3.0000,3.0000,0.0000,0.0000,1.0000,0.0000,1.0000,0,0.053721,0.00000436,0.053721,12.192204,-0.396214
2020-07-28,,2.5600,2.2550,25.4400,56.4583,256.810000,217.457450,0.094109,-0.053937,0,0,1,1,1,3,1,3,3.0000,3.0000,0.0000,0.0000,1.0000,0.0000,1.0000,0,-0.037589,0.00000436,-0.037589,11.733907,-0.418910
2020-07-29,,2.5700,2.2600,24.1000,59.5833,259.770000,217.800750,0.093396,-0.067839,0,0,1,1,1,3,1,3,3.0000,3.0000,0.0000,0.0000,1.0000,0.0000,1.0000,0,0.034048,0.00000436,0.034048,12.133420,-0.399125
2020-07-30,,2.6100,2.2600,24.7600,58.5417,261.130000,218.150950,0.093731,-0.062032,0,0,1,1,1,3,1,3,3.0000,3.0000,0.0000,0.0000,1.0000,0.0000,1.0000,0,0.016239,0.00000436,0.016239,12.330454,-0.389367
2020-07-31,,2.6000,2.2600,24.4600,57.7083,265.790000,218.512300,0.093149,-0.039278,0,0,1,1,1,3,1,3,3.0000,3.0000,0.0000,0.0000,1.0000,0.0000,1.0000,0,0.053942,0.00000357,0.053942,12.995583,-0.356429
2020-08-03,,2.6000,2.2600,24.2800,57.9167,269.380000,218.894000,0.091502,-0.049895,0,0,1,1,1,3,1,3,3.0000,3.0000,0.0000,0.0000,1.0000,0.0000,1.0000,0,0.037276,0.00000357,0.037276,13.480005,-0.332439
2020-08-04,,2.6300,2.2600,23.7600,58.3333,270.380000,219.278150,0.092150,-0.045487,0,0,1,1,1,3,1,3,3.0000,3.0000,0.0000,0.0000,1.0000,0.0000,1.0000,0,0.013002,0.00000397,0.013002,13.655268,-0.323759
2020-08-05,,2.6200,2.2650,22.9900,60.6250,271.050000,219.674950,0.090407,-0.061563,0,0,1,1,1,3,1,3,3.0000,3.0000,0.0000,0.0000,1.0000,0.0000,1.0000,0,0.007972,0.00000357,0.007972,13.764127,-0.318368
2020-08-06,,2.5900,2.2700,22.6500,60.4167,274.640000,220.081200,0.090330,-0.076591,0,0,1,1,1,3,1,3,3.0000,3.0000,0.0000,0.0000,1.0000,0.0000,1.0000,0,0.038279,0.00000397,0.038279,14.291004,-0.292276
2020-08-07,,2.5700,2.2700,22.2100,63.1250,271.470000,220.479300,0.091894,-0.069290,0,0,1,1,1,3,1,3,3.0000,3.0000,0.0000,0.0000,1.0000,0.0000,1.0000,0,-0.032678,0.00000397,-0.032678,13.823999,-0.315403
2020-08-10,,2.5700,2.2700,22.1300,64.7917,270.310000,220.869750,0.091590,-0.070992,0,0,1,1,1,3,1,3,3.0000,3.0000,0.0000,0.0000,1.0000,0.0000,1.0000,0,-0.013466,0.00000397,-0.013466,13.637851,-0.324622
2020-08-11,,2.5600,2.2700,24.0300,64.7917,265.190000,221.225250,0.090355,-0.065253,0,0,1,1,1,3,1,3,3.0000,3.0000,0.0000,0.0000,1.0000,0.0000,1.0000,0,-0.056753,0.00000436,-0.056753,12.863863,-0.362952
2020-08-12,,2.5900,2.2700,22.2800,65.4167,271.860000,221.606350,0.090401,-0.074639,0,0,1,1,1,3,1,3,3.0000,3.0000,0.0000,0.0000,1.0000,0.0000,1.0000,0,0.074807,0.00000436,0.074807,13.826177,-0.315296
2020-08-13,,2.5500,2.2750,22.1300,64.5833,272.480000,221.980900,0.090417,-0.068293,0,0,1,1,1,3,1,3,3.0000,3.0000,0.0000,0.0000,1.0000,0.0000,1.0000,0,0.007007,0.00000436,0.007007,13.923061,-0.310498
2020-08-14,,2.5900,2.2800,22.0500,63.7500,272.160000,222.361500,0.089627,-0.064411,0,0,1,1,1,3,1,3,3.0000,3.0000,0.0000,0.0000,1.0000,0.0000,1.0000,0,-0.002893,0.00000397,-0.002893,13.882783,-0.312492
2020-08-17,,2.6100,2.2800,21.3500,63.7500,275.320000,222.753150,0.089225,-0.066439,0,0,1,1,1,3,1,3,3.0000,3.0000,0.0000,0.0000,1.0000,0.0000,1.0000,0,0.033012,0.00000397,0.033012,14.341079,-0.289796
2020-08-18,,2.6400,2.2850,21.5100,64.1667,277.970000,223.157600,0.088634,-0.083368,0,0,1,1,1,3,1,3,3.0000,3.0000,0.0000,0.0000,1.0000,0.0000,1.0000,0,0.029376,0.00000397,0.029376,14.762364,-0.268933
2020-08-19,,2.6400,2.2850,22.5400,64.1667,276.100000,223.543750,0.088738,-0.074787,0,0,1,1,1,3,1,3,3.0000,3.0000,0.0000,0.0000,1.0000,0.0000,1.0000,0,-0.019541,0.00000357,-0.019541,14.473887,-0.283219
2020-08-20,,2.6500,2.2850,22.7200,62.7083,279.930000,223.942900,0.087679,-0.083372,0,0,1,1,1,3,1,3,3.0000,3.0000,0.0000,0.0000,1.0000,0.0000,1.0000,0,0.041140,0.00000436,0.041140,15.069346,-0.253731
2020-08-21,,2.6500,2.2900,22.5400,62.2917,281.870000,224.351200,0.087516,-0.117299,0,0,1,1,1,3,1,3,3.0000,3.0000,0.0000,0.0000,1.0000,0.0000,1.0000,0,0.020877,0.00000436,0.020877,15.383948,-0.238151
2020-08-24,,2.6400,2.2900,22.3700,64.5833,283.630000,224.770550,0.087396,-0.122652,0,0,1,1,1,3,1,3,3.0000,3.0000,0.0000,0.0000,1.0000,0.0000,1.0000,0,0.018539,0.00000397,0.018539,15.669159,-0.224027
2020-08-25,,2.6300,2.2900,22.0300,65.0000,285.860000,225.197700,0.086264,-0.143284,0,0,1,1,1,3,1,3,3.0000,3.0000,0.0000,0.0000,1.0000,0.0000,1.0000,0,0.023343,0.00000476,0.023343,16.034925,-0.205913
2020-08-26,,2.6300,2.2950,23.2700,64.1667,291.960000,225.651350,0.084458,-0.162397,0,0,1,1,1,3,1,3,3.0000,3.0000,0.0000,0.0000,1.0000,0.0000,1.0000,0,0.064019,0.00000436,0.064019,17.061465,-0.155077
2020-08-27,,2.6600,2.3400,24.4700,66.2500,291.050000,226.101800,0.084546,-0.158386,0,0,1,1,1,3,1,3,3.0000,3.0000,0.0000,0.0000,1.0000,0.0000,1.0000,0,-0.009060,0.00000436,-0.009060,16.906885,-0.162732
2020-08-28,,2.7100,2.4100,22.9600,67.5000,292.530000,226.556750,0.084246,-0.148307,0,0,1,1,1,3,1,3,3.0000,3.0000,0.0000,0.0000,1.0000,0.0000,1.0000,0,0.015453,0.00000436,0.015453,17.168147,-0.149793
2020-08-31,,2.7100,2.4550,26.4100,66.4583,294.880000,227.023200,0.084810,-0.125554,0,0,1,1,1,3,1,3,3.0000,3.0000,0.0000,0.0000,1.0000,0.0000,1.0000,0,0.023144,0.00000397,0.023144,17.565482,-0.130116
2020-09-01,,2.6700,2.4750,26.1200,66.0417,299.920000,227.515650,0.083054,-0.158767,0,0,1,1,1,3,1,3,3.0000,3.0000,0.0000,0.0000,1.0000,0.0000,1.0000,0,0.051934,0.00000436,0.051934,18.477720,-0.084940
2020-09-02,,2.6700,2.5000,26.5700,70.2083,302.760000,228.014900,0.084414,-0.134225,0,0,1,1,1,3,1,3,3.0000,3.0000,0.0000,0.0000,1.0000,0.0000,1.0000,0,0.028220,0.00000476,0.028220,18.999154,-0.059118
2020-09-03,,2.6400,2.5350,33.6000,67.0833,287.410000,228.436600,0.086439,-0.107233,0,0,1,1,1,3,1,3,3.0000,3.0000,0.0000,0.0000,1.0000,0.0000,1.0000,0,-0.153555,0.00000476,-0.153555,16.081734,-0.203595
2020-09-04,,2.6400,2.5500,30.7500,67.0833,283.580000,228.837650,0.086654,-0.130232,0,0,1,1,1,3,1,3,3.0000,3.0000,0.0000,0.0000,1.0000,0.0000,1.0000,0,-0.041224,0.00000436,-0.041224,15.418783,-0.236426
2020-09-08,,2.6800,2.5550,31.4600,61.2500,269.950000,229.176650,0.088593,-0.089022,0,0,1,1,1,3,1,3,3.0000,3.0000,0.0000,0.0000,1.0000,0.0000,1.0000,0,-0.141344,0.00000436,-0.141344,13.239427,-0.344353
2020-09-09,,2.6700,2.5600,28.8100,64.5833,277.880000,229.557550,0.088025,-0.093931,0,0,1,1,1,3,1,3,3.0000,3.0000,0.0000,0.0000,1.0000,0.0000,1.0000,0,0.085923,0.00000516,0.085923,14.377003,-0.288017
2020-09-10,,2.6900,2.5650,29.7100,61.6667,272.340000,229.910100,0.088038,-0.076146,0,0,1,1,1,3,1,3,3.0000,3.0000,0.0000,0.0000,1.0000,0.0000,1.0000,0,-0.057848,0.00000476,-0.057848,13.545320,-0.329204
2020-09-11,,2.6900,2.5700,26.8700,62.0833,270.450000,230.241250,0.088203,-0.075761,0,0,1,1,1,3,1,3,3.0000,3.0000,0.0000,0.0000,1.0000,0.0000,1.0000,0,-0.021860,0.00000476,-0.021860,13.249224,-0.343868
2020-09-14,,2.6900,2.5700,25.8500,66.4583,275.160000,230.594000,0.088253,-0.075599,0,0,1,1,1,3,1,3,3.0000,3.0000,0.0000,0.0000,1.0000,0.0000,1.0000,0,0.051516,0.00000436,0.051516,13.931770,-0.310066
2020-09-15,,2.6600,2.5750,25.5900,66.6667,279.060000,230.959100,0.088397,-0.056063,0,0,1,1,1,3,1,3,3.0000,3.0000,0.0000,0.0000,1.0000,0.0000,1.0000,0,0.042507,0.00000436,0.042507,14.523962,-0.280740
2020-09-16,,2.6800,2.5800,26.0400,68.7500,274.610000,231.306650,0.088631,-0.047534,0,0,1,1,1,3,1,3,3.0000,3.0000,0.0000,0.0000,1.0000,0.0000,1.0000,0,-0.048044,0.00000436,-0.048044,13.826177,-0.315296
2020-09-17,,2.6700,2.5850,26.4600,66.8750,270.320000,231.643250,0.088688,-0.030967,0,0,1,1,1,3,1,3,3.0000,3.0000,0.0000,0.0000,1.0000,0.0000,1.0000,0,-0.046059,0.00000476,-0.046059,13.189352,-0.346833
2020-09-18,,2.6500,2.5900,25.8300,63.7500,266.870000,231.970550,0.088492,-0.051040,0,0,1,1,1,3,1,3,3.0000,3.0000,0.0000,0.0000,1.0000,0.0000,1.0000,0,-0.038627,0.00000357,-0.038627,12.679892,-0.372062
2020-09-21,,2.6600,2.5900,27.7800,58.5417,267.510000,232.295950,0.088173,-0.029947,0,0,1,1,1,3,1,3,3.0000,3.0000,0.0000,0.0000,1.0000,0.0000,1.0000,0,0.011848,0.00000397,0.011848,12.830117,-0.364623
2020-09-22,,2.6600,2.5950,26.8600,59.1667,272.480000,232.644200,0.087829,-0.049349,0,0,1,1,1,3,1,3,3.0000,3.0000,0.0000,0.0000,1.0000,0.0000,1.0000,0,0.054641,0.00000397,0.054641,13.531169,-0.329905
2020-09-23,,2.6600,2.6000,28.5800,55.0000,264.160000,232.940000,0.088535,-0.043526,0,0,1,1,1,3,1,3,3.0000,3.0000,0.0000,0.0000,1.0000,0.0000,1.0000,0,-0.092599,0.00000397,-0.092599,12.278202,-0.391955
2020-09-24,,2.6800,2.6050,28.5100,55.8333,265.390000,233.246600,0.089289,-0.025352,0,0,1,1,1,3,1,3,3.0000,3.0000,0.0000,0.0000,1.0000,0.0000,1.0000,0,0.014629,0.00000436,0.014629,12.457819,-0.383060
2020-09-25,,2.7000,2.6100,26.3800,60.0000,271.560000,233.584900,0.089313,-0.041847,0,0,1,1,1,3,1,3,3.0000,3.0000,0.0000,0.0000,1.0000,0.0000,1.0000,0,0.070080,0.00000397,0.070080,13.330868,-0.339824
2020-09-28,,2.7400,2.6100,26.1900,63.1250,277.200000,233.946000,0.088079,-0.053580,0,0,1,1,1,3,1,3,3.0000,3.0000,0.0000,0.0000,1.0000,0.0000,1.0000,0,0.059285,0.00000397,0.059285,14.121184,-0.300686
2020-09-29,,2.7600,2.6150,26.2700,61.6667,275.950000,234.293200,0.088531,-0.019294,0,0,1,1,1,3,1,3,3.0000,3.0000,0.0000,0.0000,1.0000,0.0000,1.0000,0,-0.010484,0.00000436,-0.010484,13.973136,-0.308018
2020-09-30,,2.7400,2.6250,26.3700,63.1250,277.840000,234.646450,0.088656,-0.024790,0,0,1,1,1,3,1,3,3.0000,3.0000,0.0000,0.0000,1.0000,0.0000,1.0000,0,0.019788,0.00000357,0.019788,14.249638,-0.294325
2020-10-01,,2.7500,2.6300,26.7000,64.1667,282.250000,235.011350,0.088981,-0.022300,0,0,1,1,1,3,1,3,3.0000,3.0000,0.0000,0.0000,1.0000,0.0000,1.0000,0,0.046830,0.00000397,0.046830,14.916943,-0.261278
2020-10-02,,2.7500,2.6300,27.6300,65.0000,274.310000,235.335950,0.090897,0.008471,0,0,1,1,0,2,-1,3,3.0000,3.0000,0.0000,0.0000,1.0000,0.0000,1.0000,0,-0.082464,0.00000357,-0.082464,13.686837,-0.322196
2020-10-05,,2.7600,2.6300,27.9600,69.7917,280.160000,235.689000,0.090431,-0.006106,0,0,1,1,1,3,1,2,0.0000,0.0000,0.0000,0.0000,0.0000,1.0000,0.0000,1,0.063072,0.00000357,0.021588,13.982314,-0.307563
2020-10-06,,2.7400,2.6350,29.4800,67.9167,275.160000,236.010500,0.092512,0.007779,0,0,1,1,0,2,-1,3,3.0000,3.0000,0.0000,0.0000,1.0000,0.0000,1.0000,1,-0.053718,0.00000397,-0.044828,13.355513,-0.338604
2020-10-07,,2.7000,2.6400,28.0600,72.7083,279.920000,236.351550,0.091487,-0.000295,0,0,1,1,1,3,1,2,0.0000,0.0000,0.0000,0.0000,0.0000,1.0000,0.0000,1,0.052577,0.00000397,0.028969,13.742405,-0.319444
2020-10-08,,2.6900,2.6400,26.3600,75.8333,281.410000,236.699550,0.092341,0.023882,0,0,1,1,0,2,-1,3,3.0000,3.0000,0.0000,0.0000,1.0000,0.0000,1.0000,1,0.014722,0.00000397,-0.010161,13.602767,-0.326359
2020-10-09,,2.6800,2.6400,25.0000,76.6667,285.710000,237.068500,0.091509,-0.003112,0,0,1,1,1,3,1,2,0.0000,0.0000,0.0000,0.0000,0.0000,1.0000,0.0000,1,0.044489,0.00000357,0.017932,13.846698,-0.314279
2020-10-12,,2.6700,2.6400,25.0700,76.8750,294.530000,237.472200,0.090628,-0.034502,0,0,1,1,1,3,1,3,3.0000,3.0000,0.0000,0.0000,1.0000,0.0000,1.0000,1,0.093267,0.00000397,0.039284,14.390653,-0.287341
2020-10-13,,2.6700,2.6450,26.0700,74.5833,294.520000,237.876750,0.090595,-0.011928,0,0,1,1,1,3,1,3,3.0000,3.0000,0.0000,0.0000,1.0000,0.0000,1.0000,0,0.000130,0.00000397,0.000130,14.392519,-0.287249
2020-10-14,,2.6500,2.6500,26.4000,74.5833,292.060000,238.276000,0.091053,-0.009037,1,0,1,1,1,4,3,3,3.0000,3.0000,0.0000,0.0000,1.0000,0.0000,1.0000,0,-0.024695,0.00000436,-0.024695,14.037090,-0.304851
2020-10-15,,2.6400,2.6500,26.9700,75.0000,290.100000,238.663450,0.091108,-0.018434,1,0,1,1,1,4,3,4,3.0000,3.0000,0.0000,0.0000,1.0000,0.0000,1.0000,0,-0.020669,0.00000476,-0.020669,13.746964,-0.319218
2020-10-16,,2.6500,2.6500,27.4100,75.0000,288.510000,239.025200,0.092142,-0.020621,1,0,1,1,1,4,3,4,3.0000,3.0000,0.0000,0.0000,1.0000,0.0000,1.0000,0,-0.015337,0.00000436,-0.015337,13.536132,-0.329659
2020-10-19,,2.6400,2.6500,29.1800,71.2500,283.800000,239.373300,0.092775,-0.013096,1,0,1,1,1,4,3,4,3.0000,3.0000,0.0000,0.0000,1.0000,0.0000,1.0000,0,-0.049690,0.00000436,-0.049690,12.863523,-0.362968
2020-10-20,,2.6100,2.6500,29.3500,72.7083,284.410000,239.717550,0.092958,0.009668,1,0,1,1,0,3,1,4,3.0000,3.0000,0.0000,0.0000,1.0000,0.0000,1.0000,0,0.006454,0.00000436,0.006454,12.946550,-0.358857
2020-10-21,,2.6400,2.6500,28.6500,71.8750,284.190000,240.060850,0.092887,-0.013862,1,0,1,1,1,4,3,3,3.0000,3.0000,0.0000,0.0000,1.0000,0.0000,1.0000,0,-0.002594,0.00000397,-0.002594,12.912966,-0.360520
2020-10-22,,2.6300,2.6500,28.1100,75.2083,284.180000,240.396000,0.093686,0.003284,1,0,1,1,0,3,1,4,3.0000,3.0000,0.0000,0.0000,1.0000,0.0000,1.0000,0,0.000506,0.00000397,0.000506,12.919496,-0.360196
2020-10-23,,2.6100,2.6500,27.5500,75.2083,284.740000,240.724750,0.093629,-0.001159,1,0,1,1,1,4,3,3,3.0000,3.0000,0.0000,0.0000,1.0000,0.0000,1.0000,0,0.005849,0.00000357,0.005849,12.995060,-0.356454
2020-10-26,,2.6000,2.6500,32.4600,70.0000,280.470000,241.034950,0.095362,0.024697,1,0,1,1,0,3,1,4,3.0000,3.0000,0.0000,0.0000,1.0000,0.0000,1.0000,0,-0.045585,0.00000397,-0.045585,12.402679,-0.385790
2020-10-27,,2.6000,2.6500,33.3500,67.2917,282.660000,241.343500,0.095618,0.046273,1,0,1,1,0,3,1,3,3.0000,3.0000,0.0000,0.0000,1.0000,0.0000,1.0000,0,0.023618,0.00000436,0.023618,12.695604,-0.371284
2020-10-28,,2.6000,2.6500,40.2800,57.9167,271.640000,241.601300,0.096124,0.042686,1,0,1,1,0,3,1,3,3.0000,3.0000,0.0000,0.0000,1.0000,0.0000,1.0000,0,-0.117349,0.00000397,-0.117349,11.205790,-0.445063
2020-10-29,,2.6200,2.6500,37.5900,61.4583,276.390000,241.882400,0.095415,0.055040,1,0,1,1,0,3,1,3,3.0000,3.0000,0.0000,0.0000,1.0000,0.0000,1.0000,0,0.050866,0.00000397,0.050866,11.775782,-0.416836
2020-10-30,,2.6100,2.6500,38.0200,60.2083,269.380000,242.117900,0.095517,0.056082,1,0,1,1,0,3,1,3,3.0000,3.0000,0.0000,0.0000,1.0000,0.0000,1.0000,0,-0.069556,0.00000357,-0.069556,10.956711,-0.457398
2020-11-02,,2.6100,2.6500,37.1300,67.9167,269.980000,242.350900,0.096532,0.049815,1,0,1,1,0,3,1,3,3.0000,3.0000,0.0000,0.0000,1.0000,0.0000,1.0000,0,0.000341,0.00000357,0.000341,10.960442,-0.457213
2020-11-03,,2.6000,2.6500,35.5500,72.7083,274.650000,242.607750,0.096227,0.050687,1,0,1,1,0,3,1,3,3.0000,3.0000,0.0000,0.0000,1.0000,0.0000,1.0000,0,0.050302,0.00000357,0.050302,11.511776,-0.429910
2020-11-04,,2.5800,2.6500,29.5700,73.7500,286.910000,242.922950,0.092711,0.026924,1,0,1,1,0,3,1,3,3.0000,3.0000,0.0000,0.0000,1.0000,0.0000,1.0000,0,0.135170,0.00000397,0.135170,13.067825,-0.352851
2020-11-05,,2.5800,2.6500,27.5800,76.8750,294.390000,243.271950,0.091751,0.015501,1,0,1,1,0,3,1,3,3.0000,3.0000,0.0000,0.0000,1.0000,0.0000,1.0000,0,0.077170,0.00000397,0.077170,14.076271,-0.302910
2020-11-06,,2.5200,2.6500,24.8600,75.2083,294.610000,243.631500,0.091572,0.013290,1,0,1,1,0,3,1,3,3.0000,3.0000,0.0000,0.0000,1.0000,0.0000,1.0000,0,0.003380,0.00000397,0.003380,14.123848,-0.300554
2020-11-09,,2.5100,2.6500,25.7500,83.7500,288.590000,243.983950,0.092114,0.029209,1,0,1,1,0,3,1,3,3.0000,3.0000,0.0000,0.0000,1.0000,0.0000,1.0000,0,-0.061030,0.00000397,-0.061030,13.261864,-0.343242
2020-11-10,,2.4700,2.6500,24.8000,85.8333,283.420000,244.293800,0.093577,0.051105,1,0,1,1,0,3,1,3,3.0000,3.0000,0.0000,0.0000,1.0000,0.0000,1.0000,0,-0.053953,0.00000436,-0.053953,12.546343,-0.378676
2020-11-11,,2.4400,2.6500,23.4500,85.6250,289.760000,244.633550,0.093237,0.054704,1,0,1,1,0,3,1,3,3.0000,3.0000,0.0000,0.0000,1.0000,0.0000,1.0000,0,0.067217,0.00000397,0.067217,13.389669,-0.336912
2020-11-12,,2.4400,2.6500,25.3500,83.5417,288.400000,244.962550,0.092636,0.046014,1,0,1,1,0,3,1,3,3.0000,3.0000,0.0000,0.0000,1.0000,0.0000,1.0000,0,-0.014631,0.00000397,-0.014631,13.193764,-0.346614
2020-11-13,,2.4500,2.6500,23.1000,87.9167,290.930000,245.321850,0.092279,0.055536,1,0,1,1,0,3,1,3,3.0000,3.0000,0.0000,0.0000,1.0000,0.0000,1.0000,0,0.026232,0.00000397,0.026232,13.539864,-0.329474
2020-11-16,,2.4400,2.6500,22.4500,90.0000,293.200000,245.675950,0.092065,0.055512,1,0,1,1,0,3,1,3,3.0000,3.0000,0.0000,0.0000,1.0000,0.0000,1.0000,0,0.023012,0.00000357,0.023012,13.851446,-0.314044
2020-11-17,,2.4200,2.6500,22.7100,90.0000,292.270000,245.999950,0.090746,0.040310,1,0,1,1,0,3,1,3,3.0000,3.0000,0.0000,0.0000,1.0000,0.0000,1.0000,0,-0.009227,0.00000357,-0.009227,13.723641,-0.320373
2020-11-18,,2.4200,2.6500,23.8400,88.1250,290.110000,246.309400,0.090056,0.045512,1,0,1,1,0,3,1,3,3.0000,3.0000,0.0000,0.0000,1.0000,0.0000,1.0000,0,-0.023180,0.00000357,-0.023180,13.405528,-0.336127
2020-11-19,,2.3900,2.6500,23.1100,87.9167,292.380000,246.620350,0.088784,0.052723,1,0,1,1,0,3,1,3,3.0000,3.0000,0.0000,0.0000,1.0000,0.0000,1.0000,0,0.024774,0.00000357,0.024774,13.737635,-0.319680
2020-11-20,,2.3500,2.6500,23.7000,87.5000,290.380000,246.926250,0.089410,0.058682,1,0,1,1,0,3,1,3,3.0000,3.0000,0.0000,0.0000,1.0000,0.0000,1.0000,0,-0.020304,0.00000278,-0.020304,13.458703,-0.333494
2020-11-23,,2.3500,2.6500,22.6600,89.3750,290.390000,247.218350,0.088891,0.056218,1,0,1,1,0,3,1,3,3.0000,3.0000,0.0000,0.0000,1.0000,0.0000,1.0000,0,0.000208,0.00000278,0.000208,13.461501,-0.333355
2020-11-24,,2.3300,2.6500,21.6400,90.8333,294.470000,247.530650,0.088417,0.044229,1,0,1,1,0,3,1,3,3.0000,3.0000,0.0000,0.0000,1.0000,0.0000,1.0000,0,0.040887,0.00000317,0.040887,14.011902,-0.306098
2020-11-25,,2.3100,2.6500,21.2500,90.8333,296.280000,247.840700,0.088788,0.071008,1,0,1,1,0,3,1,3,3.0000,3.0000,0.0000,0.0000,1.0000,0.0000,1.0000,0,0.018842,0.00000357,0.018842,14.275908,-0.293024
2020-11-27,,2.3200,2.6500,20.8400,90.6250,299.010000,248.165900,0.087662,0.039114,1,0,1,1,0,3,1,3,3.0000,3.0000,0.0000,0.0000,1.0000,0.0000,1.0000,0,0.027315,0.00000357,0.027315,14.665853,-0.273713
2020-11-30,,2.3200,2.6500,20.5700,90.0000,299.620000,248.490800,0.086781,0.004156,1,0,1,1,0,3,1,3,3.0000,3.0000,0.0000,0.0000,1.0000,0.0000,1.0000,0,0.005152,0.00000357,0.005152,14.741417,-0.269971
2020-12-01,,2.2900,2.6500,20.7700,91.8750,303.460000,248.834450,0.086443,-0.002595,1,0,1,1,1,4,3,3,3.0000,3.0000,0.0000,0.0000,1.0000,0.0000,1.0000,0,0.039299,0.00000317,0.039299,15.320737,-0.241281
2020-12-02,,2.2800,2.6500,21.1700,92.0833,303.850000,249.168800,0.086834,-0.021848,1,0,1,1,1,4,3,4,3.0000,3.0000,0.0000,0.0000,1.0000,0.0000,1.0000,0,0.004019,0.00000357,0.004019,15.382307,-0.238232
2020-12-03,,2.2400,2.6500,21.2800,91.8750,304.280000,249.516300,0.085958,-0.025338,1,0,1,1,1,4,3,4,3.0000,3.0000,0.0000,0.0000,1.0000,0.0000,1.0000,0,0.004063,0.00000357,0.004063,15.444811,-0.235137
2020-12-04,,2.2300,2.6500,20.7900,91.2500,305.520000,249.892550,0.084372,-0.046125,1,0,1,1,1,4,3,4,3.0000,3.0000,0.0000,0.0000,1.0000,0.0000,1.0000,0,0.012261,0.00000317,0.012261,15.634186,-0.225759
2020-12-07,,2.2300,2.6500,21.3000,91.4583,307.250000,250.321850,0.085020,-0.039869,1,0,1,1,1,4,3,4,3.0000,3.0000,0.0000,0.0000,1.0000,0.0000,1.0000,0,0.016946,0.00000357,0.016946,15.899125,-0.212638
2020-12-08,,2.2200,2.6500,20.6800,92.0833,308.290000,250.786450,0.084515,-0.046317,1,0,1,1,1,4,3,4,3.0000,3.0000,0.0000,0.0000,1.0000,0.0000,1.0000,0,0.009153,0.00000317,0.009153,16.044654,-0.205431
2020-12-09,,2.2200,2.6500,22.2700,91.4583,301.310000,251.210600,0.085130,-0.039855,1,0,1,1,1,4,3,4,3.0000,3.0000,0.0000,0.0000,1.0000,0.0000,1.0000,0,-0.066981,0.00000357,-0.066981,14.969973,-0.258652
2020-12-10,,2.2400,2.6500,22.5200,91.0603,302.520000,251.695000,0.084722,-0.047742,1,0,1,1,1,4,3,4,3.0000,3.0000,0.0000,0.0000,1.0000,0.0000,1.0000,0,0.012276,0.00000317,0.012276,15.153751,-0.249551
2020-12-11,,2.2200,2.6500,23.3100,91.0603,301.850000,252.175250,0.084958,-0.045877,1,0,1,1,1,4,3,4,3.0000,3.0000,0.0000,0.0000,1.0000,0.0000,1.0000,0,-0.007018,0.00000317,-0.007018,15.047402,-0.254818
2020-12-14,,2.2300,2.6500,24.7200,90.6445,304.040000,252.613350,0.084901,-0.044758,1,0,1,1,1,4,3,4,3.0000,3.0000,0.0000,0.0000,1.0000,0.0000,1.0000,0,0.021327,0.00000317,0.021327,15.368314,-0.238925
2020-12-15,,2.2400,2.6500,22.8900,91.8919,307.290000,253.102400,0.085419,-0.035308,1,0,1,1,1,4,3,4,3.0000,3.0000,0.0000,0.0000,1.0000,0.0000,1.0000,0,0.031079,0.00000357,0.031079,15.845950,-0.215272
2020-12-16,,2.2600,2.6500,22.5000,91.0603,308.980000,253.556200,0.084299,-0.045045,1,0,1,1,1,4,3,4,3.0000,3.0000,0.0000,0.0000,1.0000,0.0000,1.0000,0,0.016779,0.00000317,0.016779,16.111822,-0.202105
2020-12-17,,2.2500,2.6500,21.9300,91.4761,311.000000,254.053250,0.084394,-0.053959,1,0,1,1,1,4,3,4,3.0000,3.0000,0.0000,0.0000,1.0000,0.0000,1.0000,0,0.020497,0.00000357,0.020497,16.442062,-0.185751
2020-12-18,,2.2300,2.6500,21.5700,90.2287,310.060000,254.563450,0.084363,-0.062964,1,0,1,1,1,4,3,4,3.0000,3.0000,0.0000,0.0000,1.0000,0.0000,1.0000,0,-0.010894,0.00000317,-0.010894,16.262949,-0.194621
2020-12-21,,2.2400,2.6500,25.1600,89.3971,308.920000,255.140200,0.082939,-0.079865,1,0,1,1,1,4,3,4,3.0000,3.0000,0.0000,0.0000,1.0000,0.0000,1.0000,0,-0.003729,0.00000317,-0.003729,16.202312,-0.197624
2020-12-22,,2.2300,2.6500,24.2300,88.7734,309.760000,255.668450,0.082916,-0.064413,1,0,1,1,1,4,3,4,3.0000,3.0000,0.0000,0.0000,1.0000,0.0000,1.0000,0,0.007888,0.00000357,0.007888,16.330117,-0.191295
2020-12-23,,2.2200,2.6500,23.3100,89.1892,308.200000,256.233350,0.082678,-0.073111,1,0,1,1,1,4,3,4,3.0000,3.0000,0.0000,0.0000,1.0000,0.0000,1.0000,0,-0.015081,0.00000357,-0.015081,16.083835,-0.203491
2020-12-24,,2.2400,2.6500,21.5300,90.4366,309.560000,256.894550,0.082940,-0.071036,1,0,1,1,1,4,3,4,3.0000,3.0000,0.0000,0.0000,1.0000,0.0000,1.0000,0,0.012992,0.00000357,0.012992,16.292801,-0.193143
2020-12-28,,2.2300,2.6500,21.7000,90.4366,312.680000,257.496250,0.082597,-0.079223,1,0,1,1,1,4,3,4,3.0000,3.0000,0.0000,0.0000,1.0000,0.0000,1.0000,0,0.030003,0.00000357,0.030003,16.781632,-0.168935
2020-12-29,,2.2200,2.6500,23.0800,90.2287,312.960000,258.214550,0.082741,-0.099837,1,0,1,1,1,4,3,4,3.0000,3.0000,0.0000,0.0000,1.0000,0.0000,1.0000,0,0.002946,0.00000436,0.002946,16.831075,-0.166486
2020-12-30,,2.2200,2.6500,22.7700,90.2287,312.970000,258.868700,0.083040,-0.089491,1,0,1,1,1,4,3,4,3.0000,3.0000,0.0000,0.0000,1.0000,0.0000,1.0000,0,-0.000166,0.00000397,-0.000166,16.828276,-0.166625
2020-12-31,,2.2000,2.6500,22.7500,91.4761,313.740000,259.554400,0.083850,-0.104513,1,0,1,1,1,4,3,4,3.0000,3.0000,0.0000,0.0000,1.0000,0.0000,1.0000,0,0.007816,0.00000317,0.007816,16.959813,-0.160111
2021-01-04,,2.1800,2.6500,26.9700,89.6050,309.310000,260.212650,0.082866,-0.101985,1,0,1,1,1,4,3,4,3.0000,3.0000,0.0000,0.0000,1.0000,0.0000,1.0000,0,-0.043729,0.00000357,-0.043729,16.218171,-0.196838
2021-01-05,,2.1900,2.6500,25.3400,89.6050,311.860000,260.918450,0.082285,-0.117625,1,0,1,1,1,4,3,4,3.0000,3.0000,0.0000,0.0000,1.0000,0.0000,1.0000,0,0.025079,0.00000357,0.025079,16.624908,-0.176696
2021-01-06,,2.2300,2.6500,25.0700,91.0603,307.540000,261.603850,0.083831,-0.090369,1,0,1,1,1,4,3,4,3.0000,3.0000,0.0000,0.0000,1.0000,0.0000,1.0000,0,-0.041356,0.00000357,-0.041356,15.937373,-0.210744
2021-01-07,,2.2700,2.6500,22.3700,90.0208,314.980000,262.260450,0.081522,-0.108079,1,0,1,1,1,4,3,4,3.0000,3.0000,0.0000,0.0000,1.0000,0.0000,1.0000,0,0.072231,0.00000357,0.072231,17.088550,-0.153735
2021-01-08,,2.2300,2.6500,21.5600,90.8524,319.030000,262.944100,0.081742,-0.106407,1,0,1,1,1,4,3,4,3.0000,3.0000,0.0000,0.0000,1.0000,0.0000,1.0000,0,0.038760,0.00000357,0.038760,17.750897,-0.120934
2021-01-11,,2.1900,2.6500,24.0800,90.4366,314.420000,263.556700,0.081531,-0.113819,1,0,1,1,1,4,3,4,3.0000,3.0000,0.0000,0.0000,1.0000,0.0000,1.0000,0,-0.044198,0.00000317,-0.044198,16.966343,-0.159787
2021-01-12,,2.1500,2.6500,23.3300,89.6050,313.920000,264.199800,0.081078,-0.119992,1,0,1,1,1,4,3,4,3.0000,3.0000,0.0000,0.0000,1.0000,0.0000,1.0000,0,-0.004344,0.00000317,-0.004344,16.892645,-0.163437
2021-01-13,,2.1600,2.6500,22.2100,90.0208,316.040000,264.819800,0.082440,-0.115144,1,0,1,1,1,4,3,4,3.0000,3.0000,0.0000,0.0000,1.0000,0.0000,1.0000,0,0.019439,0.00000357,0.019439,17.221020,-0.147175
2021-01-14,,2.1300,2.6500,23.2500,89.1892,314.350000,265.439550,0.082413,-0.123594,1,0,1,1,1,4,3,4,3.0000,3.0000,0.0000,0.0000,1.0000,0.0000,1.0000,0,-0.015222,0.00000357,-0.015222,16.958880,-0.160157
2021-01-15,,2.1200,2.6500,24.3400,89.6480,311.860000,266.087300,0.083830,-0.107438,1,0,1,1,1,4,3,4,3.0000,3.0000,0.0000,0.0000,1.0000,0.0000,1.0000,0,-0.024314,0.00000357,-0.024314,16.546545,-0.180577
2021-01-19,,2.1300,2.6500,23.2400,89.8551,316.410000,266.739300,0.082860,-0.119255,1,0,1,1,1,4,3,4,3.0000,3.0000,0.0000,0.0000,1.0000,0.0000,1.0000,0,0.043356,0.00000357,0.043356,17.263932,-0.145050
2021-01-20,,2.1100,2.6500,21.5800,90.2692,323.770000,267.441300,0.082211,-0.136440,1,0,1,1,1,4,3,4,3.0000,3.0000,0.0000,0.0000,1.0000,0.0000,1.0000,0,0.069707,0.00000357,0.069707,18.467351,-0.085454
2021-01-21,,2.1100,2.6500,21.3200,89.6480,326.360000,268.090700,0.081655,-0.142115,1,0,1,1,1,4,3,4,3.0000,3.0000,0.0000,0.0000,1.0000,0.0000,1.0000,0,0.024854,0.00000317,0.024854,18.926330,-0.062724
2021-01-22,,2.1200,2.6500,21.9100,89.2340,325.420000,268.735800,0.082062,-0.157340,1,0,1,1,1,4,3,4,3.0000,3.0000,0.0000,0.0000,1.0000,0.0000,1.0000,0,-0.009069,0.00000357,-0.009069,18.754679,-0.071225
2021-01-25,,2.1400,2.6500,23.1900,89.8551,328.110000,269.373500,0.083379,-0.145476,1,0,1,1,1,4,3,4,3.0000,3.0000,0.0000,0.0000,1.0000,0.0000,1.0000,0,0.027756,0.00000317,0.027756,19.275228,-0.045446
2021-01-26,,2.1500,2.6500,23.0200,89.8551,328.590000,270.012150,0.082675,-0.164382,1,0,1,1,1,4,3,4,3.0000,3.0000,0.0000,0.0000,1.0000,0.0000,1.0000,0,0.001065,0.00000357,0.001065,19.295752,-0.044429
2021-01-27,,2.1600,2.6500,37.2100,86.5424,319.430000,270.594150,0.082463,-0.154019,1,0,1,1,1,4,3,4,3.0000,3.0000,0.0000,0.0000,1.0000,0.0000,1.0000,0,-0.080642,0.00000278,-0.080642,17.739703,-0.121489
2021-01-28,,2.1600,2.6500,30.2100,87.1636,321.320000,271.141450,0.082740,-0.154695,1,0,1,1,1,4,3,4,3.0000,3.0000,0.0000,0.0000,1.0000,0.0000,1.0000,0,0.014724,0.00000317,0.014724,18.000910,-0.108553
2021-01-29,,2.1700,2.6500,33.0900,84.0580,314.560000,271.667100,0.083971,-0.145843,1,0,1,1,1,4,3,4,3.0000,3.0000,0.0000,0.0000,1.0000,0.0000,1.0000,0,-0.062293,0.00000278,-0.062293,16.879585,-0.164084
2021-02-01,,2.1700,2.6500,30.2400,86.3354,322.420000,272.212950,0.082994,-0.153960,1,0,1,1,1,4,3,4,3.0000,3.0000,0.0000,0.0000,1.0000,0.0000,1.0000,0,0.073505,0.00000238,0.073505,18.120319,-0.102640
2021-02-02,,2.1900,2.6500,25.5600,88.4058,327.680000,272.774900,0.082506,-0.122259,1,0,1,1,1,4,3,4,3.0000,3.0000,0.0000,0.0000,1.0000,0.0000,1.0000,0,0.048394,0.00000278,0.048394,18.997229,-0.059213
2021-02-03,,2.1800,2.6500,22.9100,87.3706,326.380000,273.343100,0.082179,-0.113747,1,0,1,1,1,4,3,4,3.0000,3.0000,0.0000,0.0000,1.0000,0.0000,1.0000,0,-0.011491,0.00000278,-0.011491,18.778934,-0.070023
2021-02-04,,2.1700,2.6500,21.7700,88.8199,330.240000,273.969850,0.081890,-0.116618,1,0,1,1,1,4,3,4,3.0000,3.0000,0.0000,0.0000,1.0000,0.0000,1.0000,0,0.035370,0.00000159,0.035370,19.443147,-0.037130
2021-02-05,,2.1900,2.6500,20.8700,88.4058,331.360000,274.571800,0.082007,-0.119981,1,0,1,1,1,4,3,4,3.0000,3.0000,0.0000,0.0000,1.0000,0.0000,1.0000,0,0.010460,0.00000159,0.010460,19.646516,-0.027059
2021-02-08,,2.1800,2.6500,21.2400,88.4058,333.580000,275.187100,0.080792,-0.150702,1,0,1,1,1,4,3,4,3.0000,3.0000,0.0000,0.0000,1.0000,0.0000,1.0000,0,0.019563,0.00000119,0.019563,20.030863,-0.008025
2021-02-09,,2.1400,2.6500,21.6300,89.0269,333.510000,275.785450,0.080961,-0.144066,1,0,1,1,1,4,3,4,3.0000,3.0000,0.0000,0.0000,1.0000,0.0000,1.0000,0,-0.000466,0.00000198,-0.000466,20.021534,-0.008487
2021-02-10,,2.1500,2.6500,21.9900,89.0269,332.750000,276.371400,0.081317,-0.134948,1,0,1,1,1,4,3,4,3.0000,3.0000,0.0000,0.0000,1.0000,0.0000,1.0000,0,-0.007082,0.00000159,-0.007082,19.879736,-0.015509
2021-02-11,,2.1600,2.6500,21.2500,87.7847,334.580000,276.986800,0.080725,-0.136608,1,0,1,1,1,4,3,4,3.0000,3.0000,0.0000,0.0000,1.0000,0.0000,1.0000,0,0.016143,0.00000198,0.016143,20.200648,0.000000
2021-02-12,,2.1800,2.6500,19.9700,87.1636,336.450000,277.574050,0.079742,-0.144949,1,1,1,1,1,5,5,4,3.0000,3.0000,0.0000,0.0000,1.0000,0.0000,1.0000,0,0.016995,0.00000198,0.016995,20.543949,0.000000
2021-02-16,,2.1900,2.6500,21.4600,86.5424,335.540000,278.157200,0.078919,-0.141783,1,0,1,1,1,4,3,5,3.0000,3.0000,0.0000,0.0000,1.0000,0.0000,1.0000,0,-0.008355,0.00000159,-0.008355,20.372298,-0.008355
2021-02-17,,2.1500,2.6500,21.5000,87.3706,333.930000,278.763150,0.078965,-0.135637,1,0,1,1,1,4,3,4,3.0000,3.0000,0.0000,0.0000,1.0000,0.0000,1.0000,0,-0.013921,0.00000159,-0.013921,20.088702,-0.022160
2021-02-18,,2.1300,2.6500,22.4900,87.9917,332.470000,279.349400,0.079776,-0.110799,1,0,1,1,1,4,3,4,3.0000,3.0000,0.0000,0.0000,1.0000,0.0000,1.0000,0,-0.013467,0.00000159,-0.013467,19.818166,-0.035328
2021-02-19,,2.1300,2.6500,22.0500,86.3354,331.020000,279.916200,0.078725,-0.131178,1,0,1,1,1,4,3,4,3.0000,3.0000,0.0000,0.0000,1.0000,0.0000,1.0000,0,-0.013180,0.00000119,-0.013180,19.556959,-0.048043
2021-02-22,,2.1400,2.6500,23.4500,85.0932,322.440000,280.433400,0.077785,-0.135280,1,0,1,1,1,4,3,4,3.0000,3.0000,0.0000,0.0000,1.0000,0.0000,1.0000,0,-0.077466,0.00000159,-0.077466,18.041957,-0.121787
2021-02-23,,2.1600,2.6500,23.1100,83.6439,321.480000,280.931700,0.078335,-0.121650,1,0,1,1,1,4,3,4,3.0000,3.0000,0.0000,0.0000,1.0000,0.0000,1.0000,0,-0.008893,0.00000119,-0.008893,17.881501,-0.129598
2021-02-24,,2.2000,2.6500,21.3400,84.0580,324.130000,281.428050,0.076576,-0.148591,1,0,1,1,1,4,3,4,3.0000,3.0000,0.0000,0.0000,1.0000,0.0000,1.0000,0,0.024103,0.00000159,0.024103,18.312493,-0.108619
2021-02-25,,2.2200,2.6500,28.8900,81.1594,312.830000,281.857850,0.077760,-0.118751,1,0,1,1,1,4,3,4,3.0000,3.0000,0.0000,0.0000,1.0000,0.0000,1.0000,0,-0.104432,0.00000119,-0.104432,16.400083,-0.201707
2021-02-26,,2.1200,2.6500,27.9500,78.2609,314.140000,282.317950,0.076717,-0.121836,1,0,1,1,1,4,3,4,3.0000,3.0000,0.0000,0.0000,1.0000,0.0000,1.0000,0,0.015017,0.00000159,0.015017,16.646364,-0.189719
2021-03-01,,2.1200,2.6500,23.3500,81.9876,323.590000,282.839200,0.076557,-0.121732,1,0,1,1,1,4,3,4,3.0000,3.0000,0.0000,0.0000,1.0000,0.0000,1.0000,0,0.087200,0.00000159,0.087200,18.097930,-0.119063
2021-03-02,,2.1300,2.6500,24.1000,80.7453,318.400000,283.322050,0.076926,-0.120251,1,0,1,1,1,4,3,4,3.0000,3.0000,0.0000,0.0000,1.0000,0.0000,1.0000,0,-0.047938,0.00000198,-0.047938,17.230349,-0.161293
2021-03-03,,2.1500,2.6500,26.6700,79.2961,309.160000,283.751500,0.077041,-0.107905,1,0,1,1,1,4,3,4,3.0000,3.0000,0.0000,0.0000,1.0000,0.0000,1.0000,0,-0.086735,0.00000159,-0.086735,15.735870,-0.234039
2021-03-04,,2.1400,2.6500,28.5700,75.5694,304.100000,284.134850,0.077940,-0.077646,1,0,1,1,1,4,3,4,3.0000,3.0000,0.0000,0.0000,1.0000,0.0000,1.0000,0,-0.049443,0.00000198,-0.049443,14.957846,-0.271910
2021-03-05,,2.1300,2.6500,24.6600,80.3313,308.680000,284.543950,0.077783,-0.088470,1,0,1,1,1,4,3,4,3.0000,3.0000,0.0000,0.0000,1.0000,0.0000,1.0000,0,0.044780,0.00000159,0.044780,15.627656,-0.239306
2021-03-08,,2.1300,2.6500,25.4700,78.4679,299.940000,284.886700,0.079273,-0.063965,1,0,1,1,1,4,3,4,3.0000,3.0000,0.0000,0.0000,1.0000,0.0000,1.0000,0,-0.085482,0.00000159,-0.085482,14.291767,-0.304332
2021-03-09,,2.1400,2.6500,24.0300,82.8157,311.770000,285.301050,0.079190,-0.073642,1,0,1,1,1,4,3,4,3.0000,3.0000,0.0000,0.0000,1.0000,0.0000,1.0000,0,0.117755,0.00000198,0.117755,15.974688,-0.222414
2021-03-10,,2.1600,2.6500,22.5600,83.2298,310.880000,285.707150,0.079239,-0.068744,1,0,1,1,1,4,3,4,3.0000,3.0000,0.0000,0.0000,1.0000,0.0000,1.0000,0,-0.008526,0.00000198,-0.008526,15.838487,-0.229044
2021-03-11,,2.1700,2.6450,21.9100,84.2650,318.040000,286.152150,0.078241,-0.084942,1,0,1,1,1,4,3,4,3.0000,3.0000,0.0000,0.0000,1.0000,0.0000,1.0000,0,0.069384,0.00000159,0.069384,16.937423,-0.175552
2021-03-12,,2.1800,2.6400,20.6900,85.3002,315.460000,286.578000,0.079188,-0.072710,1,0,1,1,1,4,3,4,3.0000,3.0000,0.0000,0.0000,1.0000,0.0000,1.0000,0,-0.024895,0.00000159,-0.024895,16.515760,-0.196077
2021-03-15,,2.1900,2.6400,20.0300,86.5424,318.830000,287.022200,0.079728,-0.071458,1,0,1,1,1,4,3,4,3.0000,3.0000,0.0000,0.0000,1.0000,0.0000,1.0000,0,0.031970,0.00000159,0.031970,17.043772,-0.170375
2021-03-16,,2.1800,2.6400,19.7900,87.5776,320.580000,287.458300,0.079930,-0.055435,1,1,1,1,1,5,5,4,3.0000,3.0000,0.0000,0.0000,1.0000,0.0000,1.0000,0,0.016420,0.00000159,0.016420,17.323637,-0.156752
2021-03-17,,2.1900,2.6400,19.2300,86.9565,321.900000,287.897500,0.078362,-0.076287,1,1,1,1,1,5,5,5,3.0000,3.0000,0.0000,0.0000,1.0000,0.0000,1.0000,0,0.012601,0.00000079,0.012601,17.541932,-0.146127
2021-03-18,,2.2300,2.6400,21.5800,85.3002,312.040000,288.279550,0.079225,-0.064578,1,0,1,1,1,4,3,5,3.0000,3.0000,0.0000,0.0000,1.0000,0.0000,1.0000,0,-0.091789,0.00000079,-0.091789,15.931775,-0.224503
2021-03-19,,2.1700,2.6400,20.9500,85.3002,313.140000,288.661800,0.079850,-0.039434,1,0,1,1,1,4,3,4,3.0000,3.0000,0.0000,0.0000,1.0000,0.0000,1.0000,0,0.012765,0.00000040,0.012765,16.135144,-0.214604
2021-03-22,,2.1000,2.6400,18.8800,87.1636,318.610000,289.079700,0.078517,-0.056713,1,1,1,1,1,5,5,4,3.0000,3.0000,0.0000,0.0000,1.0000,0.0000,1.0000,0,0.053307,0.00000040,0.053307,16.995262,-0.172736
2021-03-23,,2.0800,2.6350,20.3000,87.1636,317.220000,289.467350,0.080321,-0.030212,1,0,1,1,1,4,3,5,3.0000,3.0000,0.0000,0.0000,1.0000,0.0000,1.0000,0,-0.013064,0.00000119,-0.013064,16.773236,-0.183544
2021-03-24,,2.1100,2.6300,21.2000,86.3354,311.870000,289.818950,0.080757,-0.027644,1,0,1,1,1,4,3,4,3.0000,3.0000,0.0000,0.0000,1.0000,0.0000,1.0000,0,-0.050501,0.00000040,-0.050501,15.926178,-0.224775
2021-03-25,,2.1000,2.6300,19.8100,86.7495,311.330000,290.159100,0.081165,-0.018150,1,1,1,1,1,5,5,4,3.0000,3.0000,0.0000,0.0000,1.0000,0.0000,1.0000,0,-0.005389,0.00000079,-0.005389,15.840353,-0.228953
2021-03-26,,2.1100,2.6300,18.8600,90.6832,316.000000,290.508000,0.080143,-0.033474,1,1,1,1,1,5,5,5,3.0000,3.0000,0.0000,0.0000,1.0000,0.0000,1.0000,0,0.044170,0.00000079,0.044170,16.540015,-0.194896
2021-03-29,,2.0900,2.6300,20.7400,91.9255,315.910000,290.917450,0.081042,-0.025591,1,0,1,1,1,4,3,5,3.0000,3.0000,0.0000,0.0000,1.0000,0.0000,1.0000,0,-0.000564,0.00000079,-0.000564,16.530686,-0.195350
2021-03-30,,2.0800,2.6250,19.6100,89.6480,314.320000,291.309650,0.080523,-0.041891,1,1,1,1,1,5,5,4,3.0000,3.0000,0.0000,0.0000,1.0000,0.0000,1.0000,0,-0.014221,0.00000119,-0.014221,16.295600,-0.206793
2021-03-31,,2.0400,2.6200,19.4000,91.5114,319.130000,291.711550,0.080791,-0.026902,1,1,1,1,1,5,5,5,3.0000,3.0000,0.0000,0.0000,1.0000,0.0000,1.0000,0,0.044882,0.00000079,0.044882,17.026980,-0.171192
2021-04-01,,2.0300,2.6150,17.3300,92.7536,324.570000,292.120150,0.079853,-0.031887,1,1,1,1,1,5,5,5,3.0000,3.0000,0.0000,0.0000,1.0000,0.0000,1.0000,0,0.050844,0.00000119,0.050844,17.892696,-0.129053
2021-04-05,,1.9800,2.6100,17.9100,94.2029,331.050000,292.557300,0.079585,-0.055101,1,1,1,1,1,5,5,5,3.0000,3.0000,0.0000,0.0000,1.0000,0.0000,1.0000,0,0.060063,0.00000079,0.060063,18.967377,-0.076741
2021-04-06,,1.9300,2.6100,18.1200,94.2029,330.820000,292.990000,0.080050,-0.019341,1,1,1,1,1,5,5,5,3.0000,3.0000,0.0000,0.0000,1.0000,0.0000,1.0000,0,-0.002361,0.00000119,-0.002361,18.922598,-0.078921
2021-04-07,,1.9500,2.6100,17.1600,93.3747,331.620000,293.426900,0.079859,-0.024564,1,1,1,1,1,5,5,5,3.0000,3.0000,0.0000,0.0000,1.0000,0.0000,1.0000,0,0.007395,0.00000079,0.007395,19.062531,-0.072110
2021-04-08,,1.9600,2.6100,16.9500,92.7536,335.080000,293.868600,0.079421,-0.027921,1,1,1,1,1,5,5,5,3.0000,3.0000,0.0000,0.0000,1.0000,0.0000,1.0000,0,0.031222,0.00000079,0.031222,19.657710,-0.043139
2021-04-09,,1.9800,2.6100,16.6900,92.9607,337.110000,294.309950,0.078763,-0.031028,1,1,1,1,1,5,5,5,3.0000,3.0000,0.0000,0.0000,1.0000,0.0000,1.0000,0,0.018128,0.00000040,0.018128,20.014071,-0.025792
2021-04-12,,1.9600,2.6100,16.9100,93.1677,336.670000,294.774750,0.078807,-0.047771,1,1,1,1,1,5,5,5,3.0000,3.0000,0.0000,0.0000,1.0000,0.0000,1.0000,0,-0.003915,0.00000079,-0.003915,19.935709,-0.029607
2021-04-13,,1.9500,2.6050,16.6500,94.2029,340.600000,295.247600,0.079506,-0.038474,1,1,1,1,1,5,5,5,3.0000,3.0000,0.0000,0.0000,1.0000,0.0000,1.0000,0,0.034254,0.00000079,0.034254,20.618580,0.000000
2021-04-14,,1.9700,2.6000,16.9900,93.9959,336.510000,295.729050,0.080131,-0.048323,1,1,1,1,1,5,5,5,3.0000,3.0000,0.0000,0.0000,1.0000,0.0000,1.0000,0,-0.035110,0.00000119,-0.035110,19.894662,-0.035110
2021-04-15,,1.9800,2.6000,16.5700,95.6522,341.610000,296.222900,0.080157,-0.035826,1,1,1,1,1,5,5,5,3.0000,3.0000,0.0000,0.0000,1.0000,0.0000,1.0000,0,0.044171,0.00000079,0.044171,20.773438,0.000000
2021-04-16,,1.9500,2.6000,16.2500,95.4451,342.010000,296.694950,0.080537,-0.022129,1,1,1,1,1,5,5,5,3.0000,3.0000,0.0000,0.0000,1.0000,0.0000,1.0000,0,0.004221,0.00000079,0.004221,20.861129,0.000000
2021-04-19,,1.9700,2.6000,17.2900,94.8240,338.880000,297.136900,0.080526,-0.014943,1,1,1,1,1,5,5,5,3.0000,3.0000,0.0000,0.0000,1.0000,0.0000,1.0000,0,-0.027278,0.00000079,-0.027278,20.292071,-0.027278
2021-04-20,,1.9900,2.6000,18.6800,95.4451,336.410000,297.558000,0.082151,0.001158,1,1,1,1,0,4,3,5,3.0000,3.0000,0.0000,0.0000,1.0000,0.0000,1.0000,0,-0.021883,0.00000079,-0.021883,19.848018,-0.048565
2021-04-21,,2.0000,2.5950,17.5000,95.8592,339.290000,297.962500,0.080696,-0.034834,1,1,1,1,1,5,5,4,3.0000,3.0000,0.0000,0.0000,1.0000,0.0000,1.0000,0,0.025287,0.00000119,0.025287,20.349909,-0.024506
2021-04-22,,2.0100,2.5900,18.7100,95.4451,335.200000,298.355450,0.080857,-0.023624,1,1,1,1,1,5,5,5,3.0000,3.0000,0.0000,0.0000,1.0000,0.0000,1.0000,0,-0.036399,0.00000119,-0.036399,19.609200,-0.060013
2021-04-23,,1.9900,2.5900,17.3300,95.4451,339.420000,298.752600,0.079882,-0.034839,1,1,1,1,1,5,5,5,3.0000,3.0000,0.0000,0.0000,1.0000,0.0000,1.0000,0,0.037678,0.00000119,0.037678,20.348044,-0.024595
2021-04-26,,1.9900,2.5850,17.6400,95.0311,341.630000,299.149850,0.079261,-0.046501,1,1,1,1,1,5,5,5,3.0000,3.0000,0.0000,0.0000,1.0000,0.0000,1.0000,0,0.019806,0.00000119,0.019806,20.751049,-0.005277
2021-04-27,,1.9800,2.5800,17.5600,94.8240,340.150000,299.530750,0.078667,-0.071260,1,1,1,1,1,5,5,5,3.0000,3.0000,0.0000,0.0000,1.0000,0.0000,1.0000,0,-0.013127,0.00000119,-0.013127,20.478647,-0.018335
2021-04-28,,1.9700,2.5800,17.2800,94.2029,339.000000,299.933050,0.078582,-0.058987,1,1,1,1,1,5,5,5,3.0000,3.0000,0.0000,0.0000,1.0000,0.0000,1.0000,0,-0.010295,0.00000040,-0.010295,20.267816,-0.028441
2021-04-29,,1.9800,2.5800,17.6100,94.4099,340.220000,300.332300,0.078798,-0.049469,1,1,1,1,1,5,5,5,3.0000,3.0000,0.0000,0.0000,1.0000,0.0000,1.0000,0,0.010034,0.00000040,0.010034,20.471184,-0.018692
2021-04-30,,1.9700,2.5750,18.6100,93.1677,337.990000,300.717750,0.079942,-0.029740,1,1,1,1,1,5,5,5,3.0000,3.0000,0.0000,0.0000,1.0000,0.0000,1.0000,0,-0.018775,0.00000040,-0.018775,20.086836,-0.037117
2021-05-03,,1.9600,2.5700,18.3100,93.5818,336.190000,301.103100,0.079758,-0.028183,1,1,1,1,1,5,5,5,3.0000,3.0000,0.0000,0.0000,1.0000,0.0000,1.0000,0,-0.016348,0.00000040,-0.016348,19.758461,-0.052858
2021-05-04,,1.9600,2.5700,19.4800,93.1677,330.140000,301.456700,0.079953,-0.026854,1,1,1,1,1,5,5,5,3.0000,3.0000,0.0000,0.0000,1.0000,0.0000,1.0000,0,-0.052691,0.00000159,-0.052691,18.717364,-0.102764
2021-05-05,,1.9700,2.5650,19.1500,92.9607,329.030000,301.767950,0.078581,-0.029134,1,1,1,1,1,5,5,5,3.0000,3.0000,0.0000,0.0000,1.0000,0.0000,1.0000,0,-0.011663,0.00000079,-0.011663,18.499069,-0.113228
2021-05-06,,1.9800,2.5600,18.3900,92.3395,331.510000,302.105500,0.078555,-0.031913,1,1,1,1,1,5,5,5,3.0000,3.0000,0.0000,0.0000,1.0000,0.0000,1.0000,0,0.021886,0.00000079,0.021886,18.903941,-0.093820
2021-05-07,,1.9600,2.5550,16.6900,91.9255,334.200000,302.451850,0.078224,-0.041153,1,1,1,1,1,5,5,5,3.0000,3.0000,0.0000,0.0000,1.0000,0.0000,1.0000,0,0.024477,0.00000079,0.024477,19.366651,-0.071639
2021-05-10,,1.9700,2.5350,19.6600,91.3043,325.760000,302.790600,0.079808,-0.012148,1,1,1,1,1,5,5,5,3.0000,3.0000,0.0000,0.0000,1.0000,0.0000,1.0000,0,-0.075145,0.00000079,-0.075145,17.911353,-0.141401
2021-05-11,,1.9800,2.5150,21.8400,91.0973,325.310000,303.139350,0.079537,-0.002716,1,0,1,1,1,4,3,5,3.0000,3.0000,0.0000,0.0000,1.0000,0.0000,1.0000,0,-0.005000,0.00000079,-0.005000,17.821796,-0.145694
2021-05-12,,2.0100,2.4900,27.5900,87.1636,316.890000,303.423200,0.079364,0.005826,1,0,1,1,0,3,1,4,3.0000,3.0000,0.0000,0.0000,1.0000,0.0000,1.0000,0,-0.076110,0.00000040,-0.076110,16.465385,-0.210715
2021-05-13,,2.0200,2.4600,23.1300,87.9917,319.340000,303.735850,0.079933,0.012823,1,0,1,1,0,3,1,3,3.0000,3.0000,0.0000,0.0000,1.0000,0.0000,1.0000,0,0.021076,0.00000079,0.021076,16.812417,-0.194079
2021-05-14,,2.0400,2.4450,18.8100,90.8903,326.390000,304.068950,0.079108,-0.008919,1,1,1,1,1,5,5,3,3.0000,3.0000,0.0000,0.0000,1.0000,0.0000,1.0000,0,0.065032,0.00000079,0.065032,17.905756,-0.141669
2021-05-17,,2.0300,2.4400,19.7200,88.8199,324.410000,304.385350,0.078660,-0.000869,1,1,1,1,1,5,5,5,3.0000,3.0000,0.0000,0.0000,1.0000,0.0000,1.0000,0,-0.016880,0.00000040,-0.016880,17.603502,-0.156158
2021-05-18,,2.0200,2.4400,21.3400,87.7847,322.220000,304.667500,0.079332,0.021172,1,0,1,1,0,3,1,5,3.0000,3.0000,0.0000,0.0000,1.0000,0.0000,1.0000,0,-0.020986,0.00000079,-0.020986,17.234080,-0.173866
2021-05-19,,2.0300,2.4300,22.1800,88.6128,322.590000,304.933550,0.079407,0.014498,1,0,1,1,0,3,1,3,3.0000,3.0000,0.0000,0.0000,1.0000,0.0000,1.0000,0,0.003681,0.00000079,0.003681,17.297516,-0.170826
2021-05-20,,2.0200,2.4200,20.6700,91.0973,328.830000,305.225800,0.079248,0.036990,1,0,1,1,0,3,1,3,3.0000,3.0000,0.0000,0.0000,1.0000,0.0000,1.0000,0,0.057815,0.00000040,0.057815,18.297567,-0.122887
2021-05-21,,2.0200,2.4050,20.1500,90.0621,327.010000,305.505600,0.079722,0.027388,1,0,1,1,0,3,1,3,3.0000,3.0000,0.0000,0.0000,1.0000,0.0000,1.0000,0,-0.016519,0.00000040,-0.016519,17.995313,-0.137376
2021-05-24,,2.0100,2.3700,18.4000,91.3043,332.510000,305.794950,0.078775,0.029562,1,1,1,1,0,4,3,3,3.0000,3.0000,0.0000,0.0000,1.0000,0.0000,1.0000,0,0.050078,0.00000040,0.050078,18.896478,-0.094178
2021-05-25,,2.0000,2.3500,18.8400,91.5114,332.970000,306.102450,0.077993,0.020147,1,1,1,1,0,4,3,4,3.0000,3.0000,0.0000,0.0000,1.0000,0.0000,1.0000,0,0.004838,0.00000079,0.004838,18.987900,-0.089795
2021-05-26,,2.0100,2.3400,17.3600,90.6832,334.130000,306.421550,0.077851,0.013035,1,1,1,1,0,4,3,4,3.0000,3.0000,0.0000,0.0000,1.0000,0.0000,1.0000,0,0.010121,0.00000079,0.010121,19.180074,-0.080583
2021-05-27,,1.9800,2.3250,16.7400,90.4762,332.880000,306.760000,0.077285,0.003487,1,1,1,1,0,4,3,4,3.0000,3.0000,0.0000,0.0000,1.0000,0.0000,1.0000,0,-0.011673,0.00000079,-0.011673,18.956182,-0.091316
2021-05-28,,1.9800,2.3200,16.7600,91.0973,333.930000,307.070350,0.077564,-0.005379,1,1,1,1,1,5,5,4,3.0000,3.0000,0.0000,0.0000,1.0000,0.0000,1.0000,0,0.009744,0.00000079,0.009744,19.140893,-0.082461
2021-06-01,,1.9900,2.3150,17.9000,89.8551,332.820000,307.372050,0.077156,-0.008824,1,1,1,1,1,5,5,5,3.0000,3.0000,0.0000,0.0000,1.0000,0.0000,1.0000,0,-0.009748,0.00000040,-0.009748,18.954316,-0.091405
2021-06-02,,1.9700,2.3000,17.4800,90.0621,333.470000,307.678600,0.077439,-0.025470,1,1,1,1,1,5,5,5,3.0000,3.0000,0.0000,0.0000,1.0000,0.0000,1.0000,0,0.005217,0.00000079,0.005217,19.053202,-0.086665
2021-06-03,,1.9800,2.2850,18.0400,89.2340,330.000000,307.952000,0.078193,-0.013614,1,1,1,1,1,5,5,5,3.0000,3.0000,0.0000,0.0000,1.0000,0.0000,1.0000,0,-0.031434,0.00000079,-0.031434,18.454291,-0.115374
2021-06-04,,1.9600,2.2750,16.4200,90.6832,335.600000,308.240150,0.077366,-0.025639,1,1,1,1,1,5,5,5,3.0000,3.0000,0.0000,0.0000,1.0000,0.0000,1.0000,0,0.051259,0.00000079,0.051259,19.400234,-0.070030
2021-06-07,,1.9800,2.2650,16.4200,89.8551,336.600000,308.542650,0.077584,-0.009009,1,1,1,1,1,5,5,5,3.0000,3.0000,0.0000,0.0000,1.0000,0.0000,1.0000,0,0.008848,0.00000079,0.008848,19.571885,-0.061801
2021-06-08,,1.9800,2.2550,17.0700,89.8551,336.760000,308.826800,0.076904,-0.030915,1,1,1,1,1,5,5,5,3.0000,3.0000,0.0000,0.0000,1.0000,0.0000,1.0000,0,0.001144,0.00000079,0.001144,19.594274,-0.060728
2021-06-09,,1.9800,2.2450,17.8900,90.2692,336.840000,309.101650,0.077707,-0.026968,1,1,1,1,1,5,5,5,3.0000,3.0000,0.0000,0.0000,1.0000,0.0000,1.0000,0,0.001143,0.00000079,0.001143,19.616663,-0.059655
2021-06-10,,1.9600,2.2400,16.1000,90.8903,340.350000,309.385250,0.077855,-0.027779,1,1,1,1,1,5,5,5,3.0000,3.0000,0.0000,0.0000,1.0000,0.0000,1.0000,0,0.030626,0.00000119,0.030626,20.217440,-0.030856
2021-06-11,,2.0000,2.2400,15.6500,91.9255,341.240000,309.662150,0.077903,-0.006254,1,1,1,1,1,5,5,5,3.0000,3.0000,0.0000,0.0000,1.0000,0.0000,1.0000,0,0.007937,0.00000119,0.007937,20.377896,-0.023164
2021-06-14,,1.9700,2.2400,16.3900,92.1325,344.510000,309.924900,0.077894,-0.018256,1,1,1,1,1,5,5,5,3.0000,3.0000,0.0000,0.0000,1.0000,0.0000,1.0000,0,0.028017,0.00000119,0.028017,20.948820,0.000000
2021-06-15,,1.9600,2.2400,17.0200,91.5114,342.260000,310.180950,0.078272,-0.021535,1,1,1,1,1,5,5,5,3.0000,3.0000,0.0000,0.0000,1.0000,0.0000,1.0000,0,-0.018525,0.00000119,-0.018525,20.560741,-0.018525
2021-06-16,,1.9600,2.2350,18.1500,90.0621,341.010000,310.423350,0.077527,-0.013555,1,1,1,1,1,5,5,5,3.0000,3.0000,0.0000,0.0000,1.0000,0.0000,1.0000,0,-0.010708,0.00000119,-0.010708,20.340580,-0.029035
2021-06-17,,1.9100,2.2300,17.7500,90.6832,345.340000,310.675650,0.077979,-0.031581,1,1,1,1,1,5,5,5,3.0000,3.0000,0.0000,0.0000,1.0000,0.0000,1.0000,0,0.037333,0.00000159,0.037333,21.099947,0.000000
2021-06-18,,1.8400,2.2300,20.7000,87.5776,342.630000,310.889200,0.077244,-0.046581,1,0,1,1,1,4,3,5,3.0000,3.0000,0.0000,0.0000,1.0000,0.0000,1.0000,0,-0.023875,0.00000159,-0.023875,20.596190,-0.023875
2021-06-21,,1.8500,2.2300,17.8900,89.2340,344.360000,311.097200,0.076546,-0.061464,1,1,1,1,1,5,5,4,3.0000,3.0000,0.0000,0.0000,1.0000,0.0000,1.0000,0,0.018299,0.00000198,0.018299,20.973075,-0.006013
2021-06-22,,1.8800,2.2300,16.6600,89.2340,347.570000,311.398000,0.075678,-0.059533,1,1,1,1,1,5,5,5,3.0000,3.0000,0.0000,0.0000,1.0000,0.0000,1.0000,0,0.027933,0.00000198,0.027933,21.558926,0.000000
2021-06-23,,1.9000,2.2300,16.3200,88.6128,347.740000,311.718800,0.074965,-0.080080,1,1,1,1,1,5,5,5,3.0000,3.0000,0.0000,0.0000,1.0000,0.0000,1.0000,0,0.001731,0.00000159,0.001731,21.596241,0.000000
2021-06-24,,1.8900,2.2300,15.9700,89.6480,349.890000,312.118500,0.074453,-0.081186,1,1,1,1,1,5,5,5,3.0000,3.0000,0.0000,0.0000,1.0000,0.0000,1.0000,0,0.018402,0.00000198,0.018402,21.993649,0.000000
2021-06-25,,1.8800,2.2300,15.6200,91.0973,349.460000,312.476400,0.074987,-0.077338,1,1,1,1,1,5,5,5,3.0000,3.0000,0.0000,0.0000,1.0000,0.0000,1.0000,0,-0.003139,0.00000198,-0.003139,21.924616,-0.003139
2021-06-28,,1.9000,2.2300,15.7600,91.5114,353.710000,312.883250,0.075315,-0.060639,1,1,1,1,1,5,5,5,3.0000,3.0000,0.0000,0.0000,1.0000,0.0000,1.0000,0,0.035401,0.00000238,0.035401,22.700774,0.000000
2021-06-29,,1.8800,2.2250,16.0200,89.8551,354.990000,313.305950,0.074059,-0.073078,1,1,1,1,1,5,5,5,3.0000,3.0000,0.0000,0.0000,1.0000,0.0000,1.0000,0,0.011260,0.00000198,0.011260,22.956384,0.000000
2021-06-30,,1.8700,2.2200,15.8300,89.8551,354.430000,313.702300,0.073856,-0.081553,1,1,1,1,1,5,5,5,3.0000,3.0000,0.0000,0.0000,1.0000,0.0000,1.0000,0,-0.004389,0.00000159,-0.004389,22.855633,-0.004389
2021-07-01,,1.8700,2.2200,15.4800,91.3043,354.570000,314.079850,0.074251,-0.074341,1,1,1,1,1,5,5,5,3.0000,3.0000,0.0000,0.0000,1.0000,0.0000,1.0000,0,0.000490,0.00000198,0.000490,22.866828,-0.003901
2021-07-02,,1.8600,2.2200,15.0700,92.1325,358.640000,314.500000,0.073803,-0.075093,1,1,1,1,1,5,5,5,3.0000,3.0000,0.0000,0.0000,1.0000,0.0000,1.0000,0,0.033943,0.00000198,0.033943,23.642986,0.000000
2021-07-06,,1.8700,2.2200,16.4400,90.4762,360.190000,314.949350,0.074250,-0.060280,1,1,1,1,1,5,5,5,3.0000,3.0000,0.0000,0.0000,1.0000,0.0000,1.0000,0,0.013415,0.00000198,0.013415,23.960166,0.000000
2021-07-07,,1.9000,2.2200,16.2000,91.5114,360.950000,315.419750,0.074472,-0.058057,1,1,1,1,1,5,5,5,3.0000,3.0000,0.0000,0.0000,1.0000,0.0000,1.0000,0,0.006385,0.00000198,0.006385,24.113159,0.000000
2021-07-08,,1.8900,2.2200,19.0000,89.0269,358.770000,315.876050,0.074863,-0.060956,1,1,1,1,1,5,5,5,3.0000,3.0000,0.0000,0.0000,1.0000,0.0000,1.0000,0,-0.017332,0.00000198,-0.017332,23.695228,-0.017332
2021-07-09,,1.9100,2.2100,16.1800,91.5114,361.010000,316.318700,0.074164,-0.078822,1,1,1,1,1,5,5,5,3.0000,3.0000,0.0000,0.0000,1.0000,0.0000,1.0000,0,0.016929,0.00000238,0.016929,24.096367,-0.000696
2021-07-12,,1.9100,2.2000,16.1700,90.8903,362.420000,316.810000,0.074140,-0.078900,1,1,1,1,1,5,5,5,3.0000,3.0000,0.0000,0.0000,1.0000,0.0000,1.0000,0,0.012544,0.00000238,0.012544,24.398621,0.000000
2021-07-13,,1.9100,2.1950,17.1200,89.6480,362.420000,317.295150,0.073831,-0.086929,1,1,1,1,1,5,5,5,3.0000,3.0000,0.0000,0.0000,1.0000,0.0000,1.0000,0,-0.000535,0.00000198,-0.000535,24.385561,-0.000535
2021-07-14,,1.9100,2.1900,16.3300,89.2340,363.070000,317.752700,0.074363,-0.080408,1,1,1,1,1,5,5,5,3.0000,3.0000,0.0000,0.0000,1.0000,0.0000,1.0000,0,0.005432,0.00000198,0.005432,24.518030,0.000000
2021-07-15,,1.9100,2.1900,17.0100,89.2340,360.520000,318.169300,0.075457,-0.085941,1,1,1,1,1,5,5,5,3.0000,3.0000,0.0000,0.0000,1.0000,0.0000,1.0000,0,-0.020699,0.00000238,-0.020699,24.010542,-0.020699
2021-07-16,,1.9200,2.1900,18.4500,86.7769,357.600000,318.577550,0.076819,-0.049806,1,1,1,1,1,5,5,5,3.0000,3.0000,0.0000,0.0000,1.0000,0.0000,1.0000,0,-0.024555,0.00000198,-0.024555,23.420960,-0.044745
2021-07-19,,1.9300,2.1900,22.5000,80.3719,354.670000,318.961700,0.076735,-0.052554,1,0,1,1,1,4,3,5,3.0000,3.0000,0.0000,0.0000,1.0000,0.0000,1.0000,0,-0.023978,0.00000198,-0.023978,22.859364,-0.067651
2021-07-20,,1.9700,2.1900,19.7300,85.3306,358.790000,319.344400,0.075976,-0.050583,1,1,1,1,1,5,5,4,3.0000,3.0000,0.0000,0.0000,1.0000,0.0000,1.0000,0,0.032974,0.00000198,0.032974,23.613134,-0.036907
2021-07-21,,1.9800,2.1900,17.9100,86.9835,361.560000,319.780650,0.074537,-0.062014,1,1,1,1,1,5,5,5,3.0000,3.0000,0.0000,0.0000,1.0000,0.0000,1.0000,0,0.022835,0.00000198,0.022835,24.152340,-0.014915
2021-07-22,,1.9600,2.1850,17.6900,85.5372,363.950000,320.199600,0.074496,-0.055299,1,1,1,1,1,5,5,5,3.0000,3.0000,0.0000,0.0000,1.0000,0.0000,1.0000,0,0.021012,0.00000198,0.021012,24.659829,0.000000
2021-07-23,,1.9500,2.1800,17.2000,86.9835,368.200000,320.664800,0.074681,-0.052324,1,1,1,1,1,5,5,5,3.0000,3.0000,0.0000,0.0000,1.0000,0.0000,1.0000,0,0.033215,0.00000198,0.033215,25.478900,0.000000
2021-07-26,,1.9300,2.1800,17.5800,86.9835,368.490000,321.107650,0.074520,-0.056997,1,1,1,1,1,5,5,5,3.0000,3.0000,0.0000,0.0000,1.0000,0.0000,1.0000,0,0.004174,0.00000198,0.004174,25.585249,0.000000
2021-07-27,,1.9400,2.1800,19.3600,88.6364,364.430000,321.522750,0.076149,-0.049927,1,1,1,1,1,5,5,5,3.0000,3.0000,0.0000,0.0000,1.0000,0.0000,1.0000,0,-0.032670,0.00000198,-0.032670,24.749385,-0.032670
2021-07-28,,1.9500,2.1800,18.3100,88.6364,365.830000,321.923350,0.075599,-0.054727,1,1,1,1,1,5,5,5,3.0000,3.0000,0.0000,0.0000,1.0000,0.0000,1.0000,0,0.010931,0.00000198,0.010931,25.019921,-0.022096
2021-07-29,,1.9600,2.1800,17.7000,88.6364,366.480000,322.283100,0.075491,-0.059170,1,1,1,1,1,5,5,5,3.0000,3.0000,0.0000,0.0000,1.0000,0.0000,1.0000,0,0.004922,0.00000198,0.004922,25.143062,-0.017283
2021-07-30,,1.9400,2.1750,18.2400,87.6033,364.570000,322.633350,0.075221,-0.045103,1,1,1,1,1,5,5,5,3.0000,3.0000,0.0000,0.0000,1.0000,0.0000,1.0000,0,-0.014990,0.00000238,-0.014990,24.766177,-0.032013
2021-08-02,,1.9500,2.1700,19.4600,86.3636,364.600000,322.996050,0.075962,-0.034473,1,1,1,1,1,5,5,5,3.0000,3.0000,0.0000,0.0000,1.0000,0.0000,1.0000,0,-0.000301,0.00000238,-0.000301,24.758714,-0.032305
2021-08-03,,1.9500,2.1700,18.0400,87.6033,366.810000,323.379600,0.075779,-0.032665,1,1,1,1,1,5,5,5,3.0000,3.0000,0.0000,0.0000,1.0000,0.0000,1.0000,0,0.017408,0.00000198,0.017408,25.189706,-0.015460
2021-08-04,,1.9700,2.1700,17.9700,84.2975,367.340000,323.773750,0.076040,-0.049593,1,1,1,1,1,5,5,5,3.0000,3.0000,0.0000,0.0000,1.0000,0.0000,1.0000,0,0.004963,0.00000198,0.004963,25.314712,-0.010574
2021-08-05,,1.9600,2.1700,17.2800,84.5041,369.670000,324.203100,0.076388,-0.042229,1,1,1,1,1,5,5,5,3.0000,3.0000,0.0000,0.0000,1.0000,0.0000,1.0000,0,0.018794,0.00000198,0.018794,25.790483,0.000000
2021-08-06,,1.9500,2.1650,16.1500,84.7107,368.050000,324.621300,0.076216,-0.043289,1,1,1,1,1,5,5,5,3.0000,3.0000,0.0000,0.0000,1.0000,0.0000,1.0000,0,-0.013022,0.00000198,-0.013022,25.454645,-0.013022
2021-08-09,,1.9400,2.1600,16.7200,84.0909,368.730000,325.044000,0.076256,-0.049577,1,1,1,1,1,5,5,5,3.0000,3.0000,0.0000,0.0000,1.0000,0.0000,1.0000,0,0.005351,0.00000238,0.005351,25.590846,-0.007741
2021-08-10,,1.9500,2.1600,16.7900,85.1240,366.840000,325.457300,0.076240,-0.038529,1,1,1,1,1,5,5,5,3.0000,3.0000,0.0000,0.0000,1.0000,0.0000,1.0000,0,-0.014946,0.00000238,-0.014946,25.208364,-0.022571
2021-08-11,,1.9500,2.1600,16.0600,85.9504,366.210000,325.864650,0.076761,-0.025790,1,1,1,1,1,5,5,5,3.0000,3.0000,0.0000,0.0000,1.0000,0.0000,1.0000,0,-0.005403,0.00000198,-0.005403,25.072163,-0.027852
2021-08-12,,1.9900,2.1600,15.5900,85.7438,367.530000,326.299950,0.076610,-0.037070,1,1,1,1,1,5,5,5,3.0000,3.0000,0.0000,0.0000,1.0000,0.0000,1.0000,0,0.010418,0.00000198,0.010418,25.333370,-0.017724
2021-08-13,,1.9900,2.1600,15.4500,85.1240,368.820000,326.730750,0.077009,-0.032766,1,1,1,1,1,5,5,5,3.0000,3.0000,0.0000,0.0000,1.0000,0.0000,1.0000,0,0.010016,0.00000238,0.010016,25.587114,-0.007885
2021-08-16,,1.9800,2.1550,16.1200,85.1240,368.980000,327.217450,0.077298,-0.026477,1,1,1,1,1,5,5,5,3.0000,3.0000,0.0000,0.0000,1.0000,0.0000,1.0000,0,0.001750,0.00000238,0.001750,25.631893,-0.006149
2021-08-17,,1.9700,2.1500,17.9100,83.4711,365.730000,327.664150,0.077853,-0.025088,1,1,1,1,1,5,5,5,3.0000,3.0000,0.0000,0.0000,1.0000,0.0000,1.0000,0,-0.026277,0.00000238,-0.026277,24.958351,-0.032265
2021-08-18,,1.9800,2.1500,21.5700,80.3719,362.210000,328.128300,0.078316,-0.006096,1,0,1,1,1,4,3,5,3.0000,3.0000,0.0000,0.0000,1.0000,0.0000,1.0000,0,-0.029080,0.00000278,-0.029080,24.232568,-0.060407
2021-08-19,,1.9700,2.1500,21.6700,76.6529,363.960000,328.598200,0.078514,0.007014,1,0,1,1,0,3,1,4,3.0000,3.0000,0.0000,0.0000,1.0000,0.0000,1.0000,0,0.014244,0.00000278,0.014244,24.577735,-0.047023
2021-08-20,,1.9800,2.1500,18.5600,77.8926,367.730000,329.063600,0.078864,0.013762,1,1,1,1,0,4,3,3,3.0000,3.0000,0.0000,0.0000,1.0000,0.0000,1.0000,0,0.030897,0.00000238,0.030897,25.337102,-0.017579
2021-08-23,,1.9600,2.1450,17.1500,81.8182,373.230000,329.495200,0.077170,-0.001595,1,1,1,1,1,5,5,4,3.0000,3.0000,0.0000,0.0000,1.0000,0.0000,1.0000,0,0.044551,0.00000198,0.044551,26.465890,0.000000
2021-08-24,,1.9700,2.1400,17.2200,82.8512,374.370000,329.895100,0.076545,-0.014007,1,1,1,1,1,5,5,5,3.0000,3.0000,0.0000,0.0000,1.0000,0.0000,1.0000,0,0.009870,0.00000198,0.009870,26.727097,0.000000
2021-08-25,,1.9500,2.1400,16.7900,84.0909,374.800000,330.296050,0.076530,-0.008679,1,1,1,1,1,5,5,5,3.0000,3.0000,0.0000,0.0000,1.0000,0.0000,1.0000,0,0.001117,0.00000198,0.001117,26.756950,0.000000
2021-08-26,,1.9300,2.1400,18.8400,80.9917,372.420000,330.715200,0.076794,-0.008848,1,1,1,1,1,5,5,5,3.0000,3.0000,0.0000,0.0000,1.0000,0.0000,1.0000,0,-0.016944,0.00000238,-0.016944,26.303568,-0.016944
2021-08-27,,1.9200,2.1400,16.3900,84.0909,376.040000,331.178300,0.076091,-0.028906,1,1,1,1,1,5,5,5,3.0000,3.0000,0.0000,0.0000,1.0000,0.0000,1.0000,0,0.029224,0.00000198,0.029224,27.072264,0.000000
2021-08-30,,1.9200,2.1350,16.1900,82.6446,380.260000,331.630800,0.075868,-0.020718,1,1,1,1,1,5,5,5,3.0000,3.0000,0.0000,0.0000,1.0000,0.0000,1.0000,0,0.033150,0.00000198,0.033150,27.969697,0.000000
2021-08-31,,1.9200,2.1300,16.4800,82.6446,379.950000,332.088550,0.075892,-0.023313,1,1,1,1,1,5,5,5,3.0000,3.0000,0.0000,0.0000,1.0000,0.0000,1.0000,0,-0.002802,0.00000198,-0.002802,27.891335,-0.002802
2021-09-01,,1.9400,2.1300,16.1100,82.4380,380.580000,332.536800,0.076848,-0.000776,1,1,1,1,1,5,5,5,3.0000,3.0000,0.0000,0.0000,1.0000,0.0000,1.0000,0,0.005485,0.00000159,0.005485,28.044328,0.000000
2021-09-02,,1.9200,2.1300,16.4100,83.2990,380.400000,332.972800,0.077308,-0.005520,1,1,1,1,1,5,5,5,3.0000,3.0000,0.0000,0.0000,1.0000,0.0000,1.0000,0,-0.001397,0.00000198,-0.001397,28.005147,-0.001397
2021-09-03,,1.9200,2.1300,16.4100,81.4433,381.570000,333.419300,0.076686,-0.016051,1,1,1,1,1,5,5,5,3.0000,3.0000,0.0000,0.0000,1.0000,0.0000,1.0000,0,0.008994,0.00000198,0.008994,28.257025,0.000000
2021-09-07,,1.9100,2.1300,18.1400,79.1753,382.110000,333.879300,0.075942,-0.026776,1,1,1,1,1,5,5,5,3.0000,3.0000,0.0000,0.0000,1.0000,0.0000,1.0000,0,0.004094,0.00000198,0.004094,28.372703,0.000000
2021-09-08,,1.9100,2.1300,17.9600,76.4948,380.780000,334.321300,0.077399,-0.006731,1,1,1,1,1,5,5,5,3.0000,3.0000,0.0000,0.0000,1.0000,0.0000,1.0000,0,-0.010258,0.00000198,-0.010258,28.081643,-0.010258
2021-09-09,,1.9100,2.1250,18.8000,76.4948,379.470000,334.766750,0.077309,-0.013022,1,1,1,1,1,5,5,5,3.0000,3.0000,0.0000,0.0000,1.0000,0.0000,1.0000,0,-0.010697,0.00000198,-0.010697,27.781255,-0.020846
2021-09-10,,1.9000,2.1200,20.9500,74.6392,376.590000,335.197750,0.076834,-0.009433,1,0,1,1,1,4,3,5,3.0000,3.0000,0.0000,0.0000,1.0000,0.0000,1.0000,0,-0.022498,0.00000159,-0.022498,27.156223,-0.042875
2021-09-13,,1.8800,2.1200,19.3700,77.7320,376.330000,335.607050,0.076504,-0.020030,1,1,1,1,1,5,5,4,3.0000,3.0000,0.0000,0.0000,1.0000,0.0000,1.0000,0,-0.002267,0.00000198,-0.002267,27.094653,-0.045045
2021-09-14,,1.8700,2.1200,19.4600,74.4330,375.260000,336.001950,0.076660,-0.008093,1,1,1,1,1,5,5,5,3.0000,3.0000,0.0000,0.0000,1.0000,0.0000,1.0000,0,-0.008608,0.00000238,-0.008608,26.861432,-0.053265
2021-09-15,,1.8700,2.1150,18.1800,76.7010,378.050000,336.397150,0.075924,-0.008638,1,1,1,1,1,5,5,5,3.0000,3.0000,0.0000,0.0000,1.0000,0.0000,1.0000,0,0.022157,0.00000159,0.022157,27.456612,-0.032288
2021-09-16,,1.8500,2.1100,18.6900,74.6392,378.310000,336.790600,0.075408,-0.003773,1,1,1,1,1,5,5,5,3.0000,3.0000,0.0000,0.0000,1.0000,0.0000,1.0000,0,0.001971,0.00000159,0.001971,27.510719,-0.030381
2021-09-17,,1.8400,2.1100,20.8100,72.5773,373.830000,337.142450,0.075215,0.003493,1,0,1,1,0,3,1,5,3.0000,3.0000,0.0000,0.0000,1.0000,0.0000,1.0000,0,-0.035334,0.00000159,-0.035334,26.538655,-0.064641
2021-09-20,,1.8300,2.1100,25.7100,68.0412,365.700000,337.451700,0.075776,0.018148,1,0,1,1,0,3,1,3,3.0000,3.0000,0.0000,0.0000,1.0000,0.0000,1.0000,0,-0.061516,0.00000159,-0.061516,24.906110,-0.122181
2021-09-21,,1.8400,2.1050,24.3600,65.3608,366.150000,337.761050,0.075641,0.008865,1,0,1,1,0,3,1,3,3.0000,3.0000,0.0000,0.0000,1.0000,0.0000,1.0000,0,0.001274,0.00000159,0.001274,24.937828,-0.121063
2021-09-22,,1.8300,2.1000,20.8700,69.2784,369.570000,338.081300,0.074864,-0.006135,1,0,1,1,1,4,3,3,3.0000,3.0000,0.0000,0.0000,1.0000,0.0000,1.0000,0,0.029253,0.00000119,0.029253,25.667342,-0.095351
2021-09-23,,1.8300,2.0950,18.6300,74.6392,372.980000,338.409950,0.073571,-0.006833,1,1,1,1,1,5,5,4,3.0000,3.0000,0.0000,0.0000,1.0000,0.0000,1.0000,0,0.027768,0.00000119,0.027768,26.380065,-0.070231
2021-09-24,,1.8100,2.0850,17.7500,74.8971,373.330000,338.735150,0.073371,-0.006820,1,1,1,1,1,5,5,5,3.0000,3.0000,0.0000,0.0000,1.0000,0.0000,1.0000,0,0.002829,0.00000119,0.002829,26.454695,-0.067600
2021-09-27,,1.8000,2.0800,18.7600,74.3326,370.350000,339.080350,0.072711,-0.021327,1,1,1,1,1,5,5,5,3.0000,3.0000,0.0000,0.0000,1.0000,0.0000,1.0000,0,-0.024120,0.00000119,-0.024120,25.816604,-0.090090
2021-09-28,,1.7800,2.0600,23.2500,68.5832,359.870000,339.367100,0.073273,-0.007185,1,0,1,1,1,4,3,5,3.0000,3.0000,0.0000,0.0000,1.0000,0.0000,1.0000,0,-0.083400,0.00000159,-0.083400,23.663510,-0.165976
2021-09-29,,1.8000,2.0400,22.5600,70.2259,359.280000,339.654250,0.074105,-0.001956,1,0,1,1,1,4,3,4,3.0000,3.0000,0.0000,0.0000,1.0000,0.0000,1.0000,0,-0.006623,0.00000159,-0.006623,23.506785,-0.171500
2021-09-30,,1.8100,2.0350,23.1400,62.6283,357.960000,339.923850,0.074428,-0.000581,1,0,1,1,1,4,3,4,3.0000,3.0000,0.0000,0.0000,1.0000,0.0000,1.0000,0,-0.011271,0.00000159,-0.011271,23.241847,-0.180838
2021-10-01,,1.8500,2.0300,21.1500,67.1458,360.180000,340.188300,0.073554,-0.017624,1,0,1,1,1,4,3,4,3.0000,3.0000,0.0000,0.0000,1.0000,0.0000,1.0000,0,0.018223,0.00000159,0.018223,23.665375,-0.165910
2021-10-04,,1.8500,2.0300,22.9600,65.7084,352.620000,340.406500,0.075541,0.018274,1,0,1,1,0,3,1,4,3.0000,3.0000,0.0000,0.0000,1.0000,0.0000,1.0000,0,-0.061495,0.00000159,-0.061495,22.210078,-0.217203
2021-10-05,,1.8500,2.0250,21.3000,66.5298,357.380000,340.638400,0.074579,0.005866,1,0,1,1,0,3,1,3,3.0000,3.0000,0.0000,0.0000,1.0000,0.0000,1.0000,0,0.038474,0.00000159,0.038474,23.064599,-0.187085
2021-10-06,,1.8400,2.0200,21.0000,69.8152,359.670000,340.886450,0.075420,0.021485,1,0,1,1,0,3,1,3,3.0000,3.0000,0.0000,0.0000,1.0000,0.0000,1.0000,0,0.019738,0.00000159,0.019738,23.519846,-0.171040
2021-10-07,,1.8400,2.0200,19.5400,70.0205,362.970000,341.156700,0.074374,0.000155,1,1,1,1,0,4,3,3,3.0000,3.0000,0.0000,0.0000,1.0000,0.0000,1.0000,0,0.027051,0.00000159,0.027051,24.156072,-0.148616
2021-10-08,,1.8500,2.0200,18.7700,67.7618,361.160000,341.413700,0.073962,-0.019956,1,1,1,1,1,5,5,4,3.0000,3.0000,0.0000,0.0000,1.0000,0.0000,1.0000,0,-0.015370,0.00000198,-0.015370,23.784784,-0.161702
2021-10-11,,1.8400,2.0150,20.0000,64.8871,358.390000,341.664650,0.073489,-0.043680,1,1,1,1,1,5,5,5,3.0000,3.0000,0.0000,0.0000,1.0000,0.0000,1.0000,0,-0.022200,0.00000198,-0.022200,23.256773,-0.180312
2021-10-12,,1.8400,2.0100,19.8500,65.0924,357.140000,341.902550,0.074166,-0.034154,1,1,1,1,1,5,5,5,3.0000,3.0000,0.0000,0.0000,1.0000,0.0000,1.0000,0,-0.010189,0.00000198,-0.010189,23.019820,-0.188663
2021-10-13,,1.8200,2.0100,18.6400,67.1458,360.000000,342.139150,0.074762,-0.016123,1,1,1,1,1,5,5,5,3.0000,3.0000,0.0000,0.0000,1.0000,0.0000,1.0000,0,0.023424,0.00000238,0.023424,23.559027,-0.169659
2021-10-14,,1.7900,2.0100,16.8600,74.3326,366.630000,342.407500,0.074429,-0.001469,1,1,1,1,1,5,5,5,3.0000,3.0000,0.0000,0.0000,1.0000,0.0000,1.0000,0,0.055199,0.00000198,0.055199,24.859466,-0.123825
2021-10-15,,1.8100,2.0050,16.3000,74.3326,368.940000,342.687350,0.073654,-0.011575,1,1,1,1,1,5,5,5,3.0000,3.0000,0.0000,0.0000,1.0000,0.0000,1.0000,0,0.018538,0.00000198,0.018538,25.320310,-0.107582
2021-10-18,,1.7600,2.0000,16.3100,73.3060,372.650000,342.981900,0.072732,-0.026524,1,1,1,1,1,5,5,5,3.0000,3.0000,0.0000,0.0000,1.0000,0.0000,1.0000,0,0.029990,0.00000198,0.029990,26.079677,-0.080818
2021-10-19,,1.7200,2.0000,15.7000,75.9754,375.470000,343.312700,0.073085,-0.019683,1,1,1,1,1,5,5,5,3.0000,3.0000,0.0000,0.0000,1.0000,0.0000,1.0000,0,0.021963,0.00000238,0.021963,26.652467,-0.060630
2021-10-20,,1.7200,1.9950,15.4900,78.0287,374.980000,343.628300,0.073948,-0.029775,1,1,1,1,1,5,5,5,3.0000,3.0000,0.0000,0.0000,1.0000,0.0000,1.0000,0,-0.003150,0.00000198,-0.003150,26.568507,-0.063589
2021-10-21,,1.7500,1.9900,15.0100,77.6181,377.270000,343.976950,0.073756,-0.025195,1,1,1,1,1,5,5,5,3.0000,3.0000,0.0000,0.0000,1.0000,0.0000,1.0000,0,0.017907,0.00000198,0.017907,27.044278,-0.046821
2021-10-22,,1.7400,1.9900,15.4300,78.4394,374.100000,344.272550,0.074208,-0.017477,1,1,1,1,1,5,5,5,3.0000,3.0000,0.0000,0.0000,1.0000,0.0000,1.0000,0,-0.025319,0.00000238,-0.025319,26.359541,-0.070954
2021-10-25,,1.7200,1.9900,15.2400,77.2074,377.930000,344.567050,0.073494,-0.023852,1,1,1,1,1,5,5,5,3.0000,3.0000,0.0000,0.0000,1.0000,0.0000,1.0000,0,0.030011,0.00000238,0.030011,27.150626,-0.043072
2021-10-26,,1.7300,1.9900,15.9800,77.0021,379.120000,344.890550,0.073822,-0.029345,1,1,1,1,1,5,5,5,3.0000,3.0000,0.0000,0.0000,1.0000,0.0000,1.0000,0,0.009346,0.00000238,0.009346,27.404370,-0.034129
2021-10-27,,1.7100,1.9900,16.9800,73.1006,380.000000,345.220950,0.073655,-0.028843,1,1,1,1,1,5,5,5,3.0000,3.0000,0.0000,0.0000,1.0000,0.0000,1.0000,0,0.007898,0.00000238,0.007898,27.620799,-0.026501
2021-10-28,,1.6900,1.9850,16.5300,75.7700,384.220000,345.561850,0.073431,-0.035818,1,1,1,1,1,5,5,5,3.0000,3.0000,0.0000,0.0000,1.0000,0.0000,1.0000,0,0.032829,0.00000238,0.032829,28.527561,0.000000
2021-10-29,,1.6900,1.9800,16.2600,73.9220,386.110000,345.920650,0.072847,-0.048185,1,1,1,1,1,5,5,5,3.0000,3.0000,0.0000,0.0000,1.0000,0.0000,1.0000,0,0.014781,0.00000238,0.014781,28.949225,0.000000
2021-11-01,,1.6900,1.9800,16.4100,75.5647,387.430000,346.298500,0.072983,-0.044110,1,1,1,1,1,5,5,5,3.0000,3.0000,0.0000,0.0000,1.0000,0.0000,1.0000,0,0.009861,0.00000198,0.009861,29.234687,0.000000
2021-11-02,,1.6900,1.9800,16.0300,75.3593,389.050000,346.661700,0.072754,-0.047978,1,1,1,1,1,5,5,5,3.0000,3.0000,0.0000,0.0000,1.0000,0.0000,1.0000,0,0.013338,0.00000198,0.013338,29.624632,0.000000
2021-11-03,,1.7100,1.9800,15.1000,77.8234,393.180000,347.008750,0.072043,-0.057788,1,1,1,1,1,5,5,5,3.0000,3.0000,0.0000,0.0000,1.0000,0.0000,1.0000,0,0.031742,0.00000198,0.031742,30.564978,0.000000
2021-11-04,,1.7000,1.9800,15.4400,75.5647,398.220000,347.368050,0.071309,-0.074724,1,1,1,1,1,5,5,5,3.0000,3.0000,0.0000,0.0000,1.0000,0.0000,1.0000,0,0.037297,0.00000198,0.037297,31.704961,0.000000
2021-11-05,,1.7300,1.9800,16.4800,78.6448,398.600000,347.733950,0.071735,-0.066986,1,1,1,1,1,5,5,5,3.0000,3.0000,0.0000,0.0000,1.0000,0.0000,1.0000,0,0.003707,0.00000159,0.003707,31.822504,0.000000
2021-11-08,,1.7300,1.9800,17.2200,77.6181,398.060000,348.083700,0.070608,-0.087419,1,1,1,1,1,5,5,5,3.0000,3.0000,0.0000,0.0000,1.0000,0.0000,1.0000,0,-0.004104,0.00000198,-0.004104,31.691901,-0.004104
2021-11-09,,1.6700,1.9800,17.7800,78.4394,395.320000,348.417350,0.071205,-0.082421,1,1,1,1,1,5,5,5,3.0000,3.0000,0.0000,0.0000,1.0000,0.0000,1.0000,0,-0.020605,0.00000238,-0.020605,31.038882,-0.024625
2021-11-10,,1.6700,1.9800,18.7300,77.6181,389.510000,348.767750,0.072365,-0.073600,1,1,1,1,1,5,5,5,3.0000,3.0000,0.0000,0.0000,1.0000,0.0000,1.0000,0,-0.043821,0.00000159,-0.043821,29.678739,-0.067366
2021-11-11,,1.6600,1.9800,17.6600,76.1807,390.590000,349.114100,0.071900,-0.086518,1,1,1,1,1,5,5,5,3.0000,3.0000,0.0000,0.0000,1.0000,0.0000,1.0000,0,0.008110,0.00000198,0.008110,29.919423,-0.059803
2021-11-12,,1.6600,1.9800,16.2900,77.2074,394.700000,349.514800,0.071319,-0.097352,1,1,1,1,1,5,5,5,3.0000,3.0000,0.0000,0.0000,1.0000,0.0000,1.0000,0,0.031741,0.00000198,0.031741,30.869098,-0.029960
2021-11-15,,1.6900,1.9800,16.4900,77.6181,394.610000,349.875750,0.072235,-0.088610,1,1,1,1,1,5,5,5,3.0000,3.0000,0.0000,0.0000,1.0000,0.0000,1.0000,0,-0.000302,0.00000198,-0.000302,30.859769,-0.030253
2021-11-16,,1.7000,1.9800,16.3700,76.5914,397.420000,350.224450,0.071610,-0.075598,1,1,1,1,1,5,5,5,3.0000,3.0000,0.0000,0.0000,1.0000,0.0000,1.0000,0,0.020677,0.00000198,0.020677,31.497861,-0.010202
2021-11-17,,1.7200,1.9800,17.1100,75.3593,397.630000,350.580700,0.071848,-0.064127,1,1,1,1,1,5,5,5,3.0000,3.0000,0.0000,0.0000,1.0000,0.0000,1.0000,0,0.001185,0.00000198,0.001185,31.535176,-0.009029
2021-11-18,,1.7400,1.9800,17.5900,73.7166,401.750000,350.938250,0.071232,-0.072431,1,1,1,1,1,5,5,5,3.0000,3.0000,0.0000,0.0000,1.0000,0.0000,1.0000,0,0.030588,0.00000198,0.030588,32.499777,0.000000
2021-11-19,,1.7300,1.9800,17.9100,73.1006,403.990000,351.301400,0.071765,-0.068802,1,1,1,1,1,5,5,5,3.0000,3.0000,0.0000,0.0000,1.0000,0.0000,1.0000,0,0.016936,0.00000198,0.016936,33.050178,0.000000
2021-11-22,,1.7300,1.9750,19.1700,73.9220,399.300000,351.630000,0.072406,-0.050289,1,1,1,1,1,5,5,5,3.0000,3.0000,0.0000,0.0000,1.0000,0.0000,1.0000,0,-0.034662,0.00000198,-0.034662,31.904598,-0.034662
2021-11-23,,1.7100,1.9700,19.3800,75.2049,397.480000,351.949850,0.072385,-0.047533,1,1,1,1,1,5,5,5,3.0000,3.0000,0.0000,0.0000,1.0000,0.0000,1.0000,0,-0.013626,0.00000198,-0.013626,31.469874,-0.047815
2021-11-24,,1.7300,1.9700,18.5800,74.3852,398.760000,352.279900,0.072235,-0.050101,1,1,1,1,1,5,5,5,3.0000,3.0000,0.0000,0.0000,1.0000,0.0000,1.0000,0,0.009249,0.00000238,0.009249,31.760934,-0.039009
2021-11-26,,1.7200,1.9700,28.6200,67.4180,391.200000,352.563000,0.072728,-0.054464,1,0,1,1,1,4,3,5,3.0000,3.0000,0.0000,0.0000,1.0000,0.0000,1.0000,0,-0.055161,0.00000238,-0.055161,30.008980,-0.092018
2021-11-29,,1.8200,1.9700,22.9600,69.2623,399.690000,352.879200,0.072912,-0.058287,1,0,1,1,1,4,3,4,3.0000,3.0000,0.0000,0.0000,1.0000,0.0000,1.0000,0,0.062111,0.00000238,0.062111,31.872880,-0.035622
2021-11-30,,1.8100,1.9700,27.1900,60.2459,393.820000,353.170600,0.072186,-0.059007,1,0,1,1,1,4,3,4,3.0000,3.0000,0.0000,0.0000,1.0000,0.0000,1.0000,0,-0.042967,0.00000238,-0.042967,30.503408,-0.077058
2021-12-01,,1.8100,1.9700,31.1200,55.7377,387.120000,353.436550,0.073130,-0.036958,1,0,1,1,1,4,3,4,3.0000,3.0000,0.0000,0.0000,1.0000,0.0000,1.0000,0,-0.051318,0.00000198,-0.051318,28.938030,-0.124421
2021-12-02,,1.8100,1.9700,27.9500,63.3197,389.910000,353.723750,0.072945,-0.058376,1,0,1,1,1,4,3,4,3.0000,3.0000,0.0000,0.0000,1.0000,0.0000,1.0000,0,0.018827,0.00000238,0.018827,29.482834,-0.107937
2021-12-03,,1.8000,1.9700,30.6700,61.2705,383.130000,353.984300,0.074324,-0.038987,1,0,1,1,1,4,3,4,3.0000,3.0000,0.0000,0.0000,1.0000,0.0000,1.0000,0,-0.050247,0.00000198,-0.050247,28.001415,-0.152761
2021-12-06,,1.8100,1.9700,27.1800,68.2377,386.200000,354.303100,0.074577,-0.030263,1,0,1,1,1,4,3,4,3.0000,3.0000,0.0000,0.0000,1.0000,0.0000,1.0000,0,0.023388,0.00000238,0.023388,28.656299,-0.132946
2021-12-07,,1.7900,1.9700,21.8900,71.7213,397.830000,354.684850,0.073610,-0.039664,1,0,1,1,1,4,3,4,3.0000,3.0000,0.0000,0.0000,1.0000,0.0000,1.0000,0,0.090175,0.00000198,0.090175,31.240385,-0.054759
2021-12-08,,1.7500,1.9700,19.9000,72.3361,399.610000,355.062250,0.073341,-0.045766,1,1,1,1,1,5,5,4,3.0000,3.0000,0.0000,0.0000,1.0000,0.0000,1.0000,0,0.013915,0.00000238,0.013915,31.675109,-0.041606
2021-12-09,,1.7900,1.9700,21.5800,71.3115,393.730000,355.466750,0.073743,-0.029917,1,0,1,1,1,4,3,5,3.0000,3.0000,0.0000,0.0000,1.0000,0.0000,1.0000,0,-0.043176,0.00000278,-0.043176,30.307502,-0.082985
2021-12-10,,1.8100,1.9650,18.6900,70.9016,398.010000,355.886100,0.073448,-0.027353,1,1,1,1,1,5,5,4,3.0000,3.0000,0.0000,0.0000,1.0000,0.0000,1.0000,0,0.030965,0.00000238,0.030965,31.245982,-0.054590
2021-12-13,,1.8300,1.9600,20.3100,70.2869,392.260000,356.229450,0.075016,-0.002806,1,0,1,1,1,4,3,5,3.0000,3.0000,0.0000,0.0000,1.0000,0.0000,1.0000,0,-0.042993,0.00000238,-0.042993,29.902631,-0.095235
2021-12-14,,1.8200,1.9600,21.8900,69.4672,388.200000,356.578450,0.075082,-0.009783,1,0,1,1,1,4,3,4,3.0000,3.0000,0.0000,0.0000,1.0000,0.0000,1.0000,0,-0.029762,0.00000198,-0.029762,29.012661,-0.122163
2021-12-15,,1.8200,1.9600,19.2900,70.9016,397.050000,357.017900,0.075138,-0.007208,1,1,1,1,1,5,5,4,3.0000,3.0000,0.0000,0.0000,1.0000,0.0000,1.0000,0,0.066174,0.00000198,0.066174,30.932534,-0.064074
2021-12-16,,1.8300,1.9600,20.5700,71.3115,386.840000,357.431600,0.076193,0.018903,1,0,1,1,0,3,1,5,3.0000,3.0000,0.0000,0.0000,1.0000,0.0000,1.0000,0,-0.076301,0.00000198,-0.076301,28.572340,-0.135486
2021-12-17,,1.8700,1.9600,21.5700,66.3934,384.910000,357.812750,0.076119,0.035949,1,0,1,1,0,3,1,3,3.0000,3.0000,0.0000,0.0000,1.0000,0.0000,1.0000,0,-0.015280,0.00000198,-0.015280,28.135751,-0.148696
2021-12-20,,1.8700,1.9600,22.8700,61.2705,380.690000,358.216500,0.076410,0.042456,1,0,1,1,0,3,1,3,3.0000,3.0000,0.0000,0.0000,1.0000,0.0000,1.0000,0,-0.029907,0.00000198,-0.029907,27.294290,-0.174156
2021-12-21,,1.8900,1.9600,21.0100,67.4180,389.210000,358.603700,0.074969,0.032476,1,0,1,1,0,3,1,3,3.0000,3.0000,0.0000,0.0000,1.0000,0.0000,1.0000,0,0.066854,0.00000278,0.066854,29.119009,-0.118945
2021-12-22,,1.8800,1.9600,18.6300,68.0328,393.950000,359.019050,0.074547,0.018751,1,1,1,1,0,4,3,3,3.0000,3.0000,0.0000,0.0000,1.0000,0.0000,1.0000,0,0.035689,0.00000278,0.035689,30.158241,-0.087501
2021-12-23,,1.8600,1.9600,17.9600,70.4918,396.920000,359.413450,0.074076,-0.000432,1,1,1,1,1,5,5,4,3.0000,3.0000,0.0000,0.0000,1.0000,0.0000,1.0000,0,0.023756,0.00000317,0.023756,30.874695,-0.065824
2021-12-27,,1.8600,1.9600,17.6800,73.9754,403.480000,359.853550,0.073398,-0.015387,1,1,1,1,1,5,5,5,3.0000,3.0000,0.0000,0.0000,1.0000,0.0000,1.0000,0,0.047800,0.00000278,0.047800,32.350516,-0.021170
2021-12-28,,1.8600,1.9600,17.5400,74.5902,401.610000,360.267450,0.074119,0.008435,1,1,1,1,0,4,3,5,3.0000,3.0000,0.0000,0.0000,1.0000,0.0000,1.0000,0,-0.011765,0.00000238,-0.011765,31.969900,-0.032686
2021-12-29,,1.8600,1.9600,16.9500,75.2049,401.550000,360.672300,0.074422,-0.016505,1,1,1,1,1,5,5,4,3.0000,3.0000,0.0000,0.0000,1.0000,0.0000,1.0000,0,-0.001576,0.00000238,-0.001576,31.919524,-0.034210
2021-12-30,,1.8500,1.9550,17.3300,74.3852,400.350000,361.064550,0.074901,0.004757,1,1,1,1,0,4,3,5,3.0000,3.0000,0.0000,0.0000,1.0000,0.0000,1.0000,0,-0.009352,0.00000198,-0.009352,31.621001,-0.043243
2021-12-31,,1.8500,1.9500,17.2200,75.0000,397.850000,361.493600,0.075354,-0.000955,1,1,1,1,1,5,5,4,3.0000,3.0000,0.0000,0.0000,1.0000,0.0000,1.0000,0,-0.018586,0.00000198,-0.018586,31.033285,-0.061025
2022-01-03,,1.8500,1.9500,16.6000,76.2295,401.680000,361.936300,0.074177,-0.002891,1,1,1,1,1,5,5,5,3.0000,3.0000,0.0000,0.0000,1.0000,0.0000,1.0000,0,0.028858,0.00000238,0.028858,31.928853,-0.033928
2022-01-04,,1.8200,1.9500,16.9100,77.4590,396.470000,362.325600,0.073971,0.000137,1,1,1,1,0,4,3,5,3.0000,3.0000,0.0000,0.0000,1.0000,0.0000,1.0000,0,-0.038859,0.00000317,-0.038859,30.688118,-0.071469
2022-01-05,,1.8400,1.9500,19.7300,73.7705,384.290000,362.660950,0.075377,0.027677,1,1,1,1,0,4,3,4,3.0000,3.0000,0.0000,0.0000,1.0000,0.0000,1.0000,0,-0.091987,0.00000317,-0.091987,27.865215,-0.156882
2022-01-06,,1.8000,1.9500,19.6100,72.1311,384.020000,363.021700,0.074668,0.007295,1,1,1,1,0,4,3,4,3.0000,3.0000,0.0000,0.0000,1.0000,0.0000,1.0000,0,-0.002745,0.00000357,-0.002745,27.788718,-0.159196
2022-01-07,,1.7800,1.9500,18.7600,72.3361,379.860000,363.364350,0.075533,0.011037,1,1,1,1,0,4,3,4,3.0000,3.0000,0.0000,0.0000,1.0000,0.0000,1.0000,0,-0.032698,0.00000397,-0.032698,26.880090,-0.186688
2022-01-10,,1.7800,1.9500,19.4000,71.1066,380.110000,363.684900,0.075133,0.009940,1,1,1,1,0,4,3,4,3.0000,3.0000,0.0000,0.0000,1.0000,0.0000,1.0000,0,0.003679,0.00000397,0.003679,26.978976,-0.183697
2022-01-11,,1.7600,1.9500,18.4100,73.1557,385.820000,364.034450,0.073784,0.001862,1,1,1,1,0,4,3,4,3.0000,3.0000,0.0000,0.0000,1.0000,0.0000,1.0000,0,0.043983,0.00000516,0.043983,28.165603,-0.147793
2022-01-12,,1.7600,1.9500,17.6200,74.3852,387.350000,364.399600,0.073819,0.015736,1,1,1,1,0,4,3,4,3.0000,3.0000,0.0000,0.0000,1.0000,0.0000,1.0000,0,0.011394,0.00000436,0.011394,28.486515,-0.138083
2022-01-13,,1.7700,1.9500,20.3100,72.7459,377.660000,364.692250,0.075216,0.030055,1,0,1,1,0,3,1,4,3.0000,3.0000,0.0000,0.0000,1.0000,0.0000,1.0000,0,-0.072570,0.00000476,-0.072570,26.419246,-0.200632
2022-01-14,,1.8000,1.9450,19.1900,68.6475,380.010000,364.969450,0.074669,0.010004,1,1,1,1,0,4,3,3,3.0000,3.0000,0.0000,0.0000,1.0000,0.0000,1.0000,0,0.015113,0.00000476,0.015113,26.818520,-0.188551
2022-01-18,,1.7900,1.9400,22.7900,61.8852,370.550000,365.166950,0.075106,0.018416,1,0,1,1,0,3,1,4,3.0000,3.0000,0.0000,0.0000,1.0000,0.0000,1.0000,0,-0.072075,0.00000516,-0.072075,24.885586,-0.247036
2022-01-19,,1.7800,1.9400,23.8500,58.8115,366.480000,365.345250,0.076237,0.027261,1,0,1,1,0,3,1,3,3.0000,3.0000,0.0000,0.0000,1.0000,0.0000,1.0000,0,-0.034788,0.00000634,-0.034788,24.019871,-0.273230
2022-01-20,,1.7700,1.9400,25.5900,54.3033,361.720000,365.495750,0.077191,0.049335,1,0,1,0,0,2,-1,3,3.0000,3.0000,0.0000,0.0000,1.0000,0.0000,1.0000,0,-0.038683,0.00000674,-0.038683,23.090719,-0.301344
2022-01-21,,1.7900,1.9350,28.8500,50.8197,351.690000,365.578800,0.078588,0.062012,1,0,1,0,0,2,-1,2,0.0000,0.0000,0.0000,0.0000,0.0000,1.0000,0.0000,1,-0.084195,0.00000674,-0.020558,22.616022,-0.315706
2022-01-24,,1.8400,1.9300,29.9000,52.8689,353.300000,365.659750,0.077505,0.050652,1,0,1,0,0,2,-1,2,0.0000,0.0000,0.0000,0.0000,0.0000,1.0000,0.0000,0,0.014470,0.00000674,0.000007,22.616175,-0.315702
2022-01-25,,1.8900,1.9300,31.1600,47.1311,345.110000,365.701950,0.077232,0.049067,1,0,0,0,0,1,-3,2,0.0000,0.0000,0.0000,0.0000,0.0000,1.0000,0.0000,0,-0.073752,0.00000753,0.000008,22.616345,-0.315697
2022-01-26,,1.9100,1.9300,31.9600,42.5358,344.570000,365.721800,0.076792,0.051100,1,0,0,0,0,1,-3,1,0.0000,0.0000,0.0000,0.0000,0.0000,1.0000,0.0000,0,-0.001878,0.00000753,0.000008,22.616515,-0.315692
2022-01-27,,1.8400,1.9250,30.4900,40.0000,341.100000,365.744750,0.077857,0.062603,1,0,0,0,0,1,-3,1,0.0000,0.0000,0.0000,0.0000,0.0000,1.0000,0.0000,0,-0.029915,0.00000753,0.000008,22.616686,-0.315686
2022-01-28,,1.8600,1.9200,27.6600,46.9388,351.800000,365.795700,0.076887,0.054350,1,0,0,0,0,1,-3,1,0.0000,0.0000,0.0000,0.0000,0.0000,1.0000,0.0000,0,0.093289,0.00000793,0.000008,22.616865,-0.315681
2022-01-31,,1.9100,1.9200,24.8300,53.0612,363.050000,365.900900,0.076960,0.066068,1,0,1,0,0,2,-1,1,0.0000,0.0000,0.0000,0.0000,0.0000,1.0000,0.0000,0,0.096860,0.00000753,0.000008,22.617036,-0.315676
2022-02-01,,1.9300,1.9200,21.9600,55.7143,365.520000,366.034100,0.075428,0.056029,0,0,1,0,0,1,-3,2,0.0000,0.0000,0.0000,0.0000,0.0000,1.0000,0.0000,0,0.019085,0.00000872,0.000009,22.617233,-0.315670
2022-02-02,,1.9200,1.9200,22.0900,59.3878,368.490000,366.194500,0.075806,0.055400,1,0,1,1,0,3,1,1,0.0000,0.0000,0.0000,0.0000,0.0000,1.0000,0.0000,0,0.023647,0.00000753,0.000008,22.617403,-0.315665
2022-02-03,,1.9100,1.9200,24.3500,52.8571,353.550000,366.265800,0.077284,0.090053,1,0,1,0,0,2,-1,3,3.0000,3.0000,0.0000,0.0000,1.0000,0.0000,1.0000,1,-0.120310,0.00000753,-0.043677,21.629542,-0.345554
2022-02-04,,1.9200,1.9200,23.2200,50.6122,358.010000,366.379850,0.076309,0.068814,1,0,1,0,0,2,-1,2,0.0000,0.0000,0.0000,0.0000,0.0000,1.0000,0.0000,1,0.034544,0.00000793,0.002091,21.674763,-0.344186
2022-02-07,,1.9200,1.9200,22.8600,50.4082,355.130000,366.458400,0.076443,0.054364,1,0,1,0,0,2,-1,2,0.0000,0.0000,0.0000,0.0000,0.0000,1.0000,0.0000,0,-0.022658,0.00000912,0.000009,21.674961,-0.344180
2022-02-08,,1.9300,1.9200,21.4400,54.8980,359.120000,366.545850,0.075875,0.053755,0,0,1,0,0,1,-3,2,0.0000,0.0000,0.0000,0.0000,0.0000,1.0000,0.0000,0,0.033990,0.00001070,0.000011,21.675193,-0.344173
2022-02-09,,1.9100,1.9200,19.9600,61.0204,366.730000,366.678750,0.075108,0.052031,1,1,1,1,0,4,3,1,0.0000,0.0000,0.0000,0.0000,0.0000,1.0000,0.0000,0,0.062036,0.00000991,0.000010,21.675407,-0.344167
2022-02-10,,1.9200,1.9200,23.9100,52.2449,358.430000,366.775900,0.074546,0.030747,1,0,1,0,0,2,-1,4,3.0000,3.0000,0.0000,0.0000,1.0000,0.0000,1.0000,1,-0.066349,0.00001030,-0.008450,21.492254,-0.349708
2022-02-11,,1.9100,1.9200,27.3600,46.3265,347.060000,366.810100,0.076091,0.058735,1,0,0,0,0,1,-3,2,0.0000,0.0000,0.0000,0.0000,0.0000,1.0000,0.0000,1,-0.094186,0.00001584,-0.000880,21.473343,-0.350281
2022-02-14,,2.0000,1.9200,28.3300,43.2653,347.490000,366.857600,0.075691,0.050163,0,0,0,0,0,0,-5,1,0.0000,0.0000,0.0000,0.0000,0.0000,1.0000,0.0000,0,0.002815,0.00001426,0.000014,21.473650,-0.350271
2022-02-15,,2.0000,1.9200,25.7000,49.5918,356.130000,366.957300,0.074143,0.038799,0,0,0,0,0,0,-5,0,0.0000,0.0000,0.0000,0.0000,0.0000,1.0000,0.0000,0,0.072431,0.00001703,0.000017,21.474015,-0.350260
2022-02-16,,1.9900,1.9200,24.2900,50.6122,356.040000,367.086800,0.074227,0.032679,0,0,1,0,0,1,-3,0,0.0000,0.0000,0.0000,0.0000,0.0000,1.0000,0.0000,0,-0.000175,0.00001584,0.000016,21.474355,-0.350250
2022-02-17,,2.0500,1.9200,28.1100,44.8980,345.450000,367.168900,0.075893,0.045019,0,0,0,0,0,0,-5,1,0.0000,0.0000,0.0000,0.0000,0.0000,1.0000,0.0000,0,-0.088672,0.00001505,0.000015,21.474679,-0.350240
2022-02-18,,2.1200,1.9200,27.7500,44.0816,341.510000,367.218900,0.076250,0.049519,0,0,0,0,0,0,-5,0,0.0000,0.0000,0.0000,0.0000,0.0000,1.0000,0.0000,0,-0.033902,0.00001426,0.000014,21.474985,-0.350231
2022-02-22,,2.1300,1.9200,28.8100,41.0204,338.080000,367.238300,0.076996,0.060307,0,0,0,0,0,0,-5,0,0.0000,0.0000,0.0000,0.0000,0.0000,1.0000,0.0000,0,-0.030928,0.00001386,0.000014,21.475283,-0.350222
2022-02-23,,2.1300,1.9200,31.0200,35.7143,329.420000,367.256600,0.077059,0.054745,0,0,0,0,0,0,-5,0,0.0000,0.0000,0.0000,0.0000,0.0000,1.0000,0.0000,0,-0.076514,0.00001466,0.000015,21.475597,-0.350212
2022-02-24,,2.1000,1.9200,30.3200,37.7551,340.490000,367.332500,0.076523,0.045659,0,0,0,0,0,0,-5,0,0.0000,0.0000,0.0000,0.0000,0.0000,1.0000,0.0000,0,0.097918,0.00001347,0.000013,21.475887,-0.350204
2022-02-25,,2.2400,1.9200,27.5900,46.5306,345.770000,367.476900,0.077190,0.066615,0,0,0,0,0,0,-5,0,0.0000,0.0000,0.0000,0.0000,0.0000,1.0000,0.0000,0,0.047417,0.00001268,0.000013,21.476159,-0.350195
2022-02-28,,2.2000,1.9200,30.1500,46.1224,346.800000,367.614200,0.077789,0.061749,0,0,0,0,0,0,-5,0,0.0000,0.0000,0.0000,0.0000,0.0000,1.0000,0.0000,0,0.010595,0.00001307,0.000013,21.476440,-0.350187
2022-03-01,,2.3400,1.9200,33.3200,38.9796,341.490000,367.689700,0.078306,0.069089,0,0,0,0,0,0,-5,0,0.0000,0.0000,0.0000,0.0000,0.0000,1.0000,0.0000,0,-0.046130,0.00001386,0.000014,21.476737,-0.350178
2022-03-02,,2.2500,1.9200,30.7400,46.5306,347.220000,367.803750,0.077828,0.045527,0,0,0,0,0,0,-5,0,0.0000,0.0000,0.0000,0.0000,0.0000,1.0000,0.0000,0,0.047762,0.00001268,0.000013,21.477010,-0.350170
2022-03-03,,2.2400,1.9200,30.4800,45.9184,342.260000,367.903950,0.079594,0.063897,0,0,0,0,0,0,-5,0,0.0000,0.0000,0.0000,0.0000,0.0000,1.0000,0.0000,0,-0.041770,0.00001347,0.000013,21.477299,-0.350161
2022-03-04,,2.2400,1.9200,31.9800,44.2857,337.300000,367.977500,0.082016,0.105397,0,0,0,0,0,0,-5,0,0.0000,0.0000,0.0000,0.0000,0.0000,1.0000,0.0000,0,-0.042795,0.00001505,0.000015,21.477622,-0.350151
2022-03-07,,2.3100,1.9200,36.4500,34.8980,324.860000,367.957650,0.085604,0.149373,0,0,0,0,0,0,-5,0,0.0000,0.0000,0.0000,0.0000,0.0000,1.0000,0.0000,0,-0.111666,0.00001347,0.000013,21.477911,-0.350142
2022-03-08,,2.3200,1.9200,35.1300,33.2653,323.350000,367.939350,0.084925,0.135345,0,0,0,0,0,0,-5,0,0.0000,0.0000,0.0000,0.0000,0.0000,1.0000,0.0000,0,-0.013811,0.00001505,0.000015,21.478235,-0.350133
2022-03-09,,2.3500,1.9200,32.4500,38.5714,334.990000,367.951750,0.082123,0.107231,0,0,0,0,0,0,-5,0,0.0000,0.0000,0.0000,0.0000,0.0000,1.0000,0.0000,0,0.107050,0.00001426,0.000014,21.478541,-0.350123
2022-03-10,,2.3200,1.9200,30.2300,37.9592,331.270000,367.943250,0.083047,0.097640,0,0,0,0,0,0,-5,0,0.0000,0.0000,0.0000,0.0000,0.0000,1.0000,0.0000,0,-0.032161,0.00001505,0.000015,21.478864,-0.350114
2022-03-11,,2.3800,1.9200,30.7500,36.1224,324.400000,367.894600,0.083831,0.105642,0,0,0,0,0,0,-5,0,0.0000,0.0000,0.0000,0.0000,0.0000,1.0000,0.0000,0,-0.062029,0.00001545,0.000015,21.479196,-0.350103
2022-03-14,,2.3500,1.9200,31.7700,36.9388,318.170000,367.821050,0.084353,0.108665,0,0,0,0,0,0,-5,0,0.0000,0.0000,0.0000,0.0000,0.0000,1.0000,0.0000,0,-0.058573,0.00001584,0.000016,21.479536,-0.350093
2022-03-15,,2.3300,1.9200,29.8300,39.5918,328.150000,367.792150,0.083593,0.088746,0,0,0,0,0,0,-5,0,0.0000,0.0000,0.0000,0.0000,0.0000,1.0000,0.0000,0,0.092574,0.00001782,0.000018,21.479919,-0.350082
2022-03-16,,2.3600,1.9200,26.6700,43.8776,340.320000,367.829650,0.081631,0.068587,0,0,0,0,0,0,-5,0,0.0000,0.0000,0.0000,0.0000,0.0000,1.0000,0.0000,0,0.112285,0.00001821,0.000018,21.480310,-0.350070
2022-03-17,,2.2300,1.9200,25.6700,46.9388,344.440000,367.884500,0.080962,0.057755,0,0,0,0,0,0,-5,0,0.0000,0.0000,0.0000,0.0000,0.0000,1.0000,0.0000,0,0.033443,0.00001742,0.000017,21.480684,-0.350058
2022-03-18,,2.1700,1.9200,23.8700,50.6122,351.490000,367.991950,0.079648,0.059914,0,0,1,0,0,1,-3,0,0.0000,0.0000,0.0000,0.0000,0.0000,1.0000,0.0000,0,0.062125,0.00001584,0.000016,21.481025,-0.350048
2022-03-21,,2.1400,1.9200,23.5300,49.1837,350.080000,368.064350,0.079671,0.065308,0,0,0,0,0,0,-5,1,0.0000,0.0000,0.0000,0.0000,0.0000,1.0000,0.0000,0,-0.007147,0.00001663,0.000017,21.481382,-0.350037
2022-03-22,,2.0700,1.9200,22.9400,51.2245,356.960000,368.166150,0.078861,0.061713,0,0,1,0,0,1,-3,0,0.0000,0.0000,0.0000,0.0000,0.0000,1.0000,0.0000,0,0.059102,0.00002137,0.000021,21.481841,-0.350023
2022-03-23,,2.0500,1.9200,23.5700,46.9388,351.830000,368.241500,0.080002,0.083668,0,0,0,0,0,0,-5,1,0.0000,0.0000,0.0000,0.0000,0.0000,1.0000,0.0000,0,-0.042211,0.00002019,0.000020,21.482275,-0.350010
2022-03-24,,2.0300,1.9200,21.6700,51.2245,359.650000,368.355550,0.079624,0.070173,0,0,1,0,0,1,-3,0,0.0000,0.0000,0.0000,0.0000,0.0000,1.0000,0.0000,0,0.064799,0.00001979,0.000020,21.482700,-0.349997
2022-03-25,,2.0100,1.9200,20.8100,52.4490,359.350000,368.450550,0.080386,0.075979,0,0,1,0,0,1,-3,1,0.0000,0.0000,0.0000,0.0000,0.0000,1.0000,0.0000,0,-0.001578,0.00002058,0.000021,21.483142,-0.349984
2022-03-28,,1.9600,1.9200,19.6300,54.4898,364.910000,368.568900,0.080334,0.069445,0,1,1,0,0,2,-1,1,0.0000,0.0000,0.0000,0.0000,0.0000,1.0000,0.0000,0,0.045494,0.00002177,0.000022,21.483610,-0.349970
2022-03-29,,1.9400,1.9200,18.9000,61.0204,371.190000,368.702300,0.080089,0.061064,0,1,1,1,0,3,1,2,0.0000,0.0000,0.0000,0.0000,0.0000,1.0000,0.0000,0,0.051243,0.00002334,0.000023,21.484111,-0.349955
2022-03-30,,1.9100,1.9150,19.3300,57.3469,367.090000,368.826450,0.081251,0.091579,1,1,1,0,0,3,1,3,3.0000,3.0000,0.0000,0.0000,1.0000,0.0000,1.0000,1,-0.030046,0.00002177,-0.016226,21.135511,-0.360502
2022-03-31,,1.9300,1.9150,20.5600,52.4490,362.540000,368.934100,0.082433,0.108184,0,0,1,0,0,1,-3,3,3.0000,3.0000,0.0000,0.0000,1.0000,0.0000,1.0000,0,-0.041358,0.00002177,-0.041358,20.261394,-0.386951
2022-04-01,,1.9300,1.9150,19.6300,52.8571,361.850000,369.016650,0.083348,0.102261,0,1,1,0,0,2,-1,1,0.0000,0.0000,0.0000,0.0000,0.0000,1.0000,0.0000,1,-0.004297,0.00002058,0.004096,20.344388,-0.384439
2022-04-04,,1.8100,1.9100,18.5700,54.0816,369.300000,369.150000,0.082005,0.095930,1,1,1,1,0,4,3,2,0.0000,0.0000,0.0000,0.0000,0.0000,1.0000,0.0000,0,0.062489,0.00002098,0.000021,20.344815,-0.384426
2022-04-05,,1.8100,1.9100,21.0300,49.1837,361.100000,369.233700,0.083575,0.103040,1,0,0,0,0,1,-3,4,3.0000,3.0000,0.0000,0.0000,1.0000,0.0000,1.0000,1,-0.066125,0.00002610,-0.055080,19.224212,-0.418333
2022-04-06,,1.7700,1.9100,22.1000,48.1633,353.260000,369.262150,0.086099,0.140008,1,0,0,0,0,1,-3,1,0.0000,0.0000,0.0000,0.0000,0.0000,1.0000,0.0000,1,-0.065762,0.00002571,-0.046468,18.330907,-0.445361
2022-04-07,,1.7700,1.9100,21.5500,48.3673,354.100000,369.293950,0.085456,0.151125,1,0,0,0,0,1,-3,1,0.0000,0.0000,0.0000,0.0000,0.0000,1.0000,0.0000,0,0.006518,0.00002650,0.000026,18.331393,-0.445347
2022-04-08,,1.7800,1.9100,21.1600,47.3469,349.150000,369.290250,0.085975,0.156487,1,0,0,0,0,1,-3,1,0.0000,0.0000,0.0000,0.0000,0.0000,1.0000,0.0000,0,-0.040888,0.00002689,0.000027,18.331886,-0.445332
2022-04-11,,1.7800,1.9100,24.3700,46.1224,340.890000,369.247400,0.086277,0.139269,1,0,0,0,0,1,-3,1,0.0000,0.0000,0.0000,0.0000,0.0000,1.0000,0.0000,0,-0.070988,0.00002768,0.000028,18.332393,-0.445316
2022-04-12,,1.8200,1.9100,24.2600,44.8980,339.450000,369.176100,0.086929,0.154856,1,0,0,0,0,1,-3,1,0.0000,0.0000,0.0000,0.0000,0.0000,1.0000,0.0000,0,-0.012874,0.00003044,0.000030,18.332951,-0.445299
2022-04-13,,1.9200,1.9100,21.8200,47.1429,346.350000,369.132900,0.085775,0.137958,0,0,0,0,0,0,-5,1,0.0000,0.0000,0.0000,0.0000,0.0000,1.0000,0.0000,0,0.059950,0.00002926,0.000029,18.333488,-0.445283
2022-04-14,,1.9400,1.9100,22.7000,46.5306,338.430000,369.052900,0.086902,0.135577,0,0,0,0,0,0,-5,0,0.0000,0.0000,0.0000,0.0000,0.0000,1.0000,0.0000,0,-0.067275,0.00002965,0.000030,18.334031,-0.445267
2022-04-18,,1.9300,1.9100,22.1700,46.1224,338.690000,368.973500,0.086399,0.116942,0,0,0,0,0,0,-5,0,0.0000,0.0000,0.0000,0.0000,0.0000,1.0000,0.0000,0,0.002766,0.00003123,0.000031,18.334604,-0.445249
2022-04-19,,1.9400,1.9100,21.3700,48.7755,346.260000,368.911600,0.085577,0.090359,0,0,0,0,0,0,-5,0,0.0000,0.0000,0.0000,0.0000,0.0000,1.0000,0.0000,0,0.064290,0.00003201,0.000032,18.335191,-0.445232
2022-04-20,,1.9100,1.9100,20.3200,51.2245,341.210000,368.816700,0.086337,0.115211,1,0,1,0,0,2,-1,0,0.0000,0.0000,0.0000,0.0000,0.0000,1.0000,0.0000,0,-0.045056,0.00003201,0.000032,18.335778,-0.445214
2022-04-21,,1.9100,1.9100,22.6800,48.1633,334.150000,368.682700,0.086198,0.117054,1,0,0,0,0,1,-3,2,0.0000,0.0000,0.0000,0.0000,0.0000,1.0000,0.0000,0,-0.058664,0.00003241,0.000032,18.336372,-0.445196
2022-04-22,,1.9300,1.9100,28.2100,43.2653,325.400000,368.515850,0.087140,0.132471,0,0,0,0,0,0,-5,1,0.0000,0.0000,0.0000,0.0000,0.0000,1.0000,0.0000,0,-0.079397,0.00003280,0.000033,18.336973,-0.445178
2022-04-25,,1.9600,1.9100,27.0200,44.0816,329.580000,368.358700,0.086042,0.104469,0,0,0,0,0,0,-5,0,0.0000,0.0000,0.0000,0.0000,0.0000,1.0000,0.0000,0,0.037099,0.00003280,0.000033,18.337575,-0.445160
2022-04-26,,2.0300,1.9100,33.5200,41.4286,317.140000,368.132300,0.087719,0.132652,0,0,0,0,0,0,-5,0,0.0000,0.0000,0.0000,0.0000,0.0000,1.0000,0.0000,0,-0.112427,0.00003595,0.000036,18.338234,-0.445140
2022-04-27,,2.0600,1.9100,31.6000,41.6327,316.760000,367.904000,0.087054,0.121645,0,0,0,0,0,0,-5,0,0.0000,0.0000,0.0000,0.0000,0.0000,1.0000,0.0000,0,-0.004449,0.00003280,0.000033,18.338836,-0.445121
2022-04-28,,2.0500,1.9100,29.9900,44.6939,328.010000,367.728700,0.085856,0.130580,0,0,0,0,0,0,-5,0,0.0000,0.0000,0.0000,0.0000,0.0000,1.0000,0.0000,0,0.105678,0.00003241,0.000032,18.339430,-0.445103
2022-04-29,,2.0600,1.9100,33.4000,34.8980,313.250000,367.492350,0.086481,0.126848,0,0,0,0,0,0,-5,0,0.0000,0.0000,0.0000,0.0000,0.0000,1.0000,0.0000,0,-0.131479,0.00003241,0.000032,18.340024,-0.445085
2022-05-02,,2.0500,1.9100,32.3400,33.6735,318.480000,367.296750,0.085083,0.093651,0,0,0,0,0,0,-5,0,0.0000,0.0000,0.0000,0.0000,0.0000,1.0000,0.0000,0,0.047085,0.00003359,0.000034,18.340640,-0.445067
2022-05-03,,2.0800,1.9100,29.2500,36.5306,318.820000,367.117500,0.085018,0.105909,0,0,0,0,0,0,-5,0,0.0000,0.0000,0.0000,0.0000,0.0000,1.0000,0.0000,0,0.002353,0.00003556,0.000036,18.341292,-0.445047
2022-05-04,,2.0500,1.9100,25.4200,41.6327,329.600000,366.971550,0.084347,0.099189,0,0,0,0,0,0,-5,0,0.0000,0.0000,0.0000,0.0000,0.0000,1.0000,0.0000,0,0.099113,0.00003595,0.000036,18.341952,-0.445027
2022-05-05,,2.0800,1.9100,31.2000,36.7347,313.000000,366.728750,0.086561,0.129248,0,0,0,0,0,0,-5,0,0.0000,0.0000,0.0000,0.0000,0.0000,1.0000,0.0000,0,-0.149027,0.00003516,0.000035,18.342597,-0.445008
2022-05-06,,2.1000,1.9100,30.1900,35.1020,309.250000,366.455250,0.087774,0.151608,0,0,0,0,0,0,-5,0,0.0000,0.0000,0.0000,0.0000,0.0000,1.0000,0.0000,0,-0.034858,0.00003359,0.000034,18.343213,-0.444989
2022-05-09,,2.0900,1.9100,34.7500,30.8163,297.150000,366.100000,0.089999,0.183700,0,0,0,0,0,0,-5,0,0.0000,0.0000,0.0000,0.0000,0.0000,1.0000,0.0000,0,-0.118174,0.00003359,0.000034,18.343829,-0.444970
2022-05-10,,2.1700,1.9100,32.9900,29.1837,300.760000,365.761350,0.088702,0.150168,0,0,0,0,0,0,-5,0,0.0000,0.0000,0.0000,0.0000,0.0000,1.0000,0.0000,0,0.034404,0.00003634,0.000036,18.344496,-0.444950
2022-05-11,,2.1600,1.9100,32.5600,27.9592,291.840000,365.398400,0.090783,0.178370,0,0,0,0,0,0,-5,0,0.0000,0.0000,0.0000,0.0000,0.0000,1.0000,0.0000,0,-0.089009,0.00003516,0.000035,18.345141,-0.444931
2022-05-12,,2.1700,1.9100,31.7700,28.3096,291.150000,365.025000,0.089960,0.187631,0,0,0,0,0,0,-5,0,0.0000,0.0000,0.0000,0.0000,0.0000,1.0000,0.0000,0,-0.007997,0.00003595,0.000036,18.345800,-0.444911
2022-05-13,,2.2000,1.9100,28.8700,31.9756,301.940000,364.702300,0.088905,0.177868,0,0,0,0,0,0,-5,0,0.0000,0.0000,0.0000,0.0000,0.0000,1.0000,0.0000,0,0.108658,0.00003791,0.000038,18.346496,-0.444890
2022-05-16,,2.2400,1.9100,27.4700,31.9756,298.440000,364.371650,0.089542,0.164630,0,0,0,0,0,0,-5,0,0.0000,0.0000,0.0000,0.0000,0.0000,1.0000,0.0000,0,-0.030983,0.00004066,0.000041,18.347242,-0.444867
2022-05-17,,2.2900,1.9100,26.1000,35.2342,306.170000,364.079500,0.088644,0.152843,0,0,0,0,0,0,-5,0,0.0000,0.0000,0.0000,0.0000,0.0000,1.0000,0.0000,0,0.075367,0.00004224,0.000042,18.348017,-0.444844
2022-05-18,,2.2700,1.9100,30.9600,27.4949,291.140000,363.701150,0.091474,0.171535,0,0,0,0,0,0,-5,0,0.0000,0.0000,0.0000,0.0000,0.0000,1.0000,0.0000,0,-0.145934,0.00004184,0.000042,18.348784,-0.444820
2022-05-19,,2.3100,1.9100,29.3500,25.8656,289.580000,363.312350,0.091845,0.177107,0,0,0,0,0,0,-5,0,0.0000,0.0000,0.0000,0.0000,0.0000,1.0000,0.0000,0,-0.020249,0.00004066,0.000041,18.349530,-0.444798
2022-05-20,,2.3700,1.9100,29.4300,24.8473,288.680000,362.907400,0.092062,0.184719,0,0,0,0,0,0,-5,0,0.0000,0.0000,0.0000,0.0000,0.0000,1.0000,0.0000,0,-0.008702,0.00004145,0.000041,18.350291,-0.444775
2022-05-23,,2.3600,1.9100,28.4800,27.6986,293.480000,362.534550,0.091454,0.167555,0,0,0,0,0,0,-5,0,0.0000,0.0000,0.0000,0.0000,0.0000,1.0000,0.0000,0,0.049378,0.00004066,0.000041,18.351037,-0.444752
2022-05-24,,2.3300,1.9100,29.4500,29.3279,287.240000,362.127100,0.093998,0.187979,0,0,0,0,0,0,-5,0,0.0000,0.0000,0.0000,0.0000,0.0000,1.0000,0.0000,0,-0.062391,0.00004224,0.000042,18.351812,-0.444729
2022-05-25,,2.3400,1.9100,28.3700,30.1426,291.260000,361.749200,0.093112,0.174742,0,0,0,0,0,0,-5,0,0.0000,0.0000,0.0000,0.0000,0.0000,1.0000,0.0000,0,0.040149,0.00004184,0.000042,18.352580,-0.444706
2022-05-26,,2.2900,1.9100,27.5000,32.7902,299.330000,361.414800,0.091547,0.163164,0,0,0,0,0,0,-5,0,0.0000,0.0000,0.0000,0.0000,0.0000,1.0000,0.0000,0,0.083631,0.00004184,0.000042,18.353348,-0.444682
2022-05-27,,2.2500,1.9100,25.7200,36.8635,309.100000,361.122650,0.090750,0.133584,0,0,0,0,0,0,-5,0,0.0000,0.0000,0.0000,0.0000,0.0000,1.0000,0.0000,0,0.097955,0.00004224,0.000042,18.354123,-0.444659
2022-05-31,,2.2600,1.9100,26.1900,35.6415,308.280000,360.819950,0.090003,0.093045,0,0,0,0,0,0,-5,0,0.0000,0.0000,0.0000,0.0000,0.0000,1.0000,0.0000,0,-0.007209,0.00004263,0.000043,18.354906,-0.444635
2022-06-01,,2.1800,1.9100,25.6900,32.7902,306.000000,360.505050,0.090591,0.056882,0,0,0,0,0,0,-5,0,0.0000,0.0000,0.0000,0.0000,0.0000,1.0000,0.0000,0,-0.023298,0.00004577,0.000046,18.355746,-0.444610
2022-06-02,,2.0800,1.9100,24.7200,35.4379,314.380000,360.248300,0.089497,0.053980,0,0,0,0,0,0,-5,0,0.0000,0.0000,0.0000,0.0000,0.0000,1.0000,0.0000,0,0.081165,0.00004538,0.000045,18.356579,-0.444585
2022-06-03,,2.1000,1.9100,24.7900,32.5866,306.200000,359.968250,0.090551,0.098587,0,0,0,0,0,0,-5,0,0.0000,0.0000,0.0000,0.0000,0.0000,1.0000,0.0000,0,-0.079083,0.00004616,0.000046,18.357426,-0.444559
2022-06-06,,2.0900,1.9100,25.0700,34.4196,307.220000,359.684550,0.090677,0.088918,0,0,0,0,0,0,-5,0,0.0000,0.0000,0.0000,0.0000,0.0000,1.0000,0.0000,0,0.012446,0.00004773,0.000048,18.358302,-0.444532
2022-06-07,,2.0800,1.9100,24.0200,36.6599,309.870000,359.395250,0.090357,0.077041,0,0,0,0,0,0,-5,0,0.0000,0.0000,0.0000,0.0000,0.0000,1.0000,0.0000,0,0.024278,0.00004969,0.000050,18.359214,-0.444505
2022-06-08,,2.0700,1.9100,23.9600,31.9756,307.640000,359.067300,0.089563,0.060911,0,0,0,0,0,0,-5,0,0.0000,0.0000,0.0000,0.0000,0.0000,1.0000,0.0000,0,-0.020402,0.00004969,0.000050,18.360127,-0.444477
2022-06-09,,2.0700,1.9100,26.0900,27.6986,299.400000,358.692450,0.089540,0.067011,0,0,0,0,0,0,-5,0,0.0000,0.0000,0.0000,0.0000,0.0000,1.0000,0.0000,0,-0.081470,0.00005047,0.000050,18.361053,-0.444449
2022-06-10,,2.0700,1.9100,27.7500,24.4399,288.840000,358.262650,0.091508,0.108277,0,0,0,0,0,0,-5,0,0.0000,0.0000,0.0000,0.0000,0.0000,1.0000,0.0000,0,-0.106702,0.00005126,0.000051,18.361994,-0.444421
2022-06-13,,2.0400,1.9100,34.0200,16.7006,275.410000,357.777600,0.090747,0.102749,0,0,0,0,0,0,-5,0,0.0000,0.0000,0.0000,0.0000,0.0000,1.0000,0.0000,0,-0.138485,0.00005478,0.000055,18.363000,-0.444390
2022-06-14,,1.9800,1.9100,32.6900,15.4786,275.910000,357.276950,0.088721,0.095809,0,0,0,0,0,0,-5,0,0.0000,0.0000,0.0000,0.0000,0.0000,1.0000,0.0000,0,0.006499,0.00006807,0.000068,18.364250,-0.444352
2022-06-15,,1.9900,1.9100,29.6200,16.2933,282.800000,356.789650,0.088041,0.089641,0,0,0,0,0,0,-5,0,0.0000,0.0000,0.0000,0.0000,0.0000,1.0000,0.0000,0,0.071890,0.00007197,0.000072,18.365572,-0.444312
2022-06-16,,2.1000,1.9100,32.9500,12.4236,271.390000,356.246850,0.089295,0.107903,0,0,0,0,0,0,-5,0,0.0000,0.0000,0.0000,0.0000,0.0000,1.0000,0.0000,0,-0.122088,0.00006846,0.000068,18.366829,-0.444274
2022-06-17,,2.1300,1.9100,31.1300,10.9980,274.690000,355.717400,0.088654,0.089153,0,0,0,0,0,0,-5,0,0.0000,0.0000,0.0000,0.0000,0.0000,1.0000,0.0000,0,0.037054,0.00006260,0.000063,18.367979,-0.444240
2022-06-21,,2.1300,1.9100,30.1900,15.6823,281.080000,355.220800,0.087424,0.081552,0,0,0,0,0,0,-5,0,0.0000,0.0000,0.0000,0.0000,0.0000,1.0000,0.0000,0,0.075430,0.00006416,0.000064,18.369157,-0.444204
2022-06-22,,2.1300,1.9100,28.9500,14.8676,280.670000,354.716300,0.088504,0.083518,0,0,0,0,0,0,-5,0,0.0000,0.0000,0.0000,0.0000,0.0000,1.0000,0.0000,0,-0.003692,0.00006690,0.000067,18.370386,-0.444167
2022-06-23,,2.1700,1.9100,29.0500,15.0713,284.850000,354.230000,0.089708,0.096764,0,0,0,0,0,0,-5,0,0.0000,0.0000,0.0000,0.0000,0.0000,1.0000,0.0000,0,0.042816,0.00006338,0.000063,18.371551,-0.444132
2022-06-24,,2.2000,1.9100,27.2300,21.3849,294.610000,353.799150,0.088456,0.088298,0,0,0,0,0,0,-5,0,0.0000,0.0000,0.0000,0.0000,0.0000,1.0000,0.0000,0,0.104619,0.00006494,0.000065,18.372744,-0.444095
2022-06-27,,2.2200,1.9100,26.9500,22.8106,292.450000,353.364050,0.089516,0.086169,0,0,0,0,0,0,-5,0,0.0000,0.0000,0.0000,0.0000,0.0000,1.0000,0.0000,0,-0.023588,0.00006807,0.000068,18.373994,-0.444058
2022-06-28,,2.1900,1.9100,28.3600,20.9776,283.540000,352.898800,0.091042,0.088018,0,0,0,0,0,0,-5,0,0.0000,0.0000,0.0000,0.0000,0.0000,1.0000,0.0000,0,-0.091142,0.00007041,0.000070,18.375288,-0.444018
2022-06-29,,2.2200,1.9150,28.1600,20.7739,283.800000,352.436150,0.091182,0.078925,0,0,0,0,0,0,-5,0,0.0000,0.0000,0.0000,0.0000,0.0000,1.0000,0.0000,0,0.002014,0.00007041,0.000070,18.376582,-0.443979
2022-06-30,,2.2400,1.9200,28.7100,19.9593,280.280000,351.961250,0.092949,0.110211,0,0,0,0,0,0,-5,0,0.0000,0.0000,0.0000,0.0000,0.0000,1.0000,0.0000,0,-0.035370,0.00007002,0.000070,18.377868,-0.443940
2022-07-01,,2.3100,1.9200,26.7000,23.0143,282.130000,351.481650,0.094232,0.107779,0,0,0,0,0,0,-5,0,0.0000,0.0000,0.0000,0.0000,0.0000,1.0000,0.0000,0,0.016250,0.00006768,0.000068,18.379112,-0.443903
2022-07-05,,2.4200,1.9200,27.5400,16.9043,286.960000,351.024900,0.090847,0.047173,0,0,0,0,0,0,-5,0,0.0000,0.0000,0.0000,0.0000,0.0000,1.0000,0.0000,0,0.051661,0.00006807,0.000068,18.380363,-0.443865
2022-07-06,,2.4100,1.9200,26.7300,19.1446,288.800000,350.599750,0.091481,0.060210,0,0,0,0,0,0,-5,0,0.0000,0.0000,0.0000,0.0000,0.0000,1.0000,0.0000,0,0.019103,0.00007469,0.000075,18.381736,-0.443823
2022-07-07,,2.3900,1.9200,26.0800,20.7739,294.980000,350.246150,0.090041,0.041098,0,0,0,0,0,0,-5,0,0.0000,0.0000,0.0000,0.0000,0.0000,1.0000,0.0000,0,0.061974,0.00007469,0.000075,18.383109,-0.443782
2022-07-08,,2.3300,1.9200,24.6400,19.5519,295.350000,349.892150,0.089819,0.036272,0,0,0,0,0,0,-5,0,0.0000,0.0000,0.0000,0.0000,0.0000,1.0000,0.0000,0,0.004683,0.00007664,0.000077,18.384518,-0.443739
2022-07-11,,2.3100,1.9200,26.1700,19.5519,289.040000,349.489500,0.091430,0.045390,0,0,0,0,0,0,-5,0,0.0000,0.0000,0.0000,0.0000,0.0000,1.0000,0.0000,0,-0.063822,0.00007781,0.000078,18.385948,-0.443696
2022-07-12,,2.3200,1.9200,27.2900,17.9226,286.240000,349.055800,0.091799,0.060335,0,0,0,0,0,0,-5,0,0.0000,0.0000,0.0000,0.0000,0.0000,1.0000,0.0000,0,-0.029108,0.00008558,0.000086,18.387522,-0.443648
2022-07-13,,2.3100,1.9200,26.8200,17.1079,285.650000,348.617400,0.091901,0.049777,0,0,0,0,0,0,-5,0,0.0000,0.0000,0.0000,0.0000,0.0000,1.0000,0.0000,0,-0.006312,0.00008714,0.000087,18.389124,-0.443600
2022-07-14,,2.3200,1.9200,26.4000,16.2933,286.670000,348.199000,0.092125,0.057191,0,0,0,0,0,0,-5,0,0.0000,0.0000,0.0000,0.0000,0.0000,1.0000,0.0000,0,0.010322,0.00009373,0.000094,18.390847,-0.443548
2022-07-15,,2.3100,1.9250,24.2300,17.7189,291.870000,347.859000,0.090567,0.050463,0,0,0,0,0,0,-5,0,0.0000,0.0000,0.0000,0.0000,0.0000,1.0000,0.0000,0,0.052652,0.00009412,0.000094,18.392578,-0.443495
2022-07-18,,2.3000,1.9300,25.3000,15.2749,289.400000,347.509600,0.090051,0.036945,0,0,0,0,0,0,-5,0,0.0000,0.0000,0.0000,0.0000,0.0000,1.0000,0.0000,0,-0.023143,0.00009295,0.000093,18.394288,-0.443444
2022-07-19,,2.2800,1.9300,24.5000,18.9409,298.300000,347.211300,0.088243,0.021240,0,0,0,0,0,0,-5,0,0.0000,0.0000,0.0000,0.0000,0.0000,1.0000,0.0000,0,0.087505,0.00009799,0.000098,18.396091,-0.443389
2022-07-20,,2.2600,1.9300,23.8800,18.3299,303.030000,346.925550,0.086519,-0.006603,0,0,0,0,1,1,-3,0,0.0000,0.0000,0.0000,0.0000,0.0000,1.0000,0.0000,0,0.050246,0.00009877,0.000099,18.397907,-0.443334
2022-07-21,,2.2000,1.9300,23.1100,20.1629,307.380000,346.699350,0.085872,-0.001839,0,0,0,0,1,1,-3,1,0.0000,0.0000,0.0000,0.0000,0.0000,1.0000,0.0000,0,0.042489,0.00009838,0.000098,18.399717,-0.443279
2022-07-22,,2.2300,1.9300,23.0300,19.5519,301.990000,346.422400,0.087866,0.001589,0,0,0,0,0,0,-5,1,0.0000,0.0000,0.0000,0.0000,0.0000,1.0000,0.0000,0,-0.052311,0.00009722,0.000097,18.401506,-0.443225
2022-07-25,,2.2800,1.9300,23.3600,22.8106,300.270000,346.125400,0.088859,0.019658,0,0,0,0,0,0,-5,0,0.0000,0.0000,0.0000,0.0000,0.0000,1.0000,0.0000,0,-0.014900,0.00009760,0.000098,18.403302,-0.443171
2022-07-26,,2.3100,1.9300,24.6900,21.9959,294.370000,345.782400,0.090460,0.049001,0,0,0,0,0,0,-5,0,0.0000,0.0000,0.0000,0.0000,0.0000,1.0000,0.0000,0,-0.060502,0.00010263,0.000103,18.405191,-0.443114
2022-07-27,,2.2900,1.9300,23.2400,25.6619,306.810000,345.510650,0.088246,0.019866,0,0,0,0,0,0,-5,0,0.0000,0.0000,0.0000,0.0000,0.0000,1.0000,0.0000,0,0.124771,0.00009993,0.000100,18.407030,-0.443058
2022-07-28,,2.3000,1.9300,22.3300,31.7719,309.810000,345.267750,0.090280,0.059848,0,0,0,0,0,0,-5,0,0.0000,0.0000,0.0000,0.0000,0.0000,1.0000,0.0000,0,0.028627,0.00009567,0.000096,18.408791,-0.443005
2022-07-29,,2.4200,1.9300,21.3300,34.8269,315.460000,345.059350,0.089747,0.055035,0,0,0,0,0,0,-5,0,0.0000,0.0000,0.0000,0.0000,0.0000,1.0000,0.0000,0,0.055028,0.00009489,0.000095,18.410538,-0.442952
2022-08-01,,2.3600,1.9300,22.8400,33.8086,315.270000,344.835700,0.090111,0.065424,0,0,0,0,0,0,-5,0,0.0000,0.0000,0.0000,0.0000,0.0000,1.0000,0.0000,0,-0.001499,0.00009451,0.000095,18.412278,-0.442899
2022-08-02,,2.3800,1.9300,23.9300,32.5866,314.330000,344.574200,0.090526,0.045163,0,0,0,0,0,0,-5,0,0.0000,0.0000,0.0000,0.0000,0.0000,1.0000,0.0000,0,-0.009307,0.00010031,0.000100,18.414125,-0.442843
2022-08-03,,2.2900,1.9300,21.9500,35.8452,322.890000,344.343950,0.089685,0.021937,0,0,0,0,0,0,-5,0,0.0000,0.0000,0.0000,0.0000,0.0000,1.0000,0.0000,0,0.080000,0.00010031,0.000100,18.415972,-0.442788
2022-08-04,,2.2900,1.9300,21.4400,35.0305,324.400000,344.102700,0.089939,-0.000697,0,0,0,0,1,1,-3,0,0.0000,0.0000,0.0000,0.0000,0.0000,1.0000,0.0000,0,0.014310,0.00009877,0.000099,18.417791,-0.442732
2022-08-05,,2.3200,1.9300,21.1500,36.2525,321.750000,343.834100,0.089765,0.012414,0,0,0,0,0,0,-5,1,0.0000,0.0000,0.0000,0.0000,0.0000,1.0000,0.0000,0,-0.023790,0.00009799,0.000098,18.419596,-0.442678
2022-08-08,,2.2900,1.9300,21.2900,35.8452,320.710000,343.562750,0.090002,-0.009044,0,0,0,0,1,1,-3,0,0.0000,0.0000,0.0000,0.0000,0.0000,1.0000,0.0000,0,-0.010201,0.00010109,0.000101,18.421458,-0.442622
2022-08-09,,2.2600,1.9300,21.7700,34.0122,317.080000,343.261800,0.091370,0.016429,0,0,0,0,0,0,-5,1,0.0000,0.0000,0.0000,0.0000,0.0000,1.0000,0.0000,0,-0.034354,0.00010379,0.000104,18.423370,-0.442564
2022-08-10,,2.2600,1.9300,19.7400,41.9552,325.930000,343.020950,0.089883,0.011499,0,1,0,0,0,1,-3,0,0.0000,0.0000,0.0000,0.0000,0.0000,1.0000,0.0000,0,0.082123,0.00010457,0.000105,18.425296,-0.442505
2022-08-11,,2.2900,1.9300,20.2000,42.7699,324.080000,342.751700,0.089871,0.003855,0,0,0,0,0,0,-5,1,0.0000,0.0000,0.0000,0.0000,0.0000,1.0000,0.0000,0,-0.015068,0.00010379,0.000104,18.427209,-0.442448
2022-08-12,,2.2900,1.9300,19.5300,47.8615,330.390000,342.508050,0.089815,0.013822,0,1,0,0,0,1,-3,0,0.0000,0.0000,0.0000,0.0000,0.0000,1.0000,0.0000,0,0.056467,0.00010263,0.000103,18.429100,-0.442390
2022-08-15,,2.2700,1.9300,19.9500,48.6762,333.060000,342.273350,0.090193,-0.015331,0,1,0,0,1,2,-1,1,0.0000,0.0000,0.0000,0.0000,0.0000,1.0000,0.0000,0,0.023960,0.00010302,0.000103,18.430999,-0.442333
2022-08-16,,2.2700,1.9300,19.6900,50.7128,332.280000,342.013650,0.090272,-0.018894,0,1,1,0,1,3,1,2,0.0000,0.0000,0.0000,0.0000,0.0000,1.0000,0.0000,0,-0.006428,0.00010650,0.000107,18.432962,-0.442273
2022-08-17,,2.2700,1.9300,19.9000,48.4725,328.490000,341.725550,0.090765,-0.015420,0,1,0,0,1,2,-1,3,3.0000,3.0000,0.0000,0.0000,1.0000,0.0000,1.0000,1,-0.034679,0.00010573,-0.005692,18.328036,-0.445448
2022-08-18,,2.2400,1.9300,19.5600,49.6945,329.280000,341.434800,0.090841,-0.007227,0,1,0,0,1,2,-1,2,0.0000,0.0000,0.0000,0.0000,0.0000,1.0000,0.0000,1,0.006702,0.00010495,-0.001272,18.304720,-0.446154
2022-08-19,,2.2400,1.9300,20.6000,45.2138,322.860000,341.103850,0.092031,-0.022430,0,0,0,0,1,1,-3,2,0.0000,0.0000,0.0000,0.0000,0.0000,1.0000,0.0000,0,-0.058589,0.00010611,0.000106,18.306662,-0.446095
2022-08-22,,2.2500,1.9300,23.8000,38.6965,314.360000,340.709750,0.092706,-0.004539,0,0,0,0,1,1,-3,1,0.0000,0.0000,0.0000,0.0000,0.0000,1.0000,0.0000,0,-0.078642,0.00010727,0.000107,18.308626,-0.446035
2022-08-23,,2.2400,1.9300,24.1100,38.6965,314.100000,340.289150,0.092373,0.009177,0,0,0,0,0,0,-5,1,0.0000,0.0000,0.0000,0.0000,0.0000,1.0000,0.0000,0,-0.003377,0.00011036,0.000110,18.310646,-0.445974
2022-08-24,,2.2400,1.9300,22.8200,39.3075,315.010000,339.871200,0.092368,0.017760,0,0,0,0,0,0,-5,0,0.0000,0.0000,0.0000,0.0000,0.0000,1.0000,0.0000,0,0.007702,0.00010959,0.000110,18.312653,-0.445914
2022-08-25,,2.2300,1.9300,21.7800,44.3992,320.580000,339.483800,0.091643,0.018506,0,0,0,0,0,0,-5,0,0.0000,0.0000,0.0000,0.0000,0.0000,1.0000,0.0000,0,0.052583,0.00011036,0.000110,18.314674,-0.445852
2022-08-26,,2.2100,1.9300,25.5600,36.4562,307.440000,339.044400,0.093398,0.030662,0,0,0,0,0,0,-5,0,0.0000,0.0000,0.0000,0.0000,0.0000,1.0000,0.0000,0,-0.121696,0.00011268,0.000113,18.316738,-0.445790
2022-08-29,,2.1900,1.9300,26.2100,34.0122,304.410000,338.618900,0.094305,0.051826,0,0,0,0,0,0,-5,0,0.0000,0.0000,0.0000,0.0000,0.0000,1.0000,0.0000,0,-0.030754,0.00011306,0.000113,18.318809,-0.445727
2022-08-30,,2.1900,1.9300,26.2100,29.9389,301.020000,338.171050,0.093958,0.036490,0,0,0,0,0,0,-5,0,0.0000,0.0000,0.0000,0.0000,0.0000,1.0000,0.0000,0,-0.033436,0.00011615,0.000116,18.320936,-0.445663
2022-08-31,,2.1700,1.9300,25.8700,28.3096,299.270000,337.693900,0.094058,0.035783,0,0,0,0,0,0,-5,0,0.0000,0.0000,0.0000,0.0000,0.0000,1.0000,0.0000,0,-0.018355,0.00011615,0.000116,18.323064,-0.445599
2022-09-01,,2.1800,1.9300,25.5600,28.5132,299.400000,337.217850,0.095114,0.050198,0,0,0,0,0,0,-5,0,0.0000,0.0000,0.0000,0.0000,0.0000,1.0000,0.0000,0,0.001079,0.00011576,0.000116,18.325185,-0.445534
2022-09-02,,2.2200,1.9300,25.4700,26.8839,295.170000,336.706600,0.095095,0.058917,0,0,0,0,0,0,-5,0,0.0000,0.0000,0.0000,0.0000,0.0000,1.0000,0.0000,0,-0.041667,0.00011615,0.000116,18.327314,-0.445470
2022-09-06,,2.2400,1.9350,26.9100,26.2729,293.050000,336.183700,0.095698,0.066944,0,0,0,0,0,0,-5,0,0.0000,0.0000,0.0000,0.0000,0.0000,1.0000,0.0000,0,-0.022864,0.00011499,0.000115,18.329421,-0.445406
2022-09-07,,2.2700,1.9400,24.6400,33.6049,298.970000,335.669800,0.096951,0.060689,0,0,0,0,0,0,-5,0,0.0000,0.0000,0.0000,0.0000,0.0000,1.0000,0.0000,0,0.059072,0.00011884,0.000119,18.331600,-0.445340
2022-09-08,,2.2400,1.9400,23.6100,36.0489,300.520000,335.152450,0.096246,0.064703,0,0,0,0,0,0,-5,0,0.0000,0.0000,0.0000,0.0000,0.0000,1.0000,0.0000,0,0.016298,0.00012000,0.000120,18.333800,-0.445274
2022-09-09,,2.2500,1.9500,22.7900,40.1222,307.090000,334.691400,0.095155,0.078872,0,0,0,0,0,0,-5,0,0.0000,0.0000,0.0000,0.0000,0.0000,1.0000,0.0000,0,0.063435,0.00011961,0.000120,18.335993,-0.445207
2022-09-12,,2.2000,1.9600,23.8700,42.7699,310.740000,334.257700,0.095043,0.086205,0,0,0,0,0,0,-5,0,0.0000,0.0000,0.0000,0.0000,0.0000,1.0000,0.0000,0,0.036528,0.00012039,0.000120,18.338200,-0.445141
2022-09-13,,2.2000,1.9700,27.2700,31.5682,293.700000,333.732400,0.096718,0.089131,0,0,0,0,0,0,-5,0,0.0000,0.0000,0.0000,0.0000,0.0000,1.0000,0.0000,0,-0.164565,0.00012385,0.000124,18.340471,-0.445072
2022-09-14,,2.1800,1.9850,26.1600,31.9756,296.030000,333.256550,0.097136,0.103193,0,0,0,0,0,0,-5,0,0.0000,0.0000,0.0000,0.0000,0.0000,1.0000,0.0000,0,0.022446,0.00012808,0.000128,18.342820,-0.445001
2022-09-15,,2.1500,1.9900,26.2700,30.3462,291.100000,332.713600,0.095804,0.099703,0,0,0,0,0,0,-5,0,0.0000,0.0000,0.0000,0.0000,0.0000,1.0000,0.0000,0,-0.050341,0.00012654,0.000127,18.345141,-0.444931
2022-09-16,,2.1200,1.9950,26.3000,27.6986,289.320000,332.191100,0.096574,0.093901,0,0,0,0,0,0,-5,0,0.0000,0.0000,0.0000,0.0000,0.0000,1.0000,0.0000,0,-0.019530,0.00012577,0.000126,18.347448,-0.444861
2022-09-19,,2.1800,2.0000,25.7600,29.5316,291.050000,331.710750,0.096461,0.077369,0,0,0,0,0,0,-5,0,0.0000,0.0000,0.0000,0.0000,0.0000,1.0000,0.0000,0,0.023984,0.00012500,0.000125,18.349742,-0.444791
2022-09-20,,2.1500,2.0050,27.1600,26.4766,288.730000,331.204850,0.096162,0.085780,0,0,0,0,0,0,-5,0,0.0000,0.0000,0.0000,0.0000,0.0000,1.0000,0.0000,0,-0.023819,0.00013153,0.000132,18.352156,-0.444718
2022-09-21,,2.1300,2.0200,27.9900,21.7923,283.560000,330.707000,0.096531,0.076113,0,0,0,0,0,0,-5,0,0.0000,0.0000,0.0000,0.0000,0.0000,1.0000,0.0000,0,-0.054900,0.00013077,0.000131,18.354555,-0.444646
2022-09-22,,2.1200,2.0300,27.3500,18.9409,280.070000,330.176350,0.095956,0.053642,0,0,0,0,0,0,-5,0,0.0000,0.0000,0.0000,0.0000,0.0000,1.0000,0.0000,0,-0.037005,0.00012923,0.000129,18.356927,-0.444574
2022-09-23,,2.0800,2.0350,29.9200,14.8676,275.510000,329.564750,0.097513,0.067178,0,0,0,0,0,0,-5,0,0.0000,0.0000,0.0000,0.0000,0.0000,1.0000,0.0000,0,-0.047811,0.00012846,0.000128,18.359286,-0.444503
2022-09-26,,2.0900,2.0450,32.2600,12.2200,274.370000,328.938550,0.096113,0.032875,0,0,0,0,0,0,-5,0,0.0000,0.0000,0.0000,0.0000,0.0000,1.0000,0.0000,0,-0.013609,0.00012654,0.000127,18.361609,-0.444432
2022-09-27,,2.0100,2.0450,32.6000,11.4053,274.480000,328.342300,0.094736,0.005093,1,0,0,0,0,1,-3,0,0.0000,0.0000,0.0000,0.0000,0.0000,1.0000,0.0000,0,0.000951,0.00013230,0.000132,18.364038,-0.444359
2022-09-28,,2.0800,2.0500,30.1800,16.0896,279.940000,327.751950,0.093906,0.032662,0,0,0,0,0,0,-5,1,0.0000,0.0000,0.0000,0.0000,0.0000,1.0000,0.0000,0,0.058460,0.00013077,0.000131,18.366439,-0.444286
2022-09-29,,2.2500,2.0500,31.8400,12.8310,271.870000,327.150000,0.092064,0.006038,0,0,0,0,0,0,-5,0,0.0000,0.0000,0.0000,0.0000,0.0000,1.0000,0.0000,0,-0.084419,0.00013269,0.000133,18.368876,-0.444212
2022-09-30,,2.2700,2.0500,31.6200,12.0163,267.260000,326.545300,0.091704,0.016965,0,0,0,0,0,0,-5,0,0.0000,0.0000,0.0000,0.0000,0.0000,1.0000,0.0000,0,-0.052477,0.00013115,0.000131,18.371286,-0.444140
2022-10-03,,2.2400,2.0500,30.1000,16.4969,273.530000,325.927700,0.091964,0.022527,0,0,0,0,0,0,-5,0,0.0000,0.0000,0.0000,0.0000,0.0000,1.0000,0.0000,0,0.069358,0.00013000,0.000130,18.373674,-0.444067
2022-10-04,,2.2900,2.0550,29.0700,22.8106,282.130000,325.404150,0.091092,-0.003634,0,0,0,0,1,1,-3,0,0.0000,0.0000,0.0000,0.0000,0.0000,1.0000,0.0000,0,0.092933,0.00013499,0.000135,18.376154,-0.443992
2022-10-05,,2.2700,2.0600,28.5500,23.0143,281.980000,324.889500,0.089276,-0.027222,0,0,0,0,1,1,-3,1,0.0000,0.0000,0.0000,0.0000,0.0000,1.0000,0.0000,0,0.000000,0.00013461,0.000135,18.378628,-0.443917
2022-10-06,,2.2200,2.0650,30.5200,21.5886,279.760000,324.384850,0.087232,-0.050053,0,0,0,0,1,1,-3,1,0.0000,0.0000,0.0000,0.0000,0.0000,1.0000,0.0000,0,-0.025244,0.00013499,0.000135,18.381108,-0.443842
2022-10-07,,2.1600,2.0700,31.3600,17.5153,269.100000,323.784300,0.087875,-0.044293,0,0,0,0,1,1,-3,1,0.0000,0.0000,0.0000,0.0000,0.0000,1.0000,0.0000,0,-0.114039,0.00013499,0.000135,18.383590,-0.443767
2022-10-10,,2.1700,2.0700,32.4500,17.3116,266.410000,323.146600,0.088703,-0.019234,0,0,0,0,1,1,-3,1,0.0000,0.0000,0.0000,0.0000,0.0000,1.0000,0.0000,0,-0.031282,0.00013461,0.000135,18.386064,-0.443692
2022-10-11,,2.1700,2.0700,33.6300,17.5153,262.750000,322.475750,0.088947,-0.011480,0,0,0,0,1,1,-3,1,0.0000,0.0000,0.0000,0.0000,0.0000,1.0000,0.0000,0,-0.039704,0.00013461,0.000135,18.388539,-0.443618
2022-10-12,,2.2300,2.0750,33.5700,17.1079,262.660000,321.771650,0.086269,-0.020334,0,0,0,0,1,1,-3,1,0.0000,0.0000,0.0000,0.0000,0.0000,1.0000,0.0000,0,-0.002205,0.00014304,0.000143,18.391169,-0.443538
2022-10-13,,2.2700,2.0800,31.9400,18.5336,268.820000,321.107700,0.086155,-0.003902,0,0,0,0,1,1,-3,1,0.0000,0.0000,0.0000,0.0000,0.0000,1.0000,0.0000,0,0.066851,0.00014418,0.000144,18.393821,-0.443458
2022-10-14,,2.2800,2.0800,32.0200,15.6823,260.740000,320.403650,0.086891,0.010644,0,0,0,0,0,0,-5,1,0.0000,0.0000,0.0000,0.0000,0.0000,1.0000,0.0000,0,-0.090109,0.00014763,0.000148,18.396536,-0.443376
2022-10-17,,2.2800,2.0800,31.3700,19.1446,269.350000,319.748650,0.086487,-0.014577,0,0,0,0,1,1,-3,0,0.0000,0.0000,0.0000,0.0000,0.0000,1.0000,0.0000,0,0.098463,0.00014839,0.000148,18.399266,-0.443293
2022-10-18,,2.2800,2.0800,30.5000,21.7923,271.480000,319.116800,0.087045,-0.019155,0,0,0,0,1,1,-3,1,0.0000,0.0000,0.0000,0.0000,0.0000,1.0000,0.0000,0,0.024870,0.00015450,0.000155,18.402109,-0.443207
2022-10-19,,2.2800,2.0800,30.7600,20.9776,270.490000,318.460850,0.086526,-0.040995,0,0,0,0,1,1,-3,1,0.0000,0.0000,0.0000,0.0000,0.0000,1.0000,0.0000,0,-0.012133,0.00015718,0.000157,18.405002,-0.443119
2022-10-20,,2.2500,2.0850,29.9800,18.5336,269.110000,317.824050,0.085055,-0.032942,0,0,0,0,1,1,-3,1,0.0000,0.0000,0.0000,0.0000,0.0000,1.0000,0.0000,0,-0.016888,0.00015832,0.000158,18.407915,-0.443031
2022-10-21,,2.2400,2.0900,29.6900,23.6253,275.420000,317.279700,0.084573,-0.058262,0,0,0,0,1,1,-3,1,0.0000,0.0000,0.0000,0.0000,0.0000,1.0000,0.0000,0,0.070796,0.00015908,0.000159,18.410844,-0.442943
2022-10-24,,2.3600,2.0900,29.8500,25.4582,278.450000,316.751850,0.084251,-0.056324,0,0,0,0,1,1,-3,1,0.0000,0.0000,0.0000,0.0000,0.0000,1.0000,0.0000,0,0.034030,0.00015908,0.000159,18.413773,-0.442854
2022-10-25,,2.3400,2.0950,28.4600,30.3462,284.210000,316.273600,0.084589,-0.057426,0,0,0,0,1,1,-3,1,0.0000,0.0000,0.0000,0.0000,0.0000,1.0000,0.0000,0,0.060179,0.00016175,0.000162,18.416751,-0.442764
2022-10-26,,2.3700,2.1000,27.2800,31.7719,277.930000,315.762700,0.085192,-0.055163,0,0,0,0,1,1,-3,1,0.0000,0.0000,0.0000,0.0000,0.0000,1.0000,0.0000,0,-0.066075,0.00016099,0.000161,18.419716,-0.442674
2022-10-27,,2.3300,2.1000,27.3900,32.9939,272.870000,315.197950,0.086333,-0.034263,0,0,0,0,1,1,-3,1,0.0000,0.0000,0.0000,0.0000,0.0000,1.0000,0.0000,0,-0.055081,0.00015985,0.000160,18.422660,-0.442585
2022-10-28,,2.3400,2.1000,25.7500,38.6965,281.220000,314.667300,0.086641,-0.034444,0,0,0,0,1,1,-3,1,0.0000,0.0000,0.0000,0.0000,0.0000,1.0000,0.0000,0,0.090452,0.00016061,0.000161,18.425619,-0.442496
2022-10-31,,2.3000,2.1100,25.8800,38.0855,277.950000,314.168750,0.086456,-0.034434,0,0,0,0,1,1,-3,1,0.0000,0.0000,0.0000,0.0000,0.0000,1.0000,0.0000,0,-0.034562,0.00016251,0.000163,18.428614,-0.442405
2022-11-01,,2.2800,2.1200,25.8100,38.6965,275.110000,313.644250,0.087174,-0.029261,0,0,0,0,1,1,-3,1,0.0000,0.0000,0.0000,0.0000,0.0000,1.0000,0.0000,0,-0.031026,0.00016404,0.000164,18.431636,-0.442314
2022-11-02,,2.2200,2.1200,25.8600,33.8086,265.680000,313.119900,0.088551,-0.028118,0,0,0,0,1,1,-3,1,0.0000,0.0000,0.0000,0.0000,0.0000,1.0000,0.0000,0,-0.103448,0.00016442,0.000164,18.434667,-0.442222
2022-11-03,,2.1800,2.1250,25.3000,33.4012,260.490000,312.589950,0.089863,-0.000199,0,0,0,0,1,1,-3,1,0.0000,0.0000,0.0000,0.0000,0.0000,1.0000,0.0000,0,-0.057692,0.00016404,0.000164,18.437691,-0.442130
2022-11-04,,2.1900,2.1300,24.5500,36.4562,264.680000,312.104750,0.089132,-0.007366,0,0,0,0,1,1,-3,1,0.0000,0.0000,0.0000,0.0000,0.0000,1.0000,0.0000,0,0.046647,0.00016518,0.000165,18.440736,-0.442038
2022-11-07,,2.2200,2.1300,24.3500,40.7332,267.590000,311.684250,0.086604,-0.031810,0,0,0,0,1,1,-3,1,0.0000,0.0000,0.0000,0.0000,0.0000,1.0000,0.0000,0,0.031755,0.00016366,0.000164,18.443754,-0.441947
2022-11-08,,2.2200,2.1300,25.5400,42.7699,269.540000,311.265450,0.086741,-0.034089,0,0,0,0,1,1,-3,1,0.0000,0.0000,0.0000,0.0000,0.0000,1.0000,0.0000,0,0.021598,0.00016670,0.000167,18.446829,-0.441854
2022-11-09,,2.2300,2.1300,26.0900,38.0855,263.320000,310.856500,0.087871,-0.023165,0,0,0,0,1,1,-3,1,0.0000,0.0000,0.0000,0.0000,0.0000,1.0000,0.0000,0,-0.069767,0.00016632,0.000166,18.449897,-0.441761
2022-11-10,,2.3300,2.1300,23.5300,52.3422,282.750000,310.547400,0.087220,-0.036130,0,0,1,0,1,2,-1,1,0.0000,0.0000,0.0000,0.0000,0.0000,1.0000,0.0000,0,0.218750,0.00016670,0.000167,18.452973,-0.441668
2022-11-11,,2.3600,2.1350,22.5200,54.5825,287.960000,310.281700,0.085418,-0.055598,0,0,1,0,1,2,-1,2,0.0000,0.0000,0.0000,0.0000,0.0000,1.0000,0.0000,0,0.056876,0.00016632,0.000166,18.456042,-0.441575
2022-11-14,,2.3600,2.1450,23.7300,50.1018,285.440000,309.949900,0.085126,-0.070227,0,0,1,0,1,2,-1,2,0.0000,0.0000,0.0000,0.0000,0.0000,1.0000,0.0000,0,-0.026467,0.00016632,0.000166,18.459111,-0.441482
2022-11-15,,2.2700,2.1500,24.5400,54.1752,289.390000,309.581600,0.085335,-0.076654,0,0,1,0,1,2,-1,2,0.0000,0.0000,0.0000,0.0000,0.0000,1.0000,0.0000,0,0.040326,0.00016860,0.000169,18.462224,-0.441388
2022-11-16,,2.2300,2.1550,24.1100,52.6423,285.440000,309.181200,0.086762,-0.058254,0,0,1,0,1,2,-1,2,0.0000,0.0000,0.0000,0.0000,0.0000,1.0000,0.0000,0,-0.040505,0.00016746,0.000167,18.465315,-0.441295
2022-11-17,,2.2400,2.1600,23.9300,51.0163,284.810000,308.762800,0.085506,-0.070800,0,0,1,0,1,2,-1,2,0.0000,0.0000,0.0000,0.0000,0.0000,1.0000,0.0000,0,-0.007717,0.00016784,0.000168,18.468415,-0.441201
2022-11-18,,2.1800,2.1650,23.1200,55.4878,284.820000,308.419150,0.086925,-0.048595,0,0,1,0,1,2,-1,2,0.0000,0.0000,0.0000,0.0000,0.0000,1.0000,0.0000,0,-0.000915,0.00016784,0.000168,18.471515,-0.441107
2022-11-21,,2.1300,2.1650,22.3600,55.0813,281.890000,308.038550,0.087635,-0.060065,1,0,1,0,1,3,1,2,0.0000,0.0000,0.0000,0.0000,0.0000,1.0000,0.0000,0,-0.030220,0.00016860,0.000169,18.474629,-0.441013
2022-11-22,,2.0800,2.1650,21.2900,57.7236,285.950000,307.692650,0.087209,-0.074731,1,0,1,0,1,3,1,3,3.0000,3.0000,0.0000,0.0000,1.0000,0.0000,1.0000,1,0.042021,0.00017127,0.034663,19.115018,-0.421636
2022-11-23,,2.0700,2.1650,20.3500,60.7724,288.820000,307.341150,0.087632,-0.068036,1,0,1,0,1,3,1,3,3.0000,3.0000,0.0000,0.0000,1.0000,0.0000,1.0000,0,0.029905,0.00017089,0.029905,19.686650,-0.404341
2022-11-25,,2.0200,2.1650,20.5000,62.6016,286.920000,306.942100,0.088161,-0.063829,1,0,1,0,1,3,1,3,3.0000,3.0000,0.0000,0.0000,1.0000,0.0000,1.0000,0,-0.020678,0.00017089,-0.020678,19.279578,-0.416657
2022-11-28,,2.0600,2.1650,22.2100,57.3171,282.710000,306.563500,0.088669,-0.067670,1,0,1,0,1,3,1,3,3.0000,3.0000,0.0000,0.0000,1.0000,0.0000,1.0000,0,-0.044025,0.00017127,-0.044025,18.430792,-0.442339
2022-11-29,,2.0500,2.1650,21.8900,57.7236,280.570000,306.231050,0.088164,-0.073441,1,0,1,0,1,3,1,3,3.0000,3.0000,0.0000,0.0000,1.0000,0.0000,1.0000,0,-0.023966,0.00017127,-0.023966,17.989077,-0.455704
2022-11-30,,2.0600,2.1650,20.5800,65.2439,293.360000,305.960400,0.087605,-0.088226,1,0,1,0,1,3,1,3,3.0000,3.0000,0.0000,0.0000,1.0000,0.0000,1.0000,0,0.134328,0.00017013,0.134328,20.405520,-0.382590
2022-12-01,,2.1500,2.1650,19.8400,65.0407,293.720000,305.648350,0.087596,-0.098813,1,1,1,0,1,4,3,3,3.0000,3.0000,0.0000,0.0000,1.0000,0.0000,1.0000,0,0.005518,0.00016974,0.005518,20.518114,-0.379183
2022-12-02,,2.0900,2.1650,19.0600,64.0244,292.550000,305.330900,0.087280,-0.094680,1,1,1,0,1,4,3,4,3.0000,3.0000,0.0000,0.0000,1.0000,0.0000,1.0000,0,-0.011819,0.00016822,-0.011819,20.275603,-0.386521
2022-12-05,,2.0300,2.1650,20.7500,57.9268,287.640000,305.041850,0.088378,-0.069991,1,0,1,0,1,3,1,4,3.0000,3.0000,0.0000,0.0000,1.0000,0.0000,1.0000,0,-0.050406,0.00016860,-0.050406,19.253595,-0.417444
2022-12-06,,1.9900,2.1650,22.1700,56.5041,281.680000,304.742700,0.090229,-0.048540,1,0,1,0,1,3,1,3,3.0000,3.0000,0.0000,0.0000,1.0000,0.0000,1.0000,0,-0.063428,0.00016936,-0.063428,18.032382,-0.454394
2022-12-07,,1.9700,2.1650,22.6800,55.2846,280.530000,304.454950,0.089963,-0.069853,1,0,1,0,1,3,1,3,3.0000,3.0000,0.0000,0.0000,1.0000,0.0000,1.0000,0,-0.012008,0.00016974,-0.012008,17.815855,-0.460945
2022-12-08,,1.9500,2.1650,22.2900,56.9106,283.850000,304.227100,0.089845,-0.075380,1,0,1,0,1,3,1,3,3.0000,3.0000,0.0000,0.0000,1.0000,0.0000,1.0000,0,0.035489,0.00016670,0.035489,18.448114,-0.441815
2022-12-09,,1.9100,2.1650,22.8300,55.6911,282.040000,303.934850,0.090050,-0.060542,1,0,1,0,1,3,1,3,3.0000,3.0000,0.0000,0.0000,1.0000,0.0000,1.0000,0,-0.019249,0.00016632,-0.019249,18.093010,-0.452559
2022-12-12,,1.9000,2.1650,25.0000,59.5528,285.580000,303.633900,0.090801,-0.061854,1,0,1,0,1,3,1,3,3.0000,3.0000,0.0000,0.0000,1.0000,0.0000,1.0000,0,0.036381,0.00016746,0.036381,18.751252,-0.432643
2022-12-13,,1.8800,2.1650,22.5500,63.2114,288.650000,303.343150,0.090392,-0.065088,1,0,1,0,1,3,1,3,3.0000,3.0000,0.0000,0.0000,1.0000,0.0000,1.0000,0,0.031409,0.00017013,0.031409,19.340206,-0.414823
2022-12-14,,1.9100,2.1650,21.1400,59.7561,286.510000,303.068250,0.090861,-0.057324,1,0,1,0,1,3,1,3,3.0000,3.0000,0.0000,0.0000,1.0000,0.0000,1.0000,0,-0.023735,0.00016898,-0.023735,18.881168,-0.428712
2022-12-15,,1.9500,2.1650,22.8300,52.8455,276.890000,302.716600,0.092010,-0.048354,1,0,1,0,1,3,1,3,3.0000,3.0000,0.0000,0.0000,1.0000,0.0000,1.0000,0,-0.099083,0.00016822,-0.099083,17.010374,-0.485317
2022-12-16,,1.9700,2.1650,22.6200,49.1870,274.250000,302.376550,0.091946,-0.042339,1,0,0,0,1,2,-1,3,3.0000,3.0000,0.0000,0.0000,1.0000,0.0000,1.0000,0,-0.029532,0.00016860,-0.029532,16.508031,-0.500516
2022-12-19,,1.9800,2.1650,22.4200,46.3415,269.750000,302.038800,0.091614,-0.062486,1,0,0,0,1,2,-1,2,0.0000,0.0000,0.0000,0.0000,0.0000,1.0000,0.0000,1,-0.041448,0.00016746,0.001898,16.539367,-0.499568
2022-12-20,,1.9800,2.1650,21.4800,46.7480,269.540000,301.762200,0.091515,-0.049976,1,0,0,0,1,2,-1,2,0.0000,0.0000,0.0000,0.0000,0.0000,1.0000,0.0000,0,-0.004379,0.00016974,0.000170,16.542174,-0.499483
2022-12-21,,1.9900,2.1650,20.0700,49.5935,273.450000,301.512700,0.091422,-0.037174,1,0,0,0,1,2,-1,2,0.0000,0.0000,0.0000,0.0000,0.0000,1.0000,0.0000,0,0.043430,0.00016898,0.000169,16.544969,-0.499398
2022-12-22,,2.0100,2.1650,21.9700,47.1545,266.760000,301.171550,0.092181,-0.018879,1,0,0,0,1,2,-1,2,0.0000,0.0000,0.0000,0.0000,0.0000,1.0000,0.0000,0,-0.075869,0.00016822,0.000168,16.547753,-0.499314
2022-12-23,,1.9900,2.1650,20.8700,49.3902,267.360000,300.852000,0.092594,0.006068,1,0,0,0,0,1,-3,2,0.0000,0.0000,0.0000,0.0000,0.0000,1.0000,0.0000,0,0.002851,0.00016898,0.000169,16.550549,-0.499230
2022-12-27,,2.0000,2.1650,21.6500,51.2195,263.580000,300.547900,0.093537,0.021338,1,0,1,0,0,2,-1,1,0.0000,0.0000,0.0000,0.0000,0.0000,1.0000,0.0000,0,-0.042638,0.00016860,0.000169,16.553340,-0.499145
2022-12-28,,2.0200,2.1650,22.1400,46.3415,260.100000,300.257550,0.093811,0.020637,1,0,0,0,0,1,-3,2,0.0000,0.0000,0.0000,0.0000,0.0000,1.0000,0.0000,0,-0.040380,0.00017317,0.000173,16.556206,-0.499058
2022-12-29,,2.0100,2.1650,21.4400,51.2195,266.440000,299.949000,0.092818,0.019220,1,0,1,0,0,2,-1,1,0.0000,0.0000,0.0000,0.0000,0.0000,1.0000,0.0000,0,0.070545,0.00017317,0.000173,16.559073,-0.498972
2022-12-30,,2.0100,2.1650,21.6700,49.1870,266.280000,299.578800,0.092174,0.032920,1,0,0,0,0,1,-3,2,0.0000,0.0000,0.0000,0.0000,0.0000,1.0000,0.0000,0,0.000000,0.00017279,0.000173,16.561934,-0.498885
2023-01-03,,1.9900,2.1650,22.9000,49.3902,264.480000,299.179000,0.092563,0.062365,1,0,0,0,0,1,-3,1,0.0000,0.0000,0.0000,0.0000,0.0000,1.0000,0.0000,0,-0.022543,0.00017165,0.000172,16.564777,-0.498799
2023-01-04,,2.0300,2.1650,22.0100,52.2358,265.740000,298.750250,0.092688,0.057945,1,0,1,0,0,2,-1,1,0.0000,0.0000,0.0000,0.0000,0.0000,1.0000,0.0000,0,0.015376,0.00017582,0.000176,16.567689,-0.498711
2023-01-05,,2.0700,2.1650,22.4600,49.1870,261.580000,298.307750,0.091729,0.035939,1,0,0,0,0,1,-3,2,0.0000,0.0000,0.0000,0.0000,0.0000,1.0000,0.0000,0,-0.047175,0.00017658,0.000177,16.570615,-0.498623
2023-01-06,,2.0300,2.1650,21.1300,55.0813,268.800000,297.866950,0.091476,0.030840,1,0,1,0,0,2,-1,1,0.0000,0.0000,0.0000,0.0000,0.0000,1.0000,0.0000,0,0.078240,0.00018076,0.000181,16.573610,-0.498532
2023-01-09,,2.0700,2.1650,21.9700,55.4878,270.540000,297.460500,0.092147,0.074115,1,0,1,0,0,2,-1,2,0.0000,0.0000,0.0000,0.0000,0.0000,1.0000,0.0000,0,0.020975,0.00018114,0.000181,16.576612,-0.498441
2023-01-10,,2.0200,2.1650,20.5800,57.7236,272.830000,297.026400,0.091531,0.066595,1,0,1,0,0,2,-1,2,0.0000,0.0000,0.0000,0.0000,0.0000,1.0000,0.0000,0,0.026652,0.00018227,0.000182,16.579634,-0.498350
2023-01-11,,2.0200,2.1650,21.0900,61.9919,277.550000,296.617400,0.091121,0.053827,1,0,1,0,0,2,-1,2,0.0000,0.0000,0.0000,0.0000,0.0000,1.0000,0.0000,0,0.049757,0.00018341,0.000183,16.582675,-0.498258
2023-01-12,,1.9900,2.1650,18.8300,63.2114,279.050000,296.188100,0.090173,0.046124,1,1,1,0,0,3,1,2,0.0000,0.0000,0.0000,0.0000,0.0000,1.0000,0.0000,0,0.015456,0.00018303,0.000183,16.585710,-0.498166
2023-01-13,,1.9700,2.1650,18.3500,63.8211,280.970000,295.737000,0.089498,0.030261,1,1,1,0,0,3,1,3,3.0000,3.0000,0.0000,0.0000,1.0000,0.0000,1.0000,1,0.019787,0.00018076,0.048493,17.390002,-0.473830
2023-01-17,,1.9500,2.1650,19.3600,63.2114,281.540000,295.309250,0.089537,0.037553,1,1,1,0,0,3,1,3,3.0000,3.0000,0.0000,0.0000,1.0000,0.0000,1.0000,0,0.005473,0.00018114,0.005473,17.485171,-0.470951
2023-01-18,,1.9100,2.1650,20.3400,57.3171,277.880000,294.885950,0.088789,0.047032,1,0,1,0,0,2,-1,3,3.0000,3.0000,0.0000,0.0000,1.0000,0.0000,1.0000,0,-0.037110,0.00018265,-0.037110,16.836291,-0.490584
2023-01-19,,1.9600,2.1650,20.5200,53.8618,275.150000,294.452450,0.088540,0.048693,1,0,1,0,0,2,-1,2,0.0000,0.0000,0.0000,0.0000,0.0000,1.0000,0.0000,1,-0.031346,0.00018190,-0.020237,16.495573,-0.500893
2023-01-20,,1.9900,2.1650,19.8500,59.5528,282.680000,294.019350,0.087438,0.039533,1,1,1,0,0,3,1,2,0.0000,0.0000,0.0000,0.0000,0.0000,1.0000,0.0000,0,0.081698,0.00018265,0.000183,16.498586,-0.500802
2023-01-23,,1.9800,2.1650,19.8100,63.8211,288.960000,293.658650,0.086426,0.022608,1,1,1,0,0,3,1,3,3.0000,3.0000,0.0000,0.0000,1.0000,0.0000,1.0000,1,0.065718,0.00018303,0.057403,17.445653,-0.472146
2023-01-24,,1.9600,2.1650,19.2000,63.8211,288.370000,293.334200,0.086957,0.021700,1,1,1,0,0,3,1,3,3.0000,3.0000,0.0000,0.0000,1.0000,0.0000,1.0000,0,-0.005983,0.00018341,-0.005983,17.341284,-0.475304
2023-01-25,,1.9400,2.1650,19.0800,64.2276,287.730000,293.002350,0.085750,-0.007121,1,1,1,0,1,4,3,3,3.0000,3.0000,0.0000,0.0000,1.0000,0.0000,1.0000,0,-0.007407,0.00018303,-0.007407,17.212831,-0.479191
2023-01-26,,1.9600,2.1650,18.7300,66.0569,293.340000,292.723300,0.085102,-0.018480,1,1,1,1,1,5,5,4,3.0000,3.0000,0.0000,0.0000,1.0000,0.0000,1.0000,0,0.057836,0.00018303,0.057836,18.208349,-0.449070
2023-01-27,,1.9100,2.1650,18.5100,67.4797,296.260000,292.500150,0.084907,-0.018817,1,1,1,1,1,5,5,5,3.0000,3.0000,0.0000,0.0000,1.0000,0.0000,1.0000,0,0.028660,0.00018265,0.028660,18.730193,-0.433280
2023-01-30,,1.8800,2.1650,19.9400,64.6341,290.270000,292.254250,0.085599,-0.018821,1,1,1,0,1,4,3,5,3.0000,3.0000,0.0000,0.0000,1.0000,0.0000,1.0000,0,-0.060009,0.00018341,-0.060009,17.606221,-0.467288
2023-01-31,,1.8700,2.1650,19.4000,69.3089,294.620000,291.995600,0.084986,-0.043654,1,1,1,1,1,5,5,4,3.0000,3.0000,0.0000,0.0000,1.0000,0.0000,1.0000,0,0.044688,0.00018303,0.044688,18.393001,-0.443483
2023-02-01,,1.9000,2.1650,17.8700,71.9512,300.920000,291.808050,0.084238,-0.069305,1,1,1,1,1,5,5,5,3.0000,3.0000,0.0000,0.0000,1.0000,0.0000,1.0000,0,0.064601,0.00018227,0.064601,19.581200,-0.407531
2023-02-02,,1.9100,2.1650,18.7300,77.2358,311.720000,291.673200,0.083209,-0.073591,1,1,1,1,1,5,5,5,3.0000,3.0000,0.0000,0.0000,1.0000,0.0000,1.0000,0,0.103321,0.00018076,0.103321,21.604350,-0.346317
2023-02-03,,1.8800,2.1650,18.3300,72.1545,306.180000,291.472800,0.082345,-0.053364,1,1,1,1,1,5,5,5,3.0000,3.0000,0.0000,0.0000,1.0000,0.0000,1.0000,0,-0.051654,0.00018076,-0.051654,20.488406,-0.380082
2023-02-06,,1.8300,2.1650,19.4300,69.9187,303.590000,291.284700,0.083559,-0.039354,1,1,1,1,1,5,5,5,3.0000,3.0000,0.0000,0.0000,1.0000,0.0000,1.0000,0,-0.025470,0.00018227,-0.025470,19.966562,-0.395871
2023-02-07,,1.7700,2.1650,18.6600,72.7642,309.880000,291.163350,0.082444,-0.068531,1,1,1,1,1,5,5,5,3.0000,3.0000,0.0000,0.0000,1.0000,0.0000,1.0000,0,0.061922,0.00018265,0.061922,21.202932,-0.358462
2023-02-08,,1.7800,2.1650,19.6300,69.7154,304.370000,291.058200,0.081955,-0.062804,1,1,1,1,1,5,5,5,3.0000,3.0000,0.0000,0.0000,1.0000,0.0000,1.0000,0,-0.053768,0.00018265,-0.053768,20.062903,-0.392956
2023-02-09,,1.8300,2.1650,20.7100,66.4634,301.680000,290.918700,0.081542,-0.046354,1,0,1,1,1,4,3,5,3.0000,3.0000,0.0000,0.0000,1.0000,0.0000,1.0000,0,-0.026811,0.00018303,-0.026811,19.525002,-0.409232
2023-02-10,,1.8400,2.1650,20.5300,69.5122,299.700000,290.831500,0.082970,-0.026158,1,0,1,1,1,4,3,4,3.0000,3.0000,0.0000,0.0000,1.0000,0.0000,1.0000,0,-0.020559,0.00018493,-0.020559,19.123583,-0.421377
2023-02-13,,1.8500,2.1650,20.3400,70.7317,304.500000,290.770200,0.082504,-0.034368,1,0,1,1,1,4,3,4,3.0000,3.0000,0.0000,0.0000,1.0000,0.0000,1.0000,0,0.047439,0.00018568,0.047439,20.030789,-0.393928
2023-02-14,,1.8400,2.1650,18.9100,71.3415,306.750000,290.663900,0.082190,-0.054982,1,1,1,1,1,5,5,4,3.0000,3.0000,0.0000,0.0000,1.0000,0.0000,1.0000,0,0.021643,0.00018644,0.021643,20.464321,-0.380811
2023-02-15,,1.8100,2.1650,18.2300,72.1545,309.100000,290.643150,0.082456,-0.037463,1,1,1,1,1,5,5,5,3.0000,3.0000,0.0000,0.0000,1.0000,0.0000,1.0000,0,0.022362,0.00018606,0.022362,20.921939,-0.366964
2023-02-16,,1.8200,2.1650,20.1700,68.9024,303.300000,290.567250,0.082970,-0.046909,1,0,1,1,1,4,3,5,3.0000,3.0000,0.0000,0.0000,1.0000,0.0000,1.0000,0,-0.057176,0.00018568,-0.057176,19.725711,-0.403159
2023-02-17,,1.8400,2.1650,20.0200,68.6992,301.160000,290.478950,0.084074,-0.041942,1,0,1,1,1,4,3,4,3.0000,3.0000,0.0000,0.0000,1.0000,0.0000,1.0000,0,-0.021571,0.00018758,-0.021571,19.300207,-0.416033
2023-02-21,,1.8900,2.1650,22.8700,62.8049,294.030000,290.301100,0.084192,-0.034534,1,0,1,1,1,4,3,4,3.0000,3.0000,0.0000,0.0000,1.0000,0.0000,1.0000,0,-0.070300,0.00018758,-0.070300,17.943412,-0.457086
2023-02-22,,1.8700,2.1650,22.2900,62.8049,294.250000,290.207350,0.083982,-0.041259,1,0,1,1,1,4,3,4,3.0000,3.0000,0.0000,0.0000,1.0000,0.0000,1.0000,0,0.000895,0.00018833,0.000895,17.959469,-0.456600
2023-02-23,,1.8500,2.1650,21.1400,63.6179,296.820000,290.145200,0.083100,-0.057169,1,0,1,1,1,4,3,4,3.0000,3.0000,0.0000,0.0000,1.0000,0.0000,1.0000,0,0.025034,0.00018758,0.025034,18.409058,-0.442997
2023-02-24,,1.8600,2.1650,21.6700,59.1463,291.850000,290.118700,0.084023,-0.052462,1,0,1,1,1,4,3,4,3.0000,3.0000,0.0000,0.0000,1.0000,0.0000,1.0000,0,-0.050589,0.00018758,-0.050589,17.477767,-0.471175
2023-02-27,,1.8600,2.1650,20.9500,59.3496,293.940000,290.084600,0.083172,-0.056978,1,0,1,1,1,4,3,4,3.0000,3.0000,0.0000,0.0000,1.0000,0.0000,1.0000,0,0.021589,0.00018833,0.021589,17.855100,-0.459758
2023-02-28,,1.8700,2.1600,20.7000,57.7236,293.560000,290.093200,0.082017,-0.062006,1,0,1,1,1,4,3,4,3.0000,3.0000,0.0000,0.0000,1.0000,0.0000,1.0000,0,-0.004946,0.00018947,-0.004946,17.766788,-0.462430
2023-03-01,,1.9000,2.1550,20.5800,55.0813,291.200000,290.093450,0.080977,-0.073218,1,0,1,1,1,4,3,4,3.0000,3.0000,0.0000,0.0000,1.0000,0.0000,1.0000,0,-0.024401,0.00018909,-0.024401,17.333256,-0.475547
2023-03-02,,1.8400,2.1500,19.5900,57.9268,293.610000,290.051800,0.081873,-0.060559,1,1,1,1,1,5,5,4,3.0000,3.0000,0.0000,0.0000,1.0000,0.0000,1.0000,0,0.024085,0.00018985,0.024085,17.750731,-0.462916
2023-03-03,,1.8200,2.1500,18.4900,62.1951,299.680000,290.058000,0.081954,-0.073525,1,1,1,1,1,5,5,5,3.0000,3.0000,0.0000,0.0000,1.0000,0.0000,1.0000,0,0.061058,0.00019023,0.061058,18.834562,-0.430122
2023-03-06,,1.7900,2.1450,18.6100,62.1951,300.020000,290.027250,0.082293,-0.090335,1,1,1,1,1,5,5,5,3.0000,3.0000,0.0000,0.0000,1.0000,0.0000,1.0000,0,0.004263,0.00019023,0.004263,18.914845,-0.427693
2023-03-07,,1.7900,2.1350,19.5900,55.6911,296.340000,290.053250,0.082206,-0.087354,1,1,1,1,1,5,5,5,3.0000,3.0000,0.0000,0.0000,1.0000,0.0000,1.0000,0,-0.037351,0.00019098,-0.037351,18.208349,-0.449070
2023-03-08,,1.7900,2.1300,19.1100,56.3008,297.820000,290.094450,0.082698,-0.080078,1,1,1,1,1,5,5,5,3.0000,3.0000,0.0000,0.0000,1.0000,0.0000,1.0000,0,0.013668,0.00019514,0.013668,18.457228,-0.441539
2023-03-09,,1.7900,2.1300,22.6100,49.3902,292.660000,290.114350,0.083576,-0.071583,1,0,0,1,1,3,1,5,3.0000,3.0000,0.0000,0.0000,1.0000,0.0000,1.0000,0,-0.052632,0.00019590,-0.052632,17.485795,-0.470932
2023-03-10,,1.8500,2.1300,24.8000,43.2927,288.550000,290.089700,0.083465,-0.078149,1,0,0,0,1,2,-1,3,3.0000,3.0000,0.0000,0.0000,1.0000,0.0000,1.0000,0,-0.041322,0.00019552,-0.041322,16.763242,-0.492794
2023-03-13,,1.9600,2.1300,26.5200,41.0569,290.690000,290.106950,0.084869,-0.058582,1,0,0,1,1,3,1,2,0.0000,0.0000,0.0000,0.0000,0.0000,1.0000,0.0000,1,0.021552,0.00019401,-0.019832,16.430792,-0.502853
2023-03-14,,2.1400,2.1300,23.7300,44.9187,297.370000,290.137500,0.084586,-0.067735,0,0,0,1,1,2,-1,3,3.0000,3.0000,0.0000,0.0000,1.0000,0.0000,1.0000,1,0.067979,0.00018871,0.029826,16.920850,-0.488025
2023-03-15,,2.1100,2.1250,26.1400,40.4472,298.930000,290.135500,0.086275,-0.062282,1,0,0,1,1,3,1,2,0.0000,0.0000,0.0000,0.0000,0.0000,1.0000,0.0000,1,0.014486,0.00018909,-0.026973,16.464452,-0.501835
2023-03-16,,2.2200,2.1250,22.9900,45.5285,306.810000,290.124050,0.085355,-0.074080,0,0,0,1,1,2,-1,3,3.0000,3.0000,0.0000,0.0000,1.0000,0.0000,1.0000,1,0.079186,0.00018417,0.090018,17.946543,-0.456991
2023-03-17,,2.1600,2.1250,25.5100,40.6504,305.360000,290.109450,0.085861,-0.064437,0,0,0,1,1,2,-1,2,0.0000,0.0000,0.0000,0.0000,0.0000,1.0000,0.0000,1,-0.014836,0.00018379,-0.000601,17.935759,-0.457317
2023-03-20,,2.2100,2.1250,24.1500,44.7154,305.970000,290.109300,0.085082,-0.072735,0,0,0,1,1,2,-1,2,0.0000,0.0000,0.0000,0.0000,0.0000,1.0000,0.0000,0,0.010582,0.00017544,0.000175,17.938906,-0.457222
2023-03-21,,2.1900,2.1250,21.3800,48.9837,310.340000,290.089100,0.082287,-0.103207,0,0,0,1,1,2,-1,2,0.0000,0.0000,0.0000,0.0000,0.0000,1.0000,0.0000,0,0.042288,0.00018644,0.000186,17.942251,-0.457121
2023-03-22,,2.1100,2.1200,22.2600,42.8862,306.120000,290.088700,0.082069,-0.112977,1,0,0,1,1,3,1,2,0.0000,0.0000,0.0000,0.0000,0.0000,1.0000,0.0000,0,-0.046368,0.00018531,0.000185,17.945576,-0.457020
2023-03-23,,2.1600,2.1250,22.6100,41.6667,309.750000,290.101350,0.081008,-0.128473,0,0,0,1,1,2,-1,3,3.0000,3.0000,0.0000,0.0000,1.0000,0.0000,1.0000,1,0.035656,0.00018568,-0.001382,17.920779,-0.457771
2023-03-24,,2.2600,2.1300,21.7400,42.8862,310.890000,290.106450,0.082994,-0.116952,0,0,0,1,1,2,-1,2,0.0000,0.0000,0.0000,0.0000,0.0000,1.0000,0.0000,1,0.010172,0.00018341,-0.004894,17.833076,-0.460424
2023-03-27,,2.2400,2.1300,20.6000,45.7317,308.760000,290.112050,0.082940,-0.121983,0,0,0,1,1,2,-1,2,0.0000,0.0000,0.0000,0.0000,0.0000,1.0000,0.0000,0,-0.020527,0.00018379,0.000184,17.836354,-0.460325
2023-03-28,,2.1900,2.1300,19.9700,46.3415,307.120000,290.150650,0.083354,-0.105189,0,1,0,1,1,3,1,2,0.0000,0.0000,0.0000,0.0000,0.0000,1.0000,0.0000,0,-0.016607,0.00019023,0.000190,17.839747,-0.460222
2023-03-29,,2.1900,2.1300,19.1200,51.8293,312.720000,290.270050,0.083356,-0.100395,0,1,1,1,1,4,3,3,3.0000,3.0000,0.0000,0.0000,1.0000,0.0000,1.0000,1,0.054684,0.00018606,0.018231,18.164985,-0.450382
2023-03-30,,2.1500,2.1350,19.0200,54.2683,315.680000,290.471400,0.083230,-0.106889,0,1,1,1,1,4,3,4,3.0000,3.0000,0.0000,0.0000,1.0000,0.0000,1.0000,0,0.027068,0.00018606,0.027068,18.656679,-0.435504
2023-03-31,,2.1100,2.1350,18.7000,57.9268,320.930000,290.696500,0.082672,-0.115282,1,1,1,1,1,5,5,4,3.0000,3.0000,0.0000,0.0000,1.0000,0.0000,1.0000,0,0.048998,0.00019250,0.048998,19.570815,-0.407845
2023-04-03,,2.1100,2.1350,18.5500,58.9431,320.150000,290.883250,0.081798,-0.117266,1,1,1,1,1,5,5,5,3.0000,3.0000,0.0000,0.0000,1.0000,0.0000,1.0000,0,-0.007077,0.00018796,-0.007077,19.432310,-0.412036
2023-04-04,,2.1100,2.1350,19.0000,55.4878,319.070000,291.121650,0.082671,-0.101366,1,1,1,1,1,5,5,5,3.0000,3.0000,0.0000,0.0000,1.0000,0.0000,1.0000,0,-0.009979,0.00018985,-0.009979,19.238402,-0.417903
2023-04-05,,2.1000,2.1350,19.0800,56.5041,315.920000,291.327800,0.085034,-0.081113,1,1,1,1,1,5,5,5,3.0000,3.0000,0.0000,0.0000,1.0000,0.0000,1.0000,0,-0.032037,0.00018909,-0.032037,18.622053,-0.436552
2023-04-06,,2.1400,2.1400,18.4000,56.3008,318.050000,291.512650,0.085303,-0.071283,1,1,1,1,1,5,5,5,3.0000,3.0000,0.0000,0.0000,1.0000,0.0000,1.0000,0,0.020082,0.00018833,0.020082,18.996018,-0.425237
2023-04-10,,2.1100,2.1400,18.9700,58.1301,317.870000,291.698650,0.085044,-0.069059,1,1,1,1,1,5,5,5,3.0000,3.0000,0.0000,0.0000,1.0000,0.0000,1.0000,0,-0.002187,0.00019023,-0.002187,18.954466,-0.426494
2023-04-11,,2.0900,2.1400,19.1000,60.7724,315.830000,291.853550,0.085095,-0.058126,1,1,1,1,1,5,5,5,3.0000,3.0000,0.0000,0.0000,1.0000,0.0000,1.0000,0,-0.019364,0.00019665,-0.019364,18.587427,-0.437600
2023-04-12,,2.0500,2.1400,19.0900,59.7561,313.040000,291.945700,0.085357,-0.047377,1,1,1,1,1,5,5,5,3.0000,3.0000,0.0000,0.0000,1.0000,0.0000,1.0000,0,-0.026453,0.00019514,-0.026453,18.095732,-0.452477
2023-04-13,,2.0800,2.1400,17.8000,62.1951,319.170000,292.079300,0.084250,-0.061371,1,1,1,1,1,5,5,5,3.0000,3.0000,0.0000,0.0000,1.0000,0.0000,1.0000,0,0.057405,0.00019439,0.057405,19.134523,-0.421046
2023-04-14,,2.0700,2.1400,17.0700,59.1463,318.570000,292.254450,0.083511,-0.062627,1,1,1,1,1,5,5,5,3.0000,3.0000,0.0000,0.0000,1.0000,0.0000,1.0000,0,-0.005791,0.00019741,-0.005791,19.023719,-0.424399
2023-04-17,,2.0500,2.1400,16.9500,60.9756,318.840000,292.429650,0.083672,-0.058560,1,1,1,1,1,5,5,5,3.0000,3.0000,0.0000,0.0000,1.0000,0.0000,1.0000,0,0.001092,0.00019892,0.001092,19.044494,-0.423770
2023-04-18,,2.0200,2.1400,16.8300,61.5854,318.860000,292.622550,0.083182,-0.050924,1,1,1,1,1,5,5,5,3.0000,3.0000,0.0000,0.0000,1.0000,0.0000,1.0000,0,0.000727,0.00020156,0.000727,19.058345,-0.423351
2023-04-19,,2.0100,2.1400,16.4600,61.3821,318.710000,292.805450,0.083836,-0.030978,1,1,1,1,1,5,5,5,3.0000,3.0000,0.0000,0.0000,1.0000,0.0000,1.0000,0,-0.002180,0.00020118,-0.002180,19.016793,-0.424608
2023-04-20,,2.0100,2.1400,17.1700,60.5691,316.280000,292.952050,0.084272,-0.031772,1,1,1,1,1,5,5,5,3.0000,3.0000,0.0000,0.0000,1.0000,0.0000,1.0000,0,-0.023307,0.00019967,-0.023307,18.573576,-0.438019
2023-04-21,,2.0500,2.1400,16.7700,59.1463,316.610000,293.091100,0.084449,-0.015617,1,1,1,1,1,5,5,5,3.0000,3.0000,0.0000,0.0000,1.0000,0.0000,1.0000,0,0.001864,0.00019816,0.001864,18.608202,-0.436971
2023-04-24,,2.0400,2.1400,16.8900,58.9431,315.950000,293.195950,0.084785,-0.003792,1,1,1,1,1,5,5,5,3.0000,3.0000,0.0000,0.0000,1.0000,0.0000,1.0000,0,-0.005955,0.00019892,-0.005955,18.497398,-0.440324
2023-04-25,,2.0400,2.1400,18.7600,53.2520,309.990000,293.269150,0.086067,0.013675,1,1,1,1,0,4,3,5,3.0000,3.0000,0.0000,0.0000,1.0000,0.0000,1.0000,0,-0.056533,0.00020118,-0.056533,17.451682,-0.471964
2023-04-26,,2.0900,2.1400,18.8400,48.7805,311.870000,293.383300,0.084405,-0.014077,1,1,0,1,1,4,3,4,3.0000,3.0000,0.0000,0.0000,1.0000,0.0000,1.0000,0,0.016667,0.00019816,0.016667,17.742544,-0.463163
2023-04-27,,2.1100,2.1400,17.0300,53.2520,320.350000,293.553850,0.083752,-0.014733,1,1,1,1,1,5,5,4,3.0000,3.0000,0.0000,0.0000,1.0000,0.0000,1.0000,0,0.080796,0.00019967,0.080796,19.176075,-0.419789
2023-04-28,,2.0700,2.1400,15.7800,57.9268,322.560000,293.738400,0.082923,-0.015811,1,1,1,1,1,5,5,5,3.0000,3.0000,0.0000,0.0000,1.0000,0.0000,1.0000,0,0.020224,0.00020043,0.020224,19.563890,-0.408055
2023-05-01,,2.0800,2.1400,16.0800,56.0976,322.190000,293.916000,0.083151,-0.000701,1,1,1,1,1,5,5,5,3.0000,3.0000,0.0000,0.0000,1.0000,0.0000,1.0000,0,-0.002832,0.00019741,-0.002832,19.508488,-0.409731
2023-05-02,,2.0600,2.1400,17.7800,50.8130,319.380000,294.053550,0.083074,0.008816,1,1,1,1,0,4,3,5,3.0000,3.0000,0.0000,0.0000,1.0000,0.0000,1.0000,0,-0.026624,0.00020382,-0.026624,18.989092,-0.425447
2023-05-03,,2.1600,2.1450,18.3400,47.5610,317.290000,294.193000,0.083415,-0.001716,0,1,0,1,1,3,1,4,3.0000,3.0000,0.0000,0.0000,1.0000,0.0000,1.0000,0,-0.019694,0.00020269,-0.019694,18.615128,-0.436762
2023-05-04,,2.2000,2.1500,20.0900,47.9675,316.170000,294.282350,0.084652,0.026129,0,0,0,1,0,1,-3,3,3.0000,3.0000,0.0000,0.0000,1.0000,0.0000,1.0000,0,-0.011161,0.00020345,-0.011161,18.407370,-0.443048
2023-05-05,,2.2400,2.1500,17.1900,51.2195,322.890000,294.381650,0.083646,0.020732,0,1,1,1,0,3,1,1,0.0000,0.0000,0.0000,0.0000,0.0000,1.0000,0.0000,1,0.061324,0.00020345,0.020112,18.777578,-0.431846
2023-05-08,,2.2000,2.1500,16.9800,51.0163,323.690000,294.463200,0.083370,0.022723,0,1,1,1,0,3,1,3,3.0000,3.0000,0.0000,0.0000,1.0000,0.0000,1.0000,1,0.008153,0.00020345,0.012103,19.004845,-0.424970
2023-05-09,,2.2000,2.1550,17.7100,50.6098,321.640000,294.561450,0.083627,0.007982,0,1,1,1,0,3,1,3,3.0000,3.0000,0.0000,0.0000,1.0000,0.0000,1.0000,0,-0.019339,0.00020533,-0.019339,18.637311,-0.436090
2023-05-10,,2.2100,2.1600,16.9400,51.0163,325.140000,294.685800,0.084001,0.018155,0,1,1,1,0,3,1,3,3.0000,3.0000,0.0000,0.0000,1.0000,0.0000,1.0000,0,0.032270,0.00020458,0.032270,19.238730,-0.417893
2023-05-11,,2.2600,2.1600,16.9300,48.5772,326.200000,294.844950,0.083287,0.013325,0,1,0,1,0,2,-1,3,3.0000,3.0000,0.0000,0.0000,1.0000,0.0000,1.0000,0,0.008336,0.00020269,0.008336,19.399108,-0.413041
2023-05-12,,2.2500,2.1600,17.0300,49.5935,325.030000,294.936050,0.083858,0.016905,0,1,0,1,0,2,-1,2,0.0000,0.0000,0.0000,0.0000,0.0000,1.0000,0.0000,1,-0.010334,0.00020118,0.004966,19.495445,-0.410126
2023-05-15,,2.2100,2.1600,17.1200,49.7967,326.790000,295.020950,0.082516,-0.005534,0,1,0,1,1,3,1,2,0.0000,0.0000,0.0000,0.0000,0.0000,1.0000,0.0000,0,0.015315,0.00020307,0.000203,19.499404,-0.410006
2023-05-16,,2.2700,2.1600,17.9900,45.7317,327.160000,295.079450,0.081231,-0.034065,0,1,0,1,1,3,1,3,3.0000,3.0000,0.0000,0.0000,1.0000,0.0000,1.0000,1,0.003771,0.00020156,0.010354,19.701291,-0.403898
2023-05-17,,2.2800,2.1600,16.8700,48.3740,331.120000,295.158700,0.079968,-0.052198,0,1,0,1,1,3,1,3,3.0000,3.0000,0.0000,0.0000,1.0000,0.0000,1.0000,0,0.035861,0.00020232,0.035861,20.407792,-0.382521
2023-05-18,,2.2600,2.1600,16.0500,52.4390,337.270000,295.273400,0.078966,-0.062820,0,1,1,1,1,4,3,3,3.0000,3.0000,0.0000,0.0000,1.0000,0.0000,1.0000,0,0.053742,0.00020345,0.053742,21.504551,-0.349336
2023-05-19,,2.2000,2.1600,16.8100,51.4228,336.510000,295.341500,0.078962,-0.052034,0,1,1,1,1,4,3,4,3.0000,3.0000,0.0000,0.0000,1.0000,0.0000,1.0000,0,-0.006884,0.00020533,-0.006884,21.356522,-0.353815
2023-05-22,,2.1800,2.1600,17.2100,52.0325,337.640000,295.407700,0.078954,-0.063743,0,1,1,1,1,4,3,4,3.0000,3.0000,0.0000,0.0000,1.0000,0.0000,1.0000,0,0.010397,0.00020458,0.010397,21.578566,-0.347097
2023-05-23,,2.1900,2.1600,18.5300,48.3740,333.360000,295.465750,0.079572,-0.045063,0,1,0,1,1,3,1,4,3.0000,3.0000,0.0000,0.0000,1.0000,0.0000,1.0000,0,-0.038665,0.00020872,-0.038665,20.744221,-0.372342
2023-05-24,,2.1900,2.1600,20.0300,44.5122,331.650000,295.520450,0.079630,-0.030194,0,0,0,1,1,2,-1,3,3.0000,3.0000,0.0000,0.0000,1.0000,0.0000,1.0000,0,-0.016218,0.00020646,-0.016218,20.407792,-0.382521
2023-05-25,,2.1800,2.1600,19.1400,41.8699,339.720000,295.633650,0.077885,-0.040114,0,1,0,1,1,3,1,2,0.0000,0.0000,0.0000,0.0000,0.0000,1.0000,0.0000,1,0.072206,0.00020759,0.066717,21.769340,-0.341325
2023-05-26,,2.1000,2.1550,17.9500,45.7317,348.400000,295.746000,0.076889,-0.064274,1,1,0,1,1,4,3,3,3.0000,3.0000,0.0000,0.0000,1.0000,0.0000,1.0000,1,0.075646,0.00020797,0.066147,23.209313,-0.297755
2023-05-30,,2.1000,2.1500,17.4600,44.7154,349.980000,295.875500,0.076562,-0.068391,1,1,0,1,1,4,3,4,3.0000,3.0000,0.0000,0.0000,1.0000,0.0000,1.0000,0,0.014008,0.00020646,0.014008,23.534429,-0.287918
2023-05-31,,2.1400,2.1500,17.9400,42.8862,347.990000,295.963500,0.077695,-0.057716,1,1,0,1,1,4,3,4,3.0000,3.0000,0.0000,0.0000,1.0000,0.0000,1.0000,0,-0.020299,0.00021437,-0.020299,23.056707,-0.302373
2023-06-01,,2.1600,2.1500,15.6500,45.3252,352.010000,296.058250,0.076395,-0.074861,0,1,0,1,1,3,1,4,3.0000,3.0000,0.0000,0.0000,1.0000,0.0000,1.0000,0,0.036259,0.00021324,0.036259,23.892720,-0.277077
2023-06-02,,2.1500,2.1500,14.6000,54.6748,354.650000,296.170100,0.076089,-0.085731,1,1,1,1,1,5,5,3,3.0000,3.0000,0.0000,0.0000,1.0000,0.0000,1.0000,0,0.022494,0.00021249,0.022494,24.430157,-0.260816
2023-06-05,,2.1100,2.1500,14.7300,52.4390,354.900000,296.302150,0.076598,-0.091071,1,1,1,1,1,5,5,5,3.0000,3.0000,0.0000,0.0000,1.0000,0.0000,1.0000,0,0.002173,0.00021249,0.002173,24.483237,-0.259210
2023-06-06,,2.1000,2.1500,13.9600,54.0650,354.840000,296.429950,0.076373,-0.094242,1,1,1,1,1,5,5,5,3.0000,3.0000,0.0000,0.0000,1.0000,0.0000,1.0000,0,-0.001084,0.00021098,-0.001084,24.456697,-0.260013
2023-06-07,,2.0800,2.1500,13.9400,56.9106,348.820000,296.559750,0.077939,-0.090376,1,1,1,1,1,5,5,5,3.0000,3.0000,0.0000,0.0000,1.0000,0.0000,1.0000,0,-0.051004,0.00021023,-0.051004,23.209313,-0.297755
2023-06-08,,2.0600,2.1500,13.6500,58.1301,353.150000,296.753700,0.077809,-0.087778,1,1,1,1,1,5,5,5,3.0000,3.0000,0.0000,0.0000,1.0000,0.0000,1.0000,0,0.034305,0.00020948,0.034305,24.005515,-0.273665
2023-06-09,,2.0700,2.1500,13.8300,56.9106,354.500000,296.955700,0.077216,-0.115959,1,1,1,1,1,5,5,5,3.0000,3.0000,0.0000,0.0000,1.0000,0.0000,1.0000,0,0.012161,0.00020797,0.012161,24.297456,-0.264831
2023-06-12,,2.0500,2.1500,15.0100,57.7236,360.490000,297.183100,0.076383,-0.115115,1,1,1,1,1,5,5,5,3.0000,3.0000,0.0000,0.0000,1.0000,0.0000,1.0000,0,0.051065,0.00020759,0.051065,25.538206,-0.227290
2023-06-13,,2.1000,2.1500,14.6100,60.3659,363.260000,297.396500,0.075871,-0.130271,1,1,1,1,1,5,5,5,3.0000,3.0000,0.0000,0.0000,1.0000,0.0000,1.0000,0,0.022343,0.00020872,0.022343,26.108818,-0.210025
2023-06-14,,2.0000,2.1500,13.8800,59.5528,365.900000,297.688800,0.075735,-0.121968,1,1,1,1,1,5,5,5,3.0000,3.0000,0.0000,0.0000,1.0000,0.0000,1.0000,0,0.021347,0.00020722,0.021347,26.666160,-0.193161
2023-06-15,,1.9400,2.1500,14.5000,64.6341,370.260000,298.018050,0.075621,-0.089874,1,1,1,1,1,5,5,5,3.0000,3.0000,0.0000,0.0000,1.0000,0.0000,1.0000,0,0.035083,0.00020722,0.035083,27.601698,-0.164855
2023-06-16,,2.0200,2.1500,13.5400,65.0407,367.930000,298.352600,0.076571,-0.075076,1,1,1,1,1,5,5,5,3.0000,3.0000,0.0000,0.0000,1.0000,0.0000,1.0000,0,-0.019231,0.00020609,-0.019231,27.070896,-0.180915
2023-06-20,,1.9600,2.1500,13.8800,60.5691,366.900000,298.690750,0.075461,-0.076144,1,1,1,1,1,5,5,5,3.0000,3.0000,0.0000,0.0000,1.0000,0.0000,1.0000,0,-0.004902,0.00020646,-0.004902,26.938196,-0.184930
2023-06-21,,1.9500,2.1500,13.2000,61.3821,361.900000,299.003250,0.076459,-0.086544,1,1,1,1,1,5,5,5,3.0000,3.0000,0.0000,0.0000,1.0000,0.0000,1.0000,0,-0.043103,0.00020835,-0.043103,25.777067,-0.220063
2023-06-22,,1.9600,2.1500,12.9100,59.5528,366.170000,299.358250,0.075600,-0.097439,1,1,1,1,1,5,5,5,3.0000,3.0000,0.0000,0.0000,1.0000,0.0000,1.0000,0,0.033205,0.00020872,0.033205,26.632985,-0.194165
2023-06-23,,1.9400,2.1500,13.4400,56.9106,362.540000,299.705700,0.075056,-0.109021,1,1,1,1,1,5,5,5,3.0000,3.0000,0.0000,0.0000,1.0000,0.0000,1.0000,0,-0.029646,0.00020872,-0.029646,25.843417,-0.218055
2023-06-26,,1.9600,2.1500,14.2500,59.7561,357.680000,299.999250,0.076106,-0.093504,1,1,1,1,1,5,5,5,3.0000,3.0000,0.0000,0.0000,1.0000,0.0000,1.0000,0,-0.039538,0.00020910,-0.039538,24.821623,-0.248972
2023-06-27,,1.9800,2.1450,13.7400,63.6179,363.830000,300.315800,0.075303,-0.102901,1,1,1,1,1,5,5,5,3.0000,3.0000,0.0000,0.0000,1.0000,0.0000,1.0000,0,0.049452,0.00021249,0.049452,26.049103,-0.211832
2023-06-28,,1.9400,2.1400,13.4300,61.9919,364.540000,300.603050,0.074154,-0.109828,1,1,1,1,1,5,5,5,3.0000,3.0000,0.0000,0.0000,1.0000,0.0000,1.0000,0,0.006113,0.00021023,0.006113,26.208343,-0.207014
2023-06-29,,1.9600,2.1400,13.5400,63.8211,363.810000,300.868400,0.073863,-0.103425,1,1,1,1,1,5,5,5,3.0000,3.0000,0.0000,0.0000,1.0000,0.0000,1.0000,0,-0.006835,0.00021023,-0.006835,26.029198,-0.212434
2023-06-30,,1.9200,2.1350,13.5900,66.6667,369.420000,301.247000,0.073813,-0.116212,1,1,1,1,1,5,5,5,3.0000,3.0000,0.0000,0.0000,1.0000,0.0000,1.0000,0,0.045119,0.00021098,0.045119,27.203597,-0.176900
2023-07-03,,1.8800,2.1300,13.5700,69.7154,370.290000,301.618300,0.074281,-0.137692,1,1,1,1,1,5,5,5,3.0000,3.0000,0.0000,0.0000,1.0000,0.0000,1.0000,0,0.006829,0.00020985,0.006829,27.389377,-0.171279
2023-07-05,,1.8500,2.1250,14.1800,66.8699,370.280000,302.014200,0.075238,-0.127780,1,1,1,1,1,5,5,5,3.0000,3.0000,0.0000,0.0000,1.0000,0.0000,1.0000,0,-0.000727,0.00021023,-0.000727,27.369472,-0.171881
2023-07-06,,1.8300,2.1200,15.4400,65.0407,367.460000,302.404900,0.074910,-0.127905,1,1,1,1,1,5,5,5,3.0000,3.0000,0.0000,0.0000,1.0000,0.0000,1.0000,0,-0.023515,0.00021023,-0.023515,26.725875,-0.191355
2023-07-07,,1.8000,2.1150,14.8300,65.8537,366.240000,302.780850,0.074553,-0.132605,1,1,1,1,1,5,5,5,3.0000,3.0000,0.0000,0.0000,1.0000,0.0000,1.0000,0,-0.010179,0.00021098,-0.010179,26.453839,-0.199586
2023-07-10,,1.8100,2.1100,15.0700,68.0894,366.360000,303.169000,0.074046,-0.142783,1,1,1,1,1,5,5,5,3.0000,3.0000,0.0000,0.0000,1.0000,0.0000,1.0000,0,0.000752,0.00021098,0.000752,26.473744,-0.198983
2023-07-11,,1.8600,2.1100,14.8400,70.7317,368.170000,303.592050,0.074493,-0.123939,1,1,1,1,1,5,5,5,3.0000,3.0000,0.0000,0.0000,1.0000,0.0000,1.0000,0,0.014286,0.00021173,0.014286,26.851941,-0.187540
2023-07-12,,1.8400,2.1100,13.5400,72.1545,372.820000,304.055800,0.074974,-0.110542,1,1,1,1,1,5,5,5,3.0000,3.0000,0.0000,0.0000,1.0000,0.0000,1.0000,0,0.037064,0.00021211,0.037064,27.847194,-0.157427
2023-07-13,,1.8800,2.1100,13.6100,73.3740,379.150000,304.574000,0.074640,-0.117233,1,1,1,1,1,5,5,5,3.0000,3.0000,0.0000,0.0000,1.0000,0.0000,1.0000,0,0.049797,0.00021136,0.049797,29.233914,-0.115469
2023-07-14,,1.9100,2.1100,13.3400,71.1382,379.070000,305.097500,0.074397,-0.114561,1,1,1,1,1,5,5,5,3.0000,3.0000,0.0000,0.0000,1.0000,0.0000,1.0000,0,-0.000908,0.00021136,-0.000908,29.207374,-0.116272
2023-07-17,,1.8700,2.1100,13.4800,69.7154,382.610000,305.638150,0.073285,-0.137004,1,1,1,1,1,5,5,5,3.0000,3.0000,0.0000,0.0000,1.0000,0.0000,1.0000,0,0.027715,0.00021211,0.027715,30.016847,-0.091780
2023-07-18,,1.9000,2.1100,13.3000,71.3415,385.740000,306.167150,0.072183,-0.158184,1,1,1,1,1,5,5,5,3.0000,3.0000,0.0000,0.0000,1.0000,0.0000,1.0000,0,0.023873,0.00021211,0.023873,30.733429,-0.070098
2023-07-19,,1.8900,2.1050,13.7600,73.7805,385.650000,306.736050,0.072759,-0.152868,1,1,1,1,1,5,5,5,3.0000,3.0000,0.0000,0.0000,1.0000,0.0000,1.0000,0,0.000000,0.00021211,0.000000,30.733429,-0.070098
2023-07-20,,1.8700,2.1000,13.9900,76.0163,376.760000,307.283550,0.074583,-0.131864,1,1,1,1,1,5,5,5,3.0000,3.0000,0.0000,0.0000,1.0000,0.0000,1.0000,0,-0.070164,0.00021211,-0.070164,28.577047,-0.135344
2023-07-21,,1.8500,2.1000,13.6000,77.8455,375.630000,307.794050,0.075700,-0.134125,1,1,1,1,1,5,5,5,3.0000,3.0000,0.0000,0.0000,1.0000,0.0000,1.0000,0,-0.008823,0.00021211,-0.008823,28.324916,-0.142972
2023-07-24,,1.8500,2.1000,13.9100,77.4390,376.230000,308.264550,0.075165,-0.122964,1,1,1,1,1,5,5,5,3.0000,3.0000,0.0000,0.0000,1.0000,0.0000,1.0000,0,0.003982,0.00021249,0.003982,28.437711,-0.139560
2023-07-25,,1.8400,2.1000,13.8600,76.4228,378.780000,308.748550,0.075092,-0.114182,1,1,1,1,1,5,5,5,3.0000,3.0000,0.0000,0.0000,1.0000,0.0000,1.0000,0,0.020065,0.00021286,0.020065,29.008323,-0.122294
2023-07-26,,1.8100,2.0950,13.1900,77.2358,377.520000,309.237350,0.075081,-0.103568,1,1,1,1,1,5,5,5,3.0000,3.0000,0.0000,0.0000,1.0000,0.0000,1.0000,0,-0.010293,0.00021286,-0.010293,28.709747,-0.131329
2023-07-27,,1.8300,2.0900,14.4100,73.3740,376.620000,309.774950,0.074245,-0.116640,1,1,1,1,1,5,5,5,3.0000,3.0000,0.0000,0.0000,1.0000,0.0000,1.0000,0,-0.008551,0.00021286,-0.008551,28.464251,-0.138756
2023-07-28,,1.7800,2.0900,13.3300,73.9837,383.480000,310.360300,0.073361,-0.130033,1,1,1,1,1,5,5,5,3.0000,3.0000,0.0000,0.0000,1.0000,0.0000,1.0000,0,0.054079,0.00021286,0.054079,30.003577,-0.092181
2023-07-31,,1.8000,2.0900,13.6300,75.4065,383.680000,310.964950,0.073254,-0.136670,1,1,1,1,1,5,5,5,3.0000,3.0000,0.0000,0.0000,1.0000,0.0000,1.0000,0,0.001990,0.00021324,0.001990,30.063292,-0.090374
2023-08-01,,1.7700,2.0850,13.9300,71.9512,382.790000,311.565600,0.072566,-0.160865,1,1,1,1,1,5,5,5,3.0000,3.0000,0.0000,0.0000,1.0000,0.0000,1.0000,0,-0.007725,0.00021437,-0.007725,29.831066,-0.097401
2023-08-02,,1.7700,2.0800,16.0900,71.5447,374.390000,312.093450,0.073590,-0.131153,1,1,1,1,1,5,5,5,3.0000,3.0000,0.0000,0.0000,1.0000,0.0000,1.0000,0,-0.065391,0.00021399,-0.065391,27.880369,-0.156423
2023-08-03,,1.8200,2.0800,15.9200,68.9024,373.790000,312.658700,0.072119,-0.146749,1,1,1,1,1,5,5,5,3.0000,3.0000,0.0000,0.0000,1.0000,0.0000,1.0000,0,-0.007139,0.00021361,-0.007139,27.681318,-0.162446
2023-08-04,,1.8400,2.0800,17.1000,66.4634,372.040000,313.172150,0.071608,-0.156280,1,1,1,1,1,5,5,5,3.0000,3.0000,0.0000,0.0000,1.0000,0.0000,1.0000,0,-0.013902,0.00021399,-0.013902,27.296487,-0.174090
2023-08-07,,1.9000,2.0800,15.7700,68.6992,375.190000,313.690700,0.070977,-0.169270,1,1,1,1,1,5,5,5,3.0000,3.0000,0.0000,0.0000,1.0000,0.0000,1.0000,0,0.024793,0.00021399,0.024793,27.973260,-0.153612
2023-08-08,,1.9000,2.0800,15.9900,65.6504,372.000000,314.198250,0.071621,-0.152512,1,1,1,1,1,5,5,5,3.0000,3.0000,0.0000,0.0000,1.0000,0.0000,1.0000,0,-0.025617,0.00021474,-0.025617,27.256677,-0.175294
2023-08-09,,1.9300,2.0750,15.9600,66.4634,367.910000,314.692250,0.072260,-0.149778,1,1,1,1,1,5,5,5,3.0000,3.0000,0.0000,0.0000,1.0000,0.0000,1.0000,0,-0.033350,0.00021512,-0.033350,26.347679,-0.202798
2023-08-10,,1.9200,2.0700,15.8500,65.8537,368.590000,315.158100,0.072010,-0.137464,1,1,1,1,1,5,5,5,3.0000,3.0000,0.0000,0.0000,1.0000,0.0000,1.0000,0,0.004533,0.00021437,0.004533,26.467109,-0.199184
2023-08-11,,1.8900,2.0700,14.8400,66.0569,366.240000,315.597050,0.072445,-0.117497,1,1,1,1,1,5,5,5,3.0000,3.0000,0.0000,0.0000,1.0000,0.0000,1.0000,0,-0.020055,0.00021399,-0.020055,25.936307,-0.215245
2023-08-14,,1.8700,2.0700,14.8200,64.6341,370.350000,316.027750,0.071478,-0.114571,1,1,1,1,1,5,5,5,3.0000,3.0000,0.0000,0.0000,1.0000,0.0000,1.0000,0,0.033257,0.00021399,0.033257,26.798860,-0.189146
2023-08-15,,1.8400,2.0700,16.4600,60.7724,366.420000,316.470200,0.071146,-0.104617,1,1,1,1,1,5,5,5,3.0000,3.0000,0.0000,0.0000,1.0000,0.0000,1.0000,0,-0.030701,0.00021474,-0.030701,25.976117,-0.214040
2023-08-16,,1.8600,2.0700,16.7800,58.7398,362.540000,316.918550,0.071991,-0.092718,1,1,1,1,1,5,5,5,3.0000,3.0000,0.0000,0.0000,1.0000,0.0000,1.0000,0,-0.033206,0.00021474,-0.033206,25.113564,-0.240138
2023-08-17,,1.8400,2.0650,17.8900,56.7073,358.580000,317.305350,0.072383,-0.086699,1,1,1,1,1,5,5,5,3.0000,3.0000,0.0000,0.0000,1.0000,0.0000,1.0000,0,-0.033818,0.00021474,-0.033818,24.264281,-0.265835
2023-08-18,,1.8700,2.0600,17.3000,57.5203,358.130000,317.706250,0.072726,-0.090689,1,1,1,1,1,5,5,5,3.0000,3.0000,0.0000,0.0000,1.0000,0.0000,1.0000,0,-0.004649,0.00021474,-0.004649,24.151486,-0.269248
2023-08-21,,1.8900,2.0600,17.1300,56.5041,363.900000,318.150200,0.071801,-0.105072,1,1,1,1,1,5,5,5,3.0000,3.0000,0.0000,0.0000,1.0000,0.0000,1.0000,0,0.048352,0.00021437,0.048352,25.319250,-0.233915
2023-08-22,,1.8800,2.0600,16.9700,55.0813,363.380000,318.638700,0.072201,-0.077111,1,1,1,1,1,5,5,5,3.0000,3.0000,0.0000,0.0000,1.0000,0.0000,1.0000,0,-0.004455,0.00021512,-0.004455,25.206455,-0.237328
2023-08-23,,1.8200,2.0550,15.9800,56.3008,369.110000,319.181800,0.071688,-0.071349,1,1,1,1,1,5,5,5,3.0000,3.0000,0.0000,0.0000,1.0000,0.0000,1.0000,0,0.047118,0.00021512,0.047118,26.394124,-0.201392
2023-08-24,,1.8300,2.0500,17.2000,54.2683,361.220000,319.664500,0.072272,-0.058264,1,1,1,1,1,5,5,5,3.0000,3.0000,0.0000,0.0000,1.0000,0.0000,1.0000,0,-0.065862,0.00021512,-0.065862,24.655748,-0.253990
2023-08-25,,1.8000,2.0500,15.6800,55.6911,364.020000,320.146650,0.072312,-0.072959,1,1,1,1,1,5,5,5,3.0000,3.0000,0.0000,0.0000,1.0000,0.0000,1.0000,0,0.023681,0.00021549,0.023681,25.239630,-0.236324
2023-08-28,,1.7600,2.0500,15.0800,56.7073,366.760000,320.632750,0.071845,-0.062520,1,1,1,1,1,5,5,5,3.0000,3.0000,0.0000,0.0000,1.0000,0.0000,1.0000,0,0.022345,0.00021662,0.022345,25.803607,-0.219260
2023-08-29,3.8700,1.8200,2.0500,14.4500,59.7561,374.770000,321.190000,0.071088,-0.068984,1,1,1,1,1,5,5,5,3.0000,3.0000,0.0000,0.0000,1.0000,0.0000,1.0000,0,0.063770,0.00021549,0.063770,27.449093,-0.169472
2023-08-30,3.8000,1.8400,2.0450,13.8800,59.9593,376.860000,321.660550,0.070475,-0.084410,1,1,1,1,1,5,5,5,3.0000,3.0000,0.0000,0.0000,1.0000,0.0000,1.0000,0,0.016679,0.00021474,0.016679,27.906909,-0.155620
2023-08-31,3.8500,1.8200,2.0400,13.5700,60.1626,377.990000,322.110700,0.069901,-0.089160,1,1,1,1,1,5,5,5,3.0000,3.0000,0.0000,0.0000,1.0000,0.0000,1.0000,0,0.009035,0.00021474,0.009035,28.159040,-0.147991
2023-09-01,3.8100,1.8300,2.0350,13.0900,60.5691,377.590000,322.571450,0.069416,-0.115669,1,1,1,1,1,5,5,5,3.0000,3.0000,0.0000,0.0000,1.0000,0.0000,1.0000,0,-0.003534,0.00021474,-0.003534,28.059515,-0.151003
2023-09-05,3.8300,1.8200,2.0300,14.0100,57.3171,378.070000,323.014850,0.068649,-0.123232,1,1,1,1,1,5,5,5,3.0000,3.0000,0.0000,0.0000,1.0000,0.0000,1.0000,0,0.002601,0.00021361,0.002601,28.132500,-0.148794
2023-09-06,3.8600,1.8400,2.0300,14.4500,56.9106,374.740000,323.461350,0.069271,-0.106798,1,1,1,1,1,5,5,5,3.0000,3.0000,0.0000,0.0000,1.0000,0.0000,1.0000,0,-0.026415,0.00021437,-0.026415,27.389377,-0.171279
2023-09-07,3.9000,1.7900,2.0250,14.4000,54.4715,372.060000,323.897600,0.070395,-0.080399,1,1,1,1,1,5,5,5,3.0000,3.0000,0.0000,0.0000,1.0000,0.0000,1.0000,0,-0.021802,0.00021437,-0.021802,26.792225,-0.189347
2023-09-08,3.8500,1.8100,2.0200,13.8400,54.2683,372.580000,324.336400,0.070906,-0.066774,1,1,1,1,1,5,5,5,3.0000,3.0000,0.0000,0.0000,1.0000,0.0000,1.0000,0,0.002972,0.00021361,0.002972,26.871846,-0.186938
2023-09-11,3.8200,1.7900,2.0200,13.8000,54.2683,376.970000,324.811800,0.070733,-0.067760,1,1,1,1,1,5,5,5,3.0000,3.0000,0.0000,0.0000,1.0000,0.0000,1.0000,0,0.034074,0.00021437,0.034074,27.787479,-0.159234
2023-09-12,3.8400,1.8000,2.0200,14.2300,54.8780,372.790000,325.246000,0.071212,-0.058750,1,1,1,1,1,5,5,5,3.0000,3.0000,0.0000,0.0000,1.0000,0.0000,1.0000,0,-0.031996,0.00021437,-0.031996,26.898386,-0.186135
2023-09-13,3.8500,1.7900,2.0200,13.4800,53.6585,374.210000,325.672950,0.071980,-0.060916,1,1,1,1,1,5,5,5,3.0000,3.0000,0.0000,0.0000,1.0000,0.0000,1.0000,0,0.009867,0.00021474,0.009867,27.163787,-0.178105
2023-09-14,3.7800,1.8100,2.0200,12.8200,58.5366,377.270000,326.124700,0.072409,-0.041666,1,1,1,1,1,5,5,5,3.0000,3.0000,0.0000,0.0000,1.0000,0.0000,1.0000,0,0.023449,0.00021437,0.023449,27.800749,-0.158832
2023-09-15,3.7900,1.8000,2.0150,13.7900,56.5041,370.810000,326.565200,0.073235,-0.042987,1,1,1,1,1,5,5,5,3.0000,3.0000,0.0000,0.0000,1.0000,0.0000,1.0000,0,-0.051313,0.00021437,-0.051313,26.374219,-0.201995
2023-09-18,3.8200,1.7800,2.0100,14.0000,55.2846,370.660000,327.015650,0.072549,-0.041008,1,1,1,1,1,5,5,5,3.0000,3.0000,0.0000,0.0000,1.0000,0.0000,1.0000,0,0.002264,0.00021474,0.002264,26.433934,-0.200188
2023-09-19,3.8200,1.7700,2.0100,14.1100,54.2683,369.870000,327.398200,0.072305,-0.037461,1,1,1,1,1,5,5,5,3.0000,3.0000,0.0000,0.0000,1.0000,0.0000,1.0000,0,-0.006024,0.00021437,-0.006024,26.274693,-0.205006
2023-09-20,3.7700,1.7500,2.0100,15.1400,54.6748,364.540000,327.752300,0.073044,-0.040900,1,1,1,1,1,5,5,5,3.0000,3.0000,0.0000,0.0000,1.0000,0.0000,1.0000,0,-0.046717,0.00021399,-0.046717,25.047214,-0.242146
2023-09-21,3.8900,1.7300,2.0100,17.5400,49.1870,357.860000,328.078850,0.073495,-0.023749,1,1,0,1,1,4,3,5,3.0000,3.0000,0.0000,0.0000,1.0000,0.0000,1.0000,0,-0.056954,0.00021474,-0.056954,23.620684,-0.285308
2023-09-22,3.9300,1.6600,2.0100,17.2000,47.5610,357.910000,328.430200,0.073521,-0.008415,1,1,0,1,1,4,3,4,3.0000,3.0000,0.0000,0.0000,1.0000,0.0000,1.0000,0,0.000702,0.00021512,0.000702,23.637272,-0.284807
2023-09-25,3.9700,1.7300,2.0050,16.9000,48.1707,359.610000,328.819850,0.073109,-0.010064,1,1,0,1,1,4,3,4,3.0000,3.0000,0.0000,0.0000,1.0000,0.0000,1.0000,0,0.013333,0.00021474,0.013333,23.952435,-0.275271
2023-09-26,4.0400,1.7500,2.0000,18.9400,45.1220,354.210000,329.188250,0.071980,-0.023858,1,1,0,1,1,4,3,4,3.0000,3.0000,0.0000,0.0000,1.0000,0.0000,1.0000,0,-0.044598,0.00021549,-0.044598,22.884196,-0.307592
2023-09-27,4.0300,1.7700,1.9950,18.2200,45.5285,355.040000,329.544200,0.070567,-0.047998,1,1,0,1,1,4,3,4,3.0000,3.0000,0.0000,0.0000,1.0000,0.0000,1.0000,0,0.006089,0.00021549,0.006089,23.023532,-0.303376
2023-09-28,4.0900,1.7700,1.9900,17.3400,47.5610,358.010000,329.924050,0.068643,-0.084756,1,1,0,1,1,4,3,4,3.0000,3.0000,0.0000,0.0000,1.0000,0.0000,1.0000,0,0.024207,0.00021549,0.024207,23.580874,-0.286513
2023-09-29,4.0300,1.8000,1.9900,17.5200,46.1382,358.270000,330.287500,0.068927,-0.077656,1,1,0,1,1,4,3,4,3.0000,3.0000,0.0000,0.0000,1.0000,0.0000,1.0000,0,0.002251,0.00021474,0.002251,23.633954,-0.284907
2023-10-02,4.1100,1.7800,1.9900,17.6100,44.5122,361.260000,330.650550,0.065749,-0.115064,1,1,0,1,1,4,3,4,3.0000,3.0000,0.0000,0.0000,1.0000,0.0000,1.0000,0,0.023863,0.00021437,0.023863,24.197931,-0.267843
2023-10-03,4.2600,1.7800,1.9900,19.7800,41.4634,354.920000,330.992600,0.067411,-0.085916,1,1,0,1,1,4,3,4,3.0000,3.0000,0.0000,0.0000,1.0000,0.0000,1.0000,0,-0.052920,0.00021700,-0.052920,22.917372,-0.306589
2023-10-04,4.3700,1.8200,1.9900,18.5800,42.8862,359.750000,331.406900,0.066853,-0.098423,1,1,0,1,1,4,3,4,3.0000,3.0000,0.0000,0.0000,1.0000,0.0000,1.0000,0,0.040533,0.00021700,0.040533,23.846275,-0.278483
2023-10-05,4.3800,1.8300,1.9850,18.4900,42.2764,358.690000,331.829100,0.066490,-0.107702,1,1,0,1,1,4,3,4,3.0000,3.0000,0.0000,0.0000,1.0000,0.0000,1.0000,0,-0.010573,0.00021662,-0.010573,23.594144,-0.286111
2023-10-06,4.3300,1.8500,1.9800,17.4500,42.8862,364.700000,332.303850,0.066641,-0.102391,1,1,0,1,1,4,3,4,3.0000,3.0000,0.0000,0.0000,1.0000,0.0000,1.0000,0,0.050337,0.00021662,0.050337,24.781813,-0.250176
2023-10-09,4.3400,1.8400,1.9800,17.7000,45.7317,366.560000,332.788950,0.066876,-0.097262,1,1,0,1,1,4,3,4,3.0000,3.0000,0.0000,0.0000,1.0000,0.0000,1.0000,0,0.014726,0.00021737,0.014726,25.146739,-0.239135
2023-10-10,4.2600,1.8400,1.9800,17.0300,48.7805,368.590000,333.264650,0.067439,-0.076890,1,1,0,1,1,4,3,4,3.0000,3.0000,0.0000,0.0000,1.0000,0.0000,1.0000,0,0.016359,0.00021737,0.016359,25.558111,-0.226688
2023-10-11,4.2500,1.8300,1.9750,16.0900,48.3740,371.220000,333.786950,0.068253,-0.052313,1,1,0,1,1,4,3,4,3.0000,3.0000,0.0000,0.0000,1.0000,0.0000,1.0000,0,0.021288,0.00021662,0.021288,26.102183,-0.210226
2023-10-12,4.2500,1.8200,1.9700,16.6900,45.1220,369.930000,334.299800,0.067611,-0.067414,1,1,0,1,1,4,3,4,3.0000,3.0000,0.0000,0.0000,1.0000,0.0000,1.0000,0,-0.011693,0.00021662,-0.011693,25.796972,-0.219460
2023-10-13,4.3000,1.8300,1.9700,19.3200,44.1057,365.280000,334.808300,0.068714,-0.075096,1,1,0,1,1,4,3,4,3.0000,3.0000,0.0000,0.0000,1.0000,0.0000,1.0000,0,-0.037809,0.00021737,-0.037809,24.821623,-0.248972
2023-10-16,4.2700,1.8200,1.9650,17.2100,46.7480,369.410000,335.354850,0.068698,-0.089197,1,1,0,1,1,4,3,4,3.0000,3.0000,0.0000,0.0000,1.0000,0.0000,1.0000,0,0.033681,0.00021700,0.033681,25.657636,-0.223676
2023-10-17,4.2500,1.8300,1.9600,17.8800,48.3740,368.200000,335.863650,0.068517,-0.084900,1,1,0,1,1,4,3,4,3.0000,3.0000,0.0000,0.0000,1.0000,0.0000,1.0000,0,-0.009568,0.00021662,-0.009568,25.412140,-0.231104
2023-10-18,4.3200,1.8000,1.9600,19.2200,43.9024,363.370000,336.349100,0.068838,-0.078667,1,1,0,1,1,4,3,4,3.0000,3.0000,0.0000,0.0000,1.0000,0.0000,1.0000,0,-0.042298,0.00021700,-0.042298,24.337267,-0.263627
2023-10-19,4.3700,1.7800,1.9600,21.4000,40.9736,359.970000,336.826550,0.068757,-0.078850,1,0,0,1,1,3,1,4,3.0000,3.0000,0.0000,0.0000,1.0000,0.0000,1.0000,0,-0.026718,0.00021662,-0.026718,23.687034,-0.283301
2023-10-20,4.5200,1.8200,1.9600,21.7100,36.3083,354.600000,337.270850,0.068888,-0.067157,1,0,0,1,1,3,1,3,3.0000,3.0000,0.0000,0.0000,1.0000,0.0000,1.0000,0,-0.045098,0.00021625,-0.045098,22.618795,-0.315623
2023-10-23,4.5100,1.8800,1.9600,20.3700,34.4828,355.670000,337.741300,0.068425,-0.061911,1,0,0,1,1,3,1,3,3.0000,3.0000,0.0000,0.0000,1.0000,0.0000,1.0000,0,0.008800,0.00021549,0.008800,22.817846,-0.309600
2023-10-24,4.4100,1.8500,1.9600,18.9700,36.1055,359.130000,338.192950,0.069660,-0.045404,1,1,0,1,1,4,3,3,3.0000,3.0000,0.0000,0.0000,1.0000,0.0000,1.0000,0,0.028206,0.00021549,0.028206,23.461443,-0.290127
2023-10-25,4.3700,1.8400,1.9600,20.1900,31.8458,350.340000,338.591950,0.071069,-0.018868,1,0,0,1,1,3,1,4,3.0000,3.0000,0.0000,0.0000,1.0000,0.0000,1.0000,0,-0.073247,0.00021549,-0.073247,21.742972,-0.342122
2023-10-26,4.5000,1.8300,1.9550,20.6800,31.2373,343.660000,338.946100,0.072549,-0.012966,1,0,0,1,1,3,1,3,3.0000,3.0000,0.0000,0.0000,1.0000,0.0000,1.0000,0,-0.058285,0.00021587,-0.058285,20.475683,-0.380467
2023-10-27,4.5300,1.8200,1.9500,21.2700,28.8032,345.310000,339.284900,0.071503,-0.007814,1,0,0,1,1,3,1,3,3.0000,3.0000,0.0000,0.0000,1.0000,0.0000,1.0000,0,0.014258,0.00021587,0.014258,20.767624,-0.371634
2023-10-30,4.5000,1.8800,1.9500,19.7500,32.2515,349.200000,339.635650,0.071200,-0.005295,1,1,0,1,1,4,3,3,3.0000,3.0000,0.0000,0.0000,1.0000,0.0000,1.0000,0,0.032268,0.00021587,0.032268,21.437761,-0.351357
2023-10-31,4.4200,1.8600,1.9500,18.1400,34.8884,350.870000,339.985150,0.071365,0.005078,1,1,0,1,0,3,1,4,3.0000,3.0000,0.0000,0.0000,1.0000,0.0000,1.0000,0,0.014547,0.00021625,0.014547,21.749607,-0.341922
2023-11-01,4.4700,1.8500,1.9450,16.8700,38.1339,356.960000,340.362250,0.071417,-0.002688,1,1,0,1,1,4,3,3,3.0000,3.0000,0.0000,0.0000,1.0000,0.0000,1.0000,0,0.051556,0.00021587,0.051556,22.870926,-0.307994
2023-11-02,4.1500,1.9100,1.9400,15.6600,43.4077,363.440000,340.790050,0.071385,-0.011699,1,1,0,1,1,4,3,4,3.0000,3.0000,0.0000,0.0000,1.0000,0.0000,1.0000,0,0.053090,0.00021512,0.053090,24.085136,-0.271255
2023-11-03,4.0400,1.8400,1.9400,14.9100,47.0588,367.710000,341.252850,0.071154,-0.011587,1,1,0,1,1,4,3,4,3.0000,3.0000,0.0000,0.0000,1.0000,0.0000,1.0000,0,0.035262,0.00021399,0.035262,24.934419,-0.245559
2023-11-06,4.0000,1.8600,1.9400,14.8900,45.8418,369.210000,341.685500,0.070807,-0.022099,1,1,0,1,1,4,3,4,3.0000,3.0000,0.0000,0.0000,1.0000,0.0000,1.0000,0,0.011442,0.00021361,0.011442,25.219725,-0.236926
2023-11-07,4.0800,1.8400,1.9350,14.8100,44.8276,372.700000,342.104200,0.070091,-0.018916,1,1,0,1,1,4,3,4,3.0000,3.0000,0.0000,0.0000,1.0000,0.0000,1.0000,0,0.028150,0.00021474,0.028150,25.929672,-0.215445
2023-11-08,4.0800,1.8300,1.9250,14.4500,43.2049,372.940000,342.527050,0.069525,-0.022492,1,1,0,1,1,4,3,4,3.0000,3.0000,0.0000,0.0000,1.0000,0.0000,1.0000,0,0.001791,0.00021437,0.001791,25.976117,-0.214040
2023-11-09,4.0400,1.8400,1.9200,15.2900,42.3935,370.070000,342.938750,0.069150,-0.038940,1,1,0,1,1,4,3,4,3.0000,3.0000,0.0000,0.0000,1.0000,0.0000,1.0000,0,-0.023755,0.00021399,-0.023755,25.359060,-0.232710
2023-11-10,4.0300,1.8300,1.9150,14.1700,45.0304,378.390000,343.364000,0.068451,-0.054867,1,1,0,1,1,4,3,4,3.0000,3.0000,0.0000,0.0000,1.0000,0.0000,1.0000,0,0.066719,0.00021399,0.066719,27.050991,-0.181518
2023-11-13,4.0300,1.8000,1.9100,14.7600,45.8418,377.210000,343.768750,0.067698,-0.069723,1,1,0,1,1,4,3,4,3.0000,3.0000,0.0000,0.0000,1.0000,0.0000,1.0000,0,-0.009075,0.00021361,-0.009075,26.805495,-0.188946
2023-11-14,3.9200,1.7900,1.9100,14.1600,53.3469,385.330000,344.244050,0.069062,-0.038967,1,1,1,1,1,5,5,4,3.0000,3.0000,0.0000,0.0000,1.0000,0.0000,1.0000,0,0.062871,0.00021437,0.062871,28.490791,-0.137953
2023-11-15,3.8900,1.8300,1.9100,14.1800,54.7667,385.620000,344.699050,0.068704,-0.049707,1,1,1,1,1,5,5,5,3.0000,3.0000,0.0000,0.0000,1.0000,0.0000,1.0000,0,0.002795,0.00021324,0.002795,28.570412,-0.135544
2023-11-16,4.0200,1.8000,1.9100,14.3200,53.9554,385.950000,345.124200,0.068987,-0.038292,1,1,1,1,1,5,5,5,3.0000,3.0000,0.0000,0.0000,1.0000,0.0000,1.0000,0,0.001626,0.00021361,0.001626,28.616857,-0.134139
2023-11-17,3.9900,1.8100,1.9100,13.8000,56.3895,386.040000,345.495800,0.069090,-0.045434,1,1,1,1,1,5,5,5,3.0000,3.0000,0.0000,0.0000,1.0000,0.0000,1.0000,0,0.000696,0.00021286,0.000696,28.636762,-0.133537
2023-11-20,3.9200,1.7800,1.9100,13.4100,56.1866,390.740000,345.918600,0.068353,-0.056525,1,1,1,1,1,5,5,5,3.0000,3.0000,0.0000,0.0000,1.0000,0.0000,1.0000,0,0.035681,0.00021249,0.035681,29.658556,-0.102620
2023-11-21,3.9500,1.7600,1.9050,13.3500,57.2008,388.470000,346.343000,0.068646,-0.045586,1,1,1,1,1,5,5,5,3.0000,3.0000,0.0000,0.0000,1.0000,0.0000,1.0000,0,-0.018121,0.00021399,-0.018121,29.121119,-0.118882
2023-11-22,3.9000,1.7700,1.9000,12.8500,58.0122,390.060000,346.743900,0.068711,-0.033873,1,1,1,1,1,5,5,5,3.0000,3.0000,0.0000,0.0000,1.0000,0.0000,1.0000,0,0.011620,0.00021361,0.011620,29.459505,-0.108643
2023-11-24,3.8500,1.7100,1.9000,12.4600,60.2434,389.510000,347.169600,0.068845,-0.023355,1,1,1,1,1,5,5,5,3.0000,3.0000,0.0000,0.0000,1.0000,0.0000,1.0000,0,-0.004955,0.00021399,-0.004955,29.313534,-0.113060
2023-11-27,3.8900,1.7200,1.9000,12.6900,58.4178,389.170000,347.607050,0.069079,-0.011871,1,1,1,1,1,5,5,5,3.0000,3.0000,0.0000,0.0000,1.0000,0.0000,1.0000,0,-0.002943,0.00021399,-0.002943,29.227279,-0.115670
2023-11-28,3.9000,1.7100,1.9000,12.6900,60.0406,390.190000,348.059500,0.069230,-0.002702,1,1,1,1,1,5,5,5,3.0000,3.0000,0.0000,0.0000,1.0000,0.0000,1.0000,0,0.007946,0.00021211,0.007946,29.459505,-0.108643
2023-11-29,3.8000,1.7500,1.9000,12.9800,61.2576,389.810000,348.486050,0.068729,0.001179,1,1,1,1,0,4,3,5,3.0000,3.0000,0.0000,0.0000,1.0000,0.0000,1.0000,0,-0.003604,0.00021136,-0.003604,29.353344,-0.111855
2023-11-30,3.8400,1.7200,1.8950,12.9200,63.4888,388.830000,348.896450,0.068755,-0.007608,1,1,1,1,1,5,5,4,3.0000,3.0000,0.0000,0.0000,1.0000,0.0000,1.0000,0,-0.008363,0.00021060,-0.008363,29.107849,-0.119283
2023-12-01,3.8700,1.6700,1.8900,12.6300,67.9513,389.940000,349.300650,0.069190,-0.017663,1,1,1,1,1,5,5,5,3.0000,3.0000,0.0000,0.0000,1.0000,0.0000,1.0000,0,0.008434,0.00021060,0.008434,29.353344,-0.111855
2023-12-04,3.8000,1.7100,1.8900,13.0800,67.3428,386.320000,349.715750,0.069281,-0.023489,1,1,1,1,1,5,5,5,3.0000,3.0000,0.0000,0.0000,1.0000,0.0000,1.0000,0,-0.028481,0.00020985,-0.028481,28.517331,-0.137150
2023-12-05,3.8000,1.6700,1.8900,12.8500,64.3002,387.290000,350.146400,0.068802,-0.027789,1,1,1,1,1,5,5,5,3.0000,3.0000,0.0000,0.0000,1.0000,0.0000,1.0000,0,0.007213,0.00021098,0.007213,28.723017,-0.130927
2023-12-06,3.7900,1.6500,1.8850,12.9700,65.3144,385.050000,350.601500,0.070004,-0.017303,1,1,1,1,1,5,5,5,3.0000,3.0000,0.0000,0.0000,1.0000,0.0000,1.0000,0,-0.017787,0.00021060,-0.017787,28.212120,-0.146385
2023-12-07,3.7700,1.6300,1.8800,13.0600,65.9229,390.430000,351.082400,0.069321,-0.037916,1,1,1,1,1,5,5,5,3.0000,3.0000,0.0000,0.0000,1.0000,0.0000,1.0000,0,0.041863,0.00021060,0.041863,29.393155,-0.110651
2023-12-08,3.7500,1.6300,1.8800,12.3500,66.3286,392.170000,351.559150,0.068894,-0.049601,1,1,1,1,1,5,5,5,3.0000,3.0000,0.0000,0.0000,1.0000,0.0000,1.0000,0,0.011964,0.00021023,0.011964,29.744811,-0.100011
2023-12-11,3.7900,1.6100,1.8800,12.6300,69.1684,395.520000,352.077500,0.069071,-0.059243,1,1,1,1,1,5,5,5,3.0000,3.0000,0.0000,0.0000,1.0000,0.0000,1.0000,0,0.025429,0.00021023,0.025429,30.501204,-0.077124
2023-12-12,3.7600,1.6100,1.8800,12.0700,69.5740,398.670000,352.601150,0.068477,-0.058726,1,1,1,1,1,5,5,5,3.0000,3.0000,0.0000,0.0000,1.0000,0.0000,1.0000,0,0.024146,0.00021136,0.024146,31.237691,-0.054840
2023-12-13,3.7900,1.6000,1.8800,12.1900,75.6592,403.740000,353.152050,0.070096,-0.032469,1,1,1,1,1,5,5,5,3.0000,3.0000,0.0000,0.0000,1.0000,0.0000,1.0000,0,0.035259,0.00021098,0.035259,32.339105,-0.021515
2023-12-14,3.4700,1.6100,1.8800,12.4800,77.6876,403.390000,353.713000,0.068960,-0.060158,1,1,1,1,1,5,5,5,3.0000,3.0000,0.0000,0.0000,1.0000,0.0000,1.0000,0,-0.001641,0.00021023,-0.001641,32.286025,-0.023121
2023-12-15,3.5100,1.5700,1.8800,12.2800,74.8479,405.340000,354.271650,0.068150,-0.079117,1,1,1,1,1,5,5,5,3.0000,3.0000,0.0000,0.0000,1.0000,0.0000,1.0000,0,0.011919,0.00020985,0.011919,32.670856,-0.011477
2023-12-18,3.5100,1.5700,1.8750,12.5600,75.6592,407.080000,354.808650,0.066985,-0.097482,1,1,1,1,1,5,5,5,3.0000,3.0000,0.0000,0.0000,1.0000,0.0000,1.0000,0,0.020918,0.00021023,0.020918,33.354264,0.000000
2023-12-19,3.4600,1.5800,1.8700,12.5300,77.8905,409.160000,355.354350,0.066959,-0.092411,1,1,1,1,1,5,5,5,3.0000,3.0000,0.0000,0.0000,1.0000,0.0000,1.0000,0,0.014919,0.00021098,0.014919,33.851890,0.000000
2023-12-20,3.4300,1.5700,1.8700,13.6700,72.4138,403.080000,355.888050,0.066523,-0.083364,1,1,1,1,1,5,5,5,3.0000,3.0000,0.0000,0.0000,1.0000,0.0000,1.0000,0,-0.048608,0.00020985,-0.048608,32.206405,-0.048608
2023-12-21,3.4100,1.6300,1.8700,13.6500,74.8479,407.770000,356.437800,0.066014,-0.071576,1,1,1,1,1,5,5,5,3.0000,3.0000,0.0000,0.0000,1.0000,0.0000,1.0000,0,0.033066,0.00021023,0.033066,33.271326,-0.017150
2023-12-22,3.3900,1.6400,1.8700,13.0300,76.4706,408.380000,357.016400,0.066104,-0.040893,1,1,1,1,1,5,5,5,3.0000,3.0000,0.0000,0.0000,1.0000,0.0000,1.0000,0,0.004088,0.00020948,0.004088,33.407344,-0.013132
2023-12-26,3.3700,1.6500,1.8700,12.9900,77.8905,410.880000,357.628050,0.066225,-0.043619,1,1,1,1,1,5,5,5,3.0000,3.0000,0.0000,0.0000,1.0000,0.0000,1.0000,0,0.018272,0.00021023,0.018272,34.017766,0.000000
2023-12-27,3.3400,1.6400,1.8700,12.4300,77.8905,411.500000,358.232100,0.066064,0.005345,1,1,1,1,0,4,3,5,3.0000,3.0000,0.0000,0.0000,1.0000,0.0000,1.0000,0,0.005266,0.00021060,0.005266,34.196912,0.000000
2023-12-28,3.3200,1.6400,1.8650,12.4700,78.9047,411.300000,358.801750,0.066511,-0.015108,1,1,1,1,1,5,5,4,3.0000,3.0000,0.0000,0.0000,1.0000,0.0000,1.0000,0,-0.002522,0.00021023,-0.002522,34.110656,-0.002522
2023-12-29,3.3400,1.6200,1.8600,12.4500,78.0933,409.520000,359.354700,0.066620,-0.003914,1,1,1,1,1,5,5,5,3.0000,3.0000,0.0000,0.0000,1.0000,0.0000,1.0000,0,-0.013811,0.00021060,-0.013811,33.639570,-0.016298
2024-01-02,3.5400,1.6100,1.8600,13.2000,81.3387,402.590000,359.833600,0.067968,0.024748,1,1,1,1,0,4,3,5,3.0000,3.0000,0.0000,0.0000,1.0000,0.0000,1.0000,0,-0.050690,0.00020872,-0.050690,31.934369,-0.066162
2024-01-03,3.7100,1.6200,1.8600,14.0400,79.9189,398.330000,360.298450,0.068783,0.035086,1,1,1,1,0,4,3,4,3.0000,3.0000,0.0000,0.0000,1.0000,0.0000,1.0000,0,-0.031997,0.00021098,-0.031997,30.912575,-0.096042
2024-01-04,3.6900,1.6600,1.8600,14.1300,77.8905,396.280000,360.750000,0.068792,0.030958,1,1,1,1,0,4,3,4,3.0000,3.0000,0.0000,0.0000,1.0000,0.0000,1.0000,0,-0.016742,0.00021173,-0.016742,30.395043,-0.111176
2024-01-05,3.6800,1.6500,1.8600,13.3500,78.2961,396.750000,361.182050,0.068954,0.024190,1,1,1,1,0,4,3,4,3.0000,3.0000,0.0000,0.0000,1.0000,0.0000,1.0000,0,0.003711,0.00021173,0.003711,30.507839,-0.107877
2024-01-08,3.6300,1.6500,1.8550,13.0800,80.3245,404.950000,361.676200,0.068479,0.003603,1,1,1,1,0,4,3,4,3.0000,3.0000,0.0000,0.0000,1.0000,0.0000,1.0000,0,0.060244,0.00021136,0.060244,32.345740,-0.054133
2024-01-09,3.5900,1.6500,1.8500,12.7600,78.7018,405.750000,362.156200,0.068024,0.006675,1,1,1,1,0,4,3,4,3.0000,3.0000,0.0000,0.0000,1.0000,0.0000,1.0000,0,0.006564,0.00021211,0.006564,32.558061,-0.047924
2024-01-10,3.5000,1.6300,1.8500,12.6900,78.4990,408.500000,362.644250,0.067631,-0.017411,1,1,1,1,1,5,5,4,3.0000,3.0000,0.0000,0.0000,1.0000,0.0000,1.0000,0,0.019768,0.00021136,0.019768,33.201658,-0.029104
2024-01-11,3.5500,1.5900,1.8500,12.4400,76.8763,409.350000,363.147200,0.066086,-0.041536,1,1,1,1,1,5,5,5,3.0000,3.0000,0.0000,0.0000,1.0000,0.0000,1.0000,0,0.004796,0.00021098,0.004796,33.360899,-0.024447
2024-01-12,3.5600,1.6300,1.8500,12.7000,76.4706,409.560000,363.659400,0.066418,-0.033504,1,1,1,1,1,5,5,5,3.0000,3.0000,0.0000,0.0000,1.0000,0.0000,1.0000,0,0.001193,0.00021098,0.001193,33.400709,-0.023283
2024-01-16,3.5800,1.6400,1.8500,13.8400,74.4422,409.520000,364.143400,0.065936,-0.046546,1,1,1,1,1,5,5,5,3.0000,3.0000,0.0000,0.0000,1.0000,0.0000,1.0000,0,-0.000596,0.00021060,-0.000596,33.380804,-0.023865
2024-01-17,3.6200,1.6500,1.8500,14.7900,70.9939,407.210000,364.601050,0.065341,-0.055020,1,1,1,1,1,5,5,5,3.0000,3.0000,0.0000,0.0000,1.0000,0.0000,1.0000,0,-0.017293,0.00021060,-0.017293,32.803557,-0.040745
2024-01-18,3.5800,1.6300,1.8500,14.1300,70.9939,412.990000,365.061350,0.064073,-0.079080,1,1,1,1,1,5,5,5,3.0000,3.0000,0.0000,0.0000,1.0000,0.0000,1.0000,0,0.042880,0.00021136,0.042880,34.210182,0.000000
2024-01-19,3.5400,1.6200,1.8500,13.3000,73.0223,421.180000,365.566500,0.063201,-0.087602,1,1,1,1,1,5,5,5,3.0000,3.0000,0.0000,0.0000,1.0000,0.0000,1.0000,0,0.057797,0.00021060,0.057797,36.187419,0.000000
2024-01-22,3.4900,1.5900,1.8450,13.1900,73.6308,421.730000,366.079800,0.062747,-0.113252,1,1,1,1,1,5,5,5,3.0000,3.0000,0.0000,0.0000,1.0000,0.0000,1.0000,0,0.004034,0.00021060,0.004034,36.333389,0.000000
2024-01-23,3.5100,1.5900,1.8400,12.5500,73.2252,423.480000,366.617600,0.062678,-0.137108,1,1,1,1,1,5,5,5,3.0000,3.0000,0.0000,0.0000,1.0000,0.0000,1.0000,0,0.011870,0.00021098,0.011870,36.764666,0.000000
2024-01-24,3.4400,1.6200,1.8400,13.1400,71.3996,425.830000,367.156500,0.061754,-0.175057,1,1,1,1,1,5,5,5,3.0000,3.0000,0.0000,0.0000,1.0000,0.0000,1.0000,0,0.016423,0.00021060,0.016423,37.368453,0.000000
2024-01-25,3.4500,1.6100,1.8400,13.4500,73.8337,426.350000,367.698900,0.062527,-0.149184,1,1,1,1,1,5,5,5,3.0000,3.0000,0.0000,0.0000,1.0000,0.0000,1.0000,0,0.002841,0.00021023,0.002841,37.474613,0.000000
2024-01-26,3.3900,1.6000,1.8400,13.2600,73.6308,423.810000,368.238800,0.062791,-0.138512,1,1,1,1,1,5,5,5,3.0000,3.0000,0.0000,0.0000,1.0000,0.0000,1.0000,0,-0.018414,0.00021023,-0.018414,36.784571,-0.018414
2024-01-29,3.4100,1.5800,1.8400,13.6000,75.2535,428.150000,368.814350,0.062695,-0.142726,1,1,1,1,1,5,5,5,3.0000,3.0000,0.0000,0.0000,1.0000,0.0000,1.0000,0,0.029401,0.00021023,0.029401,37.866080,0.000000
2024-01-30,3.4200,1.6000,1.8400,13.3100,75.2535,425.300000,369.345000,0.062723,-0.141387,1,1,1,1,1,5,5,5,3.0000,3.0000,0.0000,0.0000,1.0000,0.0000,1.0000,0,-0.019975,0.00020948,-0.019975,37.109687,-0.019975
2024-01-31,3.5900,1.5800,1.8400,14.3500,72.2110,416.970000,369.837000,0.063629,-0.121808,1,1,1,1,1,5,5,5,3.0000,3.0000,0.0000,0.0000,1.0000,0.0000,1.0000,0,-0.058824,0.00020948,-0.058824,34.926764,-0.077624
2024-02-01,3.5600,1.6100,1.8400,13.8800,76.4706,421.880000,370.352200,0.064002,-0.113114,1,1,1,1,1,5,5,5,3.0000,3.0000,0.0000,0.0000,1.0000,0.0000,1.0000,0,0.035334,0.00020948,0.035334,36.160879,-0.045032
2024-02-02,3.4700,1.6300,1.8400,13.8500,73.4280,429.010000,370.902950,0.062193,-0.138041,1,1,1,1,1,5,5,5,3.0000,3.0000,0.0000,0.0000,1.0000,0.0000,1.0000,0,0.050275,0.00020948,0.050275,37.978875,0.000000
2024-02-05,3.5000,1.5900,1.8400,13.6700,70.3854,428.450000,371.451650,0.061121,-0.144277,1,1,1,1,1,5,5,5,3.0000,3.0000,0.0000,0.0000,1.0000,0.0000,1.0000,0,-0.005066,0.00020985,-0.005066,37.786459,-0.005066
2024-02-06,3.5200,1.5600,1.8400,13.0600,73.4280,427.590000,372.008200,0.061166,-0.135828,1,1,1,1,1,5,5,5,3.0000,3.0000,0.0000,0.0000,1.0000,0.0000,1.0000,0,-0.005795,0.00020948,-0.005795,37.567504,-0.010832
2024-02-07,3.4300,1.5800,1.8400,12.8300,73.4280,431.990000,372.585100,0.060701,-0.140286,1,1,1,1,1,5,5,5,3.0000,3.0000,0.0000,0.0000,1.0000,0.0000,1.0000,0,0.029848,0.00021023,0.029848,38.688823,0.000000
2024-02-08,3.3800,1.6000,1.8400,12.7900,73.2252,432.790000,373.169300,0.060242,-0.135619,1,1,1,1,1,5,5,5,3.0000,3.0000,0.0000,0.0000,1.0000,0.0000,1.0000,0,0.004116,0.00020985,0.004116,38.848063,0.000000
2024-02-09,3.3300,1.6000,1.8400,12.9300,72.4138,437.050000,373.804600,0.060126,-0.127358,1,1,1,1,1,5,5,5,3.0000,3.0000,0.0000,0.0000,1.0000,0.0000,1.0000,0,0.029377,0.00021023,0.029377,39.989287,0.000000
2024-02-12,3.3500,1.5900,1.8400,13.9300,74.6450,435.340000,374.421950,0.060851,-0.132735,1,1,1,1,1,5,5,5,3.0000,3.0000,0.0000,0.0000,1.0000,0.0000,1.0000,0,-0.011780,0.00021023,-0.011780,39.518201,-0.011780
2024-02-13,3.3600,1.5800,1.8400,15.8500,68.5598,428.550000,374.962950,0.060311,-0.135047,1,1,1,1,1,5,5,5,3.0000,3.0000,0.0000,0.0000,1.0000,0.0000,1.0000,0,-0.047347,0.00020985,-0.047347,37.647124,-0.058570
2024-02-14,3.3800,1.5400,1.8400,14.3800,69.5740,433.220000,375.516250,0.060463,-0.136826,1,1,1,1,1,5,5,5,3.0000,3.0000,0.0000,0.0000,1.0000,0.0000,1.0000,0,0.031724,0.00021060,0.031724,38.841428,-0.028704
2024-02-15,3.3500,1.5600,1.8400,14.0100,74.8479,434.510000,376.077850,0.061055,-0.129516,1,1,1,1,1,5,5,5,3.0000,3.0000,0.0000,0.0000,1.0000,0.0000,1.0000,0,0.008370,0.00020985,0.008370,39.166544,-0.020574
2024-02-16,3.3400,1.5700,1.8400,14.2400,73.2252,430.570000,376.633800,0.061290,-0.113622,1,1,1,1,1,5,5,5,3.0000,3.0000,0.0000,0.0000,1.0000,0.0000,1.0000,0,-0.027444,0.00020985,-0.027444,38.091671,-0.047453
2024-02-20,3.3700,1.5300,1.8400,15.4200,72.4696,427.320000,377.183950,0.061589,-0.112659,1,1,1,1,1,5,5,5,3.0000,3.0000,0.0000,0.0000,1.0000,0.0000,1.0000,0,-0.023167,0.00021023,-0.023167,37.209212,-0.069520
2024-02-21,3.3400,1.5600,1.8400,15.3400,74.0891,425.610000,377.731150,0.062348,-0.101197,1,1,1,1,1,5,5,5,3.0000,3.0000,0.0000,0.0000,1.0000,0.0000,1.0000,0,-0.012482,0.00021023,-0.012482,36.744761,-0.081135
2024-02-22,3.2200,1.5400,1.8400,14.5400,75.7085,438.070000,378.307050,0.060611,-0.133313,1,1,1,1,1,5,5,5,3.0000,3.0000,0.0000,0.0000,1.0000,0.0000,1.0000,0,0.086493,0.00021023,0.086493,39.922937,-0.001659
2024-02-23,3.2300,1.4900,1.8350,13.7500,76.3158,436.780000,378.872500,0.061002,-0.130650,1,1,1,1,1,5,5,5,3.0000,3.0000,0.0000,0.0000,1.0000,0.0000,1.0000,0,-0.009141,0.00021060,-0.009141,39.558011,-0.010785
2024-02-26,3.2300,1.4900,1.8300,13.7400,73.0769,436.550000,379.447050,0.060021,-0.147957,1,1,1,1,1,5,5,5,3.0000,3.0000,0.0000,0.0000,1.0000,0.0000,1.0000,0,-0.001342,0.00021098,-0.001342,39.504931,-0.012112
2024-02-27,3.2600,1.5300,1.8300,13.4300,74.6964,437.600000,380.009350,0.061044,-0.124689,1,1,1,1,1,5,5,5,3.0000,3.0000,0.0000,0.0000,1.0000,0.0000,1.0000,0,0.006214,0.00021136,0.006214,39.750426,-0.005973
2024-02-28,3.3100,1.5300,1.8300,13.8400,74.6964,435.270000,380.554700,0.061312,-0.120081,1,1,1,1,1,5,5,5,3.0000,3.0000,0.0000,0.0000,1.0000,0.0000,1.0000,0,-0.016191,0.00021060,-0.016191,39.106829,-0.022067
2024-02-29,3.2900,1.5500,1.8300,13.4000,76.9231,439.000000,381.124550,0.061112,-0.129196,1,1,1,1,1,5,5,5,3.0000,3.0000,0.0000,0.0000,1.0000,0.0000,1.0000,0,0.024092,0.00021060,0.024092,40.049002,0.000000
2024-03-01,3.3200,1.5500,1.8300,13.1100,76.5182,445.610000,381.718650,0.060174,-0.147624,1,1,1,1,1,5,5,5,3.0000,3.0000,0.0000,0.0000,1.0000,0.0000,1.0000,0,0.045891,0.00021060,0.045891,41.886904,0.000000
2024-03-04,3.2600,1.5700,1.8300,13.4900,77.3279,444.020000,382.302950,0.061253,-0.123103,1,1,1,1,1,5,5,5,3.0000,3.0000,0.0000,0.0000,1.0000,0.0000,1.0000,0,-0.011880,0.00020948,-0.011880,41.389277,-0.011880
2024-03-05,3.3100,1.5700,1.8300,14.4600,75.7085,436.050000,382.827600,0.061694,-0.132389,1,1,1,1,1,5,5,5,3.0000,3.0000,0.0000,0.0000,1.0000,0.0000,1.0000,0,-0.053543,0.00021173,-0.053543,39.173179,-0.064787
2024-03-06,3.2700,1.5900,1.8300,14.5000,77.7328,438.790000,383.335200,0.061972,-0.117942,1,1,1,1,1,5,5,5,3.0000,3.0000,0.0000,0.0000,1.0000,0.0000,1.0000,0,0.018462,0.00021136,0.018462,39.896397,-0.047521
2024-03-07,3.2700,1.5700,1.8300,14.4400,79.1498,445.450000,383.879900,0.061761,-0.115827,1,1,1,1,1,5,5,5,3.0000,3.0000,0.0000,0.0000,1.0000,0.0000,1.0000,0,0.044570,0.00021136,0.044570,41.674583,-0.005069
2024-03-08,3.2600,1.5900,1.8300,14.7400,79.7571,439.020000,384.386800,0.062290,-0.108740,1,1,1,1,1,5,5,5,3.0000,3.0000,0.0000,0.0000,1.0000,0.0000,1.0000,0,-0.043783,0.00021136,-0.043783,39.849952,-0.048630
2024-03-11,3.2600,1.5900,1.8300,15.2200,82.5911,437.390000,384.906950,0.062656,-0.093635,1,1,1,1,1,5,5,5,3.0000,3.0000,0.0000,0.0000,1.0000,0.0000,1.0000,0,-0.011655,0.00021098,-0.011655,39.385500,-0.059718
2024-03-12,3.2000,1.5900,1.8300,13.8400,80.7692,443.660000,385.467000,0.061390,-0.136417,1,1,1,1,1,5,5,5,3.0000,3.0000,0.0000,0.0000,1.0000,0.0000,1.0000,0,0.042453,0.00021173,0.042453,41.057526,-0.019800
2024-03-13,3.1500,1.5500,1.8300,13.7500,81.7814,440.250000,385.969650,0.061903,-0.111874,1,1,1,1,1,5,5,5,3.0000,3.0000,0.0000,0.0000,1.0000,0.0000,1.0000,0,-0.023271,0.00021173,-0.023271,40.102083,-0.042610
2024-03-14,3.1500,1.5500,1.8300,14.4000,79.7571,439.180000,386.423550,0.061530,-0.106582,1,1,1,1,1,5,5,5,3.0000,3.0000,0.0000,0.0000,1.0000,0.0000,1.0000,0,-0.008107,0.00021173,-0.008107,39.776967,-0.050372
2024-03-15,3.1600,1.5300,1.8300,14.4100,78.9474,433.920000,386.843250,0.062256,-0.076240,1,1,1,1,1,5,5,5,3.0000,3.0000,0.0000,0.0000,1.0000,0.0000,1.0000,0,-0.036530,0.00021173,-0.036530,38.323896,-0.085063
2024-03-18,3.1300,1.4900,1.8300,14.3300,78.5425,437.480000,387.290700,0.061646,-0.085709,1,1,1,1,1,5,5,5,3.0000,3.0000,0.0000,0.0000,1.0000,0.0000,1.0000,0,0.028220,0.00021173,0.028220,39.405405,-0.059243
2024-03-19,3.1000,1.4900,1.8250,13.8200,80.9717,438.570000,387.723500,0.061840,-0.077544,1,1,1,1,1,5,5,5,3.0000,3.0000,0.0000,0.0000,1.0000,0.0000,1.0000,0,0.006904,0.00021173,0.006904,39.677441,-0.052748
2024-03-20,3.1400,1.5000,1.8200,13.0400,81.9838,443.770000,388.169100,0.061364,-0.077558,1,1,1,1,1,5,5,5,3.0000,3.0000,0.0000,0.0000,1.0000,0.0000,1.0000,0,0.031773,0.00021173,0.031773,40.938096,-0.022652
2024-03-21,3.0500,1.5600,1.8200,12.9200,82.3887,445.870000,388.623950,0.061049,-0.084297,1,1,1,1,1,5,5,5,3.0000,3.0000,0.0000,0.0000,1.0000,0.0000,1.0000,0,0.012966,0.00021136,0.012966,41.468898,-0.009979
2024-03-22,3.0800,1.5300,1.8200,13.0600,81.5789,446.380000,389.081650,0.061261,-0.082134,1,1,1,1,1,5,5,5,3.0000,3.0000,0.0000,0.0000,1.0000,0.0000,1.0000,0,0.002080,0.00021173,0.002080,41.555153,-0.007920
2024-03-25,3.1100,1.5300,1.8200,13.1900,81.1741,444.760000,389.561350,0.061720,-0.071725,1,1,1,1,1,5,5,5,3.0000,3.0000,0.0000,0.0000,1.0000,0.0000,1.0000,0,-0.010219,0.00021098,-0.010219,41.130511,-0.018058
2024-03-26,3.1500,1.5300,1.8200,13.2400,80.7692,443.320000,390.012200,0.061130,-0.088044,1,1,1,1,1,5,5,5,3.0000,3.0000,0.0000,0.0000,1.0000,0.0000,1.0000,0,-0.009356,0.00021098,-0.009356,40.745680,-0.027245
2024-03-27,3.1500,1.5300,1.8200,12.7800,83.8057,444.830000,390.463850,0.062314,-0.071143,1,1,1,1,1,5,5,5,3.0000,3.0000,0.0000,0.0000,1.0000,0.0000,1.0000,0,0.008793,0.00021098,0.008793,41.103971,-0.018692
2024-03-28,3.1200,1.5400,1.8200,13.0100,85.2227,444.010000,390.881450,0.062738,-0.085181,1,1,1,1,1,5,5,5,3.0000,3.0000,0.0000,0.0000,1.0000,0.0000,1.0000,0,-0.006295,0.00021060,-0.006295,40.845205,-0.024869
2024-04-01,3.1200,1.5000,1.8200,13.6500,84.0081,444.950000,391.289900,0.062481,-0.102062,1,1,1,1,1,5,5,5,3.0000,3.0000,0.0000,0.0000,1.0000,0.0000,1.0000,0,0.006173,0.00021098,0.006173,41.097336,-0.018850
2024-04-02,3.2300,1.4900,1.8200,14.6100,82.5911,441.110000,391.665950,0.062984,-0.093740,1,1,1,1,1,5,5,5,3.0000,3.0000,0.0000,0.0000,1.0000,0.0000,1.0000,0,-0.026800,0.00021023,-0.026800,39.995922,-0.045145
2024-04-03,3.2300,1.5100,1.8150,14.3300,80.9717,442.100000,392.025150,0.062661,-0.101314,1,1,1,1,1,5,5,5,3.0000,3.0000,0.0000,0.0000,1.0000,0.0000,1.0000,0,0.006636,0.00020948,0.006636,40.261323,-0.038809
2024-04-04,3.2400,1.4900,1.8100,16.3500,79.7571,435.340000,392.362200,0.063309,-0.081625,1,1,1,1,1,5,5,5,3.0000,3.0000,0.0000,0.0000,1.0000,0.0000,1.0000,0,-0.047132,0.00020948,-0.047132,38.363706,-0.084112
2024-04-05,3.1800,1.5100,1.8100,16.0300,79.5547,440.490000,392.730150,0.062844,-0.083308,1,1,1,1,1,5,5,5,3.0000,3.0000,0.0000,0.0000,1.0000,0.0000,1.0000,0,0.035282,0.00020910,0.035282,39.717251,-0.051798
2024-04-08,3.1500,1.4900,1.8100,15.1900,79.9595,440.600000,393.123650,0.063223,-0.070937,1,1,1,1,1,5,5,5,3.0000,3.0000,0.0000,0.0000,1.0000,0.0000,1.0000,0,0.000668,0.00020985,0.000668,39.743791,-0.051164
2024-04-09,3.1400,1.4600,1.8100,14.9800,82.7935,442.230000,393.503950,0.063501,-0.042632,1,1,1,1,1,5,5,5,3.0000,3.0000,0.0000,0.0000,1.0000,0.0000,1.0000,0,0.010351,0.00020985,0.010351,40.155163,-0.041343
2024-04-10,3.1000,1.4400,1.8050,15.8000,77.1255,438.370000,393.883100,0.063040,-0.054854,1,1,1,1,1,5,5,5,3.0000,3.0000,0.0000,0.0000,1.0000,0.0000,1.0000,0,-0.026272,0.00020985,-0.026272,39.100194,-0.066529
2024-04-11,3.1600,1.4000,1.8000,14.9100,76.7206,445.370000,394.321550,0.062442,-0.057795,1,1,1,1,1,5,5,5,3.0000,3.0000,0.0000,0.0000,1.0000,0.0000,1.0000,0,0.047175,0.00021060,0.047175,40.944731,-0.022493
2024-04-12,3.2500,1.4100,1.8000,17.3100,72.8745,438.270000,394.693750,0.062838,-0.041442,1,1,1,1,1,5,5,5,3.0000,3.0000,0.0000,0.0000,1.0000,0.0000,1.0000,0,-0.048452,0.00021060,-0.048452,38.960859,-0.069856
2024-04-15,3.2800,1.4500,1.8000,19.2300,70.8502,431.060000,395.026350,0.063031,-0.017209,1,1,1,1,1,5,5,5,3.0000,3.0000,0.0000,0.0000,1.0000,0.0000,1.0000,0,-0.050238,0.00021060,-0.050238,37.003527,-0.116585
2024-04-16,3.3600,1.4600,1.8000,18.4000,68.4211,431.100000,395.362800,0.062339,-0.014238,1,1,1,1,1,5,5,5,3.0000,3.0000,0.0000,0.0000,1.0000,0.0000,1.0000,0,0.000179,0.00021060,0.000179,37.010162,-0.116426
2024-04-17,3.4200,1.4600,1.8000,18.2100,69.8381,425.840000,395.644900,0.064010,0.020835,1,1,1,1,0,4,3,5,3.0000,3.0000,0.0000,0.0000,1.0000,0.0000,1.0000,0,-0.037110,0.00021060,-0.037110,35.636712,-0.149216
2024-04-18,3.3900,1.4800,1.8000,18.0000,69.4332,423.400000,395.910450,0.064512,0.030136,1,1,1,1,0,4,3,4,3.0000,3.0000,0.0000,0.0000,1.0000,0.0000,1.0000,0,-0.017874,0.00021060,-0.017874,34.999750,-0.164423
2024-04-19,3.3700,1.4700,1.8000,18.7100,71.2551,414.650000,396.132300,0.066070,0.071281,1,1,1,1,0,4,3,4,3.0000,3.0000,0.0000,0.0000,1.0000,0.0000,1.0000,0,-0.061991,0.00021098,-0.061991,32.830097,-0.216220
2024-04-22,3.2900,1.4600,1.8000,16.9400,74.8988,418.820000,396.389100,0.066067,0.057973,1,1,1,1,0,4,3,4,3.0000,3.0000,0.0000,0.0000,1.0000,0.0000,1.0000,0,0.029303,0.00021060,0.029303,33.792109,-0.193254
2024-04-23,3.2000,1.4600,1.7950,15.6900,77.1255,425.100000,396.683400,0.065622,0.046776,1,1,1,1,0,4,3,4,3.0000,3.0000,0.0000,0.0000,1.0000,0.0000,1.0000,0,0.044377,0.00020948,0.044377,35.291691,-0.157453
2024-04-24,3.1900,1.4600,1.7900,15.9700,76.9231,426.510000,396.984150,0.066019,0.054557,1,1,1,1,0,4,3,4,3.0000,3.0000,0.0000,0.0000,1.0000,0.0000,1.0000,0,0.009776,0.00021060,0.009776,35.636712,-0.149216
2024-04-25,3.2400,1.4800,1.7900,15.3700,75.9109,424.450000,397.265550,0.066463,0.061151,1,1,1,1,0,4,3,4,3.0000,3.0000,0.0000,0.0000,1.0000,0.0000,1.0000,0,-0.016012,0.00021098,-0.016012,35.066100,-0.162839
2024-04-26,3.1600,1.4700,1.7900,15.0300,74.8988,431.000000,397.556450,0.065114,0.024576,1,1,1,1,0,4,3,4,3.0000,3.0000,0.0000,0.0000,1.0000,0.0000,1.0000,0,0.045979,0.00021136,0.045979,36.678410,-0.124347
2024-04-29,3.1200,1.4500,1.7850,14.6700,78.5425,432.750000,397.824450,0.065767,0.028742,1,1,1,1,0,4,3,4,3.0000,3.0000,0.0000,0.0000,1.0000,0.0000,1.0000,0,0.011939,0.00021098,0.011939,37.116322,-0.113892
2024-04-30,3.1800,1.4500,1.7800,15.6500,72.4696,424.590000,398.052050,0.066477,0.069945,1,1,1,1,0,4,3,4,3.0000,3.0000,0.0000,0.0000,1.0000,0.0000,1.0000,0,-0.057294,0.00021060,-0.057294,34.989797,-0.164660
2024-05-01,3.2100,1.4400,1.7800,15.3900,71.8623,421.515000,398.246575,0.067509,0.106122,1,1,1,1,0,4,3,4,3.0000,3.0000,0.0000,0.0000,1.0000,0.0000,1.0000,0,-0.021523,0.00021098,-0.021523,34.236722,-0.182639
2024-05-02,3.1600,1.4300,1.7800,14.6800,73.6842,426.900000,398.452375,0.067192,0.100706,1,1,1,1,0,4,3,4,3.0000,3.0000,0.0000,0.0000,1.0000,0.0000,1.0000,0,0.038081,0.00021098,0.038081,35.540504,-0.151513
2024-05-03,3.0800,1.4700,1.7800,13.4900,76.3158,435.480000,398.701525,0.066897,0.104784,1,1,1,1,0,4,3,4,3.0000,3.0000,0.0000,0.0000,1.0000,0.0000,1.0000,0,0.058527,0.00021098,0.058527,37.620584,-0.101853
2024-05-06,3.0300,1.4900,1.7800,13.4900,76.5182,440.250000,399.018975,0.066554,0.108613,1,1,1,1,0,4,3,4,3.0000,3.0000,0.0000,0.0000,1.0000,0.0000,1.0000,0,0.032804,0.00021060,0.032804,38.854698,-0.072390
2024-05-07,3.0600,1.4700,1.7750,13.2300,77.7328,440.320000,399.342425,0.067229,0.121904,1,1,1,1,0,4,3,4,3.0000,3.0000,0.0000,0.0000,1.0000,0.0000,1.0000,0,0.000000,0.00021060,0.000000,38.854698,-0.072390
2024-05-08,3.1000,1.4500,1.7700,13.0000,77.1255,440.060000,399.661575,0.067934,0.120177,1,1,1,1,0,4,3,4,3.0000,3.0000,0.0000,0.0000,1.0000,0.0000,1.0000,0,-0.001878,0.00021060,-0.001878,38.781713,-0.074133
2024-05-09,3.1400,1.4700,1.7700,12.6900,79.3522,441.020000,399.972775,0.068574,0.143363,1,1,1,1,0,4,3,4,3.0000,3.0000,0.0000,0.0000,1.0000,0.0000,1.0000,0,0.005475,0.00021060,0.005475,38.994034,-0.069064
2024-05-10,3.1200,1.4800,1.7700,12.5500,80.1619,442.060000,400.295475,0.068418,0.137452,1,1,1,1,0,4,3,4,3.0000,3.0000,0.0000,0.0000,1.0000,0.0000,1.0000,0,0.006806,0.00021098,0.006806,39.259435,-0.062728
2024-05-13,3.1400,1.4800,1.7700,13.6000,80.7692,443.080000,400.627775,0.068409,0.124994,1,1,1,1,0,4,3,4,3.0000,3.0000,0.0000,0.0000,1.0000,0.0000,1.0000,0,0.006591,0.00021136,0.006591,39.518201,-0.056550
2024-05-14,3.1400,1.4800,1.7700,13.4200,81.7814,445.930000,400.940025,0.068280,0.119468,1,1,1,1,0,4,3,4,3.0000,3.0000,0.0000,0.0000,1.0000,0.0000,1.0000,0,0.018637,0.00021060,0.018637,40.254688,-0.038967
2024-05-15,3.1300,1.4800,1.7650,12.4500,82.3887,452.900000,401.286125,0.068456,0.118894,1,1,1,1,0,4,3,4,3.0000,3.0000,0.0000,0.0000,1.0000,0.0000,1.0000,0,0.046151,0.00021023,0.046151,42.112495,0.000000
2024-05-16,3.0800,1.4900,1.7600,12.4200,82.9960,451.980000,401.632075,0.068317,0.101828,1,1,1,1,0,4,3,4,3.0000,3.0000,0.0000,0.0000,1.0000,0.0000,1.0000,0,-0.006145,0.00021060,-0.006145,41.853729,-0.006145
2024-05-17,3.0900,1.4700,1.7550,11.9900,82.9960,451.750000,402.018875,0.068310,0.132528,1,1,1,1,0,4,3,4,3.0000,3.0000,0.0000,0.0000,1.0000,0.0000,1.0000,0,-0.001585,0.00021060,-0.001585,41.787379,-0.007720
2024-05-20,3.0700,1.4800,1.7500,12.1500,81.5789,454.910000,402.424475,0.068124,0.121857,1,1,1,1,0,4,3,4,3.0000,3.0000,0.0000,0.0000,1.0000,0.0000,1.0000,0,0.020006,0.00021098,0.020006,42.623392,0.000000
2024-05-21,3.0700,1.4700,1.7500,11.8600,81.7814,455.800000,402.843275,0.068569,0.149564,1,1,1,1,0,4,3,4,3.0000,3.0000,0.0000,0.0000,1.0000,0.0000,1.0000,0,0.005137,0.00021060,0.005137,42.842347,0.000000
2024-05-22,3.1100,1.4800,1.7400,12.2900,80.3644,455.710000,403.245875,0.067954,0.118322,1,1,1,1,0,4,3,4,3.0000,3.0000,0.0000,0.0000,1.0000,0.0000,1.0000,0,-0.000619,0.00021060,-0.000619,42.815807,-0.000619
2024-05-23,3.1000,1.4600,1.7300,12.7700,74.4939,453.660000,403.654175,0.067293,0.101351,1,1,1,1,0,4,3,4,3.0000,3.0000,0.0000,0.0000,1.0000,0.0000,1.0000,0,-0.014877,0.00021060,-0.014877,42.178845,-0.015487
2024-05-24,3.1100,1.4500,1.7250,11.9300,75.1012,457.950000,404.104375,0.067517,0.109210,1,1,1,1,0,4,3,4,3.0000,3.0000,0.0000,0.0000,1.0000,0.0000,1.0000,0,0.028001,0.00021098,0.028001,43.359879,0.000000
2024-05-28,3.0900,1.4600,1.7200,12.9200,73.0769,459.680000,404.559825,0.067411,0.124253,1,1,1,1,0,4,3,4,3.0000,3.0000,0.0000,0.0000,1.0000,0.0000,1.0000,0,0.010865,0.00021098,0.010865,43.830966,0.000000
2024-05-29,3.1500,1.4500,1.7150,14.2800,68.0162,456.440000,405.010825,0.067002,0.096393,1,1,1,1,0,4,3,4,3.0000,3.0000,0.0000,0.0000,1.0000,0.0000,1.0000,0,-0.020890,0.00021098,-0.020890,42.915333,-0.020890
2024-05-30,3.1900,1.4700,1.7100,14.4700,69.6356,451.550000,405.416825,0.068368,0.111475,1,1,1,1,0,4,3,4,3.0000,3.0000,0.0000,0.0000,1.0000,0.0000,1.0000,0,-0.032158,0.00021098,-0.032158,41.535248,-0.052377
2024-05-31,3.2000,1.4600,1.7100,12.9200,73.8866,451.530000,405.842375,0.068985,0.117041,1,1,1,1,0,4,3,4,3.0000,3.0000,0.0000,0.0000,1.0000,0.0000,1.0000,0,-0.001118,0.00021098,-0.001118,41.488803,-0.053436
2024-06-03,3.1700,1.4600,1.6900,13.1100,72.8745,453.130000,406.295325,0.068105,0.105310,1,1,1,1,0,4,3,4,3.0000,3.0000,0.0000,0.0000,1.0000,0.0000,1.0000,0,0.009755,0.00021098,0.009755,41.893539,-0.044202
2024-06-04,3.2200,1.4700,1.6700,13.1600,73.2794,454.370000,406.774275,0.067999,0.094639,1,1,1,1,0,4,3,4,3.0000,3.0000,0.0000,0.0000,1.0000,0.0000,1.0000,0,0.007444,0.00021324,0.007444,42.205385,-0.037087
2024-06-05,3.2000,1.4900,1.6650,12.6300,73.2794,463.530000,407.301275,0.066822,0.069517,1,1,1,1,0,4,3,4,3.0000,3.0000,0.0000,0.0000,1.0000,0.0000,1.0000,0,0.060368,0.00021324,0.060368,44.753234,0.000000
2024-06-06,3.2000,1.5300,1.6600,12.5800,71.8623,463.250000,407.798025,0.066131,0.079899,1,1,1,1,0,4,3,4,3.0000,3.0000,0.0000,0.0000,1.0000,0.0000,1.0000,0,-0.000964,0.00021286,-0.000964,44.710107,-0.000964
2024-06-07,3.1500,1.5000,1.6550,12.2200,70.4453,462.960000,408.295925,0.065486,0.059902,1,1,1,1,0,4,3,4,3.0000,3.0000,0.0000,0.0000,1.0000,0.0000,1.0000,0,-0.003933,0.00021286,-0.003933,44.534278,-0.004893
2024-06-10,3.1500,1.4600,1.6500,12.7400,70.4453,464.830000,408.774525,0.066124,0.077662,1,1,1,1,0,4,3,4,3.0000,3.0000,0.0000,0.0000,1.0000,0.0000,1.0000,0,0.010578,0.00021324,0.010578,45.005365,0.000000
2024-06-11,3.1900,1.4600,1.6500,12.8500,70.2429,468.020000,409.308525,0.065565,0.055993,1,1,1,1,0,4,3,4,3.0000,3.0000,0.0000,0.0000,1.0000,0.0000,1.0000,0,0.020640,0.00021324,0.020640,45.934268,0.000000
2024-06-12,3.0900,1.4800,1.6500,12.0400,71.0526,474.150000,409.859175,0.064608,0.050726,1,1,1,1,0,4,3,4,3.0000,3.0000,0.0000,0.0000,1.0000,0.0000,1.0000,0,0.039451,0.00021324,0.039451,47.746426,0.000000
2024-06-13,3.2000,1.4800,1.6500,11.9400,71.2551,476.720000,410.408975,0.064623,0.047347,1,1,1,1,0,4,3,4,3.0000,3.0000,0.0000,0.0000,1.0000,0.0000,1.0000,0,0.015964,0.00021286,0.015964,48.508658,0.000000
2024-06-14,3.2900,1.5100,1.6500,12.6600,68.8259,479.190000,410.931075,0.064428,0.052071,1,1,1,1,0,4,3,4,3.0000,3.0000,0.0000,0.0000,1.0000,0.0000,1.0000,0,0.014499,0.00021286,0.014499,49.211970,0.000000
2024-06-17,3.2600,1.5300,1.6450,12.7500,70.2429,485.060000,411.472075,0.063223,0.037301,1,1,1,1,0,4,3,4,3.0000,3.0000,0.0000,0.0000,1.0000,0.0000,1.0000,0,0.036268,0.00021286,0.036268,50.996791,0.000000
2024-06-18,3.2400,1.5200,1.6400,12.3000,70.4453,485.210000,412.008175,0.063082,0.031281,1,1,1,1,0,4,3,4,3.0000,3.0000,0.0000,0.0000,1.0000,0.0000,1.0000,0,0.000520,0.00021324,0.000520,51.023332,0.000000
2024-06-20,3.2300,1.5200,1.6400,13.2800,72.2672,481.470000,412.527575,0.063803,0.035517,1,1,1,1,0,4,3,4,3.0000,3.0000,0.0000,0.0000,1.0000,0.0000,1.0000,0,-0.023537,0.00021249,-0.023537,49.822392,-0.023537
2024-06-21,3.2100,1.5400,1.6400,13.2000,72.4696,480.180000,413.038125,0.063767,0.045235,1,1,1,1,0,4,3,4,3.0000,3.0000,0.0000,0.0000,1.0000,0.0000,1.0000,0,-0.009189,0.00021249,-0.009189,49.364576,-0.032510
2024-06-24,3.1900,1.5500,1.6350,13.3300,74.4939,473.960000,413.534225,0.064256,0.032339,1,1,1,1,0,4,3,4,3.0000,3.0000,0.0000,0.0000,1.0000,0.0000,1.0000,0,-0.033871,0.00021211,-0.033871,47.692550,-0.065280
2024-06-25,3.1900,1.5300,1.6300,12.8400,71.6599,479.380000,414.070825,0.063403,0.011040,1,1,1,1,0,4,3,4,3.0000,3.0000,0.0000,0.0000,1.0000,0.0000,1.0000,0,0.033389,0.00021249,0.033389,49.284955,-0.034070
2024-06-26,3.1800,1.5500,1.6300,12.5500,70.4453,480.370000,414.609775,0.063051,0.009535,1,1,1,1,0,4,3,4,3.0000,3.0000,0.0000,0.0000,1.0000,0.0000,1.0000,0,0.002423,0.00021211,0.002423,49.404386,-0.031730
2024-06-27,3.2100,1.5500,1.6300,12.2400,71.8623,481.610000,415.132975,0.063056,0.001198,1,1,1,1,0,4,3,4,3.0000,3.0000,0.0000,0.0000,1.0000,0.0000,1.0000,0,0.007252,0.00021249,0.007252,49.762677,-0.024707
2024-06-28,3.1800,1.5500,1.6300,12.4400,71.6599,479.110000,415.664575,0.062599,-0.001044,1,1,1,1,1,5,5,4,3.0000,3.0000,0.0000,0.0000,1.0000,0.0000,1.0000,0,-0.015733,0.00021211,-0.015733,48.979744,-0.040052
2024-07-01,3.2100,1.5500,1.6300,12.2200,68.8259,481.920000,416.203125,0.062038,-0.021332,1,1,1,1,1,5,5,5,3.0000,3.0000,0.0000,0.0000,1.0000,0.0000,1.0000,0,0.016391,0.00021173,0.016391,49.782582,-0.024317
2024-07-02,3.2300,1.5500,1.6300,12.0300,68.4211,486.980000,416.751675,0.061951,-0.015036,1,1,1,1,1,5,5,5,3.0000,3.0000,0.0000,0.0000,1.0000,0.0000,1.0000,0,0.030654,0.00021136,0.030654,51.308638,0.000000
2024-07-03,3.2500,1.5600,1.6250,12.0900,69.2308,491.040000,417.352825,0.062044,-0.019818,1,1,1,1,1,5,5,5,3.0000,3.0000,0.0000,0.0000,1.0000,0.0000,1.0000,0,0.024570,0.00021136,0.024570,52.569292,0.000000
2024-07-05,3.2700,1.5300,1.6200,12.4800,68.6235,496.160000,417.980325,0.061793,-0.028728,1,1,1,1,1,5,5,5,3.0000,3.0000,0.0000,0.0000,1.0000,0.0000,1.0000,0,0.030292,0.00021136,0.030292,54.161698,0.000000
2024-07-08,3.2000,1.5600,1.6200,12.3700,67.6113,497.340000,418.617675,0.061784,-0.021513,1,1,1,1,1,5,5,5,3.0000,3.0000,0.0000,0.0000,1.0000,0.0000,1.0000,0,0.006615,0.00021098,0.006615,54.519989,0.000000
2024-07-09,3.2100,1.5400,1.6200,12.5100,67.0040,497.770000,419.283825,0.061909,-0.009169,1,1,1,1,1,5,5,5,3.0000,3.0000,0.0000,0.0000,1.0000,0.0000,1.0000,0,0.002191,0.00021098,0.002191,54.639419,0.000000
2024-07-10,3.1700,1.5600,1.6150,12.8500,68.8259,502.960000,420.009325,0.061881,-0.016730,1,1,1,1,1,5,5,5,3.0000,3.0000,0.0000,0.0000,1.0000,0.0000,1.0000,0,0.031330,0.00021098,0.031330,56.351255,0.000000
2024-07-11,3.1800,1.5600,1.6100,12.9200,72.2672,491.930000,420.679425,0.063561,0.009272,1,1,1,1,0,4,3,5,3.0000,3.0000,0.0000,0.0000,1.0000,0.0000,1.0000,0,-0.065701,0.00021098,-0.065701,52.648912,-0.065701
2024-07-12,3.1900,1.5800,1.6100,12.4600,75.3036,494.890000,421.355825,0.063627,0.022992,1,1,1,1,0,4,3,4,3.0000,3.0000,0.0000,0.0000,1.0000,0.0000,1.0000,0,0.015375,0.00021023,0.015375,53.458385,-0.051336
2024-07-15,3.1300,1.5800,1.6100,13.1200,76.7206,496.150000,422.065525,0.061911,-0.036776,1,1,1,1,1,5,5,4,3.0000,3.0000,0.0000,0.0000,1.0000,0.0000,1.0000,0,0.008316,0.00020985,0.008316,53.902932,-0.043448
2024-07-16,3.0800,1.5800,1.6100,13.1900,80.5668,496.340000,422.772025,0.062032,-0.043467,1,1,1,1,1,5,5,5,3.0000,3.0000,0.0000,0.0000,1.0000,0.0000,1.0000,0,0.001433,0.00020985,0.001433,53.980163,-0.042077
2024-07-17,3.0900,1.5600,1.6100,14.4800,82.0202,481.770000,423.390825,0.062942,-0.053241,1,1,1,1,1,5,5,5,3.0000,3.0000,0.0000,0.0000,1.0000,0.0000,1.0000,0,-0.088578,0.00020985,-0.088578,49.198700,-0.126928
2024-07-18,3.0900,1.5600,1.6050,15.9300,79.5960,479.490000,423.996925,0.063375,-0.045058,1,1,1,1,1,5,5,5,3.0000,3.0000,0.0000,0.0000,1.0000,0.0000,1.0000,0,-0.014970,0.00020985,-0.014970,48.462212,-0.139998
2024-07-19,3.0900,1.5700,1.6000,16.5200,75.7576,475.240000,424.566825,0.063872,-0.028965,1,1,1,1,1,5,5,5,3.0000,3.0000,0.0000,0.0000,1.0000,0.0000,1.0000,0,-0.027108,0.00020985,-0.027108,47.148478,-0.163311
2024-07-22,3.0500,1.5700,1.6000,14.9100,77.7778,482.320000,425.203825,0.063752,-0.037683,1,1,1,1,1,5,5,5,3.0000,3.0000,0.0000,0.0000,1.0000,0.0000,1.0000,0,0.043625,0.00020985,0.043625,49.205335,-0.126810
2024-07-23,3.0200,1.5800,1.6000,14.7200,74.7475,480.620000,425.808175,0.063455,-0.049783,1,1,1,1,1,5,5,5,3.0000,3.0000,0.0000,0.0000,1.0000,0.0000,1.0000,0,-0.010787,0.00020985,-0.010787,48.674533,-0.136230
2024-07-24,3.1000,1.5900,1.6000,18.0400,73.3333,463.380000,426.331625,0.065656,0.008859,1,1,1,1,0,4,3,5,3.0000,3.0000,0.0000,0.0000,1.0000,0.0000,1.0000,0,-0.107824,0.00020910,-0.107824,43.426229,-0.229365
2024-07-25,3.0800,1.6500,1.6000,18.4600,74.1414,458.270000,426.799475,0.065452,-0.005053,0,1,1,1,1,4,3,4,3.0000,3.0000,0.0000,0.0000,1.0000,0.0000,1.0000,0,-0.033308,0.00020872,-0.033308,41.979794,-0.255034
2024-07-26,3.1000,1.6200,1.6000,16.3900,78.1818,462.970000,427.281525,0.065361,-0.018208,0,1,1,1,1,4,3,4,3.0000,3.0000,0.0000,0.0000,1.0000,0.0000,1.0000,0,0.028608,0.00020835,0.028608,43.180734,-0.233722
2024-07-29,3.1300,1.6500,1.6000,16.6000,77.9798,463.900000,427.758075,0.065616,-0.030540,0,1,1,1,1,4,3,4,3.0000,3.0000,0.0000,0.0000,1.0000,0.0000,1.0000,0,0.005839,0.00020797,0.005839,43.432865,-0.229248
2024-07-30,3.2000,1.6600,1.6000,17.6900,79.1919,457.530000,428.189625,0.066292,-0.014379,0,1,1,1,1,4,3,4,3.0000,3.0000,0.0000,0.0000,1.0000,0.0000,1.0000,0,-0.040788,0.00020910,-0.040788,41.661313,-0.260685
2024-07-31,3.2500,1.6500,1.6000,16.3600,80.2020,471.070000,428.695325,0.066075,-0.013227,0,1,1,1,1,4,3,4,3.0000,3.0000,0.0000,0.0000,1.0000,0.0000,1.0000,0,0.087434,0.00020872,0.087434,45.303941,-0.196044
2024-08-01,3.3500,1.6800,1.6000,18.5900,75.9596,459.660000,429.167225,0.068231,0.026478,0,1,1,1,0,3,1,4,3.0000,3.0000,0.0000,0.0000,1.0000,0.0000,1.0000,0,-0.072056,0.00020910,-0.072056,42.039510,-0.253974
2024-08-02,3.7200,1.7100,1.6000,23.3900,70.5051,448.750000,429.563925,0.069638,0.036924,0,0,1,1,0,2,-1,3,3.0000,3.0000,0.0000,0.0000,1.0000,0.0000,1.0000,0,-0.072917,0.00020759,-0.072917,38.974129,-0.308372
2024-08-05,3.9300,1.8000,1.6000,38.5700,61.8182,435.370000,429.899775,0.069833,0.027952,0,0,1,1,0,2,-1,2,0.0000,0.0000,0.0000,0.0000,0.0000,1.0000,0.0000,1,-0.087164,0.00020458,-0.160365,32.724025,-0.419285
2024-08-06,3.6700,1.8500,1.6000,27.7100,65.2525,439.530000,430.280575,0.069779,0.017640,0,0,1,1,0,2,-1,2,0.0000,0.0000,0.0000,0.0000,0.0000,1.0000,0.0000,0,0.024991,0.00020684,0.000207,32.730794,-0.419165
2024-08-07,3.5700,1.7800,1.6000,27.8500,62.4242,434.770000,430.654575,0.070644,0.032388,0,0,1,1,0,2,-1,2,0.0000,0.0000,0.0000,0.0000,0.0000,1.0000,0.0000,0,-0.032205,0.00020646,0.000206,32.737552,-0.419045
2024-08-08,3.4800,1.8000,1.6000,23.7900,68.6869,448.070000,431.121925,0.069123,0.010627,0,0,1,1,0,2,-1,2,0.0000,0.0000,0.0000,0.0000,0.0000,1.0000,0.0000,0,0.091559,0.00020646,0.000206,32.744311,-0.418925
2024-08-09,3.4900,1.7800,1.6000,20.3700,68.2828,450.410000,431.595625,0.069054,0.011550,0,0,1,1,0,2,-1,2,0.0000,0.0000,0.0000,0.0000,0.0000,1.0000,0.0000,0,0.013607,0.00020646,0.000206,32.751071,-0.418805
2024-08-12,3.5200,1.7700,1.6000,20.7100,66.2626,451.380000,432.056875,0.069139,0.010057,0,0,1,1,0,2,-1,2,0.0000,0.0000,0.0000,0.0000,0.0000,1.0000,0.0000,0,0.006797,0.00020609,0.000206,32.757821,-0.418685
2024-08-13,3.5400,1.7800,1.6000,18.1200,69.4949,462.580000,432.618075,0.068417,0.001504,0,1,1,1,0,3,1,2,0.0000,0.0000,0.0000,0.0000,0.0000,1.0000,0.0000,0,0.072743,0.00020609,0.000206,32.764571,-0.418565
2024-08-14,3.4600,1.8000,1.6000,16.1900,69.6970,462.730000,433.213425,0.068156,-0.002306,0,1,1,1,1,4,3,3,3.0000,3.0000,0.0000,0.0000,1.0000,0.0000,1.0000,1,0.001731,0.00020571,-0.004995,32.600908,-0.421470
2024-08-15,3.3100,1.7400,1.6000,15.2300,73.7374,474.420000,433.858975,0.066999,-0.017240,0,1,1,1,1,4,3,4,3.0000,3.0000,0.0000,0.0000,1.0000,0.0000,1.0000,0,0.075232,0.00020571,0.075232,35.053528,-0.377946
2024-08-16,3.2900,1.6800,1.6000,14.8000,73.7374,475.030000,434.488125,0.067147,-0.021646,0,1,1,1,1,4,3,4,3.0000,3.0000,0.0000,0.0000,1.0000,0.0000,1.0000,0,0.002629,0.00020646,0.002629,35.145694,-0.376310
2024-08-19,3.2100,1.6900,1.6000,14.6500,75.5556,481.270000,435.140125,0.066948,-0.015637,0,1,1,1,1,4,3,4,3.0000,3.0000,0.0000,0.0000,1.0000,0.0000,1.0000,0,0.038753,0.00020609,0.038753,36.507692,-0.352141
2024-08-20,3.2500,1.6800,1.6000,15.8800,74.7475,480.260000,435.756625,0.066914,-0.005985,0,1,1,1,1,4,3,4,3.0000,3.0000,0.0000,0.0000,1.0000,0.0000,1.0000,0,-0.006171,0.00020533,-0.006171,36.282399,-0.356139
2024-08-21,3.2700,1.6900,1.6000,16.2700,77.7778,482.500000,436.351925,0.067158,-0.005626,0,1,1,1,1,4,3,4,3.0000,3.0000,0.0000,0.0000,1.0000,0.0000,1.0000,0,0.013689,0.00020458,0.013689,36.779067,-0.347325
2024-08-22,3.2100,1.6900,1.6000,17.5500,76.3636,474.850000,436.887625,0.067608,0.003071,0,1,1,1,0,3,1,4,3.0000,3.0000,0.0000,0.0000,1.0000,0.0000,1.0000,0,-0.048030,0.00020345,-0.048030,35.012566,-0.378673
2024-08-23,3.1900,1.7000,1.6000,15.8600,79.3939,480.000000,437.441575,0.067084,0.001313,0,1,1,1,0,3,1,3,3.0000,3.0000,0.0000,0.0000,1.0000,0.0000,1.0000,0,0.031442,0.00020420,0.031442,36.113429,-0.359137
2024-08-26,3.1500,1.7000,1.6000,16.1500,79.7980,475.340000,437.954775,0.067681,-0.010784,0,1,1,1,1,4,3,3,3.0000,3.0000,0.0000,0.0000,1.0000,0.0000,1.0000,0,-0.029349,0.00020307,-0.029349,35.053528,-0.377946
2024-08-27,3.1700,1.7000,1.6000,15.4300,78.7879,476.760000,438.473875,0.067054,-0.029822,0,1,1,1,1,4,3,4,3.0000,3.0000,0.0000,0.0000,1.0000,0.0000,1.0000,0,0.008472,0.00020269,0.008472,35.350505,-0.372676
2024-08-28,3.1900,1.7100,1.6000,17.1100,77.1717,471.350000,438.980275,0.067446,-0.010234,0,1,1,1,1,4,3,4,3.0000,3.0000,0.0000,0.0000,1.0000,0.0000,1.0000,0,-0.033893,0.00020232,-0.033893,34.152357,-0.393938
2024-08-29,3.1500,1.7100,1.6000,15.6500,78.3838,470.660000,439.441625,0.067807,-0.002985,0,1,1,1,1,4,3,4,3.0000,3.0000,0.0000,0.0000,1.0000,0.0000,1.0000,0,-0.005247,0.00020156,-0.005247,33.973146,-0.397118
2024-08-30,3.1300,1.6900,1.6000,15.0000,80.6061,476.270000,439.936925,0.067671,0.013403,0,1,1,1,0,3,1,4,3.0000,3.0000,0.0000,0.0000,1.0000,0.0000,1.0000,0,0.034062,0.00020194,0.034062,35.130333,-0.376583
2024-09-03,3.3100,1.6900,1.6000,20.7200,76.1616,461.810000,440.319325,0.068994,0.044700,0,0,1,1,0,2,-1,3,3.0000,3.0000,0.0000,0.0000,1.0000,0.0000,1.0000,0,-0.091240,0.00020156,-0.091240,31.925029,-0.433464
2024-09-04,3.3500,1.7300,1.6000,21.3200,74.7475,460.610000,440.694275,0.069725,0.066791,0,0,1,1,0,2,-1,2,0.0000,0.0000,0.0000,0.0000,0.0000,1.0000,0.0000,1,-0.008500,0.00020081,-0.021206,31.248020,-0.445478
2024-09-05,3.2900,1.7300,1.6000,19.9000,73.5354,461.040000,441.069725,0.069722,0.055832,0,1,1,1,0,3,1,2,0.0000,0.0000,0.0000,0.0000,0.0000,1.0000,0.0000,0,0.003235,0.00020043,0.000200,31.254283,-0.445367
2024-09-06,3.3900,1.7300,1.6000,22.3800,68.4848,448.690000,441.382975,0.070240,0.071763,0,0,1,1,0,2,-1,3,3.0000,3.0000,0.0000,0.0000,1.0000,0.0000,1.0000,1,-0.081103,0.00019930,-0.074989,28.910571,-0.486958
2024-09-09,3.3600,1.7300,1.6000,19.4500,71.7172,454.460000,441.701575,0.070167,0.086846,0,1,1,1,0,3,1,2,0.0000,0.0000,0.0000,0.0000,0.0000,1.0000,0.0000,1,0.037200,0.00019854,0.027519,29.706149,-0.472840
2024-09-10,3.4600,1.7300,1.6000,19.0800,70.1010,458.660000,442.052525,0.070191,0.087157,0,1,1,1,0,3,1,3,3.0000,3.0000,0.0000,0.0000,1.0000,0.0000,1.0000,1,0.026899,0.00019779,0.015387,30.163252,-0.464728
2024-09-11,3.4400,1.7400,1.6000,17.6900,71.5152,468.620000,442.445325,0.069694,0.083502,0,1,1,1,0,3,1,3,3.0000,3.0000,0.0000,0.0000,1.0000,0.0000,1.0000,0,0.063756,0.00019590,0.063756,32.086346,-0.430601
2024-09-12,3.3900,1.7500,1.6000,17.0700,72.9293,473.220000,442.863875,0.069264,0.097659,0,1,1,1,0,3,1,3,3.0000,3.0000,0.0000,0.0000,1.0000,0.0000,1.0000,0,0.029580,0.00019741,0.029580,33.035470,-0.413758
2024-09-13,3.3700,1.7400,1.6000,16.5600,76.3636,475.340000,443.294725,0.069874,0.110322,0,1,1,1,0,3,1,3,3.0000,3.0000,0.0000,0.0000,1.0000,0.0000,1.0000,0,0.013087,0.00019590,0.013087,33.467793,-0.406086
2024-09-16,3.3200,1.7200,1.6000,17.1400,76.9697,473.240000,443.709975,0.070304,0.104853,0,1,1,1,0,3,1,3,3.0000,3.0000,0.0000,0.0000,1.0000,0.0000,1.0000,0,-0.013363,0.00019250,-0.013363,33.020562,-0.414023
2024-09-17,3.2500,1.7000,1.6000,17.6100,77.3737,473.490000,444.128375,0.070222,0.104762,0,1,1,1,0,3,1,3,3.0000,3.0000,0.0000,0.0000,1.0000,0.0000,1.0000,0,0.000602,0.00019212,0.000602,33.040439,-0.413670
2024-09-18,3.2100,1.6800,1.6000,18.2300,77.1717,471.440000,444.541425,0.069897,0.090808,0,1,1,1,0,3,1,3,3.0000,3.0000,0.0000,0.0000,1.0000,0.0000,1.0000,0,-0.013085,0.00019174,-0.013085,32.608115,-0.421342
2024-09-19,3.1000,1.6700,1.6000,16.3300,80.0000,483.360000,445.008525,0.068321,0.081303,0,1,1,1,0,3,1,3,3.0000,3.0000,0.0000,0.0000,1.0000,0.0000,1.0000,0,0.075587,0.00018758,0.075587,35.072856,-0.377603
2024-09-20,3.1500,1.6700,1.6000,16.1500,77.7778,482.440000,445.489125,0.070462,0.122437,0,1,1,1,0,3,1,3,3.0000,3.0000,0.0000,0.0000,1.0000,0.0000,1.0000,0,-0.006376,0.00018606,-0.006376,34.849240,-0.381571
2024-09-23,3.1500,1.6700,1.6000,15.8900,78.5859,483.040000,445.967875,0.070506,0.123174,0,1,1,1,0,3,1,3,3.0000,3.0000,0.0000,0.0000,1.0000,0.0000,1.0000,0,0.007415,0.00018417,0.007415,35.107640,-0.376986
2024-09-24,3.2100,1.6500,1.6000,15.3900,79.3939,485.370000,446.469475,0.069806,0.120849,0,1,1,1,0,3,1,3,3.0000,3.0000,0.0000,0.0000,1.0000,0.0000,1.0000,0,0.014154,0.00018303,0.014154,35.604564,-0.368167
2024-09-25,3.1900,1.6600,1.6000,15.4100,76.7677,485.820000,446.946425,0.070328,0.139671,0,1,1,1,0,3,1,3,3.0000,3.0000,0.0000,0.0000,1.0000,0.0000,1.0000,0,0.000279,0.00018190,0.000279,35.614502,-0.367991
2024-09-26,3.1400,1.6500,1.6000,15.3700,80.0000,489.470000,447.432925,0.069570,0.128206,0,1,1,1,0,3,1,3,3.0000,3.0000,0.0000,0.0000,1.0000,0.0000,1.0000,0,0.021208,0.00018190,0.021208,36.369826,-0.354587
2024-09-27,3.1400,1.6500,1.6000,16.9600,82.0202,486.750000,447.889075,0.070362,0.138930,0,1,1,1,0,3,1,3,3.0000,3.0000,0.0000,0.0000,1.0000,0.0000,1.0000,0,-0.017215,0.00018152,-0.017215,35.743702,-0.365698
2024-09-30,3.0300,1.6600,1.6000,16.7300,80.8081,488.070000,448.336075,0.070395,0.143993,0,1,1,1,0,3,1,3,3.0000,3.0000,0.0000,0.0000,1.0000,0.0000,1.0000,0,0.007785,0.00018152,0.007785,36.021979,-0.360760
2024-10-01,3.0700,1.6300,1.6000,19.2600,78.5859,481.270000,448.723725,0.071603,0.162730,0,1,1,1,0,3,1,3,3.0000,3.0000,0.0000,0.0000,1.0000,0.0000,1.0000,0,-0.042351,0.00018341,-0.042351,34.496424,-0.387832
2024-10-02,3.0600,1.6500,1.6000,18.9000,77.9798,481.950000,449.116525,0.071608,0.160352,0,1,1,1,0,3,1,3,3.0000,3.0000,0.0000,0.0000,1.0000,0.0000,1.0000,0,0.003745,0.00018265,0.003745,34.625624,-0.385539
2024-10-03,3.0400,1.6400,1.6000,20.4900,76.7677,481.590000,449.497775,0.071713,0.160725,0,0,1,1,0,2,-1,3,3.0000,3.0000,0.0000,0.0000,1.0000,0.0000,1.0000,0,-0.002296,0.00018190,-0.002296,34.546117,-0.386950
2024-10-04,2.8900,1.6200,1.6000,19.2100,78.1818,487.320000,449.898975,0.070954,0.119751,0,1,1,1,0,3,1,2,0.0000,0.0000,0.0000,0.0000,0.0000,1.0000,0.0000,1,0.035242,0.00018152,0.035466,35.771331,-0.365208
2024-10-07,2.9500,1.5700,1.5950,22.6400,74.7475,482.100000,450.263675,0.069954,0.100838,1,0,1,1,0,3,1,3,3.0000,3.0000,0.0000,0.0000,1.0000,0.0000,1.0000,1,-0.032930,0.00018341,-0.020424,35.040721,-0.378173
2024-10-08,2.9900,1.5400,1.5900,21.4200,75.5556,489.300000,450.694775,0.069334,0.122375,1,0,1,1,0,3,1,3,3.0000,3.0000,0.0000,0.0000,1.0000,0.0000,1.0000,0,0.043391,0.00018493,0.043391,36.561167,-0.351192
2024-10-09,2.9400,1.5500,1.5900,20.8600,78.1818,493.150000,451.121675,0.068268,0.102723,1,0,1,1,0,3,1,3,3.0000,3.0000,0.0000,0.0000,1.0000,0.0000,1.0000,0,0.024098,0.00018417,0.024098,37.442219,-0.335557
2024-10-10,2.9900,1.5400,1.5900,20.9300,76.9697,492.590000,451.542725,0.068179,0.086069,1,0,1,1,0,3,1,3,3.0000,3.0000,0.0000,0.0000,1.0000,0.0000,1.0000,0,-0.003496,0.00018417,-0.003496,37.311320,-0.337880
2024-10-11,2.9800,1.5400,1.5900,20.4600,78.9899,493.360000,451.955125,0.068368,0.082625,1,0,1,1,0,3,1,3,3.0000,3.0000,0.0000,0.0000,1.0000,0.0000,1.0000,0,0.002564,0.00018417,0.002564,37.406977,-0.336182
2024-10-14,2.9700,1.5400,1.5900,19.7000,81.0101,497.500000,452.385125,0.068670,0.079949,1,1,1,1,0,4,3,3,3.0000,3.0000,0.0000,0.0000,1.0000,0.0000,1.0000,0,0.025572,0.00018341,0.025572,38.363548,-0.319207
2024-10-15,2.9300,1.5400,1.5900,20.6400,80.6061,490.850000,452.782875,0.069518,0.094539,1,0,1,1,0,3,1,4,3.0000,3.0000,0.0000,0.0000,1.0000,0.0000,1.0000,0,-0.039895,0.00018341,-0.039895,36.833034,-0.346367
2024-10-16,2.9000,1.5300,1.5900,19.5800,81.6162,490.910000,453.189825,0.070591,0.118249,1,1,1,1,0,4,3,3,3.0000,3.0000,0.0000,0.0000,1.0000,0.0000,1.0000,0,-0.000547,0.00018341,-0.000547,36.812896,-0.346724
2024-10-17,2.8900,1.5100,1.5900,19.1100,81.2121,491.250000,453.633125,0.069958,0.070500,1,1,1,1,0,4,3,4,3.0000,3.0000,0.0000,0.0000,1.0000,0.0000,1.0000,0,0.003009,0.00018303,0.003009,36.923657,-0.344759
2024-10-18,2.8800,1.5300,1.5900,18.0300,81.0101,494.470000,454.113825,0.070092,0.076970,1,1,1,1,0,4,3,4,3.0000,3.0000,0.0000,0.0000,1.0000,0.0000,1.0000,0,0.017726,0.00018379,0.017726,37.578153,-0.333144
2024-10-21,2.8800,1.5300,1.5850,18.3700,78.7879,495.420000,454.609525,0.069933,0.074990,1,1,1,1,0,4,3,4,3.0000,3.0000,0.0000,0.0000,1.0000,0.0000,1.0000,0,0.005493,0.00018341,0.005493,37.784571,-0.329481
2024-10-22,2.9200,1.5400,1.5800,18.2000,77.7778,495.960000,455.105575,0.069722,0.066998,1,1,1,1,0,4,3,4,3.0000,3.0000,0.0000,0.0000,1.0000,0.0000,1.0000,0,0.002931,0.00018341,0.002931,37.895332,-0.327516
2024-10-23,2.9500,1.5500,1.5800,19.2400,75.7576,488.360000,455.522625,0.071039,0.076375,1,1,1,1,0,4,3,4,3.0000,3.0000,0.0000,0.0000,1.0000,0.0000,1.0000,0,-0.046234,0.00018303,-0.046234,36.143296,-0.358607
2024-10-24,2.9300,1.5400,1.5800,19.0800,74.9495,492.320000,455.955475,0.070428,0.069281,1,1,1,1,0,4,3,4,3.0000,3.0000,0.0000,0.0000,1.0000,0.0000,1.0000,0,0.023819,0.00018341,0.023819,37.004210,-0.343329
2024-10-25,2.8900,1.5200,1.5800,20.3300,74.3434,495.320000,456.389575,0.069408,0.018398,1,0,1,1,0,3,1,4,3.0000,3.0000,0.0000,0.0000,1.0000,0.0000,1.0000,0,0.016871,0.00018227,0.016871,37.628499,-0.332251
2024-10-28,2.8200,1.5100,1.5800,19.8000,75.9596,495.400000,456.819825,0.069736,0.001543,1,1,1,1,0,4,3,3,3.0000,3.0000,0.0000,0.0000,1.0000,0.0000,1.0000,0,0.000937,0.00018341,0.000937,37.663741,-0.331626
2024-10-29,2.8500,1.5100,1.5800,19.3400,75.1515,500.160000,457.272825,0.068137,-0.027305,1,1,1,1,1,5,5,4,3.0000,3.0000,0.0000,0.0000,1.0000,0.0000,1.0000,0,0.027670,0.00018227,0.027670,38.705900,-0.313132
2024-10-30,2.8000,1.4900,1.5800,20.3500,74.3434,496.380000,457.707125,0.068180,-0.025454,1,0,1,1,1,4,3,5,3.0000,3.0000,0.0000,0.0000,1.0000,0.0000,1.0000,0,-0.022242,0.00018227,-0.022242,37.844986,-0.328409
2024-10-31,2.8800,1.4400,1.5800,23.1600,71.3131,483.850000,458.090325,0.070264,-0.005889,1,0,1,1,1,4,3,4,3.0000,3.0000,0.0000,0.0000,1.0000,0.0000,1.0000,0,-0.076094,0.00018114,-0.076094,34.965203,-0.379513
2024-11-01,2.8300,1.4600,1.5750,21.8800,71.3131,487.430000,458.462525,0.068410,-0.011092,1,0,1,1,1,4,3,4,3.0000,3.0000,0.0000,0.0000,1.0000,0.0000,1.0000,0,0.021310,0.00018000,0.021310,35.710321,-0.366291
2024-11-04,2.8700,1.4600,1.5700,21.9800,71.7172,486.010000,458.786675,0.067742,-0.020311,1,0,1,1,1,4,3,4,3.0000,3.0000,0.0000,0.0000,1.0000,0.0000,1.0000,0,-0.009305,0.00017886,-0.009305,35.378039,-0.372187
2024-11-05,2.8600,1.4600,1.5700,20.4900,74.7475,492.210000,459.139075,0.067938,-0.018788,1,0,1,1,1,4,3,4,3.0000,3.0000,0.0000,0.0000,1.0000,0.0000,1.0000,0,0.037996,0.00018038,0.037996,36.722273,-0.348333
2024-11-06,2.7400,1.4500,1.5700,16.2700,76.3636,505.580000,459.549575,0.065605,-0.044828,1,1,1,1,1,5,5,4,3.0000,3.0000,0.0000,0.0000,1.0000,0.0000,1.0000,0,0.081163,0.00018000,0.081163,39.702748,-0.295442
2024-11-07,2.7300,1.4000,1.5700,15.2000,76.1616,513.540000,459.988125,0.065219,-0.047210,1,1,1,1,1,5,5,5,3.0000,3.0000,0.0000,0.0000,1.0000,0.0000,1.0000,0,0.046792,0.00018000,0.046792,41.560511,-0.262474
2024-11-08,2.6300,1.4400,1.5700,14.9400,76.3636,514.140000,460.427075,0.066183,-0.013169,1,1,1,1,1,5,5,5,3.0000,3.0000,0.0000,0.0000,1.0000,0.0000,1.0000,0,0.002423,0.00017962,0.002423,41.661203,-0.260687
2024-11-11,2.6300,1.3800,1.5700,14.9700,75.3535,513.840000,460.877225,0.066304,-0.013559,1,1,1,1,1,5,5,5,3.0000,3.0000,0.0000,0.0000,1.0000,0.0000,1.0000,0,-0.001813,0.00017962,-0.001813,41.585684,-0.262027
2024-11-12,2.6100,1.3800,1.5700,14.7100,73.9394,512.910000,461.301025,0.065748,-0.019125,1,1,1,1,1,5,5,5,3.0000,3.0000,0.0000,0.0000,1.0000,0.0000,1.0000,0,-0.005448,0.00017962,-0.005448,41.359127,-0.266048
2024-11-13,2.6400,1.3600,1.5700,14.0200,74.5455,512.250000,461.735775,0.065599,-0.021012,1,1,1,1,1,5,5,5,3.0000,3.0000,0.0000,0.0000,1.0000,0.0000,1.0000,0,-0.004382,0.00017962,-0.004382,41.177882,-0.269264
2024-11-14,2.6000,1.4100,1.5700,14.3100,72.7273,508.690000,462.194375,0.065796,-0.021463,1,1,1,1,1,5,5,5,3.0000,3.0000,0.0000,0.0000,1.0000,0.0000,1.0000,0,-0.021152,0.00017848,-0.021152,40.306899,-0.284720
2024-11-15,2.7200,1.3900,1.5650,16.1400,71.3131,496.570000,462.567825,0.067648,0.000626,1,1,1,1,0,4,3,5,3.0000,3.0000,0.0000,0.0000,1.0000,0.0000,1.0000,0,-0.072321,0.00017886,-0.072321,37.391873,-0.336450
2024-11-18,2.7200,1.4100,1.5600,15.5800,71.9192,500.020000,462.922875,0.067959,0.013643,1,1,1,1,0,4,3,4,3.0000,3.0000,0.0000,0.0000,1.0000,0.0000,1.0000,0,0.020197,0.00017848,0.020197,38.147061,-0.323049
2024-11-19,2.6900,1.4200,1.5600,16.3500,71.5152,503.460000,463.297925,0.068143,0.007185,1,1,1,1,0,4,3,4,3.0000,3.0000,0.0000,0.0000,1.0000,0.0000,1.0000,0,0.020061,0.00017962,0.020061,38.912318,-0.309468
2024-11-20,2.6700,1.4200,1.5600,17.1600,71.9192,503.170000,463.675825,0.068154,0.017247,1,1,1,1,0,4,3,4,3.0000,3.0000,0.0000,0.0000,1.0000,0.0000,1.0000,0,-0.001164,0.00017924,-0.001164,38.867007,-0.310273
2024-11-21,2.6100,1.4300,1.5600,16.8700,73.5354,504.980000,464.040775,0.068969,0.024019,1,1,1,1,0,4,3,4,3.0000,3.0000,0.0000,0.0000,1.0000,0.0000,1.0000,0,0.009845,0.00017924,0.009845,39.249636,-0.303482
2024-11-22,2.6100,1.4300,1.5600,15.2400,74.3434,505.790000,464.405775,0.068387,0.009120,1,1,1,1,0,4,3,4,3.0000,3.0000,0.0000,0.0000,1.0000,0.0000,1.0000,0,0.003720,0.00017962,0.003720,39.395639,-0.300892
2024-11-25,2.6400,1.4300,1.5600,14.6000,78.1818,506.590000,464.753475,0.068281,0.009551,1,1,1,1,0,4,3,4,3.0000,3.0000,0.0000,0.0000,1.0000,0.0000,1.0000,0,0.004601,0.00017962,0.004601,39.576884,-0.297675
2024-11-26,2.6800,1.4200,1.5600,14.1000,77.7778,509.310000,465.123325,0.069009,0.000236,1,1,1,1,0,4,3,4,3.0000,3.0000,0.0000,0.0000,1.0000,0.0000,1.0000,0,0.015520,0.00017924,0.015520,40.191103,-0.286775
2024-11-27,2.6900,1.4300,1.5600,14.1000,77.7778,505.300000,465.507075,0.069218,-0.007899,1,1,1,1,1,5,5,4,3.0000,3.0000,0.0000,0.0000,1.0000,0.0000,1.0000,0,-0.024176,0.00017886,-0.024176,39.219428,-0.304019
2024-11-29,2.7200,1.4300,1.5600,13.5100,78.3838,509.740000,465.889675,0.068816,-0.014251,1,1,1,1,1,5,5,5,3.0000,3.0000,0.0000,0.0000,1.0000,0.0000,1.0000,0,0.025546,0.00017848,0.025546,40.221311,-0.286239
2024-12-02,2.6800,1.4400,1.5550,13.3400,78.3838,515.290000,466.293575,0.067218,-0.048059,1,1,1,1,1,5,5,5,3.0000,3.0000,0.0000,0.0000,1.0000,0.0000,1.0000,0,0.032420,0.00017772,0.032420,41.525269,-0.263099
2024-12-03,2.6600,1.4100,1.5500,13.3000,76.7677,516.870000,466.725075,0.066608,-0.056067,1,1,1,1,1,5,5,5,3.0000,3.0000,0.0000,0.0000,1.0000,0.0000,1.0000,0,0.008851,0.00017507,0.008851,41.892794,-0.256577
2024-12-04,2.6600,1.4000,1.5500,13.4500,75.7576,523.260000,467.204775,0.066188,-0.063139,1,1,1,1,1,5,5,5,3.0000,3.0000,0.0000,0.0000,1.0000,0.0000,1.0000,0,0.036534,0.00017431,0.036534,43.423308,-0.229417
2024-12-05,2.6600,1.3900,1.5500,13.5400,73.7374,521.810000,467.685775,0.066503,-0.050099,1,1,1,1,1,5,5,5,3.0000,3.0000,0.0000,0.0000,1.0000,0.0000,1.0000,0,-0.008232,0.00017355,-0.008232,43.065852,-0.235761
2024-12-06,2.6700,1.4000,1.5500,12.7700,72.9293,526.480000,468.127825,0.065555,-0.058220,1,1,1,1,1,5,5,5,3.0000,3.0000,0.0000,0.0000,1.0000,0.0000,1.0000,0,0.025719,0.00017317,0.025719,44.173461,-0.216105
2024-12-09,2.6700,1.4200,1.5500,14.1900,73.9394,522.380000,468.555825,0.065067,-0.074014,1,1,1,1,1,5,5,5,3.0000,3.0000,0.0000,0.0000,1.0000,0.0000,1.0000,0,-0.023364,0.00017165,-0.023364,43.141371,-0.234420
2024-12-10,2.6700,1.4200,1.5500,14.1800,70.7071,520.600000,468.976075,0.064798,-0.083886,1,1,1,1,1,5,5,5,3.0000,3.0000,0.0000,0.0000,1.0000,0.0000,1.0000,0,-0.010853,0.00017165,-0.010853,42.673154,-0.242729
2024-12-11,2.6400,1.4100,1.5500,13.5800,69.2929,529.920000,469.437675,0.063897,-0.097172,1,1,1,1,1,5,5,5,3.0000,3.0000,0.0000,0.0000,1.0000,0.0000,1.0000,0,0.053445,0.00017127,0.053445,44.953822,-0.202257
2024-12-12,2.6600,1.4200,1.5500,13.9200,69.2929,526.500000,469.893825,0.064195,-0.087810,1,1,1,1,1,5,5,5,3.0000,3.0000,0.0000,0.0000,1.0000,0.0000,1.0000,0,-0.019823,0.00017013,-0.019823,44.062700,-0.218071
2024-12-13,2.6800,1.4400,1.5500,13.8100,67.6768,530.530000,470.351475,0.064249,-0.063069,1,1,1,1,1,5,5,5,3.0000,3.0000,0.0000,0.0000,1.0000,0.0000,1.0000,0,0.021481,0.00016898,0.021481,45.009202,-0.201274
2024-12-16,2.6900,1.4200,1.5500,14.6900,65.8586,538.170000,470.814275,0.063465,-0.106034,1,1,1,1,1,5,5,5,3.0000,3.0000,0.0000,0.0000,1.0000,0.0000,1.0000,0,0.043512,0.00016860,0.043512,46.967657,-0.166520
2024-12-17,2.7500,1.4200,1.5500,15.8700,64.4444,535.800000,471.273175,0.063463,-0.105961,1,1,1,1,1,5,5,5,3.0000,3.0000,0.0000,0.0000,1.0000,0.0000,1.0000,0,-0.013399,0.00016974,-0.013399,46.338333,-0.177688
2024-12-18,2.7300,1.3900,1.5450,27.6200,57.7778,516.470000,471.675275,0.063869,-0.087279,1,0,1,1,1,4,3,5,3.0000,3.0000,0.0000,0.0000,1.0000,0.0000,1.0000,0,-0.108105,0.00017013,-0.108105,41.328920,-0.266584
2024-12-19,2.9100,1.3700,1.5400,24.0900,56.5657,514.170000,472.052175,0.064178,-0.089910,1,0,1,1,1,4,3,4,3.0000,3.0000,0.0000,0.0000,1.0000,0.0000,1.0000,0,-0.014131,0.00016936,-0.014131,40.744908,-0.276948
2024-12-20,2.8600,1.4000,1.5400,18.3600,58.7879,518.660000,472.418225,0.064645,-0.073123,1,1,1,1,1,5,5,4,3.0000,3.0000,0.0000,0.0000,1.0000,0.0000,1.0000,0,0.025948,0.00016898,0.025948,41.802171,-0.258186
2024-12-23,2.8500,1.4300,1.5400,16.7800,58.9899,522.870000,472.837475,0.063949,-0.094847,1,1,1,1,1,5,5,5,3.0000,3.0000,0.0000,0.0000,1.0000,0.0000,1.0000,0,0.024449,0.00016860,0.024449,42.824192,-0.240049
2024-12-24,2.8600,1.4200,1.5400,14.2700,61.2121,529.960000,473.300325,0.063596,-0.101230,1,1,1,1,1,5,5,5,3.0000,3.0000,0.0000,0.0000,1.0000,0.0000,1.0000,0,0.039737,0.00016936,0.039737,44.525882,-0.209851
2024-12-26,2.8600,1.3900,1.5400,14.7300,61.4141,529.600000,473.730025,0.063442,-0.120542,1,1,1,1,1,5,5,5,3.0000,3.0000,0.0000,0.0000,1.0000,0.0000,1.0000,0,-0.002148,0.00017089,-0.002148,44.430225,-0.211549
2024-12-27,2.8400,1.4000,1.5400,15.9500,60.2020,522.560000,474.141575,0.063932,-0.112128,1,1,1,1,1,5,5,5,3.0000,3.0000,0.0000,0.0000,1.0000,0.0000,1.0000,0,-0.040680,0.00016898,-0.040680,42.622809,-0.243623
2024-12-30,2.9400,1.4000,1.5400,17.4000,57.9798,515.610000,474.523725,0.064398,-0.105671,1,1,1,1,1,5,5,5,3.0000,3.0000,0.0000,0.0000,1.0000,0.0000,1.0000,0,-0.040161,0.00016746,-0.040161,40.911049,-0.273999
2024-12-31,2.9200,1.4300,1.5400,17.3500,57.5758,511.230000,474.910275,0.064573,-0.091981,1,1,1,1,1,5,5,5,3.0000,3.0000,0.0000,0.0000,1.0000,0.0000,1.0000,0,-0.026212,0.00016974,-0.026212,39.838682,-0.293029
2025-01-02,2.8800,1.4200,1.5400,17.9300,56.7677,510.230000,475.274025,0.065228,-0.069563,1,1,1,1,1,5,5,5,3.0000,3.0000,0.0000,0.0000,1.0000,0.0000,1.0000,0,-0.006319,0.00016974,-0.006319,39.586953,-0.297497
2025-01-03,2.8100,1.4500,1.5400,16.1300,58.1818,518.580000,475.674075,0.065107,-0.062961,1,1,1,1,1,5,5,5,3.0000,3.0000,0.0000,0.0000,1.0000,0.0000,1.0000,0,0.047946,0.00016936,0.047946,41.484992,-0.263814
2025-01-06,2.7600,1.4400,1.5400,16.0400,56.3380,524.540000,476.077925,0.064012,-0.064311,1,1,1,1,1,5,5,5,3.0000,3.0000,0.0000,0.0000,1.0000,0.0000,1.0000,0,0.034102,0.00016860,0.034102,42.899711,-0.238709
2025-01-07,2.7900,1.4400,1.5350,17.8200,55.7344,515.180000,476.424475,0.064582,-0.053901,1,1,1,1,1,5,5,5,3.0000,3.0000,0.0000,0.0000,1.0000,0.0000,1.0000,0,-0.053867,0.00016898,-0.053867,40.588836,-0.279717
2025-01-08,2.8400,1.4700,1.5300,17.7000,57.1429,515.270000,476.768925,0.064471,-0.057982,1,1,1,1,1,5,5,5,3.0000,3.0000,0.0000,0.0000,1.0000,0.0000,1.0000,0,0.000744,0.00016898,0.000744,40.619043,-0.279181
2025-01-10,2.8100,1.4800,1.5300,19.5400,53.0120,507.190000,477.081075,0.065100,-0.051639,1,1,1,1,1,5,5,5,3.0000,3.0000,0.0000,0.0000,1.0000,0.0000,1.0000,0,-0.047719,0.00016898,-0.047719,38.680727,-0.313578
2025-01-13,2.8500,1.4200,1.5300,19.1900,55.7114,505.560000,477.392275,0.064243,-0.076093,1,1,1,1,1,5,5,5,3.0000,3.0000,0.0000,0.0000,1.0000,0.0000,1.0000,0,-0.010413,0.00016936,-0.010413,38.277960,-0.320726
2025-01-14,2.8000,1.4400,1.5300,18.7100,58.7174,505.080000,477.693525,0.064996,-0.079242,1,1,1,1,1,5,5,5,3.0000,3.0000,0.0000,0.0000,1.0000,0.0000,1.0000,0,-0.003551,0.00016974,-0.003551,38.142027,-0.323138
2025-01-15,2.7200,1.4400,1.5300,16.1200,58.9178,516.700000,478.056975,0.064771,-0.075470,1,1,1,1,1,5,5,5,3.0000,3.0000,0.0000,0.0000,1.0000,0.0000,1.0000,0,0.067582,0.00016936,0.067582,40.719735,-0.277394
2025-01-16,2.7300,1.4400,1.5300,16.6000,61.9238,513.080000,478.397625,0.066535,-0.051352,1,1,1,1,1,5,5,5,3.0000,3.0000,0.0000,0.0000,1.0000,0.0000,1.0000,0,-0.020401,0.00016898,-0.020401,39.889028,-0.292136
2025-01-17,2.6400,1.4600,1.5300,15.9700,62.3246,521.740000,478.800775,0.065966,-0.058081,1,1,1,1,1,5,5,5,3.0000,3.0000,0.0000,0.0000,1.0000,0.0000,1.0000,0,0.049350,0.00016860,0.049350,41.857551,-0.257203
2025-01-21,2.6100,1.4600,1.5300,15.0600,64.3287,524.800000,479.214275,0.066371,-0.049683,1,1,1,1,1,5,5,5,3.0000,3.0000,0.0000,0.0000,1.0000,0.0000,1.0000,0,0.016599,0.00016860,0.016599,42.552324,-0.244874
2025-01-22,2.5900,1.4600,1.5300,15.1000,63.3267,531.510000,479.695125,0.064574,-0.095496,1,1,1,1,1,5,5,5,3.0000,3.0000,0.0000,0.0000,1.0000,0.0000,1.0000,0,0.038807,0.00016936,0.038807,44.203669,-0.215569
2025-01-23,2.6100,1.4300,1.5300,15.0200,63.9279,532.640000,480.155875,0.064526,-0.088216,1,1,1,1,1,5,5,5,3.0000,3.0000,0.0000,0.0000,1.0000,0.0000,1.0000,0,0.006150,0.00016936,0.006150,44.475536,-0.210745
2025-01-24,2.6000,1.4300,1.5300,14.8500,64.1283,529.630000,480.601025,0.065373,-0.061034,1,1,1,1,1,5,5,5,3.0000,3.0000,0.0000,0.0000,1.0000,0.0000,1.0000,0,-0.017999,0.00016936,-0.017999,43.675037,-0.224950
2025-01-27,2.6600,1.4300,1.5300,17.9000,67.1343,514.210000,480.960925,0.064776,-0.073396,1,1,1,1,1,5,5,5,3.0000,3.0000,0.0000,0.0000,1.0000,0.0000,1.0000,0,-0.087723,0.00016898,-0.087723,39.843717,-0.292940
2025-01-28,2.6600,1.4500,1.5300,16.4100,65.1303,521.810000,481.378125,0.063340,-0.073161,1,1,1,1,1,5,5,5,3.0000,3.0000,0.0000,0.0000,1.0000,0.0000,1.0000,0,0.044352,0.00016784,0.044352,41.610857,-0.261581
2025-01-29,2.6800,1.4500,1.5300,16.5600,62.7255,520.830000,481.755425,0.063758,-0.067299,1,1,1,1,1,5,5,5,3.0000,3.0000,0.0000,0.0000,1.0000,0.0000,1.0000,0,-0.006171,0.00016746,-0.006171,41.354093,-0.266137
2025-01-30,2.6700,1.4500,1.5250,15.8400,65.3307,523.050000,482.179325,0.064740,-0.083659,1,1,1,1,1,5,5,5,3.0000,3.0000,0.0000,0.0000,1.0000,0.0000,1.0000,0,0.012540,0.00016746,0.012540,41.872655,-0.256935
2025-01-31,2.6800,1.4500,1.5200,16.4300,63.7275,522.290000,482.635475,0.064704,-0.057101,1,1,1,1,1,5,5,5,3.0000,3.0000,0.0000,0.0000,1.0000,0.0000,1.0000,0,-0.005411,0.00016708,-0.005411,41.646099,-0.260955
2025-02-03,2.7300,1.4500,1.5200,18.6200,62.3246,518.110000,483.070525,0.065493,-0.034820,1,1,1,1,1,5,5,5,3.0000,3.0000,0.0000,0.0000,1.0000,0.0000,1.0000,0,-0.024178,0.00016746,-0.024178,40.639181,-0.278824
2025-02-04,2.7100,1.4600,1.5150,17.2100,60.9218,524.470000,483.563675,0.064484,-0.053060,1,1,1,1,1,5,5,5,3.0000,3.0000,0.0000,0.0000,1.0000,0.0000,1.0000,0,0.036298,0.00016860,0.036298,42.114315,-0.252646
2025-02-05,2.6900,1.4600,1.5100,15.7700,62.9259,526.850000,484.080925,0.064869,-0.011468,1,1,1,1,1,5,5,5,3.0000,3.0000,0.0000,0.0000,1.0000,0.0000,1.0000,0,0.013030,0.00016822,0.013030,42.663085,-0.242908
2025-02-06,2.6600,1.4500,1.5100,15.5000,61.7234,529.600000,484.655675,0.064570,-0.010130,1,1,1,1,1,5,5,5,3.0000,3.0000,0.0000,0.0000,1.0000,0.0000,1.0000,0,0.014987,0.00016822,0.014987,43.302478,-0.231561
2025-02-07,2.6700,1.4400,1.5100,16.5400,61.1222,522.920000,485.176175,0.065033,-0.017448,1,1,1,1,1,5,5,5,3.0000,3.0000,0.0000,0.0000,1.0000,0.0000,1.0000,0,-0.038135,0.00016860,-0.038135,41.651133,-0.260866
2025-02-10,2.6600,1.4500,1.5100,15.8100,62.7255,529.250000,485.696925,0.065297,-0.015335,1,1,1,1,1,5,5,5,3.0000,3.0000,0.0000,0.0000,1.0000,0.0000,1.0000,0,0.035175,0.00016898,0.035175,43.116198,-0.234867
2025-02-11,2.6600,1.4500,1.5100,16.0200,62.1242,527.990000,486.204325,0.065578,-0.002623,1,1,1,1,1,5,5,5,3.0000,3.0000,0.0000,0.0000,1.0000,0.0000,1.0000,0,-0.007123,0.00016898,-0.007123,42.809088,-0.240317
2025-02-12,2.6500,1.4600,1.5050,15.8900,60.3206,528.300000,486.723575,0.065674,0.001155,1,1,1,1,0,4,3,5,3.0000,3.0000,0.0000,0.0000,1.0000,0.0000,1.0000,0,0.001999,0.00016898,0.001999,42.894676,-0.238798
2025-02-13,2.6500,1.4500,1.5000,15.1000,62.7255,535.900000,487.248075,0.065135,-0.010316,1,1,1,1,1,5,5,4,3.0000,3.0000,0.0000,0.0000,1.0000,0.0000,1.0000,0,0.042136,0.00016898,0.042136,44.702093,-0.206724
2025-02-14,2.6200,1.4400,1.5000,14.7700,62.1242,538.150000,487.775075,0.064868,-0.042780,1,1,1,1,1,5,5,5,3.0000,3.0000,0.0000,0.0000,1.0000,0.0000,1.0000,0,0.011713,0.00016860,0.011713,45.225690,-0.197432
2025-02-18,2.6200,1.4600,1.4950,15.3500,61.7234,539.370000,488.348975,0.065283,-0.040935,1,1,1,1,1,5,5,5,3.0000,3.0000,0.0000,0.0000,1.0000,0.0000,1.0000,0,0.006234,0.00016860,0.006234,45.507627,-0.192429
2025-02-19,2.6800,1.4400,1.4900,15.2700,63.9279,539.520000,488.939000,0.065472,-0.040698,1,1,1,1,1,5,5,5,3.0000,3.0000,0.0000,0.0000,1.0000,0.0000,1.0000,0,0.000111,0.00016860,0.000111,45.512661,-0.192340
2025-02-20,2.6600,1.4600,1.4900,15.6600,63.7275,537.230000,489.490650,0.065738,-0.036648,1,1,1,1,1,5,5,5,3.0000,3.0000,0.0000,0.0000,1.0000,0.0000,1.0000,0,-0.012168,0.00016860,-0.012168,44.958857,-0.202168
2025-02-21,2.7800,1.4700,1.4900,18.2100,61.1222,526.080000,489.943650,0.066898,-0.030344,1,1,1,1,1,5,5,5,3.0000,3.0000,0.0000,0.0000,1.0000,0.0000,1.0000,0,-0.062598,0.00016822,-0.062598,42.144523,-0.252110
2025-02-24,2.7800,1.4900,1.4900,18.9800,60.9218,519.870000,490.341750,0.066869,-0.022253,1,1,1,1,1,5,5,5,3.0000,3.0000,0.0000,0.0000,1.0000,0.0000,1.0000,0,-0.035957,0.00016784,-0.035957,40.629112,-0.279003
2025-02-25,2.8400,1.4800,1.4900,19.4300,61.1222,513.320000,490.706750,0.066867,-0.020597,1,1,1,1,1,5,5,5,3.0000,3.0000,0.0000,0.0000,1.0000,0.0000,1.0000,0,-0.038166,0.00016746,-0.038166,39.078460,-0.306520
2025-02-26,2.8100,1.5000,1.4900,19.1000,60.3206,514.560000,491.079250,0.067111,-0.027222,0,1,1,1,1,4,3,5,3.0000,3.0000,0.0000,0.0000,1.0000,0.0000,1.0000,0,0.006442,0.00016708,0.006442,39.330189,-0.302053
2025-02-27,2.8100,1.5100,1.4900,21.1300,57.3146,500.270000,491.375500,0.066687,-0.035734,0,0,1,1,1,3,1,4,3.0000,3.0000,0.0000,0.0000,1.0000,0.0000,1.0000,0,-0.082949,0.00016746,-0.082949,36.067777,-0.359947
2025-02-28,2.8700,1.5200,1.4900,19.6300,60.3206,508.170000,491.706050,0.066663,-0.030846,0,1,1,1,1,4,3,3,3.0000,3.0000,0.0000,0.0000,1.0000,0.0000,1.0000,0,0.045784,0.00016784,0.045784,37.719121,-0.330643
2025-03-03,2.9400,1.5700,1.4900,22.7800,57.1142,497.050000,491.975900,0.067946,0.010473,0,0,1,1,0,2,-1,4,3.0000,3.0000,0.0000,0.0000,1.0000,0.0000,1.0000,0,-0.064602,0.00016784,-0.064602,35.282382,-0.373885
2025-03-04,2.9900,1.6100,1.4900,23.5100,50.1002,495.550000,492.224000,0.067642,0.014835,0,0,1,1,0,2,-1,2,0.0000,0.0000,0.0000,0.0000,0.0000,1.0000,0.0000,1,-0.010987,0.00016898,-0.019032,34.610893,-0.385801
2025-03-05,2.8800,1.6100,1.4900,21.9300,52.7054,502.010000,492.469550,0.066451,0.003810,0,0,1,1,0,2,-1,2,0.0000,0.0000,0.0000,0.0000,0.0000,1.0000,0.0000,0,0.038955,0.00016860,0.000169,34.616728,-0.385697
2025-03-06,2.9900,1.5700,1.4900,24.8700,48.2966,488.200000,492.650650,0.066246,-0.003649,0,0,0,0,1,1,-3,2,0.0000,0.0000,0.0000,0.0000,0.0000,1.0000,0.0000,0,-0.082905,0.00016898,0.000169,34.622578,-0.385593
2025-03-07,2.9700,1.5900,1.4900,23.3700,51.1022,491.790000,492.850850,0.067101,0.022350,0,0,1,0,0,1,-3,1,0.0000,0.0000,0.0000,0.0000,0.0000,1.0000,0.0000,0,0.020745,0.00016860,0.000169,34.628415,-0.385490
2025-03-10,3.1600,1.6100,1.4900,27.8600,44.2886,472.730000,492.939950,0.069696,0.065942,0,0,0,0,0,0,-5,1,0.0000,0.0000,0.0000,0.0000,0.0000,1.0000,0.0000,0,-0.112743,0.00016860,0.000169,34.634254,-0.385386
2025-03-11,3.2200,1.6400,1.4900,26.9200,38.8778,471.600000,493.018950,0.069623,0.068682,0,0,0,0,0,0,-5,0,0.0000,0.0000,0.0000,0.0000,0.0000,1.0000,0.0000,0,-0.011704,0.00016822,0.000168,34.640080,-0.385283
2025-03-12,3.2000,1.6800,1.4900,24.2300,38.0762,476.920000,493.125000,0.069041,0.074063,0,0,0,0,0,0,-5,0,0.0000,0.0000,0.0000,0.0000,0.0000,1.0000,0.0000,0,0.034174,0.00016860,0.000169,34.645921,-0.385179
2025-03-13,3.4000,1.6500,1.4900,24.6600,33.8677,468.340000,493.198400,0.070146,0.084587,0,0,0,0,0,0,-5,0,0.0000,0.0000,0.0000,0.0000,0.0000,1.0000,0.0000,0,-0.054638,0.00016898,0.000169,34.651775,-0.385075
2025-03-14,3.2500,1.7000,1.4900,21.7700,40.2806,479.660000,493.306950,0.070068,0.084362,0,0,0,0,0,0,-5,0,0.0000,0.0000,0.0000,0.0000,0.0000,1.0000,0.0000,0,0.070947,0.00016860,0.000169,34.657618,-0.384972
2025-03-17,3.1800,1.6500,1.4900,20.5100,44.0882,482.770000,493.422400,0.069823,0.093632,0,0,0,0,0,0,-5,0,0.0000,0.0000,0.0000,0.0000,0.0000,1.0000,0.0000,0,0.019389,0.00016822,0.000168,34.663448,-0.384868
2025-03-18,3.2300,1.6300,1.4900,21.7000,41.6834,474.540000,493.512900,0.070096,0.097028,0,0,0,0,0,0,-5,0,0.0000,0.0000,0.0000,0.0000,0.0000,1.0000,0.0000,0,-0.050404,0.00016860,0.000169,34.669292,-0.384765
2025-03-19,3.1900,1.6300,1.4900,19.9000,44.2886,480.890000,493.659600,0.069596,0.086743,0,1,0,0,0,1,-3,0,0.0000,0.0000,0.0000,0.0000,0.0000,1.0000,0.0000,0,0.038892,0.00016860,0.000169,34.675138,-0.384661
2025-03-20,3.1700,1.6400,1.4900,19.8000,43.2866,479.260000,493.798250,0.070081,0.088734,0,1,0,0,0,1,-3,1,0.0000,0.0000,0.0000,0.0000,0.0000,1.0000,0.0000,0,-0.010283,0.00016822,0.000168,34.680971,-0.384557
2025-03-21,3.2100,1.6400,1.4900,19.2800,42.2846,480.840000,493.936800,0.069816,0.076316,0,1,0,0,0,1,-3,1,0.0000,0.0000,0.0000,0.0000,0.0000,1.0000,0.0000,0,0.009416,0.00016822,0.000168,34.686805,-0.384454
2025-03-24,3.0500,1.6800,1.4900,17.4800,47.2946,490.660000,494.118250,0.068083,0.062398,0,1,0,0,0,1,-3,1,0.0000,0.0000,0.0000,0.0000,0.0000,1.0000,0.0000,0,0.063525,0.00016822,0.000168,34.692640,-0.384350
2025-03-25,3.0900,1.6400,1.4900,17.1500,47.4950,493.460000,494.267900,0.066833,0.048727,0,1,0,0,0,1,-3,1,0.0000,0.0000,0.0000,0.0000,0.0000,1.0000,0.0000,0,0.017844,0.00016822,0.000168,34.698476,-0.384247
2025-03-26,3.1900,1.6600,1.4900,18.3300,46.6934,484.380000,494.373550,0.068089,0.069272,0,1,0,0,0,1,-3,1,0.0000,0.0000,0.0000,0.0000,0.0000,1.0000,0.0000,0,-0.058387,0.00016822,0.000168,34.704313,-0.384143
2025-03-27,3.2700,1.6600,1.4900,18.6900,44.4890,481.620000,494.466850,0.068253,0.064422,0,1,0,0,0,1,-3,1,0.0000,0.0000,0.0000,0.0000,0.0000,1.0000,0.0000,0,-0.017040,0.00016822,0.000168,34.710151,-0.384039
2025-03-28,3.4700,1.6800,1.4900,21.6500,39.6794,468.940000,494.487400,0.070169,0.084657,0,0,0,0,0,0,-5,1,0.0000,0.0000,0.0000,0.0000,0.0000,1.0000,0.0000,0,-0.079615,0.00016822,0.000168,34.715990,-0.383936
2025-03-31,3.5500,1.7300,1.4900,22.2800,42.6854,468.920000,494.491900,0.070479,0.087289,0,0,0,0,0,0,-5,0,0.0000,0.0000,0.0000,0.0000,0.0000,1.0000,0.0000,0,-0.000698,0.00016822,0.000168,34.721830,-0.383832
2025-04-01,3.5000,1.7600,1.4900,21.7700,42.0842,472.700000,494.484650,0.070458,0.076936,0,0,0,0,0,0,-5,0,0.0000,0.0000,0.0000,0.0000,0.0000,1.0000,0.0000,0,0.023037,0.00016784,0.000168,34.727658,-0.383729
2025-04-02,3.4200,1.7300,1.4900,21.5100,45.2906,476.150000,494.481800,0.070343,0.076696,0,0,0,0,0,0,-5,0,0.0000,0.0000,0.0000,0.0000,0.0000,1.0000,0.0000,0,0.022347,0.00016784,0.000168,34.733487,-0.383625
2025-04-03,4.0100,1.7300,1.4950,30.0200,35.2705,450.660000,494.339150,0.073523,0.133952,0,0,0,0,0,0,-5,0,0.0000,0.0000,0.0000,0.0000,0.0000,1.0000,0.0000,0,-0.160687,0.00016784,0.000168,34.739317,-0.383522
2025-04-04,4.4500,1.8900,1.4950,45.3100,20.2405,422.670000,494.027200,0.073751,0.121871,0,0,0,0,0,0,-5,0,0.0000,0.0000,0.0000,0.0000,0.0000,1.0000,0.0000,0,-0.183101,0.00016746,0.000167,34.745134,-0.383419
2025-04-07,4.6100,1.9400,1.5000,46.9800,18.2365,423.690000,493.719600,0.072753,0.109910,0,0,0,0,0,0,-5,0,0.0000,0.0000,0.0000,0.0000,0.0000,1.0000,0.0000,0,0.003894,0.00016632,0.000166,34.750913,-0.383316
2025-04-08,4.5700,2.0200,1.5000,52.3300,17.0341,416.060000,493.392550,0.073608,0.111777,0,0,0,0,0,0,-5,0,0.0000,0.0000,0.0000,0.0000,0.0000,1.0000,0.0000,0,-0.056970,0.00016670,0.000167,34.756706,-0.383213
2025-04-09,4.3700,2.0000,1.5050,33.6200,29.0581,466.000000,493.321650,0.069237,0.073366,0,0,0,0,0,0,-5,0,0.0000,0.0000,0.0000,0.0000,0.0000,1.0000,0.0000,0,0.352442,0.00016746,0.000167,34.762527,-0.383110
2025-04-10,4.4200,2.0200,1.5100,40.7200,24.8497,446.180000,493.182750,0.071867,0.095254,0,0,0,0,0,0,-5,0,0.0000,0.0000,0.0000,0.0000,0.0000,1.0000,0.0000,0,-0.122980,0.00016898,0.000169,34.768401,-0.383006
2025-04-11,4.2600,1.9700,1.5100,37.5600,28.0561,454.400000,493.057850,0.071469,0.093141,0,0,0,0,0,0,-5,0,0.0000,0.0000,0.0000,0.0000,0.0000,1.0000,0.0000,0,0.052883,0.00016860,0.000169,34.774263,-0.382902
2025-04-14,4.1400,1.9000,1.5100,30.8900,29.6593,457.480000,492.943400,0.072053,0.075560,0,0,0,0,0,0,-5,0,0.0000,0.0000,0.0000,0.0000,0.0000,1.0000,0.0000,0,0.020996,0.00016860,0.000169,34.780126,-0.382798
2025-04-15,4.0900,1.9000,1.5100,30.1200,29.2585,457.990000,492.825300,0.072246,0.085641,0,0,0,0,0,0,-5,0,0.0000,0.0000,0.0000,0.0000,0.0000,1.0000,0.0000,0,0.003831,0.00016822,0.000168,34.785977,-0.382694
2025-04-16,4.1600,1.9000,1.5150,32.6400,27.8557,444.180000,492.650650,0.073222,0.089980,0,0,0,0,0,0,-5,0,0.0000,0.0000,0.0000,0.0000,0.0000,1.0000,0.0000,0,-0.090380,0.00016822,0.000168,34.791829,-0.382590
2025-04-17,4.0200,1.9200,1.5200,29.6500,29.8597,444.100000,492.461550,0.073868,0.124944,0,0,0,0,0,0,-5,0,0.0000,0.0000,0.0000,0.0000,0.0000,1.0000,0.0000,0,-0.002870,0.00016822,0.000168,34.797682,-0.382486
2025-04-21,4.1600,1.9200,1.5200,33.8200,24.2485,433.110000,492.192200,0.073879,0.122154,0,0,0,0,0,0,-5,0,0.0000,0.0000,0.0000,0.0000,0.0000,1.0000,0.0000,0,-0.073074,0.00016860,0.000169,34.803549,-0.382382
2025-04-22,3.9900,1.9600,1.5200,30.5700,29.2000,444.480000,491.959400,0.073969,0.114025,0,0,0,0,0,0,-5,0,0.0000,0.0000,0.0000,0.0000,0.0000,1.0000,0.0000,0,0.076445,0.00016860,0.000169,34.809417,-0.382278
2025-04-23,3.7500,1.9300,1.5250,28.4500,29.8000,454.560000,491.751400,0.073148,0.115453,0,0,0,0,0,0,-5,0,0.0000,0.0000,0.0000,0.0000,0.0000,1.0000,0.0000,0,0.066356,0.00016822,0.000168,34.815272,-0.382174
2025-04-24,3.7300,1.8600,1.5300,26.4700,33.2000,467.350000,491.601450,0.071750,0.120082,0,0,0,0,0,0,-5,0,0.0000,0.0000,0.0000,0.0000,0.0000,1.0000,0.0000,0,0.085120,0.00016822,0.000168,34.821129,-0.382070
2025-04-25,3.6700,1.8600,1.5300,24.8400,33.6000,472.560000,491.475400,0.071017,0.104182,0,0,0,0,0,0,-5,0,0.0000,0.0000,0.0000,0.0000,0.0000,1.0000,0.0000,0,0.032988,0.00016784,0.000168,34.826974,-0.381966
2025-04-28,3.7300,1.8400,1.5300,25.1500,34.2000,472.410000,491.322650,0.071426,0.094032,0,0,0,0,0,0,-5,0,0.0000,0.0000,0.0000,0.0000,0.0000,1.0000,0.0000,0,-0.000743,0.00016784,0.000168,34.832819,-0.381863
2025-04-29,3.7400,1.8700,1.5300,24.1700,35.8000,475.530000,491.240650,0.071529,0.097160,0,0,0,0,0,0,-5,0,0.0000,0.0000,0.0000,0.0000,0.0000,1.0000,0.0000,0,0.019509,0.00016784,0.000168,34.838666,-0.381759
2025-04-30,3.9400,1.8800,1.5300,24.7000,36.8000,475.470000,491.143550,0.071140,0.079982,0,0,0,0,0,0,-5,0,0.0000,0.0000,0.0000,0.0000,0.0000,1.0000,0.0000,0,0.000182,0.00016746,0.000167,34.844500,-0.381655
2025-05-01,3.7800,1.9600,1.5300,24.6000,36.6000,481.680000,491.071200,0.070845,0.091555,0,0,0,0,0,0,-5,0,0.0000,0.0000,0.0000,0.0000,0.0000,1.0000,0.0000,0,0.034439,0.00016746,0.000167,34.850335,-0.381552
2025-05-02,3.6000,1.9500,1.5350,22.6800,42.0000,488.830000,491.033650,0.070356,0.079346,0,0,0,0,0,0,-5,0,0.0000,0.0000,0.0000,0.0000,0.0000,1.0000,0.0000,0,0.046856,0.00016746,0.000167,34.856171,-0.381448
2025-05-05,3.6000,1.9000,1.5400,23.6400,41.2000,485.930000,491.054450,0.070584,0.086571,0,0,0,0,0,0,-5,0,0.0000,0.0000,0.0000,0.0000,0.0000,1.0000,0.0000,0,-0.017331,0.00016822,0.000168,34.862035,-0.381344
2025-05-06,3.6600,1.9100,1.5400,24.7600,38.2000,481.410000,491.064050,0.072047,0.100318,0,0,0,0,0,0,-5,0,0.0000,0.0000,0.0000,0.0000,0.0000,1.0000,0.0000,0,-0.028425,0.00016822,0.000168,34.867899,-0.381240
2025-05-07,3.6700,1.9500,1.5400,23.5500,41.8000,483.300000,491.104350,0.071950,0.094531,0,0,0,0,0,0,-5,0,0.0000,0.0000,0.0000,0.0000,0.0000,1.0000,0.0000,0,0.011632,0.00016822,0.000168,34.873765,-0.381136
2025-05-08,3.5100,1.9500,1.5400,22.4800,43.2000,488.290000,491.134200,0.070877,0.075438,0,0,0,0,0,0,-5,0,0.0000,0.0000,0.0000,0.0000,0.0000,1.0000,0.0000,0,0.029791,0.00016860,0.000169,34.879645,-0.381032
2025-05-09,3.5300,1.8900,1.5400,21.9000,43.8000,487.970000,491.170950,0.071092,0.077163,0,0,0,0,0,0,-5,0,0.0000,0.0000,0.0000,0.0000,0.0000,1.0000,0.0000,0,-0.002368,0.00016860,0.000169,34.885526,-0.380927
2025-05-12,3.1500,1.8900,1.5400,18.3900,52.4851,507.850000,491.393300,0.068406,0.048010,0,1,1,1,0,3,1,0,0.0000,0.0000,0.0000,0.0000,0.0000,1.0000,0.0000,0,0.121079,0.00016860,0.000169,34.891407,-0.380823
2025-05-13,3.0900,1.8200,1.5400,18.2200,52.0875,515.590000,491.679900,0.067863,0.044447,0,1,1,1,0,3,1,3,3.0000,3.0000,0.0000,0.0000,1.0000,0.0000,1.0000,1,0.045833,0.00017165,0.037019,36.183042,-0.357902
2025-05-14,3.1000,1.8200,1.5400,18.6200,50.8946,518.680000,491.958450,0.067479,0.032321,0,1,1,1,0,3,1,3,3.0000,3.0000,0.0000,0.0000,1.0000,0.0000,1.0000,0,0.017645,0.00017127,0.017645,36.821505,-0.346572
2025-05-15,3.2000,1.8000,1.5450,17.8300,54.6720,519.250000,492.235200,0.068582,0.045755,0,1,1,1,0,3,1,3,3.0000,3.0000,0.0000,0.0000,1.0000,0.0000,1.0000,0,0.003127,0.00017127,0.003127,36.936638,-0.344529
2025-05-16,3.1600,1.8300,1.5500,17.2400,57.1429,521.510000,492.555100,0.069152,0.050558,0,1,1,1,0,3,1,3,3.0000,3.0000,0.0000,0.0000,1.0000,0.0000,1.0000,0,0.012326,0.00017013,0.012326,37.391935,-0.336449
2025-05-19,3.2100,1.8200,1.5500,18.1400,56.8317,522.010000,492.809800,0.069370,0.036639,0,1,1,1,0,3,1,3,3.0000,3.0000,0.0000,0.0000,1.0000,0.0000,1.0000,0,0.002659,0.00016974,0.002659,37.491367,-0.334684
2025-05-20,3.2000,1.8400,1.5500,18.0900,55.4455,520.270000,493.112850,0.069807,0.043610,0,1,1,1,0,3,1,3,3.0000,3.0000,0.0000,0.0000,1.0000,0.0000,1.0000,0,-0.010469,0.00017051,-0.010469,37.098870,-0.341650
2025-05-21,3.2500,1.8200,1.5500,20.8700,50.0990,513.040000,493.434300,0.069708,0.041675,0,0,1,1,0,2,-1,3,3.0000,3.0000,0.0000,0.0000,1.0000,0.0000,1.0000,0,-0.041614,0.00017013,-0.041614,35.555046,-0.369046
2025-05-22,3.3200,1.8500,1.5500,20.2800,49.1089,514.000000,493.827450,0.068686,0.023018,0,0,0,1,0,1,-3,2,0.0000,0.0000,0.0000,0.0000,0.0000,1.0000,0.0000,1,0.005152,0.00016936,0.003038,35.663045,-0.367130
2025-05-23,3.4000,1.8700,1.5500,22.2900,47.5248,509.240000,494.176000,0.069987,0.048984,0,0,0,1,0,1,-3,1,0.0000,0.0000,0.0000,0.0000,0.0000,1.0000,0.0000,0,-0.028848,0.00016974,0.000170,35.669098,-0.367022
2025-05-27,3.2400,1.8800,1.5500,18.9600,52.4752,521.220000,494.608250,0.069077,0.036026,0,1,1,1,0,3,1,1,0.0000,0.0000,0.0000,0.0000,0.0000,1.0000,0.0000,0,0.069662,0.00016936,0.000169,35.675139,-0.366915
2025-05-28,3.2300,1.8400,1.5550,19.3100,48.9109,518.910000,494.962450,0.068509,0.008343,0,1,0,1,0,2,-1,3,3.0000,3.0000,0.0000,0.0000,1.0000,0.0000,1.0000,1,-0.012828,0.00016898,-0.018393,35.018958,-0.378559
2025-05-29,3.2200,1.8300,1.5600,19.1800,50.2970,519.930000,495.310050,0.068715,0.016217,0,1,1,1,0,3,1,2,0.0000,0.0000,0.0000,0.0000,0.0000,1.0000,0.0000,1,0.004855,0.00016898,0.042202,36.496825,-0.352333
2025-05-30,3.3100,1.8100,1.5600,18.5700,50.8911,519.110000,495.648700,0.069496,0.046312,0,1,1,1,0,3,1,3,3.0000,3.0000,0.0000,0.0000,1.0000,0.0000,1.0000,1,-0.005258,0.00016936,-0.001884,36.428053,-0.353554
2025-06-02,3.2700,1.8400,1.5600,18.3600,49.9010,523.210000,495.951850,0.069326,0.048104,0,1,0,1,0,2,-1,3,3.0000,3.0000,0.0000,0.0000,1.0000,0.0000,1.0000,0,0.023000,0.00016936,0.023000,37.265899,-0.338686
2025-06-03,3.1900,1.8400,1.5600,17.6900,50.8911,527.300000,496.274700,0.069117,0.031092,0,1,1,1,0,3,1,2,0.0000,0.0000,0.0000,0.0000,0.0000,1.0000,0.0000,1,0.023321,0.00017241,0.001894,37.336490,-0.337433
2025-06-04,3.2300,1.8100,1.5600,17.6100,50.6931,528.770000,496.546450,0.067927,-0.026971,0,1,1,1,1,4,3,3,3.0000,3.0000,0.0000,0.0000,1.0000,-0.0000,1.0000,1,0.008051,0.00017203,0.003913,37.482594,-0.334840
2025-06-05,3.1800,1.8000,1.5650,18.4800,48.9109,524.790000,496.795250,0.068148,-0.022610,0,1,0,1,1,3,1,4,3.0000,3.0000,0.0000,0.0000,1.0000,-0.0000,1.0000,0,-0.023284,0.00017241,-0.023284,36.609844,-0.350328
2025-06-06,3.0900,1.7700,1.5700,16.7700,51.4851,529.920000,497.038500,0.067755,-0.019963,0,1,1,1,1,4,3,3,3.0000,3.0000,0.0000,0.0000,1.0000,-0.0000,1.0000,0,0.028552,0.00017241,0.028552,37.655114,-0.331779
2025-06-09,3.1200,1.7300,1.5700,17.1600,51.4851,530.700000,497.290700,0.067261,-0.044733,0,1,1,1,1,4,3,4,3.0000,3.0000,0.0000,0.0000,1.0000,-0.0000,1.0000,0,0.004447,0.00017203,0.004447,37.822561,-0.328807
2025-06-10,3.1200,1.7200,1.5700,16.9500,53.8614,534.210000,497.549250,0.067039,-0.046320,0,1,1,1,1,4,3,4,3.0000,3.0000,0.0000,0.0000,1.0000,-0.0000,1.0000,0,0.019318,0.00017241,0.019318,38.553235,-0.315841
2025-06-11,3.1200,1.7100,1.5700,17.2600,52.2772,532.410000,497.837050,0.067273,-0.038728,0,1,1,1,1,4,3,4,3.0000,3.0000,0.0000,0.0000,1.0000,-0.0000,1.0000,0,-0.010266,0.00017279,-0.010266,38.157453,-0.322864
2025-06-12,3.1700,1.7400,1.5750,18.0200,53.2673,533.660000,498.105350,0.067818,-0.034970,0,1,1,1,1,4,3,4,3.0000,3.0000,0.0000,0.0000,1.0000,-0.0000,1.0000,0,0.006516,0.00017279,0.006516,38.406085,-0.318452
2025-06-13,3.1800,1.7300,1.5800,20.8200,49.5050,526.960000,498.363450,0.068191,-0.021252,0,0,0,1,1,2,-1,4,3.0000,3.0000,0.0000,0.0000,1.0000,-0.0000,1.0000,0,-0.037786,0.00017317,-0.037786,36.954884,-0.344205
2025-06-16,3.1000,1.7500,1.5800,19.1100,51.6832,534.290000,498.651100,0.067216,-0.043561,0,1,1,1,1,4,3,2,0.0000,0.0000,0.0000,0.0000,0.0000,1.0000,0.0000,1,0.040780,0.00017279,0.018882,37.652656,-0.331822
2025-06-17,3.1700,1.7400,1.5800,21.6000,48.5149,529.080000,498.939750,0.067235,-0.039170,0,0,0,1,1,2,-1,4,3.0000,3.0000,0.0000,0.0000,1.0000,0.0000,1.0000,1,-0.029551,0.00017203,-0.015025,37.086929,-0.341862
2025-06-18,3.1600,1.7400,1.5850,20.1400,48.1188,528.990000,499.231400,0.067421,-0.010117,0,0,0,1,1,2,-1,2,0.0000,0.0000,0.0000,0.0000,0.0000,1.0000,0.0000,1,-0.001359,0.00017165,0.004693,37.260977,-0.338773
2025-06-20,3.1300,1.7700,1.5900,20.6200,48.1188,526.830000,499.484200,0.067965,0.017478,0,0,0,1,0,1,-3,2,0.0000,0.0000,0.0000,0.0000,0.0000,1.0000,0.0000,0,-0.013749,0.00017165,0.000172,37.267373,-0.338659
2025-06-23,3.1200,1.7600,1.6000,19.8300,52.0792,531.650000,499.833400,0.067683,-0.006300,0,1,1,1,1,4,3,1,0.0000,0.0000,0.0000,0.0000,0.0000,1.0000,0.0000,0,0.031056,0.00017051,0.000171,37.273727,-0.338547
2025-06-24,3.0600,1.7700,1.6100,17.4800,54.8515,539.780000,500.229250,0.067232,-0.016010,0,1,1,1,1,4,3,4,3.0000,3.0000,0.0000,0.0000,1.0000,0.0000,1.0000,1,0.045515,0.00017013,0.015442,37.849318,-0.328332
2025-06-25,3.0400,1.7800,1.6100,16.7600,50.2970,541.160000,500.629850,0.066297,-0.060295,0,1,1,1,1,4,3,4,3.0000,3.0000,0.0000,0.0000,1.0000,0.0000,1.0000,0,0.004866,0.00017013,0.004866,38.033476,-0.325064
2025-06-26,3.0400,1.7900,1.6150,16.5900,53.0693,546.220000,501.117500,0.066329,-0.064394,0,1,1,1,1,4,3,4,3.0000,3.0000,0.0000,0.0000,1.0000,0.0000,1.0000,0,0.027396,0.00017013,0.027396,39.075422,-0.306574
2025-06-27,3.0200,1.8000,1.6200,16.3200,54.6535,548.090000,501.585650,0.066132,-0.067312,0,1,1,1,1,4,3,4,3.0000,3.0000,0.0000,0.0000,1.0000,0.0000,1.0000,0,0.009798,0.00017051,0.009798,39.458277,-0.299780
2025-06-30,2.9600,1.7900,1.6250,16.7300,56.4356,551.640000,502.050550,0.066084,-0.066265,0,1,1,1,1,4,3,4,3.0000,3.0000,0.0000,0.0000,1.0000,0.0000,1.0000,0,0.019406,0.00017051,0.019406,40.223987,-0.286192
2025-07-01,2.9100,1.7500,1.6300,16.8300,61.7822,546.990000,502.442400,0.066332,-0.112563,0,1,1,1,1,4,3,4,3.0000,3.0000,0.0000,0.0000,1.0000,0.0000,1.0000,0,-0.025422,0.00017127,-0.025422,39.201425,-0.304338
2025-07-02,2.8800,1.7200,1.6300,16.6400,61.9802,550.800000,502.830300,0.065461,-0.138036,0,1,1,1,1,4,3,4,3.0000,3.0000,0.0000,0.0000,1.0000,0.0000,1.0000,0,0.019904,0.00017089,0.019904,39.981673,-0.290492
2025-07-03,2.8000,1.7000,1.6350,16.3800,64.3564,556.220000,503.234700,0.065436,-0.124681,0,1,1,1,1,4,3,4,3.0000,3.0000,0.0000,0.0000,1.0000,0.0000,1.0000,0,0.028000,0.00017127,0.028000,41.101160,-0.270626
2025-07-07,2.8600,1.6700,1.6400,17.7900,60.3960,552.030000,503.628650,0.066065,-0.128120,0,1,1,1,1,4,3,4,3.0000,3.0000,0.0000,0.0000,1.0000,0.0000,1.0000,0,-0.022285,0.00017165,-0.022285,40.185216,-0.286880
2025-07-08,2.9200,1.7100,1.6400,16.8100,61.3861,552.340000,504.022900,0.065400,-0.062675,0,1,1,1,1,4,3,4,3.0000,3.0000,0.0000,0.0000,1.0000,0.0000,1.0000,0,0.001327,0.00017165,0.001327,40.238525,-0.285934
2025-07-09,2.9400,1.7100,1.6400,15.9400,62.5743,556.250000,504.446950,0.065619,-0.103431,0,1,1,1,1,4,3,4,3.0000,3.0000,0.0000,0.0000,1.0000,0.0000,1.0000,0,0.020715,0.00017165,0.020715,41.072083,-0.271142
2025-07-10,2.9200,1.7300,1.6400,15.7800,64.7525,555.450000,504.807400,0.065969,-0.090187,0,1,1,1,1,4,3,4,3.0000,3.0000,0.0000,0.0000,1.0000,0.0000,1.0000,0,-0.004602,0.00017165,-0.004602,40.883078,-0.274496
2025-07-11,2.9700,1.7000,1.6450,16.4000,62.7723,554.200000,505.166200,0.066106,-0.095468,0,1,1,1,1,4,3,4,3.0000,3.0000,0.0000,0.0000,1.0000,0.0000,1.0000,0,-0.007587,0.00017165,-0.007587,40.572918,-0.280000
2025-07-14,2.9500,1.7200,1.6500,17.2000,61.9802,556.210000,505.532050,0.066244,-0.096545,0,1,1,1,1,4,3,4,3.0000,3.0000,0.0000,0.0000,1.0000,0.0000,1.0000,0,0.010631,0.00017127,0.010631,41.004235,-0.272346
2025-07-15,2.9500,1.7300,1.6500,17.3800,58.0198,556.720000,505.888800,0.065894,-0.118459,0,1,1,1,1,4,3,4,3.0000,3.0000,0.0000,0.0000,1.0000,0.0000,1.0000,0,0.002600,0.00017165,0.002600,41.110853,-0.270454
2025-07-16,3.0000,1.7000,1.6500,17.1600,59.2079,557.290000,506.246150,0.065706,-0.131029,0,1,1,1,1,4,3,4,3.0000,3.0000,0.0000,0.0000,1.0000,0.0000,1.0000,0,0.002829,0.00017165,0.002829,41.227163,-0.268390
2025-07-17,2.9100,1.7300,1.6500,16.5200,61.7822,561.800000,506.607800,0.065577,-0.137338,0,1,1,1,1,4,3,4,3.0000,3.0000,0.0000,0.0000,1.0000,0.0000,1.0000,0,0.023275,0.00017127,0.023275,42.186723,-0.251361
2025-07-18,2.9300,1.7100,1.6500,16.4100,61.7822,561.260000,506.980350,0.066725,-0.116571,0,1,1,1,1,4,3,4,3.0000,3.0000,0.0000,0.0000,1.0000,0.0000,1.0000,0,-0.003446,0.00017127,-0.003446,42.041335,-0.253941
2025-07-21,2.8900,1.7300,1.6500,16.6500,60.3960,564.170000,507.360850,0.066813,-0.101708,0,1,1,1,1,4,3,4,3.0000,3.0000,0.0000,0.0000,1.0000,0.0000,1.0000,0,0.015216,0.00017089,0.015216,42.681042,-0.242589
2025-07-22,2.9000,1.7300,1.6500,16.5000,65.5446,561.250000,507.760750,0.067622,-0.066175,0,1,1,1,1,4,3,4,3.0000,3.0000,0.0000,0.0000,1.0000,0.0000,1.0000,0,-0.015556,0.00017127,-0.015556,42.017104,-0.254371
2025-07-23,2.8300,1.7300,1.6500,15.3700,66.9307,563.810000,508.170050,0.066547,-0.072495,0,1,1,1,1,4,3,4,3.0000,3.0000,0.0000,0.0000,1.0000,0.0000,1.0000,0,0.013149,0.00017127,0.013149,42.569578,-0.244567
2025-07-24,2.8200,1.7100,1.6550,15.3900,65.9406,565.010000,508.587150,0.066439,-0.080419,0,1,1,1,1,4,3,4,3.0000,3.0000,0.0000,0.0000,1.0000,0.0000,1.0000,0,0.006603,0.00017127,0.006603,42.850661,-0.239579
2025-07-25,2.8400,1.6800,1.6600,14.9300,66.7327,566.370000,508.982400,0.066332,-0.083510,0,1,1,1,1,4,3,4,3.0000,3.0000,0.0000,0.0000,1.0000,0.0000,1.0000,0,0.005655,0.00017165,0.005655,43.092975,-0.235279
2025-07-28,2.8200,1.6900,1.6600,15.0300,64.3564,568.140000,509.412600,0.065642,-0.088769,0,1,1,1,1,4,3,4,3.0000,3.0000,0.0000,0.0000,1.0000,0.0000,1.0000,0,0.009728,0.00017165,0.009728,43.512176,-0.227840
2025-07-29,2.8600,1.6900,1.6600,15.9800,64.1584,567.260000,509.802400,0.066571,-0.068627,0,1,1,1,1,4,3,4,3.0000,3.0000,0.0000,0.0000,1.0000,0.0000,1.0000,0,-0.004511,0.00017089,-0.004511,43.315903,-0.231323
2025-07-30,2.8900,1.7000,1.6600,15.4800,62.1782,568.020000,510.176750,0.067152,-0.050987,0,1,1,1,1,4,3,4,3.0000,3.0000,0.0000,0.0000,1.0000,0.0000,1.0000,0,0.003468,0.00017089,0.003468,43.466137,-0.228657
2025-07-31,2.8600,1.6900,1.6650,16.7200,59.8020,565.010000,510.538850,0.067768,-0.044751,0,1,1,1,1,4,3,4,3.0000,3.0000,0.0000,0.0000,1.0000,0.0000,1.0000,0,-0.016501,0.00017127,-0.016501,42.748890,-0.241385
2025-08-01,3.1300,1.6700,1.6700,20.3800,56.6337,553.880000,510.841450,0.069002,-0.047025,1,0,1,1,1,4,3,4,3.0000,3.0000,0.0000,0.0000,1.0000,0.0000,1.0000,0,-0.059971,0.00017127,-0.059971,40.185216,-0.286880
2025-08-04,3.0200,1.7500,1.6700,17.5200,60.3960,564.100000,511.174450,0.069173,-0.043417,0,1,1,1,1,4,3,4,3.0000,3.0000,0.0000,0.0000,1.0000,0.0000,1.0000,0,0.054752,0.00016898,0.054752,42.385420,-0.247835
2025-08-05,2.9800,1.7400,1.6700,17.8500,59.2079,560.270000,511.521550,0.068785,-0.032806,0,1,1,1,1,4,3,4,3.0000,3.0000,0.0000,0.0000,1.0000,0.0000,1.0000,0,-0.020810,0.00016898,-0.020810,41.503400,-0.263488
2025-08-06,2.9800,1.7200,1.6700,16.7700,57.6238,567.320000,511.903600,0.067654,-0.054226,0,1,1,1,1,4,3,4,3.0000,3.0000,0.0000,0.0000,1.0000,0.0000,1.0000,0,0.037366,0.00016860,0.037366,43.054204,-0.235967
2025-08-07,2.9500,1.7500,1.6700,16.5700,58.4158,569.240000,512.293550,0.068446,0.000635,0,1,1,1,0,3,1,4,3.0000,3.0000,0.0000,0.0000,1.0000,0.0000,1.0000,0,0.010131,0.00016784,0.010131,43.490368,-0.228227
2025-08-08,2.9400,1.7400,1.6700,15.1500,59.6040,574.550000,512.693950,0.067626,-0.003798,0,1,1,1,1,4,3,3,3.0000,3.0000,0.0000,0.0000,1.0000,0.0000,1.0000,0,0.026967,0.00016784,0.026967,44.663164,-0.207415
2025-08-11,2.9400,1.7400,1.6700,16.2500,58.2178,572.850000,513.081100,0.067548,0.001103,0,1,1,1,0,3,1,4,3.0000,3.0000,0.0000,0.0000,1.0000,0.0000,1.0000,0,-0.008789,0.00016784,-0.008789,44.270617,-0.214381
2025-08-12,2.9300,1.7200,1.6700,14.7300,61.3861,580.050000,513.501550,0.067124,-0.023140,0,1,1,1,1,4,3,3,3.0000,3.0000,0.0000,0.0000,1.0000,0.0000,1.0000,0,0.036891,0.00016860,0.036891,45.903807,-0.185399
2025-08-13,2.9000,1.7300,1.6700,14.4900,66.5347,580.340000,513.961450,0.067042,-0.033105,0,1,1,1,1,4,3,4,3.0000,3.0000,0.0000,0.0000,1.0000,0.0000,1.0000,0,0.001478,0.00016822,0.001478,45.971655,-0.184195
2025-08-14,2.8900,1.7100,1.6700,14.8300,63.3663,579.890000,514.399300,0.066571,-0.043753,0,1,1,1,1,4,3,4,3.0000,3.0000,0.0000,0.0000,1.0000,0.0000,1.0000,0,-0.002741,0.00016670,-0.002741,45.845652,-0.186431
2025-08-15,2.8800,1.7100,1.6700,15.0900,63.3663,577.340000,514.809400,0.066533,-0.050901,0,1,1,1,1,4,3,4,3.0000,3.0000,0.0000,0.0000,1.0000,0.0000,1.0000,0,-0.014165,0.00016708,-0.014165,45.196253,-0.197955
2025-08-18,2.8800,1.6900,1.6700,14.9900,63.3663,577.110000,515.217950,0.066260,-0.054594,0,1,1,1,1,4,3,4,3.0000,3.0000,0.0000,0.0000,1.0000,0.0000,1.0000,0,-0.001287,0.00016708,-0.001287,45.138098,-0.198987
2025-08-19,2.9000,1.7000,1.6700,15.5700,65.1485,569.280000,515.563550,0.067270,-0.022618,0,1,1,1,1,4,3,4,3.0000,3.0000,0.0000,0.0000,1.0000,0.0000,1.0000,0,-0.040799,0.00016822,-0.040799,43.296518,-0.231667
2025-08-20,2.9400,1.7100,1.6700,15.6900,65.5446,565.900000,515.911150,0.067520,-0.038841,0,1,1,1,1,4,3,4,3.0000,3.0000,0.0000,0.0000,1.0000,0.0000,1.0000,0,-0.018245,0.00016708,-0.018245,42.506577,-0.245685
2025-08-21,2.9500,1.7300,1.6700,16.6000,65.3465,563.280000,516.308300,0.067328,-0.027232,0,1,1,1,1,4,3,4,3.0000,3.0000,0.0000,0.0000,1.0000,0.0000,1.0000,0,-0.013909,0.00016708,-0.013909,41.915333,-0.256177
2025-08-22,2.8800,1.7200,1.6700,14.2200,70.6931,571.970000,516.731000,0.066666,-0.029548,0,1,1,1,1,4,3,4,3.0000,3.0000,0.0000,0.0000,1.0000,0.0000,1.0000,0,0.044976,0.00016784,0.044976,43.800529,-0.222723
2025-08-25,2.8000,1.7300,1.6700,14.7900,67.3267,570.320000,517.152550,0.066205,-0.039759,0,1,1,1,1,4,3,4,3.0000,3.0000,0.0000,0.0000,1.0000,0.0000,1.0000,0,-0.008741,0.00016594,-0.008741,43.417674,-0.229517
2025-08-26,2.7800,1.7000,1.6700,14.6200,66.5347,572.610000,517.554550,0.066077,-0.053852,0,1,1,1,1,4,3,4,3.0000,3.0000,0.0000,0.0000,1.0000,0.0000,1.0000,0,0.011608,0.00016670,0.011608,43.921686,-0.220573
2025-08-27,2.7800,1.7500,1.6700,14.8500,67.9208,573.490000,517.894100,0.065942,-0.053250,0,1,1,1,1,4,3,4,3.0000,3.0000,0.0000,0.0000,1.0000,0.0000,1.0000,0,0.004524,0.00016632,0.004524,44.120382,-0.217047
2025-08-28,2.7500,1.7700,1.6700,14.4300,67.1287,577.080000,518.211800,0.065208,-0.061564,0,1,1,1,1,4,3,4,3.0000,3.0000,0.0000,0.0000,1.0000,0.0000,1.0000,0,0.018234,0.00016556,0.018234,44.924862,-0.202771
2025-08-29,2.8200,1.7500,1.6700,15.3600,67.7228,570.400000,518.493100,0.065359,-0.040924,0,1,1,1,1,4,3,4,3.0000,3.0000,0.0000,0.0000,1.0000,0.0000,1.0000,0,-0.036030,0.00016556,-0.036030,43.306210,-0.231495
2025-09-02,2.9200,1.8000,1.6700,17.1700,65.7426,565.620000,518.752000,0.065629,-0.039909,0,1,1,1,1,4,3,4,3.0000,3.0000,0.0000,0.0000,1.0000,0.0000,1.0000,0,-0.025515,0.00016442,-0.025515,42.201262,-0.251103
2025-09-03,2.8800,1.8100,1.6700,16.3500,65.3465,570.070000,519.037800,0.065112,-0.041924,0,1,1,1,1,4,3,4,3.0000,3.0000,0.0000,0.0000,1.0000,0.0000,1.0000,0,0.023312,0.00016328,0.023312,43.185054,-0.233645
2025-09-04,2.8400,1.7800,1.6700,15.3000,66.5347,575.230000,519.352700,0.064495,-0.044512,0,1,1,1,1,4,3,4,3.0000,3.0000,0.0000,0.0000,1.0000,0.0000,1.0000,0,0.027045,0.00016251,0.027045,44.353003,-0.212919
2025-09-05,2.8300,1.8000,1.6700,15.1800,65.5446,576.060000,519.689550,0.064481,-0.040946,0,1,1,1,1,4,3,4,3.0000,3.0000,0.0000,0.0000,1.0000,0.0000,1.0000,0,0.003278,0.00016175,0.003278,44.498391,-0.210339
2025-09-08,2.8400,1.7800,1.6700,15.1100,65.7426,578.870000,520.101050,0.063668,-0.057803,0,1,1,1,1,4,3,4,3.0000,3.0000,0.0000,0.0000,1.0000,0.0000,1.0000,0,0.014267,0.00015832,0.014267,45.133251,-0.199073
2025-09-09,2.8700,1.7600,1.6700,15.0400,64.5545,580.510000,520.503500,0.063960,-0.061276,0,1,1,1,1,4,3,4,3.0000,3.0000,0.0000,0.0000,1.0000,0.0000,1.0000,0,0.008161,0.00015946,0.008161,45.501567,-0.192537
2025-09-10,2.8400,1.7500,1.6700,15.3500,63.1683,580.700000,520.889700,0.064872,-0.053177,0,1,1,1,1,4,3,4,3.0000,3.0000,0.0000,0.0000,1.0000,0.0000,1.0000,0,0.001065,0.00015946,0.001065,45.550030,-0.191677
2025-09-11,2.7800,1.7500,1.6700,14.7100,67.9208,584.080000,521.294250,0.064679,-0.041188,0,1,1,1,1,4,3,4,3.0000,3.0000,0.0000,0.0000,1.0000,0.0000,1.0000,0,0.016810,0.00015908,0.016810,46.315740,-0.178089
2025-09-12,2.7900,1.7400,1.6700,14.7600,65.7426,586.660000,521.702650,0.065028,-0.036118,0,1,1,1,1,4,3,4,3.0000,3.0000,0.0000,0.0000,1.0000,0.0000,1.0000,0,0.012452,0.00015870,0.012452,46.892445,-0.167854
2025-09-15,2.7500,1.7000,1.6700,15.6900,63.9604,591.680000,522.132100,0.064835,-0.042433,0,1,1,1,1,4,3,4,3.0000,3.0000,0.0000,0.0000,1.0000,0.0000,1.0000,0,0.025527,0.00015870,0.025527,48.089472,-0.146612
2025-09-16,2.7900,1.6800,1.6700,16.3600,64.1584,591.180000,522.555050,0.063742,-0.068993,0,1,1,1,1,4,3,4,3.0000,3.0000,0.0000,0.0000,1.0000,0.0000,1.0000,0,-0.002721,0.00015794,-0.002721,47.958623,-0.148934
2025-09-17,2.7900,1.6900,1.6700,15.7200,64.1584,590.000000,522.958500,0.063981,-0.060077,0,1,1,1,1,4,3,4,3.0000,3.0000,0.0000,0.0000,1.0000,0.0000,1.0000,0,-0.006366,0.00015718,-0.006366,47.653308,-0.154352
2025-09-18,2.7100,1.7000,1.6700,15.7000,63.7624,595.320000,523.408600,0.063729,-0.056870,0,1,1,1,1,4,3,4,3.0000,3.0000,0.0000,0.0000,1.0000,0.0000,1.0000,0,0.026950,0.00015641,0.026950,48.937568,-0.131562
2025-09-19,2.7200,1.6800,1.6700,15.4500,63.1683,599.350000,523.856650,0.063997,-0.037915,0,1,1,1,1,4,3,4,3.0000,3.0000,0.0000,0.0000,1.0000,0.0000,1.0000,0,0.019806,0.00015679,0.019806,49.906821,-0.114362
2025-09-22,2.6900,1.6800,1.6700,16.1000,63.3663,602.200000,524.291200,0.063883,-0.040190,0,1,1,1,1,4,3,4,3.0000,3.0000,0.0000,0.0000,1.0000,0.0000,1.0000,0,0.016896,0.00015679,0.016896,50.750071,-0.099398
2025-09-23,2.7100,1.6700,1.6700,16.6400,64.1584,598.200000,524.697850,0.064565,-0.025554,1,1,1,1,1,5,5,4,3.0000,3.0000,0.0000,0.0000,1.0000,0.0000,1.0000,0,-0.020149,0.00015565,-0.020149,49.727509,-0.117544
2025-09-24,2.7000,1.6900,1.6700,16.1800,64.1584,596.100000,525.062050,0.065232,-0.013792,0,1,1,1,1,4,3,5,3.0000,3.0000,0.0000,0.0000,1.0000,0.0000,1.0000,0,-0.011695,0.00015565,-0.011695,49.145958,-0.127864
2025-09-25,2.7600,1.6800,1.6700,16.7400,62.1782,593.530000,525.420650,0.064904,-0.022939,0,1,1,1,1,4,3,4,3.0000,3.0000,0.0000,0.0000,1.0000,0.0000,1.0000,0,-0.013411,0.00015641,-0.013411,48.486866,-0.139560
2025-09-26,2.7500,1.6700,1.6700,15.2900,65.1485,595.970000,525.768100,0.065584,0.002016,1,1,1,1,0,4,3,4,3.0000,3.0000,0.0000,0.0000,1.0000,0.0000,1.0000,0,0.011994,0.00015718,0.011994,49.068417,-0.129240
2025-09-29,2.7400,1.6500,1.6700,16.1200,65.1485,598.730000,526.149850,0.065589,0.002472,1,1,1,1,0,4,3,4,3.0000,3.0000,0.0000,0.0000,1.0000,0.0000,1.0000,0,0.013333,0.00015641,0.013333,49.722663,-0.117630
2025-09-30,2.8000,1.6400,1.6700,16.2800,66.3366,600.370000,526.548700,0.065455,-0.009900,1,1,1,1,1,5,5,4,3.0000,3.0000,0.0000,0.0000,1.0000,0.0000,1.0000,0,0.007797,0.00015718,0.007797,50.110364,-0.110750
2025-10-01,2.8100,1.6700,1.6700,16.2900,66.5347,603.250000,526.915350,0.065861,0.007607,1,1,1,1,0,4,3,5,3.0000,3.0000,0.0000,0.0000,1.0000,0.0000,1.0000,0,0.014120,0.00015641,0.014120,50.817918,-0.098194
2025-10-02,2.8100,1.6900,1.6750,16.6300,65.5446,605.730000,527.311500,0.065666,0.000773,0,1,1,1,0,3,1,4,3.0000,3.0000,0.0000,0.0000,1.0000,0.0000,1.0000,0,0.012207,0.00015603,0.012207,51.438240,-0.087186
2025-10-03,2.8000,1.6800,1.6800,16.6500,66.7327,603.180000,527.674750,0.066429,0.007450,1,1,1,1,0,4,3,3,3.0000,3.0000,0.0000,0.0000,1.0000,0.0000,1.0000,0,-0.013567,0.00015641,-0.013567,50.740378,-0.099570
2025-10-06,2.7600,1.6600,1.6800,16.3700,66.5347,607.710000,528.022450,0.066832,0.011827,1,1,1,1,0,4,3,4,3.0000,3.0000,0.0000,0.0000,1.0000,0.0000,1.0000,0,0.022350,0.00015679,0.022350,51.874404,-0.079445
2025-10-07,2.8200,1.6500,1.6800,17.2400,66.1386,604.510000,528.366000,0.067387,0.018476,1,1,1,1,0,4,3,4,3.0000,3.0000,0.0000,0.0000,1.0000,0.0000,1.0000,0,-0.016162,0.00015641,-0.016162,51.036000,-0.094324
2025-10-08,2.8400,1.6700,1.6800,16.3000,64.7525,611.440000,528.840850,0.067448,0.025525,1,1,1,1,0,4,3,4,3.0000,3.0000,0.0000,0.0000,1.0000,0.0000,1.0000,0,0.033900,0.00015603,0.033900,52.766116,-0.063621
2025-10-09,2.9500,1.6800,1.6800,16.4300,63.7624,610.700000,529.323500,0.067473,0.028910,1,1,1,1,0,4,3,4,3.0000,3.0000,0.0000,0.0000,1.0000,0.0000,1.0000,0,-0.003949,0.00015603,-0.003949,52.557727,-0.067319
2025-10-10,3.1800,1.6900,1.6800,21.6600,56.4356,589.500000,529.677700,0.069064,0.055284,0,0,1,1,0,2,-1,4,3.0000,3.0000,0.0000,0.0000,1.0000,0.0000,1.0000,0,-0.104933,0.00015679,-0.104933,47.042679,-0.165188
2025-10-13,3.1800,1.7200,1.6800,19.0300,59.6040,602.010000,530.073400,0.068540,0.028751,0,1,1,1,0,3,1,2,0.0000,0.0000,0.0000,0.0000,0.0000,1.0000,0.0000,1,0.063459,0.00015641,0.051196,49.451073,-0.122449
2025-10-14,3.1100,1.7200,1.6800,20.8100,63.3663,598.000000,530.413600,0.069236,0.038192,0,0,1,1,0,2,-1,3,3.0000,3.0000,0.0000,0.0000,1.0000,0.0000,1.0000,1,-0.020343,0.00015641,0.013994,50.143075,-0.110169
2025-10-15,2.9500,1.7100,1.6800,20.6400,62.9703,602.220000,530.776700,0.069832,0.034559,0,0,1,1,0,2,-1,2,0.0000,0.0000,0.0000,0.0000,0.0000,1.0000,0.0000,1,0.020469,0.00015641,0.029558,51.625189,-0.083868
2025-10-16,3.0400,1.6800,1.6800,25.3100,58.8119,599.990000,531.163850,0.069546,0.046941,1,0,1,1,0,3,1,2,0.0000,0.0000,0.0000,0.0000,0.0000,1.0000,0.0000,0,-0.011143,0.00015679,0.000157,51.633284,-0.083724
2025-10-17,3.0400,1.7100,1.6800,20.7800,60.1980,603.930000,531.605450,0.068913,0.039000,0,0,1,1,0,2,-1,3,3.0000,3.0000,0.0000,0.0000,1.0000,0.0000,1.0000,1,0.019010,0.00015641,0.030375,53.201655,-0.055892
2025-10-20,2.9900,1.7000,1.6800,18.2300,64.5545,611.540000,532.107000,0.068181,0.029377,0,1,1,1,0,3,1,2,0.0000,0.0000,0.0000,0.0000,0.0000,1.0000,0.0000,1,0.037504,0.00015565,0.015375,54.019646,-0.041376
2025-10-21,2.9700,1.6800,1.6800,17.8700,66.3366,611.380000,532.612750,0.067489,0.029663,1,1,1,1,0,4,3,3,3.0000,3.0000,0.0000,0.0000,1.0000,0.0000,1.0000,1,-0.001112,0.00015450,-0.001204,53.954606,-0.042531
2025-10-22,3.0100,1.6700,1.6800,18.6000,65.1485,605.490000,533.047300,0.067685,0.017587,1,1,1,1,0,4,3,4,3.0000,3.0000,0.0000,0.0000,1.0000,0.0000,1.0000,0,-0.029414,0.00015412,-0.029414,52.367559,-0.070694
2025-10-23,2.9600,1.6900,1.6800,17.3000,66.5347,610.580000,533.477500,0.067234,0.001297,0,1,1,1,0,3,1,4,3.0000,3.0000,0.0000,0.0000,1.0000,0.0000,1.0000,0,0.025048,0.00015412,0.025048,53.679251,-0.047417
2025-10-24,2.8800,1.6600,1.6800,16.3700,64.9505,617.100000,533.987100,0.067471,-0.004695,1,1,1,1,1,5,5,3,3.0000,3.0000,0.0000,0.0000,1.0000,0.0000,1.0000,0,0.031151,0.00015374,0.031151,55.351408,-0.017743
2025-10-27,2.8000,1.6500,1.6800,15.7900,65.3465,628.090000,534.551200,0.066867,-0.034103,1,1,1,1,1,5,5,5,3.0000,3.0000,0.0000,0.0000,1.0000,0.0000,1.0000,0,0.053093,0.00015298,0.053093,58.290200,0.000000
2025-10-28,2.8200,1.6300,1.6800,16.4200,62.3762,632.920000,535.179850,0.065591,-0.056369,1,1,1,1,1,5,5,5,3.0000,3.0000,0.0000,0.0000,1.0000,0.0000,1.0000,0,0.022846,0.00015145,0.022846,59.621918,0.000000
2025-10-29,2.7600,1.6500,1.6800,16.9200,56.6337,635.770000,535.830900,0.065538,-0.051678,1,1,1,1,1,5,5,5,3.0000,3.0000,0.0000,0.0000,1.0000,0.0000,1.0000,0,0.012763,0.00015145,0.012763,60.382900,0.000000
2025-10-30,2.8500,1.6100,1.6800,16.9100,55.8416,626.050000,536.435750,0.065987,-0.026468,1,1,1,1,1,5,5,5,3.0000,3.0000,0.0000,0.0000,1.0000,0.0000,1.0000,0,-0.045767,0.00015298,-0.045767,57.619334,-0.045767
2025-10-31,2.9400,1.6400,1.6800,17.4400,56.2376,629.070000,536.997600,0.065317,-0.049319,1,1,1,1,1,5,5,5,3.0000,3.0000,0.0000,0.0000,1.0000,0.0000,1.0000,0,0.014163,0.00015260,0.014163,58.435387,-0.032253
2025-11-03,3.0400,1.6900,1.6850,17.1700,55.6436,632.080000,537.592600,0.065231,-0.037981,0,1,1,1,1,4,3,5,3.0000,3.0000,0.0000,0.0000,1.0000,0.0000,1.0000,0,0.013708,0.00015145,0.013708,59.236420,-0.018987
2025-11-04,3.1300,1.7100,1.6900,19.0000,54.8515,619.250000,538.080150,0.065777,-0.027843,0,1,1,1,1,4,3,4,3.0000,3.0000,0.0000,0.0000,1.0000,0.0000,1.0000,0,-0.061190,0.00015489,-0.061190,55.611744,-0.079015
2025-11-05,3.0500,1.7200,1.6900,18.0100,55.6436,623.280000,538.572550,0.065564,-0.024501,0,1,1,1,1,4,3,4,3.0000,3.0000,0.0000,0.0000,1.0000,0.0000,1.0000,0,0.019445,0.00015412,0.019445,56.693139,-0.061106
2025-11-06,3.1300,1.7000,1.6900,19.5000,53.4653,611.670000,538.973350,0.065984,-0.016404,0,1,1,1,1,4,3,4,3.0000,3.0000,0.0000,0.0000,1.0000,0.0000,1.0000,0,-0.056076,0.00015412,-0.056076,53.514038,-0.113755
2025-11-07,3.1500,1.7200,1.6900,19.0800,55.8416,609.740000,539.358850,0.066836,0.004142,0,1,1,1,0,3,1,4,3.0000,3.0000,0.0000,0.0000,1.0000,0.0000,1.0000,0,-0.010385,0.00015298,-0.010385,52.958321,-0.122958
2025-11-10,3.0200,1.7500,1.6900,17.6000,56.8317,623.230000,539.826850,0.065787,-0.011872,0,1,1,1,1,4,3,3,3.0000,3.0000,0.0000,0.0000,1.0000,0.0000,1.0000,0,0.065513,0.00015260,0.065513,56.427797,-0.065500
2025-11-11,3.0200,1.7300,1.6900,17.2800,58.8119,621.570000,540.363650,0.065673,-0.009396,0,1,1,1,1,4,3,4,3.0000,3.0000,0.0000,0.0000,1.0000,0.0000,1.0000,0,-0.008251,0.00015374,-0.008251,55.962196,-0.073211
2025-11-12,3.0200,1.7300,1.6900,17.5100,59.0099,621.080000,540.860000,0.065791,-0.023489,0,1,1,1,1,4,3,4,3.0000,3.0000,0.0000,0.0000,1.0000,0.0000,1.0000,0,-0.002058,0.00015374,-0.002058,55.847048,-0.075118
2025-11-13,3.0900,1.7500,1.6900,20.0000,58.2178,608.400000,541.297850,0.065978,-0.024044,0,1,1,1,1,4,3,4,3.0000,3.0000,0.0000,0.0000,1.0000,0.0000,1.0000,0,-0.061766,0.00015374,-0.061766,52.397598,-0.132244
2025-11-14,3.0700,1.7700,1.6900,19.8300,57.6238,608.860000,541.726900,0.066049,-0.020084,0,1,1,1,1,4,3,4,3.0000,3.0000,0.0000,0.0000,1.0000,0.0000,1.0000,0,0.000764,0.00015412,0.000764,52.437649,-0.131581
2025-11-17,3.1300,1.7700,1.6950,22.3800,53.2673,603.660000,542.133750,0.067271,0.009360,0,0,1,1,0,2,-1,4,3.0000,3.0000,0.0000,0.0000,1.0000,0.0000,1.0000,0,-0.025683,0.00015374,-0.025683,51.090912,-0.153884
2025-11-18,3.2000,1.7700,1.7000,24.6900,53.8614,596.310000,542.524750,0.067583,0.021374,0,0,1,1,0,2,-1,2,0.0000,0.0000,0.0000,0.0000,0.0000,1.0000,0.0000,1,-0.036159,0.00015450,-0.020578,50.039559,-0.171296
2025-11-19,3.1700,1.7900,1.7000,23.6600,52.6733,599.870000,542.901750,0.066757,0.010571,0,0,1,1,0,2,-1,2,0.0000,0.0000,0.0000,0.0000,0.0000,1.0000,0.0000,0,0.017182,0.00015336,0.000153,50.047233,-0.171169
2025-11-20,3.1700,1.7900,1.7000,26.4200,49.3069,585.670000,543.195850,0.067445,0.023005,0,0,0,1,0,1,-3,2,0.0000,0.0000,0.0000,0.0000,0.0000,1.0000,0.0000,0,-0.071464,0.00015374,0.000154,50.054927,-0.171041
2025-11-21,3.1900,1.8000,1.7000,23.4300,54.6535,590.070000,543.498200,0.066879,0.026013,0,0,1,1,0,2,-1,1,0.0000,0.0000,0.0000,0.0000,0.0000,1.0000,0.0000,0,0.022174,0.00015336,0.000153,50.062603,-0.170914
2025-11-24,3.1500,1.8200,1.7000,20.5200,54.4554,605.160000,543.909400,0.066656,0.020571,0,0,1,1,0,2,-1,2,0.0000,0.0000,0.0000,0.0000,0.0000,1.0000,0.0000,0,0.075821,0.00015183,0.000152,50.070205,-0.170788
2025-11-25,3.1000,1.8000,1.7000,18.5600,58.2178,608.890000,544.307600,0.065783,0.002485,0,1,1,1,0,3,1,2,0.0000,0.0000,0.0000,0.0000,0.0000,1.0000,0.0000,0,0.018207,0.00015221,0.000152,50.077826,-0.170662
2025-11-26,3.0000,1.7900,1.7000,17.1900,59.2079,614.270000,544.739000,0.066200,0.017652,0,1,1,1,0,3,1,3,3.0000,3.0000,0.0000,0.0000,1.0000,0.0000,1.0000,1,0.026149,0.00015183,0.008645,50.510768,-0.163492
2025-11-28,2.9500,1.7800,1.7000,16.3500,61.1881,619.250000,545.193750,0.066309,0.029613,0,1,1,1,0,3,1,3,3.0000,3.0000,0.0000,0.0000,1.0000,0.0000,1.0000,0,0.021922,0.00015260,0.021922,51.618087,-0.145154
2025-12-01,2.9400,1.7800,1.7000,17.2400,58.6139,617.170000,545.600100,0.065055,0.009349,0,1,1,1,0,3,1,3,3.0000,3.0000,0.0000,0.0000,1.0000,0.0000,1.0000,0,-0.008984,0.00015107,-0.008984,51.154338,-0.152834
2025-12-02,2.9200,1.7800,1.7000,16.5900,57.8218,622.000000,546.019350,0.064473,0.013267,0,1,1,1,0,3,1,3,3.0000,3.0000,0.0000,0.0000,1.0000,0.0000,1.0000,0,0.023127,0.00014839,0.023127,52.337371,-0.133242
2025-12-03,2.8900,1.7600,1.7050,16.0800,59.8020,623.520000,546.440100,0.064045,0.001407,0,1,1,1,0,3,1,3,3.0000,3.0000,0.0000,0.0000,1.0000,0.0000,1.0000,0,0.007052,0.00014686,0.007052,52.706477,-0.127129
2025-12-04,2.8800,1.7700,1.7100,15.7800,60.1980,622.940000,546.857200,0.063867,-0.016251,0,1,1,1,1,4,3,3,3.0000,3.0000,0.0000,0.0000,1.0000,0.0000,1.0000,0,-0.003232,0.00014495,-0.003232,52.536120,-0.129950
2025-12-05,2.8500,1.7600,1.7100,15.4100,61.6601,625.480000,547.298450,0.063148,-0.024683,0,1,1,1,1,4,3,4,3.0000,3.0000,0.0000,0.0000,1.0000,0.0000,1.0000,0,0.011529,0.00014457,0.011529,53.141833,-0.119919
2025-12-08,2.8900,1.7400,1.7100,16.6600,57.3123,624.280000,547.789450,0.062490,-0.040586,0,1,1,1,1,4,3,4,3.0000,3.0000,0.0000,0.0000,1.0000,0.0000,1.0000,0,-0.006233,0.00014457,-0.006233,52.810584,-0.125405
2025-12-09,2.8900,1.7300,1.7100,16.9300,57.3123,625.050000,548.315350,0.062588,-0.035818,0,1,1,1,1,4,3,4,3.0000,3.0000,0.0000,0.0000,1.0000,0.0000,1.0000,0,0.003763,0.00014533,0.003763,53.009334,-0.122113
2025-12-10,2.9100,1.7300,1.7100,15.7700,60.0791,627.610000,548.886800,0.062146,-0.026085,0,1,1,1,1,4,3,4,3.0000,3.0000,0.0000,0.0000,1.0000,0.0000,1.0000,0,0.011427,0.00014533,0.011427,53.615046,-0.112082
2025-12-11,2.8800,1.7600,1.7100,14.8500,63.2411,625.580000,549.441900,0.062452,-0.024986,0,1,1,1,1,4,3,4,3.0000,3.0000,0.0000,0.0000,1.0000,0.0000,1.0000,0,-0.009532,0.00014380,-0.009532,53.103976,-0.120546
2025-12-12,2.9100,1.7300,1.7100,15.7400,64.0316,613.620000,550.008650,0.062823,-0.014636,0,1,1,1,1,4,3,4,3.0000,3.0000,0.0000,0.0000,1.0000,0.0000,1.0000,0,-0.058635,0.00014265,-0.058635,49.990234,-0.172113
2025-12-15,2.9100,1.7600,1.7100,16.5000,63.4387,610.540000,550.520500,0.063491,-0.008119,0,1,1,1,1,4,3,4,3.0000,3.0000,0.0000,0.0000,1.0000,0.0000,1.0000,0,-0.015146,0.00014150,-0.015146,49.233093,-0.184652
2025-12-16,2.9800,1.7700,1.7100,16.4800,61.4625,611.750000,551.094000,0.063399,-0.007712,0,1,1,1,1,4,3,4,3.0000,3.0000,0.0000,0.0000,1.0000,0.0000,1.0000,0,0.005959,0.00014227,0.005959,49.526485,-0.179793
2025-12-17,2.9900,1.7800,1.7100,17.6200,61.6601,600.410000,551.618300,0.063688,-0.013750,0,1,1,1,1,4,3,4,3.0000,3.0000,0.0000,0.0000,1.0000,0.0000,1.0000,0,-0.055991,0.00014189,-0.055991,46.753456,-0.225717
2025-12-18,2.9500,1.7800,1.7150,16.8700,61.0672,609.110000,552.153800,0.063831,-0.021974,0,1,1,1,1,4,3,4,3.0000,3.0000,0.0000,0.0000,1.0000,0.0000,1.0000,0,0.042713,0.00014189,0.042713,48.750416,-0.192645
2025-12-19,2.9000,1.7800,1.7200,14.9100,59.6838,617.050000,552.798050,0.062637,-0.036126,0,1,1,1,1,4,3,4,3.0000,3.0000,0.0000,0.0000,1.0000,0.0000,1.0000,0,0.039022,0.00014112,0.039022,50.652732,-0.161141
2025-12-22,2.8800,1.7600,1.7200,14.0800,61.8577,619.210000,553.435150,0.062015,-0.056309,0,1,1,1,1,4,3,4,3.0000,3.0000,0.0000,0.0000,1.0000,0.0000,1.0000,0,0.013640,0.00014112,0.013640,51.343623,-0.149699
2025-12-23,2.8300,1.7600,1.7200,14.0000,61.8577,622.110000,554.182050,0.061951,-0.057489,0,1,1,1,1,4,3,4,3.0000,3.0000,0.0000,0.0000,1.0000,0.0000,1.0000,0,0.014009,0.00014189,0.014009,52.062907,-0.137787
2025-12-24,2.8400,1.7400,1.7200,13.4700,62.4506,623.930000,554.943700,0.062009,-0.054558,0,1,1,1,1,4,3,4,3.0000,3.0000,0.0000,0.0000,1.0000,0.0000,1.0000,0,0.006362,0.00014227,0.006362,52.394157,-0.132301
2025-12-26,2.8600,1.7300,1.7200,13.6000,61.8577,623.890000,555.678550,0.061972,-0.060982,0,1,1,1,1,4,3,4,3.0000,3.0000,0.0000,0.0000,1.0000,0.0000,1.0000,0,-0.000903,0.00014380,-0.000903,52.346835,-0.133085
2025-12-29,2.8700,1.7500,1.7200,14.2000,63.0435,620.870000,556.441200,0.062310,-0.052528,0,1,1,1,1,4,3,4,3.0000,3.0000,0.0000,0.0000,1.0000,0.0000,1.0000,0,-0.014826,0.00014189,-0.014826,51.570766,-0.145938
2025-12-30,2.8400,1.7600,1.7200,14.3300,62.6482,619.430000,557.140050,0.062532,-0.060228,0,1,1,1,1,4,3,4,3.0000,3.0000,0.0000,0.0000,1.0000,0.0000,1.0000,0,-0.007157,0.00014342,-0.007157,51.201659,-0.152050
2025-12-31,2.8100,1.7500,1.7200,14.9500,60.2767,614.310000,557.797750,0.062603,-0.064254,0,1,1,1,1,4,3,4,3.0000,3.0000,0.0000,0.0000,1.0000,0.0000,1.0000,0,-0.025508,0.00014227,-0.025508,49.895591,-0.173680
2026-01-02,2.8300,1.7200,1.7200,14.5100,60.0791,613.120000,558.490650,0.063205,-0.063357,1,1,1,1,1,5,5,4,3.0000,3.0000,0.0000,0.0000,1.0000,0.0000,1.0000,0,-0.007018,0.00014304,-0.007018,49.545414,-0.179479
2026-01-05,2.8100,1.7400,1.7200,14.9000,61.4625,617.990000,559.176150,0.062089,-0.081177,0,1,1,1,1,4,3,5,3.0000,3.0000,0.0000,0.0000,1.0000,0.0000,1.0000,0,0.023878,0.00014227,0.023878,50.728446,-0.159887
2026-01-06,2.7900,1.7500,1.7250,14.7500,64.2292,623.420000,559.896950,0.062026,-0.083213,0,1,1,1,1,4,3,4,3.0000,3.0000,0.0000,0.0000,1.0000,0.0000,1.0000,0,0.026306,0.00014189,0.026306,52.062907,-0.137787
2026-01-07,2.7900,1.7400,1.7300,15.3800,60.0791,624.020000,560.612850,0.060718,-0.127605,0,1,1,1,1,4,3,4,3.0000,3.0000,0.0000,0.0000,1.0000,0.0000,1.0000,0,0.002909,0.00014150,0.002909,52.214336,-0.135279
2026-01-08,2.7600,1.7300,1.7300,15.4500,64.0316,620.470000,561.261900,0.060898,-0.115948,1,1,1,1,1,5,5,4,3.0000,3.0000,0.0000,0.0000,1.0000,0.0000,1.0000,0,-0.017763,0.00014112,-0.017763,51.286838,-0.150640
2026-01-09,2.7400,1.7300,1.7300,14.4900,65.6126,626.650000,561.927850,0.061247,-0.120926,1,1,1,1,1,5,5,5,3.0000,3.0000,0.0000,0.0000,1.0000,0.0000,1.0000,0,0.028972,0.00014112,0.028972,52.772727,-0.126032
2026-01-12,2.7400,1.7000,1.7300,15.1200,66.2055,627.170000,562.641800,0.061252,-0.128402,1,1,1,1,1,5,5,5,3.0000,3.0000,0.0000,0.0000,1.0000,0.0000,1.0000,0,0.002331,0.00014112,0.002331,52.895762,-0.123994
2026-01-13,2.7500,1.7000,1.7300,15.9800,65.6126,626.240000,563.364900,0.061764,-0.117511,1,1,1,1,1,5,5,5,3.0000,3.0000,0.0000,0.0000,1.0000,0.0000,1.0000,0,-0.005189,0.00014304,-0.005189,52.621299,-0.128540
2026-01-14,2.7600,1.6900,1.7300,16.7500,67.9842,619.550000,564.117950,0.062533,-0.096203,1,1,1,1,1,5,5,5,3.0000,3.0000,0.0000,0.0000,1.0000,0.0000,1.0000,0,-0.031835,0.00014304,-0.031835,50.946124,-0.156282
2026-01-15,2.7100,1.6800,1.7300,15.8400,68.7747,621.780000,564.882250,0.062998,-0.078386,1,1,1,1,1,5,5,5,3.0000,3.0000,0.0000,0.0000,1.0000,0.0000,1.0000,0,0.010217,0.00014304,0.010217,51.466659,-0.147662
2026-01-16,2.6500,1.6500,1.7300,15.8600,68.3794,621.260000,565.625050,0.062733,-0.072614,1,1,1,1,1,5,5,5,3.0000,3.0000,0.0000,0.0000,1.0000,0.0000,1.0000,0,-0.004413,0.00014342,-0.004413,51.239517,-0.151423
2026-01-20,2.7300,1.6300,1.7300,20.0900,64.6245,608.060000,566.284600,0.063402,-0.064203,1,0,1,1,1,4,3,5,3.0000,3.0000,0.0000,0.0000,1.0000,0.0000,1.0000,0,-0.062985,0.00014304,-0.062985,48.012203,-0.204871
2026-01-21,2.6900,1.6500,1.7300,16.9000,67.7866,616.280000,567.112700,0.062766,-0.067797,1,1,1,1,1,5,5,4,3.0000,3.0000,0.0000,0.0000,1.0000,0.0000,1.0000,0,0.039424,0.00014418,0.039424,49.905056,-0.173523
2026-01-22,2.6400,1.6200,1.7300,15.6400,67.9842,620.760000,568.103150,0.061990,-0.082644,1,1,1,1,1,5,5,5,3.0000,3.0000,0.0000,0.0000,1.0000,0.0000,1.0000,0,0.022189,0.00014418,0.022189,51.012374,-0.155185
2026-01-23,2.6800,1.5900,1.7300,16.0900,67.1937,622.720000,569.098300,0.061750,-0.076971,1,1,1,1,1,5,5,5,3.0000,3.0000,0.0000,0.0000,1.0000,0.0000,1.0000,0,0.008905,0.00014457,0.008905,51.466659,-0.147662
2026-01-26,2.6900,1.6100,1.7300,16.1500,67.7866,625.460000,570.145300,0.061886,-0.056960,1,1,1,1,1,5,5,5,3.0000,3.0000,0.0000,0.0000,1.0000,0.0000,1.0000,0,0.012872,0.00014418,0.012872,52.129157,-0.136690
2026-01-27,2.7100,1.6100,1.7300,16.3500,67.5889,631.130000,570.970950,0.062445,-0.047744,1,1,1,1,1,5,5,5,3.0000,3.0000,0.0000,0.0000,1.0000,0.0000,1.0000,0,0.026507,0.00014304,0.026507,53.510939,-0.113806
2026-01-28,2.7200,1.6100,1.7300,16.3500,66.6008,633.220000,571.906150,0.062308,-0.057038,1,1,1,1,1,5,5,5,3.0000,3.0000,0.0000,0.0000,1.0000,0.0000,1.0000,0,0.009197,0.00014304,0.009197,54.003081,-0.105656
2026-01-29,2.7700,1.6200,1.7300,16.8800,65.6126,629.430000,572.781300,0.062432,-0.044949,1,1,1,1,1,5,5,5,3.0000,3.0000,0.0000,0.0000,1.0000,0.0000,1.0000,0,-0.017876,0.00014342,-0.017876,53.037726,-0.121643
2026-01-30,2.8000,1.6300,1.7300,17.4400,65.4150,621.870000,573.603250,0.062503,-0.042354,1,1,1,1,1,5,5,5,3.0000,3.0000,0.0000,0.0000,1.0000,0.0000,1.0000,0,-0.036403,0.00014304,-0.036403,51.107017,-0.153618
2026-02-02,2.8100,1.6200,1.7300,16.3400,64.2292,626.140000,574.444000,0.061288,-0.070285,1,1,1,1,1,5,5,5,3.0000,3.0000,0.0000,0.0000,1.0000,0.0000,1.0000,0,0.020370,0.00014304,0.020370,52.148086,-0.136377
2026-02-03,2.8500,1.6100,1.7300,18.0000,63.6364,616.520000,575.305700,0.062709,-0.044310,1,1,1,1,1,5,5,5,3.0000,3.0000,0.0000,0.0000,1.0000,0.0000,1.0000,0,-0.046824,0.00014380,-0.046824,49.706306,-0.176815
2026-02-04,2.8600,1.6300,1.7300,18.6400,67.9842,605.750000,576.113950,0.062781,-0.049691,1,1,1,1,1,5,5,5,3.0000,3.0000,0.0000,0.0000,1.0000,0.0000,1.0000,0,-0.052551,0.00014380,-0.052551,47.094170,-0.220074
2026-02-05,2.9700,1.6400,1.7300,21.7700,66.4032,597.030000,576.933550,0.063605,-0.048823,1,0,1,1,1,4,3,5,3.0000,3.0000,0.0000,0.0000,1.0000,0.0000,1.0000,0,-0.042605,0.00014380,-0.042605,45.087746,-0.253303
2026-02-06,2.8700,1.6700,1.7300,17.7600,68.5771,609.650000,577.759400,0.062770,-0.046485,1,1,1,1,1,5,5,4,3.0000,3.0000,0.0000,0.0000,1.0000,0.0000,1.0000,0,0.061923,0.00014304,0.061923,47.879703,-0.207065
2026-02-09,2.8400,1.6500,1.7300,17.3600,68.3794,614.320000,578.558200,0.062656,-0.046687,1,1,1,1,1,5,5,5,3.0000,3.0000,0.0000,0.0000,1.0000,0.0000,1.0000,0,0.022732,0.00014342,0.022732,48.968094,-0.189040
2026-02-10,2.8600,1.6400,1.7300,17.7900,68.3794,611.470000,579.278800,0.063862,-0.029693,1,1,1,1,1,5,5,5,3.0000,3.0000,0.0000,0.0000,1.0000,0.0000,1.0000,0,-0.013916,0.00014380,-0.013916,48.286667,-0.200325
2026-02-11,2.8400,1.6600,1.7300,17.6500,68.1818,613.110000,579.981550,0.064440,-0.024003,1,1,1,1,1,5,5,5,3.0000,3.0000,0.0000,0.0000,1.0000,0.0000,1.0000,0,0.007448,0.00014380,0.007448,48.646309,-0.194369
2026-02-12,2.9200,1.6700,1.7300,20.8200,66.0079,600.640000,580.622700,0.066420,0.005703,1,0,1,1,0,3,1,5,3.0000,3.0000,0.0000,0.0000,1.0000,0.0000,1.0000,0,-0.061089,0.00014418,-0.061089,45.674530,-0.243585
2026-02-13,2.9500,1.6800,1.7300,20.6000,66.2055,601.920000,581.254650,0.068207,0.014254,1,0,1,1,0,3,1,3,3.0000,3.0000,0.0000,0.0000,1.0000,0.0000,1.0000,0,0.004351,0.00014418,0.004351,45.873280,-0.240294
2026-02-17,2.9400,1.7200,1.7300,20.2900,65.2174,601.300000,581.883800,0.067921,0.005181,1,0,1,1,0,3,1,3,3.0000,3.0000,0.0000,0.0000,1.0000,0.0000,1.0000,0,-0.002476,0.00014342,-0.002476,45.759709,-0.242174
2026-02-18,2.8600,1.7000,1.7300,19.6200,67.3913,605.790000,582.504350,0.066459,-0.004622,1,1,1,1,1,5,5,3,3.0000,3.0000,0.0000,0.0000,1.0000,0.0000,1.0000,0,0.021510,0.00014380,0.021510,46.743992,-0.225874
2026-02-19,2.8800,1.6700,1.7300,20.2300,65.6126,603.470000,583.077550,0.067365,-0.001247,1,0,1,1,1,4,3,5,3.0000,3.0000,0.0000,0.0000,1.0000,0.0000,1.0000,0,-0.011338,0.00014418,-0.011338,46.213993,-0.234651
2026-02-20,2.8600,1.6800,1.7300,19.0900,67.1937,608.810000,583.691950,0.067200,0.005034,1,1,1,1,0,4,3,4,3.0000,3.0000,0.0000,0.0000,1.0000,0.0000,1.0000,0,0.025189,0.00014380,0.025189,47.378097,-0.215372
2026-02-23,2.9500,1.6900,1.7300,21.0100,64.6245,601.410000,584.291950,0.068407,0.026797,1,0,1,1,0,3,1,4,3.0000,3.0000,0.0000,0.0000,1.0000,0.0000,1.0000,0,-0.036356,0.00014380,-0.036356,45.655602,-0.243898
2026-02-24,2.9700,1.7300,1.7300,19.5500,65.0198,607.870000,584.914800,0.068670,0.044677,1,1,1,1,0,4,3,3,3.0000,3.0000,0.0000,0.0000,1.0000,0.0000,1.0000,0,0.031924,0.00014380,0.031924,47.113098,-0.219761
2026-02-25,2.9400,1.7300,1.7300,17.9300,64.8221,616.680000,585.556750,0.068326,0.032743,1,1,1,1,0,4,3,4,3.0000,3.0000,0.0000,0.0000,1.0000,0.0000,1.0000,0,0.041985,0.00014380,0.041985,49.091129,-0.187003
2026-02-26,2.9800,1.7300,1.7300,18.6300,67.1937,609.240000,586.163100,0.068446,0.032508,1,1,1,1,0,4,3,4,3.0000,3.0000,0.0000,0.0000,1.0000,0.0000,1.0000,0,-0.035088,0.00014380,-0.035088,47.368633,-0.215529
2026-02-27,3.1000,1.7500,1.7300,19.8600,67.1937,607.290000,586.660300,0.069578,0.070114,0,1,1,1,0,3,1,4,3.0000,3.0000,0.0000,0.0000,1.0000,0.0000,1.0000,0,-0.010589,0.00014342,-0.010589,46.867027,-0.223836
2026-03-02,3.0300,1.8000,1.7300,21.4400,66.0079,608.090000,587.122800,0.069014,0.070945,0,0,1,1,0,2,-1,3,3.0000,3.0000,0.0000,0.0000,1.0000,0.0000,1.0000,0,0.003635,0.00014304,0.003635,47.037384,-0.221015
2026-03-03,3.0800,1.7800,1.7300,23.5700,62.2530,601.580000,587.537300,0.069187,0.079863,0,0,1,1,0,2,-1,2,0.0000,0.0000,0.0000,0.0000,0.0000,1.0000,0.0000,1,-0.032193,0.00014495,-0.058337,44.293352,-0.266459
2026-03-04,2.9700,1.7800,1.7300,21.1500,62.0553,610.750000,587.994800,0.068994,0.080365,0,0,1,1,0,2,-1,2,0.0000,0.0000,0.0000,0.0000,0.0000,1.0000,0.0000,0,0.044906,0.00014457,0.000145,44.299755,-0.266353
2026-03-05,3.0000,1.7400,1.7300,23.7500,59.4862,608.910000,588.431800,0.068838,0.089529,0,0,1,1,0,2,-1,2,0.0000,0.0000,0.0000,0.0000,0.0000,1.0000,0.0000,0,-0.009152,0.00014457,0.000145,44.306159,-0.266247
2026-03-06,3.1300,1.7600,1.7300,29.4900,56.1265,599.750000,588.820500,0.069514,0.110557,0,0,1,1,0,2,-1,2,0.0000,0.0000,0.0000,0.0000,0.0000,1.0000,0.0000,0,-0.045382,0.00014418,0.000144,44.312548,-0.266141
2026-03-09,3.1900,1.7500,1.7300,25.5000,56.7194,607.760000,589.257950,0.069073,0.102890,0,0,1,1,0,2,-1,2,0.0000,0.0000,0.0000,0.0000,0.0000,1.0000,0.0000,0,0.038915,0.00014380,0.000144,44.318920,-0.266035
2026-03-10,3.0600,1.7800,1.7300,24.9300,54.9407,607.770000,589.731600,0.068756,0.104744,0,0,1,1,0,2,-1,2,0.0000,0.0000,0.0000,0.0000,0.0000,1.0000,0.0000,0,0.000202,0.00014457,0.000145,44.325327,-0.265929
2026-03-11,3.0900,1.7700,1.7300,24.2300,53.1621,607.690000,590.200050,0.068265,0.091354,0,0,1,1,0,2,-1,2,0.0000,0.0000,0.0000,0.0000,0.0000,1.0000,0.0000,0,-0.001012,0.00014457,0.000145,44.331735,-0.265823
2026-03-12,3.1700,1.8400,1.7300,27.2900,50.0000,597.260000,590.640150,0.069814,0.108716,0,0,0,1,0,1,-3,2,0.0000,0.0000,0.0000,0.0000,0.0000,1.0000,0.0000,0,-0.051064,0.00014457,0.000145,44.338144,-0.265717
2026-03-13,3.2800,1.8400,1.7300,27.1900,49.0119,593.720000,591.002650,0.070905,0.113623,0,0,0,1,0,1,-3,1,0.0000,0.0000,0.0000,0.0000,0.0000,1.0000,0.0000,0,-0.019218,0.00014495,0.000145,44.344571,-0.265610
2026-03-16,3.2700,1.8300,1.7300,23.5100,50.3953,600.380000,591.410000,0.070640,0.112543,0,0,1,1,0,2,-1,1,0.0000,0.0000,0.0000,0.0000,0.0000,1.0000,0.0000,0,0.033312,0.00014495,0.000145,44.350998,-0.265504
2026-03-17,3.2200,1.8500,1.7300,22.3700,51.3834,603.310000,591.826900,0.070260,0.103107,0,0,1,1,0,2,-1,2,0.0000,0.0000,0.0000,0.0000,0.0000,1.0000,0.0000,0,0.014749,0.00014495,0.000145,44.357427,-0.265398
2026-03-18,3.2000,1.8500,1.7300,25.0900,48.0237,594.900000,592.205850,0.070650,0.104447,0,0,0,1,0,1,-3,2,0.0000,0.0000,0.0000,0.0000,0.0000,1.0000,0.0000,0,-0.042774,0.00014495,0.000145,44.363857,-0.265291
2026-03-19,3.2700,1.8100,1.7300,24.0600,47.6285,593.020000,592.554900,0.070537,0.122266,0,0,0,1,0,1,-3,1,0.0000,0.0000,0.0000,0.0000,0.0000,1.0000,0.0000,0,-0.008894,0.00014533,0.000145,44.370304,-0.265184
2026-03-20,3.2400,1.8100,1.7300,26.7800,44.6640,582.060000,592.828700,0.068844,0.104278,0,0,0,0,0,0,-5,1,0.0000,0.0000,0.0000,0.0000,0.0000,1.0000,0.0000,0,-0.057124,0.00014533,0.000145,44.376753,-0.265077
2026-03-23,3.1900,1.7900,1.7300,26.1500,47.0356,588.000000,593.124850,0.068327,0.098038,0,0,0,0,0,0,-5,0,0.0000,0.0000,0.0000,0.0000,0.0000,1.0000,0.0000,0,0.034587,0.00014572,0.000146,44.383219,-0.264970
2026-03-24,3.1900,1.7900,1.7300,26.9500,47.6285,583.980000,593.420800,0.069032,0.107142,0,0,0,0,0,0,-5,0,0.0000,0.0000,0.0000,0.0000,0.0000,1.0000,0.0000,0,-0.021315,0.00014572,0.000146,44.389686,-0.264863
2026-03-25,3.1700,1.7500,1.7350,25.3300,48.0237,587.820000,593.710300,0.068893,0.106252,0,0,0,0,0,0,-5,0,0.0000,0.0000,0.0000,0.0000,0.0000,1.0000,0.0000,0,0.017652,0.00014572,0.000146,44.396155,-0.264756
2026-03-26,3.2100,1.7600,1.7400,27.4400,46.6403,573.790000,593.925750,0.070269,0.119794,0,0,0,0,0,0,-5,0,0.0000,0.0000,0.0000,0.0000,0.0000,1.0000,0.0000,0,-0.071187,0.00014533,0.000145,44.402607,-0.264649
2026-03-27,3.4200,1.7300,1.7400,31.0500,42.8854,562.580000,594.067600,0.071898,0.138249,1,0,0,0,0,1,-3,0,0.0000,0.0000,0.0000,0.0000,0.0000,1.0000,0.0000,0,-0.059423,0.00014533,0.000145,44.409060,-0.264542
2026-03-30,3.4600,1.7800,1.7400,30.6100,42.4901,558.280000,594.196950,0.072662,0.148911,0,0,0,0,0,0,-5,1,0.0000,0.0000,0.0000,0.0000,0.0000,1.0000,0.0000,0,-0.022950,0.00014533,0.000145,44.415514,-0.264436
2026-03-31,3.2800,1.7900,1.7400,25.2500,47.2332,577.180000,594.414550,0.070563,0.110816,0,0,0,0,0,0,-5,0,0.0000,0.0000,0.0000,0.0000,0.0000,1.0000,0.0000,0,0.100026,0.00014457,0.000145,44.421935,-0.264329
2026-04-01,3.1600,1.7900,1.7400,24.5400,47.6285,584.310000,594.701300,0.070371,0.127088,0,0,0,0,0,0,-5,0,0.0000,0.0000,0.0000,0.0000,0.0000,1.0000,0.0000,0,0.037188,0.00014418,0.000144,44.428340,-0.264223
2026-04-02,3.1700,1.7500,1.7400,23.8700,48.0237,584.980000,594.954750,0.070659,0.131943,0,0,0,0,0,0,-5,0,0.0000,0.0000,0.0000,0.0000,0.0000,1.0000,0.0000,0,0.002313,0.00014418,0.000144,44.434746,-0.264117
2026-04-06,3.0500,1.7400,1.7400,24.1700,48.2213,588.500000,595.251850,0.070068,0.147146,1,0,0,0,0,1,-3,0,0.0000,0.0000,0.0000,0.0000,0.0000,1.0000,0.0000,0,0.017771,0.00014418,0.000144,44.441153,-0.264011
2026-04-07,3.1200,1.7000,1.7400,25.7800,48.0237,588.590000,595.549850,0.070189,0.145859,1,0,0,0,0,1,-3,1,0.0000,0.0000,0.0000,0.0000,0.0000,1.0000,0.0000,0,0.001134,0.00014495,0.000145,44.447595,-0.263904
2026-04-08,2.9400,1.7500,1.7400,21.0400,55.5336,606.090000,595.946150,0.069200,0.126467,0,0,1,1,0,2,-1,1,0.0000,0.0000,0.0000,0.0000,0.0000,1.0000,0.0000,0,0.087203,0.00014457,0.000145,44.454020,-0.263798
2026-04-09,2.9000,1.7300,1.7400,19.4900,55.9289,610.190000,596.338850,0.069347,0.129265,1,1,1,1,0,4,3,2,0.0000,0.0000,0.0000,0.0000,0.0000,1.0000,0.0000,0,0.020000,0.00014380,0.000144,44.460413,-0.263692
2026-04-10,2.9400,1.7300,1.7400,19.2300,53.5573,611.070000,596.695300,0.069114,0.116542,1,1,1,1,0,4,3,4,3.0000,3.0000,0.0000,0.0000,1.0000,0.0000,1.0000,1,0.004289,0.00014342,-0.003805,44.291252,-0.266493
2026-04-13,2.9500,1.7200,1.7400,19.1200,56.1265,617.390000,597.076450,0.067614,0.080760,1,1,1,1,0,4,3,4,3.0000,3.0000,0.0000,0.0000,1.0000,0.0000,1.0000,0,0.030303,0.00014380,0.030303,45.633411,-0.244266
2026-04-14,2.8400,1.7200,1.7400,18.3600,57.3123,628.600000,597.488350,0.066915,0.062374,1,1,1,1,0,4,3,4,3.0000,3.0000,0.0000,0.0000,1.0000,0.0000,1.0000,0,0.054283,0.00014457,0.054283,48.110551,-0.203242
2026-04-15,2.8500,1.7000,1.7350,18.1700,55.5336,637.400000,597.934900,0.065748,0.048642,1,1,1,1,0,4,3,4,3.0000,3.0000,0.0000,0.0000,1.0000,0.0000,1.0000,0,0.041940,0.00014457,0.041940,50.128293,-0.169826
2026-04-16,2.8600,1.6900,1.7300,17.9400,53.9526,640.470000,598.379050,0.066058,0.043372,1,1,1,1,0,4,3,4,3.0000,3.0000,0.0000,0.0000,1.0000,0.0000,1.0000,0,0.014016,0.00014457,0.014016,50.830900,-0.158190
2026-04-17,2.8300,1.7100,1.7300,17.4800,60.8696,648.850000,598.888350,0.065001,0.036894,1,1,1,1,0,4,3,4,3.0000,3.0000,0.0000,0.0000,1.0000,0.0000,1.0000,0,0.038278,0.00014418,0.038278,52.776580,-0.125968
2026-04-20,2.8700,1.7200,1.7300,18.8700,60.0791,646.790000,599.368300,0.064553,0.042527,1,1,1,1,0,4,3,4,3.0000,3.0000,0.0000,0.0000,1.0000,0.0000,1.0000,0,-0.008705,0.00014418,-0.008705,52.317184,-0.133576
2026-04-21,2.8500,1.7200,1.7300,19.5000,57.1146,644.330000,599.808850,0.063842,0.034610,1,1,1,1,0,4,3,4,3.0000,3.0000,0.0000,0.0000,1.0000,0.0000,1.0000,0,-0.011708,0.00014457,-0.011708,51.704655,-0.143720
2026-04-22,2.8400,1.7000,1.7300,18.9200,57.7075,655.110000,600.324250,0.063090,0.019976,1,1,1,1,0,4,3,4,3.0000,3.0000,0.0000,0.0000,1.0000,0.0000,1.0000,0,0.048955,0.00014380,0.048955,54.235841,-0.101801
2026-04-23,2.8600,1.6900,1.7300,19.3100,56.3241,651.420000,600.819650,0.065058,0.042614,1,1,1,1,0,4,3,4,3.0000,3.0000,0.0000,0.0000,1.0000,0.0000,1.0000,0,-0.016442,0.00014380,-0.016442,53.344070,-0.116570
2026-04-24,2.8600,1.6800,1.7300,18.7100,55.5336,663.880000,601.357800,0.064683,0.039143,1,1,1,1,0,4,3,4,3.0000,3.0000,0.0000,0.0000,1.0000,0.0000,1.0000,0,0.056400,0.00014380,0.056400,56.352669,-0.066745
2026-04-27,2.8400,1.7000,1.7300,18.0200,55.9289,664.230000,601.901700,0.064586,0.035560,1,1,1,1,0,4,3,4,3.0000,3.0000,0.0000,0.0000,1.0000,0.0000,1.0000,0,0.001279,0.00014380,0.001279,56.424731,-0.065551
2026-04-28,2.8500,1.7000,1.7300,17.8300,55.9289,657.550000,602.418450,0.064986,0.040866,1,1,1,1,0,4,3,4,3.0000,3.0000,0.0000,0.0000,1.0000,0.0000,1.0000,0,-0.030332,0.00014342,-0.030332,54.713253,-0.093895
2026-04-29,2.8200,1.7000,1.7300,18.8100,54.3478,661.570000,602.945250,0.064195,0.048545,1,1,1,1,0,4,3,4,3.0000,3.0000,0.0000,0.0000,1.0000,0.0000,1.0000,0,0.018439,0.00014342,0.018439,55.722124,-0.077187
2026-04-30,2.8300,1.6900,1.7300,16.8900,57.9051,667.740000,603.500350,0.065191,0.041241,1,1,1,1,0,4,3,4,3.0000,3.0000,0.0000,0.0000,1.0000,0.0000,1.0000,0,0.027158,0.00014342,0.027158,57.235431,-0.052125
2026-05-01,2.7700,1.7000,1.7300,16.9900,57.3123,674.150000,604.084650,0.064594,0.030328,1,1,1,1,0,4,3,4,3.0000,3.0000,0.0000,0.0000,1.0000,0.0000,1.0000,0,0.027699,0.00014342,0.027699,58.820800,-0.025870
2026-05-04,2.7800,1.6900,1.7300,18.2900,53.9526,672.880000,604.640050,0.064581,0.016264,1,1,1,1,0,4,3,4,3.0000,3.0000,0.0000,0.0000,1.0000,0.0000,1.0000,0,-0.005972,0.00014342,-0.005972,58.469497,-0.031688
2026-05-05,2.7700,1.6900,1.7300,17.3800,54.9407,681.610000,605.241800,0.064067,0.021665,1,1,1,1,0,4,3,4,3.0000,3.0000,0.0000,0.0000,1.0000,0.0000,1.0000,0,0.038207,0.00014418,0.038207,60.703426,0.000000
2026-05-06,2.7500,1.6500,1.7300,17.3900,56.5217,695.770000,605.899800,0.062290,-0.006180,1,1,1,1,1,5,5,4,3.0000,3.0000,0.0000,0.0000,1.0000,0.0000,1.0000,0,0.062027,0.00014380,0.062027,64.468678,0.000000
2026-05-07,2.7900,1.6600,1.7300,17.0800,55.7312,694.940000,606.568250,0.061675,-0.036199,1,1,1,1,1,5,5,5,3.0000,3.0000,0.0000,0.0000,1.0000,0.0000,1.0000,0,-0.003214,0.00014380,-0.003214,64.261499,-0.003214
2026-05-08,2.8100,1.6500,1.7300,17.1900,53.7549,711.230000,607.305350,0.060627,-0.063071,1,1,1,1,1,5,5,5,3.0000,3.0000,0.0000,0.0000,1.0000,0.0000,1.0000,0,0.069246,0.00014380,0.069246,68.711342,0.000000
2026-05-11,2.7900,1.6500,1.7300,18.3800,54.7431,713.290000,608.046750,0.061058,-0.087610,1,1,1,1,1,5,5,5,3.0000,3.0000,0.0000,0.0000,1.0000,0.0000,1.0000,0,0.008915,0.00014380,0.008915,69.323871,0.000000
2026-05-12,2.8200,1.6500,1.7300,17.9900,54.3478,707.240000,608.751100,0.061218,-0.110944,1,1,1,1,1,5,5,5,3.0000,3.0000,0.0000,0.0000,1.0000,0.0000,1.0000,0,-0.025988,0.00014418,-0.025988,67.522316,-0.025988
2026-05-13,2.8200,1.6600,1.7300,17.8700,53.1621,714.710000,609.483950,0.060177,-0.123946,1,1,1,1,1,5,5,5,3.0000,3.0000,0.0000,0.0000,1.0000,0.0000,1.0000,0,0.030416,0.00014418,0.030416,69.576089,0.000000
2026-05-14,2.7600,1.6600,1.7300,17.2600,54.5455,719.790000,610.246600,0.060013,-0.105733,1,1,1,1,1,5,5,5,3.0000,3.0000,0.0000,0.0000,1.0000,0.0000,1.0000,0,0.022139,0.00014380,0.022139,71.116420,0.000000
2026-05-15,2.8000,1.6200,1.7300,18.4300,51.1858,708.930000,610.951150,0.059350,-0.128480,1,1,1,1,1,5,5,5,3.0000,3.0000,0.0000,0.0000,1.0000,0.0000,1.0000,0,-0.045725,0.00014380,-0.045725,67.864611,-0.045725
2026-05-18,2.8300,1.6200,1.7300,17.8200,52.7668,705.880000,611.655500,0.059487,-0.122979,1,1,1,1,1,5,5,5,3.0000,3.0000,0.0000,0.0000,1.0000,0.0000,1.0000,0,-0.013539,0.00014380,-0.013539,66.945818,-0.058645
2026-05-19,2.8600,1.5900,1.7300,18.0600,51.1858,701.530000,612.393750,0.060431,-0.125364,1,1,1,1,1,5,5,5,3.0000,3.0000,0.0000,0.0000,1.0000,0.0000,1.0000,0,-0.018703,0.00014342,-0.018703,65.693736,-0.076251
2026-05-20,2.8000,1.5700,1.7250,17.4400,54.5455,713.150000,613.139000,0.060047,-0.135409,1,1,1,1,1,5,5,5,3.0000,3.0000,0.0000,0.0000,1.0000,0.0000,1.0000,0,0.049088,0.00014304,0.049088,68.918521,-0.030906
2026-05-21,2.7800,1.5900,1.7200,16.7600,56.1265,714.510000,613.910200,0.060588,-0.121345,1,1,1,1,1,5,5,5,3.0000,3.0000,0.0000,0.0000,1.0000,0.0000,1.0000,0,0.005751,0.00014227,0.005751,69.314864,-0.025332
2026-05-22,2.7400,1.5900,1.7200,16.7000,57.1992,717.540000,614.661300,0.060820,-0.120523,1,1,1,1,1,5,5,5,3.0000,3.0000,0.0000,0.0000,1.0000,0.0000,1.0000,0,0.011566,0.00014342,0.011566,70.116556,-0.014060
2026-05-26,2.7200,1.5700,1.7200,17.0100,57.9882,730.280000,615.466500,0.060392,-0.144453,1,1,1,1,1,5,5,5,3.0000,3.0000,0.0000,0.0000,1.0000,0.0000,1.0000,0,0.052801,0.00014342,0.052801,73.818753,0.000000
2026-05-27,2.7100,1.5600,1.7200,16.2900,58.5799,729.450000,616.241000,0.060150,-0.140436,1,1,1,1,1,5,5,5,3.0000,3.0000,0.0000,0.0000,1.0000,0.0000,1.0000,0,-0.003417,0.00014342,-0.003417,73.566536,-0.003417
2026-05-28,2.7200,1.5700,1.7200,15.7400,57.9882,735.600000,617.054750,0.059144,-0.161005,1,1,1,1,1,5,5,5,3.0000,3.0000,0.0000,0.0000,1.0000,0.0000,1.0000,0,0.024611,0.00014342,0.024611,75.377099,0.000000
2026-05-29,2.7200,1.5700,1.7200,15.3200,56.0158,738.310000,617.846050,0.058719,-0.164433,1,1,1,1,1,5,5,5,3.0000,3.0000,0.0000,0.0000,1.0000,0.0000,1.0000,0,0.010516,0.00014380,0.010516,76.169784,0.000000
2026-06-01,2.7200,1.5700,1.7200,16.0500,54.0434,742.740000,618.658050,0.056820,-0.194379,1,1,1,1,1,5,5,5,3.0000,3.0000,0.0000,0.0000,1.0000,0.0000,1.0000,0,0.017502,0.00014380,0.017502,77.502935,0.000000
2026-06-02,2.7100,1.5400,1.7200,15.7700,54.0434,746.160000,619.489400,0.057796,-0.190435,1,1,1,1,1,5,5,5,3.0000,3.0000,0.0000,0.0000,1.0000,0.0000,1.0000,0,0.013715,0.00014725,0.013715,78.565853,0.000000
2026-06-03,2.7500,1.5400,1.7200,16.0600,53.8462,744.210000,620.323750,0.057952,-0.179028,1,1,1,1,1,5,5,5,3.0000,3.0000,0.0000,0.0000,1.0000,0.0000,1.0000,0,-0.007567,0.00014686,-0.007567,77.971340,-0.007567
2026-06-04,2.7400,1.5400,1.7200,15.4000,56.8047,740.610000,621.141250,0.058038,-0.174276,1,1,1,1,1,5,5,5,3.0000,3.0000,0.0000,0.0000,1.0000,0.0000,1.0000,0,-0.015481,0.00014725,-0.015481,76.764297,-0.022931
2026-06-05,2.7600,1.5400,1.7200,21.5100,58.3826,705.060000,621.820150,0.060132,-0.129937,1,0,1,1,1,4,3,5,3.0000,3.0000,0.0000,0.0000,1.0000,0.0000,1.0000,0,-0.142807,0.00014725,-0.142807,65.801830,-0.162463
2026-06-08,2.7500,1.5100,1.7200,18.9200,55.8185,716.070000,622.571000,0.058873,-0.173926,1,1,1,1,1,5,5,4,3.0000,3.0000,0.0000,0.0000,1.0000,0.0000,1.0000,0,0.044079,0.00014725,0.044079,68.702335,-0.125545
2026-06-09,2.7800,1.5200,1.7200,19.8700,58.7771,707.830000,623.293750,0.059670,-0.176339,1,1,1,1,1,5,5,5,3.0000,3.0000,0.0000,0.0000,1.0000,0.0000,1.0000,0,-0.033434,0.00014801,-0.033434,66.405351,-0.154781
2026-06-10,2.8000,1.5300,1.7200,22.2200,56.6075,693.690000,623.902350,0.060654,-0.153281,1,0,1,1,1,4,3,5,3.0000,3.0000,0.0000,0.0000,1.0000,0.0000,1.0000,0,-0.060364,0.00014763,-0.060364,62.396889,-0.205801
2026-06-11,2.7800,1.5300,1.7200,19.4400,59.5661,717.120000,624.636350,0.059708,-0.165189,1,1,1,1,1,5,5,4,3.0000,3.0000,0.0000,0.0000,1.0000,0.0000,1.0000,0,0.097300,0.00014763,0.097300,68.468132,-0.128526
2026-06-12,2.7100,1.5500,1.7200,17.6800,61.5385,721.340000,625.380000,0.060034,-0.168513,1,1,1,1,1,5,5,5,3.0000,3.0000,0.0000,0.0000,1.0000,0.0000,1.0000,0,0.019866,0.00014725,0.019866,69.828307,-0.111213
2026-06-15,2.6600,1.5300,1.7150,16.2000,60.9467,744.000000,626.232550,0.059272,-0.182705,1,1,1,1,1,5,5,5,3.0000,3.0000,0.0000,0.0000,1.0000,0.0000,1.0000,0,0.091202,0.00014725,0.091202,76.196807,-0.030154
2026-06-16,2.7100,1.5300,1.7100,16.4100,61.9329,729.860000,626.996450,0.060054,-0.147716,1,1,1,1,1,5,5,5,3.0000,3.0000,0.0000,0.0000,1.0000,0.0000,1.0000,0,-0.055089,0.00014763,-0.055089,71.999182,-0.083582
2026-06-17,2.6300,1.5500,1.7100,18.4400,58.1854,722.510000,627.757000,0.060003,-0.137727,1,1,1,1,1,5,5,5,3.0000,3.0000,0.0000,0.0000,1.0000,0.0000,1.0000,0,-0.029901,0.00014763,-0.029901,69.846323,-0.110984
2026-06-18,2.6600,1.5000,1.7100,16.4000,58.9744,740.620000,628.632000,0.059941,-0.150556,1,1,1,1,1,5,5,5,3.0000,3.0000,0.0000,0.0000,1.0000,0.0000,1.0000,0,0.068739,0.00014916,0.068739,74.647469,-0.049874
2026-06-22,2.6500,1.5100,1.7100,17.2800,57.9882,737.950000,629.471400,0.060076,-0.145037,1,1,1,1,1,5,5,5,3.0000,3.0000,0.0000,0.0000,1.0000,0.0000,1.0000,0,-0.003499,0.00014916,-0.003499,74.386244,-0.053199
2026-06-23,2.7100,1.5100,1.7100,19.4900,60.7495,713.650000,630.163500,0.061438,-0.142910,1,1,1,1,1,5,5,5,3.0000,3.0000,0.0000,0.0000,1.0000,0.0000,1.0000,0,-0.098571,0.00014992,-0.098571,67.053911,-0.146526
2026-06-24,2.7600,1.5100,1.7100,18.6300,62.3274,710.620000,630.836300,0.062108,-0.157463,1,1,1,1,1,5,5,5,3.0000,3.0000,0.0000,0.0000,1.0000,0.0000,1.0000,0,-0.015314,0.00014992,-0.015314,66.027024,-0.159596
2026-06-25,2.7800,1.5200,1.7100,18.8900,61.7357,716.380000,631.523850,0.062440,-0.163447,1,1,1,1,1,5,5,5,3.0000,3.0000,0.0000,0.0000,1.0000,0.0000,1.0000,0,0.022510,0.00014992,0.022510,67.513308,-0.140679
2026-06-26,2.8300,1.5400,1.7100,18.4100,63.3136,706.520000,632.153900,0.063375,-0.114181,1,1,1,1,1,5,5,5,3.0000,3.0000,0.0000,0.0000,1.0000,0.0000,1.0000,0,-0.041628,0.00014954,-0.041628,64.702881,-0.176450
2026-06-29,2.8000,1.5600,1.7100,17.6500,61.7357,724.080000,632.870800,0.062105,-0.132835,1,1,1,1,1,5,5,5,3.0000,3.0000,0.0000,0.0000,1.0000,0.0000,1.0000,0,0.074621,0.00014916,0.074621,69.531050,-0.114997
2026-06-30,2.7500,1.5500,1.7100,16.4500,60.5523,736.400000,633.632400,0.060715,-0.160244,1,1,1,1,1,5,5,5,3.0000,3.0000,0.0000,0.0000,1.0000,0.0000,1.0000,0,0.049359,0.00015069,0.049359,72.963014,-0.071314
2026-07-01,2.7400,1.5300,1.7050,16.5900,61.5385,725.170000,634.324950,0.060033,-0.162097,1,1,1,1,1,5,5,5,3.0000,3.0000,0.0000,0.0000,1.0000,0.0000,1.0000,0,-0.043704,0.00015069,-0.043704,69.774260,-0.111901
2026-07-02,2.7500,1.5400,1.7000,16.1500,65.6805,712.600000,634.929550,0.061441,-0.140812,1,1,1,1,1,5,5,5,3.0000,3.0000,0.0000,0.0000,1.0000,0.0000,1.0000,0,-0.053060,0.00014992,-0.053060,66.072063,-0.159023
2026-07-06,2.7200,1.5400,1.7000,15.5700,64.8915,722.820000,635.587750,0.060297,-0.142982,1,1,1,1,1,5,5,5,3.0000,3.0000,0.0000,0.0000,1.0000,0.0000,1.0000,0,0.041854,0.00014877,0.041854,68.837451,-0.123825
2026-07-07,2.6700,1.5600,1.7000,16.1300,66.2722,709.430000,636.184900,0.061120,-0.130472,1,1,1,1,1,5,5,5,3.0000,3.0000,0.0000,0.0000,1.0000,0.0000,1.0000,0,-0.054829,0.00015069,-0.054829,65.063192,-0.171864
2026-07-08,2.7000,1.5500,1.7000,16.9000,64.1026,711.440000,636.765500,0.060853,-0.131119,1,1,1,1,1,5,5,5,3.0000,3.0000,0.0000,0.0000,1.0000,0.0000,1.0000,0,0.006784,0.00015030,0.006784,65.504573,-0.166246
2026-07-09,2.7000,1.5600,1.7000,15.8400,64.1026,723.280000,637.385150,0.060036,-0.122788,1,1,1,1,1,5,5,5,3.0000,3.0000,0.0000,0.0000,1.0000,0.0000,1.0000,0,0.049780,0.00015069,0.049780,68.765389,-0.124742
2026-07-10,2.6900,1.5600,1.7000,15.0300,65.6805,725.510000,638.001700,0.060150,-0.109914,1,1,1,1,1,5,5,5,3.0000,3.0000,0.0000,0.0000,1.0000,0.0000,1.0000,0,0.009039,0.00014916,0.009039,69.386926,-0.116831
2026-07-13,2.6900,1.5800,1.7000,17.1600,66.6667,711.740000,638.569400,0.061028,-0.076854,1,1,1,1,1,5,5,5,3.0000,3.0000,0.0000,0.0000,1.0000,0.0000,1.0000,0,-0.056991,0.00014992,-0.056991,65.432511,-0.167163
2026-07-14,2.7200,1.5600,1.7000,16.5000,64.6943,719.690000,639.187350,0.060772,-0.085741,1,1,1,1,1,5,5,5,3.0000,3.0000,0.0000,0.0000,1.0000,0.0000,1.0000,0,0.032764,0.00015145,0.032764,67.576362,-0.139876
2026-07-15,2.7100,1.6000,1.7000,15.6700,64.2998,717.740000,639.808400,0.059909,-0.083267,1,1,1,1,1,5,5,5,3.0000,3.0000,0.0000,0.0000,1.0000,0.0000,1.0000,0,-0.007731,0.00014954,-0.007731,67.053911,-0.146526
2026-07-16,2.7100,1.6000,1.7000,16.7300,69.4280,705.940000,640.358250,0.060569,-0.065382,1,1,1,1,1,5,5,5,3.0000,3.0000,0.0000,0.0000,1.0000,0.0000,1.0000,0,-0.049704,0.00014916,-0.049704,63.721033,-0.188947
2026-07-17,2.7300,1.5900,1.7000,18.7700,66.0750,695.330000,640.841250,0.060770,-0.050795,1,1,1,1,1,5,5,5,3.0000,3.0000,0.0000,0.0000,1.0000,0.0000,1.0000,0,-0.045377,0.00014954,-0.045377,60.829535,-0.225751
2026-07-20,2.6900,1.5900,1.7000,18.6500,64.1026,696.060000,641.319700,0.060559,-0.041859,1,1,1,1,1,5,5,5,3.0000,3.0000,0.0000,0.0000,1.0000,0.0000,1.0000,0,0.001777,0.00014992,0.001777,60.937629,-0.224375
2026-07-21,2.6900,1.6100,1.7000,17.0500,63.5108,708.970000,641.848300,0.060031,-0.081606,1,1,1,1,1,5,5,5,3.0000,3.0000,0.0000,0.0000,1.0000,0.0000,1.0000,0,0.054989,0.00015030,0.054989,64.288523,-0.181724
2026-07-22,2.6800,1.6000,1.7000,16.6400,64.2998,705.350000,642.346400,0.061452,-0.052294,1,1,1,1,1,5,5,5,3.0000,3.0000,0.0000,0.0000,1.0000,0.0000,1.0000,0,-0.015273,0.00015069,-0.015273,63.306675,-0.194222
2026-07-23,2.7700,1.5800,1.7000,18.7000,64.2998,691.960000,642.790300,0.062573,-0.032174,1,1,1,1,1,5,5,5,3.0000,3.0000,0.0000,0.0000,1.0000,0.0000,1.0000,0,-0.056631,0.00015145,-0.056631,59.721578,-0.239853
2026-07-24,2.7900,1.5800,1.7000,18.5800,65.6805,684.230000,643.172900,0.062645,-0.037410,1,1,1,1,1,5,5,5,3.0000,3.0000,0.0000,0.0000,1.0000,0.0000,1.0000,0,-0.034691,0.00015374,-0.034691,57.649789,-0.266223
2026-07-27,2.8100,1.5900,1.7000,18.6700,68.6391,682.120000,643.560950,0.061806,-0.038660,1,1,1,1,1,5,5,5,3.0000,3.0000,0.0000,0.0000,1.0000,0.0000,1.0000,0,-0.009375,0.00015412,-0.009375,57.109322,-0.273102
2026-07-28,2.8400,1.6100,1.7000,18.2100,71.4004,675.490000,643.881200,0.061442,-0.059279,1,1,1,1,1,5,5,5,3.0000,3.0000,0.0000,0.0000,1.0000,0.0000,1.0000,0,-0.029022,0.00015412,-0.029022,55.451891,-0.294199
2026-07-29,2.8700,1.6200,1.7000,20.6600,68.6391,661.730000,644.136350,0.061566,-0.047456,1,0,1,1,1,4,3,5,3.0000,3.0000,0.0000,0.0000,1.0000,0.0000,1.0000,0,-0.061891,0.00015183,-0.061891,52.019927,-0.337881
2026-07-30,2.8400,1.6000,1.7000,17.0900,68.0473,683.550000,644.606600,0.060214,-0.069857,1,1,1,1,1,5,5,4,3.0000,3.0000,0.0000,0.0000,1.0000,0.0000,1.0000,0,0.096104,0.00014916,0.096104,57.019245,-0.274249
2026-07-31,2.8500,1.6400,1.7000,15.9900,66.0750,687.990000,645.036500,0.059368,-0.075700,1,1,1,1,1,5,5,5,3.0000,3.0000,0.0000,0.0000,1.0000,0.0000,1.0000,0,0.020853,0.00014877,0.020853,58.208271,-0.259115
2026-08-03,2.7800,1.6300,1.7000,15.8600,68.6391,700.070000,645.546850,0.058548,-0.062021,1,1,1,1,1,5,5,5,3.0000,3.0000,0.0000,0.0000,1.0000,0.0000,1.0000,0,0.051687,0.00014916,0.051687,61.216870,-0.220821
2026-08-04,2.7300,1.6100,1.7000,16.5000,70.6114,723.850000,646.155000,0.057187,-0.076719,1,1,1,1,1,5,5,5,3.0000,3.0000,0.0000,0.0000,1.0000,0.0000,1.0000,0,0.100942,0.00015221,0.100942,67.396207,-0.142169
2026-08-05,2.7500,1.6400,1.7000,15.8100,70.0197,717.300000,646.741550,0.056717,-0.067316,1,1,1,1,1,5,5,5,3.0000,3.0000,0.0000,0.0000,1.0000,0.0000,1.0000,0,-0.026464,0.00015145,-0.026464,65.612666,-0.164870
2026-08-06,2.7100,1.6200,1.7000,15.1500,69.4280,714.650000,647.295150,0.056443,-0.078568,1,1,1,1,1,5,5,5,3.0000,3.0000,0.0000,0.0000,1.0000,0.0000,1.0000,0,-0.011120,0.00015145,-0.011120,64.883036,-0.174157
2026-08-07,2.7000,1.6100,1.6950,14.9000,72.1893,723.030000,647.852600,0.056398,-0.082486,1,1,1,1,1,5,5,5,3.0000,3.0000,0.0000,0.0000,1.0000,0.0000,1.0000,0,0.033875,0.00015183,0.033875,67.080934,-0.146182
2026-08-10,2.7000,1.6400,1.6900,15.4600,70.6114,720.870000,648.400050,0.055793,-0.075859,1,1,1,1,1,5,5,5,3.0000,3.0000,0.0000,0.0000,1.0000,0.0000,1.0000,0,-0.008997,0.00015069,-0.008997,66.477413,-0.153864
2026-08-11,2.7200,1.6200,1.6900,15.2800,70.6114,718.450000,648.964850,0.056621,-0.058211,1,1,1,1,1,5,5,5,3.0000,3.0000,0.0000,0.0000,1.0000,0.0000,1.0000,0,-0.010027,0.00015145,-0.010027,65.810837,-0.162348
2026-08-12,2.7100,1.6400,1.6900,14.5500,69.0335,723.700000,649.530450,0.056752,-0.045761,1,1,1,1,1,5,5,5,3.0000,3.0000,0.0000,0.0000,1.0000,0.0000,1.0000,0,0.021079,0.00015145,0.021079,67.198035,-0.144692
2026-08-13,2.7100,1.6600,1.6900,14.6300,72.5838,732.070000,650.105300,0.056615,-0.050835,1,1,1,1,1,5,5,5,3.0000,3.0000,0.0000,0.0000,1.0000,0.0000,1.0000,0,0.034182,0.00015069,0.034182,69.495019,-0.115455
2026-08-14,2.6700,1.6700,1.6900,14.2500,72.5838,731.070000,650.620200,0.057076,-0.058750,1,1,1,1,1,5,5,5,3.0000,3.0000,0.0000,0.0000,1.0000,0.0000,1.0000,0,-0.004666,0.00015069,-0.004666,69.170739,-0.119583
2026-08-17,2.7000,1.6900,1.6900,15.1900,68.4418,729.870000,651.104950,0.057178,-0.049802,1,1,1,1,1,5,5,5,3.0000,3.0000,0.0000,0.0000,1.0000,0.0000,1.0000,0,-0.005079,0.00015030,-0.005079,68.819436,-0.124054
2026-08-18,2.7500,1.6900,1.6900,15.8400,68.1102,717.510000,651.513650,0.057359,-0.055074,1,1,1,1,1,5,5,5,3.0000,3.0000,0.0000,0.0000,1.0000,0.0000,1.0000,0,-0.050654,0.00015069,-0.050654,65.333425,-0.168425
2026-08-19,2.7300,1.6800,1.6900,14.8900,72.0472,716.080000,651.963800,0.057239,-0.060737,1,1,1,1,1,5,5,5,3.0000,3.0000,0.0000,0.0000,1.0000,0.0000,1.0000,0,-0.006480,0.00015030,-0.006480,64.910059,-0.173813
2026-08-20,2.7500,1.6400,1.6900,16.0100,70.4724,710.930000,652.373100,0.057396,-0.050415,1,1,1,1,1,5,5,5,3.0000,3.0000,0.0000,0.0000,1.0000,0.0000,1.0000,0,-0.021926,0.00015030,-0.021926,63.486830,-0.191928
2026-08-21,2.7000,1.6400,1.6900,15.1300,69.6850,713.440000,652.779900,0.055856,-0.072838,1,1,1,1,1,5,5,5,3.0000,3.0000,0.0000,0.0000,1.0000,0.0000,1.0000,0,0.009790,0.00015069,0.009790,64.108367,-0.184017
2026-08-24,2.6900,1.6300,1.6900,15.8500,72.4409,706.320000,653.215250,0.056610,-0.043348,1,1,1,1,1,5,5,5,3.0000,3.0000,0.0000,0.0000,1.0000,0.0000,1.0000,0,-0.030350,0.00015107,-0.030350,62.162687,-0.208782
2026-08-25,2.7000,1.6300,1.6900,15.4500,70.8661,710.720000,653.652450,0.056547,-0.037454,1,1,1,1,1,5,5,5,3.0000,3.0000,0.0000,0.0000,1.0000,0.0000,1.0000,0,0.018258,0.00015069,0.018258,63.297667,-0.194336
2026-08-26,2.6700,1.6200,1.6900,15.2100,70.6693,711.370000,654.150950,0.056796,-0.000427,1,1,1,1,1,5,5,5,3.0000,3.0000,0.0000,0.0000,1.0000,0.0000,1.0000,0,0.002846,0.00015030,0.002846,63.477822,-0.192043
2026-08-27,2.6300,1.6100,1.6900,14.5100,69.6850,721.110000,654.707800,0.055998,-0.031581,1,1,1,1,1,5,5,5,3.0000,3.0000,0.0000,0.0000,1.0000,0.0000,1.0000,0,0.040159,0.00014992,0.040159,66.027024,-0.159596
