date,hy_oas,credit_baa10y,credit_med252,vix,breadth_pct,qqq_close,qqq_200dma,xlu_spy_ratio,xlu_spy_rel60,credit_ok,vix_ok,breadth_ok,trend_ok,utilities_ok,score,net_score,signal_score_used,target_weight,actual_weight,traded_flag,tqqq_ret,tbill_ret,portfolio_ret,equity_curve,drawdown
2010-02-12,,2.7000,3.0150,22.7300,79.3532,43.760000,40.620225,0.133330,-0.003743,1,0,1,1,1,4,3,4,1.0000,1.0000,1,0.004092,0.00000436,0.031976,1.031976,0.000000
2010-02-16,,2.7200,3.0100,22.2500,83.5821,44.320000,40.670425,0.133543,-0.001063,1,0,1,1,1,4,3,4,1.0000,1.0000,0,0.038736,0.00000397,0.038736,1.071951,0.000000
2010-02-17,,2.7300,3.0100,21.7200,83.3333,44.570000,40.721425,0.132369,-0.000760,1,0,1,1,1,4,3,4,1.0000,1.0000,0,0.016970,0.00000397,0.016970,1.090142,0.000000
2010-02-18,,2.7300,3.0050,20.6300,85.3234,44.850000,40.770425,0.132314,-0.002027,1,0,1,1,1,4,3,4,1.0000,1.0000,0,0.018958,0.00000397,0.018958,1.110809,0.000000
2010-02-19,,2.7200,3.0000,20.0200,86.3184,44.830000,40.819475,0.133885,0.001809,1,0,1,1,0,3,1,4,1.0000,1.0000,0,-0.000779,0.00000397,-0.000779,1.109944,-0.000779
2010-02-22,,2.6500,3.0000,19.9400,85.3234,44.740000,40.868025,0.133141,-0.003743,1,1,1,1,1,5,5,3,0.0000,0.0000,1,-0.006247,0.00000436,0.012393,1.123700,0.000000
2010-02-23,,2.6500,2.9950,21.3700,83.0846,44.160000,40.917775,0.133868,0.001198,1,0,1,1,0,3,1,5,1.0000,1.0000,1,-0.039042,0.00000436,-0.033923,1.085581,-0.033923
2010-02-24,,2.6500,2.9900,20.2700,84.8259,44.610000,40.969675,0.132783,-0.014626,1,0,1,1,1,4,3,3,0.0000,0.0000,1,0.030240,0.00000476,0.017425,1.104497,-0.017089
2010-02-25,,2.6500,2.9900,20.1000,83.5821,44.600000,41.020925,0.132692,-0.014783,1,0,1,1,1,4,3,4,1.0000,1.0000,1,-0.000570,0.00000476,0.032224,1.140088,0.000000
2010-02-26,,2.6400,2.9900,19.5000,84.0796,44.760000,41.075075,0.131546,-0.027304,1,1,1,1,1,5,5,4,1.0000,1.0000,0,0.012475,0.00000516,0.012475,1.154311,0.000000
2010-03-01,,2.6200,2.9900,19.2600,85.3234,45.410000,41.137025,0.132094,-0.030367,1,1,1,1,1,5,5,5,1.0000,1.0000,0,0.042894,0.00000516,0.042894,1.203824,0.000000
2010-03-02,,2.6500,2.9850,19.0600,85.8209,45.550000,41.197825,0.132130,-0.043684,1,1,1,1,1,5,5,5,1.0000,1.0000,0,0.006012,0.00000516,0.006012,1.211062,0.000000
2010-03-03,,2.6400,2.9800,18.8300,86.0697,45.600000,41.258975,0.131790,-0.057291,1,1,1,1,1,5,5,5,1.0000,1.0000,0,0.005550,0.00000555,0.005550,1.217783,0.000000
2010-03-04,,2.6300,2.9800,18.7200,86.5672,45.750000,41.316525,0.131657,-0.046677,1,1,1,1,1,5,5,5,1.0000,1.0000,0,0.011043,0.00000555,0.011043,1.231232,0.000000
2010-03-05,,2.6200,2.9750,17.4200,89.0547,46.440000,41.376725,0.131116,-0.061499,1,1,1,1,1,5,5,5,1.0000,1.0000,0,0.044202,0.00000555,0.044202,1.285654,0.000000
2010-03-08,,2.6100,2.9700,17.7900,89.5522,46.530000,41.437975,0.131093,-0.069155,1,1,1,1,1,5,5,5,1.0000,1.0000,0,0.005332,0.00000595,0.005332,1.292510,0.000000
2010-03-09,,2.5900,2.9650,17.9200,89.3035,46.790000,41.503675,0.130701,-0.071749,1,1,1,1,1,5,5,5,1.0000,1.0000,0,0.017702,0.00000634,0.017702,1.315390,0.000000
2010-03-10,,2.6100,2.9600,18.5700,90.0498,47.170000,41.571825,0.130164,-0.082295,1,1,1,1,1,5,5,5,1.0000,1.0000,0,0.024470,0.00000634,0.024470,1.347578,0.000000
2010-03-11,,2.5900,2.9600,18.0600,90.2985,47.350000,41.634625,0.130056,-0.095314,1,1,1,1,1,5,5,5,1.0000,1.0000,0,0.009210,0.00000595,0.009210,1.359989,0.000000
2010-03-12,,2.5600,2.9600,17.5800,89.8010,47.360000,41.698675,0.129222,-0.098716,1,1,1,1,1,5,5,5,1.0000,1.0000,0,0.002281,0.00000634,0.002281,1.363091,0.000000
2010-03-15,,2.5500,2.9600,18.0000,89.3035,47.240000,41.760125,0.129665,-0.094467,1,1,1,1,1,5,5,5,1.0000,1.0000,0,-0.006734,0.00000595,-0.006734,1.353912,-0.006734
2010-03-16,,2.5600,2.9600,17.6900,90.2985,47.540000,41.820525,0.130143,-0.085897,1,1,1,1,1,5,5,5,1.0000,1.0000,0,0.018909,0.00000674,0.018909,1.379513,0.000000
2010-03-17,,2.5500,2.9600,16.9100,92.0398,47.670000,41.876925,0.129804,-0.096193,1,1,1,1,1,5,5,5,1.0000,1.0000,0,0.006934,0.00000634,0.006934,1.389079,0.000000
2010-03-18,,2.5300,2.9550,16.6200,91.7910,47.830000,41.933875,0.129275,-0.096719,1,1,1,1,1,5,5,5,1.0000,1.0000,0,0.010142,0.00000595,0.010142,1.403167,0.000000
2010-03-19,,2.5200,2.9500,16.9700,90.2985,47.490000,41.989675,0.129171,-0.088752,1,1,1,1,1,5,5,5,1.0000,1.0000,0,-0.017689,0.00000634,-0.017689,1.378346,-0.017689
2010-03-22,,2.4900,2.9500,16.8700,92.0398,47.920000,42.045575,0.127624,-0.089062,1,1,1,1,1,5,5,5,1.0000,1.0000,0,0.027012,0.00000634,0.027012,1.415578,0.000000
2010-03-23,,2.5000,2.9500,16.3500,92.5373,48.252500,42.102938,0.127246,-0.092612,1,1,1,1,1,5,5,5,1.0000,1.0000,0,0.021006,0.00000595,0.021006,1.445314,0.000000
2010-03-24,,2.5100,2.9500,17.5500,91.7910,48.020000,42.159688,0.126541,-0.099436,1,1,1,1,1,5,5,5,1.0000,1.0000,0,-0.014312,0.00000555,-0.014312,1.424628,-0.014312
2010-03-25,,2.4800,2.9500,18.4000,90.0498,47.950000,42.214688,0.125932,-0.102167,1,1,1,1,1,5,5,5,1.0000,1.0000,0,-0.006262,0.00000555,-0.006262,1.415707,-0.020485
2010-03-26,,2.4700,2.9450,17.7700,90.7960,48.000000,42.270588,0.126306,-0.100199,1,1,1,1,1,5,5,5,1.0000,1.0000,0,0.005207,0.00000555,0.005207,1.423079,-0.015384
2010-03-29,,2.4900,2.9400,17.5900,91.5423,48.230000,42.327638,0.127035,-0.095497,1,1,1,1,1,5,5,5,1.0000,1.0000,0,0.013716,0.00000555,0.013716,1.442598,-0.001879
2010-03-30,,2.4900,2.9400,17.1300,91.7910,48.390000,42.386338,0.126618,-0.095068,1,1,1,1,1,5,5,5,1.0000,1.0000,0,0.010485,0.00000595,0.010485,1.457724,0.000000
2010-03-31,,2.4800,2.9400,17.5900,91.0448,48.160000,42.447638,0.126752,-0.078072,1,1,1,1,1,5,5,5,1.0000,1.0000,0,-0.013482,0.00000634,-0.013482,1.438071,-0.013482
2010-04-01,,2.4700,2.9350,17.4700,91.5423,48.160000,42.510688,0.127632,-0.057538,1,1,1,1,1,5,5,5,1.0000,1.0000,0,-0.001975,0.00000634,-0.001975,1.435231,-0.015430
2010-04-05,,2.4400,2.9300,17.0200,92.0398,48.610000,42.574293,0.127358,-0.065130,1,1,1,1,1,5,5,5,1.0000,1.0000,0,0.028912,0.00000634,0.028912,1.476727,0.000000
2010-04-06,,2.4300,2.9300,16.2300,91.5423,48.750000,42.638943,0.128108,-0.050603,1,1,1,1,1,5,5,5,1.0000,1.0000,0,0.007880,0.00000714,0.007880,1.488363,0.000000
2010-04-07,,2.4600,2.9300,16.6200,90.5473,48.630000,42.701293,0.127577,-0.050007,1,1,1,1,1,5,5,5,1.0000,1.0000,0,-0.005907,0.00000674,-0.005907,1.479572,-0.005907
2010-04-08,,2.4400,2.9300,16.4800,91.0448,48.740000,42.769593,0.126376,-0.068096,1,1,1,1,1,5,5,5,1.0000,1.0000,0,0.002184,0.00000674,0.002184,1.482803,-0.003736
2010-04-09,,2.4300,2.9300,16.1400,92.2886,49.030000,42.839743,0.126474,-0.073497,1,1,1,1,1,5,5,5,1.0000,1.0000,0,0.019441,0.00000674,0.019441,1.511631,0.000000
2010-04-12,,2.4300,2.9300,15.5800,92.5373,49.070000,42.907143,0.126608,-0.074429,1,1,1,1,1,5,5,5,1.0000,1.0000,0,0.004020,0.00000634,0.004020,1.517707,0.000000
2010-04-13,,2.4000,2.9300,16.2000,92.5373,49.320000,42.972293,0.125845,-0.073171,1,1,1,1,1,5,5,5,1.0000,1.0000,0,0.015079,0.00000634,0.015079,1.540592,0.000000
2010-04-14,,2.4000,2.9300,15.5900,93.2836,49.910000,43.039988,0.124556,-0.089731,1,1,1,1,1,5,5,5,1.0000,1.0000,0,0.035242,0.00000634,0.035242,1.594886,0.000000
2010-04-15,,2.4000,2.9250,15.8900,93.2836,50.130000,43.108388,0.124341,-0.089584,1,1,1,1,1,5,5,5,1.0000,1.0000,0,0.013375,0.00000634,0.013375,1.616217,0.000000
2010-04-16,,2.4200,2.9200,18.3600,90.7960,49.530000,43.174138,0.124958,-0.083905,1,1,1,1,1,5,5,5,1.0000,1.0000,0,-0.035596,0.00000634,-0.035596,1.558687,-0.035596
2010-04-19,,2.4300,2.9200,17.3400,90.7960,49.500000,43.239638,0.124614,-0.093268,1,1,1,1,1,5,5,5,1.0000,1.0000,0,-0.001573,0.00000634,-0.001573,1.556234,-0.037113
2010-04-20,,2.4200,2.9200,15.7300,92.5373,49.750000,43.310388,0.125083,-0.092774,1,1,1,1,1,5,5,5,1.0000,1.0000,0,0.014785,0.00000634,0.014785,1.579243,-0.022877
2010-04-21,,2.4000,2.9200,16.3200,92.0398,50.030000,43.383488,0.125435,-0.090880,1,1,1,1,1,5,5,5,1.0000,1.0000,0,0.017518,0.00000634,0.017518,1.606909,-0.005759
2010-04-22,,2.3800,2.9200,16.4700,91.5423,50.310000,43.462388,0.125475,-0.099495,1,1,1,1,1,5,5,5,1.0000,1.0000,0,0.014884,0.00000595,0.014884,1.630827,0.000000
2010-04-23,,2.3800,2.9200,16.6200,92.2886,50.520000,43.541438,0.125644,-0.086722,1,1,1,1,1,5,5,5,1.0000,1.0000,0,0.013238,0.00000634,0.013238,1.652416,0.000000
2010-04-26,,2.3700,2.9200,17.4700,91.0448,50.410000,43.619638,0.125670,-0.092157,1,1,1,1,1,5,5,5,1.0000,1.0000,0,-0.007432,0.00000634,-0.007432,1.640135,-0.007432
2010-04-27,,2.3800,2.9150,22.8100,86.5672,49.340000,43.691738,0.125924,-0.093244,1,0,1,1,1,4,3,5,1.0000,1.0000,0,-0.061718,0.00000634,-0.061718,1.538909,-0.068692
2010-04-28,,2.3900,2.9100,21.0800,89.0547,49.370000,43.760638,0.126864,-0.075448,1,0,1,1,1,4,3,4,1.0000,1.0000,0,0.002352,0.00000634,0.002352,1.542528,-0.066501
2010-04-29,,2.3800,2.9100,18.4400,90.2985,50.230000,43.833188,0.125396,-0.083240,1,1,1,1,1,5,5,4,1.0000,1.0000,0,0.051041,0.00000634,0.051041,1.621261,-0.018854
2010-04-30,,2.3700,2.9100,22.0500,88.5572,49.237500,43.894775,0.128101,-0.058592,1,0,1,1,1,4,3,5,1.0000,1.0000,0,-0.058927,0.00000674,-0.058927,1.525724,-0.076671
2010-05-03,,2.3800,2.9050,20.1900,89.3035,49.930000,43.959375,0.128085,-0.066480,1,0,1,1,1,4,3,4,1.0000,1.0000,0,0.040840,0.00000634,0.040840,1.588035,-0.038962
2010-05-04,,2.3700,2.9000,23.8400,84.0796,48.430000,44.013725,0.128914,-0.054101,1,0,1,1,1,4,3,4,1.0000,1.0000,0,-0.088407,0.00000674,-0.088407,1.447642,-0.123924
2010-05-05,,2.3800,2.8950,24.9100,83.3333,48.180000,44.065025,0.128788,-0.050386,1,0,1,1,1,4,3,4,1.0000,1.0000,0,-0.016433,0.00000634,-0.016433,1.423853,-0.138320
2010-05-06,,2.4000,2.8900,32.8000,74.1294,46.570000,44.106975,0.129536,-0.040209,1,0,1,1,1,4,3,4,1.0000,1.0000,0,-0.097966,0.00000595,-0.097966,1.284364,-0.222736
2010-05-07,,2.4100,2.8900,40.9500,68.9055,45.410000,44.141525,0.130730,-0.027890,1,0,1,1,1,4,3,4,1.0000,1.0000,0,-0.072773,0.00000436,-0.072773,1.190897,-0.279299
2010-05-10,,2.5500,2.8900,28.8400,80.0995,47.770000,44.183625,0.129132,-0.036918,1,0,1,1,1,4,3,4,1.0000,1.0000,0,0.149152,0.00000516,0.149152,1.368522,-0.171805
2010-05-11,,2.5300,2.8850,28.3200,80.0995,47.720000,44.226975,0.129782,-0.028530,1,0,1,1,1,4,3,4,1.0000,1.0000,0,-0.000660,0.00000634,-0.000660,1.367619,-0.172352
2010-05-12,,2.5800,2.8800,25.5200,83.5821,48.620000,44.273325,0.129045,-0.036048,1,0,1,1,1,4,3,4,1.0000,1.0000,0,0.053881,0.00000634,0.053881,1.441307,-0.127757
2010-05-13,,2.6100,2.8750,26.6800,79.1045,47.850000,44.317175,0.130043,-0.018486,1,0,1,1,1,4,3,4,1.0000,1.0000,0,-0.045206,0.00000634,-0.045206,1.376152,-0.167188
2010-05-14,,2.6000,2.8700,31.2400,74.8756,46.930000,44.355125,0.131399,-0.007107,1,0,1,1,1,4,3,4,1.0000,1.0000,0,-0.061534,0.00000634,-0.061534,1.291472,-0.218434
2010-05-17,,2.5900,2.8650,30.8400,76.1194,47.080000,44.392675,0.131505,-0.018227,1,0,1,1,1,4,3,4,1.0000,1.0000,0,0.013215,0.00000634,0.013215,1.308539,-0.208105
2010-05-18,,2.5900,2.8600,33.5500,73.1343,46.430000,44.427575,0.131984,-0.008790,1,0,1,1,1,4,3,4,1.0000,1.0000,0,-0.037937,0.00000634,-0.037937,1.258897,-0.238148
2010-05-19,,2.6100,2.8600,35.3200,70.1493,46.060000,44.457675,0.131398,-0.018778,1,0,1,1,1,4,3,4,1.0000,1.0000,0,-0.026393,0.00000674,-0.026393,1.225672,-0.258255
2010-05-20,,2.6500,2.8600,45.7900,52.2388,44.350000,44.479225,0.132462,-0.002343,1,0,1,0,1,3,1,4,1.0000,1.0000,0,-0.101150,0.00000674,-0.101150,1.101695,-0.333282
2010-05-21,,2.7400,2.8600,40.1000,58.5608,44.840000,44.504775,0.131146,-0.011485,1,0,1,1,1,4,3,3,0.0000,0.0000,1,0.007746,0.00000674,-0.061091,1.034392,-0.374013
2010-05-24,,2.7600,2.8600,38.3200,53.8462,44.660000,44.531175,0.131743,0.001456,1,0,1,1,0,3,1,4,1.0000,1.0000,1,0.008268,0.00000674,0.002586,1.037066,-0.372394
2010-05-25,,2.7900,2.8600,34.6100,51.8610,44.700000,44.555275,0.130776,-0.009615,1,0,1,1,1,4,3,3,0.0000,0.0000,1,-0.007047,0.00000674,-0.074444,0.959863,-0.419115
2010-05-26,,2.8100,2.8600,35.0200,51.1166,44.200000,44.578275,0.131333,-0.005760,1,0,1,0,1,3,1,4,1.0000,1.0000,1,-0.030937,0.00000674,-0.045885,0.915819,-0.445770
2010-05-27,,2.8700,2.8600,29.6800,64.2680,45.870000,44.611325,0.129695,-0.015679,0,0,1,1,1,3,1,3,0.0000,0.0000,1,0.108259,0.00000674,0.066397,0.976627,-0.408970
2010-05-28,,2.8900,2.8600,32.0700,60.2978,45.600000,44.639975,0.131299,-0.002644,0,0,1,1,1,3,1,3,0.0000,0.0000,0,-0.017437,0.00000674,0.000007,0.976633,-0.408966
2010-06-01,,2.8900,2.8600,35.5400,50.8685,45.180000,44.665425,0.130603,-0.003686,0,0,1,1,1,3,1,3,0.0000,0.0000,0,-0.024247,0.00000634,0.000006,0.976640,-0.408963
2010-06-02,,2.9200,2.8600,30.1700,60.5459,46.250000,44.698525,0.129974,-0.008244,0,0,1,1,1,3,1,3,0.0000,0.0000,0,0.070372,0.00000634,0.000006,0.976646,-0.408959
2010-06-03,,2.9100,2.8600,29.4600,62.7792,46.690000,44.739575,0.130882,0.001345,0,0,1,1,0,2,-1,3,0.0000,0.0000,0,0.025959,0.00000634,0.000006,0.976652,-0.408955
2010-06-04,,2.9200,2.8600,35.4800,48.8834,45.092500,44.769888,0.131612,0.010330,0,0,0,1,0,1,-3,2,0.0000,0.0000,0,-0.098745,0.00000555,0.000006,0.976657,-0.408952
2010-06-07,,2.9500,2.8600,36.5700,40.6948,44.270000,44.794738,0.134089,0.028329,0,0,0,0,0,0,-5,1,0.0000,0.0000,0,-0.057977,0.00000555,0.000006,0.976663,-0.408949
2010-06-08,,3.0000,2.8600,33.7000,44.1687,44.190000,44.816888,0.134403,0.037019,0,0,0,0,0,0,-5,0,0.0000,0.0000,0,-0.005573,0.00000476,0.000005,0.976667,-0.408946
2010-06-09,,2.9900,2.8600,33.7300,42.9280,43.820000,44.834538,0.134371,0.033325,0,0,0,0,0,0,-5,0,0.0000,0.0000,0,-0.022054,0.00000476,0.000005,0.976672,-0.408943
2010-06-10,,3.0000,2.8600,30.5700,54.8387,45.070000,44.858638,0.133898,0.027052,0,0,1,1,0,2,-1,0,0.0000,0.0000,0,0.082971,0.00000397,0.000004,0.976676,-0.408941
2010-06-11,,3.0100,2.8600,28.7900,57.3201,45.500000,44.884288,0.133206,0.024549,0,0,1,1,0,2,-1,2,0.0000,0.0000,0,0.026115,0.00000397,0.000004,0.976680,-0.408938
2010-06-14,,3.0400,2.8600,28.5800,57.5682,45.490000,44.910238,0.133933,0.033732,0,0,1,1,0,2,-1,2,0.0000,0.0000,0,0.000560,0.00000317,0.000003,0.976683,-0.408936
2010-06-15,,3.0600,2.8600,25.8700,65.5087,46.710000,44.941788,0.133750,0.034233,0,0,1,1,0,2,-1,2,0.0000,0.0000,0,0.073052,0.00000278,0.000003,0.976686,-0.408935
2010-06-16,,3.0500,2.8600,25.9200,64.7643,46.900000,44.974088,0.134646,0.052837,0,0,1,1,0,2,-1,2,0.0000,0.0000,0,0.020152,0.00000357,0.000004,0.976689,-0.408933
2010-06-17,,3.0700,2.8600,25.0500,65.2605,47.050000,45.009188,0.135423,0.061370,0,0,1,1,0,2,-1,2,0.0000,0.0000,0,0.010030,0.00000397,0.000004,0.976693,-0.408930
2010-06-18,,3.0400,2.8600,23.9500,64.7643,47.000000,45.047788,0.134611,0.060991,0,0,1,1,0,2,-1,2,0.0000,0.0000,0,0.002736,0.00000357,0.000004,0.976696,-0.408928
2010-06-21,,3.0400,2.8600,24.8800,63.5236,46.600000,45.084538,0.134010,0.061258,0,0,1,1,0,2,-1,2,0.0000,0.0000,0,-0.026277,0.00000436,0.000004,0.976701,-0.408926
2010-06-22,,3.0200,2.8600,27.0500,56.5757,46.240000,45.118188,0.132929,0.049281,0,0,1,1,0,2,-1,2,0.0000,0.0000,0,-0.023662,0.00000476,0.000005,0.976705,-0.408923
2010-06-23,,3.0400,2.8600,26.9100,56.8238,46.050000,45.146638,0.132152,0.037503,0,0,1,1,0,2,-1,2,0.0000,0.0000,0,-0.013393,0.00000516,0.000005,0.976710,-0.408920
2010-06-24,,3.0500,2.8600,29.7400,48.1390,45.350000,45.169688,0.133681,0.051036,0,0,0,1,0,1,-3,2,0.0000,0.0000,0,-0.048487,0.00000516,0.000005,0.976715,-0.408917
2010-06-25,,3.0800,2.8600,28.5300,52.3573,45.270000,45.190588,0.133683,0.050409,0,0,1,1,0,2,-1,1,0.0000,0.0000,0,-0.000678,0.00000516,0.000005,0.976721,-0.408914
2010-06-28,,3.0900,2.8600,29.0000,50.3722,45.110000,45.208738,0.135104,0.053431,0,0,1,0,0,1,-3,2,0.0000,0.0000,0,-0.008955,0.00000516,0.000005,0.976726,-0.408911
2010-06-29,,3.1000,2.8600,34.1300,37.7171,43.370000,45.217988,0.136455,0.062681,0,0,0,0,0,0,-5,1,0.0000,0.0000,0,-0.111591,0.00000674,0.000007,0.976732,-0.408907
2010-06-30,,3.1200,2.8600,34.5400,34.4913,42.710000,45.223138,0.136698,0.058142,0,0,0,0,0,0,-5,0,0.0000,0.0000,0,-0.049421,0.00000595,0.000006,0.976738,-0.408903
2010-07-01,,3.0800,2.8600,32.8600,33.0025,42.590000,45.227038,0.136921,0.063589,0,0,0,0,0,0,-5,0,0.0000,0.0000,0,-0.009748,0.00000714,0.000007,0.976745,-0.408899
2010-07-02,,3.0200,2.8600,30.1200,29.5285,42.470000,45.227288,0.137721,0.077243,0,0,0,0,0,0,-5,0,0.0000,0.0000,0,-0.005471,0.00000674,0.000007,0.976751,-0.408895
2010-07-06,,3.0400,2.8600,29.6500,30.5211,42.600000,45.228238,0.138524,0.081984,0,0,0,0,0,0,-5,0,0.0000,0.0000,0,0.005226,0.00000674,0.000007,0.976758,-0.408891
2010-07-07,,3.0500,2.8600,26.8400,40.6948,43.960000,45.235838,0.138397,0.082518,0,0,0,0,0,0,-5,0,0.0000,0.0000,0,0.094498,0.00000674,0.000007,0.976765,-0.408887
2010-07-08,,3.0800,2.8600,25.7100,45.1613,44.200000,45.243988,0.138158,0.087497,0,0,0,0,0,0,-5,0,0.0000,0.0000,0,0.016871,0.00000634,0.000006,0.976771,-0.408883
2010-07-09,,3.0700,2.8600,24.9800,48.6352,44.620000,45.253838,0.138014,0.096249,0,0,0,0,0,0,-5,0,0.0000,0.0000,0,0.028019,0.00000595,0.000006,0.976777,-0.408880
2010-07-12,,3.0700,2.8600,24.4300,47.6427,44.750000,45.265338,0.138387,0.100596,0,0,0,0,0,0,-5,0,0.0000,0.0000,0,0.011356,0.00000634,0.000006,0.976783,-0.408876
2010-07-13,,3.0500,2.8600,24.5600,57.5682,45.330000,45.281638,0.136878,0.087636,0,0,1,1,0,2,-1,0,0.0000,0.0000,0,0.034156,0.00000634,0.000006,0.976789,-0.408872
2010-07-14,,3.0300,2.8600,24.8900,56.3275,45.560000,45.300938,0.136889,0.090151,0,0,1,1,0,2,-1,2,0.0000,0.0000,0,0.015996,0.00000595,0.000006,0.976795,-0.408869
2010-07-15,,3.0200,2.8600,25.1400,56.5757,45.600000,45.316888,0.137628,0.091000,0,0,1,1,0,2,-1,2,0.0000,0.0000,0,0.003490,0.00000595,0.000006,0.976801,-0.408865
2010-07-16,,3.0200,2.8600,26.2500,45.1613,44.340000,45.327488,0.139181,0.096868,0,0,0,0,0,0,-5,2,0.0000,0.0000,0,-0.080485,0.00000595,0.000006,0.976806,-0.408862
2010-07-19,,3.0400,2.8600,25.9700,47.6427,44.720000,45.339838,0.140434,0.105714,0,0,0,0,0,0,-5,0,0.0000,0.0000,0,0.022549,0.00000595,0.000006,0.976812,-0.408858
2010-07-20,,3.0400,2.8600,23.9300,51.1166,45.260000,45.361138,0.140118,0.102590,0,0,1,0,0,1,-3,0,0.0000,0.0000,0,0.031597,0.00000674,0.000007,0.976819,-0.408854
2010-07-21,,2.9900,2.8600,25.6400,46.8983,44.640000,45.379938,0.139993,0.100561,0,0,0,0,0,0,-5,1,0.0000,0.0000,0,-0.035018,0.00000634,0.000006,0.976825,-0.408850
2010-07-22,,2.9800,2.8600,24.6300,55.8313,45.770000,45.402738,0.139136,0.096479,0,0,1,1,0,2,-1,0,0.0000,0.0000,0,0.067423,0.00000634,0.000006,0.976831,-0.408847
2010-07-23,,2.9700,2.8600,23.4700,60.8911,46.060000,45.423338,0.138043,0.081495,0,0,1,1,0,2,-1,2,0.0000,0.0000,0,0.026031,0.00000634,0.000006,0.976837,-0.408843
2010-07-26,,2.9500,2.8600,22.7300,64.8515,46.440000,45.445238,0.137549,0.089467,0,0,1,1,0,2,-1,2,0.0000,0.0000,0,0.021978,0.00000634,0.000006,0.976844,-0.408839
2010-07-27,,2.9200,2.8600,23.1900,63.1188,46.420000,45.466138,0.139808,0.085773,0,0,1,1,0,2,-1,2,0.0000,0.0000,0,-0.000214,0.00000634,0.000006,0.976850,-0.408835
2010-07-28,,2.9000,2.8600,24.2500,59.4059,46.050000,45.483988,0.139989,0.085590,0,0,1,1,0,2,-1,2,0.0000,0.0000,0,-0.020441,0.00000595,0.000006,0.976856,-0.408832
2010-07-29,,2.9200,2.8600,24.1300,58.6634,45.710000,45.499688,0.138499,0.069772,0,0,1,1,0,2,-1,2,0.0000,0.0000,0,-0.023817,0.00000595,0.000006,0.976861,-0.408828
2010-07-30,,2.9200,2.8600,23.5000,58.4158,45.810000,45.515838,0.137707,0.065375,0,0,1,1,0,2,-1,2,0.0000,0.0000,0,0.006829,0.00000595,0.000006,0.976867,-0.408825
2010-08-02,,2.9100,2.8600,22.0100,66.0891,46.670000,45.533388,0.137460,0.061078,0,0,1,1,0,2,-1,2,0.0000,0.0000,0,0.053801,0.00000595,0.000006,0.976873,-0.408821
2010-08-03,,2.9000,2.8600,22.6300,63.8614,46.470000,45.550438,0.137567,0.052741,0,0,1,1,0,2,-1,2,0.0000,0.0000,0,-0.010337,0.00000634,0.000006,0.976879,-0.408818
2010-08-04,,2.9200,2.8600,22.2100,66.3366,46.938000,45.571228,0.136915,0.058623,0,0,1,1,0,2,-1,2,0.0000,0.0000,0,0.028884,0.00000634,0.000006,0.976886,-0.408814
2010-08-05,,2.9000,2.8600,22.1000,66.3366,46.830000,45.589328,0.137040,0.054501,0,0,1,1,0,2,-1,2,0.0000,0.0000,0,-0.005903,0.00000634,0.000006,0.976892,-0.408810
2010-08-06,,2.9300,2.8600,21.7400,66.0891,46.760000,45.607028,0.137866,0.065418,0,0,1,1,0,2,-1,2,0.0000,0.0000,0,-0.004690,0.00000595,0.000006,0.976898,-0.408807
2010-08-09,,2.9400,2.8600,22.1400,66.5842,47.080000,45.626728,0.137620,0.056756,0,0,1,1,0,2,-1,2,0.0000,0.0000,0,0.017485,0.00000595,0.000006,0.976903,-0.408803
2010-08-10,,2.9500,2.8600,22.3700,64.6040,46.672500,45.643540,0.139108,0.057893,0,0,1,1,0,2,-1,2,0.0000,0.0000,0,-0.021199,0.00000595,0.000006,0.976909,-0.408800
2010-08-11,,3.0500,2.8600,25.3900,52.4752,45.400000,45.654890,0.140210,0.063497,0,0,1,0,0,1,-3,2,0.0000,0.0000,0,-0.082315,0.00000595,0.000006,0.976915,-0.408796
2010-08-12,,3.0300,2.8600,25.7300,49.5050,45.040000,45.665140,0.140838,0.064816,0,0,0,0,0,0,-5,1,0.0000,0.0000,0,-0.028185,0.00000595,0.000006,0.976921,-0.408792
2010-08-13,,3.0400,2.8600,26.2400,48.5149,44.720000,45.677040,0.141669,0.075756,0,0,0,0,0,0,-5,0,0.0000,0.0000,0,-0.019922,0.00000634,0.000006,0.976927,-0.408789
2010-08-16,,3.0500,2.8600,26.1000,48.5149,44.800000,45.694090,0.141864,0.071455,0,0,0,0,0,0,-5,0,0.0000,0.0000,0,0.005653,0.00000595,0.000006,0.976933,-0.408785
2010-08-17,,3.0000,2.8600,24.3300,54.9505,45.372000,45.710500,0.141423,0.078714,0,0,1,0,0,1,-3,0,0.0000,0.0000,0,0.038037,0.00000634,0.000006,0.976939,-0.408781
2010-08-18,,2.9900,2.8600,24.5900,55.9406,45.550000,45.733450,0.140404,0.067017,0,0,1,0,0,1,-3,1,0.0000,0.0000,0,0.008986,0.00000674,0.000007,0.976946,-0.408777
2010-08-19,,2.9400,2.8600,26.4400,47.5248,44.860000,45.752100,0.140906,0.077503,0,0,0,0,0,0,-5,1,0.0000,0.0000,0,-0.036773,0.00000634,0.000006,0.976952,-0.408774
2010-08-20,,2.9300,2.8600,25.4900,48.0198,44.920000,45.770400,0.141656,0.078861,0,0,0,0,0,0,-5,0,0.0000,0.0000,0,-0.003437,0.00000634,0.000006,0.976958,-0.408770
2010-08-23,,2.9000,2.8600,25.6600,44.5545,44.480000,45.786150,0.143018,0.099358,0,0,0,0,0,0,-5,0,0.0000,0.0000,0,-0.027596,0.00000595,0.000006,0.976964,-0.408766
2010-08-24,,2.9400,2.8600,27.4600,38.3663,43.650000,45.792650,0.145563,0.104826,0,0,0,0,0,0,-5,0,0.0000,0.0000,0,-0.057379,0.00000634,0.000006,0.976970,-0.408763
2010-08-25,,2.9500,2.8600,26.7000,40.0990,44.070000,45.800000,0.144893,0.107794,0,0,0,0,0,0,-5,0,0.0000,0.0000,0,0.029982,0.00000634,0.000006,0.976976,-0.408759
2010-08-26,,2.9400,2.8600,27.3700,38.1188,43.540000,45.800150,0.145206,0.111776,0,0,0,0,0,0,-5,0,0.0000,0.0000,0,-0.032637,0.00000634,0.000006,0.976982,-0.408755
2010-08-27,,2.9500,2.8600,24.4500,45.7921,44.070000,45.802400,0.145705,0.109310,0,0,0,0,0,0,-5,0,0.0000,0.0000,0,0.033083,0.00000634,0.000006,0.976989,-0.408751
2010-08-30,,2.9600,2.8600,27.2100,38.1188,43.610000,45.800950,0.145616,0.104906,0,0,0,0,0,0,-5,0,0.0000,0.0000,0,-0.032527,0.00000595,0.000006,0.976994,-0.408748
2010-08-31,,2.9900,2.8600,26.0500,39.0123,43.460000,45.800000,0.146282,0.090784,0,0,0,0,0,0,-5,0,0.0000,0.0000,0,-0.004824,0.00000555,0.000006,0.977000,-0.408745
2010-09-01,,3.0100,2.8600,23.8900,50.3704,44.760000,45.803750,0.145123,0.081137,0,0,1,0,0,1,-3,0,0.0000,0.0000,0,0.083815,0.00000555,0.000006,0.977005,-0.408741
2010-09-02,,3.0100,2.8600,23.1900,53.5802,45.260000,45.807750,0.143784,0.072312,0,0,1,0,0,1,-3,1,0.0000,0.0000,0,0.034317,0.00000516,0.000005,0.977010,-0.408738
2010-09-03,,3.0200,2.8600,21.3100,58.1281,46.010000,45.814800,0.142574,0.065824,0,0,1,1,0,2,-1,1,0.0000,0.0000,0,0.050934,0.00000555,0.000006,0.977016,-0.408735
2010-09-07,,2.9700,2.8600,23.8000,53.2020,45.700000,45.821535,0.143470,0.077025,0,0,1,0,0,1,-3,2,0.0000,0.0000,0,-0.024344,0.00000555,0.000006,0.977021,-0.408732
2010-09-08,,2.9600,2.8600,23.2500,55.6650,46.250000,45.834485,0.141984,0.060568,0,0,1,1,0,2,-1,1,0.0000,0.0000,0,0.035320,0.00000555,0.000006,0.977027,-0.408728
2010-09-09,,2.9500,2.8600,22.8100,56.8966,46.430000,45.849435,0.142445,0.064383,0,0,1,1,0,2,-1,2,0.0000,0.0000,0,0.013645,0.00000555,0.000006,0.977032,-0.408725
2010-09-10,,2.9600,2.8600,21.9900,58.6207,46.600000,45.861735,0.141009,0.047055,0,0,1,1,0,2,-1,2,0.0000,0.0000,0,0.009772,0.00000555,0.000006,0.977037,-0.408722
2010-09-13,,2.9400,2.8600,21.2100,62.5616,47.250000,45.878035,0.140082,0.034580,0,0,1,1,0,2,-1,2,0.0000,0.0000,0,0.043974,0.00000555,0.000006,0.977043,-0.408719
2010-09-14,,2.9700,2.8600,21.5600,63.7931,47.450000,45.894385,0.139870,0.039386,0,0,1,1,0,2,-1,2,0.0000,0.0000,0,0.012734,0.00000595,0.000006,0.977049,-0.408715
2010-09-15,,2.9700,2.8600,22.1000,64.5320,47.750000,45.915585,0.138663,0.035245,0,0,1,1,0,2,-1,2,0.0000,0.0000,0,0.017506,0.00000595,0.000006,0.977054,-0.408712
2010-09-16,,3.0000,2.8600,21.7200,63.7931,47.940000,45.937485,0.138080,0.039987,0,0,1,1,0,2,-1,2,0.0000,0.0000,0,0.013613,0.00000595,0.000006,0.977060,-0.408708
2010-09-17,,3.0200,2.8600,22.0100,64.7783,47.995000,45.957410,0.137123,0.038738,0,0,1,1,0,2,-1,2,0.0000,0.0000,0,0.010647,0.00000634,0.000006,0.977066,-0.408704
2010-09-20,,3.0300,2.8600,21.5000,69.2118,48.829900,45.981210,0.136853,0.025230,0,0,1,1,0,2,-1,2,0.0000,0.0000,0,0.052097,0.00000634,0.000006,0.977073,-0.408701
2010-09-21,,3.0200,2.8600,22.3500,67.9803,48.820000,46.005860,0.136559,0.022737,0,0,1,1,0,2,-1,2,0.0000,0.0000,0,-0.003151,0.00000674,0.000007,0.977079,-0.408697
2010-09-22,,3.0500,2.8600,22.5100,66.7488,48.690000,46.028710,0.138027,0.022825,0,0,1,1,0,2,-1,2,0.0000,0.0000,0,-0.004744,0.00000674,0.000007,0.977086,-0.408693
2010-09-23,,3.0500,2.8600,23.8700,62.8079,48.670000,46.052510,0.137647,0.009427,0,0,1,1,0,2,-1,2,0.0000,0.0000,0,-0.002993,0.00000634,0.000006,0.977092,-0.408689
2010-09-24,,3.0400,2.8600,21.7100,70.6897,49.660000,46.082600,0.136997,0.002431,0,0,1,1,0,2,-1,2,0.0000,0.0000,0,0.056626,0.00000634,0.000006,0.977098,-0.408685
2010-09-27,,3.0500,2.8650,22.5400,69.2118,49.390000,46.109150,0.137919,0.008105,0,0,1,1,0,2,-1,2,0.0000,0.0000,0,-0.011447,0.00000595,0.000006,0.977104,-0.408682
2010-09-28,,3.0400,2.8700,22.6000,70.9360,49.370000,46.134500,0.137896,0.001426,0,0,1,1,0,2,-1,2,0.0000,0.0000,0,0.002512,0.00000634,0.000006,0.977110,-0.408678
2010-09-29,,3.0600,2.8750,23.2500,70.6897,49.290000,46.160300,0.137503,-0.008202,0,0,1,1,1,3,1,2,0.0000,0.0000,0,-0.008055,0.00000634,0.000006,0.977116,-0.408674
2010-09-30,,3.0600,2.8850,23.7000,69.7044,49.070000,46.182900,0.137475,-0.007170,0,0,1,1,1,3,1,3,0.0000,0.0000,0,-0.013540,0.00000634,0.000006,0.977123,-0.408670
2010-10-01,,3.0500,2.8900,22.5000,70.9360,49.010000,46.206450,0.137716,-0.003422,0,0,1,1,1,3,1,3,0.0000,0.0000,0,-0.003109,0.00000634,0.000006,0.977129,-0.408667
2010-10-04,,3.0700,2.8900,23.5300,68.4729,48.480000,46.227050,0.138430,0.003173,0,0,1,1,0,2,-1,3,0.0000,0.0000,0,-0.034693,0.00000634,0.000006,0.977135,-0.408663
2010-10-05,,3.1000,2.8900,21.7600,75.1232,49.660000,46.256250,0.137194,-0.009263,0,0,1,1,1,3,1,2,0.0000,0.0000,0,0.074445,0.00000516,0.000005,0.977140,-0.408660
2010-10-06,,3.1100,2.8900,21.4900,73.3990,49.230000,46.280100,0.136560,-0.002459,0,0,1,1,1,3,1,3,0.0000,0.0000,0,-0.026283,0.00000476,0.000005,0.977145,-0.408657
2010-10-07,,3.1300,2.8900,21.5600,73.1527,49.410000,46.302350,0.136983,0.000730,0,0,1,1,0,2,-1,3,0.0000,0.0000,0,0.010633,0.00000516,0.000005,0.977150,-0.408654
2010-10-08,,3.1800,2.8900,20.7100,75.1232,49.750000,46.324950,0.136608,-0.007869,0,0,1,1,1,3,1,2,0.0000,0.0000,0,0.021042,0.00000516,0.000005,0.977155,-0.408651
2010-10-11,,3.2100,2.8900,18.9600,75.1232,49.770000,46.346000,0.136562,-0.020574,0,1,1,1,1,4,3,3,0.0000,0.0000,0,0.001146,0.00000476,0.000005,0.977159,-0.408648
2010-10-12,,3.2100,2.8900,18.9300,76.1084,50.110000,46.366650,0.135587,-0.037639,0,1,1,1,1,4,3,4,1.0000,1.0000,1,0.020757,0.00000476,0.027335,1.003870,-0.392483
2010-10-13,,3.2200,2.8900,19.0700,77.5862,50.520000,46.388150,0.135049,-0.039323,0,1,1,1,1,4,3,4,1.0000,1.0000,0,0.024303,0.00000516,0.024303,1.028267,-0.377719
2010-10-14,,3.2200,2.8900,19.8800,75.8621,50.420000,46.410100,0.135365,-0.036261,0,1,1,1,1,4,3,4,1.0000,1.0000,0,-0.005554,0.00000516,-0.005554,1.022557,-0.381175
2010-10-15,,3.2300,2.8900,19.0300,75.8621,51.490000,46.436700,0.135493,-0.028158,0,1,1,1,1,4,3,4,1.0000,1.0000,0,0.063792,0.00000555,0.063792,1.087788,-0.341699
2010-10-18,,3.2600,2.8900,19.0900,78.0788,51.300000,46.464450,0.134554,-0.027144,0,1,1,1,1,4,3,4,1.0000,1.0000,0,0.000000,0.00000555,-0.000000,1.087788,-0.341699
2010-10-19,,3.2600,2.8900,20.6300,74.4472,50.820000,46.486450,0.136897,-0.004961,0,0,1,1,1,3,1,4,1.0000,1.0000,0,-0.039765,0.00000595,-0.039765,1.044532,-0.367876
2010-10-20,,3.2500,2.8900,19.7900,76.1671,51.160000,46.510150,0.136676,-0.023681,0,1,1,1,1,4,3,3,0.0000,0.0000,1,0.020790,0.00000555,0.009571,1.054529,-0.361826
2010-10-21,,3.2300,2.8900,19.2700,76.6585,51.290000,46.535900,0.135783,-0.032028,0,1,1,1,1,4,3,4,1.0000,1.0000,1,0.006976,0.00000555,-0.013156,1.040656,-0.370221
2010-10-22,,3.2000,2.8900,18.7800,76.6585,51.640000,46.563250,0.134689,-0.029518,0,1,1,1,1,4,3,4,1.0000,1.0000,0,0.019499,0.00000516,0.019499,1.060948,-0.357942
2010-10-25,,3.1800,2.8900,19.8500,76.9042,51.890000,46.589950,0.133973,-0.029190,0,1,1,1,1,4,3,4,1.0000,1.0000,0,0.015332,0.00000516,0.015332,1.077214,-0.348098
2010-10-26,,3.1300,2.8900,20.2200,76.1671,52.030000,46.618300,0.133623,-0.029396,0,0,1,1,1,3,1,4,1.0000,1.0000,0,0.006385,0.00000555,0.006385,1.084092,-0.343935
2010-10-27,,3.1300,2.8900,20.7100,76.9042,52.190000,46.650350,0.133342,-0.032404,0,0,1,1,1,3,1,3,0.0000,0.0000,1,0.009745,0.00000555,-0.013500,1.069456,-0.352792
2010-10-28,,3.0900,2.8950,20.8800,77.3956,52.300000,46.680100,0.133750,-0.024229,0,0,1,1,1,3,1,3,0.0000,0.0000,0,0.005745,0.00000555,0.000006,1.069462,-0.352789
2010-10-29,,3.1600,2.9000,21.2000,77.3956,52.180000,46.709050,0.133851,-0.024436,0,0,1,1,1,3,1,3,0.0000,0.0000,0,-0.004799,0.00000516,0.000005,1.069468,-0.352786
2010-11-01,,3.1500,2.9000,21.8300,76.9042,52.220000,46.740900,0.132625,-0.040092,0,0,1,1,1,3,1,3,0.0000,0.0000,0,0.002298,0.00000476,0.000005,1.069473,-0.352782
2010-11-02,,3.1300,2.9000,21.5700,79.3612,52.780000,46.771850,0.132999,-0.035511,0,0,1,1,1,3,1,3,0.0000,0.0000,0,0.030311,0.00000516,0.000005,1.069478,-0.352779
2010-11-03,,3.0800,2.9050,19.5600,79.6069,53.020000,46.807350,0.132347,-0.051883,0,1,1,1,1,4,3,3,0.0000,0.0000,0,0.014451,0.00000516,0.000005,1.069484,-0.352776
2010-11-04,,3.1600,2.9100,18.5200,83.5381,53.670000,46.848250,0.131114,-0.072569,0,1,1,1,1,4,3,4,1.0000,1.0000,1,0.035432,0.00000516,0.000372,1.069881,-0.352535
2010-11-05,,3.2400,2.9100,18.2600,84.2752,53.670000,46.895800,0.130576,-0.082336,0,1,1,1,1,4,3,4,1.0000,1.0000,0,0.001197,0.00000516,0.001197,1.071162,-0.351760
2010-11-08,,3.2700,2.9150,18.2900,83.5381,53.737500,46.942937,0.130092,-0.092414,0,1,1,1,1,4,3,4,1.0000,1.0000,0,0.002538,0.00000516,0.002538,1.073881,-0.350115
2010-11-09,,3.2500,2.9200,19.0800,82.3096,53.450000,46.988437,0.130581,-0.089342,0,1,1,1,1,4,3,4,1.0000,1.0000,0,-0.016168,0.00000516,-0.016168,1.056519,-0.360622
2010-11-10,,3.2500,2.9200,18.4700,82.3096,53.715000,47.033512,0.129361,-0.095019,0,1,1,1,1,4,3,4,1.0000,1.0000,0,0.015289,0.00000516,0.015289,1.072672,-0.350846
2010-11-11,,3.3100,2.9200,18.6400,80.5897,53.385000,47.082687,0.129897,-0.082912,0,1,1,1,1,4,3,4,1.0000,1.0000,0,-0.016818,0.00000516,-0.016818,1.054632,-0.361764
2010-11-12,,3.3100,2.9200,20.6100,77.8870,52.510000,47.131287,0.130410,-0.082993,0,0,1,1,1,3,1,4,1.0000,1.0000,0,-0.050886,0.00000516,-0.050886,1.000966,-0.394241
2010-11-15,,3.2400,2.9200,20.2000,78.3784,52.315000,47.176562,0.130988,-0.084062,0,0,1,1,1,3,1,3,0.0000,0.0000,1,-0.010685,0.00000516,0.016913,1.017896,-0.383996
2010-11-16,,3.2000,2.9200,22.5800,73.9558,51.450000,47.215562,0.131517,-0.088708,0,0,1,1,1,3,1,3,0.0000,0.0000,0,-0.049647,0.00000555,0.000006,1.017901,-0.383992
2010-11-17,,3.1500,2.9200,21.7600,73.2187,51.600000,47.254112,0.131389,-0.109083,0,0,1,1,1,3,1,3,0.0000,0.0000,0,0.009464,0.00000595,0.000006,1.017907,-0.383988
2010-11-18,,3.1300,2.9200,18.7500,76.6585,52.430000,47.303162,0.130228,-0.114664,0,1,1,1,1,4,3,3,0.0000,0.0000,0,0.046482,0.00000555,0.000006,1.017913,-0.383985
2010-11-19,,3.1200,2.9200,18.0400,76.4128,52.470000,47.350612,0.129437,-0.124136,0,1,1,1,1,4,3,4,1.0000,1.0000,1,0.002353,0.00000595,0.005441,1.023452,-0.380633
2010-11-22,,3.1100,2.9200,18.3700,75.6757,52.910000,47.401812,0.129878,-0.122174,0,1,1,1,1,4,3,4,1.0000,1.0000,0,0.026361,0.00000555,0.026361,1.050431,-0.364306
2010-11-23,,3.1400,2.9200,20.6300,72.2359,52.070000,47.446612,0.130438,-0.117241,0,0,1,1,1,3,1,4,1.0000,1.0000,0,-0.047233,0.00000595,-0.047233,1.000816,-0.394332
2010-11-24,,3.1300,2.9200,19.5600,77.2616,53.120000,47.497112,0.129222,-0.133116,0,1,1,1,1,4,3,3,0.0000,0.0000,1,0.058403,0.00000595,0.028221,1.029060,-0.377239
2010-11-26,,3.1000,2.9200,22.2200,75.7946,52.940000,47.543462,0.129419,-0.119023,0,0,1,1,1,3,1,4,1.0000,1.0000,1,-0.006292,0.00000634,0.011127,1.040511,-0.370310
2010-11-29,,3.0700,2.9200,21.5300,73.8386,52.730000,47.588312,0.129236,-0.110137,0,0,1,1,1,3,1,3,0.0000,0.0000,1,-0.013920,0.00000634,-0.016990,1.022832,-0.381008
2010-11-30,,3.0400,2.9200,23.5400,72.6161,52.085000,47.627137,0.129797,-0.095757,0,0,1,1,1,3,1,3,0.0000,0.0000,0,-0.038016,0.00000714,0.000007,1.022840,-0.381003
2010-12-01,,3.0300,2.9200,21.3600,77.5061,53.190000,47.670237,0.128543,-0.114828,0,0,1,1,1,3,1,3,0.0000,0.0000,0,0.063587,0.00000674,0.000007,1.022847,-0.380999
2010-12-02,,3.0100,2.9200,19.3900,81.9071,53.730000,47.714637,0.127244,-0.115249,0,1,1,1,1,4,3,3,0.0000,0.0000,0,0.030366,0.00000634,0.000006,1.022853,-0.380995
2010-12-03,,2.9900,2.9200,18.0100,82.3961,53.870000,47.759837,0.127248,-0.118200,0,1,1,1,1,4,3,4,1.0000,1.0000,1,0.008360,0.00000634,0.020455,1.043776,-0.368334
2010-12-06,,3.0200,2.9200,18.0200,81.6626,53.845000,47.805362,0.127036,-0.109116,0,1,1,1,1,4,3,4,1.0000,1.0000,0,-0.001756,0.00000555,-0.001756,1.041942,-0.369443
2010-12-07,,3.0200,2.9200,17.9900,82.6406,53.880000,47.853962,0.126109,-0.108691,0,1,1,1,1,4,3,4,1.0000,1.0000,0,0.000916,0.00000595,0.000916,1.042897,-0.368865
2010-12-08,,2.9900,2.9200,17.7400,84.1076,54.080000,47.901312,0.125193,-0.114860,0,1,1,1,1,4,3,4,1.0000,1.0000,0,0.013817,0.00000555,0.013817,1.057307,-0.360145
2010-12-09,,2.9000,2.9200,17.2500,84.8411,54.135000,47.948987,0.125283,-0.105607,1,1,1,1,1,5,5,4,1.0000,1.0000,0,0.001143,0.00000595,0.001143,1.058515,-0.359414
2010-12-10,,2.8600,2.9200,17.6100,87.7751,54.495000,47.997662,0.125000,-0.104309,1,1,1,1,1,5,5,5,1.0000,1.0000,0,0.020924,0.00000555,0.020924,1.080663,-0.346010
2010-12-13,,2.7900,2.9200,17.5500,88.5086,54.300000,48.042112,0.125502,-0.093846,1,1,1,1,1,5,5,5,1.0000,1.0000,0,-0.011672,0.00000516,-0.011672,1.068050,-0.353643
2010-12-14,,2.8000,2.9200,17.6100,87.7751,54.395000,48.086337,0.125732,-0.088707,1,1,1,1,1,5,5,5,1.0000,1.0000,0,0.004118,0.00000595,0.004118,1.072449,-0.350981
2010-12-15,,2.7500,2.9200,17.9400,86.0636,54.160000,48.129137,0.125224,-0.090376,1,1,1,1,1,5,5,5,1.0000,1.0000,0,-0.010188,0.00000595,-0.010188,1.061522,-0.357594
2010-12-16,,2.7400,2.9200,17.3900,87.2861,54.580000,48.173287,0.125611,-0.098994,1,1,1,1,1,5,5,5,1.0000,1.0000,0,0.020865,0.00000555,0.020865,1.083671,-0.344190
2010-12-17,,2.7700,2.9200,16.1100,86.5526,54.520000,48.213687,0.125302,-0.099096,1,1,1,1,1,5,5,5,1.0000,1.0000,0,0.003046,0.00000516,0.003046,1.086971,-0.342193
2010-12-20,,2.7300,2.9200,16.4100,88.0196,54.560000,48.253837,0.125241,-0.093123,1,1,1,1,1,5,5,5,1.0000,1.0000,0,0.002705,0.00000436,0.002705,1.089911,-0.340414
2010-12-21,,2.7500,2.9200,16.4900,89.2421,54.890000,48.294337,0.124452,-0.107148,1,1,1,1,1,5,5,5,1.0000,1.0000,0,0.016477,0.00000555,0.016477,1.107869,-0.329546
2010-12-22,,2.7200,2.9200,15.4500,89.7311,54.885000,48.332912,0.124583,-0.105899,1,1,1,1,1,5,5,5,1.0000,1.0000,0,0.001060,0.00000555,0.001060,1.109043,-0.328835
2010-12-23,,2.7300,2.9200,16.4700,89.4866,54.742000,48.369872,0.124841,-0.101043,1,1,1,1,1,5,5,5,1.0000,1.0000,0,-0.007605,0.00000555,-0.007605,1.100609,-0.333939
2010-12-27,,2.7000,2.9200,17.6700,89.4866,54.770000,48.406922,0.124871,-0.100938,1,1,1,1,1,5,5,5,1.0000,1.0000,0,0.000402,0.00000555,0.000402,1.101051,-0.333672
2010-12-28,,2.7000,2.9200,17.5200,89.2421,54.670000,48.444072,0.125060,-0.100866,1,1,1,1,1,5,5,5,1.0000,1.0000,0,-0.004330,0.00000674,-0.004330,1.096284,-0.336557
2010-12-29,,2.6800,2.9200,17.2800,89.9756,54.790000,48.480322,0.124722,-0.109627,1,1,1,1,1,5,5,5,1.0000,1.0000,0,0.005954,0.00000595,0.005954,1.102811,-0.332607
2010-12-30,,2.7000,2.9200,17.5200,88.2641,54.660000,48.515272,0.124573,-0.099696,1,1,1,1,1,5,5,5,1.0000,1.0000,0,-0.007515,0.00000516,-0.007515,1.094524,-0.337622
2010-12-31,,2.6900,2.9200,17.7500,88.5086,54.460000,48.548422,0.124652,-0.094500,1,1,1,1,1,5,5,5,1.0000,1.0000,0,-0.009180,0.00000476,-0.009180,1.084476,-0.343703
2011-01-04,,2.6800,2.9200,17.3800,88.9976,55.265000,48.587297,0.124567,-0.099316,1,1,1,1,1,5,5,5,1.0000,1.0000,0,0.043549,0.00000476,0.043549,1.131704,-0.315122
2011-01-05,,2.7100,2.9200,17.0200,90.7090,55.740000,48.626397,0.123159,-0.107833,1,1,1,1,1,5,5,5,1.0000,1.0000,0,0.024819,0.00000555,0.024819,1.159792,-0.298124
2011-01-06,,2.6700,2.9200,17.4000,89.9756,55.920000,48.664735,0.123518,-0.104311,1,1,1,1,1,5,5,5,1.0000,1.0000,0,0.009042,0.00000555,0.009042,1.170279,-0.291777
2011-01-07,,2.6700,2.9200,17.1400,88.7531,55.870000,48.703985,0.124204,-0.091222,1,1,1,1,1,5,5,5,1.0000,1.0000,0,-0.002320,0.00000595,-0.002320,1.167564,-0.293420
2011-01-10,,2.7300,2.9200,17.5400,88.7531,56.080000,48.744635,0.123681,-0.090647,1,1,1,1,1,5,5,5,1.0000,1.0000,0,0.011244,0.00000555,0.011244,1.180692,-0.285475
2011-01-11,,2.7500,2.9200,16.8900,89.7311,56.160000,48.785435,0.123421,-0.095729,1,1,1,1,1,5,5,5,1.0000,1.0000,0,0.004596,0.00000595,0.004596,1.186119,-0.282191
2011-01-12,,2.6800,2.9200,16.2400,91.1980,56.555000,48.827060,0.122958,-0.101060,1,1,1,1,1,5,5,5,1.0000,1.0000,0,0.020280,0.00000595,0.020280,1.210174,-0.267634
2011-01-13,,2.6800,2.9200,16.3900,90.2200,56.575000,48.867985,0.122967,-0.093249,1,1,1,1,1,5,5,5,1.0000,1.0000,0,0.003151,0.00000595,0.003151,1.213987,-0.265326
2011-01-14,,2.7100,2.9200,15.4600,91.1980,57.000000,48.912185,0.122738,-0.114568,1,1,1,1,1,5,5,5,1.0000,1.0000,0,0.021687,0.00000595,0.021687,1.240314,-0.249394
2011-01-18,,2.7400,2.9200,15.8700,92.4205,57.160000,48.957185,0.122819,-0.111408,1,1,1,1,1,5,5,5,1.0000,1.0000,0,0.007981,0.00000595,0.007981,1.250212,-0.243403
2011-01-19,,2.7200,2.9200,17.3100,91.4425,56.510000,48.996685,0.123743,-0.096267,1,1,1,1,1,5,5,5,1.0000,1.0000,0,-0.033492,0.00000634,-0.033492,1.208340,-0.268743
2011-01-20,,2.7000,2.9200,17.9900,92.1760,56.110000,49.033485,0.124844,-0.079104,1,1,1,1,1,5,5,5,1.0000,1.0000,0,-0.022457,0.00000634,-0.022457,1.181205,-0.285165
2011-01-21,,2.7000,2.9200,18.4700,91.4425,55.680000,49.068735,0.124445,-0.076922,1,1,1,1,1,5,5,5,1.0000,1.0000,0,-0.022846,0.00000634,-0.022846,1.154219,-0.301496
2011-01-24,,2.6800,2.9200,17.6500,91.9315,56.450000,49.107285,0.124438,-0.074735,1,1,1,1,1,5,5,5,1.0000,1.0000,0,0.041298,0.00000634,0.041298,1.201886,-0.272649
2011-01-25,,2.6700,2.9200,17.5900,90.7090,56.532500,49.144797,0.124187,-0.074913,1,1,1,1,1,5,5,5,1.0000,1.0000,0,0.003477,0.00000634,0.003477,1.206065,-0.270120
2011-01-26,,2.6600,2.9200,16.6400,90.7090,56.830000,49.183597,0.123236,-0.086070,1,1,1,1,1,5,5,5,1.0000,1.0000,0,0.015506,0.00000634,0.015506,1.224767,-0.258803
2011-01-27,,2.6800,2.9200,16.1500,91.1980,57.180000,49.222897,0.123394,-0.085705,1,1,1,1,1,5,5,5,1.0000,1.0000,0,0.019279,0.00000634,0.019279,1.248379,-0.244513
2011-01-28,,2.6700,2.9200,20.0400,88.5086,55.730000,49.251997,0.123904,-0.070854,1,0,1,1,1,4,3,5,1.0000,1.0000,0,-0.075426,0.00000595,-0.075426,1.154219,-0.301496
2011-01-31,,2.7000,2.9200,19.5300,89.4866,56.020000,49.281447,0.123251,-0.078933,1,1,1,1,1,5,5,4,1.0000,1.0000,0,0.014802,0.00000595,0.014802,1.171304,-0.291157
2011-02-01,,2.6800,2.9200,17.6300,90.9535,57.050000,49.319047,0.122561,-0.080570,1,1,1,1,1,5,5,5,1.0000,1.0000,0,0.055535,0.00000595,0.055535,1.236352,-0.251791
2011-02-02,,2.6600,2.9200,17.3000,90.2200,56.955000,49.356322,0.122102,-0.073357,1,1,1,1,1,5,5,5,1.0000,1.0000,0,-0.004508,0.00000595,-0.004508,1.230779,-0.255164
2011-02-03,,2.6400,2.9200,16.6900,91.6870,57.057500,49.392860,0.122324,-0.067351,1,1,1,1,1,5,5,5,1.0000,1.0000,0,0.003874,0.00000634,0.003874,1.235546,-0.252279
2011-02-04,,2.6100,2.9200,15.9300,91.9315,57.375000,49.429585,0.121235,-0.072896,1,1,1,1,1,5,5,5,1.0000,1.0000,0,0.018044,0.00000555,0.018044,1.257841,-0.238787
2011-02-07,,2.5700,2.9200,16.2800,91.9315,57.650000,49.466285,0.121259,-0.077476,1,1,1,1,1,5,5,5,1.0000,1.0000,0,0.014516,0.00000595,0.014516,1.276100,-0.227737
2011-02-08,,2.5300,2.9200,15.8100,92.6650,58.025000,49.503810,0.120700,-0.072691,1,1,1,1,1,5,5,5,1.0000,1.0000,0,0.021320,0.00000634,0.021320,1.303306,-0.211272
2011-02-09,,2.5000,2.9200,15.8700,92.6650,57.930000,49.541410,0.120966,-0.074767,1,1,1,1,1,5,5,5,1.0000,1.0000,0,-0.006076,0.00000595,-0.006076,1.295388,-0.216064
2011-02-10,,2.5300,2.9200,16.0900,92.1760,58.021000,49.584815,0.121174,-0.077967,1,1,1,1,1,5,5,5,1.0000,1.0000,0,0.004870,0.00000555,0.004870,1.301696,-0.212247
2011-02-11,,2.5500,2.9200,15.6900,91.6870,58.440000,49.630165,0.120201,-0.091323,1,1,1,1,1,5,5,5,1.0000,1.0000,0,0.020507,0.00000476,0.020507,1.328389,-0.196093
2011-02-14,,2.5600,2.9200,15.9500,91.6870,58.580000,49.671915,0.119051,-0.107031,1,1,1,1,1,5,5,5,1.0000,1.0000,0,0.006292,0.00000476,0.006292,1.336747,-0.191035
2011-02-15,,2.5300,2.9200,16.3700,91.1980,58.500000,49.718227,0.119953,-0.097924,1,1,1,1,1,5,5,5,1.0000,1.0000,0,-0.002576,0.00000516,-0.002576,1.333303,-0.193119
2011-02-16,,2.5300,2.9200,16.7200,92.4205,58.881000,49.762982,0.118790,-0.097956,1,1,1,1,1,5,5,5,1.0000,1.0000,0,0.018481,0.00000516,0.018481,1.357944,-0.178207
2011-02-17,,2.5300,2.9200,16.5900,92.4205,58.860000,49.815132,0.118659,-0.092931,1,1,1,1,1,5,5,5,1.0000,1.0000,0,-0.000865,0.00000476,-0.000865,1.356769,-0.178918
2011-02-18,,2.5600,2.9200,16.4300,92.1760,58.730000,49.867882,0.118598,-0.097210,1,1,1,1,1,5,5,5,1.0000,1.0000,0,-0.005677,0.00000357,-0.005677,1.349067,-0.183579
2011-02-22,,2.5800,2.9200,20.8000,90.4645,57.030000,49.920182,0.120496,-0.084827,1,0,1,1,1,4,3,5,1.0000,1.0000,0,-0.088062,0.00000397,-0.088062,1.230266,-0.255474
2011-02-23,,2.6200,2.9200,22.1300,88.7531,56.560000,49.975932,0.120927,-0.069981,1,0,1,1,1,4,3,4,1.0000,1.0000,0,-0.024678,0.00000476,-0.024678,1.199906,-0.273847
2011-02-24,,2.6000,2.9200,21.3200,88.2641,56.855000,50.021357,0.120589,-0.074879,1,0,1,1,1,4,3,4,1.0000,1.0000,0,0.014239,0.00000476,0.014239,1.216991,-0.263508
2011-02-25,,2.5900,2.9200,19.2200,90.7090,57.650000,50.071007,0.119984,-0.079499,1,1,1,1,1,5,5,4,1.0000,1.0000,0,0.042845,0.00000516,0.042845,1.269134,-0.231953
2011-02-28,,2.6000,2.9200,18.3500,90.7090,57.768900,50.116752,0.120578,-0.079812,1,1,1,1,1,5,5,5,1.0000,1.0000,0,0.007280,0.00000516,0.007280,1.278373,-0.226361
2011-03-01,,2.5700,2.9200,21.0100,88.9976,56.840000,50.161702,0.121382,-0.060279,1,0,1,1,1,4,3,5,1.0000,1.0000,0,-0.048073,0.00000595,-0.048073,1.216918,-0.263552
2011-03-02,,2.5900,2.9200,20.7000,89.2421,57.140000,50.212752,0.121332,-0.049738,1,0,1,1,1,4,3,4,1.0000,1.0000,0,0.014102,0.00000555,0.014102,1.234079,-0.253167
2011-03-03,,2.6000,2.9200,18.6000,90.9535,58.265000,50.268677,0.120626,-0.056517,1,1,1,1,1,5,5,4,1.0000,1.0000,0,0.059663,0.00000516,0.059663,1.307708,-0.208609
2011-03-04,,2.5500,2.9200,19.0600,88.9976,57.967500,50.326364,0.120801,-0.052967,1,1,1,1,1,5,5,5,1.0000,1.0000,0,-0.015421,0.00000516,-0.015421,1.287542,-0.220812
2011-03-07,,2.6000,2.9200,20.6600,89.2421,57.190000,50.382014,0.122232,-0.032895,1,0,1,1,1,4,3,5,1.0000,1.0000,0,-0.039244,0.00000476,-0.039244,1.237014,-0.251391
2011-03-08,,2.5900,2.9200,19.8200,90.2200,57.420000,50.447364,0.122530,-0.022873,1,1,1,1,1,5,5,4,1.0000,1.0000,0,0.010433,0.00000436,0.010433,1.249920,-0.243581
2011-03-09,,2.5900,2.9200,20.2200,90.2200,57.030000,50.508314,0.123952,-0.011363,1,0,1,1,1,4,3,5,1.0000,1.0000,0,-0.020182,0.00000436,-0.020182,1.224693,-0.258847
2011-03-10,,2.6100,2.9200,21.8800,88.5086,56.140000,50.565714,0.124858,-0.001185,1,0,1,1,1,4,3,4,1.0000,1.0000,0,-0.045749,0.00000397,-0.045749,1.168665,-0.292754
2011-03-11,,2.6600,2.9200,20.0800,89.7311,56.490000,50.624664,0.124245,-0.010518,1,0,1,1,1,4,3,4,1.0000,1.0000,0,0.017193,0.00000317,0.017193,1.188758,-0.280594
2011-03-14,,2.6300,2.9200,21.1300,87.2861,56.290000,50.685114,0.123376,-0.019549,1,0,1,1,1,4,3,4,1.0000,1.0000,0,-0.011103,0.00000317,-0.011103,1.175559,-0.288582
2011-03-15,,2.6500,2.9200,24.3200,84.8411,55.490000,50.733214,0.122376,-0.023569,1,0,1,1,1,4,3,4,1.0000,1.0000,0,-0.040050,0.00000357,-0.040050,1.128477,-0.317075
2011-03-16,,2.6800,2.9200,29.4000,80.1956,54.150000,50.775964,0.122806,-0.022575,1,0,1,1,1,4,3,4,1.0000,1.0000,0,-0.073434,0.00000397,-0.073434,1.045609,-0.367224
2011-03-17,,2.7100,2.9200,26.3700,81.9071,54.650000,50.823314,0.121391,-0.032090,1,0,1,1,1,4,3,4,1.0000,1.0000,0,0.026092,0.00000397,0.026092,1.072891,-0.350714
2011-03-18,,2.7200,2.9200,24.4400,83.3741,54.450000,50.864314,0.120715,-0.037056,1,0,1,1,1,4,3,4,1.0000,1.0000,0,-0.005470,0.00000317,-0.005470,1.067022,-0.354265
2011-03-21,,2.6900,2.9200,20.6100,86.0636,55.500000,50.908364,0.120395,-0.033731,1,0,1,1,1,4,3,4,1.0000,1.0000,0,0.055808,0.00000278,0.055808,1.126570,-0.318228
2011-03-22,,2.6400,2.9200,20.2100,85.3301,55.395000,50.959877,0.120988,-0.029661,1,0,1,1,1,4,3,4,1.0000,1.0000,0,-0.002735,0.00000397,-0.002735,1.123490,-0.320093
2011-03-23,,2.6400,2.9200,19.1700,86.0636,55.710000,51.017077,0.120585,-0.035195,1,1,1,1,1,5,5,4,1.0000,1.0000,0,0.015132,0.00000397,0.015132,1.140490,-0.309804
2011-03-24,,2.6300,2.9200,18.0000,86.7971,56.700000,51.079627,0.119939,-0.041145,1,1,1,1,1,5,5,5,1.0000,1.0000,0,0.054411,0.00000357,0.054411,1.202545,-0.272250
2011-03-25,,2.5900,2.9200,17.9100,87.2861,56.840000,51.144727,0.119535,-0.046104,1,1,1,1,1,5,5,5,1.0000,1.0000,0,0.007318,0.00000357,0.007318,1.211345,-0.266925
2011-03-28,,2.5800,2.9200,19.4400,87.0416,56.530000,51.202027,0.119408,-0.044323,1,1,1,1,1,5,5,5,1.0000,1.0000,0,-0.016950,0.00000357,-0.016950,1.190813,-0.279350
2011-03-29,,2.5600,2.9200,18.1600,88.0196,57.080000,51.259927,0.119767,-0.040449,1,1,1,1,1,5,5,5,1.0000,1.0000,0,0.028697,0.00000436,0.028697,1.224986,-0.258670
2011-03-30,,2.5900,2.9200,17.7100,90.0000,57.350000,51.319227,0.120321,-0.036686,1,1,1,1,1,5,5,5,1.0000,1.0000,0,0.014726,0.00000397,0.014726,1.243026,-0.247752
2011-03-31,,2.5900,2.9200,17.7400,88.7805,57.430000,51.372827,0.120183,-0.036752,1,1,1,1,1,5,5,5,1.0000,1.0000,0,0.004248,0.00000397,0.004248,1.248306,-0.244557
2011-04-01,,2.5800,2.9200,17.4000,89.2683,57.460000,51.425627,0.120541,-0.022176,1,1,1,1,1,5,5,5,1.0000,1.0000,0,0.001527,0.00000357,0.001527,1.250212,-0.243403
2011-04-04,,2.5800,2.9200,17.5000,89.5122,57.270000,51.476727,0.120441,-0.026060,1,1,1,1,1,5,5,5,1.0000,1.0000,0,-0.009032,0.00000278,-0.009032,1.238920,-0.250237
2011-04-05,,2.5800,2.9200,17.2500,88.7805,57.120000,51.527327,0.119998,-0.035473,1,1,1,1,1,5,5,5,1.0000,1.0000,0,-0.011365,0.00000238,-0.011365,1.224840,-0.258758
2011-04-06,,2.5500,2.9200,16.9000,89.7561,57.260000,51.580627,0.120455,-0.027455,1,1,1,1,1,5,5,5,1.0000,1.0000,0,0.007543,0.00000278,0.007543,1.234079,-0.253167
2011-04-07,,2.5500,2.9200,17.1100,90.0000,57.220000,51.635527,0.120275,-0.026670,1,1,1,1,1,5,5,5,1.0000,1.0000,0,-0.000237,0.00000238,-0.000237,1.233786,-0.253344
2011-04-08,,2.5700,2.9200,17.8700,89.5122,56.950000,51.690027,0.120352,-0.021901,1,1,1,1,1,5,5,5,1.0000,1.0000,0,-0.014980,0.00000159,-0.014980,1.215305,-0.264529
2011-04-11,,2.5600,2.9200,16.5900,89.0244,56.760000,51.747077,0.119130,-0.032198,1,1,1,1,1,5,5,5,1.0000,1.0000,0,-0.009412,0.00000159,-0.009412,1.203866,-0.271451
2011-04-12,,2.5500,2.9200,17.0900,89.0244,56.370000,51.802577,0.119723,-0.024974,1,1,1,1,1,5,5,5,1.0000,1.0000,0,-0.019371,0.00000198,-0.019371,1.180546,-0.285564
2011-04-13,,2.5800,2.9200,16.9200,89.5377,56.850000,51.861277,0.120037,-0.022993,1,1,1,1,1,5,5,5,1.0000,1.0000,0,0.022797,0.00000198,0.022797,1.207459,-0.269277
2011-04-14,,2.5800,2.9200,16.2700,89.0511,56.750000,51.928177,0.120667,-0.025494,1,1,1,1,1,5,5,5,1.0000,1.0000,0,-0.004434,0.00000238,-0.004434,1.202106,-0.272516
2011-04-15,,2.5500,2.9200,15.3200,89.0511,56.650000,51.997877,0.121554,-0.027166,1,1,1,1,1,5,5,5,1.0000,1.0000,0,-0.005978,0.00000278,-0.005978,1.194919,-0.276865
2011-04-18,,2.5600,2.9200,16.9600,87.8345,56.250000,52.066177,0.121860,-0.021129,1,1,1,1,1,5,5,5,1.0000,1.0000,0,-0.019763,0.00000278,-0.019763,1.171304,-0.291157
2011-04-19,,2.5800,2.9200,15.8300,88.0779,56.600000,52.136827,0.121202,-0.026456,1,1,1,1,1,5,5,5,1.0000,1.0000,0,0.018032,0.00000278,0.018032,1.192424,-0.278375
2011-04-20,,2.5600,2.9200,15.0700,88.8078,57.875000,52.213202,0.121112,-0.025516,1,1,1,1,1,5,5,5,1.0000,1.0000,0,0.066546,0.00000238,0.066546,1.271775,-0.230354
2011-04-21,,2.5500,2.9200,14.6900,88.8078,58.340000,52.285102,0.120496,-0.022935,1,1,1,1,1,5,5,5,1.0000,1.0000,0,0.025371,0.00000238,0.025371,1.304041,-0.210827
2011-04-25,,2.5700,2.9200,15.7700,89.0511,58.490000,52.356552,0.120735,-0.022156,1,1,1,1,1,5,5,5,1.0000,1.0000,0,0.007422,0.00000238,0.007422,1.313720,-0.204970
2011-04-26,,2.5800,2.9200,15.6200,91.2409,58.820000,52.427552,0.120705,-0.027243,1,1,1,1,1,5,5,5,1.0000,1.0000,0,0.017194,0.00000278,0.017194,1.336308,-0.191301
2011-04-27,,2.5700,2.9200,15.3500,92.9440,59.220000,52.499902,0.120918,-0.019958,1,1,1,1,1,5,5,5,1.0000,1.0000,0,0.020745,0.00000278,0.020745,1.364029,-0.174524
2011-04-28,,2.5700,2.9200,14.6200,93.6740,59.130000,52.568902,0.121556,-0.008541,1,1,1,1,1,5,5,5,1.0000,1.0000,0,-0.001505,0.00000238,-0.001505,1.361976,-0.175767
2011-04-29,,2.5900,2.9200,14.7500,92.9612,59.080000,52.636502,0.121528,-0.004921,1,1,1,1,1,5,5,5,1.0000,1.0000,0,-0.004847,0.00000159,-0.004847,1.355375,-0.179761
2011-05-02,,2.5800,2.9200,15.9900,92.7184,58.970000,52.703352,0.121752,-0.004872,1,1,1,1,1,5,5,5,1.0000,1.0000,0,-0.005410,0.00000159,-0.005410,1.348042,-0.184199
2011-05-03,,2.5700,2.9200,16.7000,91.7476,58.690000,52.775102,0.122965,0.014764,1,1,1,1,0,4,3,5,1.0000,1.0000,0,-0.015016,0.00000198,-0.015016,1.327801,-0.196449
2011-05-04,,2.5700,2.9200,17.0800,91.0194,58.600000,52.844502,0.123637,0.020041,1,1,1,1,0,4,3,4,1.0000,1.0000,0,-0.005854,0.00000119,-0.005854,1.320028,-0.201153
2011-05-05,,2.5600,2.9200,18.2000,90.0485,58.280000,52.909602,0.123868,0.026449,1,1,1,1,0,4,3,4,1.0000,1.0000,0,-0.014999,0.00000119,-0.014999,1.300228,-0.213135
2011-05-06,,2.5900,2.9200,18.4000,91.2621,58.470000,52.978752,0.123994,0.025401,1,1,1,1,0,4,3,4,1.0000,1.0000,0,0.008685,0.00000079,0.008685,1.311521,-0.206301
2011-05-09,,2.6000,2.9200,17.1600,90.7767,58.690000,53.043352,0.123812,0.022164,1,1,1,1,0,4,3,4,1.0000,1.0000,0,0.010848,0.00000079,0.010848,1.325748,-0.197691
2011-05-10,,2.6400,2.9200,15.9100,92.4757,59.190000,53.109002,0.124426,0.035884,1,1,1,1,0,4,3,4,1.0000,1.0000,0,0.025668,0.00000119,0.025668,1.359777,-0.177098
2011-05-11,,2.6100,2.9200,16.9500,90.2913,58.755000,53.170577,0.125446,0.054124,1,1,1,1,0,4,3,4,1.0000,1.0000,0,-0.022004,0.00000119,-0.022004,1.329856,-0.195205
2011-05-12,,2.6100,2.9200,16.0300,91.2621,59.110000,53.234027,0.126110,0.052128,1,1,1,1,0,4,3,4,1.0000,1.0000,0,0.018196,0.00000119,0.018196,1.354055,-0.180561
2011-05-13,,2.6400,2.9200,17.0700,88.8350,58.410000,53.295827,0.126492,0.064933,1,1,1,1,0,4,3,4,1.0000,1.0000,0,-0.035534,0.00000079,-0.035534,1.305939,-0.209679
2011-05-16,,2.6400,2.9200,18.2400,87.8641,57.399000,53.354272,0.127450,0.073495,1,1,1,1,0,4,3,4,1.0000,1.0000,0,-0.051994,0.00000119,-0.051994,1.238039,-0.250771
2011-05-17,,2.6000,2.9200,17.5500,88.1068,57.560000,53.413022,0.128407,0.081874,1,1,1,1,0,4,3,4,1.0000,1.0000,0,0.008175,0.00000159,0.008175,1.248160,-0.244646
2011-05-18,,2.5900,2.9200,16.2300,88.3495,58.040000,53.469872,0.126823,0.053519,1,1,1,1,0,4,3,4,1.0000,1.0000,0,0.024324,0.00000159,0.024324,1.278519,-0.226273
2011-05-19,,2.5900,2.9200,15.5200,88.8350,58.210000,53.528572,0.126875,0.050555,1,1,1,1,0,4,3,4,1.0000,1.0000,0,0.008606,0.00000198,0.008606,1.289522,-0.219614
2011-05-20,,2.6100,2.9200,17.4300,86.8932,57.765000,53.582707,0.127722,0.060364,1,1,1,1,0,4,3,4,1.0000,1.0000,0,-0.022067,0.00000198,-0.022067,1.261066,-0.236835
2011-05-23,,2.6300,2.9200,18.2700,84.7458,56.920000,53.633157,0.127745,0.064550,1,1,1,1,0,4,3,4,1.0000,1.0000,0,-0.043382,0.00000198,-0.043382,1.206358,-0.269943
2011-05-24,,2.6200,2.9200,17.8200,83.7772,56.570000,53.682207,0.127700,0.058530,1,1,1,1,0,4,3,4,1.0000,1.0000,0,-0.018845,0.00000238,-0.018845,1.183624,-0.283701
2011-05-25,,2.6200,2.9200,17.0700,84.9879,56.790000,53.730757,0.127011,0.046895,1,1,1,1,0,4,3,4,1.0000,1.0000,0,0.011154,0.00000238,0.011154,1.196826,-0.275712
2011-05-26,,2.6400,2.9200,16.0900,85.9564,57.141500,53.783102,0.126391,0.042262,1,1,1,1,0,4,3,4,1.0000,1.0000,0,0.018751,0.00000238,0.018751,1.219267,-0.262131
2011-05-27,,2.6400,2.9200,15.9800,86.9249,57.430000,53.843252,0.125908,0.043800,1,1,1,1,0,4,3,4,1.0000,1.0000,0,0.014916,0.00000198,0.014916,1.237453,-0.251125
2011-05-31,,2.6500,2.9200,15.4500,87.4092,58.360000,53.909852,0.125547,0.040004,1,1,1,1,0,4,3,4,1.0000,1.0000,0,0.048122,0.00000198,0.048122,1.297001,-0.215088
2011-06-01,,2.6500,2.9200,18.3000,81.5981,57.090000,53.971702,0.127095,0.039914,1,1,1,1,0,4,3,4,1.0000,1.0000,0,-0.063892,0.00000238,-0.063892,1.214133,-0.265238
2011-06-02,,2.6800,2.9150,18.0900,81.8402,57.210000,54.033752,0.126850,0.035035,1,1,1,1,0,4,3,4,1.0000,1.0000,0,0.005798,0.00000198,0.005798,1.221173,-0.260977
2011-06-03,,2.7000,2.9150,17.9500,78.9346,56.350000,54.088642,0.127243,0.026154,1,1,1,1,0,4,3,4,1.0000,1.0000,0,-0.045401,0.00000159,-0.045401,1.165731,-0.294530
2011-06-06,,2.7300,2.9050,18.4900,73.1235,55.890000,54.140342,0.128013,0.025098,1,1,1,1,0,4,3,4,1.0000,1.0000,0,-0.024157,0.00000159,-0.024157,1.137570,-0.311572
2011-06-07,,2.7500,2.9000,18.0700,71.6707,55.790000,54.194992,0.128257,0.031815,1,1,1,1,0,4,3,4,1.0000,1.0000,0,-0.005800,0.00000198,-0.005800,1.130972,-0.315565
2011-06-08,,2.7500,2.9000,18.7900,69.2494,55.390000,54.247342,0.129108,0.045877,1,1,1,1,0,4,3,4,1.0000,1.0000,0,-0.021787,0.00000198,-0.021787,1.106331,-0.330476
2011-06-09,,2.7300,2.9000,17.7700,69.4915,55.485000,54.302367,0.128246,0.048256,1,1,1,1,0,4,3,4,1.0000,1.0000,0,0.004638,0.00000159,0.004638,1.111462,-0.327371
2011-06-10,,2.7300,2.9000,18.8600,63.4383,54.640000,54.357317,0.129193,0.052598,1,1,1,1,0,4,3,4,1.0000,1.0000,0,-0.045922,0.00000198,-0.045922,1.060421,-0.358260
2011-06-13,,2.7100,2.8800,19.6100,63.4383,54.640000,54.410167,0.129679,0.068215,1,1,1,1,0,4,3,4,1.0000,1.0000,0,0.000693,0.00000198,0.000693,1.061156,-0.357815
2011-06-14,,2.7200,2.8300,18.2600,68.7651,55.340000,54.469167,0.128557,0.065744,1,1,1,1,0,4,3,4,1.0000,1.0000,0,0.037179,0.00000198,0.037179,1.100609,-0.333939
2011-06-15,,2.7100,2.7950,21.3200,61.5012,54.290000,54.520267,0.129271,0.072181,1,0,1,0,0,2,-1,4,1.0000,1.0000,0,-0.054637,0.00000198,-0.054637,1.040475,-0.370331
2011-06-16,,2.7400,2.7800,22.7300,61.7433,54.080000,54.572617,0.130008,0.073407,1,0,1,0,0,2,-1,2,0.0000,0.0000,1,-0.013955,0.00000198,0.000363,1.040853,-0.370103
2011-06-17,,2.7500,2.7600,21.8500,62.9540,53.790000,54.624267,0.129831,0.075134,1,0,1,0,0,2,-1,2,0.0000,0.0000,0,-0.007433,0.00000198,0.000002,1.040855,-0.370101
2011-06-20,,2.7900,2.7600,19.9900,64.1646,54.070000,54.670817,0.129914,0.081134,0,1,1,0,0,2,-1,2,0.0000,0.0000,0,0.013249,0.00000159,0.000002,1.040856,-0.370100
2011-06-21,,2.7600,2.7550,18.8600,71.4286,55.230000,54.720667,0.128235,0.071752,0,1,1,1,0,3,1,2,0.0000,0.0000,0,0.066666,0.00000119,0.000001,1.040858,-0.370100
2011-06-22,,2.7500,2.7500,18.5200,67.0702,54.831000,54.764772,0.128157,0.071984,1,1,1,1,0,4,3,3,0.0000,0.0000,0,-0.022521,0.00000119,0.000001,1.040859,-0.370099
2011-06-23,,2.7400,2.7500,19.2900,67.3123,55.340000,54.812972,0.127435,0.062292,1,1,1,1,0,4,3,4,1.0000,1.0000,1,0.027676,0.00000079,0.062376,1.105784,-0.330808
2011-06-24,,2.7600,2.7500,21.1000,63.4383,54.380000,54.853622,0.129327,0.071494,0,0,1,0,0,1,-3,4,1.0000,1.0000,0,-0.052666,0.00000040,-0.052666,1.047546,-0.366052
2011-06-27,,2.8300,2.7500,20.5600,65.3753,55.245000,54.897697,0.129123,0.071782,0,0,1,1,0,2,-1,1,0.0000,0.0000,1,0.048593,0.00000079,0.004561,1.052324,-0.363160
2011-06-28,,2.8700,2.7500,19.1700,69.2494,56.070000,54.945047,0.128038,0.060543,0,1,1,1,0,3,1,2,0.0000,0.0000,0,0.045138,0.00000079,0.000001,1.052325,-0.363160
2011-06-29,,2.8100,2.7500,17.2700,70.9443,56.300000,54.990297,0.127792,0.059870,0,1,1,1,0,3,1,3,0.0000,0.0000,0,0.012267,0.00000119,0.000001,1.052326,-0.363159
2011-06-30,,2.7500,2.7500,16.5200,75.3027,57.050000,55.038297,0.126847,0.056540,1,1,1,1,0,4,3,3,0.0000,0.0000,0,0.037995,0.00000079,0.000001,1.052327,-0.363159
2011-07-01,,2.7200,2.7500,15.8700,79.1768,57.910000,55.089097,0.126493,0.050229,1,1,1,1,0,4,3,4,1.0000,1.0000,1,0.046698,0.00000119,0.043066,1.097646,-0.335732
2011-07-05,,2.6900,2.7500,16.0600,78.9346,58.200000,55.140397,0.125850,0.046527,1,1,1,1,0,4,3,4,1.0000,1.0000,0,0.014058,0.00000079,0.014058,1.113077,-0.326394
2011-07-06,,2.7400,2.7500,16.3400,79.6610,58.390000,55.192372,0.125961,0.046992,1,1,1,1,0,4,3,4,1.0000,1.0000,0,0.010084,0.00000079,0.010084,1.124301,-0.319601
2011-07-07,,2.7300,2.7500,15.9500,82.8087,59.190000,55.244172,0.125185,0.051934,1,1,1,1,0,4,3,4,1.0000,1.0000,0,0.041061,0.00000040,0.041061,1.170467,-0.291663
2011-07-08,,2.6900,2.7450,15.9500,78.6925,59.030000,55.295222,0.125595,0.050140,1,1,1,1,0,4,3,4,1.0000,1.0000,0,-0.008282,0.00000119,-0.008282,1.160773,-0.297530
2011-07-11,,2.7300,2.7400,18.3900,71.6707,57.960000,55.341572,0.126544,0.054422,1,1,1,1,0,4,3,4,1.0000,1.0000,0,-0.053613,0.00000119,-0.053613,1.098540,-0.335192
2011-07-12,,2.7600,2.7400,19.8700,70.4600,57.520000,55.385822,0.127664,0.057909,0,1,1,1,0,3,1,4,1.0000,1.0000,0,-0.024380,0.00000119,-0.024380,1.071758,-0.351400
2011-07-13,,2.7700,2.7400,19.9100,70.4600,57.760000,55.426322,0.126896,0.043882,0,1,1,1,0,3,1,3,0.0000,0.0000,1,0.013329,0.00000119,0.023238,1.096663,-0.336328
2011-07-14,,2.7600,2.7400,20.8000,66.5860,57.090000,55.464822,0.127205,0.043992,0,0,1,1,0,2,-1,3,0.0000,0.0000,0,-0.034407,0.00000040,0.000000,1.096663,-0.336327
2011-07-15,,2.7600,2.7400,19.5300,66.8281,57.850000,55.507222,0.126661,0.045174,0,1,1,1,0,3,1,2,0.0000,0.0000,0,0.039766,0.00000040,0.000000,1.096664,-0.336327
2011-07-18,,2.8000,2.7400,20.9500,61.0169,57.540000,55.548472,0.126483,0.043522,0,0,1,1,0,2,-1,3,0.0000,0.0000,0,-0.016490,0.00000079,0.000001,1.096665,-0.336327
2011-07-19,,2.8400,2.7400,19.2100,66.9082,58.850000,55.597372,0.125556,0.041658,0,1,1,1,0,3,1,2,0.0000,0.0000,0,0.070519,0.00000079,0.000001,1.096666,-0.336326
2011-07-20,,2.7800,2.7400,19.0900,66.9082,58.600000,55.645322,0.126385,0.046454,0,1,1,1,0,3,1,3,0.0000,0.0000,0,-0.013996,0.00000119,0.000001,1.096667,-0.336325
2011-07-21,,2.8000,2.7400,17.5600,70.5314,58.990000,55.697872,0.126515,0.048023,0,1,1,1,0,3,1,3,0.0000,0.0000,0,0.020279,0.00000079,0.000001,1.096668,-0.336325
2011-07-22,,2.7700,2.7400,17.5200,70.0483,59.600000,55.747572,0.125650,0.038817,0,1,1,1,0,3,1,3,0.0000,0.0000,0,0.031073,0.00000198,0.000002,1.096670,-0.336323
2011-07-25,,2.7500,2.7400,19.3500,67.3913,59.480000,55.798822,0.126803,0.042439,0,1,1,1,0,3,1,3,0.0000,0.0000,0,-0.005928,0.00000198,0.000002,1.096672,-0.336322
2011-07-26,,2.7700,2.7400,20.2300,64.9758,59.625000,55.849897,0.126828,0.042626,0,0,1,1,0,2,-1,3,0.0000,0.0000,0,0.005490,0.00000198,0.000002,1.096674,-0.336321
2011-07-27,,2.7600,2.7400,22.9800,55.0725,58.090000,55.891597,0.129096,0.057838,0,0,1,1,0,2,-1,2,0.0000,0.0000,0,-0.075860,0.00000278,0.000003,1.096677,-0.336319
2011-07-28,,2.7300,2.7400,23.7400,54.8309,58.190000,55.933697,0.128667,0.044490,1,0,1,1,0,3,1,2,0.0000,0.0000,0,0.005334,0.00000317,0.000003,1.096681,-0.336317
2011-07-29,,2.7300,2.7400,25.2500,51.9324,58.000000,55.973147,0.128238,0.035693,1,0,1,1,0,3,1,3,0.0000,0.0000,0,-0.009687,0.00000278,0.000003,1.096684,-0.336315
2011-08-01,,2.7700,2.7400,23.6600,49.1566,57.730000,56.009197,0.129174,0.041286,0,0,0,1,0,1,-3,3,0.0000,0.0000,0,-0.013510,0.00000397,0.000004,1.096688,-0.336312
2011-08-02,,2.7700,2.7400,24.7900,36.3855,56.270000,56.038447,0.130289,0.047475,0,0,0,1,0,1,-3,1,0.0000,0.0000,0,-0.075907,0.00000397,0.000004,1.096693,-0.336310
2011-08-03,,2.7400,2.7400,23.3800,38.5542,56.810000,56.065047,0.129587,0.043681,1,0,0,1,0,2,-1,1,0.0000,0.0000,0,0.025933,0.00000238,0.000002,1.096695,-0.336308
2011-08-04,,2.7200,2.7400,31.6600,21.6867,54.170000,56.079397,0.131507,0.050358,1,0,0,0,0,1,-3,2,0.0000,0.0000,0,-0.136098,0.00000079,0.000001,1.096696,-0.336308
2011-08-05,,2.7700,2.7400,32.0000,20.9639,53.830000,56.094447,0.132786,0.052263,0,0,0,0,0,0,-5,1,0.0000,0.0000,0,-0.022053,0.00000079,0.000001,1.096697,-0.336307
2011-08-08,,2.7700,2.7400,48.0000,7.7108,50.590000,56.091597,0.134509,0.055347,0,0,0,0,0,0,-5,0,0.0000,0.0000,0,-0.175681,0.00000040,0.000000,1.096697,-0.336307
2011-08-09,,2.8800,2.7400,35.0600,18.3133,53.030000,56.100297,0.132746,0.043333,0,0,0,0,0,0,-5,0,0.0000,0.0000,0,0.136958,0.00000198,0.000002,1.096700,-0.336305
2011-08-10,,3.0100,2.7400,42.9900,11.3253,50.860000,56.096397,0.136254,0.058244,0,0,0,0,0,0,-5,0,0.0000,0.0000,0,-0.117945,0.00000119,0.000001,1.096701,-0.336305
2011-08-11,,3.0300,2.7400,39.0000,19.7590,53.100000,56.102447,0.135899,0.051402,0,0,0,0,0,0,-5,0,0.0000,0.0000,0,0.128365,0.00000079,0.000001,1.096702,-0.336304
2011-08-12,,3.1500,2.7400,36.3600,21.2048,53.570000,56.110147,0.134186,0.051034,0,0,0,0,0,0,-5,0,0.0000,0.0000,0,0.025440,0.00000119,0.000001,1.096703,-0.336303
2011-08-15,,3.1400,2.7400,31.8700,27.9518,54.360000,56.120997,0.135881,0.063584,0,0,0,0,0,0,-5,0,0.0000,0.0000,0,0.043142,0.00000079,0.000001,1.096704,-0.336303
2011-08-16,,3.1500,2.7400,32.8500,25.7831,53.900000,56.128997,0.136843,0.063913,0,0,0,0,0,0,-5,0,0.0000,0.0000,0,-0.025700,0.00000079,0.000001,1.096705,-0.336302
2011-08-17,,3.1200,2.7400,31.5800,26.0241,53.580000,56.135997,0.137816,0.071444,0,0,0,0,0,0,-5,0,0.0000,0.0000,0,-0.016222,0.00000119,0.000001,1.096706,-0.336301
2011-08-18,,3.1100,2.7400,42.6700,17.5904,50.950000,56.129647,0.142302,0.099234,0,0,0,0,0,0,-5,0,0.0000,0.0000,0,-0.145016,0.00000040,0.000000,1.096706,-0.336301
2011-08-19,,3.1200,2.7400,43.0500,14.4578,50.030000,56.115897,0.143777,0.112309,0,0,0,0,0,0,-5,0,0.0000,0.0000,0,-0.056057,0.00000040,0.000000,1.096707,-0.336301
2011-08-22,,3.1200,2.7400,42.4400,14.4578,50.210000,56.101847,0.143307,0.113441,0,0,0,0,0,0,-5,0,0.0000,0.0000,0,0.008975,0.00000079,0.000001,1.096708,-0.336300
2011-08-23,,3.1300,2.7400,36.2700,22.6506,52.280000,56.094897,0.141232,0.106142,0,0,0,0,0,0,-5,0,0.0000,0.0000,0,0.124528,0.00000040,0.000000,1.096708,-0.336300
2011-08-24,,3.1900,2.7400,35.9000,26.5060,52.690000,56.089997,0.142276,0.116648,0,0,0,0,0,0,-5,0,0.0000,0.0000,0,0.022887,0.00000040,0.000000,1.096709,-0.336300
2011-08-25,,3.2100,2.7400,39.7600,22.6506,51.830000,56.080460,0.142114,0.104201,0,0,0,0,0,0,-5,0,0.0000,0.0000,0,-0.048041,0.00000079,0.000001,1.096710,-0.336299
2011-08-26,,3.2500,2.7400,35.5900,26.5060,53.130000,56.078860,0.139866,0.091889,0,0,0,0,0,0,-5,0,0.0000,0.0000,0,0.072244,0.00000040,0.000000,1.096710,-0.336299
2011-08-29,,3.2500,2.7400,32.2800,32.7711,54.610000,56.083335,0.138658,0.083478,0,0,0,0,0,0,-5,0,0.0000,0.0000,0,0.085106,0.00000040,0.000000,1.096710,-0.336299
2011-08-30,,3.2500,2.7400,32.8900,34.4578,54.970000,56.091260,0.138314,0.075869,0,0,0,0,0,0,-5,0,0.0000,0.0000,0,0.020349,0.00000079,0.000001,1.096711,-0.336298
2011-08-31,,3.2200,2.7400,31.6200,35.9036,55.060000,56.104010,0.138643,0.076750,0,0,0,0,0,0,-5,0,0.0000,0.0000,0,0.005825,0.00000040,0.000000,1.096712,-0.336298
2011-09-01,,3.2500,2.7400,31.8200,31.5663,54.560000,56.115235,0.139201,0.073626,0,0,0,0,0,0,-5,0,0.0000,0.0000,0,-0.028226,0.00000079,0.000001,1.096713,-0.336298
2011-09-02,,3.2300,2.7400,33.9200,27.7108,53.280000,56.124385,0.141303,0.092723,0,0,0,0,0,0,-5,0,0.0000,0.0000,0,-0.070003,0.00000079,0.000001,1.096713,-0.336297
2011-09-06,,3.1800,2.7400,37.0000,26.4423,53.290000,56.132835,0.141593,0.088003,0,0,0,0,0,0,-5,0,0.0000,0.0000,0,-0.000160,0.00000079,0.000001,1.096714,-0.336296
2011-09-07,,3.2100,2.7400,33.3800,32.6923,54.640000,56.143885,0.139247,0.069500,0,0,0,0,0,0,-5,0,0.0000,0.0000,0,0.075607,0.00000079,0.000001,1.096715,-0.336296
2011-09-08,,3.2500,2.7400,34.3200,30.2885,54.390000,56.153485,0.140625,0.086410,0,0,0,0,0,0,-5,0,0.0000,0.0000,0,-0.013850,0.00000079,0.000001,1.096716,-0.336295
2011-09-09,,3.2600,2.7400,38.5200,23.5577,53.180000,56.154835,0.141477,0.086170,0,0,0,0,0,0,-5,0,0.0000,0.0000,0,-0.065843,0.00000079,0.000001,1.096717,-0.336295
2011-09-12,,3.2800,2.7400,38.5900,23.7981,53.860000,56.163785,0.141725,0.082597,0,0,0,0,0,0,-5,0,0.0000,0.0000,0,0.037506,0.00000040,0.000000,1.096717,-0.336295
2011-09-13,,3.2900,2.7400,36.9100,27.1635,54.580000,56.171085,0.141436,0.082722,0,0,0,0,0,0,-5,0,0.0000,0.0000,0,0.038798,0.00000040,0.000000,1.096718,-0.336294
2011-09-14,,3.3200,2.7400,34.6000,30.0481,55.360000,56.183185,0.140320,0.074875,0,0,0,0,0,0,-5,0,0.0000,0.0000,0,0.043198,0.00000040,0.000000,1.096718,-0.336294
2011-09-15,,3.3000,2.7400,31.9700,32.4519,56.180000,56.200435,0.139751,0.084244,0,0,0,0,0,0,-5,0,0.0000,0.0000,0,0.045434,0.00000040,0.000000,1.096719,-0.336294
2011-09-16,,3.3100,2.7400,30.9800,35.5769,56.590000,56.222960,0.139812,0.085890,0,0,0,1,0,1,-3,0,0.0000,0.0000,0,0.026132,0.00000040,0.000000,1.096719,-0.336294
2011-09-19,,3.3100,2.7400,32.7300,33.8942,56.610000,56.240060,0.140429,0.095617,0,0,0,1,0,1,-3,1,0.0000,0.0000,0,0.002545,0.00000040,0.000000,1.096720,-0.336293
2011-09-20,,3.3100,2.7400,32.8600,33.4135,56.360000,56.253210,0.142631,0.097484,0,0,0,1,0,1,-3,1,0.0000,0.0000,0,-0.014172,0.00000040,0.000000,1.096720,-0.336293
2011-09-21,,3.3500,2.7400,37.3200,23.5577,55.380000,56.260760,0.144260,0.106863,0,0,0,0,0,0,-5,1,0.0000,0.0000,0,-0.050854,0.00000040,0.000000,1.096720,-0.336293
2011-09-22,,3.2600,2.7400,41.3500,19.6643,53.580000,56.259435,0.146553,0.125920,0,0,0,0,0,0,-5,0,0.0000,0.0000,0,-0.097300,0.00000040,0.000000,1.096721,-0.336293
2011-09-23,,3.3200,2.7400,41.2500,20.3837,54.150000,56.260785,0.147129,0.131426,0,0,0,0,0,0,-5,0,0.0000,0.0000,0,0.031183,0.00000000,0.000000,1.096721,-0.336293
2011-09-26,,3.3100,2.7400,39.0200,23.5012,54.780000,56.264285,0.144873,0.125167,0,0,0,0,0,0,-5,0,0.0000,0.0000,0,0.033920,0.00000040,0.000000,1.096721,-0.336292
2011-09-27,,3.3700,2.7400,37.7100,27.5779,55.350000,56.270360,0.143781,0.119951,0,0,0,0,0,0,-5,0,0.0000,0.0000,0,0.030582,0.00000079,0.000001,1.096722,-0.336292
2011-09-28,,3.3900,2.7400,41.0800,21.1031,54.530000,56.270535,0.145295,0.132957,0,0,0,0,0,0,-5,0,0.0000,0.0000,0,-0.047104,0.00000040,0.000000,1.096723,-0.336291
2011-09-29,,3.3500,2.7400,38.8400,22.3022,53.880000,56.268435,0.146489,0.141169,0,0,0,0,0,0,-5,0,0.0000,0.0000,0,-0.029478,0.00000079,0.000001,1.096723,-0.336291
2011-09-30,,3.3000,2.7400,42.9600,19.4245,52.490000,56.258910,0.148564,0.156114,0,0,0,0,0,0,-5,0,0.0000,0.0000,0,-0.077883,0.00000079,0.000001,1.096724,-0.336290
2011-10-03,,3.3000,2.7400,45.4500,13.6691,51.140000,56.243810,0.149277,0.154225,0,0,0,0,0,0,-5,0,0.0000,0.0000,0,-0.078376,0.00000079,0.000001,1.096725,-0.336290
2011-10-04,,3.3100,2.7400,40.8200,15.5875,52.190000,56.231860,0.145362,0.126590,0,0,0,0,0,0,-5,0,0.0000,0.0000,0,0.060848,0.00000079,0.000001,1.096726,-0.336289
2011-10-05,,3.3300,2.7400,37.8100,17.0264,53.530000,56.226910,0.142807,0.103292,0,0,0,0,0,0,-5,0,0.0000,0.0000,0,0.076021,0.00000040,0.000000,1.096727,-0.336289
2011-10-06,,3.3600,2.7400,36.2700,20.8633,54.430000,56.226260,0.142759,0.110452,0,0,0,0,0,0,-5,0,0.0000,0.0000,0,0.051382,0.00000000,0.000000,1.096727,-0.336289
2011-10-07,,3.3400,2.7400,36.2000,21.1031,54.070000,56.222160,0.144326,0.118947,0,0,0,0,0,0,-5,0,0.0000,0.0000,0,-0.020619,0.00000040,0.000000,1.096727,-0.336289
2011-10-10,,3.3200,2.7400,33.0200,29.4964,55.940000,56.227435,0.142373,0.112642,0,0,0,0,0,0,-5,0,0.0000,0.0000,0,0.102605,0.00000040,0.000000,1.096727,-0.336289
2011-10-11,,3.3200,2.7400,32.8600,28.0576,56.320000,56.235325,0.140936,0.104718,0,0,0,1,0,1,-3,0,0.0000,0.0000,0,0.021356,0.00000040,0.000000,1.096728,-0.336288
2011-10-12,,3.3200,2.7400,31.2600,30.2158,56.600000,56.244475,0.139379,0.100159,0,0,0,1,0,1,-3,1,0.0000,0.0000,0,0.016060,0.00000079,0.000001,1.096729,-0.336288
2011-10-13,,3.3300,2.7400,30.7000,30.6954,57.120000,56.256725,0.139656,0.095396,0,0,0,1,0,1,-3,1,0.0000,0.0000,0,0.026848,0.00000079,0.000001,1.096730,-0.336287
2011-10-14,,3.2900,2.7400,28.2400,35.2518,58.180000,56.273675,0.138615,0.087162,0,0,0,1,0,1,-3,1,0.0000,0.0000,0,0.055075,0.00000079,0.000001,1.096730,-0.336287
2011-10-17,,3.2600,2.7400,33.3900,29.7362,57.280000,56.286775,0.140730,0.107219,0,0,0,1,0,1,-3,1,0.0000,0.0000,0,-0.046288,0.00000079,0.000001,1.096731,-0.336286
2011-10-18,,3.2600,2.7400,31.5600,35.7314,57.990000,56.304425,0.139011,0.088187,0,0,0,1,0,1,-3,1,0.0000,0.0000,0,0.036270,0.00000159,0.000002,1.096733,-0.336285
2011-10-19,,3.2300,2.7400,34.4400,31.1751,56.870000,56.312450,0.140799,0.100077,0,0,0,1,0,1,-3,1,0.0000,0.0000,0,-0.057656,0.00000159,0.000002,1.096735,-0.336284
2011-10-20,,3.2100,2.7400,34.7800,33.3333,56.590000,56.316700,0.140967,0.085654,0,0,0,1,0,1,-3,1,0.0000,0.0000,0,-0.012696,0.00000119,0.000001,1.096736,-0.336283
2011-10-21,,3.2000,2.7400,31.3200,40.7674,57.300000,56.323600,0.140679,0.088879,0,0,0,1,0,1,-3,1,0.0000,0.0000,0,0.035569,0.00000119,0.000001,1.096737,-0.336283
2011-10-24,,3.1800,2.7400,29.2600,44.3645,58.490000,56.336700,0.138378,0.076722,0,0,0,1,0,1,-3,1,0.0000,0.0000,0,0.062482,0.00000079,0.000001,1.096738,-0.336282
2011-10-25,,3.1600,2.7400,32.2200,39.5683,57.340000,56.343000,0.139538,0.076663,0,0,0,1,0,1,-3,1,0.0000,0.0000,0,-0.056695,0.00000079,0.000001,1.096739,-0.336281
2011-10-26,,3.1400,2.7400,29.8600,42.2062,57.270000,56.348550,0.138697,0.063917,0,0,0,1,0,1,-3,1,0.0000,0.0000,0,-0.003953,0.00000040,0.000000,1.096740,-0.336281
2011-10-27,,3.1000,2.7400,25.4600,52.5180,58.850000,56.360025,0.138507,0.069524,0,0,1,1,0,2,-1,1,0.0000,0.0000,0,0.080586,0.00000079,0.000001,1.096740,-0.336281
2011-10-28,,3.0400,2.7400,24.5300,53.4772,58.940000,56.371850,0.136120,0.037511,0,0,1,1,0,2,-1,2,0.0000,0.0000,0,0.003308,0.00000079,0.000001,1.096741,-0.336280
2011-10-31,,2.9900,2.7400,29.9600,44.6043,57.950000,56.376600,0.138845,0.047682,0,0,0,1,0,1,-3,2,0.0000,0.0000,0,-0.049555,0.00000040,0.000000,1.096742,-0.336280
2011-11-01,,3.0200,2.7400,34.7700,36.6906,56.440000,56.373000,0.139834,0.043021,0,0,0,1,0,1,-3,1,0.0000,0.0000,0,-0.077436,0.00000040,0.000000,1.096742,-0.336280
2011-11-02,,3.0300,2.7400,32.7400,42.4460,56.920000,56.375050,0.139977,0.057508,0,0,0,1,0,1,-3,1,0.0000,0.0000,0,0.024636,0.00000040,0.000000,1.096743,-0.336279
2011-11-03,,3.0300,2.7400,30.5000,47.2422,58.100000,56.385000,0.139168,0.024045,0,0,0,1,0,1,-3,1,0.0000,0.0000,0,0.060863,0.00000040,0.000000,1.096743,-0.336279
2011-11-04,,3.0400,2.7400,30.1600,47.2422,57.800000,56.395600,0.139384,0.027425,0,0,0,1,0,1,-3,1,0.0000,0.0000,0,-0.015495,0.00000040,0.000000,1.096743,-0.336279
2011-11-07,,3.0600,2.7400,29.8500,48.2014,58.210000,56.404400,0.139276,0.040551,0,0,0,1,0,1,-3,1,0.0000,0.0000,0,0.022242,0.00000040,0.000000,1.096744,-0.336279
2011-11-08,,3.0200,2.7400,27.4800,52.9976,58.880000,56.416137,0.138333,0.019128,0,0,1,1,0,2,-1,1,0.0000,0.0000,0,0.033338,0.00000040,0.000000,1.096744,-0.336278
2011-11-09,,3.0500,2.7400,36.1600,38.8489,56.810000,56.416037,0.140588,0.028190,0,0,0,1,0,1,-3,2,0.0000,0.0000,0,-0.103435,0.00000040,0.000000,1.096745,-0.336278
2011-11-10,,3.0800,2.7400,32.8100,42.2062,56.780000,56.414037,0.140203,0.017987,0,0,0,1,0,1,-3,1,0.0000,0.0000,0,-0.004122,0.00000040,0.000000,1.096745,-0.336278
2011-11-11,,3.1400,2.7400,30.0400,49.1607,57.850000,56.424637,0.139586,-0.021109,0,0,0,1,1,2,-1,1,0.0000,0.0000,0,0.056130,0.00000040,0.000000,1.096746,-0.336278
2011-11-14,,3.1400,2.7400,31.1300,45.5635,57.490000,56.431987,0.139248,-0.035086,0,0,0,1,1,2,-1,2,0.0000,0.0000,0,-0.016976,0.00000040,0.000000,1.096746,-0.336277
2011-11-15,,3.1300,2.7400,31.2200,49.1607,58.130000,56.437387,0.138797,-0.035195,0,0,0,1,1,2,-1,2,0.0000,0.0000,0,0.032146,0.00000040,0.000000,1.096747,-0.336277
2011-11-16,,3.1400,2.7400,33.5100,43.1655,57.170000,56.438462,0.139346,-0.014230,0,0,0,1,1,2,-1,2,0.0000,0.0000,0,-0.049290,0.00000040,0.000000,1.096747,-0.336277
2011-11-17,,3.1700,2.7400,34.5100,36.6906,55.830000,56.432325,0.140862,-0.010278,0,0,0,0,1,1,-3,2,0.0000,0.0000,0,-0.068771,0.00000040,0.000000,1.096747,-0.336276
2011-11-18,,3.1600,2.7400,32.0000,36.9305,55.400000,56.422450,0.141992,-0.000902,0,0,0,0,1,1,-3,1,0.0000,0.0000,0,-0.023987,0.00000079,0.000001,1.096748,-0.336276
2011-11-21,,3.1400,2.7400,32.9100,32.1343,54.340000,56.405900,0.142945,0.022333,0,0,0,0,0,0,-5,1,0.0000,0.0000,0,-0.058086,0.00000040,0.000000,1.096749,-0.336276
2011-11-22,,3.1500,2.7400,31.9700,31.6547,54.520000,56.388375,0.141748,0.021892,0,0,0,0,0,0,-5,0,0.0000,0.0000,0,0.008698,0.00000079,0.000001,1.096750,-0.336275
2011-11-23,,3.1700,2.7400,33.9800,23.5012,53.290000,56.365175,0.142673,0.030194,0,0,0,0,0,0,-5,0,0.0000,0.0000,0,-0.066470,0.00000079,0.000001,1.096750,-0.336275
2011-11-25,,3.1500,2.7400,34.4700,23.6842,52.880000,56.339470,0.143674,0.034537,0,0,0,0,0,0,-5,0,0.0000,0.0000,0,-0.022669,0.00000079,0.000001,1.096751,-0.336274
2011-11-28,,3.1800,2.7400,32.1300,32.2967,54.720000,56.320870,0.141383,0.015516,0,0,0,0,0,0,-5,0,0.0000,0.0000,0,0.103264,0.00000079,0.000001,1.096752,-0.336274
2011-11-29,,3.1900,2.7400,30.6400,33.4928,54.380000,56.299870,0.142524,0.008806,0,0,0,0,0,0,-5,0,0.0000,0.0000,0,-0.018067,0.00000119,0.000001,1.096753,-0.336273
2011-11-30,,3.2200,2.7400,27.8000,46.4115,56.390000,56.289320,0.140851,-0.005599,0,0,0,1,1,2,-1,0,0.0000,0.0000,0,0.109755,0.00000079,0.000001,1.096754,-0.336272
2011-12-01,,3.2400,2.7400,27.4100,44.9761,56.780000,56.278815,0.140474,0.009154,0,0,0,1,0,1,-3,2,0.0000,0.0000,0,0.021439,0.00000040,0.000000,1.096755,-0.336272
2011-12-02,,3.3000,2.7400,27.5200,45.6938,56.620000,56.267615,0.139156,-0.010958,0,0,0,1,1,2,-1,1,0.0000,0.0000,0,-0.009515,0.00000040,0.000000,1.096755,-0.336272
2011-12-05,,3.2400,2.7400,27.8400,49.0431,57.240000,56.260165,0.138726,-0.021171,0,0,0,1,1,2,-1,2,0.0000,0.0000,0,0.032772,0.00000079,0.000001,1.096756,-0.336271
2011-12-06,,3.2500,2.7400,28.1300,49.2823,57.080000,56.260415,0.139078,-0.020208,0,0,0,1,1,2,-1,2,0.0000,0.0000,0,-0.007658,0.00000040,0.000000,1.096757,-0.336271
2011-12-07,,3.2600,2.7400,28.6700,49.5215,57.080000,56.263015,0.138365,-0.023400,0,0,0,1,1,2,-1,2,0.0000,0.0000,0,0.001514,0.00000040,0.000000,1.096757,-0.336271
2011-12-08,,3.2600,2.7400,30.5900,40.1914,56.120000,56.259340,0.139411,-0.006726,0,0,0,0,1,1,-3,2,0.0000,0.0000,0,-0.050920,0.00000079,0.000001,1.096758,-0.336270
2011-12-09,,3.2600,2.7400,26.3800,49.2823,57.020000,56.256190,0.138834,-0.006815,0,0,0,1,1,2,-1,1,0.0000,0.0000,0,0.047418,0.00000040,0.000000,1.096758,-0.336270
2011-12-12,,3.2800,2.7400,25.6700,41.8660,56.380000,56.249245,0.139683,-0.000947,0,0,0,1,1,2,-1,2,0.0000,0.0000,0,-0.032813,0.00000040,0.000000,1.096759,-0.336270
2011-12-13,,3.2700,2.7400,25.4100,40.4306,55.760000,56.243845,0.141528,0.008004,0,0,0,0,0,0,-5,2,0.0000,0.0000,0,-0.033783,0.00000040,0.000000,1.096759,-0.336269
2011-12-14,,3.2900,2.7400,26.0400,37.7990,54.890000,56.232595,0.142147,-0.003438,0,0,0,0,1,1,-3,0,0.0000,0.0000,0,-0.046518,0.00000040,0.000000,1.096760,-0.336269
2011-12-15,,3.2400,2.7400,25.1100,39.9522,54.740000,56.214970,0.143348,-0.006619,0,0,0,0,1,1,-3,1,0.0000,0.0000,0,-0.007768,0.00000040,0.000000,1.096760,-0.336269
2011-12-16,,3.2700,2.7400,24.2900,42.1053,54.860000,56.199433,0.142035,-0.033217,0,0,0,0,1,1,-3,1,0.0000,0.0000,0,0.012528,0.00000000,0.000000,1.096760,-0.336269
2011-12-19,,3.2600,2.7400,24.9200,37.7990,54.320000,56.185083,0.142489,-0.033410,0,0,0,0,1,1,-3,1,0.0000,0.0000,0,-0.027684,0.00000000,0.000000,1.096760,-0.336269
2011-12-20,,3.2600,2.7400,23.2200,44.9761,55.930000,56.177633,0.141249,-0.026667,0,0,0,0,1,1,-3,1,0.0000,0.0000,0,0.088753,0.00000040,0.000000,1.096760,-0.336269
2011-12-21,,3.2700,2.7400,21.4300,46.5394,55.130000,56.168133,0.143070,-0.005223,0,0,0,0,1,1,-3,1,0.0000,0.0000,0,-0.041634,0.00000040,0.000000,1.096761,-0.336268
2011-12-22,,3.3000,2.7400,21.1600,49.1647,55.600000,56.165433,0.141973,-0.024872,0,0,0,0,1,1,-3,1,0.0000,0.0000,0,0.024389,0.00000040,0.000000,1.096761,-0.336268
2011-12-23,,3.2900,2.7400,20.7300,52.0286,56.080000,56.163383,0.141625,-0.036158,0,0,1,0,1,2,-1,1,0.0000,0.0000,0,0.025891,0.00000040,0.000000,1.096762,-0.336268
2011-12-27,,3.3200,2.7450,21.9100,52.7446,56.240000,56.163133,0.142659,-0.044428,0,0,1,1,1,3,1,2,0.0000,0.0000,0,0.007689,0.00000040,0.000000,1.096762,-0.336268
2011-12-28,,3.3000,2.7500,23.5200,49.1647,55.590000,56.163633,0.144036,-0.039867,0,0,0,0,1,1,-3,3,0.0000,0.0000,0,-0.032101,0.00000079,0.000001,1.096763,-0.336267
2011-12-29,,3.2500,2.7500,22.6500,54.1766,55.990000,56.172833,0.143673,-0.013049,0,0,1,0,1,2,-1,1,0.0000,0.0000,0,0.019334,0.00000040,0.000000,1.096763,-0.336267
2011-12-30,,3.2800,2.7500,23.4000,52.9833,55.830000,56.178733,0.143347,0.004143,0,0,1,0,0,1,-3,2,0.0000,0.0000,0,-0.008023,0.00000079,0.000001,1.096764,-0.336266
2012-01-03,,3.2700,2.7500,22.9700,56.3246,56.900000,56.190983,0.138594,-0.031934,0,0,1,1,1,3,1,1,0.0000,0.0000,0,0.056919,0.00000079,0.000001,1.096765,-0.336266
2012-01-04,,3.2900,2.7500,22.2200,54.8926,57.140000,56.199183,0.137588,-0.051525,0,0,1,1,1,3,1,3,0.0000,0.0000,0,0.011967,0.00000079,0.000001,1.096766,-0.336265
2012-01-05,,3.3000,2.7500,21.4800,55.8473,57.610000,56.210258,0.137496,-0.036680,0,0,1,1,1,3,1,3,0.0000,0.0000,0,0.024615,0.00000079,0.000001,1.096767,-0.336265
2012-01-06,,3.2700,2.7550,20.6300,54.8926,57.810000,56.220758,0.137108,-0.028980,0,0,1,1,1,3,1,3,0.0000,0.0000,0,0.010333,0.00000079,0.000001,1.096768,-0.336264
2012-01-09,,3.2700,2.7600,21.0700,56.0859,57.620000,56.225358,0.136971,-0.018318,0,0,1,1,1,3,1,3,0.0000,0.0000,0,-0.008368,0.00000079,0.000001,1.096769,-0.336264
2012-01-10,,3.2800,2.7600,20.6900,64.6778,58.040000,56.231358,0.135987,-0.028154,0,0,1,1,1,3,1,3,0.0000,0.0000,0,0.020496,0.00000040,0.000000,1.096769,-0.336263
2012-01-11,,3.2500,2.7600,21.0500,64.9165,58.160000,56.239508,0.135294,-0.025251,0,0,1,1,1,3,1,3,0.0000,0.0000,0,0.006956,0.00000079,0.000001,1.096770,-0.336263
2012-01-12,,3.2700,2.7600,20.4700,65.3938,58.390000,56.246058,0.134777,-0.045566,0,0,1,1,1,3,1,3,0.0000,0.0000,0,0.011864,0.00000079,0.000001,1.096771,-0.336262
2012-01-13,,3.2700,2.7600,20.9100,62.1429,58.180000,56.250208,0.135400,-0.027301,0,0,1,1,1,3,1,3,0.0000,0.0000,0,-0.011468,0.00000119,0.000001,1.096772,-0.336261
2012-01-17,,3.2400,2.7650,22.2000,64.5238,58.710000,56.256608,0.134761,-0.045791,0,0,1,1,1,3,1,3,0.0000,0.0000,0,0.026850,0.00000119,0.000001,1.096774,-0.336261
2012-01-18,,3.2400,2.7700,20.8900,68.5714,59.490000,56.266758,0.133249,-0.058846,0,0,1,1,1,3,1,3,0.0000,0.0000,0,0.039726,0.00000119,0.000001,1.096775,-0.336260
2012-01-19,,3.2500,2.7700,19.8700,72.1429,59.860000,56.279708,0.131447,-0.069592,0,1,1,1,1,4,3,3,0.0000,0.0000,0,0.020018,0.00000119,0.000001,1.096776,-0.336259
2012-01-20,,3.2200,2.7700,18.2800,73.0952,59.770000,56.292958,0.131557,-0.051666,0,1,1,1,1,4,3,4,1.0000,1.0000,1,-0.004428,0.00000198,0.008897,1.106534,-0.330354
2012-01-23,,3.2400,2.7700,18.6700,73.3333,59.790000,56.305608,0.132019,-0.057634,0,1,1,1,1,4,3,4,1.0000,1.0000,0,-0.000120,0.00000198,-0.000120,1.106401,-0.330434
2012-01-24,,3.2400,2.7700,18.9100,75.0000,59.680000,56.317908,0.131105,-0.057893,0,1,1,1,1,4,3,4,1.0000,1.0000,0,-0.005531,0.00000159,-0.005531,1.100282,-0.334137
2012-01-25,,3.2500,2.7700,18.3100,78.0952,60.430000,56.335308,0.132167,-0.047623,0,1,1,1,1,4,3,4,1.0000,1.0000,0,0.038203,0.00000159,0.038203,1.142316,-0.308699
2012-01-26,,3.3100,2.7750,18.5700,77.6190,60.220000,56.352608,0.133303,-0.021221,0,1,1,1,1,4,3,4,1.0000,1.0000,0,-0.010597,0.00000159,-0.010597,1.130211,-0.316025
2012-01-27,,3.2800,2.7850,18.5300,77.1429,60.400000,56.372758,0.131733,-0.053802,0,1,1,1,1,4,3,4,1.0000,1.0000,0,0.009886,0.00000198,0.009886,1.141384,-0.309263
2012-01-30,,3.2800,2.7950,19.4000,75.7143,60.450000,56.390758,0.131347,-0.065355,0,1,1,1,1,4,3,4,1.0000,1.0000,0,0.001631,0.00000238,0.001631,1.143246,-0.308137
2012-01-31,,3.2500,2.8000,19.4400,77.3810,60.530000,56.409658,0.132044,-0.060014,0,1,1,1,1,4,3,4,1.0000,1.0000,0,0.003492,0.00000198,0.003492,1.147238,-0.305721
2012-02-01,,3.2400,2.8050,18.5500,81.6667,61.020000,56.431508,0.131350,-0.058943,0,1,1,1,1,4,3,4,1.0000,1.0000,0,0.024578,0.00000238,0.024578,1.175435,-0.288657
2012-02-02,,3.2500,2.8200,17.9800,82.8571,61.220000,56.456358,0.130916,-0.064232,0,1,1,1,1,4,3,4,1.0000,1.0000,0,0.010299,0.00000238,0.010299,1.187540,-0.281331
2012-02-03,,3.2500,2.8350,17.1000,86.9048,62.050000,56.483608,0.129330,-0.076099,0,1,1,1,1,4,3,4,1.0000,1.0000,0,0.039763,0.00000317,0.039763,1.234760,-0.252754
2012-02-06,,3.2600,2.8550,17.7600,85.9524,62.000000,56.504233,0.128970,-0.071161,0,1,1,1,1,4,3,4,1.0000,1.0000,0,-0.000970,0.00000317,-0.000970,1.233563,-0.253479
2012-02-07,,3.2200,2.8750,17.6500,85.9524,62.130000,56.523183,0.129572,-0.085758,0,1,1,1,1,4,3,4,1.0000,1.0000,0,0.004312,0.00000317,0.004312,1.238882,-0.250260
2012-02-08,,3.1900,2.9350,18.1600,87.1429,62.460000,56.543033,0.129336,-0.084280,0,1,1,1,1,4,3,4,1.0000,1.0000,0,0.016642,0.00000317,0.016642,1.259500,-0.237783
2012-02-09,,3.1700,3.0000,18.6300,86.1905,62.910000,56.563483,0.128805,-0.082545,0,1,1,1,1,4,3,4,1.0000,1.0000,0,0.022179,0.00000357,0.022179,1.287434,-0.220878
2012-02-10,,3.1800,3.0150,20.7900,85.0000,62.475000,56.579758,0.129502,-0.074954,0,0,1,1,1,3,1,4,1.0000,1.0000,0,-0.021388,0.00000357,-0.021388,1.259898,-0.237542
2012-02-13,,3.1700,3.0200,19.0400,86.1905,63.050000,56.599358,0.128398,-0.080436,0,1,1,1,1,4,3,3,0.0000,0.0000,1,0.026964,0.00000357,0.022178,1.287840,-0.220632
2012-02-14,,3.1900,3.0250,19.5400,84.7619,63.210000,56.620008,0.128597,-0.084045,0,1,1,1,1,4,3,4,1.0000,1.0000,1,0.008699,0.00000436,0.014908,1.307039,-0.209014
2012-02-15,,3.1800,3.0300,21.1400,83.8095,62.770000,56.639008,0.128939,-0.093281,0,0,1,1,1,3,1,4,1.0000,1.0000,0,-0.022321,0.00000476,-0.022321,1.277864,-0.226669
2012-02-16,,3.1900,3.0300,19.2200,89.0476,63.630000,56.663708,0.128887,-0.102934,0,1,1,1,1,4,3,3,0.0000,0.0000,1,0.041803,0.00000436,0.001885,1.280273,-0.225211
2012-02-17,,3.1700,3.0350,17.7800,86.9048,63.430000,56.687858,0.128473,-0.115416,0,1,1,1,1,4,3,4,1.0000,1.0000,1,-0.008505,0.00000397,-0.009888,1.267613,-0.232873
2012-02-21,,3.1700,3.0400,18.1900,86.4286,63.610000,56.714508,0.127940,-0.111537,0,1,1,1,1,4,3,4,1.0000,1.0000,0,0.008477,0.00000357,0.008477,1.278359,-0.226370
2012-02-22,,3.1500,3.0450,18.1900,85.7143,63.330000,56.738808,0.128499,-0.115943,0,1,1,1,1,4,3,4,1.0000,1.0000,0,-0.013209,0.00000317,-0.013209,1.261473,-0.236589
2012-02-23,,3.1500,3.0550,16.8000,86.6667,63.730000,56.764008,0.127826,-0.129541,0,1,1,1,1,4,3,4,1.0000,1.0000,0,0.018962,0.00000357,0.018962,1.285394,-0.222113
2012-02-24,,3.1400,3.0700,17.3100,86.9048,63.960000,56.787858,0.128095,-0.107511,0,1,1,1,1,4,3,4,1.0000,1.0000,0,0.009753,0.00000357,0.009753,1.297930,-0.214526
2012-02-27,,3.1200,3.0900,18.1900,86.6667,64.050000,56.814333,0.127843,-0.117685,0,1,1,1,1,4,3,4,1.0000,1.0000,0,0.004831,0.00000397,0.004831,1.304201,-0.210731
2012-02-28,,3.1200,3.1050,17.9600,86.9048,64.700000,56.842283,0.126855,-0.109364,0,1,1,1,1,4,3,4,1.0000,1.0000,0,0.029916,0.00000476,0.029916,1.343217,-0.187120
2012-02-29,,3.1200,3.1150,18.4300,86.4286,64.410000,56.872283,0.127317,-0.102689,0,1,1,1,1,4,3,4,1.0000,1.0000,0,-0.013144,0.00000397,-0.013144,1.325562,-0.197804
2012-03-01,,3.1000,3.1150,17.2600,86.9048,64.920000,56.909888,0.126988,-0.096457,1,1,1,1,1,5,5,4,1.0000,1.0000,0,0.024320,0.00000317,0.024320,1.357799,-0.178295
2012-03-02,,3.1000,3.1150,17.2900,85.9524,64.870000,56.946438,0.127301,-0.089592,1,1,1,1,1,5,5,5,1.0000,1.0000,0,-0.003014,0.00000317,-0.003014,1.353707,-0.180771
2012-03-05,,3.0900,3.1150,18.0500,86.1905,64.200000,56.977238,0.128117,-0.085360,1,1,1,1,1,5,5,5,1.0000,1.0000,0,-0.031186,0.00000278,-0.031186,1.311490,-0.206319
2012-03-06,,3.1100,3.1150,20.8700,80.9524,63.570000,57.004038,0.129499,-0.068132,1,0,1,1,1,4,3,5,1.0000,1.0000,0,-0.028676,0.00000317,-0.028676,1.273882,-0.229079
2012-03-07,,3.1000,3.1150,19.0700,82.6190,64.060000,57.035513,0.128676,-0.084299,1,1,1,1,1,5,5,4,1.0000,1.0000,0,0.022696,0.00000317,0.022696,1.302793,-0.211583
2012-03-08,,3.1100,3.1150,17.9500,85.4762,64.750000,57.074663,0.127809,-0.086330,1,1,1,1,1,5,5,5,1.0000,1.0000,0,0.031717,0.00000317,0.031717,1.344113,-0.186577
2012-03-09,,3.1100,3.1150,17.1100,86.9048,65.020000,57.116913,0.127826,-0.094015,1,1,1,1,1,5,5,5,1.0000,1.0000,0,0.012086,0.00000317,0.012086,1.360358,-0.176746
2012-03-12,,3.1100,3.1150,15.6400,86.9048,65.050000,57.158213,0.129270,-0.096836,1,1,1,1,1,5,5,5,1.0000,1.0000,0,0.001600,0.00000357,0.001600,1.362534,-0.175429
2012-03-13,,3.0900,3.1150,14.8000,90.0000,66.260000,57.203805,0.127408,-0.119296,1,1,1,1,1,5,5,5,1.0000,1.0000,0,0.056333,0.00000357,0.056333,1.439290,-0.128979
2012-03-14,,3.0800,3.1150,15.3100,88.0952,66.490000,57.249105,0.125652,-0.141356,1,1,1,1,1,5,5,5,1.0000,1.0000,0,0.011198,0.00000317,0.011198,1.455407,-0.119225
2012-03-15,,3.0700,3.1150,15.4200,89.7619,66.680000,57.290705,0.124822,-0.140250,1,1,1,1,1,5,5,5,1.0000,1.0000,0,0.007647,0.00000357,0.007647,1.466536,-0.112490
2012-03-16,,3.0700,3.1150,14.4700,90.7143,66.520000,57.337855,0.123949,-0.151762,1,1,1,1,1,5,5,5,1.0000,1.0000,0,-0.002181,0.00000317,-0.002181,1.463338,-0.114425
2012-03-19,,3.0400,3.1150,15.0400,89.7619,66.990000,57.386755,0.122613,-0.149953,1,1,1,1,1,5,5,5,1.0000,1.0000,0,0.021768,0.00000357,0.021768,1.495192,-0.095148
2012-03-20,,3.0300,3.1150,15.5800,89.5238,67.110000,57.440555,0.123113,-0.157768,1,1,1,1,1,5,5,5,1.0000,1.0000,0,0.005475,0.00000397,0.005475,1.503379,-0.090194
2012-03-21,,3.0200,3.1150,15.1300,89.5238,67.120000,57.496705,0.123065,-0.149063,1,1,1,1,1,5,5,5,1.0000,1.0000,0,-0.000340,0.00000397,-0.000340,1.502868,-0.090503
2012-03-22,,3.0000,3.1150,15.5700,88.5714,66.980000,57.552655,0.124246,-0.135152,1,1,1,1,1,5,5,5,1.0000,1.0000,0,-0.006044,0.00000357,-0.006044,1.493785,-0.096000
2012-03-23,,3.0100,3.1150,14.8200,89.2857,66.939000,57.610400,0.123881,-0.145326,1,1,1,1,1,5,5,5,1.0000,1.0000,0,-0.001370,0.00000317,-0.001370,1.491739,-0.097238
2012-03-26,,3.0100,3.1150,14.2600,92.1429,68.110000,57.673525,0.123014,-0.165569,1,1,1,1,1,5,5,5,1.0000,1.0000,0,0.052224,0.00000317,0.052224,1.569643,-0.050092
2012-03-27,,3.0100,3.1150,15.5900,92.1429,68.210000,57.741375,0.123982,-0.153409,1,1,1,1,1,5,5,5,1.0000,1.0000,0,0.003831,0.00000357,0.003831,1.575656,-0.046453
2012-03-28,,3.0400,3.1150,15.4700,90.7143,67.938000,57.807865,0.123585,-0.154302,1,1,1,1,1,5,5,5,1.0000,1.0000,0,-0.011691,0.00000357,-0.011691,1.557235,-0.057601
2012-03-29,,3.0300,3.1150,15.4800,90.2381,67.680000,57.869565,0.124278,-0.113610,1,1,1,1,1,5,5,5,1.0000,1.0000,0,-0.010268,0.00000357,-0.010268,1.541245,-0.067278
2012-03-30,,3.0300,3.1150,15.5000,91.1905,67.550000,57.935865,0.124441,-0.105366,1,1,1,1,1,5,5,5,1.0000,1.0000,0,-0.006972,0.00000278,-0.006972,1.530500,-0.073781
2012-04-02,,3.0700,3.1150,15.6400,91.1905,68.250000,58.006715,0.124154,-0.107495,1,1,1,1,1,5,5,5,1.0000,1.0000,0,0.030508,0.00000278,0.030508,1.577191,-0.045524
2012-04-03,,3.0800,3.1150,15.6600,90.9524,68.240000,58.078965,0.124611,-0.100817,1,1,1,1,1,5,5,5,1.0000,1.0000,0,0.000081,0.00000317,0.000081,1.577319,-0.045447
2012-04-04,,3.0600,3.1150,16.4400,89.2857,67.300000,58.145115,0.125661,-0.090204,1,1,1,1,1,5,5,5,1.0000,1.0000,0,-0.040793,0.00000317,-0.040793,1.512975,-0.084386
2012-04-05,,3.0800,3.1150,16.7000,88.8095,67.720000,58.207565,0.124794,-0.089101,1,1,1,1,1,5,5,5,1.0000,1.0000,0,0.018263,0.00000317,0.018263,1.540607,-0.067664
2012-04-09,,3.0900,3.1150,18.8100,86.1905,67.210000,58.269460,0.125571,-0.076882,1,1,1,1,1,5,5,5,1.0000,1.0000,0,-0.023002,0.00000317,-0.023002,1.505169,-0.089110
2012-04-10,,3.1100,3.1150,20.3900,80.9976,66.130000,58.323410,0.126049,-0.067959,1,0,1,1,1,4,3,5,1.0000,1.0000,0,-0.048274,0.00000357,-0.048274,1.432508,-0.133083
2012-04-11,,3.1400,3.1200,20.0200,84.3230,66.450000,58.383760,0.125328,-0.079098,0,0,1,1,1,3,1,4,1.0000,1.0000,0,0.014468,0.00000357,0.014468,1.453233,-0.120540
2012-04-12,,3.1600,3.1200,17.2000,87.1734,67.205000,58.443560,0.124090,-0.084968,0,1,1,1,1,4,3,3,0.0000,0.0000,1,0.033537,0.00000357,0.005608,1.461383,-0.115608
2012-04-13,,3.1500,3.1200,19.5500,84.7981,66.190000,58.494160,0.125164,-0.063633,0,1,1,1,1,4,3,4,1.0000,1.0000,1,-0.045200,0.00000357,-0.035697,1.409216,-0.147178
2012-04-16,,3.1500,3.1200,19.5500,84.5606,65.450000,58.539910,0.126432,-0.039774,0,1,1,1,1,4,3,4,1.0000,1.0000,0,-0.031516,0.00000357,-0.031516,1.364804,-0.174056
2012-04-17,,3.1400,3.1200,18.4600,87.4109,66.780000,58.588560,0.125214,-0.050980,0,1,1,1,1,4,3,4,1.0000,1.0000,0,0.058948,0.00000317,0.058948,1.445256,-0.125368
2012-04-18,,3.1400,3.1250,18.6400,86.4608,66.610000,58.632060,0.125460,-0.052324,0,1,1,1,1,4,3,4,1.0000,1.0000,0,-0.007306,0.00000317,-0.007306,1.434696,-0.131759
2012-04-19,,3.1500,3.1300,18.3600,84.7981,65.860000,58.670360,0.125908,-0.041527,0,1,1,1,1,4,3,4,1.0000,1.0000,0,-0.032332,0.00000278,-0.032332,1.388310,-0.159830
2012-04-20,,3.1500,3.1350,17.4400,83.6105,65.680000,58.706810,0.126930,-0.041232,0,1,1,1,1,4,3,4,1.0000,1.0000,0,-0.010775,0.00000278,-0.010775,1.373350,-0.168884
2012-04-23,,3.1700,3.1400,18.9700,80.9976,65.080000,58.736260,0.127458,-0.045479,0,1,1,1,1,4,3,4,1.0000,1.0000,0,-0.025172,0.00000317,-0.025172,1.338781,-0.189804
2012-04-24,,3.1600,3.1400,18.1000,81.9477,64.730000,58.764760,0.127849,-0.030706,0,1,1,1,1,4,3,4,1.0000,1.0000,0,-0.017651,0.00000317,-0.017651,1.315149,-0.204105
2012-04-25,,3.1500,3.1400,16.8200,86.2233,66.450000,58.807210,0.126769,-0.036924,0,1,1,1,1,4,3,4,1.0000,1.0000,0,0.079430,0.00000357,0.079430,1.419611,-0.140887
2012-04-26,,3.1700,3.1400,16.2400,88.3610,66.840000,58.853810,0.126605,-0.043960,0,1,1,1,1,4,3,4,1.0000,1.0000,0,0.017887,0.00000357,0.017887,1.445005,-0.125520
2012-04-27,,3.1900,3.1400,16.3200,89.3112,67.240000,58.901210,0.126851,-0.036314,0,1,1,1,1,4,3,4,1.0000,1.0000,0,0.017137,0.00000357,0.017137,1.469768,-0.110534
2012-04-30,,3.1900,3.1400,17.1500,87.8860,66.760000,58.949560,0.127476,-0.027708,0,1,1,1,1,4,3,4,1.0000,1.0000,0,-0.020783,0.00000357,-0.020783,1.439222,-0.129020
2012-05-01,,3.2000,3.1400,16.6000,89.3112,66.870000,58.994660,0.127327,-0.016198,0,1,1,1,1,4,3,4,1.0000,1.0000,0,0.005677,0.00000397,0.005677,1.447392,-0.124076
2012-05-02,,3.2200,3.1400,16.8800,88.3610,67.060000,59.042260,0.126955,-0.016303,0,1,1,1,1,4,3,4,1.0000,1.0000,0,0.006602,0.00000357,0.006602,1.456947,-0.118293
2012-05-03,,3.1900,3.1400,17.5600,85.9857,66.350000,59.079760,0.127540,-0.016198,0,1,1,1,1,4,3,4,1.0000,1.0000,0,-0.031061,0.00000317,-0.031061,1.411692,-0.145680
2012-05-04,,3.1800,3.1450,19.1600,80.0475,64.700000,59.110260,0.129818,0.003769,0,1,1,1,0,3,1,4,1.0000,1.0000,0,-0.073375,0.00000357,-0.073375,1.308109,-0.208366
2012-05-07,,3.1900,3.1500,18.9400,80.5226,64.760000,59.139110,0.129468,0.005212,0,1,1,1,0,3,1,3,0.0000,0.0000,1,0.001441,0.00000278,-0.019223,1.282963,-0.223583
2012-05-08,,3.1800,3.1500,19.0500,80.5226,64.520000,59.163710,0.130209,0.005547,0,1,1,1,0,3,1,3,0.0000,0.0000,0,-0.011034,0.00000397,0.000004,1.282968,-0.223580
2012-05-09,,3.1900,3.1500,20.0800,76.4846,64.321000,59.187915,0.131059,0.020783,0,0,1,1,0,2,-1,3,0.0000,0.0000,0,-0.005531,0.00000357,0.000004,1.282973,-0.223577
2012-05-10,,3.2200,3.1500,18.8300,78.8599,64.190000,59.210740,0.132003,0.026647,0,1,1,1,0,3,1,2,0.0000,0.0000,0,-0.010245,0.00000357,0.000004,1.282978,-0.223575
2012-05-11,,3.2100,3.1500,19.8900,78.3848,64.180000,59.241190,0.132475,0.027643,0,1,1,1,0,3,1,3,0.0000,0.0000,0,-0.000986,0.00000397,0.000004,1.282983,-0.223572
2012-05-14,,3.2200,3.1500,21.8700,75.5344,63.580000,59.268140,0.133808,0.037634,0,0,1,1,0,2,-1,3,0.0000,0.0000,0,-0.027629,0.00000397,0.000004,1.282988,-0.223569
2012-05-15,,3.2200,3.1500,21.9700,72.2090,63.370000,59.294990,0.133643,0.039339,0,0,1,1,0,2,-1,2,0.0000,0.0000,0,-0.008727,0.00000397,0.000004,1.282993,-0.223565
2012-05-16,,3.2400,3.1500,22.2700,69.1211,62.940000,59.321040,0.134346,0.048730,0,0,1,1,0,2,-1,2,0.0000,0.0000,0,-0.021704,0.00000357,0.000004,1.282997,-0.223563
2012-05-17,,3.2500,3.1500,24.4900,64.6081,61.610000,59.347740,0.135603,0.053181,0,0,1,1,0,2,-1,2,0.0000,0.0000,0,-0.061532,0.00000397,0.000004,1.283002,-0.223560
2012-05-18,,3.2300,3.1500,25.1000,60.3325,60.810000,59.367740,0.136504,0.064463,0,0,1,1,0,2,-1,2,0.0000,0.0000,0,-0.040143,0.00000397,0.000004,1.283008,-0.223557
2012-05-21,,3.2700,3.1550,22.0100,66.5083,62.510000,59.409440,0.134349,0.047055,0,0,1,1,0,2,-1,2,0.0000,0.0000,0,0.084109,0.00000317,0.000003,1.283012,-0.223554
2012-05-22,,3.2500,3.1600,22.4800,66.5083,62.440000,59.452490,0.135061,0.054411,0,0,1,1,0,2,-1,2,0.0000,0.0000,0,-0.003644,0.00000357,0.000004,1.283016,-0.223551
2012-05-23,,3.3400,3.1600,22.3300,67.6960,62.560000,59.512340,0.134271,0.056214,0,0,1,1,0,2,-1,2,0.0000,0.0000,0,0.005592,0.00000357,0.000004,1.283021,-0.223549
2012-05-24,,3.3300,3.1600,21.5400,67.4584,62.150000,59.557940,0.134536,0.054838,0,0,1,1,0,2,-1,2,0.0000,0.0000,0,-0.017968,0.00000357,0.000004,1.283025,-0.223546
2012-05-25,,3.3600,3.1650,21.7600,66.5083,62.070000,59.613990,0.135428,0.063747,0,0,1,1,0,2,-1,2,0.0000,0.0000,0,-0.005663,0.00000397,0.000004,1.283030,-0.223543
2012-05-29,,3.3700,3.1700,21.0300,71.4964,62.860000,59.662790,0.134218,0.052907,0,0,1,1,0,2,-1,2,0.0000,0.0000,0,0.037203,0.00000357,0.000004,1.283035,-0.223540
2012-05-30,,3.3800,3.1700,24.1400,62.7078,62.330000,59.706590,0.135360,0.054469,0,0,1,1,0,2,-1,2,0.0000,0.0000,0,-0.024253,0.00000357,0.000004,1.283040,-0.223537
2012-05-31,,3.4000,3.1700,24.0600,62.2328,62.060000,59.745090,0.136381,0.051849,0,0,1,1,0,2,-1,2,0.0000,0.0000,0,-0.014286,0.00000278,0.000003,1.283043,-0.223535
2012-06-01,,3.4000,3.1700,26.6600,53.2067,60.409000,59.777635,0.139318,0.078117,0,0,1,1,0,2,-1,2,0.0000,0.0000,0,-0.078613,0.00000278,0.000003,1.283047,-0.223533
2012-06-04,,3.4100,3.1700,26.1200,52.0190,60.870000,59.814085,0.139852,0.088074,0,0,1,1,0,2,-1,2,0.0000,0.0000,0,0.021449,0.00000278,0.000003,1.283050,-0.223531
2012-06-05,,3.4000,3.1700,24.6800,55.5819,61.120000,59.864935,0.139304,0.084249,0,0,1,1,0,2,-1,2,0.0000,0.0000,0,0.013766,0.00000317,0.000003,1.283054,-0.223528
2012-06-06,,3.4000,3.1700,22.1600,62.4703,62.520000,59.927385,0.138137,0.065797,0,0,1,1,0,2,-1,2,0.0000,0.0000,0,0.068356,0.00000317,0.000003,1.283058,-0.223526
2012-06-07,,3.4100,3.1750,21.7200,62.2328,62.270000,59.987685,0.139114,0.086623,0,0,1,1,0,2,-1,2,0.0000,0.0000,0,-0.011203,0.00000357,0.000004,1.283063,-0.223523
2012-06-08,,3.4300,3.1800,21.2300,64.3705,62.870000,60.040635,0.138317,0.095887,0,0,1,1,0,2,-1,2,0.0000,0.0000,0,0.029411,0.00000357,0.000004,1.283068,-0.223520
2012-06-11,,3.4400,3.1800,23.5600,60.3325,61.805000,60.086210,0.139976,0.113377,0,0,1,1,0,2,-1,2,0.0000,0.0000,0,-0.047829,0.00000357,0.000004,1.283072,-0.223517
2012-06-12,,3.4600,3.1800,22.0900,63.6580,62.560000,60.139860,0.138542,0.111546,0,0,1,1,0,2,-1,2,0.0000,0.0000,0,0.031561,0.00000357,0.000004,1.283077,-0.223515
2012-06-13,,3.4300,3.1800,24.2700,60.5701,62.130000,60.184860,0.139471,0.128925,0,0,1,1,0,2,-1,2,0.0000,0.0000,0,-0.019608,0.00000397,0.000004,1.283082,-0.223512
2012-06-14,,3.4300,3.1800,21.6800,61.2827,62.360000,60.223610,0.138945,0.122215,0,0,1,1,0,2,-1,2,0.0000,0.0000,0,0.011210,0.00000397,0.000004,1.283087,-0.223509
2012-06-15,,3.4000,3.1800,21.1100,66.0333,62.990000,60.263710,0.137655,0.113417,0,0,1,1,0,2,-1,2,0.0000,0.0000,0,0.036948,0.00000436,0.000004,1.283093,-0.223505
2012-06-18,,3.4200,3.1850,18.3200,66.5083,63.580000,60.306310,0.137909,0.106180,0,1,1,1,0,3,1,2,0.0000,0.0000,0,0.025782,0.00000357,0.000004,1.283097,-0.223502
2012-06-19,,3.4200,3.1900,18.3800,71.2589,64.239000,60.354705,0.136293,0.097360,0,1,1,1,0,3,1,3,0.0000,0.0000,0,0.032896,0.00000397,0.000004,1.283102,-0.223499
2012-06-20,,3.4100,3.1900,17.2400,70.0713,64.290000,60.409755,0.135186,0.094666,0,1,1,1,0,3,1,3,0.0000,0.0000,0,0.003561,0.00000357,0.000004,1.283107,-0.223496
2012-06-21,,3.3800,3.1900,20.0800,62.4703,62.690000,60.456755,0.136854,0.097407,0,0,1,1,0,2,-1,3,0.0000,0.0000,0,-0.074906,0.00000357,0.000004,1.283111,-0.223494
2012-06-22,,3.3500,3.1900,18.1100,64.3705,63.350000,60.500305,0.135846,0.094259,0,1,1,1,0,3,1,2,0.0000,0.0000,0,0.031109,0.00000357,0.000004,1.283116,-0.223491
2012-06-25,,3.3600,3.1900,20.3800,58.1948,62.130000,60.539005,0.137793,0.101840,0,0,1,1,0,2,-1,3,0.0000,0.0000,0,-0.059330,0.00000357,0.000004,1.283121,-0.223488
2012-06-26,,3.3600,3.1900,19.7200,60.0950,62.520000,60.585705,0.137294,0.096808,0,1,1,1,0,3,1,2,0.0000,0.0000,0,0.019443,0.00000397,0.000004,1.283126,-0.223485
2012-06-27,,3.3400,3.1900,19.4500,62.7078,62.900000,60.630905,0.137603,0.101706,0,1,1,1,0,3,1,3,0.0000,0.0000,0,0.018230,0.00000397,0.000004,1.283131,-0.223482
2012-06-28,,3.3500,3.1900,19.7100,61.5202,62.200000,60.669005,0.138489,0.104698,0,1,1,1,0,3,1,3,0.0000,0.0000,0,-0.035978,0.00000357,0.000004,1.283135,-0.223479
2012-06-29,,3.3700,3.1900,17.0800,69.8337,64.160000,60.713005,0.135888,0.079195,0,1,1,1,0,3,1,3,0.0000,0.0000,0,0.097695,0.00000357,0.000004,1.283140,-0.223476
2012-07-02,,3.3900,3.1950,16.8000,70.0713,64.350000,60.753855,0.136327,0.090245,0,1,1,1,0,3,1,3,0.0000,0.0000,0,0.008001,0.00000357,0.000004,1.283144,-0.223474
2012-07-03,,3.4000,3.2000,16.6600,72.9216,64.890000,60.795355,0.135105,0.075477,0,1,1,1,0,3,1,3,0.0000,0.0000,0,0.023810,0.00000397,0.000004,1.283150,-0.223471
2012-07-05,,3.4100,3.2050,17.5000,72.4466,64.930000,60.836955,0.134915,0.070801,0,1,1,1,0,3,1,3,0.0000,0.0000,0,0.003488,0.00000357,0.000004,1.283154,-0.223468
2012-07-06,,3.4300,3.2100,17.1000,67.9335,64.120000,60.875755,0.135914,0.083532,0,1,1,1,0,3,1,3,0.0000,0.0000,0,-0.039397,0.00000317,0.000003,1.283158,-0.223465
2012-07-09,,3.4100,3.2100,17.9800,65.5582,64.000000,60.918855,0.135641,0.090759,0,1,1,1,0,3,1,3,0.0000,0.0000,0,-0.003418,0.00000317,0.000003,1.283162,-0.223463
2012-07-10,,3.4100,3.2100,18.7200,62.9454,63.370000,60.967805,0.137058,0.092950,0,1,1,1,0,3,1,3,0.0000,0.0000,0,-0.030663,0.00000357,0.000004,1.283167,-0.223460
2012-07-11,,3.3900,3.2150,17.9500,62.7078,63.020000,61.012155,0.137746,0.087600,0,1,1,1,0,3,1,3,0.0000,0.0000,0,-0.013736,0.00000357,0.000004,1.283171,-0.223457
2012-07-12,,3.3600,3.2200,18.3300,58.9074,62.430000,61.050405,0.138604,0.102652,0,1,1,1,0,3,1,3,0.0000,0.0000,0,-0.028909,0.00000397,0.000004,1.283177,-0.223454
2012-07-13,,3.3700,3.2200,16.7400,66.0333,63.380000,61.090555,0.137573,0.094528,0,1,1,1,0,3,1,3,0.0000,0.0000,0,0.043459,0.00000397,0.000004,1.283182,-0.223451
2012-07-16,,3.3700,3.2200,17.1100,63.8955,63.200000,61.133905,0.137783,0.092753,0,1,1,1,0,3,1,3,0.0000,0.0000,0,-0.007497,0.00000397,0.000004,1.283187,-0.223448
2012-07-17,,3.3500,3.2200,16.4800,64.8456,63.530000,61.182155,0.137137,0.079487,0,1,1,1,0,3,1,3,0.0000,0.0000,0,0.015381,0.00000397,0.000004,1.283192,-0.223445
2012-07-18,,3.3500,3.2200,16.1600,69.8337,64.390000,61.241655,0.136565,0.071756,0,1,1,1,0,3,1,3,0.0000,0.0000,0,0.040645,0.00000397,0.000004,1.283197,-0.223442
2012-07-19,,3.3300,3.2200,15.4500,69.5962,65.100000,61.311455,0.136463,0.067576,0,1,1,1,0,3,1,3,0.0000,0.0000,0,0.032567,0.00000357,0.000004,1.283201,-0.223439
2012-07-20,,3.3400,3.2200,16.2700,64.3705,64.235000,61.371680,0.138016,0.086983,0,1,1,1,0,3,1,3,0.0000,0.0000,0,-0.038463,0.00000357,0.000004,1.283206,-0.223436
2012-07-23,,3.3100,3.2250,18.6200,59.8575,63.460000,61.421330,0.138500,0.090554,0,1,1,1,0,3,1,3,0.0000,0.0000,0,-0.037000,0.00000357,0.000004,1.283211,-0.223434
2012-07-24,,3.3100,3.2300,20.4700,57.4822,62.960000,61.463980,0.138473,0.087367,0,0,1,1,0,2,-1,3,0.0000,0.0000,0,-0.022845,0.00000397,0.000004,1.283216,-0.223431
2012-07-25,,3.2900,3.2300,19.3400,59.6200,62.540000,61.506330,0.138362,0.081794,0,1,1,1,0,3,1,2,0.0000,0.0000,0,-0.022316,0.00000397,0.000004,1.283221,-0.223428
2012-07-26,,3.3000,3.2350,17.5300,62.9454,63.370000,61.543480,0.138246,0.082973,0,1,1,1,0,3,1,3,0.0000,0.0000,0,0.039130,0.00000397,0.000004,1.283226,-0.223424
2012-07-27,,3.3000,3.2400,16.7000,69.5962,64.870000,61.586230,0.137335,0.080801,0,1,1,1,0,3,1,3,0.0000,0.0000,0,0.075731,0.00000436,0.000004,1.283232,-0.223421
2012-07-30,,3.2900,3.2400,18.0300,67.6960,64.820000,61.627330,0.137835,0.080388,0,1,1,1,0,3,1,3,0.0000,0.0000,0,-0.006028,0.00000436,0.000004,1.283237,-0.223418
2012-07-31,,3.2600,3.2400,18.9300,65.7957,64.800000,61.665730,0.137681,0.060884,0,1,1,1,0,3,1,3,0.0000,0.0000,0,0.000586,0.00000436,0.000004,1.283243,-0.223414
2012-08-01,,3.2700,3.2400,18.9600,63.8955,64.610000,61.697880,0.136747,0.056426,0,1,1,1,0,3,1,3,0.0000,0.0000,0,-0.009776,0.00000436,0.000004,1.283248,-0.223411
2012-08-02,,3.2600,3.2400,17.5700,61.5202,64.380000,61.733380,0.136929,0.051647,0,1,1,1,0,3,1,3,0.0000,0.0000,0,-0.010466,0.00000397,0.000004,1.283253,-0.223408
2012-08-03,,3.2400,3.2400,15.6400,68.6461,65.600000,61.771430,0.135846,0.037493,1,1,1,1,0,4,3,3,0.0000,0.0000,0,0.056876,0.00000357,0.000004,1.283258,-0.223405
2012-08-06,,3.2600,3.2400,15.9500,69.8337,66.100000,61.817580,0.135260,0.025329,0,1,1,1,0,3,1,4,1.0000,1.0000,1,0.022468,0.00000357,0.005746,1.290632,-0.218942
2012-08-07,,3.2400,3.2400,15.9900,74.8219,66.650000,61.867880,0.133196,0.005624,1,1,1,1,0,4,3,3,0.0000,0.0000,1,0.024747,0.00000397,0.014756,1.309677,-0.207417
2012-08-08,,3.2400,3.2400,15.3200,74.5843,66.620000,61.914480,0.133212,-0.004664,1,1,1,1,1,5,5,4,1.0000,1.0000,1,-0.001623,0.00000436,0.005612,1.317028,-0.202969
2012-08-09,,3.2300,3.2400,15.2800,74.8219,66.820000,61.956130,0.133099,-0.004298,1,1,1,1,1,5,5,5,1.0000,1.0000,0,0.008484,0.00000436,0.008484,1.328201,-0.196206
2012-08-10,,3.2300,3.2400,14.7400,75.0594,66.860000,62.003730,0.133272,-0.008475,1,1,1,1,1,5,5,5,1.0000,1.0000,0,0.004117,0.00000436,0.004117,1.333670,-0.192897
2012-08-13,,3.2300,3.2400,13.7000,73.8717,67.020000,62.052480,0.133196,-0.019094,1,1,1,1,1,5,5,5,1.0000,1.0000,0,0.006061,0.00000397,0.006061,1.341753,-0.188005
2012-08-14,,3.2400,3.2400,14.8500,72.4466,67.050000,62.093480,0.133035,-0.027576,1,1,1,1,1,5,5,5,1.0000,1.0000,0,0.001417,0.00000436,0.001417,1.343654,-0.186855
2012-08-15,,3.2500,3.2400,14.6300,74.1093,67.220000,62.134880,0.132245,-0.016720,0,1,1,1,1,4,3,5,1.0000,1.0000,0,0.007078,0.00000436,0.007078,1.353164,-0.181100
2012-08-16,,3.2700,3.2400,14.2900,76.3033,68.020000,62.185230,0.130960,-0.032609,0,1,1,1,1,4,3,4,1.0000,1.0000,0,0.035840,0.00000357,0.035840,1.401661,-0.151750
2012-08-17,,3.2600,3.2450,13.4500,77.0142,68.320000,62.244630,0.130433,-0.030722,0,1,1,1,1,4,3,4,1.0000,1.0000,0,0.013737,0.00000357,0.013737,1.420916,-0.140098
2012-08-20,,3.2500,3.2500,14.0200,76.7773,68.420000,62.302130,0.130670,-0.030825,1,1,1,1,1,5,5,4,1.0000,1.0000,0,0.003848,0.00000357,0.003848,1.426384,-0.136789
2012-08-21,,3.2300,3.2500,15.0200,77.2512,68.150000,62.352380,0.130114,-0.042104,1,1,1,1,1,5,5,5,1.0000,1.0000,0,-0.011501,0.00000436,-0.011501,1.409980,-0.146716
2012-08-22,,3.2300,3.2500,15.1100,77.0142,68.430000,62.405530,0.129848,-0.034542,1,1,1,1,1,5,5,5,1.0000,1.0000,0,0.010791,0.00000436,0.010791,1.425195,-0.137508
2012-08-23,,3.2200,3.2500,15.9600,72.7488,67.870000,62.453830,0.129563,-0.045718,1,1,1,1,1,5,5,5,1.0000,1.0000,0,-0.022185,0.00000436,-0.022185,1.393578,-0.156642
2012-08-24,,3.2000,3.2500,15.1800,74.8815,68.290000,62.500880,0.129390,-0.055174,1,1,1,1,1,5,5,5,1.0000,1.0000,0,0.017741,0.00000436,0.017741,1.418301,-0.141681
2012-08-27,,3.2100,3.2450,16.3500,74.4076,68.400000,62.558830,0.129645,-0.076677,1,1,1,1,1,5,5,5,1.0000,1.0000,0,0.004861,0.00000397,0.004861,1.425195,-0.137508
2012-08-28,,3.1900,3.2400,16.4900,74.8815,68.400000,62.616930,0.129526,-0.081497,1,1,1,1,1,5,5,5,1.0000,1.0000,0,-0.000167,0.00000436,-0.000167,1.424958,-0.137652
2012-08-29,,3.1900,3.2400,17.0600,74.6445,68.400000,62.669680,0.129213,-0.079419,1,1,1,1,1,5,5,5,1.0000,1.0000,0,0.000333,0.00000397,0.000333,1.425433,-0.137364
2012-08-30,,3.1900,3.2400,17.8300,71.5640,67.710000,62.720780,0.129511,-0.066480,1,1,1,1,1,5,5,5,1.0000,1.0000,0,-0.030520,0.00000476,-0.030520,1.381929,-0.163692
2012-08-31,,3.2000,3.2400,17.4700,72.7488,68.160000,62.770930,0.128755,-0.079604,1,1,1,1,1,5,5,5,1.0000,1.0000,0,0.021330,0.00000397,0.021330,1.411406,-0.145853
2012-09-04,,3.2100,3.2400,17.9800,71.8676,68.090000,62.825530,0.129352,-0.068678,1,1,1,1,1,5,5,5,1.0000,1.0000,0,-0.004211,0.00000357,-0.004211,1.405463,-0.149449
2012-09-05,,3.1800,3.2400,17.7400,69.9764,68.020000,62.886480,0.128912,-0.084755,1,1,1,1,1,5,5,5,1.0000,1.0000,0,-0.004566,0.00000397,-0.004566,1.399046,-0.153333
2012-09-06,,3.1800,3.2400,15.6000,77.5414,69.530000,62.957130,0.127774,-0.084074,1,1,1,1,1,5,5,5,1.0000,1.0000,0,0.066101,0.00000436,0.066101,1.491523,-0.097368
2012-09-07,,3.1900,3.2400,14.3800,80.3783,69.430000,63.032580,0.126862,-0.098801,1,1,1,1,1,5,5,5,1.0000,1.0000,0,-0.004304,0.00000436,-0.004304,1.485104,-0.101253
2012-09-10,,3.2000,3.2400,16.2800,77.7778,68.540000,63.102680,0.127448,-0.088973,1,1,1,1,1,5,5,5,1.0000,1.0000,0,-0.036817,0.00000436,-0.036817,1.430426,-0.134343
2012-09-11,,3.2000,3.2400,16.4100,78.0142,68.430000,63.178380,0.126781,-0.084749,1,1,1,1,1,5,5,5,1.0000,1.0000,0,-0.004322,0.00000397,-0.004322,1.424244,-0.138084
2012-09-12,,3.1800,3.2400,15.8000,78.9598,68.632000,63.257140,0.125632,-0.095641,1,1,1,1,1,5,5,5,1.0000,1.0000,0,0.008680,0.00000397,0.008680,1.436607,-0.130602
2012-09-13,,3.1800,3.2400,14.0500,81.7967,69.560000,63.331340,0.125486,-0.085657,1,1,1,1,1,5,5,5,1.0000,1.0000,0,0.039898,0.00000397,0.039898,1.493924,-0.095915
2012-09-14,,3.2100,3.2400,14.5100,82.0331,70.180000,63.410340,0.124083,-0.089259,1,1,1,1,1,5,5,5,1.0000,1.0000,0,0.025604,0.00000397,0.025604,1.532174,-0.072767
2012-09-17,,3.1500,3.2400,14.5900,80.1418,70.210000,63.479440,0.123722,-0.106318,1,1,1,1,1,5,5,5,1.0000,1.0000,0,0.001862,0.00000436,0.001862,1.535027,-0.071041
2012-09-18,,3.1200,3.2400,14.1800,79.6690,70.270000,63.546890,0.123448,-0.100261,1,1,1,1,1,5,5,5,1.0000,1.0000,0,0.001858,0.00000436,0.001858,1.537880,-0.069314
2012-09-19,,3.0900,3.2400,13.8800,79.1962,70.400000,63.615790,0.123517,-0.115737,1,1,1,1,1,5,5,5,1.0000,1.0000,0,0.006647,0.00000397,0.006647,1.548102,-0.063128
2012-09-20,,3.0700,3.2350,14.0700,77.7778,70.330000,63.681240,0.124020,-0.107469,1,1,1,1,1,5,5,5,1.0000,1.0000,0,-0.002303,0.00000436,-0.002303,1.544537,-0.065286
2012-09-21,,3.0400,3.2300,13.9800,78.2506,70.150000,63.746590,0.123483,-0.112395,1,1,1,1,1,5,5,5,1.0000,1.0000,0,0.000000,0.00000436,0.000000,1.544537,-0.065286
2012-09-24,,3.0600,3.2300,14.1500,77.7778,69.735000,63.809865,0.124858,-0.107954,1,1,1,1,1,5,5,5,1.0000,1.0000,0,-0.018470,0.00000436,-0.018470,1.516009,-0.082550
2012-09-25,,3.0200,3.2300,15.4300,73.9953,68.760000,63.873065,0.125920,-0.077665,1,1,1,1,1,5,5,5,1.0000,1.0000,0,-0.040145,0.00000436,-0.040145,1.455150,-0.119381
2012-09-26,,3.0300,3.2300,16.8100,72.8132,68.200000,63.928965,0.126906,-0.072541,1,1,1,1,1,5,5,5,1.0000,1.0000,0,-0.026303,0.00000436,-0.026303,1.416875,-0.142544
2012-09-27,,3.0300,3.2300,14.8400,74.4681,69.140000,63.992765,0.125225,-0.076975,1,1,1,1,1,5,5,5,1.0000,1.0000,0,0.042449,0.00000436,0.042449,1.477020,-0.106145
2012-09-28,,3.0500,3.2300,15.7300,73.0496,68.570000,64.056815,0.126380,-0.066578,1,1,1,1,1,5,5,5,1.0000,1.0000,0,-0.023981,0.00000357,-0.023981,1.441600,-0.127580
2012-10-01,,3.0700,3.2250,16.3200,72.3404,68.470000,64.124715,0.125463,-0.081918,1,1,1,1,1,5,5,5,1.0000,1.0000,0,-0.004289,0.00000397,-0.004289,1.435418,-0.131322
2012-10-02,,3.0600,3.2200,15.7100,71.3948,68.670000,64.194365,0.125986,-0.076011,1,1,1,1,1,5,5,5,1.0000,1.0000,0,0.006460,0.00000357,0.006460,1.444690,-0.125710
2012-10-03,,3.0400,3.2200,15.4300,71.8676,69.110000,64.265615,0.126094,-0.086526,1,1,1,1,1,5,5,5,1.0000,1.0000,0,0.018939,0.00000357,0.018939,1.472052,-0.109152
2012-10-04,,3.0300,3.2200,14.5500,75.4137,69.350000,64.340765,0.125920,-0.093514,1,1,1,1,1,5,5,5,1.0000,1.0000,0,0.011612,0.00000357,0.011612,1.489145,-0.098807
2012-10-05,,2.9900,3.2200,14.3300,73.9953,68.980000,64.406015,0.125701,-0.101895,1,1,1,1,1,5,5,5,1.0000,1.0000,0,-0.017241,0.00000397,-0.017241,1.463470,-0.114345
2012-10-08,,2.9800,3.2200,15.1100,73.9953,68.350000,64.472115,0.126337,-0.087647,1,1,1,1,1,5,5,5,1.0000,1.0000,0,-0.026478,0.00000436,-0.026478,1.424721,-0.137795
2012-10-09,,2.9800,3.2200,16.3700,69.0307,67.259200,64.530411,0.127358,-0.080566,1,1,1,1,1,5,5,5,1.0000,1.0000,0,-0.051394,0.00000436,-0.051394,1.351498,-0.182108
2012-10-10,,2.9300,3.2200,16.2900,67.6123,66.920000,64.584611,0.127966,-0.070267,1,1,1,1,1,5,5,5,1.0000,1.0000,0,-0.012136,0.00000397,-0.012136,1.335096,-0.192034
2012-10-11,,2.9000,3.2150,15.5900,68.3215,66.710000,64.636961,0.128034,-0.065193,1,1,1,1,1,5,5,5,1.0000,1.0000,0,-0.008903,0.00000397,-0.008903,1.323210,-0.199227
2012-10-12,,2.8700,3.2100,16.1400,66.1939,66.680000,64.692411,0.127721,-0.066462,1,1,1,1,1,5,5,5,1.0000,1.0000,0,-0.000181,0.00000397,-0.000181,1.322970,-0.199372
2012-10-15,,2.8500,3.2100,15.2700,70.2128,67.170000,64.748311,0.127186,-0.082840,1,1,1,1,1,5,5,5,1.0000,1.0000,0,0.019947,0.00000436,0.019947,1.349360,-0.183402
2012-10-16,,2.8300,3.2100,15.2200,73.0496,68.120000,64.809761,0.126391,-0.094192,1,1,1,1,1,5,5,5,1.0000,1.0000,0,0.043516,0.00000436,0.043516,1.408079,-0.147867
2012-10-17,,2.8000,3.2100,15.0700,75.4137,68.080000,64.865661,0.127365,-0.087574,1,1,1,1,1,5,5,5,1.0000,1.0000,0,-0.003039,0.00000357,-0.003039,1.403800,-0.150456
2012-10-18,,2.7700,3.2050,15.0300,73.7589,67.290000,64.916411,0.128275,-0.079362,1,1,1,1,1,5,5,5,1.0000,1.0000,0,-0.034209,0.00000436,-0.034209,1.355777,-0.179518
2012-10-19,,2.7200,3.2000,17.0600,68.3215,65.680000,64.956761,0.129403,-0.067362,1,1,1,1,1,5,5,5,1.0000,1.0000,0,-0.072242,0.00000397,-0.072242,1.257834,-0.238791
2012-10-22,,2.7100,3.2000,16.6200,68.3215,66.020000,64.997811,0.129036,-0.062498,1,1,1,1,1,5,5,5,1.0000,1.0000,0,0.015687,0.00000397,0.015687,1.277566,-0.226850
2012-10-23,,2.6800,3.2000,18.8300,62.8842,65.390000,65.036661,0.129649,-0.060563,1,1,1,1,1,5,5,5,1.0000,1.0000,0,-0.029588,0.00000397,-0.029588,1.239765,-0.249726
2012-10-24,,2.7300,3.2000,18.3300,61.2293,65.164000,65.072281,0.129060,-0.064120,1,1,1,1,1,5,5,5,1.0000,1.0000,0,-0.009972,0.00000436,-0.009972,1.227403,-0.257207
2012-10-25,,2.7400,3.2000,18.1200,63.1206,65.160000,65.107281,0.129322,-0.055812,1,1,1,1,1,5,5,5,1.0000,1.0000,0,0.000000,0.00000436,0.000000,1.227403,-0.257207
2012-10-26,,2.7300,3.2000,17.8100,62.4113,65.350000,65.142081,0.129395,-0.056918,1,1,1,1,1,5,5,5,1.0000,1.0000,0,0.010459,0.00000436,0.010459,1.240240,-0.249438
2012-10-31,,2.7600,3.2000,18.6000,64.7754,64.950000,65.175931,0.130510,-0.039843,1,1,1,0,1,4,3,5,1.0000,1.0000,0,-0.019358,0.00000476,-0.019358,1.216231,-0.263968
2012-11-01,,2.7300,3.2000,16.6900,70.6856,65.872900,65.211746,0.127809,-0.056351,1,1,1,1,1,5,5,4,1.0000,1.0000,0,0.042416,0.00000436,0.042416,1.267818,-0.232749
2012-11-02,,2.7500,3.2000,17.5900,64.5390,65.170000,65.240146,0.128073,-0.038799,1,1,1,0,1,4,3,5,1.0000,1.0000,0,-0.036566,0.00000357,-0.036566,1.221460,-0.260804
2012-11-05,,2.7700,3.2000,18.4200,66.1939,65.600000,65.268846,0.125733,-0.056692,1,1,1,1,1,5,5,4,1.0000,1.0000,0,0.024523,0.00000357,0.024523,1.251414,-0.242676
2012-11-06,,2.7400,3.2000,17.5800,70.6856,65.720000,65.298596,0.124825,-0.063200,1,1,1,1,1,5,5,5,1.0000,1.0000,0,0.006080,0.00000436,0.006080,1.259023,-0.238072
2012-11-07,,2.7400,3.2000,19.0800,61.9385,64.170000,65.320496,0.125036,-0.061307,1,1,1,0,1,4,3,5,1.0000,1.0000,0,-0.071753,0.00000397,-0.071753,1.168684,-0.292743
2012-11-08,,2.7800,3.2000,18.4900,56.2648,63.160000,65.337896,0.126347,-0.050420,1,1,1,0,1,4,3,4,1.0000,1.0000,0,-0.046785,0.00000397,-0.046785,1.114006,-0.325832
2012-11-09,,2.8000,3.2000,18.6100,56.9740,63.430000,65.352896,0.125470,-0.055799,1,1,1,0,1,4,3,4,1.0000,1.0000,0,0.010882,0.00000397,0.010882,1.126129,-0.318495
2012-11-12,,2.8200,3.2000,16.6800,56.5012,63.420000,65.368896,0.124326,-0.058740,1,1,1,0,1,4,3,4,1.0000,1.0000,0,0.001479,0.00000357,0.001479,1.127795,-0.317487
2012-11-13,,2.8200,3.2000,16.6500,56.2648,62.980000,65.381796,0.125227,-0.042483,1,1,1,0,1,4,3,4,1.0000,1.0000,0,-0.021713,0.00000357,-0.021713,1.103307,-0.332307
2012-11-14,,2.8500,3.2000,17.9200,46.3357,62.240000,65.390746,0.126039,-0.032207,1,1,0,0,1,3,1,4,1.0000,1.0000,0,-0.035767,0.00000436,-0.035767,1.063845,-0.356188
2012-11-15,,2.8700,3.2000,17.9900,46.3357,62.029900,65.398245,0.125534,-0.037511,1,1,0,0,1,3,1,3,0.0000,0.0000,1,-0.008939,0.00000397,0.002033,1.066008,-0.354879
2012-11-16,,2.9000,3.2000,16.4100,49.8818,62.300000,65.404645,0.125981,-0.030560,1,1,0,0,1,3,1,3,0.0000,0.0000,0,0.011273,0.00000317,0.000003,1.066011,-0.354877
2012-11-19,,2.9000,3.2000,15.2400,56.7376,63.780600,65.417448,0.123589,-0.047283,1,1,1,0,1,4,3,3,0.0000,0.0000,0,0.072018,0.00000238,0.000002,1.066014,-0.354876
2012-11-20,,2.9100,3.2000,15.0800,57.4468,63.800000,65.426198,0.123321,-0.047676,1,1,1,0,1,4,3,4,1.0000,1.0000,1,0.000208,0.00000357,0.000219,1.066247,-0.354734
2012-11-21,,2.9000,3.2000,15.3100,58.8652,63.930000,65.435848,0.122553,-0.052073,1,1,1,0,1,4,3,4,1.0000,1.0000,0,0.007071,0.00000317,0.007071,1.073786,-0.350172
2012-11-23,,2.8900,3.2000,15.1400,65.7210,64.900000,65.449698,0.120587,-0.069775,1,1,1,0,1,4,3,4,1.0000,1.0000,0,0.045839,0.00000397,0.045839,1.123008,-0.320384
2012-11-26,,2.8900,3.2000,15.5000,64.3026,65.181000,65.463303,0.122368,-0.055128,1,1,1,0,1,4,3,4,1.0000,1.0000,0,0.012833,0.00000397,0.012833,1.137420,-0.311662
2012-11-27,,2.9000,3.2000,15.9200,62.1749,64.960000,65.473553,0.123316,-0.045257,1,1,1,0,1,4,3,4,1.0000,1.0000,0,-0.011307,0.00000397,-0.011307,1.124560,-0.319445
2012-11-28,,2.9100,3.2000,15.5100,65.7210,65.520000,65.488778,0.122826,-0.051972,1,1,1,1,1,5,5,4,1.0000,1.0000,0,0.026815,0.00000397,0.026815,1.154714,-0.301196
2012-11-29,,2.9100,3.2000,15.0600,69.7400,65.910000,65.503078,0.122959,-0.045315,1,1,1,1,1,5,5,5,1.0000,1.0000,0,0.017283,0.00000397,0.017283,1.174671,-0.289119
2012-11-30,,2.9500,3.2000,15.8700,69.0307,65.800000,65.516028,0.124231,-0.039908,1,1,1,1,1,5,5,5,1.0000,1.0000,0,-0.003588,0.00000357,-0.003588,1.170457,-0.291669
2012-12-03,,2.9500,3.2000,16.6400,66.4303,65.670000,65.530528,0.124072,-0.037689,1,1,1,1,1,5,5,5,1.0000,1.0000,0,-0.004926,0.00000317,-0.004926,1.164691,-0.295159
2012-12-04,,2.9500,3.2000,17.1200,65.2482,65.630000,65.540528,0.123611,-0.032009,1,1,1,1,1,5,5,5,1.0000,1.0000,0,-0.006471,0.00000397,-0.006471,1.157154,-0.299720
2012-12-05,,2.9400,3.2000,16.4600,66.1939,64.903200,65.547894,0.125265,-0.012342,1,1,1,0,1,4,3,5,1.0000,1.0000,0,-0.030849,0.00000397,-0.030849,1.121456,-0.321323
2012-12-06,,2.9700,3.1950,16.5800,67.3759,65.320000,65.556444,0.124771,-0.020777,1,1,1,0,1,4,3,4,1.0000,1.0000,0,0.018386,0.00000397,0.018386,1.142075,-0.308845
2012-12-07,,2.9600,3.1900,15.9000,68.5579,64.930000,65.564444,0.124478,-0.017975,1,1,1,0,1,4,3,4,1.0000,1.0000,0,-0.017083,0.00000397,-0.017083,1.122565,-0.320652
2012-12-10,,2.9600,3.1900,16.0500,69.0307,65.120000,65.571394,0.124480,-0.009050,1,1,1,0,1,4,3,4,1.0000,1.0000,0,0.008887,0.00000357,0.008887,1.132542,-0.314615
2012-12-11,,2.9500,3.1900,15.5700,72.1040,65.970000,65.581444,0.123919,-0.012216,1,1,1,1,1,5,5,4,1.0000,1.0000,0,0.038567,0.00000357,0.038567,1.176221,-0.288181
2012-12-12,,2.9500,3.1900,15.9500,70.6856,65.830000,65.590344,0.123650,-0.003403,1,1,1,1,1,5,5,5,1.0000,1.0000,0,-0.006786,0.00000317,-0.006786,1.168239,-0.293012
2012-12-13,,2.9400,3.1900,16.5600,68.3215,65.311100,65.593400,0.123922,0.001570,1,1,1,0,0,3,1,5,1.0000,1.0000,0,-0.022585,0.00000278,-0.022585,1.141854,-0.308979
2012-12-14,,2.9200,3.1900,17.0000,67.1395,64.690000,65.594800,0.123887,0.003445,1,1,1,0,0,3,1,3,0.0000,0.0000,1,-0.028349,0.00000238,-0.019225,1.119902,-0.322264
2012-12-17,,2.9000,3.1900,16.3400,71.3948,65.550000,65.597950,0.124331,0.006452,1,1,1,0,0,3,1,3,0.0000,0.0000,0,0.038968,0.00000159,0.000002,1.119904,-0.322263
2012-12-18,,2.9000,3.1900,15.5700,76.3593,66.547200,65.606336,0.123822,-0.001584,1,1,1,1,1,5,5,3,0.0000,0.0000,0,0.046357,0.00000198,0.000002,1.119906,-0.322261
2012-12-19,,2.9200,3.1900,17.3600,73.9953,66.260500,65.616638,0.123813,0.002643,1,1,1,1,0,4,3,5,1.0000,1.0000,1,-0.014338,0.00000238,-0.022439,1.094776,-0.337469
2012-12-20,,2.8900,3.1900,17.6700,75.8865,66.260000,65.630088,0.123486,-0.010951,1,1,1,1,1,5,5,4,1.0000,1.0000,0,0.000745,0.00000198,0.000745,1.095592,-0.336976
2012-12-21,,2.8900,3.1900,17.8400,70.9220,65.200000,65.635788,0.123643,-0.017914,1,1,1,0,1,4,3,5,1.0000,1.0000,0,-0.031122,0.00000238,-0.031122,1.061495,-0.357611
2012-12-24,,2.8600,3.1850,17.8400,70.4492,65.070000,65.637388,0.123498,-0.026674,1,1,1,0,1,4,3,4,1.0000,1.0000,0,-0.008463,0.00000238,-0.008463,1.052512,-0.363047
2012-12-26,,2.8600,3.1800,19.4800,67.8487,64.500000,65.634788,0.122963,-0.017701,1,1,1,0,1,4,3,4,1.0000,1.0000,0,-0.023666,0.00000238,-0.023666,1.027603,-0.378121
2012-12-27,,2.8700,3.1800,19.4700,67.8487,64.400000,65.631538,0.122915,-0.026965,1,1,1,0,1,4,3,4,1.0000,1.0000,0,-0.005564,0.00000357,-0.005564,1.021886,-0.381581
2012-12-28,,2.8400,3.1800,22.7200,64.3026,63.780000,65.619138,0.123009,-0.018974,1,0,1,0,1,3,1,4,1.0000,1.0000,0,-0.028971,0.00000317,-0.028971,0.992281,-0.399497
2012-12-31,,2.8500,3.1800,18.0200,69.7400,65.130100,65.612339,0.122606,-0.026445,1,1,1,0,1,4,3,3,0.0000,0.0000,1,0.065227,0.00000040,-0.004932,0.987387,-0.402459
2013-01-02,,2.8500,3.1800,14.6800,78.7234,67.200000,65.614939,0.121731,-0.034835,1,1,1,1,1,5,5,4,1.0000,1.0000,1,0.093296,0.00000198,0.019617,1.006757,-0.390736
2013-01-03,,2.8500,3.1800,14.5600,78.9598,66.852100,65.616599,0.122003,-0.031021,1,1,1,1,1,5,5,5,1.0000,1.0000,0,-0.014487,0.00000317,-0.014487,0.992172,-0.399563
2013-01-04,,2.8400,3.1800,13.8300,81.0875,66.630000,65.614799,0.122088,-0.028792,1,1,1,1,1,5,5,5,1.0000,1.0000,0,-0.009862,0.00000317,-0.009862,0.982388,-0.405484
2013-01-07,,2.8100,3.1750,13.7900,79.4326,66.650400,65.612501,0.121224,-0.040564,1,1,1,1,1,5,5,5,1.0000,1.0000,0,0.001086,0.00000278,0.001086,0.983455,-0.404838
2013-01-08,,2.8000,3.1700,13.6200,78.2506,66.520000,65.609501,0.121196,-0.048836,1,1,1,1,1,5,5,5,1.0000,1.0000,0,-0.005787,0.00000278,-0.005787,0.977764,-0.408282
2013-01-09,,2.8100,3.1700,13.8100,78.4870,66.770000,65.608451,0.120648,-0.058240,1,1,1,1,1,5,5,5,1.0000,1.0000,0,0.010187,0.00000278,0.010187,0.987724,-0.402254
2013-01-10,,2.8100,3.1700,13.4900,80.1418,67.170000,65.609606,0.120207,-0.062723,1,1,1,1,1,5,5,5,1.0000,1.0000,0,0.017649,0.00000238,0.017649,1.005157,-0.391705
2013-01-11,,2.8000,3.1700,13.3600,80.1418,67.260000,65.605356,0.120351,-0.059390,1,1,1,1,1,5,5,5,1.0000,1.0000,0,0.003715,0.00000238,0.003715,1.008891,-0.389445
2013-01-14,,2.8000,3.1700,13.5200,81.5603,66.960000,65.599106,0.120195,-0.056075,1,1,1,1,1,5,5,5,1.0000,1.0000,0,-0.012870,0.00000278,-0.012870,0.995907,-0.397303
2013-01-15,,2.8000,3.1650,13.5500,81.5603,66.630000,65.592566,0.120453,-0.047479,1,1,1,1,1,5,5,5,1.0000,1.0000,0,-0.014824,0.00000317,-0.014824,0.981143,-0.406237
2013-01-16,,2.8100,3.1600,13.4200,80.8511,66.900000,65.588666,0.119891,-0.059018,1,1,1,1,1,5,5,5,1.0000,1.0000,0,0.011241,0.00000357,0.011241,0.992172,-0.399563
2013-01-17,,2.8400,3.1550,13.5700,82.7423,67.220000,65.587016,0.119595,-0.068679,1,1,1,1,1,5,5,5,1.0000,1.0000,0,0.015417,0.00000317,0.015417,1.007469,-0.390306
2013-01-18,,2.8400,3.1500,12.4600,84.1608,67.070000,65.581116,0.120272,-0.072988,1,1,1,1,1,5,5,5,1.0000,1.0000,0,-0.005649,0.00000278,-0.005649,1.001778,-0.393750
2013-01-22,,2.8200,3.1500,12.4300,84.1608,67.180000,65.575816,0.120633,-0.067716,1,1,1,1,1,5,5,5,1.0000,1.0000,0,0.004101,0.00000317,0.004101,1.005886,-0.391263
2013-01-23,,2.8200,3.1500,12.4600,83.6879,67.590000,65.577266,0.120138,-0.077486,1,1,1,1,1,5,5,5,1.0000,1.0000,0,0.016251,0.00000317,0.016251,1.022233,-0.381371
2013-01-24,,2.8300,3.1500,12.6900,85.3428,66.660000,65.571966,0.120641,-0.069110,1,1,1,1,1,5,5,5,1.0000,1.0000,0,-0.039847,0.00000317,-0.039847,0.981500,-0.406021
2013-01-25,,2.8200,3.1500,12.8900,86.5248,67.000000,65.570916,0.120566,-0.071931,1,1,1,1,1,5,5,5,1.0000,1.0000,0,0.014859,0.00000317,0.014859,0.996085,-0.397195
2013-01-28,,2.8200,3.1500,13.5700,85.5792,67.150000,65.576016,0.120644,-0.071806,1,1,1,1,1,5,5,5,1.0000,1.0000,0,0.007143,0.00000317,0.007143,1.003200,-0.392889
2013-01-29,,2.8200,3.1500,13.3100,86.9976,67.160000,65.579566,0.121001,-0.077660,1,1,1,1,1,5,5,5,1.0000,1.0000,0,0.000000,0.00000278,0.000000,1.003200,-0.392889
2013-01-30,,2.8100,3.1450,14.3200,86.0520,67.020000,65.578641,0.121577,-0.051237,1,1,1,1,1,5,5,5,1.0000,1.0000,0,-0.005496,0.00000278,-0.005496,0.997686,-0.396226
2013-01-31,,2.8400,3.1400,14.2800,86.0520,66.870000,65.582041,0.122178,-0.048677,1,1,1,1,1,5,5,5,1.0000,1.0000,0,-0.006418,0.00000278,-0.006418,0.991283,-0.400101
2013-02-01,,2.8200,3.1400,12.9000,87.7069,67.660000,65.593091,0.121264,-0.037892,1,1,1,1,1,5,5,5,1.0000,1.0000,0,0.032836,0.00000278,0.032836,1.023833,-0.380403
2013-02-04,,2.8400,3.1400,14.6700,86.0520,66.480000,65.591591,0.121811,-0.025258,1,1,1,1,1,5,5,5,1.0000,1.0000,0,-0.050904,0.00000238,-0.050904,0.971716,-0.411942
2013-02-05,,2.8500,3.1300,13.7200,86.9976,67.460000,65.595841,0.120920,-0.035584,1,1,1,1,1,5,5,5,1.0000,1.0000,0,0.043932,0.00000278,0.043932,1.014405,-0.386108
2013-02-06,,2.8500,3.1200,13.4100,87.7069,67.240000,65.602741,0.121196,-0.044646,1,1,1,1,1,5,5,5,1.0000,1.0000,0,-0.009292,0.00000278,-0.009292,1.004979,-0.391812
2013-02-07,,2.8600,3.1200,13.5000,87.7069,67.300000,65.610841,0.121522,-0.034383,1,1,1,1,1,5,5,5,1.0000,1.0000,0,0.002477,0.00000278,0.002477,1.007469,-0.390306
2013-02-08,,2.8500,3.1200,13.0200,88.4161,67.990000,65.625391,0.120850,-0.030702,1,1,1,1,1,5,5,5,1.0000,1.0000,0,0.030368,0.00000278,0.030368,1.038064,-0.371790
2013-02-11,,2.8600,3.1150,12.9400,87.9433,68.010000,65.641791,0.121170,-0.035681,1,1,1,1,1,5,5,5,1.0000,1.0000,0,-0.000344,0.00000278,-0.000344,1.037707,-0.372006
2013-02-12,,2.8400,3.1100,12.6400,87.9433,67.730000,65.648191,0.121497,-0.040303,1,1,1,1,1,5,5,5,1.0000,1.0000,0,-0.011655,0.00000357,-0.011655,1.025612,-0.379326
2013-02-13,,2.8500,3.1100,12.9800,87.4704,67.970000,65.653841,0.121393,-0.036992,1,1,1,1,1,5,5,5,1.0000,1.0000,0,0.011620,0.00000357,0.011620,1.037529,-0.372114
2013-02-14,,2.8400,3.1100,12.6600,87.5000,67.950000,65.657391,0.120297,-0.050385,1,1,1,1,1,5,5,5,1.0000,1.0000,0,-0.002057,0.00000397,-0.002057,1.035395,-0.373406
2013-02-15,,2.8500,3.1100,12.4600,87.0283,67.750000,65.662341,0.120702,-0.025542,1,1,1,1,1,5,5,5,1.0000,1.0000,0,-0.008589,0.00000436,-0.008589,1.026502,-0.378787
2013-02-19,,2.8500,3.1050,12.3100,88.4434,68.240000,65.669191,0.120848,-0.022073,1,1,1,1,1,5,5,5,1.0000,1.0000,0,0.021833,0.00000397,0.021833,1.048913,-0.365224
2013-02-20,,2.8600,3.1000,14.6800,87.7358,67.190000,65.669841,0.122142,-0.003637,1,1,1,1,1,5,5,5,1.0000,1.0000,0,-0.045617,0.00000476,-0.045617,1.001066,-0.394181
2013-02-21,,2.8700,3.1000,15.2200,86.0849,66.470000,65.670441,0.122357,0.015622,1,1,1,1,0,4,3,5,1.0000,1.0000,0,-0.032517,0.00000476,-0.032517,0.968514,-0.413880
2013-02-22,,2.8700,3.0950,14.1700,87.0283,67.139000,65.682636,0.122391,0.000205,1,1,1,1,0,4,3,4,1.0000,1.0000,0,0.029385,0.00000516,0.029385,0.996974,-0.396657
2013-02-25,,2.8700,3.0900,18.9900,83.7264,66.310000,65.690386,0.123658,0.002938,1,1,1,1,0,4,3,4,1.0000,1.0000,0,-0.037288,0.00000516,-0.037288,0.959799,-0.419154
2013-02-26,,2.8900,3.0900,16.8700,84.4340,66.560000,65.700586,0.123184,0.003085,1,1,1,1,0,4,3,4,1.0000,1.0000,0,0.012046,0.00000476,0.012046,0.971361,-0.412157
2013-02-27,,2.9000,3.0900,14.7300,86.3208,67.239000,65.715176,0.122770,-0.001647,1,1,1,1,1,5,5,4,1.0000,1.0000,0,0.030398,0.00000555,0.030398,1.000888,-0.394288
2013-02-28,,2.9000,3.0850,15.5100,85.6132,67.100000,65.729726,0.123442,-0.006772,1,1,1,1,1,5,5,5,1.0000,1.0000,0,-0.003733,0.00000436,-0.003733,0.997152,-0.396549
2013-03-01,,2.8900,3.0800,15.3600,86.5566,67.380000,65.745726,0.123266,-0.006986,1,1,1,1,1,5,5,5,1.0000,1.0000,0,0.010347,0.00000436,0.010347,1.007469,-0.390306
2013-03-04,,2.9000,3.0800,14.0100,87.9717,67.680000,65.766226,0.123856,0.002146,1,1,1,1,0,4,3,5,1.0000,1.0000,0,0.012888,0.00000436,0.012888,1.020453,-0.382448
2013-03-05,,2.9000,3.0750,13.4800,89.8585,68.680000,65.792776,0.123404,-0.016200,1,1,1,1,1,5,5,4,1.0000,1.0000,0,0.043925,0.00000436,0.043925,1.065277,-0.355321
2013-03-06,,2.9000,3.0700,13.5300,88.9151,68.510000,65.820626,0.123172,-0.013951,1,1,1,1,1,5,5,5,1.0000,1.0000,0,-0.006344,0.00000317,-0.006344,1.058519,-0.359412
2013-03-07,,2.8900,3.0700,13.0600,88.2353,68.690000,65.856026,0.122403,-0.018117,1,1,1,1,1,5,5,5,1.0000,1.0000,0,0.008737,0.00000397,0.008737,1.067767,-0.353815
2013-03-08,,2.8900,3.0700,12.5900,89.4118,68.770000,65.895826,0.122137,-0.020532,1,1,1,1,1,5,5,5,1.0000,1.0000,0,0.001167,0.00000397,0.001167,1.069013,-0.353060
2013-03-11,,2.8800,3.0700,11.5600,89.1765,68.970000,65.928126,0.121964,-0.017167,1,1,1,1,1,5,5,5,1.0000,1.0000,0,0.010316,0.00000397,0.010316,1.080041,-0.346387
2013-03-12,,2.8700,3.0650,12.2700,88.7059,68.720000,65.959526,0.121917,-0.015205,1,1,1,1,1,5,5,5,1.0000,1.0000,0,-0.012187,0.00000397,-0.012187,1.066879,-0.354352
2013-03-13,,2.8700,3.0600,11.8300,88.4706,68.630000,65.989876,0.122286,-0.014431,1,1,1,1,1,5,5,5,1.0000,1.0000,0,-0.003169,0.00000397,-0.003169,1.063498,-0.356398
2013-03-14,,2.8500,3.0600,11.3000,88.7059,68.860000,66.023426,0.121891,-0.017770,1,1,1,1,1,5,5,5,1.0000,1.0000,0,0.010204,0.00000357,0.010204,1.074350,-0.349831
2013-03-15,,2.8800,3.0550,11.3000,88.7059,68.510000,66.055626,0.122345,-0.017311,1,1,1,1,1,5,5,5,1.0000,1.0000,0,-0.009438,0.00000397,-0.009438,1.064210,-0.355967
2013-03-18,,2.8900,3.0450,13.3600,88.4706,68.360000,66.083126,0.122346,-0.012705,1,1,1,1,1,5,5,5,1.0000,1.0000,0,-0.006853,0.00000357,-0.006853,1.056917,-0.360381
2013-03-19,,2.9100,3.0400,14.3900,88.7059,68.230000,66.112626,0.122955,-0.007431,1,1,1,1,1,5,5,5,1.0000,1.0000,0,-0.004039,0.00000278,-0.004039,1.052648,-0.362964
2013-03-20,,2.9000,3.0400,12.6700,88.7059,68.709000,66.145871,0.123001,-0.004216,1,1,1,1,1,5,5,5,1.0000,1.0000,0,0.019095,0.00000278,0.019095,1.072748,-0.350800
2013-03-21,,2.9000,3.0400,13.9900,88.7059,67.930000,66.183476,0.123446,-0.001723,1,1,1,1,1,5,5,5,1.0000,1.0000,0,-0.032001,0.00000278,-0.032001,1.038419,-0.371575
2013-03-22,,2.9000,3.0400,13.5700,88.2353,68.590000,66.222076,0.122654,-0.007472,1,1,1,1,1,5,5,5,1.0000,1.0000,0,0.027578,0.00000278,0.027578,1.067056,-0.354245
2013-03-25,,2.9000,3.0400,13.7400,88.4706,68.340000,66.258176,0.122911,-0.000465,1,1,1,1,1,5,5,5,1.0000,1.0000,0,-0.010168,0.00000278,-0.010168,1.056207,-0.360811
2013-03-26,,2.9100,3.0400,12.7700,88.9412,68.710000,66.289126,0.123087,0.001549,1,1,1,1,0,4,3,5,1.0000,1.0000,0,0.015325,0.00000317,0.015325,1.072393,-0.351015
2013-03-27,,2.9100,3.0400,13.1500,89.4118,68.801000,66.321781,0.123663,0.005931,1,1,1,1,0,4,3,4,1.0000,1.0000,0,0.005307,0.00000278,0.005307,1.078084,-0.347571
2013-03-28,,2.9300,3.0400,12.7000,89.4118,68.970000,66.352281,0.124785,0.019553,1,1,1,1,0,4,3,4,1.0000,1.0000,0,0.005775,0.00000357,0.005775,1.084310,-0.343803
2013-04-01,,2.9600,3.0400,13.5800,89.6471,68.500000,66.385756,0.124992,0.028623,1,1,1,1,0,4,3,4,1.0000,1.0000,0,-0.019357,0.00000278,-0.019357,1.063320,-0.356506
2013-04-02,,2.9100,3.0350,12.7800,89.6471,69.040000,66.418156,0.124793,0.024606,1,1,1,1,0,4,3,4,1.0000,1.0000,0,0.022584,0.00000317,0.022584,1.087334,-0.341973
2013-04-03,,2.9100,3.0350,14.2100,88.2353,68.410000,66.449556,0.125717,0.031522,1,1,1,1,0,4,3,4,1.0000,1.0000,0,-0.026501,0.00000278,-0.026501,1.058519,-0.359412
2013-04-04,,2.9100,3.0350,13.8900,88.7059,68.430000,66.479906,0.126395,0.045552,1,1,1,1,0,4,3,4,1.0000,1.0000,0,0.000503,0.00000238,0.000503,1.059051,-0.359089
2013-04-05,,2.8800,3.0300,13.9200,87.7647,67.861000,66.504261,0.127515,0.055584,1,1,1,1,0,4,3,4,1.0000,1.0000,0,-0.024521,0.00000278,-0.024521,1.033083,-0.374805
2013-04-08,,2.8200,3.0300,13.1900,89.6471,68.220000,66.527461,0.127617,0.061831,1,1,1,1,0,4,3,4,1.0000,1.0000,0,0.015324,0.00000278,0.015324,1.048913,-0.365224
2013-04-09,,2.8200,3.0250,12.8400,90.3529,68.680000,66.549666,0.126794,0.058405,1,1,1,1,0,4,3,4,1.0000,1.0000,0,0.019670,0.00000278,0.019670,1.069546,-0.352738
2013-04-10,,2.8200,3.0050,12.3600,90.5882,70.015000,66.578291,0.126268,0.053047,1,1,1,1,0,4,3,4,1.0000,1.0000,0,0.058540,0.00000238,0.058540,1.132158,-0.314847
2013-04-11,,2.8300,2.9850,12.2400,92.2353,69.990000,66.614791,0.126139,0.053565,1,1,1,1,0,4,3,4,1.0000,1.0000,0,-0.001728,0.00000278,-0.001728,1.130201,-0.316031
2013-04-12,,2.8400,2.9800,12.0600,92.2353,69.940000,66.647741,0.126984,0.058543,1,1,1,1,0,4,3,4,1.0000,1.0000,0,-0.001101,0.00000278,-0.001101,1.128956,-0.316785
2013-04-15,,2.8200,2.9750,17.2700,86.8235,68.560000,66.679891,0.128128,0.072474,1,1,1,1,0,4,3,4,1.0000,1.0000,0,-0.060817,0.00000238,-0.060817,1.060296,-0.358336
2013-04-16,,2.8200,2.9650,13.9600,88.9412,69.470000,66.714641,0.127787,0.072860,1,1,1,1,0,4,3,4,1.0000,1.0000,0,0.041772,0.00000238,0.041772,1.104587,-0.331532
2013-04-17,,2.8100,2.9600,16.5100,86.1176,68.115000,66.740716,0.128941,0.075367,1,1,1,1,0,4,3,4,1.0000,1.0000,0,-0.058518,0.00000238,-0.058518,1.039949,-0.370650
2013-04-18,,2.8100,2.9600,17.5600,84.0376,67.169000,66.765561,0.130174,0.081747,1,1,1,1,0,4,3,4,1.0000,1.0000,0,-0.043205,0.00000238,-0.043205,0.995017,-0.397841
2013-04-19,,2.8000,2.9550,14.9700,84.9765,68.090000,66.785211,0.130981,0.093951,1,1,1,1,0,4,3,4,1.0000,1.0000,0,0.041474,0.00000198,0.041474,1.036284,-0.372867
2013-04-22,,2.8100,2.9500,14.3900,85.4460,68.790000,66.807411,0.130243,0.083188,1,1,1,1,0,4,3,4,1.0000,1.0000,0,0.030725,0.00000198,0.030725,1.068124,-0.353599
2013-04-23,,2.8200,2.9500,13.4800,88.2629,69.450000,66.830211,0.129231,0.075470,1,1,1,1,0,4,3,4,1.0000,1.0000,0,0.029475,0.00000198,0.029475,1.099606,-0.334546
2013-04-24,,2.8000,2.9500,13.6100,89.6714,69.420000,66.852661,0.129560,0.077756,1,1,1,1,0,4,3,4,1.0000,1.0000,0,-0.002426,0.00000198,-0.002426,1.096939,-0.336161
2013-04-25,,2.8000,2.9500,13.6200,90.3756,69.790000,66.881011,0.129069,0.070155,1,1,1,1,0,4,3,4,1.0000,1.0000,0,0.016214,0.00000238,0.016214,1.114725,-0.325397
2013-04-26,,2.8100,2.9450,13.6100,89.2019,69.570000,66.908861,0.129487,0.068606,1,1,1,1,0,4,3,4,1.0000,1.0000,0,-0.008456,0.00000198,-0.008456,1.105299,-0.331101
2013-04-29,,2.8100,2.9400,13.7100,89.6714,70.210000,66.943061,0.129692,0.065451,1,1,1,1,0,4,3,4,1.0000,1.0000,0,0.026552,0.00000198,0.026552,1.134647,-0.313340
2013-04-30,,2.8200,2.9350,13.5200,91.7840,70.720000,66.981561,0.129728,0.073693,1,1,1,1,0,4,3,4,1.0000,1.0000,0,0.021978,0.00000198,0.021978,1.159585,-0.298249
2013-05-01,,2.8300,2.9300,14.4900,89.6714,70.390000,67.021361,0.129580,0.067514,1,1,1,1,0,4,3,4,1.0000,1.0000,0,-0.012761,0.00000198,-0.012761,1.144787,-0.307204
2013-05-02,,2.8200,2.9250,13.5900,90.3756,71.280000,67.060861,0.128232,0.063947,1,1,1,1,0,4,3,4,1.0000,1.0000,0,0.036201,0.00000238,0.036201,1.186230,-0.282124
2013-05-03,,2.8100,2.9200,12.8500,91.7840,72.120000,67.105461,0.126698,0.048462,1,1,1,1,0,4,3,4,1.0000,1.0000,0,0.034938,0.00000198,0.034938,1.227674,-0.257043
2013-05-06,,2.8200,2.9150,12.6600,92.7230,72.400000,67.149811,0.124614,0.027262,1,1,1,1,0,4,3,4,1.0000,1.0000,0,0.012895,0.00000198,0.012895,1.243505,-0.247462
2013-05-07,,2.8300,2.9100,12.8300,93.4272,72.360000,67.189661,0.125185,0.038421,1,1,1,1,0,4,3,4,1.0000,1.0000,0,-0.002432,0.00000159,-0.002432,1.240481,-0.249292
2013-05-08,,2.8200,2.9100,12.6600,94.3794,72.710000,67.227711,0.123515,0.020830,1,1,1,1,0,4,3,4,1.0000,1.0000,0,0.015629,0.00000159,0.015629,1.259869,-0.237559
2013-05-09,,2.8000,2.9100,13.1300,93.4426,72.606500,67.269569,0.121991,0.004354,1,1,1,1,0,4,3,4,1.0000,1.0000,0,-0.003529,0.00000159,-0.003529,1.255422,-0.240250
2013-05-10,,2.8200,2.9100,12.5900,94.3794,73.050000,67.317519,0.121871,0.004236,1,1,1,1,0,4,3,4,1.0000,1.0000,0,0.017002,0.00000159,0.017002,1.276767,-0.227333
2013-05-13,,2.8200,2.9100,12.5500,94.3794,73.140000,67.368419,0.121132,0.007460,1,1,1,1,0,4,3,4,1.0000,1.0000,0,0.003901,0.00000159,0.003901,1.281748,-0.224319
2013-05-14,,2.8100,2.9100,12.7700,94.3794,73.520000,67.423319,0.120711,0.000076,1,1,1,1,0,4,3,4,1.0000,1.0000,0,0.014710,0.00000198,0.014710,1.300603,-0.212908
2013-05-15,,2.8100,2.9100,12.8100,94.6136,73.670000,67.474819,0.121211,0.003255,1,1,1,1,0,4,3,4,1.0000,1.0000,0,0.007385,0.00000198,0.007385,1.310208,-0.207095
2013-05-16,,2.8200,2.9100,13.0700,94.6136,73.590000,67.518419,0.120781,-0.012172,1,1,1,1,1,5,5,4,1.0000,1.0000,0,-0.003666,0.00000159,-0.003666,1.305405,-0.210002
2013-05-17,,2.8100,2.9050,12.4500,95.3162,74.300000,67.565819,0.120762,-0.014471,1,1,1,1,1,5,5,5,1.0000,1.0000,0,0.028206,0.00000119,0.028206,1.342225,-0.187720
2013-05-20,,2.8100,2.9000,13.0200,94.8478,74.190000,67.612769,0.120170,-0.019944,1,1,1,1,1,5,5,5,1.0000,1.0000,0,-0.004506,0.00000159,-0.004506,1.336177,-0.191380
2013-05-21,,2.8000,2.9000,13.3700,95.3162,74.270000,67.661069,0.120237,-0.031037,1,1,1,1,1,5,5,5,1.0000,1.0000,0,0.003728,0.00000198,0.003728,1.341158,-0.188365
2013-05-22,,2.8100,2.9000,13.8200,94.8478,73.619000,67.707264,0.119086,-0.036788,1,1,1,1,1,5,5,5,1.0000,1.0000,0,-0.024404,0.00000159,-0.024404,1.308429,-0.208172
2013-05-23,,2.7800,2.9000,14.0700,94.1452,73.450000,67.746514,0.118616,-0.036853,1,1,1,1,1,5,5,5,1.0000,1.0000,0,-0.010875,0.00000159,-0.010875,1.294200,-0.216783
2013-05-24,,2.7700,2.9000,13.9900,92.7400,73.410000,67.783064,0.117447,-0.052947,1,1,1,1,1,5,5,5,1.0000,1.0000,0,-0.000550,0.00000198,-0.000550,1.293488,-0.217214
2013-05-28,,2.7500,2.9000,14.4800,92.9742,73.890000,67.819264,0.115394,-0.069821,1,1,1,1,1,5,5,5,1.0000,1.0000,0,0.020627,0.00000159,0.020627,1.320169,-0.201068
2013-05-29,,2.7300,2.9000,14.8300,91.8033,73.540000,67.853864,0.114423,-0.082282,1,1,1,1,1,5,5,5,1.0000,1.0000,0,-0.015091,0.00000198,-0.015091,1.300246,-0.213124
2013-05-30,,2.7500,2.9000,14.5300,91.3349,73.930000,67.889414,0.114304,-0.079259,1,1,1,1,1,5,5,5,1.0000,1.0000,0,0.016279,0.00000198,0.016279,1.321413,-0.200314
2013-05-31,,2.7700,2.9000,16.3000,90.1639,73.250000,67.921364,0.115268,-0.067881,1,1,1,1,1,5,5,5,1.0000,1.0000,0,-0.028536,0.00000159,-0.028536,1.283705,-0.223135
2013-06-03,,2.7900,2.9000,16.2800,90.6323,73.380000,67.953164,0.114877,-0.065288,1,1,1,1,1,5,5,5,1.0000,1.0000,0,0.005820,0.00000159,0.005820,1.291176,-0.218613
2013-06-04,,2.8200,2.9000,16.2700,89.2272,73.000000,67.982914,0.115034,-0.061193,1,1,1,1,1,5,5,5,1.0000,1.0000,0,-0.015016,0.00000198,-0.015016,1.271788,-0.230346
2013-06-05,,2.8600,2.9000,17.5000,85.4801,72.050000,68.007064,0.115643,-0.053565,1,1,1,1,1,5,5,5,1.0000,1.0000,0,-0.038322,0.00000159,-0.038322,1.223050,-0.259841
2013-06-06,,2.8900,2.9000,16.6300,88.5246,72.400000,68.028964,0.115959,-0.051081,1,1,1,1,1,5,5,5,1.0000,1.0000,0,0.012216,0.00000198,0.012216,1.237991,-0.250799
2013-06-07,,2.8800,2.9000,15.1400,89.6956,73.390000,68.054314,0.115200,-0.061250,1,1,1,1,1,5,5,5,1.0000,1.0000,0,0.041810,0.00000198,0.041810,1.289751,-0.219475
2013-06-10,,2.8900,2.9000,15.4400,88.5246,73.420000,68.079314,0.115170,-0.057981,1,1,1,1,1,5,5,5,1.0000,1.0000,0,0.000414,0.00000159,0.000414,1.290286,-0.219152
2013-06-11,,2.8900,2.8950,17.0700,83.8407,72.690000,68.102014,0.115605,-0.057656,1,1,1,1,1,5,5,5,1.0000,1.0000,0,-0.028950,0.00000198,-0.028950,1.252933,-0.241757
2013-06-12,,2.9100,2.8950,18.5900,82.2014,71.850000,68.119114,0.115425,-0.059046,0,1,1,1,1,4,3,5,1.0000,1.0000,0,-0.034640,0.00000198,-0.034640,1.209531,-0.268022
2013-06-13,,2.9100,2.8950,16.4100,87.3536,72.760000,68.143564,0.115538,-0.064064,0,1,1,1,1,4,3,4,1.0000,1.0000,0,0.035883,0.00000198,0.035883,1.252933,-0.241757
2013-06-14,,2.9200,2.8950,17.1500,87.1194,72.280000,68.163514,0.116439,-0.055909,0,1,1,1,1,4,3,4,1.0000,1.0000,0,-0.017604,0.00000198,-0.017604,1.230876,-0.255105
2013-06-17,,2.9300,2.8950,16.8000,87.5878,72.980000,68.186414,0.115909,-0.065046,0,1,1,1,1,4,3,4,1.0000,1.0000,0,0.027746,0.00000198,0.027746,1.265028,-0.234438
2013-06-18,,2.9300,2.8950,16.6100,89.4614,73.580000,68.212314,0.115787,-0.059633,0,1,1,1,1,4,3,4,1.0000,1.0000,0,0.023622,0.00000198,0.023622,1.294910,-0.216353
2013-06-19,,2.9200,2.8950,16.6400,84.3091,72.760000,68.234114,0.114714,-0.070346,0,1,1,1,1,4,3,4,1.0000,1.0000,0,-0.031456,0.00000198,-0.031456,1.254178,-0.241004
2013-06-20,,2.8700,2.8900,20.4900,75.8782,71.025000,68.250689,0.114304,-0.072828,1,0,1,1,1,4,3,4,1.0000,1.0000,0,-0.073749,0.00000198,-0.073749,1.161683,-0.296979
2013-06-21,,2.9300,2.8900,18.9000,77.0492,70.430000,68.262039,0.114855,-0.072542,0,1,1,1,1,4,3,4,1.0000,1.0000,0,-0.014086,0.00000198,-0.014086,1.145320,-0.306882
2013-06-24,,2.8700,2.8900,20.1100,73.7705,69.730000,68.270239,0.116229,-0.068730,1,0,1,1,1,4,3,4,1.0000,1.0000,0,-0.030905,0.00000198,-0.030905,1.109923,-0.328303
2013-06-25,,2.8600,2.8900,18.4700,78.4543,70.240000,68.281339,0.116633,-0.067962,1,1,1,1,1,5,5,4,1.0000,1.0000,0,0.021314,0.00000238,0.021314,1.133580,-0.313986
2013-06-26,,2.8800,2.8900,17.2100,81.0304,70.870000,68.288039,0.116960,-0.064094,1,1,1,1,1,5,5,5,1.0000,1.0000,0,0.027303,0.00000238,0.027303,1.164530,-0.295256
2013-06-27,,2.8900,2.8900,16.8600,83.3724,71.170000,68.296739,0.116526,-0.075862,1,1,1,1,1,5,5,5,1.0000,1.0000,0,0.011150,0.00000238,0.011150,1.177514,-0.287398
2013-06-28,,2.9200,2.8900,16.8600,82.9040,71.270000,68.310389,0.117286,-0.074181,0,1,1,1,1,4,3,5,1.0000,1.0000,0,0.002719,0.00000238,0.002719,1.180716,-0.285461
2013-07-01,,2.8300,2.8900,16.3700,82.9040,71.710000,68.326789,0.115146,-0.100877,1,1,1,1,1,5,5,4,1.0000,1.0000,0,0.021392,0.00000159,0.021392,1.205974,-0.270175
2013-07-02,,2.8300,2.8900,16.4400,82.6698,71.740000,68.342329,0.115222,-0.100230,1,1,1,1,1,5,5,5,1.0000,1.0000,0,0.000442,0.00000159,0.000442,1.206507,-0.269853
2013-07-03,,2.8100,2.8900,16.2000,82.4356,72.031000,68.354684,0.114733,-0.097876,1,1,1,1,1,5,5,5,1.0000,1.0000,0,0.013564,0.00000119,0.013564,1.222873,-0.259949
2013-07-05,,2.8000,2.8900,14.8900,83.3724,72.580000,68.366684,0.113176,-0.106527,1,1,1,1,1,5,5,5,1.0000,1.0000,0,0.022109,0.00000198,0.022109,1.249909,-0.243587
2013-07-08,,2.7700,2.8900,14.7800,84.3091,72.650000,68.378884,0.114154,-0.097848,1,1,1,1,1,5,5,5,1.0000,1.0000,0,0.003273,0.00000159,0.003273,1.254000,-0.241111
2013-07-09,,2.7900,2.8900,14.3500,85.4801,73.090000,68.392984,0.114152,-0.105073,1,1,1,1,1,5,5,5,1.0000,1.0000,0,0.018297,0.00000198,0.018297,1.276945,-0.227226
2013-07-10,,2.7800,2.8900,14.2100,85.0117,73.510000,68.408534,0.114745,-0.111233,1,1,1,1,1,5,5,5,1.0000,1.0000,0,0.016856,0.00000159,0.016856,1.298469,-0.214200
2013-07-11,,2.7500,2.8850,14.0100,90.6323,74.970000,68.431734,0.115026,-0.106225,1,1,1,1,1,5,5,5,1.0000,1.0000,0,0.062328,0.00000159,0.062328,1.379399,-0.165223
2013-07-12,,2.7700,2.8800,13.8400,90.6323,75.300000,68.457484,0.115336,-0.113943,1,1,1,1,1,5,5,5,1.0000,1.0000,0,0.010445,0.00000159,0.010445,1.393808,-0.156503
2013-07-15,,2.7700,2.8800,13.7900,90.3981,75.470000,68.486159,0.116767,-0.112354,1,1,1,1,1,5,5,5,1.0000,1.0000,0,0.007784,0.00000159,0.007784,1.404658,-0.149937
2013-07-16,,2.7600,2.8800,14.4200,90.8665,75.370000,68.519209,0.116565,-0.118594,1,1,1,1,1,5,5,5,1.0000,1.0000,0,-0.003925,0.00000159,-0.003925,1.399144,-0.153274
2013-07-17,,2.7400,2.8800,13.7800,90.3981,75.560000,68.556009,0.116225,-0.115746,1,1,1,1,1,5,5,5,1.0000,1.0000,0,0.007119,0.00000119,0.007119,1.409104,-0.147246
2013-07-18,,2.7400,2.8750,13.7700,90.3981,75.370000,68.587159,0.116599,-0.104618,1,1,1,1,1,5,5,5,1.0000,1.0000,0,-0.007321,0.00000119,-0.007321,1.398789,-0.153489
2013-07-19,,2.7500,2.8700,12.5400,90.3981,74.590000,68.617259,0.116421,-0.108665,1,1,1,1,1,5,5,5,1.0000,1.0000,0,-0.030392,0.00000119,-0.030392,1.356277,-0.179216
2013-07-22,,2.7400,2.8700,12.2900,90.6323,74.810000,68.648959,0.116077,-0.107633,1,1,1,1,1,5,5,5,1.0000,1.0000,0,0.007213,0.00000119,0.007213,1.366060,-0.173296
2013-07-23,,2.7100,2.8700,12.6600,91.5691,74.260000,68.676909,0.116619,-0.106218,1,1,1,1,1,5,5,5,1.0000,1.0000,0,-0.022266,0.00000159,-0.022266,1.335643,-0.191703
2013-07-24,,2.7000,2.8700,13.1800,89.4614,74.500000,68.703859,0.115268,-0.117656,1,1,1,1,1,5,5,5,1.0000,1.0000,0,0.009458,0.00000079,0.009458,1.348275,-0.184058
2013-07-25,,2.6700,2.8700,12.9700,90.1639,74.970000,68.731959,0.116054,-0.111513,1,1,1,1,1,5,5,5,1.0000,1.0000,0,0.018072,0.00000119,0.018072,1.372641,-0.169313
2013-07-26,,2.6900,2.8700,12.7200,89.4614,75.370000,68.763909,0.116344,-0.109135,1,1,1,1,1,5,5,5,1.0000,1.0000,0,0.016586,0.00000079,0.016586,1.395408,-0.155535
2013-07-29,,2.6700,2.8700,13.3900,88.5246,75.230000,68.798309,0.116911,-0.093169,1,1,1,1,1,5,5,5,1.0000,1.0000,0,-0.004589,0.00000119,-0.004589,1.389004,-0.159410
2013-07-30,,2.6900,2.8700,13.3900,88.7588,75.630000,68.840163,0.117298,-0.077513,1,1,1,1,1,5,5,5,1.0000,1.0000,0,0.014855,0.00000119,0.014855,1.409639,-0.146923
2013-07-31,,2.6800,2.8700,13.4500,87.3536,75.770000,68.884413,0.116354,-0.069126,1,1,1,1,1,5,5,5,1.0000,1.0000,0,0.006309,0.00000159,0.006309,1.418532,-0.141541
2013-08-01,,2.6800,2.8650,12.9400,88.8112,76.540000,68.933563,0.115991,-0.077082,1,1,1,1,1,5,5,5,1.0000,1.0000,0,0.030471,0.00000159,0.030471,1.461755,-0.115383
2013-08-02,,2.6600,2.8600,11.9800,88.1119,76.970000,68.985013,0.115648,-0.066664,1,1,1,1,1,5,5,5,1.0000,1.0000,0,0.016670,0.00000159,0.016670,1.486123,-0.100637
2013-08-05,,2.6800,2.8600,11.8400,87.4126,77.020000,69.034263,0.115056,-0.059580,1,1,1,1,1,5,5,5,1.0000,1.0000,0,0.002154,0.00000159,0.002154,1.489324,-0.098699
2013-08-06,,2.7000,2.8600,12.7200,86.9464,76.560000,69.076463,0.115124,-0.057506,1,1,1,1,1,5,5,5,1.0000,1.0000,0,-0.017794,0.00000198,-0.017794,1.462823,-0.114737
2013-08-07,,2.6900,2.8600,12.9800,86.0140,76.420000,69.118163,0.116030,-0.043573,1,1,1,1,1,5,5,5,1.0000,1.0000,0,-0.005715,0.00000159,-0.005715,1.454462,-0.119796
2013-08-08,,2.7200,2.8600,12.7300,85.7809,76.800000,69.165713,0.116048,-0.039692,1,1,1,1,1,5,5,5,1.0000,1.0000,0,0.013330,0.00000198,0.013330,1.473850,-0.108063
2013-08-09,,2.7300,2.8600,13.4100,86.7133,76.490000,69.219763,0.115587,-0.047294,1,1,1,1,1,5,5,5,1.0000,1.0000,0,-0.010741,0.00000198,-0.010741,1.458019,-0.117644
2013-08-12,,2.7400,2.8550,12.8100,85.7809,76.670000,69.273013,0.115102,-0.048095,1,1,1,1,1,5,5,5,1.0000,1.0000,0,0.006222,0.00000198,0.006222,1.467092,-0.112154
2013-08-13,,2.7200,2.8500,12.3100,85.5478,77.100000,69.331563,0.114144,-0.055676,1,1,1,1,1,5,5,5,1.0000,1.0000,0,0.016609,0.00000238,0.016609,1.491459,-0.097407
2013-08-14,,2.7200,2.8500,13.0400,85.0816,76.810000,69.389793,0.113992,-0.051969,1,1,1,1,1,5,5,5,1.0000,1.0000,0,-0.011091,0.00000238,-0.011091,1.474917,-0.107418
2013-08-15,,2.7200,2.8500,14.7300,80.6527,75.510000,69.441543,0.114136,-0.050498,1,1,1,1,1,5,5,5,1.0000,1.0000,0,-0.050168,0.00000198,-0.050168,1.400923,-0.152197
2013-08-16,,2.7000,2.8500,14.3700,78.5548,75.485000,69.492218,0.113188,-0.049499,1,1,1,1,1,5,5,5,1.0000,1.0000,0,-0.003556,0.00000198,-0.003556,1.395942,-0.155211
2013-08-19,,2.7000,2.8500,15.1000,75.9907,75.350000,69.544218,0.112945,-0.047610,1,1,1,1,1,5,5,5,1.0000,1.0000,0,-0.003950,0.00000198,-0.003950,1.390428,-0.158548
2013-08-20,,2.7000,2.8500,14.9100,78.5548,75.680000,69.593253,0.113450,-0.034095,1,1,1,1,1,5,5,5,1.0000,1.0000,0,0.013688,0.00000238,0.013688,1.409461,-0.147030
2013-08-21,,2.7200,2.8500,15.9400,75.7576,75.420000,69.644503,0.112846,-0.021845,1,1,1,1,1,5,5,5,1.0000,1.0000,0,-0.009971,0.00000159,-0.009971,1.395408,-0.155535
2013-08-22,,2.7100,2.8500,14.7600,79.4872,76.160000,69.697303,0.112459,-0.017250,1,1,1,1,1,5,5,5,1.0000,1.0000,0,0.028554,0.00000159,0.028554,1.435252,-0.131422
2013-08-23,,2.6800,2.8500,13.9800,79.4872,76.670000,69.752053,0.113012,-0.011358,1,1,1,1,1,5,5,5,1.0000,1.0000,0,0.021068,0.00000119,0.021068,1.465490,-0.113123
2013-08-26,,2.6700,2.8500,14.9900,78.0886,76.710000,69.814753,0.112590,-0.023594,1,1,1,1,1,5,5,5,1.0000,1.0000,0,0.000849,0.00000119,0.000849,1.466735,-0.112370
2013-08-27,,2.6700,2.8500,16.7700,74.1259,75.140000,69.874653,0.114370,-0.004387,1,1,1,1,1,5,5,5,1.0000,1.0000,0,-0.062939,0.00000159,-0.062939,1.374420,-0.168236
2013-08-28,,2.6600,2.8450,16.4900,74.1259,75.430000,69.934653,0.114362,-0.005860,1,1,1,1,1,5,5,5,1.0000,1.0000,0,0.012941,0.00000198,0.012941,1.392206,-0.157472
2013-08-29,,2.6500,2.8400,16.8100,74.8252,75.960000,69.997353,0.113510,-0.018774,1,1,1,1,1,5,5,5,1.0000,1.0000,0,0.020698,0.00000119,0.020698,1.421021,-0.140034
2013-08-30,,2.6200,2.8400,17.0100,73.4266,75.470000,70.059803,0.113963,-0.017312,1,1,1,1,1,5,5,5,1.0000,1.0000,0,-0.018650,0.00000079,-0.018650,1.394520,-0.156072
2013-09-03,,2.5600,2.8400,16.6100,72.2611,75.900000,70.128103,0.112142,-0.026482,1,1,1,1,1,5,5,5,1.0000,1.0000,0,0.016453,0.00000119,0.016453,1.417464,-0.142187
2013-09-04,,2.5800,2.8400,15.8800,73.4266,76.710000,70.201504,0.111222,-0.034479,1,1,1,1,1,5,5,5,1.0000,1.0000,0,0.032626,0.00000079,0.032626,1.463711,-0.114200
2013-09-05,,2.5500,2.8400,15.7700,73.4266,76.840000,70.274204,0.110629,-0.043801,1,1,1,1,1,5,5,5,1.0000,1.0000,0,0.004375,0.00000079,0.004375,1.470114,-0.110324
2013-09-06,,2.5500,2.8400,15.8500,72.4942,76.930000,70.339951,0.111359,-0.036164,1,1,1,1,1,5,5,5,1.0000,1.0000,0,0.003630,0.00000079,0.003630,1.475450,-0.107095
2013-09-09,,2.5900,2.8400,15.6300,75.7576,77.830000,70.410101,0.110688,-0.042857,1,1,1,1,1,5,5,5,1.0000,1.0000,0,0.035202,0.00000079,0.035202,1.527390,-0.075663
2013-09-10,,2.6000,2.8400,14.5300,78.0886,78.210000,70.481501,0.110736,-0.050691,1,1,1,1,1,5,5,5,1.0000,1.0000,0,0.015140,0.00000079,0.015140,1.550513,-0.061669
2013-09-11,,2.6100,2.8350,13.8200,79.2541,78.060000,70.547301,0.109312,-0.058626,1,1,1,1,1,5,5,5,1.0000,1.0000,0,-0.005048,0.00000079,-0.005048,1.542686,-0.066406
2013-09-12,,2.6100,2.8300,14.2900,77.8555,78.010000,70.611446,0.109293,-0.057179,1,1,1,1,1,5,5,5,1.0000,1.0000,0,-0.004496,0.00000079,-0.004496,1.535750,-0.070603
2013-09-13,,2.6100,2.8300,14.1600,78.3217,78.060000,70.676946,0.109874,-0.043708,1,1,1,1,1,5,5,5,1.0000,1.0000,0,0.003243,0.00000040,0.003243,1.540731,-0.067589
2013-09-16,,2.6400,2.8300,14.3800,79.4872,77.850000,70.738596,0.109536,-0.044569,1,1,1,1,1,5,5,5,1.0000,1.0000,0,-0.008429,0.00000040,-0.008429,1.527745,-0.075448
2013-09-17,,2.6800,2.8300,14.5300,80.8858,78.370000,70.800896,0.109692,-0.048345,1,1,1,1,1,5,5,5,1.0000,1.0000,0,0.020026,0.00000079,0.020026,1.558339,-0.056933
2013-09-18,,2.6700,2.8300,13.5900,86.2471,79.310000,70.868446,0.111672,-0.043201,1,1,1,1,1,5,5,5,1.0000,1.0000,0,0.036754,0.00000040,0.036754,1.615615,-0.022271
2013-09-19,,2.7500,2.8300,13.1600,85.0816,79.500000,70.937596,0.111337,-0.049469,1,1,1,1,1,5,5,5,1.0000,1.0000,0,0.006165,0.00000040,0.006165,1.625575,-0.016243
2013-09-20,,2.7200,2.8250,13.1200,82.2844,78.985000,71.004371,0.109917,-0.064199,1,1,1,1,1,5,5,5,1.0000,1.0000,0,-0.010942,0.00000040,-0.010942,1.607787,-0.027008
2013-09-23,,2.6800,2.8200,14.3100,82.0513,78.830000,71.074005,0.111767,-0.043088,1,1,1,1,1,5,5,5,1.0000,1.0000,0,-0.005642,0.00000040,-0.005642,1.598717,-0.032498
2013-09-24,,2.7000,2.8200,14.0800,81.1189,78.830000,71.141555,0.111954,-0.048045,1,1,1,1,1,5,5,5,1.0000,1.0000,0,0.000222,0.00000079,0.000222,1.599072,-0.032283
2013-09-25,,2.6800,2.8200,14.0100,79.4872,78.560000,71.209705,0.111512,-0.033064,1,1,1,1,1,5,5,5,1.0000,1.0000,0,-0.009455,0.00000079,-0.009455,1.583953,-0.041432
2013-09-26,,2.7000,2.8200,14.0600,80.4196,79.170000,71.279955,0.110938,-0.039143,1,1,1,1,1,5,5,5,1.0000,1.0000,0,0.022908,0.00000079,0.022908,1.620239,-0.019473
2013-09-27,,2.7200,2.8200,15.4600,77.6224,79.070000,71.345455,0.110740,-0.036446,1,1,1,1,1,5,5,5,1.0000,1.0000,0,-0.004720,0.00000000,-0.004720,1.612591,-0.024101
2013-09-30,,2.7300,2.8200,16.6000,76.9231,78.880000,71.410705,0.111211,-0.017900,1,1,1,1,1,5,5,5,1.0000,1.0000,0,-0.006288,0.00000079,-0.006288,1.602451,-0.030238
2013-10-01,,2.7500,2.8200,15.5400,78.3217,79.680000,71.482549,0.110665,-0.031572,1,1,1,1,1,5,5,5,1.0000,1.0000,0,0.029969,0.00000079,0.029969,1.650475,-0.001175
2013-10-02,,2.7600,2.8200,16.6000,77.6224,79.650000,71.557349,0.110888,-0.029301,1,1,1,1,1,5,5,5,1.0000,1.0000,0,-0.001830,0.00000079,-0.001830,1.647454,-0.003003
2013-10-03,,2.7700,2.8200,17.6700,75.2914,78.720000,71.623199,0.110607,-0.036592,1,1,1,1,1,5,5,5,1.0000,1.0000,0,-0.034766,0.00000079,-0.034766,1.590179,-0.037664
2013-10-04,,2.7800,2.8200,16.7400,75.9907,79.400000,71.687463,0.109983,-0.044226,1,1,1,1,1,5,5,5,1.0000,1.0000,0,0.025727,0.00000119,0.025727,1.631089,-0.012907
2013-10-07,,2.7600,2.8200,19.4100,75.5245,78.740000,71.749861,0.110404,-0.042742,1,1,1,1,1,5,5,5,1.0000,1.0000,0,-0.024755,0.00000119,-0.024755,1.590711,-0.037342
2013-10-08,,2.7400,2.8200,20.3400,72.2611,77.220000,71.804661,0.112491,-0.036040,1,0,1,1,1,4,3,5,1.0000,1.0000,0,-0.056580,0.00000119,-0.056580,1.500709,-0.091809
2013-10-09,,2.7100,2.8200,19.6000,71.7949,76.980000,71.863561,0.112862,-0.031397,1,1,1,1,1,5,5,4,1.0000,1.0000,0,-0.011022,0.00000198,-0.011022,1.484167,-0.101820
2013-10-10,,2.7100,2.8200,16.4800,76.2238,78.610000,71.931261,0.112136,-0.035440,1,1,1,1,1,5,5,5,1.0000,1.0000,0,0.063518,0.00000198,0.063518,1.578439,-0.044769
2013-10-11,,2.6800,2.8200,15.7200,80.1865,79.230000,72.004911,0.111932,-0.040354,1,1,1,1,1,5,5,5,1.0000,1.0000,0,0.022537,0.00000198,0.022537,1.614013,-0.023240
2013-10-14,,2.6800,2.8200,16.0700,79.7203,79.790000,72.081861,0.110887,-0.048036,1,1,1,1,1,5,5,5,1.0000,1.0000,0,0.020719,0.00000317,0.020719,1.647454,-0.003003
2013-10-15,,2.6800,2.8200,18.6600,76.4569,79.480000,72.160361,0.110136,-0.051243,1,1,1,1,1,5,5,5,1.0000,1.0000,0,-0.010689,0.00000317,-0.010689,1.629844,-0.013660
2013-10-16,,2.6600,2.8200,14.7100,79.7674,80.380000,72.236610,0.109607,-0.061176,1,1,1,1,1,5,5,5,1.0000,1.0000,0,0.034159,0.00000555,0.034159,1.685518,0.000000
2013-10-17,,2.6600,2.8200,13.4800,82.7907,80.840000,72.304810,0.110640,-0.041275,1,1,1,1,1,5,5,5,1.0000,1.0000,0,0.016147,0.00000397,0.016147,1.712733,0.000000
2013-10-18,,2.6600,2.8200,13.0400,84.8837,82.150000,72.381300,0.110185,-0.052202,1,1,1,1,1,5,5,5,1.0000,1.0000,0,0.049434,0.00000198,0.049434,1.797400,0.000000
2013-10-21,,2.6600,2.8200,13.1600,83.9535,82.330000,72.459800,0.109948,-0.056694,1,1,1,1,1,5,5,5,1.0000,1.0000,0,0.005740,0.00000159,0.005740,1.807717,0.000000
2013-10-22,,2.6500,2.8200,13.3300,85.3488,82.450000,72.538798,0.110712,-0.055167,1,1,1,1,1,5,5,5,1.0000,1.0000,0,0.003444,0.00000159,0.003444,1.813943,0.000000
2013-10-23,,2.6600,2.8200,13.4200,85.5814,81.950000,72.615948,0.111331,-0.052676,1,1,1,1,1,5,5,5,1.0000,1.0000,0,-0.016082,0.00000159,-0.016082,1.784771,-0.016082
2013-10-24,,2.6700,2.8200,13.2000,84.8837,82.310000,72.693648,0.110734,-0.050143,1,1,1,1,1,5,5,5,1.0000,1.0000,0,0.012458,0.00000159,0.012458,1.807005,-0.003825
2013-10-25,,2.6800,2.8200,13.0900,85.8140,82.900000,72.772298,0.111395,-0.040848,1,1,1,1,1,5,5,5,1.0000,1.0000,0,0.019982,0.00000119,0.019982,1.843113,0.000000
2013-10-28,,2.6600,2.8200,13.3100,84.6512,82.920000,72.850598,0.110991,-0.041508,1,1,1,1,1,5,5,5,1.0000,1.0000,0,0.002026,0.00000159,0.002026,1.846848,0.000000
2013-10-29,,2.6600,2.8200,13.4100,85.5814,83.060000,72.931098,0.110558,-0.040576,1,1,1,1,1,5,5,5,1.0000,1.0000,0,0.004816,0.00000159,0.004816,1.855742,0.000000
2013-10-30,,2.6900,2.8200,13.6500,83.4884,82.980000,73.012848,0.110386,-0.042744,1,1,1,1,1,5,5,5,1.0000,1.0000,0,-0.003163,0.00000159,-0.003163,1.849872,-0.003163
2013-10-31,,2.6800,2.8200,13.7500,83.0233,82.790000,73.092298,0.110302,-0.051297,1,1,1,1,1,5,5,5,1.0000,1.0000,0,-0.006442,0.00000159,-0.006442,1.837955,-0.009585
2013-11-01,,2.6500,2.8200,13.2800,83.7587,82.810000,73.170248,0.110834,-0.046631,1,1,1,1,1,5,5,5,1.0000,1.0000,0,-0.000484,0.00000159,-0.000484,1.837065,-0.010065
2013-11-04,,2.6400,2.8200,12.9300,84.6868,82.930000,73.249548,0.110674,-0.044390,1,1,1,1,1,5,5,5,1.0000,1.0000,0,0.004842,0.00000159,0.004842,1.845960,-0.005272
2013-11-05,,2.6600,2.8200,13.2700,82.5986,83.020000,73.328748,0.110229,-0.044131,1,1,1,1,1,5,5,5,1.0000,1.0000,0,0.004239,0.00000198,0.004239,1.853786,-0.001054
2013-11-06,,2.6600,2.8200,12.6700,84.6868,83.000000,73.405798,0.111164,-0.027269,1,1,1,1,1,5,5,5,1.0000,1.0000,0,-0.001727,0.00000198,-0.001727,1.850584,-0.002780
2013-11-07,,2.7000,2.8200,13.9100,81.6705,81.440000,73.479698,0.111530,-0.022387,1,1,1,1,1,5,5,5,1.0000,1.0000,0,-0.055459,0.00000198,-0.055459,1.747952,-0.058085
2013-11-08,,2.7000,2.8200,12.9000,81.6705,82.540000,73.557398,0.109848,-0.040033,1,1,1,1,1,5,5,5,1.0000,1.0000,0,0.039482,0.00000198,0.039482,1.816965,-0.020896
2013-11-11,,2.6900,2.8200,12.5300,82.5986,82.410000,73.633698,0.109801,-0.031994,1,1,1,1,1,5,5,5,1.0000,1.0000,0,-0.004797,0.00000238,-0.004797,1.808250,-0.025592
2013-11-12,,2.6900,2.8200,12.8200,81.9026,82.540000,73.710598,0.109092,-0.036636,1,1,1,1,1,5,5,5,1.0000,1.0000,0,0.004919,0.00000238,0.004919,1.817144,-0.020799
2013-11-13,,2.6700,2.8150,12.5200,83.0626,83.540000,73.793198,0.108757,-0.044565,1,1,1,1,1,5,5,5,1.0000,1.0000,0,0.035826,0.00000317,0.035826,1.882246,0.000000
2013-11-14,,2.6900,2.8100,12.3700,84.2593,83.800000,73.877848,0.109165,-0.035540,1,1,1,1,1,5,5,5,1.0000,1.0000,0,0.007748,0.00000317,0.007748,1.896830,0.000000
2013-11-15,,2.7200,2.8100,12.1900,84.9537,83.960000,73.959348,0.109317,-0.030298,1,1,1,1,1,5,5,5,1.0000,1.0000,0,0.006940,0.00000317,0.006940,1.909994,0.000000
2013-11-18,,2.7000,2.8100,13.1000,84.4907,83.140000,74.042648,0.109575,-0.032743,1,1,1,1,1,5,5,5,1.0000,1.0000,0,-0.027659,0.00000317,-0.027659,1.857165,-0.027659
2013-11-19,,2.6600,2.8100,13.3900,82.1759,82.900000,74.119848,0.109004,-0.034353,1,1,1,1,1,5,5,5,1.0000,1.0000,0,-0.009865,0.00000357,-0.009865,1.838844,-0.037251
2013-11-20,,2.6600,2.8100,13.4000,79.8611,82.700000,74.197148,0.108141,-0.059505,1,1,1,1,1,5,5,5,1.0000,1.0000,0,-0.006965,0.00000317,-0.006965,1.826037,-0.043956
2013-11-21,,2.6700,2.8100,12.6600,81.0185,83.540000,74.278348,0.107526,-0.065606,1,1,1,1,1,5,5,5,1.0000,1.0000,0,0.030586,0.00000317,0.030586,1.881889,-0.014715
2013-11-22,,2.6500,2.8100,12.2600,82.6389,83.990000,74.358348,0.106908,-0.064063,1,1,1,1,1,5,5,5,1.0000,1.0000,0,0.015785,0.00000278,0.015785,1.911594,0.000000
2013-11-25,,2.6500,2.8100,12.7900,83.1019,84.190000,74.439248,0.106599,-0.071318,1,1,1,1,1,5,5,5,1.0000,1.0000,0,0.006607,0.00000278,0.006607,1.924223,0.000000
2013-11-26,,2.6500,2.8100,12.8100,82.6389,84.630000,74.523748,0.105518,-0.064919,1,1,1,1,1,5,5,5,1.0000,1.0000,0,0.016547,0.00000317,0.016547,1.956062,0.000000
2013-11-27,,2.6300,2.8100,12.9800,82.4074,85.220000,74.609998,0.105041,-0.060726,1,1,1,1,1,5,5,5,1.0000,1.0000,0,0.020005,0.00000278,0.020005,1.995193,0.000000
2013-11-29,,2.6300,2.8100,13.7000,81.9444,85.730000,74.698898,0.105055,-0.054949,1,1,1,1,1,5,5,5,1.0000,1.0000,0,0.016404,0.00000278,0.016404,2.027922,0.000000
2013-12-02,,2.6100,2.8100,14.2300,81.2500,85.480000,74.787548,0.104886,-0.063201,1,1,1,1,1,5,5,5,1.0000,1.0000,0,-0.006228,0.00000238,-0.006228,2.015293,-0.006228
2013-12-03,,2.6000,2.8100,14.5500,81.7130,85.410000,74.873398,0.105869,-0.046677,1,1,1,1,1,5,5,5,1.0000,1.0000,0,-0.002912,0.00000198,-0.002912,2.009424,-0.009122
2013-12-04,,2.6000,2.8100,14.7000,81.2500,85.490000,74.964898,0.106354,-0.042117,1,1,1,1,1,5,5,5,1.0000,1.0000,0,0.002567,0.00000238,0.002567,2.014583,-0.006578
2013-12-05,,2.6200,2.8100,15.0800,79.8611,85.380000,75.059448,0.105957,-0.032420,1,1,1,1,1,5,5,5,1.0000,1.0000,0,-0.003090,0.00000238,-0.003090,2.008357,-0.009648
2013-12-06,,2.5900,2.8100,13.7900,81.4815,86.000000,75.153753,0.106223,-0.030080,1,1,1,1,1,5,5,5,1.0000,1.0000,0,0.020636,0.00000238,0.020636,2.049801,0.000000
2013-12-09,,2.5800,2.8050,13.4900,81.9444,86.350000,75.253953,0.105320,-0.044406,1,1,1,1,1,5,5,5,1.0000,1.0000,0,0.011975,0.00000238,0.011975,2.074348,0.000000
2013-12-10,,2.5700,2.8000,13.9100,80.3241,86.290000,75.352603,0.104647,-0.047363,1,1,1,1,1,5,5,5,1.0000,1.0000,0,-0.001801,0.00000278,-0.001801,2.070612,-0.001801
2013-12-11,,2.5600,2.8000,15.4200,78.4722,85.180000,75.442308,0.104969,-0.044985,1,1,1,1,1,5,5,5,1.0000,1.0000,0,-0.037368,0.00000278,-0.037368,1.993238,-0.039101
2013-12-12,,2.5500,2.8000,15.5400,77.5463,84.960000,75.531608,0.105457,-0.057293,1,1,1,1,1,5,5,5,1.0000,1.0000,0,-0.008121,0.00000278,-0.008121,1.977050,-0.046905
2013-12-13,,2.5300,2.8000,15.7600,77.5463,84.850000,75.618958,0.105300,-0.055897,1,1,1,1,1,5,5,5,1.0000,1.0000,0,-0.004768,0.00000278,-0.004768,1.967624,-0.051449
2013-12-16,,2.5000,2.8000,16.0300,78.7037,85.320000,75.707158,0.105208,-0.044970,1,1,1,1,1,5,5,5,1.0000,1.0000,0,0.017175,0.00000278,0.017175,2.001419,-0.035157
2013-12-17,,2.5000,2.8000,16.2100,79.1667,85.150000,75.789508,0.105346,-0.060398,1,1,1,1,1,5,5,5,1.0000,1.0000,0,-0.006310,0.00000278,-0.006310,1.988790,-0.041246
2013-12-18,,2.5000,2.8000,13.8000,80.5556,86.140000,75.877658,0.104953,-0.067018,1,1,1,1,1,5,5,5,1.0000,1.0000,0,0.034523,0.00000278,0.034523,2.057450,-0.008146
2013-12-19,,2.5000,2.8000,14.1500,80.3241,85.900000,75.963708,0.104303,-0.069407,1,1,1,1,1,5,5,5,1.0000,1.0000,0,-0.008992,0.00000278,-0.008992,2.038950,-0.017065
2013-12-20,,2.4200,2.8000,13.7900,80.7870,86.500000,76.052358,0.104180,-0.065170,1,1,1,1,1,5,5,5,1.0000,1.0000,0,0.030097,0.00000238,0.030097,2.100317,0.000000
2013-12-23,,2.3800,2.7950,13.0400,81.2500,87.410000,76.144558,0.103216,-0.073424,1,1,1,1,1,5,5,5,1.0000,1.0000,0,0.032351,0.00000278,0.032351,2.168264,0.000000
2013-12-24,,2.3500,2.7900,12.4800,82.4074,87.450000,76.238208,0.103400,-0.076468,1,1,1,1,1,5,5,5,1.0000,1.0000,0,0.001394,0.00000278,0.001394,2.171287,0.000000
2013-12-26,,2.3600,2.7850,12.3300,82.6389,87.740000,76.333758,0.102418,-0.080913,1,1,1,1,1,5,5,5,1.0000,1.0000,0,0.009749,0.00000278,0.009749,2.192454,0.000000
2013-12-27,,2.3700,2.7800,12.4600,82.8704,87.520000,76.427058,0.102831,-0.078954,1,1,1,1,1,5,5,5,1.0000,1.0000,0,-0.007302,0.00000278,-0.007302,2.176445,-0.007302
2013-12-30,,2.3700,2.7800,13.5600,83.3333,87.390000,76.521458,0.103090,-0.074533,1,1,1,1,1,5,5,5,1.0000,1.0000,0,-0.005230,0.00000278,-0.005230,2.165063,-0.012493
2013-12-31,,2.3500,2.7750,13.7200,83.3333,87.960000,76.619458,0.102794,-0.071479,1,1,1,1,1,5,5,5,1.0000,1.0000,0,0.019635,0.00000278,0.019635,2.207573,0.000000
2014-01-02,,2.3300,2.7700,14.2300,81.4815,87.270000,76.714658,0.102203,-0.081156,1,1,1,1,1,5,5,5,1.0000,1.0000,0,-0.023366,0.00000278,-0.023366,2.155990,-0.023366
2014-01-03,,2.3400,2.7700,13.7600,80.7870,86.640000,76.804313,0.101895,-0.104104,1,1,1,1,1,5,5,5,1.0000,1.0000,0,-0.021780,0.00000278,-0.021780,2.109032,-0.044638
2014-01-06,,2.3400,2.7700,13.5500,80.5556,86.320000,76.896263,0.102352,-0.102545,1,1,1,1,1,5,5,5,1.0000,1.0000,0,-0.010627,0.00000278,-0.010627,2.086620,-0.054790
2014-01-07,,2.3200,2.7700,12.9200,82.4074,87.120000,76.988913,0.102627,-0.091970,1,1,1,1,1,5,5,5,1.0000,1.0000,0,0.025915,0.00000198,0.025915,2.140694,-0.030295
2014-01-08,,2.3200,2.7700,12.8700,81.0185,87.310000,77.083763,0.102060,-0.095066,1,1,1,1,1,5,5,5,1.0000,1.0000,0,0.007478,0.00000159,0.007478,2.156702,-0.023044
2014-01-09,,2.3100,2.7650,12.8900,81.7130,87.020000,77.175313,0.102592,-0.080362,1,1,1,1,1,5,5,5,1.0000,1.0000,0,-0.010309,0.00000198,-0.010309,2.134468,-0.033115
2014-01-10,,2.3100,2.7600,12.1400,83.1019,87.300000,77.267808,0.103780,-0.062619,1,1,1,1,1,5,5,5,1.0000,1.0000,0,0.010000,0.00000159,0.010000,2.155813,-0.023447
2014-01-13,,2.3200,2.7600,13.2800,81.0185,86.010000,77.353008,0.104109,-0.052962,1,1,1,1,1,5,5,5,1.0000,1.0000,0,-0.044472,0.00000198,-0.044472,2.059939,-0.066876
2014-01-14,,2.3400,2.7550,12.2800,82.6389,87.650000,77.448758,0.103120,-0.072068,1,1,1,1,1,5,5,5,1.0000,1.0000,0,0.057249,0.00000119,0.057249,2.177870,-0.013455
2014-01-15,,2.3400,2.7500,12.2800,83.3333,88.370000,77.545408,0.102377,-0.075036,1,1,1,1,1,5,5,5,1.0000,1.0000,0,0.023358,0.00000159,0.023358,2.228740,0.000000
2014-01-16,,2.3200,2.7500,12.5300,82.8704,88.380000,77.645258,0.103215,-0.064755,1,1,1,1,1,5,5,5,1.0000,1.0000,0,0.002076,0.00000159,0.002076,2.233366,0.000000
2014-01-17,,2.3200,2.7500,12.4400,81.9444,87.880000,77.742508,0.103629,-0.066973,1,1,1,1,1,5,5,5,1.0000,1.0000,0,-0.017761,0.00000159,-0.017761,2.193699,-0.017761
2014-01-21,,2.3300,2.7500,12.8700,82.6389,88.550000,77.845953,0.104463,-0.065083,1,1,1,1,1,5,5,5,1.0000,1.0000,0,0.022379,0.00000198,0.022379,2.242792,0.000000
2014-01-22,,2.3000,2.7500,12.8400,82.4074,88.780000,77.948753,0.104504,-0.059201,1,1,1,1,1,5,5,5,1.0000,1.0000,0,0.009279,0.00000159,0.009279,2.263603,0.000000
2014-01-23,,2.3000,2.7450,13.7700,80.0926,88.480000,78.047753,0.105066,-0.059028,1,1,1,1,1,5,5,5,1.0000,1.0000,0,-0.012023,0.00000159,-0.012023,2.236388,-0.012023
2014-01-24,,2.3200,2.7400,18.1400,74.3056,86.740000,78.131378,0.106155,-0.044235,1,1,1,1,1,5,5,5,1.0000,1.0000,0,-0.059254,0.00000159,-0.059254,2.103873,-0.070564
2014-01-27,,2.3500,2.7400,17.4200,72.4537,85.900000,78.210928,0.106932,-0.032948,1,1,1,1,1,5,5,5,1.0000,1.0000,0,-0.029083,0.00000159,-0.029083,2.042686,-0.097595
2014-01-28,,2.3600,2.7400,15.8000,74.7685,85.850000,78.290478,0.106690,-0.034012,1,1,1,1,1,5,5,5,1.0000,1.0000,0,-0.000349,0.00000198,-0.000349,2.041974,-0.097910
2014-01-29,,2.3500,2.7400,17.3500,73.6111,84.930000,78.372328,0.107668,-0.024088,1,1,1,1,1,5,5,5,1.0000,1.0000,0,-0.031533,0.00000198,-0.031533,1.977585,-0.126355
2014-01-30,,2.3800,2.7350,17.2900,78.0093,86.500000,78.457478,0.108185,-0.024307,1,1,1,1,1,5,5,5,1.0000,1.0000,0,0.052708,0.00000159,0.052708,2.081818,-0.080308
2014-01-31,,2.3600,2.7300,18.4100,77.5463,86.270000,78.548253,0.109721,-0.008682,1,1,1,1,1,5,5,5,1.0000,1.0000,0,-0.007006,0.00000079,-0.007006,2.067232,-0.086752
2014-02-03,,2.4000,2.7300,21.4400,63.8889,84.290000,78.633858,0.111357,0.010112,1,0,1,1,0,3,1,5,1.0000,1.0000,0,-0.066253,0.00000079,-0.066253,1.930271,-0.147257
2014-02-04,,2.3900,2.7250,19.1100,66.8981,84.910000,78.717958,0.109930,-0.010996,1,1,1,1,1,5,5,3,0.0000,0.0000,1,0.019535,0.00000198,0.012145,1.953715,-0.136901
2014-02-05,,2.4100,2.7200,19.9500,65.9722,84.690000,78.797458,0.109579,-0.017518,1,1,1,1,1,5,5,5,1.0000,1.0000,1,-0.009219,0.00000238,0.000898,1.955469,-0.136126
2014-02-06,,2.4200,2.7200,17.2300,71.2963,85.770000,78.879058,0.108942,-0.008260,1,1,1,1,1,5,5,5,1.0000,1.0000,0,0.038314,0.00000278,0.038314,2.030391,-0.103027
2014-02-07,,2.4000,2.7200,15.2900,75.9259,87.300000,78.968458,0.108192,-0.014850,1,1,1,1,1,5,5,5,1.0000,1.0000,0,0.053067,0.00000278,0.053067,2.138137,-0.055428
2014-02-10,,2.4200,2.7200,15.2600,76.6204,87.800000,79.058508,0.108800,-0.002732,1,1,1,1,1,5,5,5,1.0000,1.0000,0,0.018354,0.00000317,0.018354,2.177381,-0.038091
2014-02-11,,2.4200,2.7200,14.5100,79.1667,88.800000,79.154658,0.108638,-0.001109,1,1,1,1,1,5,5,5,1.0000,1.0000,0,0.034246,0.00000278,0.034246,2.251947,-0.005149
2014-02-12,,2.3900,2.7200,14.3000,79.6296,88.970000,79.248458,0.108722,-0.004122,1,1,1,1,1,5,5,5,1.0000,1.0000,0,0.004753,0.00000198,0.004753,2.262650,-0.000421
2014-02-13,,2.3600,2.7200,14.1400,81.5242,89.630000,79.343008,0.109338,0.000199,1,1,1,1,0,4,3,5,1.0000,1.0000,0,0.025701,0.00000198,0.025701,2.320804,0.000000
2014-02-14,,2.3900,2.7150,13.5700,82.2171,89.810000,79.440108,0.109445,-0.001223,1,1,1,1,1,5,5,4,1.0000,1.0000,0,0.002921,0.00000119,0.002921,2.327583,0.000000
2014-02-18,,2.3800,2.7100,13.8700,81.9861,90.250000,79.534958,0.109694,0.006512,1,1,1,1,0,4,3,5,1.0000,1.0000,0,0.015635,0.00000079,0.015635,2.363974,0.000000
2014-02-19,,2.4000,2.7100,15.5000,79.9076,89.630000,79.622508,0.109797,0.015697,1,1,1,1,0,4,3,4,1.0000,1.0000,0,-0.021884,0.00000198,-0.021884,2.312241,-0.021884
2014-02-20,,2.4100,2.7100,14.7900,80.8314,90.050000,79.710758,0.109995,0.023493,1,1,1,1,0,4,3,4,1.0000,1.0000,0,0.014504,0.00000238,0.014504,2.345779,-0.007697
2014-02-21,,2.3900,2.7050,14.6800,81.2933,89.930000,79.798608,0.110256,0.031853,1,1,1,1,0,4,3,4,1.0000,1.0000,0,-0.005172,0.00000198,-0.005172,2.333647,-0.012829
2014-02-24,,2.3800,2.7000,14.2300,83.1797,90.410000,79.887108,0.109378,0.026682,1,1,1,1,0,4,3,4,1.0000,1.0000,0,0.017582,0.00000198,0.017582,2.374677,0.000000
2014-02-25,,2.3800,2.7000,13.6700,81.1060,90.310000,79.975625,0.109284,0.036509,1,1,1,1,0,4,3,4,1.0000,1.0000,0,-0.003606,0.00000198,-0.003606,2.366115,-0.003606
2014-02-26,,2.3800,2.7000,14.3500,81.5668,90.230000,80.061525,0.108926,0.037750,1,1,1,1,0,4,3,4,1.0000,1.0000,0,-0.003318,0.00000198,-0.003318,2.358265,-0.006912
2014-02-27,,2.3800,2.7000,14.0400,83.1797,90.440000,80.148025,0.108088,0.029642,1,1,1,1,0,4,3,4,1.0000,1.0000,0,0.019668,0.00000198,0.019668,2.404646,0.000000
2014-02-28,,2.3600,2.7000,14.0000,84.5622,90.340000,80.232125,0.108567,0.036222,1,1,1,1,0,4,3,4,1.0000,1.0000,0,-0.005045,0.00000159,-0.005045,2.392515,-0.005045
2014-03-03,,2.3500,2.7000,16.0000,82.7189,89.670000,80.312125,0.108255,0.023190,1,1,1,1,0,4,3,4,1.0000,1.0000,0,-0.021921,0.00000198,-0.021921,2.340069,-0.026855
2014-03-04,,2.3700,2.7000,14.1000,85.4839,90.810000,80.398225,0.107527,0.011516,1,1,1,1,0,4,3,4,1.0000,1.0000,0,0.040250,0.00000198,0.040250,2.434257,0.000000
2014-03-05,,2.3500,2.7000,13.8900,84.1014,91.060000,80.482025,0.106711,0.007464,1,1,1,1,0,4,3,4,1.0000,1.0000,0,0.008208,0.00000198,0.008208,2.454237,0.000000
2014-03-06,,2.3600,2.7000,14.2100,83.8710,90.980000,80.565975,0.105936,-0.002812,1,1,1,1,1,5,5,4,1.0000,1.0000,0,-0.003780,0.00000238,-0.003780,2.444960,-0.003780
2014-03-07,,2.3700,2.6950,14.1100,84.1014,90.530000,80.647275,0.106209,0.008768,1,1,1,1,0,4,3,5,1.0000,1.0000,0,-0.014300,0.00000198,-0.014300,2.409998,-0.018026
2014-03-10,,2.3400,2.6900,14.2000,83.8710,90.610000,80.732230,0.106000,0.013458,1,1,1,1,0,4,3,4,1.0000,1.0000,0,0.002072,0.00000238,0.002072,2.414991,-0.015991
2014-03-11,,2.3600,2.6900,14.8000,84.7926,90.220000,80.816080,0.106233,0.012618,1,1,1,1,0,4,3,4,1.0000,1.0000,0,-0.012410,0.00000198,-0.012410,2.385023,-0.028202
2014-03-12,,2.3700,2.6900,14.4700,83.8710,90.560000,80.901830,0.107540,0.020765,1,1,1,1,0,4,3,4,1.0000,1.0000,0,0.011219,0.00000198,0.011219,2.411781,-0.017299
2014-03-13,,2.3800,2.6900,16.2200,81.3364,89.280000,80.978780,0.109893,0.045349,1,1,1,1,0,4,3,4,1.0000,1.0000,0,-0.042455,0.00000198,-0.042455,2.309388,-0.059020
2014-03-14,,2.3900,2.6900,17.8200,81.5668,88.670000,81.054430,0.110717,0.053951,1,1,1,1,0,4,3,4,1.0000,1.0000,0,-0.020547,0.00000198,-0.020547,2.261936,-0.078355
2014-03-17,,2.4000,2.6900,15.6400,83.6406,89.450000,81.132030,0.110449,0.050528,1,1,1,1,0,4,3,4,1.0000,1.0000,0,0.026657,0.00000198,0.026657,2.322232,-0.053787
2014-03-18,,2.4000,2.6850,14.5200,85.7143,90.530000,81.218430,0.109507,0.044807,1,1,1,1,0,4,3,4,1.0000,1.0000,0,0.035950,0.00000238,0.035950,2.405717,-0.019770
2014-03-19,,2.4200,2.6800,15.1200,82.7189,90.040000,81.301730,0.108352,0.039924,1,1,1,1,0,4,3,4,1.0000,1.0000,0,-0.016462,0.00000198,-0.016462,2.366115,-0.035906
2014-03-20,,2.3700,2.6800,14.5200,83.4101,90.290000,81.388180,0.107964,0.037559,1,1,1,1,0,4,3,4,1.0000,1.0000,0,0.007841,0.00000238,0.007841,2.384666,-0.028347
2014-03-21,,2.3400,2.6800,15.0000,84.1014,89.000000,81.472930,0.108781,0.055000,1,1,1,1,0,4,3,4,1.0000,1.0000,0,-0.036655,0.00000238,-0.036655,2.297257,-0.063963
2014-03-24,,2.3200,2.6800,15.0900,83.1797,88.220000,81.552030,0.109529,0.060085,1,1,1,1,0,4,3,4,1.0000,1.0000,0,-0.025159,0.00000238,-0.025159,2.239459,-0.087513
2014-03-25,,2.2900,2.6800,14.0200,84.7926,88.510000,81.627630,0.109468,0.069759,1,1,1,1,0,4,3,4,1.0000,1.0000,0,0.009241,0.00000238,0.009241,2.260153,-0.079081
2014-03-26,,2.2800,2.6800,14.9300,82.4885,87.370000,81.697380,0.109802,0.068200,1,1,1,1,0,4,3,4,1.0000,1.0000,0,-0.038043,0.00000198,-0.038043,2.174170,-0.114116
2014-03-27,,2.2800,2.6800,14.6200,82.2581,86.879000,81.768325,0.110928,0.076340,1,1,1,1,0,4,3,4,1.0000,1.0000,0,-0.017722,0.00000198,-0.017722,2.135639,-0.129816
2014-03-28,,2.2600,2.6800,14.4100,81.7972,87.050000,81.844325,0.110545,0.075732,1,1,1,1,0,4,3,4,1.0000,1.0000,0,0.006515,0.00000159,0.006515,2.149553,-0.124146
2014-03-31,,2.2500,2.6800,13.8800,84.3318,87.670000,81.918875,0.110850,0.086493,1,1,1,1,0,4,3,4,1.0000,1.0000,0,0.019917,0.00000159,0.019917,2.192366,-0.106702
2014-04-01,,2.2600,2.6800,13.1000,85.7143,89.210000,82.003525,0.109349,0.075306,1,1,1,1,0,4,3,4,1.0000,1.0000,0,0.054190,0.00000198,0.054190,2.311171,-0.058294
2014-04-02,,2.2600,2.6800,13.0900,87.0968,89.440000,82.085825,0.108826,0.065506,1,1,1,1,0,4,3,4,1.0000,1.0000,0,0.007873,0.00000159,0.007873,2.329366,-0.050880
2014-04-03,,2.2500,2.6750,13.3700,86.6667,88.730000,82.161575,0.109315,0.066993,1,1,1,1,0,4,3,4,1.0000,1.0000,0,-0.023587,0.00000079,-0.023587,2.274424,-0.073266
2014-04-04,,2.2400,2.6700,13.9600,83.6782,86.370000,82.229625,0.111212,0.091087,1,1,1,1,0,4,3,4,1.0000,1.0000,0,-0.079373,0.00000079,-0.079373,2.093896,-0.146824
2014-04-07,,2.2500,2.6700,15.5700,79.7701,85.550000,82.302250,0.112265,0.094649,1,1,1,1,0,4,3,4,1.0000,1.0000,0,-0.029988,0.00000119,-0.029988,2.031106,-0.172409
2014-04-08,,2.2400,2.6700,14.8900,81.1494,86.340000,82.381800,0.113398,0.093164,1,1,1,1,0,4,3,4,1.0000,1.0000,0,0.027929,0.00000119,0.027929,2.087832,-0.149295
2014-04-09,,2.2600,2.6700,13.8200,83.4483,87.820000,82.472250,0.111951,0.077573,1,1,1,1,0,4,3,4,1.0000,1.0000,0,0.051265,0.00000119,0.051265,2.194864,-0.105684
2014-04-10,,2.2500,2.6700,15.8900,77.0115,85.100000,82.546550,0.113920,0.104441,1,1,1,1,0,4,3,4,1.0000,1.0000,0,-0.092328,0.00000159,-0.092328,1.992216,-0.188254
2014-04-11,,2.2400,2.6700,17.0300,71.1009,84.110000,82.612750,0.114842,0.119677,1,1,1,1,0,4,3,4,1.0000,1.0000,0,-0.034921,0.00000159,-0.034921,1.922646,-0.216601
2014-04-14,,2.2300,2.6700,16.1100,73.8532,84.770000,82.680750,0.114628,0.109679,1,1,1,1,0,4,3,4,1.0000,1.0000,0,0.022454,0.00000159,0.022454,1.965816,-0.199011
2014-04-15,,2.2200,2.6650,15.6100,75.9174,85.050100,82.749651,0.115418,0.114107,1,1,1,1,0,4,3,4,1.0000,1.0000,0,0.009982,0.00000159,0.009982,1.985438,-0.191016
2014-04-16,,2.2000,2.6600,14.1800,78.8991,86.180000,82.822001,0.115057,0.102485,1,1,1,1,0,4,3,4,1.0000,1.0000,0,0.038814,0.00000159,0.038814,2.062501,-0.159616
2014-04-17,,2.1900,2.6600,13.3600,80.7339,86.200000,82.894301,0.113472,0.086791,1,1,1,1,0,4,3,4,1.0000,1.0000,0,0.000519,0.00000159,0.000519,2.063571,-0.159180
2014-04-21,,2.1600,2.6600,13.2500,80.9633,86.840000,82.968346,0.112944,0.076723,1,1,1,1,0,4,3,4,1.0000,1.0000,0,0.022649,0.00000119,0.022649,2.110309,-0.140136
2014-04-22,,2.1800,2.6600,13.1900,83.7156,87.530000,83.043095,0.112592,0.063697,1,1,1,1,0,4,3,4,1.0000,1.0000,0,0.024514,0.00000159,0.024514,2.162040,-0.119058
2014-04-23,,2.1500,2.6600,13.2700,83.7156,86.760000,83.113645,0.112910,0.058868,1,1,1,1,0,4,3,4,1.0000,1.0000,0,-0.027228,0.00000119,-0.027228,2.103173,-0.143044
2014-04-24,,2.1500,2.6600,13.3200,83.4862,87.590000,83.186145,0.113454,0.066495,1,1,1,1,0,4,3,4,1.0000,1.0000,0,0.029517,0.00000079,0.029517,2.165251,-0.117750
2014-04-25,,2.1400,2.6600,14.0600,78.8991,86.190000,83.249545,0.115707,0.078421,1,1,1,1,0,4,3,4,1.0000,1.0000,0,-0.048278,0.00000040,-0.048278,2.060717,-0.160343
2014-04-28,,2.1300,2.6600,13.9700,78.6697,86.470000,83.307045,0.115906,0.074416,1,1,1,1,0,4,3,4,1.0000,1.0000,0,0.010734,0.00000119,0.010734,2.082837,-0.151330
2014-04-29,,2.1300,2.6600,13.7100,79.5872,87.160000,83.366345,0.114887,0.049615,1,1,1,1,0,4,3,4,1.0000,1.0000,0,0.022097,0.00000119,0.022097,2.128861,-0.132577
2014-04-30,,2.1500,2.6600,13.4100,80.7339,87.390000,83.425945,0.114731,0.032762,1,1,1,1,0,4,3,4,1.0000,1.0000,0,0.008882,0.00000079,0.008882,2.147770,-0.124873
2014-05-01,,2.1600,2.6600,13.2500,80.0459,87.650000,83.487345,0.115200,0.051479,1,1,1,1,0,4,3,4,1.0000,1.0000,0,0.008970,0.00000119,0.008970,2.167036,-0.117023
2014-05-02,,2.1400,2.6600,12.9100,80.5046,87.490000,83.546995,0.112996,0.033473,1,1,1,1,0,4,3,4,1.0000,1.0000,0,-0.004939,0.00000119,-0.004939,2.156333,-0.121384
2014-05-05,,2.1400,2.6550,13.2900,80.2752,87.950000,83.609896,0.113788,0.047229,1,1,1,1,0,4,3,4,1.0000,1.0000,0,0.014228,0.00000079,0.014228,2.187014,-0.108882
2014-05-06,,2.1500,2.6500,13.8000,77.2936,86.810000,83.670996,0.114225,0.057965,1,1,1,1,0,4,3,4,1.0000,1.0000,0,-0.038662,0.00000119,-0.038662,2.102459,-0.143335
2014-05-07,,2.1500,2.6500,13.4000,78.6697,86.560000,83.729746,0.115393,0.063250,1,1,1,1,0,4,3,4,1.0000,1.0000,0,-0.008993,0.00000119,-0.008993,2.083551,-0.151039
2014-05-08,,2.1600,2.6500,13.4300,78.4404,86.480000,83.790846,0.114267,0.053430,1,1,1,1,0,4,3,4,1.0000,1.0000,0,-0.003425,0.00000119,-0.003425,2.076415,-0.153947
2014-05-09,,2.1800,2.6500,12.9200,80.5046,86.800000,83.852346,0.112418,0.035091,1,1,1,1,0,4,3,4,1.0000,1.0000,0,0.011684,0.00000119,0.011684,2.100676,-0.144061
2014-05-12,,2.2100,2.6500,12.2300,83.7156,88.230000,83.918645,0.110309,0.009207,1,1,1,1,0,4,3,4,1.0000,1.0000,0,0.048743,0.00000119,0.048743,2.203069,-0.102341
2014-05-13,,2.2000,2.6450,12.1300,82.3394,88.290000,83.983246,0.110471,0.009677,1,1,1,1,0,4,3,4,1.0000,1.0000,0,0.002106,0.00000119,0.002106,2.207708,-0.100450
2014-05-14,,2.2100,2.6400,12.1700,80.9633,87.830000,84.046246,0.111552,0.017381,1,1,1,1,0,4,3,4,1.0000,1.0000,0,-0.014868,0.00000119,-0.014868,2.174884,-0.113825
2014-05-15,,2.2000,2.6350,13.1700,77.2936,87.135000,84.103771,0.112086,0.021353,1,1,1,1,0,4,3,4,1.0000,1.0000,0,-0.023130,0.00000119,-0.023130,2.124579,-0.134322
2014-05-16,,2.2200,2.6300,12.4400,78.8991,87.710000,84.163471,0.112045,0.019038,1,1,1,1,0,4,3,4,1.0000,1.0000,0,0.018640,0.00000119,0.018640,2.164181,-0.118186
2014-05-19,,2.2000,2.6250,12.4200,80.2752,88.320000,84.222370,0.109913,-0.003193,1,1,1,1,1,5,5,4,1.0000,1.0000,0,0.021431,0.00000119,0.021431,2.210561,-0.099288
2014-05-20,,2.2200,2.6200,12.9600,76.6055,88.000000,84.277520,0.110611,0.011434,1,1,1,1,0,4,3,5,1.0000,1.0000,0,-0.010974,0.00000119,-0.010974,2.186302,-0.109173
2014-05-21,,2.2300,2.6150,11.9100,79.5872,88.840000,84.336620,0.109766,0.004514,1,1,1,1,0,4,3,4,1.0000,1.0000,0,0.028231,0.00000119,0.028231,2.248022,-0.084024
2014-05-22,,2.2600,2.6100,12.0300,81.1927,89.230000,84.399970,0.110396,0.013841,1,1,1,1,0,4,3,4,1.0000,1.0000,0,0.012379,0.00000159,0.012379,2.275850,-0.072685
2014-05-23,,2.2500,2.6100,11.3600,82.1101,89.880000,84.467270,0.109693,0.015203,1,1,1,1,0,4,3,4,1.0000,1.0000,0,0.022418,0.00000119,0.022418,2.326869,-0.051897
2014-05-27,,2.2400,2.6100,11.5100,82.7982,91.001000,84.538275,0.109884,0.012469,1,1,1,1,0,4,3,4,1.0000,1.0000,0,0.037565,0.00000159,0.037565,2.414279,-0.016281
2014-05-28,,2.2300,2.6050,11.6800,81.8807,90.720000,84.609426,0.110618,0.022580,1,1,1,1,0,4,3,4,1.0000,1.0000,0,-0.009458,0.00000159,-0.009458,2.391445,-0.025585
2014-05-29,,2.2300,2.6000,11.5700,82.7982,91.300000,84.682575,0.110360,0.027018,1,1,1,1,0,4,3,4,1.0000,1.0000,0,0.020290,0.00000159,0.020290,2.439967,-0.005815
2014-05-30,,2.2400,2.6000,11.4000,83.0275,91.310000,84.753626,0.110909,0.040375,1,1,1,1,0,4,3,4,1.0000,1.0000,0,-0.000863,0.00000159,-0.000863,2.437860,-0.006673
2014-06-02,,2.2200,2.5950,11.5800,83.9450,91.220000,84.825676,0.110760,0.046677,1,1,1,1,0,4,3,4,1.0000,1.0000,0,-0.002502,0.00000159,-0.002502,2.431760,-0.009158
2014-06-03,,2.2200,2.5900,11.8700,83.9450,91.180000,84.904026,0.111229,0.048403,1,1,1,1,0,4,3,4,1.0000,1.0000,0,-0.001467,0.00000159,-0.001467,2.428193,-0.010612
2014-06-04,,2.2200,2.5850,12.0800,84.8624,91.520000,84.984201,0.110953,0.047973,1,1,1,1,0,4,3,4,1.0000,1.0000,0,0.010579,0.00000159,0.010579,2.453881,-0.000145
2014-06-05,,2.2300,2.5800,11.6800,86.6972,92.290000,85.068901,0.111160,0.048165,1,1,1,1,0,4,3,4,1.0000,1.0000,0,0.026025,0.00000159,0.026025,2.517742,0.000000
2014-06-06,,2.2400,2.5750,10.7300,88.5321,92.820000,85.154601,0.110250,0.026289,1,1,1,1,0,4,3,4,1.0000,1.0000,0,0.016154,0.00000159,0.016154,2.558414,0.000000
2014-06-09,,2.2300,2.5650,11.1500,88.3028,92.750000,85.241251,0.109393,-0.004810,1,1,1,1,1,5,5,4,1.0000,1.0000,0,-0.001813,0.00000159,-0.001813,2.553776,-0.001813
2014-06-10,,2.2200,2.5600,10.9900,86.6972,92.910000,85.325001,0.109126,-0.015223,1,1,1,1,1,5,5,5,1.0000,1.0000,0,0.005728,0.00000159,0.005728,2.568405,0.000000
2014-06-11,,2.2100,2.5550,11.6000,86.4679,92.550100,85.404401,0.108121,-0.022049,1,1,1,1,1,5,5,5,1.0000,1.0000,0,0.000000,0.00000159,0.000000,2.568405,0.000000
2014-06-12,,2.2000,2.5500,12.5600,84.1743,92.050000,85.481101,0.109228,-0.002623,1,1,1,1,1,5,5,5,1.0000,1.0000,0,-0.027643,0.00000159,-0.027643,2.497406,-0.027643
2014-06-13,,2.2100,2.5500,12.1800,85.0917,92.320000,85.567001,0.109592,0.011897,1,1,1,1,0,4,3,5,1.0000,1.0000,0,0.006857,0.00000159,0.006857,2.514531,-0.020976
2014-06-16,,2.1900,2.5400,12.6500,83.9450,92.400000,85.651851,0.110248,0.021884,1,1,1,1,0,4,3,4,1.0000,1.0000,0,0.003689,0.00000159,0.003689,2.523808,-0.017364
2014-06-17,,2.1700,2.5150,12.0600,86.4679,92.450000,85.734301,0.109788,0.009688,1,1,1,1,0,4,3,4,1.0000,1.0000,0,0.001413,0.00000159,0.001413,2.527375,-0.015975
2014-06-18,,2.1700,2.5000,10.6100,87.3853,92.970000,85.821801,0.111462,0.018678,1,1,1,1,0,4,3,4,1.0000,1.0000,0,0.018210,0.00000159,0.018210,2.573398,0.000000
2014-06-19,,2.1900,2.5000,10.6200,87.3853,92.910000,85.906851,0.112251,0.026806,1,1,1,1,0,4,3,4,1.0000,1.0000,0,-0.003882,0.00000119,-0.003882,2.563409,-0.003882
2014-06-20,,2.1900,2.5000,10.8500,86.4679,92.770000,85.987151,0.110927,0.010856,1,1,1,1,0,4,3,4,1.0000,1.0000,0,0.003619,0.00000079,0.003619,2.572686,-0.000277
2014-06-23,,2.2000,2.4600,10.9800,86.9266,92.790000,86.066901,0.110578,-0.003345,1,1,1,1,1,5,5,4,1.0000,1.0000,0,0.001109,0.00000079,0.001109,2.575539,0.000000
2014-06-24,,2.1900,2.4200,12.1300,85.3211,92.700000,86.145751,0.111582,0.009845,1,1,1,1,0,4,3,5,1.0000,1.0000,0,-0.002770,0.00000119,-0.002770,2.568405,-0.002770
2014-06-25,,2.1800,2.4200,11.5900,85.7798,93.290000,86.223051,0.111489,0.006031,1,1,1,1,0,4,3,4,1.0000,1.0000,0,0.018197,0.00000119,0.018197,2.615141,0.000000
2014-06-26,,2.1800,2.4200,11.6300,84.8624,93.340000,86.298701,0.111901,0.024230,1,1,1,1,0,4,3,4,1.0000,1.0000,0,0.002729,0.00000119,0.002729,2.622277,0.000000
2014-06-27,,2.1800,2.4200,11.2600,84.6330,93.750000,86.377151,0.112118,0.031367,1,1,1,1,0,4,3,4,1.0000,1.0000,0,0.009932,0.00000159,0.009932,2.648321,0.000000
2014-06-30,,2.2000,2.4150,11.5700,85.3211,93.910000,86.456651,0.113070,0.035643,1,1,1,1,0,4,3,4,1.0000,1.0000,0,0.007410,0.00000119,0.007410,2.667944,0.000000
2014-07-01,,2.1800,2.4100,11.1500,87.6147,94.940000,86.541051,0.111201,-0.000106,1,1,1,1,1,5,5,4,1.0000,1.0000,0,0.033565,0.00000159,0.033565,2.757493,0.000000
2014-07-02,,2.1900,2.4050,10.8200,86.6972,95.100000,86.627301,0.108934,-0.031752,1,1,1,1,1,5,5,5,1.0000,1.0000,0,0.003881,0.00000079,0.003881,2.768196,0.000000
2014-07-03,,2.2000,2.4000,10.3200,88.5321,95.700000,86.713951,0.107215,-0.058386,1,1,1,1,1,5,5,5,1.0000,1.0000,0,0.019204,0.00000079,0.019204,2.821356,0.000000
2014-07-07,,2.2100,2.4000,11.3300,86.6972,95.410000,86.794451,0.108096,-0.036359,1,1,1,1,1,5,5,5,1.0000,1.0000,0,-0.009610,0.00000040,-0.009610,2.794242,-0.009610
2014-07-08,,2.1800,2.4000,11.9800,83.7156,94.260000,86.868251,0.109534,-0.041248,1,1,1,1,1,5,5,5,1.0000,1.0000,0,-0.034857,0.00000159,-0.034857,2.696843,-0.044132
2014-07-09,,2.1800,2.4000,11.6500,84.4037,94.960000,86.948126,0.108741,-0.057697,1,1,1,1,1,5,5,5,1.0000,1.0000,0,0.022622,0.00000119,0.022622,2.757851,-0.022509
2014-07-10,,2.1700,2.3950,12.5900,83.0275,94.660000,87.027276,0.109911,-0.044158,1,1,1,1,1,5,5,5,1.0000,1.0000,0,-0.009444,0.00000119,-0.009444,2.731805,-0.031740
2014-07-11,,2.2000,2.3900,12.0800,83.9450,95.270000,87.109476,0.108921,-0.060082,1,1,1,1,1,5,5,5,1.0000,1.0000,0,0.017370,0.00000079,0.017370,2.779257,-0.014921
2014-07-14,,2.2000,2.3900,11.8200,84.1743,95.840000,87.195876,0.107136,-0.073093,1,1,1,1,1,5,5,5,1.0000,1.0000,0,0.019127,0.00000079,0.019127,2.832415,0.000000
2014-07-15,,2.2100,2.3900,11.9600,84.6330,95.510000,87.277576,0.107894,-0.052011,1,1,1,1,1,5,5,5,1.0000,1.0000,0,-0.010454,0.00000119,-0.010454,2.802804,-0.010454
2014-07-16,,2.2000,2.3900,11.0000,83.7529,95.890000,87.361676,0.107850,-0.047732,1,1,1,1,1,5,5,5,1.0000,1.0000,0,0.011329,0.00000079,0.011329,2.834556,0.000000
2014-07-17,,2.1900,2.3850,14.5400,77.8032,94.619000,87.440371,0.108094,-0.041620,1,1,1,1,1,5,5,5,1.0000,1.0000,0,-0.039899,0.00000079,-0.039899,2.721460,-0.039899
2014-07-18,,2.2200,2.3800,12.0600,83.2952,96.120000,87.522571,0.108088,-0.045048,1,1,1,1,1,5,5,5,1.0000,1.0000,0,0.047325,0.00000079,0.047325,2.850254,0.000000
2014-07-21,,2.2000,2.3800,12.8100,80.0915,96.000000,87.604321,0.108189,-0.048754,1,1,1,1,1,5,5,5,1.0000,1.0000,0,-0.003630,0.00000079,-0.003630,2.839907,-0.003630
2014-07-22,,2.1900,2.3800,12.2400,82.1510,96.610000,87.693771,0.107492,-0.075531,1,1,1,1,1,5,5,5,1.0000,1.0000,0,0.019849,0.00000119,0.019849,2.896278,0.000000
2014-07-23,,2.1900,2.3800,11.5200,82.8375,97.227000,87.782906,0.107355,-0.078423,1,1,1,1,1,5,5,5,1.0000,1.0000,0,0.018724,0.00000119,0.018724,2.950508,0.000000
2014-07-24,,2.2000,2.3800,11.8400,83.7529,97.120000,87.874806,0.107677,-0.066401,1,1,1,1,1,5,5,5,1.0000,1.0000,0,-0.003507,0.00000119,-0.003507,2.940161,-0.003507
2014-07-25,,2.2000,2.3800,12.6900,80.0915,96.740000,87.972406,0.107323,-0.067791,1,1,1,1,1,5,5,5,1.0000,1.0000,0,-0.012256,0.00000119,-0.012256,2.904126,-0.015720
2014-07-28,,2.1900,2.3800,12.5600,79.1762,96.770000,88.071356,0.108771,-0.058609,1,1,1,1,1,5,5,5,1.0000,1.0000,0,0.001229,0.00000119,0.001229,2.907695,-0.014510
2014-07-29,,2.1900,2.3750,13.2800,78.0320,96.600000,88.161306,0.108225,-0.044213,1,1,1,1,1,5,5,5,1.0000,1.0000,0,-0.005031,0.00000159,-0.005031,2.893067,-0.019468
2014-07-30,,2.1800,2.3700,13.3300,77.5744,96.980000,88.250056,0.106381,-0.068052,1,1,1,1,1,5,5,5,1.0000,1.0000,0,0.011962,0.00000079,0.011962,2.927673,-0.007739
2014-07-31,,2.1700,2.3700,16.9500,67.0481,95.020000,88.326206,0.106815,-0.067062,1,1,1,1,1,5,5,5,1.0000,1.0000,0,-0.060931,0.00000159,-0.060931,2.749288,-0.068198
2014-08-01,,2.1700,2.3700,17.0300,64.8402,94.670000,88.402156,0.107558,-0.069562,1,1,1,1,1,5,5,5,1.0000,1.0000,0,-0.011550,0.00000119,-0.011550,2.717535,-0.078960
2014-08-04,,2.2300,2.3700,15.1200,68.0365,95.320000,88.476856,0.106207,-0.072869,1,1,1,1,1,5,5,5,1.0000,1.0000,0,0.020481,0.00000119,0.020481,2.773191,-0.060097
2014-08-05,,2.2400,2.3700,16.8700,62.7854,94.590000,88.545606,0.105958,-0.058698,1,1,1,1,1,5,5,5,1.0000,1.0000,0,-0.023415,0.00000159,-0.023415,2.708258,-0.082104
2014-08-06,,2.2500,2.3650,16.3700,62.1005,94.520000,88.607456,0.104571,-0.052642,1,1,1,1,1,5,5,5,1.0000,1.0000,0,-0.001712,0.00000119,-0.001712,2.703621,-0.083676
2014-08-07,,2.2600,2.3600,16.6600,58.9041,94.220000,88.666906,0.106345,-0.037560,1,1,1,1,1,5,5,5,1.0000,1.0000,0,-0.009633,0.00000119,-0.009633,2.677577,-0.092503
2014-08-08,,2.2800,2.3600,15.7700,66.4384,94.900000,88.729156,0.107224,-0.039653,1,1,1,1,1,5,5,5,1.0000,1.0000,0,0.021319,0.00000119,0.021319,2.734660,-0.073156
2014-08-11,,2.2700,2.3600,14.2300,68.4932,95.460000,88.796706,0.106530,-0.051264,1,1,1,1,1,5,5,5,1.0000,1.0000,0,0.018134,0.00000119,0.018134,2.784251,-0.056349
2014-08-12,,2.2800,2.3600,14.1300,67.8082,95.420000,88.862256,0.106598,-0.050024,1,1,1,1,1,5,5,5,1.0000,1.0000,0,-0.002307,0.00000159,-0.002307,2.777829,-0.058525
2014-08-13,,2.2900,2.3600,12.9000,69.1781,96.430000,88.929906,0.106369,-0.033284,1,1,1,1,1,5,5,5,1.0000,1.0000,0,0.032495,0.00000119,0.032495,2.868094,-0.027932
2014-08-14,,2.3100,2.3600,12.4200,72.1461,96.930000,88.999956,0.106789,-0.036062,1,1,1,1,1,5,5,5,1.0000,1.0000,0,0.015425,0.00000159,0.015425,2.912333,-0.012939
2014-08-15,,2.2900,2.3550,13.1500,70.7763,97.400000,89.071656,0.107219,-0.024006,1,1,1,1,1,5,5,5,1.0000,1.0000,0,0.013598,0.00000159,0.013598,2.951934,0.000000
2014-08-18,,2.2900,2.3500,12.3200,75.5708,98.150000,89.147506,0.106050,-0.040983,1,1,1,1,1,5,5,5,1.0000,1.0000,0,0.024172,0.00000119,0.024172,3.023289,0.000000
2014-08-19,,2.3100,2.3500,12.2100,78.9954,98.700000,89.227056,0.106835,-0.027152,1,1,1,1,1,5,5,5,1.0000,1.0000,0,0.017229,0.00000119,0.017229,3.075377,0.000000
2014-08-20,,2.3300,2.3500,11.7800,79.2237,98.700000,89.306506,0.106777,-0.029372,1,1,1,1,1,5,5,5,1.0000,1.0000,0,0.000000,0.00000119,-0.000000,3.075377,-0.000000
2014-08-21,,2.3000,2.3500,11.7600,80.8219,98.900000,89.386356,0.106717,-0.036760,1,1,1,1,1,5,5,5,1.0000,1.0000,0,0.005685,0.00000159,0.005685,3.092860,0.000000
2014-08-22,,2.2800,2.3500,11.4700,79.2237,99.050000,89.466506,0.106557,-0.035688,1,1,1,1,1,5,5,5,1.0000,1.0000,0,0.003922,0.00000079,0.003922,3.104990,0.000000
2014-08-25,,2.2600,2.3450,11.7000,81.2785,99.400000,89.548506,0.106743,-0.039028,1,1,1,1,1,5,5,5,1.0000,1.0000,0,0.011145,0.00000119,0.011145,3.139596,0.000000
2014-08-26,,2.2500,2.3400,11.6300,81.2785,99.500000,89.638806,0.105401,-0.050246,1,1,1,1,1,5,5,5,1.0000,1.0000,0,0.003409,0.00000159,0.003409,3.150299,0.000000
2014-08-27,,2.2600,2.3400,11.7800,81.5068,99.520000,89.723706,0.106592,-0.043304,1,1,1,1,1,5,5,5,1.0000,1.0000,0,0.000114,0.00000119,0.000114,3.150657,0.000000
2014-08-28,,2.2400,2.3400,12.0500,81.2785,99.410000,89.808706,0.107425,-0.032943,1,1,1,1,1,5,5,5,1.0000,1.0000,0,-0.004077,0.00000159,-0.004077,3.137813,-0.004077
2014-08-29,,2.2300,2.3400,11.9800,81.9635,99.780000,89.894906,0.107817,-0.031037,1,1,1,1,1,5,5,5,1.0000,1.0000,0,0.011711,0.00000119,0.011711,3.174560,0.000000
2014-09-02,,2.2300,2.3400,12.2500,81.5068,100.070000,89.977556,0.106899,-0.031205,1,1,1,1,1,5,5,5,1.0000,1.0000,0,0.008317,0.00000119,0.008317,3.200962,0.000000
2014-09-03,,2.2500,2.3350,12.3600,81.5068,99.480000,90.055956,0.107481,-0.017911,1,1,1,1,1,5,5,5,1.0000,1.0000,0,-0.017165,0.00000119,-0.017165,3.146018,-0.017165
2014-09-04,,2.2400,2.3300,12.6400,81.0934,99.390000,90.133106,0.107587,-0.014433,1,1,1,1,1,5,5,5,1.0000,1.0000,0,-0.003175,0.00000119,-0.003175,3.136029,-0.020286
2014-09-05,,2.2500,2.3300,12.0900,82.4601,99.890000,90.216856,0.108448,0.003119,1,1,1,1,0,4,3,5,1.0000,1.0000,0,0.015472,0.00000119,0.015472,3.184549,-0.005127
2014-09-08,,2.2900,2.3250,12.6600,81.0934,100.080000,90.302756,0.108081,-0.010883,1,1,1,1,1,5,5,4,1.0000,1.0000,0,0.005041,0.00000119,0.005041,3.200604,-0.000112
2014-09-09,,2.2600,2.3200,13.5000,78.3599,99.250000,90.385506,0.107516,-0.019449,1,1,1,1,1,5,5,5,1.0000,1.0000,0,-0.024300,0.00000079,-0.024300,3.122829,-0.024409
2014-09-10,,2.2500,2.3200,12.8800,80.6378,100.070000,90.468156,0.106638,-0.033718,1,1,1,1,1,5,5,5,1.0000,1.0000,0,0.023192,0.00000079,0.023192,3.195253,-0.001784
2014-09-11,,2.2600,2.3200,12.8000,79.2711,99.990000,90.548156,0.107414,-0.022232,1,1,1,1,1,5,5,5,1.0000,1.0000,0,-0.000781,0.00000079,-0.000781,3.192756,-0.002564
2014-09-12,,2.2500,2.3200,13.3100,74.9431,99.480000,90.624606,0.106112,-0.048706,1,1,1,1,1,5,5,5,1.0000,1.0000,0,-0.015756,0.00000079,-0.015756,3.142451,-0.018279
2014-09-15,,2.2700,2.3200,14.1200,73.1207,98.520000,90.694056,0.106518,-0.051722,1,1,1,1,1,5,5,5,1.0000,1.0000,0,-0.030086,0.00000079,-0.030086,3.047907,-0.047815
2014-09-16,,2.2800,2.3200,12.7300,76.5376,99.380000,90.764856,0.107068,-0.035593,1,1,1,1,1,5,5,5,1.0000,1.0000,0,0.027040,0.00000079,0.027040,3.130321,-0.022069
2014-09-17,,2.3000,2.3150,12.6500,76.5376,99.530000,90.833856,0.106725,-0.035712,1,1,1,1,1,5,5,5,1.0000,1.0000,0,0.004901,0.00000079,0.004901,3.145662,-0.017276
2014-09-18,,2.2900,2.3100,12.0300,77.6765,100.280000,90.907856,0.105391,-0.057513,1,1,1,1,1,5,5,5,1.0000,1.0000,0,0.021549,0.00000079,0.021549,3.213448,0.000000
2014-09-19,,2.2800,2.3100,12.1100,76.9932,99.980000,90.980706,0.105979,-0.050714,1,1,1,1,1,5,5,5,1.0000,1.0000,0,-0.002220,0.00000079,-0.002220,3.206314,-0.002220
2014-09-22,,2.2600,2.3100,13.6900,72.2096,99.050000,91.048506,0.106001,-0.053734,1,1,1,1,1,5,5,5,1.0000,1.0000,0,-0.027151,0.00000079,-0.027151,3.119260,-0.029311
2014-09-23,,2.2700,2.3050,14.9300,67.1982,98.780000,91.115506,0.106308,-0.052404,1,1,1,1,1,5,5,5,1.0000,1.0000,0,-0.008692,0.00000040,-0.008692,3.092146,-0.037748
2014-09-24,,2.2600,2.3000,13.2700,70.3872,99.840000,91.184706,0.105106,-0.071811,1,1,1,1,1,5,5,5,1.0000,1.0000,0,0.032422,0.00000040,0.032422,3.192400,-0.006550
2014-09-25,,2.2700,2.3000,15.6400,62.8702,97.740000,91.241656,0.106193,-0.044878,1,1,1,1,1,5,5,5,1.0000,1.0000,0,-0.063478,0.00000079,-0.063478,2.989752,-0.069613
2014-09-26,,2.2700,2.3000,14.8500,67.1982,98.780000,91.304106,0.105508,-0.031556,1,1,1,1,1,5,5,5,1.0000,1.0000,0,0.031981,0.00000040,0.031981,3.085368,-0.039858
2014-09-29,,2.2700,2.2950,15.9800,65.9091,98.650000,91.371456,0.106384,-0.007729,1,1,1,1,1,5,5,5,1.0000,1.0000,0,-0.003354,0.00000040,-0.003354,3.075021,-0.043077
2014-09-30,,2.2700,2.2900,16.3100,64.5455,98.790000,91.440606,0.106817,-0.011805,1,1,1,1,1,5,5,5,1.0000,1.0000,0,0.003713,0.00000079,0.003713,3.086438,-0.039524
2014-10-01,,2.2900,2.2900,16.7100,59.3182,97.210000,91.502406,0.108901,-0.005721,1,1,1,1,1,5,5,5,1.0000,1.0000,0,-0.047856,0.00000079,-0.047856,2.938734,-0.085489
2014-10-02,,2.3100,2.2900,16.1600,59.3182,97.210000,91.561856,0.108730,-0.000096,0,1,1,1,1,4,3,5,1.0000,1.0000,0,-0.000486,0.00000079,-0.000486,2.937306,-0.085933
2014-10-03,,2.3200,2.2900,14.5500,64.5455,98.170000,91.626956,0.108233,-0.015282,0,1,1,1,1,4,3,4,1.0000,1.0000,0,0.030123,0.00000040,0.030123,3.025786,-0.058399
2014-10-06,,2.2900,2.2900,15.4600,62.5000,97.960000,91.686056,0.108360,-0.005143,1,1,1,1,1,5,5,4,1.0000,1.0000,0,-0.006839,0.00000040,-0.006839,3.005094,-0.064838
2014-10-07,,2.3000,2.2900,17.2000,54.7727,96.570000,91.739406,0.109904,0.025270,0,1,1,1,0,3,1,5,1.0000,1.0000,0,-0.042265,0.00000079,-0.042265,2.878083,-0.104363
2014-10-08,,2.3000,2.2900,15.1100,62.5000,98.450000,91.799156,0.110456,0.023668,0,1,1,1,0,3,1,3,0.0000,0.0000,1,0.057766,0.00000079,0.001783,2.883214,-0.102766
2014-10-09,,2.3200,2.2900,18.7600,55.4545,96.860000,91.846406,0.110849,0.027072,0,1,1,1,0,3,1,3,0.0000,0.0000,0,-0.049806,0.00000040,0.000000,2.883215,-0.102766
2014-10-10,,2.3400,2.2900,21.2400,45.9091,94.440000,91.881356,0.112654,0.041070,0,0,0,1,0,1,-3,3,0.0000,0.0000,0,-0.074865,0.00000040,0.000000,2.883216,-0.102766
2014-10-13,,2.3600,2.2900,24.6400,39.0909,92.960000,91.907456,0.114428,0.055606,0,0,0,1,0,1,-3,1,0.0000,0.0000,0,-0.046794,0.00000040,0.000000,2.883217,-0.102765
2014-10-14,,2.3600,2.2900,22.7900,39.0909,92.970000,91.934706,0.115290,0.062433,0,0,0,1,0,1,-3,1,0.0000,0.0000,0,0.001819,0.00000040,0.000000,2.883218,-0.102765
2014-10-15,,2.3900,2.2900,26.2500,37.0455,92.370000,91.959606,0.114547,0.061731,0,0,0,1,0,1,-3,1,0.0000,0.0000,0,-0.021360,0.00000079,0.000001,2.883220,-0.102764
2014-10-16,,2.4400,2.2900,25.2000,38.4091,91.790000,91.978756,0.114753,0.064618,0,0,0,0,0,0,-5,1,0.0000,0.0000,0,-0.015550,0.00000079,0.000001,2.883223,-0.102764
2014-10-17,,2.4700,2.2900,21.9900,44.0909,93.000000,92.007406,0.114077,0.056388,0,0,0,1,0,1,-3,0,0.0000,0.0000,0,0.039125,0.00000119,0.000001,2.883226,-0.102762
2014-10-20,,2.4400,2.2900,18.5700,48.8636,94.390000,92.046156,0.114556,0.064861,0,1,0,1,0,2,-1,1,0.0000,0.0000,0,0.043090,0.00000079,0.000001,2.883228,-0.102762
2014-10-21,,2.4500,2.2900,16.0800,60.6818,96.870000,92.098906,0.112717,0.035590,0,1,1,1,0,3,1,2,0.0000,0.0000,0,0.078209,0.00000079,0.000001,2.883231,-0.102761
2014-10-22,,2.4300,2.2900,17.8700,55.4545,96.370000,92.145156,0.114225,0.054236,0,1,1,1,0,3,1,3,0.0000,0.0000,0,-0.015499,0.00000079,0.000001,2.883233,-0.102760
2014-10-23,,2.4200,2.2900,16.5300,62.5000,97.820000,92.197706,0.113118,0.062662,0,1,1,1,0,3,1,3,0.0000,0.0000,0,0.045718,0.00000079,0.000001,2.883235,-0.102760
2014-10-24,,2.4200,2.2900,16.1100,65.2273,98.620000,92.255706,0.113348,0.062218,0,1,1,1,0,3,1,3,0.0000,0.0000,0,0.023003,0.00000040,0.000000,2.883236,-0.102759
2014-10-27,,2.4300,2.2900,16.0400,66.3636,98.690000,92.312656,0.113249,0.053916,0,1,1,1,0,3,1,3,0.0000,0.0000,0,0.003768,0.00000040,0.000000,2.883238,-0.102759
2014-10-28,,2.4400,2.2900,14.3900,71.5909,100.180000,92.383506,0.112746,0.063006,0,1,1,1,0,3,1,3,0.0000,0.0000,0,0.044687,0.00000079,0.000001,2.883240,-0.102758
2014-10-29,,2.4300,2.2900,15.1500,69.7727,99.810000,92.444306,0.112261,0.061374,0,1,1,1,0,3,1,3,0.0000,0.0000,0,-0.012013,0.00000079,0.000001,2.883242,-0.102757
2014-10-30,,2.3600,2.2900,14.5200,72.9545,100.020000,92.502556,0.114003,0.093631,0,1,1,1,0,3,1,3,0.0000,0.0000,0,0.006250,0.00000119,0.000001,2.883246,-0.102756
2014-10-31,,2.3900,2.2900,14.0300,78.1818,101.400000,92.567656,0.112739,0.063478,0,1,1,1,0,3,1,3,0.0000,0.0000,0,0.041219,0.00000040,0.000000,2.883247,-0.102756
2014-11-03,,2.3900,2.2900,14.7300,77.9545,101.700000,92.636756,0.113421,0.060346,0,1,1,1,0,3,1,3,0.0000,0.0000,0,0.010304,0.00000040,0.000000,2.883248,-0.102756
2014-11-04,,2.3900,2.2900,14.8900,77.2727,101.360000,92.700806,0.113219,0.065149,0,1,1,1,0,3,1,3,0.0000,0.0000,0,-0.010628,0.00000079,0.000001,2.883250,-0.102755
2014-11-05,,2.3900,2.2900,14.1700,78.4091,101.370000,92.763756,0.115054,0.082931,0,1,1,1,0,3,1,3,0.0000,0.0000,0,-0.000108,0.00000119,0.000001,2.883254,-0.102754
2014-11-06,,2.3900,2.2900,13.6700,79.5455,101.690000,92.829806,0.112651,0.061572,0,1,1,1,0,3,1,3,0.0000,0.0000,0,0.008573,0.00000119,0.000001,2.883257,-0.102753
2014-11-07,,2.4000,2.2900,13.1200,79.3182,101.600000,92.904106,0.113726,0.067474,0,1,1,1,0,3,1,3,0.0000,0.0000,0,-0.002475,0.00000119,0.000001,2.883261,-0.102752
2014-11-10,,2.4300,2.2900,12.6700,80.2273,101.960000,92.984406,0.113933,0.065255,0,1,1,1,0,3,1,3,0.0000,0.0000,0,0.010247,0.00000119,0.000001,2.883264,-0.102751
2014-11-11,,2.4100,2.2900,12.9200,80.2273,102.280000,93.066556,0.113408,0.071776,0,1,1,1,0,3,1,3,0.0000,0.0000,0,0.009503,0.00000079,0.000001,2.883266,-0.102750
2014-11-12,,2.4100,2.2900,13.0200,80.0000,102.460000,93.154206,0.111541,0.045290,0,1,1,1,0,3,1,3,0.0000,0.0000,0,0.005500,0.00000079,0.000001,2.883269,-0.102749
2014-11-13,,2.4300,2.2900,13.7900,78.4091,102.900000,93.236206,0.110510,0.035889,0,1,1,1,0,3,1,3,0.0000,0.0000,0,0.012833,0.00000079,0.000001,2.883271,-0.102749
2014-11-14,,2.4700,2.2900,13.3100,79.0909,103.220000,93.320956,0.110018,0.031666,0,1,1,1,0,3,1,3,0.0000,0.0000,0,0.009243,0.00000079,0.000001,2.883273,-0.102748
2014-11-17,,2.4800,2.2900,13.9900,78.4091,102.910000,93.414056,0.111391,0.046551,0,1,1,1,0,3,1,3,0.0000,0.0000,0,-0.009364,0.00000079,0.000001,2.883275,-0.102747
2014-11-18,,2.4900,2.2900,13.8600,80.2273,103.680000,93.507906,0.111068,0.041597,0,1,1,1,0,3,1,3,0.0000,0.0000,0,0.022437,0.00000119,0.000001,2.883279,-0.102746
2014-11-19,,2.5200,2.2900,13.9600,79.5455,103.210000,93.600506,0.111149,0.055865,0,1,1,1,0,3,1,3,0.0000,0.0000,0,-0.012700,0.00000079,0.000001,2.883281,-0.102745
2014-11-20,,2.5100,2.2900,13.5800,80.4545,103.670000,93.690006,0.110711,0.039675,0,1,1,1,0,3,1,3,0.0000,0.0000,0,0.013274,0.00000040,0.000000,2.883282,-0.102745
2014-11-21,,2.5200,2.2900,12.9000,81.8182,103.870000,93.772856,0.110557,0.030114,0,1,1,1,0,3,1,3,0.0000,0.0000,0,0.007210,0.00000079,0.000001,2.883285,-0.102744
2014-11-24,,2.4900,2.2900,12.6200,82.5000,104.680000,93.857256,0.109331,0.014501,0,1,1,1,0,3,1,3,0.0000,0.0000,0,0.022585,0.00000040,0.000000,2.883286,-0.102744
2014-11-25,,2.5000,2.2900,12.2500,83.6364,104.840000,93.937456,0.109410,0.024255,0,1,1,1,0,3,1,3,0.0000,0.0000,0,0.003254,0.00000079,0.000001,2.883288,-0.102743
2014-11-26,,2.4600,2.2900,12.0700,82.9545,105.520000,94.020206,0.109613,0.020538,0,1,1,1,0,3,1,3,0.0000,0.0000,0,0.020442,0.00000079,0.000001,2.883290,-0.102743
2014-11-28,,2.4700,2.2900,13.3300,81.5909,106.010000,94.102106,0.111004,0.032868,0,1,1,1,0,3,1,3,0.0000,0.0000,0,0.014928,0.00000079,0.000001,2.883293,-0.102742
2014-12-01,,2.5200,2.2900,14.2900,80.2273,104.810000,94.177106,0.111999,0.033504,0,1,1,1,0,3,1,3,0.0000,0.0000,0,-0.036914,0.00000079,0.000001,2.883295,-0.102741
2014-12-02,,2.5400,2.2900,12.8500,81.1364,105.230000,94.252006,0.112031,0.037731,0,1,1,1,0,3,1,3,0.0000,0.0000,0,0.010740,0.00000119,0.000001,2.883298,-0.102740
2014-12-03,,2.5400,2.2900,12.4700,81.8182,105.420000,94.330956,0.111285,0.036565,0,1,1,1,0,3,1,3,0.0000,0.0000,0,0.009066,0.00000119,0.000001,2.883302,-0.102739
2014-12-04,,2.5200,2.2900,12.3800,81.5909,105.370000,94.407556,0.111312,0.045494,0,1,1,1,0,3,1,3,0.0000,0.0000,0,-0.002995,0.00000040,0.000000,2.883303,-0.102739
2014-12-05,,2.5300,2.2900,11.8200,82.2727,105.380000,94.484806,0.110264,0.027558,0,1,1,1,0,3,1,3,0.0000,0.0000,0,0.000678,0.00000079,0.000001,2.883305,-0.102738
2014-12-08,,2.4800,2.2900,14.2100,81.8182,104.630000,94.555906,0.111902,0.056615,0,1,1,1,0,3,1,3,0.0000,0.0000,0,-0.021594,0.00000079,0.000001,2.883307,-0.102737
2014-12-09,,2.4800,2.2900,14.8900,82.2727,104.960000,94.629156,0.112535,0.058612,0,1,1,1,0,3,1,3,0.0000,0.0000,0,0.009699,0.00000119,0.000001,2.883311,-0.102736
2014-12-10,,2.5100,2.2900,18.5300,76.1364,103.310000,94.694556,0.112940,0.055581,0,1,1,1,0,3,1,3,0.0000,0.0000,0,-0.048422,0.00000159,0.000002,2.883315,-0.102735
2014-12-11,,2.5300,2.2900,20.0800,77.7273,103.800000,94.761356,0.113497,0.064545,0,0,1,1,0,2,-1,3,0.0000,0.0000,0,0.015657,0.00000119,0.000001,2.883319,-0.102734
2014-12-12,,2.5300,2.2900,21.0800,73.6364,102.670000,94.823006,0.114267,0.083828,0,0,1,1,0,2,-1,2,0.0000,0.0000,0,-0.033114,0.00000119,0.000001,2.883322,-0.102733
2014-12-15,,2.5800,2.2900,20.4200,72.7273,101.610000,94.882706,0.114079,0.075981,0,0,1,1,0,2,-1,2,0.0000,0.0000,0,-0.029947,0.00000079,0.000001,2.883325,-0.102732
2014-12-16,,2.5600,2.2900,23.5700,70.4545,99.980000,94.928556,0.114901,0.083441,0,0,1,1,0,2,-1,2,0.0000,0.0000,0,-0.049632,0.00000159,0.000002,2.883329,-0.102730
2014-12-17,,2.6000,2.2900,19.4400,74.7727,101.800000,94.982256,0.114698,0.080435,0,1,1,1,0,3,1,2,0.0000,0.0000,0,0.053703,0.00000119,0.000001,2.883333,-0.102729
2014-12-18,,2.6000,2.2900,16.8100,79.3182,104.250000,95.048606,0.114131,0.088969,0,1,1,1,0,3,1,3,0.0000,0.0000,0,0.073318,0.00000119,0.000001,2.883336,-0.102728
2014-12-19,,2.5600,2.2900,16.4900,81.1364,104.320000,95.117556,0.113451,0.071892,0,1,1,1,0,3,1,3,0.0000,0.0000,0,0.011167,0.00000159,0.000002,2.883341,-0.102727
2014-12-22,,2.5600,2.2900,15.2500,81.8182,104.580000,95.187406,0.113221,0.076642,0,1,1,1,0,3,1,3,0.0000,0.0000,0,0.009054,0.00000159,0.000002,2.883345,-0.102725
2014-12-23,,2.5300,2.2900,14.8000,82.5000,104.210000,95.257356,0.113357,0.068942,0,1,1,1,0,3,1,3,0.0000,0.0000,0,-0.009565,0.00000198,0.000002,2.883351,-0.102724
2014-12-24,,2.5300,2.2900,14.3700,82.2727,104.300000,95.326056,0.115440,0.085138,0,1,1,1,0,3,1,3,0.0000,0.0000,0,0.002091,0.00000119,0.000001,2.883354,-0.102723
2014-12-26,,2.5000,2.2900,14.5000,83.1818,105.040000,95.404856,0.116460,0.074443,0,1,1,1,0,3,1,3,0.0000,0.0000,0,0.020266,0.00000040,0.000000,2.883355,-0.102722
2014-12-29,,2.5000,2.2900,15.0600,83.8636,105.020000,95.486606,0.117646,0.088044,0,1,1,1,0,3,1,3,0.0000,0.0000,0,0.000195,0.00000040,0.000000,2.883357,-0.102722
2014-12-30,,2.4900,2.2900,15.9200,82.9545,104.320000,95.560956,0.115824,0.074084,0,1,1,1,0,3,1,3,0.0000,0.0000,0,-0.020639,0.00000119,0.000001,2.883360,-0.102721
2014-12-31,,2.4900,2.2900,19.2000,81.8182,103.250000,95.624556,0.114868,0.062890,0,1,1,1,0,3,1,3,0.0000,0.0000,0,-0.031312,0.00000119,0.000001,2.883363,-0.102720
2015-01-02,,2.5100,2.2900,17.7900,81.5909,102.940000,95.689056,0.115465,0.053789,0,1,1,1,0,3,1,3,0.0000,0.0000,0,-0.008209,0.00000159,0.000002,2.883368,-0.102718
2015-01-05,,2.5100,2.2900,19.9200,75.6818,101.430000,95.744756,0.116151,0.052895,0,1,1,1,0,3,1,3,0.0000,0.0000,0,-0.045008,0.00000079,0.000001,2.883370,-0.102718
2015-01-06,,2.5200,2.2900,21.1200,73.4091,100.070000,95.800106,0.117331,0.060622,0,0,1,1,0,2,-1,3,0.0000,0.0000,0,-0.039653,0.00000119,0.000001,2.883374,-0.102717
2015-01-07,,2.5200,2.2900,19.3100,74.5455,101.360000,95.865806,0.117023,0.041186,0,1,1,1,0,3,1,2,0.0000,0.0000,0,0.038470,0.00000119,0.000001,2.883377,-0.102715
2015-01-08,,2.5300,2.2900,17.0100,78.4091,103.300000,95.939756,0.115784,0.013020,0,1,1,1,0,3,1,3,0.0000,0.0000,0,0.057034,0.00000119,0.000001,2.883381,-0.102714
2015-01-09,,2.5400,2.2900,17.5500,75.9637,102.620000,96.016006,0.115985,0.006559,0,1,1,1,0,3,1,3,0.0000,0.0000,0,-0.020246,0.00000119,0.000001,2.883384,-0.102713
2015-01-12,,2.5500,2.2900,19.6000,74.6032,101.550000,96.089361,0.116630,0.019763,0,1,1,1,0,3,1,3,0.0000,0.0000,0,-0.030736,0.00000079,0.000001,2.883386,-0.102713
2015-01-13,,2.5500,2.2900,20.5600,73.2426,101.520000,96.161711,0.117280,0.023895,0,0,1,1,0,2,-1,3,0.0000,0.0000,0,-0.000866,0.00000119,0.000001,2.883390,-0.102712
2015-01-14,,2.5500,2.2900,21.4800,71.2018,100.960000,96.228161,0.119013,0.046121,0,0,1,1,0,2,-1,2,0.0000,0.0000,0,-0.015381,0.00000119,0.000001,2.883393,-0.102710
2015-01-15,,2.5800,2.2900,22.3900,68.0272,99.650000,96.280361,0.121068,0.059453,0,0,1,1,0,2,-1,2,0.0000,0.0000,0,-0.039714,0.00000159,0.000002,2.883398,-0.102709
2015-01-16,,2.6500,2.2900,20.9500,70.5215,100.820000,96.337261,0.120567,0.072359,0,0,1,1,0,2,-1,2,0.0000,0.0000,0,0.035628,0.00000119,0.000001,2.883401,-0.102708
2015-01-20,,2.6200,2.2900,19.8900,70.5215,101.620000,96.401711,0.120611,0.058623,0,1,1,1,0,3,1,2,0.0000,0.0000,0,0.022124,0.00000119,0.000001,2.883405,-0.102707
2015-01-21,,2.6100,2.2900,18.8500,72.3356,102.140000,96.480561,0.121159,0.074063,0,1,1,1,0,3,1,3,0.0000,0.0000,0,0.015314,0.00000119,0.000001,2.883408,-0.102706
2015-01-22,,2.5900,2.2900,16.4000,75.5102,104.030000,96.572961,0.118874,0.051153,0,1,1,1,0,3,1,3,0.0000,0.0000,0,0.055695,0.00000119,0.000001,2.883412,-0.102705
2015-01-23,,2.5900,2.2900,16.6600,74.8299,104.260000,96.662561,0.119871,0.061097,0,1,1,1,0,3,1,3,0.0000,0.0000,0,0.006664,0.00000119,0.000001,2.883415,-0.102704
2015-01-26,,2.6000,2.2900,15.5200,75.0567,104.140000,96.744161,0.119518,0.062193,0,1,1,1,0,3,1,3,0.0000,0.0000,0,-0.002206,0.00000079,0.000001,2.883417,-0.102703
2015-01-27,,2.5800,2.2900,17.2200,72.1088,101.440000,96.825861,0.121288,0.082295,0,1,1,1,0,3,1,3,0.0000,0.0000,0,-0.077403,0.00000119,0.000001,2.883421,-0.102702
2015-01-28,,2.5900,2.2900,20.4400,68.7075,100.920000,96.909911,0.121815,0.068779,0,0,1,1,0,2,-1,3,0.0000,0.0000,0,-0.017215,0.00000079,0.000001,2.883423,-0.102701
2015-01-29,,2.5900,2.2900,18.7600,70.7483,101.890000,96.995511,0.122308,0.085013,0,1,1,1,0,3,1,2,0.0000,0.0000,0,0.028936,0.00000079,0.000001,2.883425,-0.102701
2015-01-30,,2.5800,2.2900,20.9700,67.5737,101.100000,97.075760,0.121133,0.067212,0,0,1,1,0,2,-1,3,0.0000,0.0000,0,-0.022950,0.00000119,0.000001,2.883429,-0.102699
2015-02-02,,2.6100,2.2900,19.4300,70.5215,101.980000,97.154760,0.120171,0.061663,0,1,1,1,0,3,1,2,0.0000,0.0000,0,0.026246,0.00000079,0.000001,2.883431,-0.102699
2015-02-03,,2.6100,2.2900,17.3300,73.9229,102.960000,97.238560,0.118898,0.033822,0,1,1,1,0,3,1,3,0.0000,0.0000,0,0.027294,0.00000079,0.000001,2.883433,-0.102698
2015-02-04,,2.6100,2.2900,18.3300,73.2426,102.870000,97.318710,0.117906,0.046864,0,1,1,1,0,3,1,3,0.0000,0.0000,0,-0.002615,0.00000079,0.000001,2.883436,-0.102697
2015-02-05,,2.6000,2.2900,16.8500,75.2834,103.760000,97.399860,0.117795,0.036274,0,1,1,1,0,3,1,3,0.0000,0.0000,0,0.026534,0.00000040,0.000000,2.883437,-0.102697
2015-02-06,,2.6000,2.2900,17.2900,76.4172,103.130000,97.481710,0.113257,-0.005976,0,1,1,1,1,4,3,3,0.0000,0.0000,0,-0.018186,0.00000079,0.000001,2.883439,-0.102696
2015-02-09,,2.5500,2.2900,18.5500,76.1905,102.800000,97.557760,0.112765,-0.005683,0,1,1,1,1,4,3,4,1.0000,1.0000,1,-0.011030,0.00000079,0.000748,2.885597,-0.102025
2015-02-10,,2.5300,2.2900,17.2300,78.0045,104.400000,97.648810,0.113873,0.021192,0,1,1,1,0,3,1,4,1.0000,1.0000,0,0.047875,0.00000040,0.047875,3.023744,-0.059034
2015-02-11,,2.5300,2.2900,16.9600,78.9116,104.780000,97.740360,0.111342,0.007631,0,1,1,1,0,3,1,3,0.0000,0.0000,1,0.011246,0.00000040,0.003414,3.034068,-0.055822
2015-02-12,,2.5300,2.2900,15.3400,81.1791,106.000000,97.834560,0.109779,-0.002220,0,1,1,1,1,4,3,3,0.0000,0.0000,0,0.034952,0.00000040,0.000000,3.034069,-0.055821
2015-02-13,,2.5400,2.2900,14.6900,81.4059,106.910000,97.932160,0.107660,-0.034378,0,1,1,1,1,4,3,4,1.0000,1.0000,1,0.025233,0.00000079,0.016930,3.085437,-0.039836
2015-02-17,,2.5500,2.2900,15.8000,81.6742,107.010000,98.028960,0.107396,-0.033792,0,1,1,1,1,4,3,4,1.0000,1.0000,0,0.002714,0.00000040,0.002714,3.093811,-0.037230
2015-02-18,,2.5300,2.2900,15.4500,81.4480,107.160000,98.127310,0.109932,-0.011212,0,1,1,1,1,4,3,4,1.0000,1.0000,0,0.004293,0.00000079,0.004293,3.107092,-0.033097
2015-02-19,,2.5300,2.2900,15.2900,81.4480,107.690000,98.226010,0.108772,-0.017888,0,1,1,1,1,4,3,4,1.0000,1.0000,0,0.015054,0.00000079,0.015054,3.153868,-0.018541
2015-02-20,,2.5300,2.2900,14.3000,82.3529,108.410000,98.334010,0.108148,-0.022277,0,1,1,1,1,4,3,4,1.0000,1.0000,0,0.019225,0.00000079,0.019225,3.214502,0.000000
2015-02-23,,2.5000,2.2900,14.5600,81.6742,108.520000,98.443810,0.108897,-0.004049,0,1,1,1,1,4,3,4,1.0000,1.0000,0,0.003952,0.00000079,0.003952,3.227207,0.000000
2015-02-24,,2.4800,2.2900,13.6900,82.1267,108.600000,98.554410,0.109390,-0.000187,0,1,1,1,1,4,3,4,1.0000,1.0000,0,0.002058,0.00000079,0.002058,3.233847,0.000000
2015-02-25,,2.4900,2.2900,13.8400,82.1267,108.330000,98.662060,0.107688,-0.017898,0,1,1,1,1,4,3,4,1.0000,1.0000,0,-0.008036,0.00000079,-0.008036,3.207861,-0.008036
2015-02-26,,2.4900,2.2900,13.9100,81.9005,108.880000,98.765310,0.107106,-0.035826,0,1,1,1,1,4,3,4,1.0000,1.0000,0,0.015212,0.00000079,0.015212,3.256658,0.000000
2015-02-27,,2.4400,2.2900,13.3400,80.0905,108.400000,98.865860,0.107353,-0.042473,0,1,1,1,1,4,3,4,1.0000,1.0000,0,-0.013211,0.00000119,-0.013211,3.213636,-0.013211
2015-03-02,,2.4600,2.2900,13.0400,80.7692,109.380000,98.973610,0.104628,-0.067651,0,1,1,1,1,4,3,4,1.0000,1.0000,0,0.026954,0.00000079,0.026954,3.300257,0.000000
2015-03-03,,2.4800,2.2900,13.8600,81.4480,108.870000,99.082285,0.105698,-0.050981,0,1,1,1,1,4,3,4,1.0000,1.0000,0,-0.014348,0.00000079,-0.014348,3.252904,-0.014348
2015-03-04,,2.4600,2.2900,14.2300,78.5068,108.450000,99.185985,0.105551,-0.052394,0,1,1,1,1,4,3,4,1.0000,1.0000,0,-0.011095,0.00000079,-0.011095,3.216813,-0.025284
2015-03-05,,2.4600,2.2900,14.0400,78.7330,108.640000,99.287585,0.106267,-0.036680,0,1,1,1,1,4,3,4,1.0000,1.0000,0,0.004398,0.00000040,0.004398,3.230960,-0.020997
2015-03-06,,2.4700,2.2900,15.2000,73.3032,107.410000,99.384635,0.104554,-0.065943,0,1,1,1,1,4,3,4,1.0000,1.0000,0,-0.034406,0.00000079,-0.034406,3.119797,-0.054681
2015-03-09,,2.4500,2.2900,15.0600,73.3032,107.720000,99.479035,0.104315,-0.073712,0,1,1,1,1,4,3,4,1.0000,1.0000,0,0.009625,0.00000040,0.009625,3.149825,-0.045582
2015-03-10,,2.4600,2.2900,16.6900,69.4570,105.720000,99.561485,0.105840,-0.063436,0,1,1,1,1,4,3,4,1.0000,1.0000,0,-0.055367,0.00000079,-0.055367,2.975429,-0.098425
2015-03-11,,2.4500,2.2900,16.8700,69.0045,105.110000,99.637635,0.105403,-0.071421,0,1,1,1,1,4,3,4,1.0000,1.0000,0,-0.017564,0.00000079,-0.017564,2.923168,-0.114261
2015-03-12,,2.4500,2.2900,15.4200,74.8869,105.800000,99.711630,0.106060,-0.074040,0,1,1,1,1,4,3,4,1.0000,1.0000,0,0.019162,0.00000119,0.019162,2.979182,-0.097288
2015-03-13,,2.4600,2.2900,16.0000,72.3982,105.340000,99.784730,0.105623,-0.076479,0,1,1,1,1,4,3,4,1.0000,1.0000,0,-0.012890,0.00000119,-0.012890,2.940780,-0.108924
2015-03-16,,2.4700,2.2900,15.6100,75.1131,106.700000,99.861730,0.106026,-0.081398,0,1,1,1,1,4,3,4,1.0000,1.0000,0,0.038292,0.00000119,0.038292,3.053387,-0.074803
2015-03-17,,2.4800,2.2900,15.6600,73.9819,106.870000,99.939530,0.106174,-0.076591,0,1,1,1,1,4,3,4,1.0000,1.0000,0,0.005579,0.00000198,0.005579,3.070423,-0.069641
2015-03-18,,2.4900,2.2900,13.9700,78.5068,107.920000,100.023030,0.107740,-0.056992,0,1,1,1,1,4,3,4,1.0000,1.0000,0,0.028776,0.00000198,0.028776,3.158777,-0.042870
2015-03-19,,2.5500,2.2900,14.0700,76.4706,108.080000,100.107530,0.107232,-0.055616,0,1,1,1,1,4,3,4,1.0000,1.0000,0,0.004844,0.00000119,0.004844,3.174079,-0.038233
2015-03-20,,2.5000,2.2900,13.0200,79.4118,108.530000,100.192580,0.106887,-0.056742,0,1,1,1,1,4,3,4,1.0000,1.0000,0,0.020740,0.00000119,0.020740,3.239911,-0.018285
2015-03-23,,2.5100,2.2900,13.4100,78.7810,108.320000,100.272730,0.107167,-0.055204,0,1,1,1,1,4,3,4,1.0000,1.0000,0,-0.008377,0.00000040,-0.008377,3.212770,-0.026509
2015-03-24,,2.5400,2.2900,13.6200,77.4266,107.930000,100.348280,0.106575,-0.077182,0,1,1,1,1,4,3,4,1.0000,1.0000,0,-0.010156,0.00000119,-0.010156,3.180142,-0.036396
2015-03-25,,2.5300,2.2900,15.4400,71.3318,105.460000,100.411830,0.106896,-0.081066,0,1,1,1,1,4,3,4,1.0000,1.0000,0,-0.069820,0.00000079,-0.069820,2.958104,-0.103675
2015-03-26,,2.5300,2.2900,15.8000,69.9774,105.100000,100.472780,0.106250,-0.095261,0,1,1,1,1,4,3,4,1.0000,1.0000,0,-0.008199,0.00000159,-0.008199,2.933850,-0.111024
2015-03-27,,2.5500,2.2950,15.0700,70.2032,105.520000,100.537630,0.106639,-0.078585,0,1,1,1,1,4,3,4,1.0000,1.0000,0,0.009645,0.00000119,0.009645,2.962147,-0.102450
2015-03-30,,2.5300,2.3000,14.5100,74.2664,106.730000,100.611030,0.106651,-0.072482,0,1,1,1,1,4,3,4,1.0000,1.0000,0,0.035968,0.00000159,0.035968,3.068691,-0.070166
2015-03-31,,2.5500,2.3000,15.2900,71.5576,105.600000,100.677430,0.107615,-0.068316,0,1,1,1,1,4,3,4,1.0000,1.0000,0,-0.030956,0.00000159,-0.030956,2.973696,-0.098950
2015-04-01,,2.5500,2.3000,15.1100,70.6546,105.050000,100.740680,0.108094,-0.070733,0,1,1,1,1,4,3,4,1.0000,1.0000,0,-0.016895,0.00000119,-0.016895,2.923456,-0.114173
2015-04-02,,2.5500,2.3050,14.6700,72.0090,105.120000,100.804030,0.107903,-0.083009,0,1,1,1,1,4,3,4,1.0000,1.0000,0,0.001679,0.00000119,0.001679,2.928365,-0.112686
2015-04-06,,2.5500,2.3100,14.7400,74.2664,105.980000,100.869080,0.108671,-0.073325,0,1,1,1,1,4,3,4,1.0000,1.0000,0,0.024058,0.00000079,0.024058,2.998816,-0.091339
2015-04-07,,2.5800,2.3100,14.7800,72.6862,105.800000,100.933530,0.107705,-0.070251,0,1,1,1,1,4,3,4,1.0000,1.0000,0,-0.004622,0.00000119,-0.004622,2.984957,-0.095538
2015-04-08,,2.5600,2.3150,13.9800,72.6862,106.640000,101.002880,0.107032,-0.078600,0,1,1,1,1,4,3,4,1.0000,1.0000,0,0.023796,0.00000079,0.023796,3.055986,-0.074016
2015-04-09,,2.5100,2.3200,13.0900,73.1377,107.310000,101.075480,0.106103,-0.093037,0,1,1,1,1,4,3,4,1.0000,1.0000,0,0.018613,0.00000119,0.018613,3.112868,-0.056780
2015-04-10,,2.5300,2.3250,12.5800,74.4921,107.750000,101.150730,0.106313,-0.097196,0,1,1,1,1,4,3,4,1.0000,1.0000,0,0.011965,0.00000119,0.011965,3.150114,-0.045494
2015-04-13,,2.5300,2.3350,13.9400,72.4605,107.480000,101.221680,0.105744,-0.116063,0,1,1,1,1,4,3,4,1.0000,1.0000,0,-0.007424,0.00000079,-0.007424,3.126727,-0.052581
2015-04-14,,2.5400,2.3500,13.6700,74.7178,107.170000,101.290830,0.106067,-0.130425,0,1,1,1,1,4,3,4,1.0000,1.0000,0,-0.008588,0.00000119,-0.008588,3.099874,-0.060717
2015-04-15,,2.5400,2.3600,12.8400,76.7494,107.840000,101.361280,0.105855,-0.127355,0,1,1,1,1,4,3,4,1.0000,1.0000,0,0.017697,0.00000079,0.017697,3.154734,-0.044094
2015-04-16,,2.5400,2.3600,12.6000,76.0722,107.690000,101.430180,0.105196,-0.133068,0,1,1,1,1,4,3,4,1.0000,1.0000,0,-0.003478,0.00000079,-0.003478,3.143761,-0.047419
2015-04-17,,2.5500,2.3750,13.8900,73.1377,106.010000,101.485530,0.106035,-0.127821,0,1,1,1,1,4,3,4,1.0000,1.0000,0,-0.046748,0.00000079,-0.046748,2.996795,-0.091951
2015-04-20,,2.5300,2.3900,13.3000,76.9752,107.600000,101.548030,0.106648,-0.104726,0,1,1,1,1,4,3,4,1.0000,1.0000,0,0.044705,0.00000040,0.044705,3.130768,-0.051356
2015-04-21,,2.5500,2.3900,13.2500,74.9436,108.060000,101.609830,0.105821,-0.119862,0,1,1,1,1,4,3,4,1.0000,1.0000,0,0.012820,0.00000119,0.012820,3.170904,-0.039195
2015-04-22,,2.5400,2.3900,12.7100,76.0722,108.650000,101.676030,0.105517,-0.120102,0,1,1,1,1,4,3,4,1.0000,1.0000,0,0.016208,0.00000119,0.016208,3.222298,-0.023622
2015-04-23,,2.5300,2.3900,12.4800,76.7494,109.060000,101.750030,0.105844,-0.132625,0,1,1,1,1,4,3,4,1.0000,1.0000,0,0.012007,0.00000119,0.012007,3.260989,-0.011898
2015-04-24,,2.5400,2.3900,12.2900,76.7494,110.540000,101.827930,0.106662,-0.131545,0,1,1,1,1,4,3,4,1.0000,1.0000,0,0.039136,0.00000119,0.039136,3.388610,0.000000
2015-04-27,,2.5600,2.3950,13.1200,75.8465,110.260000,101.905930,0.105826,-0.140613,0,1,1,1,1,4,3,4,1.0000,1.0000,0,-0.006391,0.00000119,-0.006391,3.366955,-0.006391
2015-04-28,,2.5400,2.4050,12.4100,78.1038,110.040000,101.979780,0.106248,-0.130273,0,1,1,1,1,4,3,4,1.0000,1.0000,0,-0.006517,0.00000079,-0.006517,3.345012,-0.012866
2015-04-29,,2.5500,2.4100,13.3900,76.2980,109.350000,102.047330,0.106235,-0.120935,0,1,1,1,1,4,3,4,1.0000,1.0000,0,-0.019077,0.00000079,-0.019077,3.281200,-0.031697
2015-04-30,,2.5800,2.4150,14.5500,68.6230,107.630000,102.107930,0.106064,-0.109851,0,1,1,1,1,4,3,4,1.0000,1.0000,0,-0.046990,0.00000040,-0.046990,3.127015,-0.077198
2015-05-01,,2.6000,2.4200,12.7000,72.4605,109.050000,102.173730,0.105519,-0.108489,0,1,1,1,1,4,3,4,1.0000,1.0000,0,0.040443,0.00000040,0.040443,3.253482,-0.039877
2015-05-04,,2.6100,2.4250,12.8500,74.9436,109.230000,102.246785,0.106000,-0.102658,0,1,1,1,1,4,3,4,1.0000,1.0000,0,0.003550,0.00000040,0.003550,3.265031,-0.036469
2015-05-05,,2.6100,2.4300,14.3100,68.6230,107.450000,102.303435,0.104835,-0.075576,0,1,1,1,1,4,3,4,1.0000,1.0000,0,-0.047400,0.00000079,-0.047400,3.110269,-0.082140
2015-05-06,,2.6200,2.4300,15.1500,67.0429,106.710000,102.356985,0.104691,-0.072786,0,1,1,1,1,4,3,4,1.0000,1.0000,0,-0.021352,0.00000040,-0.021352,3.043859,-0.101738
2015-05-07,,2.6400,2.4300,15.1300,69.7517,107.350000,102.410685,0.104658,-0.081723,0,1,1,1,1,4,3,4,1.0000,1.0000,0,0.017169,0.00000079,0.017169,3.096120,-0.086316
2015-05-08,,2.6400,2.4300,12.8600,72.2348,108.690000,102.468000,0.104031,-0.067153,0,1,1,1,1,4,3,4,1.0000,1.0000,0,0.036650,0.00000040,0.036650,3.209593,-0.052829
2015-05-11,,2.6500,2.4350,13.8500,72.2348,108.270000,102.523750,0.103820,-0.054719,0,1,1,1,1,4,3,4,1.0000,1.0000,0,-0.010975,0.00000040,-0.010975,3.174368,-0.063224
2015-05-12,,2.6600,2.4400,13.8600,71.1061,107.780000,102.578950,0.104010,-0.033940,0,1,1,1,1,4,3,4,1.0000,1.0000,0,-0.012916,0.00000079,-0.012916,3.133367,-0.075324
2015-05-13,,2.6500,2.4400,13.7600,71.5576,108.000000,102.635100,0.102966,-0.041229,0,1,1,1,1,4,3,4,1.0000,1.0000,0,0.005160,0.00000119,0.005160,3.149537,-0.070552
2015-05-14,,2.7100,2.4400,12.7400,74.7178,109.580000,102.700000,0.103082,-0.062929,0,1,1,1,1,4,3,4,1.0000,1.0000,0,0.044279,0.00000079,0.044279,3.288996,-0.029397
2015-05-15,,2.7400,2.4450,12.3800,75.0000,109.580000,102.763000,0.104312,-0.041488,0,1,1,1,1,4,3,4,1.0000,1.0000,0,-0.000088,0.00000040,-0.000088,3.288708,-0.029482
2015-05-18,,2.7200,2.4500,12.7300,76.3514,110.060000,102.838200,0.104388,-0.035074,0,1,1,1,1,4,3,4,1.0000,1.0000,0,0.012291,0.00000079,0.012291,3.329130,-0.017553
2015-05-19,,2.7300,2.4500,12.8500,76.1261,109.940000,102.914550,0.104657,-0.039274,0,1,1,1,1,4,3,4,1.0000,1.0000,0,-0.002862,0.00000079,-0.002862,3.319602,-0.020365
2015-05-20,,2.7100,2.4500,12.8800,75.2252,110.010000,102.988000,0.104895,-0.041305,0,1,1,1,1,4,3,4,1.0000,1.0000,0,0.001653,0.00000079,0.001653,3.325089,-0.018746
2015-05-21,,2.7300,2.4550,12.1100,75.9009,110.580000,103.067950,0.104543,-0.029459,0,1,1,1,1,4,3,4,1.0000,1.0000,0,0.015717,0.00000079,0.015717,3.377350,-0.003323
2015-05-22,,2.7500,2.4600,12.1300,74.3243,110.470000,103.147700,0.104629,-0.023297,0,1,1,1,1,4,3,4,1.0000,1.0000,0,-0.002736,0.00000079,-0.002736,3.368110,-0.006050
2015-05-26,,2.7400,2.4600,14.0600,70.2703,109.200000,103.222600,0.105102,-0.020973,0,1,1,1,1,4,3,4,1.0000,1.0000,0,-0.034633,0.00000079,-0.034633,3.251461,-0.040474
2015-05-27,,2.7300,2.4600,13.2700,72.5225,110.960000,103.302900,0.104537,-0.000870,0,1,1,1,1,4,3,4,1.0000,1.0000,0,0.048130,0.00000079,0.048130,3.407955,0.000000
2015-05-28,,2.7100,2.4600,13.3100,72.2973,110.710000,103.379150,0.104890,-0.007691,0,1,1,1,1,4,3,4,1.0000,1.0000,0,-0.007371,0.00000040,-0.007371,3.382835,-0.007371
2015-05-29,,2.7500,2.4600,13.8400,67.1171,110.050000,103.452300,0.105380,-0.001624,0,1,1,1,1,4,3,4,1.0000,1.0000,0,-0.016900,0.00000040,-0.016900,3.325665,-0.024146
2015-06-01,,2.7200,2.4650,13.9700,68.9189,110.420000,103.522250,0.105308,-0.009075,0,1,1,1,1,4,3,4,1.0000,1.0000,0,0.008769,0.00000040,0.008769,3.354828,-0.015589
2015-06-02,,2.7500,2.4700,14.2400,67.1171,110.070000,103.587950,0.104017,-0.005235,0,1,1,1,1,4,3,4,1.0000,1.0000,0,-0.009123,0.00000079,-0.009123,3.324223,-0.024570
2015-06-03,,2.7500,2.4700,13.6600,67.7928,110.400000,103.652950,0.102208,-0.020536,0,1,1,1,1,4,3,4,1.0000,1.0000,0,0.008772,0.00000040,0.008772,3.353384,-0.016013
2015-06-04,,2.7200,2.4700,14.7100,64.8649,109.560000,103.710000,0.102937,-0.028117,0,1,1,1,1,4,3,4,1.0000,1.0000,0,-0.021784,0.00000079,-0.021784,3.280334,-0.037448
2015-06-05,,2.7200,2.4700,14.2100,63.7387,109.300000,103.763000,0.101826,-0.034817,0,1,1,1,1,4,3,4,1.0000,1.0000,0,-0.007570,0.00000079,-0.007570,3.255502,-0.044734
2015-06-08,,2.6900,2.4750,15.2900,61.9369,108.190000,103.810450,0.101856,-0.039898,0,1,1,1,1,4,3,4,1.0000,1.0000,0,-0.030599,0.00000119,-0.030599,3.155888,-0.073964
2015-06-09,,2.7000,2.4800,14.4700,60.8108,108.010000,103.856000,0.101631,-0.038272,0,1,1,1,1,4,3,4,1.0000,1.0000,0,-0.004941,0.00000079,-0.004941,3.140297,-0.078539
2015-06-10,,2.7300,2.4800,13.2200,65.5405,109.490000,103.908200,0.100924,-0.048668,0,1,1,1,1,4,3,4,1.0000,1.0000,0,0.039629,0.00000079,0.039629,3.264742,-0.042023
2015-06-11,,2.7000,2.4800,12.8500,65.7658,109.650000,103.959450,0.101403,-0.045727,0,1,1,1,1,4,3,4,1.0000,1.0000,0,0.005483,0.00000079,0.005483,3.282644,-0.036770
2015-06-12,,2.7100,2.4800,13.7800,63.9640,108.750000,104.005700,0.101281,-0.059824,0,1,1,1,1,4,3,4,1.0000,1.0000,0,-0.025420,0.00000040,-0.025420,3.199199,-0.061256
2015-06-15,,2.7000,2.4800,15.3900,61.0360,108.210000,104.049150,0.101549,-0.052890,0,1,1,1,1,4,3,4,1.0000,1.0000,0,-0.013809,0.00000079,-0.013809,3.155022,-0.074218
2015-06-16,,2.7300,2.4850,14.8100,62.8378,108.800000,104.096100,0.101474,-0.050596,0,1,1,1,1,4,3,4,1.0000,1.0000,0,0.015283,0.00000079,0.015283,3.203242,-0.060069
2015-06-17,,2.7400,2.4900,14.5000,63.5135,109.100000,104.142700,0.102165,-0.046800,0,1,1,1,1,4,3,4,1.0000,1.0000,0,0.008383,0.00000040,0.008383,3.230094,-0.052190
2015-06-18,,2.7600,2.4900,13.1900,67.3423,110.690000,104.195800,0.102453,-0.039409,0,1,1,1,1,4,3,4,1.0000,1.0000,0,0.042281,0.00000040,0.042281,3.366667,-0.012115
2015-06-19,,2.8200,2.4900,13.9600,65.9910,109.890000,104.247850,0.101489,-0.051822,0,1,1,1,1,4,3,4,1.0000,1.0000,0,-0.015266,0.00000040,-0.015266,3.315271,-0.027196
2015-06-22,,2.8200,2.4900,12.7400,66.8919,110.700000,104.304400,0.100831,-0.052654,0,1,1,1,1,4,3,4,1.0000,1.0000,0,0.024125,0.00000040,0.024125,3.395252,-0.003728
2015-06-23,,2.8100,2.4900,12.1100,67.1171,110.790000,104.358900,0.099392,-0.070047,0,1,1,1,1,4,3,4,1.0000,1.0000,0,0.002466,0.00000040,0.002466,3.403624,-0.001271
2015-06-24,,2.8200,2.4900,13.2600,64.1892,110.220000,104.409600,0.099335,-0.069337,0,1,1,1,1,4,3,4,1.0000,1.0000,0,-0.015354,0.00000040,-0.015354,3.351363,-0.016606
2015-06-25,,2.8100,2.4950,14.0100,61.9369,110.000000,104.463350,0.098971,-0.081662,0,1,1,1,1,4,3,4,1.0000,1.0000,0,-0.006548,0.00000040,-0.006548,3.329420,-0.023045
2015-06-26,,2.8000,2.5000,14.0200,62.1622,109.270000,104.509350,0.099585,-0.080295,0,1,1,1,1,4,3,4,1.0000,1.0000,0,-0.018559,0.00000040,-0.018559,3.267629,-0.041176
2015-06-29,,2.8100,2.5000,18.8500,54.5045,106.690000,104.542850,0.101183,-0.061974,0,1,1,1,1,4,3,4,1.0000,1.0000,0,-0.070690,0.00000040,-0.070690,3.036641,-0.108955
2015-06-30,,2.8400,2.5000,18.2300,54.5045,107.070000,104.580800,0.100704,-0.072607,0,1,1,1,1,4,3,4,1.0000,1.0000,0,0.011410,0.00000079,0.011410,3.071289,-0.098788
2015-07-01,,2.8300,2.5000,16.0900,57.6577,107.920000,104.627800,0.100506,-0.066907,0,1,1,1,1,4,3,4,1.0000,1.0000,0,0.020494,0.00000040,0.020494,3.134233,-0.080319
2015-07-02,,2.8300,2.5050,16.7900,56.9820,107.950000,104.670650,0.101852,-0.048240,0,1,1,1,1,4,3,4,1.0000,1.0000,0,0.003777,0.00000040,0.003777,3.146072,-0.076845
2015-07-06,,2.8600,2.5100,17.0100,56.3063,107.700000,104.711500,0.102554,-0.033101,0,1,1,1,1,4,3,4,1.0000,1.0000,0,-0.008444,0.00000040,-0.008444,3.119508,-0.084640
2015-07-07,,2.8400,2.5100,16.0900,59.6847,107.970000,104.749950,0.104437,-0.017476,0,1,1,1,1,4,3,4,1.0000,1.0000,0,0.005091,0.00000079,0.005091,3.135389,-0.079979
2015-07-08,,2.8400,2.5100,19.6600,51.1261,106.090000,104.780500,0.105657,-0.000805,0,1,1,1,1,4,3,4,1.0000,1.0000,0,-0.050097,0.00000079,-0.050097,2.978315,-0.126070
2015-07-09,,2.8700,2.5100,19.9700,53.1532,106.030000,104.815400,0.104295,-0.016343,0,1,1,1,1,4,3,4,1.0000,1.0000,0,-0.002908,0.00000079,-0.002908,2.969653,-0.128611
2015-07-10,,2.8800,2.5100,16.8300,57.0787,107.650000,104.859750,0.103552,-0.021447,0,1,1,1,1,4,3,4,1.0000,1.0000,0,0.046476,0.00000119,0.046476,3.107670,-0.088113
2015-07-13,,2.9000,2.5150,13.9000,60.8989,109.540000,104.908250,0.102469,-0.025842,0,1,1,1,1,4,3,4,1.0000,1.0000,0,0.051101,0.00000040,0.051101,3.266475,-0.041515
2015-07-14,,2.8800,2.5200,13.3700,61.7978,110.260000,104.970850,0.101884,-0.039659,0,1,1,1,1,4,3,4,1.0000,1.0000,0,0.020066,0.00000079,0.020066,3.332018,-0.022282
2015-07-15,,2.9100,2.5200,13.2300,60.6742,110.380000,105.028850,0.102417,-0.039815,0,1,1,1,1,4,3,4,1.0000,1.0000,0,0.004766,0.00000040,0.004766,3.347898,-0.017623
2015-07-16,,2.9100,2.5200,12.1100,62.2472,111.940000,105.095300,0.103109,-0.025957,0,1,1,1,1,4,3,4,1.0000,1.0000,0,0.039069,0.00000079,0.039069,3.478696,0.000000
2015-07-17,,2.8800,2.5200,11.9500,60.4494,113.590000,105.169300,0.102010,-0.033530,0,1,1,1,1,4,3,4,1.0000,1.0000,0,0.045734,0.00000079,0.045734,3.637790,0.000000
2015-07-20,,2.8700,2.5200,12.2500,60.0000,113.980000,105.253150,0.101439,-0.041895,0,1,1,1,1,4,3,4,1.0000,1.0000,0,0.011191,0.00000119,0.011191,3.678502,0.000000
2015-07-21,,2.8600,2.5250,12.2200,57.7528,113.910000,105.336650,0.100921,-0.053851,0,1,1,1,1,4,3,4,1.0000,1.0000,0,-0.002747,0.00000159,-0.002747,3.668396,-0.002747
2015-07-22,,2.8700,2.5300,12.1200,57.7528,112.620000,105.408900,0.101552,-0.040506,0,1,1,1,1,4,3,4,1.0000,1.0000,0,-0.032822,0.00000119,-0.032822,3.547993,-0.035479
2015-07-23,,2.8500,2.5300,12.6400,57.3034,112.200000,105.480100,0.100604,-0.052799,0,1,1,1,1,4,3,4,1.0000,1.0000,0,-0.011963,0.00000159,-0.011963,3.505549,-0.047017
2015-07-24,,2.8500,2.5300,13.7400,54.6067,111.100000,105.552750,0.101755,-0.041662,0,1,1,1,1,4,3,4,1.0000,1.0000,0,-0.028416,0.00000119,-0.028416,3.405934,-0.074097
2015-07-27,,2.8700,2.5300,15.6000,53.2584,110.180000,105.611400,0.103656,-0.022518,0,1,1,1,1,4,3,4,1.0000,1.0000,0,-0.025687,0.00000159,-0.025687,3.318447,-0.097881
2015-07-28,,2.9000,2.5300,13.4400,56.1798,111.130000,105.682750,0.102876,-0.024885,0,1,1,1,1,4,3,4,1.0000,1.0000,0,0.026364,0.00000198,0.026364,3.405934,-0.074097
2015-07-29,,2.9100,2.5300,12.5000,60.0000,111.550000,105.768300,0.102553,-0.032442,0,1,1,1,1,4,3,4,1.0000,1.0000,0,0.011190,0.00000198,0.011190,3.444048,-0.063736
2015-07-30,,2.9000,2.5300,12.1300,58.6517,112.080000,105.863900,0.103287,-0.014899,0,1,1,1,1,4,3,4,1.0000,1.0000,0,0.013917,0.00000238,0.013917,3.491977,-0.050707
2015-07-31,,2.8800,2.5300,12.1200,61.3483,111.950000,105.958800,0.104489,-0.001953,0,1,1,1,1,4,3,4,1.0000,1.0000,0,-0.003059,0.00000278,-0.003059,3.481295,-0.053611
2015-08-03,,2.9400,2.5300,12.5600,61.3483,111.600000,106.054950,0.105391,0.007032,0,1,1,1,0,3,1,4,1.0000,1.0000,0,-0.009206,0.00000317,-0.009206,3.449245,-0.062324
2015-08-04,,2.9200,2.5300,13.0000,60.4494,111.390000,106.152950,0.103902,-0.001225,0,1,1,1,1,4,3,3,0.0000,0.0000,1,-0.006446,0.00000317,-0.003045,3.438740,-0.065179
2015-08-05,,2.8800,2.5300,12.5100,61.4350,112.250000,106.249200,0.103823,0.000025,0,1,1,1,0,3,1,4,1.0000,1.0000,1,0.023422,0.00000317,0.006515,3.461144,-0.059089
2015-08-06,,2.9000,2.5300,13.7700,59.1928,110.450000,106.329500,0.105232,0.011655,0,1,1,1,0,3,1,3,0.0000,0.0000,1,-0.047995,0.00000317,0.001775,3.467289,-0.057418
2015-08-07,,2.9200,2.5300,13.3900,60.5381,110.310000,106.396700,0.106732,0.036215,0,1,1,1,0,3,1,3,0.0000,0.0000,0,-0.003978,0.00000159,0.000002,3.467294,-0.057417
2015-08-10,,2.9100,2.5300,12.2300,62.5561,111.570000,106.472700,0.104977,0.018242,0,1,1,1,0,3,1,3,0.0000,0.0000,0,0.033773,0.00000238,0.000002,3.467302,-0.057415
2015-08-11,,2.9300,2.5300,13.7100,60.9865,110.140000,106.534300,0.106460,0.020228,0,1,1,1,0,3,1,3,0.0000,0.0000,0,-0.038129,0.00000476,0.000005,3.467319,-0.057410
2015-08-12,,2.9400,2.5300,13.6100,60.7623,110.520000,106.593800,0.108223,0.036023,0,1,1,1,0,3,1,3,0.0000,0.0000,0,0.008818,0.00000397,0.000004,3.467333,-0.057406
2015-08-13,,2.9700,2.5300,13.4900,60.7623,110.340000,106.652050,0.108382,0.034867,0,1,1,1,0,3,1,3,0.0000,0.0000,0,-0.004500,0.00000397,0.000004,3.467346,-0.057403
2015-08-14,,2.9800,2.5300,12.8300,63.0045,110.510000,106.703700,0.108800,0.036629,0,1,1,1,0,3,1,3,0.0000,0.0000,0,0.005391,0.00000397,0.000004,3.467360,-0.057399
2015-08-17,,2.9700,2.5350,13.0200,64.7982,111.430000,106.761800,0.108718,0.039392,0,1,1,1,0,3,1,3,0.0000,0.0000,0,0.024559,0.00000357,0.000004,3.467372,-0.057396
2015-08-18,,2.9700,2.5400,13.7900,63.2287,110.860000,106.816000,0.108772,0.039037,0,1,1,1,0,3,1,3,0.0000,0.0000,0,-0.015952,0.00000397,0.000004,3.467386,-0.057392
2015-08-19,,3.0100,2.5400,15.2500,60.5381,110.130000,106.859650,0.110095,0.046970,0,1,1,1,0,3,1,3,0.0000,0.0000,0,-0.018784,0.00000278,0.000003,3.467396,-0.057389
2015-08-20,,3.0600,2.5400,19.1400,52.0179,107.080000,106.886550,0.111781,0.066454,0,1,1,1,0,3,1,3,0.0000,0.0000,0,-0.082343,0.00000198,0.000002,3.467403,-0.057387
2015-08-21,,3.0400,2.5400,28.0300,39.9103,102.400000,106.891750,0.113976,0.080571,0,0,0,0,0,0,-5,3,0.0000,0.0000,0,-0.124405,0.00000079,0.000001,3.467405,-0.057387
2015-08-24,,3.1000,2.5400,40.7400,21.0762,98.460000,106.877200,0.114403,0.076861,0,0,0,0,0,0,-5,0,0.0000,0.0000,0,-0.118473,0.00000119,0.000001,3.467410,-0.057385
2015-08-25,,3.1400,2.5400,36.0200,19.0583,98.090000,106.859200,0.112218,0.058078,0,0,0,0,0,0,-5,0,0.0000,0.0000,0,-0.013205,0.00000238,0.000002,3.467418,-0.057383
2015-08-26,,3.1700,2.5400,30.3200,28.2511,103.030000,106.866350,0.109997,0.052894,0,0,0,0,0,0,-5,0,0.0000,0.0000,0,0.144322,0.00000278,0.000003,3.467427,-0.057381
2015-08-27,,3.2000,2.5400,26.1000,35.4260,105.640000,106.884750,0.108596,0.058769,0,0,0,0,0,0,-5,0,0.0000,0.0000,0,0.078142,0.00000238,0.000002,3.467436,-0.057378
2015-08-28,,3.1500,2.5400,26.0500,35.6502,105.620000,106.901450,0.108265,0.049088,0,0,0,0,0,0,-5,0,0.0000,0.0000,0,-0.000811,0.00000238,0.000002,3.467444,-0.057376
2015-08-31,,3.1300,2.5400,28.4300,32.5112,104.310000,106.910700,0.107401,0.051596,0,0,0,0,0,0,-5,0,0.0000,0.0000,0,-0.037131,0.00000238,0.000002,3.467452,-0.057374
2015-09-01,,3.1500,2.5450,31.4000,23.0942,101.050000,106.901450,0.107707,0.052838,0,0,0,0,0,0,-5,0,0.0000,0.0000,0,-0.090718,0.00000317,0.000003,3.467463,-0.057371
2015-09-02,,3.1800,2.5500,26.0900,28.6996,103.900000,106.904850,0.105778,0.038247,0,0,0,0,0,0,-5,0,0.0000,0.0000,0,0.081344,0.00000119,0.000001,3.467467,-0.057370
2015-09-03,,3.1700,2.5500,25.6100,30.0448,103.390000,106.907250,0.106188,0.048344,0,0,0,0,0,0,-5,0,0.0000,0.0000,0,-0.016503,0.00000119,0.000001,3.467471,-0.057369
2015-09-04,,3.1700,2.5500,27.8000,25.5605,102.160000,106.899650,0.106340,0.044302,0,0,0,0,0,0,-5,0,0.0000,0.0000,0,-0.033449,0.00000079,0.000001,3.467474,-0.057368
2015-09-08,,3.1500,2.5500,24.9000,32.7354,105.040000,106.908800,0.105936,0.043212,0,0,0,0,0,0,-5,0,0.0000,0.0000,0,0.084883,0.00000079,0.000001,3.467477,-0.057367
2015-09-09,,3.1600,2.5500,26.2300,29.1480,103.860000,106.909750,0.106037,0.041167,0,0,0,0,0,0,-5,0,0.0000,0.0000,0,-0.034809,0.00000238,0.000002,3.467485,-0.057365
2015-09-10,,3.1000,2.5500,24.3700,30.2691,104.990000,106.915350,0.105285,0.034977,0,0,0,0,0,0,-5,0,0.0000,0.0000,0,0.031973,0.00000119,0.000001,3.467489,-0.057364
2015-09-11,,3.1200,2.5500,23.2000,31.8386,105.570000,106.919800,0.105596,0.031373,0,0,0,0,0,0,-5,0,0.0000,0.0000,0,0.016170,0.00000079,0.000001,3.467492,-0.057363
2015-09-14,,3.1100,2.5500,24.2500,30.2691,105.250000,106.921850,0.106245,0.034089,0,0,0,0,0,0,-5,0,0.0000,0.0000,0,-0.008931,0.00000159,0.000002,3.467498,-0.057362
2015-09-15,,3.1300,2.5500,22.5400,34.3049,106.490000,106.926700,0.105487,0.037083,0,0,0,0,0,0,-5,0,0.0000,0.0000,0,0.034908,0.00000278,0.000003,3.467507,-0.057359
2015-09-16,,3.1600,2.5500,21.3500,35.8744,107.090000,106.932100,0.105630,0.044967,0,0,0,1,0,1,-3,0,0.0000,0.0000,0,0.016715,0.00000278,0.000003,3.467517,-0.057356
2015-09-17,,3.1500,2.5500,21.1400,36.0987,107.130000,106.943700,0.107320,0.075137,0,0,0,1,0,1,-3,1,0.0000,0.0000,0,0.002756,0.00000238,0.000002,3.467525,-0.057354
2015-09-18,,3.1800,2.5500,22.2800,32.4385,105.350000,106.944300,0.108033,0.081300,0,0,0,0,0,0,-5,1,0.0000,0.0000,0,-0.042313,0.00000040,0.000000,3.467526,-0.057354
2015-09-21,,3.1500,2.5500,20.1400,32.2148,105.680000,106.945600,0.107910,0.084555,0,0,0,0,0,0,-5,0,0.0000,0.0000,0,0.008508,0.00000000,0.000000,3.467526,-0.057354
2015-09-22,,3.1900,2.5550,22.4400,28.6353,104.100000,106.939250,0.107962,0.077741,0,0,0,0,0,0,-5,0,0.0000,0.0000,0,-0.044114,0.00000040,0.000000,3.467528,-0.057353
2015-09-23,,3.1500,2.5600,22.1300,29.7539,104.180000,106.933250,0.108419,0.067404,0,0,0,0,0,0,-5,0,0.0000,0.0000,0,0.001595,0.00000000,0.000000,3.467528,-0.057353
2015-09-24,,3.1500,2.5600,23.4700,29.3065,103.800000,106.929100,0.109694,0.083653,0,0,0,0,0,0,-5,0,0.0000,0.0000,0,-0.011573,0.00000040,0.000000,3.467529,-0.057353
2015-09-25,,3.1600,2.5600,23.6200,29.9776,102.920000,106.918900,0.110786,0.095057,0,0,0,0,0,0,-5,0,0.0000,0.0000,0,-0.024275,0.00000040,0.000000,3.467531,-0.057353
2015-09-28,,3.1900,2.5600,27.6300,21.7002,99.990000,106.902300,0.113079,0.099964,0,0,0,0,0,0,-5,0,0.0000,0.0000,0,-0.086196,0.00000000,0.000000,3.467531,-0.057353
2015-09-29,,3.2100,2.5700,26.8300,23.2662,99.470000,106.880650,0.113040,0.093043,0,0,0,0,0,0,-5,0,0.0000,0.0000,0,-0.014817,0.00000040,0.000000,3.467532,-0.057352
2015-09-30,,3.2600,2.5800,24.5000,26.8456,101.760000,106.876100,0.112952,0.075108,0,0,0,0,0,0,-5,0,0.0000,0.0000,0,0.066153,0.00000040,0.000000,3.467533,-0.057352
2015-10-01,,3.2900,2.5800,22.5500,27.7405,102.220000,106.879150,0.111331,0.050446,0,0,0,0,0,0,-5,0,0.0000,0.0000,0,0.013993,0.00000000,0.000000,3.467533,-0.057352
2015-10-02,,3.3100,2.5800,20.9400,32.2148,104.010000,106.899300,0.111154,0.062589,0,0,0,0,0,0,-5,0,0.0000,0.0000,0,0.051917,0.00000000,0.000000,3.467533,-0.057352
2015-10-05,,3.3400,2.5800,19.5400,38.4787,105.500000,106.917800,0.110621,0.065302,0,1,0,0,0,1,-3,0,0.0000,0.0000,0,0.045591,0.00000000,0.000000,3.467533,-0.057352
2015-10-06,,3.3300,2.5800,19.4000,35.5705,105.000000,106.921550,0.110243,0.071532,0,1,0,0,0,1,-3,1,0.0000,0.0000,0,-0.014294,0.00000040,0.000000,3.467535,-0.057351
2015-10-07,,3.3200,2.5850,18.4000,38.7025,105.630000,106.928100,0.108971,0.065839,0,1,0,0,0,1,-3,1,0.0000,0.0000,0,0.016067,0.00000000,0.000000,3.467535,-0.057351
2015-10-08,,3.2700,2.5900,17.4200,41.6107,106.050000,106.935450,0.109339,0.064567,0,1,0,0,0,1,-3,1,0.0000,0.0000,0,0.012219,0.00000000,0.000000,3.467535,-0.057351
2015-10-09,,3.2800,2.5900,17.0800,40.4922,106.530000,106.947050,0.108752,0.051901,0,1,0,0,0,1,-3,1,0.0000,0.0000,0,0.012173,0.00000000,0.000000,3.467535,-0.057351
2015-10-12,,3.2600,2.5900,16.1700,42.2819,106.790000,106.959500,0.109617,0.070728,0,1,0,0,0,1,-3,1,0.0000,0.0000,0,0.008419,0.00000040,0.000000,3.467536,-0.057351
2015-10-13,,3.2600,2.5950,17.6700,39.3736,106.100000,106.964800,0.110062,0.080072,0,1,0,0,0,1,-3,1,0.0000,0.0000,0,-0.019579,0.00000040,0.000000,3.467538,-0.057351
2015-10-14,,3.2800,2.6000,18.0300,37.3602,105.930000,106.969350,0.110568,0.089961,0,1,0,0,0,1,-3,1,0.0000,0.0000,0,-0.004257,0.00000040,0.000000,3.467539,-0.057350
2015-10-15,,3.3100,2.6000,16.0500,43.1767,107.670000,106.986100,0.110502,0.084370,0,1,0,1,0,2,-1,1,0.0000,0.0000,0,0.048865,0.00000000,0.000000,3.467539,-0.057350
2015-10-16,,3.2900,2.6000,15.0500,44.7427,108.120000,107.010450,0.110149,0.091756,0,1,0,1,0,2,-1,2,0.0000,0.0000,0,0.012424,0.00000040,0.000000,3.467540,-0.057350
2015-10-19,,3.2800,2.6000,14.9800,45.1902,108.740000,107.039450,0.110169,0.080847,0,1,0,1,0,2,-1,2,0.0000,0.0000,0,0.017927,0.00000040,0.000000,3.467542,-0.057350
2015-10-20,,3.3000,2.6000,15.7500,44.7427,108.180000,107.073200,0.110690,0.066645,0,1,0,1,0,2,-1,2,0.0000,0.0000,0,-0.016575,0.00000079,0.000001,3.467544,-0.057349
2015-10-21,,3.2900,2.6050,16.7000,41.6107,107.520000,107.110450,0.111147,0.077525,0,1,0,1,0,2,-1,2,0.0000,0.0000,0,-0.016089,0.00000079,0.000001,3.467547,-0.057348
2015-10-22,,3.2800,2.6100,14.4500,47.6510,109.710000,107.152200,0.110567,0.076108,0,1,0,1,0,2,-1,2,0.0000,0.0000,0,0.059276,0.00000040,0.000000,3.467549,-0.057348
2015-10-23,,3.2600,2.6100,14.4600,49.8881,112.780000,107.199600,0.107441,0.039581,0,1,0,1,0,2,-1,2,0.0000,0.0000,0,0.083157,0.00000000,0.000000,3.467549,-0.057348
2015-10-26,,3.2300,2.6100,15.2900,49.6644,112.850000,107.250750,0.107319,0.026629,0,1,0,1,0,2,-1,2,0.0000,0.0000,0,0.002969,0.00000040,0.000000,3.467550,-0.057347
2015-10-27,,3.2200,2.6100,15.4300,49.4407,113.080000,107.308400,0.107139,0.016336,0,1,0,1,0,2,-1,2,0.0000,0.0000,0,0.006513,0.00000079,0.000001,3.467553,-0.057347
2015-10-28,,3.2500,2.6100,14.3300,52.5727,114.020000,107.370900,0.104810,0.008719,0,1,1,1,0,3,1,2,0.0000,0.0000,0,0.023193,0.00000119,0.000001,3.467557,-0.057345
2015-10-29,,3.2000,2.6150,14.6100,52.7964,113.840000,107.435300,0.104271,0.004298,0,1,1,1,0,3,1,3,0.0000,0.0000,0,-0.003696,0.00000159,0.000002,3.467562,-0.057344
2015-10-30,,3.2100,2.6200,15.0700,51.4541,113.330000,107.503700,0.105204,-0.000265,0,1,1,1,1,4,3,3,0.0000,0.0000,0,-0.013684,0.00000278,0.000003,3.467572,-0.057341
2015-11-02,,3.1900,2.6300,14.1500,56.8233,114.610000,107.572650,0.104092,-0.025025,0,1,1,1,1,4,3,4,1.0000,1.0000,1,0.034099,0.00000317,0.026262,3.558638,-0.032585
2015-11-03,,3.1800,2.6400,14.5400,57.2707,115.010000,107.639600,0.104100,-0.008375,0,1,1,1,1,4,3,4,1.0000,1.0000,0,0.009537,0.00000317,0.009537,3.592577,-0.023359
2015-11-04,,3.1900,2.6450,15.5100,56.1521,115.020000,107.704000,0.104963,-0.014176,0,1,1,1,1,4,3,4,1.0000,1.0000,0,0.000400,0.00000238,0.000400,3.594014,-0.022968
2015-11-05,,3.1600,2.6500,15.0500,56.3758,114.710000,107.757400,0.104164,-0.037732,0,1,1,1,1,4,3,4,1.0000,1.0000,0,-0.008803,0.00000198,-0.008803,3.562377,-0.031568
2015-11-06,,3.1800,2.6500,14.3300,55.2573,114.790000,107.810050,0.100576,-0.072499,0,1,1,1,1,4,3,4,1.0000,1.0000,0,0.003310,0.00000198,0.003310,3.574169,-0.028363
2015-11-09,,3.1700,2.6550,16.5200,52.5727,113.570000,107.857200,0.101788,-0.064042,0,1,1,1,1,4,3,4,1.0000,1.0000,0,-0.032188,0.00000317,-0.032188,3.459124,-0.059638
2015-11-10,,3.1500,2.6750,15.2900,52.3490,113.280000,107.916400,0.102465,-0.056969,0,1,1,1,1,4,3,4,1.0000,1.0000,0,-0.007067,0.00000555,-0.007067,3.434677,-0.066284
2015-11-11,,3.1800,2.6950,16.0600,52.5727,113.140000,107.977500,0.103760,-0.045593,0,1,1,1,1,4,3,4,1.0000,1.0000,0,-0.004438,0.00000516,-0.004438,3.419433,-0.070428
2015-11-12,,3.1800,2.7000,18.3700,45.1902,112.040000,108.028250,0.104228,-0.052403,0,1,0,1,1,3,1,4,1.0000,1.0000,0,-0.029018,0.00000516,-0.029018,3.320207,-0.097403
2015-11-13,,3.1900,2.7000,20.0800,40.2685,109.840000,108.071950,0.105016,-0.060094,0,0,0,1,1,2,-1,3,0.0000,0.0000,1,-0.058818,0.00000555,-0.012758,3.277848,-0.108918
2015-11-16,,3.2000,2.7050,18.1600,48.0984,111.420000,108.119150,0.105194,-0.080163,0,1,0,1,1,3,1,2,0.0000,0.0000,0,0.041694,0.00000555,0.000006,3.277866,-0.108913
2015-11-17,,3.2400,2.7100,18.8400,45.8613,111.490000,108.161800,0.103373,-0.104509,0,1,0,1,1,3,1,3,0.0000,0.0000,0,0.003446,0.00000595,0.000006,3.277885,-0.108908
2015-11-18,,3.2300,2.7100,16.8500,53.3482,113.630000,108.215600,0.102405,-0.097463,0,1,1,1,1,4,3,3,0.0000,0.0000,0,0.057321,0.00000555,0.000006,3.277903,-0.108903
2015-11-19,,3.2100,2.7100,16.9900,55.3571,113.710000,108.265350,0.103596,-0.062406,0,1,1,1,1,4,3,4,1.0000,1.0000,1,0.001499,0.00000476,-0.000361,3.276719,-0.109225
2015-11-20,,3.2000,2.7150,15.4700,58.2589,114.480000,108.322100,0.103650,-0.047846,0,1,1,1,1,4,3,4,1.0000,1.0000,0,0.019873,0.00000436,0.019873,3.341839,-0.091522
2015-11-23,,3.2000,2.7200,15.6200,56.9196,114.150000,108.378850,0.102812,-0.052835,0,1,1,1,1,4,3,4,1.0000,1.0000,0,-0.008072,0.00000476,-0.008072,3.314864,-0.098855
2015-11-24,,3.1900,2.7200,15.9300,56.6964,114.050000,108.427100,0.102532,-0.048019,0,1,1,1,1,4,3,4,1.0000,1.0000,0,-0.003123,0.00000555,-0.003123,3.304511,-0.101669
2015-11-25,,3.2000,2.7200,15.1900,58.0357,114.150000,108.473950,0.101925,-0.058594,0,1,1,1,1,4,3,4,1.0000,1.0000,0,0.002226,0.00000634,0.002226,3.311868,-0.099669
2015-11-27,,3.2100,2.7250,15.1200,59.3750,114.310000,108.515500,0.101999,-0.038304,0,1,1,1,1,4,3,4,1.0000,1.0000,0,0.003620,0.00000753,0.003620,3.323856,-0.096411
2015-11-30,,3.2200,2.7300,16.1300,58.7054,114.020000,108.551050,0.102592,-0.036133,0,1,1,1,1,4,3,4,1.0000,1.0000,0,-0.006312,0.00000714,-0.006312,3.302876,-0.102114
2015-12-01,,3.2000,2.7300,14.6700,61.3839,115.160000,108.591800,0.102430,-0.040219,0,1,1,1,1,4,3,4,1.0000,1.0000,0,0.029698,0.00000872,0.029698,3.400965,-0.075448
2015-12-02,,3.2100,2.7300,15.9100,56.9196,114.450000,108.628250,0.101185,-0.047372,0,1,1,1,1,4,3,4,1.0000,1.0000,0,-0.018186,0.00000832,-0.018186,3.339114,-0.092262
2015-12-03,,3.1700,2.7300,18.1100,49.7768,112.510000,108.652350,0.101843,-0.041749,0,1,0,1,1,3,1,4,1.0000,1.0000,0,-0.050999,0.00000832,-0.050999,3.168821,-0.138557
2015-12-04,,3.1800,2.7350,14.8100,58.2589,115.140000,108.686000,0.101302,-0.040483,0,1,1,1,1,4,3,3,0.0000,0.0000,1,0.068701,0.00000832,0.008311,3.195157,-0.131397
2015-12-07,,3.1500,2.7400,15.8400,56.0268,114.620000,108.716500,0.102376,-0.032297,0,1,1,1,1,4,3,4,1.0000,1.0000,1,-0.012230,0.00000912,-0.015349,3.146114,-0.144730
2015-12-08,,3.1500,2.7400,17.6000,53.3482,114.630000,108.746650,0.102924,-0.032999,0,1,1,1,1,4,3,4,1.0000,1.0000,0,0.000082,0.00001149,0.000082,3.146371,-0.144660
2015-12-09,,3.1900,2.7450,19.6100,48.8839,112.890000,108.769450,0.103755,-0.016993,0,1,0,1,1,3,1,4,1.0000,1.0000,0,-0.046588,0.00001070,-0.046588,2.999789,-0.184508
2015-12-10,,3.1800,2.7500,19.3400,47.9911,113.400000,108.792050,0.101775,-0.037528,0,1,0,1,1,3,1,3,0.0000,0.0000,1,0.014181,0.00001030,0.007060,3.020966,-0.178751
2015-12-11,,3.1900,2.7500,24.3900,41.0714,110.790000,108.804000,0.103502,-0.035957,0,0,0,1,1,2,-1,3,0.0000,0.0000,0,-0.068565,0.00000951,0.000010,3.020995,-0.178743
2015-12-14,,3.2400,2.7500,22.7300,43.3036,111.630000,108.815250,0.103499,-0.043568,0,0,0,1,1,2,-1,2,0.0000,0.0000,0,0.022427,0.00000912,0.000009,3.021023,-0.178736
2015-12-15,,3.2300,2.7550,20.9500,48.2143,112.310000,108.832450,0.103228,-0.045277,0,0,0,1,1,2,-1,2,0.0000,0.0000,0,0.016982,0.00001030,0.000010,3.021054,-0.178727
2015-12-16,,3.2100,2.7800,17.8600,54.2411,113.980000,108.860100,0.104312,-0.036276,0,1,1,1,1,4,3,2,0.0000,0.0000,0,0.044181,0.00000991,0.000010,3.021084,-0.178719
2015-12-17,,3.2100,2.8050,18.9400,49.7768,112.320000,108.878500,0.106146,-0.022192,0,1,0,1,1,3,1,4,1.0000,1.0000,1,-0.041646,0.00001070,-0.054429,2.856650,-0.223420
2015-12-18,,3.2100,2.8100,20.7000,43.5268,109.830000,108.890600,0.106264,-0.032425,0,0,0,1,1,2,-1,3,0.0000,0.0000,1,-0.054928,0.00000912,-0.010888,2.825547,-0.231876
2015-12-21,,3.2500,2.8100,18.7000,46.4286,111.050000,108.907250,0.105321,-0.051586,0,1,0,1,1,3,1,2,0.0000,0.0000,0,0.029704,0.00000753,0.000008,2.825569,-0.231870
2015-12-22,,3.2700,2.8150,16.6000,48.8839,111.780000,108.937550,0.105258,-0.074863,0,1,0,1,1,3,1,3,0.0000,0.0000,0,0.018934,0.00000951,0.000010,2.825596,-0.231862
2015-12-23,,3.2600,2.8200,15.5700,52.2321,112.610000,108.975050,0.105572,-0.072345,0,1,1,1,1,4,3,3,0.0000,0.0000,0,0.022877,0.00000832,0.000008,2.825619,-0.231856
2015-12-24,,3.2600,2.8200,15.7400,52.2321,112.590000,109.009000,0.105674,-0.069160,0,1,1,1,1,4,3,4,1.0000,1.0000,1,-0.002057,0.00000793,-0.001307,2.821927,-0.232860
2015-12-28,,3.2200,2.8250,16.9100,51.3393,112.530000,109.044950,0.106111,-0.050080,0,1,1,1,1,4,3,4,1.0000,1.0000,0,-0.000258,0.00000793,-0.000258,2.821200,-0.233057
2015-12-29,,3.2100,2.8300,16.0800,56.6964,114.300000,109.082950,0.105569,-0.053440,0,1,1,1,1,4,3,4,1.0000,1.0000,0,0.045607,0.00000912,0.045607,2.949866,-0.198080
2015-12-30,,3.2200,2.8350,17.2900,52.9018,113.270000,109.114950,0.106225,-0.041231,0,1,1,1,1,4,3,4,1.0000,1.0000,0,-0.025546,0.00000912,-0.025546,2.874507,-0.218566
2015-12-31,,3.2300,2.8400,18.2100,50.0000,111.860000,109.134650,0.106146,-0.038307,0,1,0,1,1,3,1,4,1.0000,1.0000,0,-0.037090,0.00000832,-0.037090,2.767892,-0.247549
2016-01-04,,3.2300,2.8400,20.7000,43.0804,109.500000,109.141750,0.107428,-0.014282,0,0,0,1,1,2,-1,3,0.0000,0.0000,1,-0.061105,0.00000634,-0.066544,2.583705,-0.297620
2016-01-05,,3.2400,2.8450,19.3400,44.1964,109.310000,109.145650,0.108015,-0.012109,0,1,0,1,1,3,1,2,0.0000,0.0000,0,-0.008951,0.00000872,0.000009,2.583728,-0.297614
2016-01-06,,3.2500,2.8500,20.5900,38.8393,108.260000,109.145350,0.109194,0.004018,0,0,0,0,0,0,-5,3,0.0000,0.0000,0,-0.026813,0.00000793,0.000008,2.583748,-0.297609
2016-01-07,,3.2600,2.8550,24.9900,30.8036,104.870000,109.130050,0.111131,0.013302,0,0,0,0,0,0,-5,0,0.0000,0.0000,0,-0.095128,0.00000832,0.000008,2.583770,-0.297603
2016-01-08,,3.2800,2.8600,27.0100,24.7768,104.010000,109.122800,0.112311,0.019578,0,0,0,0,0,0,-5,0,0.0000,0.0000,0,-0.023611,0.00000793,0.000008,2.583790,-0.297597
2016-01-11,,3.3100,2.8650,24.3000,26.7857,104.330000,109.118950,0.112800,0.019463,0,0,0,0,0,0,-5,0,0.0000,0.0000,0,0.008754,0.00000793,0.000008,2.583811,-0.297592
2016-01-12,,3.3000,2.8700,22.4700,28.7946,105.540000,109.119050,0.111458,0.008281,0,0,0,0,0,0,-5,0,0.0000,0.0000,0,0.033735,0.00000832,0.000008,2.583832,-0.297586
2016-01-13,,3.2900,2.8700,25.2200,22.7679,101.900000,109.094900,0.114256,0.034638,0,0,0,0,0,0,-5,0,0.0000,0.0000,0,-0.104617,0.00000832,0.000008,2.583854,-0.297580
2016-01-14,,3.2800,2.8700,23.9500,25.3898,104.070000,109.087250,0.114104,0.033713,0,0,0,0,0,0,-5,0,0.0000,0.0000,0,0.064690,0.00000872,0.000009,2.583876,-0.297574
2016-01-15,,3.3600,2.8750,27.0200,22.0490,100.840000,109.066200,0.115569,0.040762,0,0,0,0,0,0,-5,0,0.0000,0.0000,0,-0.091910,0.00000991,0.000010,2.583902,-0.297567
2016-01-19,,3.3800,2.8800,26.0500,22.7171,101.060000,109.045900,0.117143,0.050266,0,0,0,0,0,0,-5,0,0.0000,0.0000,0,0.004243,0.00000951,0.000010,2.583926,-0.297560
2016-01-20,,3.3500,2.8800,27.5900,20.4900,100.750000,109.019750,0.115998,0.044425,0,0,0,0,0,0,-5,0,0.0000,0.0000,0,-0.009053,0.00001030,0.000010,2.583953,-0.297553
2016-01-21,,3.4000,2.8800,26.6900,19.1537,100.850000,108.995000,0.115245,0.065347,0,0,0,0,0,0,-5,0,0.0000,0.0000,0,0.003654,0.00001030,0.000010,2.583980,-0.297546
2016-01-22,,3.4500,2.8800,22.3400,25.8352,103.770000,108.980650,0.114949,0.065434,0,0,0,0,0,0,-5,0,0.0000,0.0000,0,0.086165,0.00001110,0.000011,2.584008,-0.297538
2016-01-25,,3.4200,2.8900,24.1500,22.0490,102.230000,108.955250,0.115727,0.072797,0,0,0,0,0,0,-5,0,0.0000,0.0000,0,-0.045028,0.00001228,0.000012,2.584040,-0.297529
2016-01-26,,3.4400,2.9000,22.5000,26.7261,103.150000,108.932250,0.114958,0.088136,0,0,0,0,0,0,-5,0,0.0000,0.0000,0,0.028548,0.00001228,0.000012,2.584072,-0.297521
2016-01-27,,3.4600,2.9000,23.1100,25.6125,100.580000,108.897750,0.116489,0.105553,0,0,0,0,0,0,-5,0,0.0000,0.0000,0,-0.074394,0.00001228,0.000012,2.584103,-0.297512
2016-01-28,,3.4600,2.9000,22.4200,25.6125,102.000000,108.871900,0.117736,0.108340,0,0,0,0,0,0,-5,0,0.0000,0.0000,0,0.039449,0.00001268,0.000013,2.584136,-0.297503
2016-01-29,,3.4800,2.9050,20.2000,33.6303,104.130000,108.853350,0.117231,0.116216,0,0,0,0,0,0,-5,0,0.0000,0.0000,0,0.065146,0.00001386,0.000014,2.584172,-0.297493
2016-02-01,,3.4800,2.9100,19.9800,34.0757,104.410000,108.836950,0.118384,0.125933,0,1,0,0,0,1,-3,0,0.0000,0.0000,0,0.005661,0.00001307,0.000013,2.584206,-0.297484
2016-02-02,,3.4900,2.9100,21.9800,29.1759,102.150000,108.817650,0.121082,0.138825,0,0,0,0,0,0,-5,1,0.0000,0.0000,0,-0.063466,0.00001386,0.000014,2.584242,-0.297474
2016-02-03,,3.4900,2.9100,21.6500,30.2895,101.660000,108.787950,0.121850,0.154568,0,0,0,0,0,0,-5,0,0.0000,0.0000,0,-0.014143,0.00001347,0.000013,2.584277,-0.297465
2016-02-04,,3.5200,2.9150,21.8400,30.9577,101.650000,108.755900,0.121138,0.186491,0,0,0,0,0,0,-5,0,0.0000,0.0000,0,-0.001793,0.00001307,0.000013,2.584310,-0.297456
2016-02-05,,3.5300,2.9200,23.3800,26.0579,98.120000,108.703250,0.123889,0.196128,0,0,0,0,0,0,-5,0,0.0000,0.0000,0,-0.102874,0.00001149,0.000011,2.584340,-0.297448
2016-02-08,,3.5200,2.9250,26.0000,22.2717,96.620000,108.641050,0.125148,0.196819,0,0,0,0,0,0,-5,0,0.0000,0.0000,0,-0.045655,0.00001189,0.000012,2.584371,-0.297439
2016-02-09,,3.5300,2.9350,26.5400,22.9399,96.320000,108.569950,0.125573,0.187654,0,0,0,0,0,0,-5,0,0.0000,0.0000,0,-0.011610,0.00001268,0.000013,2.584403,-0.297430
2016-02-10,,3.5400,2.9400,26.2900,23.3853,96.690000,108.502100,0.125546,0.184999,0,0,0,0,0,0,-5,0,0.0000,0.0000,0,0.011888,0.00001189,0.000012,2.584434,-0.297422
2016-02-11,,3.5600,2.9550,28.1400,20.2673,96.550000,108.434650,0.124959,0.171449,0,0,0,0,0,0,-5,0,0.0000,0.0000,0,-0.002377,0.00001228,0.000012,2.584466,-0.297413
2016-02-12,,3.6300,2.9700,25.4000,25.6125,98.020000,108.378000,0.122060,0.145522,0,0,0,0,0,0,-5,0,0.0000,0.0000,0,0.042619,0.00001110,0.000011,2.584495,-0.297406
2016-02-16,,3.6000,2.9700,24.1100,28.2851,100.230000,108.341000,0.120798,0.155693,0,0,0,0,0,0,-5,0,0.0000,0.0000,0,0.066559,0.00001189,0.000012,2.584525,-0.297397
2016-02-17,,3.5900,2.9750,22.3100,33.1849,102.500000,108.308250,0.118623,0.146345,0,0,0,0,0,0,-5,0,0.0000,0.0000,0,0.069087,0.00001189,0.000012,2.584556,-0.297389
2016-02-18,,3.6200,2.9950,21.6400,31.4031,101.330000,108.268750,0.121063,0.155297,0,0,0,0,0,0,-5,0,0.0000,0.0000,0,-0.033962,0.00001189,0.000012,2.584587,-0.297381
2016-02-19,,3.6200,3.0250,20.5300,33.6303,101.630000,108.239650,0.120313,0.147465,0,0,0,0,0,0,-5,0,0.0000,0.0000,0,0.010376,0.00001189,0.000012,2.584618,-0.297372
2016-02-22,,3.5600,3.0500,19.3800,37.4165,103.280000,108.222500,0.119982,0.155580,0,1,0,0,0,1,-3,0,0.0000,0.0000,0,0.047239,0.00001228,0.000012,2.584649,-0.297364
2016-02-23,,3.5700,3.0800,20.9800,35.4120,101.580000,108.193650,0.121620,0.171028,0,0,0,0,0,0,-5,1,0.0000,0.0000,0,-0.049838,0.00001307,0.000013,2.584683,-0.297354
2016-02-24,,3.5800,3.1000,20.7200,36.9710,102.550000,108.162950,0.121636,0.178488,0,0,0,0,0,0,-5,0,0.0000,0.0000,0,0.029748,0.00001268,0.000013,2.584716,-0.297346
2016-02-25,,3.5600,3.1050,19.1100,39.1982,103.560000,108.139400,0.121407,0.177545,0,1,0,0,0,1,-3,0,0.0000,0.0000,0,0.027591,0.00001307,0.000013,2.584750,-0.297336
2016-02-26,,3.5600,3.1150,19.8100,40.0891,103.430000,108.117650,0.118330,0.143407,0,1,0,0,0,1,-3,1,0.0000,0.0000,0,-0.002295,0.00001268,0.000013,2.584782,-0.297327
2016-02-29,,3.5600,3.1250,20.5500,38.5301,102.500000,108.090150,0.119601,0.154013,0,0,0,0,0,0,-5,1,0.0000,0.0000,0,-0.026452,0.00001307,0.000013,2.584816,-0.297318
2016-03-01,,3.5500,3.1300,17.7000,46.1024,105.790000,108.071200,0.116274,0.141670,0,1,0,0,0,1,-3,0,0.0000,0.0000,0,0.095688,0.00001307,0.000013,2.584850,-0.297309
2016-03-02,,3.5400,3.1350,17.0900,46.9933,105.830000,108.052450,0.116357,0.137927,0,1,0,0,0,1,-3,1,0.0000,0.0000,0,0.001078,0.00001307,0.000013,2.584884,-0.297300
2016-03-03,,3.5000,3.1450,16.7000,49.6659,105.630000,108.030300,0.116606,0.143976,0,1,0,0,0,1,-3,1,0.0000,0.0000,0,-0.005600,0.00001426,0.000014,2.584921,-0.297290
2016-03-04,,3.4700,3.1500,16.8600,50.3341,105.670000,108.008950,0.117522,0.142326,0,1,1,0,0,2,-1,1,0.0000,0.0000,0,0.001733,0.00001110,0.000011,2.584949,-0.297282
2016-03-07,,3.4300,3.1500,17.3500,51.6704,105.020000,107.984000,0.118077,0.142699,0,1,1,0,0,2,-1,2,0.0000,0.0000,0,-0.018596,0.00001149,0.000011,2.584979,-0.297274
2016-03-08,,3.3900,3.1500,18.6700,48.1069,104.150000,107.951850,0.120565,0.156539,0,1,0,0,0,1,-3,2,0.0000,0.0000,0,-0.026440,0.00001268,0.000013,2.585012,-0.297265
2016-03-09,,3.3800,3.1500,18.3400,49.8886,104.820000,107.923600,0.120524,0.178405,0,1,0,0,0,1,-3,1,0.0000,0.0000,0,0.019124,0.00001149,0.000011,2.585041,-0.297257
2016-03-10,,3.3600,3.1500,18.0500,49.4432,104.660000,107.900900,0.120525,0.162565,0,1,0,0,0,1,-3,1,0.0000,0.0000,0,-0.003775,0.00001189,0.000012,2.585072,-0.297249
2016-03-11,,3.3000,3.1500,16.5000,57.0156,106.490000,107.878550,0.118736,0.147123,0,1,1,0,0,2,-1,1,0.0000,0.0000,0,0.051828,0.00001268,0.000013,2.585105,-0.297240
2016-03-14,,3.2600,3.1500,16.9200,56.5702,106.670000,107.858350,0.119037,0.151252,0,1,1,0,0,2,-1,2,0.0000,0.0000,0,0.005828,0.00001307,0.000013,2.585139,-0.297231
2016-03-15,,3.2200,3.1500,16.8400,55.2339,106.630000,107.841250,0.119454,0.141072,0,1,1,0,0,2,-1,2,0.0000,0.0000,0,-0.000632,0.00001347,0.000013,2.585174,-0.297221
2016-03-16,,3.1900,3.1500,14.9900,57.4610,107.580000,107.827050,0.120586,0.135035,0,1,1,0,0,2,-1,2,0.0000,0.0000,0,0.025511,0.00001347,0.000013,2.585208,-0.297212
2016-03-17,,3.2200,3.1550,14.4400,60.5791,107.520000,107.814300,0.120486,0.136919,0,1,1,0,0,2,-1,2,0.0000,0.0000,0,-0.002879,0.00001228,0.000012,2.585240,-0.297203
2016-03-18,,3.2000,3.1600,14.0200,62.8062,107.370000,107.799150,0.118970,0.131336,0,1,1,0,0,2,-1,2,0.0000,0.0000,0,0.005773,0.00001149,0.000011,2.585270,-0.297195
2016-03-21,,3.1700,3.1600,13.7900,62.3608,107.790000,107.790300,0.118679,0.128238,0,1,1,0,0,2,-1,2,0.0000,0.0000,0,0.011890,0.00001189,0.000012,2.585301,-0.297187
2016-03-22,,3.1500,3.1600,14.1700,62.3608,108.120000,107.784400,0.118352,0.120190,1,1,1,1,0,4,3,2,0.0000,0.0000,0,0.008914,0.00001228,0.000012,2.585332,-0.297178
2016-03-23,,3.1000,3.1600,14.9400,59.4655,107.230000,107.779600,0.120024,0.134166,1,1,1,0,0,3,1,4,1.0000,1.0000,1,-0.023795,0.00001189,-0.018850,2.536598,-0.310426
2016-03-24,,3.0700,3.1600,14.7400,59.4655,107.260000,107.775850,0.120397,0.133262,1,1,1,0,0,3,1,3,0.0000,0.0000,1,-0.000309,0.00001189,-0.016035,2.495923,-0.321484
2016-03-28,,3.0600,3.1600,15.2400,60.1336,107.110000,107.763950,0.119883,0.132869,1,1,1,0,0,3,1,3,0.0000,0.0000,0,-0.003601,0.00001189,0.000012,2.495952,-0.321476
2016-03-29,,3.0500,3.1600,13.8200,63.2517,108.830000,107.759850,0.120539,0.134215,1,1,1,1,0,4,3,3,0.0000,0.0000,0,0.047806,0.00001149,0.000011,2.495981,-0.321468
2016-03-30,,3.0900,3.1600,13.5600,64.1425,109.360000,107.762900,0.119721,0.129241,1,1,1,1,0,4,3,4,1.0000,1.0000,1,0.014978,0.00000912,-0.003673,2.486813,-0.323961
2016-03-31,,3.1100,3.1600,13.9500,64.5880,109.200000,107.767850,0.120718,0.126487,1,1,1,1,0,4,3,4,1.0000,1.0000,0,-0.005825,0.00000793,-0.005825,2.472326,-0.327899
2016-04-01,,3.1200,3.1600,13.1000,66.5924,110.360000,107.775650,0.120361,0.117445,1,1,1,1,0,4,3,4,1.0000,1.0000,0,0.033301,0.00000832,0.033301,2.554657,-0.305517
2016-04-04,,3.1000,3.1600,14.1200,65.4788,109.940000,107.779850,0.120242,0.104960,1,1,1,1,0,4,3,4,1.0000,1.0000,0,-0.012381,0.00000912,-0.012381,2.523028,-0.314115
2016-04-05,,3.1000,3.1600,15.4200,62.5835,108.880000,107.770800,0.119179,0.076198,1,1,1,1,0,4,3,4,1.0000,1.0000,0,-0.026890,0.00000912,-0.026890,2.455185,-0.332558
2016-04-06,,3.0800,3.1600,14.0900,66.5924,110.670000,107.774700,0.117745,0.052045,1,1,1,1,0,4,3,4,1.0000,1.0000,0,0.047890,0.00000912,0.047890,2.572765,-0.300594
2016-04-07,,3.0800,3.1600,16.1600,62.8062,109.080000,107.766600,0.119122,0.059504,1,1,1,1,0,4,3,4,1.0000,1.0000,0,-0.043168,0.00000912,-0.043168,2.461704,-0.330786
2016-04-08,,3.0600,3.1600,15.3600,63.0290,109.000000,107.757650,0.119438,0.075607,1,1,1,1,0,4,3,4,1.0000,1.0000,0,-0.002354,0.00000912,-0.002354,2.455909,-0.332362
2016-04-11,,3.0700,3.1600,16.2600,61.9154,108.600000,107.749550,0.119204,0.046787,1,1,1,1,0,4,3,4,1.0000,1.0000,0,-0.010716,0.00000912,-0.010716,2.429592,-0.339516
2016-04-12,,3.0500,3.1600,14.8500,65.2561,109.510000,107.747100,0.118930,0.045374,1,1,1,1,0,4,3,4,1.0000,1.0000,0,0.023353,0.00000912,0.023353,2.486331,-0.324092
2016-04-13,,3.0300,3.1600,13.8400,69.7105,110.910000,107.755300,0.117019,0.013894,1,1,1,1,0,4,3,4,1.0000,1.0000,0,0.039037,0.00000872,0.039037,2.583389,-0.297706
2016-04-14,,3.0100,3.1600,13.7200,69.4878,110.920000,107.776450,0.116869,-0.002588,1,1,1,1,1,5,5,4,1.0000,1.0000,0,0.000654,0.00000912,0.000654,2.585078,-0.297247
2016-04-15,,2.9900,3.1600,13.6200,69.4878,110.640000,107.794300,0.117648,0.015926,1,1,1,1,0,4,3,5,1.0000,1.0000,0,-0.007658,0.00000872,-0.007658,2.565281,-0.302629
2016-04-18,,2.9900,3.1600,13.3500,71.4922,111.230000,107.810850,0.117280,0.019797,1,1,1,1,0,4,3,4,1.0000,1.0000,0,0.014776,0.00000872,0.014776,2.603186,-0.292324
2016-04-19,,2.9900,3.1600,13.2400,73.6142,110.550000,107.823850,0.117103,0.020653,1,1,1,1,0,4,3,4,1.0000,1.0000,0,-0.017251,0.00000872,-0.017251,2.558279,-0.304532
2016-04-20,,2.9600,3.1600,13.2800,76.0532,110.640000,107.838550,0.114065,-0.016082,1,1,1,1,1,5,5,4,1.0000,1.0000,0,0.002454,0.00000832,0.002454,2.564557,-0.302826
2016-04-21,,2.9300,3.1600,13.9500,73.6142,110.650000,107.851950,0.112289,-0.025509,1,1,1,1,1,5,5,5,1.0000,1.0000,0,0.000282,0.00000912,0.000282,2.565281,-0.302629
2016-04-22,,2.9100,3.1600,13.2200,76.0532,108.980000,107.866400,0.113292,-0.030482,1,1,1,1,1,5,5,5,1.0000,1.0000,0,-0.045271,0.00000912,-0.045271,2.449148,-0.334200
2016-04-25,,2.8900,3.1600,14.0800,74.0576,108.980000,107.881150,0.113705,-0.037765,1,1,1,1,1,5,5,5,1.0000,1.0000,0,-0.000788,0.00000912,-0.000788,2.447218,-0.334724
2016-04-26,,2.8800,3.1600,13.9600,78.0488,108.450000,107.885150,0.113704,-0.032440,1,1,1,1,1,5,5,5,1.0000,1.0000,0,-0.013714,0.00000991,-0.013714,2.413657,-0.343848
2016-04-27,,2.8500,3.1600,13.7700,80.0443,107.580000,107.875350,0.115118,-0.029820,1,1,1,0,1,4,3,5,1.0000,1.0000,0,-0.024007,0.00000951,-0.024007,2.355712,-0.359600
2016-04-28,,2.8600,3.1600,15.2200,72.7273,106.280000,107.855450,0.116005,-0.045742,1,1,1,0,1,4,3,4,1.0000,1.0000,0,-0.035462,0.00000951,-0.035462,2.272175,-0.382310
2016-04-29,,2.8900,3.1600,15.7000,69.8448,105.720000,107.832150,0.117336,-0.039962,1,1,1,0,1,4,3,4,1.0000,1.0000,0,-0.015939,0.00000872,-0.015939,2.235959,-0.392155
2016-05-02,,2.8600,3.1600,14.6800,73.1707,106.720000,107.806050,0.117349,-0.033952,1,1,1,0,1,4,3,4,1.0000,1.0000,0,0.026455,0.00000872,0.026455,2.295112,-0.376074
2016-05-03,,2.8600,3.1600,15.6000,66.9623,105.730000,107.766750,0.118282,-0.049643,1,1,1,0,1,4,3,4,1.0000,1.0000,0,-0.026615,0.00000872,-0.026615,2.234027,-0.392680
2016-05-04,,2.8500,3.1600,16.0500,64.3016,105.050000,107.722100,0.120336,-0.042519,1,1,1,0,1,4,3,4,1.0000,1.0000,0,-0.019777,0.00000832,-0.019777,2.189844,-0.404691
2016-05-05,,2.8500,3.1600,15.9100,64.0798,105.020000,107.677650,0.119896,-0.049976,1,1,1,0,1,4,3,4,1.0000,1.0000,0,-0.000551,0.00000753,-0.000551,2.188637,-0.405019
2016-05-06,,2.8600,3.1600,14.7200,66.1504,105.580000,107.642450,0.118681,-0.060723,1,1,1,0,1,4,3,4,1.0000,1.0000,0,0.014451,0.00000793,0.014451,2.220265,-0.396421
2016-05-09,,2.8700,3.1600,14.5700,66.8142,105.880000,107.610850,0.119263,-0.051322,1,1,1,0,1,4,3,4,1.0000,1.0000,0,0.008808,0.00000753,0.008808,2.239821,-0.391105
2016-05-10,,2.8900,3.1600,13.6300,71.0177,107.330000,107.592000,0.117918,-0.037899,1,1,1,0,1,4,3,4,1.0000,1.0000,0,0.041932,0.00000951,0.041932,2.333741,-0.365573
2016-05-11,,2.8900,3.1600,14.6900,67.9204,106.360000,107.572900,0.119467,-0.011984,1,1,1,0,1,4,3,4,1.0000,1.0000,0,-0.027312,0.00000951,-0.027312,2.270002,-0.382901
2016-05-12,,2.9000,3.1600,14.4100,67.4779,105.890000,107.546700,0.120135,0.013647,1,1,1,0,0,3,1,4,1.0000,1.0000,0,-0.014040,0.00001030,-0.014040,2.238132,-0.391564
2016-05-13,,2.9100,3.1600,15.0400,65.4867,105.500000,107.516450,0.120605,-0.004036,1,1,1,0,1,4,3,3,0.0000,0.0000,1,-0.012082,0.00001070,-0.002034,2.233580,-0.392802
2016-05-16,,2.9000,3.1600,14.6800,67.6991,106.820000,107.490150,0.119572,-0.006633,1,1,1,0,1,4,3,4,1.0000,1.0000,1,0.038545,0.00001149,0.032487,2.306142,-0.373076
2016-05-17,,2.9000,3.1600,15.5700,65.7080,105.480000,107.457800,0.118649,-0.011678,1,1,1,0,1,4,3,4,1.0000,1.0000,0,-0.038376,0.00001110,-0.038376,2.217641,-0.397135
2016-05-18,,2.8900,3.1600,15.9500,65.9292,105.860000,107.429100,0.116393,-0.045797,1,1,1,0,1,4,3,4,1.0000,1.0000,0,0.011371,0.00001110,0.011371,2.242858,-0.390280
2016-05-19,,2.8700,3.1600,16.3300,66.1504,105.310000,107.398700,0.117973,-0.031829,1,1,1,0,1,4,3,4,1.0000,1.0000,0,-0.015783,0.00001189,-0.015783,2.207458,-0.399903
2016-05-20,,2.8500,3.1600,15.2000,68.8053,106.470000,107.369800,0.117500,-0.033825,1,1,1,0,1,4,3,4,1.0000,1.0000,0,0.033392,0.00001228,0.033392,2.281168,-0.379865
2016-05-23,,2.8600,3.1600,15.8200,67.9204,106.330000,107.349200,0.116612,-0.015274,1,1,1,0,1,4,3,4,1.0000,1.0000,0,-0.004889,0.00001307,-0.004889,2.270015,-0.382897
2016-05-24,,2.8600,3.1600,14.4200,74.1150,108.460000,107.339950,0.116275,-0.029870,1,1,1,1,1,5,5,4,1.0000,1.0000,0,0.061205,0.00001386,0.061205,2.408951,-0.345127
2016-05-25,,2.8500,3.1600,13.9000,76.1062,109.240000,107.328300,0.115157,-0.010149,1,1,1,1,1,5,5,5,1.0000,1.0000,0,0.021540,0.00001386,0.021540,2.460839,-0.331021
2016-05-26,,2.8700,3.1600,13.4300,76.3274,109.560000,107.325400,0.116425,0.000621,1,1,1,1,0,4,3,5,1.0000,1.0000,0,0.008375,0.00001307,0.008375,2.481449,-0.325419
2016-05-27,,2.8600,3.1600,13.1200,78.3186,110.130000,107.323450,0.116129,-0.004305,1,1,1,1,1,5,5,4,1.0000,1.0000,0,0.015048,0.00001228,0.015048,2.518790,-0.315267
2016-05-31,,2.8500,3.1600,14.1900,78.7611,110.340000,107.323450,0.117113,-0.003646,1,1,1,1,1,5,5,5,1.0000,1.0000,0,0.005968,0.00001268,0.005968,2.533823,-0.311181
2016-06-01,,2.8400,3.1600,14.2000,78.9823,110.350000,107.322650,0.117183,-0.007937,1,1,1,1,1,5,5,5,1.0000,1.0000,0,0.000383,0.00001347,0.000383,2.534794,-0.310917
2016-06-02,,2.8200,3.1600,13.6300,78.9823,110.580000,107.318400,0.116874,-0.032536,1,1,1,1,1,5,5,5,1.0000,1.0000,0,0.005643,0.00001189,0.005643,2.549099,-0.307028
2016-06-03,,2.8300,3.1600,13.4700,76.7699,110.060000,107.314400,0.119079,-0.012639,1,1,1,1,1,5,5,5,1.0000,1.0000,0,-0.013697,0.00001149,-0.013697,2.514183,-0.316520
2016-06-06,,2.8600,3.1600,13.6500,78.5398,110.460000,107.316050,0.118311,-0.019460,1,1,1,1,1,5,5,5,1.0000,1.0000,0,0.010705,0.00001189,0.010705,2.541097,-0.309203
2016-06-07,,2.8600,3.1600,14.0500,79.6460,110.180000,107.331550,0.118032,-0.006194,1,1,1,1,1,5,5,5,1.0000,1.0000,0,-0.007061,0.00001110,-0.007061,2.523155,-0.314081
2016-06-08,,2.8600,3.1600,14.0800,80.5310,110.370000,107.371400,0.118355,-0.006011,1,1,1,1,1,5,5,5,1.0000,1.0000,0,0.004420,0.00001110,0.004420,2.534308,-0.311049
2016-06-09,,2.8500,3.1600,14.6400,78.5398,110.190000,107.430050,0.119530,0.000671,1,1,1,1,0,4,3,5,1.0000,1.0000,0,-0.004401,0.00000951,-0.004401,2.523155,-0.314081
2016-06-10,,2.8500,3.1600,17.0300,75.8850,108.940000,107.484300,0.120365,-0.001898,1,1,1,1,1,5,5,4,1.0000,1.0000,0,-0.033635,0.00001030,-0.033635,2.438290,-0.337151
2016-06-13,,2.8600,3.1600,20.9700,72.5664,108.030000,107.509300,0.121157,0.005672,1,0,1,1,0,3,1,5,1.0000,1.0000,0,-0.025656,0.00001030,-0.025656,2.375732,-0.354158
2016-06-14,,2.8600,3.1600,20.5000,71.6814,108.030000,107.521250,0.122044,0.026304,1,0,1,1,0,3,1,3,0.0000,0.0000,1,0.000510,0.00001070,-0.006966,2.359184,-0.358656
2016-06-15,,2.8800,3.1600,20.1400,71.0177,107.720000,107.531750,0.121444,0.023650,1,0,1,1,0,3,1,3,0.0000,0.0000,0,-0.008977,0.00001070,0.000011,2.359209,-0.358650
2016-06-16,,2.9000,3.1600,19.3700,71.6814,108.040000,107.550400,0.121851,0.030115,1,1,1,1,0,4,3,3,0.0000,0.0000,0,0.007206,0.00001030,0.000010,2.359233,-0.358643
2016-06-17,,2.9000,3.1600,19.4100,69.9115,106.490000,107.577600,0.122385,0.019993,1,1,1,0,0,3,1,4,1.0000,1.0000,1,-0.034236,0.00001070,-0.029759,2.289026,-0.377729
2016-06-20,,2.8900,3.1600,18.3700,72.7876,107.160000,107.593900,0.121145,0.006360,1,1,1,0,0,3,1,3,0.0000,0.0000,1,0.017990,0.00001070,0.036301,2.372119,-0.355140
2016-06-21,,2.8700,3.1600,18.4800,72.7876,107.500000,107.614450,0.120970,0.009301,1,1,1,0,0,3,1,3,0.0000,0.0000,0,0.009979,0.00001110,0.000011,2.372145,-0.355133
2016-06-22,,2.8600,3.1600,21.1700,72.5664,107.240000,107.639850,0.120591,0.000440,1,0,1,0,0,2,-1,3,0.0000,0.0000,0,-0.006484,0.00001070,0.000011,2.372171,-0.355126
2016-06-23,,2.8600,3.1600,17.2500,77.6549,108.770000,107.658500,0.119373,-0.002979,1,1,1,1,1,5,5,2,0.0000,0.0000,0,0.042163,0.00001070,0.000011,2.372196,-0.355119
2016-06-24,,2.8600,3.1600,25.7600,64.3805,104.290000,107.660650,0.124575,0.031581,1,0,1,0,0,2,-1,5,1.0000,1.0000,1,-0.122465,0.00001228,-0.018968,2.327200,-0.367351
2016-06-27,,2.9800,3.1600,23.8500,58.1858,102.220000,107.646800,0.127831,0.059869,1,0,1,0,0,2,-1,2,0.0000,0.0000,1,-0.058224,0.00001070,-0.021718,2.276657,-0.381091
2016-06-28,,2.9600,3.1600,18.7500,63.0531,104.460000,107.641250,0.126034,0.047451,1,1,1,0,0,3,1,2,0.0000,0.0000,0,0.062666,0.00001070,0.000011,2.276681,-0.381085
2016-06-29,,2.9500,3.1600,16.6400,67.2566,106.310000,107.646550,0.124262,0.043170,1,1,1,0,0,3,1,3,0.0000,0.0000,0,0.051952,0.00001030,0.000010,2.276705,-0.381078
2016-06-30,,2.9000,3.1600,15.6300,71.0177,107.540000,107.651800,0.125242,0.064608,1,1,1,0,0,3,1,3,0.0000,0.0000,0,0.036368,0.00001030,0.000010,2.276728,-0.381072
2016-07-01,,2.9200,3.1600,14.7700,70.3540,108.080000,107.656750,0.125000,0.050782,1,1,1,1,0,4,3,3,0.0000,0.0000,0,0.013704,0.00001030,0.000010,2.276752,-0.381066
2016-07-05,,2.8600,3.1600,15.5800,68.5841,107.420000,107.658200,0.126841,0.063169,1,1,1,0,0,3,1,4,1.0000,1.0000,1,-0.017718,0.00001110,-0.004548,2.266397,-0.383881
2016-07-06,,2.8300,3.1600,14.9600,68.5841,108.300000,107.672950,0.126347,0.061583,1,1,1,1,0,4,3,3,0.0000,0.0000,1,0.023564,0.00001110,-0.014898,2.232631,-0.393060
2016-07-07,,2.8300,3.1600,14.7600,68.8053,108.620000,107.687650,0.124090,0.044146,1,1,1,1,0,4,3,4,1.0000,1.0000,1,0.009473,0.00001070,0.004779,2.243300,-0.390159
2016-07-08,,2.7900,3.1600,13.2000,73.8938,110.300000,107.718650,0.123536,0.056942,1,1,1,1,0,4,3,4,1.0000,1.0000,0,0.046216,0.00001149,0.046216,2.346977,-0.361975
2016-07-11,,2.7800,3.1600,13.5400,75.2212,110.930000,107.752400,0.123008,0.053890,1,1,1,1,0,4,3,4,1.0000,1.0000,0,0.017072,0.00001110,0.017072,2.387044,-0.351083
2016-07-12,,2.7500,3.1600,13.5500,77.2124,111.490000,107.790850,0.120447,0.024605,1,1,1,1,0,4,3,4,1.0000,1.0000,0,0.015742,0.00001228,0.015742,2.424620,-0.340867
2016-07-13,,2.7000,3.1600,13.0400,76.9912,111.220000,107.832350,0.121417,0.036233,1,1,1,1,0,4,3,4,1.0000,1.0000,0,-0.007002,0.00001149,-0.007002,2.407643,-0.345483
2016-07-14,,2.6900,3.1600,12.8200,78.9823,111.980000,107.892300,0.119957,0.025086,1,1,1,1,0,4,3,4,1.0000,1.0000,0,0.020308,0.00001228,0.020308,2.456538,-0.332191
2016-07-15,,2.7000,3.1600,12.6700,78.9823,111.800000,107.953950,0.120465,0.057643,1,1,1,1,0,4,3,4,1.0000,1.0000,0,-0.005621,0.00001268,-0.005621,2.442730,-0.335944
2016-07-18,,2.6600,3.1600,12.4400,79.6460,112.540000,108.007850,0.120489,0.075630,1,1,1,1,0,4,3,4,1.0000,1.0000,0,0.019924,0.00001268,0.019924,2.491400,-0.322714
2016-07-19,,2.6700,3.1600,11.9700,79.2035,112.130000,108.057400,0.120403,0.064940,1,1,1,1,0,4,3,4,1.0000,1.0000,0,-0.010358,0.00001268,-0.010358,2.465594,-0.329729
2016-07-20,,2.6700,3.1600,11.7700,80.7522,113.440000,108.104550,0.119216,0.050436,1,1,1,1,0,4,3,4,1.0000,1.0000,0,0.034245,0.00001228,0.034245,2.550028,-0.306775
2016-07-21,,2.6600,3.1600,12.7400,80.7522,113.180000,108.142950,0.120385,0.060819,1,1,1,1,0,4,3,4,1.0000,1.0000,0,-0.005947,0.00001268,-0.005947,2.534862,-0.310898
2016-07-22,,2.6800,3.1600,12.0200,82.0796,113.650000,108.186200,0.121433,0.056918,1,1,1,1,0,4,3,4,1.0000,1.0000,0,0.011609,0.00001268,0.011609,2.564289,-0.302898
2016-07-25,,2.6600,3.1600,12.8700,82.0796,113.660000,108.226350,0.121556,0.049967,1,1,1,1,0,4,3,4,1.0000,1.0000,0,0.000883,0.00001307,0.000883,2.566553,-0.302283
2016-07-26,,2.6500,3.1600,13.0500,82.9646,113.790000,108.265050,0.120438,0.027776,1,1,1,1,0,4,3,4,1.0000,1.0000,0,0.003352,0.00001268,0.003352,2.575155,-0.299945
2016-07-27,,2.6500,3.1600,12.8300,81.6372,114.580000,108.305300,0.119181,0.016254,1,1,1,1,0,4,3,4,1.0000,1.0000,0,0.019515,0.00001228,0.019515,2.625409,-0.286283
2016-07-28,,2.6700,3.1600,12.7200,81.4159,114.980000,108.346250,0.119505,0.010864,1,1,1,1,0,4,3,4,1.0000,1.0000,0,0.010864,0.00001228,0.010864,2.653931,-0.278529
2016-07-29,,2.6800,3.1600,11.8700,80.5310,115.230000,108.391900,0.120026,-0.002727,1,1,1,1,1,5,5,4,1.0000,1.0000,0,0.006568,0.00000991,0.006568,2.671362,-0.273791
2016-08-01,,2.7100,3.1600,12.4400,80.7522,115.840000,108.441450,0.120195,0.002639,1,1,1,1,0,4,3,5,1.0000,1.0000,0,0.015676,0.00001110,0.015676,2.713239,-0.262407
2016-08-02,,2.7300,3.1600,13.3700,78.0973,114.960000,108.477900,0.120181,0.013249,1,1,1,1,0,4,3,4,1.0000,1.0000,0,-0.022526,0.00001149,-0.022526,2.652120,-0.279022
2016-08-03,,2.7500,3.1600,12.8600,79.2494,115.340000,108.514000,0.119114,-0.001316,1,1,1,1,1,5,5,4,1.0000,1.0000,0,0.009474,0.00001149,0.009474,2.677246,-0.272191
2016-08-04,,2.7600,3.1600,12.4200,79.9117,115.670000,108.548650,0.118918,0.008804,1,1,1,1,0,4,3,5,1.0000,1.0000,0,0.008963,0.00001110,0.008963,2.701242,-0.265668
2016-08-05,,2.7600,3.1600,11.3900,83.4437,116.780000,108.591650,0.116257,-0.028390,1,1,1,1,1,5,5,4,1.0000,1.0000,0,0.028911,0.00001030,0.028911,2.779339,-0.244437
2016-08-08,,2.7300,3.1600,11.5000,83.8852,116.650000,108.637300,0.116281,-0.033864,1,1,1,1,1,5,5,5,1.0000,1.0000,0,-0.003176,0.00001110,-0.003176,2.770510,-0.246837
2016-08-09,,2.7100,3.1600,11.6600,83.4437,116.920000,108.673350,0.116188,-0.039017,1,1,1,1,1,5,5,5,1.0000,1.0000,0,0.006618,0.00001228,0.006618,2.788846,-0.241853
2016-08-10,,2.7000,3.1600,12.0500,82.1192,116.620000,108.692550,0.116500,-0.027039,1,1,1,1,1,5,5,5,1.0000,1.0000,0,-0.007711,0.00001149,-0.007711,2.767341,-0.247699
2016-08-11,,2.7100,3.1600,11.6800,84.3267,117.120000,108.713900,0.116236,-0.021710,1,1,1,1,1,5,5,5,1.0000,1.0000,0,0.012924,0.00001110,0.012924,2.803107,-0.237976
2016-08-12,,2.7000,3.1600,11.5500,83.4437,117.200000,108.734500,0.116497,0.000959,1,1,1,1,0,4,3,5,1.0000,1.0000,0,0.001857,0.00001110,0.001857,2.808313,-0.236561
2016-08-15,,2.7100,3.1600,11.8100,84.5475,117.700000,108.752900,0.114382,-0.032653,1,1,1,1,1,5,5,4,1.0000,1.0000,0,0.012575,0.00001149,0.012575,2.843626,-0.226961
2016-08-16,,2.7000,3.1600,12.6400,83.6645,117.050000,108.768950,0.113622,-0.035006,1,1,1,1,1,5,5,5,1.0000,1.0000,0,-0.015762,0.00001228,-0.015762,2.798806,-0.239145
2016-08-17,,2.7000,3.1600,12.1900,83.2230,117.260000,108.788600,0.115103,-0.013774,1,1,1,1,1,5,5,5,1.0000,1.0000,0,0.004691,0.00001070,0.004691,2.811936,-0.235576
2016-08-18,,2.6900,3.1600,11.4300,83.8852,117.290000,108.802000,0.116262,-0.000118,1,1,1,1,1,5,5,5,1.0000,1.0000,0,0.000966,0.00001189,0.000966,2.814652,-0.234837
2016-08-19,,2.7000,3.1600,11.3400,84.9890,117.260000,108.813250,0.115013,-0.001301,1,1,1,1,1,5,5,5,1.0000,1.0000,0,-0.001367,0.00001189,-0.001367,2.810804,-0.235884
2016-08-22,,2.6700,3.1600,12.2700,84.9890,117.350000,108.824900,0.115316,-0.009948,1,1,1,1,1,5,5,5,1.0000,1.0000,0,0.000966,0.00001189,0.000966,2.813520,-0.235145
2016-08-23,,2.6500,3.1600,12.3800,84.5475,117.560000,108.839150,0.114582,-0.013877,1,1,1,1,1,5,5,5,1.0000,1.0000,0,0.005954,0.00001149,0.005954,2.830271,-0.230591
2016-08-24,,2.6400,3.1600,13.4500,83.8852,116.800000,108.849200,0.115125,-0.017623,1,1,1,1,1,5,5,5,1.0000,1.0000,0,-0.019276,0.00001189,-0.019276,2.775716,-0.245422
2016-08-25,,2.6400,3.1600,13.6300,83.4437,116.610000,108.864400,0.115273,-0.016870,1,1,1,1,1,5,5,5,1.0000,1.0000,0,-0.004730,0.00001228,-0.004730,2.762587,-0.248991
2016-08-26,,2.6300,3.1550,13.6500,82.3400,116.780000,108.881900,0.113098,-0.033292,1,1,1,1,1,5,5,5,1.0000,1.0000,0,0.004835,0.00001307,0.004835,2.775943,-0.245360
2016-08-29,,2.6300,3.1550,12.9400,84.1060,116.940000,108.900900,0.113459,-0.049012,1,1,1,1,1,5,5,5,1.0000,1.0000,0,0.002772,0.00001347,0.002772,2.783639,-0.243268
2016-08-30,,2.5900,3.1550,13.1200,83.4437,116.560000,108.923500,0.112454,-0.051060,1,1,1,1,1,5,5,5,1.0000,1.0000,0,-0.009027,0.00001307,-0.009027,2.758513,-0.250099
2016-08-31,,2.6200,3.1550,13.4200,82.7815,116.440000,108.956500,0.113235,-0.041736,1,1,1,1,1,5,5,5,1.0000,1.0000,0,-0.002626,0.00001307,-0.002626,2.751269,-0.252068
2016-09-01,,2.6100,3.1500,13.4800,82.5607,116.740000,108.983100,0.112655,-0.049299,1,1,1,1,1,5,5,5,1.0000,1.0000,0,0.004443,0.00001307,0.004443,2.763492,-0.248745
2016-09-02,,2.6200,3.1500,11.9800,83.2230,117.120000,109.011250,0.113637,-0.050763,1,1,1,1,1,5,5,5,1.0000,1.0000,0,0.011714,0.00001307,0.011714,2.795863,-0.239945
2016-09-06,,2.6300,3.1500,12.0200,84.3612,117.850000,109.032350,0.114527,-0.050566,1,1,1,1,1,5,5,5,1.0000,1.0000,0,0.018541,0.00001307,0.018541,2.847701,-0.225853
2016-09-07,,2.6400,3.1500,11.9400,84.1410,117.920000,109.053400,0.114561,-0.057197,1,1,1,1,1,5,5,5,1.0000,1.0000,0,0.001828,0.00001268,0.001828,2.852908,-0.224438
2016-09-08,,2.6500,3.1500,12.5100,83.7004,117.230000,109.067150,0.115212,-0.058795,1,1,1,1,1,5,5,5,1.0000,1.0000,0,-0.017139,0.00001347,-0.017139,2.804012,-0.237730
2016-09-09,,2.6700,3.1500,17.5000,74.8899,114.280000,109.067800,0.113607,-0.066254,1,1,1,1,1,5,5,5,1.0000,1.0000,0,-0.075805,0.00001386,-0.075805,2.591454,-0.295514
2016-09-12,,2.6700,3.1500,15.1600,81.0573,116.330000,109.079200,0.113987,-0.067001,1,1,1,1,1,5,5,5,1.0000,1.0000,0,0.051275,0.00001386,0.051275,2.724332,-0.259391
2016-09-13,,2.6800,3.1500,17.8500,76.2115,115.290000,109.084900,0.114055,-0.070275,1,1,1,1,1,5,5,5,1.0000,1.0000,0,-0.023598,0.00001466,-0.023598,2.660043,-0.276868
2016-09-14,,2.7000,3.1500,18.1400,75.7709,115.840000,109.092550,0.114544,-0.055880,1,1,1,1,1,5,5,5,1.0000,1.0000,0,0.012850,0.00001426,0.012850,2.694224,-0.267576
2016-09-15,,2.7000,3.1500,16.3000,78.1938,117.640000,109.110650,0.114270,-0.057205,1,1,1,1,1,5,5,5,1.0000,1.0000,0,0.046379,0.00001307,0.046379,2.819179,-0.233607
2016-09-16,,2.7200,3.1500,15.3700,76.4317,117.290000,109.121300,0.115433,-0.043854,1,1,1,1,1,5,5,5,1.0000,1.0000,0,-0.001124,0.00001149,-0.001124,2.816010,-0.234468
2016-09-19,,2.7100,3.1500,15.5300,77.0925,116.780000,109.132950,0.116560,-0.023857,1,1,1,1,1,5,5,5,1.0000,1.0000,0,-0.013103,0.00001189,-0.013103,2.779112,-0.244499
2016-09-20,,2.7000,3.1350,15.9200,76.2115,117.000000,109.155400,0.116343,-0.069428,1,1,1,1,1,5,5,5,1.0000,1.0000,0,0.005539,0.00001189,0.005539,2.794505,-0.240314
2016-09-21,,2.7000,3.1150,13.3000,79.0749,118.150000,109.170450,0.117389,-0.088317,1,1,1,1,1,5,5,5,1.0000,1.0000,0,0.029081,0.00001189,0.029081,2.875771,-0.218222
2016-09-22,,2.7000,3.1050,12.0200,81.9383,119.090000,109.192800,0.117368,-0.073486,1,1,1,1,1,5,5,5,1.0000,1.0000,0,0.023378,0.00000872,0.023378,2.943002,-0.199945
2016-09-23,,2.6900,3.1000,12.2900,79.2952,118.330000,109.211300,0.117922,-0.053324,1,1,1,1,1,5,5,5,1.0000,1.0000,0,-0.017999,0.00000714,-0.017999,2.890032,-0.214345
2016-09-26,,2.6800,3.1000,14.5000,76.6520,117.340000,109.233550,0.118582,-0.054384,1,1,1,1,1,5,5,5,1.0000,1.0000,0,-0.024830,0.00000714,-0.024830,2.818274,-0.233853
2016-09-27,,2.7000,3.0950,13.1000,78.4141,118.500000,109.259050,0.116320,-0.071309,1,1,1,1,1,5,5,5,1.0000,1.0000,0,0.028354,0.00000991,0.028354,2.898182,-0.212130
2016-09-28,,2.6900,3.0850,12.3900,79.9559,118.700000,109.298600,0.115583,-0.092260,1,1,1,1,1,5,5,5,1.0000,1.0000,0,0.005467,0.00001030,0.005467,2.914027,-0.207822
2016-09-29,,2.6900,3.0800,14.0200,78.1938,117.840000,109.329650,0.114892,-0.092837,1,1,1,1,1,5,5,5,1.0000,1.0000,0,-0.021207,0.00001070,-0.021207,2.852229,-0.224622
2016-09-30,,2.6700,3.0750,13.2900,79.5154,118.720000,109.361700,0.113245,-0.090215,1,1,1,1,1,5,5,5,1.0000,1.0000,0,0.020555,0.00001030,0.020555,2.910858,-0.208684
2016-10-03,,2.6900,3.0700,13.5700,76.8722,118.550000,109.384550,0.111920,-0.095419,1,1,1,1,1,5,5,5,1.0000,1.0000,0,-0.002255,0.00001149,-0.002255,2.904294,-0.210468
2016-10-04,,2.6600,3.0650,13.6300,72.0264,118.370000,109.414800,0.110141,-0.105236,1,1,1,1,1,5,5,5,1.0000,1.0000,0,-0.005690,0.00001268,-0.005690,2.887768,-0.214961
2016-10-05,,2.6600,3.0600,12.9900,71.5859,118.790000,109.459600,0.109424,-0.091808,1,1,1,1,1,5,5,5,1.0000,1.0000,0,0.010426,0.00001307,0.010426,2.917876,-0.206776
2016-10-06,,2.6400,3.0550,12.8400,71.5859,118.730000,109.498000,0.109324,-0.099997,1,1,1,1,1,5,5,5,1.0000,1.0000,0,-0.001552,0.00001268,-0.001552,2.913348,-0.208007
2016-10-07,,2.6100,3.0500,13.4800,69.6035,118.470000,109.531450,0.109561,-0.086227,1,1,1,1,1,5,5,5,1.0000,1.0000,0,-0.006527,0.00001307,-0.006527,2.894333,-0.213176
2016-10-10,,2.6300,3.0400,13.3800,71.1454,119.220000,109.564500,0.109895,-0.087875,1,1,1,1,1,5,5,5,1.0000,1.0000,0,0.017910,0.00001307,0.017910,2.946171,-0.199084
2016-10-11,,2.6300,3.0200,15.3600,68.0617,117.520000,109.589150,0.110036,-0.085562,1,1,1,1,1,5,5,5,1.0000,1.0000,0,-0.041337,0.00001307,-0.041337,2.824386,-0.232191
2016-10-12,,2.6000,3.0000,15.9100,68.7225,117.420000,109.613600,0.110968,-0.077464,1,1,1,1,1,5,5,5,1.0000,1.0000,0,-0.002084,0.00001386,-0.002084,2.818500,-0.233791
2016-10-13,,2.6000,2.9900,16.6900,68.7225,117.000000,109.627100,0.112718,-0.053485,1,1,1,1,1,5,5,5,1.0000,1.0000,0,-0.011726,0.00001466,-0.011726,2.785451,-0.242776
2016-10-14,,2.5900,2.9900,16.1200,67.4009,117.140000,109.646450,0.112026,-0.068423,1,1,1,1,1,5,5,5,1.0000,1.0000,0,0.002275,0.00001189,0.002275,2.791789,-0.241053
2016-10-17,,2.6300,2.9850,16.2100,65.6388,116.820000,109.671250,0.113029,-0.067659,1,1,1,1,1,5,5,5,1.0000,1.0000,0,-0.006892,0.00001268,-0.006892,2.772548,-0.246283
2016-10-18,,2.6200,2.9700,15.2800,68.3516,117.860000,109.713050,0.113284,-0.067121,1,1,1,1,1,5,5,5,1.0000,1.0000,0,0.025637,0.00001347,0.025637,2.843626,-0.226961
2016-10-19,,2.6200,2.9600,14.4100,68.3516,117.850000,109.755750,0.112726,-0.063303,1,1,1,1,1,5,5,5,1.0000,1.0000,0,0.000398,0.00001347,0.000398,2.844759,-0.226653
2016-10-20,,2.6200,2.9550,13.7500,67.9121,117.710000,109.803000,0.112867,-0.052330,1,1,1,1,1,5,5,5,1.0000,1.0000,0,-0.004218,0.00001386,-0.004218,2.832761,-0.229915
2016-10-21,,2.5900,2.9400,13.3400,67.0330,118.150000,109.869400,0.112160,-0.060667,1,1,1,1,1,5,5,5,1.0000,1.0000,0,0.010868,0.00001386,0.010868,2.863547,-0.221545
2016-10-24,,2.6000,2.9250,13.0200,69.0110,119.570000,109.947200,0.112104,-0.065324,1,1,1,1,1,5,5,5,1.0000,1.0000,0,0.036442,0.00001347,0.036442,2.967902,-0.193176
2016-10-25,,2.5900,2.9150,13.4600,66.8132,119.190000,110.021500,0.113181,-0.057605,1,1,1,1,1,5,5,5,1.0000,1.0000,0,-0.009991,0.00001307,-0.009991,2.938249,-0.201238
2016-10-26,,2.5800,2.9100,14.2400,65.4945,118.380000,110.085700,0.113690,-0.053564,1,1,1,1,1,5,5,5,1.0000,1.0000,0,-0.019183,0.00001347,-0.019183,2.881883,-0.216561
2016-10-27,,2.6000,2.9050,15.3600,62.1978,117.840000,110.165400,0.113313,-0.048018,1,1,1,1,1,5,5,5,1.0000,1.0000,0,-0.013982,0.00001307,-0.013982,2.841589,-0.227515
2016-10-28,,2.5900,2.9000,16.1900,63.2967,117.100000,110.230550,0.114002,-0.040599,1,1,1,1,1,5,5,5,1.0000,1.0000,0,-0.017287,0.00001189,-0.017287,2.792468,-0.240868
2016-10-31,,2.6000,2.9000,17.0600,65.7143,116.990000,110.311300,0.116279,0.000179,1,1,1,1,0,4,3,5,1.0000,1.0000,0,-0.005674,0.00001189,-0.005674,2.776622,-0.245176
2016-11-01,,2.6100,2.9000,18.5600,60.2198,116.110000,110.386550,0.114995,-0.010703,1,1,1,1,1,5,5,4,1.0000,1.0000,0,-0.020545,0.00001347,-0.020545,2.719578,-0.260683
2016-11-02,,2.6100,2.9000,19.3200,57.3626,115.180000,110.458700,0.114237,-0.016149,1,1,1,1,1,5,5,5,1.0000,1.0000,0,-0.026053,0.00001386,-0.026053,2.648724,-0.279945
2016-11-03,,2.6300,2.9000,22.0800,56.0440,114.050000,110.524700,0.115193,-0.010760,1,0,1,1,1,4,3,5,1.0000,1.0000,0,-0.028801,0.00001466,-0.028801,2.572439,-0.300683
2016-11-04,,2.6700,2.8950,22.5100,55.8242,113.650000,110.574100,0.114960,-0.010467,1,0,1,1,1,4,3,4,1.0000,1.0000,0,-0.011352,0.00001505,-0.011352,2.543237,-0.308621
2016-11-07,,2.6700,2.8900,18.7100,62.1978,116.350000,110.644700,0.114450,-0.017147,1,1,1,1,1,5,5,4,1.0000,1.0000,0,0.071651,0.00001505,0.071651,2.725463,-0.259084
2016-11-08,,2.6600,2.8900,18.7400,64.3956,117.110000,110.714500,0.114824,0.003776,1,1,1,1,0,4,3,5,1.0000,1.0000,0,0.019601,0.00001624,0.019601,2.778886,-0.244561
2016-11-09,,2.6200,2.8900,14.3800,65.2747,117.650000,110.799850,0.109438,-0.036559,1,1,1,1,1,5,5,4,1.0000,1.0000,0,0.014011,0.00001703,0.014011,2.817821,-0.233976
2016-11-10,,2.6600,2.8900,14.7400,64.6154,115.750000,110.868600,0.106537,-0.073925,1,1,1,1,1,5,5,5,1.0000,1.0000,0,-0.047558,0.00001782,-0.047558,2.683811,-0.270406
2016-11-11,,2.6000,2.8900,14.1700,63.5165,115.800000,110.926950,0.106344,-0.084351,1,1,1,1,1,5,5,5,1.0000,1.0000,0,-0.000843,0.00001900,-0.000843,2.681548,-0.271022
2016-11-14,,2.6000,2.8850,14.4800,63.9560,114.630000,110.978050,0.106191,-0.076018,1,1,1,1,1,5,5,5,1.0000,1.0000,0,-0.033767,0.00001900,-0.033767,2.591000,-0.295637
2016-11-15,,2.6000,2.8800,13.3700,65.7143,116.220000,111.048400,0.107064,-0.071475,1,1,1,1,1,5,5,5,1.0000,1.0000,0,0.046305,0.00002177,0.046305,2.710975,-0.263022
2016-11-16,,2.5900,2.8750,13.7200,64.6154,116.910000,111.124650,0.106531,-0.069907,1,1,1,1,1,5,5,5,1.0000,1.0000,0,0.016283,0.00002019,0.016283,2.755117,-0.251022
2016-11-17,,2.5500,2.8700,13.3500,67.2527,117.760000,111.205200,0.106009,-0.079595,1,1,1,1,1,5,5,5,1.0000,1.0000,0,0.023170,0.00001861,0.023170,2.818953,-0.233668
2016-11-18,,2.5400,2.8700,12.8500,66.3736,117.320000,111.301200,0.105927,-0.081380,1,1,1,1,1,5,5,5,1.0000,1.0000,0,-0.011242,0.00001742,-0.011242,2.787261,-0.242284
2016-11-21,,2.5200,2.8700,12.4200,67.6923,118.540000,111.410800,0.106246,-0.061382,1,1,1,1,1,5,5,5,1.0000,1.0000,0,0.030050,0.00001742,0.030050,2.871018,-0.219514
2016-11-22,,2.5200,2.8650,12.4100,69.2308,118.900000,111.523700,0.106447,-0.062433,1,1,1,1,1,5,5,5,1.0000,1.0000,0,0.008988,0.00001821,0.008988,2.896823,-0.212499
2016-11-23,,2.5300,2.8600,12.4300,68.3516,118.420000,111.632350,0.105324,-0.064190,1,1,1,1,1,5,5,5,1.0000,1.0000,0,-0.012034,0.00001940,-0.012034,2.861962,-0.221976
2016-11-25,,2.4900,2.8600,12.3400,71.2088,118.800000,111.743600,0.106446,-0.061093,1,1,1,1,1,5,5,5,1.0000,1.0000,0,0.009650,0.00002019,0.009650,2.889579,-0.214468
2016-11-28,,2.4800,2.8600,13.1500,69.6703,118.530000,111.846150,0.109012,-0.032793,1,1,1,1,1,5,5,5,1.0000,1.0000,0,-0.005562,0.00001940,-0.005562,2.873507,-0.218838
2016-11-29,,2.4700,2.8600,12.9000,69.2308,118.940000,111.939700,0.109253,-0.039034,1,1,1,1,1,5,5,5,1.0000,1.0000,0,0.009611,0.00001900,0.009611,2.901124,-0.211330
2016-11-30,,2.4600,2.8600,13.3300,64.8352,117.500000,112.014700,0.106067,-0.074328,1,1,1,1,1,5,5,5,1.0000,1.0000,0,-0.032381,0.00001900,-0.032381,2.807182,-0.236868
2016-12-01,,2.4500,2.8600,14.0700,63.5165,115.470000,112.085400,0.105616,-0.078284,1,1,1,1,1,5,5,5,1.0000,1.0000,0,-0.054915,0.00001900,-0.054915,2.653026,-0.278776
2016-12-02,,2.4200,2.8600,14.1200,62.6374,115.700000,112.155750,0.106519,-0.075861,1,1,1,1,1,5,5,5,1.0000,1.0000,0,0.004010,0.00001900,0.004010,2.663664,-0.275883
2016-12-05,,2.4200,2.8600,12.1400,64.1758,116.600000,112.222350,0.106018,-0.069213,1,1,1,1,1,5,5,5,1.0000,1.0000,0,0.023116,0.00001940,0.023116,2.725237,-0.259145
2016-12-06,,2.4200,2.8600,11.7900,65.9341,116.880000,112.298850,0.105480,-0.076479,1,1,1,1,1,5,5,5,1.0000,1.0000,0,0.007227,0.00001940,0.007227,2.744931,-0.253791
2016-12-07,,2.4400,2.8600,12.2200,69.0110,118.360000,112.377900,0.105476,-0.079227,1,1,1,1,1,5,5,5,1.0000,1.0000,0,0.037110,0.00001940,0.037110,2.846796,-0.226099
2016-12-08,,2.4400,2.8600,12.6400,70.1099,118.570000,112.452950,0.105396,-0.084355,1,1,1,1,1,5,5,5,1.0000,1.0000,0,0.006123,0.00002058,0.006123,2.864227,-0.221361
2016-12-09,,2.4300,2.8600,11.7500,70.7692,119.500000,112.533300,0.105867,-0.077368,1,1,1,1,1,5,5,5,1.0000,1.0000,0,0.023393,0.00002019,0.023393,2.931231,-0.203146
2016-12-12,,2.4300,2.8600,12.6400,70.9890,118.960000,112.615600,0.107094,-0.076605,1,1,1,1,1,5,5,5,1.0000,1.0000,0,-0.013901,0.00002137,-0.013901,2.890484,-0.214222
2016-12-13,,2.4100,2.8600,12.7200,73.8462,120.460000,112.688950,0.107482,-0.083121,1,1,1,1,1,5,5,5,1.0000,1.0000,0,0.039079,0.00002019,0.039079,3.003442,-0.183515
2016-12-14,,2.3900,2.8600,13.1900,70.1099,120.210000,112.760850,0.106140,-0.092817,1,1,1,1,1,5,5,5,1.0000,1.0000,0,-0.007311,0.00002137,-0.007311,2.981484,-0.189484
2016-12-15,,2.3200,2.8550,12.7900,70.3297,120.400000,112.834700,0.106455,-0.097893,1,1,1,1,1,5,5,5,1.0000,1.0000,0,0.006074,0.00002177,0.006074,2.999594,-0.184561
2016-12-16,,2.2400,2.8500,12.2000,69.4505,119.600000,112.904350,0.107559,-0.086603,1,1,1,1,1,5,5,5,1.0000,1.0000,0,-0.012150,0.00002019,-0.012150,2.963148,-0.194469
2016-12-19,,2.2800,2.8500,11.7100,69.4505,120.090000,112.979700,0.107724,-0.090301,1,1,1,1,1,5,5,5,1.0000,1.0000,0,0.012223,0.00002019,0.012223,2.999368,-0.184622
2016-12-20,,2.2800,2.8500,11.4500,70.3297,120.550000,113.061700,0.107443,-0.099270,1,1,1,1,1,5,5,5,1.0000,1.0000,0,0.012075,0.00002058,0.012075,3.035586,-0.174777
2016-12-21,,2.2800,2.8500,11.2700,69.0110,120.460000,113.139900,0.107299,-0.081215,1,1,1,1,1,5,5,5,1.0000,1.0000,0,-0.003505,0.00002058,-0.003505,3.024947,-0.177669
2016-12-22,,2.2600,2.8500,11.4300,66.8132,120.120000,113.217200,0.107862,-0.069497,1,1,1,1,1,5,5,5,1.0000,1.0000,0,-0.008680,0.00002058,-0.008680,2.998689,-0.184807
2016-12-23,,2.2700,2.8500,11.4400,67.6923,120.200000,113.285750,0.107682,-0.065974,1,1,1,1,1,5,5,5,1.0000,1.0000,0,0.003095,0.00002019,0.003095,3.007969,-0.182284
2016-12-27,,2.2500,2.8500,11.9900,68.5714,120.820000,113.356500,0.107504,-0.053034,1,1,1,1,1,5,5,5,1.0000,1.0000,0,0.014600,0.00002058,0.014600,3.051885,-0.170346
2016-12-28,,2.2500,2.8450,12.9500,65.7143,119.880000,113.422750,0.107375,-0.042226,1,1,1,1,1,5,5,5,1.0000,1.0000,0,-0.023142,0.00002019,-0.023142,2.981258,-0.189546
2016-12-29,,2.2600,2.8350,13.3700,66.8132,119.710000,113.483400,0.108848,-0.012267,1,1,1,1,1,5,5,5,1.0000,1.0000,0,-0.004859,0.00002098,-0.004859,2.966771,-0.193484
2016-12-30,,2.2700,2.8300,14.0400,65.4945,118.480000,113.538200,0.108643,-0.007393,1,1,1,1,1,5,5,5,1.0000,1.0000,0,-0.029223,0.00001861,-0.029223,2.880072,-0.217053
2017-01-03,,2.2800,2.8300,12.8500,67.4725,119.540000,113.599050,0.107552,-0.016923,1,1,1,1,1,5,5,5,1.0000,1.0000,0,0.024208,0.00002019,0.024208,2.949793,-0.198099
2017-01-04,,2.2700,2.8250,11.8500,70.5495,120.190000,113.661050,0.107313,-0.021619,1,1,1,1,1,5,5,5,1.0000,1.0000,0,0.017036,0.00002098,0.017036,3.000047,-0.184438
2017-01-05,,2.2500,2.8050,11.6700,70.9890,120.870000,113.724800,0.107509,-0.022746,1,1,1,1,1,5,5,5,1.0000,1.0000,0,0.017732,0.00002098,0.017732,3.053243,-0.169977
2017-01-06,,2.2500,2.7850,11.3200,72.0879,121.930000,113.798300,0.107456,-0.024965,1,1,1,1,1,5,5,5,1.0000,1.0000,0,0.025356,0.00002058,0.025356,3.130661,-0.148931
2017-01-09,,2.2400,2.7700,11.5600,69.2308,122.330000,113.873650,0.106398,-0.043637,1,1,1,1,1,5,5,5,1.0000,1.0000,0,0.010123,0.00002098,0.010123,3.162352,-0.140315
2017-01-10,,2.2400,2.7600,11.4900,70.9890,122.600000,113.951100,0.106067,-0.062726,1,1,1,1,1,5,5,5,1.0000,1.0000,0,0.005726,0.00001979,0.005726,3.180461,-0.135392
2017-01-11,,2.2400,2.7550,11.2600,70.7692,122.930000,114.021600,0.106869,-0.049052,1,1,1,1,1,5,5,5,1.0000,1.0000,0,0.007687,0.00002058,0.007687,3.204909,-0.128746
2017-01-12,,2.2200,2.7500,11.5400,70.7692,122.740000,114.088500,0.107226,-0.054753,1,1,1,1,1,5,5,5,1.0000,1.0000,0,-0.005085,0.00002058,-0.005085,3.188610,-0.133177
2017-01-13,,2.2500,2.7400,11.2300,72.0879,123.160000,114.158300,0.106827,-0.060562,1,1,1,1,1,5,5,5,1.0000,1.0000,0,0.011501,0.00002058,0.011501,3.225282,-0.123208
2017-01-17,,2.2300,2.7300,11.8700,73.1868,122.790000,114.220450,0.108376,-0.040751,1,1,1,1,1,5,5,5,1.0000,1.0000,0,-0.009405,0.00002098,-0.009405,3.194949,-0.131454
2017-01-18,,2.2600,2.7250,12.4800,72.9670,123.040000,114.285950,0.108004,-0.045675,1,1,1,1,1,5,5,5,1.0000,1.0000,0,0.006802,0.00002177,0.006802,3.216681,-0.125546
2017-01-19,,2.2200,2.7150,12.7800,70.5495,122.980000,114.356450,0.107454,-0.044295,1,1,1,1,1,5,5,5,1.0000,1.0000,0,-0.002674,0.00002098,-0.002674,3.208078,-0.127885
2017-01-20,,2.2100,2.7100,11.5400,72.0879,123.250000,114.419350,0.107259,-0.045597,1,1,1,1,1,5,5,5,1.0000,1.0000,0,0.006492,0.00002058,0.006492,3.228904,-0.122223
2017-01-23,,2.2100,2.7100,11.7700,70.1099,123.350000,114.490700,0.106987,-0.057793,1,1,1,1,1,5,5,5,1.0000,1.0000,0,0.002243,0.00001979,0.002243,3.236147,-0.120254
2017-01-24,,2.2100,2.7100,11.0700,72.7473,124.180000,114.566600,0.106283,-0.069372,1,1,1,1,1,5,5,5,1.0000,1.0000,0,0.020845,0.00002019,0.020845,3.303606,-0.101916
2017-01-25,,2.2200,2.7100,10.8100,74.0659,125.430000,114.650750,0.105371,-0.075485,1,1,1,1,1,5,5,5,1.0000,1.0000,0,0.029190,0.00002019,0.029190,3.400038,-0.075700
2017-01-26,,2.2100,2.7050,10.6300,72.9670,125.560000,114.731000,0.105525,-0.080235,1,1,1,1,1,5,5,5,1.0000,1.0000,0,0.004128,0.00001979,0.004128,3.414072,-0.071885
2017-01-27,,2.2000,2.7000,10.5800,72.0879,125.800000,114.805450,0.105669,-0.098292,1,1,1,1,1,5,5,5,1.0000,1.0000,0,0.004774,0.00002019,0.004774,3.430371,-0.067454
2017-01-30,,2.1900,2.7000,11.8800,71.6484,124.820000,114.874950,0.106416,-0.080445,1,1,1,1,1,5,5,5,1.0000,1.0000,0,-0.022700,0.00002058,-0.022700,3.352501,-0.088623
2017-01-31,,2.2100,2.7000,11.9900,73.4066,124.570000,114.944600,0.108074,-0.058525,1,1,1,1,1,5,5,5,1.0000,1.0000,0,-0.005537,0.00002019,-0.005537,3.333938,-0.093670
2017-02-01,,2.2300,2.7000,11.8100,71.6484,125.430000,115.015600,0.106164,-0.085457,1,1,1,1,1,5,5,5,1.0000,1.0000,0,0.019012,0.00002058,0.019012,3.397322,-0.076439
2017-02-02,,2.2300,2.7000,11.9300,75.1648,125.320000,115.089450,0.107213,-0.073599,1,1,1,1,1,5,5,5,1.0000,1.0000,0,-0.002532,0.00002019,-0.002532,3.388719,-0.078777
2017-02-03,,2.2300,2.7000,10.9700,75.6044,125.680000,115.164650,0.106610,-0.073701,1,1,1,1,1,5,5,5,1.0000,1.0000,0,0.008684,0.00002058,0.008684,3.418147,-0.070778
2017-02-06,,2.2400,2.7000,11.3700,74.2857,125.830000,115.240550,0.106583,-0.076742,1,1,1,1,1,5,5,5,1.0000,1.0000,0,0.003709,0.00002019,0.003709,3.430824,-0.067331
2017-02-07,,2.2500,2.7000,11.2900,74.2857,126.290000,115.327100,0.106840,-0.025111,1,1,1,1,1,5,5,5,1.0000,1.0000,0,0.010293,0.00002098,0.010293,3.466137,-0.057731
2017-02-08,,2.2400,2.7000,11.4500,77.1429,126.500000,115.414700,0.107747,0.012006,1,1,1,1,0,4,3,5,1.0000,1.0000,0,0.005617,0.00002098,0.005617,3.485605,-0.052439
2017-02-09,,2.2500,2.7000,10.8800,79.3407,126.960000,115.507250,0.106201,-0.001432,1,1,1,1,1,5,5,4,1.0000,1.0000,0,0.010391,0.00002137,0.010391,3.521823,-0.042593
2017-02-10,,2.2400,2.7000,10.8500,80.4396,127.380000,115.606250,0.106453,0.002636,1,1,1,1,0,4,3,5,1.0000,1.0000,0,0.009898,0.00002137,0.009898,3.556684,-0.033116
2017-02-13,,2.2300,2.7000,11.0700,81.0989,128.100000,115.715350,0.106393,-0.006691,1,1,1,1,1,5,5,4,1.0000,1.0000,0,0.017566,0.00002177,0.017566,3.619161,-0.016132
2017-02-14,,2.2300,2.6950,10.7400,80.6593,128.530000,115.829400,0.105199,-0.013416,1,1,1,1,1,5,5,5,1.0000,1.0000,0,0.009382,0.00002058,0.009382,3.653116,-0.006901
2017-02-15,,2.2100,2.6900,11.9700,81.3187,129.290000,115.942250,0.104397,-0.016314,1,1,1,1,1,5,5,5,1.0000,1.0000,0,0.017227,0.00002137,0.017227,3.716047,0.000000
2017-02-16,,2.1900,2.6900,11.7600,81.9780,129.250000,116.059850,0.105530,-0.004024,1,1,1,1,1,5,5,5,1.0000,1.0000,0,-0.000853,0.00002137,-0.000853,3.712877,-0.000853
2017-02-17,,2.2000,2.6900,11.4900,82.8571,129.810000,116.183650,0.105428,-0.008222,1,1,1,1,1,5,5,5,1.0000,1.0000,0,0.012560,0.00002098,0.012560,3.759509,0.000000
2017-02-21,,2.2100,2.6900,11.5700,84.1758,130.450000,116.310800,0.105903,-0.005476,1,1,1,1,1,5,5,5,1.0000,1.0000,0,0.015896,0.00002098,0.015896,3.819270,0.000000
2017-02-22,,2.2000,2.6900,11.7400,83.7363,130.500000,116.435400,0.106442,0.011360,1,1,1,1,0,4,3,5,1.0000,1.0000,0,0.000119,0.00002098,0.000119,3.819723,0.000000
2017-02-23,,2.2100,2.6850,11.7100,83.7363,130.010000,116.556050,0.107469,0.010255,1,1,1,1,0,4,3,4,1.0000,1.0000,0,-0.010786,0.00002058,-0.010786,3.778524,-0.010786
2017-02-24,,2.2300,2.6800,11.4700,85.4945,130.260000,116.670700,0.108959,-0.000522,1,1,1,1,1,5,5,4,1.0000,1.0000,0,0.005392,0.00002019,0.005392,3.798897,-0.005452
2017-02-27,,2.2300,2.6800,12.0900,85.7143,130.420000,116.791000,0.108178,-0.010561,1,1,1,1,1,5,5,5,1.0000,1.0000,0,0.002979,0.00002058,0.002979,3.810216,-0.002489
2017-02-28,,2.2100,2.6800,12.9200,85.2747,130.020000,116.911650,0.109464,0.034369,1,1,1,1,0,4,3,5,1.0000,1.0000,0,-0.007842,0.00001979,-0.007842,3.780335,-0.010312
2017-03-01,,2.1900,2.6750,12.5400,86.8132,131.440000,117.041350,0.106994,0.014252,1,1,1,1,0,4,3,4,1.0000,1.0000,0,0.032335,0.00002098,0.032335,3.902574,0.000000
2017-03-02,,2.1800,2.6700,11.8100,85.4945,130.780000,117.161150,0.108448,0.019650,1,1,1,1,0,4,3,4,1.0000,1.0000,0,-0.015777,0.00002492,-0.015777,3.841001,-0.015777
2017-03-03,,2.1600,2.6700,10.9600,85.4945,131.020000,117.288850,0.108045,0.020622,1,1,1,1,0,4,3,4,1.0000,1.0000,0,0.005186,0.00002650,0.005186,3.860921,-0.010673
2017-03-06,,2.1600,2.6700,11.2400,84.6154,130.730000,117.413200,0.108157,0.027208,1,1,1,1,0,4,3,4,1.0000,1.0000,0,-0.006918,0.00002808,-0.006918,3.834210,-0.017517
2017-03-07,,2.1700,2.6700,11.4500,81.9780,130.510000,117.539200,0.108418,0.029426,1,1,1,1,0,4,3,4,1.0000,1.0000,0,-0.004959,0.00002926,-0.004959,3.815195,-0.022390
2017-03-08,,2.1500,2.6700,11.8600,81.0989,130.740000,117.660550,0.107055,0.016537,1,1,1,1,0,4,3,4,1.0000,1.0000,0,0.005103,0.00003005,0.005103,3.834663,-0.017401
2017-03-09,,2.1500,2.6700,12.3000,80.8791,130.840000,117.783100,0.106687,0.008101,1,1,1,1,0,4,3,4,1.0000,1.0000,0,0.003070,0.00002886,0.003070,3.846434,-0.014385
2017-03-10,,2.1700,2.6700,11.6600,81.7582,131.390000,117.897750,0.107198,0.001025,1,1,1,1,0,4,3,4,1.0000,1.0000,0,0.010946,0.00002886,0.010946,3.888538,-0.003596
2017-03-13,,2.1800,2.6700,11.3500,81.3187,131.610000,118.009600,0.107460,-0.000212,1,1,1,1,1,5,5,4,1.0000,1.0000,0,0.005821,0.00002965,0.005821,3.911175,0.000000
2017-03-14,,2.1700,2.6650,12.3000,80.6593,131.290000,118.118250,0.107767,0.016072,1,1,1,1,0,4,3,5,1.0000,1.0000,0,-0.007408,0.00003123,-0.007408,3.882201,-0.007408
2017-03-15,,2.1800,2.6600,11.6300,83.5165,132.100000,118.228100,0.108558,0.020818,1,1,1,1,0,4,3,4,1.0000,1.0000,0,0.017493,0.00003083,0.017493,3.950111,0.000000
2017-03-16,,2.2000,2.6600,11.2100,82.8571,132.010000,118.336450,0.107577,0.000182,1,1,1,1,0,4,3,4,1.0000,1.0000,0,-0.000573,0.00002886,-0.000573,3.947846,-0.000573
2017-03-17,,2.2100,2.6600,11.2800,83.7363,131.690000,118.443150,0.108066,0.003341,1,1,1,1,0,4,3,4,1.0000,1.0000,0,-0.002408,0.00002886,-0.002408,3.938339,-0.002980
2017-03-20,,2.2200,2.6600,11.3400,82.6374,131.810000,118.549300,0.107496,0.000523,1,1,1,1,0,4,3,4,1.0000,1.0000,0,0.002989,0.00002886,0.002989,3.950111,0.000000
2017-03-21,,2.2300,2.6600,12.4700,80.2198,129.810000,118.648050,0.110405,0.029965,1,1,1,1,0,4,3,4,1.0000,1.0000,0,-0.044585,0.00003005,-0.044585,3.773996,-0.044585
2017-03-22,,2.2300,2.6600,12.8100,80.8791,130.690000,118.749200,0.110680,0.027150,1,1,1,1,0,4,3,4,1.0000,1.0000,0,0.019674,0.00003044,0.019674,3.848245,-0.025788
2017-03-23,,2.2300,2.6550,13.1200,81.0989,130.360000,118.850100,0.110456,0.026706,1,1,1,1,0,4,3,4,1.0000,1.0000,0,-0.008000,0.00003044,-0.008000,3.817459,-0.033582
2017-03-24,,2.2400,2.6500,12.9600,81.3187,130.630000,118.951400,0.110942,0.033054,1,1,1,1,0,4,3,4,1.0000,1.0000,0,0.005456,0.00003005,0.005456,3.838285,-0.028310
2017-03-27,,2.2200,2.6500,12.5000,80.4396,130.840000,119.054650,0.110628,0.031542,1,1,1,1,0,4,3,4,1.0000,1.0000,0,0.005308,0.00003083,0.005308,3.858658,-0.023152
2017-03-28,,2.2300,2.6500,11.5300,82.8947,131.640000,119.168150,0.109744,0.008638,1,1,1,1,0,4,3,4,1.0000,1.0000,0,0.018773,0.00003083,0.018773,3.931096,-0.004814
2017-03-29,,2.2200,2.6450,11.4200,83.5526,132.250000,119.289250,0.109344,0.006802,1,1,1,1,0,4,3,4,1.0000,1.0000,0,0.013244,0.00003083,0.013244,3.983160,0.000000
2017-03-30,,2.2300,2.6400,11.5400,83.9912,132.470000,119.411450,0.108151,0.005843,1,1,1,1,0,4,3,4,1.0000,1.0000,0,0.005001,0.00003083,0.005001,4.003081,0.000000
2017-03-31,,2.2300,2.6400,12.3700,83.7719,132.380000,119.534750,0.108828,0.014683,1,1,1,1,0,4,3,4,1.0000,1.0000,0,-0.002375,0.00003083,-0.002375,3.993573,-0.002375
2017-04-03,,2.2400,2.6400,12.3800,83.1140,132.300000,119.656050,0.108996,0.014377,1,1,1,1,0,4,3,4,1.0000,1.0000,0,-0.002154,0.00003005,-0.002154,3.984971,-0.004524
2017-04-04,,2.2600,2.6350,11.7900,82.8947,132.510000,119.786150,0.109266,0.017462,1,1,1,1,0,4,3,4,1.0000,1.0000,0,0.004545,0.00003123,0.004545,4.003081,-0.000000
2017-04-05,,2.2600,2.6300,12.8900,81.1404,131.970000,119.910200,0.110210,0.037135,1,1,1,1,0,4,3,4,1.0000,1.0000,0,-0.011423,0.00003123,-0.011423,3.957354,-0.011423
2017-04-06,,2.2900,2.6300,12.3900,81.3596,132.040000,120.032900,0.109625,0.034867,1,1,1,1,0,4,3,4,1.0000,1.0000,0,0.000801,0.00003162,0.000801,3.960523,-0.010631
2017-04-07,,2.2700,2.6300,12.8700,81.5789,131.970000,120.156550,0.109269,0.023253,1,1,1,1,0,4,3,4,1.0000,1.0000,0,-0.001143,0.00003123,-0.001143,3.955996,-0.011762
2017-04-10,,2.2400,2.6300,14.0500,82.0175,132.020000,120.272800,0.109395,0.021010,1,1,1,1,0,4,3,4,1.0000,1.0000,0,0.001145,0.00003241,0.001145,3.960523,-0.010631
2017-04-11,,2.2400,2.6300,15.0700,82.0175,131.450000,120.408600,0.109483,0.025740,1,1,1,1,0,4,3,4,1.0000,1.0000,0,-0.012574,0.00003241,-0.012574,3.910723,-0.023072
2017-04-12,,2.2400,2.6300,15.7700,80.2632,130.920000,120.552100,0.110776,0.022913,1,1,1,1,0,4,3,4,1.0000,1.0000,0,-0.013197,0.00003241,-0.013197,3.859111,-0.035965
2017-04-13,,2.2800,2.6250,15.9600,77.1930,130.400000,120.681800,0.111135,0.029722,1,1,1,1,0,4,3,4,1.0000,1.0000,0,-0.011849,0.00003201,-0.011849,3.813384,-0.047388
2017-04-17,,2.2800,2.6200,14.6600,80.2632,131.480000,120.807650,0.110649,0.030873,1,1,1,1,0,4,3,4,1.0000,1.0000,0,0.023745,0.00003201,0.023745,3.903932,-0.024768
2017-04-18,,2.2900,2.6200,14.4200,78.7281,131.280000,120.926350,0.111237,0.038250,1,1,1,1,0,4,3,4,1.0000,1.0000,0,-0.002899,0.00003280,-0.002899,3.892613,-0.027596
2017-04-19,,2.2900,2.6200,14.9300,79.1667,131.490000,121.043400,0.110671,0.035547,1,1,1,1,0,4,3,4,1.0000,1.0000,0,0.003489,0.00003241,0.003489,3.906195,-0.024203
2017-04-20,,2.2900,2.6200,14.1500,81.5789,132.590000,121.169250,0.109352,0.029862,1,1,1,1,0,4,3,4,1.0000,1.0000,0,0.024223,0.00003201,0.024223,4.000816,-0.000566
2017-04-21,,2.2800,2.6200,14.6300,81.1404,132.560000,121.290550,0.110256,0.047377,1,1,1,1,0,4,3,4,1.0000,1.0000,0,-0.000452,0.00003123,-0.000452,3.999006,-0.001018
2017-04-24,,2.2900,2.6150,10.8400,82.6754,134.160000,121.418250,0.109626,0.040194,1,1,1,1,0,4,3,4,1.0000,1.0000,0,0.036341,0.00003123,0.036341,4.144334,0.000000
2017-04-25,,2.2800,2.6100,10.7600,83.9912,135.130000,121.542400,0.108845,0.031316,1,1,1,1,0,4,3,4,1.0000,1.0000,0,0.022176,0.00003201,0.022176,4.236239,0.000000
2017-04-26,,2.2600,2.6100,10.8500,84.2105,134.940000,121.662450,0.108578,0.021284,1,1,1,1,0,4,3,4,1.0000,1.0000,0,-0.004382,0.00003241,-0.004382,4.217677,-0.004382
2017-04-27,,2.2700,2.6100,10.3600,82.4561,135.750000,121.783750,0.108864,0.007671,1,1,1,1,0,4,3,4,1.0000,1.0000,0,0.017497,0.00003280,0.017497,4.291472,0.000000
2017-04-28,,2.2800,2.6050,10.8200,81.3596,135.990000,121.907600,0.108577,0.023775,1,1,1,1,0,4,3,4,1.0000,1.0000,0,0.005697,0.00003201,0.005697,4.315920,0.000000
2017-05-01,,2.2800,2.6000,10.1100,79.8246,137.200000,122.033700,0.107655,0.004312,1,1,1,1,0,4,3,4,1.0000,1.0000,0,0.025176,0.00003162,0.025176,4.424576,0.000000
2017-05-02,,2.2900,2.6000,10.5900,79.6053,137.430000,122.161850,0.107740,0.011029,1,1,1,1,0,4,3,4,1.0000,1.0000,0,0.005935,0.00003280,0.005935,4.450835,0.000000
2017-05-03,,2.3000,2.6000,10.6800,78.5088,136.990000,122.284100,0.107493,0.008899,1,1,1,1,0,4,3,4,1.0000,1.0000,0,-0.009867,0.00003241,-0.009867,4.406919,-0.009867
2017-05-04,,2.2300,2.6000,10.4600,77.6316,137.040000,122.408650,0.107744,0.008824,1,1,1,1,0,4,3,4,1.0000,1.0000,0,0.001027,0.00003359,0.001027,4.411447,-0.008850
2017-05-05,,2.2500,2.6000,10.5700,78.9474,137.540000,122.529150,0.107906,0.001537,1,1,1,1,0,4,3,4,1.0000,1.0000,0,0.010879,0.00003398,0.010879,4.459437,0.000000
2017-05-08,,2.2400,2.6000,9.7700,79.1667,137.840000,122.652450,0.107882,0.016448,1,1,1,1,0,4,3,4,1.0000,1.0000,0,0.005990,0.00003556,0.005990,4.486148,0.000000
2017-05-09,,2.2300,2.6000,9.9600,79.3860,138.320000,122.775800,0.107188,0.007134,1,1,1,1,0,4,3,4,1.0000,1.0000,0,0.011000,0.00003595,0.011000,4.535497,0.000000
2017-05-10,,2.2200,2.5950,10.2100,79.1667,138.400000,122.899500,0.107162,0.007455,1,1,1,1,0,4,3,4,1.0000,1.0000,0,0.001597,0.00003595,0.001597,4.542740,0.000000
2017-05-11,,2.2200,2.5900,10.6000,79.1667,138.290000,123.022000,0.107528,0.022675,1,1,1,1,0,4,3,4,1.0000,1.0000,0,-0.002392,0.00003556,-0.002392,4.531874,-0.002392
2017-05-12,,2.2400,2.5900,10.4000,77.4123,138.600000,123.142100,0.108231,0.037356,1,1,1,1,0,4,3,4,1.0000,1.0000,0,0.006494,0.00003516,0.006494,4.561303,0.000000
2017-05-15,,2.2500,2.5900,10.4200,78.5088,139.040000,123.262400,0.108094,0.024875,1,1,1,1,0,4,3,4,1.0000,1.0000,0,0.009330,0.00003477,0.009330,4.603859,0.000000
2017-05-16,,2.2500,2.5900,10.6500,77.4123,139.620000,123.384350,0.107402,0.019121,1,1,1,1,0,4,3,4,1.0000,1.0000,0,0.012587,0.00003556,0.012587,4.661810,0.000000
2017-05-17,,2.2400,2.5900,15.5900,73.6842,136.070000,123.485500,0.109618,0.034975,1,1,1,1,0,4,3,4,1.0000,1.0000,0,-0.075653,0.00003556,-0.075653,4.309129,-0.075653
2017-05-18,,2.2600,2.5850,14.6600,74.1228,137.260000,123.597000,0.109558,0.029338,1,1,1,1,0,4,3,4,1.0000,1.0000,0,0.025321,0.00003556,0.025321,4.418238,-0.052248
2017-05-19,,2.2600,2.5650,12.0400,76.5351,137.840000,123.709500,0.109269,0.016884,1,1,1,1,0,4,3,4,1.0000,1.0000,0,0.012091,0.00003673,0.012091,4.471661,-0.040789
2017-05-22,,2.2600,2.5450,10.9300,77.8509,139.000000,123.826150,0.109657,0.006478,1,1,1,1,0,4,3,4,1.0000,1.0000,0,0.025919,0.00003634,0.025919,4.587561,-0.015927
2017-05-23,,2.2400,2.5350,10.7200,78.5088,139.140000,123.937950,0.109706,0.014306,1,1,1,1,0,4,3,4,1.0000,1.0000,0,0.002467,0.00003673,0.002467,4.598879,-0.013499
2017-05-24,,2.2200,2.5250,10.0200,78.7281,139.780000,124.053600,0.110074,0.005672,1,1,1,1,0,4,3,4,1.0000,1.0000,0,0.013782,0.00003634,0.013782,4.662262,0.000000
2017-05-25,,2.2500,2.5200,9.9900,77.8509,140.970000,124.173850,0.110440,0.032475,1,1,1,1,0,4,3,4,1.0000,1.0000,0,0.026316,0.00003673,0.026316,4.784953,0.000000
2017-05-26,,2.2400,2.5050,9.8100,77.8509,141.220000,124.296850,0.110463,0.018844,1,1,1,1,0,4,3,4,1.0000,1.0000,0,0.004258,0.00003713,0.004258,4.805326,0.000000
2017-05-30,,2.2400,2.4850,10.3800,76.9737,141.340000,124.417950,0.110911,0.026872,1,1,1,1,0,4,3,4,1.0000,1.0000,0,0.002073,0.00003713,0.002073,4.815287,0.000000
2017-05-31,,2.2500,2.4750,10.4100,77.6316,141.290000,124.538400,0.111498,0.031372,1,1,1,1,0,4,3,4,1.0000,1.0000,0,-0.001222,0.00003673,-0.001222,4.809401,-0.001222
2017-06-01,,2.2300,2.4650,9.8900,79.8246,141.840000,124.659100,0.111399,0.028234,1,1,1,1,0,4,3,4,1.0000,1.0000,0,0.011955,0.00003870,0.011955,4.866899,0.000000
2017-06-02,,2.2400,2.4550,9.7500,80.0875,143.460000,124.791150,0.111152,0.039499,1,1,1,1,0,4,3,4,1.0000,1.0000,0,0.034139,0.00003870,0.034139,5.033052,0.000000
2017-06-05,,2.2400,2.4450,10.0700,78.9934,143.430000,124.922000,0.110886,0.040535,1,1,1,1,0,4,3,4,1.0000,1.0000,0,-0.000810,0.00003870,-0.000810,5.028977,-0.000810
2017-06-06,,2.2400,2.4400,10.4500,78.3370,142.860000,125.049850,0.110995,0.036235,1,1,1,1,0,4,3,4,1.0000,1.0000,0,-0.011343,0.00003791,-0.011343,4.971932,-0.012144
2017-06-07,,2.2500,2.4350,10.3900,79.2123,143.420000,125.180650,0.111159,0.035271,1,1,1,1,0,4,3,4,1.0000,1.0000,0,0.010927,0.00003831,0.010927,5.026260,-0.001349
2017-06-08,,2.2300,2.4300,10.1600,78.7746,143.570000,125.311750,0.110181,0.023054,1,1,1,1,0,4,3,4,1.0000,1.0000,0,0.002702,0.00003949,0.002702,5.039843,0.000000
2017-06-09,,2.2300,2.4250,10.7000,79.4311,139.980000,125.423850,0.110246,0.015838,1,1,1,1,0,4,3,4,1.0000,1.0000,0,-0.072314,0.00003988,-0.072314,4.675392,-0.072314
2017-06-12,,2.2100,2.4200,11.4600,80.0875,139.230000,125.536000,0.110063,0.023583,1,1,1,1,0,4,3,4,1.0000,1.0000,0,-0.018108,0.00003988,-0.018108,4.590730,-0.089112
2017-06-13,,2.2200,2.4200,10.4200,81.8381,140.360000,125.654750,0.109793,0.016488,1,1,1,1,0,4,3,4,1.0000,1.0000,0,0.023373,0.00003870,0.023373,4.698028,-0.067822
2017-06-14,,2.2100,2.4150,10.6400,80.7440,139.750000,125.769600,0.110527,0.029078,1,1,1,1,0,4,3,4,1.0000,1.0000,0,-0.013395,0.00003949,-0.013395,4.635098,-0.080309
2017-06-15,,2.1900,2.4000,10.9000,80.7440,139.130000,125.880550,0.111375,0.009166,1,1,1,1,0,4,3,4,1.0000,1.0000,0,-0.013479,0.00003988,-0.013479,4.572620,-0.092706
2017-06-16,,2.1800,2.3550,10.3800,81.6193,138.150000,125.988500,0.111503,0.007702,1,1,1,1,0,4,3,4,1.0000,1.0000,0,-0.011980,0.00004027,-0.011980,4.517840,-0.103575
2017-06-19,,2.1900,2.3100,10.3700,82.0569,140.460000,126.108600,0.110214,-0.002288,1,1,1,1,1,5,5,4,1.0000,1.0000,0,0.048402,0.00004066,0.048402,4.736511,-0.060187
2017-06-20,,2.1700,2.2950,10.8600,80.5252,139.360000,126.221700,0.111024,0.000766,1,1,1,1,0,4,3,5,1.0000,1.0000,0,-0.022653,0.00004027,-0.022653,4.629213,-0.081477
2017-06-21,,2.1600,2.2900,10.7500,79.6499,140.740000,126.339800,0.110393,-0.002212,1,1,1,1,1,5,5,4,1.0000,1.0000,0,0.029046,0.00003988,0.029046,4.763675,-0.054797
2017-06-22,,2.1500,2.2900,10.4800,78.9934,140.700000,126.454050,0.109928,0.001732,1,1,1,1,0,4,3,5,1.0000,1.0000,0,-0.001140,0.00003909,-0.001140,4.758242,-0.055875
2017-06-23,,2.1600,2.2900,10.0200,79.2123,141.240000,126.570650,0.109427,0.000779,1,1,1,1,0,4,3,4,1.0000,1.0000,0,0.011227,0.00003791,0.011227,4.811664,-0.045275
2017-06-26,,2.1500,2.2900,9.9000,80.7440,140.580000,126.687400,0.110095,0.018507,1,1,1,1,0,4,3,4,1.0000,1.0000,0,-0.013267,0.00003831,-0.013267,4.747829,-0.057941
2017-06-27,,2.1500,2.2900,11.0600,78.3370,138.030000,126.806150,0.109746,0.008640,1,1,1,1,0,4,3,4,1.0000,1.0000,0,-0.055020,0.00003909,-0.055020,4.486601,-0.109773
2017-06-28,,2.1200,2.2850,10.0300,81.4004,140.020000,126.924600,0.107725,-0.012063,1,1,1,1,1,5,5,4,1.0000,1.0000,0,0.041978,0.00003949,0.041978,4.674939,-0.072404
2017-06-29,,2.1400,2.2800,11.4400,79.4311,137.590000,127.036100,0.107810,-0.013657,1,1,1,1,1,5,5,5,1.0000,1.0000,0,-0.050939,0.00004027,-0.050939,4.436800,-0.119655
2017-06-30,,2.1100,2.2800,11.1800,78.9934,137.640000,127.145100,0.107444,-0.025842,1,1,1,1,1,5,5,5,1.0000,1.0000,0,-0.003469,0.00004106,-0.003469,4.421408,-0.122709
2017-07-03,,2.0900,2.2800,11.2200,81.1816,136.190000,127.237850,0.106767,-0.026817,1,1,1,1,1,5,5,5,1.0000,1.0000,0,-0.027238,0.00004066,-0.027238,4.300979,-0.146604
2017-07-05,,2.0700,2.2800,11.0700,79.2123,137.530000,127.339050,0.106006,-0.030824,1,1,1,1,1,5,5,5,1.0000,1.0000,0,0.028526,0.00004184,0.028526,4.423671,-0.122260
2017-07-06,,2.0800,2.2800,12.5400,78.5558,136.290000,127.436600,0.106942,-0.022915,1,1,1,1,1,5,5,5,1.0000,1.0000,0,-0.026405,0.00004145,-0.026405,4.306865,-0.145437
2017-07-07,,2.0700,2.2800,11.1900,79.2576,137.760000,127.540400,0.106336,-0.029604,1,1,1,1,1,5,5,5,1.0000,1.0000,0,0.029959,0.00004106,0.029959,4.435895,-0.119835
2017-07-10,,2.0800,2.2800,11.1100,78.1659,138.660000,127.642950,0.106139,-0.043351,1,1,1,1,1,5,5,5,1.0000,1.0000,0,0.020923,0.00004145,0.020923,4.528706,-0.101419
2017-07-11,,2.0800,2.2800,10.8900,78.6026,139.050000,127.742750,0.106156,-0.046664,1,1,1,1,1,5,5,5,1.0000,1.0000,0,0.008197,0.00004106,0.008197,4.565829,-0.094053
2017-07-12,,2.0800,2.2800,10.3000,79.0393,140.700000,127.854600,0.106266,-0.041207,1,1,1,1,1,5,5,5,1.0000,1.0000,0,0.035598,0.00004145,0.035598,4.728362,-0.061804
2017-07-13,,2.0900,2.2750,9.9000,79.0393,141.010000,127.972950,0.105720,-0.051837,1,1,1,1,1,5,5,5,1.0000,1.0000,0,0.006607,0.00004145,0.006607,4.759600,-0.055605
2017-07-14,,2.0900,2.2700,9.5100,80.7860,142.120000,128.091050,0.105718,-0.047081,1,1,1,1,1,5,5,5,1.0000,1.0000,0,0.023495,0.00004145,0.023495,4.871425,-0.033417
2017-07-17,,2.0900,2.2700,9.8200,81.6594,142.190000,128.208500,0.106219,-0.029893,1,1,1,1,1,5,5,5,1.0000,1.0000,0,0.000558,0.00004106,0.000558,4.874142,-0.032878
2017-07-18,,2.0900,2.2700,9.8900,81.0044,143.140000,128.335000,0.106468,-0.035977,1,1,1,1,1,5,5,5,1.0000,1.0000,0,0.019877,0.00004224,0.019877,4.971027,-0.013654
2017-07-19,,2.0800,2.2700,9.7900,83.1878,143.980000,128.461300,0.106340,-0.031213,1,1,1,1,1,5,5,5,1.0000,1.0000,0,0.018306,0.00004224,0.018306,5.062027,0.000000
2017-07-20,,2.0700,2.2650,9.5800,82.0961,144.170000,128.589400,0.107062,-0.016970,1,1,1,1,1,5,5,5,1.0000,1.0000,0,0.003756,0.00004381,0.003756,5.081042,0.000000
2017-07-21,,2.0500,2.2600,9.3600,82.7511,144.110000,128.718100,0.107927,-0.006210,1,1,1,1,1,5,5,5,1.0000,1.0000,0,-0.001515,0.00004538,-0.001515,5.073346,-0.001515
2017-07-24,,2.0500,2.2600,9.4300,81.6594,144.770000,128.848000,0.106940,-0.018282,1,1,1,1,1,5,5,5,1.0000,1.0000,0,0.013029,0.00004577,0.013029,5.139445,0.000000
2017-07-25,,2.0600,2.2600,9.4300,83.1878,144.400000,128.976350,0.106075,-0.023950,1,1,1,1,1,5,5,5,1.0000,1.0000,0,-0.006695,0.00004616,-0.006695,5.105036,-0.006695
2017-07-26,,2.0500,2.2600,9.6000,81.6594,144.870000,129.108350,0.107081,-0.005526,1,1,1,1,1,5,5,5,1.0000,1.0000,0,0.008957,0.00004655,0.008957,5.150763,0.000000
2017-07-27,,2.0700,2.2600,10.1100,81.8777,143.960000,129.232050,0.107443,-0.002847,1,1,1,1,1,5,5,5,1.0000,1.0000,0,-0.017843,0.00004459,-0.017843,5.058857,-0.017843
2017-07-28,,2.0700,2.2600,10.2900,79.9127,143.840000,129.363650,0.107408,-0.000826,1,1,1,1,1,5,5,5,1.0000,1.0000,0,-0.003222,0.00004381,-0.003222,5.042559,-0.021007
2017-07-31,,2.0500,2.2600,10.2600,80.1310,143.230000,129.492700,0.107833,0.000854,1,1,1,1,0,4,3,5,1.0000,1.0000,0,-0.013018,0.00004263,-0.013018,4.976913,-0.033752
2017-08-01,,2.0600,2.2600,10.0900,80.5677,143.560000,129.625500,0.108200,0.002813,1,1,1,1,0,4,3,4,1.0000,1.0000,0,0.006550,0.00004224,0.006550,5.009510,-0.027424
2017-08-02,,2.0600,2.2550,10.2800,79.4760,143.950000,129.759550,0.108612,0.006988,1,1,1,1,0,4,3,4,1.0000,1.0000,0,0.007320,0.00004263,0.007320,5.046182,-0.020304
2017-08-03,,2.0500,2.2500,10.4400,79.2576,143.390000,129.892400,0.109370,0.020999,1,1,1,1,0,4,3,4,1.0000,1.0000,0,-0.010407,0.00004263,-0.010407,4.993664,-0.030500
2017-08-04,,2.0500,2.2500,10.0300,80.1310,143.650000,130.021350,0.108686,0.014666,1,1,1,1,0,4,3,4,1.0000,1.0000,0,0.003899,0.00004263,0.003899,5.013132,-0.026721
2017-08-07,,2.0500,2.2500,9.9300,79.4760,144.560000,130.154900,0.108827,0.012513,1,1,1,1,0,4,3,4,1.0000,1.0000,0,0.017701,0.00004263,0.017701,5.101868,-0.009493
2017-08-08,,2.0600,2.2500,10.9600,79.2576,144.310000,130.287900,0.109541,0.012521,1,1,1,1,0,4,3,4,1.0000,1.0000,0,-0.003727,0.00004027,-0.003727,5.082853,-0.013184
2017-08-09,,2.0700,2.2500,11.1100,78.3843,144.120000,130.417750,0.108979,0.008421,1,1,1,1,0,4,3,4,1.0000,1.0000,0,-0.003919,0.00004184,-0.003919,5.062932,-0.017052
2017-08-10,,2.0900,2.2500,16.0400,72.4891,141.030000,130.525050,0.110888,0.032956,1,1,1,1,0,4,3,4,1.0000,1.0000,0,-0.064920,0.00004184,-0.064920,4.734247,-0.080865
2017-08-11,,2.1100,2.2500,15.5100,73.1441,142.100000,130.639600,0.110069,0.004262,1,1,1,1,0,4,3,4,1.0000,1.0000,0,0.022856,0.00004145,0.022856,4.842451,-0.059858
2017-08-14,,2.1200,2.2500,12.3300,75.7642,143.930000,130.767350,0.109617,0.000564,1,1,1,1,0,4,3,4,1.0000,1.0000,0,0.038893,0.00004066,0.038893,5.030788,-0.023293
2017-08-15,,2.1100,2.2500,12.0400,75.1092,144.030000,130.898300,0.110239,0.009178,1,1,1,1,0,4,3,4,1.0000,1.0000,0,0.001800,0.00004027,0.001800,5.039843,-0.021535
2017-08-16,,2.0900,2.2500,11.7400,75.9825,144.280000,131.034200,0.110492,0.007856,1,1,1,1,0,4,3,4,1.0000,1.0000,0,0.005210,0.00004106,0.005210,5.066102,-0.016437
2017-08-17,,2.0900,2.2500,15.5500,67.9739,141.330000,131.155900,0.111440,0.016005,1,1,1,1,0,4,3,4,1.0000,1.0000,0,-0.061484,0.00004027,-0.061484,4.754620,-0.076910
2017-08-18,,2.1100,2.2500,14.2600,67.3203,141.230000,131.281500,0.112274,0.020156,1,1,1,1,0,4,3,4,1.0000,1.0000,0,-0.003523,0.00003949,-0.003523,4.737869,-0.080162
2017-08-21,,2.1200,2.2450,13.1900,67.1024,141.050000,131.410850,0.112598,0.019629,1,1,1,1,0,4,3,4,1.0000,1.0000,0,-0.001816,0.00004027,-0.001816,4.729267,-0.081832
2017-08-22,,2.1200,2.2400,11.3500,70.8061,143.200000,131.556600,0.111677,0.011160,1,1,1,1,0,4,3,4,1.0000,1.0000,0,0.044515,0.00003949,0.044515,4.939789,-0.040960
2017-08-23,,2.1000,2.2400,12.2500,69.5652,142.690000,131.701800,0.112447,0.014023,1,1,1,1,0,4,3,4,1.0000,1.0000,0,-0.011181,0.00003949,-0.011181,4.884555,-0.051683
2017-08-24,,2.1200,2.2400,12.2300,69.7826,142.270000,131.831400,0.112628,0.010241,1,1,1,1,0,4,3,4,1.0000,1.0000,0,-0.008342,0.00003949,-0.008342,4.843809,-0.059594
2017-08-25,,2.1200,2.2400,11.2800,71.0870,141.970000,131.955700,0.112733,0.012037,1,1,1,1,0,4,3,4,1.0000,1.0000,0,-0.006730,0.00004027,-0.006730,4.811212,-0.065922
2017-08-28,,2.1200,2.2400,11.3200,69.5652,142.410000,132.079500,0.112933,0.016048,1,1,1,1,0,4,3,4,1.0000,1.0000,0,0.008751,0.00004066,0.008751,4.853317,-0.057748
2017-08-29,,2.1300,2.2400,11.7000,69.1304,142.970000,132.215600,0.112559,0.015141,1,1,1,1,0,4,3,4,1.0000,1.0000,0,0.012313,0.00003870,0.012313,4.913078,-0.046146
2017-08-30,,2.1500,2.2400,11.2200,70.6522,144.650000,132.359850,0.111703,0.006454,1,1,1,1,0,4,3,4,1.0000,1.0000,0,0.034648,0.00004066,0.034648,5.083305,-0.013097
2017-08-31,,2.1400,2.2400,10.5900,71.7391,146.200000,132.517700,0.111055,-0.000950,1,1,1,1,1,5,5,4,1.0000,1.0000,0,0.028411,0.00004066,0.028411,5.227728,0.000000
2017-09-01,,2.1400,2.2400,10.1300,72.8261,146.000000,132.666600,0.110555,0.003450,1,1,1,1,0,4,3,5,1.0000,1.0000,0,-0.000693,0.00003988,-0.000693,5.224106,-0.000693
2017-09-05,,2.1500,2.2400,12.2300,68.4783,144.690000,132.805500,0.111639,0.012776,1,1,1,1,0,4,3,4,1.0000,1.0000,0,-0.026779,0.00004027,-0.026779,5.084211,-0.027453
2017-09-06,,2.1600,2.2400,11.6300,71.0870,145.130000,132.942350,0.110753,0.006361,1,1,1,1,0,4,3,4,1.0000,1.0000,0,0.008637,0.00004066,0.008637,5.128126,-0.019053
2017-09-07,,2.1700,2.2400,11.5500,70.0000,145.470000,133.083100,0.111597,0.016584,1,1,1,1,0,4,3,4,1.0000,1.0000,0,0.006180,0.00004224,0.006180,5.159818,-0.012990
2017-09-08,,2.1700,2.2400,12.1200,70.4348,144.210000,133.211450,0.112256,0.015794,1,1,1,1,0,4,3,4,1.0000,1.0000,0,-0.024656,0.00004145,-0.024656,5.032599,-0.037326
2017-09-11,,2.1700,2.2400,10.7300,72.8261,145.870000,133.346300,0.112014,0.005861,1,1,1,1,0,4,3,4,1.0000,1.0000,0,0.031846,0.00004106,0.031846,5.192868,-0.006668
2017-09-12,,2.1500,2.2400,10.5800,75.2174,146.220000,133.485300,0.109778,-0.015939,1,1,1,1,1,5,5,4,1.0000,1.0000,0,0.008457,0.00004145,0.008457,5.236782,0.000000
2017-09-13,,2.1600,2.2400,10.5000,74.1304,146.420000,133.623400,0.109186,-0.009541,1,1,1,1,1,5,5,5,1.0000,1.0000,0,0.004150,0.00004066,0.004150,5.258513,0.000000
2017-09-14,,2.1300,2.2400,10.4400,73.4783,145.560000,133.758550,0.110140,-0.008193,1,1,1,1,1,5,5,5,1.0000,1.0000,0,-0.016875,0.00004106,-0.016875,5.169778,-0.016875
2017-09-15,,2.1100,2.2400,10.1700,74.5652,146.060000,133.894150,0.109856,-0.004991,1,1,1,1,1,5,5,5,1.0000,1.0000,0,0.008057,0.00004145,0.008057,5.211429,-0.008954
2017-09-18,,2.1000,2.2400,10.1500,74.5652,145.550000,134.034400,0.108502,-0.013347,1,1,1,1,1,5,5,5,1.0000,1.0000,0,-0.002433,0.00004145,-0.002433,5.198752,-0.011365
2017-09-19,,2.1000,2.2400,10.1800,76.0870,145.800000,134.186050,0.108173,-0.011783,1,1,1,1,1,5,5,5,1.0000,1.0000,0,0.004267,0.00004145,0.004267,5.220937,-0.007146
2017-09-20,,2.0900,2.2350,9.7800,76.5217,145.350000,134.334300,0.107334,-0.025773,1,1,1,1,1,5,5,5,1.0000,1.0000,0,-0.008325,0.00004106,-0.008325,5.177474,-0.015411
2017-09-21,,2.0600,2.2300,9.6700,75.8696,144.460000,134.473600,0.107603,-0.020183,1,1,1,1,1,5,5,5,1.0000,1.0000,0,-0.019238,0.00004106,-0.019238,5.077872,-0.034352
2017-09-22,,2.0500,2.2300,9.5900,75.4348,144.320000,134.610800,0.106699,-0.009758,1,1,1,1,1,5,5,5,1.0000,1.0000,0,-0.002496,0.00004106,-0.002496,5.065196,-0.036763
2017-09-25,,2.0500,2.2300,10.2100,77.6573,142.800000,134.733000,0.107902,0.000876,1,1,1,1,0,4,3,5,1.0000,1.0000,0,-0.031373,0.00004066,-0.031373,4.906287,-0.066982
2017-09-26,,2.0600,2.2300,10.1700,76.1388,143.170000,134.856000,0.107636,0.001840,1,1,1,1,0,4,3,4,1.0000,1.0000,0,0.006828,0.00004145,0.006828,4.939789,-0.060611
2017-09-27,,2.0400,2.2300,9.8700,77.4403,144.460000,134.980800,0.105779,-0.009553,1,1,1,1,1,5,5,4,1.0000,1.0000,0,0.027129,0.00004184,0.027129,5.073798,-0.035127
2017-09-28,,2.0600,2.2300,9.5500,77.4403,144.410000,135.108050,0.106032,0.000252,1,1,1,1,0,4,3,5,1.0000,1.0000,0,-0.001695,0.00004224,-0.001695,5.065196,-0.036763
2017-09-29,,2.0500,2.2300,9.5100,78.3080,145.450000,135.233000,0.105581,-0.013300,1,1,1,1,1,5,5,4,1.0000,1.0000,0,0.021183,0.00004184,0.021183,5.172495,-0.016358
2017-10-02,,2.0000,2.2300,9.4500,79.3926,145.580000,135.359850,0.105303,-0.010126,1,1,1,1,1,5,5,5,1.0000,1.0000,0,0.002801,0.00004184,0.002801,5.186982,-0.013603
2017-10-03,,1.9900,2.2300,9.5100,78.3080,145.890000,135.487300,0.104781,-0.013349,1,1,1,1,1,5,5,5,1.0000,1.0000,0,0.006284,0.00003988,0.006284,5.219579,-0.007404
2017-10-04,,2.0000,2.2300,9.6300,79.3926,146.030000,135.619450,0.105704,-0.004455,1,1,1,1,1,5,5,5,1.0000,1.0000,0,0.002602,0.00004224,0.002602,5.233161,-0.004821
2017-10-05,,2.0100,2.2300,9.1900,80.4772,147.460000,135.756300,0.104983,-0.012601,1,1,1,1,1,5,5,5,1.0000,1.0000,0,0.028809,0.00004263,0.028809,5.383921,0.000000
2017-10-06,,2.0000,2.2300,9.6500,79.6095,147.660000,135.891850,0.105024,-0.006846,1,1,1,1,1,5,5,5,1.0000,1.0000,0,0.003616,0.00004224,0.003616,5.403389,0.000000
2017-10-09,,1.9800,2.2300,10.3300,78.5249,147.490000,136.027000,0.105336,-0.003735,1,1,1,1,1,5,5,5,1.0000,1.0000,0,-0.002514,0.00004224,-0.002514,5.389807,-0.002514
2017-10-10,,1.9800,2.2300,10.0800,79.3926,147.600000,136.164400,0.106080,-0.001362,1,1,1,1,1,5,5,5,1.0000,1.0000,0,0.002100,0.00004224,0.002100,5.401125,-0.000419
2017-10-11,,1.9700,2.2300,9.8500,80.0434,148.040000,136.303600,0.106364,-0.001015,1,1,1,1,1,5,5,5,1.0000,1.0000,0,0.008718,0.00004263,0.008718,5.448210,0.000000
2017-10-12,,1.9700,2.2300,9.9100,80.9111,147.770000,136.438350,0.107073,0.007101,1,1,1,1,0,4,3,5,1.0000,1.0000,0,-0.005401,0.00004341,-0.005401,5.418781,-0.005401
2017-10-13,,1.9700,2.2300,9.6100,80.4772,148.340000,136.580650,0.106197,-0.008332,1,1,1,1,1,5,5,4,1.0000,1.0000,0,0.011196,0.00004302,0.011196,5.479449,0.000000
2017-10-16,,1.9700,2.2300,9.9100,80.6941,148.850000,136.726350,0.105821,-0.020179,1,1,1,1,1,5,5,5,1.0000,1.0000,0,0.010328,0.00004302,0.010328,5.536040,0.000000
2017-10-17,,1.9700,2.2250,10.3100,81.3449,149.040000,136.879150,0.106373,-0.005495,1,1,1,1,1,5,5,5,1.0000,1.0000,0,0.003517,0.00004341,0.003517,5.555508,0.000000
2017-10-18,,1.9500,2.2200,10.0700,81.3449,148.860000,137.025750,0.106073,-0.000016,1,1,1,1,1,5,5,5,1.0000,1.0000,0,-0.003830,0.00004302,-0.003830,5.534229,-0.003830
2017-10-19,,1.9500,2.2200,10.0500,81.7787,148.310000,137.166350,0.107158,0.000747,1,1,1,1,0,4,3,5,1.0000,1.0000,0,-0.011044,0.00004302,-0.011044,5.473110,-0.014832
2017-10-20,,1.9400,2.2200,9.9700,81.3449,148.710000,137.305550,0.106686,-0.007333,1,1,1,1,1,5,5,4,1.0000,1.0000,0,0.007279,0.00004341,0.007279,5.512951,-0.007660
2017-10-23,,1.9400,2.2200,11.0700,81.3449,147.740000,137.434600,0.107161,-0.002381,1,1,1,1,1,5,5,5,1.0000,1.0000,0,-0.018642,0.00004381,-0.018642,5.410180,-0.026159
2017-10-24,,1.9400,2.2200,11.1600,80.6941,147.990000,137.562900,0.107070,-0.007354,1,1,1,1,1,5,5,5,1.0000,1.0000,0,0.005104,0.00004302,0.005104,5.437796,-0.021188
2017-10-25,,1.9200,2.2200,11.2300,79.6095,147.430000,137.687050,0.107133,-0.010178,1,1,1,1,1,5,5,5,1.0000,1.0000,0,-0.012155,0.00004420,-0.012155,5.371697,-0.033086
2017-10-26,,1.9300,2.2200,11.3000,78.7419,146.960000,137.807200,0.107014,-0.015198,1,1,1,1,1,5,5,5,1.0000,1.0000,0,-0.009271,0.00004420,-0.009271,5.321897,-0.042050
2017-10-27,,1.9100,2.2200,9.8000,78.5249,151.240000,137.949700,0.106806,-0.024462,1,1,1,1,1,5,5,5,1.0000,1.0000,0,0.086176,0.00004381,0.086176,5.780517,0.000000
2017-10-30,,1.9300,2.2200,10.5000,77.8742,151.580000,138.091800,0.107225,-0.013950,1,1,1,1,1,5,5,5,1.0000,1.0000,0,0.007127,0.00004341,0.007127,5.821716,0.000000
2017-10-31,,1.9200,2.2150,10.1800,77.0065,152.150000,138.238600,0.107175,-0.015752,1,1,1,1,1,5,5,5,1.0000,1.0000,0,0.010576,0.00004420,0.010576,5.883287,0.000000
2017-11-01,,1.9100,2.2100,10.2000,77.6573,152.100000,138.383900,0.106431,-0.029559,1,1,1,1,1,5,5,5,1.0000,1.0000,0,-0.001308,0.00004538,-0.001308,5.875591,-0.001308
2017-11-02,,1.9200,2.2100,9.9300,76.5727,151.810000,138.528050,0.106778,-0.021037,1,1,1,1,1,5,5,5,1.0000,1.0000,0,-0.005086,0.00004655,-0.005086,5.845711,-0.006387
2017-11-03,,1.9100,2.2100,9.1400,76.1388,153.270000,138.678150,0.106810,-0.038992,1,1,1,1,1,5,5,5,1.0000,1.0000,0,0.027881,0.00004616,0.027881,6.008695,0.000000
2017-11-06,,1.9100,2.2100,9.4000,76.1388,153.790000,138.830350,0.106239,-0.036893,1,1,1,1,1,5,5,5,1.0000,1.0000,0,0.010172,0.00004655,0.010172,6.069814,0.000000
2017-11-07,,1.9200,2.2100,9.8900,75.7050,153.880000,138.978850,0.107589,-0.019414,1,1,1,1,1,5,5,5,1.0000,1.0000,0,0.001641,0.00004694,0.001641,6.079775,0.000000
2017-11-08,,1.9000,2.2100,9.7800,75.4881,154.500000,139.124200,0.107483,-0.026275,1,1,1,1,1,5,5,5,1.0000,1.0000,0,0.012510,0.00004812,0.012510,6.155834,0.000000
2017-11-09,,1.9200,2.2100,10.5000,75.7050,153.690000,139.264850,0.108010,-0.023487,1,1,1,1,1,5,5,5,1.0000,1.0000,0,-0.016033,0.00004851,-0.016033,6.057137,-0.016033
2017-11-10,,1.9300,2.2100,11.2900,75.9219,153.680000,139.404250,0.107540,-0.037158,1,1,1,1,1,5,5,5,1.0000,1.0000,0,-0.000299,0.00004890,-0.000299,6.055327,-0.016327
2017-11-13,,1.9300,2.2100,11.5000,74.6204,153.870000,139.549500,0.108718,-0.033714,1,1,1,1,1,5,5,5,1.0000,1.0000,0,0.002991,0.00004851,0.002991,6.073436,-0.013385
2017-11-14,,1.9300,2.2100,11.5900,75.3247,153.310000,139.693200,0.110329,-0.021383,1,1,1,1,1,5,5,5,1.0000,1.0000,0,-0.010063,0.00004890,-0.010063,6.012317,-0.023314
2017-11-15,,1.9300,2.2100,13.1300,73.1602,152.590000,139.829000,0.109928,-0.016361,1,1,1,1,1,5,5,5,1.0000,1.0000,0,-0.014684,0.00004969,-0.014684,5.924033,-0.037655
2017-11-16,,1.9500,2.2050,11.7600,75.5411,154.540000,139.975100,0.108654,-0.035673,1,1,1,1,1,5,5,5,1.0000,1.0000,0,0.037448,0.00004930,0.037448,6.145874,-0.001618
2017-11-17,,1.9200,2.2000,11.4300,73.8095,153.950000,140.116450,0.108218,-0.041381,1,1,1,1,1,5,5,5,1.0000,1.0000,0,-0.011197,0.00005008,-0.011197,6.077058,-0.012797
2017-11-20,,1.9300,2.2000,10.6500,75.1082,153.830000,140.256450,0.107704,-0.047115,1,1,1,1,1,5,5,5,1.0000,1.0000,0,-0.002458,0.00005086,-0.002458,6.062118,-0.015224
2017-11-21,,1.9100,2.2000,9.7300,77.2727,155.500000,140.402500,0.107293,-0.053093,1,1,1,1,1,5,5,5,1.0000,1.0000,0,0.031516,0.00005126,0.031516,6.253172,0.000000
2017-11-22,,1.8800,2.1950,9.8800,76.1905,155.690000,140.548450,0.107388,-0.048739,1,1,1,1,1,5,5,5,1.0000,1.0000,0,0.003982,0.00005126,0.003982,6.278073,0.000000
2017-11-24,,1.9100,2.1900,9.6700,75.7576,156.260000,140.694950,0.107313,-0.041592,1,1,1,1,1,5,5,5,1.0000,1.0000,0,0.011250,0.00005086,0.011250,6.348699,0.000000
2017-11-27,,1.9000,2.1900,9.8700,75.1082,156.190000,140.839000,0.107828,-0.030556,1,1,1,1,1,5,5,5,1.0000,1.0000,0,-0.001640,0.00005086,-0.001640,6.338286,-0.001640
2017-11-28,,1.9300,2.1900,10.0300,78.5714,156.590000,140.981450,0.107239,-0.031812,1,1,1,1,1,5,5,5,1.0000,1.0000,0,0.007357,0.00005008,0.007357,6.384918,0.000000
2017-11-29,,1.9100,2.1900,10.7000,79.6537,153.860000,141.108100,0.107362,-0.040910,1,1,1,1,1,5,5,5,1.0000,1.0000,0,-0.051407,0.00005126,-0.051407,6.056685,-0.051407
2017-11-30,,1.9200,2.1850,11.2800,80.5195,155.150000,141.237400,0.106788,-0.038425,1,1,1,1,1,5,5,5,1.0000,1.0000,0,0.024817,0.00005086,0.024817,6.206993,-0.027866
2017-12-01,,1.8800,2.1800,11.4300,79.6537,154.490000,141.363600,0.106651,-0.047477,1,1,1,1,1,5,5,5,1.0000,1.0000,0,-0.013348,0.00005008,-0.013348,6.124143,-0.040842
2017-12-04,,1.8700,2.1800,11.6800,82.2511,152.710000,141.478100,0.106175,-0.058028,1,1,1,1,1,5,5,5,1.0000,1.0000,0,-0.034523,0.00005008,-0.034523,5.912716,-0.073956
2017-12-05,,1.8700,2.1800,11.3300,80.7359,152.810000,141.589900,0.105209,-0.064157,1,1,1,1,1,5,5,5,1.0000,1.0000,0,0.001455,0.00005086,0.001455,5.921317,-0.072609
2017-12-06,,1.8400,2.1750,11.0200,80.0866,153.500000,141.704900,0.105588,-0.040181,1,1,1,1,1,5,5,5,1.0000,1.0000,0,0.013227,0.00005126,0.013227,5.999641,-0.060342
2017-12-07,,1.8600,2.1700,10.1600,80.7359,154.020000,141.824950,0.105446,-0.036159,1,1,1,1,1,5,5,5,1.0000,1.0000,0,0.009885,0.00005126,0.009885,6.058949,-0.051053
2017-12-08,,1.8800,2.1700,9.5800,81.1688,154.700000,141.947150,0.105213,-0.047499,1,1,1,1,1,5,5,5,1.0000,1.0000,0,0.013226,0.00005086,0.013226,6.139083,-0.038502
2017-12-11,,1.8700,2.1700,9.3400,82.2511,155.900000,142.074550,0.105535,-0.042036,1,1,1,1,1,5,5,5,1.0000,1.0000,0,0.022935,0.00005047,0.022935,6.279883,-0.016450
2017-12-12,,1.8500,2.1700,9.9200,82.6840,155.690000,142.202900,0.103550,-0.048756,1,1,1,1,1,5,5,5,1.0000,1.0000,0,-0.003749,0.00005243,-0.003749,6.256341,-0.020138
2017-12-13,,1.8400,2.1700,10.1800,81.6017,155.990000,142.325650,0.103843,-0.042720,1,1,1,1,1,5,5,5,1.0000,1.0000,0,0.004993,0.00005282,0.004993,6.287580,-0.015245
2017-12-14,,1.8300,2.1700,10.4900,80.5195,155.880000,142.451150,0.104137,-0.031647,1,1,1,1,1,5,5,5,1.0000,1.0000,0,-0.001440,0.00005126,-0.001440,6.278525,-0.016663
2017-12-15,,1.8200,2.1650,9.4200,82.4675,157.650000,142.584300,0.103223,-0.043494,1,1,1,1,1,5,5,5,1.0000,1.0000,0,0.032521,0.00005204,0.032521,6.482708,0.000000
2017-12-18,,1.8000,2.1600,9.5300,82.2511,158.640000,142.723850,0.101435,-0.053041,1,1,1,1,1,5,5,5,1.0000,1.0000,0,0.025700,0.00005165,0.025700,6.649314,0.000000
2017-12-19,,1.8100,2.1600,10.0300,80.0866,157.700000,142.859800,0.099974,-0.078858,1,1,1,1,1,5,5,5,1.0000,1.0000,0,-0.016273,0.00005439,-0.016273,6.541111,-0.016273
2017-12-20,,1.8100,2.1600,9.7200,80.3030,157.530000,142.993750,0.099240,-0.083628,1,1,1,1,1,5,5,5,1.0000,1.0000,0,-0.004153,0.00005400,-0.004153,6.513947,-0.020358
2017-12-21,,1.8200,2.1600,9.6200,80.7359,157.550000,143.127300,0.097859,-0.080125,1,1,1,1,1,5,5,5,1.0000,1.0000,0,-0.000487,0.00005439,-0.000487,6.510778,-0.020835
2017-12-22,,1.7900,2.1600,9.9000,81.6017,157.370000,143.257200,0.098034,-0.080599,1,1,1,1,1,5,5,5,1.0000,1.0000,0,-0.003338,0.00005321,-0.003338,6.489046,-0.024103
2017-12-26,,1.7900,2.1550,10.2500,80.7359,156.520000,143.381750,0.097571,-0.080681,1,1,1,1,1,5,5,5,1.0000,1.0000,0,-0.016186,0.00005243,-0.016186,6.384013,-0.039899
2017-12-27,,1.7800,2.1500,10.4700,81.6017,156.540000,143.508000,0.097935,-0.074127,1,1,1,1,1,5,5,5,1.0000,1.0000,0,0.000000,0.00005791,0.000000,6.384013,-0.039899
2017-12-28,,1.7600,2.1500,10.1800,82.2511,156.730000,143.631150,0.098275,-0.065777,1,1,1,1,1,5,5,5,1.0000,1.0000,0,0.002695,0.00005674,0.002695,6.401216,-0.037312
2017-12-29,,1.7600,2.1500,11.0400,82.0346,155.760000,143.749900,0.098703,-0.069811,1,1,1,1,1,5,5,5,1.0000,1.0000,0,-0.018884,0.00005478,-0.018884,6.280336,-0.055491
2018-01-02,,1.7700,2.1500,9.7700,81.1688,158.490000,143.883900,0.097090,-0.079346,1,1,1,1,1,5,5,5,1.0000,1.0000,0,0.051326,0.00005478,0.051326,6.602683,-0.007013
2018-01-03,,1.7800,2.1500,9.1500,80.7359,160.030000,144.025000,0.095722,-0.094175,1,1,1,1,1,5,5,5,1.0000,1.0000,0,0.029279,0.00005674,0.029279,6.796000,0.000000
2018-01-04,,1.7700,2.1500,9.2200,81.1688,160.310000,144.177500,0.094529,-0.109728,1,1,1,1,1,5,5,5,1.0000,1.0000,0,0.005862,0.00005556,0.005862,6.835842,0.000000
2018-01-05,,1.7500,2.1500,9.2200,82.2511,161.920000,144.333650,0.093867,-0.123632,1,1,1,1,1,5,5,5,1.0000,1.0000,0,0.030201,0.00005556,0.030201,7.042289,0.000000
2018-01-08,,1.7600,2.1450,9.5200,83.3333,162.550000,144.494600,0.094571,-0.119089,1,1,1,1,1,5,5,5,1.0000,1.0000,0,0.011122,0.00005478,0.011122,7.120611,0.000000
2018-01-09,,1.7400,2.1400,10.0800,82.4675,162.560000,144.654250,0.093429,-0.137383,1,1,1,1,1,5,5,5,1.0000,1.0000,0,0.000763,0.00005713,0.000763,7.126044,0.000000
2018-01-10,,1.7400,2.1400,9.8200,81.1688,162.180000,144.810950,0.092551,-0.138164,1,1,1,1,1,5,5,5,1.0000,1.0000,0,-0.007116,0.00005674,-0.007116,7.075339,-0.007116
2018-01-11,,1.7300,2.1350,9.8800,80.9524,163.290000,144.969200,0.091536,-0.146002,1,1,1,1,1,5,5,5,1.0000,1.0000,0,0.020028,0.00005595,0.020028,7.217044,0.000000
2018-01-12,,1.6900,2.1300,10.1600,81.6017,164.490000,145.130400,0.090422,-0.163130,1,1,1,1,1,5,5,5,1.0000,1.0000,0,0.021203,0.00005635,0.021203,7.370069,0.000000
2018-01-16,,1.6800,2.1250,11.6600,80.9524,164.020000,145.288150,0.090533,-0.158675,1,1,1,1,1,5,5,5,1.0000,1.0000,0,-0.007740,0.00005635,-0.007740,7.313024,-0.007740
2018-01-17,,1.6600,2.1200,11.9100,82.4675,165.790000,145.455200,0.090233,-0.172656,1,1,1,1,1,5,5,5,1.0000,1.0000,0,0.031511,0.00005713,0.031511,7.543466,0.000000
2018-01-18,,1.6600,2.1200,12.2200,81.6017,165.820000,145.622800,0.089812,-0.171720,1,1,1,1,1,5,5,5,1.0000,1.0000,0,0.000960,0.00005674,0.000960,7.550710,0.000000
2018-01-19,,1.6400,2.1200,11.2700,82.6840,166.340000,145.791950,0.089137,-0.184151,1,1,1,1,1,5,5,5,1.0000,1.0000,0,0.009593,0.00005713,0.009593,7.623147,0.000000
2018-01-22,,1.6400,2.1200,11.0300,83.7662,168.120000,145.972700,0.088542,-0.190672,1,1,1,1,1,5,5,5,1.0000,1.0000,0,0.031239,0.00005674,0.031239,7.861286,0.000000
2018-01-23,,1.6400,2.1200,11.1000,85.0649,169.510000,146.160050,0.089202,-0.185730,1,1,1,1,1,5,5,5,1.0000,1.0000,0,0.025340,0.00005674,0.025340,8.060489,0.000000
2018-01-24,,1.6400,2.1200,11.4700,84.4156,168.410000,146.342250,0.088689,-0.189703,1,1,1,1,1,5,5,5,1.0000,1.0000,0,-0.020276,0.00005674,-0.020276,7.897052,-0.020276
2018-01-25,,1.6500,2.1150,11.5800,84.1991,168.350000,146.523900,0.090028,-0.172685,1,1,1,1,1,5,5,5,1.0000,1.0000,0,-0.001261,0.00005635,-0.001261,7.887092,-0.021512
2018-01-26,,1.6100,2.1100,11.0800,85.4978,170.930000,146.721300,0.089050,-0.189194,1,1,1,1,1,5,5,5,1.0000,1.0000,0,0.044659,0.00005595,0.044659,8.239320,0.000000
2018-01-29,,1.6000,2.1100,13.8400,84.1991,170.100000,146.917200,0.088503,-0.192871,1,1,1,1,1,5,5,5,1.0000,1.0000,0,-0.013243,0.00005556,-0.013243,8.130210,-0.013243
2018-01-30,,1.5900,2.1100,14.7900,83.1169,168.700000,147.108700,0.089580,-0.173256,1,1,1,1,1,5,5,5,1.0000,1.0000,0,-0.025560,0.00005674,-0.025560,7.922405,-0.038464
2018-01-31,,1.5900,2.1100,13.5400,82.9004,169.400000,147.298300,0.090529,-0.166543,1,1,1,1,1,5,5,5,1.0000,1.0000,0,0.012344,0.00005674,0.012344,8.020196,-0.026595
2018-02-01,,1.5600,2.1050,13.4700,80.9524,167.960000,147.481700,0.089211,-0.179515,1,1,1,1,1,5,5,5,1.0000,1.0000,0,-0.025007,0.00005752,-0.025007,7.819634,-0.050937
2018-02-02,,1.5600,2.1000,17.3100,78.3550,164.610000,147.647300,0.090543,-0.157221,1,1,1,1,1,5,5,5,1.0000,1.0000,0,-0.061082,0.00005830,-0.061082,7.341999,-0.108907
2018-02-05,,1.5800,2.1000,37.3200,67.0996,158.120000,147.774950,0.092941,-0.138912,1,0,1,1,1,4,3,5,1.0000,1.0000,0,-0.115434,0.00005830,-0.115434,6.494479,-0.211770
2018-02-06,,1.6300,2.0950,29.9800,71.4286,162.310000,147.923700,0.089789,-0.170987,1,0,1,1,1,4,3,4,1.0000,1.0000,0,0.077100,0.00005947,0.077100,6.995204,-0.150997
2018-02-07,,1.6100,2.0900,27.7300,69.9134,160.210000,148.053950,0.089849,-0.174327,1,0,1,1,1,4,3,4,1.0000,1.0000,0,-0.039544,0.00005987,-0.039544,6.718583,-0.184571
2018-02-08,,1.6200,2.0900,33.4600,56.2771,153.450000,148.145550,0.092303,-0.141435,1,0,1,1,1,4,3,4,1.0000,1.0000,0,-0.123922,0.00006104,-0.123922,5.886004,-0.285620
2018-02-09,,1.6300,2.0900,29.0600,61.6883,156.100000,148.251350,0.092849,-0.147753,1,0,1,1,1,4,3,4,1.0000,1.0000,0,0.047073,0.00006104,0.047073,6.163077,-0.251992
2018-02-12,,1.6700,2.0900,25.6100,65.6587,158.870000,148.366950,0.092202,-0.169144,1,0,1,1,1,4,3,4,1.0000,1.0000,0,0.055976,0.00006104,0.055976,6.508061,-0.210122
2018-02-13,,1.6400,2.0900,24.9700,66.0907,159.690000,148.485450,0.092387,-0.165517,1,0,1,1,1,4,3,4,1.0000,1.0000,0,0.012174,0.00006377,0.012174,6.587290,-0.200506
2018-02-14,,1.6900,2.0900,19.2600,69.9784,162.680000,148.612850,0.090137,-0.177649,1,1,1,1,1,5,5,4,1.0000,1.0000,0,0.058557,0.00006260,0.058557,6.973020,-0.153690
2018-02-15,,1.6600,2.0900,19.1300,72.7862,165.700000,148.754200,0.090979,-0.168667,1,1,1,1,1,5,5,5,1.0000,1.0000,0,0.052266,0.00006221,0.052266,7.337472,-0.109457
2018-02-16,,1.6300,2.0900,19.4600,73.2181,164.960000,148.894050,0.091758,-0.156546,1,1,1,1,1,5,5,5,1.0000,1.0000,0,-0.011168,0.00006221,-0.011168,7.255527,-0.119402
2018-02-20,,1.6600,2.0850,20.6000,71.4903,165.290000,149.035300,0.091139,-0.157168,1,0,1,1,1,4,3,5,1.0000,1.0000,0,0.004992,0.00006377,0.004992,7.291745,-0.115006
2018-02-21,,1.6700,2.0800,20.0200,70.1944,164.820000,149.171700,0.090391,-0.164546,1,0,1,1,1,4,3,4,1.0000,1.0000,0,-0.009003,0.00006533,-0.009003,7.226099,-0.122974
2018-02-22,,1.6700,2.0800,18.7200,69.7624,164.800000,149.306500,0.090736,-0.160430,1,1,1,1,1,5,5,4,1.0000,1.0000,0,0.000188,0.00006455,0.000188,7.227457,-0.122809
2018-02-23,,1.6800,2.0800,16.4900,73.4341,168.170000,149.455750,0.091642,-0.158458,1,1,1,1,1,5,5,5,1.0000,1.0000,0,0.059572,0.00006416,0.059572,7.658008,-0.070553
2018-02-26,,1.6800,2.0800,15.8000,75.1620,170.400000,149.615750,0.090320,-0.166790,1,1,1,1,1,5,5,5,1.0000,1.0000,0,0.040142,0.00006455,0.040142,7.965414,-0.033244
2018-02-27,,1.7000,2.0750,18.5900,71.4903,168.290000,149.765750,0.090005,-0.168881,1,1,1,1,1,5,5,5,1.0000,1.0000,0,-0.035808,0.00006533,-0.035808,7.680191,-0.067861
2018-02-28,,1.6900,2.0700,19.8500,68.8985,167.210000,149.908800,0.090300,-0.158271,1,1,1,1,1,5,5,5,1.0000,1.0000,0,-0.020101,0.00006533,-0.020101,7.525809,-0.086598
2018-03-01,,1.6800,2.0700,22.4700,64.7948,164.480000,150.036000,0.091651,-0.142370,1,0,1,1,1,4,3,5,1.0000,1.0000,0,-0.048126,0.00006494,-0.048126,7.163622,-0.130557
2018-03-02,,1.7200,2.0700,19.5900,65.6587,165.990000,150.167850,0.090939,-0.146176,1,1,1,1,1,5,5,4,1.0000,1.0000,0,0.027492,0.00006416,0.027492,7.360561,-0.106654
2018-03-05,,1.7200,2.0700,18.7300,68.4665,167.830000,150.326650,0.091737,-0.132426,1,1,1,1,1,5,5,5,1.0000,1.0000,0,0.031369,0.00006494,0.031369,7.591456,-0.078631
2018-03-06,,1.7200,2.0700,18.3600,69.1145,168.540000,150.483050,0.090278,-0.150310,1,1,1,1,1,5,5,5,1.0000,1.0000,0,0.012643,0.00006690,0.012643,7.687436,-0.066982
2018-03-07,,1.7500,2.0650,17.7600,68.8985,168.930000,150.638500,0.089633,-0.154909,1,1,1,1,1,5,5,5,1.0000,1.0000,0,0.007479,0.00006612,0.007479,7.744933,-0.060003
2018-03-08,,1.7700,2.0600,16.5400,69.3305,169.860000,150.792800,0.089858,-0.150663,1,1,1,1,1,5,5,5,1.0000,1.0000,0,0.014906,0.00006612,0.014906,7.860381,-0.045992
2018-03-09,,1.7800,2.0600,14.6400,74.0821,173.160000,150.962900,0.088572,-0.168316,1,1,1,1,1,5,5,5,1.0000,1.0000,0,0.058231,0.00006572,0.058231,8.318095,0.000000
2018-03-12,,1.7700,2.0600,15.7800,74.9460,174.080000,151.134400,0.089060,-0.146088,1,1,1,1,1,5,5,5,1.0000,1.0000,0,0.014968,0.00006572,0.014968,8.442597,0.000000
2018-03-13,,1.7900,2.0600,16.3500,73.2181,171.710000,151.288100,0.089838,-0.139903,1,1,1,1,1,5,5,5,1.0000,1.0000,0,-0.036304,0.00006729,-0.036304,8.136096,-0.036304
2018-03-14,,1.8000,2.0600,17.2300,71.4903,171.680000,151.440400,0.091228,-0.128461,1,1,1,1,1,5,5,5,1.0000,1.0000,0,-0.003394,0.00006807,-0.003394,8.108479,-0.039575
2018-03-15,,1.8000,2.0600,16.5900,70.6263,171.530000,151.591350,0.091273,-0.119461,1,1,1,1,1,5,5,5,1.0000,1.0000,0,-0.004467,0.00006924,-0.004467,8.072260,-0.043865
2018-03-16,,1.8100,2.0550,15.8000,72.1382,171.020000,151.740000,0.091630,-0.098828,1,1,1,1,1,5,5,5,1.0000,1.0000,0,-0.006618,0.00006963,-0.006618,8.018837,-0.050193
2018-03-19,,1.7900,2.0500,19.0200,69.9784,167.100000,151.866300,0.092314,-0.077571,1,1,1,1,1,5,5,5,1.0000,1.0000,0,-0.062782,0.00007002,-0.062782,7.515397,-0.109824
2018-03-20,,1.8000,2.0500,18.2000,69.3305,167.650000,151.987250,0.091733,-0.076755,1,1,1,1,1,5,5,5,1.0000,1.0000,0,0.007349,0.00007080,0.007349,7.570630,-0.103282
2018-03-21,,1.7900,2.0500,17.8600,68.8985,166.920000,152.104700,0.091595,-0.064690,1,1,1,1,1,5,5,5,1.0000,1.0000,0,-0.014472,0.00007119,-0.014472,7.461069,-0.116259
2018-03-22,,1.8200,2.0500,23.3400,61.1231,162.800000,152.204400,0.094360,-0.036932,1,0,1,1,1,4,3,5,1.0000,1.0000,0,-0.073058,0.00006846,-0.073058,6.915976,-0.180824
2018-03-23,,1.8400,2.0500,24.8700,54.6436,158.510000,152.279850,0.095059,-0.024864,1,0,1,1,1,4,3,4,1.0000,1.0000,0,-0.080780,0.00006768,-0.080780,6.357301,-0.246997
2018-03-26,,1.8700,2.0500,21.0300,61.5551,164.400000,152.384000,0.093489,-0.045018,1,0,1,1,1,4,3,4,1.0000,1.0000,0,0.112520,0.00006846,0.112520,7.072622,-0.162269
2018-03-27,,1.8400,2.0500,22.5000,58.3153,159.080000,152.479500,0.096470,-0.017874,1,0,1,1,1,4,3,4,1.0000,1.0000,0,-0.095890,0.00007041,-0.095890,6.394425,-0.242600
2018-03-28,,1.8600,2.0500,22.8700,57.8834,157.250000,152.569600,0.096717,-0.019594,1,0,1,1,1,4,3,4,1.0000,1.0000,0,-0.034480,0.00006963,-0.034480,6.173943,-0.268715
2018-03-29,,1.8600,2.0500,19.9700,61.5551,160.130000,152.668450,0.096010,-0.010897,1,1,1,1,1,5,5,4,1.0000,1.0000,0,0.055364,0.00006807,0.055364,6.515758,-0.228228
2018-04-02,,1.8500,2.0450,23.6200,50.7559,155.510000,152.747250,0.097371,0.016392,1,0,1,1,0,3,1,5,1.0000,1.0000,0,-0.088799,0.00006807,-0.088799,5.937163,-0.296761
2018-04-03,,1.8600,2.0250,21.1000,55.7235,157.260000,152.837900,0.096464,0.019657,1,0,1,1,0,3,1,3,0.0000,0.0000,1,0.033552,0.00006963,0.027399,6.099833,-0.277493
2018-04-04,,1.8400,2.0050,20.0600,60.0432,159.740000,152.945850,0.095652,0.018333,1,0,1,1,0,3,1,3,0.0000,0.0000,0,0.047292,0.00006885,0.000069,6.100253,-0.277444
2018-04-05,,1.8500,2.0000,18.9400,60.6911,160.650000,153.046800,0.095656,0.011120,1,1,1,1,0,4,3,3,0.0000,0.0000,0,0.015710,0.00006729,0.000067,6.100663,-0.277395
2018-04-06,,1.8400,2.0000,21.4900,53.5637,156.630000,153.133150,0.097066,0.036827,1,0,1,1,0,3,1,4,1.0000,1.0000,1,-0.074629,0.00006768,-0.043162,5.837346,-0.308584
2018-04-09,,1.8400,1.9950,21.7700,54.8596,157.730000,153.218100,0.096782,0.043526,1,0,1,1,0,3,1,3,0.0000,0.0000,1,0.020012,0.00006807,0.026177,5.990153,-0.290485
2018-04-10,,1.8300,1.9850,20.4700,59.6112,161.210000,153.320650,0.094531,0.031420,1,0,1,1,0,3,1,3,0.0000,0.0000,0,0.066059,0.00006924,0.000069,5.990568,-0.290435
2018-04-11,,1.8000,1.9800,20.2400,57.0194,160.280000,153.415850,0.094897,0.046971,1,0,1,1,0,3,1,3,0.0000,0.0000,0,-0.016818,0.00006846,0.000068,5.990978,-0.290387
2018-04-12,,1.8000,1.9750,18.4900,59.1793,162.210000,153.524000,0.092882,0.024905,1,1,1,1,0,4,3,3,0.0000,0.0000,0,0.035053,0.00006807,0.000068,5.991385,-0.290339
2018-04-13,,1.7900,1.9700,17.4100,57.4514,161.370000,153.640700,0.093890,0.038437,1,1,1,1,0,4,3,4,1.0000,1.0000,1,-0.014833,0.00006885,-0.030525,5.808498,-0.312001
2018-04-16,,1.7900,1.9700,16.5600,61.5551,162.600000,153.753600,0.094396,0.048890,1,1,1,1,0,4,3,4,1.0000,1.0000,0,0.022069,0.00006924,0.022069,5.936688,-0.296817
2018-04-17,,1.7700,1.9700,15.2500,64.3629,166.100000,153.896150,0.094341,0.056251,1,1,1,1,0,4,3,4,1.0000,1.0000,0,0.063971,0.00007041,0.063971,6.316466,-0.251834
2018-04-18,,1.7600,1.9700,15.6000,65.4428,166.440000,154.040150,0.093920,0.058093,1,1,1,1,0,4,3,4,1.0000,1.0000,0,0.006954,0.00007080,0.006954,6.360394,-0.246631
2018-04-19,,1.7600,1.9600,15.9600,62.2845,164.910000,154.183750,0.094388,0.055184,1,1,1,1,0,4,3,4,1.0000,1.0000,0,-0.027187,0.00007119,-0.027187,6.187477,-0.267112
2018-04-20,,1.7700,1.9500,16.8800,59.2672,162.300000,154.307600,0.094333,0.059908,1,1,1,1,0,4,3,4,1.0000,1.0000,0,-0.047954,0.00007158,-0.047954,5.890763,-0.302257
2018-04-23,,1.7800,1.9500,16.3400,60.1293,161.890000,154.435600,0.094403,0.045723,1,1,1,1,0,4,3,4,1.0000,1.0000,0,-0.007864,0.00007119,-0.007864,5.844439,-0.307744
2018-04-24,,1.7600,1.9450,18.0200,55.1724,158.460000,154.539100,0.096338,0.075101,1,1,1,1,0,4,3,4,1.0000,1.0000,0,-0.063751,0.00007352,-0.063751,5.471848,-0.351876
2018-04-25,,1.7700,1.9400,17.8400,56.2500,158.650000,154.639050,0.096120,0.079698,1,1,1,1,0,4,3,4,1.0000,1.0000,0,0.003941,0.00007352,0.003941,5.493413,-0.349322
2018-04-26,,1.8000,1.9400,16.2400,58.6207,161.990000,154.753750,0.096110,0.068899,1,1,1,1,0,4,3,4,1.0000,1.0000,0,0.062009,0.00007274,0.062009,5.834055,-0.308974
2018-04-27,,1.8000,1.9350,15.4100,57.1121,162.090000,154.860700,0.096995,0.067543,1,1,1,1,0,4,3,4,1.0000,1.0000,0,0.002327,0.00007158,0.002327,5.847633,-0.307366
2018-04-30,,1.8000,1.9300,15.9300,52.5862,160.940000,154.960350,0.097463,0.086896,1,1,1,1,0,4,3,4,1.0000,1.0000,0,-0.021307,0.00007158,-0.021307,5.723037,-0.322124
2018-05-01,,1.7900,1.9300,15.4900,54.9569,162.780000,155.063650,0.096988,0.068484,1,1,1,1,0,4,3,4,1.0000,1.0000,0,0.032517,0.00007352,0.032517,5.909133,-0.300081
2018-05-02,,1.8200,1.9300,15.9700,52.5862,161.820000,155.161800,0.097549,0.049443,1,1,1,1,0,4,3,4,1.0000,1.0000,0,-0.017436,0.00007274,-0.017436,5.806101,-0.312285
2018-05-03,,1.8300,1.9300,15.9000,51.9397,161.800000,155.255100,0.097632,0.085228,1,1,1,1,0,4,3,4,1.0000,1.0000,0,0.000069,0.00007235,0.000069,5.806500,-0.312238
2018-05-04,,1.8600,1.9300,14.7700,56.8966,164.870000,155.359550,0.096816,0.077058,1,1,1,1,0,4,3,4,1.0000,1.0000,0,0.056259,0.00007235,0.056259,6.133166,-0.273545
2018-05-07,,1.8600,1.9300,14.7500,58.1897,166.240000,155.469900,0.095984,0.041316,1,1,1,1,0,4,3,4,1.0000,1.0000,0,0.023766,0.00007235,0.023766,6.278928,-0.256280
2018-05-08,,1.8700,1.9300,14.7100,57.3276,166.070000,155.579700,0.093586,0.008104,1,1,1,1,0,4,3,4,1.0000,1.0000,0,-0.003307,0.00007313,-0.003307,6.258161,-0.258740
2018-05-09,,1.8700,1.9250,13.4200,59.2672,167.880000,155.695250,0.092041,-0.001781,1,1,1,1,1,5,5,4,1.0000,1.0000,0,0.033501,0.00007352,0.033501,6.467818,-0.233907
2018-05-10,,1.8600,1.9200,13.2300,62.2845,169.620000,155.821350,0.092475,0.000970,1,1,1,1,0,4,3,5,1.0000,1.0000,0,0.031119,0.00007391,0.031119,6.669089,-0.210067
2018-05-11,,1.8400,1.9200,12.6500,64.0086,169.460000,155.944300,0.092322,0.024533,1,1,1,1,0,4,3,4,1.0000,1.0000,0,-0.002994,0.00007469,-0.002994,6.649122,-0.212432
2018-05-14,,1.8200,1.9200,12.9300,62.5000,169.750000,156.073250,0.091930,0.010449,1,1,1,1,0,4,3,4,1.0000,1.0000,0,0.004444,0.00007547,0.004444,6.678673,-0.208931
2018-05-15,,1.8100,1.9200,14.6300,59.6983,167.870000,156.193400,0.091793,0.000376,1,1,1,1,0,4,3,4,1.0000,1.0000,0,-0.032349,0.00007586,-0.032349,6.462627,-0.234521
2018-05-16,,1.8100,1.9200,13.4200,60.5603,168.980000,156.322150,0.090692,-0.004914,1,1,1,1,1,5,5,4,1.0000,1.0000,0,0.018414,0.00007547,0.018414,6.581632,-0.220426
2018-05-17,,1.8000,1.9200,13.4300,60.1293,168.330000,156.446000,0.090033,-0.003981,1,1,1,1,1,5,5,5,1.0000,1.0000,0,-0.011286,0.00007547,-0.011286,6.507354,-0.229224
2018-05-18,,1.8200,1.9150,13.4200,61.6379,167.460000,156.563550,0.090278,-0.005070,1,1,1,1,1,5,5,5,1.0000,1.0000,0,-0.016017,0.00007547,-0.016017,6.403124,-0.241569
2018-05-21,,1.8300,1.9100,13.0800,63.5776,168.400000,156.688600,0.090061,-0.017168,1,1,1,1,1,5,5,5,1.0000,1.0000,0,0.017463,0.00007508,0.017463,6.514941,-0.228325
2018-05-22,,1.8300,1.9100,13.2200,62.0690,168.180000,156.811250,0.090642,0.003498,1,1,1,1,0,4,3,5,1.0000,1.0000,0,-0.005210,0.00007586,-0.005210,6.480997,-0.232346
2018-05-23,,1.8300,1.9100,12.5800,62.2845,169.600000,156.936450,0.091217,0.013413,1,1,1,1,0,4,3,4,1.0000,1.0000,0,0.025140,0.00007586,0.025140,6.643930,-0.213047
2018-05-24,,1.8400,1.9100,12.5300,62.2845,169.550000,157.062650,0.092155,0.020634,1,1,1,1,0,4,3,4,1.0000,1.0000,0,-0.000841,0.00007547,-0.000841,6.638340,-0.213709
2018-05-25,,1.8400,1.9100,13.2200,61.8534,169.720000,157.190650,0.092780,0.012519,1,1,1,1,0,4,3,4,1.0000,1.0000,0,0.002527,0.00007508,0.002527,6.655112,-0.211722
2018-05-29,,1.8500,1.9100,17.0200,56.0345,168.970000,157.330350,0.093859,0.032099,1,1,1,1,0,4,3,4,1.0000,1.0000,0,-0.012781,0.00007469,-0.012781,6.570051,-0.221797
2018-05-30,,1.9600,1.9100,14.9400,62.2845,170.180000,157.470750,0.093375,0.017880,0,1,1,1,0,3,1,4,1.0000,1.0000,0,0.021335,0.00007586,0.021335,6.710222,-0.205195
2018-05-31,,1.9100,1.9100,15.4300,57.1121,170.070000,157.601450,0.094098,0.042019,1,1,1,1,0,4,3,3,0.0000,0.0000,1,-0.002142,0.00007625,-0.001271,6.701693,-0.206205
2018-06-01,,1.8900,1.9050,13.4600,60.3448,172.740000,157.745000,0.091758,0.023783,1,1,1,1,0,4,3,4,1.0000,1.0000,1,0.046520,0.00007586,0.032170,6.917285,-0.180669
2018-06-04,,1.9000,1.9000,12.7400,61.8534,174.300000,157.895100,0.090597,0.008247,1,1,1,1,0,4,3,4,1.0000,1.0000,0,0.025645,0.00007547,0.025645,7.094682,-0.159657
2018-06-05,,1.8800,1.9000,12.4000,62.9310,174.840000,158.062650,0.090058,0.016555,1,1,1,1,0,4,3,4,1.0000,1.0000,0,0.010335,0.00007625,0.010335,7.168005,-0.150972
2018-06-06,,1.9000,1.9000,11.6400,65.0862,175.860000,158.235800,0.087185,-0.020974,1,1,1,1,1,5,5,4,1.0000,1.0000,0,0.016499,0.00007625,0.016499,7.286270,-0.136963
2018-06-07,,1.9100,1.9000,12.1300,66.3793,174.430000,158.402700,0.087807,-0.022663,0,1,1,1,1,4,3,5,1.0000,1.0000,0,-0.023211,0.00007664,-0.023211,7.117152,-0.156995
2018-06-08,,1.8900,1.8950,12.1800,67.0259,174.440000,158.558900,0.087512,-0.041157,1,1,1,1,1,5,5,4,1.0000,1.0000,0,-0.000665,0.00007625,-0.000665,7.112421,-0.157555
2018-06-11,,1.9000,1.8950,12.3500,68.3190,174.910000,158.720000,0.087216,-0.045017,0,1,1,1,1,4,3,5,1.0000,1.0000,0,0.007815,0.00007586,0.007815,7.168005,-0.150972
2018-06-12,,1.8900,1.8900,12.3400,68.3190,175.830000,158.887800,0.088108,-0.039104,1,1,1,1,1,5,5,4,1.0000,1.0000,0,0.015839,0.00007625,0.015839,7.281539,-0.137524
2018-06-13,,1.8800,1.8900,12.9400,65.7328,175.820000,159.057050,0.088156,-0.046297,1,1,1,1,1,5,5,5,1.0000,1.0000,0,-0.001137,0.00007547,-0.001137,7.273261,-0.138504
2018-06-14,,1.8700,1.8850,12.1200,65.5172,177.600000,159.233000,0.089029,-0.030323,1,1,1,1,1,5,5,5,1.0000,1.0000,0,0.030407,0.00007625,0.030407,7.494415,-0.112309
2018-06-15,,1.8800,1.8800,11.9800,64.4397,176.980000,159.403050,0.089380,-0.024775,1,1,1,1,1,5,5,5,1.0000,1.0000,0,-0.009942,0.00007625,-0.009942,7.419909,-0.121134
2018-06-18,,1.8700,1.8800,12.3100,63.5776,176.500000,159.562300,0.089854,-0.050093,1,1,1,1,1,5,5,5,1.0000,1.0000,0,-0.002231,0.00007625,-0.002231,7.403352,-0.123095
2018-06-19,,1.9000,1.8800,13.3500,60.2151,176.000000,159.711300,0.091089,-0.044590,0,1,1,1,1,4,3,5,1.0000,1.0000,0,-0.008946,0.00007625,-0.008946,7.337124,-0.130940
2018-06-20,,1.9100,1.8800,12.7900,60.0000,177.250000,159.867550,0.091006,-0.027650,0,1,1,1,1,4,3,4,1.0000,1.0000,0,0.020954,0.00007625,0.020954,7.490867,-0.112730
2018-06-21,,1.9200,1.8800,14.6400,58.7097,175.710000,160.022650,0.091890,-0.049954,0,1,1,1,1,4,3,4,1.0000,1.0000,0,-0.025892,0.00007625,-0.025892,7.296914,-0.135703
2018-06-22,,1.9500,1.8800,13.7700,61.2903,175.320000,160.173600,0.092360,-0.047634,0,1,1,1,1,4,3,4,1.0000,1.0000,0,-0.010049,0.00007625,-0.010049,7.223590,-0.144388
2018-06-25,,1.9700,1.8800,17.3300,56.9892,171.370000,160.303100,0.095185,-0.008853,0,1,1,1,1,4,3,4,1.0000,1.0000,0,-0.063851,0.00007586,-0.063851,6.762359,-0.199019
2018-06-26,,1.9900,1.8800,15.9200,56.5591,172.070000,160.442400,0.095085,-0.024765,0,1,1,1,1,4,3,4,1.0000,1.0000,0,0.011018,0.00007586,0.011018,6.836865,-0.190194
2018-06-27,,1.9900,1.8800,17.9100,53.5484,169.730000,160.561700,0.096343,-0.001299,0,1,1,1,1,4,3,4,1.0000,1.0000,0,-0.040131,0.00007586,-0.040131,6.562492,-0.222693
2018-06-28,,1.9800,1.8800,16.8500,55.4839,171.190000,160.686550,0.095758,0.001145,0,1,1,1,0,3,1,4,1.0000,1.0000,0,0.024509,0.00007586,0.024509,6.723331,-0.203642
2018-06-29,,2.0000,1.8800,16.0900,55.6989,171.650000,160.812700,0.095768,0.001200,0,1,1,1,0,3,1,3,0.0000,0.0000,1,0.004573,0.00007586,0.014749,6.822491,-0.191897
2018-07-02,,1.9900,1.8800,15.6000,55.6989,172.800000,160.948900,0.096244,-0.008861,0,1,1,1,1,4,3,3,0.0000,0.0000,0,0.022413,0.00007586,0.000076,6.823009,-0.191835
2018-07-03,,1.9700,1.8800,16.1400,55.0538,170.800000,161.072600,0.096862,0.000865,0,1,1,1,0,3,1,4,1.0000,1.0000,1,-0.034424,0.00007781,-0.045817,6.510397,-0.228863
2018-07-05,,1.9900,1.8800,14.9700,58.0645,172.920000,161.209450,0.096591,0.022443,0,1,1,1,0,3,1,3,0.0000,0.0000,1,0.036715,0.00007781,0.019307,6.636090,-0.213975
2018-07-06,,1.9500,1.8800,13.3700,61.7204,175.610000,161.358500,0.096525,0.017919,0,1,1,1,0,3,1,3,0.0000,0.0000,0,0.044996,0.00007703,0.000077,6.636601,-0.213915
2018-07-09,,1.9600,1.8800,12.6900,63.2258,177.190000,161.517700,0.092713,-0.001894,0,1,1,1,1,4,3,3,0.0000,0.0000,0,0.027832,0.00007742,0.000077,6.637115,-0.213854
2018-07-10,,1.9300,1.8800,12.6400,64.7312,177.320000,161.682000,0.093259,-0.007069,0,1,1,1,1,4,3,4,1.0000,1.0000,1,0.002389,0.00007781,-0.001392,6.627878,-0.214948
2018-07-11,,1.9100,1.8800,13.6300,61.7204,176.420000,161.842500,0.094795,0.004375,0,1,1,1,0,3,1,4,1.0000,1.0000,0,-0.014619,0.00007820,-0.014619,6.530982,-0.226425
2018-07-12,,1.9100,1.8800,12.5800,62.5806,179.460000,162.025800,0.094015,-0.003572,0,1,1,1,1,4,3,3,0.0000,0.0000,1,0.049347,0.00007742,0.012860,6.614969,-0.216477
2018-07-13,,1.9000,1.8800,12.1800,63.4409,179.610000,162.208000,0.093959,0.000431,0,1,1,1,0,3,1,4,1.0000,1.0000,1,0.002920,0.00007781,0.002335,6.630417,-0.214647
2018-07-16,,1.9000,1.8800,12.8300,63.2258,179.180000,162.381600,0.093954,-0.004782,0,1,1,1,1,4,3,3,0.0000,0.0000,1,-0.006742,0.00007781,0.001485,6.640265,-0.213481
2018-07-17,,1.9100,1.8800,12.0600,66.0215,180.270000,162.560900,0.093504,-0.009243,0,1,1,1,1,4,3,4,1.0000,1.0000,1,0.018513,0.00007897,0.050478,6.975449,-0.173779
2018-07-18,,1.9000,1.8800,12.1000,66.4516,179.930000,162.733300,0.092827,-0.017600,0,1,1,1,1,4,3,4,1.0000,1.0000,0,-0.006362,0.00007936,-0.006362,6.931073,-0.179035
2018-07-19,,1.8900,1.8800,12.8700,65.1613,179.030000,162.900550,0.094036,-0.025446,0,1,1,1,1,4,3,4,1.0000,1.0000,0,-0.014787,0.00007858,-0.014787,6.828586,-0.191175
2018-07-20,,1.9000,1.8800,12.8600,63.0108,178.990000,163.066050,0.093482,-0.029113,0,1,1,1,1,4,3,4,1.0000,1.0000,0,-0.001393,0.00007858,-0.001393,6.819077,-0.192301
2018-07-23,,1.9100,1.8800,12.6200,61.7204,179.560000,163.233700,0.092648,-0.037897,0,1,1,1,1,4,3,4,1.0000,1.0000,0,0.008677,0.00007820,0.008677,6.878245,-0.185293
2018-07-24,,1.9100,1.8800,12.4100,61.7204,180.300000,163.397900,0.092504,-0.048918,0,1,1,1,1,4,3,4,1.0000,1.0000,0,0.012750,0.00007820,0.012750,6.965940,-0.174906
2018-07-25,,1.8800,1.8800,12.2900,65.3763,182.820000,163.573700,0.091986,-0.060339,1,1,1,1,1,5,5,4,1.0000,1.0000,0,0.041711,0.00007936,0.041711,7.256495,-0.140490
2018-07-26,,1.8700,1.8800,12.1400,67.3118,180.050000,163.736500,0.093192,-0.041856,1,1,1,1,1,5,5,5,1.0000,1.0000,0,-0.043681,0.00007897,-0.043681,6.939526,-0.178034
2018-07-27,,1.8500,1.8800,13.0300,65.8065,177.620000,163.886600,0.093526,-0.044103,1,1,1,1,1,5,5,5,1.0000,1.0000,0,-0.041717,0.00007820,-0.041717,6.650027,-0.212325
2018-07-30,,1.8400,1.8800,14.2600,64.3011,175.110000,164.021950,0.093445,-0.045708,1,1,1,1,1,5,5,5,1.0000,1.0000,0,-0.043057,0.00007858,-0.043057,6.363697,-0.246239
2018-07-31,,1.8400,1.8750,12.8300,68.3871,176.450000,164.165350,0.093822,-0.032703,1,1,1,1,1,5,5,5,1.0000,1.0000,0,0.019924,0.00008014,0.019924,6.490485,-0.231222
2018-08-01,,1.8300,1.8700,13.1500,65.5914,177.120000,164.309250,0.093374,-0.028611,1,1,1,1,1,5,5,5,1.0000,1.0000,0,0.013674,0.00007975,0.013674,6.579237,-0.220709
2018-08-02,,1.8300,1.8700,12.1900,67.3118,179.530000,164.462650,0.093328,-0.002913,1,1,1,1,1,5,5,5,1.0000,1.0000,0,0.039827,0.00007975,0.039827,6.841265,-0.189673
2018-08-03,,1.8400,1.8700,11.6400,68.8172,180.080000,164.617850,0.093970,0.022061,1,1,1,1,0,4,3,5,1.0000,1.0000,0,0.008958,0.00007936,0.008958,6.902546,-0.182414
2018-08-06,,1.8400,1.8700,11.2700,69.4624,181.140000,164.779250,0.093697,0.013833,1,1,1,1,0,4,3,4,1.0000,1.0000,0,0.018368,0.00007897,0.018368,7.029334,-0.167397
2018-08-07,,1.8200,1.8700,10.9300,70.7527,181.800000,164.946700,0.093249,0.010510,1,1,1,1,0,4,3,4,1.0000,1.0000,0,0.009770,0.00008053,0.009770,7.098011,-0.159262
2018-08-08,,1.8200,1.8700,10.8500,70.3226,182.020000,165.113250,0.092798,0.009871,1,1,1,1,0,4,3,4,1.0000,1.0000,0,0.002679,0.00008092,0.002679,7.117029,-0.157010
2018-08-09,,1.8400,1.8700,11.2700,69.0323,181.910000,165.284100,0.093345,0.017788,1,1,1,1,0,4,3,4,1.0000,1.0000,0,-0.000891,0.00008092,-0.000891,7.110689,-0.157760
2018-08-10,,1.8500,1.8700,13.1600,66.0215,180.520000,165.446750,0.093569,0.032995,1,1,1,1,0,4,3,4,1.0000,1.0000,0,-0.023328,0.00008092,-0.023328,6.944809,-0.177409
2018-08-13,,1.8700,1.8700,14.7800,64.7312,180.320000,165.611200,0.094045,0.046205,1,1,1,1,0,4,3,4,1.0000,1.0000,0,-0.002891,0.00008053,-0.002891,6.924734,-0.179786
2018-08-14,,1.9100,1.8700,13.3100,67.7419,181.450000,165.783650,0.093642,0.038996,0,1,1,1,0,3,1,4,1.0000,1.0000,0,0.018462,0.00008092,0.018462,7.052578,-0.164644
2018-08-15,,1.9000,1.8700,14.6400,66.6667,179.230000,165.923600,0.095216,0.059000,0,1,1,1,0,3,1,3,0.0000,0.0000,1,-0.036404,0.00008170,-0.022667,6.892715,-0.183579
2018-08-16,,1.9000,1.8700,13.4500,69.4624,179.820000,166.064800,0.095473,0.055530,0,1,1,1,0,3,1,3,0.0000,0.0000,0,0.009173,0.00008131,0.000081,6.893275,-0.183512
2018-08-17,,1.8900,1.8700,12.6400,69.2473,179.860000,166.203350,0.095629,0.050442,0,1,1,1,0,3,1,3,0.0000,0.0000,0,-0.000154,0.00008131,0.000081,6.893835,-0.183446
2018-08-20,,1.8900,1.8700,12.4900,69.8925,179.700000,166.341350,0.095092,0.033372,0,1,1,1,0,3,1,3,0.0000,0.0000,0,-0.002003,0.00008053,0.000081,6.894391,-0.183380
2018-08-21,,1.8900,1.8700,12.8600,69.8925,180.360000,166.484100,0.094189,0.015978,0,1,1,1,0,3,1,3,0.0000,0.0000,0,0.010344,0.00008092,0.000081,6.894948,-0.183314
2018-08-22,,1.8800,1.8700,12.2500,69.8925,181.060000,166.623050,0.093546,-0.003552,0,1,1,1,1,4,3,3,0.0000,0.0000,0,0.011614,0.00008170,0.000082,6.895512,-0.183248
2018-08-23,,1.9100,1.8700,12.4100,68.3871,180.800000,166.758100,0.093600,0.002527,0,1,1,1,0,3,1,4,1.0000,1.0000,1,-0.004985,0.00008209,-0.000573,6.891560,-0.183716
2018-08-24,,1.9000,1.8700,11.9900,69.6774,182.480000,166.901100,0.093440,-0.007421,0,1,1,1,1,4,3,3,0.0000,0.0000,1,0.027782,0.00008170,0.009362,6.956081,-0.176073
2018-08-27,,1.9000,1.8700,12.1600,70.7527,184.340000,167.050300,0.092139,0.004396,0,1,1,1,0,3,1,4,1.0000,1.0000,1,0.030133,0.00008209,0.013691,7.051314,-0.164793
2018-08-28,,1.8900,1.8700,12.5000,71.1828,184.610000,167.204900,0.091905,0.015227,0,1,1,1,0,3,1,3,0.0000,0.0000,1,0.004445,0.00008325,0.008402,7.110557,-0.157776
2018-08-29,,1.9000,1.8700,12.2500,72.2581,186.740000,167.370200,0.092082,0.023808,0,1,1,1,0,3,1,3,0.0000,0.0000,0,0.034975,0.00008364,0.000084,7.111152,-0.157706
2018-08-30,,1.8800,1.8700,13.5300,71.3978,186.410000,167.532900,0.092491,0.063689,0,1,1,1,0,3,1,3,0.0000,0.0000,0,-0.005655,0.00008364,0.000084,7.111746,-0.157635
2018-08-31,,1.9000,1.8700,12.8600,71.1828,186.650000,167.699600,0.092091,0.051069,0,1,1,1,0,3,1,3,0.0000,0.0000,0,0.002913,0.00008286,0.000083,7.112336,-0.157565
2018-09-04,,1.9200,1.8700,13.1600,70.1075,185.850000,167.865900,0.092664,0.061331,0,1,1,1,0,3,1,3,0.0000,0.0000,0,-0.011895,0.00008286,0.000083,7.112925,-0.157496
2018-09-05,,1.9400,1.8700,13.9100,69.8925,183.450000,168.010450,0.094212,0.083221,0,1,1,1,0,3,1,3,0.0000,0.0000,0,-0.039754,0.00008364,0.000084,7.113520,-0.157425
2018-09-06,,1.9500,1.8700,14.6500,69.6774,181.810000,168.149750,0.095034,0.081216,0,1,1,1,0,3,1,3,0.0000,0.0000,0,-0.027259,0.00008403,0.000084,7.114118,-0.157354
2018-09-07,,1.9300,1.8700,14.8800,69.2473,181.110000,168.286150,0.094054,0.069210,0,1,1,1,0,3,1,3,0.0000,0.0000,0,-0.009891,0.00008364,0.000084,7.114713,-0.157284
2018-09-10,,1.9300,1.8700,14.1600,69.8925,181.720000,168.417250,0.094360,0.061890,0,1,1,1,0,3,1,3,0.0000,0.0000,0,0.008779,0.00008403,0.000084,7.115311,-0.157213
2018-09-11,,1.9200,1.8700,13.2200,69.8925,183.120000,168.554400,0.093807,0.051659,0,1,1,1,0,3,1,3,0.0000,0.0000,0,0.022206,0.00008403,0.000084,7.115908,-0.157142
2018-09-12,,1.9000,1.8700,13.1400,69.4624,182.580000,168.686000,0.093698,0.044726,0,1,1,1,0,3,1,3,0.0000,0.0000,0,-0.008660,0.00008442,0.000084,7.116509,-0.157071
2018-09-13,,1.8900,1.8700,12.3700,69.6774,184.530000,168.827700,0.093852,0.032023,0,1,1,1,0,3,1,3,0.0000,0.0000,0,0.029612,0.00008481,0.000085,7.117113,-0.157000
2018-09-14,,1.8700,1.8700,12.0700,70.1075,183.990000,168.964700,0.093337,0.027000,1,1,1,1,0,4,3,3,0.0000,0.0000,0,-0.007622,0.00008442,0.000084,7.117713,-0.156928
2018-09-17,,1.8800,1.8700,13.6800,69.8925,181.340000,169.102100,0.094145,0.025891,0,1,1,1,0,3,1,4,1.0000,1.0000,1,-0.042168,0.00008481,-0.036835,6.855533,-0.187983
2018-09-18,,1.8800,1.8700,12.7900,70.3226,182.840000,169.240550,0.093465,0.012671,0,1,1,1,0,3,1,3,0.0000,0.0000,1,0.023752,0.00008481,0.001313,6.864531,-0.186917
2018-09-19,,1.8800,1.8700,11.7500,71.6129,182.700000,169.381600,0.091340,-0.043405,0,1,1,1,1,4,3,3,0.0000,0.0000,0,-0.002217,0.00008519,0.000085,6.865116,-0.186848
2018-09-20,,1.8800,1.8700,11.8000,75.0538,184.720000,169.541650,0.090793,-0.048788,0,1,1,1,1,4,3,4,1.0000,1.0000,1,0.031398,0.00008481,0.011358,6.943088,-0.177612
2018-09-21,,1.8500,1.8650,11.6800,74.8387,183.710000,169.696150,0.090859,-0.061704,1,1,1,1,1,5,5,4,1.0000,1.0000,0,-0.015939,0.00008519,-0.015939,6.832421,-0.190720
2018-09-24,,1.8300,1.8600,12.2000,71.3978,183.890000,169.848100,0.090355,-0.060625,1,1,1,1,1,5,5,5,1.0000,1.0000,0,0.008609,0.00008558,0.008609,6.891244,-0.183753
2018-09-25,,1.8400,1.8600,12.4200,69.8925,184.140000,169.998700,0.089200,-0.073503,1,1,1,1,1,5,5,5,1.0000,1.0000,0,0.004051,0.00008714,0.004051,6.919160,-0.180447
2018-09-26,,1.8300,1.8600,12.8900,66.6667,184.270000,170.146550,0.088588,-0.084820,1,1,1,1,1,5,5,5,1.0000,1.0000,0,-0.001009,0.00008675,-0.001009,6.912181,-0.181273
2018-09-27,,1.8400,1.8600,12.4100,66.6667,185.830000,170.296200,0.089253,-0.084295,1,1,1,1,1,5,5,5,1.0000,1.0000,0,0.027694,0.00008636,0.027694,7.103604,-0.158600
2018-09-28,,1.8300,1.8600,12.1200,66.6667,185.790000,170.446700,0.090551,-0.066564,1,1,1,1,1,5,5,5,1.0000,1.0000,0,-0.001544,0.00008558,-0.001544,7.092637,-0.159899
2018-10-01,,1.8400,1.8600,12.0000,65.8065,186.170000,170.597600,0.089929,-0.072384,1,1,1,1,1,5,5,5,1.0000,1.0000,0,0.005763,0.00008597,0.005763,7.133514,-0.155057
2018-10-02,,1.8300,1.8550,12.0500,66.2366,185.750000,170.746950,0.091199,-0.017134,1,1,1,1,1,5,5,5,1.0000,1.0000,0,-0.005730,0.00008752,-0.005730,7.092637,-0.159899
2018-10-03,,1.8400,1.8500,11.6100,66.2366,185.950000,170.888450,0.090052,-0.035970,1,1,1,1,1,5,5,5,1.0000,1.0000,0,0.002952,0.00008752,0.002952,7.113574,-0.157419
2018-10-04,,1.8300,1.8500,14.2200,66.8817,182.380000,171.007150,0.091245,-0.039151,1,1,1,1,1,5,5,5,1.0000,1.0000,0,-0.057043,0.00008752,-0.057043,6.707796,-0.205482
2018-10-05,,1.8400,1.8500,14.8200,64.3011,180.150000,171.119400,0.093166,-0.009306,1,1,1,1,1,5,5,5,1.0000,1.0000,0,-0.037604,0.00008714,-0.037604,6.455556,-0.235359
2018-10-08,,1.8500,1.8500,15.6900,65.5914,179.050000,171.227000,0.093948,-0.000125,1,1,1,1,1,5,5,5,1.0000,1.0000,0,-0.017915,0.00008752,-0.017915,6.339904,-0.249058
2018-10-09,,1.8500,1.8500,15.9500,63.8710,179.630000,171.337400,0.094468,0.005629,1,1,1,1,0,4,3,5,1.0000,1.0000,0,0.007706,0.00008752,0.007706,6.388757,-0.243271
2018-10-10,,1.8400,1.8500,22.9600,53.7634,171.730000,171.409200,0.097018,0.037289,1,0,1,1,0,3,1,4,1.0000,1.0000,0,-0.129682,0.00008830,-0.129682,5.560253,-0.341405
2018-10-11,,1.8600,1.8500,24.9800,41.9355,169.600000,171.474600,0.097384,0.047537,0,0,0,0,0,0,-5,3,0.0000,0.0000,1,-0.040524,0.00008908,-0.013645,5.484381,-0.350392
2018-10-12,,1.8800,1.8500,21.3100,46.0215,174.320000,171.563500,0.095941,0.019971,0,0,0,1,0,1,-3,0,0.0000,0.0000,0,0.084470,0.00008908,0.000089,5.484869,-0.350334
2018-10-15,,1.8800,1.8500,21.3000,47.3118,172.210000,171.640900,0.096939,0.036282,0,0,0,1,0,1,-3,1,0.0000,0.0000,0,-0.037739,0.00008946,0.000089,5.485360,-0.350276
2018-10-16,,1.8900,1.8500,17.6200,55.0538,177.220000,171.748200,0.095845,0.034533,0,1,1,1,0,3,1,1,0.0000,0.0000,0,0.086139,0.00009063,0.000091,5.485857,-0.350217
2018-10-17,,1.8800,1.8500,17.4000,52.6882,177.290000,171.842200,0.095650,0.033870,0,1,1,1,0,3,1,3,0.0000,0.0000,0,0.003298,0.00009024,0.000090,5.486352,-0.350158
2018-10-18,,1.8800,1.8500,20.0600,49.0323,173.180000,171.907950,0.097196,0.055120,0,0,0,1,0,1,-3,3,0.0000,0.0000,0,-0.069351,0.00009063,0.000091,5.486849,-0.350099
2018-10-19,,1.9200,1.8500,19.8900,48.8172,173.020000,171.971500,0.098769,0.058350,0,1,0,1,0,2,-1,1,0.0000,0.0000,0,-0.004061,0.00009102,0.000091,5.487349,-0.350040
2018-10-22,,1.9200,1.8500,19.6400,46.6667,173.910000,172.031450,0.098578,0.052793,0,1,0,1,0,2,-1,2,0.0000,0.0000,0,0.015071,0.00009063,0.000091,5.487846,-0.349981
2018-10-23,,1.9200,1.8500,20.7100,44.5161,173.270000,172.085050,0.098534,0.053228,0,0,0,1,0,1,-3,2,0.0000,0.0000,0,-0.011004,0.00009179,0.000092,5.488350,-0.349922
2018-10-24,,1.9600,1.8500,25.2300,36.9892,165.340000,172.098950,0.104082,0.103129,0,0,0,0,0,0,-5,1,0.0000,0.0000,0,-0.135994,0.00009140,0.000091,5.488851,-0.349862
2018-10-25,,1.9900,1.8500,24.2200,40.8602,171.060000,172.143350,0.100655,0.074988,0,0,0,0,0,0,-5,0,0.0000,0.0000,0,0.102617,0.00009179,0.000092,5.489355,-0.349803
2018-10-26,,1.9800,1.8500,24.1600,36.9892,166.660000,172.160200,0.100573,0.072934,0,0,0,0,0,0,-5,0,0.0000,0.0000,0,-0.077679,0.00009179,0.000092,5.489859,-0.349743
2018-10-29,,2.0200,1.8500,24.7000,36.9892,163.230000,172.153900,0.102554,0.084990,0,0,0,0,0,0,-5,0,0.0000,0.0000,0,-0.053467,0.00009140,0.000091,5.490361,-0.349683
2018-10-30,,2.0200,1.8500,23.3500,42.5806,165.920000,172.163400,0.101449,0.077828,0,0,0,0,0,0,-5,0,0.0000,0.0000,0,0.038649,0.00009179,0.000092,5.490865,-0.349624
2018-10-31,,2.0300,1.8500,21.2300,43.8710,169.820000,172.183550,0.099194,0.060423,0,0,0,0,0,0,-5,0,0.0000,0.0000,0,0.067471,0.00009140,0.000091,5.491367,-0.349564
2018-11-01,,2.0300,1.8500,19.3400,47.7419,172.060000,172.214750,0.097711,0.050734,0,1,0,0,0,1,-3,0,0.0000,0.0000,0,0.043670,0.00009179,0.000092,5.491871,-0.349505
2018-11-02,,2.0400,1.8500,19.5100,46.0215,169.380000,172.229950,0.097742,0.044919,0,1,0,0,0,1,-3,1,0.0000,0.0000,0,-0.044779,0.00009102,0.000091,5.492371,-0.349445
2018-11-05,,2.0200,1.8500,19.9600,47.5269,168.960000,172.234150,0.098577,0.051677,0,1,0,0,0,1,-3,1,0.0000,0.0000,0,-0.009798,0.00009140,0.000091,5.492873,-0.349386
2018-11-06,,2.0200,1.8500,19.9100,49.2473,170.240000,172.237800,0.098612,0.047359,0,1,0,0,0,1,-3,1,0.0000,0.0000,0,0.021149,0.00009257,0.000093,5.493381,-0.349326
2018-11-07,,1.9800,1.8500,16.3600,53.9785,175.580000,172.273650,0.097648,0.042341,0,1,1,1,0,3,1,1,0.0000,0.0000,0,0.091963,0.00009218,0.000092,5.493888,-0.349266
2018-11-08,,1.9600,1.8500,16.7200,54.6237,174.460000,172.304200,0.097665,0.025601,0,1,1,1,0,3,1,3,0.0000,0.0000,0,-0.017052,0.00009295,0.000093,5.494398,-0.349205
2018-11-09,,1.9600,1.8500,17.3600,50.9677,171.520000,172.307150,0.098772,0.033793,0,1,1,0,0,2,-1,3,0.0000,0.0000,0,-0.050805,0.00009218,0.000092,5.494905,-0.349145
2018-11-12,,1.9800,1.8500,20.4500,46.0215,166.330000,172.288300,0.100598,0.049685,0,0,0,0,0,0,-5,2,0.0000,0.0000,0,-0.087840,0.00009257,0.000093,5.495413,-0.349085
2018-11-13,,1.9800,1.8500,20.0200,46.2366,166.470000,172.277150,0.101209,0.061263,0,0,0,0,0,0,-5,0,0.0000,0.0000,0,-0.000409,0.00009257,0.000093,5.495922,-0.349025
2018-11-14,,2.0400,1.8500,21.2500,43.7768,165.200000,172.256150,0.100851,0.066748,0,0,0,0,0,0,-5,0,0.0000,0.0000,0,-0.025363,0.00009334,0.000093,5.496435,-0.348964
2018-11-15,,2.0900,1.8500,19.9800,46.7811,168.090000,172.256800,0.098985,0.055477,0,1,0,0,0,1,-3,0,0.0000,0.0000,0,0.053515,0.00009334,0.000093,5.496948,-0.348903
2018-11-16,,2.1300,1.8500,18.1400,47.2103,167.500000,172.271250,0.100245,0.067993,0,1,0,0,0,1,-3,1,0.0000,0.0000,0,-0.010956,0.00009295,0.000093,5.497459,-0.348843
2018-11-19,,2.1300,1.8500,20.1000,42.2747,162.060000,172.290950,0.102415,0.089903,0,0,0,0,0,0,-5,1,0.0000,0.0000,0,-0.095871,0.00009257,0.000093,5.497968,-0.348782
2018-11-20,,2.1600,1.8500,22.4800,37.3391,159.160000,172.275200,0.103911,0.116453,0,0,0,0,0,0,-5,0,0.0000,0.0000,0,-0.055469,0.00009334,0.000093,5.498481,-0.348722
2018-11-21,,2.1700,1.8500,20.8000,38.4120,160.370000,172.276000,0.102030,0.100710,0,0,0,0,0,0,-5,0,0.0000,0.0000,0,0.022406,0.00009373,0.000094,5.498997,-0.348661
2018-11-23,,2.1700,1.8500,21.5200,38.8412,159.210000,172.304800,0.102773,0.104861,0,0,0,0,0,0,-5,0,0.0000,0.0000,0,-0.022145,0.00009451,0.000095,5.499516,-0.348599
2018-11-26,,2.1800,1.8500,18.9000,42.4893,162.890000,172.338750,0.101738,0.092133,0,1,0,0,0,1,-3,0,0.0000,0.0000,0,0.068648,0.00009451,0.000095,5.500036,-0.348537
2018-11-27,,2.1600,1.8500,19.0200,42.0601,163.440000,172.361600,0.102161,0.101093,0,1,0,0,0,1,-3,1,0.0000,0.0000,0,0.010375,0.00009451,0.000095,5.500556,-0.348476
2018-11-28,,2.2000,1.8500,18.4900,48.9270,168.700000,172.406650,0.099789,0.072846,0,1,0,0,0,1,-3,1,0.0000,0.0000,0,0.094822,0.00009451,0.000095,5.501076,-0.348414
2018-11-29,,2.2200,1.8500,18.7900,48.2833,168.150000,172.434000,0.099971,0.057947,0,1,0,0,0,1,-3,1,0.0000,0.0000,0,-0.009180,0.00009412,0.000094,5.501593,-0.348353
2018-11-30,,2.2600,1.8500,18.0700,50.2146,169.370000,172.452350,0.100834,0.058385,0,1,1,0,0,2,-1,1,0.0000,0.0000,0,0.020947,0.00009295,0.000093,5.502105,-0.348292
2018-12-03,,2.2700,1.8500,16.4400,55.1502,172.330000,172.489200,0.100519,0.066752,0,1,1,0,0,2,-1,2,0.0000,0.0000,0,0.051292,0.00009295,0.000093,5.502616,-0.348232
2018-12-04,,2.2600,1.8500,20.7400,43.7768,165.720000,172.491350,0.103959,0.095432,0,0,0,0,0,0,-5,2,0.0000,0.0000,0,-0.109964,0.00009334,0.000093,5.503130,-0.348171
2018-12-06,,2.2500,1.8500,21.1900,42.7039,166.890000,172.501700,0.104228,0.103708,0,0,0,0,0,0,-5,0,0.0000,0.0000,0,0.014548,0.00009489,0.000095,5.503652,-0.348109
2018-12-07,,2.2900,1.8500,23.2300,37.5536,161.380000,172.484600,0.107106,0.130454,0,0,0,0,0,0,-5,0,0.0000,0.0000,0,-0.097880,0.00009451,0.000095,5.504172,-0.348048
2018-12-10,,2.3100,1.8500,22.6400,39.4850,163.070000,172.459100,0.107112,0.128283,0,0,0,0,0,0,-5,0,0.0000,0.0000,0,0.031329,0.00009412,0.000094,5.504690,-0.347986
2018-12-11,,2.3100,1.8500,21.7600,37.9828,163.610000,172.425150,0.107523,0.138003,0,0,0,0,0,0,-5,0,0.0000,0.0000,0,0.010721,0.00009451,0.000095,5.505210,-0.347925
2018-12-12,,2.2600,1.8500,21.4600,40.3433,165.050000,172.408950,0.106306,0.118509,0,0,0,0,0,0,-5,0,0.0000,0.0000,0,0.025193,0.00009451,0.000095,5.505731,-0.347863
2018-12-13,,2.2400,1.8500,20.6500,39.0558,165.100000,172.398400,0.107265,0.134686,0,0,0,0,0,0,-5,0,0.0000,0.0000,0,0.000216,0.00009528,0.000095,5.506255,-0.347801
2018-12-14,,2.2500,1.8500,21.6300,34.9785,161.080000,172.381400,0.109072,0.173635,0,0,0,0,0,0,-5,0,0.0000,0.0000,0,-0.075431,0.00009528,0.000095,5.506780,-0.347739
2018-12-17,,2.2500,1.8500,24.5200,27.2532,157.430000,172.338600,0.107672,0.161700,0,0,0,0,0,0,-5,0,0.0000,0.0000,0,-0.064569,0.00009489,0.000095,5.507302,-0.347677
2018-12-18,,2.2500,1.8500,25.5800,28.3262,158.420000,172.291550,0.107064,0.155809,0,0,0,0,0,0,-5,0,0.0000,0.0000,0,0.016696,0.00009412,0.000094,5.507821,-0.347615
2018-12-19,,2.2600,1.8550,25.5800,23.6052,154.530000,172.221500,0.108513,0.173512,0,0,0,0,0,0,-5,0,0.0000,0.0000,0,-0.072304,0.00009373,0.000094,5.508337,-0.347554
2018-12-20,,2.2700,1.8600,28.3800,18.4549,152.290000,172.138300,0.110248,0.200592,0,0,0,0,0,0,-5,0,0.0000,0.0000,0,-0.040159,0.00009412,0.000094,5.508855,-0.347493
2018-12-21,,2.2800,1.8600,30.1100,15.8798,147.570000,172.026850,0.111778,0.217359,0,0,0,0,0,0,-5,0,0.0000,0.0000,0,-0.096614,0.00009373,0.000094,5.509372,-0.347432
2018-12-24,,2.3100,1.8600,36.0700,9.8712,143.500000,171.878550,0.110011,0.187490,0,0,0,0,0,0,-5,0,0.0000,0.0000,0,-0.074040,0.00009373,0.000094,5.509888,-0.347370
2018-12-26,,2.3500,1.8600,30.4100,16.3090,152.460000,171.770450,0.106142,0.145798,0,0,0,0,0,0,-5,0,0.0000,0.0000,0,0.179993,0.00009605,0.000096,5.510417,-0.347308
2018-12-27,,2.3300,1.8600,29.9600,19.0987,153.050000,171.677150,0.106220,0.154042,0,0,0,0,0,0,-5,0,0.0000,0.0000,0,0.014222,0.00009567,0.000096,5.510945,-0.347245
2018-12-28,,2.3600,1.8600,28.3400,19.0987,152.970000,171.583600,0.106620,0.143679,0,0,0,0,0,0,-5,0,0.0000,0.0000,0,-0.004124,0.00009451,0.000095,5.511465,-0.347184
2018-12-31,,2.4400,1.8650,25.4200,22.3176,154.260000,171.497250,0.105874,0.150521,0,0,0,0,0,0,-5,0,0.0000,0.0000,0,0.022639,0.00009412,0.000094,5.511984,-0.347122
2019-01-02,,2.4500,1.8700,23.2200,18.2403,154.880000,171.416550,0.103945,0.120306,0,0,0,0,0,0,-5,0,0.0000,0.0000,0,0.014309,0.00009605,0.000096,5.512514,-0.347059
2019-01-03,,2.4500,1.8700,25.4500,14.1631,149.820000,171.330150,0.106466,0.121125,0,0,0,0,0,0,-5,0,0.0000,0.0000,0,-0.096886,0.00009489,0.000095,5.513037,-0.346998
2019-01-04,,2.4800,1.8700,21.3800,21.4592,156.230000,171.273050,0.104541,0.098874,0,0,0,0,0,0,-5,0,0.0000,0.0000,0,0.127910,0.00009451,0.000095,5.513558,-0.346936
2019-01-07,,2.4500,1.8700,21.4000,23.6052,158.090000,171.228900,0.103015,0.080086,0,0,0,0,0,0,-5,0,0.0000,0.0000,0,0.031879,0.00009489,0.000095,5.514081,-0.346874
2019-01-08,,2.4200,1.8700,20.4700,28.5408,159.520000,171.212500,0.103322,0.059955,0,0,0,0,0,0,-5,0,0.0000,0.0000,0,0.028868,0.00009605,0.000096,5.514611,-0.346811
2019-01-09,,2.3900,1.8700,19.9800,29.6137,160.820000,171.224050,0.102221,0.047080,0,1,0,0,0,1,-3,0,0.0000,0.0000,0,0.023628,0.00009644,0.000096,5.515142,-0.346748
2019-01-10,,2.3900,1.8700,19.5000,31.5451,161.280000,171.208450,0.103195,0.070924,0,1,0,0,0,1,-3,1,0.0000,0.0000,0,0.009618,0.00009605,0.000096,5.515672,-0.346685
2019-01-11,,2.4200,1.8750,18.1900,32.6180,160.690000,171.216500,0.102769,0.056759,0,1,0,0,0,1,-3,1,0.0000,0.0000,0,-0.011908,0.00009528,0.000095,5.516198,-0.346623
2019-01-14,,2.4200,1.8800,19.0700,29.8283,159.270000,171.226600,0.101068,0.050026,0,1,0,0,0,1,-3,1,0.0000,0.0000,0,-0.026030,0.00009528,0.000095,5.516723,-0.346561
2019-01-15,,2.4600,1.8800,18.6000,32.8326,162.380000,171.237850,0.101152,0.053404,0,1,0,0,0,1,-3,1,0.0000,0.0000,0,0.055432,0.00009605,0.000096,5.517253,-0.346498
2019-01-16,,2.4600,1.8800,19.0400,33.0472,162.350000,171.272050,0.101272,0.039597,0,1,0,0,0,1,-3,1,0.0000,0.0000,0,0.001407,0.00009605,0.000096,5.517783,-0.346435
2019-01-17,,2.4500,1.8800,18.0600,35.6223,163.630000,171.303900,0.100928,0.020804,0,1,0,0,0,1,-3,1,0.0000,0.0000,0,0.023414,0.00009528,0.000095,5.518309,-0.346373
2019-01-18,,2.4300,1.8800,17.8000,41.4163,165.250000,171.331450,0.099715,0.011171,0,1,0,0,0,1,-3,1,0.0000,0.0000,0,0.027454,0.00009489,0.000095,5.518833,-0.346311
2019-01-22,,2.3800,1.8800,20.8000,37.1245,161.940000,171.337900,0.101271,0.026678,0,0,0,0,0,0,-5,1,0.0000,0.0000,0,-0.055222,0.00009451,0.000095,5.519354,-0.346249
2019-01-23,,2.3800,1.8800,19.5200,37.3391,162.150000,171.365500,0.102084,-0.019055,0,1,0,0,1,2,-1,0,0.0000,0.0000,0,0.000943,0.00009528,0.000095,5.519880,-0.346187
2019-01-24,,2.3700,1.8800,18.8900,37.9828,163.200000,171.392850,0.102561,0.018476,0,1,0,0,0,1,-3,2,0.0000,0.0000,0,0.017660,0.00009451,0.000095,5.520402,-0.346125
2019-01-25,,2.3700,1.8800,17.4200,40.5579,165.150000,171.412550,0.100309,-0.002633,0,1,0,0,1,2,-1,1,0.0000,0.0000,0,0.035632,0.00009295,0.000093,5.520915,-0.346064
2019-01-28,,2.3400,1.8800,18.8700,38.8412,163.110000,171.426700,0.100603,-0.019022,0,1,0,0,1,2,-1,2,0.0000,0.0000,0,-0.036863,0.00009373,0.000094,5.521432,-0.346003
2019-01-29,,2.3600,1.8800,19.1300,39.0558,161.570000,171.423500,0.101021,-0.004148,0,1,0,0,1,2,-1,2,0.0000,0.0000,0,-0.028300,0.00009489,0.000095,5.521956,-0.345941
2019-01-30,,2.3600,1.8800,17.6600,46.5665,165.680000,171.445050,0.100213,0.010152,0,1,0,0,0,1,-3,2,0.0000,0.0000,0,0.074958,0.00009489,0.000095,5.522480,-0.345879
2019-01-31,,2.3700,1.8800,16.5700,47.4249,168.160000,171.472850,0.101434,0.037598,0,1,0,0,0,1,-3,1,0.0000,0.0000,0,0.043971,0.00009489,0.000095,5.523004,-0.345817
2019-02-01,,2.3800,1.8850,16.1400,49.5708,167.450000,171.479600,0.100996,0.033071,0,1,0,0,0,1,-3,1,0.0000,0.0000,0,-0.012763,0.00009451,0.000095,5.523526,-0.345755
2019-02-04,,2.3100,1.8900,15.7300,53.4335,169.530000,171.495050,0.100456,0.018960,0,1,1,0,0,2,-1,1,0.0000,0.0000,0,0.036630,0.00009412,0.000094,5.524046,-0.345694
2019-02-05,,2.3000,1.8900,15.5700,54.5064,171.030000,171.525650,0.100238,0.016373,0,1,1,0,0,2,-1,2,0.0000,0.0000,0,0.026398,0.00009489,0.000095,5.524570,-0.345631
2019-02-06,,2.2700,1.8900,15.3800,54.9356,170.520000,171.566750,0.100315,0.026514,0,1,1,0,0,2,-1,2,0.0000,0.0000,0,-0.007898,0.00009489,0.000095,5.525095,-0.345569
2019-02-07,,2.2800,1.8900,16.3700,52.3605,168.230000,171.598450,0.102613,0.048798,0,1,1,0,0,2,-1,2,0.0000,0.0000,0,-0.040825,0.00009489,0.000095,5.525619,-0.345507
2019-02-08,,2.3100,1.8900,15.7200,52.1459,168.560000,171.648950,0.102932,0.041008,0,1,1,0,0,2,-1,2,0.0000,0.0000,0,0.005107,0.00009489,0.000095,5.526143,-0.345445
2019-02-11,,2.3000,1.8900,15.9700,52.5751,168.400000,171.697700,0.102838,0.022107,0,1,1,0,0,2,-1,2,0.0000,0.0000,0,-0.002329,0.00009528,0.000095,5.526670,-0.345383
2019-02-12,,2.3000,1.8900,15.4300,57.9399,170.890000,171.742200,0.101769,0.005576,0,1,1,0,0,2,-1,2,0.0000,0.0000,0,0.043294,0.00009605,0.000096,5.527201,-0.345320
2019-02-13,,2.3000,1.8900,15.6500,61.5880,171.010000,171.786800,0.101149,0.003006,0,1,1,0,0,2,-1,2,0.0000,0.0000,0,0.002034,0.00009528,0.000095,5.527727,-0.345257
2019-02-14,,2.2700,1.8900,16.2200,60.0858,171.220000,171.838200,0.101210,0.022586,0,1,1,0,0,2,-1,2,0.0000,0.0000,0,0.003654,0.00009567,0.000096,5.528256,-0.345195
2019-02-15,,2.3000,1.8950,14.9100,64.3777,171.940000,171.884000,0.100425,0.001826,0,1,1,1,0,3,1,2,0.0000,0.0000,0,0.011934,0.00009528,0.000095,5.528783,-0.345132
2019-02-19,,2.2800,1.9000,14.8800,65.2361,172.280000,171.936300,0.100846,-0.015825,0,1,1,1,1,4,3,3,0.0000,0.0000,0,0.005996,0.00009528,0.000095,5.529310,-0.345070
2019-02-20,,2.2800,1.9000,14.0200,66.7382,172.250000,171.988550,0.101092,-0.028599,0,1,1,1,1,4,3,4,1.0000,1.0000,1,-0.000795,0.00009605,-0.003275,5.511201,-0.347215
2019-02-21,,2.2300,1.9000,14.4600,65.0215,171.620000,172.022300,0.102192,0.001658,0,1,1,0,0,2,-1,4,1.0000,1.0000,0,-0.011334,0.00009605,-0.011334,5.448735,-0.354614
2019-02-22,,2.2300,1.9000,13.5100,66.7382,172.890000,172.055550,0.102189,-0.006027,0,1,1,1,1,4,3,2,0.0000,0.0000,1,0.021722,0.00009605,0.006637,5.484898,-0.350330
2019-02-25,,2.2500,1.9000,14.8500,66.3090,173.520000,172.092800,0.101388,-0.003597,0,1,1,1,1,4,3,4,1.0000,1.0000,1,0.011024,0.00009644,-0.012600,5.415789,-0.358516
2019-02-26,,2.2300,1.9000,15.1700,65.4506,173.700000,172.121900,0.101335,-0.008410,0,1,1,1,1,4,3,4,1.0000,1.0000,0,0.003115,0.00009683,0.003115,5.432661,-0.356518
2019-02-27,,2.2400,1.9000,14.7000,66.0944,173.590000,172.141750,0.101504,0.017481,0,1,1,1,0,3,1,4,1.0000,1.0000,0,-0.003106,0.00009605,-0.003106,5.415789,-0.358516
2019-02-28,,2.2500,1.9000,14.7800,65.2361,173.190000,172.160400,0.102286,0.023554,0,1,1,1,0,3,1,3,0.0000,0.0000,1,-0.006231,0.00009605,-0.008960,5.367264,-0.364264
2019-03-01,,2.2200,1.9000,13.5700,66.3090,174.390000,172.183600,0.101865,0.010398,0,1,1,1,0,3,1,3,0.0000,0.0000,0,0.019984,0.00009605,0.000096,5.367779,-0.364203
2019-03-04,,2.2200,1.9000,14.6300,66.5236,174.420000,172.216350,0.102416,0.018876,0,1,1,1,0,3,1,3,0.0000,0.0000,0,0.000192,0.00009567,0.000096,5.368293,-0.364142
2019-03-05,,2.2200,1.9000,14.7400,64.8069,174.570000,172.244300,0.102430,-0.015189,0,1,1,1,1,4,3,3,0.0000,0.0000,0,0.003073,0.00009644,0.000096,5.368811,-0.364081
2019-03-06,,2.2200,1.9000,15.7400,62.8755,173.560000,172.270450,0.103054,-0.011579,0,1,1,1,1,4,3,4,1.0000,1.0000,1,-0.017806,0.00009644,-0.019784,5.262592,-0.376662
2019-03-07,,2.2500,1.9000,16.5900,59.0129,171.430000,172.290300,0.104269,-0.027641,0,1,1,0,1,3,1,4,1.0000,1.0000,0,-0.036452,0.00009683,-0.036452,5.070759,-0.399384
2019-03-08,,2.2500,1.9000,16.0500,57.0815,171.170000,172.304150,0.104842,-0.022022,0,1,1,0,1,3,1,3,0.0000,0.0000,1,-0.005665,0.00009605,-0.034383,4.896412,-0.420035
2019-03-11,,2.2700,1.9050,14.3300,62.4464,174.730000,172.336900,0.104080,-0.033755,0,1,1,1,1,4,3,3,0.0000,0.0000,0,0.062462,0.00009644,0.000096,4.896884,-0.419979
2019-03-12,,2.2700,1.9100,13.7700,62.6609,175.720000,172.367500,0.104404,-0.018833,0,1,1,1,1,4,3,4,1.0000,1.0000,1,0.016469,0.00009644,0.008446,4.938242,-0.415080
2019-03-13,,2.2500,1.9100,13.4100,64.5923,177.010000,172.404800,0.103825,-0.034008,0,1,1,1,1,4,3,4,1.0000,1.0000,0,0.022042,0.00009644,0.022042,5.047092,-0.402187
2019-03-14,,2.2600,1.9100,13.5000,63.9485,176.710000,172.439750,0.103873,-0.051450,0,1,1,1,1,4,3,4,1.0000,1.0000,0,-0.004977,0.00009605,-0.004977,5.021972,-0.405163
2019-03-15,,2.2700,1.9100,12.8800,65.2361,178.350000,172.486650,0.103427,-0.043429,0,1,1,1,1,4,3,4,1.0000,1.0000,0,0.024824,0.00009605,0.024824,5.146638,-0.390396
2019-03-18,,2.2800,1.9100,13.1000,67.5966,178.450000,172.528000,0.102664,-0.045496,0,1,1,1,1,4,3,4,1.0000,1.0000,0,0.009038,0.00009605,0.009038,5.193155,-0.384887
2019-03-19,,2.2700,1.9100,13.5600,65.4506,179.050000,172.572900,0.101470,-0.072954,0,1,1,1,1,4,3,4,1.0000,1.0000,0,0.010032,0.00009567,0.010032,5.245254,-0.378716
2019-03-20,,2.2700,1.9100,13.9100,62.4464,179.760000,172.608000,0.102042,-0.084783,0,1,1,1,1,4,3,4,1.0000,1.0000,0,0.011174,0.00009644,0.011174,5.303865,-0.371773
2019-03-21,,2.2900,1.9100,13.6300,67.4518,182.560000,172.649300,0.101974,-0.103757,0,1,1,1,1,4,3,4,1.0000,1.0000,0,0.046658,0.00009722,0.046658,5.551336,-0.342461
2019-03-22,,2.2800,1.9100,16.4800,61.4561,178.560000,172.667900,0.104727,-0.057238,0,1,1,1,1,4,3,4,1.0000,1.0000,0,-0.065695,0.00009760,-0.065695,5.186642,-0.385658
2019-03-25,,2.3000,1.9150,16.3300,61.4561,178.220000,172.679700,0.104895,-0.013311,0,1,1,1,1,4,3,4,1.0000,1.0000,0,-0.006278,0.00009644,-0.006278,5.154081,-0.389515
2019-03-26,,2.2800,1.9200,14.6800,63.3833,179.040000,172.702750,0.104866,-0.014443,0,1,1,1,1,4,3,4,1.0000,1.0000,0,0.013718,0.00009644,0.013718,5.224786,-0.381140
2019-03-27,,2.3000,1.9200,15.1500,62.9550,177.910000,172.720100,0.104684,-0.020487,0,1,1,1,1,4,3,4,1.0000,1.0000,0,-0.019409,0.00009644,-0.019409,5.123379,-0.393151
2019-03-28,,2.2800,1.9200,14.4300,63.8116,178.310000,172.737100,0.103060,-0.029851,0,1,1,1,1,4,3,4,1.0000,1.0000,0,0.006174,0.00009567,0.006174,5.155011,-0.389405
2019-03-29,,2.2700,1.9200,13.7100,66.1670,179.690000,172.756400,0.102963,-0.010668,0,1,1,1,1,4,3,4,1.0000,1.0000,0,0.022559,0.00009528,0.022559,5.271303,-0.375630
2019-04-01,,2.2600,1.9200,13.4000,70.6638,182.040000,172.787500,0.101057,-0.059466,0,1,1,1,1,4,3,4,1.0000,1.0000,0,0.039358,0.00009412,0.039358,5.478769,-0.351056
2019-04-02,,2.2400,1.9250,13.3600,71.0921,182.730000,172.813150,0.101147,-0.036781,0,1,1,1,1,4,3,4,1.0000,1.0000,0,0.011038,0.00009528,0.011038,5.539241,-0.343894
2019-04-03,,2.2400,1.9300,13.7400,71.3062,183.780000,172.847150,0.100831,-0.023874,0,1,1,1,1,4,3,4,1.0000,1.0000,0,0.017299,0.00009489,0.017299,5.635066,-0.332544
2019-04-04,,2.2300,1.9300,13.5800,72.5910,183.710000,172.883200,0.100216,-0.033623,0,1,1,1,1,4,3,4,1.0000,1.0000,0,-0.001651,0.00009567,-0.001651,5.625763,-0.333645
2019-04-05,,2.2200,1.9350,12.8200,74.5182,184.660000,172.926500,0.100669,-0.016988,0,1,1,1,1,4,3,4,1.0000,1.0000,0,0.015380,0.00009567,0.015380,5.712284,-0.323397
2019-04-08,,2.2200,1.9450,13.1800,75.1606,185.140000,172.965950,0.099882,-0.035806,0,1,1,1,1,4,3,4,1.0000,1.0000,0,0.007655,0.00009567,0.007655,5.756010,-0.318218
2019-04-09,,2.2100,1.9500,14.2800,72.3769,184.480000,173.009800,0.100640,-0.022973,0,1,1,1,1,4,3,4,1.0000,1.0000,0,-0.010991,0.00009528,-0.010991,5.692747,-0.325711
2019-04-10,,2.1900,1.9500,13.3000,74.7323,185.470000,173.060550,0.099986,-0.011993,0,1,1,1,1,4,3,4,1.0000,1.0000,0,0.016179,0.00009489,0.016179,5.784851,-0.314802
2019-04-11,,2.2100,1.9550,13.0200,74.5182,185.030000,173.128850,0.100517,-0.006953,0,1,1,1,1,4,3,4,1.0000,1.0000,0,-0.007559,0.00009528,-0.007559,5.741125,-0.319981
2019-04-12,,2.2000,1.9600,12.0100,76.4454,185.830000,173.197650,0.100307,-0.010599,0,1,1,1,1,4,3,4,1.0000,1.0000,0,0.012316,0.00009528,0.012316,5.811831,-0.311606
2019-04-15,,2.1500,1.9600,12.3200,76.0171,185.860000,173.278300,0.100355,-0.006257,0,1,1,1,1,4,3,4,1.0000,1.0000,0,0.000800,0.00009567,0.000800,5.816482,-0.311055
2019-04-16,,2.1500,1.9600,12.1800,76.2313,186.500000,173.354850,0.099049,-0.007273,0,1,1,1,1,4,3,4,1.0000,1.0000,0,0.009757,0.00009528,0.009757,5.873233,-0.304333
2019-04-17,,2.1200,1.9600,12.6000,74.7323,187.150000,173.432350,0.098912,-0.025649,0,1,1,1,1,4,3,4,1.0000,1.0000,0,0.009979,0.00009528,0.009979,5.931844,-0.297391
2019-04-18,,2.1300,1.9650,12.0900,75.5889,187.390000,173.505300,0.098769,-0.035755,0,1,1,1,1,4,3,4,1.0000,1.0000,0,0.003137,0.00009567,0.003137,5.950451,-0.295187
2019-04-22,,2.1200,1.9700,12.4200,75.1606,187.920000,173.590900,0.098598,-0.042561,0,1,1,1,1,4,3,4,1.0000,1.0000,0,0.008443,0.00009489,0.008443,6.000690,-0.289237
2019-04-23,,2.1400,1.9750,12.2800,77.9443,190.310000,173.677850,0.097992,-0.025445,0,1,1,1,1,4,3,4,1.0000,1.0000,0,0.037984,0.00009567,0.037984,6.228623,-0.262239
2019-04-24,,2.1400,1.9800,13.1400,77.7302,189.710000,173.748350,0.098843,-0.019377,0,1,1,1,1,4,3,4,1.0000,1.0000,0,-0.009709,0.00009605,-0.009709,6.168151,-0.269401
2019-04-25,,2.1400,1.9800,13.2500,76.6595,190.480000,173.814800,0.099315,-0.018724,0,1,1,1,1,4,3,4,1.0000,1.0000,0,0.011161,0.00009567,0.011161,6.236996,-0.261247
2019-04-26,,2.1400,1.9800,12.7300,76.6595,190.650000,173.881450,0.099008,-0.013183,0,1,1,1,1,4,3,4,1.0000,1.0000,0,0.003580,0.00009528,0.003580,6.259324,-0.258602
2019-04-29,,2.1300,1.9800,13.1100,76.2313,191.020000,173.954450,0.098275,-0.033905,0,1,1,1,1,4,3,4,1.0000,1.0000,0,0.005351,0.00009489,0.005351,6.292816,-0.254635
2019-04-30,,2.1300,1.9850,13.1200,77.0878,189.540000,174.004850,0.099840,-0.012461,0,1,1,1,1,4,3,4,1.0000,1.0000,0,-0.022915,0.00009567,-0.022915,6.148614,-0.271715
2019-05-01,,2.1400,1.9900,14.8000,74.9465,188.930000,174.051450,0.099568,-0.009482,0,1,1,1,1,4,3,4,1.0000,1.0000,0,-0.011499,0.00009528,-0.011499,6.077908,-0.280090
2019-05-02,,2.1100,1.9900,14.4200,74.7323,188.140000,174.096250,0.099560,-0.007207,0,1,1,1,1,4,3,4,1.0000,1.0000,0,-0.012246,0.00009528,-0.012246,6.003481,-0.288906
2019-05-03,,2.1200,1.9900,12.8700,76.6595,191.110000,174.150450,0.099140,-0.012636,0,1,1,1,1,4,3,4,1.0000,1.0000,0,0.047110,0.00009683,0.047110,6.286304,-0.255406
2019-05-06,,2.1100,1.9900,15.4400,75.8030,189.940000,174.200500,0.099003,-0.038141,0,1,1,1,1,4,3,4,1.0000,1.0000,0,-0.017907,0.00009528,-0.017907,6.173733,-0.268740
2019-05-07,,2.1400,1.9950,19.3200,73.4475,186.240000,174.236550,0.100372,-0.026480,0,1,1,1,1,4,3,4,1.0000,1.0000,0,-0.058168,0.00009567,-0.058168,5.814622,-0.311276
2019-05-08,,2.1700,2.0100,19.4000,71.5203,185.770000,174.270450,0.099137,-0.038232,0,1,1,1,1,4,3,4,1.0000,1.0000,0,-0.008800,0.00009528,-0.008800,5.763453,-0.317336
2019-05-09,,2.1700,2.0200,19.1000,71.9486,184.770000,174.296500,0.099316,-0.025210,0,1,1,1,1,4,3,4,1.0000,1.0000,0,-0.015819,0.00009528,-0.015819,5.672280,-0.328136
2019-05-10,,2.2100,2.0200,16.0400,72.3769,185.000000,174.320000,0.100590,-0.005791,0,1,1,1,1,4,3,4,1.0000,1.0000,0,0.002788,0.00009528,0.002788,5.688095,-0.326262
2019-05-13,,2.2000,2.0200,20.5500,64.0257,178.580000,174.298800,0.104287,0.031118,0,0,1,1,0,2,-1,4,1.0000,1.0000,0,-0.103369,0.00009528,-0.103369,5.100121,-0.395906
2019-05-14,,2.2500,2.0250,18.0600,66.1670,180.540000,174.301250,0.102664,0.022776,0,1,1,1,0,3,1,2,0.0000,0.0000,1,0.031375,0.00009451,0.014390,5.173513,-0.387213
2019-05-15,,2.2400,2.0300,16.4400,67.3077,183.090000,174.328600,0.101891,0.010632,0,1,1,1,0,3,1,3,0.0000,0.0000,0,0.041563,0.00009451,0.000095,5.174002,-0.387155
2019-05-16,,2.2600,2.0350,15.2900,67.9487,184.930000,174.377700,0.101634,0.005538,0,1,1,1,0,3,1,3,0.0000,0.0000,0,0.031245,0.00009489,0.000095,5.174493,-0.387097
2019-05-17,,2.2400,2.0400,15.9600,66.4530,183.040000,174.410650,0.102820,0.006333,0,1,1,1,0,3,1,3,0.0000,0.0000,0,-0.031121,0.00009412,0.000094,5.174980,-0.387039
2019-05-20,,2.2400,2.0650,16.3100,65.1709,179.950000,174.424800,0.103645,0.014495,0,1,1,1,0,3,1,3,0.0000,0.0000,0,-0.050136,0.00009373,0.000094,5.175465,-0.386982
2019-05-21,,2.2400,2.1000,14.9500,68.5897,181.830000,174.436300,0.102911,0.015395,0,1,1,1,0,3,1,3,0.0000,0.0000,0,0.030059,0.00009373,0.000094,5.175950,-0.386924
2019-05-22,,2.2300,2.1100,14.7500,66.6667,181.020000,174.441000,0.103998,0.026871,0,1,1,1,0,3,1,3,0.0000,0.0000,0,-0.013028,0.00009373,0.000094,5.176435,-0.386867
2019-05-23,,2.2600,2.1150,16.9200,63.0342,178.250000,174.426550,0.106188,0.046633,0,1,1,1,0,3,1,3,0.0000,0.0000,0,-0.047166,0.00009334,0.000093,5.176919,-0.386810
2019-05-24,,2.2800,2.1200,15.8500,63.0342,178.160000,174.408350,0.105789,0.034753,0,1,1,1,0,3,1,3,0.0000,0.0000,0,-0.001478,0.00009295,0.000093,5.177400,-0.386753
2019-05-28,,2.3100,2.1200,17.5000,59.8291,177.490000,174.385700,0.105033,0.031070,0,1,1,1,0,3,1,3,0.0000,0.0000,0,-0.010729,0.00009218,0.000092,5.177877,-0.386696
2019-05-29,,2.3200,2.1250,17.9000,58.9744,176.030000,174.356300,0.104341,0.018722,0,1,1,1,0,3,1,3,0.0000,0.0000,0,-0.025056,0.00009295,0.000093,5.178358,-0.386639
2019-05-30,,2.3300,2.1300,17.3000,58.9744,176.770000,174.337550,0.103896,0.014310,0,1,1,1,0,3,1,3,0.0000,0.0000,0,0.011891,0.00009295,0.000093,5.178840,-0.386582
2019-05-31,,2.3300,2.1300,18.7100,55.7692,173.950000,174.305700,0.105805,0.026497,0,1,1,0,0,2,-1,3,0.0000,0.0000,0,-0.048143,0.00009334,0.000093,5.179323,-0.386525
2019-06-03,,2.3700,2.1300,18.8600,55.3419,170.210000,174.249500,0.107131,0.027406,0,1,1,0,0,2,-1,2,0.0000,0.0000,0,-0.063919,0.00009218,0.000092,5.179801,-0.386468
2019-06-04,,2.4200,2.1300,16.9700,62.3932,174.910000,174.227900,0.104944,0.000994,0,1,1,1,0,3,1,2,0.0000,0.0000,0,0.081047,0.00009218,0.000092,5.180278,-0.386412
2019-06-05,,2.4200,2.1350,16.0900,64.9573,176.210000,174.209850,0.106269,0.021379,0,1,1,1,0,3,1,3,0.0000,0.0000,0,0.022039,0.00009218,0.000092,5.180756,-0.386355
2019-06-06,,2.4500,2.1400,15.9300,65.8120,177.610000,174.198600,0.106232,0.017841,0,1,1,1,0,3,1,3,0.0000,0.0000,0,0.024066,0.00009218,0.000092,5.181233,-0.386299
2019-06-07,,2.4400,2.1400,16.3000,67.7350,181.040000,174.205300,0.104398,0.005644,0,1,1,1,0,3,1,3,0.0000,0.0000,0,0.056966,0.00009140,0.000091,5.181707,-0.386243
2019-06-10,,2.4200,2.1400,15.9400,69.4444,183.150000,174.219250,0.103211,-0.006549,0,1,1,1,1,4,3,3,0.0000,0.0000,0,0.035575,0.00008946,0.000089,5.182170,-0.386188
2019-06-11,,2.3900,2.1400,15.9900,69.2308,183.390000,174.230900,0.102613,-0.008077,0,1,1,1,1,4,3,4,1.0000,1.0000,1,0.003779,0.00008985,-0.027080,5.041836,-0.402810
2019-06-12,,2.3800,2.1400,15.9100,68.3761,182.340000,174.238600,0.104130,0.014589,0,1,1,1,0,3,1,4,1.0000,1.0000,0,-0.016940,0.00008908,-0.016940,4.956425,-0.412927
2019-06-13,,2.4100,2.1450,15.8200,69.6581,183.420000,174.243300,0.103909,0.024654,0,1,1,1,0,3,1,3,0.0000,0.0000,1,0.016362,0.00008791,0.011634,5.014088,-0.406096
2019-06-14,,2.4200,2.1500,15.2800,68.3761,182.640000,174.234800,0.105113,0.030917,0,1,1,1,0,3,1,3,0.0000,0.0000,0,-0.013016,0.00008597,0.000086,5.014519,-0.406045
2019-06-17,,2.4200,2.1550,15.3500,68.1624,183.740000,174.230450,0.104779,0.027961,0,1,1,1,0,3,1,3,0.0000,0.0000,0,0.018220,0.00008636,0.000086,5.014952,-0.405994
2019-06-18,,2.4100,2.1600,15.1500,73.0769,186.410000,174.228800,0.103266,-0.014606,0,1,1,1,1,4,3,3,0.0000,0.0000,0,0.043286,0.00008752,0.000088,5.015391,-0.405942
2019-06-19,,2.4000,2.1650,14.3300,73.9316,187.110000,174.232300,0.103818,-0.010783,0,1,1,1,1,4,3,4,1.0000,1.0000,1,0.011924,0.00008714,0.006712,5.049056,-0.401955
2019-06-20,,2.4100,2.1700,14.7500,76.4957,188.850000,174.243300,0.103495,-0.013763,0,1,1,1,1,4,3,4,1.0000,1.0000,0,0.027280,0.00008558,0.027280,5.186794,-0.385640
2019-06-21,,2.3800,2.1700,15.4000,75.2137,188.600000,174.257050,0.103724,-0.009640,0,1,1,1,1,4,3,4,1.0000,1.0000,0,-0.004400,0.00008403,-0.004400,5.163974,-0.388343
2019-06-24,,2.3500,2.1700,15.2600,75.2137,188.160000,174.280600,0.103886,0.008380,0,1,1,1,0,3,1,4,1.0000,1.0000,0,-0.000473,0.00008286,-0.000473,5.161529,-0.388633
2019-06-25,,2.3300,2.1750,16.2800,73.2906,184.950000,174.296300,0.104278,0.013150,0,1,1,1,0,3,1,3,0.0000,0.0000,1,-0.051161,0.00008364,-0.002568,5.148274,-0.390203
2019-06-26,,2.3400,2.1850,16.2100,72.8632,185.790000,174.319700,0.102110,0.010597,0,1,1,1,0,3,1,3,0.0000,0.0000,0,0.012648,0.00008325,0.000083,5.148702,-0.390152
2019-06-27,,2.3200,2.1950,15.8200,74.5726,186.500000,174.343600,0.101887,0.007456,0,1,1,1,0,3,1,3,0.0000,0.0000,0,0.010846,0.00008442,0.000084,5.149137,-0.390100
2019-06-28,,2.3100,2.2000,15.0800,78.4188,186.740000,174.361700,0.101758,0.009402,0,1,1,1,0,3,1,3,0.0000,0.0000,0,0.004227,0.00008403,0.000084,5.149569,-0.390049
2019-07-01,,2.3100,2.2000,14.0600,78.6325,189.260000,174.395100,0.100589,0.003828,0,1,1,1,0,3,1,3,0.0000,0.0000,0,0.039825,0.00008325,0.000083,5.149998,-0.389998
2019-07-02,,2.2900,2.2050,12.9300,78.4188,190.010000,174.422500,0.101693,0.010456,0,1,1,1,0,3,1,3,0.0000,0.0000,0,0.012144,0.00008675,0.000087,5.150445,-0.389945
2019-07-03,,2.2900,2.2100,12.5700,80.9829,191.440000,174.459750,0.101590,0.017687,0,1,1,1,0,3,1,3,0.0000,0.0000,0,0.022150,0.00008636,0.000086,5.150890,-0.389893
2019-07-05,,2.2600,2.2100,13.2800,80.7692,191.050000,174.508300,0.101655,0.010474,0,1,1,1,0,3,1,3,0.0000,0.0000,0,-0.006471,0.00008675,0.000087,5.151337,-0.389840
2019-07-08,,2.2600,2.2150,13.9600,78.6325,189.710000,174.542650,0.102368,0.024531,0,1,1,1,0,3,1,3,0.0000,0.0000,0,-0.021054,0.00008752,0.000088,5.151787,-0.389786
2019-07-09,,2.2300,2.2200,14.0900,79.2735,190.660000,174.582450,0.102376,0.019067,0,1,1,1,0,3,1,3,0.0000,0.0000,0,0.015009,0.00008869,0.000089,5.152244,-0.389732
2019-07-10,,2.2200,2.2200,13.0300,79.2735,192.560000,174.621650,0.102123,0.018636,1,1,1,1,0,4,3,3,0.0000,0.0000,0,0.029573,0.00008869,0.000089,5.152701,-0.389678
2019-07-11,,2.2500,2.2200,12.9300,79.4872,192.420000,174.665200,0.101918,0.016072,0,1,1,1,0,3,1,4,1.0000,1.0000,1,-0.002665,0.00008636,-0.007627,5.113401,-0.394333
2019-07-12,,2.2500,2.2200,12.3900,81.1966,193.530000,174.713400,0.100798,0.018301,0,1,1,1,0,3,1,3,0.0000,0.0000,1,0.016776,0.00008519,0.002620,5.126798,-0.392746
2019-07-15,,2.2500,2.2200,12.6800,80.7692,194.150000,174.763450,0.101164,0.023657,0,1,1,1,0,3,1,3,0.0000,0.0000,0,0.008468,0.00008403,0.000084,5.127229,-0.392695
2019-07-16,,2.2500,2.2200,12.8600,80.5556,193.150000,174.807850,0.100931,0.022619,0,1,1,1,0,3,1,3,0.0000,0.0000,0,-0.014189,0.00008481,0.000085,5.127664,-0.392644
2019-07-17,,2.2300,2.2200,13.9700,79.4872,192.200000,174.839700,0.101985,0.035237,0,1,1,1,0,3,1,3,0.0000,0.0000,0,-0.014833,0.00008442,0.000084,5.128097,-0.392592
2019-07-18,,2.2400,2.2250,13.5300,78.4188,192.420000,174.872850,0.102500,0.046932,0,1,1,1,0,3,1,3,0.0000,0.0000,0,0.004323,0.00008403,0.000084,5.128528,-0.392541
2019-07-19,,2.2700,2.2300,14.4500,78.8462,191.010000,174.897050,0.101575,0.028102,0,1,1,1,0,3,1,3,0.0000,0.0000,0,-0.024195,0.00008053,0.000081,5.128941,-0.392493
2019-07-22,,2.2600,2.2300,13.5300,79.9145,192.530000,174.930950,0.101108,0.018411,0,1,1,1,0,3,1,3,0.0000,0.0000,0,0.023578,0.00008092,0.000081,5.129356,-0.392443
2019-07-23,,2.2400,2.2300,12.6100,80.3419,193.790000,174.970150,0.099757,0.007730,0,1,1,1,0,3,1,3,0.0000,0.0000,0,0.019319,0.00008209,0.000082,5.129777,-0.392394
2019-07-24,,2.2300,2.2300,12.0700,82.0513,195.150000,175.034000,0.099373,0.011463,1,1,1,1,0,4,3,3,0.0000,0.0000,0,0.021286,0.00008092,0.000081,5.130192,-0.392344
2019-07-25,,2.1500,2.2300,12.7400,79.7009,193.300000,175.099750,0.099600,-0.002454,1,1,1,1,1,5,5,4,1.0000,1.0000,1,-0.028551,0.00008247,-0.018719,5.034158,-0.403719
2019-07-26,,2.1400,2.2300,12.1600,81.1966,195.290000,175.180950,0.099301,-0.002774,1,1,1,1,1,5,5,5,1.0000,1.0000,0,0.029684,0.00008247,0.029684,5.183592,-0.386019
2019-07-29,,2.1300,2.2300,12.8300,81.1966,194.620000,175.255900,0.099997,0.004537,1,1,1,1,0,4,3,5,1.0000,1.0000,0,-0.009276,0.00008325,-0.009276,5.135507,-0.391715
2019-07-30,,2.1300,2.2300,13.9400,80.5556,193.780000,175.366150,0.099478,0.003491,1,1,1,1,0,4,3,4,1.0000,1.0000,0,-0.013397,0.00008325,-0.013397,5.066708,-0.399864
2019-07-31,,2.1400,2.2300,16.1200,77.9915,191.100000,175.473650,0.100108,0.011335,1,1,1,1,0,4,3,4,1.0000,1.0000,0,-0.042196,0.00008170,-0.042196,4.852914,-0.425187
2019-08-01,,2.1300,2.2300,17.8700,74.7863,190.150000,175.552800,0.102021,0.016832,1,1,1,1,0,4,3,4,1.0000,1.0000,0,-0.014024,0.00008170,-0.014024,4.784854,-0.433249
2019-08-02,,2.1700,2.2300,17.6100,72.0085,187.350000,175.628500,0.102778,0.037376,1,1,1,1,0,4,3,4,1.0000,1.0000,0,-0.045764,0.00008131,-0.045764,4.565882,-0.459185
2019-08-05,,2.1800,2.2300,24.5900,61.3248,180.730000,175.646050,0.104450,0.051179,1,0,1,1,0,3,1,4,1.0000,1.0000,0,-0.104990,0.00008092,-0.104990,4.086508,-0.515965
2019-08-06,,2.2400,2.2300,20.1700,66.0256,183.260000,175.675900,0.104291,0.036756,0,0,1,1,0,2,-1,3,0.0000,0.0000,1,0.041093,0.00008053,0.026587,4.195156,-0.503097
2019-08-07,,2.2500,2.2300,19.4900,64.9573,184.250000,175.731250,0.104490,0.001998,0,1,1,1,0,3,1,2,0.0000,0.0000,0,0.014606,0.00008053,0.000081,4.195493,-0.503057
2019-08-08,,2.2300,2.2300,16.9100,69.6581,188.260000,175.807450,0.103535,0.008791,1,1,1,1,0,4,3,3,0.0000,0.0000,0,0.066153,0.00007936,0.000079,4.195826,-0.503017
2019-08-09,,2.2500,2.2300,17.9700,67.7350,186.490000,175.870350,0.104365,0.024844,0,1,1,1,0,3,1,4,1.0000,1.0000,1,-0.029577,0.00007936,-0.014647,4.134370,-0.510296
2019-08-12,,2.2300,2.2300,21.0900,64.9573,184.350000,175.925750,0.105443,0.037531,1,0,1,1,0,3,1,3,0.0000,0.0000,1,-0.033460,0.00007858,-0.018252,4.058910,-0.519234
2019-08-13,,2.2300,2.2300,17.5200,67.3077,188.390000,176.041000,0.103897,0.010721,1,1,1,1,0,4,3,3,0.0000,0.0000,0,0.065638,0.00007858,0.000079,4.059229,-0.519197
2019-08-14,,2.2200,2.2300,22.1000,60.0427,182.760000,176.099500,0.106182,0.024471,1,0,1,1,0,3,1,4,1.0000,1.0000,1,-0.089579,0.00007858,-0.043058,3.884447,-0.539899
2019-08-15,,2.2300,2.2300,21.1800,60.0427,182.550000,176.178950,0.107272,0.042103,1,0,1,1,0,3,1,3,0.0000,0.0000,1,-0.004240,0.00007703,0.004922,3.903566,-0.537634
2019-08-16,,2.2700,2.2350,18.4700,62.3932,185.480000,176.290200,0.106249,0.021886,0,1,1,1,0,3,1,3,0.0000,0.0000,0,0.046124,0.00007508,0.000075,3.903859,-0.537600
2019-08-19,,2.2600,2.2400,16.8800,65.2452,188.430000,176.402750,0.105651,-0.005242,0,1,1,1,1,4,3,3,0.0000,0.0000,0,0.046803,0.00007352,0.000074,3.904146,-0.537566
2019-08-20,,2.2900,2.2400,17.5000,63.1130,186.970000,176.488500,0.106295,0.004903,0,1,1,1,0,3,1,4,1.0000,1.0000,1,-0.020573,0.00007625,-0.015592,3.843274,-0.544776
2019-08-21,,2.3000,2.2400,15.8000,65.4584,188.630000,176.571350,0.106138,0.010980,0,1,1,1,0,3,1,3,0.0000,0.0000,1,0.025471,0.00007625,0.025762,3.942286,-0.533048
2019-08-22,,2.2500,2.2400,16.6800,65.0320,188.020000,176.664550,0.106273,0.019454,0,1,1,1,0,3,1,3,0.0000,0.0000,0,-0.009677,0.00007742,0.000077,3.942591,-0.533012
2019-08-23,,2.2500,2.2400,19.8700,58.2090,182.070000,176.730100,0.107916,0.039508,0,1,1,1,0,3,1,3,0.0000,0.0000,0,-0.091531,0.00007858,0.000079,3.942901,-0.532975
2019-08-26,,2.2700,2.2400,19.3200,60.5544,184.820000,176.803000,0.107969,0.021394,0,1,1,1,0,3,1,3,0.0000,0.0000,0,0.040516,0.00007742,0.000077,3.943206,-0.532939
2019-08-27,,2.2700,2.2400,20.3100,59.4883,184.430000,176.847250,0.108586,0.014186,0,0,1,1,0,2,-1,3,0.0000,0.0000,0,-0.006030,0.00007897,0.000079,3.943517,-0.532902
2019-08-28,,2.2600,2.2400,19.3500,61.1940,185.090000,176.900400,0.107532,0.025396,0,1,1,1,0,3,1,2,0.0000,0.0000,0,0.010054,0.00007781,0.000078,3.943824,-0.532866
2019-08-29,,2.2600,2.2400,17.8800,64.1791,187.920000,176.982400,0.106911,0.006242,0,1,1,1,0,3,1,3,0.0000,0.0000,0,0.045478,0.00007820,0.000078,3.944132,-0.532829
2019-08-30,,2.2700,2.2400,18.9800,64.8188,187.470000,177.088100,0.106993,0.007348,0,1,1,1,0,3,1,3,0.0000,0.0000,0,-0.007058,0.00007820,0.000078,3.944441,-0.532793
2019-09-03,,2.2600,2.2450,19.6600,62.4733,185.650000,177.184000,0.109531,0.049697,0,1,1,1,0,3,1,3,0.0000,0.0000,0,-0.029096,0.00007820,0.000078,3.944749,-0.532756
2019-09-04,,2.2800,2.2500,17.3300,64.1791,188.330000,177.299650,0.108404,0.051189,0,1,1,1,0,3,1,3,0.0000,0.0000,0,0.042057,0.00007781,0.000078,3.945056,-0.532720
2019-09-05,,2.2900,2.2500,16.2700,70.1493,191.780000,177.418100,0.105869,0.032710,0,1,1,1,0,3,1,3,0.0000,0.0000,0,0.055229,0.00007742,0.000077,3.945362,-0.532684
2019-09-06,,2.2800,2.2500,15.0000,71.4286,191.590000,177.538550,0.105368,0.012291,0,1,1,1,0,3,1,3,0.0000,0.0000,0,-0.002787,0.00007742,0.000077,3.945667,-0.532648
2019-09-09,,2.2600,2.2500,15.2700,73.1343,191.190000,177.684200,0.104795,0.008784,0,1,1,1,0,3,1,3,0.0000,0.0000,0,-0.006366,0.00007703,0.000077,3.945971,-0.532612
2019-09-10,,2.2300,2.2500,15.2000,75.6930,190.640000,177.841600,0.104954,-0.001557,1,1,1,1,1,5,5,3,0.0000,0.0000,0,-0.008283,0.00007703,0.000077,3.946275,-0.532576
2019-09-11,,2.2200,2.2500,14.6100,78.2516,192.430000,178.001900,0.105246,0.004617,1,1,1,1,0,4,3,5,1.0000,1.0000,1,0.026946,0.00007664,0.022148,4.033679,-0.522223
2019-09-12,,2.2200,2.2500,14.2200,78.4648,193.230000,178.172000,0.105115,0.018446,1,1,1,1,0,4,3,4,1.0000,1.0000,0,0.012429,0.00007703,0.012429,4.083813,-0.516285
2019-09-13,,2.2200,2.2500,13.7400,79.3177,192.540000,178.320250,0.104520,0.006946,1,1,1,1,0,4,3,4,1.0000,1.0000,0,-0.010609,0.00007664,-0.010609,4.040487,-0.521417
2019-09-16,,2.2100,2.2500,14.6700,79.1045,191.680000,178.461450,0.104927,0.014042,1,1,1,1,0,4,3,4,1.0000,1.0000,0,-0.013787,0.00007703,-0.013787,3.984782,-0.528015
2019-09-17,,2.2000,2.2500,14.4400,77.8252,192.600000,178.580950,0.105576,0.018273,1,1,1,1,0,4,3,4,1.0000,1.0000,0,0.013203,0.00007820,0.013203,4.037392,-0.521783
2019-09-18,,2.2100,2.2500,13.9500,77.1855,192.520000,178.702800,0.105961,0.020489,1,1,1,1,0,4,3,4,1.0000,1.0000,0,-0.000613,0.00007820,-0.000613,4.034917,-0.522076
2019-09-19,,2.1800,2.2500,14.0500,77.3987,192.840000,178.820150,0.106467,0.021730,1,1,1,1,0,4,3,4,1.0000,1.0000,0,0.004449,0.00007664,0.004449,4.052866,-0.519950
2019-09-20,,2.1700,2.2500,15.3200,76.3326,190.800000,178.912500,0.107064,0.049815,1,1,1,1,0,4,3,4,1.0000,1.0000,0,-0.031460,0.00007586,-0.031460,3.925363,-0.535053
2019-09-23,,2.1900,2.2500,14.9100,75.2665,190.500000,179.036400,0.107106,0.052402,1,1,1,1,0,4,3,4,1.0000,1.0000,0,0.000946,0.00007508,0.000946,3.929077,-0.534613
2019-09-24,,2.1700,2.2500,17.0500,72.9787,187.970000,179.141800,0.109220,0.074055,1,1,1,1,0,4,3,4,1.0000,1.0000,0,-0.039540,0.00007625,-0.039540,3.773721,-0.553014
2019-09-25,,2.2000,2.2500,15.9600,74.0426,190.080000,179.285300,0.108511,0.079282,1,1,1,1,0,4,3,4,1.0000,1.0000,0,0.031983,0.00007547,0.031983,3.894416,-0.538718
2019-09-26,,2.2000,2.2500,16.0700,72.3404,189.380000,179.416850,0.109310,0.075038,1,1,1,1,0,4,3,4,1.0000,1.0000,0,-0.010013,0.00007430,-0.010013,3.855422,-0.543337
2019-09-27,,2.1800,2.2500,17.2200,71.4894,187.030000,179.533950,0.109513,0.077101,1,1,1,1,0,4,3,4,1.0000,1.0000,0,-0.036282,0.00007197,-0.036282,3.715540,-0.559906
2019-09-30,,2.1900,2.2500,16.2400,72.1277,188.810000,179.652750,0.109074,0.072571,1,1,1,1,0,4,3,4,1.0000,1.0000,0,0.026653,0.00007080,0.026653,3.814571,-0.548176
2019-10-01,,2.2000,2.2500,18.5600,68.2979,187.270000,179.763600,0.110132,0.074921,1,1,1,1,0,4,3,4,1.0000,1.0000,0,-0.024177,0.00007391,-0.024177,3.722348,-0.559099
2019-10-02,,2.2200,2.2500,20.5600,60.6383,184.050000,179.878450,0.110619,0.078051,1,0,1,1,0,3,1,4,1.0000,1.0000,0,-0.051214,0.00007158,-0.051214,3.531712,-0.581679
2019-10-03,,2.2600,2.2500,19.1200,62.9787,186.070000,180.021650,0.109979,0.074812,0,1,1,1,0,3,1,3,0.0000,0.0000,1,0.032948,0.00007041,-0.000901,3.528531,-0.582056
2019-10-04,,2.2900,2.2500,17.0400,67.0213,188.810000,180.173600,0.110022,0.078201,0,1,1,1,0,3,1,3,0.0000,0.0000,0,0.042077,0.00006690,0.000067,3.528767,-0.582028
2019-10-07,,2.2900,2.2500,17.8600,64.4681,188.240000,180.342150,0.110072,0.089690,0,1,1,1,0,3,1,3,0.0000,0.0000,0,-0.009280,0.00006729,0.000067,3.529004,-0.582000
2019-10-08,,2.2800,2.2500,20.2800,57.6596,185.420000,180.507800,0.110768,0.091084,0,0,1,1,0,2,-1,3,0.0000,0.0000,0,-0.045522,0.00006885,0.000069,3.529247,-0.581971
2019-10-09,,2.3000,2.2500,18.6400,59.5745,187.230000,180.706100,0.110259,0.089813,0,1,1,1,0,3,1,2,0.0000,0.0000,0,0.030303,0.00006768,0.000068,3.529486,-0.581943
2019-10-10,,2.2900,2.2500,17.5700,61.9149,188.680000,180.932000,0.109398,0.071593,0,1,1,1,0,3,1,3,0.0000,0.0000,0,0.021892,0.00006651,0.000067,3.529721,-0.581915
2019-10-11,,2.2700,2.2500,15.5800,66.3830,191.110000,181.125250,0.107871,0.051955,0,1,1,1,0,3,1,3,0.0000,0.0000,0,0.037449,0.00006612,0.000066,3.529954,-0.581888
2019-10-14,,2.2200,2.2500,14.5700,66.5957,191.090000,181.315450,0.107299,0.056118,1,1,1,1,0,4,3,3,0.0000,0.0000,0,0.001103,0.00006612,0.000066,3.530188,-0.581860
2019-10-15,,2.2200,2.2500,13.5400,70.0000,193.520000,181.518200,0.105912,0.047673,1,1,1,1,0,4,3,4,1.0000,1.0000,1,0.037947,0.00006612,0.028576,3.631068,-0.569911
2019-10-16,,2.2100,2.2500,13.6800,69.0021,193.040000,181.712100,0.106317,0.065406,1,1,1,1,0,4,3,4,1.0000,1.0000,0,-0.007433,0.00006572,-0.007433,3.604077,-0.573108
2019-10-17,,2.2200,2.2500,13.7900,68.7898,193.550000,181.905450,0.106272,0.068925,1,1,1,1,0,4,3,4,1.0000,1.0000,0,0.006878,0.00006533,0.006878,3.628864,-0.570172
2019-10-18,,2.2100,2.2500,14.2500,69.6391,191.690000,182.114800,0.107091,0.074705,1,1,1,1,0,4,3,4,1.0000,1.0000,0,-0.028689,0.00006533,-0.028689,3.524757,-0.582503
2019-10-21,,2.2100,2.2500,14.0000,70.7006,193.390000,182.300600,0.106787,0.074878,1,1,1,1,0,4,3,4,1.0000,1.0000,0,0.026410,0.00006533,0.026410,3.617848,-0.571477
2019-10-22,,2.1900,2.2500,14.4600,71.3376,191.850000,182.469400,0.107588,0.075302,1,1,1,1,0,4,3,4,1.0000,1.0000,0,-0.023143,0.00006572,-0.023143,3.534122,-0.581394
2019-10-23,,2.1700,2.2500,14.0100,71.5499,192.220000,182.632900,0.107710,0.082519,1,1,1,1,0,4,3,4,1.0000,1.0000,0,0.004676,0.00006494,0.004676,3.550646,-0.579437
2019-10-24,,2.1800,2.2500,13.7100,72.6115,194.090000,182.799250,0.107900,0.078612,1,1,1,1,0,4,3,4,1.0000,1.0000,0,0.028700,0.00006494,0.028700,3.652550,-0.567367
2019-10-25,,2.1700,2.2500,12.6500,72.1868,195.640000,182.971050,0.106366,0.043562,1,1,1,1,0,4,3,4,1.0000,1.0000,0,0.022772,0.00006572,0.022772,3.735725,-0.557515
2019-10-28,,2.1600,2.2500,13.1100,72.6115,197.570000,183.155450,0.104319,0.015539,1,1,1,1,0,4,3,4,1.0000,1.0000,0,0.030522,0.00006533,0.030522,3.849747,-0.544009
2019-10-29,,2.1600,2.2500,13.2000,72.6115,196.040000,183.339300,0.104449,-0.000010,1,1,1,1,1,5,5,4,1.0000,1.0000,0,-0.023036,0.00006494,-0.023036,3.761063,-0.554513
2019-10-30,,2.1500,2.2500,12.3300,72.8238,196.990000,183.512350,0.105050,0.007692,1,1,1,1,0,4,3,5,1.0000,1.0000,0,0.014060,0.00006416,0.014060,3.813943,-0.548250
2019-10-31,,2.1700,2.2500,13.2200,70.7006,197.080000,183.686000,0.105908,0.014292,1,1,1,1,0,4,3,4,1.0000,1.0000,0,0.000722,0.00006377,0.000722,3.816697,-0.547924
2019-11-01,,2.1800,2.2500,12.3000,74.7346,198.870000,183.862200,0.104674,0.011472,1,1,1,1,0,4,3,4,1.0000,1.0000,0,0.027132,0.00006065,0.027132,3.920253,-0.535658
2019-11-04,,2.1600,2.2500,12.8300,76.0085,200.100000,184.036450,0.102922,-0.014580,1,1,1,1,1,5,5,4,1.0000,1.0000,0,0.017845,0.00005987,0.017845,3.990208,-0.527372
2019-11-05,,2.1600,2.2500,13.1000,74.7346,200.210000,184.227800,0.101977,-0.035035,1,1,1,1,1,5,5,5,1.0000,1.0000,0,0.001242,0.00006026,0.001242,3.995166,-0.526785
2019-11-06,,2.1500,2.2500,12.6200,75.5839,199.760000,184.415850,0.102345,-0.015683,1,1,1,1,1,5,5,5,1.0000,1.0000,0,-0.006342,0.00006143,-0.006342,3.969828,-0.529786
2019-11-07,,2.1400,2.2500,12.7300,75.3715,200.430000,184.602000,0.100607,-0.056994,1,1,1,1,1,5,5,5,1.0000,1.0000,0,0.010129,0.00006143,0.010129,4.010038,-0.525023
2019-11-08,,2.1300,2.2500,12.0700,74.5223,201.230000,184.782400,0.099938,-0.074198,1,1,1,1,1,5,5,5,1.0000,1.0000,0,0.011813,0.00006143,0.011813,4.057410,-0.519412
2019-11-11,,2.1100,2.2500,12.6900,73.8854,200.960000,184.971650,0.099514,-0.067672,1,1,1,1,1,5,5,5,1.0000,1.0000,0,-0.004209,0.00006104,-0.004209,4.040334,-0.521435
2019-11-12,,2.1100,2.2500,12.6800,74.0977,201.540000,185.171500,0.099547,-0.061072,1,1,1,1,1,5,5,5,1.0000,1.0000,0,0.008180,0.00006104,0.008180,4.073384,-0.517520
2019-11-13,,2.1000,2.2500,13.0000,74.9469,201.590000,185.351050,0.100987,-0.053208,1,1,1,1,1,5,5,5,1.0000,1.0000,0,-0.001487,0.00006260,-0.001487,4.067324,-0.518238
2019-11-14,,2.1100,2.2500,13.0500,75.1592,201.430000,185.517400,0.101195,-0.049290,1,1,1,1,1,5,5,5,1.0000,1.0000,0,-0.000271,0.00006182,-0.000271,4.066223,-0.518368
2019-11-15,,2.1300,2.2500,12.0500,77.4947,202.910000,185.694700,0.100789,-0.055033,1,1,1,1,1,5,5,5,1.0000,1.0000,0,0.018830,0.00006182,0.018830,4.142788,-0.509299
2019-11-18,,2.1300,2.2500,12.4600,76.0085,203.070000,185.862400,0.100923,-0.070985,1,1,1,1,1,5,5,5,1.0000,1.0000,0,0.005185,0.00006182,0.005185,4.164270,-0.506755
2019-11-19,,2.1400,2.2500,12.8600,77.0701,203.370000,186.024100,0.100696,-0.072960,1,1,1,1,1,5,5,5,1.0000,1.0000,0,0.004101,0.00006182,0.004101,4.181346,-0.504732
2019-11-20,,2.1300,2.2500,12.7800,74.7346,202.150000,186.182250,0.101683,-0.068867,1,1,1,1,1,5,5,5,1.0000,1.0000,0,-0.017521,0.00006182,-0.017521,4.108086,-0.513410
2019-11-21,,2.1600,2.2500,13.1300,73.6730,201.700000,186.349600,0.101492,-0.060326,1,1,1,1,1,5,5,5,1.0000,1.0000,0,-0.007777,0.00006182,-0.007777,4.076138,-0.517194
2019-11-22,,2.1500,2.2500,12.3400,76.4331,201.830000,186.515950,0.101299,-0.055787,1,1,1,1,1,5,5,5,1.0000,1.0000,0,0.002703,0.00006221,0.002703,4.087154,-0.515889
2019-11-25,,2.1400,2.2500,11.8700,77.4947,204.220000,186.695050,0.100185,-0.068178,1,1,1,1,1,5,5,5,1.0000,1.0000,0,0.034636,0.00006221,0.034636,4.228717,-0.499121
2019-11-26,,2.1300,2.2500,11.5400,77.9193,204.610000,186.863650,0.100293,-0.091112,1,1,1,1,1,5,5,5,1.0000,1.0000,0,0.005992,0.00006338,0.005992,4.254056,-0.496120
2019-11-27,,2.1100,2.2500,11.7500,79.1932,206.040000,187.038800,0.100022,-0.082954,1,1,1,1,1,5,5,5,1.0000,1.0000,0,0.020199,0.00006299,0.020199,4.339985,-0.485942
2019-11-29,,2.0900,2.2500,12.6200,77.7070,205.100000,187.208200,0.100299,-0.055528,1,1,1,1,1,5,5,5,1.0000,1.0000,0,-0.013327,0.00006377,-0.013327,4.282148,-0.492793
2019-12-02,,2.0800,2.2500,14.9100,75.1592,203.000000,187.363500,0.100501,-0.048303,1,1,1,1,1,5,5,5,1.0000,1.0000,0,-0.032158,0.00006260,-0.032158,4.144441,-0.509104
2019-12-03,,2.1100,2.2500,15.9600,71.3376,201.410000,187.509150,0.101454,-0.033102,1,1,1,1,1,5,5,5,1.0000,1.0000,0,-0.022461,0.00006299,-0.022461,4.051350,-0.520130
2019-12-04,,2.1100,2.2500,14.8000,73.8854,202.430000,187.660050,0.101602,-0.033367,1,1,1,1,1,5,5,5,1.0000,1.0000,0,0.014820,0.00006182,0.014820,4.111391,-0.513018
2019-12-05,,2.1100,2.2500,14.5200,74.7346,202.830000,187.816100,0.101596,-0.036036,1,1,1,1,1,5,5,5,1.0000,1.0000,0,0.005225,0.00006104,0.005225,4.132873,-0.510474
2019-12-06,,2.0900,2.2500,13.6200,77.4947,205.000000,187.976650,0.100375,-0.047125,1,1,1,1,1,5,5,5,1.0000,1.0000,0,0.030921,0.00006065,0.030921,4.260666,-0.495337
2019-12-09,,2.0700,2.2500,15.8600,75.3715,204.070000,188.129400,0.100341,-0.041685,1,1,1,1,1,5,5,5,1.0000,1.0000,0,-0.012282,0.00006026,-0.012282,4.208337,-0.501535
2019-12-10,,2.0500,2.2500,15.6800,74.7346,203.900000,188.280400,0.100437,-0.044702,1,1,1,1,1,5,5,5,1.0000,1.0000,0,-0.002225,0.00006065,-0.002225,4.198973,-0.502644
2019-12-11,,2.0100,2.2500,14.9900,75.1592,204.980000,188.437350,0.100423,-0.051000,1,1,1,1,1,5,5,5,1.0000,1.0000,0,0.015086,0.00006143,0.015086,4.262318,-0.495141
2019-12-12,,2.0400,2.2500,13.9400,76.4331,206.510000,188.603950,0.099139,-0.067813,1,1,1,1,1,5,5,5,1.0000,1.0000,0,0.022874,0.00006182,0.022874,4.359815,-0.483593
2019-12-13,,2.0200,2.2500,12.6300,76.2208,207.190000,188.767950,0.099852,-0.065482,1,1,1,1,1,5,5,5,1.0000,1.0000,0,0.008970,0.00006143,0.008970,4.398924,-0.478961
2019-12-16,,2.0200,2.2500,12.1400,78.9809,209.270000,188.942200,0.100407,-0.066601,1,1,1,1,1,5,5,5,1.0000,1.0000,0,0.028675,0.00006182,0.028675,4.525064,-0.464020
2019-12-17,,2.0000,2.2500,12.2900,77.9193,209.390000,189.116300,0.100713,-0.063957,1,1,1,1,1,5,5,5,1.0000,1.0000,0,0.001339,0.00006182,0.001339,4.531123,-0.463302
2019-12-18,,1.9900,2.2450,12.5800,78.3439,209.550000,189.296250,0.101114,-0.080170,1,1,1,1,1,5,5,5,1.0000,1.0000,0,0.002310,0.00006143,0.002310,4.541589,-0.462063
2019-12-19,,1.9800,2.2400,12.5000,79.8301,210.860000,189.493400,0.100732,-0.077292,1,1,1,1,1,5,5,5,1.0000,1.0000,0,0.020376,0.00006143,0.020376,4.634128,-0.451102
2019-12-20,,1.9600,2.2400,12.5100,80.4671,211.710000,189.696100,0.100692,-0.085135,1,1,1,1,1,5,5,5,1.0000,1.0000,0,0.011886,0.00006182,0.011886,4.689211,-0.444577
2019-12-23,,1.9600,2.2400,12.6100,81.9533,211.810000,189.881500,0.099605,-0.098381,1,1,1,1,1,5,5,5,1.0000,1.0000,0,0.007400,0.00006221,0.007400,4.723913,-0.440467
2019-12-24,,1.9600,2.2400,12.6700,81.7410,211.920000,190.062500,0.099742,-0.092615,1,1,1,1,1,5,5,5,1.0000,1.0000,0,0.000933,0.00006260,0.000933,4.728320,-0.439945
2019-12-26,,1.9700,2.2400,12.6500,81.9533,213.790000,190.246400,0.099384,-0.107475,1,1,1,1,1,5,5,5,1.0000,1.0000,0,0.025979,0.00006221,0.025979,4.851155,-0.425395
2019-12-27,,1.9700,2.2400,13.4300,82.1656,213.610000,190.430900,0.099703,-0.110609,1,1,1,1,1,5,5,5,1.0000,1.0000,0,-0.002952,0.00006221,-0.002952,4.836833,-0.427092
2019-12-30,,1.9600,2.2400,14.8200,80.0425,212.210000,190.600200,0.100240,-0.097901,1,1,1,1,1,5,5,5,1.0000,1.0000,0,-0.019929,0.00006182,-0.019929,4.740438,-0.438510
2019-12-31,,1.9700,2.2400,13.7800,81.1839,212.610000,190.771000,0.100385,-0.095776,1,1,1,1,1,5,5,5,1.0000,1.0000,0,0.005694,0.00006182,0.005694,4.767429,-0.435313
2020-01-02,,1.9800,2.2400,12.4700,81.8182,216.160000,190.956550,0.098209,-0.119473,1,1,1,1,1,5,5,5,1.0000,1.0000,0,0.049567,0.00006104,0.049567,5.003734,-0.407323
2020-01-03,,1.9800,2.2350,14.0200,81.6068,214.180000,191.128650,0.099159,-0.117110,1,1,1,1,1,5,5,5,1.0000,1.0000,0,-0.027191,0.00006065,-0.027191,4.867680,-0.423438
2020-01-06,,1.9900,2.2300,13.8500,81.1839,215.560000,191.293650,0.098875,-0.114715,1,1,1,1,1,5,5,5,1.0000,1.0000,0,0.019011,0.00005987,0.019011,4.960219,-0.412477
2020-01-07,,2.0200,2.2300,13.7900,79.4926,215.530000,191.478500,0.099015,-0.104463,1,1,1,1,1,5,5,5,1.0000,1.0000,0,-0.001222,0.00006143,-0.001222,4.954160,-0.413195
2020-01-08,,2.0300,2.2300,13.4500,80.9725,217.150000,191.673150,0.098444,-0.095705,1,1,1,1,1,5,5,5,1.0000,1.0000,0,0.023015,0.00006065,0.023015,5.068181,-0.399689
2020-01-09,,2.0500,2.2300,12.5400,81.1839,218.990000,191.872900,0.098316,-0.092397,1,1,1,1,1,5,5,5,1.0000,1.0000,0,0.025215,0.00006065,0.025215,5.195974,-0.384553
2020-01-10,,2.0300,2.2300,12.5600,80.9725,218.430000,192.075500,0.098861,-0.072552,1,1,1,1,1,5,5,5,1.0000,1.0000,0,-0.008163,0.00006065,-0.008163,5.153560,-0.389576
2020-01-13,,1.9900,2.2300,12.3200,83.0867,220.950000,192.288700,0.098780,-0.077909,1,1,1,1,1,5,5,5,1.0000,1.0000,0,0.034951,0.00006065,0.034951,5.333681,-0.368242
2020-01-14,,1.9900,2.2300,12.3900,82.6638,220.080000,192.490650,0.099221,-0.072588,1,1,1,1,1,5,5,5,1.0000,1.0000,0,-0.011670,0.00006182,-0.011670,5.271438,-0.375614
2020-01-15,,1.9900,2.2300,12.4200,83.7553,220.170000,192.681300,0.100384,-0.068985,1,1,1,1,1,5,5,5,1.0000,1.0000,0,0.000627,0.00006182,0.000627,5.274743,-0.375223
2020-01-16,,2.0100,2.2300,12.3200,86.9198,222.280000,192.879050,0.100175,-0.068298,1,1,1,1,1,5,5,5,1.0000,1.0000,0,0.027882,0.00006182,0.027882,5.421814,-0.357803
2020-01-17,,2.0000,2.2300,12.1000,87.3418,223.380000,193.077050,0.100557,-0.072551,1,1,1,1,1,5,5,5,1.0000,1.0000,0,0.014934,0.00006104,0.014934,5.502786,-0.348212
2020-01-21,,1.9800,2.2300,12.8500,85.0211,223.280000,193.274900,0.101675,-0.061896,1,1,1,1,1,5,5,5,1.0000,1.0000,0,-0.000501,0.00006143,-0.000501,5.500032,-0.348538
2020-01-22,,1.9700,2.2300,12.9100,84.3882,223.870000,193.470950,0.101980,-0.060527,1,1,1,1,1,5,5,5,1.0000,1.0000,0,0.006810,0.00006143,0.006810,5.537488,-0.344101
2020-01-23,,1.9700,2.2250,12.9800,84.8101,224.590000,193.668200,0.102767,-0.037212,1,1,1,1,1,5,5,5,1.0000,1.0000,0,0.009251,0.00006104,0.009251,5.588715,-0.338034
2020-01-24,,1.9800,2.2200,14.5600,81.8565,222.700000,193.859300,0.103963,-0.003698,1,1,1,1,1,5,5,5,1.0000,1.0000,0,-0.025922,0.00006104,-0.025922,5.443847,-0.355193
2020-01-27,,1.9800,2.2200,18.2300,76.7932,218.100000,194.022450,0.105394,0.009654,1,1,1,1,0,4,3,5,1.0000,1.0000,0,-0.061823,0.00006065,-0.061823,5.107290,-0.395057
2020-01-28,,2.0400,2.2200,16.2800,78.6920,221.450000,194.204550,0.104729,-0.003283,1,1,1,1,1,5,5,4,1.0000,1.0000,0,0.046484,0.00006104,0.046484,5.344698,-0.366937
2020-01-29,,2.0400,2.2200,16.3900,77.2152,221.810000,194.384450,0.105092,-0.008299,1,1,1,1,1,5,5,5,1.0000,1.0000,0,0.003607,0.00006182,0.003607,5.363977,-0.364653
2020-01-30,,2.0500,2.2200,15.4900,77.6371,222.600000,194.568150,0.105728,0.010776,1,1,1,1,0,4,3,5,1.0000,1.0000,0,0.011296,0.00006143,0.011296,5.424568,-0.357476
2020-01-31,,2.0800,2.2200,18.8400,72.9958,219.070000,194.731000,0.107202,0.043529,1,1,1,1,0,4,3,4,1.0000,1.0000,0,-0.049147,0.00006182,-0.049147,5.157967,-0.389054
2020-02-03,,2.1300,2.2200,17.9700,73.6287,222.380000,194.907150,0.106751,0.049416,1,1,1,1,0,4,3,4,1.0000,1.0000,0,0.045921,0.00006104,0.045921,5.394823,-0.361000
2020-02-04,,2.1000,2.2200,16.0500,75.9494,227.470000,195.107550,0.104100,0.018375,1,1,1,1,0,4,3,4,1.0000,1.0000,0,0.068307,0.00006182,0.068307,5.763328,-0.317351
2020-02-05,,2.0900,2.2200,15.1500,81.2236,228.220000,195.309050,0.103332,0.029254,1,1,1,1,0,4,3,4,1.0000,1.0000,0,0.011565,0.00006182,0.011565,5.829979,-0.309457
2020-02-06,,2.0700,2.2200,14.9600,79.9578,230.190000,195.508450,0.103015,0.033281,1,1,1,1,0,4,3,4,1.0000,1.0000,0,0.024376,0.00006182,0.024376,5.972093,-0.292624
2020-02-07,,2.0500,2.2200,15.4700,77.4262,229.200000,195.705900,0.103236,0.040300,1,1,1,1,0,4,3,4,1.0000,1.0000,0,-0.012913,0.00006182,-0.012913,5.894976,-0.301758
2020-02-10,,2.0500,2.2200,15.0400,79.5359,231.970000,195.913350,0.102859,0.036041,1,1,1,1,0,4,3,4,1.0000,1.0000,0,0.036068,0.00006143,0.036068,6.107597,-0.276574
2020-02-11,,2.0600,2.2200,15.1800,80.8017,232.010000,196.120150,0.103054,0.022207,1,1,1,1,0,4,3,4,1.0000,1.0000,0,0.000722,0.00006221,0.000722,6.112003,-0.276052
2020-02-12,,2.0500,2.2200,13.7400,82.0675,234.270000,196.336400,0.102469,0.013717,1,1,1,1,0,4,3,4,1.0000,1.0000,0,0.029290,0.00006182,0.029290,6.291023,-0.254847
2020-02-13,,2.0600,2.2150,14.1500,81.4346,233.970000,196.558550,0.103720,0.031442,1,1,1,1,0,4,3,4,1.0000,1.0000,0,-0.003853,0.00006221,-0.003853,6.266786,-0.257718
2020-02-14,,2.0500,2.2100,13.6800,81.2236,234.640000,196.787100,0.104251,0.035674,1,1,1,1,0,4,3,4,1.0000,1.0000,0,0.006768,0.00006260,0.006768,6.309200,-0.252694
2020-02-18,,2.0400,2.2100,14.8300,78.6920,234.730000,197.020050,0.105396,0.050390,1,1,1,1,0,4,3,4,1.0000,1.0000,0,0.001746,0.00006221,0.001746,6.320217,-0.251390
2020-02-19,,2.0500,2.2100,14.3800,79.9578,236.980000,197.249400,0.103757,0.022203,1,1,1,1,0,4,3,4,1.0000,1.0000,0,0.028935,0.00006221,0.028935,6.503092,-0.229728
2020-02-20,,2.0500,2.2100,15.5600,80.3797,234.780000,197.473600,0.104556,0.032778,1,1,1,1,0,4,3,4,1.0000,1.0000,0,-0.028460,0.00006221,-0.028460,6.318013,-0.251650
2020-02-21,,2.0500,2.2100,17.0800,78.0591,230.270000,197.693750,0.105449,0.043928,1,1,1,1,0,4,3,4,1.0000,1.0000,0,-0.057193,0.00006221,-0.057193,5.956669,-0.294451
2020-02-24,,2.0900,2.2100,25.0300,67.5105,221.390000,197.871850,0.107794,0.078144,1,0,1,1,0,3,1,4,1.0000,1.0000,0,-0.115221,0.00006143,-0.115221,5.270336,-0.375745
2020-02-25,,2.1300,2.2100,27.8500,56.0000,215.370000,198.024850,0.108828,0.084712,1,0,1,1,0,3,1,3,0.0000,0.0000,1,-0.080895,0.00006026,0.023311,5.393194,-0.361193
2020-02-26,,2.1900,2.2050,27.5600,52.6316,216.480000,198.182250,0.108122,0.079958,1,0,1,1,0,3,1,3,0.0000,0.0000,0,0.013759,0.00006026,0.000060,5.393519,-0.361154
2020-02-27,,2.2000,2.2000,39.1600,38.9474,205.640000,198.317550,0.108114,0.073752,1,0,0,1,0,2,-1,3,0.0000,0.0000,0,-0.149523,0.00006026,0.000060,5.393844,-0.361116
2020-02-28,,2.2700,2.2000,40.1100,30.1053,205.800000,198.443850,0.104942,0.042008,0,0,0,1,0,1,-3,2,0.0000,0.0000,0,0.015563,0.00005713,0.000057,5.394152,-0.361079
2020-03-02,,2.3800,2.2000,33.4200,47.3684,216.420000,198.610500,0.106506,0.049727,0,0,0,1,0,1,-3,1,0.0000,0.0000,0,0.136494,0.00005008,0.000050,5.394422,-0.361047
2020-03-03,,2.4400,2.2000,36.8200,40.0000,209.480000,198.733250,0.108297,0.063516,0,0,0,1,0,1,-3,1,0.0000,0.0000,0,-0.094161,0.00004459,0.000045,5.394662,-0.361019
2020-03-04,,2.4800,2.2000,31.9900,51.3684,218.220000,198.909150,0.109825,0.081220,0,0,1,1,0,2,-1,1,0.0000,0.0000,0,0.121357,0.00003752,0.000038,5.394865,-0.360995
2020-03-05,,2.4700,2.2000,39.6200,43.1579,211.590000,199.067350,0.111850,0.109813,0,0,0,1,0,1,-3,2,0.0000,0.0000,0,-0.087749,0.00002847,0.000028,5.395018,-0.360976
2020-03-06,,2.5200,2.2000,41.9400,38.3158,208.020000,199.198300,0.112805,0.117720,0,0,0,1,0,1,-3,1,0.0000,0.0000,0,-0.052411,0.00002453,0.000025,5.395151,-0.360961
2020-03-09,,2.5500,2.2000,54.4600,17.6842,193.570000,199.261050,0.115706,0.132968,0,0,0,0,0,0,-5,1,0.0000,0.0000,0,-0.203149,0.00001782,0.000018,5.395247,-0.360949
2020-03-10,,2.9300,2.2000,47.3000,28.6316,204.110000,199.390350,0.111036,0.096944,0,0,0,1,0,1,-3,0,0.0000,0.0000,0,0.155643,0.00001307,0.000013,5.395317,-0.360941
2020-03-11,,2.9300,2.2000,53.9000,14.1053,195.220000,199.475650,0.110858,0.102264,0,0,0,0,0,0,-5,1,0.0000,0.0000,0,-0.128604,0.00001742,0.000017,5.395411,-0.360930
2020-03-12,,2.9900,2.2000,75.4700,6.5263,177.320000,199.474800,0.110213,0.081135,0,0,0,0,0,0,-5,0,0.0000,0.0000,0,-0.274084,0.00001663,0.000017,5.395501,-0.360919
2020-03-13,,3.2000,2.2000,57.8300,13.6842,192.340000,199.556350,0.107066,0.055905,0,0,0,0,0,0,-5,0,0.0000,0.0000,0,0.269884,0.00001307,0.000013,5.395572,-0.360911
2020-03-16,,3.3000,2.2000,82.6900,4.2105,169.300000,199.519000,0.106567,0.043619,0,0,0,0,0,0,-5,0,0.0000,0.0000,0,-0.344652,0.00001110,0.000011,5.395632,-0.360904
2020-03-17,,3.3800,2.2000,75.9100,11.3445,182.140000,199.559950,0.114043,0.101142,0,0,0,0,0,0,-5,0,0.0000,0.0000,0,0.162953,0.00000951,0.000010,5.395683,-0.360898
2020-03-18,,3.4900,2.2000,76.4500,6.9328,176.600000,199.591900,0.114896,0.105158,0,0,0,0,0,0,-5,0,0.0000,0.0000,0,-0.092567,0.00000753,0.000008,5.395724,-0.360893
2020-03-19,,3.8100,2.2000,72.0000,5.8824,177.660000,199.605650,0.107979,0.054266,0,0,0,0,0,0,-5,0,0.0000,0.0000,0,0.023149,0.00000079,0.000001,5.395728,-0.360892
2020-03-20,,4.0100,2.2000,66.0400,3.7815,170.700000,199.578100,0.104502,0.035020,0,0,0,0,0,0,-5,0,0.0000,0.0000,0,-0.117106,0.00000159,0.000002,5.395736,-0.360891
2020-03-23,,4.2300,2.2000,61.5900,3.7815,170.460000,199.542350,0.100763,0.007104,0,0,0,0,0,0,-5,0,0.0000,0.0000,0,0.003098,0.00000198,0.000002,5.395747,-0.360890
2020-03-24,,4.3100,2.2000,61.6700,5.8824,183.660000,199.555450,0.102324,0.022272,0,0,0,0,0,0,-5,0,0.0000,0.0000,0,0.222908,0.00000079,0.000001,5.395751,-0.360890
2020-03-25,,4.1900,2.2000,63.9500,5.4507,182.300000,199.551200,0.103387,0.028250,0,0,0,0,0,0,-5,0,0.0000,0.0000,0,-0.023186,0.00000040,0.000000,5.395754,-0.360889
2020-03-26,,4.1300,2.2000,61.0000,10.6695,191.900000,199.593750,0.106011,0.046834,0,0,0,0,0,0,-5,0,0.0000,0.0000,0,0.162867,0.00000000,0.000000,5.395754,-0.360889
2020-03-27,,4.0400,2.2000,65.5400,7.9498,185.300000,199.608550,0.109857,0.074292,0,0,0,0,0,0,-5,0,0.0000,0.0000,0,-0.103880,0.00000000,0.000000,5.395754,-0.360889
2020-03-30,,3.9800,2.2000,57.0800,12.3431,192.040000,199.651650,0.110338,0.099475,0,0,0,0,0,0,-5,0,0.0000,0.0000,0,0.105097,0.00000119,0.000001,5.395760,-0.360889
2020-03-31,,3.8900,2.2000,53.5400,10.4603,190.400000,199.690450,0.107488,0.067146,0,0,0,0,0,0,-5,0,0.0000,0.0000,0,-0.027755,0.00000476,0.000005,5.395786,-0.360886
2020-04-01,,3.9300,2.2000,57.0600,7.7406,182.310000,199.683300,0.105789,0.053183,0,0,0,0,0,0,-5,0,0.0000,0.0000,0,-0.124055,0.00000436,0.000004,5.395809,-0.360883
2020-04-02,,3.9700,2.2000,50.9100,9.2050,186.010000,199.681300,0.106639,0.060089,0,0,0,0,0,0,-5,0,0.0000,0.0000,0,0.059190,0.00000357,0.000004,5.395828,-0.360880
2020-04-03,,3.9200,2.2000,46.8000,8.7866,183.370000,199.662600,0.104335,0.045783,0,0,0,0,0,0,-5,0,0.0000,0.0000,0,-0.040271,0.00000357,0.000004,5.395848,-0.360878
2020-04-06,,3.9200,2.2000,45.2400,13.8075,196.480000,199.700750,0.105320,0.057760,0,0,0,0,0,0,-5,0,0.0000,0.0000,0,0.209335,0.00000397,0.000004,5.395869,-0.360876
2020-04-07,,3.9100,2.2000,46.7000,13.5983,196.400000,199.739750,0.103892,0.041428,0,0,0,0,0,0,-5,0,0.0000,0.0000,0,-0.001949,0.00000595,0.000006,5.395901,-0.360872
2020-04-08,,3.7900,2.2000,43.3500,18.6192,200.570000,199.801800,0.105992,0.061004,0,0,0,1,0,1,-3,0,0.0000,0.0000,0,0.063867,0.00000555,0.000006,5.395931,-0.360868
2020-04-09,,3.7500,2.2050,41.6700,20.9205,200.860000,199.881350,0.109328,0.086539,0,0,0,1,0,1,-3,1,0.0000,0.0000,0,0.003672,0.00000872,0.000009,5.395978,-0.360863
2020-04-13,,3.6100,2.2050,41.1700,17.9916,203.030000,199.967550,0.106835,0.053974,0,0,0,1,0,1,-3,1,0.0000,0.0000,0,0.034754,0.00000991,0.000010,5.396032,-0.360856
2020-04-14,,3.4100,2.2100,37.7600,24.4770,211.860000,200.094350,0.106822,0.056901,0,0,0,1,0,1,-3,1,0.0000,0.0000,0,0.129751,0.00001030,0.000010,5.396087,-0.360850
2020-04-15,,3.3600,2.2100,40.8400,20.9205,209.430000,200.207800,0.105541,0.041468,0,0,0,1,0,1,-3,1,0.0000,0.0000,0,-0.033172,0.00000793,0.000008,5.396130,-0.360845
2020-04-16,,3.3300,2.2100,40.1100,23.8494,213.250000,200.327750,0.105052,0.027978,0,0,0,1,0,1,-3,1,0.0000,0.0000,0,0.053569,0.00000555,0.000006,5.396160,-0.360841
2020-04-17,,3.2800,2.2100,38.1500,28.4519,215.290000,200.454150,0.105585,0.030586,0,0,0,1,0,1,-3,1,0.0000,0.0000,0,0.025038,0.00000555,0.000006,5.396190,-0.360838
2020-04-20,,3.2700,2.2100,43.8300,24.6862,212.740000,200.560650,0.103413,0.005331,0,0,0,1,0,1,-3,1,0.0000,0.0000,0,-0.032369,0.00000476,0.000005,5.396216,-0.360835
2020-04-21,,3.2800,2.2150,45.4100,19.4561,204.890000,200.629850,0.104893,0.007428,0,0,0,1,0,1,-3,1,0.0000,0.0000,0,-0.110578,0.00000476,0.000005,5.396241,-0.360832
2020-04-22,,3.2900,2.2200,41.9800,22.3849,210.970000,200.736150,0.105607,0.001745,0,0,0,1,0,1,-3,1,0.0000,0.0000,0,0.088456,0.00000436,0.000004,5.396265,-0.360829
2020-04-23,,3.3000,2.2200,41.3800,22.8033,210.520000,200.835450,0.103841,-0.007241,0,0,0,1,1,2,-1,1,0.0000,0.0000,0,-0.006559,0.00000476,0.000005,5.396291,-0.360826
2020-04-24,,3.2600,2.2200,35.9300,24.4770,213.840000,200.941850,0.103050,-0.016832,0,0,0,1,1,2,-1,2,0.0000,0.0000,0,0.048309,0.00000436,0.000004,5.396314,-0.360823
2020-04-27,,3.2500,2.2200,33.2900,26.7782,215.560000,201.057550,0.102648,-0.025524,0,0,0,1,1,2,-1,2,0.0000,0.0000,0,0.019508,0.00000476,0.000005,5.396340,-0.360820
2020-04-28,,3.2400,2.2200,33.5700,25.7322,211.500000,201.147400,0.103507,-0.030610,0,0,0,1,1,2,-1,2,0.0000,0.0000,0,-0.054091,0.00000476,0.000005,5.396365,-0.360817
2020-04-29,,3.2500,2.2200,31.2300,32.4268,219.000000,201.271650,0.099945,-0.057669,0,0,0,1,1,2,-1,2,0.0000,0.0000,0,0.104014,0.00000436,0.000004,5.396389,-0.360814
2020-04-30,,3.2400,2.2200,34.1500,27.8243,218.910000,201.400450,0.098561,-0.046967,0,0,0,1,1,2,-1,2,0.0000,0.0000,0,0.006637,0.00000397,0.000004,5.396410,-0.360812
2020-05-01,,3.2300,2.2200,37.1900,22.5941,212.740000,201.503150,0.098801,-0.037249,0,0,0,1,1,2,-1,2,0.0000,0.0000,0,-0.089723,0.00000357,0.000004,5.396430,-0.360809
2020-05-04,,3.2500,2.2250,35.9700,24.4770,215.220000,201.617150,0.099270,-0.030868,0,0,0,1,1,2,-1,2,0.0000,0.0000,0,0.035270,0.00000476,0.000005,5.396455,-0.360806
2020-05-05,,3.2800,2.2300,33.6100,28.0335,217.660000,201.750400,0.099165,-0.033973,0,0,0,1,1,2,-1,2,0.0000,0.0000,0,0.031939,0.00000516,0.000005,5.396483,-0.360803
2020-05-06,,3.2800,2.2300,34.1200,28.0335,219.000000,201.882750,0.096447,-0.052950,0,0,0,1,1,2,-1,2,0.0000,0.0000,0,0.019749,0.00000516,0.000005,5.396511,-0.360800
2020-05-07,,3.3100,2.2300,31.4400,30.1255,221.820000,202.022900,0.095679,-0.061409,0,0,0,1,1,2,-1,2,0.0000,0.0000,0,0.039023,0.00000476,0.000005,5.396537,-0.360797
2020-05-08,,3.3400,2.2300,27.9800,32.8452,224.860000,202.171450,0.096020,-0.054547,0,0,0,1,1,2,-1,2,0.0000,0.0000,0,0.040339,0.00000436,0.000004,5.396560,-0.360794
2020-05-11,,3.3700,2.2300,27.5700,33.8912,226.870000,202.339300,0.095590,-0.068027,0,0,0,1,1,2,-1,2,0.0000,0.0000,0,0.024870,0.00000476,0.000005,5.396586,-0.360791
2020-05-12,,3.4100,2.2300,33.0400,30.3347,222.120000,202.473450,0.096679,-0.061671,0,0,0,1,1,2,-1,2,0.0000,0.0000,0,-0.059491,0.00000476,0.000005,5.396612,-0.360788
2020-05-13,,3.4000,2.2300,35.2800,28.6611,219.340000,202.597050,0.097585,-0.061976,0,0,0,1,1,2,-1,2,0.0000,0.0000,0,-0.037869,0.00000516,0.000005,5.396639,-0.360784
2020-05-14,,3.4300,2.2300,32.6100,30.5439,221.830000,202.737300,0.097466,-0.051061,0,0,0,1,1,2,-1,2,0.0000,0.0000,0,0.033160,0.00000516,0.000005,5.396667,-0.360781
2020-05-15,,3.4100,2.2300,31.8900,30.3347,223.270000,202.898150,0.095728,-0.071733,0,0,0,1,1,2,-1,2,0.0000,0.0000,0,0.017164,0.00000476,0.000005,5.396693,-0.360778
2020-05-18,,3.4100,2.2300,29.3000,37.0293,227.430000,203.084550,0.096712,-0.073293,0,0,0,1,1,2,-1,2,0.0000,0.0000,0,0.057895,0.00000476,0.000005,5.396719,-0.360775
2020-05-19,,3.3800,2.2300,30.5300,34.5188,226.860000,203.282100,0.096106,-0.098192,0,0,0,1,1,2,-1,2,0.0000,0.0000,0,-0.007651,0.00000516,0.000005,5.396746,-0.360772
2020-05-20,,3.3000,2.2300,27.9900,38.7029,231.390000,203.535400,0.095022,-0.120477,0,0,0,1,1,2,-1,2,0.0000,0.0000,0,0.058547,0.00000516,0.000005,5.396774,-0.360768
2020-05-21,,3.2400,2.2300,29.5300,35.9833,228.900000,203.763600,0.094716,-0.117370,0,0,0,1,1,2,-1,2,0.0000,0.0000,0,-0.030617,0.00000476,0.000005,5.396800,-0.360765
2020-05-22,,3.1800,2.2300,28.1600,37.2385,229.660000,203.990650,0.095586,-0.115069,0,0,0,1,1,2,-1,2,0.0000,0.0000,0,0.008915,0.00000476,0.000005,5.396826,-0.360762
2020-05-26,,3.1800,2.2300,28.0100,39.9582,229.040000,204.194550,0.095041,-0.095238,0,0,0,1,1,2,-1,2,0.0000,0.0000,0,-0.004166,0.00000476,0.000005,5.396851,-0.360759
2020-05-27,,3.1400,2.2300,27.6200,46.2343,230.290000,204.413550,0.094768,-0.108227,0,0,0,1,1,2,-1,2,0.0000,0.0000,0,0.014070,0.00000555,0.000006,5.396881,-0.360756
2020-05-28,,3.1100,2.2300,28.5900,47.0711,229.990000,204.641750,0.097749,-0.098282,0,0,0,1,1,2,-1,2,0.0000,0.0000,0,-0.006375,0.00000595,0.000006,5.396913,-0.360752
2020-05-29,,3.1000,2.2300,27.5100,47.2803,233.360000,204.866600,0.098071,-0.104106,0,0,0,1,1,2,-1,2,0.0000,0.0000,0,0.041263,0.00000595,0.000006,5.396945,-0.360748
2020-06-01,,3.0800,2.2300,28.2300,46.8619,234.060000,205.123100,0.098838,-0.117517,0,0,0,1,1,2,-1,2,0.0000,0.0000,0,0.012323,0.00000555,0.000006,5.396975,-0.360745
2020-06-02,,3.1000,2.2300,26.8400,49.5816,235.630000,205.388500,0.098659,-0.129876,0,0,0,1,1,2,-1,2,0.0000,0.0000,0,0.019931,0.00000555,0.000006,5.397005,-0.360741
2020-06-03,,3.0800,2.2300,25.6600,53.5565,236.690000,205.644550,0.098533,-0.168958,0,0,1,1,1,3,1,2,0.0000,0.0000,0,0.013574,0.00000595,0.000006,5.397037,-0.360737
2020-06-04,,3.0200,2.2300,25.8100,53.1381,235.030000,205.877550,0.097026,-0.136211,0,0,1,1,1,3,1,3,0.0000,0.0000,0,-0.020319,0.00000634,0.000006,5.397072,-0.360733
2020-06-05,,2.9900,2.2300,24.5200,61.0879,239.690000,206.141150,0.095807,-0.158027,0,0,1,1,1,3,1,3,0.0000,0.0000,0,0.059274,0.00000595,0.000006,5.397104,-0.360729
2020-06-08,,2.8600,2.2300,25.8100,67.1548,241.550000,206.405750,0.097200,-0.153809,0,0,1,1,1,3,1,3,0.0000,0.0000,0,0.022249,0.00000595,0.000006,5.397136,-0.360726
2020-06-09,,2.8100,2.2300,27.5700,59.6234,243.300000,206.682150,0.095966,-0.123485,0,0,1,1,1,3,1,3,0.0000,0.0000,0,0.022309,0.00000674,0.000007,5.397172,-0.360721
2020-06-10,,2.8000,2.2300,27.5700,54.1841,246.220000,207.002900,0.095940,-0.132619,0,0,1,1,1,3,1,3,0.0000,0.0000,0,0.036087,0.00000753,0.000008,5.397213,-0.360717
2020-06-11,,2.8600,2.2300,40.7900,39.5397,234.020000,207.248900,0.097834,-0.169004,0,0,0,1,1,2,-1,3,0.0000,0.0000,0,-0.147231,0.00000674,0.000007,5.397249,-0.360712
2020-06-12,,2.9100,2.2300,36.0900,42.2594,235.880000,207.506150,0.096430,-0.203716,0,0,0,1,1,2,-1,2,0.0000,0.0000,0,0.021687,0.00000674,0.000007,5.397286,-0.360708
2020-06-15,,2.9100,2.2300,34.4000,44.7699,238.750000,207.774450,0.096190,-0.139388,0,0,0,1,1,2,-1,2,0.0000,0.0000,0,0.035259,0.00000634,0.000006,5.397320,-0.360704
2020-06-16,,2.9300,2.2300,33.6700,48.7448,242.850000,208.049100,0.094804,-0.126929,0,0,0,1,1,2,-1,2,0.0000,0.0000,0,0.052853,0.00000714,0.000007,5.397358,-0.360699
2020-06-17,,2.8900,2.2300,33.4700,47.6987,243.620000,208.329850,0.094911,-0.081177,0,0,0,1,1,2,-1,2,0.0000,0.0000,0,0.009737,0.00000674,0.000007,5.397395,-0.360695
2020-06-18,,2.8700,2.2300,32.9400,47.0711,244.280000,208.623000,0.094859,-0.093548,0,0,0,1,1,2,-1,2,0.0000,0.0000,0,0.007715,0.00000674,0.000007,5.397431,-0.360691
2020-06-19,,2.8600,2.2300,35.1200,45.6067,244.240000,208.902550,0.093134,-0.124026,0,0,0,1,1,2,-1,2,0.0000,0.0000,0,-0.001382,0.00000634,0.000006,5.397465,-0.360687
2020-06-22,,2.8700,2.2300,31.7700,45.3975,246.740000,209.177350,0.092669,-0.149659,0,0,0,1,1,2,-1,2,0.0000,0.0000,0,0.035562,0.00000595,0.000006,5.397498,-0.360683
2020-06-23,,2.8600,2.2300,31.3700,46.6527,248.840000,209.463600,0.091315,-0.207828,0,0,0,1,1,2,-1,2,0.0000,0.0000,0,0.026116,0.00000634,0.000006,5.397532,-0.360679
2020-06-24,,2.8700,2.2300,33.8400,39.7490,243.710000,209.726200,0.092851,-0.184197,0,0,0,1,1,2,-1,2,0.0000,0.0000,0,-0.058918,0.00000634,0.000006,5.397566,-0.360675
2020-06-25,,2.8900,2.2300,32.2200,41.2134,246.030000,210.003150,0.090727,-0.185938,0,0,0,1,1,2,-1,2,0.0000,0.0000,0,0.026512,0.00000595,0.000006,5.397598,-0.360671
2020-06-26,,2.9200,2.2300,34.7300,37.8661,240.220000,210.242100,0.091951,-0.159448,0,0,0,1,1,2,-1,2,0.0000,0.0000,0,-0.071881,0.00000634,0.000006,5.397632,-0.360667
2020-06-29,,2.9200,2.2300,31.7800,41.6318,242.840000,210.490150,0.092327,-0.162258,0,0,0,1,1,2,-1,2,0.0000,0.0000,0,0.031962,0.00000555,0.000006,5.397662,-0.360663
2020-06-30,,2.9400,2.2300,30.4300,44.5607,247.600000,210.765450,0.091500,-0.152843,0,0,0,1,1,2,-1,2,0.0000,0.0000,0,0.057505,0.00000555,0.000006,5.397692,-0.360660
2020-07-01,,2.9300,2.2300,28.6200,45.6067,250.490000,211.059500,0.092989,-0.137261,0,0,0,1,1,2,-1,2,0.0000,0.0000,0,0.035740,0.00000634,0.000006,5.397727,-0.360656
2020-07-02,,2.8900,2.2300,27.6800,46.8619,252.190000,211.357450,0.092720,-0.126641,0,0,0,1,1,2,-1,2,0.0000,0.0000,0,0.021258,0.00000555,0.000006,5.397757,-0.360652
2020-07-06,,2.8700,2.2300,27.9400,48.6430,258.390000,211.686800,0.090191,-0.172483,0,0,0,1,1,2,-1,2,0.0000,0.0000,0,0.073482,0.00000555,0.000006,5.397787,-0.360649
2020-07-07,,2.8300,2.2300,29.4300,46.5553,256.610000,212.005650,0.090764,-0.191514,0,0,0,1,1,2,-1,2,0.0000,0.0000,0,-0.019661,0.00000595,0.000006,5.397819,-0.360645
2020-07-08,,2.8100,2.2300,28.0800,46.1378,259.990000,212.351600,0.090882,-0.171271,0,0,0,1,1,2,-1,2,0.0000,0.0000,0,0.038454,0.00000595,0.000006,5.397851,-0.360641
2020-07-09,,2.7700,2.2350,29.2600,44.6764,262.180000,212.710000,0.090177,-0.172610,0,0,0,1,1,2,-1,2,0.0000,0.0000,0,0.024982,0.00000595,0.000006,5.397883,-0.360637
2020-07-10,,2.7300,2.2350,27.2900,45.9290,263.970000,213.090000,0.090951,-0.158065,0,0,0,1,1,2,-1,2,0.0000,0.0000,0,0.021175,0.00000516,0.000005,5.397911,-0.360634
2020-07-13,,2.7400,2.2350,32.1900,46.7641,258.540000,213.432300,0.091840,-0.141868,0,0,0,1,1,2,-1,2,0.0000,0.0000,0,-0.061786,0.00000516,0.000005,5.397938,-0.360631
2020-07-14,,2.7400,2.2350,29.5200,49.6868,260.370000,213.787250,0.091512,-0.148300,0,0,0,1,1,2,-1,2,0.0000,0.0000,0,0.021200,0.00000555,0.000006,5.397968,-0.360627
2020-07-15,,2.7100,2.2350,27.7600,53.8622,260.900000,214.156600,0.090322,-0.144691,0,0,1,1,1,3,1,2,0.0000,0.0000,0,0.004947,0.00000595,0.000006,5.398001,-0.360623
2020-07-16,,2.7100,2.2400,28.0000,54.6973,259.120000,214.508150,0.091773,-0.146950,0,0,1,1,1,3,1,3,0.0000,0.0000,0,-0.021449,0.00000634,0.000006,5.398035,-0.360619
2020-07-17,,2.6900,2.2400,25.6800,56.5762,259.420000,214.868900,0.093575,-0.131331,0,0,1,1,1,3,1,3,0.0000,0.0000,0,0.004671,0.00000436,0.000004,5.398058,-0.360616
2020-07-20,,2.6800,2.2400,24.4600,54.4885,266.780000,215.282550,0.091607,-0.136914,0,0,1,1,1,3,1,3,0.0000,0.0000,0,0.085122,0.00000436,0.000004,5.398082,-0.360614
2020-07-21,,2.6600,2.2400,24.8400,56.1587,264.000000,215.672200,0.091828,-0.125076,0,0,1,1,1,3,1,3,0.0000,0.0000,0,-0.031971,0.00000516,0.000005,5.398110,-0.360610
2020-07-22,,2.6300,2.2450,24.3200,59.9165,264.930000,216.052800,0.092716,-0.110178,0,0,1,1,1,3,1,3,0.0000,0.0000,0,0.011576,0.00000516,0.000005,5.398138,-0.360607
2020-07-23,,2.6100,2.2500,26.0800,58.8727,258.010000,216.401650,0.093944,-0.104431,0,0,1,1,1,3,1,3,0.0000,0.0000,0,-0.078341,0.00000516,0.000005,5.398165,-0.360604
2020-07-24,,2.5800,2.2500,25.8400,56.7850,255.560000,216.752350,0.093929,-0.065876,0,0,1,1,1,3,1,3,0.0000,0.0000,0,-0.029581,0.00000476,0.000005,5.398191,-0.360601
2020-07-27,,2.5800,2.2500,24.7400,58.2463,260.120000,217.116800,0.092120,-0.072717,0,0,1,1,1,3,1,3,0.0000,0.0000,0,0.053721,0.00000436,0.000004,5.398215,-0.360598
2020-07-28,,2.5600,2.2550,25.4400,56.3674,256.810000,217.457450,0.094109,-0.053937,0,0,1,1,1,3,1,3,0.0000,0.0000,0,-0.037589,0.00000436,0.000004,5.398238,-0.360595
2020-07-29,,2.5700,2.2600,24.1000,59.4990,259.770000,217.800750,0.093396,-0.067839,0,0,1,1,1,3,1,3,0.0000,0.0000,0,0.034048,0.00000436,0.000004,5.398262,-0.360592
2020-07-30,,2.6100,2.2600,24.7600,58.4551,261.130000,218.150950,0.093731,-0.062032,0,0,1,1,1,3,1,3,0.0000,0.0000,0,0.016239,0.00000436,0.000004,5.398285,-0.360589
2020-07-31,,2.6000,2.2600,24.4600,57.6200,265.790000,218.512300,0.093149,-0.039278,0,0,1,1,1,3,1,3,0.0000,0.0000,0,0.053942,0.00000357,0.000004,5.398305,-0.360587
2020-08-03,,2.6000,2.2600,24.2800,57.8288,269.380000,218.894000,0.091502,-0.049895,0,0,1,1,1,3,1,3,0.0000,0.0000,0,0.037276,0.00000357,0.000004,5.398324,-0.360585
2020-08-04,,2.6300,2.2600,23.7600,58.2463,270.380000,219.278150,0.092150,-0.045487,0,0,1,1,1,3,1,3,0.0000,0.0000,0,0.013002,0.00000397,0.000004,5.398345,-0.360582
2020-08-05,,2.6200,2.2650,22.9900,60.5428,271.050000,219.674950,0.090407,-0.061563,0,0,1,1,1,3,1,3,0.0000,0.0000,0,0.007972,0.00000357,0.000004,5.398365,-0.360580
2020-08-06,,2.5900,2.2700,22.6500,60.3340,274.640000,220.081200,0.090330,-0.076591,0,0,1,1,1,3,1,3,0.0000,0.0000,0,0.038279,0.00000397,0.000004,5.398386,-0.360578
2020-08-07,,2.5700,2.2700,22.2100,63.0480,271.470000,220.479300,0.091894,-0.069290,0,0,1,1,1,3,1,3,0.0000,0.0000,0,-0.032678,0.00000397,0.000004,5.398407,-0.360575
2020-08-10,,2.5700,2.2700,22.1300,64.7182,270.310000,220.869750,0.091590,-0.070992,0,0,1,1,1,3,1,3,0.0000,0.0000,0,-0.013466,0.00000397,0.000004,5.398429,-0.360572
2020-08-11,,2.5600,2.2700,24.0300,64.7182,265.190000,221.225250,0.090355,-0.065253,0,0,1,1,1,3,1,3,0.0000,0.0000,0,-0.056753,0.00000436,0.000004,5.398452,-0.360570
2020-08-12,,2.5900,2.2700,22.2800,65.3445,271.860000,221.606350,0.090401,-0.074639,0,0,1,1,1,3,1,3,0.0000,0.0000,0,0.074807,0.00000436,0.000004,5.398476,-0.360567
2020-08-13,,2.5500,2.2750,22.1300,64.5094,272.480000,221.980900,0.090417,-0.068293,0,0,1,1,1,3,1,3,0.0000,0.0000,0,0.007007,0.00000436,0.000004,5.398499,-0.360564
2020-08-14,,2.5900,2.2800,22.0500,63.6743,272.160000,222.361500,0.089627,-0.064411,0,0,1,1,1,3,1,3,0.0000,0.0000,0,-0.002893,0.00000397,0.000004,5.398521,-0.360562
2020-08-17,,2.6100,2.2800,21.3500,63.6743,275.320000,222.753150,0.089225,-0.066439,0,0,1,1,1,3,1,3,0.0000,0.0000,0,0.033012,0.00000397,0.000004,5.398542,-0.360559
2020-08-18,,2.6400,2.2850,21.5100,64.0919,277.970000,223.157600,0.088634,-0.083368,0,0,1,1,1,3,1,3,0.0000,0.0000,0,0.029376,0.00000397,0.000004,5.398564,-0.360557
2020-08-19,,2.6400,2.2850,22.5400,64.0919,276.100000,223.543750,0.088738,-0.074787,0,0,1,1,1,3,1,3,0.0000,0.0000,0,-0.019541,0.00000357,0.000004,5.398583,-0.360554
2020-08-20,,2.6500,2.2850,22.7200,62.6305,279.930000,223.942900,0.087679,-0.083372,0,0,1,1,1,3,1,3,0.0000,0.0000,0,0.041140,0.00000436,0.000004,5.398606,-0.360551
2020-08-21,,2.6500,2.2900,22.5400,62.2129,281.870000,224.351200,0.087516,-0.117299,0,0,1,1,1,3,1,3,0.0000,0.0000,0,0.020877,0.00000436,0.000004,5.398630,-0.360549
2020-08-24,,2.6400,2.2900,22.3700,64.5094,283.630000,224.770550,0.087396,-0.122652,0,0,1,1,1,3,1,3,0.0000,0.0000,0,0.018539,0.00000397,0.000004,5.398651,-0.360546
2020-08-25,,2.6300,2.2900,22.0300,64.9269,285.860000,225.197700,0.086264,-0.143284,0,0,1,1,1,3,1,3,0.0000,0.0000,0,0.023343,0.00000476,0.000005,5.398677,-0.360543
2020-08-26,,2.6300,2.2950,23.2700,64.0919,291.960000,225.651350,0.084458,-0.162397,0,0,1,1,1,3,1,3,0.0000,0.0000,0,0.064019,0.00000436,0.000004,5.398701,-0.360540
2020-08-27,,2.6600,2.3400,24.4700,66.1795,291.050000,226.101800,0.084546,-0.158386,0,0,1,1,1,3,1,3,0.0000,0.0000,0,-0.009060,0.00000436,0.000004,5.398724,-0.360537
2020-08-28,,2.7100,2.4100,22.9600,67.4322,292.530000,226.556750,0.084246,-0.148307,0,0,1,1,1,3,1,3,0.0000,0.0000,0,0.015453,0.00000436,0.000004,5.398748,-0.360535
2020-08-31,,2.7100,2.4550,26.4100,66.3883,294.880000,227.023200,0.084810,-0.125554,0,0,1,1,1,3,1,3,0.0000,0.0000,0,0.023144,0.00000397,0.000004,5.398769,-0.360532
2020-09-01,,2.6700,2.4750,26.1200,65.9708,299.920000,227.515650,0.083054,-0.158767,0,0,1,1,1,3,1,3,0.0000,0.0000,0,0.051934,0.00000436,0.000004,5.398793,-0.360529
2020-09-02,,2.6700,2.5000,26.5700,70.1461,302.760000,228.014900,0.084414,-0.134225,0,0,1,1,1,3,1,3,0.0000,0.0000,0,0.028220,0.00000476,0.000005,5.398818,-0.360526
2020-09-03,,2.6400,2.5350,33.6000,67.0146,287.410000,228.436600,0.086439,-0.107233,0,0,1,1,1,3,1,3,0.0000,0.0000,0,-0.153555,0.00000476,0.000005,5.398844,-0.360523
2020-09-04,,2.6400,2.5500,30.7500,67.0146,283.580000,228.837650,0.086654,-0.130232,0,0,1,1,1,3,1,3,0.0000,0.0000,0,-0.041224,0.00000436,0.000004,5.398868,-0.360521
2020-09-08,,2.6800,2.5550,31.4600,61.1691,269.950000,229.176650,0.088593,-0.089022,0,0,1,1,1,3,1,3,0.0000,0.0000,0,-0.141344,0.00000436,0.000004,5.398891,-0.360518
2020-09-09,,2.6700,2.5600,28.8100,64.5094,277.880000,229.557550,0.088025,-0.093931,0,0,1,1,1,3,1,3,0.0000,0.0000,0,0.085923,0.00000516,0.000005,5.398919,-0.360514
2020-09-10,,2.6900,2.5650,29.7100,61.5866,272.340000,229.910100,0.088038,-0.076146,0,0,1,1,1,3,1,3,0.0000,0.0000,0,-0.057848,0.00000476,0.000005,5.398945,-0.360511
2020-09-11,,2.6900,2.5700,26.8700,62.0042,270.450000,230.241250,0.088203,-0.075761,0,0,1,1,1,3,1,3,0.0000,0.0000,0,-0.021860,0.00000476,0.000005,5.398970,-0.360508
2020-09-14,,2.6900,2.5700,25.8500,66.3883,275.160000,230.594000,0.088253,-0.075599,0,0,1,1,1,3,1,3,0.0000,0.0000,0,0.051516,0.00000436,0.000004,5.398994,-0.360506
2020-09-15,,2.6600,2.5750,25.5900,66.5971,279.060000,230.959100,0.088397,-0.056063,0,0,1,1,1,3,1,3,0.0000,0.0000,0,0.042507,0.00000436,0.000004,5.399018,-0.360503
2020-09-16,,2.6800,2.5800,26.0400,68.6848,274.610000,231.306650,0.088631,-0.047534,0,0,1,1,1,3,1,3,0.0000,0.0000,0,-0.048044,0.00000436,0.000004,5.399041,-0.360500
2020-09-17,,2.6700,2.5850,26.4600,66.8058,270.320000,231.643250,0.088688,-0.030967,0,0,1,1,1,3,1,3,0.0000,0.0000,0,-0.046059,0.00000476,0.000005,5.399067,-0.360497
2020-09-18,,2.6500,2.5900,25.8300,63.6743,266.870000,231.970550,0.088492,-0.051040,0,0,1,1,1,3,1,3,0.0000,0.0000,0,-0.038627,0.00000357,0.000004,5.399086,-0.360495
2020-09-21,,2.6600,2.5900,27.7800,58.4551,267.510000,232.295950,0.088173,-0.029947,0,0,1,1,1,3,1,3,0.0000,0.0000,0,0.011848,0.00000397,0.000004,5.399108,-0.360492
2020-09-22,,2.6600,2.5950,26.8600,59.0814,272.480000,232.644200,0.087829,-0.049349,0,0,1,1,1,3,1,3,0.0000,0.0000,0,0.054641,0.00000397,0.000004,5.399129,-0.360490
2020-09-23,,2.6600,2.6000,28.5800,54.9061,264.160000,232.940000,0.088535,-0.043526,0,0,1,1,1,3,1,3,0.0000,0.0000,0,-0.092599,0.00000397,0.000004,5.399150,-0.360487
2020-09-24,,2.6800,2.6050,28.5100,55.7411,265.390000,233.246600,0.089289,-0.025352,0,0,1,1,1,3,1,3,0.0000,0.0000,0,0.014629,0.00000436,0.000004,5.399174,-0.360484
2020-09-25,,2.7000,2.6100,26.3800,59.9165,271.560000,233.584900,0.089313,-0.041847,0,0,1,1,1,3,1,3,0.0000,0.0000,0,0.070080,0.00000397,0.000004,5.399195,-0.360482
2020-09-28,,2.7400,2.6100,26.1900,63.0480,277.200000,233.946000,0.088079,-0.053580,0,0,1,1,1,3,1,3,0.0000,0.0000,0,0.059285,0.00000397,0.000004,5.399217,-0.360479
2020-09-29,,2.7600,2.6150,26.2700,61.5866,275.950000,234.293200,0.088531,-0.019294,0,0,1,1,1,3,1,3,0.0000,0.0000,0,-0.010484,0.00000436,0.000004,5.399240,-0.360476
2020-09-30,,2.7400,2.6250,26.3700,63.0480,277.840000,234.646450,0.088656,-0.024790,0,0,1,1,1,3,1,3,0.0000,0.0000,0,0.019788,0.00000357,0.000004,5.399260,-0.360474
2020-10-01,,2.7500,2.6300,26.7000,64.0919,282.250000,235.011350,0.088981,-0.022300,0,0,1,1,1,3,1,3,0.0000,0.0000,0,0.046830,0.00000397,0.000004,5.399281,-0.360472
2020-10-02,,2.7500,2.6300,27.6300,64.9269,274.310000,235.335950,0.090897,0.008471,0,0,1,1,0,2,-1,3,0.0000,0.0000,0,-0.082464,0.00000357,0.000004,5.399300,-0.360469
2020-10-05,,2.7600,2.6300,27.9600,69.7286,280.160000,235.689000,0.090431,-0.006106,0,0,1,1,1,3,1,2,0.0000,0.0000,0,0.063072,0.00000357,0.000004,5.399320,-0.360467
2020-10-06,,2.7400,2.6350,29.4800,67.8497,275.160000,236.010500,0.092512,0.007779,0,0,1,1,0,2,-1,3,0.0000,0.0000,0,-0.053718,0.00000397,0.000004,5.399341,-0.360464
2020-10-07,,2.7000,2.6400,28.0600,72.6514,279.920000,236.351550,0.091487,-0.000295,0,0,1,1,1,3,1,2,0.0000,0.0000,0,0.052577,0.00000397,0.000004,5.399362,-0.360462
2020-10-08,,2.6900,2.6400,26.3600,75.7829,281.410000,236.699550,0.092341,0.023882,0,0,1,1,0,2,-1,3,0.0000,0.0000,0,0.014722,0.00000397,0.000004,5.399384,-0.360459
2020-10-09,,2.6800,2.6400,25.0000,76.6180,285.710000,237.068500,0.091509,-0.003112,0,0,1,1,1,3,1,2,0.0000,0.0000,0,0.044489,0.00000357,0.000004,5.399403,-0.360457
2020-10-12,,2.6700,2.6400,25.0700,76.8267,294.530000,237.472200,0.090628,-0.034502,0,0,1,1,1,3,1,3,0.0000,0.0000,0,0.093267,0.00000397,0.000004,5.399424,-0.360455
2020-10-13,,2.6700,2.6450,26.0700,74.5303,294.520000,237.876750,0.090595,-0.011928,0,0,1,1,1,3,1,3,0.0000,0.0000,0,0.000130,0.00000397,0.000004,5.399446,-0.360452
2020-10-14,,2.6500,2.6500,26.4000,74.5303,292.060000,238.276000,0.091053,-0.009037,1,0,1,1,1,4,3,3,0.0000,0.0000,0,-0.024695,0.00000436,0.000004,5.399469,-0.360449
2020-10-15,,2.6400,2.6500,26.9700,74.9478,290.100000,238.663450,0.091108,-0.018434,1,0,1,1,1,4,3,4,1.0000,1.0000,1,-0.020669,0.00000476,0.030144,5.562232,-0.341170
2020-10-16,,2.6500,2.6500,27.4100,74.9478,288.510000,239.025200,0.092142,-0.020621,1,0,1,1,1,4,3,4,1.0000,1.0000,0,-0.015337,0.00000436,-0.015337,5.476927,-0.351275
2020-10-19,,2.6400,2.6500,29.1800,71.1900,283.800000,239.373300,0.092775,-0.013096,1,0,1,1,1,4,3,4,1.0000,1.0000,0,-0.049690,0.00000436,-0.049690,5.204779,-0.383510
2020-10-20,,2.6100,2.6500,29.3500,72.6514,284.410000,239.717550,0.092958,0.009668,1,0,1,1,0,3,1,4,1.0000,1.0000,0,0.006454,0.00000436,0.006454,5.238373,-0.379531
2020-10-21,,2.6400,2.6500,28.6500,71.8163,284.190000,240.060850,0.092887,-0.013862,1,0,1,1,1,4,3,3,0.0000,0.0000,1,-0.002594,0.00000397,0.002033,5.249024,-0.378269
2020-10-22,,2.6300,2.6500,28.1100,75.1566,284.180000,240.396000,0.093686,0.003284,1,0,1,1,0,3,1,4,1.0000,1.0000,1,0.000506,0.00000397,-0.008856,5.202540,-0.383775
2020-10-23,,2.6100,2.6500,27.5500,75.1566,284.740000,240.724750,0.093629,-0.001159,1,0,1,1,1,4,3,3,0.0000,0.0000,1,0.005849,0.00000357,0.006442,5.236053,-0.379805
2020-10-26,,2.6000,2.6500,32.4600,69.9374,280.470000,241.034950,0.095362,0.024697,1,0,1,1,0,3,1,4,1.0000,1.0000,1,-0.045585,0.00000397,-0.020962,5.126293,-0.392806
2020-10-27,,2.6000,2.6500,33.3500,67.2234,282.660000,241.343500,0.095618,0.046273,1,0,1,1,0,3,1,3,0.0000,0.0000,1,0.023618,0.00000436,0.009727,5.176154,-0.386900
2020-10-28,,2.6000,2.6500,40.2800,57.8288,271.640000,241.601300,0.096124,0.042686,1,0,1,1,0,3,1,3,0.0000,0.0000,0,-0.117349,0.00000397,0.000004,5.176175,-0.386898
2020-10-29,,2.6200,2.6500,37.5900,61.3779,276.390000,241.882400,0.095415,0.055040,1,0,1,1,0,3,1,3,0.0000,0.0000,0,0.050866,0.00000397,0.000004,5.176195,-0.386895
2020-10-30,,2.6100,2.6500,38.0200,60.1253,269.380000,242.117900,0.095517,0.056082,1,0,1,1,0,3,1,3,0.0000,0.0000,0,-0.069556,0.00000357,0.000004,5.176214,-0.386893
2020-11-02,,2.6100,2.6500,37.1300,67.8497,269.980000,242.350900,0.096532,0.049815,1,0,1,1,0,3,1,3,0.0000,0.0000,0,0.000341,0.00000357,0.000004,5.176232,-0.386891
2020-11-03,,2.6000,2.6500,35.5500,72.6514,274.650000,242.607750,0.096227,0.050687,1,0,1,1,0,3,1,3,0.0000,0.0000,0,0.050302,0.00000357,0.000004,5.176251,-0.386889
2020-11-04,,2.5800,2.6500,29.5700,73.6952,286.910000,242.922950,0.092711,0.026924,1,0,1,1,0,3,1,3,0.0000,0.0000,0,0.135170,0.00000397,0.000004,5.176271,-0.386886
2020-11-05,,2.5800,2.6500,27.5800,76.8267,294.390000,243.271950,0.091751,0.015501,1,0,1,1,0,3,1,3,0.0000,0.0000,0,0.077170,0.00000397,0.000004,5.176292,-0.386884
2020-11-06,,2.5200,2.6500,24.8600,75.1566,294.610000,243.631500,0.091572,0.013290,1,0,1,1,0,3,1,3,0.0000,0.0000,0,0.003380,0.00000397,0.000004,5.176312,-0.386881
2020-11-09,,2.5100,2.6500,25.7500,83.7161,288.590000,243.983950,0.092114,0.029209,1,0,1,1,0,3,1,3,0.0000,0.0000,0,-0.061030,0.00000397,0.000004,5.176333,-0.386879
2020-11-10,,2.4700,2.6500,24.8000,85.8038,283.420000,244.293800,0.093577,0.051105,1,0,1,1,0,3,1,3,0.0000,0.0000,0,-0.053953,0.00000436,0.000004,5.176356,-0.386876
2020-11-11,,2.4400,2.6500,23.4500,85.5950,289.760000,244.633550,0.093237,0.054704,1,0,1,1,0,3,1,3,0.0000,0.0000,0,0.067217,0.00000397,0.000004,5.176376,-0.386874
2020-11-12,,2.4400,2.6500,25.3500,83.5073,288.400000,244.962550,0.092636,0.046014,1,0,1,1,0,3,1,3,0.0000,0.0000,0,-0.014631,0.00000397,0.000004,5.176397,-0.386872
2020-11-13,,2.4500,2.6500,23.1000,87.8914,290.930000,245.321850,0.092279,0.055536,1,0,1,1,0,3,1,3,0.0000,0.0000,0,0.026232,0.00000397,0.000004,5.176417,-0.386869
2020-11-16,,2.4400,2.6500,22.4500,89.9791,293.200000,245.675950,0.092065,0.055512,1,0,1,1,0,3,1,3,0.0000,0.0000,0,0.023012,0.00000357,0.000004,5.176436,-0.386867
2020-11-17,,2.4200,2.6500,22.7100,89.9791,292.270000,245.999950,0.090746,0.040310,1,0,1,1,0,3,1,3,0.0000,0.0000,0,-0.009227,0.00000357,0.000004,5.176454,-0.386865
2020-11-18,,2.4200,2.6500,23.8400,88.1002,290.110000,246.309400,0.090056,0.045512,1,0,1,1,0,3,1,3,0.0000,0.0000,0,-0.023180,0.00000357,0.000004,5.176473,-0.386863
2020-11-19,,2.3900,2.6500,23.1100,87.8914,292.380000,246.620350,0.088784,0.052723,1,0,1,1,0,3,1,3,0.0000,0.0000,0,0.024774,0.00000357,0.000004,5.176491,-0.386860
2020-11-20,,2.3500,2.6500,23.7000,87.4739,290.380000,246.926250,0.089410,0.058682,1,0,1,1,0,3,1,3,0.0000,0.0000,0,-0.020304,0.00000278,0.000003,5.176505,-0.386859
2020-11-23,,2.3500,2.6500,22.6600,89.3528,290.390000,247.218350,0.088891,0.056218,1,0,1,1,0,3,1,3,0.0000,0.0000,0,0.000208,0.00000278,0.000003,5.176520,-0.386857
2020-11-24,,2.3300,2.6500,21.6400,90.8142,294.470000,247.530650,0.088417,0.044229,1,0,1,1,0,3,1,3,0.0000,0.0000,0,0.040887,0.00000317,0.000003,5.176536,-0.386855
2020-11-25,,2.3100,2.6500,21.2500,90.8142,296.280000,247.840700,0.088788,0.071008,1,0,1,1,0,3,1,3,0.0000,0.0000,0,0.018842,0.00000357,0.000004,5.176555,-0.386853
2020-11-27,,2.3200,2.6500,20.8400,90.6054,299.010000,248.165900,0.087662,0.039114,1,0,1,1,0,3,1,3,0.0000,0.0000,0,0.027315,0.00000357,0.000004,5.176573,-0.386851
2020-11-30,,2.3200,2.6500,20.5700,89.9791,299.620000,248.490800,0.086781,0.004156,1,0,1,1,0,3,1,3,0.0000,0.0000,0,0.005152,0.00000357,0.000004,5.176592,-0.386848
2020-12-01,,2.2900,2.6500,20.7700,91.8580,303.460000,248.834450,0.086443,-0.002595,1,0,1,1,1,4,3,3,0.0000,0.0000,0,0.039299,0.00000317,0.000003,5.176608,-0.386846
2020-12-02,,2.2800,2.6500,21.1700,92.0668,303.850000,249.168800,0.086834,-0.021848,1,0,1,1,1,4,3,4,1.0000,1.0000,1,0.004019,0.00000357,0.016322,5.261101,-0.376839
2020-12-03,,2.2400,2.6500,21.2800,91.8580,304.280000,249.516300,0.085958,-0.025338,1,0,1,1,1,4,3,4,1.0000,1.0000,0,0.004063,0.00000357,0.004063,5.282479,-0.374306
2020-12-04,,2.2300,2.6500,20.7900,91.2317,305.520000,249.892550,0.084372,-0.046125,1,0,1,1,1,4,3,4,1.0000,1.0000,0,0.012261,0.00000317,0.012261,5.347249,-0.366635
2020-12-07,,2.2300,2.6500,21.3000,91.4405,307.250000,250.321850,0.085020,-0.039869,1,0,1,1,1,4,3,4,1.0000,1.0000,0,0.016946,0.00000357,0.016946,5.437865,-0.355901
2020-12-08,,2.2200,2.6500,20.6800,92.0668,308.290000,250.786450,0.084515,-0.046317,1,0,1,1,1,4,3,4,1.0000,1.0000,0,0.009153,0.00000317,0.009153,5.487639,-0.350006
2020-12-09,,2.2200,2.6500,22.2700,91.4405,301.310000,251.210600,0.085130,-0.039855,1,0,1,1,1,4,3,4,1.0000,1.0000,0,-0.066981,0.00000357,-0.066981,5.120074,-0.393543
2020-12-10,,2.2400,2.6500,22.5200,91.0417,302.520000,251.695000,0.084722,-0.047742,1,0,1,1,1,4,3,4,1.0000,1.0000,0,0.012276,0.00000317,0.012276,5.182930,-0.386098
2020-12-11,,2.2200,2.6500,23.3100,91.0417,301.850000,252.175250,0.084958,-0.045877,1,0,1,1,1,4,3,4,1.0000,1.0000,0,-0.007018,0.00000317,-0.007018,5.146556,-0.390406
2020-12-14,,2.2300,2.6500,24.7200,90.6250,304.040000,252.613350,0.084901,-0.044758,1,0,1,1,1,4,3,4,1.0000,1.0000,0,0.021327,0.00000317,0.021327,5.256315,-0.377405
2020-12-15,,2.2400,2.6500,22.8900,91.8750,307.290000,253.102400,0.085419,-0.035308,1,0,1,1,1,4,3,4,1.0000,1.0000,0,0.031079,0.00000357,0.031079,5.419678,-0.358056
2020-12-16,,2.2600,2.6500,22.5000,91.0417,308.980000,253.556200,0.084299,-0.045045,1,0,1,1,1,4,3,4,1.0000,1.0000,0,0.016779,0.00000317,0.016779,5.510612,-0.347285
2020-12-17,,2.2500,2.6500,21.9300,91.4583,311.000000,254.053250,0.084394,-0.053959,1,0,1,1,1,4,3,4,1.0000,1.0000,0,0.020497,0.00000357,0.020497,5.623562,-0.333906
2020-12-18,,2.2300,2.6500,21.5700,90.2083,310.060000,254.563450,0.084363,-0.062964,1,0,1,1,1,4,3,4,1.0000,1.0000,0,-0.010894,0.00000317,-0.010894,5.562301,-0.341162
2020-12-21,,2.2400,2.6500,25.1600,89.3750,308.920000,255.140200,0.082939,-0.079865,1,0,1,1,1,4,3,4,1.0000,1.0000,0,-0.003729,0.00000317,-0.003729,5.541561,-0.343619
2020-12-22,,2.2300,2.6500,24.2300,88.7500,309.760000,255.668450,0.082916,-0.064413,1,0,1,1,1,4,3,4,1.0000,1.0000,0,0.007888,0.00000357,0.007888,5.585274,-0.338441
2020-12-23,,2.2200,2.6500,23.3100,89.1667,308.200000,256.233350,0.082678,-0.073111,1,0,1,1,1,4,3,4,1.0000,1.0000,0,-0.015081,0.00000357,-0.015081,5.501040,-0.348419
2020-12-24,,2.2400,2.6500,21.5300,90.4167,309.560000,256.894550,0.082940,-0.071036,1,0,1,1,1,4,3,4,1.0000,1.0000,0,0.012992,0.00000357,0.012992,5.572511,-0.339953
2020-12-28,,2.2300,2.6500,21.7000,90.4167,312.680000,257.496250,0.082597,-0.079223,1,0,1,1,1,4,3,4,1.0000,1.0000,0,0.030003,0.00000357,0.030003,5.739702,-0.320150
2020-12-29,,2.2200,2.6500,23.0800,90.2083,312.960000,258.214550,0.082741,-0.099837,1,0,1,1,1,4,3,4,1.0000,1.0000,0,0.002946,0.00000436,0.002946,5.756613,-0.318147
2020-12-30,,2.2200,2.6500,22.7700,90.2083,312.970000,258.868700,0.083040,-0.089491,1,0,1,1,1,4,3,4,1.0000,1.0000,0,-0.000166,0.00000397,-0.000166,5.755656,-0.318260
2020-12-31,,2.2000,2.6500,22.7500,91.4583,313.740000,259.554400,0.083850,-0.104513,1,0,1,1,1,4,3,4,1.0000,1.0000,0,0.007816,0.00000317,0.007816,5.800644,-0.312931
2021-01-04,,2.1800,2.6500,26.9700,89.5833,309.310000,260.212650,0.082866,-0.101985,1,0,1,1,1,4,3,4,1.0000,1.0000,0,-0.043729,0.00000357,-0.043729,5.546986,-0.342976
2021-01-05,,2.1900,2.6500,25.3400,89.5833,311.860000,260.918450,0.082285,-0.117625,1,0,1,1,1,4,3,4,1.0000,1.0000,0,0.025079,0.00000357,0.025079,5.686099,-0.326499
2021-01-06,,2.2300,2.6500,25.0700,91.0417,307.540000,261.603850,0.083831,-0.090369,1,0,1,1,1,4,3,4,1.0000,1.0000,0,-0.041356,0.00000357,-0.041356,5.450946,-0.354352
2021-01-07,,2.2700,2.6500,22.3700,90.0000,314.980000,262.260450,0.081522,-0.108079,1,0,1,1,1,4,3,4,1.0000,1.0000,0,0.072231,0.00000357,0.072231,5.844675,-0.307716
2021-01-08,,2.2300,2.6500,21.5600,90.8333,319.030000,262.944100,0.081742,-0.106407,1,0,1,1,1,4,3,4,1.0000,1.0000,0,0.038760,0.00000357,0.038760,6.071213,-0.280883
2021-01-11,,2.1900,2.6500,24.0800,90.4167,314.420000,263.556700,0.081531,-0.113819,1,0,1,1,1,4,3,4,1.0000,1.0000,0,-0.044198,0.00000317,-0.044198,5.802878,-0.312667
2021-01-12,,2.1500,2.6500,23.3300,89.5833,313.920000,264.199800,0.081078,-0.119992,1,0,1,1,1,4,3,4,1.0000,1.0000,0,-0.004344,0.00000317,-0.004344,5.777671,-0.315652
2021-01-13,,2.1600,2.6500,22.2100,90.0000,316.040000,264.819800,0.082440,-0.115144,1,0,1,1,1,4,3,4,1.0000,1.0000,0,0.019439,0.00000357,0.019439,5.889983,-0.302349
2021-01-14,,2.1300,2.6500,23.2500,89.1667,314.350000,265.439550,0.082413,-0.123594,1,0,1,1,1,4,3,4,1.0000,1.0000,0,-0.015222,0.00000357,-0.015222,5.800325,-0.312969
2021-01-15,,2.1200,2.6500,24.3400,89.6266,311.860000,266.087300,0.083830,-0.107438,1,0,1,1,1,4,3,4,1.0000,1.0000,0,-0.024314,0.00000357,-0.024314,5.659297,-0.329673
2021-01-19,,2.1300,2.6500,23.2400,89.8340,316.410000,266.739300,0.082860,-0.119255,1,0,1,1,1,4,3,4,1.0000,1.0000,0,0.043356,0.00000357,0.043356,5.904660,-0.300611
2021-01-20,,2.1100,2.6500,21.5800,90.2490,323.770000,267.441300,0.082211,-0.136440,1,0,1,1,1,4,3,4,1.0000,1.0000,0,0.069707,0.00000357,0.069707,6.316257,-0.251859
2021-01-21,,2.1100,2.6500,21.3200,89.6266,326.360000,268.090700,0.081655,-0.142115,1,0,1,1,1,4,3,4,1.0000,1.0000,0,0.024854,0.00000317,0.024854,6.473238,-0.233265
2021-01-22,,2.1200,2.6500,21.9100,89.2116,325.420000,268.735800,0.082062,-0.157340,1,0,1,1,1,4,3,4,1.0000,1.0000,0,-0.009069,0.00000357,-0.009069,6.414530,-0.240218
2021-01-25,,2.1400,2.6500,23.1900,89.8340,328.110000,269.373500,0.083379,-0.145476,1,0,1,1,1,4,3,4,1.0000,1.0000,0,0.027756,0.00000317,0.027756,6.592569,-0.219130
2021-01-26,,2.1500,2.6500,23.0200,89.8340,328.590000,270.012150,0.082675,-0.164382,1,0,1,1,1,4,3,4,1.0000,1.0000,0,0.001065,0.00000357,0.001065,6.599589,-0.218299
2021-01-27,,2.1600,2.6500,37.2100,86.5145,319.430000,270.594150,0.082463,-0.154019,1,0,1,1,1,4,3,4,1.0000,1.0000,0,-0.080642,0.00000278,-0.080642,6.067384,-0.281337
2021-01-28,,2.1600,2.6500,30.2100,87.1369,321.320000,271.141450,0.082740,-0.154695,1,0,1,1,1,4,3,4,1.0000,1.0000,0,0.014724,0.00000317,0.014724,6.156723,-0.270755
2021-01-29,,2.1700,2.6500,33.0900,84.0249,314.560000,271.667100,0.083971,-0.145843,1,0,1,1,1,4,3,4,1.0000,1.0000,0,-0.062293,0.00000278,-0.062293,5.773204,-0.316181
2021-02-01,,2.1700,2.6500,30.2400,86.3071,322.420000,272.212950,0.082994,-0.153960,1,0,1,1,1,4,3,4,1.0000,1.0000,0,0.073505,0.00000238,0.073505,6.197564,-0.265917
2021-02-02,,2.1900,2.6500,25.5600,88.3817,327.680000,272.774900,0.082506,-0.122259,1,0,1,1,1,4,3,4,1.0000,1.0000,0,0.048394,0.00000278,0.048394,6.497487,-0.230392
2021-02-03,,2.1800,2.6500,22.9100,87.3444,326.380000,273.343100,0.082179,-0.113747,1,0,1,1,1,4,3,4,1.0000,1.0000,0,-0.011491,0.00000278,-0.011491,6.422825,-0.239236
2021-02-04,,2.1700,2.6500,21.7700,88.7967,330.240000,273.969850,0.081890,-0.116618,1,0,1,1,1,4,3,4,1.0000,1.0000,0,0.035370,0.00000159,0.035370,6.650001,-0.212328
2021-02-05,,2.1900,2.6500,20.8700,88.3817,331.360000,274.571800,0.082007,-0.119981,1,0,1,1,1,4,3,4,1.0000,1.0000,0,0.010460,0.00000159,0.010460,6.719558,-0.204089
2021-02-08,,2.1800,2.6500,21.2400,88.3817,333.580000,275.187100,0.080792,-0.150702,1,0,1,1,1,4,3,4,1.0000,1.0000,0,0.019563,0.00000119,0.019563,6.851014,-0.188518
2021-02-09,,2.1400,2.6500,21.6300,89.0041,333.510000,275.785450,0.080961,-0.144066,1,0,1,1,1,4,3,4,1.0000,1.0000,0,-0.000466,0.00000198,-0.000466,6.847823,-0.188896
2021-02-10,,2.1500,2.6500,21.9900,89.0041,332.750000,276.371400,0.081317,-0.134948,1,0,1,1,1,4,3,4,1.0000,1.0000,0,-0.007082,0.00000159,-0.007082,6.799325,-0.194641
2021-02-11,,2.1600,2.6500,21.2500,87.7593,334.580000,276.986800,0.080725,-0.136608,1,0,1,1,1,4,3,4,1.0000,1.0000,0,0.016143,0.00000198,0.016143,6.909084,-0.181640
2021-02-12,,2.1800,2.6500,19.9700,87.1369,336.450000,277.574050,0.079742,-0.144949,1,1,1,1,1,5,5,4,1.0000,1.0000,0,0.016995,0.00000198,0.016995,7.026501,-0.167732
2021-02-16,,2.1900,2.6500,21.4600,86.5145,335.540000,278.157200,0.078919,-0.141783,1,0,1,1,1,4,3,5,1.0000,1.0000,0,-0.008355,0.00000159,-0.008355,6.967792,-0.174686
2021-02-17,,2.1500,2.6500,21.5000,87.3444,333.930000,278.763150,0.078965,-0.135637,1,0,1,1,1,4,3,4,1.0000,1.0000,0,-0.013921,0.00000159,-0.013921,6.870796,-0.186175
2021-02-18,,2.1300,2.6500,22.4900,87.9668,332.470000,279.349400,0.079776,-0.110799,1,0,1,1,1,4,3,4,1.0000,1.0000,0,-0.013467,0.00000159,-0.013467,6.778266,-0.197135
2021-02-19,,2.1300,2.6500,22.0500,86.3071,331.020000,279.916200,0.078725,-0.131178,1,0,1,1,1,4,3,4,1.0000,1.0000,0,-0.013180,0.00000119,-0.013180,6.688928,-0.207717
2021-02-22,,2.1400,2.6500,23.4500,85.0622,322.440000,280.433400,0.077785,-0.135280,1,0,1,1,1,4,3,4,1.0000,1.0000,0,-0.077466,0.00000159,-0.077466,6.170762,-0.269092
2021-02-23,,2.1600,2.6500,23.1100,83.6100,321.480000,280.931700,0.078335,-0.121650,1,0,1,1,1,4,3,4,1.0000,1.0000,0,-0.008893,0.00000119,-0.008893,6.115883,-0.275592
2021-02-24,,2.2000,2.6500,21.3400,84.0249,324.130000,281.428050,0.076576,-0.148591,1,0,1,1,1,4,3,4,1.0000,1.0000,0,0.024103,0.00000159,0.024103,6.263292,-0.258132
2021-02-25,,2.2200,2.6500,28.8900,81.1203,312.830000,281.857850,0.077760,-0.118751,1,0,1,1,1,4,3,4,1.0000,1.0000,0,-0.104432,0.00000119,-0.104432,5.609204,-0.335607
2021-02-26,,2.1200,2.6500,27.9500,78.2158,314.140000,282.317950,0.076717,-0.121836,1,0,1,1,1,4,3,4,1.0000,1.0000,0,0.015017,0.00000159,0.015017,5.693438,-0.325630
2021-03-01,,2.1200,2.6500,23.3500,81.9502,323.590000,282.839200,0.076557,-0.121732,1,0,1,1,1,4,3,4,1.0000,1.0000,0,0.087200,0.00000159,0.087200,6.189906,-0.266824
2021-03-02,,2.1300,2.6500,24.1000,80.7054,318.400000,283.322050,0.076926,-0.120251,1,0,1,1,1,4,3,4,1.0000,1.0000,0,-0.047938,0.00000198,-0.047938,5.893174,-0.301971
2021-03-03,,2.1500,2.6500,26.6700,79.2531,309.160000,283.751500,0.077041,-0.107905,1,0,1,1,1,4,3,4,1.0000,1.0000,0,-0.086735,0.00000159,-0.086735,5.382028,-0.362515
2021-03-04,,2.1400,2.6500,28.5700,75.5187,304.100000,284.134850,0.077940,-0.077646,1,0,1,1,1,4,3,4,1.0000,1.0000,0,-0.049443,0.00000198,-0.049443,5.115926,-0.394034
2021-03-05,,2.1300,2.6500,24.6600,80.2905,308.680000,284.543950,0.077783,-0.088470,1,0,1,1,1,4,3,4,1.0000,1.0000,0,0.044780,0.00000159,0.044780,5.345016,-0.366899
2021-03-08,,2.1300,2.6500,25.4700,78.4232,299.940000,284.886700,0.079273,-0.063965,1,0,1,1,1,4,3,4,1.0000,1.0000,0,-0.085482,0.00000159,-0.085482,4.888112,-0.421018
2021-03-09,,2.1400,2.6500,24.0300,82.7801,311.770000,285.301050,0.079190,-0.073642,1,0,1,1,1,4,3,4,1.0000,1.0000,0,0.117755,0.00000198,0.117755,5.463709,-0.352840
2021-03-10,,2.1600,2.6500,22.5600,83.1950,310.880000,285.707150,0.079239,-0.068744,1,0,1,1,1,4,3,4,1.0000,1.0000,0,-0.008526,0.00000198,-0.008526,5.417125,-0.358358
2021-03-11,,2.1700,2.6450,21.9100,84.2324,318.040000,286.152150,0.078241,-0.084942,1,0,1,1,1,4,3,4,1.0000,1.0000,0,0.069384,0.00000159,0.069384,5.792987,-0.313838
2021-03-12,,2.1800,2.6400,20.6900,85.2697,315.460000,286.578000,0.079188,-0.072710,1,0,1,1,1,4,3,4,1.0000,1.0000,0,-0.024895,0.00000159,-0.024895,5.648768,-0.330921
2021-03-15,,2.1900,2.6400,20.0300,86.5145,318.830000,287.022200,0.079728,-0.071458,1,0,1,1,1,4,3,4,1.0000,1.0000,0,0.031970,0.00000159,0.031970,5.829360,-0.309530
2021-03-16,,2.1800,2.6400,19.7900,87.5519,320.580000,287.458300,0.079930,-0.055435,1,1,1,1,1,5,5,4,1.0000,1.0000,0,0.016420,0.00000159,0.016420,5.925080,-0.298192
2021-03-17,,2.1900,2.6400,19.2300,86.9295,321.900000,287.897500,0.078362,-0.076287,1,1,1,1,1,5,5,5,1.0000,1.0000,0,0.012601,0.00000079,0.012601,5.999742,-0.289349
2021-03-18,,2.2300,2.6400,21.5800,85.2697,312.040000,288.279550,0.079225,-0.064578,1,0,1,1,1,4,3,5,1.0000,1.0000,0,-0.091789,0.00000079,-0.091789,5.449032,-0.354579
2021-03-19,,2.1700,2.6400,20.9500,85.2697,313.140000,288.661800,0.079850,-0.039434,1,0,1,1,1,4,3,4,1.0000,1.0000,0,0.012765,0.00000040,0.012765,5.518589,-0.346340
2021-03-22,,2.1000,2.6400,18.8800,87.1369,318.610000,289.079700,0.078517,-0.056713,1,1,1,1,1,5,5,4,1.0000,1.0000,0,0.053307,0.00000040,0.053307,5.812769,-0.311495
2021-03-23,,2.0800,2.6350,20.3000,87.1369,317.220000,289.467350,0.080321,-0.030212,1,0,1,1,1,4,3,5,1.0000,1.0000,0,-0.013064,0.00000119,-0.013064,5.736831,-0.320490
2021-03-24,,2.1100,2.6300,21.2000,86.3071,311.870000,289.818950,0.080757,-0.027644,1,0,1,1,1,4,3,4,1.0000,1.0000,0,-0.050501,0.00000040,-0.050501,5.447118,-0.354805
2021-03-25,,2.1000,2.6300,19.8100,86.7220,311.330000,290.159100,0.081165,-0.018150,1,1,1,1,1,5,5,4,1.0000,1.0000,0,-0.005389,0.00000079,-0.005389,5.417763,-0.358282
2021-03-26,,2.1100,2.6300,18.8600,90.6639,316.000000,290.508000,0.080143,-0.033474,1,1,1,1,1,5,5,5,1.0000,1.0000,0,0.044170,0.00000079,0.044170,5.657064,-0.329938
2021-03-29,,2.0900,2.6300,20.7400,91.9087,315.910000,290.917450,0.081042,-0.025591,1,0,1,1,1,4,3,5,1.0000,1.0000,0,-0.000564,0.00000079,-0.000564,5.653873,-0.330316
2021-03-30,,2.0800,2.6250,19.6100,89.6266,314.320000,291.309650,0.080523,-0.041891,1,1,1,1,1,5,5,4,1.0000,1.0000,0,-0.014221,0.00000119,-0.014221,5.573468,-0.339840
2021-03-31,,2.0400,2.6200,19.4000,91.4938,319.130000,291.711550,0.080791,-0.026902,1,1,1,1,1,5,5,5,1.0000,1.0000,0,0.044882,0.00000079,0.044882,5.823617,-0.310210
2021-04-01,,2.0300,2.6150,17.3300,92.7386,324.570000,292.120150,0.079853,-0.031887,1,1,1,1,1,5,5,5,1.0000,1.0000,0,0.050844,0.00000119,0.050844,6.119711,-0.275139
2021-04-05,,1.9800,2.6100,17.9100,94.1909,331.050000,292.557300,0.079585,-0.055101,1,1,1,1,1,5,5,5,1.0000,1.0000,0,0.060063,0.00000079,0.060063,6.487277,-0.231602
2021-04-06,,1.9300,2.6100,18.1200,94.1909,330.820000,292.990000,0.080050,-0.019341,1,1,1,1,1,5,5,5,1.0000,1.0000,0,-0.002361,0.00000119,-0.002361,6.471962,-0.233416
2021-04-07,,1.9500,2.6100,17.1600,93.3610,331.620000,293.426900,0.079859,-0.024564,1,1,1,1,1,5,5,5,1.0000,1.0000,0,0.007395,0.00000079,0.007395,6.519822,-0.227747
2021-04-08,,1.9600,2.6100,16.9500,92.7386,335.080000,293.868600,0.079421,-0.027921,1,1,1,1,1,5,5,5,1.0000,1.0000,0,0.031222,0.00000079,0.031222,6.723387,-0.203635
2021-04-09,,1.9800,2.6100,16.6900,92.9461,337.110000,294.309950,0.078763,-0.031028,1,1,1,1,1,5,5,5,1.0000,1.0000,0,0.018128,0.00000040,0.018128,6.845271,-0.189198
2021-04-12,,1.9600,2.6100,16.9100,93.1535,336.670000,294.774750,0.078807,-0.047771,1,1,1,1,1,5,5,5,1.0000,1.0000,0,-0.003915,0.00000079,-0.003915,6.818469,-0.192373
2021-04-13,,1.9500,2.6050,16.6500,94.1909,340.600000,295.247600,0.079506,-0.038474,1,1,1,1,1,5,5,5,1.0000,1.0000,0,0.034254,0.00000079,0.034254,7.052026,-0.164709
2021-04-14,,1.9700,2.6000,16.9900,93.9834,336.510000,295.729050,0.080131,-0.048323,1,1,1,1,1,5,5,5,1.0000,1.0000,0,-0.035110,0.00000119,-0.035110,6.804430,-0.194036
2021-04-15,,1.9800,2.6000,16.5700,95.6432,341.610000,296.222900,0.080157,-0.035826,1,1,1,1,1,5,5,5,1.0000,1.0000,0,0.044171,0.00000079,0.044171,7.104991,-0.158435
2021-04-16,,1.9500,2.6000,16.2500,95.4357,342.010000,296.694950,0.080537,-0.022129,1,1,1,1,1,5,5,5,1.0000,1.0000,0,0.004221,0.00000079,0.004221,7.134984,-0.154883
2021-04-19,,1.9700,2.6000,17.2900,94.8133,338.880000,297.136900,0.080526,-0.014943,1,1,1,1,1,5,5,5,1.0000,1.0000,0,-0.027278,0.00000079,-0.027278,6.940353,-0.177936
2021-04-20,,1.9900,2.6000,18.6800,95.4357,336.410000,297.558000,0.082151,0.001158,1,1,1,1,0,4,3,5,1.0000,1.0000,0,-0.021883,0.00000079,-0.021883,6.788477,-0.195926
2021-04-21,,2.0000,2.5950,17.5000,95.8506,339.290000,297.962500,0.080696,-0.034834,1,1,1,1,1,5,5,4,1.0000,1.0000,0,0.025287,0.00000119,0.025287,6.960135,-0.175593
2021-04-22,,2.0100,2.5900,18.7100,95.4357,335.200000,298.355450,0.080857,-0.023624,1,1,1,1,1,5,5,5,1.0000,1.0000,0,-0.036399,0.00000119,-0.036399,6.706795,-0.205600
2021-04-23,,1.9900,2.5900,17.3300,95.4357,339.420000,298.752600,0.079882,-0.034839,1,1,1,1,1,5,5,5,1.0000,1.0000,0,0.037678,0.00000119,0.037678,6.959497,-0.175669
2021-04-26,,1.9900,2.5850,17.6400,95.0207,341.630000,299.149850,0.079261,-0.046501,1,1,1,1,1,5,5,5,1.0000,1.0000,0,0.019806,0.00000119,0.019806,7.097334,-0.159342
2021-04-27,,1.9800,2.5800,17.5600,94.8133,340.150000,299.530750,0.078667,-0.071260,1,1,1,1,1,5,5,5,1.0000,1.0000,0,-0.013127,0.00000119,-0.013127,7.004166,-0.170378
2021-04-28,,1.9700,2.5800,17.2800,94.1909,339.000000,299.933050,0.078582,-0.058987,1,1,1,1,1,5,5,5,1.0000,1.0000,0,-0.010295,0.00000040,-0.010295,6.932057,-0.178919
2021-04-29,,1.9800,2.5800,17.6100,94.3983,340.220000,300.332300,0.078798,-0.049469,1,1,1,1,1,5,5,5,1.0000,1.0000,0,0.010034,0.00000040,0.010034,7.001614,-0.170680
2021-04-30,,1.9700,2.5750,18.6100,93.1535,337.990000,300.717750,0.079942,-0.029740,1,1,1,1,1,5,5,5,1.0000,1.0000,0,-0.018775,0.00000040,-0.018775,6.870158,-0.186251
2021-05-03,,1.9600,2.5700,18.3100,93.5685,336.190000,301.103100,0.079758,-0.028183,1,1,1,1,1,5,5,5,1.0000,1.0000,0,-0.016348,0.00000040,-0.016348,6.757846,-0.199554
2021-05-04,,1.9600,2.5700,19.4800,93.1535,330.140000,301.456700,0.079953,-0.026854,1,1,1,1,1,5,5,5,1.0000,1.0000,0,-0.052691,0.00000159,-0.052691,6.401767,-0.241730
2021-05-05,,1.9700,2.5650,19.1500,92.9461,329.030000,301.767950,0.078581,-0.029134,1,1,1,1,1,5,5,5,1.0000,1.0000,0,-0.011663,0.00000079,-0.011663,6.327105,-0.250574
2021-05-06,,1.9800,2.5600,18.3900,92.3237,331.510000,302.105500,0.078555,-0.031913,1,1,1,1,1,5,5,5,1.0000,1.0000,0,0.021886,0.00000079,0.021886,6.465580,-0.234172
2021-05-07,,1.9600,2.5550,16.6900,91.9087,334.200000,302.451850,0.078224,-0.041153,1,1,1,1,1,5,5,5,1.0000,1.0000,0,0.024477,0.00000079,0.024477,6.623838,-0.215427
2021-05-10,,1.9700,2.5350,19.6600,91.2863,325.760000,302.790600,0.079808,-0.012148,1,1,1,1,1,5,5,5,1.0000,1.0000,0,-0.075145,0.00000079,-0.075145,6.126093,-0.274383
2021-05-11,,1.9800,2.5150,21.8400,91.0788,325.310000,303.139350,0.079537,-0.002716,1,0,1,1,1,4,3,5,1.0000,1.0000,0,-0.005000,0.00000079,-0.005000,6.095462,-0.278011
2021-05-12,,2.0100,2.4900,27.5900,87.1369,316.890000,303.423200,0.079364,0.005826,1,0,1,1,0,3,1,4,1.0000,1.0000,0,-0.076110,0.00000040,-0.076110,5.631538,-0.332961
2021-05-13,,2.0200,2.4600,23.1300,87.9668,319.340000,303.735850,0.079933,0.012823,1,0,1,1,0,3,1,3,0.0000,0.0000,1,0.021076,0.00000079,0.026424,5.780344,-0.315336
2021-05-14,,2.0400,2.4450,18.8100,90.8714,326.390000,304.068950,0.079108,-0.008919,1,1,1,1,1,5,5,3,0.0000,0.0000,0,0.065032,0.00000079,0.000001,5.780348,-0.315335
2021-05-17,,2.0300,2.4400,19.7200,88.7967,324.410000,304.385350,0.078660,-0.000869,1,1,1,1,1,5,5,5,1.0000,1.0000,1,-0.016880,0.00000040,-0.001892,5.769411,-0.316631
2021-05-18,,2.0200,2.4400,21.3400,87.7593,322.220000,304.667500,0.079332,0.021172,1,0,1,1,0,3,1,5,1.0000,1.0000,0,-0.020986,0.00000079,-0.020986,5.648336,-0.330972
2021-05-19,,2.0300,2.4300,22.1800,88.5892,322.590000,304.933550,0.079407,0.014498,1,0,1,1,0,3,1,3,0.0000,0.0000,1,0.003681,0.00000079,-0.051289,5.358640,-0.365285
2021-05-20,,2.0200,2.4200,20.6700,91.0788,328.830000,305.225800,0.079248,0.036990,1,0,1,1,0,3,1,3,0.0000,0.0000,0,0.057815,0.00000040,0.000000,5.358642,-0.365285
2021-05-21,,2.0200,2.4050,20.1500,90.0415,327.010000,305.505600,0.079722,0.027388,1,0,1,1,0,3,1,3,0.0000,0.0000,0,-0.016519,0.00000040,0.000000,5.358645,-0.365285
2021-05-24,,2.0100,2.3700,18.4000,91.2863,332.510000,305.794950,0.078775,0.029562,1,1,1,1,0,4,3,3,0.0000,0.0000,0,0.050078,0.00000040,0.000000,5.358647,-0.365285
2021-05-25,,2.0000,2.3500,18.8400,91.4938,332.970000,306.102450,0.077993,0.020147,1,1,1,1,0,4,3,4,1.0000,1.0000,1,0.004838,0.00000079,-0.009716,5.306583,-0.371451
2021-05-26,,2.0100,2.3400,17.3600,90.6639,334.130000,306.421550,0.077851,0.013035,1,1,1,1,0,4,3,4,1.0000,1.0000,0,0.010121,0.00000079,0.010121,5.360291,-0.365090
2021-05-27,,1.9800,2.3250,16.7400,90.4564,332.880000,306.760000,0.077285,0.003487,1,1,1,1,0,4,3,4,1.0000,1.0000,0,-0.011673,0.00000079,-0.011673,5.297719,-0.372501
2021-05-28,,1.9800,2.3200,16.7600,91.0788,333.930000,307.070350,0.077564,-0.005379,1,1,1,1,1,5,5,4,1.0000,1.0000,0,0.009744,0.00000079,0.009744,5.349341,-0.366387
2021-06-01,,1.9900,2.3150,17.9000,89.8340,332.820000,307.372050,0.077156,-0.008824,1,1,1,1,1,5,5,5,1.0000,1.0000,0,-0.009748,0.00000040,-0.009748,5.297198,-0.372563
2021-06-02,,1.9700,2.3000,17.4800,90.0415,333.470000,307.678600,0.077439,-0.025470,1,1,1,1,1,5,5,5,1.0000,1.0000,0,0.005217,0.00000079,0.005217,5.324834,-0.369290
2021-06-03,,1.9800,2.2850,18.0400,89.2116,330.000000,307.952000,0.078193,-0.013614,1,1,1,1,1,5,5,5,1.0000,1.0000,0,-0.031434,0.00000079,-0.031434,5.157455,-0.389115
2021-06-04,,1.9600,2.2750,16.4200,90.6639,335.600000,308.240150,0.077366,-0.025639,1,1,1,1,1,5,5,5,1.0000,1.0000,0,0.051259,0.00000079,0.051259,5.421819,-0.357802
2021-06-07,,1.9800,2.2650,16.4200,89.8340,336.600000,308.542650,0.077584,-0.009009,1,1,1,1,1,5,5,5,1.0000,1.0000,0,0.008848,0.00000079,0.008848,5.469791,-0.352120
2021-06-08,,1.9800,2.2550,17.0700,89.8340,336.760000,308.826800,0.076904,-0.030915,1,1,1,1,1,5,5,5,1.0000,1.0000,0,0.001144,0.00000079,0.001144,5.476048,-0.351379
2021-06-09,,1.9800,2.2450,17.8900,90.2490,336.840000,309.101650,0.077707,-0.026968,1,1,1,1,1,5,5,5,1.0000,1.0000,0,0.001143,0.00000079,0.001143,5.482305,-0.350638
2021-06-10,,1.9600,2.2400,16.1000,90.8714,340.350000,309.385250,0.077855,-0.027779,1,1,1,1,1,5,5,5,1.0000,1.0000,0,0.030626,0.00000119,0.030626,5.650205,-0.330750
2021-06-11,,2.0000,2.2400,15.6500,91.9087,341.240000,309.662150,0.077903,-0.006254,1,1,1,1,1,5,5,5,1.0000,1.0000,0,0.007937,0.00000119,0.007937,5.695048,-0.325439
2021-06-14,,1.9700,2.2400,16.3900,92.1162,344.510000,309.924900,0.077894,-0.018256,1,1,1,1,1,5,5,5,1.0000,1.0000,0,0.028017,0.00000119,0.028017,5.854605,-0.306540
2021-06-15,,1.9600,2.2400,17.0200,91.4938,342.260000,310.180950,0.078272,-0.021535,1,1,1,1,1,5,5,5,1.0000,1.0000,0,-0.018525,0.00000119,-0.018525,5.746148,-0.319386
2021-06-16,,1.9600,2.2350,18.1500,90.0415,341.010000,310.423350,0.077527,-0.013555,1,1,1,1,1,5,5,5,1.0000,1.0000,0,-0.010708,0.00000119,-0.010708,5.684620,-0.326674
2021-06-17,,1.9100,2.2300,17.7500,90.6639,345.340000,310.675650,0.077979,-0.031581,1,1,1,1,1,5,5,5,1.0000,1.0000,0,0.037333,0.00000159,0.037333,5.896841,-0.301537
2021-06-18,,1.8400,2.2300,20.7000,87.5519,342.630000,310.889200,0.077244,-0.046581,1,0,1,1,1,4,3,5,1.0000,1.0000,0,-0.023875,0.00000159,-0.023875,5.756055,-0.318213
2021-06-21,,1.8500,2.2300,17.8900,89.2116,344.360000,311.097200,0.076546,-0.061464,1,1,1,1,1,5,5,4,1.0000,1.0000,0,0.018299,0.00000198,0.018299,5.861384,-0.305737
2021-06-22,,1.8800,2.2300,16.6600,89.2116,347.570000,311.398000,0.075678,-0.059533,1,1,1,1,1,5,5,5,1.0000,1.0000,0,0.027933,0.00000198,0.027933,6.025113,-0.286344
2021-06-23,,1.9000,2.2300,16.3200,88.5892,347.740000,311.718800,0.074965,-0.080080,1,1,1,1,1,5,5,5,1.0000,1.0000,0,0.001731,0.00000159,0.001731,6.035541,-0.285108
2021-06-24,,1.8900,2.2300,15.9700,89.6266,349.890000,312.118500,0.074453,-0.081186,1,1,1,1,1,5,5,5,1.0000,1.0000,0,0.018402,0.00000198,0.018402,6.146606,-0.271953
2021-06-25,,1.8800,2.2300,15.6200,91.0788,349.460000,312.476400,0.074987,-0.077338,1,1,1,1,1,5,5,5,1.0000,1.0000,0,-0.003139,0.00000198,-0.003139,6.127313,-0.274238
2021-06-28,,1.9000,2.2300,15.7600,91.4938,353.710000,312.883250,0.075315,-0.060639,1,1,1,1,1,5,5,5,1.0000,1.0000,0,0.035401,0.00000238,0.035401,6.344227,-0.248546
2021-06-29,,1.8800,2.2250,16.0200,89.8340,354.990000,313.305950,0.074059,-0.073078,1,1,1,1,1,5,5,5,1.0000,1.0000,0,0.011260,0.00000198,0.011260,6.415663,-0.240084
2021-06-30,,1.8700,2.2200,15.8300,89.8340,354.430000,313.702300,0.073856,-0.081553,1,1,1,1,1,5,5,5,1.0000,1.0000,0,-0.004389,0.00000159,-0.004389,6.387506,-0.243419
2021-07-01,,1.8700,2.2200,15.4800,91.2863,354.570000,314.079850,0.074251,-0.074341,1,1,1,1,1,5,5,5,1.0000,1.0000,0,0.000490,0.00000198,0.000490,6.390635,-0.243049
2021-07-02,,1.8600,2.2200,15.0700,92.1162,358.640000,314.500000,0.073803,-0.075093,1,1,1,1,1,5,5,5,1.0000,1.0000,0,0.033943,0.00000198,0.033943,6.607549,-0.217356
2021-07-06,,1.8700,2.2200,16.4400,90.4564,360.190000,314.949350,0.074250,-0.060280,1,1,1,1,1,5,5,5,1.0000,1.0000,0,0.013415,0.00000198,0.013415,6.696192,-0.206856
2021-07-07,,1.9000,2.2200,16.2000,91.4938,360.950000,315.419750,0.074472,-0.058057,1,1,1,1,1,5,5,5,1.0000,1.0000,0,0.006385,0.00000198,0.006385,6.738949,-0.201792
2021-07-08,,1.8900,2.2200,19.0000,89.0041,358.770000,315.876050,0.074863,-0.060956,1,1,1,1,1,5,5,5,1.0000,1.0000,0,-0.017332,0.00000198,-0.017332,6.622149,-0.215627
2021-07-09,,1.9100,2.2100,16.1800,91.4938,361.010000,316.318700,0.074164,-0.078822,1,1,1,1,1,5,5,5,1.0000,1.0000,0,0.016929,0.00000238,0.016929,6.734256,-0.202348
2021-07-12,,1.9100,2.2000,16.1700,90.8714,362.420000,316.810000,0.074140,-0.078900,1,1,1,1,1,5,5,5,1.0000,1.0000,0,0.012544,0.00000238,0.012544,6.818728,-0.192342
2021-07-13,,1.9100,2.1950,17.1200,89.6266,362.420000,317.295150,0.073831,-0.086929,1,1,1,1,1,5,5,5,1.0000,1.0000,0,-0.000535,0.00000198,-0.000535,6.815078,-0.192775
2021-07-14,,1.9100,2.1900,16.3300,89.2116,363.070000,317.752700,0.074363,-0.080408,1,1,1,1,1,5,5,5,1.0000,1.0000,0,0.005432,0.00000198,0.005432,6.852099,-0.188390
2021-07-15,,1.9100,2.1900,17.0100,89.2116,360.520000,318.169300,0.075457,-0.085941,1,1,1,1,1,5,5,5,1.0000,1.0000,0,-0.020699,0.00000238,-0.020699,6.710271,-0.205189
2021-07-16,,1.9200,2.1900,18.4500,86.7495,357.600000,318.577550,0.076819,-0.049806,1,1,1,1,1,5,5,5,1.0000,1.0000,0,-0.024555,0.00000198,-0.024555,6.545499,-0.224706
2021-07-19,,1.9300,2.1900,22.5000,80.3313,354.670000,318.961700,0.076735,-0.052554,1,0,1,1,1,4,3,5,1.0000,1.0000,0,-0.023978,0.00000198,-0.023978,6.388549,-0.243296
2021-07-20,,1.9700,2.1900,19.7300,85.3002,358.790000,319.344400,0.075976,-0.050583,1,1,1,1,1,5,5,4,1.0000,1.0000,0,0.032974,0.00000198,0.032974,6.599206,-0.218344
2021-07-21,,1.9800,2.1900,17.9100,86.9565,361.560000,319.780650,0.074537,-0.062014,1,1,1,1,1,5,5,5,1.0000,1.0000,0,0.022835,0.00000198,0.022835,6.749899,-0.200495
2021-07-22,,1.9600,2.1850,17.6900,85.5072,363.950000,320.199600,0.074496,-0.055299,1,1,1,1,1,5,5,5,1.0000,1.0000,0,0.021012,0.00000198,0.021012,6.891728,-0.183696
2021-07-23,,1.9500,2.1800,17.2000,86.9565,368.200000,320.664800,0.074681,-0.052324,1,1,1,1,1,5,5,5,1.0000,1.0000,0,0.033215,0.00000198,0.033215,7.120635,-0.156582
2021-07-26,,1.9300,2.1800,17.5800,86.9565,368.490000,321.107650,0.074520,-0.056997,1,1,1,1,1,5,5,5,1.0000,1.0000,0,0.004174,0.00000198,0.004174,7.150357,-0.153062
2021-07-27,,1.9400,2.1800,19.3600,88.6128,364.430000,321.522750,0.076149,-0.049927,1,1,1,1,1,5,5,5,1.0000,1.0000,0,-0.032670,0.00000198,-0.032670,6.916756,-0.180731
2021-07-28,,1.9500,2.1800,18.3100,88.6128,365.830000,321.923350,0.075599,-0.054727,1,1,1,1,1,5,5,5,1.0000,1.0000,0,0.010931,0.00000198,0.010931,6.992364,-0.171776
2021-07-29,,1.9600,2.1800,17.7000,88.6128,366.480000,322.283100,0.075491,-0.059170,1,1,1,1,1,5,5,5,1.0000,1.0000,0,0.004922,0.00000198,0.004922,7.026778,-0.167699
2021-07-30,,1.9400,2.1750,18.2400,87.5776,364.570000,322.633350,0.075221,-0.045103,1,1,1,1,1,5,5,5,1.0000,1.0000,0,-0.014990,0.00000238,-0.014990,6.921449,-0.180175
2021-08-02,,1.9500,2.1700,19.4600,86.3354,364.600000,322.996050,0.075962,-0.034473,1,1,1,1,1,5,5,5,1.0000,1.0000,0,-0.000301,0.00000238,-0.000301,6.919364,-0.180422
2021-08-03,,1.9500,2.1700,18.0400,87.5776,366.810000,323.379600,0.075779,-0.032665,1,1,1,1,1,5,5,5,1.0000,1.0000,0,0.017408,0.00000198,0.017408,7.039814,-0.166155
2021-08-04,,1.9700,2.1700,17.9700,84.2650,367.340000,323.773750,0.076040,-0.049593,1,1,1,1,1,5,5,5,1.0000,1.0000,0,0.004963,0.00000198,0.004963,7.074749,-0.162017
2021-08-05,,1.9600,2.1700,17.2800,84.4720,369.670000,324.203100,0.076388,-0.042229,1,1,1,1,1,5,5,5,1.0000,1.0000,0,0.018794,0.00000198,0.018794,7.207714,-0.146268
2021-08-06,,1.9500,2.1650,16.1500,84.6791,368.050000,324.621300,0.076216,-0.043289,1,1,1,1,1,5,5,5,1.0000,1.0000,0,-0.013022,0.00000198,-0.013022,7.113857,-0.157385
2021-08-09,,1.9400,2.1600,16.7200,84.0580,368.730000,325.044000,0.076256,-0.049577,1,1,1,1,1,5,5,5,1.0000,1.0000,0,0.005351,0.00000238,0.005351,7.151921,-0.152877
2021-08-10,,1.9500,2.1600,16.7900,85.0932,366.840000,325.457300,0.076240,-0.038529,1,1,1,1,1,5,5,5,1.0000,1.0000,0,-0.014946,0.00000238,-0.014946,7.045028,-0.165538
2021-08-11,,1.9500,2.1600,16.0600,85.9213,366.210000,325.864650,0.076761,-0.025790,1,1,1,1,1,5,5,5,1.0000,1.0000,0,-0.005403,0.00000198,-0.005403,7.006964,-0.170046
2021-08-12,,1.9900,2.1600,15.5900,85.7143,367.530000,326.299950,0.076610,-0.037070,1,1,1,1,1,5,5,5,1.0000,1.0000,0,0.010418,0.00000198,0.010418,7.079964,-0.161400
2021-08-13,,1.9900,2.1600,15.4500,85.0932,368.820000,326.730750,0.077009,-0.032766,1,1,1,1,1,5,5,5,1.0000,1.0000,0,0.010016,0.00000238,0.010016,7.150878,-0.153000
2021-08-16,,1.9800,2.1550,16.1200,85.0932,368.980000,327.217450,0.077298,-0.026477,1,1,1,1,1,5,5,5,1.0000,1.0000,0,0.001750,0.00000238,0.001750,7.163392,-0.151518
2021-08-17,,1.9700,2.1500,17.9100,83.4369,365.730000,327.664150,0.077853,-0.025088,1,1,1,1,1,5,5,5,1.0000,1.0000,0,-0.026277,0.00000238,-0.026277,6.975156,-0.173814
2021-08-18,,1.9800,2.1500,21.5700,80.3313,362.210000,328.128300,0.078316,-0.006096,1,0,1,1,1,4,3,5,1.0000,1.0000,0,-0.029080,0.00000278,-0.029080,6.772321,-0.197839
2021-08-19,,1.9700,2.1500,21.6700,76.6046,363.960000,328.598200,0.078514,0.007014,1,0,1,1,0,3,1,4,1.0000,1.0000,0,0.014244,0.00000278,0.014244,6.868785,-0.186413
2021-08-20,,1.9800,2.1500,18.5600,77.8468,367.730000,329.063600,0.078864,0.013762,1,1,1,1,0,4,3,3,0.0000,0.0000,1,0.030897,0.00000238,0.009060,6.931013,-0.179043
2021-08-23,,1.9600,2.1450,17.1500,81.7805,373.230000,329.495200,0.077170,-0.001595,1,1,1,1,1,5,5,4,1.0000,1.0000,1,0.044551,0.00000198,0.034970,7.173389,-0.150334
2021-08-24,,1.9700,2.1400,17.2200,82.8157,374.370000,329.895100,0.076545,-0.014007,1,1,1,1,1,5,5,5,1.0000,1.0000,0,0.009870,0.00000198,0.009870,7.244187,-0.141948
2021-08-25,,1.9500,2.1400,16.7900,84.0580,374.800000,330.296050,0.076530,-0.008679,1,1,1,1,1,5,5,5,1.0000,1.0000,0,0.001117,0.00000198,0.001117,7.252279,-0.140990
2021-08-26,,1.9300,2.1400,18.8400,80.9524,372.420000,330.715200,0.076794,-0.008848,1,1,1,1,1,5,5,5,1.0000,1.0000,0,-0.016944,0.00000238,-0.016944,7.129393,-0.155545
2021-08-27,,1.9200,2.1400,16.3900,84.0580,376.040000,331.178300,0.076091,-0.028906,1,1,1,1,1,5,5,5,1.0000,1.0000,0,0.029224,0.00000198,0.029224,7.337742,-0.130867
2021-08-30,,1.9200,2.1350,16.1900,82.6087,380.260000,331.630800,0.075868,-0.020718,1,1,1,1,1,5,5,5,1.0000,1.0000,0,0.033150,0.00000198,0.033150,7.580985,-0.102055
2021-08-31,,1.9200,2.1300,16.4800,82.6087,379.950000,332.088550,0.075892,-0.023313,1,1,1,1,1,5,5,5,1.0000,1.0000,0,-0.002802,0.00000198,-0.002802,7.559746,-0.104571
2021-09-01,,1.9400,2.1300,16.1100,82.4017,380.580000,332.536800,0.076848,-0.000776,1,1,1,1,1,5,5,5,1.0000,1.0000,0,0.005485,0.00000159,0.005485,7.601213,-0.099659
2021-09-02,,1.9200,2.1300,16.4100,83.2645,380.400000,332.972800,0.077308,-0.005520,1,1,1,1,1,5,5,5,1.0000,1.0000,0,-0.001397,0.00000198,-0.001397,7.590593,-0.100917
2021-09-03,,1.9200,2.1300,16.4100,81.4050,381.570000,333.419300,0.076686,-0.016051,1,1,1,1,1,5,5,5,1.0000,1.0000,0,0.008994,0.00000198,0.008994,7.658863,-0.092831
2021-09-07,,1.9100,2.1300,18.1400,79.1322,382.110000,333.879300,0.075942,-0.026776,1,1,1,1,1,5,5,5,1.0000,1.0000,0,0.004094,0.00000198,0.004094,7.690217,-0.089117
2021-09-08,,1.9100,2.1300,17.9600,76.4463,380.780000,334.321300,0.077399,-0.006731,1,1,1,1,1,5,5,5,1.0000,1.0000,0,-0.010258,0.00000198,-0.010258,7.611327,-0.098461
2021-09-09,,1.9100,2.1250,18.8000,76.4463,379.470000,334.766750,0.077309,-0.013022,1,1,1,1,1,5,5,5,1.0000,1.0000,0,-0.010697,0.00000198,-0.010697,7.529909,-0.108105
2021-09-10,,1.9000,2.1200,20.9500,74.5868,376.590000,335.197750,0.076834,-0.009433,1,0,1,1,1,4,3,5,1.0000,1.0000,0,-0.022498,0.00000159,-0.022498,7.360499,-0.128171
2021-09-13,,1.8800,2.1200,19.3700,77.6860,376.330000,335.607050,0.076504,-0.020030,1,1,1,1,1,5,5,4,1.0000,1.0000,0,-0.002267,0.00000198,-0.002267,7.343811,-0.130148
2021-09-14,,1.8700,2.1200,19.4600,74.3802,375.260000,336.001950,0.076660,-0.008093,1,1,1,1,1,5,5,5,1.0000,1.0000,0,-0.008608,0.00000238,-0.008608,7.280598,-0.137635
2021-09-15,,1.8700,2.1150,18.1800,76.6529,378.050000,336.397150,0.075924,-0.008638,1,1,1,1,1,5,5,5,1.0000,1.0000,0,0.022157,0.00000159,0.022157,7.441917,-0.118528
2021-09-16,,1.8500,2.1100,18.6900,74.5868,378.310000,336.790600,0.075408,-0.003773,1,1,1,1,1,5,5,5,1.0000,1.0000,0,0.001971,0.00000159,0.001971,7.456582,-0.116790
2021-09-17,,1.8400,2.1100,20.8100,72.5207,373.830000,337.142450,0.075215,0.003493,1,0,1,1,0,3,1,5,1.0000,1.0000,0,-0.035334,0.00000159,-0.035334,7.193111,-0.147998
2021-09-20,,1.8300,2.1100,25.7100,67.9752,365.700000,337.451700,0.075776,0.018148,1,0,1,1,0,3,1,3,0.0000,0.0000,1,-0.061516,0.00000159,-0.048138,6.846853,-0.189011
2021-09-21,,1.8400,2.1050,24.3600,65.2893,366.150000,337.761050,0.075641,0.008865,1,0,1,1,0,3,1,3,0.0000,0.0000,0,0.001274,0.00000159,0.000002,6.846863,-0.189010
2021-09-22,,1.8300,2.1000,20.8700,69.2149,369.570000,338.081300,0.074864,-0.006135,1,0,1,1,1,4,3,3,0.0000,0.0000,0,0.029253,0.00000119,0.000001,6.846872,-0.189009
2021-09-23,,1.8300,2.0950,18.6300,74.5868,372.980000,338.409950,0.073571,-0.006833,1,1,1,1,1,5,5,4,1.0000,1.0000,1,0.027768,0.00000119,0.017651,6.967725,-0.174694
2021-09-24,,1.8100,2.0850,17.7500,74.8454,373.330000,338.735150,0.073371,-0.006820,1,1,1,1,1,5,5,5,1.0000,1.0000,0,0.002829,0.00000119,0.002829,6.987437,-0.172359
2021-09-27,,1.8000,2.0800,18.7600,74.2798,370.350000,339.080350,0.072711,-0.021327,1,1,1,1,1,5,5,5,1.0000,1.0000,0,-0.024120,0.00000119,-0.024120,6.818899,-0.192322
2021-09-28,,1.7800,2.0600,23.2500,68.5185,359.870000,339.367100,0.073273,-0.007185,1,0,1,1,1,4,3,5,1.0000,1.0000,0,-0.083400,0.00000159,-0.083400,6.250206,-0.259682
2021-09-29,,1.8000,2.0400,22.5600,70.1646,359.280000,339.654250,0.074105,-0.001956,1,0,1,1,1,4,3,4,1.0000,1.0000,0,-0.006623,0.00000159,-0.006623,6.208810,-0.264585
2021-09-30,,1.8100,2.0350,23.1400,62.5514,357.960000,339.923850,0.074428,-0.000581,1,0,1,1,1,4,3,4,1.0000,1.0000,0,-0.011271,0.00000159,-0.011271,6.138833,-0.272874
2021-10-01,,1.8500,2.0300,21.1500,67.0782,360.180000,340.188300,0.073554,-0.017624,1,0,1,1,1,4,3,4,1.0000,1.0000,0,0.018223,0.00000159,0.018223,6.250699,-0.259624
2021-10-04,,1.8500,2.0300,22.9600,65.6379,352.620000,340.406500,0.075541,0.018274,1,0,1,1,0,3,1,4,1.0000,1.0000,0,-0.061495,0.00000159,-0.061495,5.866313,-0.305153
2021-10-05,,1.8500,2.0250,21.3000,66.4609,357.380000,340.638400,0.074579,0.005866,1,0,1,1,0,3,1,3,0.0000,0.0000,1,0.038474,0.00000159,0.007611,5.910961,-0.299865
2021-10-06,,1.8400,2.0200,21.0000,69.7531,359.670000,340.886450,0.075420,0.021485,1,0,1,1,0,3,1,3,0.0000,0.0000,0,0.019738,0.00000159,0.000002,5.910971,-0.299863
2021-10-07,,1.8400,2.0200,19.5400,69.9588,362.970000,341.156700,0.074374,0.000155,1,1,1,1,0,4,3,3,0.0000,0.0000,0,0.027051,0.00000159,0.000002,5.910980,-0.299862
2021-10-08,,1.8500,2.0200,18.7700,67.6955,361.160000,341.413700,0.073962,-0.019956,1,1,1,1,1,5,5,4,1.0000,1.0000,1,-0.015370,0.00000198,-0.024606,5.765536,-0.317090
2021-10-11,,1.8400,2.0150,20.0000,64.8148,358.390000,341.664650,0.073489,-0.043680,1,1,1,1,1,5,5,5,1.0000,1.0000,0,-0.022200,0.00000198,-0.022200,5.637543,-0.332250
2021-10-12,,1.8400,2.0100,19.8500,65.0206,357.140000,341.902550,0.074166,-0.034154,1,1,1,1,1,5,5,5,1.0000,1.0000,0,-0.010189,0.00000198,-0.010189,5.580105,-0.339054
2021-10-13,,1.8200,2.0100,18.6400,67.0782,360.000000,342.139150,0.074762,-0.016123,1,1,1,1,1,5,5,5,1.0000,1.0000,0,0.023424,0.00000238,0.023424,5.710811,-0.323572
2021-10-14,,1.7900,2.0100,16.8600,74.2798,366.630000,342.407500,0.074429,-0.001469,1,1,1,1,1,5,5,5,1.0000,1.0000,0,0.055199,0.00000198,0.055199,6.026043,-0.286234
2021-10-15,,1.8100,2.0050,16.3000,74.2798,368.940000,342.687350,0.073654,-0.011575,1,1,1,1,1,5,5,5,1.0000,1.0000,0,0.018538,0.00000198,0.018538,6.137754,-0.273002
2021-10-18,,1.7600,2.0000,16.3100,73.2510,372.650000,342.981900,0.072732,-0.026524,1,1,1,1,1,5,5,5,1.0000,1.0000,0,0.029990,0.00000198,0.029990,6.321827,-0.251199
2021-10-19,,1.7200,2.0000,15.7000,75.9259,375.470000,343.312700,0.073085,-0.019683,1,1,1,1,1,5,5,5,1.0000,1.0000,0,0.021963,0.00000238,0.021963,6.460674,-0.234753
2021-10-20,,1.7200,1.9950,15.4900,77.9835,374.980000,343.628300,0.073948,-0.029775,1,1,1,1,1,5,5,5,1.0000,1.0000,0,-0.003150,0.00000198,-0.003150,6.440322,-0.237163
2021-10-21,,1.7500,1.9900,15.0100,77.5720,377.270000,343.976950,0.073756,-0.025195,1,1,1,1,1,5,5,5,1.0000,1.0000,0,0.017907,0.00000198,0.017907,6.555651,-0.223503
2021-10-22,,1.7400,1.9900,15.4300,78.3951,374.100000,344.272550,0.074208,-0.017477,1,1,1,1,1,5,5,5,1.0000,1.0000,0,-0.025319,0.00000238,-0.025319,6.389668,-0.243163
2021-10-25,,1.7200,1.9900,15.2400,77.1605,377.930000,344.567050,0.073494,-0.023852,1,1,1,1,1,5,5,5,1.0000,1.0000,0,0.030011,0.00000238,0.030011,6.581430,-0.220450
2021-10-26,,1.7300,1.9900,15.9800,76.9547,379.120000,344.890550,0.073822,-0.029345,1,1,1,1,1,5,5,5,1.0000,1.0000,0,0.009346,0.00000238,0.009346,6.642939,-0.213164
2021-10-27,,1.7100,1.9900,16.9800,73.0453,380.000000,345.220950,0.073655,-0.028843,1,1,1,1,1,5,5,5,1.0000,1.0000,0,0.007898,0.00000238,0.007898,6.695402,-0.206950
2021-10-28,,1.6900,1.9850,16.5300,75.7202,384.220000,345.561850,0.073431,-0.035818,1,1,1,1,1,5,5,5,1.0000,1.0000,0,0.032829,0.00000238,0.032829,6.915205,-0.180915
2021-10-29,,1.6900,1.9800,16.2600,73.8683,386.110000,345.920650,0.072847,-0.048185,1,1,1,1,1,5,5,5,1.0000,1.0000,0,0.014781,0.00000238,0.014781,7.017418,-0.168808
2021-11-01,,1.6900,1.9800,16.4100,75.5144,387.430000,346.298500,0.072983,-0.044110,1,1,1,1,1,5,5,5,1.0000,1.0000,0,0.009861,0.00000198,0.009861,7.086616,-0.160612
2021-11-02,,1.6900,1.9800,16.0300,75.3086,389.050000,346.661700,0.072754,-0.047978,1,1,1,1,1,5,5,5,1.0000,1.0000,0,0.013338,0.00000198,0.013338,7.181140,-0.149416
2021-11-03,,1.7100,1.9800,15.1000,77.7778,393.180000,347.008750,0.072043,-0.057788,1,1,1,1,1,5,5,5,1.0000,1.0000,0,0.031742,0.00000198,0.031742,7.409084,-0.122416
2021-11-04,,1.7000,1.9800,15.4400,75.5144,398.220000,347.368050,0.071309,-0.074724,1,1,1,1,1,5,5,5,1.0000,1.0000,0,0.037297,0.00000198,0.037297,7.685421,-0.089685
2021-11-05,,1.7300,1.9800,16.4800,78.6008,398.600000,347.733950,0.071735,-0.066986,1,1,1,1,1,5,5,5,1.0000,1.0000,0,0.003707,0.00000159,0.003707,7.713914,-0.086310
2021-11-08,,1.7300,1.9800,17.2200,77.5720,398.060000,348.083700,0.070608,-0.087419,1,1,1,1,1,5,5,5,1.0000,1.0000,0,-0.004104,0.00000198,-0.004104,7.682255,-0.090060
2021-11-09,,1.6700,1.9800,17.7800,78.3951,395.320000,348.417350,0.071205,-0.082421,1,1,1,1,1,5,5,5,1.0000,1.0000,0,-0.020605,0.00000238,-0.020605,7.523961,-0.108810
2021-11-10,,1.6700,1.9800,18.7300,77.5720,389.510000,348.767750,0.072365,-0.073600,1,1,1,1,1,5,5,5,1.0000,1.0000,0,-0.043821,0.00000159,-0.043821,7.194256,-0.147862
2021-11-11,,1.6600,1.9800,17.6600,76.1317,390.590000,349.114100,0.071900,-0.086518,1,1,1,1,1,5,5,5,1.0000,1.0000,0,0.008110,0.00000198,0.008110,7.252599,-0.140952
2021-11-12,,1.6600,1.9800,16.2900,77.1605,394.700000,349.514800,0.071319,-0.097352,1,1,1,1,1,5,5,5,1.0000,1.0000,0,0.031741,0.00000198,0.031741,7.482804,-0.113685
2021-11-15,,1.6900,1.9800,16.4900,77.5720,394.610000,349.875750,0.072235,-0.088610,1,1,1,1,1,5,5,5,1.0000,1.0000,0,-0.000302,0.00000198,-0.000302,7.480543,-0.113952
2021-11-16,,1.7000,1.9800,16.3700,76.5432,397.420000,350.224450,0.071610,-0.075598,1,1,1,1,1,5,5,5,1.0000,1.0000,0,0.020677,0.00000198,0.020677,7.635219,-0.095631
2021-11-17,,1.7200,1.9800,17.1100,75.3086,397.630000,350.580700,0.071848,-0.064127,1,1,1,1,1,5,5,5,1.0000,1.0000,0,0.001185,0.00000198,0.001185,7.644264,-0.094560
2021-11-18,,1.7400,1.9800,17.5900,73.6626,401.750000,350.938250,0.071232,-0.072431,1,1,1,1,1,5,5,5,1.0000,1.0000,0,0.030588,0.00000198,0.030588,7.878088,-0.066864
2021-11-19,,1.7300,1.9800,17.9100,73.0453,403.990000,351.301400,0.071765,-0.068802,1,1,1,1,1,5,5,5,1.0000,1.0000,0,0.016936,0.00000198,0.016936,8.011507,-0.051061
2021-11-22,,1.7300,1.9750,19.1700,73.8683,399.300000,351.630000,0.072406,-0.050289,1,1,1,1,1,5,5,5,1.0000,1.0000,0,-0.034662,0.00000198,-0.034662,7.733814,-0.083953
2021-11-23,,1.7100,1.9700,19.3800,75.1540,397.480000,351.949850,0.072385,-0.047533,1,1,1,1,1,5,5,5,1.0000,1.0000,0,-0.013626,0.00000198,-0.013626,7.628435,-0.096435
2021-11-24,,1.7300,1.9700,18.5800,74.3326,398.760000,352.279900,0.072235,-0.050101,1,1,1,1,1,5,5,5,1.0000,1.0000,0,0.009249,0.00000238,0.009249,7.698989,-0.088078
2021-11-26,,1.7200,1.9700,28.6200,67.3511,391.200000,352.563000,0.072728,-0.054464,1,0,1,1,1,4,3,5,1.0000,1.0000,0,-0.055161,0.00000238,-0.055161,7.274308,-0.138380
2021-11-29,,1.8200,1.9700,22.9600,69.1992,399.690000,352.879200,0.072912,-0.058287,1,0,1,1,1,4,3,4,1.0000,1.0000,0,0.062111,0.00000238,0.062111,7.726125,-0.084864
2021-11-30,,1.8100,1.9700,27.1900,60.1643,393.820000,353.170600,0.072186,-0.059007,1,0,1,1,1,4,3,4,1.0000,1.0000,0,-0.042967,0.00000238,-0.042967,7.394159,-0.124184
2021-12-01,,1.8100,1.9700,31.1200,55.6468,387.120000,353.436550,0.073130,-0.036958,1,0,1,1,1,4,3,4,1.0000,1.0000,0,-0.051318,0.00000198,-0.051318,7.014705,-0.169130
2021-12-02,,1.8100,1.9700,27.9500,63.2444,389.910000,353.723750,0.072945,-0.058376,1,0,1,1,1,4,3,4,1.0000,1.0000,0,0.018827,0.00000238,0.018827,7.146767,-0.153487
2021-12-03,,1.8000,1.9700,30.6700,61.1910,383.130000,353.984300,0.074324,-0.038987,1,0,1,1,1,4,3,4,1.0000,1.0000,0,-0.050247,0.00000198,-0.050247,6.787665,-0.196022
2021-12-06,,1.8100,1.9700,27.1800,68.1725,386.200000,354.303100,0.074577,-0.030263,1,0,1,1,1,4,3,4,1.0000,1.0000,0,0.023388,0.00000238,0.023388,6.946412,-0.177219
2021-12-07,,1.7900,1.9700,21.8900,71.6632,397.830000,354.684850,0.073610,-0.039664,1,0,1,1,1,4,3,4,1.0000,1.0000,0,0.090175,0.00000198,0.090175,7.572806,-0.103024
2021-12-08,,1.7500,1.9700,19.9000,72.2793,399.610000,355.062250,0.073341,-0.045766,1,1,1,1,1,5,5,4,1.0000,1.0000,0,0.013915,0.00000238,0.013915,7.678185,-0.090542
2021-12-09,,1.7900,1.9700,21.5800,71.2526,393.730000,355.466750,0.073743,-0.029917,1,0,1,1,1,4,3,5,1.0000,1.0000,0,-0.043176,0.00000278,-0.043176,7.346671,-0.129809
2021-12-10,,1.8100,1.9650,18.6900,70.8419,398.010000,355.886100,0.073448,-0.027353,1,1,1,1,1,5,5,4,1.0000,1.0000,0,0.030965,0.00000238,0.030965,7.574162,-0.102863
2021-12-13,,1.8300,1.9600,20.3100,70.2259,392.260000,356.229450,0.075016,-0.002806,1,0,1,1,1,4,3,5,1.0000,1.0000,0,-0.042993,0.00000238,-0.042993,7.248528,-0.141434
2021-12-14,,1.8200,1.9600,21.8900,69.4045,388.200000,356.578450,0.075082,-0.009783,1,0,1,1,1,4,3,4,1.0000,1.0000,0,-0.029762,0.00000198,-0.029762,7.032796,-0.166987
2021-12-15,,1.8200,1.9600,19.2900,70.8419,397.050000,357.017900,0.075138,-0.007208,1,1,1,1,1,5,5,4,1.0000,1.0000,0,0.066174,0.00000198,0.066174,7.498181,-0.111863
2021-12-16,,1.8300,1.9600,20.5700,71.2526,386.840000,357.431600,0.076193,0.018903,1,0,1,1,0,3,1,5,1.0000,1.0000,0,-0.076301,0.00000198,-0.076301,6.926060,-0.179629
2021-12-17,,1.8700,1.9600,21.5700,66.3244,384.910000,357.812750,0.076119,0.035949,1,0,1,1,0,3,1,3,0.0000,0.0000,1,-0.015280,0.00000198,-0.028339,6.729785,-0.202877
2021-12-20,,1.8700,1.9600,22.8700,61.1910,380.690000,358.216500,0.076410,0.042456,1,0,1,1,0,3,1,3,0.0000,0.0000,0,-0.029907,0.00000198,0.000002,6.729799,-0.202876
2021-12-21,,1.8900,1.9600,21.0100,67.3511,389.210000,358.603700,0.074969,0.032476,1,0,1,1,0,3,1,3,0.0000,0.0000,0,0.066854,0.00000278,0.000003,6.729817,-0.202874
2021-12-22,,1.8800,1.9600,18.6300,67.9671,393.950000,359.019050,0.074547,0.018751,1,1,1,1,0,4,3,3,0.0000,0.0000,0,0.035689,0.00000278,0.000003,6.729836,-0.202871
2021-12-23,,1.8600,1.9600,17.9600,70.4312,396.920000,359.413450,0.074076,-0.000432,1,1,1,1,1,5,5,4,1.0000,1.0000,1,0.023756,0.00000317,0.020210,6.865845,-0.186762
2021-12-27,,1.8600,1.9600,17.6800,73.9220,403.480000,359.853550,0.073398,-0.015387,1,1,1,1,1,5,5,5,1.0000,1.0000,0,0.047800,0.00000278,0.047800,7.194035,-0.147888
2021-12-28,,1.8600,1.9600,17.5400,74.5380,401.610000,360.267450,0.074119,0.008435,1,1,1,1,0,4,3,5,1.0000,1.0000,0,-0.011765,0.00000238,-0.011765,7.109394,-0.157914
2021-12-29,,1.8600,1.9600,16.9500,75.1540,401.550000,360.672300,0.074422,-0.016505,1,1,1,1,1,5,5,4,1.0000,1.0000,0,-0.001576,0.00000238,-0.001576,7.098192,-0.159241
2021-12-30,,1.8500,1.9550,17.3300,74.3326,400.350000,361.064550,0.074901,0.004757,1,1,1,1,0,4,3,5,1.0000,1.0000,0,-0.009352,0.00000198,-0.009352,7.031807,-0.167104
2021-12-31,,1.8500,1.9500,17.2200,74.9487,397.850000,361.493600,0.075354,-0.000955,1,1,1,1,1,5,5,4,1.0000,1.0000,0,-0.018586,0.00000198,-0.018586,6.901112,-0.182584
2022-01-03,,1.8500,1.9500,16.6000,76.1807,401.680000,361.936300,0.074177,-0.002891,1,1,1,1,1,5,5,5,1.0000,1.0000,0,0.028858,0.00000238,0.028858,7.100266,-0.158995
2022-01-04,,1.8200,1.9500,16.9100,77.4127,396.470000,362.325600,0.073971,0.000137,1,1,1,1,0,4,3,5,1.0000,1.0000,0,-0.038859,0.00000317,-0.038859,6.824354,-0.191676
2022-01-05,,1.8400,1.9500,19.7300,73.7166,384.290000,362.660950,0.075377,0.027677,1,1,1,1,0,4,3,4,1.0000,1.0000,0,-0.091987,0.00000317,-0.091987,6.196603,-0.266031
2022-01-06,,1.8000,1.9500,19.6100,72.0739,384.020000,363.021700,0.074668,0.007295,1,1,1,1,0,4,3,4,1.0000,1.0000,0,-0.002745,0.00000357,-0.002745,6.179592,-0.268046
2022-01-07,,1.7800,1.9500,18.7600,72.2793,379.860000,363.364350,0.075533,0.011037,1,1,1,1,0,4,3,4,1.0000,1.0000,0,-0.032698,0.00000397,-0.032698,5.977534,-0.291979
2022-01-10,,1.7800,1.9500,19.4000,71.0472,380.110000,363.684900,0.075133,0.009940,1,1,1,1,0,4,3,4,1.0000,1.0000,0,0.003679,0.00000397,0.003679,5.999524,-0.289375
2022-01-11,,1.7600,1.9500,18.4100,73.1006,385.820000,364.034450,0.073784,0.001862,1,1,1,1,0,4,3,4,1.0000,1.0000,0,0.043983,0.00000516,0.043983,6.263403,-0.258119
2022-01-12,,1.7600,1.9500,17.6200,74.3326,387.350000,364.399600,0.073819,0.015736,1,1,1,1,0,4,3,4,1.0000,1.0000,0,0.011394,0.00000436,0.011394,6.334767,-0.249666
2022-01-13,,1.7700,1.9500,20.3100,72.6899,377.660000,364.692250,0.075216,0.030055,1,0,1,1,0,3,1,4,1.0000,1.0000,0,-0.072570,0.00000476,-0.072570,5.875052,-0.304118
2022-01-14,,1.8000,1.9450,19.1900,68.5832,380.010000,364.969450,0.074669,0.010004,1,1,1,1,0,4,3,3,0.0000,0.0000,1,0.015113,0.00000476,-0.024348,5.732008,-0.321061
2022-01-18,,1.7900,1.9400,22.7900,61.8070,370.550000,365.166950,0.075106,0.018416,1,0,1,1,0,3,1,4,1.0000,1.0000,1,-0.072075,0.00000516,-0.026400,5.580684,-0.338985
2022-01-19,,1.7800,1.9400,23.8500,58.9322,366.480000,365.345250,0.076237,0.027261,1,0,1,1,0,3,1,3,0.0000,0.0000,1,-0.034788,0.00000634,0.009844,5.635623,-0.332478
2022-01-20,,1.7700,1.9400,25.5900,54.4148,361.720000,365.495750,0.077191,0.049335,1,0,1,0,0,2,-1,3,0.0000,0.0000,0,-0.038683,0.00000674,0.000007,5.635661,-0.332473
2022-01-21,,1.7900,1.9350,28.8500,50.9240,351.690000,365.578800,0.078588,0.062012,1,0,1,0,0,2,-1,2,0.0000,0.0000,0,-0.084195,0.00000674,0.000007,5.635699,-0.332469
2022-01-24,,1.8400,1.9300,29.9000,52.9774,353.300000,365.659750,0.077505,0.050652,1,0,1,0,0,2,-1,2,0.0000,0.0000,0,0.014470,0.00000674,0.000007,5.635737,-0.332464
2022-01-25,,1.8900,1.9300,31.1600,47.2279,345.110000,365.701950,0.077232,0.049067,1,0,0,0,0,1,-3,2,0.0000,0.0000,0,-0.073752,0.00000753,0.000008,5.635779,-0.332459
2022-01-26,,1.9100,1.9300,31.9600,42.6230,344.570000,365.721800,0.076792,0.051100,1,0,0,0,0,1,-3,1,0.0000,0.0000,0,-0.001878,0.00000753,0.000008,5.635822,-0.332454
2022-01-27,,1.8400,1.9250,30.4900,40.0818,341.100000,365.744750,0.077857,0.062603,1,0,0,0,0,1,-3,1,0.0000,0.0000,0,-0.029915,0.00000753,0.000008,5.635864,-0.332449
2022-01-28,,1.8600,1.9200,27.6600,47.0348,351.800000,365.795700,0.076887,0.054350,1,0,0,0,0,1,-3,1,0.0000,0.0000,0,0.093289,0.00000793,0.000008,5.635909,-0.332444
2022-01-31,,1.9100,1.9200,24.8300,53.1697,363.050000,365.900900,0.076960,0.066068,1,0,1,0,0,2,-1,1,0.0000,0.0000,0,0.096860,0.00000753,0.000008,5.635951,-0.332439
2022-02-01,,1.9300,1.9200,21.9600,55.8282,365.520000,366.034100,0.075428,0.056029,0,0,1,0,0,1,-3,2,0.0000,0.0000,0,0.019085,0.00000872,0.000009,5.636000,-0.332433
2022-02-02,,1.9200,1.9200,22.0900,59.5092,368.490000,366.194500,0.075806,0.055400,1,0,1,1,0,3,1,1,0.0000,0.0000,0,0.023647,0.00000753,0.000008,5.636043,-0.332428
2022-02-03,,1.9100,1.9200,24.3500,52.9652,353.550000,366.265800,0.077284,0.090053,1,0,1,0,0,2,-1,3,0.0000,0.0000,0,-0.120310,0.00000753,0.000008,5.636085,-0.332423
2022-02-04,,1.9200,1.9200,23.2200,50.7157,358.010000,366.379850,0.076309,0.068814,1,0,1,0,0,2,-1,2,0.0000,0.0000,0,0.034544,0.00000793,0.000008,5.636130,-0.332417
2022-02-07,,1.9200,1.9200,22.8600,50.5112,355.130000,366.458400,0.076443,0.054364,1,0,1,0,0,2,-1,2,0.0000,0.0000,0,-0.022658,0.00000912,0.000009,5.636181,-0.332411
2022-02-08,,1.9300,1.9200,21.4400,55.0102,359.120000,366.545850,0.075875,0.053755,0,0,1,0,0,1,-3,2,0.0000,0.0000,0,0.033990,0.00001070,0.000011,5.636242,-0.332404
2022-02-09,,1.9100,1.9200,19.9600,61.1452,366.730000,366.678750,0.075108,0.052031,1,1,1,1,0,4,3,1,0.0000,0.0000,0,0.062036,0.00000991,0.000010,5.636298,-0.332398
2022-02-10,,1.9200,1.9200,23.9100,52.3517,358.430000,366.775900,0.074546,0.030747,1,0,1,0,0,2,-1,4,1.0000,1.0000,1,-0.066349,0.00001030,-0.008450,5.588672,-0.338039
2022-02-11,,1.9100,1.9200,27.3600,46.4213,347.060000,366.810100,0.076091,0.058735,1,0,0,0,0,1,-3,2,0.0000,0.0000,1,-0.094186,0.00001584,-0.000880,5.583754,-0.338621
2022-02-14,,2.0000,1.9200,28.3300,43.3538,347.490000,366.857600,0.075691,0.050163,0,0,0,0,0,0,-5,1,0.0000,0.0000,0,0.002815,0.00001426,0.000014,5.583834,-0.338612
2022-02-15,,2.0000,1.9200,25.7000,49.6933,356.130000,366.957300,0.074143,0.038799,0,0,0,0,0,0,-5,0,0.0000,0.0000,0,0.072431,0.00001703,0.000017,5.583929,-0.338601
2022-02-16,,1.9900,1.9200,24.2900,50.7157,356.040000,367.086800,0.074227,0.032679,0,0,1,0,0,1,-3,0,0.0000,0.0000,0,-0.000175,0.00001584,0.000016,5.584018,-0.338590
2022-02-17,,2.0500,1.9200,28.1100,44.9898,345.450000,367.168900,0.075893,0.045019,0,0,0,0,0,0,-5,1,0.0000,0.0000,0,-0.088672,0.00001505,0.000015,5.584102,-0.338580
2022-02-18,,2.1200,1.9200,27.7500,44.1718,341.510000,367.218900,0.076250,0.049519,0,0,0,0,0,0,-5,0,0.0000,0.0000,0,-0.033902,0.00001426,0.000014,5.584181,-0.338571
2022-02-22,,2.1300,1.9200,28.8100,41.1043,338.080000,367.238300,0.076996,0.060307,0,0,0,0,0,0,-5,0,0.0000,0.0000,0,-0.030928,0.00001386,0.000014,5.584259,-0.338562
2022-02-23,,2.1300,1.9200,31.0200,35.7873,329.420000,367.256600,0.077059,0.054745,0,0,0,0,0,0,-5,0,0.0000,0.0000,0,-0.076514,0.00001466,0.000015,5.584341,-0.338552
2022-02-24,,2.1000,1.9200,30.3200,37.8323,340.490000,367.332500,0.076523,0.045659,0,0,0,0,0,0,-5,0,0.0000,0.0000,0,0.097918,0.00001347,0.000013,5.584416,-0.338543
2022-02-25,,2.2400,1.9200,27.5900,46.6258,345.770000,367.476900,0.077190,0.066615,0,0,0,0,0,0,-5,0,0.0000,0.0000,0,0.047417,0.00001268,0.000013,5.584487,-0.338535
2022-02-28,,2.2000,1.9200,30.1500,46.2168,346.800000,367.614200,0.077789,0.061749,0,0,0,0,0,0,-5,0,0.0000,0.0000,0,0.010595,0.00001307,0.000013,5.584560,-0.338526
2022-03-01,,2.3400,1.9200,33.3200,39.0593,341.490000,367.689700,0.078306,0.069089,0,0,0,0,0,0,-5,0,0.0000,0.0000,0,-0.046130,0.00001386,0.000014,5.584637,-0.338517
2022-03-02,,2.2500,1.9200,30.7400,46.6258,347.220000,367.803750,0.077828,0.045527,0,0,0,0,0,0,-5,0,0.0000,0.0000,0,0.047762,0.00001268,0.000013,5.584708,-0.338508
2022-03-03,,2.2400,1.9200,30.4800,46.0123,342.260000,367.903950,0.079594,0.063897,0,0,0,0,0,0,-5,0,0.0000,0.0000,0,-0.041770,0.00001347,0.000013,5.584783,-0.338499
2022-03-04,,2.2400,1.9200,31.9800,44.3763,337.300000,367.977500,0.082016,0.105397,0,0,0,0,0,0,-5,0,0.0000,0.0000,0,-0.042795,0.00001505,0.000015,5.584867,-0.338489
2022-03-07,,2.3100,1.9200,36.4500,34.9693,324.860000,367.957650,0.085604,0.149373,0,0,0,0,0,0,-5,0,0.0000,0.0000,0,-0.111666,0.00001347,0.000013,5.584942,-0.338481
2022-03-08,,2.3200,1.9200,35.1300,33.3333,323.350000,367.939350,0.084925,0.135345,0,0,0,0,0,0,-5,0,0.0000,0.0000,0,-0.013811,0.00001505,0.000015,5.585026,-0.338471
2022-03-09,,2.3500,1.9200,32.4500,38.6503,334.990000,367.951750,0.082123,0.107231,0,0,0,0,0,0,-5,0,0.0000,0.0000,0,0.107050,0.00001426,0.000014,5.585106,-0.338461
2022-03-10,,2.3200,1.9200,30.2300,38.0368,331.270000,367.943250,0.083047,0.097640,0,0,0,0,0,0,-5,0,0.0000,0.0000,0,-0.032161,0.00001505,0.000015,5.585190,-0.338451
2022-03-11,,2.3800,1.9200,30.7500,36.1963,324.400000,367.894600,0.083831,0.105642,0,0,0,0,0,0,-5,0,0.0000,0.0000,0,-0.062029,0.00001545,0.000015,5.585276,-0.338441
2022-03-14,,2.3500,1.9200,31.7700,37.0143,318.170000,367.821050,0.084353,0.108665,0,0,0,0,0,0,-5,0,0.0000,0.0000,0,-0.058573,0.00001584,0.000016,5.585365,-0.338430
2022-03-15,,2.3300,1.9200,29.8300,39.6728,328.150000,367.792150,0.083593,0.088746,0,0,0,0,0,0,-5,0,0.0000,0.0000,0,0.092574,0.00001782,0.000018,5.585464,-0.338419
2022-03-16,,2.3600,1.9200,26.6700,43.9673,340.320000,367.829650,0.081631,0.068587,0,0,0,0,0,0,-5,0,0.0000,0.0000,0,0.112285,0.00001821,0.000018,5.585566,-0.338407
2022-03-17,,2.2300,1.9200,25.6700,47.0348,344.440000,367.884500,0.080962,0.057755,0,0,0,0,0,0,-5,0,0.0000,0.0000,0,0.033443,0.00001742,0.000017,5.585663,-0.338395
2022-03-18,,2.1700,1.9200,23.8700,50.7157,351.490000,367.991950,0.079648,0.059914,0,0,1,0,0,1,-3,0,0.0000,0.0000,0,0.062125,0.00001584,0.000016,5.585752,-0.338385
2022-03-21,,2.1400,1.9200,23.5300,49.2843,350.080000,368.064350,0.079671,0.065308,0,0,0,0,0,0,-5,1,0.0000,0.0000,0,-0.007147,0.00001663,0.000017,5.585845,-0.338374
2022-03-22,,2.0700,1.9200,22.9400,51.3292,356.960000,368.166150,0.078861,0.061713,0,0,1,0,0,1,-3,0,0.0000,0.0000,0,0.059102,0.00002137,0.000021,5.585964,-0.338359
2022-03-23,,2.0500,1.9200,23.5700,47.0348,351.830000,368.241500,0.080002,0.083668,0,0,0,0,0,0,-5,1,0.0000,0.0000,0,-0.042211,0.00002019,0.000020,5.586077,-0.338346
2022-03-24,,2.0300,1.9200,21.6700,51.3292,359.650000,368.355550,0.079624,0.070173,0,0,1,0,0,1,-3,0,0.0000,0.0000,0,0.064799,0.00001979,0.000020,5.586187,-0.338333
2022-03-25,,2.0100,1.9200,20.8100,52.5562,359.350000,368.450550,0.080386,0.075979,0,0,1,0,0,1,-3,1,0.0000,0.0000,0,-0.001578,0.00002058,0.000021,5.586302,-0.338319
2022-03-28,,1.9600,1.9200,19.6300,54.6012,364.910000,368.568900,0.080334,0.069445,0,1,1,0,0,2,-1,1,0.0000,0.0000,0,0.045494,0.00002177,0.000022,5.586424,-0.338305
2022-03-29,,1.9400,1.9200,18.9000,61.1452,371.190000,368.702300,0.080089,0.061064,0,1,1,1,0,3,1,2,0.0000,0.0000,0,0.051243,0.00002334,0.000023,5.586554,-0.338290
2022-03-30,,1.9100,1.9150,19.3300,57.4642,367.090000,368.826450,0.081251,0.091579,1,1,1,0,0,3,1,3,0.0000,0.0000,0,-0.030046,0.00002177,0.000022,5.586676,-0.338275
2022-03-31,,1.9300,1.9150,20.5600,52.5562,362.540000,368.934100,0.082433,0.108184,0,0,1,0,0,1,-3,3,0.0000,0.0000,0,-0.041358,0.00002177,0.000022,5.586798,-0.338261
2022-04-01,,1.9300,1.9150,19.6300,52.9652,361.850000,369.016650,0.083348,0.102261,0,1,1,0,0,2,-1,1,0.0000,0.0000,0,-0.004297,0.00002058,0.000021,5.586913,-0.338247
2022-04-04,,1.8100,1.9100,18.5700,54.1922,369.300000,369.150000,0.082005,0.095930,1,1,1,1,0,4,3,2,0.0000,0.0000,0,0.062489,0.00002098,0.000021,5.587030,-0.338233
2022-04-05,,1.8100,1.9100,21.0300,49.2843,361.100000,369.233700,0.083575,0.103040,1,0,0,0,0,1,-3,4,1.0000,1.0000,1,-0.066125,0.00002610,-0.055080,5.279293,-0.374684
2022-04-06,,1.7700,1.9100,22.1000,48.2618,353.260000,369.262150,0.086099,0.140008,1,0,0,0,0,1,-3,1,0.0000,0.0000,1,-0.065762,0.00002571,-0.046468,5.033977,-0.403741
2022-04-07,,1.7700,1.9100,21.5500,48.4663,354.100000,369.293950,0.085456,0.151125,1,0,0,0,0,1,-3,1,0.0000,0.0000,0,0.006518,0.00002650,0.000026,5.034110,-0.403725
2022-04-08,,1.7800,1.9100,21.1600,47.4438,349.150000,369.290250,0.085975,0.156487,1,0,0,0,0,1,-3,1,0.0000,0.0000,0,-0.040888,0.00002689,0.000027,5.034246,-0.403709
2022-04-11,,1.7800,1.9100,24.3700,46.2168,340.890000,369.247400,0.086277,0.139269,1,0,0,0,0,1,-3,1,0.0000,0.0000,0,-0.070988,0.00002768,0.000028,5.034385,-0.403692
2022-04-12,,1.8200,1.9100,24.2600,44.9898,339.450000,369.176100,0.086929,0.154856,1,0,0,0,0,1,-3,1,0.0000,0.0000,0,-0.012874,0.00003044,0.000030,5.034538,-0.403674
2022-04-13,,1.9200,1.9100,21.8200,47.2393,346.350000,369.132900,0.085775,0.137958,0,0,0,0,0,0,-5,1,0.0000,0.0000,0,0.059950,0.00002926,0.000029,5.034685,-0.403657
2022-04-14,,1.9400,1.9100,22.7000,46.6258,338.430000,369.052900,0.086902,0.135577,0,0,0,0,0,0,-5,0,0.0000,0.0000,0,-0.067275,0.00002965,0.000030,5.034835,-0.403639
2022-04-18,,1.9300,1.9100,22.1700,46.2168,338.690000,368.973500,0.086399,0.116942,0,0,0,0,0,0,-5,0,0.0000,0.0000,0,0.002766,0.00003123,0.000031,5.034992,-0.403620
2022-04-19,,1.9400,1.9100,21.3700,48.8753,346.260000,368.911600,0.085577,0.090359,0,0,0,0,0,0,-5,0,0.0000,0.0000,0,0.064290,0.00003201,0.000032,5.035153,-0.403601
2022-04-20,,1.9100,1.9100,20.3200,51.3292,341.210000,368.816700,0.086337,0.115211,1,0,1,0,0,2,-1,0,0.0000,0.0000,0,-0.045056,0.00003201,0.000032,5.035314,-0.403582
2022-04-21,,1.9100,1.9100,22.6800,48.2618,334.150000,368.682700,0.086198,0.117054,1,0,0,0,0,1,-3,2,0.0000,0.0000,0,-0.058664,0.00003241,0.000032,5.035477,-0.403563
2022-04-22,,1.9300,1.9100,28.2100,43.3538,325.400000,368.515850,0.087140,0.132471,0,0,0,0,0,0,-5,1,0.0000,0.0000,0,-0.079397,0.00003280,0.000033,5.035643,-0.403543
2022-04-25,,1.9600,1.9100,27.0200,44.1718,329.580000,368.358700,0.086042,0.104469,0,0,0,0,0,0,-5,0,0.0000,0.0000,0,0.037099,0.00003280,0.000033,5.035808,-0.403524
2022-04-26,,2.0300,1.9100,33.5200,41.5133,317.140000,368.132300,0.087719,0.132652,0,0,0,0,0,0,-5,0,0.0000,0.0000,0,-0.112427,0.00003595,0.000036,5.035989,-0.403502
2022-04-27,,2.0600,1.9100,31.6000,41.7178,316.760000,367.904000,0.087054,0.121645,0,0,0,0,0,0,-5,0,0.0000,0.0000,0,-0.004449,0.00003280,0.000033,5.036154,-0.403483
2022-04-28,,2.0500,1.9100,29.9900,44.7853,328.010000,367.728700,0.085856,0.130580,0,0,0,0,0,0,-5,0,0.0000,0.0000,0,0.105678,0.00003241,0.000032,5.036317,-0.403464
2022-04-29,,2.0600,1.9100,33.4000,34.9693,313.250000,367.492350,0.086481,0.126848,0,0,0,0,0,0,-5,0,0.0000,0.0000,0,-0.131479,0.00003241,0.000032,5.036480,-0.403444
2022-05-02,,2.0500,1.9100,32.3400,33.7423,318.480000,367.296750,0.085083,0.093651,0,0,0,0,0,0,-5,0,0.0000,0.0000,0,0.047085,0.00003359,0.000034,5.036650,-0.403424
2022-05-03,,2.0800,1.9100,29.2500,36.6053,318.820000,367.117500,0.085018,0.105909,0,0,0,0,0,0,-5,0,0.0000,0.0000,0,0.002353,0.00003556,0.000036,5.036829,-0.403403
2022-05-04,,2.0500,1.9100,25.4200,41.7178,329.600000,366.971550,0.084347,0.099189,0,0,0,0,0,0,-5,0,0.0000,0.0000,0,0.099113,0.00003595,0.000036,5.037010,-0.403381
2022-05-05,,2.0800,1.9100,31.2000,36.8098,313.000000,366.728750,0.086561,0.129248,0,0,0,0,0,0,-5,0,0.0000,0.0000,0,-0.149027,0.00003516,0.000035,5.037187,-0.403360
2022-05-06,,2.1000,1.9100,30.1900,35.1738,309.250000,366.455250,0.087774,0.151608,0,0,0,0,0,0,-5,0,0.0000,0.0000,0,-0.034858,0.00003359,0.000034,5.037356,-0.403340
2022-05-09,,2.0900,1.9100,34.7500,30.8793,297.150000,366.100000,0.089999,0.183700,0,0,0,0,0,0,-5,0,0.0000,0.0000,0,-0.118174,0.00003359,0.000034,5.037525,-0.403320
2022-05-10,,2.1700,1.9100,32.9900,29.2434,300.760000,365.761350,0.088702,0.150168,0,0,0,0,0,0,-5,0,0.0000,0.0000,0,0.034404,0.00003634,0.000036,5.037708,-0.403299
2022-05-11,,2.1600,1.9100,32.5600,28.0164,291.840000,365.398400,0.090783,0.178370,0,0,0,0,0,0,-5,0,0.0000,0.0000,0,-0.089009,0.00003516,0.000035,5.037885,-0.403278
2022-05-12,,2.1700,1.9100,31.7700,28.3673,291.150000,365.025000,0.089960,0.187631,0,0,0,0,0,0,-5,0,0.0000,0.0000,0,-0.007997,0.00003595,0.000036,5.038067,-0.403256
2022-05-13,,2.2000,1.9100,28.8700,32.0408,301.940000,364.702300,0.088905,0.177868,0,0,0,0,0,0,-5,0,0.0000,0.0000,0,0.108658,0.00003791,0.000038,5.038258,-0.403234
2022-05-16,,2.2400,1.9100,27.4700,32.0408,298.440000,364.371650,0.089542,0.164630,0,0,0,0,0,0,-5,0,0.0000,0.0000,0,-0.030983,0.00004066,0.000041,5.038462,-0.403209
2022-05-17,,2.2900,1.9100,26.1000,35.3061,306.170000,364.079500,0.088644,0.152843,0,0,0,0,0,0,-5,0,0.0000,0.0000,0,0.075367,0.00004224,0.000042,5.038675,-0.403184
2022-05-18,,2.2700,1.9100,30.9600,27.5510,291.140000,363.701150,0.091474,0.171535,0,0,0,0,0,0,-5,0,0.0000,0.0000,0,-0.145934,0.00004184,0.000042,5.038886,-0.403159
2022-05-19,,2.3100,1.9100,29.3500,25.9184,289.580000,363.312350,0.091845,0.177107,0,0,0,0,0,0,-5,0,0.0000,0.0000,0,-0.020249,0.00004066,0.000041,5.039091,-0.403135
2022-05-20,,2.3700,1.9100,29.4300,24.8980,288.680000,362.907400,0.092062,0.184719,0,0,0,0,0,0,-5,0,0.0000,0.0000,0,-0.008702,0.00004145,0.000041,5.039300,-0.403110
2022-05-23,,2.3600,1.9100,28.4800,27.7551,293.480000,362.534550,0.091454,0.167555,0,0,0,0,0,0,-5,0,0.0000,0.0000,0,0.049378,0.00004066,0.000041,5.039505,-0.403086
2022-05-24,,2.3300,1.9100,29.4500,29.3878,287.240000,362.127100,0.093998,0.187979,0,0,0,0,0,0,-5,0,0.0000,0.0000,0,-0.062391,0.00004224,0.000042,5.039718,-0.403061
2022-05-25,,2.3400,1.9100,28.3700,30.2041,291.260000,361.749200,0.093112,0.174742,0,0,0,0,0,0,-5,0,0.0000,0.0000,0,0.040149,0.00004184,0.000042,5.039929,-0.403036
2022-05-26,,2.2900,1.9100,27.5000,32.8571,299.330000,361.414800,0.091547,0.163164,0,0,0,0,0,0,-5,0,0.0000,0.0000,0,0.083631,0.00004184,0.000042,5.040139,-0.403011
2022-05-27,,2.2500,1.9100,25.7200,36.9388,309.100000,361.122650,0.090750,0.133584,0,0,0,0,0,0,-5,0,0.0000,0.0000,0,0.097955,0.00004224,0.000042,5.040352,-0.402986
2022-05-31,,2.2600,1.9100,26.1900,35.7143,308.280000,360.819950,0.090003,0.093045,0,0,0,0,0,0,-5,0,0.0000,0.0000,0,-0.007209,0.00004263,0.000043,5.040567,-0.402960
2022-06-01,,2.1800,1.9100,25.6900,32.8571,306.000000,360.505050,0.090591,0.056882,0,0,0,0,0,0,-5,0,0.0000,0.0000,0,-0.023298,0.00004577,0.000046,5.040798,-0.402933
2022-06-02,,2.0800,1.9100,24.7200,35.5102,314.380000,360.248300,0.089497,0.053980,0,0,0,0,0,0,-5,0,0.0000,0.0000,0,0.081165,0.00004538,0.000045,5.041027,-0.402906
2022-06-03,,2.1000,1.9100,24.7900,32.6531,306.200000,359.968250,0.090551,0.098587,0,0,0,0,0,0,-5,0,0.0000,0.0000,0,-0.079083,0.00004616,0.000046,5.041259,-0.402878
2022-06-06,,2.0900,1.9100,25.0700,34.4898,307.220000,359.684550,0.090677,0.088918,0,0,0,0,0,0,-5,0,0.0000,0.0000,0,0.012446,0.00004773,0.000048,5.041500,-0.402850
2022-06-07,,2.0800,1.9100,24.0200,36.7347,309.870000,359.395250,0.090357,0.077041,0,0,0,0,0,0,-5,0,0.0000,0.0000,0,0.024278,0.00004969,0.000050,5.041750,-0.402820
2022-06-08,,2.0700,1.9100,23.9600,32.0408,307.640000,359.067300,0.089563,0.060911,0,0,0,0,0,0,-5,0,0.0000,0.0000,0,-0.020402,0.00004969,0.000050,5.042001,-0.402790
2022-06-09,,2.0700,1.9100,26.0900,27.7551,299.400000,358.692450,0.089540,0.067011,0,0,0,0,0,0,-5,0,0.0000,0.0000,0,-0.081470,0.00005047,0.000050,5.042255,-0.402760
2022-06-10,,2.0700,1.9100,27.7500,24.4898,288.840000,358.262650,0.091508,0.108277,0,0,0,0,0,0,-5,0,0.0000,0.0000,0,-0.106702,0.00005126,0.000051,5.042514,-0.402730
2022-06-13,,2.0400,1.9100,34.0200,16.7347,275.410000,357.777600,0.090747,0.102749,0,0,0,0,0,0,-5,0,0.0000,0.0000,0,-0.138485,0.00005478,0.000055,5.042790,-0.402697
2022-06-14,,1.9800,1.9100,32.6900,15.5102,275.910000,357.276950,0.088721,0.095809,0,0,0,0,0,0,-5,0,0.0000,0.0000,0,0.006499,0.00006807,0.000068,5.043133,-0.402656
2022-06-15,,1.9900,1.9100,29.6200,16.3265,282.800000,356.789650,0.088041,0.089641,0,0,0,0,0,0,-5,0,0.0000,0.0000,0,0.071890,0.00007197,0.000072,5.043496,-0.402613
2022-06-16,,2.1000,1.9100,32.9500,12.4490,271.390000,356.246850,0.089295,0.107903,0,0,0,0,0,0,-5,0,0.0000,0.0000,0,-0.122088,0.00006846,0.000068,5.043842,-0.402572
2022-06-17,,2.1300,1.9100,31.1300,11.0204,274.690000,355.717400,0.088654,0.089153,0,0,0,0,0,0,-5,0,0.0000,0.0000,0,0.037054,0.00006260,0.000063,5.044157,-0.402535
2022-06-21,,2.1300,1.9100,30.1900,15.7143,281.080000,355.220800,0.087424,0.081552,0,0,0,0,0,0,-5,0,0.0000,0.0000,0,0.075430,0.00006416,0.000064,5.044481,-0.402497
2022-06-22,,2.1300,1.9100,28.9500,14.8980,280.670000,354.716300,0.088504,0.083518,0,0,0,0,0,0,-5,0,0.0000,0.0000,0,-0.003692,0.00006690,0.000067,5.044818,-0.402457
2022-06-23,,2.1700,1.9100,29.0500,15.1020,284.850000,354.230000,0.089708,0.096764,0,0,0,0,0,0,-5,0,0.0000,0.0000,0,0.042816,0.00006338,0.000063,5.045138,-0.402419
2022-06-24,,2.2000,1.9100,27.2300,21.4286,294.610000,353.799150,0.088456,0.088298,0,0,0,0,0,0,-5,0,0.0000,0.0000,0,0.104619,0.00006494,0.000065,5.045466,-0.402380
2022-06-27,,2.2200,1.9100,26.9500,22.8571,292.450000,353.364050,0.089516,0.086169,0,0,0,0,0,0,-5,0,0.0000,0.0000,0,-0.023588,0.00006807,0.000068,5.045809,-0.402339
2022-06-28,,2.1900,1.9100,28.3600,21.0204,283.540000,352.898800,0.091042,0.088018,0,0,0,0,0,0,-5,0,0.0000,0.0000,0,-0.091142,0.00007041,0.000070,5.046164,-0.402297
2022-06-29,,2.2200,1.9150,28.1600,20.8163,283.800000,352.436150,0.091182,0.078925,0,0,0,0,0,0,-5,0,0.0000,0.0000,0,0.002014,0.00007041,0.000070,5.046520,-0.402255
2022-06-30,,2.2400,1.9200,28.7100,20.0000,280.280000,351.961250,0.092949,0.110211,0,0,0,0,0,0,-5,0,0.0000,0.0000,0,-0.035370,0.00007002,0.000070,5.046873,-0.402213
2022-07-01,,2.3100,1.9200,26.7000,23.0612,282.130000,351.481650,0.094232,0.107779,0,0,0,0,0,0,-5,0,0.0000,0.0000,0,0.016250,0.00006768,0.000068,5.047215,-0.402173
2022-07-05,,2.4200,1.9200,27.5400,16.9388,286.960000,351.024900,0.090847,0.047173,0,0,0,0,0,0,-5,0,0.0000,0.0000,0,0.051661,0.00006807,0.000068,5.047558,-0.402132
2022-07-06,,2.4100,1.9200,26.7300,19.1837,288.800000,350.599750,0.091481,0.060210,0,0,0,0,0,0,-5,0,0.0000,0.0000,0,0.019103,0.00007469,0.000075,5.047935,-0.402087
2022-07-07,,2.3900,1.9200,26.0800,20.8163,294.980000,350.246150,0.090041,0.041098,0,0,0,0,0,0,-5,0,0.0000,0.0000,0,0.061974,0.00007469,0.000075,5.048312,-0.402043
2022-07-08,,2.3300,1.9200,24.6400,19.5918,295.350000,349.892150,0.089819,0.036272,0,0,0,0,0,0,-5,0,0.0000,0.0000,0,0.004683,0.00007664,0.000077,5.048699,-0.401997
2022-07-11,,2.3100,1.9200,26.1700,19.5918,289.040000,349.489500,0.091430,0.045390,0,0,0,0,0,0,-5,0,0.0000,0.0000,0,-0.063822,0.00007781,0.000078,5.049092,-0.401950
2022-07-12,,2.3200,1.9200,27.2900,17.9592,286.240000,349.055800,0.091799,0.060335,0,0,0,0,0,0,-5,0,0.0000,0.0000,0,-0.029108,0.00008558,0.000086,5.049524,-0.401899
2022-07-13,,2.3100,1.9200,26.8200,17.1429,285.650000,348.617400,0.091901,0.049777,0,0,0,0,0,0,-5,0,0.0000,0.0000,0,-0.006312,0.00008714,0.000087,5.049964,-0.401847
2022-07-14,,2.3200,1.9200,26.4000,16.3265,286.670000,348.199000,0.092125,0.057191,0,0,0,0,0,0,-5,0,0.0000,0.0000,0,0.010322,0.00009373,0.000094,5.050437,-0.401791
2022-07-15,,2.3100,1.9250,24.2300,17.7551,291.870000,347.859000,0.090567,0.050463,0,0,0,0,0,0,-5,0,0.0000,0.0000,0,0.052652,0.00009412,0.000094,5.050913,-0.401735
2022-07-18,,2.3000,1.9300,25.3000,15.3061,289.400000,347.509600,0.090051,0.036945,0,0,0,0,0,0,-5,0,0.0000,0.0000,0,-0.023143,0.00009295,0.000093,5.051382,-0.401679
2022-07-19,,2.2800,1.9300,24.5000,18.9796,298.300000,347.211300,0.088243,0.021240,0,0,0,0,0,0,-5,0,0.0000,0.0000,0,0.087505,0.00009799,0.000098,5.051877,-0.401620
2022-07-20,,2.2600,1.9300,23.8800,18.3673,303.030000,346.925550,0.086519,-0.006603,0,0,0,0,1,1,-3,0,0.0000,0.0000,0,0.050246,0.00009877,0.000099,5.052376,-0.401561
2022-07-21,,2.2000,1.9300,23.1100,20.2041,307.380000,346.699350,0.085872,-0.001839,0,0,0,0,1,1,-3,1,0.0000,0.0000,0,0.042489,0.00009838,0.000098,5.052873,-0.401503
2022-07-22,,2.2300,1.9300,23.0300,19.5918,301.990000,346.422400,0.087866,0.001589,0,0,0,0,0,0,-5,1,0.0000,0.0000,0,-0.052311,0.00009722,0.000097,5.053364,-0.401444
2022-07-25,,2.2800,1.9300,23.3600,22.8571,300.270000,346.125400,0.088859,0.019658,0,0,0,0,0,0,-5,0,0.0000,0.0000,0,-0.014900,0.00009760,0.000098,5.053858,-0.401386
2022-07-26,,2.3100,1.9300,24.6900,22.0408,294.370000,345.782400,0.090460,0.049001,0,0,0,0,0,0,-5,0,0.0000,0.0000,0,-0.060502,0.00010263,0.000103,5.054376,-0.401324
2022-07-27,,2.2900,1.9300,23.2400,25.7143,306.810000,345.510650,0.088246,0.019866,0,0,0,0,0,0,-5,0,0.0000,0.0000,0,0.124771,0.00009993,0.000100,5.054881,-0.401265
2022-07-28,,2.3000,1.9300,22.3300,31.8367,309.810000,345.267750,0.090280,0.059848,0,0,0,0,0,0,-5,0,0.0000,0.0000,0,0.028627,0.00009567,0.000096,5.055365,-0.401207
2022-07-29,,2.4200,1.9300,21.3300,34.8980,315.460000,345.059350,0.089747,0.055035,0,0,0,0,0,0,-5,0,0.0000,0.0000,0,0.055028,0.00009489,0.000095,5.055845,-0.401151
2022-08-01,,2.3600,1.9300,22.8400,33.8776,315.270000,344.835700,0.090111,0.065424,0,0,0,0,0,0,-5,0,0.0000,0.0000,0,-0.001499,0.00009451,0.000095,5.056323,-0.401094
2022-08-02,,2.3800,1.9300,23.9300,32.6531,314.330000,344.574200,0.090526,0.045163,0,0,0,0,0,0,-5,0,0.0000,0.0000,0,-0.009307,0.00010031,0.000100,5.056830,-0.401034
2022-08-03,,2.2900,1.9300,21.9500,35.9184,322.890000,344.343950,0.089685,0.021937,0,0,0,0,0,0,-5,0,0.0000,0.0000,0,0.080000,0.00010031,0.000100,5.057337,-0.400974
2022-08-04,,2.2900,1.9300,21.4400,35.1020,324.400000,344.102700,0.089939,-0.000697,0,0,0,0,1,1,-3,0,0.0000,0.0000,0,0.014310,0.00009877,0.000099,5.057837,-0.400915
2022-08-05,,2.3200,1.9300,21.1500,36.3265,321.750000,343.834100,0.089765,0.012414,0,0,0,0,0,0,-5,1,0.0000,0.0000,0,-0.023790,0.00009799,0.000098,5.058332,-0.400856
2022-08-08,,2.2900,1.9300,21.2900,35.9184,320.710000,343.562750,0.090002,-0.009044,0,0,0,0,1,1,-3,0,0.0000,0.0000,0,-0.010201,0.00010109,0.000101,5.058843,-0.400795
2022-08-09,,2.2600,1.9300,21.7700,34.0816,317.080000,343.261800,0.091370,0.016429,0,0,0,0,0,0,-5,1,0.0000,0.0000,0,-0.034354,0.00010379,0.000104,5.059369,-0.400733
2022-08-10,,2.2600,1.9300,19.7400,42.0408,325.930000,343.020950,0.089883,0.011499,0,1,0,0,0,1,-3,0,0.0000,0.0000,0,0.082123,0.00010457,0.000105,5.059898,-0.400670
2022-08-11,,2.2900,1.9300,20.2000,42.8571,324.080000,342.751700,0.089871,0.003855,0,0,0,0,0,0,-5,1,0.0000,0.0000,0,-0.015068,0.00010379,0.000104,5.060423,-0.400608
2022-08-12,,2.2900,1.9300,19.5300,47.9592,330.390000,342.508050,0.089815,0.013822,0,1,0,0,0,1,-3,0,0.0000,0.0000,0,0.056467,0.00010263,0.000103,5.060942,-0.400547
2022-08-15,,2.2700,1.9300,19.9500,48.7755,333.060000,342.273350,0.090193,-0.015331,0,1,0,0,1,2,-1,1,0.0000,0.0000,0,0.023960,0.00010302,0.000103,5.061464,-0.400485
2022-08-16,,2.2700,1.9300,19.6900,50.8163,332.280000,342.013650,0.090272,-0.018894,0,1,1,0,1,3,1,2,0.0000,0.0000,0,-0.006428,0.00010650,0.000107,5.062003,-0.400421
2022-08-17,,2.2700,1.9300,19.9000,48.5714,328.490000,341.725550,0.090765,-0.015420,0,1,0,0,1,2,-1,3,0.0000,0.0000,0,-0.034679,0.00010573,0.000106,5.062538,-0.400358
2022-08-18,,2.2400,1.9300,19.5600,49.7959,329.280000,341.434800,0.090841,-0.007227,0,1,0,0,1,2,-1,2,0.0000,0.0000,0,0.006702,0.00010495,0.000105,5.063069,-0.400295
2022-08-19,,2.2400,1.9300,20.6000,45.3061,322.860000,341.103850,0.092031,-0.022430,0,0,0,0,1,1,-3,2,0.0000,0.0000,0,-0.058589,0.00010611,0.000106,5.063606,-0.400231
2022-08-22,,2.2500,1.9300,23.8000,38.7755,314.360000,340.709750,0.092706,-0.004539,0,0,0,0,1,1,-3,1,0.0000,0.0000,0,-0.078642,0.00010727,0.000107,5.064150,-0.400167
2022-08-23,,2.2400,1.9300,24.1100,38.7755,314.100000,340.289150,0.092373,0.009177,0,0,0,0,0,0,-5,1,0.0000,0.0000,0,-0.003377,0.00011036,0.000110,5.064708,-0.400101
2022-08-24,,2.2400,1.9300,22.8200,39.3878,315.010000,339.871200,0.092368,0.017760,0,0,0,0,0,0,-5,0,0.0000,0.0000,0,0.007702,0.00010959,0.000110,5.065264,-0.400035
2022-08-25,,2.2300,1.9300,21.7800,44.4898,320.580000,339.483800,0.091643,0.018506,0,0,0,0,0,0,-5,0,0.0000,0.0000,0,0.052583,0.00011036,0.000110,5.065823,-0.399969
2022-08-26,,2.2100,1.9300,25.5600,36.5306,307.440000,339.044400,0.093398,0.030662,0,0,0,0,0,0,-5,0,0.0000,0.0000,0,-0.121696,0.00011268,0.000113,5.066393,-0.399901
2022-08-29,,2.1900,1.9300,26.2100,34.0816,304.410000,338.618900,0.094305,0.051826,0,0,0,0,0,0,-5,0,0.0000,0.0000,0,-0.030754,0.00011306,0.000113,5.066966,-0.399833
2022-08-30,,2.1900,1.9300,26.2100,30.0000,301.020000,338.171050,0.093958,0.036490,0,0,0,0,0,0,-5,0,0.0000,0.0000,0,-0.033436,0.00011615,0.000116,5.067555,-0.399764
2022-08-31,,2.1700,1.9300,25.8700,28.3673,299.270000,337.693900,0.094058,0.035783,0,0,0,0,0,0,-5,0,0.0000,0.0000,0,-0.018355,0.00011615,0.000116,5.068143,-0.399694
2022-09-01,,2.1800,1.9300,25.5600,28.5714,299.400000,337.217850,0.095114,0.050198,0,0,0,0,0,0,-5,0,0.0000,0.0000,0,0.001079,0.00011576,0.000116,5.068730,-0.399624
2022-09-02,,2.2200,1.9300,25.4700,26.9388,295.170000,336.706600,0.095095,0.058917,0,0,0,0,0,0,-5,0,0.0000,0.0000,0,-0.041667,0.00011615,0.000116,5.069319,-0.399555
2022-09-06,,2.2400,1.9350,26.9100,26.3265,293.050000,336.183700,0.095698,0.066944,0,0,0,0,0,0,-5,0,0.0000,0.0000,0,-0.022864,0.00011499,0.000115,5.069902,-0.399486
2022-09-07,,2.2700,1.9400,24.6400,33.6735,298.970000,335.669800,0.096951,0.060689,0,0,0,0,0,0,-5,0,0.0000,0.0000,0,0.059072,0.00011884,0.000119,5.070504,-0.399414
2022-09-08,,2.2400,1.9400,23.6100,36.1224,300.520000,335.152450,0.096246,0.064703,0,0,0,0,0,0,-5,0,0.0000,0.0000,0,0.016298,0.00012000,0.000120,5.071113,-0.399342
2022-09-09,,2.2500,1.9500,22.7900,40.2041,307.090000,334.691400,0.095155,0.078872,0,0,0,0,0,0,-5,0,0.0000,0.0000,0,0.063435,0.00011961,0.000120,5.071719,-0.399270
2022-09-12,,2.2000,1.9600,23.8700,42.8571,310.740000,334.257700,0.095043,0.086205,0,0,0,0,0,0,-5,0,0.0000,0.0000,0,0.036528,0.00012039,0.000120,5.072330,-0.399198
2022-09-13,,2.2000,1.9700,27.2700,31.6327,293.700000,333.732400,0.096718,0.089131,0,0,0,0,0,0,-5,0,0.0000,0.0000,0,-0.164565,0.00012385,0.000124,5.072958,-0.399124
2022-09-14,,2.1800,1.9850,26.1600,32.0408,296.030000,333.256550,0.097136,0.103193,0,0,0,0,0,0,-5,0,0.0000,0.0000,0,0.022446,0.00012808,0.000128,5.073608,-0.399047
2022-09-15,,2.1500,1.9900,26.2700,30.4082,291.100000,332.713600,0.095804,0.099703,0,0,0,0,0,0,-5,0,0.0000,0.0000,0,-0.050341,0.00012654,0.000127,5.074250,-0.398971
2022-09-16,,2.1200,1.9950,26.3000,27.7551,289.320000,332.191100,0.096574,0.093901,0,0,0,0,0,0,-5,0,0.0000,0.0000,0,-0.019530,0.00012577,0.000126,5.074888,-0.398895
2022-09-19,,2.1800,2.0000,25.7600,29.5918,291.050000,331.710750,0.096461,0.077369,0,0,0,0,0,0,-5,0,0.0000,0.0000,0,0.023984,0.00012500,0.000125,5.075522,-0.398820
2022-09-20,,2.1500,2.0050,27.1600,26.5306,288.730000,331.204850,0.096162,0.085780,0,0,0,0,0,0,-5,0,0.0000,0.0000,0,-0.023819,0.00013153,0.000132,5.076190,-0.398741
2022-09-21,,2.1300,2.0200,27.9900,21.8367,283.560000,330.707000,0.096531,0.076113,0,0,0,0,0,0,-5,0,0.0000,0.0000,0,-0.054900,0.00013077,0.000131,5.076854,-0.398662
2022-09-22,,2.1200,2.0300,27.3500,18.9796,280.070000,330.176350,0.095956,0.053642,0,0,0,0,0,0,-5,0,0.0000,0.0000,0,-0.037005,0.00012923,0.000129,5.077510,-0.398584
2022-09-23,,2.0800,2.0350,29.9200,14.8980,275.510000,329.564750,0.097513,0.067178,0,0,0,0,0,0,-5,0,0.0000,0.0000,0,-0.047811,0.00012846,0.000128,5.078162,-0.398507
2022-09-26,,2.0900,2.0450,32.2600,12.2449,274.370000,328.938550,0.096113,0.032875,0,0,0,0,0,0,-5,0,0.0000,0.0000,0,-0.013609,0.00012654,0.000127,5.078805,-0.398431
2022-09-27,,2.0100,2.0450,32.6000,11.4286,274.480000,328.342300,0.094736,0.005093,1,0,0,0,0,1,-3,0,0.0000,0.0000,0,0.000951,0.00013230,0.000132,5.079477,-0.398351
2022-09-28,,2.0800,2.0500,30.1800,16.1224,279.940000,327.751950,0.093906,0.032662,0,0,0,0,0,0,-5,1,0.0000,0.0000,0,0.058460,0.00013077,0.000131,5.080141,-0.398273
2022-09-29,,2.2500,2.0500,31.8400,12.8571,271.870000,327.150000,0.092064,0.006038,0,0,0,0,0,0,-5,0,0.0000,0.0000,0,-0.084419,0.00013269,0.000133,5.080815,-0.398193
2022-09-30,,2.2700,2.0500,31.6200,12.0408,267.260000,326.545300,0.091704,0.016965,0,0,0,0,0,0,-5,0,0.0000,0.0000,0,-0.052477,0.00013115,0.000131,5.081481,-0.398114
2022-10-03,,2.2400,2.0500,30.1000,16.5306,273.530000,325.927700,0.091964,0.022527,0,0,0,0,0,0,-5,0,0.0000,0.0000,0,0.069358,0.00013000,0.000130,5.082142,-0.398036
2022-10-04,,2.2900,2.0550,29.0700,22.8571,282.130000,325.404150,0.091092,-0.003634,0,0,0,0,1,1,-3,0,0.0000,0.0000,0,0.092933,0.00013499,0.000135,5.082828,-0.397954
2022-10-05,,2.2700,2.0600,28.5500,23.0612,281.980000,324.889500,0.089276,-0.027222,0,0,0,0,1,1,-3,1,0.0000,0.0000,0,0.000000,0.00013461,0.000135,5.083512,-0.397873
2022-10-06,,2.2200,2.0650,30.5200,21.6327,279.760000,324.384850,0.087232,-0.050053,0,0,0,0,1,1,-3,1,0.0000,0.0000,0,-0.025244,0.00013499,0.000135,5.084198,-0.397792
2022-10-07,,2.1600,2.0700,31.3600,17.5510,269.100000,323.784300,0.087875,-0.044293,0,0,0,0,1,1,-3,1,0.0000,0.0000,0,-0.114039,0.00013499,0.000135,5.084885,-0.397711
2022-10-10,,2.1700,2.0700,32.4500,17.3469,266.410000,323.146600,0.088703,-0.019234,0,0,0,0,1,1,-3,1,0.0000,0.0000,0,-0.031282,0.00013461,0.000135,5.085569,-0.397630
2022-10-11,,2.1700,2.0700,33.6300,17.5510,262.750000,322.475750,0.088947,-0.011480,0,0,0,0,1,1,-3,1,0.0000,0.0000,0,-0.039704,0.00013461,0.000135,5.086254,-0.397549
2022-10-12,,2.2300,2.0750,33.5700,17.1429,262.660000,321.771650,0.086269,-0.020334,0,0,0,0,1,1,-3,1,0.0000,0.0000,0,-0.002205,0.00014304,0.000143,5.086981,-0.397463
2022-10-13,,2.2700,2.0800,31.9400,18.5714,268.820000,321.107700,0.086155,-0.003902,0,0,0,0,1,1,-3,1,0.0000,0.0000,0,0.066851,0.00014418,0.000144,5.087714,-0.397376
2022-10-14,,2.2800,2.0800,32.0200,15.7143,260.740000,320.403650,0.086891,0.010644,0,0,0,0,0,0,-5,1,0.0000,0.0000,0,-0.090109,0.00014763,0.000148,5.088466,-0.397287
2022-10-17,,2.2800,2.0800,31.3700,19.1837,269.350000,319.748650,0.086487,-0.014577,0,0,0,0,1,1,-3,0,0.0000,0.0000,0,0.098463,0.00014839,0.000148,5.089221,-0.397197
2022-10-18,,2.2800,2.0800,30.5000,21.8367,271.480000,319.116800,0.087045,-0.019155,0,0,0,0,1,1,-3,1,0.0000,0.0000,0,0.024870,0.00015450,0.000155,5.090007,-0.397104
2022-10-19,,2.2800,2.0800,30.7600,21.0204,270.490000,318.460850,0.086526,-0.040995,0,0,0,0,1,1,-3,1,0.0000,0.0000,0,-0.012133,0.00015718,0.000157,5.090807,-0.397009
2022-10-20,,2.2500,2.0850,29.9800,18.5714,269.110000,317.824050,0.085055,-0.032942,0,0,0,0,1,1,-3,1,0.0000,0.0000,0,-0.016888,0.00015832,0.000158,5.091613,-0.396914
2022-10-21,,2.2400,2.0900,29.6900,23.6735,275.420000,317.279700,0.084573,-0.058262,0,0,0,0,1,1,-3,1,0.0000,0.0000,0,0.070796,0.00015908,0.000159,5.092423,-0.396818
2022-10-24,,2.3600,2.0900,29.8500,25.5102,278.450000,316.751850,0.084251,-0.056324,0,0,0,0,1,1,-3,1,0.0000,0.0000,0,0.034030,0.00015908,0.000159,5.093233,-0.396722
2022-10-25,,2.3400,2.0950,28.4600,30.4082,284.210000,316.273600,0.084589,-0.057426,0,0,0,0,1,1,-3,1,0.0000,0.0000,0,0.060179,0.00016175,0.000162,5.094057,-0.396624
2022-10-26,,2.3700,2.1000,27.2800,31.8367,277.930000,315.762700,0.085192,-0.055163,0,0,0,0,1,1,-3,1,0.0000,0.0000,0,-0.066075,0.00016099,0.000161,5.094877,-0.396527
2022-10-27,,2.3300,2.1000,27.3900,33.0612,272.870000,315.197950,0.086333,-0.034263,0,0,0,0,1,1,-3,1,0.0000,0.0000,0,-0.055081,0.00015985,0.000160,5.095691,-0.396431
2022-10-28,,2.3400,2.1000,25.7500,38.7755,281.220000,314.667300,0.086641,-0.034444,0,0,0,0,1,1,-3,1,0.0000,0.0000,0,0.090452,0.00016061,0.000161,5.096510,-0.396334
2022-10-31,,2.3000,2.1100,25.8800,38.1633,277.950000,314.168750,0.086456,-0.034434,0,0,0,0,1,1,-3,1,0.0000,0.0000,0,-0.034562,0.00016251,0.000163,5.097338,-0.396236
2022-11-01,,2.2800,2.1200,25.8100,38.7755,275.110000,313.644250,0.087174,-0.029261,0,0,0,0,1,1,-3,1,0.0000,0.0000,0,-0.031026,0.00016404,0.000164,5.098174,-0.396137
2022-11-02,,2.2200,2.1200,25.8600,33.8776,265.680000,313.119900,0.088551,-0.028118,0,0,0,0,1,1,-3,1,0.0000,0.0000,0,-0.103448,0.00016442,0.000164,5.099012,-0.396037
2022-11-03,,2.1800,2.1250,25.3000,33.4694,260.490000,312.589950,0.089863,-0.000199,0,0,0,0,1,1,-3,1,0.0000,0.0000,0,-0.057692,0.00016404,0.000164,5.099849,-0.395938
2022-11-04,,2.1900,2.1300,24.5500,36.5306,264.680000,312.104750,0.089132,-0.007366,0,0,0,0,1,1,-3,1,0.0000,0.0000,0,0.046647,0.00016518,0.000165,5.100691,-0.395839
2022-11-07,,2.2200,2.1300,24.3500,40.8163,267.590000,311.684250,0.086604,-0.031810,0,0,0,0,1,1,-3,1,0.0000,0.0000,0,0.031755,0.00016366,0.000164,5.101526,-0.395740
2022-11-08,,2.2200,2.1300,25.5400,42.8571,269.540000,311.265450,0.086741,-0.034089,0,0,0,0,1,1,-3,1,0.0000,0.0000,0,0.021598,0.00016670,0.000167,5.102376,-0.395639
2022-11-09,,2.2300,2.1300,26.0900,38.1633,263.320000,310.856500,0.087871,-0.023165,0,0,0,0,1,1,-3,1,0.0000,0.0000,0,-0.069767,0.00016632,0.000166,5.103225,-0.395538
2022-11-10,,2.3300,2.1300,23.5300,52.4490,282.750000,310.547400,0.087220,-0.036130,0,0,1,0,1,2,-1,1,0.0000,0.0000,0,0.218750,0.00016670,0.000167,5.104076,-0.395438
2022-11-11,,2.3600,2.1350,22.5200,54.6939,287.960000,310.281700,0.085418,-0.055598,0,0,1,0,1,2,-1,2,0.0000,0.0000,0,0.056876,0.00016632,0.000166,5.104925,-0.395337
2022-11-14,,2.3600,2.1450,23.7300,50.2041,285.440000,309.949900,0.085126,-0.070227,0,0,1,0,1,2,-1,2,0.0000,0.0000,0,-0.026467,0.00016632,0.000166,5.105774,-0.395237
2022-11-15,,2.2700,2.1500,24.5400,54.2857,289.390000,309.581600,0.085335,-0.076654,0,0,1,0,1,2,-1,2,0.0000,0.0000,0,0.040326,0.00016860,0.000169,5.106635,-0.395135
2022-11-16,,2.2300,2.1550,24.1100,52.7495,285.440000,309.181200,0.086762,-0.058254,0,0,1,0,1,2,-1,2,0.0000,0.0000,0,-0.040505,0.00016746,0.000167,5.107490,-0.395033
2022-11-17,,2.2400,2.1600,23.9300,51.1202,284.810000,308.762800,0.085506,-0.070800,0,0,1,0,1,2,-1,2,0.0000,0.0000,0,-0.007717,0.00016784,0.000168,5.108347,-0.394932
2022-11-18,,2.1800,2.1650,23.1200,55.6008,284.820000,308.419150,0.086925,-0.048595,0,0,1,0,1,2,-1,2,0.0000,0.0000,0,-0.000915,0.00016784,0.000168,5.109204,-0.394830
2022-11-21,,2.1300,2.1650,22.3600,55.1935,281.890000,308.038550,0.087635,-0.060065,1,0,1,0,1,3,1,2,0.0000,0.0000,0,-0.030220,0.00016860,0.000169,5.110066,-0.394728
2022-11-22,,2.0800,2.1650,21.2900,57.8411,285.950000,307.692650,0.087209,-0.074731,1,0,1,0,1,3,1,3,0.0000,0.0000,0,0.042021,0.00017127,0.000171,5.110941,-0.394625
2022-11-23,,2.0700,2.1650,20.3500,60.8961,288.820000,307.341150,0.087632,-0.068036,1,0,1,0,1,3,1,3,0.0000,0.0000,0,0.029905,0.00017089,0.000171,5.111814,-0.394521
2022-11-25,,2.0200,2.1650,20.5000,62.7291,286.920000,306.942100,0.088161,-0.063829,1,0,1,0,1,3,1,3,0.0000,0.0000,0,-0.020678,0.00017089,0.000171,5.112688,-0.394418
2022-11-28,,2.0600,2.1650,22.2100,57.4338,282.710000,306.563500,0.088669,-0.067670,1,0,1,0,1,3,1,3,0.0000,0.0000,0,-0.044025,0.00017127,0.000171,5.113564,-0.394314
2022-11-29,,2.0500,2.1650,21.8900,57.8411,280.570000,306.231050,0.088164,-0.073441,1,0,1,0,1,3,1,3,0.0000,0.0000,0,-0.023966,0.00017127,0.000171,5.114439,-0.394210
2022-11-30,,2.0600,2.1650,20.5800,65.3768,293.360000,305.960400,0.087605,-0.088226,1,0,1,0,1,3,1,3,0.0000,0.0000,0,0.134328,0.00017013,0.000170,5.115309,-0.394107
2022-12-01,,2.1500,2.1650,19.8400,65.1731,293.720000,305.648350,0.087596,-0.098813,1,1,1,0,1,4,3,3,0.0000,0.0000,0,0.005518,0.00016974,0.000170,5.116178,-0.394004
2022-12-02,,2.0900,2.1650,19.0600,64.1548,292.550000,305.330900,0.087280,-0.094680,1,1,1,0,1,4,3,4,1.0000,1.0000,1,-0.011819,0.00016822,0.042961,5.335973,-0.367970
2022-12-05,,2.0300,2.1650,20.7500,58.0448,287.640000,305.041850,0.088378,-0.069991,1,0,1,0,1,3,1,4,1.0000,1.0000,0,-0.050406,0.00016860,-0.050406,5.067009,-0.399828
2022-12-06,,1.9900,2.1650,22.1700,56.6191,281.680000,304.742700,0.090229,-0.048540,1,0,1,0,1,3,1,3,0.0000,0.0000,1,-0.063428,0.00016936,-0.002449,5.054601,-0.401298
2022-12-07,,1.9700,2.1650,22.6800,55.3971,280.530000,304.454950,0.089963,-0.069853,1,0,1,0,1,3,1,3,0.0000,0.0000,0,-0.012008,0.00016974,0.000170,5.055459,-0.401196
2022-12-08,,1.9500,2.1650,22.2900,57.0265,283.850000,304.227100,0.089845,-0.075380,1,0,1,0,1,3,1,3,0.0000,0.0000,0,0.035489,0.00016670,0.000167,5.056302,-0.401096
2022-12-09,,1.9100,2.1650,22.8300,55.8045,282.040000,303.934850,0.090050,-0.060542,1,0,1,0,1,3,1,3,0.0000,0.0000,0,-0.019249,0.00016632,0.000166,5.057143,-0.400997
2022-12-12,,1.9000,2.1650,25.0000,59.6741,285.580000,303.633900,0.090801,-0.061854,1,0,1,0,1,3,1,3,0.0000,0.0000,0,0.036381,0.00016746,0.000167,5.057990,-0.400896
2022-12-13,,1.8800,2.1650,22.5500,63.3401,288.650000,303.343150,0.090392,-0.065088,1,0,1,0,1,3,1,3,0.0000,0.0000,0,0.031409,0.00017013,0.000170,5.058850,-0.400795
2022-12-14,,1.9100,2.1650,21.1400,59.8778,286.510000,303.068250,0.090861,-0.057324,1,0,1,0,1,3,1,3,0.0000,0.0000,0,-0.023735,0.00016898,0.000169,5.059705,-0.400693
2022-12-15,,1.9500,2.1650,22.8300,52.9532,276.890000,302.716600,0.092010,-0.048354,1,0,1,0,1,3,1,3,0.0000,0.0000,0,-0.099083,0.00016822,0.000168,5.060556,-0.400592
2022-12-16,,1.9700,2.1650,22.6200,49.2872,274.250000,302.376550,0.091946,-0.042339,1,0,0,0,1,2,-1,3,0.0000,0.0000,0,-0.029532,0.00016860,0.000169,5.061409,-0.400491
2022-12-19,,1.9800,2.1650,22.4200,46.4358,269.750000,302.038800,0.091614,-0.062486,1,0,0,0,1,2,-1,2,0.0000,0.0000,0,-0.041448,0.00016746,0.000167,5.062257,-0.400391
2022-12-20,,1.9800,2.1650,21.4800,46.8432,269.540000,301.762200,0.091515,-0.049976,1,0,0,0,1,2,-1,2,0.0000,0.0000,0,-0.004379,0.00016974,0.000170,5.063116,-0.400289
2022-12-21,,1.9900,2.1650,20.0700,49.6945,273.450000,301.512700,0.091422,-0.037174,1,0,0,0,1,2,-1,2,0.0000,0.0000,0,0.043430,0.00016898,0.000169,5.063972,-0.400188
2022-12-22,,2.0100,2.1650,21.9700,47.2505,266.760000,301.171550,0.092181,-0.018879,1,0,0,0,1,2,-1,2,0.0000,0.0000,0,-0.075869,0.00016822,0.000168,5.064824,-0.400087
2022-12-23,,1.9900,2.1650,20.8700,49.4908,267.360000,300.852000,0.092594,0.006068,1,0,0,0,0,1,-3,2,0.0000,0.0000,0,0.002851,0.00016898,0.000169,5.065680,-0.399986
2022-12-27,,2.0000,2.1650,21.6500,51.3238,263.580000,300.547900,0.093537,0.021338,1,0,1,0,0,2,-1,1,0.0000,0.0000,0,-0.042638,0.00016860,0.000169,5.066534,-0.399884
2022-12-28,,2.0200,2.1650,22.1400,46.4358,260.100000,300.257550,0.093811,0.020637,1,0,0,0,0,1,-3,2,0.0000,0.0000,0,-0.040380,0.00017317,0.000173,5.067411,-0.399781
2022-12-29,,2.0100,2.1650,21.4400,51.3238,266.440000,299.949000,0.092818,0.019220,1,0,1,0,0,2,-1,1,0.0000,0.0000,0,0.070545,0.00017317,0.000173,5.068289,-0.399677
2022-12-30,,2.0100,2.1650,21.6700,49.2872,266.280000,299.578800,0.092174,0.032920,1,0,0,0,0,1,-3,2,0.0000,0.0000,0,0.000000,0.00017279,0.000173,5.069164,-0.399573
2023-01-03,,1.9900,2.1650,22.9000,49.4908,264.480000,299.179000,0.092563,0.062365,1,0,0,0,0,1,-3,1,0.0000,0.0000,0,-0.022543,0.00017165,0.000172,5.070034,-0.399470
2023-01-04,,2.0300,2.1650,22.0100,52.3422,265.740000,298.750250,0.092688,0.057945,1,0,1,0,0,2,-1,1,0.0000,0.0000,0,0.015376,0.00017582,0.000176,5.070926,-0.399364
2023-01-05,,2.0700,2.1650,22.4600,49.2872,261.580000,298.307750,0.091729,0.035939,1,0,0,0,0,1,-3,2,0.0000,0.0000,0,-0.047175,0.00017658,0.000177,5.071821,-0.399258
2023-01-06,,2.0300,2.1650,21.1300,55.1935,268.800000,297.866950,0.091476,0.030840,1,0,1,0,0,2,-1,1,0.0000,0.0000,0,0.078240,0.00018076,0.000181,5.072738,-0.399150
2023-01-09,,2.0700,2.1650,21.9700,55.6008,270.540000,297.460500,0.092147,0.074115,1,0,1,0,0,2,-1,2,0.0000,0.0000,0,0.020975,0.00018114,0.000181,5.073657,-0.399041
2023-01-10,,2.0200,2.1650,20.5800,57.8411,272.830000,297.026400,0.091531,0.066595,1,0,1,0,0,2,-1,2,0.0000,0.0000,0,0.026652,0.00018227,0.000182,5.074582,-0.398931
2023-01-11,,2.0200,2.1650,21.0900,62.1181,277.550000,296.617400,0.091121,0.053827,1,0,1,0,0,2,-1,2,0.0000,0.0000,0,0.049757,0.00018341,0.000183,5.075512,-0.398821
2023-01-12,,1.9900,2.1650,18.8300,63.3401,279.050000,296.188100,0.090173,0.046124,1,1,1,0,0,3,1,2,0.0000,0.0000,0,0.015456,0.00018303,0.000183,5.076441,-0.398711
2023-01-13,,1.9700,2.1650,18.3500,63.9511,280.970000,295.737000,0.089498,0.030261,1,1,1,0,0,3,1,3,0.0000,0.0000,0,0.019787,0.00018076,0.000181,5.077359,-0.398602
2023-01-17,,1.9500,2.1650,19.3600,63.3401,281.540000,295.309250,0.089537,0.037553,1,1,1,0,0,3,1,3,0.0000,0.0000,0,0.005473,0.00018114,0.000181,5.078279,-0.398493
2023-01-18,,1.9100,2.1650,20.3400,57.4338,277.880000,294.885950,0.088789,0.047032,1,0,1,0,0,2,-1,3,0.0000,0.0000,0,-0.037110,0.00018265,0.000183,5.079206,-0.398383
2023-01-19,,1.9600,2.1650,20.5200,53.9715,275.150000,294.452450,0.088540,0.048693,1,0,1,0,0,2,-1,2,0.0000,0.0000,0,-0.031346,0.00018190,0.000182,5.080130,-0.398274
2023-01-20,,1.9900,2.1650,19.8500,59.6741,282.680000,294.019350,0.087438,0.039533,1,1,1,0,0,3,1,2,0.0000,0.0000,0,0.081698,0.00018265,0.000183,5.081058,-0.398164
2023-01-23,,1.9800,2.1650,19.8100,63.9511,288.960000,293.658650,0.086426,0.022608,1,1,1,0,0,3,1,3,0.0000,0.0000,0,0.065718,0.00018303,0.000183,5.081988,-0.398054
2023-01-24,,1.9600,2.1650,19.2000,63.9511,288.370000,293.334200,0.086957,0.021700,1,1,1,0,0,3,1,3,0.0000,0.0000,0,-0.005983,0.00018341,0.000183,5.082920,-0.397944
2023-01-25,,1.9400,2.1650,19.0800,64.3585,287.730000,293.002350,0.085750,-0.007121,1,1,1,0,1,4,3,3,0.0000,0.0000,0,-0.007407,0.00018303,0.000183,5.083850,-0.397833
2023-01-26,,1.9600,2.1650,18.7300,66.1914,293.340000,292.723300,0.085102,-0.018480,1,1,1,1,1,5,5,4,1.0000,1.0000,1,0.057836,0.00018303,0.020685,5.189008,-0.385378
2023-01-27,,1.9100,2.1650,18.5100,67.6171,296.260000,292.500150,0.084907,-0.018817,1,1,1,1,1,5,5,5,1.0000,1.0000,0,0.028660,0.00018265,0.028660,5.337723,-0.367763
2023-01-30,,1.8800,2.1650,19.9400,64.7658,290.270000,292.254250,0.085599,-0.018821,1,1,1,0,1,4,3,5,1.0000,1.0000,0,-0.060009,0.00018341,-0.060009,5.017414,-0.405703
2023-01-31,,1.8700,2.1650,19.4000,69.4501,294.620000,291.995600,0.084986,-0.043654,1,1,1,1,1,5,5,4,1.0000,1.0000,0,0.044688,0.00018303,0.044688,5.241631,-0.379145
2023-02-01,,1.9000,2.1650,17.8700,71.8941,300.920000,291.808050,0.084238,-0.069305,1,1,1,1,1,5,5,5,1.0000,1.0000,0,0.064601,0.00018227,0.064601,5.580243,-0.339037
2023-02-02,,1.9100,2.1650,18.7300,77.1894,311.720000,291.673200,0.083209,-0.073591,1,1,1,1,1,5,5,5,1.0000,1.0000,0,0.103321,0.00018076,0.103321,6.156800,-0.270746
2023-02-03,,1.8800,2.1650,18.3300,72.0978,306.180000,291.472800,0.082345,-0.053364,1,1,1,1,1,5,5,5,1.0000,1.0000,0,-0.051654,0.00018076,-0.051654,5.838778,-0.308414
2023-02-06,,1.8300,2.1650,19.4300,69.8574,303.590000,291.284700,0.083559,-0.039354,1,1,1,1,1,5,5,5,1.0000,1.0000,0,-0.025470,0.00018227,-0.025470,5.690063,-0.326029
2023-02-07,,1.7700,2.1650,18.6600,72.7088,309.880000,291.163350,0.082444,-0.068531,1,1,1,1,1,5,5,5,1.0000,1.0000,0,0.061922,0.00018265,0.061922,6.042404,-0.284296
2023-02-08,,1.7800,2.1650,19.6300,69.6538,304.370000,291.058200,0.081955,-0.062804,1,1,1,1,1,5,5,5,1.0000,1.0000,0,-0.053768,0.00018265,-0.053768,5.717519,-0.322777
2023-02-09,,1.8300,2.1650,20.7100,66.3951,301.680000,290.918700,0.081542,-0.046354,1,0,1,1,1,4,3,5,1.0000,1.0000,0,-0.026811,0.00018303,-0.026811,5.564228,-0.340934
2023-02-10,,1.8400,2.1650,20.5300,69.4501,299.700000,290.831500,0.082970,-0.026158,1,0,1,1,1,4,3,4,1.0000,1.0000,0,-0.020559,0.00018493,-0.020559,5.449832,-0.354484
2023-02-13,,1.8500,2.1650,20.3400,70.6721,304.500000,290.770200,0.082504,-0.034368,1,0,1,1,1,4,3,4,1.0000,1.0000,0,0.047439,0.00018568,0.047439,5.708367,-0.323861
2023-02-14,,1.8400,2.1650,18.9100,71.2831,306.750000,290.663900,0.082190,-0.054982,1,1,1,1,1,5,5,4,1.0000,1.0000,0,0.021643,0.00018644,0.021643,5.831915,-0.309227
2023-02-15,,1.8100,2.1650,18.2300,72.0978,309.100000,290.643150,0.082456,-0.037463,1,1,1,1,1,5,5,5,1.0000,1.0000,0,0.022362,0.00018606,0.022362,5.962326,-0.293781
2023-02-16,,1.8200,2.1650,20.1700,68.8391,303.300000,290.567250,0.082970,-0.046909,1,0,1,1,1,4,3,5,1.0000,1.0000,0,-0.057176,0.00018568,-0.057176,5.621426,-0.334159
2023-02-17,,1.8400,2.1650,20.0200,68.6354,301.160000,290.478950,0.084074,-0.041942,1,0,1,1,1,4,3,4,1.0000,1.0000,0,-0.021571,0.00018758,-0.021571,5.500166,-0.348522
2023-02-21,,1.8900,2.1650,22.8700,62.9328,294.030000,290.301100,0.084192,-0.034534,1,0,1,1,1,4,3,4,1.0000,1.0000,0,-0.070300,0.00018758,-0.070300,5.113507,-0.394321
2023-02-22,,1.8700,2.1650,22.2900,62.9328,294.250000,290.207350,0.083982,-0.041259,1,0,1,1,1,4,3,4,1.0000,1.0000,0,0.000895,0.00018833,0.000895,5.118083,-0.393779
2023-02-23,,1.8500,2.1650,21.1400,63.7475,296.820000,290.145200,0.083100,-0.057169,1,0,1,1,1,4,3,4,1.0000,1.0000,0,0.025034,0.00018758,0.025034,5.246207,-0.378603
2023-02-24,,1.8600,2.1650,21.6700,59.2668,291.850000,290.118700,0.084023,-0.052462,1,0,1,1,1,4,3,4,1.0000,1.0000,0,-0.050589,0.00018758,-0.050589,4.980807,-0.410038
2023-02-27,,1.8600,2.1650,20.9500,59.4705,293.940000,290.084600,0.083172,-0.056978,1,0,1,1,1,4,3,4,1.0000,1.0000,0,0.021589,0.00018833,0.021589,5.088340,-0.397302
2023-02-28,,1.8700,2.1600,20.7000,57.8411,293.560000,290.093200,0.082017,-0.062006,1,0,1,1,1,4,3,4,1.0000,1.0000,0,-0.004946,0.00018947,-0.004946,5.063173,-0.400283
2023-03-01,,1.9000,2.1550,20.5800,55.1935,291.200000,290.093450,0.080977,-0.073218,1,0,1,1,1,4,3,4,1.0000,1.0000,0,-0.024401,0.00018909,-0.024401,4.939625,-0.414916
2023-03-02,,1.8400,2.1500,19.5900,58.0448,293.610000,290.051800,0.081873,-0.060559,1,1,1,1,1,5,5,4,1.0000,1.0000,0,0.024085,0.00018985,0.024085,5.058597,-0.400825
2023-03-03,,1.8200,2.1500,18.4900,62.1181,299.680000,290.058000,0.081954,-0.073525,1,1,1,1,1,5,5,5,1.0000,1.0000,0,0.061058,0.00019023,0.061058,5.367466,-0.364240
2023-03-06,,1.7900,2.1450,18.6100,62.1181,300.020000,290.027250,0.082293,-0.090335,1,1,1,1,1,5,5,5,1.0000,1.0000,0,0.004263,0.00019023,0.004263,5.390346,-0.361530
2023-03-07,,1.7900,2.1350,19.5900,55.8045,296.340000,290.053250,0.082206,-0.087354,1,1,1,1,1,5,5,5,1.0000,1.0000,0,-0.037351,0.00019098,-0.037351,5.189008,-0.385378
2023-03-08,,1.7900,2.1300,19.1100,56.4155,297.820000,290.094450,0.082698,-0.080078,1,1,1,1,1,5,5,5,1.0000,1.0000,0,0.013668,0.00019514,0.013668,5.259934,-0.376977
2023-03-09,,1.7900,2.1300,22.6100,49.4908,292.660000,290.114350,0.083576,-0.071583,1,0,0,1,1,3,1,5,1.0000,1.0000,0,-0.052632,0.00019590,-0.052632,4.983095,-0.409767
2023-03-10,,1.8500,2.1300,24.8000,43.3809,288.550000,290.089700,0.083465,-0.078149,1,0,0,0,1,2,-1,3,0.0000,0.0000,1,-0.041322,0.00019552,0.001636,4.991249,-0.408802
2023-03-13,,1.9600,2.1300,26.5200,41.1405,290.690000,290.106950,0.084869,-0.058582,1,0,0,1,1,3,1,2,0.0000,0.0000,0,0.021552,0.00019401,0.000194,4.992217,-0.408687
2023-03-14,,2.1400,2.1300,23.7300,45.0102,297.370000,290.137500,0.084586,-0.067735,0,0,0,1,1,2,-1,3,0.0000,0.0000,0,0.067979,0.00018871,0.000189,4.993159,-0.408575
2023-03-15,,2.1100,2.1250,26.1400,40.3259,298.930000,290.135500,0.086275,-0.062282,1,0,0,1,1,3,1,2,0.0000,0.0000,0,0.014486,0.00018909,0.000189,4.994103,-0.408464
2023-03-16,,2.2200,2.1250,22.9900,45.4175,306.810000,290.124050,0.085355,-0.074080,0,0,0,1,1,2,-1,3,0.0000,0.0000,0,0.079186,0.00018417,0.000184,4.995023,-0.408355
2023-03-17,,2.1600,2.1250,25.5100,40.5295,305.360000,290.109450,0.085861,-0.064437,0,0,0,1,1,2,-1,2,0.0000,0.0000,0,-0.014836,0.00018379,0.000184,4.995941,-0.408246
2023-03-20,,2.2100,2.1250,24.1500,44.6029,305.970000,290.109300,0.085082,-0.072735,0,0,0,1,1,2,-1,2,0.0000,0.0000,0,0.010582,0.00017544,0.000175,4.996818,-0.408142
2023-03-21,,2.1900,2.1250,21.3800,48.8798,310.340000,290.089100,0.082287,-0.103207,0,0,0,1,1,2,-1,2,0.0000,0.0000,0,0.042288,0.00018644,0.000186,4.997749,-0.408032
2023-03-22,,2.1100,2.1200,22.2600,42.7699,306.120000,290.088700,0.082069,-0.112977,1,0,0,1,1,3,1,2,0.0000,0.0000,0,-0.046368,0.00018531,0.000185,4.998675,-0.407922
2023-03-23,,2.1600,2.1250,22.6100,41.5479,309.750000,290.101350,0.081008,-0.128473,0,0,0,1,1,2,-1,3,0.0000,0.0000,0,0.035656,0.00018568,0.000186,4.999603,-0.407812
2023-03-24,,2.2600,2.1300,21.7400,42.7699,310.890000,290.106450,0.082994,-0.116952,0,0,0,1,1,2,-1,2,0.0000,0.0000,0,0.010172,0.00018341,0.000183,5.000520,-0.407704
2023-03-27,,2.2400,2.1300,20.6000,45.6212,308.760000,290.112050,0.082940,-0.121983,0,0,0,1,1,2,-1,2,0.0000,0.0000,0,-0.020527,0.00018379,0.000184,5.001440,-0.407595
2023-03-28,,2.1900,2.1300,19.9700,46.2322,307.120000,290.150650,0.083354,-0.105189,0,1,0,1,1,3,1,2,0.0000,0.0000,0,-0.016607,0.00019023,0.000190,5.002391,-0.407482
2023-03-29,,2.1900,2.1300,19.1200,51.7312,312.720000,290.270050,0.083356,-0.100395,0,1,1,1,1,4,3,3,0.0000,0.0000,0,0.054684,0.00018606,0.000186,5.003322,-0.407372
2023-03-30,,2.1500,2.1350,19.0200,54.1752,315.680000,290.471400,0.083230,-0.106889,0,1,1,1,1,4,3,4,1.0000,1.0000,1,0.027068,0.00018606,0.004460,5.025638,-0.404728
2023-03-31,,2.1100,2.1350,18.7000,57.8411,320.930000,290.696500,0.082672,-0.115282,1,1,1,1,1,5,5,4,1.0000,1.0000,0,0.048998,0.00019250,0.048998,5.271883,-0.375561
2023-04-03,,2.1100,2.1350,18.5500,58.8595,320.150000,290.883250,0.081798,-0.117266,1,1,1,1,1,5,5,5,1.0000,1.0000,0,-0.007077,0.00018796,-0.007077,5.234573,-0.379981
2023-04-04,,2.1100,2.1350,19.0000,55.3971,319.070000,291.121650,0.082671,-0.101366,1,1,1,1,1,5,5,5,1.0000,1.0000,0,-0.009979,0.00018985,-0.009979,5.182339,-0.386168
2023-04-05,,2.1000,2.1350,19.0800,56.4155,315.920000,291.327800,0.085034,-0.081113,1,1,1,1,1,5,5,5,1.0000,1.0000,0,-0.032037,0.00018909,-0.032037,5.016310,-0.405833
2023-04-06,,2.1400,2.1400,18.4000,56.2118,318.050000,291.512650,0.085303,-0.071283,1,1,1,1,1,5,5,5,1.0000,1.0000,0,0.020082,0.00018833,0.020082,5.117047,-0.393901
2023-04-10,,2.1100,2.1400,18.9700,58.0448,317.870000,291.698650,0.085044,-0.069059,1,1,1,1,1,5,5,5,1.0000,1.0000,0,-0.002187,0.00019023,-0.002187,5.105854,-0.395227
2023-04-11,,2.0900,2.1400,19.1000,60.6925,315.830000,291.853550,0.085095,-0.058126,1,1,1,1,1,5,5,5,1.0000,1.0000,0,-0.019364,0.00019665,-0.019364,5.006983,-0.406938
2023-04-12,,2.0500,2.1400,19.0900,59.6741,313.040000,291.945700,0.085357,-0.047377,1,1,1,1,1,5,5,5,1.0000,1.0000,0,-0.026453,0.00019514,-0.026453,4.874533,-0.422626
2023-04-13,,2.0800,2.1400,17.8000,62.1181,319.170000,292.079300,0.084250,-0.061371,1,1,1,1,1,5,5,5,1.0000,1.0000,0,0.057405,0.00019439,0.057405,5.154357,-0.389482
2023-04-14,,2.0700,2.1400,17.0700,59.0631,318.570000,292.254450,0.083511,-0.062627,1,1,1,1,1,5,5,5,1.0000,1.0000,0,-0.005791,0.00019741,-0.005791,5.124509,-0.393017
2023-04-17,,2.0500,2.1400,16.9500,60.8961,318.840000,292.429650,0.083672,-0.058560,1,1,1,1,1,5,5,5,1.0000,1.0000,0,0.001092,0.00019892,0.001092,5.130105,-0.392355
2023-04-18,,2.0200,2.1400,16.8300,61.5071,318.860000,292.622550,0.083182,-0.050924,1,1,1,1,1,5,5,5,1.0000,1.0000,0,0.000727,0.00020156,0.000727,5.133836,-0.391913
2023-04-19,,2.0100,2.1400,16.4600,61.3035,318.710000,292.805450,0.083836,-0.030978,1,1,1,1,1,5,5,5,1.0000,1.0000,0,-0.002180,0.00020118,-0.002180,5.122643,-0.393238
2023-04-20,,2.0100,2.1400,17.1700,60.4888,316.280000,292.952050,0.084272,-0.031772,1,1,1,1,1,5,5,5,1.0000,1.0000,0,-0.023307,0.00019967,-0.023307,5.003252,-0.407380
2023-04-21,,2.0500,2.1400,16.7700,59.0631,316.610000,293.091100,0.084449,-0.015617,1,1,1,1,1,5,5,5,1.0000,1.0000,0,0.001864,0.00019816,0.001864,5.012579,-0.406275
2023-04-24,,2.0400,2.1400,16.8900,58.8595,315.950000,293.195950,0.084785,-0.003792,1,1,1,1,1,5,5,5,1.0000,1.0000,0,-0.005955,0.00019892,-0.005955,4.982731,-0.409811
2023-04-25,,2.0400,2.1400,18.7600,53.1568,309.990000,293.269150,0.086067,0.013675,1,1,1,1,0,4,3,5,1.0000,1.0000,0,-0.056533,0.00020118,-0.056533,4.701042,-0.443176
2023-04-26,,2.0900,2.1400,18.8400,48.6762,311.870000,293.383300,0.084405,-0.014077,1,1,0,1,1,4,3,4,1.0000,1.0000,0,0.016667,0.00019816,0.016667,4.779393,-0.433895
2023-04-27,,2.1100,2.1400,17.0300,53.1568,320.350000,293.553850,0.083752,-0.014733,1,1,1,1,1,5,5,4,1.0000,1.0000,0,0.080796,0.00019967,0.080796,5.165550,-0.388156
2023-04-28,,2.0700,2.1400,15.7800,57.8411,322.560000,293.738400,0.082923,-0.015811,1,1,1,1,1,5,5,5,1.0000,1.0000,0,0.020224,0.00020043,0.020224,5.270017,-0.375782
2023-05-01,,2.0800,2.1400,16.0800,56.0081,322.190000,293.916000,0.083151,-0.000701,1,1,1,1,1,5,5,5,1.0000,1.0000,0,-0.002832,0.00019741,-0.002832,5.255093,-0.377550
2023-05-02,,2.0600,2.1400,17.7800,50.7128,319.380000,294.053550,0.083074,0.008816,1,1,1,1,0,4,3,5,1.0000,1.0000,0,-0.026624,0.00020382,-0.026624,5.115181,-0.394122
2023-05-03,,2.1600,2.1450,18.3400,47.4542,317.290000,294.193000,0.083415,-0.001716,0,1,0,1,1,3,1,4,1.0000,1.0000,0,-0.019694,0.00020269,-0.019694,5.014445,-0.406054
2023-05-04,,2.2000,2.1500,20.0900,47.8615,316.170000,294.282350,0.084652,0.026129,0,0,0,1,0,1,-3,3,0.0000,0.0000,1,-0.011161,0.00020345,-0.003919,4.994791,-0.408382
2023-05-05,,2.2400,2.1500,17.1900,51.1202,322.890000,294.381650,0.083646,0.020732,0,1,1,1,0,3,1,1,0.0000,0.0000,0,0.061324,0.00020345,0.000203,4.995807,-0.408262
2023-05-08,,2.2000,2.1500,16.9800,50.9165,323.690000,294.463200,0.083370,0.022723,0,1,1,1,0,3,1,3,0.0000,0.0000,0,0.008153,0.00020345,0.000203,4.996823,-0.408141
2023-05-09,,2.2000,2.1550,17.7100,50.5092,321.640000,294.561450,0.083627,0.007982,0,1,1,1,0,3,1,3,0.0000,0.0000,0,-0.019339,0.00020533,0.000205,4.997849,-0.408020
2023-05-10,,2.2100,2.1600,16.9400,50.9165,325.140000,294.685800,0.084001,0.018155,0,1,1,1,0,3,1,3,0.0000,0.0000,0,0.032270,0.00020458,0.000205,4.998872,-0.407899
2023-05-11,,2.2600,2.1600,16.9300,48.4725,326.200000,294.844950,0.083287,0.013325,0,1,0,1,0,2,-1,3,0.0000,0.0000,0,0.008336,0.00020269,0.000203,4.999885,-0.407779
2023-05-12,,2.2500,2.1600,17.0300,49.4908,325.030000,294.936050,0.083858,0.016905,0,1,0,1,0,2,-1,2,0.0000,0.0000,0,-0.010334,0.00020118,0.000201,5.000891,-0.407660
2023-05-15,,2.2100,2.1600,17.1200,49.6945,326.790000,295.020950,0.082516,-0.005534,0,1,0,1,1,3,1,2,0.0000,0.0000,0,0.015315,0.00020307,0.000203,5.001906,-0.407539
2023-05-16,,2.2700,2.1600,17.9900,45.6212,327.160000,295.079450,0.081231,-0.034065,0,1,0,1,1,3,1,3,0.0000,0.0000,0,0.003771,0.00020156,0.000202,5.002914,-0.407420
2023-05-17,,2.2800,2.1600,16.8700,48.2688,331.120000,295.158700,0.079968,-0.052198,0,1,0,1,1,3,1,3,0.0000,0.0000,0,0.035861,0.00020232,0.000202,5.003927,-0.407300
2023-05-18,,2.2600,2.1600,16.0500,52.3422,337.270000,295.273400,0.078966,-0.062820,0,1,1,1,1,4,3,3,0.0000,0.0000,0,0.053742,0.00020345,0.000203,5.004945,-0.407179
2023-05-19,,2.2000,2.1600,16.8100,51.3238,336.510000,295.341500,0.078962,-0.052034,0,1,1,1,1,4,3,4,1.0000,1.0000,1,-0.006884,0.00020533,-0.009049,4.959656,-0.412544
2023-05-22,,2.1800,2.1600,17.2100,51.9348,337.640000,295.407700,0.078954,-0.063743,0,1,1,1,1,4,3,4,1.0000,1.0000,0,0.010397,0.00020458,0.010397,5.011222,-0.406436
2023-05-23,,2.1900,2.1600,18.5300,48.2688,333.360000,295.465750,0.079572,-0.045063,0,1,0,1,1,3,1,4,1.0000,1.0000,0,-0.038665,0.00020872,-0.038665,4.817461,-0.429386
2023-05-24,,2.1900,2.1600,20.0300,44.3992,331.650000,295.520450,0.079630,-0.030194,0,0,0,1,1,2,-1,3,0.0000,0.0000,1,-0.016218,0.00020646,-0.018360,4.729010,-0.439863
2023-05-25,,2.1800,2.1600,19.1400,41.7515,339.720000,295.633650,0.077885,-0.040114,0,1,0,1,1,3,1,2,0.0000,0.0000,0,0.072206,0.00020759,0.000208,4.729991,-0.439747
2023-05-26,,2.1000,2.1550,17.9500,45.6212,348.400000,295.746000,0.076889,-0.064274,1,1,0,1,1,4,3,3,0.0000,0.0000,0,0.075646,0.00020797,0.000208,4.730975,-0.439630
2023-05-30,,2.1000,2.1500,17.4600,44.6029,349.980000,295.875500,0.076562,-0.068391,1,1,0,1,1,4,3,4,1.0000,1.0000,1,0.014008,0.00020646,-0.023128,4.621558,-0.452591
2023-05-31,,2.1400,2.1500,17.9400,42.7699,347.990000,295.963500,0.077695,-0.057716,1,1,0,1,1,4,3,4,1.0000,1.0000,0,-0.020299,0.00021437,-0.020299,4.527745,-0.463702
2023-06-01,,2.1600,2.1500,15.6500,45.2138,352.010000,296.058250,0.076395,-0.074861,0,1,0,1,1,3,1,4,1.0000,1.0000,0,0.036259,0.00021324,0.036259,4.691917,-0.444257
2023-06-02,,2.1500,2.1500,14.6000,54.5825,354.650000,296.170100,0.076089,-0.085731,1,1,1,1,1,5,5,3,0.0000,0.0000,1,0.022494,0.00021249,0.015070,4.762626,-0.435881
2023-06-05,,2.1100,2.1500,14.7300,52.3422,354.900000,296.302150,0.076598,-0.091071,1,1,1,1,1,5,5,5,1.0000,1.0000,1,0.002173,0.00021249,0.003821,4.780824,-0.433726
2023-06-06,,2.1000,2.1500,13.9600,53.9715,354.840000,296.429950,0.076373,-0.094242,1,1,1,1,1,5,5,5,1.0000,1.0000,0,-0.001084,0.00021098,-0.001084,4.775642,-0.434340
2023-06-07,,2.0800,2.1500,13.9400,56.8228,348.820000,296.559750,0.077939,-0.090376,1,1,1,1,1,5,5,5,1.0000,1.0000,0,-0.051004,0.00021023,-0.051004,4.532066,-0.463191
2023-06-08,,2.0600,2.1500,13.6500,58.0448,353.150000,296.753700,0.077809,-0.087778,1,1,1,1,1,5,5,5,1.0000,1.0000,0,0.034305,0.00020948,0.034305,4.687540,-0.444775
2023-06-09,,2.0700,2.1500,13.8300,56.8228,354.500000,296.955700,0.077216,-0.115959,1,1,1,1,1,5,5,5,1.0000,1.0000,0,0.012161,0.00020797,0.012161,4.744547,-0.438023
2023-06-12,,2.0500,2.1500,15.0100,57.6375,360.490000,297.183100,0.076383,-0.115115,1,1,1,1,1,5,5,5,1.0000,1.0000,0,0.051065,0.00020759,0.051065,4.986827,-0.409325
2023-06-13,,2.1000,2.1500,14.6100,60.2851,363.260000,297.396500,0.075871,-0.130271,1,1,1,1,1,5,5,5,1.0000,1.0000,0,0.022343,0.00020872,0.022343,5.098250,-0.396128
2023-06-14,,2.0000,2.1500,13.8800,59.4705,365.900000,297.688800,0.075735,-0.121968,1,1,1,1,1,5,5,5,1.0000,1.0000,0,0.021347,0.00020722,0.021347,5.207082,-0.383237
2023-06-15,,1.9400,2.1500,14.5000,64.5621,370.260000,298.018050,0.075621,-0.089874,1,1,1,1,1,5,5,5,1.0000,1.0000,0,0.035083,0.00020722,0.035083,5.389764,-0.361599
2023-06-16,,2.0200,2.1500,13.5400,64.9695,367.930000,298.352600,0.076571,-0.075076,1,1,1,1,1,5,5,5,1.0000,1.0000,0,-0.019231,0.00020609,-0.019231,5.286115,-0.373876
2023-06-20,,1.9600,2.1500,13.8800,60.4888,366.900000,298.690750,0.075461,-0.076144,1,1,1,1,1,5,5,5,1.0000,1.0000,0,-0.004902,0.00020646,-0.004902,5.260202,-0.376945
2023-06-21,,1.9500,2.1500,13.2000,61.3035,361.900000,299.003250,0.076459,-0.086544,1,1,1,1,1,5,5,5,1.0000,1.0000,0,-0.043103,0.00020835,-0.043103,5.033469,-0.403801
2023-06-22,,1.9600,2.1500,12.9100,59.4705,366.170000,299.358250,0.075600,-0.097439,1,1,1,1,1,5,5,5,1.0000,1.0000,0,0.033205,0.00020872,0.033205,5.200604,-0.384004
2023-06-23,,1.9400,2.1500,13.4400,56.8228,362.540000,299.705700,0.075056,-0.109021,1,1,1,1,1,5,5,5,1.0000,1.0000,0,-0.029646,0.00020872,-0.029646,5.046426,-0.402266
2023-06-26,,1.9600,2.1500,14.2500,59.6741,357.680000,299.999250,0.076106,-0.093504,1,1,1,1,1,5,5,5,1.0000,1.0000,0,-0.039538,0.00020910,-0.039538,4.846901,-0.425899
2023-06-27,,1.9800,2.1450,13.7400,63.5438,363.830000,300.315800,0.075303,-0.102901,1,1,1,1,1,5,5,5,1.0000,1.0000,0,0.049452,0.00021249,0.049452,5.086590,-0.397509
2023-06-28,,1.9400,2.1400,13.4300,61.9145,364.540000,300.603050,0.074154,-0.109828,1,1,1,1,1,5,5,5,1.0000,1.0000,0,0.006113,0.00021023,0.006113,5.117684,-0.393826
2023-06-29,,1.9600,2.1400,13.5400,63.7475,363.810000,300.868400,0.073863,-0.103425,1,1,1,1,1,5,5,5,1.0000,1.0000,0,-0.006835,0.00021023,-0.006835,5.082703,-0.397969
2023-06-30,,1.9200,2.1350,13.5900,66.5988,369.420000,301.247000,0.073813,-0.116212,1,1,1,1,1,5,5,5,1.0000,1.0000,0,0.045119,0.00021098,0.045119,5.312027,-0.370807
2023-07-03,,1.8800,2.1300,13.5700,69.6538,370.290000,301.618300,0.074281,-0.137692,1,1,1,1,1,5,5,5,1.0000,1.0000,0,0.006829,0.00020985,0.006829,5.348304,-0.366510
2023-07-05,,1.8500,2.1250,14.1800,66.8024,370.280000,302.014200,0.075238,-0.127780,1,1,1,1,1,5,5,5,1.0000,1.0000,0,-0.000727,0.00021023,-0.000727,5.344417,-0.366970
2023-07-06,,1.8300,2.1200,15.4400,64.9695,367.460000,302.404900,0.074910,-0.127905,1,1,1,1,1,5,5,5,1.0000,1.0000,0,-0.023515,0.00021023,-0.023515,5.218743,-0.381856
2023-07-07,,1.8000,2.1150,14.8300,65.7841,366.240000,302.780850,0.074553,-0.132605,1,1,1,1,1,5,5,5,1.0000,1.0000,0,-0.010179,0.00021098,-0.010179,5.165622,-0.388148
2023-07-10,,1.8100,2.1100,15.0700,68.0244,366.360000,303.169000,0.074046,-0.142783,1,1,1,1,1,5,5,5,1.0000,1.0000,0,0.000752,0.00021098,0.000752,5.169509,-0.387687
2023-07-11,,1.8600,2.1100,14.8400,70.6721,368.170000,303.592050,0.074493,-0.123939,1,1,1,1,1,5,5,5,1.0000,1.0000,0,0.014286,0.00021173,0.014286,5.243359,-0.378940
2023-07-12,,1.8400,2.1100,13.5400,72.0978,372.820000,304.055800,0.074974,-0.110542,1,1,1,1,1,5,5,5,1.0000,1.0000,0,0.037064,0.00021211,0.037064,5.437702,-0.355921
2023-07-13,,1.8800,2.1100,13.6100,73.3198,379.150000,304.574000,0.074640,-0.117233,1,1,1,1,1,5,5,5,1.0000,1.0000,0,0.049797,0.00021136,0.049797,5.708486,-0.323847
2023-07-14,,1.9100,2.1100,13.3400,71.0794,379.070000,305.097500,0.074397,-0.114561,1,1,1,1,1,5,5,5,1.0000,1.0000,0,-0.000908,0.00021136,-0.000908,5.703303,-0.324461
2023-07-17,,1.8700,2.1100,13.4800,69.6538,382.610000,305.638150,0.073285,-0.137004,1,1,1,1,1,5,5,5,1.0000,1.0000,0,0.027715,0.00021211,0.027715,5.861368,-0.305739
2023-07-18,,1.9000,2.1100,13.3000,71.2831,385.740000,306.167150,0.072183,-0.158184,1,1,1,1,1,5,5,5,1.0000,1.0000,0,0.023873,0.00021211,0.023873,6.001295,-0.289165
2023-07-19,,1.8900,2.1050,13.7600,73.7271,385.650000,306.736050,0.072759,-0.152868,1,1,1,1,1,5,5,5,1.0000,1.0000,0,0.000000,0.00021211,0.000000,6.001295,-0.289165
2023-07-20,,1.8700,2.1000,13.9900,75.9674,376.760000,307.283550,0.074583,-0.131864,1,1,1,1,1,5,5,5,1.0000,1.0000,0,-0.070164,0.00021211,-0.070164,5.580219,-0.339040
2023-07-21,,1.8500,2.1000,13.6000,77.8004,375.630000,307.794050,0.075700,-0.134125,1,1,1,1,1,5,5,5,1.0000,1.0000,0,-0.008823,0.00021211,-0.008823,5.530986,-0.344871
2023-07-24,,1.8500,2.1000,13.9100,77.3931,376.230000,308.264550,0.075165,-0.122964,1,1,1,1,1,5,5,5,1.0000,1.0000,0,0.003982,0.00021249,0.003982,5.553012,-0.342263
2023-07-25,,1.8400,2.1000,13.8600,76.3747,378.780000,308.748550,0.075092,-0.114182,1,1,1,1,1,5,5,5,1.0000,1.0000,0,0.020065,0.00021286,0.020065,5.664435,-0.329065
2023-07-26,,1.8100,2.0950,13.1900,77.1894,377.520000,309.237350,0.075081,-0.103568,1,1,1,1,1,5,5,5,1.0000,1.0000,0,-0.010293,0.00021286,-0.010293,5.606132,-0.335971
2023-07-27,,1.8300,2.0900,14.4100,73.3198,376.620000,309.774950,0.074245,-0.116640,1,1,1,1,1,5,5,5,1.0000,1.0000,0,-0.008551,0.00021286,-0.008551,5.558194,-0.341649
2023-07-28,,1.7800,2.0900,13.3300,73.9308,383.480000,310.360300,0.073361,-0.130033,1,1,1,1,1,5,5,5,1.0000,1.0000,0,0.054079,0.00021286,0.054079,5.858777,-0.306046
2023-07-31,,1.8000,2.0900,13.6300,75.3564,383.680000,310.964950,0.073254,-0.136670,1,1,1,1,1,5,5,5,1.0000,1.0000,0,0.001990,0.00021324,0.001990,5.870438,-0.304664
2023-08-01,,1.7700,2.0850,13.9300,71.8941,382.790000,311.565600,0.072566,-0.160865,1,1,1,1,1,5,5,5,1.0000,1.0000,0,-0.007725,0.00021437,-0.007725,5.825091,-0.310036
2023-08-02,,1.7700,2.0800,16.0900,71.4868,374.390000,312.093450,0.073590,-0.131153,1,1,1,1,1,5,5,5,1.0000,1.0000,0,-0.065391,0.00021399,-0.065391,5.444180,-0.355153
2023-08-03,,1.8200,2.0800,15.9200,68.8391,373.790000,312.658700,0.072119,-0.146749,1,1,1,1,1,5,5,5,1.0000,1.0000,0,-0.007139,0.00021361,-0.007139,5.405311,-0.359757
2023-08-04,,1.8400,2.0800,17.1000,66.3951,372.040000,313.172150,0.071608,-0.156280,1,1,1,1,1,5,5,5,1.0000,1.0000,0,-0.013902,0.00021399,-0.013902,5.330166,-0.368658
2023-08-07,,1.9000,2.0800,15.7700,68.6354,375.190000,313.690700,0.070977,-0.169270,1,1,1,1,1,5,5,5,1.0000,1.0000,0,0.024793,0.00021399,0.024793,5.462318,-0.353005
2023-08-08,,1.9000,2.0800,15.9900,65.5804,372.000000,314.198250,0.071621,-0.152512,1,1,1,1,1,5,5,5,1.0000,1.0000,0,-0.025617,0.00021474,-0.025617,5.322392,-0.369579
2023-08-09,,1.9300,2.0750,15.9600,66.3951,367.910000,314.692250,0.072260,-0.149778,1,1,1,1,1,5,5,5,1.0000,1.0000,0,-0.033350,0.00021512,-0.033350,5.144892,-0.390603
2023-08-10,,1.9200,2.0700,15.8500,65.7841,368.590000,315.158100,0.072010,-0.137464,1,1,1,1,1,5,5,5,1.0000,1.0000,0,0.004533,0.00021437,0.004533,5.168214,-0.387841
2023-08-11,,1.8900,2.0700,14.8400,65.9878,366.240000,315.597050,0.072445,-0.117497,1,1,1,1,1,5,5,5,1.0000,1.0000,0,-0.020055,0.00021399,-0.020055,5.064564,-0.400118
2023-08-14,,1.8700,2.0700,14.8200,64.5621,370.350000,316.027750,0.071478,-0.114571,1,1,1,1,1,5,5,5,1.0000,1.0000,0,0.033257,0.00021399,0.033257,5.232994,-0.380168
2023-08-15,,1.8400,2.0700,16.4600,60.6925,366.420000,316.470200,0.071146,-0.104617,1,1,1,1,1,5,5,5,1.0000,1.0000,0,-0.030701,0.00021474,-0.030701,5.072338,-0.399197
2023-08-16,,1.8600,2.0700,16.7800,58.6558,362.540000,316.918550,0.071991,-0.092718,1,1,1,1,1,5,5,5,1.0000,1.0000,0,-0.033206,0.00021474,-0.033206,4.903908,-0.419147
2023-08-17,,1.8400,2.0650,17.8900,56.6191,358.580000,317.305350,0.072383,-0.086699,1,1,1,1,1,5,5,5,1.0000,1.0000,0,-0.033818,0.00021474,-0.033818,4.738069,-0.438790
2023-08-18,,1.8700,2.0600,17.3000,57.4338,358.130000,317.706250,0.072726,-0.090689,1,1,1,1,1,5,5,5,1.0000,1.0000,0,-0.004649,0.00021474,-0.004649,4.716043,-0.441399
2023-08-21,,1.8900,2.0600,17.1300,56.4155,363.900000,318.150200,0.071801,-0.105072,1,1,1,1,1,5,5,5,1.0000,1.0000,0,0.048352,0.00021437,0.048352,4.944072,-0.414390
2023-08-22,,1.8800,2.0600,16.9700,54.9898,363.380000,318.638700,0.072201,-0.077111,1,1,1,1,1,5,5,5,1.0000,1.0000,0,-0.004455,0.00021512,-0.004455,4.922046,-0.416999
2023-08-23,,1.8200,2.0550,15.9800,56.2118,369.110000,319.181800,0.071688,-0.071349,1,1,1,1,1,5,5,5,1.0000,1.0000,0,0.047118,0.00021512,0.047118,5.153962,-0.389529
2023-08-24,,1.8300,2.0500,17.2000,54.1752,361.220000,319.664500,0.072272,-0.058264,1,1,1,1,1,5,5,5,1.0000,1.0000,0,-0.065862,0.00021512,-0.065862,4.814510,-0.429736
2023-08-25,,1.8000,2.0500,15.6800,55.6008,364.020000,320.146650,0.072312,-0.072959,1,1,1,1,1,5,5,5,1.0000,1.0000,0,0.023681,0.00021549,0.023681,4.928524,-0.416231
2023-08-28,,1.7600,2.0500,15.0800,56.6191,366.760000,320.632750,0.071845,-0.062520,1,1,1,1,1,5,5,5,1.0000,1.0000,0,0.022345,0.00021662,0.022345,5.038652,-0.403187
2023-08-29,3.8700,1.8200,2.0500,14.4500,59.6741,374.770000,321.190000,0.071088,-0.068984,1,1,1,1,1,5,5,5,1.0000,1.0000,0,0.063770,0.00021549,0.063770,5.359965,-0.365128
2023-08-30,3.8000,1.8400,2.0450,13.8800,59.8778,376.860000,321.660550,0.070475,-0.084410,1,1,1,1,1,5,5,5,1.0000,1.0000,0,0.016679,0.00021474,0.016679,5.449362,-0.354540
2023-08-31,3.8500,1.8200,2.0400,13.5700,60.0815,377.990000,322.110700,0.069901,-0.089160,1,1,1,1,1,5,5,5,1.0000,1.0000,0,0.009035,0.00021474,0.009035,5.498596,-0.348708
2023-09-01,3.8100,1.8300,2.0350,13.0900,60.4888,377.590000,322.571450,0.069416,-0.115669,1,1,1,1,1,5,5,5,1.0000,1.0000,0,-0.003534,0.00021474,-0.003534,5.479161,-0.351010
2023-09-05,3.8300,1.8200,2.0300,14.0100,57.2301,378.070000,323.014850,0.068649,-0.123232,1,1,1,1,1,5,5,5,1.0000,1.0000,0,0.002601,0.00021361,0.002601,5.493413,-0.349322
2023-09-06,3.8600,1.8400,2.0300,14.4500,56.8228,374.740000,323.461350,0.069271,-0.106798,1,1,1,1,1,5,5,5,1.0000,1.0000,0,-0.026415,0.00021437,-0.026415,5.348304,-0.366510
2023-09-07,3.9000,1.7900,2.0250,14.4000,54.3788,372.060000,323.897600,0.070395,-0.080399,1,1,1,1,1,5,5,5,1.0000,1.0000,0,-0.021802,0.00021437,-0.021802,5.231699,-0.380321
2023-09-08,3.8500,1.8100,2.0200,13.8400,54.1752,372.580000,324.336400,0.070906,-0.066774,1,1,1,1,1,5,5,5,1.0000,1.0000,0,0.002972,0.00021361,0.002972,5.247246,-0.378480
2023-09-11,3.8200,1.7900,2.0200,13.8000,54.1752,376.970000,324.811800,0.070733,-0.067760,1,1,1,1,1,5,5,5,1.0000,1.0000,0,0.034074,0.00021437,0.034074,5.426041,-0.357302
2023-09-12,3.8400,1.8000,2.0200,14.2300,54.7862,372.790000,325.246000,0.071212,-0.058750,1,1,1,1,1,5,5,5,1.0000,1.0000,0,-0.031996,0.00021437,-0.031996,5.252429,-0.377866
2023-09-13,3.8500,1.7900,2.0200,13.4800,53.5642,374.210000,325.672950,0.071980,-0.060916,1,1,1,1,1,5,5,5,1.0000,1.0000,0,0.009867,0.00021474,0.009867,5.304253,-0.371727
2023-09-14,3.7800,1.8100,2.0200,12.8200,58.4521,377.270000,326.124700,0.072409,-0.041666,1,1,1,1,1,5,5,5,1.0000,1.0000,0,0.023449,0.00021437,0.023449,5.428632,-0.356995
2023-09-15,3.7900,1.8000,2.0150,13.7900,56.4155,370.810000,326.565200,0.073235,-0.042987,1,1,1,1,1,5,5,5,1.0000,1.0000,0,-0.051313,0.00021437,-0.051313,5.150075,-0.389989
2023-09-18,3.8200,1.7800,2.0100,14.0000,55.1935,370.660000,327.015650,0.072549,-0.041008,1,1,1,1,1,5,5,5,1.0000,1.0000,0,0.002264,0.00021474,0.002264,5.161735,-0.388608
2023-09-19,3.8200,1.7700,2.0100,14.1100,54.1752,369.870000,327.398200,0.072305,-0.037461,1,1,1,1,1,5,5,5,1.0000,1.0000,0,-0.006024,0.00021437,-0.006024,5.130641,-0.392291
2023-09-20,3.7700,1.7500,2.0100,15.1400,54.5825,364.540000,327.752300,0.073044,-0.040900,1,1,1,1,1,5,5,5,1.0000,1.0000,0,-0.046717,0.00021399,-0.046717,4.890952,-0.420682
2023-09-21,3.8900,1.7300,2.0100,17.5400,49.0835,357.860000,328.078850,0.073495,-0.023749,1,1,0,1,1,4,3,5,1.0000,1.0000,0,-0.056954,0.00021474,-0.056954,4.612394,-0.453676
2023-09-22,3.9300,1.6600,2.0100,17.2000,47.4542,357.910000,328.430200,0.073521,-0.008415,1,1,0,1,1,4,3,4,1.0000,1.0000,0,0.000702,0.00021512,0.000702,4.615633,-0.453292
2023-09-25,3.9700,1.7300,2.0050,16.9000,48.0652,359.610000,328.819850,0.073109,-0.010064,1,1,0,1,1,4,3,4,1.0000,1.0000,0,0.013333,0.00021474,0.013333,4.677175,-0.446003
2023-09-26,4.0400,1.7500,2.0000,18.9400,45.0102,354.210000,329.188250,0.071980,-0.023858,1,1,0,1,1,4,3,4,1.0000,1.0000,0,-0.044598,0.00021549,-0.044598,4.468581,-0.470710
2023-09-27,4.0300,1.7700,1.9950,18.2200,45.4175,355.040000,329.544200,0.070567,-0.047998,1,1,0,1,1,4,3,4,1.0000,1.0000,0,0.006089,0.00021549,0.006089,4.495789,-0.467487
2023-09-28,4.0900,1.7700,1.9900,17.3400,47.4542,358.010000,329.924050,0.068643,-0.084756,1,1,0,1,1,4,3,4,1.0000,1.0000,0,0.024207,0.00021549,0.024207,4.604620,-0.454597
2023-09-29,4.0300,1.8000,1.9900,17.5200,46.0285,358.270000,330.287500,0.068927,-0.077656,1,1,0,1,1,4,3,4,1.0000,1.0000,0,0.002251,0.00021474,0.002251,4.614985,-0.453369
2023-10-02,4.1100,1.7800,1.9900,17.6100,44.3992,361.260000,330.650550,0.065749,-0.115064,1,1,0,1,1,4,3,4,1.0000,1.0000,0,0.023863,0.00021437,0.023863,4.725113,-0.440325
2023-10-03,4.2600,1.7800,1.9900,19.7800,41.3442,354.920000,330.992600,0.067411,-0.085916,1,1,0,1,1,4,3,4,1.0000,1.0000,0,-0.052920,0.00021700,-0.052920,4.475059,-0.469943
2023-10-04,4.3700,1.8200,1.9900,18.5800,42.7699,359.750000,331.406900,0.066853,-0.098423,1,1,0,1,1,4,3,4,1.0000,1.0000,0,0.040533,0.00021700,0.040533,4.656445,-0.448458
2023-10-05,4.3800,1.8300,1.9850,18.4900,42.1589,358.690000,331.829100,0.066490,-0.107702,1,1,0,1,1,4,3,4,1.0000,1.0000,0,-0.010573,0.00021662,-0.010573,4.607212,-0.454290
2023-10-06,4.3300,1.8500,1.9800,17.4500,42.7699,364.700000,332.303850,0.066641,-0.102391,1,1,0,1,1,4,3,4,1.0000,1.0000,0,0.050337,0.00021662,0.050337,4.839127,-0.426820
2023-10-09,4.3400,1.8400,1.9800,17.7000,45.6212,366.560000,332.788950,0.066876,-0.097262,1,1,0,1,1,4,3,4,1.0000,1.0000,0,0.014726,0.00021737,0.014726,4.910386,-0.418380
2023-10-10,4.2600,1.8400,1.9800,17.0300,48.6762,368.590000,333.264650,0.067439,-0.076890,1,1,0,1,1,4,3,4,1.0000,1.0000,0,0.016359,0.00021737,0.016359,4.990714,-0.408865
2023-10-11,4.2500,1.8300,1.9750,16.0900,48.2688,371.220000,333.786950,0.068253,-0.052313,1,1,0,1,1,4,3,4,1.0000,1.0000,0,0.021288,0.00021662,0.021288,5.096955,-0.396281
2023-10-12,4.2500,1.8200,1.9700,16.6900,45.0102,369.930000,334.299800,0.067611,-0.067414,1,1,0,1,1,4,3,4,1.0000,1.0000,0,-0.011693,0.00021662,-0.011693,5.037356,-0.403340
2023-10-13,4.3000,1.8300,1.9700,19.3200,43.9919,365.280000,334.808300,0.068714,-0.075096,1,1,0,1,1,4,3,4,1.0000,1.0000,0,-0.037809,0.00021737,-0.037809,4.846901,-0.425899
2023-10-16,4.2700,1.8200,1.9650,17.2100,46.6395,369.410000,335.354850,0.068698,-0.089197,1,1,0,1,1,4,3,4,1.0000,1.0000,0,0.033681,0.00021700,0.033681,5.010148,-0.406563
2023-10-17,4.2500,1.8300,1.9600,17.8800,48.2688,368.200000,335.863650,0.068517,-0.084900,1,1,0,1,1,4,3,4,1.0000,1.0000,0,-0.009568,0.00021662,-0.009568,4.962211,-0.412241
2023-10-18,4.3200,1.8000,1.9600,19.2200,43.7882,363.370000,336.349100,0.068838,-0.078667,1,1,0,1,1,4,3,4,1.0000,1.0000,0,-0.042298,0.00021700,-0.042298,4.752321,-0.437102
2023-10-19,4.3700,1.7800,1.9600,21.4000,40.8537,359.970000,336.826550,0.068757,-0.078850,1,0,0,1,1,3,1,4,1.0000,1.0000,0,-0.026718,0.00021662,-0.026718,4.625350,-0.452141
2023-10-20,4.5200,1.8200,1.9600,21.7100,36.1789,354.600000,337.270850,0.068888,-0.067157,1,0,0,1,1,3,1,3,0.0000,0.0000,1,-0.045098,0.00021625,-0.005241,4.601109,-0.455013
2023-10-23,4.5100,1.8800,1.9600,20.3700,34.3496,355.670000,337.741300,0.068425,-0.061911,1,0,0,1,1,3,1,3,0.0000,0.0000,0,0.008800,0.00021549,0.000215,4.602100,-0.454895
2023-10-24,4.4100,1.8500,1.9600,18.9700,35.9756,359.130000,338.192950,0.069660,-0.045404,1,1,0,1,1,4,3,3,0.0000,0.0000,0,0.028206,0.00021549,0.000215,4.603092,-0.454778
2023-10-25,4.3700,1.8400,1.9600,20.1900,31.7073,350.340000,338.591950,0.071069,-0.018868,1,0,0,1,1,3,1,4,1.0000,1.0000,1,-0.073247,0.00021549,-0.053696,4.355924,-0.484054
2023-10-26,4.5000,1.8300,1.9550,20.6800,31.3008,343.660000,338.946100,0.072549,-0.012966,1,0,0,1,1,3,1,3,0.0000,0.0000,1,-0.058285,0.00021587,-0.012099,4.303223,-0.490296
2023-10-27,4.5300,1.8200,1.9500,21.2700,28.8618,345.310000,339.284900,0.071503,-0.007814,1,0,0,1,1,3,1,3,0.0000,0.0000,0,0.014258,0.00021587,0.000216,4.304152,-0.490186
2023-10-30,4.5000,1.8800,1.9500,19.7500,32.1138,349.200000,339.635650,0.071200,-0.005295,1,1,0,1,1,4,3,3,0.0000,0.0000,0,0.032268,0.00021587,0.000216,4.305081,-0.490076
2023-10-31,4.4200,1.8600,1.9500,18.1400,34.7561,350.870000,339.985150,0.071365,0.005078,1,1,0,1,0,3,1,4,1.0000,1.0000,1,0.014547,0.00021625,0.014249,4.366425,-0.482810
2023-11-01,4.4700,1.8500,1.9450,16.8700,38.0081,356.960000,340.362250,0.071417,-0.002688,1,1,0,1,1,4,3,3,0.0000,0.0000,1,0.051556,0.00021587,0.006510,4.394850,-0.479443
2023-11-02,4.1500,1.9100,1.9400,15.6600,43.2927,363.440000,340.790050,0.071385,-0.011699,1,1,0,1,1,4,3,4,1.0000,1.0000,1,0.053090,0.00021512,0.015116,4.461283,-0.471575
2023-11-03,4.0400,1.8400,1.9400,14.9100,46.9512,367.710000,341.252850,0.071154,-0.011587,1,1,0,1,1,4,3,4,1.0000,1.0000,0,0.035262,0.00021399,0.035262,4.618595,-0.452941
2023-11-06,4.0000,1.8600,1.9400,14.8900,45.7317,369.210000,341.685500,0.070807,-0.022099,1,1,0,1,1,4,3,4,1.0000,1.0000,0,0.011442,0.00021361,0.011442,4.671442,-0.446682
2023-11-07,4.0800,1.8400,1.9350,14.8100,44.7154,372.700000,342.104200,0.070091,-0.018916,1,1,0,1,1,4,3,4,1.0000,1.0000,0,0.028150,0.00021474,0.028150,4.802946,-0.431106
2023-11-08,4.0800,1.8300,1.9250,14.4500,43.0894,372.940000,342.527050,0.069525,-0.022492,1,1,0,1,1,4,3,4,1.0000,1.0000,0,0.001791,0.00021437,0.001791,4.811549,-0.430087
2023-11-09,4.0400,1.8400,1.9200,15.2900,42.2764,370.070000,342.938750,0.069150,-0.038940,1,1,0,1,1,4,3,4,1.0000,1.0000,0,-0.023755,0.00021399,-0.023755,4.697251,-0.443625
2023-11-10,4.0300,1.8300,1.9150,14.1700,44.9187,378.390000,343.364000,0.068451,-0.054867,1,1,0,1,1,4,3,4,1.0000,1.0000,0,0.066719,0.00021399,0.066719,5.010647,-0.406504
2023-11-13,4.0300,1.8000,1.9100,14.7600,45.7317,377.210000,343.768750,0.067698,-0.069723,1,1,0,1,1,4,3,4,1.0000,1.0000,0,-0.009075,0.00021361,-0.009075,4.965174,-0.411890
2023-11-14,3.9200,1.7900,1.9100,14.1600,53.2520,385.330000,344.244050,0.069062,-0.038967,1,1,1,1,1,5,5,4,1.0000,1.0000,0,0.062871,0.00021437,0.062871,5.277341,-0.374915
2023-11-15,3.8900,1.8300,1.9100,14.1800,54.6748,385.620000,344.699050,0.068704,-0.049707,1,1,1,1,1,5,5,5,1.0000,1.0000,0,0.002795,0.00021324,0.002795,5.292089,-0.373168
2023-11-16,4.0200,1.8000,1.9100,14.3200,53.8618,385.950000,345.124200,0.068987,-0.038292,1,1,1,1,1,5,5,5,1.0000,1.0000,0,0.001626,0.00021361,0.001626,5.300692,-0.372149
2023-11-17,3.9900,1.8100,1.9100,13.8000,56.3008,386.040000,345.495800,0.069090,-0.045434,1,1,1,1,1,5,5,5,1.0000,1.0000,0,0.000696,0.00021286,0.000696,5.304379,-0.371712
2023-11-20,3.9200,1.7800,1.9100,13.4100,56.0976,390.740000,345.918600,0.068353,-0.056525,1,1,1,1,1,5,5,5,1.0000,1.0000,0,0.035681,0.00021249,0.035681,5.493646,-0.349294
2023-11-21,3.9500,1.7600,1.9050,13.3500,57.1138,388.470000,346.343000,0.068646,-0.045586,1,1,1,1,1,5,5,5,1.0000,1.0000,0,-0.018121,0.00021399,-0.018121,5.394096,-0.361086
2023-11-22,3.9000,1.7700,1.9000,12.8500,57.9268,390.060000,346.743900,0.068711,-0.033873,1,1,1,1,1,5,5,5,1.0000,1.0000,0,0.011620,0.00021361,0.011620,5.456776,-0.353661
2023-11-24,3.8500,1.7100,1.9000,12.4600,60.1626,389.510000,347.169600,0.068845,-0.023355,1,1,1,1,1,5,5,5,1.0000,1.0000,0,-0.004955,0.00021399,-0.004955,5.429738,-0.356864
2023-11-27,3.8900,1.7200,1.9000,12.6900,58.3333,389.170000,347.607050,0.069079,-0.011871,1,1,1,1,1,5,5,5,1.0000,1.0000,0,-0.002943,0.00021399,-0.002943,5.413761,-0.358756
2023-11-28,3.9000,1.7100,1.9000,12.6900,59.9593,390.190000,348.059500,0.069230,-0.002702,1,1,1,1,1,5,5,5,1.0000,1.0000,0,0.007946,0.00021211,0.007946,5.456776,-0.353661
2023-11-29,3.8000,1.7500,1.9000,12.9800,61.1789,389.810000,348.486050,0.068729,0.001179,1,1,1,1,0,4,3,5,1.0000,1.0000,0,-0.003604,0.00021136,-0.003604,5.437112,-0.355991
2023-11-30,3.8400,1.7200,1.8950,12.9200,63.4146,388.830000,348.896450,0.068755,-0.007608,1,1,1,1,1,5,5,4,1.0000,1.0000,0,-0.008363,0.00021060,-0.008363,5.391638,-0.361377
2023-12-01,3.8700,1.6700,1.8900,12.6300,67.8862,389.940000,349.300650,0.069190,-0.017663,1,1,1,1,1,5,5,5,1.0000,1.0000,0,0.008434,0.00021060,0.008434,5.437112,-0.355991
2023-12-04,3.8000,1.7100,1.8900,13.0800,67.2764,386.320000,349.715750,0.069281,-0.023489,1,1,1,1,1,5,5,5,1.0000,1.0000,0,-0.028481,0.00020985,-0.028481,5.282257,-0.374333
2023-12-05,3.8000,1.6700,1.8900,12.8500,64.2276,387.290000,350.146400,0.068802,-0.027789,1,1,1,1,1,5,5,5,1.0000,1.0000,0,0.007213,0.00021098,0.007213,5.320356,-0.369820
2023-12-06,3.7900,1.6500,1.8850,12.9700,65.2439,385.050000,350.601500,0.070004,-0.017303,1,1,1,1,1,5,5,5,1.0000,1.0000,0,-0.017787,0.00021060,-0.017787,5.225723,-0.381029
2023-12-07,3.7700,1.6300,1.8800,13.0600,65.8537,390.430000,351.082400,0.069321,-0.037916,1,1,1,1,1,5,5,5,1.0000,1.0000,0,0.041863,0.00021060,0.041863,5.444486,-0.355117
2023-12-08,3.7500,1.6300,1.8800,12.3500,66.2602,392.170000,351.559150,0.068894,-0.049601,1,1,1,1,1,5,5,5,1.0000,1.0000,0,0.011964,0.00021023,0.011964,5.509623,-0.347402
2023-12-11,3.7900,1.6100,1.8800,12.6300,69.1057,395.520000,352.077500,0.069071,-0.059243,1,1,1,1,1,5,5,5,1.0000,1.0000,0,0.025429,0.00021023,0.025429,5.649729,-0.330807
2023-12-12,3.7600,1.6100,1.8800,12.0700,69.5122,398.670000,352.601150,0.068477,-0.058726,1,1,1,1,1,5,5,5,1.0000,1.0000,0,0.024146,0.00021136,0.024146,5.786149,-0.314648
2023-12-13,3.7900,1.6000,1.8800,12.1900,75.6098,403.740000,353.152050,0.070096,-0.032469,1,1,1,1,1,5,5,5,1.0000,1.0000,0,0.035259,0.00021098,0.035259,5.990163,-0.290483
2023-12-14,3.4700,1.6100,1.8800,12.4800,77.6423,403.390000,353.713000,0.068960,-0.060158,1,1,1,1,1,5,5,5,1.0000,1.0000,0,-0.001641,0.00021023,-0.001641,5.980331,-0.291648
2023-12-15,3.5100,1.5700,1.8800,12.2800,74.7967,405.340000,354.271650,0.068150,-0.079117,1,1,1,1,1,5,5,5,1.0000,1.0000,0,0.011919,0.00020985,0.011919,6.051613,-0.283205
2023-12-18,3.5100,1.5700,1.8750,12.5600,75.6098,407.080000,354.808650,0.066985,-0.097482,1,1,1,1,1,5,5,5,1.0000,1.0000,0,0.020918,0.00021023,0.020918,6.178201,-0.268211
2023-12-19,3.4600,1.5800,1.8700,12.5300,77.8455,409.160000,355.354350,0.066959,-0.092411,1,1,1,1,1,5,5,5,1.0000,1.0000,0,0.014919,0.00021098,0.014919,6.270376,-0.257293
2023-12-20,3.4300,1.5700,1.8700,13.6700,72.3577,403.080000,355.888050,0.066523,-0.083364,1,1,1,1,1,5,5,5,1.0000,1.0000,0,-0.048608,0.00020985,-0.048608,5.965583,-0.293395
2023-12-21,3.4100,1.6300,1.8700,13.6500,74.7967,407.770000,356.437800,0.066014,-0.071576,1,1,1,1,1,5,5,5,1.0000,1.0000,0,0.033066,0.00021023,0.033066,6.162838,-0.270031
2023-12-22,3.3900,1.6400,1.8700,13.0300,76.4228,408.380000,357.016400,0.066104,-0.040893,1,1,1,1,1,5,5,5,1.0000,1.0000,0,0.004088,0.00020948,0.004088,6.188033,-0.267046
2023-12-26,3.3700,1.6500,1.8700,12.9900,77.8455,410.880000,357.628050,0.066225,-0.043619,1,1,1,1,1,5,5,5,1.0000,1.0000,0,0.018272,0.00021023,0.018272,6.301101,-0.253654
2023-12-27,3.3400,1.6400,1.8700,12.4300,77.8455,411.500000,358.232100,0.066064,0.005345,1,1,1,1,0,4,3,5,1.0000,1.0000,0,0.005266,0.00021060,0.005266,6.334284,-0.249723
2023-12-28,3.3200,1.6400,1.8650,12.4700,78.8618,411.300000,358.801750,0.066511,-0.015108,1,1,1,1,1,5,5,4,1.0000,1.0000,0,-0.002522,0.00021023,-0.002522,6.318307,-0.251616
2023-12-29,3.3400,1.6200,1.8600,12.4500,78.0488,409.520000,359.354700,0.066620,-0.003914,1,1,1,1,1,5,5,5,1.0000,1.0000,0,-0.013811,0.00021060,-0.013811,6.231048,-0.261951
2024-01-02,3.5400,1.6100,1.8600,13.2000,81.3008,402.590000,359.833600,0.067968,0.024748,1,1,1,1,0,4,3,5,1.0000,1.0000,0,-0.050690,0.00020872,-0.050690,5.915194,-0.299363
2024-01-03,3.7100,1.6200,1.8600,14.0400,79.8780,398.330000,360.298450,0.068783,0.035086,1,1,1,1,0,4,3,4,1.0000,1.0000,0,-0.031997,0.00021098,-0.031997,5.725927,-0.321781
2024-01-04,3.6900,1.6600,1.8600,14.1300,77.8455,396.280000,360.750000,0.068792,0.030958,1,1,1,1,0,4,3,4,1.0000,1.0000,0,-0.016742,0.00021173,-0.016742,5.630065,-0.333136
2024-01-05,3.6800,1.6500,1.8600,13.3500,78.2520,396.750000,361.182050,0.068954,0.024190,1,1,1,1,0,4,3,4,1.0000,1.0000,0,0.003711,0.00021173,0.003711,5.650958,-0.330661
2024-01-08,3.6300,1.6500,1.8550,13.0800,80.2846,404.950000,361.676200,0.068479,0.003603,1,1,1,1,0,4,3,4,1.0000,1.0000,0,0.060244,0.00021136,0.060244,5.991392,-0.290338
2024-01-09,3.5900,1.6500,1.8500,12.7600,78.6585,405.750000,362.156200,0.068024,0.006675,1,1,1,1,0,4,3,4,1.0000,1.0000,0,0.006564,0.00021211,0.006564,6.030720,-0.285679
2024-01-10,3.5000,1.6300,1.8500,12.6900,78.4553,408.500000,362.644250,0.067631,-0.017411,1,1,1,1,1,5,5,4,1.0000,1.0000,0,0.019768,0.00021136,0.019768,6.149934,-0.271559
2024-01-11,3.5500,1.5900,1.8500,12.4400,76.8293,409.350000,363.147200,0.066086,-0.041536,1,1,1,1,1,5,5,5,1.0000,1.0000,0,0.004796,0.00021098,0.004796,6.179430,-0.268065
2024-01-12,3.5600,1.6300,1.8500,12.7000,76.4228,409.560000,363.659400,0.066418,-0.033504,1,1,1,1,1,5,5,5,1.0000,1.0000,0,0.001193,0.00021098,0.001193,6.186804,-0.267192
2024-01-16,3.5800,1.6400,1.8500,13.8400,74.3902,409.520000,364.143400,0.065936,-0.046546,1,1,1,1,1,5,5,5,1.0000,1.0000,0,-0.000596,0.00021060,-0.000596,6.183117,-0.267629
2024-01-17,3.6200,1.6500,1.8500,14.7900,70.9350,407.210000,364.601050,0.065341,-0.055020,1,1,1,1,1,5,5,5,1.0000,1.0000,0,-0.017293,0.00021060,-0.017293,6.076193,-0.280293
2024-01-18,3.5800,1.6300,1.8500,14.1300,70.9350,412.990000,365.061350,0.064073,-0.079080,1,1,1,1,1,5,5,5,1.0000,1.0000,0,0.042880,0.00021136,0.042880,6.336742,-0.249432
2024-01-19,3.5400,1.6200,1.8500,13.3000,72.9675,421.180000,365.566500,0.063201,-0.087602,1,1,1,1,1,5,5,5,1.0000,1.0000,0,0.057797,0.00021060,0.057797,6.702985,-0.206052
2024-01-22,3.4900,1.5900,1.8450,13.1900,73.5772,421.730000,366.079800,0.062747,-0.113252,1,1,1,1,1,5,5,5,1.0000,1.0000,0,0.004034,0.00021060,0.004034,6.730023,-0.202849
2024-01-23,3.5100,1.5900,1.8400,12.5500,73.1707,423.480000,366.617600,0.062678,-0.137108,1,1,1,1,1,5,5,5,1.0000,1.0000,0,0.011870,0.00021098,0.011870,6.809909,-0.193387
2024-01-24,3.4400,1.6200,1.8400,13.1400,71.3415,425.830000,367.156500,0.061754,-0.175057,1,1,1,1,1,5,5,5,1.0000,1.0000,0,0.016423,0.00021060,0.016423,6.921748,-0.180140
2024-01-25,3.4500,1.6100,1.8400,13.4500,73.7805,426.350000,367.698900,0.062527,-0.149184,1,1,1,1,1,5,5,5,1.0000,1.0000,0,0.002841,0.00021023,0.002841,6.941412,-0.177811
2024-01-26,3.3900,1.6000,1.8400,13.2600,73.5772,423.810000,368.238800,0.062791,-0.138512,1,1,1,1,1,5,5,5,1.0000,1.0000,0,-0.018414,0.00021023,-0.018414,6.813596,-0.192950
2024-01-29,3.4100,1.5800,1.8400,13.6000,75.2033,428.150000,368.814350,0.062695,-0.142726,1,1,1,1,1,5,5,5,1.0000,1.0000,0,0.029401,0.00021023,0.029401,7.013923,-0.169222
2024-01-30,3.4200,1.6000,1.8400,13.3100,75.2033,425.300000,369.345000,0.062723,-0.141387,1,1,1,1,1,5,5,5,1.0000,1.0000,0,-0.019975,0.00020948,-0.019975,6.873817,-0.185817
2024-01-31,3.5900,1.5800,1.8400,14.3500,72.1545,416.970000,369.837000,0.063629,-0.121808,1,1,1,1,1,5,5,5,1.0000,1.0000,0,-0.058824,0.00020948,-0.058824,6.469475,-0.233710
2024-02-01,3.5600,1.6100,1.8400,13.8800,76.4228,421.880000,370.352200,0.064002,-0.113114,1,1,1,1,1,5,5,5,1.0000,1.0000,0,0.035334,0.00020948,0.035334,6.698069,-0.206634
2024-02-02,3.4700,1.6300,1.8400,13.8500,73.3740,429.010000,370.902950,0.062193,-0.138041,1,1,1,1,1,5,5,5,1.0000,1.0000,0,0.050275,0.00020948,0.050275,7.034816,-0.166747
2024-02-05,3.5000,1.5900,1.8400,13.6700,70.3252,428.450000,371.451650,0.061121,-0.144277,1,1,1,1,1,5,5,5,1.0000,1.0000,0,-0.005066,0.00020985,-0.005066,6.999175,-0.170969
2024-02-06,3.5200,1.5600,1.8400,13.0600,73.3740,427.590000,372.008200,0.061166,-0.135828,1,1,1,1,1,5,5,5,1.0000,1.0000,0,-0.005795,0.00020948,-0.005795,6.958618,-0.175773
2024-02-07,3.4300,1.5800,1.8400,12.8300,73.3740,431.990000,372.585100,0.060701,-0.140286,1,1,1,1,1,5,5,5,1.0000,1.0000,0,0.029848,0.00021023,0.029848,7.166320,-0.151171
2024-02-08,3.3800,1.6000,1.8400,12.7900,73.1707,432.790000,373.169300,0.060242,-0.135619,1,1,1,1,1,5,5,5,1.0000,1.0000,0,0.004116,0.00020985,0.004116,7.195816,-0.147677
2024-02-09,3.3300,1.6000,1.8400,12.9300,72.3577,437.050000,373.804600,0.060126,-0.127358,1,1,1,1,1,5,5,5,1.0000,1.0000,0,0.029377,0.00021023,0.029377,7.407204,-0.122639
2024-02-12,3.3500,1.5900,1.8400,13.9300,74.5935,435.340000,374.421950,0.060851,-0.132735,1,1,1,1,1,5,5,5,1.0000,1.0000,0,-0.011780,0.00021023,-0.011780,7.319945,-0.132975
2024-02-13,3.3600,1.5800,1.8400,15.8500,68.4959,428.550000,374.962950,0.060311,-0.135047,1,1,1,1,1,5,5,5,1.0000,1.0000,0,-0.047347,0.00020985,-0.047347,6.973366,-0.174026
2024-02-14,3.3800,1.5400,1.8400,14.3800,69.5122,433.220000,375.516250,0.060463,-0.136826,1,1,1,1,1,5,5,5,1.0000,1.0000,0,0.031724,0.00021060,0.031724,7.194587,-0.147823
2024-02-15,3.3500,1.5600,1.8400,14.0100,74.7967,434.510000,376.077850,0.061055,-0.129516,1,1,1,1,1,5,5,5,1.0000,1.0000,0,0.008370,0.00020985,0.008370,7.254808,-0.140690
2024-02-16,3.3400,1.5700,1.8400,14.2400,73.1707,430.570000,376.633800,0.061290,-0.113622,1,1,1,1,1,5,5,5,1.0000,1.0000,0,-0.027444,0.00020985,-0.027444,7.055709,-0.164273
2024-02-20,3.3700,1.5300,1.8400,15.4200,72.4138,427.320000,377.183950,0.061589,-0.112659,1,1,1,1,1,5,5,5,1.0000,1.0000,0,-0.023167,0.00021023,-0.023167,6.892252,-0.183634
2024-02-21,3.3400,1.5600,1.8400,15.3400,74.0365,425.610000,377.731150,0.062348,-0.101197,1,1,1,1,1,5,5,5,1.0000,1.0000,0,-0.012482,0.00021023,-0.012482,6.806222,-0.193824
2024-02-22,3.2200,1.5400,1.8400,14.5400,75.6592,438.070000,378.307050,0.060611,-0.133313,1,1,1,1,1,5,5,5,1.0000,1.0000,0,0.086493,0.00021023,0.086493,7.394914,-0.124095
2024-02-23,3.2300,1.4900,1.8350,13.7500,76.2677,436.780000,378.872500,0.061002,-0.130650,1,1,1,1,1,5,5,5,1.0000,1.0000,0,-0.009141,0.00021060,-0.009141,7.327319,-0.132101
2024-02-26,3.2300,1.4900,1.8300,13.7400,73.0223,436.550000,379.447050,0.060021,-0.147957,1,1,1,1,1,5,5,5,1.0000,1.0000,0,-0.001342,0.00021098,-0.001342,7.317487,-0.133266
2024-02-27,3.2600,1.5300,1.8300,13.4300,74.6450,437.600000,380.009350,0.061044,-0.124689,1,1,1,1,1,5,5,5,1.0000,1.0000,0,0.006214,0.00021136,0.006214,7.362960,-0.127880
2024-02-28,3.3100,1.5300,1.8300,13.8400,74.6450,435.270000,380.554700,0.061312,-0.120081,1,1,1,1,1,5,5,5,1.0000,1.0000,0,-0.016191,0.00021060,-0.016191,7.243747,-0.142000
2024-02-29,3.2900,1.5500,1.8300,13.4000,76.8763,439.000000,381.124550,0.061112,-0.129196,1,1,1,1,1,5,5,5,1.0000,1.0000,0,0.024092,0.00021060,0.024092,7.418265,-0.121329
2024-03-01,3.3200,1.5500,1.8300,13.1100,76.4706,445.610000,381.718650,0.060174,-0.147624,1,1,1,1,1,5,5,5,1.0000,1.0000,0,0.045891,0.00021060,0.045891,7.758699,-0.081006
2024-03-04,3.2600,1.5700,1.8300,13.4900,77.2819,444.020000,382.302950,0.061253,-0.123103,1,1,1,1,1,5,5,5,1.0000,1.0000,0,-0.011880,0.00020948,-0.011880,7.666524,-0.091923
2024-03-05,3.3100,1.5700,1.8300,14.4600,75.6592,436.050000,382.827600,0.061694,-0.132389,1,1,1,1,1,5,5,5,1.0000,1.0000,0,-0.053543,0.00021173,-0.053543,7.256037,-0.140544
2024-03-06,3.2700,1.5900,1.8300,14.5000,77.6876,438.790000,383.335200,0.061972,-0.117942,1,1,1,1,1,5,5,5,1.0000,1.0000,0,0.018462,0.00021136,0.018462,7.389998,-0.124677
2024-03-07,3.2700,1.5700,1.8300,14.4400,79.1075,445.450000,383.879900,0.061761,-0.115827,1,1,1,1,1,5,5,5,1.0000,1.0000,0,0.044570,0.00021136,0.044570,7.719371,-0.085664
2024-03-08,3.2600,1.5900,1.8300,14.7400,79.7160,439.020000,384.386800,0.062290,-0.108740,1,1,1,1,1,5,5,5,1.0000,1.0000,0,-0.043783,0.00021136,-0.043783,7.381395,-0.125696
2024-03-11,3.2600,1.5900,1.8300,15.2200,82.5558,437.390000,384.906950,0.062656,-0.093635,1,1,1,1,1,5,5,5,1.0000,1.0000,0,-0.011655,0.00021098,-0.011655,7.295365,-0.135886
2024-03-12,3.2000,1.5900,1.8300,13.8400,80.7302,443.660000,385.467000,0.061390,-0.136417,1,1,1,1,1,5,5,5,1.0000,1.0000,0,0.042453,0.00021173,0.042453,7.605074,-0.099202
2024-03-13,3.1500,1.5500,1.8300,13.7500,81.7444,440.250000,385.969650,0.061903,-0.111874,1,1,1,1,1,5,5,5,1.0000,1.0000,0,-0.023271,0.00021173,-0.023271,7.428097,-0.120164
2024-03-14,3.1500,1.5500,1.8300,14.4000,79.7160,439.180000,386.423550,0.061530,-0.106582,1,1,1,1,1,5,5,5,1.0000,1.0000,0,-0.008107,0.00021173,-0.008107,7.367876,-0.127297
2024-03-15,3.1600,1.5300,1.8300,14.4100,78.9047,433.920000,386.843250,0.062256,-0.076240,1,1,1,1,1,5,5,5,1.0000,1.0000,0,-0.036530,0.00021173,-0.036530,7.098724,-0.159178
2024-03-18,3.1300,1.4900,1.8300,14.3300,78.4990,437.480000,387.290700,0.061646,-0.085709,1,1,1,1,1,5,5,5,1.0000,1.0000,0,0.028220,0.00021173,0.028220,7.299052,-0.135449
2024-03-19,3.1000,1.4900,1.8250,13.8200,80.9331,438.570000,387.723500,0.061840,-0.077544,1,1,1,1,1,5,5,5,1.0000,1.0000,0,0.006904,0.00021173,0.006904,7.349441,-0.129481
2024-03-20,3.1400,1.5000,1.8200,13.0400,81.9473,443.770000,388.169100,0.061364,-0.077558,1,1,1,1,1,5,5,5,1.0000,1.0000,0,0.031773,0.00021173,0.031773,7.582952,-0.101822
2024-03-21,3.0500,1.5600,1.8200,12.9200,82.3529,445.870000,388.623950,0.061049,-0.084297,1,1,1,1,1,5,5,5,1.0000,1.0000,0,0.012966,0.00021136,0.012966,7.681272,-0.090177
2024-03-22,3.0800,1.5300,1.8200,13.0600,81.5416,446.380000,389.081650,0.061261,-0.082134,1,1,1,1,1,5,5,5,1.0000,1.0000,0,0.002080,0.00021173,0.002080,7.697249,-0.088284
2024-03-25,3.1100,1.5300,1.8200,13.1900,81.1359,444.760000,389.561350,0.061720,-0.071725,1,1,1,1,1,5,5,5,1.0000,1.0000,0,-0.010219,0.00021098,-0.010219,7.618593,-0.097601
2024-03-26,3.1500,1.5300,1.8200,13.2400,80.7302,443.320000,390.012200,0.061130,-0.088044,1,1,1,1,1,5,5,5,1.0000,1.0000,0,-0.009356,0.00021098,-0.009356,7.547311,-0.106044
2024-03-27,3.1500,1.5300,1.8200,12.7800,83.7728,444.830000,390.463850,0.062314,-0.071143,1,1,1,1,1,5,5,5,1.0000,1.0000,0,0.008793,0.00021098,0.008793,7.613677,-0.098183
2024-03-28,3.1200,1.5400,1.8200,13.0100,85.1927,444.010000,390.881450,0.062738,-0.085181,1,1,1,1,1,5,5,5,1.0000,1.0000,0,-0.006295,0.00021060,-0.006295,7.565746,-0.103860
2024-04-01,3.1200,1.5000,1.8200,13.6500,83.9757,444.950000,391.289900,0.062481,-0.102062,1,1,1,1,1,5,5,5,1.0000,1.0000,0,0.006173,0.00021098,0.006173,7.612448,-0.098329
2024-04-02,3.2300,1.4900,1.8200,14.6100,82.5558,441.110000,391.665950,0.062984,-0.093740,1,1,1,1,1,5,5,5,1.0000,1.0000,0,-0.026800,0.00021023,-0.026800,7.408433,-0.122494
2024-04-03,3.2300,1.5100,1.8150,14.3300,80.9331,442.100000,392.025150,0.062661,-0.101314,1,1,1,1,1,5,5,5,1.0000,1.0000,0,0.006636,0.00020948,0.006636,7.457593,-0.116671
2024-04-04,3.2400,1.4900,1.8100,16.3500,79.7160,435.340000,392.362200,0.063309,-0.081625,1,1,1,1,1,5,5,5,1.0000,1.0000,0,-0.047132,0.00020948,-0.047132,7.106098,-0.158304
2024-04-05,3.1800,1.5100,1.8100,16.0300,79.5132,440.490000,392.730150,0.062844,-0.083308,1,1,1,1,1,5,5,5,1.0000,1.0000,0,0.035282,0.00020910,0.035282,7.356815,-0.128608
2024-04-08,3.1500,1.4900,1.8100,15.1900,79.9189,440.600000,393.123650,0.063223,-0.070937,1,1,1,1,1,5,5,5,1.0000,1.0000,0,0.000668,0.00020985,0.000668,7.361731,-0.128025
2024-04-09,3.1400,1.4600,1.8100,14.9800,82.7586,442.230000,393.503950,0.063501,-0.042632,1,1,1,1,1,5,5,5,1.0000,1.0000,0,0.010351,0.00020985,0.010351,7.437929,-0.119000
2024-04-10,3.1000,1.4400,1.8050,15.8000,77.0791,438.370000,393.883100,0.063040,-0.054854,1,1,1,1,1,5,5,5,1.0000,1.0000,0,-0.026272,0.00020985,-0.026272,7.242518,-0.142146
2024-04-11,3.1600,1.4000,1.8000,14.9100,76.6734,445.370000,394.321550,0.062442,-0.057795,1,1,1,1,1,5,5,5,1.0000,1.0000,0,0.047175,0.00021060,0.047175,7.584181,-0.101677
2024-04-12,3.2500,1.4100,1.8000,17.3100,72.8195,438.270000,394.693750,0.062838,-0.041442,1,1,1,1,1,5,5,5,1.0000,1.0000,0,-0.048452,0.00021060,-0.048452,7.216709,-0.145203
2024-04-15,3.2800,1.4500,1.8000,19.2300,70.7911,431.060000,395.026350,0.063031,-0.017209,1,1,1,1,1,5,5,5,1.0000,1.0000,0,-0.050238,0.00021060,-0.050238,6.854153,-0.188146
2024-04-16,3.3600,1.4600,1.8000,18.4000,68.3570,431.100000,395.362800,0.062339,-0.014238,1,1,1,1,1,5,5,5,1.0000,1.0000,0,0.000179,0.00021060,0.000179,6.855382,-0.188001
2024-04-17,3.4200,1.4600,1.8000,18.2100,69.7769,425.840000,395.644900,0.064010,0.020835,1,1,1,1,0,4,3,5,1.0000,1.0000,0,-0.037110,0.00021060,-0.037110,6.600978,-0.218134
2024-04-18,3.3900,1.4800,1.8000,18.0000,69.3712,423.400000,395.910450,0.064512,0.030136,1,1,1,1,0,4,3,4,1.0000,1.0000,0,-0.017874,0.00021060,-0.017874,6.482994,-0.232109
2024-04-19,3.3700,1.4700,1.8000,18.7100,71.1968,414.650000,396.132300,0.066070,0.071281,1,1,1,1,0,4,3,4,1.0000,1.0000,0,-0.061991,0.00021098,-0.061991,6.081109,-0.279711
2024-04-22,3.2900,1.4600,1.8000,16.9400,74.8479,418.820000,396.389100,0.066067,0.057973,1,1,1,1,0,4,3,4,1.0000,1.0000,0,0.029303,0.00021060,0.029303,6.259303,-0.258605
2024-04-23,3.2000,1.4600,1.7950,15.6900,77.0791,425.100000,396.683400,0.065622,0.046776,1,1,1,1,0,4,3,4,1.0000,1.0000,0,0.044377,0.00020948,0.044377,6.537070,-0.225704
2024-04-24,3.1900,1.4600,1.7900,15.9700,76.8763,426.510000,396.984150,0.066019,0.054557,1,1,1,1,0,4,3,4,1.0000,1.0000,0,0.009776,0.00021060,0.009776,6.600978,-0.218134
2024-04-25,3.2400,1.4800,1.7900,15.3700,75.8621,424.450000,397.265550,0.066463,0.061151,1,1,1,1,0,4,3,4,1.0000,1.0000,0,-0.016012,0.00021098,-0.016012,6.495284,-0.230653
2024-04-26,3.1600,1.4700,1.7900,15.0300,74.8479,431.000000,397.556450,0.065114,0.024576,1,1,1,1,0,4,3,4,1.0000,1.0000,0,0.045979,0.00021136,0.045979,6.793931,-0.195279
2024-04-29,3.1200,1.4500,1.7850,14.6700,78.4990,432.750000,397.824450,0.065767,0.028742,1,1,1,1,0,4,3,4,1.0000,1.0000,0,0.011939,0.00021098,0.011939,6.875046,-0.185672
2024-04-30,3.1800,1.4500,1.7800,15.6500,72.4138,424.590000,398.052050,0.066477,0.069945,1,1,1,1,0,4,3,4,1.0000,1.0000,0,-0.057294,0.00021060,-0.057294,6.481150,-0.232327
2024-05-01,3.2100,1.4400,1.7800,15.3900,71.8053,421.515000,398.246575,0.067509,0.106122,1,1,1,1,0,4,3,4,1.0000,1.0000,0,-0.021523,0.00021098,-0.021523,6.341658,-0.248850
2024-05-02,3.1600,1.4300,1.7800,14.6800,73.6308,426.900000,398.452375,0.067192,0.100706,1,1,1,1,0,4,3,4,1.0000,1.0000,0,0.038081,0.00021098,0.038081,6.583157,-0.220245
2024-05-03,3.0800,1.4700,1.7800,13.4900,76.2677,435.480000,398.701525,0.066897,0.104784,1,1,1,1,0,4,3,4,1.0000,1.0000,0,0.058527,0.00021098,0.058527,6.968450,-0.174608
2024-05-06,3.0300,1.4900,1.7800,13.4900,76.4706,440.250000,399.018975,0.066554,0.108613,1,1,1,1,0,4,3,4,1.0000,1.0000,0,0.032804,0.00021060,0.032804,7.197045,-0.147532
2024-05-07,3.0600,1.4700,1.7750,13.2300,77.6876,440.320000,399.342425,0.067229,0.121904,1,1,1,1,0,4,3,4,1.0000,1.0000,0,0.000000,0.00021060,0.000000,7.197045,-0.147532
2024-05-08,3.1000,1.4500,1.7700,13.0000,77.0791,440.060000,399.661575,0.067934,0.120177,1,1,1,1,0,4,3,4,1.0000,1.0000,0,-0.001878,0.00021060,-0.001878,7.183526,-0.149133
2024-05-09,3.1400,1.4700,1.7700,12.6900,79.3103,441.020000,399.972775,0.068574,0.143363,1,1,1,1,0,4,3,4,1.0000,1.0000,0,0.005475,0.00021060,0.005475,7.222854,-0.144475
2024-05-10,3.1200,1.4800,1.7700,12.5500,80.1217,442.060000,400.295475,0.068418,0.137452,1,1,1,1,0,4,3,4,1.0000,1.0000,0,0.006806,0.00021098,0.006806,7.272014,-0.138652
2024-05-13,3.1400,1.4800,1.7700,13.6000,80.7302,443.080000,400.627775,0.068409,0.124994,1,1,1,1,0,4,3,4,1.0000,1.0000,0,0.006591,0.00021136,0.006591,7.319945,-0.132975
2024-05-14,3.1400,1.4800,1.7700,13.4200,81.7444,445.930000,400.940025,0.068280,0.119468,1,1,1,1,0,4,3,4,1.0000,1.0000,0,0.018637,0.00021060,0.018637,7.456364,-0.116816
2024-05-15,3.1300,1.4800,1.7650,12.4500,82.3529,452.900000,401.286125,0.068456,0.118894,1,1,1,1,0,4,3,4,1.0000,1.0000,0,0.046151,0.00021023,0.046151,7.800485,-0.076056
2024-05-16,3.0800,1.4900,1.7600,12.4200,82.9615,451.980000,401.632075,0.068317,0.101828,1,1,1,1,0,4,3,4,1.0000,1.0000,0,-0.006145,0.00021060,-0.006145,7.752554,-0.081733
2024-05-17,3.0900,1.4700,1.7550,11.9900,82.9615,451.750000,402.018875,0.068310,0.132528,1,1,1,1,0,4,3,4,1.0000,1.0000,0,-0.001585,0.00021060,-0.001585,7.740264,-0.083189
2024-05-20,3.0700,1.4800,1.7500,12.1500,81.5416,454.910000,402.424475,0.068124,0.121857,1,1,1,1,0,4,3,4,1.0000,1.0000,0,0.020006,0.00021098,0.020006,7.895119,-0.064847
2024-05-21,3.0700,1.4700,1.7500,11.8600,81.7444,455.800000,402.843275,0.068569,0.149564,1,1,1,1,0,4,3,4,1.0000,1.0000,0,0.005137,0.00021060,0.005137,7.935676,-0.060043
2024-05-22,3.1100,1.4800,1.7400,12.2900,80.3245,455.710000,403.245875,0.067954,0.118322,1,1,1,1,0,4,3,4,1.0000,1.0000,0,-0.000619,0.00021060,-0.000619,7.930760,-0.060626
2024-05-23,3.1000,1.4600,1.7300,12.7700,74.4422,453.660000,403.654175,0.067293,0.101351,1,1,1,1,0,4,3,4,1.0000,1.0000,0,-0.014877,0.00021060,-0.014877,7.812775,-0.074600
2024-05-24,3.1100,1.4500,1.7250,11.9300,75.0507,457.950000,404.104375,0.067517,0.109210,1,1,1,1,0,4,3,4,1.0000,1.0000,0,0.028001,0.00021098,0.028001,8.031538,-0.048689
2024-05-28,3.0900,1.4600,1.7200,12.9200,73.0223,459.680000,404.559825,0.067411,0.124253,1,1,1,1,0,4,3,4,1.0000,1.0000,0,0.010865,0.00021098,0.010865,8.118797,-0.038353
2024-05-29,3.1500,1.4500,1.7150,14.2800,67.9513,456.440000,405.010825,0.067002,0.096393,1,1,1,1,0,4,3,4,1.0000,1.0000,0,-0.020890,0.00021098,-0.020890,7.949195,-0.058442
2024-05-30,3.1900,1.4700,1.7100,14.4700,69.5740,451.550000,405.416825,0.068368,0.111475,1,1,1,1,0,4,3,4,1.0000,1.0000,0,-0.032158,0.00021098,-0.032158,7.693562,-0.088721
2024-05-31,3.2000,1.4600,1.7100,12.9200,73.8337,451.530000,405.842375,0.068985,0.117041,1,1,1,1,0,4,3,4,1.0000,1.0000,0,-0.001118,0.00021098,-0.001118,7.684959,-0.089740
2024-06-03,3.1700,1.4600,1.6900,13.1100,72.8195,453.130000,406.295325,0.068105,0.105310,1,1,1,1,0,4,3,4,1.0000,1.0000,0,0.009755,0.00021098,0.009755,7.759928,-0.080860
2024-06-04,3.2200,1.4700,1.6700,13.1600,73.2252,454.370000,406.774275,0.067999,0.094639,1,1,1,1,0,4,3,4,1.0000,1.0000,0,0.007444,0.00021324,0.007444,7.817691,-0.074018
2024-06-05,3.2000,1.4900,1.6650,12.6300,73.2252,463.530000,407.301275,0.066822,0.069517,1,1,1,1,0,4,3,4,1.0000,1.0000,0,0.060368,0.00021324,0.060368,8.289629,-0.018119
2024-06-06,3.2000,1.5300,1.6600,12.5800,71.8053,463.250000,407.798025,0.066131,0.079899,1,1,1,1,0,4,3,4,1.0000,1.0000,0,-0.000964,0.00021286,-0.000964,8.281640,-0.019065
2024-06-07,3.1500,1.5000,1.6550,12.2200,70.3854,462.960000,408.295925,0.065486,0.059902,1,1,1,1,0,4,3,4,1.0000,1.0000,0,-0.003933,0.00021286,-0.003933,8.249072,-0.022922
2024-06-10,3.1500,1.4600,1.6500,12.7400,70.3854,464.830000,408.774525,0.066124,0.077662,1,1,1,1,0,4,3,4,1.0000,1.0000,0,0.010578,0.00021324,0.010578,8.336331,-0.012587
2024-06-11,3.1900,1.4600,1.6500,12.8500,70.1826,468.020000,409.308525,0.065565,0.055993,1,1,1,1,0,4,3,4,1.0000,1.0000,0,0.020640,0.00021324,0.020640,8.508391,0.000000
2024-06-12,3.0900,1.4800,1.6500,12.0400,70.9939,474.150000,409.859175,0.064608,0.050726,1,1,1,1,0,4,3,4,1.0000,1.0000,0,0.039451,0.00021324,0.039451,8.844057,0.000000
2024-06-13,3.2000,1.4800,1.6500,11.9400,71.1968,476.720000,410.408975,0.064623,0.047347,1,1,1,1,0,4,3,4,1.0000,1.0000,0,0.015964,0.00021286,0.015964,8.985245,0.000000
2024-06-14,3.2900,1.5100,1.6500,12.6600,68.7627,479.190000,410.931075,0.064428,0.052071,1,1,1,1,0,4,3,4,1.0000,1.0000,0,0.014499,0.00021286,0.014499,9.115519,0.000000
2024-06-17,3.2600,1.5300,1.6450,12.7500,70.1826,485.060000,411.472075,0.063223,0.037301,1,1,1,1,0,4,3,4,1.0000,1.0000,0,0.036268,0.00021286,0.036268,9.446121,0.000000
2024-06-18,3.2400,1.5200,1.6400,12.3000,70.3854,485.210000,412.008175,0.063082,0.031281,1,1,1,1,0,4,3,4,1.0000,1.0000,0,0.000520,0.00021324,0.000520,9.451037,0.000000
2024-06-20,3.2300,1.5200,1.6400,13.2800,72.2110,481.470000,412.527575,0.063803,0.035517,1,1,1,1,0,4,3,4,1.0000,1.0000,0,-0.023537,0.00021249,-0.023537,9.228587,-0.023537
2024-06-21,3.2100,1.5400,1.6400,13.2000,72.4138,480.180000,413.038125,0.063767,0.045235,1,1,1,1,0,4,3,4,1.0000,1.0000,0,-0.009189,0.00021249,-0.009189,9.143786,-0.032510
2024-06-24,3.1900,1.5500,1.6350,13.3300,74.4422,473.960000,413.534225,0.064256,0.032339,1,1,1,1,0,4,3,4,1.0000,1.0000,0,-0.033871,0.00021211,-0.033871,8.834077,-0.065280
2024-06-25,3.1900,1.5300,1.6300,12.8400,71.6024,479.380000,414.070825,0.063403,0.011040,1,1,1,1,0,4,3,4,1.0000,1.0000,0,0.033389,0.00021249,0.033389,9.129038,-0.034070
2024-06-26,3.1800,1.5500,1.6300,12.5500,70.3854,480.370000,414.609775,0.063051,0.009535,1,1,1,1,0,4,3,4,1.0000,1.0000,0,0.002423,0.00021211,0.002423,9.151160,-0.031730
2024-06-27,3.2100,1.5500,1.6300,12.2400,71.8053,481.610000,415.132975,0.063056,0.001198,1,1,1,1,0,4,3,4,1.0000,1.0000,0,0.007252,0.00021249,0.007252,9.217526,-0.024707
2024-06-28,3.1800,1.5500,1.6300,12.4400,71.6024,479.110000,415.664575,0.062599,-0.001044,1,1,1,1,1,5,5,4,1.0000,1.0000,0,-0.015733,0.00021211,-0.015733,9.072504,-0.040052
2024-07-01,3.2100,1.5500,1.6300,12.2200,68.7627,481.920000,416.203125,0.062038,-0.021332,1,1,1,1,1,5,5,5,1.0000,1.0000,0,0.016391,0.00021173,0.016391,9.221213,-0.024317
2024-07-02,3.2300,1.5500,1.6300,12.0300,68.3570,486.980000,416.751675,0.061951,-0.015036,1,1,1,1,1,5,5,5,1.0000,1.0000,0,0.030654,0.00021136,0.030654,9.503884,0.000000
2024-07-03,3.2500,1.5600,1.6250,12.0900,69.1684,491.040000,417.352825,0.062044,-0.019818,1,1,1,1,1,5,5,5,1.0000,1.0000,0,0.024570,0.00021136,0.024570,9.737395,0.000000
2024-07-05,3.2700,1.5300,1.6200,12.4800,68.5598,496.160000,417.980325,0.061793,-0.028728,1,1,1,1,1,5,5,5,1.0000,1.0000,0,0.030292,0.00021136,0.030292,10.032356,0.000000
2024-07-08,3.2000,1.5600,1.6200,12.3700,67.5456,497.340000,418.617675,0.061784,-0.021513,1,1,1,1,1,5,5,5,1.0000,1.0000,0,0.006615,0.00021098,0.006615,10.098722,0.000000
2024-07-09,3.2100,1.5400,1.6200,12.5100,66.9371,497.770000,419.283825,0.061909,-0.009169,1,1,1,1,1,5,5,5,1.0000,1.0000,0,0.002191,0.00021098,0.002191,10.120844,0.000000
2024-07-10,3.1700,1.5600,1.6150,12.8500,68.7627,502.960000,420.009325,0.061881,-0.016730,1,1,1,1,1,5,5,5,1.0000,1.0000,0,0.031330,0.00021098,0.031330,10.437927,0.000000
2024-07-11,3.1800,1.5600,1.6100,12.9200,72.2110,491.930000,420.679425,0.063561,0.009272,1,1,1,1,0,4,3,5,1.0000,1.0000,0,-0.065701,0.00021098,-0.065701,9.752143,-0.065701
2024-07-12,3.1900,1.5800,1.6100,12.4600,75.2535,494.890000,421.355825,0.063627,0.022992,1,1,1,1,0,4,3,4,1.0000,1.0000,0,0.015375,0.00021023,0.015375,9.902081,-0.051336
2024-07-15,3.1300,1.5800,1.6100,13.1200,76.6734,496.150000,422.065525,0.061911,-0.036776,1,1,1,1,1,5,5,4,1.0000,1.0000,0,0.008316,0.00020985,0.008316,9.984425,-0.043448
2024-07-16,3.0800,1.5800,1.6100,13.1900,80.5274,496.340000,422.772025,0.062032,-0.043467,1,1,1,1,1,5,5,5,1.0000,1.0000,0,0.001433,0.00020985,0.001433,9.998730,-0.042077
2024-07-17,3.0900,1.5600,1.6100,14.4800,81.9838,481.770000,423.390825,0.062942,-0.053241,1,1,1,1,1,5,5,5,1.0000,1.0000,0,-0.088578,0.00020985,-0.088578,9.113061,-0.126928
2024-07-18,3.0900,1.5600,1.6050,15.9300,79.5547,479.490000,423.996925,0.063375,-0.045058,1,1,1,1,1,5,5,5,1.0000,1.0000,0,-0.014970,0.00020985,-0.014970,8.976642,-0.139998
2024-07-19,3.0900,1.5700,1.6000,16.5200,75.7085,475.240000,424.566825,0.063872,-0.028965,1,1,1,1,1,5,5,5,1.0000,1.0000,0,-0.027108,0.00020985,-0.027108,8.733299,-0.163311
2024-07-22,3.0500,1.5700,1.6000,14.9100,77.7328,482.320000,425.203825,0.063752,-0.037683,1,1,1,1,1,5,5,5,1.0000,1.0000,0,0.043625,0.00020985,0.043625,9.114290,-0.126810
2024-07-23,3.0200,1.5800,1.6000,14.7200,74.6964,480.620000,425.808175,0.063455,-0.049783,1,1,1,1,1,5,5,5,1.0000,1.0000,0,-0.010787,0.00020985,-0.010787,9.015970,-0.136230
2024-07-24,3.1000,1.5900,1.6000,18.0400,73.2794,463.380000,426.331625,0.065656,0.008859,1,1,1,1,0,4,3,5,1.0000,1.0000,0,-0.107824,0.00020910,-0.107824,8.043828,-0.229365
2024-07-25,3.0800,1.6500,1.6000,18.4600,74.0891,458.270000,426.799475,0.065452,-0.005053,0,1,1,1,1,4,3,4,1.0000,1.0000,0,-0.033308,0.00020872,-0.033308,7.775905,-0.255034
2024-07-26,3.1000,1.6200,1.6000,16.3900,78.1377,462.970000,427.281525,0.065361,-0.018208,0,1,1,1,1,4,3,4,1.0000,1.0000,0,0.028608,0.00020835,0.028608,7.998355,-0.233722
2024-07-29,3.1300,1.6500,1.6000,16.6000,77.9352,463.900000,427.758075,0.065616,-0.030540,0,1,1,1,1,4,3,4,1.0000,1.0000,0,0.005839,0.00020797,0.005839,8.045057,-0.229248
2024-07-30,3.2000,1.6600,1.6000,17.6900,79.1498,457.530000,428.189625,0.066292,-0.014379,0,1,1,1,1,4,3,4,1.0000,1.0000,0,-0.040788,0.00020910,-0.040788,7.716913,-0.260685
2024-07-31,3.2500,1.6500,1.6000,16.3600,80.1619,471.070000,428.695325,0.066075,-0.013227,0,1,1,1,1,4,3,4,1.0000,1.0000,0,0.087434,0.00020872,0.087434,8.391636,-0.196044
2024-08-01,3.3500,1.6800,1.6000,18.5900,75.9109,459.660000,429.167225,0.068231,0.026478,0,1,1,1,0,3,1,4,1.0000,1.0000,0,-0.072056,0.00020910,-0.072056,7.786966,-0.253974
2024-08-02,3.7200,1.7100,1.6000,23.3900,70.4453,448.750000,429.563925,0.069638,0.036924,0,0,1,1,0,2,-1,3,0.0000,0.0000,1,-0.072917,0.00020759,-0.058743,7.329540,-0.297797
2024-08-05,3.9300,1.8000,1.6000,38.5700,61.9433,435.370000,429.899775,0.069833,0.027952,0,0,1,1,0,2,-1,2,0.0000,0.0000,0,-0.087164,0.00020458,0.000205,7.331039,-0.297654
2024-08-06,3.6700,1.8500,1.6000,27.7100,65.1822,439.530000,430.280575,0.069779,0.017640,0,0,1,1,0,2,-1,2,0.0000,0.0000,0,0.024991,0.00020684,0.000207,7.332556,-0.297508
2024-08-07,3.5700,1.7800,1.6000,27.8500,62.5506,434.770000,430.654575,0.070644,0.032388,0,0,1,1,0,2,-1,2,0.0000,0.0000,0,-0.032205,0.00020646,0.000206,7.334070,-0.297363
2024-08-08,3.4800,1.8000,1.6000,23.7900,68.6235,448.070000,431.121925,0.069123,0.010627,0,0,1,1,0,2,-1,2,0.0000,0.0000,0,0.091559,0.00020646,0.000206,7.335584,-0.297218
2024-08-09,3.4900,1.7800,1.6000,20.3700,68.2186,450.410000,431.595625,0.069054,0.011550,0,0,1,1,0,2,-1,2,0.0000,0.0000,0,0.013607,0.00020646,0.000206,7.337098,-0.297073
2024-08-12,3.5200,1.7700,1.6000,20.7100,66.1943,451.380000,432.056875,0.069139,0.010057,0,0,1,1,0,2,-1,2,0.0000,0.0000,0,0.006797,0.00020609,0.000206,7.338610,-0.296928
2024-08-13,3.5400,1.7800,1.6000,18.1200,69.4332,462.580000,432.618075,0.068417,0.001504,0,1,1,1,0,3,1,2,0.0000,0.0000,0,0.072743,0.00020609,0.000206,7.340123,-0.296783
2024-08-14,3.4600,1.8000,1.6000,16.1900,69.6356,462.730000,433.213425,0.068156,-0.002306,0,1,1,1,1,4,3,3,0.0000,0.0000,0,0.001731,0.00020571,0.000206,7.341633,-0.296639
2024-08-15,3.3100,1.7400,1.6000,15.2300,73.6842,474.420000,433.858975,0.066999,-0.017240,0,1,1,1,1,4,3,4,1.0000,1.0000,1,0.075232,0.00020571,0.035239,7.600348,-0.271853
2024-08-16,3.2900,1.6800,1.6000,14.8000,73.6842,475.030000,434.488125,0.067147,-0.021646,0,1,1,1,1,4,3,4,1.0000,1.0000,0,0.002629,0.00020646,0.002629,7.620331,-0.269938
2024-08-19,3.2100,1.6900,1.6000,14.6500,75.5061,481.270000,435.140125,0.066948,-0.015637,0,1,1,1,1,4,3,4,1.0000,1.0000,0,0.038753,0.00020609,0.038753,7.915641,-0.241646
2024-08-20,3.2500,1.6800,1.6000,15.8800,74.6964,480.260000,435.756625,0.066914,-0.005985,0,1,1,1,1,4,3,4,1.0000,1.0000,0,-0.006171,0.00020533,-0.006171,7.866793,-0.246326
2024-08-21,3.2700,1.6900,1.6000,16.2700,77.7328,482.500000,436.351925,0.067158,-0.005626,0,1,1,1,1,4,3,4,1.0000,1.0000,0,0.013689,0.00020458,0.013689,7.974481,-0.236009
2024-08-22,3.2100,1.6900,1.6000,17.5500,76.3158,474.850000,436.887625,0.067608,0.003071,0,1,1,1,0,3,1,4,1.0000,1.0000,0,-0.048030,0.00020345,-0.048030,7.591467,-0.272704
2024-08-23,3.1900,1.7000,1.6000,15.8600,79.3522,480.000000,437.441575,0.067084,0.001313,0,1,1,1,0,3,1,3,0.0000,0.0000,1,0.031442,0.00020420,0.026411,7.791962,-0.253495
2024-08-26,3.1500,1.7000,1.6000,16.1500,79.7571,475.340000,437.954775,0.067681,-0.010784,0,1,1,1,1,4,3,3,0.0000,0.0000,0,-0.029349,0.00020307,0.000203,7.793544,-0.253344
2024-08-27,3.1700,1.7000,1.6000,15.4300,78.7449,476.760000,438.473875,0.067054,-0.029822,0,1,1,1,1,4,3,4,1.0000,1.0000,1,0.008472,0.00020269,0.019344,7.944304,-0.238900
2024-08-28,3.1900,1.7100,1.6000,17.1100,77.1255,471.350000,438.980275,0.067446,-0.010234,0,1,1,1,1,4,3,4,1.0000,1.0000,0,-0.033893,0.00020232,-0.033893,7.675045,-0.264696
2024-08-29,3.1500,1.7100,1.6000,15.6500,78.3401,470.660000,439.441625,0.067807,-0.002985,0,1,1,1,1,4,3,4,1.0000,1.0000,0,-0.005247,0.00020156,-0.005247,7.634771,-0.268555
2024-08-30,3.1300,1.6900,1.6000,15.0000,80.5668,476.270000,439.936925,0.067671,0.013403,0,1,1,1,0,3,1,4,1.0000,1.0000,0,0.034062,0.00020194,0.034062,7.894825,-0.243641
2024-09-03,3.3100,1.6900,1.6000,20.7200,76.1134,461.810000,440.319325,0.068994,0.044700,0,0,1,1,0,2,-1,3,0.0000,0.0000,1,-0.091240,0.00020156,-0.019872,7.737935,-0.258671
2024-09-04,3.3500,1.7300,1.6000,21.3200,74.6964,460.610000,440.694275,0.069725,0.066791,0,0,1,1,0,2,-1,2,0.0000,0.0000,0,-0.008500,0.00020081,0.000201,7.739489,-0.258522
2024-09-05,3.2900,1.7300,1.6000,19.9000,73.4818,461.040000,441.069725,0.069722,0.055832,0,1,1,1,0,3,1,2,0.0000,0.0000,0,0.003235,0.00020043,0.000200,7.741040,-0.258374
2024-09-06,3.3900,1.7300,1.6000,22.3800,68.6235,448.690000,441.382975,0.070240,0.071763,0,0,1,1,0,2,-1,3,0.0000,0.0000,0,-0.081103,0.00019930,0.000199,7.742583,-0.258226
2024-09-09,3.3600,1.7300,1.6000,19.4500,71.6599,454.460000,441.701575,0.070167,0.086846,0,1,1,1,0,3,1,2,0.0000,0.0000,0,0.037200,0.00019854,0.000199,7.744120,-0.258079
2024-09-10,3.4600,1.7300,1.6000,19.0800,70.0405,458.660000,442.052525,0.070191,0.087157,0,1,1,1,0,3,1,3,0.0000,0.0000,0,0.026899,0.00019779,0.000198,7.745652,-0.257932
2024-09-11,3.4400,1.7400,1.6000,17.6900,71.4575,468.620000,442.445325,0.069694,0.083502,0,1,1,1,0,3,1,3,0.0000,0.0000,0,0.063756,0.00019590,0.000196,7.747169,-0.257787
2024-09-12,3.3900,1.7500,1.6000,17.0700,72.8745,473.220000,442.863875,0.069264,0.097659,0,1,1,1,0,3,1,3,0.0000,0.0000,0,0.029580,0.00019741,0.000197,7.748699,-0.257640
2024-09-13,3.3700,1.7400,1.6000,16.5600,76.3158,475.340000,443.294725,0.069874,0.110322,0,1,1,1,0,3,1,3,0.0000,0.0000,0,0.013087,0.00019590,0.000196,7.750217,-0.257495
2024-09-16,3.3200,1.7200,1.6000,17.1400,76.9231,473.240000,443.709975,0.070304,0.104853,0,1,1,1,0,3,1,3,0.0000,0.0000,0,-0.013363,0.00019250,0.000192,7.751708,-0.257352
2024-09-17,3.2500,1.7000,1.6000,17.6100,77.3279,473.490000,444.128375,0.070222,0.104762,0,1,1,1,0,3,1,3,0.0000,0.0000,0,0.000602,0.00019212,0.000192,7.753198,-0.257209
2024-09-18,3.2100,1.6800,1.6000,18.2300,77.1255,471.440000,444.541425,0.069897,0.090808,0,1,1,1,0,3,1,3,0.0000,0.0000,0,-0.013085,0.00019174,0.000192,7.754684,-0.257067
2024-09-19,3.1000,1.6700,1.6000,16.3300,79.9595,483.360000,445.008525,0.068321,0.081303,0,1,1,1,0,3,1,3,0.0000,0.0000,0,0.075587,0.00018758,0.000188,7.756139,-0.256927
2024-09-20,3.1500,1.6700,1.6000,16.1500,77.7328,482.440000,445.489125,0.070462,0.122437,0,1,1,1,0,3,1,3,0.0000,0.0000,0,-0.006376,0.00018606,0.000186,7.757582,-0.256789
2024-09-23,3.1500,1.6700,1.6000,15.8900,78.5425,483.040000,445.967875,0.070506,0.123174,0,1,1,1,0,3,1,3,0.0000,0.0000,0,0.007415,0.00018417,0.000184,7.759011,-0.256652
2024-09-24,3.2100,1.6500,1.6000,15.3900,79.3522,485.370000,446.469475,0.069806,0.120849,0,1,1,1,0,3,1,3,0.0000,0.0000,0,0.014154,0.00018303,0.000183,7.760431,-0.256516
2024-09-25,3.1900,1.6600,1.6000,15.4100,76.7206,485.820000,446.946425,0.070328,0.139671,0,1,1,1,0,3,1,3,0.0000,0.0000,0,0.000279,0.00018190,0.000182,7.761842,-0.256381
2024-09-26,3.1400,1.6500,1.6000,15.3700,79.9595,489.470000,447.432925,0.069570,0.128206,0,1,1,1,0,3,1,3,0.0000,0.0000,0,0.021208,0.00018190,0.000182,7.763254,-0.256246
2024-09-27,3.1400,1.6500,1.6000,16.9600,81.9838,486.750000,447.889075,0.070362,0.138930,0,1,1,1,0,3,1,3,0.0000,0.0000,0,-0.017215,0.00018152,0.000182,7.764663,-0.256111
2024-09-30,3.0300,1.6600,1.6000,16.7300,80.7692,488.070000,448.336075,0.070395,0.143993,0,1,1,1,0,3,1,3,0.0000,0.0000,0,0.007785,0.00018152,0.000182,7.766073,-0.255976
2024-10-01,3.0700,1.6300,1.6000,19.2600,78.5425,481.270000,448.723725,0.071603,0.162730,0,1,1,1,0,3,1,3,0.0000,0.0000,0,-0.042351,0.00018341,0.000183,7.767497,-0.255839
2024-10-02,3.0600,1.6500,1.6000,18.9000,77.9352,481.950000,449.116525,0.071608,0.160352,0,1,1,1,0,3,1,3,0.0000,0.0000,0,0.003745,0.00018265,0.000183,7.768916,-0.255703
2024-10-03,3.0400,1.6400,1.6000,20.4900,76.7206,481.590000,449.497775,0.071713,0.160725,0,0,1,1,0,2,-1,3,0.0000,0.0000,0,-0.002296,0.00018190,0.000182,7.770329,-0.255568
2024-10-04,2.8900,1.6200,1.6000,19.2100,78.1377,487.320000,449.898975,0.070954,0.119751,0,1,1,1,0,3,1,2,0.0000,0.0000,0,0.035242,0.00018152,0.000182,7.771740,-0.255433
2024-10-07,2.9500,1.5700,1.5950,22.6400,74.6964,482.100000,450.263675,0.069954,0.100838,1,0,1,1,0,3,1,3,0.0000,0.0000,0,-0.032930,0.00018341,0.000183,7.773165,-0.255296
2024-10-08,2.9900,1.5400,1.5900,21.4200,75.5061,489.300000,450.694775,0.069334,0.122375,1,0,1,1,0,3,1,3,0.0000,0.0000,0,0.043391,0.00018493,0.000185,7.774602,-0.255158
2024-10-09,2.9400,1.5500,1.5900,20.8600,78.1377,493.150000,451.121675,0.068268,0.102723,1,0,1,1,0,3,1,3,0.0000,0.0000,0,0.024098,0.00018417,0.000184,7.776034,-0.255021
2024-10-10,2.9900,1.5400,1.5900,20.9300,76.9231,492.590000,451.542725,0.068179,0.086069,1,0,1,1,0,3,1,3,0.0000,0.0000,0,-0.003496,0.00018417,0.000184,7.777466,-0.254884
2024-10-11,2.9800,1.5400,1.5900,20.4600,78.9474,493.360000,451.955125,0.068368,0.082625,1,0,1,1,0,3,1,3,0.0000,0.0000,0,0.002564,0.00018417,0.000184,7.778899,-0.254747
2024-10-14,2.9700,1.5400,1.5900,19.7000,80.9717,497.500000,452.385125,0.068670,0.079949,1,1,1,1,0,4,3,3,0.0000,0.0000,0,0.025572,0.00018341,0.000183,7.780325,-0.254610
2024-10-15,2.9300,1.5400,1.5900,20.6400,80.5668,490.850000,452.782875,0.069518,0.094539,1,0,1,1,0,3,1,4,1.0000,1.0000,1,-0.039895,0.00018341,-0.041797,7.455130,-0.285765
2024-10-16,2.9000,1.5300,1.5900,19.5800,81.5789,490.910000,453.189825,0.070591,0.118249,1,1,1,1,0,4,3,3,0.0000,0.0000,1,-0.000547,0.00018341,0.000893,7.461789,-0.285127
2024-10-17,2.8900,1.5100,1.5900,19.1100,81.1741,491.250000,453.633125,0.069958,0.070500,1,1,1,1,0,4,3,4,1.0000,1.0000,1,0.003009,0.00018303,-0.029654,7.240517,-0.306326
2024-10-18,2.8800,1.5300,1.5900,18.0300,80.9717,494.470000,454.113825,0.070092,0.076970,1,1,1,1,0,4,3,4,1.0000,1.0000,0,0.017726,0.00018379,0.017726,7.368860,-0.294030
2024-10-21,2.8800,1.5300,1.5850,18.3700,78.7449,495.420000,454.609525,0.069933,0.074990,1,1,1,1,0,4,3,4,1.0000,1.0000,0,0.005493,0.00018341,0.005493,7.409338,-0.290152
2024-10-22,2.9200,1.5400,1.5800,18.2000,77.7328,495.960000,455.105575,0.069722,0.066998,1,1,1,1,0,4,3,4,1.0000,1.0000,0,0.002931,0.00018341,0.002931,7.431057,-0.288072
2024-10-23,2.9500,1.5500,1.5800,19.2400,75.7085,488.360000,455.522625,0.071039,0.076375,1,1,1,1,0,4,3,4,1.0000,1.0000,0,-0.046234,0.00018303,-0.046234,7.087493,-0.320987
2024-10-24,2.9300,1.5400,1.5800,19.0800,74.8988,492.320000,455.955475,0.070428,0.069281,1,1,1,1,0,4,3,4,1.0000,1.0000,0,0.023819,0.00018341,0.023819,7.256314,-0.304813
2024-10-25,2.8900,1.5200,1.5800,20.3300,74.2915,495.320000,456.389575,0.069408,0.018398,1,0,1,1,0,3,1,4,1.0000,1.0000,0,0.016871,0.00018227,0.016871,7.378733,-0.293084
2024-10-28,2.8200,1.5100,1.5800,19.8000,75.9109,495.400000,456.819825,0.069736,0.001543,1,1,1,1,0,4,3,3,0.0000,0.0000,1,0.000937,0.00018341,0.019197,7.520380,-0.279514
2024-10-29,2.8500,1.5100,1.5800,19.3400,75.1012,500.160000,457.272825,0.068137,-0.027305,1,1,1,1,1,5,5,4,1.0000,1.0000,1,0.027670,0.00018227,0.026006,7.715956,-0.260777
2024-10-30,2.8000,1.4900,1.5800,20.3500,74.2915,496.380000,457.707125,0.068180,-0.025454,1,0,1,1,1,4,3,5,1.0000,1.0000,0,-0.022242,0.00018227,-0.022242,7.544334,-0.277219
2024-10-31,2.8800,1.4400,1.5800,23.1600,71.2551,483.850000,458.090325,0.070264,-0.005889,1,0,1,1,1,4,3,4,1.0000,1.0000,0,-0.076094,0.00018114,-0.076094,6.970254,-0.332219
2024-11-01,2.8300,1.4600,1.5750,21.8800,71.2551,487.430000,458.462525,0.068410,-0.011092,1,0,1,1,1,4,3,4,1.0000,1.0000,0,0.021310,0.00018000,0.021310,7.118792,-0.317988
2024-11-04,2.8700,1.4600,1.5700,21.9800,71.6599,486.010000,458.786675,0.067742,-0.020311,1,0,1,1,1,4,3,4,1.0000,1.0000,0,-0.009305,0.00017886,-0.009305,7.052552,-0.324334
2024-11-05,2.8600,1.4600,1.5700,20.4900,74.6964,492.210000,459.139075,0.067938,-0.018788,1,0,1,1,1,4,3,4,1.0000,1.0000,0,0.037996,0.00018038,0.037996,7.320523,-0.298661
2024-11-06,2.7400,1.4500,1.5700,16.2700,76.3158,505.580000,459.549575,0.065605,-0.044828,1,1,1,1,1,5,5,4,1.0000,1.0000,0,0.081163,0.00018000,0.081163,7.914676,-0.241739
2024-11-07,2.7300,1.4000,1.5700,15.2000,76.1134,513.540000,459.988125,0.065219,-0.047210,1,1,1,1,1,5,5,5,1.0000,1.0000,0,0.046792,0.00018000,0.046792,8.285018,-0.206258
2024-11-08,2.6300,1.4400,1.5700,14.9400,76.3158,514.140000,460.427075,0.066183,-0.013169,1,1,1,1,1,5,5,5,1.0000,1.0000,0,0.002423,0.00017962,0.002423,8.305090,-0.204335
2024-11-11,2.6300,1.3800,1.5700,14.9700,75.3036,513.840000,460.877225,0.066304,-0.013559,1,1,1,1,1,5,5,5,1.0000,1.0000,0,-0.001813,0.00017962,-0.001813,8.290036,-0.205778
2024-11-12,2.6100,1.3800,1.5700,14.7100,73.8866,512.910000,461.301025,0.065748,-0.019125,1,1,1,1,1,5,5,5,1.0000,1.0000,0,-0.005448,0.00017962,-0.005448,8.244872,-0.210104
2024-11-13,2.6400,1.3600,1.5700,14.0200,74.4939,512.250000,461.735775,0.065599,-0.021012,1,1,1,1,1,5,5,5,1.0000,1.0000,0,-0.004382,0.00017962,-0.004382,8.208741,-0.213566
2024-11-14,2.6000,1.4100,1.5700,14.3100,72.6721,508.690000,462.194375,0.065796,-0.021463,1,1,1,1,1,5,5,5,1.0000,1.0000,0,-0.021152,0.00017848,-0.021152,8.035112,-0.230200
2024-11-15,2.7200,1.3900,1.5650,16.1400,71.2551,496.570000,462.567825,0.067648,0.000626,1,1,1,1,0,4,3,5,1.0000,1.0000,0,-0.072321,0.00017886,-0.072321,7.454007,-0.285873
2024-11-18,2.7200,1.4100,1.5600,15.5800,71.8623,500.020000,462.922875,0.067959,0.013643,1,1,1,1,0,4,3,4,1.0000,1.0000,0,0.020197,0.00017848,0.020197,7.604552,-0.271450
2024-11-19,2.6900,1.4200,1.5600,16.3500,71.4575,503.460000,463.297925,0.068143,0.007185,1,1,1,1,0,4,3,4,1.0000,1.0000,0,0.020061,0.00017962,0.020061,7.757105,-0.256835
2024-11-20,2.6700,1.4200,1.5600,17.1600,71.8623,503.170000,463.675825,0.068154,0.017247,1,1,1,1,0,4,3,4,1.0000,1.0000,0,-0.001164,0.00017924,-0.001164,7.748072,-0.257700
2024-11-21,2.6100,1.4300,1.5600,16.8700,73.4818,504.980000,464.040775,0.068969,0.024019,1,1,1,1,0,4,3,4,1.0000,1.0000,0,0.009845,0.00017924,0.009845,7.824349,-0.250392
2024-11-22,2.6100,1.4300,1.5600,15.2400,74.2915,505.790000,464.405775,0.068387,0.009120,1,1,1,1,0,4,3,4,1.0000,1.0000,0,0.003720,0.00017962,0.003720,7.853454,-0.247604
2024-11-25,2.6400,1.4300,1.5600,14.6000,78.1377,506.590000,464.753475,0.068281,0.009551,1,1,1,1,0,4,3,4,1.0000,1.0000,0,0.004601,0.00017962,0.004601,7.889585,-0.244143
2024-11-26,2.6800,1.4200,1.5600,14.1000,77.7328,509.310000,465.123325,0.069009,0.000236,1,1,1,1,0,4,3,4,1.0000,1.0000,0,0.015520,0.00017924,0.015520,8.012029,-0.232412
2024-11-27,2.6900,1.4300,1.5600,14.1000,77.7328,505.300000,465.507075,0.069218,-0.007899,1,1,1,1,1,5,5,4,1.0000,1.0000,0,-0.024176,0.00017886,-0.024176,7.818327,-0.250969
2024-11-29,2.7200,1.4300,1.5600,13.5100,78.3401,509.740000,465.889675,0.068816,-0.014251,1,1,1,1,1,5,5,5,1.0000,1.0000,0,0.025546,0.00017848,0.025546,8.018050,-0.231835
2024-12-02,2.6800,1.4400,1.5550,13.3400,78.3401,515.290000,466.293575,0.067218,-0.048059,1,1,1,1,1,5,5,5,1.0000,1.0000,0,0.032420,0.00017772,0.032420,8.277992,-0.206931
2024-12-03,2.6600,1.4100,1.5500,13.3000,76.7206,516.870000,466.725075,0.066608,-0.056067,1,1,1,1,1,5,5,5,1.0000,1.0000,0,0.008851,0.00017507,0.008851,8.351258,-0.199912
2024-12-04,2.6600,1.4000,1.5500,13.4500,75.7085,523.260000,467.204775,0.066188,-0.063139,1,1,1,1,1,5,5,5,1.0000,1.0000,0,0.036534,0.00017431,0.036534,8.656363,-0.170682
2024-12-05,2.6600,1.3900,1.5500,13.5400,73.6842,521.810000,467.685775,0.066503,-0.050099,1,1,1,1,1,5,5,5,1.0000,1.0000,0,-0.008232,0.00017355,-0.008232,8.585105,-0.177509
2024-12-06,2.6700,1.4000,1.5500,12.7700,72.8745,526.480000,468.127825,0.065555,-0.058220,1,1,1,1,1,5,5,5,1.0000,1.0000,0,0.025719,0.00017317,0.025719,8.805905,-0.156355
2024-12-09,2.6700,1.4200,1.5500,14.1900,73.8866,522.380000,468.555825,0.065067,-0.074014,1,1,1,1,1,5,5,5,1.0000,1.0000,0,-0.023364,0.00017165,-0.023364,8.600159,-0.176066
2024-12-10,2.6700,1.4200,1.5500,14.1800,70.6478,520.600000,468.976075,0.064798,-0.083886,1,1,1,1,1,5,5,5,1.0000,1.0000,0,-0.010853,0.00017165,-0.010853,8.506821,-0.185009
2024-12-11,2.6400,1.4100,1.5500,13.5800,69.2308,529.920000,469.437675,0.063897,-0.097172,1,1,1,1,1,5,5,5,1.0000,1.0000,0,0.053445,0.00017127,0.053445,8.961469,-0.141451
2024-12-12,2.6600,1.4200,1.5500,13.9200,69.2308,526.500000,469.893825,0.064195,-0.087810,1,1,1,1,1,5,5,5,1.0000,1.0000,0,-0.019823,0.00017013,-0.019823,8.783825,-0.158470
2024-12-13,2.6800,1.4400,1.5500,13.8100,67.6113,530.530000,470.351475,0.064249,-0.063069,1,1,1,1,1,5,5,5,1.0000,1.0000,0,0.021481,0.00016898,0.021481,8.972508,-0.140394
2024-12-16,2.6900,1.4200,1.5500,14.6900,65.7895,538.170000,470.814275,0.063465,-0.106034,1,1,1,1,1,5,5,5,1.0000,1.0000,0,0.043512,0.00016860,0.043512,9.362923,-0.102990
2024-12-17,2.7500,1.4200,1.5500,15.8700,64.3725,535.800000,471.273175,0.063463,-0.105961,1,1,1,1,1,5,5,5,1.0000,1.0000,0,-0.013399,0.00016974,-0.013399,9.237468,-0.115009
2024-12-18,2.7300,1.3900,1.5450,27.6200,57.6923,516.470000,471.675275,0.063869,-0.087279,1,0,1,1,1,4,3,5,1.0000,1.0000,0,-0.108105,0.00017013,-0.108105,8.238850,-0.210681
2024-12-19,2.9100,1.3700,1.5400,24.0900,56.4777,514.170000,472.052175,0.064178,-0.089910,1,0,1,1,1,4,3,4,1.0000,1.0000,0,-0.014131,0.00016936,-0.014131,8.122429,-0.221835
2024-12-20,2.8600,1.4000,1.5400,18.3600,58.7045,518.660000,472.418225,0.064645,-0.073123,1,1,1,1,1,5,5,4,1.0000,1.0000,0,0.025948,0.00016898,0.025948,8.333192,-0.201643
2024-12-23,2.8500,1.4300,1.5400,16.7800,58.9069,522.870000,472.837475,0.063949,-0.094847,1,1,1,1,1,5,5,5,1.0000,1.0000,0,0.024449,0.00016860,0.024449,8.536930,-0.182124
2024-12-24,2.8600,1.4200,1.5400,14.2700,61.1336,529.960000,473.300325,0.063596,-0.101230,1,1,1,1,1,5,5,5,1.0000,1.0000,0,0.039737,0.00016936,0.039737,8.876159,-0.149624
2024-12-26,2.8600,1.3900,1.5400,14.7300,61.3360,529.600000,473.730025,0.063442,-0.120542,1,1,1,1,1,5,5,5,1.0000,1.0000,0,-0.002148,0.00017089,-0.002148,8.857090,-0.151451
2024-12-27,2.8400,1.4000,1.5400,15.9500,60.1215,522.560000,474.141575,0.063932,-0.112128,1,1,1,1,1,5,5,5,1.0000,1.0000,0,-0.040680,0.00016898,-0.040680,8.496785,-0.185970
2024-12-30,2.9400,1.4000,1.5400,17.4000,57.8947,515.610000,474.523725,0.064398,-0.105671,1,1,1,1,1,5,5,5,1.0000,1.0000,0,-0.040161,0.00016746,-0.040161,8.155549,-0.218662
2024-12-31,2.9200,1.4300,1.5400,17.3500,57.4899,511.230000,474.910275,0.064573,-0.091981,1,1,1,1,1,5,5,5,1.0000,1.0000,0,-0.026212,0.00016974,-0.026212,7.941774,-0.239143
2025-01-02,2.8800,1.4200,1.5400,17.9300,56.6802,510.230000,475.274025,0.065228,-0.069563,1,1,1,1,1,5,5,5,1.0000,1.0000,0,-0.006319,0.00016974,-0.006319,7.891592,-0.243950
2025-01-03,2.8100,1.4500,1.5400,16.1300,58.0972,518.580000,475.674075,0.065107,-0.062961,1,1,1,1,1,5,5,5,1.0000,1.0000,0,0.047946,0.00016936,0.047946,8.269963,-0.207701
2025-01-06,2.7600,1.4400,1.5400,16.0400,56.2500,524.540000,476.077925,0.064012,-0.064311,1,1,1,1,1,5,5,5,1.0000,1.0000,0,0.034102,0.00016860,0.034102,8.551985,-0.180682
2025-01-07,2.7900,1.4400,1.5350,17.8200,55.6452,515.180000,476.424475,0.064582,-0.053901,1,1,1,1,1,5,5,5,1.0000,1.0000,0,-0.053867,0.00016898,-0.053867,8.091316,-0.224816
2025-01-08,2.8400,1.4700,1.5300,17.7000,57.0565,515.270000,476.768925,0.064471,-0.057982,1,1,1,1,1,5,5,5,1.0000,1.0000,0,0.000744,0.00016898,0.000744,8.097338,-0.224239
2025-01-10,2.8100,1.4800,1.5300,19.5400,52.9175,507.190000,477.081075,0.065100,-0.051639,1,1,1,1,1,5,5,5,1.0000,1.0000,0,-0.047719,0.00016898,-0.047719,7.710938,-0.261258
2025-01-13,2.8500,1.4200,1.5300,19.1900,55.6225,505.560000,477.392275,0.064243,-0.076093,1,1,1,1,1,5,5,5,1.0000,1.0000,0,-0.010413,0.00016936,-0.010413,7.630647,-0.268950
2025-01-14,2.8000,1.4400,1.5300,18.7100,58.6345,505.080000,477.693525,0.064996,-0.079242,1,1,1,1,1,5,5,5,1.0000,1.0000,0,-0.003551,0.00016974,-0.003551,7.603549,-0.271546
2025-01-15,2.7200,1.4400,1.5300,16.1200,58.8353,516.700000,478.056975,0.064771,-0.075470,1,1,1,1,1,5,5,5,1.0000,1.0000,0,0.067582,0.00016936,0.067582,8.117410,-0.222316
2025-01-16,2.7300,1.4400,1.5300,16.6000,61.8474,513.080000,478.397625,0.066535,-0.051352,1,1,1,1,1,5,5,5,1.0000,1.0000,0,-0.020401,0.00016898,-0.020401,7.951810,-0.238181
2025-01-17,2.6400,1.4600,1.5300,15.9700,62.2490,521.740000,478.800775,0.065966,-0.058081,1,1,1,1,1,5,5,5,1.0000,1.0000,0,0.049350,0.00016860,0.049350,8.344232,-0.200585
2025-01-21,2.6100,1.4600,1.5300,15.0600,64.2570,524.800000,479.214275,0.066371,-0.049683,1,1,1,1,1,5,5,5,1.0000,1.0000,0,0.016599,0.00016860,0.016599,8.482734,-0.187316
2025-01-22,2.5900,1.4600,1.5300,15.1000,63.2530,531.510000,479.695125,0.064574,-0.095496,1,1,1,1,1,5,5,5,1.0000,1.0000,0,0.038807,0.00016936,0.038807,8.811927,-0.155778
2025-01-23,2.6100,1.4300,1.5300,15.0200,63.8554,532.640000,480.155875,0.064526,-0.088216,1,1,1,1,1,5,5,5,1.0000,1.0000,0,0.006150,0.00016936,0.006150,8.866123,-0.150586
2025-01-24,2.6000,1.4300,1.5300,14.8500,64.0562,529.630000,480.601025,0.065373,-0.061034,1,1,1,1,1,5,5,5,1.0000,1.0000,0,-0.017999,0.00016936,-0.017999,8.706545,-0.165874
2025-01-27,2.6600,1.4300,1.5300,17.9000,67.0683,514.210000,480.960925,0.064776,-0.073396,1,1,1,1,1,5,5,5,1.0000,1.0000,0,-0.087723,0.00016898,-0.087723,7.942778,-0.239046
2025-01-28,2.6600,1.4500,1.5300,16.4100,65.0602,521.810000,481.378125,0.063340,-0.073161,1,1,1,1,1,5,5,5,1.0000,1.0000,0,0.044352,0.00016784,0.044352,8.295054,-0.205297
2025-01-29,2.6800,1.4500,1.5300,16.5600,62.6506,520.830000,481.755425,0.063758,-0.067299,1,1,1,1,1,5,5,5,1.0000,1.0000,0,-0.006171,0.00016746,-0.006171,8.243869,-0.210201
2025-01-30,2.6700,1.4500,1.5250,15.8400,65.2610,523.050000,482.179325,0.064740,-0.083659,1,1,1,1,1,5,5,5,1.0000,1.0000,0,0.012540,0.00016746,0.012540,8.347243,-0.200297
2025-01-31,2.6800,1.4500,1.5200,16.4300,63.6546,522.290000,482.635475,0.064704,-0.057101,1,1,1,1,1,5,5,5,1.0000,1.0000,0,-0.005411,0.00016708,-0.005411,8.302079,-0.204624
2025-02-03,2.7300,1.4500,1.5200,18.6200,62.2490,518.110000,483.070525,0.065493,-0.034820,1,1,1,1,1,5,5,5,1.0000,1.0000,0,-0.024178,0.00016746,-0.024178,8.101352,-0.223854
2025-02-04,2.7100,1.4600,1.5150,17.2100,60.8434,524.470000,483.563675,0.064484,-0.053060,1,1,1,1,1,5,5,5,1.0000,1.0000,0,0.036298,0.00016860,0.036298,8.395418,-0.195682
2025-02-05,2.6900,1.4600,1.5100,15.7700,62.8514,526.850000,484.080925,0.064869,-0.011468,1,1,1,1,1,5,5,5,1.0000,1.0000,0,0.013030,0.00016822,0.013030,8.504814,-0.185201
2025-02-06,2.6600,1.4500,1.5100,15.5000,61.6466,529.600000,484.655675,0.064570,-0.010130,1,1,1,1,1,5,5,5,1.0000,1.0000,0,0.014987,0.00016822,0.014987,8.632276,-0.172989
2025-02-07,2.6700,1.4400,1.5100,16.5400,61.0442,522.920000,485.176175,0.065033,-0.017448,1,1,1,1,1,5,5,5,1.0000,1.0000,0,-0.038135,0.00016860,-0.038135,8.303083,-0.204528
2025-02-10,2.6600,1.4500,1.5100,15.8100,62.6506,529.250000,485.696925,0.065297,-0.015335,1,1,1,1,1,5,5,5,1.0000,1.0000,0,0.035175,0.00016898,0.035175,8.595141,-0.176547
2025-02-11,2.6600,1.4500,1.5100,16.0200,62.0482,527.990000,486.204325,0.065578,-0.002623,1,1,1,1,1,5,5,5,1.0000,1.0000,0,-0.007123,0.00016898,-0.007123,8.533919,-0.182412
2025-02-12,2.6500,1.4600,1.5050,15.8900,60.2410,528.300000,486.723575,0.065674,0.001155,1,1,1,1,0,4,3,5,1.0000,1.0000,0,0.001999,0.00016898,0.001999,8.550981,-0.180778
2025-02-13,2.6500,1.4500,1.5000,15.1000,62.6506,535.900000,487.248075,0.065135,-0.010316,1,1,1,1,1,5,5,4,1.0000,1.0000,0,0.042136,0.00016898,0.042136,8.911287,-0.146259
2025-02-14,2.6200,1.4400,1.5000,14.7700,62.0482,538.150000,487.775075,0.064868,-0.042780,1,1,1,1,1,5,5,5,1.0000,1.0000,0,0.011713,0.00016860,0.011713,9.015665,-0.136259
2025-02-18,2.6200,1.4600,1.4950,15.3500,61.6466,539.370000,488.348975,0.065283,-0.040935,1,1,1,1,1,5,5,5,1.0000,1.0000,0,0.006234,0.00016860,0.006234,9.071868,-0.130874
2025-02-19,2.6800,1.4400,1.4900,15.2700,63.8554,539.520000,488.939000,0.065472,-0.040698,1,1,1,1,1,5,5,5,1.0000,1.0000,0,0.000111,0.00016860,0.000111,9.072872,-0.130778
2025-02-20,2.6600,1.4600,1.4900,15.6600,63.6546,537.230000,489.490650,0.065738,-0.036648,1,1,1,1,1,5,5,5,1.0000,1.0000,0,-0.012168,0.00016860,-0.012168,8.962472,-0.141355
2025-02-21,2.7800,1.4700,1.4900,18.2100,61.0442,526.080000,489.943650,0.066898,-0.030344,1,1,1,1,1,5,5,5,1.0000,1.0000,0,-0.062598,0.00016822,-0.062598,8.401439,-0.195105
2025-02-24,2.7800,1.4900,1.4900,18.9800,60.8434,519.870000,490.341750,0.066869,-0.022253,1,1,1,1,1,5,5,5,1.0000,1.0000,0,-0.035957,0.00016784,-0.035957,8.099345,-0.224047
2025-02-25,2.8400,1.4800,1.4900,19.4300,61.0442,513.320000,490.706750,0.066867,-0.020597,1,1,1,1,1,5,5,5,1.0000,1.0000,0,-0.038166,0.00016746,-0.038166,7.790225,-0.253662
2025-02-26,2.8100,1.5000,1.4900,19.1000,60.2410,514.560000,491.079250,0.067111,-0.027222,0,1,1,1,1,4,3,5,1.0000,1.0000,0,0.006442,0.00016708,0.006442,7.840407,-0.248854
2025-02-27,2.8100,1.5100,1.4900,21.1300,57.4297,500.270000,491.375500,0.066687,-0.035734,0,0,1,1,1,3,1,4,1.0000,1.0000,0,-0.082949,0.00016746,-0.082949,7.190050,-0.311161
2025-02-28,2.8700,1.5200,1.4900,19.6300,60.2410,508.170000,491.706050,0.066663,-0.030846,0,1,1,1,1,4,3,3,0.0000,0.0000,1,0.045784,0.00016784,-0.002712,7.170551,-0.313029
2025-03-03,2.9400,1.5700,1.4900,22.7800,57.2289,497.050000,491.975900,0.067946,0.010473,0,0,1,1,0,2,-1,4,1.0000,1.0000,1,-0.064602,0.00016784,-0.082392,6.579757,-0.369630
2025-03-04,2.9900,1.6100,1.4900,23.5100,50.2008,495.550000,492.224000,0.067642,0.014835,0,0,1,1,0,2,-1,2,0.0000,0.0000,1,-0.010987,0.00016898,-0.019032,6.454532,-0.381627
2025-03-05,2.8800,1.6100,1.4900,21.9300,52.6104,502.010000,492.469550,0.066451,0.003810,0,0,1,1,0,2,-1,2,0.0000,0.0000,0,0.038955,0.00016860,0.000169,6.455620,-0.381523
2025-03-06,2.9900,1.5700,1.4900,24.8700,48.3936,488.200000,492.650650,0.066246,-0.003649,0,0,0,0,1,1,-3,2,0.0000,0.0000,0,-0.082905,0.00016898,0.000169,6.456711,-0.381418
2025-03-07,2.9700,1.5900,1.4900,23.3700,51.2048,491.790000,492.850850,0.067101,0.022350,0,0,1,0,0,1,-3,1,0.0000,0.0000,0,0.020745,0.00016860,0.000169,6.457799,-0.381314
2025-03-10,3.1600,1.6100,1.4900,27.8600,44.3775,472.730000,492.939950,0.069696,0.065942,0,0,0,0,0,0,-5,1,0.0000,0.0000,0,-0.112743,0.00016860,0.000169,6.458888,-0.381210
2025-03-11,3.2200,1.6400,1.4900,26.9200,38.9558,471.600000,493.018950,0.069623,0.068682,0,0,0,0,0,0,-5,0,0.0000,0.0000,0,-0.011704,0.00016822,0.000168,6.459975,-0.381106
2025-03-12,3.2000,1.6800,1.4900,24.2300,38.1526,476.920000,493.125000,0.069041,0.074063,0,0,0,0,0,0,-5,0,0.0000,0.0000,0,0.034174,0.00016860,0.000169,6.461064,-0.381001
2025-03-13,3.4000,1.6500,1.4900,24.6600,33.9357,468.340000,493.198400,0.070146,0.084587,0,0,0,0,0,0,-5,0,0.0000,0.0000,0,-0.054638,0.00016898,0.000169,6.462156,-0.380897
2025-03-14,3.2500,1.7000,1.4900,21.7700,40.3614,479.660000,493.306950,0.070068,0.084362,0,0,0,0,0,0,-5,0,0.0000,0.0000,0,0.070947,0.00016860,0.000169,6.463245,-0.380792
2025-03-17,3.1800,1.6500,1.4900,20.5100,44.1767,482.770000,493.422400,0.069823,0.093632,0,0,0,0,0,0,-5,0,0.0000,0.0000,0,0.019389,0.00016822,0.000168,6.464333,-0.380688
2025-03-18,3.2300,1.6300,1.4900,21.7000,41.7671,474.540000,493.512900,0.070096,0.097028,0,0,0,0,0,0,-5,0,0.0000,0.0000,0,-0.050404,0.00016860,0.000169,6.465422,-0.380584
2025-03-19,3.1900,1.6300,1.4900,19.9000,44.3775,480.890000,493.659600,0.069596,0.086743,0,1,0,0,0,1,-3,0,0.0000,0.0000,0,0.038892,0.00016860,0.000169,6.466513,-0.380479
2025-03-20,3.1700,1.6400,1.4900,19.8000,43.3735,479.260000,493.798250,0.070081,0.088734,0,1,0,0,0,1,-3,1,0.0000,0.0000,0,-0.010283,0.00016822,0.000168,6.467600,-0.380375
2025-03-21,3.2100,1.6400,1.4900,19.2800,42.3695,480.840000,493.936800,0.069816,0.076316,0,1,0,0,0,1,-3,1,0.0000,0.0000,0,0.009416,0.00016822,0.000168,6.468688,-0.380271
2025-03-24,3.0500,1.6800,1.4900,17.4800,47.3896,490.660000,494.118250,0.068083,0.062398,0,1,0,0,0,1,-3,1,0.0000,0.0000,0,0.063525,0.00016822,0.000168,6.469777,-0.380167
2025-03-25,3.0900,1.6400,1.4900,17.1500,47.5904,493.460000,494.267900,0.066833,0.048727,0,1,0,0,0,1,-3,1,0.0000,0.0000,0,0.017844,0.00016822,0.000168,6.470865,-0.380062
2025-03-26,3.1900,1.6600,1.4900,18.3300,46.7871,484.380000,494.373550,0.068089,0.069272,0,1,0,0,0,1,-3,1,0.0000,0.0000,0,-0.058387,0.00016822,0.000168,6.471954,-0.379958
2025-03-27,3.2700,1.6600,1.4900,18.6900,44.5783,481.620000,494.466850,0.068253,0.064422,0,1,0,0,0,1,-3,1,0.0000,0.0000,0,-0.017040,0.00016822,0.000168,6.473042,-0.379854
2025-03-28,3.4700,1.6800,1.4900,21.6500,39.7590,468.940000,494.487400,0.070169,0.084657,0,0,0,0,0,0,-5,1,0.0000,0.0000,0,-0.079615,0.00016822,0.000168,6.474131,-0.379749
2025-03-31,3.5500,1.7300,1.4900,22.2800,42.7711,468.920000,494.491900,0.070479,0.087289,0,0,0,0,0,0,-5,0,0.0000,0.0000,0,-0.000698,0.00016822,0.000168,6.475220,-0.379645
2025-04-01,3.5000,1.7600,1.4900,21.7700,42.1687,472.700000,494.484650,0.070458,0.076936,0,0,0,0,0,0,-5,0,0.0000,0.0000,0,0.023037,0.00016784,0.000168,6.476307,-0.379541
2025-04-02,3.4200,1.7300,1.4900,21.5100,45.3815,476.150000,494.481800,0.070343,0.076696,0,0,0,0,0,0,-5,0,0.0000,0.0000,0,0.022347,0.00016784,0.000168,6.477394,-0.379437
2025-04-03,4.0100,1.7300,1.4950,30.0200,35.3414,450.660000,494.339150,0.073523,0.133952,0,0,0,0,0,0,-5,0,0.0000,0.0000,0,-0.160687,0.00016784,0.000168,6.478481,-0.379333
2025-04-04,4.4500,1.8900,1.4950,45.3100,20.2811,422.670000,494.027200,0.073751,0.121871,0,0,0,0,0,0,-5,0,0.0000,0.0000,0,-0.183101,0.00016746,0.000167,6.479566,-0.379229
2025-04-07,4.6100,1.9400,1.5000,46.9800,18.2731,423.690000,493.719600,0.072753,0.109910,0,0,0,0,0,0,-5,0,0.0000,0.0000,0,0.003894,0.00016632,0.000166,6.480644,-0.379125
2025-04-08,4.5700,2.0200,1.5000,52.3300,17.0683,416.060000,493.392550,0.073608,0.111777,0,0,0,0,0,0,-5,0,0.0000,0.0000,0,-0.056970,0.00016670,0.000167,6.481724,-0.379022
2025-04-09,4.3700,2.0000,1.5050,33.6200,29.1165,466.000000,493.321650,0.069237,0.073366,0,0,0,0,0,0,-5,0,0.0000,0.0000,0,0.352442,0.00016746,0.000167,6.482810,-0.378918
2025-04-10,4.4200,2.0200,1.5100,40.7200,24.8996,446.180000,493.182750,0.071867,0.095254,0,0,0,0,0,0,-5,0,0.0000,0.0000,0,-0.122980,0.00016898,0.000169,6.483905,-0.378813
2025-04-11,4.2600,1.9700,1.5100,37.5600,28.1124,454.400000,493.057850,0.071469,0.093141,0,0,0,0,0,0,-5,0,0.0000,0.0000,0,0.052883,0.00016860,0.000169,6.484998,-0.378708
2025-04-14,4.1400,1.9000,1.5100,30.8900,29.7189,457.480000,492.943400,0.072053,0.075560,0,0,0,0,0,0,-5,0,0.0000,0.0000,0,0.020996,0.00016860,0.000169,6.486092,-0.378603
2025-04-15,4.0900,1.9000,1.5100,30.1200,29.3173,457.990000,492.825300,0.072246,0.085641,0,0,0,0,0,0,-5,0,0.0000,0.0000,0,0.003831,0.00016822,0.000168,6.487183,-0.378499
2025-04-16,4.1600,1.9000,1.5150,32.6400,27.9116,444.180000,492.650650,0.073222,0.089980,0,0,0,0,0,0,-5,0,0.0000,0.0000,0,-0.090380,0.00016822,0.000168,6.488274,-0.378394
2025-04-17,4.0200,1.9200,1.5200,29.6500,29.9197,444.100000,492.461550,0.073868,0.124944,0,0,0,0,0,0,-5,0,0.0000,0.0000,0,-0.002870,0.00016822,0.000168,6.489366,-0.378290
2025-04-21,4.1600,1.9200,1.5200,33.8200,24.2972,433.110000,492.192200,0.073879,0.122154,0,0,0,0,0,0,-5,0,0.0000,0.0000,0,-0.073074,0.00016860,0.000169,6.490460,-0.378185
2025-04-22,3.9900,1.9600,1.5200,30.5700,29.2585,444.480000,491.959400,0.073969,0.114025,0,0,0,0,0,0,-5,0,0.0000,0.0000,0,0.076445,0.00016860,0.000169,6.491554,-0.378080
2025-04-23,3.7500,1.9300,1.5250,28.4500,29.8597,454.560000,491.751400,0.073148,0.115453,0,0,0,0,0,0,-5,0,0.0000,0.0000,0,0.066356,0.00016822,0.000168,6.492646,-0.377976
2025-04-24,3.7300,1.8600,1.5300,26.4700,33.2665,467.350000,491.601450,0.071750,0.120082,0,0,0,0,0,0,-5,0,0.0000,0.0000,0,0.085120,0.00016822,0.000168,6.493738,-0.377871
2025-04-25,3.6700,1.8600,1.5300,24.8400,33.6673,472.560000,491.475400,0.071017,0.104182,0,0,0,0,0,0,-5,0,0.0000,0.0000,0,0.032988,0.00016784,0.000168,6.494828,-0.377766
2025-04-28,3.7300,1.8400,1.5300,25.1500,34.2685,472.410000,491.322650,0.071426,0.094032,0,0,0,0,0,0,-5,0,0.0000,0.0000,0,-0.000743,0.00016784,0.000168,6.495918,-0.377662
2025-04-29,3.7400,1.8700,1.5300,24.1700,35.8717,475.530000,491.240650,0.071529,0.097160,0,0,0,0,0,0,-5,0,0.0000,0.0000,0,0.019509,0.00016784,0.000168,6.497009,-0.377558
2025-04-30,3.9400,1.8800,1.5300,24.7000,36.8737,475.470000,491.143550,0.071140,0.079982,0,0,0,0,0,0,-5,0,0.0000,0.0000,0,0.000182,0.00016746,0.000167,6.498097,-0.377453
2025-05-01,3.7800,1.9600,1.5300,24.6000,36.6733,481.680000,491.071200,0.070845,0.091555,0,0,0,0,0,0,-5,0,0.0000,0.0000,0,0.034439,0.00016746,0.000167,6.499185,-0.377349
2025-05-02,3.6000,1.9500,1.5350,22.6800,42.0842,488.830000,491.033650,0.070356,0.079346,0,0,0,0,0,0,-5,0,0.0000,0.0000,0,0.046856,0.00016746,0.000167,6.500273,-0.377245
2025-05-05,3.6000,1.9000,1.5400,23.6400,41.2826,485.930000,491.054450,0.070584,0.086571,0,0,0,0,0,0,-5,0,0.0000,0.0000,0,-0.017331,0.00016822,0.000168,6.501367,-0.377140
2025-05-06,3.6600,1.9100,1.5400,24.7600,38.2766,481.410000,491.064050,0.072047,0.100318,0,0,0,0,0,0,-5,0,0.0000,0.0000,0,-0.028425,0.00016822,0.000168,6.502460,-0.377035
2025-05-07,3.6700,1.9500,1.5400,23.5500,41.8838,483.300000,491.104350,0.071950,0.094531,0,0,0,0,0,0,-5,0,0.0000,0.0000,0,0.011632,0.00016822,0.000168,6.503554,-0.376930
2025-05-08,3.5100,1.9500,1.5400,22.4800,43.2866,488.290000,491.134200,0.070877,0.075438,0,0,0,0,0,0,-5,0,0.0000,0.0000,0,0.029791,0.00016860,0.000169,6.504651,-0.376825
2025-05-09,3.5300,1.8900,1.5400,21.9000,43.8878,487.970000,491.170950,0.071092,0.077163,0,0,0,0,0,0,-5,0,0.0000,0.0000,0,-0.002368,0.00016860,0.000169,6.505748,-0.376720
2025-05-12,3.1500,1.8900,1.5400,18.3900,52.3904,507.850000,491.393300,0.068406,0.048010,0,1,1,1,0,3,1,0,0.0000,0.0000,0,0.121079,0.00016860,0.000169,6.506844,-0.376615
2025-05-13,3.0900,1.8200,1.5400,18.2200,51.9920,515.590000,491.679900,0.067863,0.044447,0,1,1,1,0,3,1,3,0.0000,0.0000,0,0.045833,0.00017165,0.000172,6.507961,-0.376508
2025-05-14,3.1000,1.8200,1.5400,18.6200,50.7968,518.680000,491.958450,0.067479,0.032321,0,1,1,1,0,3,1,3,0.0000,0.0000,0,0.017645,0.00017127,0.000171,6.509076,-0.376401
2025-05-15,3.2000,1.8000,1.5450,17.8300,54.5817,519.250000,492.235200,0.068582,0.045755,0,1,1,1,0,3,1,3,0.0000,0.0000,0,0.003127,0.00017127,0.000171,6.510191,-0.376295
2025-05-16,3.1600,1.8300,1.5500,17.2400,57.0577,521.510000,492.555100,0.069152,0.050558,0,1,1,1,0,3,1,3,0.0000,0.0000,0,0.012326,0.00017013,0.000170,6.511298,-0.376189
2025-05-19,3.2100,1.8200,1.5500,18.1400,56.7460,522.010000,492.809800,0.069370,0.036639,0,1,1,1,0,3,1,3,0.0000,0.0000,0,0.002659,0.00016974,0.000170,6.512403,-0.376083
2025-05-20,3.2000,1.8400,1.5500,18.0900,55.3571,520.270000,493.112850,0.069807,0.043610,0,1,1,1,0,3,1,3,0.0000,0.0000,0,-0.010469,0.00017051,0.000171,6.513514,-0.375976
2025-05-21,3.2500,1.8200,1.5500,20.8700,50.0000,513.040000,493.434300,0.069708,0.041675,0,0,0,1,0,1,-3,3,0.0000,0.0000,0,-0.041614,0.00017013,0.000170,6.514622,-0.375870
2025-05-22,3.3200,1.8500,1.5500,20.2800,49.0079,514.000000,493.827450,0.068686,0.023018,0,0,0,1,0,1,-3,1,0.0000,0.0000,0,0.005152,0.00016936,0.000169,6.515725,-0.375764
2025-05-23,3.4000,1.8700,1.5500,22.2900,47.4206,509.240000,494.176000,0.069987,0.048984,0,0,0,1,0,1,-3,1,0.0000,0.0000,0,-0.028848,0.00016974,0.000170,6.516831,-0.375658
2025-05-27,3.2400,1.8800,1.5500,18.9600,52.3810,521.220000,494.608250,0.069077,0.036026,0,1,1,1,0,3,1,1,0.0000,0.0000,0,0.069662,0.00016936,0.000169,6.517935,-0.375553
2025-05-28,3.2300,1.8400,1.5550,19.3100,48.8095,518.910000,494.962450,0.068509,0.008343,0,1,0,1,0,2,-1,3,0.0000,0.0000,0,-0.012828,0.00016898,0.000169,6.519036,-0.375447
2025-05-29,3.2200,1.8300,1.5600,19.1800,50.1984,519.930000,495.310050,0.068715,0.016217,0,1,1,1,0,3,1,2,0.0000,0.0000,0,0.004855,0.00016898,0.000169,6.520138,-0.375342
2025-05-30,3.3100,1.8100,1.5600,18.5700,50.7937,519.110000,495.648700,0.069496,0.046312,0,1,1,1,0,3,1,3,0.0000,0.0000,0,-0.005258,0.00016936,0.000169,6.521242,-0.375236
2025-06-02,3.2700,1.8400,1.5600,18.3600,49.8016,523.210000,495.951850,0.069326,0.048104,0,1,0,1,0,2,-1,3,0.0000,0.0000,0,0.023000,0.00016936,0.000169,6.522347,-0.375130
2025-06-03,3.1900,1.8400,1.5600,17.6900,50.7937,527.300000,496.274700,0.069117,0.031092,0,1,1,1,0,3,1,2,0.0000,0.0000,0,0.023321,0.00017241,0.000172,6.523471,-0.375022
2025-06-04,3.2300,1.8100,1.5600,17.6100,50.5952,528.770000,496.546450,0.067927,-0.026971,0,1,1,1,1,4,3,3,0.0000,0.0000,0,0.008051,0.00017203,0.000172,6.524594,-0.374915
2025-06-05,3.1800,1.8000,1.5650,18.4800,48.8095,524.790000,496.795250,0.068148,-0.022610,0,1,0,1,1,3,1,4,1.0000,1.0000,1,-0.023284,0.00017241,-0.030920,6.322853,-0.394242
2025-06-06,3.0900,1.7700,1.5700,16.7700,51.3889,529.920000,497.038500,0.067755,-0.019963,0,1,1,1,1,4,3,3,0.0000,0.0000,1,0.028552,0.00017241,0.029177,6.507337,-0.376568
2025-06-09,3.1200,1.7300,1.5700,17.1600,51.3889,530.700000,497.290700,0.067261,-0.044733,0,1,1,1,1,4,3,4,1.0000,1.0000,1,0.004447,0.00017203,0.003067,6.527296,-0.374656
2025-06-10,3.1200,1.7200,1.5700,16.9500,53.7698,534.210000,497.549250,0.067039,-0.046320,0,1,1,1,1,4,3,4,1.0000,1.0000,0,0.019318,0.00017241,0.019318,6.653393,-0.362575
2025-06-11,3.1200,1.7100,1.5700,17.2600,52.1825,532.410000,497.837050,0.067273,-0.038728,0,1,1,1,1,4,3,4,1.0000,1.0000,0,-0.010266,0.00017279,-0.010266,6.585090,-0.369119
2025-06-12,3.1700,1.7400,1.5750,18.0200,53.1746,533.660000,498.105350,0.067818,-0.034970,0,1,1,1,1,4,3,4,1.0000,1.0000,0,0.006516,0.00017279,0.006516,6.627998,-0.365008
2025-06-13,3.1800,1.7300,1.5800,20.8200,49.4048,526.960000,498.363450,0.068191,-0.021252,0,0,0,1,1,2,-1,4,1.0000,1.0000,0,-0.037786,0.00017317,-0.037786,6.377555,-0.389002
2025-06-16,3.1000,1.7500,1.5800,19.1100,51.5873,534.290000,498.651100,0.067216,-0.043561,0,1,1,1,1,4,3,2,0.0000,0.0000,1,0.040780,0.00017279,0.018882,6.497974,-0.377465
2025-06-17,3.1700,1.7400,1.5800,21.6000,48.4127,529.080000,498.939750,0.067235,-0.039170,0,0,0,1,1,2,-1,4,1.0000,1.0000,1,-0.029551,0.00017203,-0.015025,6.400343,-0.386819
2025-06-18,3.1600,1.7400,1.5850,20.1400,48.0159,528.990000,499.231400,0.067421,-0.010117,0,0,0,1,1,2,-1,2,0.0000,0.0000,1,-0.001359,0.00017165,0.004693,6.430379,-0.383941
2025-06-20,3.1300,1.7700,1.5900,20.6200,48.0159,526.830000,499.484200,0.067965,0.017478,0,0,0,1,0,1,-3,2,0.0000,0.0000,0,-0.013749,0.00017165,0.000172,6.431483,-0.383835
2025-06-23,3.1200,1.7600,1.6000,19.8300,51.9841,531.650000,499.833400,0.067683,-0.006300,0,1,1,1,1,4,3,1,0.0000,0.0000,0,0.031056,0.00017051,0.000171,6.432580,-0.383730
2025-06-24,3.0600,1.7700,1.6100,17.4800,54.7619,539.780000,500.229250,0.067232,-0.016010,0,1,1,1,1,4,3,4,1.0000,1.0000,1,0.045515,0.00017013,0.015442,6.531913,-0.374214
2025-06-25,3.0400,1.7800,1.6100,16.7600,50.1984,541.160000,500.629850,0.066297,-0.060295,0,1,1,1,1,4,3,4,1.0000,1.0000,0,0.004866,0.00017013,0.004866,6.563695,-0.371169
2025-06-26,3.0400,1.7900,1.6150,16.5900,52.9762,546.220000,501.117500,0.066329,-0.064394,0,1,1,1,1,4,3,4,1.0000,1.0000,0,0.027396,0.00017013,0.027396,6.743510,-0.353942
2025-06-27,3.0200,1.8000,1.6200,16.3200,54.5635,548.090000,501.585650,0.066132,-0.067312,0,1,1,1,1,4,3,4,1.0000,1.0000,0,0.009798,0.00017051,0.009798,6.809582,-0.347612
2025-06-30,2.9600,1.7900,1.6250,16.7300,56.3492,551.640000,502.050550,0.066084,-0.066265,0,1,1,1,1,4,3,4,1.0000,1.0000,0,0.019406,0.00017051,0.019406,6.941726,-0.334952
2025-07-01,2.9100,1.7500,1.6300,16.8300,61.7063,546.990000,502.442400,0.066332,-0.112563,0,1,1,1,1,4,3,4,1.0000,1.0000,0,-0.025422,0.00017127,-0.025422,6.765256,-0.351858
2025-07-02,2.8800,1.7200,1.6300,16.6400,61.9048,550.800000,502.830300,0.065461,-0.138036,0,1,1,1,1,4,3,4,1.0000,1.0000,0,0.019904,0.00017089,0.019904,6.899908,-0.338958
2025-07-03,2.8000,1.7000,1.6350,16.3800,64.2857,556.220000,503.234700,0.065436,-0.124681,0,1,1,1,1,4,3,4,1.0000,1.0000,0,0.028000,0.00017127,0.028000,7.093106,-0.320449
2025-07-07,2.8600,1.6700,1.6400,17.7900,60.3175,552.030000,503.628650,0.066065,-0.128120,0,1,1,1,1,4,3,4,1.0000,1.0000,0,-0.022285,0.00017165,-0.022285,6.935035,-0.335593
2025-07-08,2.9200,1.7100,1.6400,16.8100,61.3095,552.340000,504.022900,0.065400,-0.062675,0,1,1,1,1,4,3,4,1.0000,1.0000,0,0.001327,0.00017165,0.001327,6.944235,-0.334711
2025-07-09,2.9400,1.7100,1.6400,15.9400,62.5000,556.250000,504.446950,0.065619,-0.103431,0,1,1,1,1,4,3,4,1.0000,1.0000,0,0.020715,0.00017165,0.020715,7.088088,-0.320930
2025-07-10,2.9200,1.7300,1.6400,15.7800,64.6825,555.450000,504.807400,0.065969,-0.090187,0,1,1,1,1,4,3,4,1.0000,1.0000,0,-0.004602,0.00017165,-0.004602,7.055470,-0.324054
2025-07-11,2.9700,1.7000,1.6450,16.4000,62.6984,554.200000,505.166200,0.066106,-0.095468,0,1,1,1,1,4,3,4,1.0000,1.0000,0,-0.007587,0.00017165,-0.007587,7.001943,-0.329183
2025-07-14,2.9500,1.7200,1.6500,17.2000,61.9048,556.210000,505.532050,0.066244,-0.096545,0,1,1,1,1,4,3,4,1.0000,1.0000,0,0.010631,0.00017127,0.010631,7.076379,-0.322051
2025-07-15,2.9500,1.7300,1.6500,17.3800,57.9365,556.720000,505.888800,0.065894,-0.118459,0,1,1,1,1,4,3,4,1.0000,1.0000,0,0.002600,0.00017165,0.002600,7.094778,-0.320289
2025-07-16,3.0000,1.7000,1.6500,17.1600,59.1270,557.290000,506.246150,0.065706,-0.131029,0,1,1,1,1,4,3,4,1.0000,1.0000,0,0.002829,0.00017165,0.002829,7.114851,-0.318366
2025-07-17,2.9100,1.7300,1.6500,16.5200,61.7063,561.800000,506.607800,0.065577,-0.137338,0,1,1,1,1,4,3,4,1.0000,1.0000,0,0.023275,0.00017127,0.023275,7.280449,-0.302501
2025-07-18,2.9300,1.7100,1.6500,16.4100,61.7063,561.260000,506.980350,0.066725,-0.116571,0,1,1,1,1,4,3,4,1.0000,1.0000,0,-0.003446,0.00017127,-0.003446,7.255358,-0.304904
2025-07-21,2.8900,1.7300,1.6500,16.6500,60.3175,564.170000,507.360850,0.066813,-0.101708,0,1,1,1,1,4,3,4,1.0000,1.0000,0,0.015216,0.00017089,0.015216,7.365757,-0.294328
2025-07-22,2.9000,1.7300,1.6500,16.5000,65.4762,561.250000,507.760750,0.067622,-0.066175,0,1,1,1,1,4,3,4,1.0000,1.0000,0,-0.015556,0.00017127,-0.015556,7.251176,-0.305305
2025-07-23,2.8300,1.7300,1.6500,15.3700,66.8651,563.810000,508.170050,0.066547,-0.072495,0,1,1,1,1,4,3,4,1.0000,1.0000,0,0.013149,0.00017127,0.013149,7.346521,-0.296171
2025-07-24,2.8200,1.7100,1.6550,15.3900,65.8730,565.010000,508.587150,0.066439,-0.080419,0,1,1,1,1,4,3,4,1.0000,1.0000,0,0.006603,0.00017127,0.006603,7.395029,-0.291523
2025-07-25,2.8400,1.6800,1.6600,14.9300,66.6667,566.370000,508.982400,0.066332,-0.083510,0,1,1,1,1,4,3,4,1.0000,1.0000,0,0.005655,0.00017165,0.005655,7.436847,-0.287517
2025-07-28,2.8200,1.6900,1.6600,15.0300,64.2857,568.140000,509.412600,0.065642,-0.088769,0,1,1,1,1,4,3,4,1.0000,1.0000,0,0.009728,0.00017165,0.009728,7.509191,-0.280586
2025-07-29,2.8600,1.6900,1.6600,15.9800,64.0873,567.260000,509.802400,0.066571,-0.068627,0,1,1,1,1,4,3,4,1.0000,1.0000,0,-0.004511,0.00017089,-0.004511,7.475319,-0.283831
2025-07-30,2.8900,1.7000,1.6600,15.4800,62.1032,568.020000,510.176750,0.067152,-0.050987,0,1,1,1,1,4,3,4,1.0000,1.0000,0,0.003468,0.00017089,0.003468,7.501246,-0.281347
2025-07-31,2.8600,1.6900,1.6650,16.7200,59.7222,565.010000,510.538850,0.067768,-0.044751,0,1,1,1,1,4,3,4,1.0000,1.0000,0,-0.016501,0.00017127,-0.016501,7.377466,-0.293206
2025-08-01,3.1300,1.6700,1.6700,20.3800,56.5476,553.880000,510.841450,0.069002,-0.047025,1,0,1,1,1,4,3,4,1.0000,1.0000,0,-0.059971,0.00017127,-0.059971,6.935035,-0.335593
2025-08-04,3.0200,1.7500,1.6700,17.5200,60.3175,564.100000,511.174450,0.069173,-0.043417,0,1,1,1,1,4,3,4,1.0000,1.0000,0,0.054752,0.00016898,0.054752,7.314739,-0.299215
2025-08-05,2.9800,1.7400,1.6700,17.8500,59.1270,560.270000,511.521550,0.068785,-0.032806,0,1,1,1,1,4,3,4,1.0000,1.0000,0,-0.020810,0.00016898,-0.020810,7.162523,-0.313798
2025-08-06,2.9800,1.7200,1.6700,16.7700,57.5397,567.320000,511.903600,0.067654,-0.054226,0,1,1,1,1,4,3,4,1.0000,1.0000,0,0.037366,0.00016860,0.037366,7.430156,-0.288158
2025-08-07,2.9500,1.7500,1.6700,16.5700,58.3333,569.240000,512.293550,0.068446,0.000635,0,1,1,1,0,3,1,4,1.0000,1.0000,0,0.010131,0.00016784,0.010131,7.505428,-0.280947
2025-08-08,2.9400,1.7400,1.6700,15.1500,59.5238,574.550000,512.693950,0.067626,-0.003798,0,1,1,1,1,4,3,3,0.0000,0.0000,1,0.026967,0.00016784,0.005371,7.545736,-0.277085
2025-08-11,2.9400,1.7400,1.6700,16.2500,58.1349,572.850000,513.081100,0.067548,0.001103,0,1,1,1,0,3,1,4,1.0000,1.0000,1,-0.008789,0.00016784,-0.009573,7.473499,-0.284005
2025-08-12,2.9300,1.7200,1.6700,14.7300,61.3095,580.050000,513.501550,0.067124,-0.023140,0,1,1,1,1,4,3,3,0.0000,0.0000,1,0.036891,0.00016860,0.011511,7.559525,-0.275764
2025-08-13,2.9000,1.7300,1.6700,14.4900,66.4683,580.340000,513.961450,0.067042,-0.033105,0,1,1,1,1,4,3,4,1.0000,1.0000,1,0.001478,0.00016822,-0.012421,7.465630,-0.284759
2025-08-14,2.8900,1.7100,1.6700,14.8300,63.2937,579.890000,514.399300,0.066571,-0.043753,0,1,1,1,1,4,3,4,1.0000,1.0000,0,-0.002741,0.00016670,-0.002741,7.445167,-0.286720
2025-08-15,2.8800,1.7100,1.6700,15.0900,63.2937,577.340000,514.809400,0.066533,-0.050901,0,1,1,1,1,4,3,4,1.0000,1.0000,0,-0.014165,0.00016708,-0.014165,7.339707,-0.296823
2025-08-18,2.8800,1.6900,1.6700,14.9900,63.2937,577.110000,515.217950,0.066260,-0.054594,0,1,1,1,1,4,3,4,1.0000,1.0000,0,-0.001287,0.00016708,-0.001287,7.330263,-0.297728
2025-08-19,2.9000,1.7000,1.6700,15.5700,65.0794,569.280000,515.563550,0.067270,-0.022618,0,1,1,1,1,4,3,4,1.0000,1.0000,0,-0.040799,0.00016822,-0.040799,7.031197,-0.326380
2025-08-20,2.9400,1.7100,1.6700,15.6900,65.4762,565.900000,515.911150,0.067520,-0.038841,0,1,1,1,1,4,3,4,1.0000,1.0000,0,-0.018245,0.00016708,-0.018245,6.902913,-0.338670
2025-08-21,2.9500,1.7300,1.6700,16.6000,65.2778,563.280000,516.308300,0.067328,-0.027232,0,1,1,1,1,4,3,4,1.0000,1.0000,0,-0.013909,0.00016708,-0.013909,6.806898,-0.347869
2025-08-22,2.8800,1.7200,1.6700,14.2200,70.6349,571.970000,516.731000,0.066666,-0.029548,0,1,1,1,1,4,3,4,1.0000,1.0000,0,0.044976,0.00016784,0.044976,7.113047,-0.318538
2025-08-25,2.8000,1.7300,1.6700,14.7900,67.2619,570.320000,517.152550,0.066205,-0.039759,0,1,1,1,1,4,3,4,1.0000,1.0000,0,-0.008741,0.00016594,-0.008741,7.050872,-0.324495
2025-08-26,2.7800,1.7000,1.6700,14.6200,66.4683,572.610000,517.554550,0.066077,-0.053852,0,1,1,1,1,4,3,4,1.0000,1.0000,0,0.011608,0.00016670,0.011608,7.132722,-0.316653
2025-08-27,2.7800,1.7500,1.6700,14.8500,67.8571,573.490000,517.894100,0.065942,-0.053250,0,1,1,1,1,4,3,4,1.0000,1.0000,0,0.004524,0.00016632,0.004524,7.164990,-0.313562
2025-08-28,2.7500,1.7700,1.6700,14.4300,67.0635,577.080000,518.211800,0.065208,-0.061564,0,1,1,1,1,4,3,4,1.0000,1.0000,0,0.018234,0.00016556,0.018234,7.295634,-0.301046
2025-08-29,2.8200,1.7500,1.6700,15.3600,67.6587,570.400000,518.493100,0.065359,-0.040924,0,1,1,1,1,4,3,4,1.0000,1.0000,0,-0.036030,0.00016556,-0.036030,7.032771,-0.326229
2025-09-02,2.9200,1.8000,1.6700,17.1700,65.6746,565.620000,518.752000,0.065629,-0.039909,0,1,1,1,1,4,3,4,1.0000,1.0000,0,-0.025515,0.00016442,-0.025515,6.853331,-0.343420
2025-09-03,2.8800,1.8100,1.6700,16.3500,65.2778,570.070000,519.037800,0.065112,-0.041924,0,1,1,1,1,4,3,4,1.0000,1.0000,0,0.023312,0.00016328,0.023312,7.013096,-0.328114
2025-09-04,2.8400,1.7800,1.6700,15.3000,66.4683,575.230000,519.352700,0.064495,-0.044512,0,1,1,1,1,4,3,4,1.0000,1.0000,0,0.027045,0.00016251,0.027045,7.202766,-0.309943
2025-09-05,2.8300,1.8000,1.6700,15.1800,65.4762,576.060000,519.689550,0.064481,-0.040946,0,1,1,1,1,4,3,4,1.0000,1.0000,0,0.003278,0.00016175,0.003278,7.226377,-0.307681
2025-09-08,2.8400,1.7800,1.6700,15.1100,65.6746,578.870000,520.101050,0.063668,-0.057803,0,1,1,1,1,4,3,4,1.0000,1.0000,0,0.014267,0.00015832,0.014267,7.329476,-0.297803
2025-09-09,2.8700,1.7600,1.6700,15.0400,64.4841,580.510000,520.503500,0.063960,-0.061276,0,1,1,1,1,4,3,4,1.0000,1.0000,0,0.008161,0.00015946,0.008161,7.389289,-0.292073
2025-09-10,2.8400,1.7500,1.6700,15.3500,63.0952,580.700000,520.889700,0.064872,-0.053177,0,1,1,1,1,4,3,4,1.0000,1.0000,0,0.001065,0.00015946,0.001065,7.397159,-0.291319
2025-09-11,2.7800,1.7500,1.6700,14.7100,67.8571,584.080000,521.294250,0.064679,-0.041188,0,1,1,1,1,4,3,4,1.0000,1.0000,0,0.016810,0.00015908,0.016810,7.521508,-0.279406
2025-09-12,2.7900,1.7400,1.6700,14.7600,65.6746,586.660000,521.702650,0.065028,-0.036118,0,1,1,1,1,4,3,4,1.0000,1.0000,0,0.012452,0.00015870,0.012452,7.615162,-0.270433
2025-09-15,2.7500,1.7000,1.6700,15.6900,63.8889,591.680000,522.132100,0.064835,-0.042433,0,1,1,1,1,4,3,4,1.0000,1.0000,0,0.025527,0.00015870,0.025527,7.809555,-0.251810
2025-09-16,2.7900,1.6800,1.6700,16.3600,64.0873,591.180000,522.555050,0.063742,-0.068993,0,1,1,1,1,4,3,4,1.0000,1.0000,0,-0.002721,0.00015794,-0.002721,7.788306,-0.253846
2025-09-17,2.7900,1.6900,1.6700,15.7200,64.0873,590.000000,522.958500,0.063981,-0.060077,0,1,1,1,1,4,3,4,1.0000,1.0000,0,-0.006366,0.00015718,-0.006366,7.738724,-0.258596
2025-09-18,2.7100,1.7000,1.6700,15.7000,63.6905,595.320000,523.408600,0.063729,-0.056870,0,1,1,1,1,4,3,4,1.0000,1.0000,0,0.026950,0.00015641,0.026950,7.947283,-0.238615
2025-09-19,2.7200,1.6800,1.6700,15.4500,63.0952,599.350000,523.856650,0.063997,-0.037915,0,1,1,1,1,4,3,4,1.0000,1.0000,0,0.019806,0.00015679,0.019806,8.104686,-0.223535
2025-09-22,2.6900,1.6800,1.6700,16.1000,63.2937,602.200000,524.291200,0.063883,-0.040190,0,1,1,1,1,4,3,4,1.0000,1.0000,0,0.016896,0.00015679,0.016896,8.241627,-0.210415
2025-09-23,2.7100,1.6700,1.6700,16.6400,64.0873,598.200000,524.697850,0.064565,-0.025554,1,1,1,1,1,5,5,4,1.0000,1.0000,0,-0.020149,0.00015565,-0.020149,8.075567,-0.226325
2025-09-24,2.7000,1.6900,1.6700,16.1800,64.0873,596.100000,525.062050,0.065232,-0.013792,0,1,1,1,1,4,3,5,1.0000,1.0000,0,-0.011695,0.00015565,-0.011695,7.981125,-0.235373
2025-09-25,2.7600,1.6800,1.6700,16.7400,62.1032,593.530000,525.420650,0.064904,-0.022939,0,1,1,1,1,4,3,4,1.0000,1.0000,0,-0.013411,0.00015641,-0.013411,7.874091,-0.245627
2025-09-26,2.7500,1.6700,1.6700,15.2900,65.0794,595.970000,525.768100,0.065584,0.002016,1,1,1,1,0,4,3,4,1.0000,1.0000,0,0.011994,0.00015718,0.011994,7.968532,-0.236579
2025-09-29,2.7400,1.6500,1.6700,16.1200,65.0794,598.730000,526.149850,0.065589,0.002472,1,1,1,1,0,4,3,4,1.0000,1.0000,0,0.013333,0.00015641,0.013333,8.074780,-0.226400
2025-09-30,2.8000,1.6400,1.6700,16.2800,66.2698,600.370000,526.548700,0.065455,-0.009900,1,1,1,1,1,5,5,4,1.0000,1.0000,0,0.007797,0.00015718,0.007797,8.137741,-0.220368
2025-10-01,2.8100,1.6700,1.6700,16.2900,66.4683,603.250000,526.915350,0.065861,0.007607,1,1,1,1,0,4,3,5,1.0000,1.0000,0,0.014120,0.00015641,0.014120,8.252645,-0.209360
2025-10-02,2.8100,1.6900,1.6750,16.6300,65.4762,605.730000,527.311500,0.065666,0.000773,0,1,1,1,0,3,1,4,1.0000,1.0000,0,0.012207,0.00015603,0.012207,8.353383,-0.199709
2025-10-03,2.8000,1.6800,1.6800,16.6500,66.6667,603.180000,527.674750,0.066429,0.007450,1,1,1,1,0,4,3,3,0.0000,0.0000,1,-0.013567,0.00015641,0.002626,8.375318,-0.197607
2025-10-06,2.7600,1.6600,1.6800,16.3700,66.4683,607.710000,528.022450,0.066832,0.011827,1,1,1,1,0,4,3,4,1.0000,1.0000,1,0.022350,0.00015679,-0.003395,8.346884,-0.200331
2025-10-07,2.8200,1.6500,1.6800,17.2400,66.0714,604.510000,528.366000,0.067387,0.018476,1,1,1,1,0,4,3,4,1.0000,1.0000,0,-0.016162,0.00015641,-0.016162,8.211980,-0.213256
2025-10-08,2.8400,1.6700,1.6800,16.3000,64.6825,611.440000,528.840850,0.067448,0.025525,1,1,1,1,0,4,3,4,1.0000,1.0000,0,0.033900,0.00015603,0.033900,8.490365,-0.186585
2025-10-09,2.9500,1.6800,1.6800,16.4300,63.6905,610.700000,529.323500,0.067473,0.028910,1,1,1,1,0,4,3,4,1.0000,1.0000,0,-0.003949,0.00015603,-0.003949,8.456834,-0.189798
2025-10-10,3.1800,1.6900,1.6800,21.6600,56.3492,589.500000,529.677700,0.069064,0.055284,0,0,1,1,0,2,-1,4,1.0000,1.0000,0,-0.104933,0.00015679,-0.104933,7.569432,-0.274815
2025-10-13,3.1800,1.7200,1.6800,19.0300,59.5238,602.010000,530.073400,0.068540,0.028751,0,1,1,1,0,3,1,2,0.0000,0.0000,1,0.063459,0.00015641,0.051196,7.956956,-0.237688
2025-10-14,3.1100,1.7200,1.6800,20.8100,63.2937,598.000000,530.413600,0.069236,0.038192,0,0,1,1,0,2,-1,3,0.0000,0.0000,0,-0.020343,0.00015641,0.000156,7.958200,-0.237569
2025-10-15,2.9500,1.7100,1.6800,20.6400,62.8968,602.220000,530.776700,0.069832,0.034559,0,0,1,1,0,2,-1,2,0.0000,0.0000,0,0.020469,0.00015641,0.000156,7.959445,-0.237450
2025-10-16,3.0400,1.6800,1.6800,25.3100,58.7302,599.990000,531.163850,0.069546,0.046941,1,0,1,1,0,3,1,2,0.0000,0.0000,0,-0.011143,0.00015679,0.000157,7.960693,-0.237330
2025-10-17,3.0400,1.7100,1.6800,20.7800,60.1190,603.930000,531.605450,0.068913,0.039000,0,0,1,1,0,2,-1,3,0.0000,0.0000,0,0.019010,0.00015641,0.000156,7.961938,-0.237211
2025-10-20,2.9900,1.7000,1.6800,18.2300,64.4841,611.540000,532.107000,0.068181,0.029377,0,1,1,1,0,3,1,2,0.0000,0.0000,0,0.037504,0.00015565,0.000156,7.963178,-0.237092
2025-10-21,2.9700,1.6800,1.6800,17.8700,66.2698,611.380000,532.612750,0.067489,0.029663,1,1,1,1,0,4,3,3,0.0000,0.0000,0,-0.001112,0.00015450,0.000155,7.964408,-0.236974
2025-10-22,3.0100,1.6700,1.6800,18.6000,65.0794,605.490000,533.047300,0.067685,0.017587,1,1,1,1,0,4,3,4,1.0000,1.0000,1,-0.029414,0.00015412,-0.026569,7.752804,-0.257247
2025-10-23,2.9600,1.6900,1.6800,17.3000,66.4683,610.580000,533.477500,0.067234,0.001297,0,1,1,1,0,3,1,4,1.0000,1.0000,0,0.025048,0.00015412,0.025048,7.946995,-0.238642
2025-10-24,2.8800,1.6600,1.6800,16.3700,64.8810,617.100000,533.987100,0.067471,-0.004695,1,1,1,1,1,5,5,3,0.0000,0.0000,1,0.031151,0.00015374,0.025630,8.150673,-0.219129
2025-10-27,2.8000,1.6500,1.6800,15.7900,65.2778,628.090000,534.551200,0.066867,-0.034103,1,1,1,1,1,5,5,5,1.0000,1.0000,1,0.053093,0.00015298,0.016630,8.286223,-0.206143
2025-10-28,2.8200,1.6300,1.6800,16.4200,62.3016,632.920000,535.179850,0.065591,-0.056369,1,1,1,1,1,5,5,5,1.0000,1.0000,0,0.022846,0.00015145,0.022846,8.475533,-0.188006
2025-10-29,2.7600,1.6500,1.6800,16.9200,56.5476,635.770000,535.830900,0.065538,-0.051678,1,1,1,1,1,5,5,5,1.0000,1.0000,0,0.012763,0.00015145,0.012763,8.583710,-0.177642
2025-10-30,2.8500,1.6100,1.6800,16.9100,55.7540,626.050000,536.435750,0.065987,-0.026468,1,1,1,1,1,5,5,5,1.0000,1.0000,0,-0.045767,0.00015298,-0.045767,8.190856,-0.215279
2025-10-31,2.9400,1.6400,1.6800,17.4400,56.1508,629.070000,536.997600,0.065317,-0.049319,1,1,1,1,1,5,5,5,1.0000,1.0000,0,0.014163,0.00015260,0.014163,8.306862,-0.204166
2025-11-03,3.0400,1.6900,1.6850,17.1700,55.5556,632.080000,537.592600,0.065231,-0.037981,0,1,1,1,1,4,3,5,1.0000,1.0000,0,0.013708,0.00015145,0.013708,8.420732,-0.193256
2025-11-04,3.1300,1.7100,1.6900,19.0000,54.7619,619.250000,538.080150,0.065777,-0.027843,0,1,1,1,1,4,3,4,1.0000,1.0000,0,-0.061190,0.00015489,-0.061190,7.905468,-0.242621
2025-11-05,3.0500,1.7200,1.6900,18.0100,55.5556,623.280000,538.572550,0.065564,-0.024501,0,1,1,1,1,4,3,4,1.0000,1.0000,0,0.019445,0.00015412,0.019445,8.059193,-0.227893
2025-11-06,3.1300,1.7000,1.6900,19.5000,53.3730,611.670000,538.973350,0.065984,-0.016404,0,1,1,1,1,4,3,4,1.0000,1.0000,0,-0.056076,0.00015412,-0.056076,7.607269,-0.271190
2025-11-07,3.1500,1.7200,1.6900,19.0800,55.7540,609.740000,539.358850,0.066836,0.004142,0,1,1,1,0,3,1,4,1.0000,1.0000,0,-0.010385,0.00015298,-0.010385,7.528271,-0.278758
2025-11-10,3.0200,1.7500,1.6900,17.6000,56.7460,623.230000,539.826850,0.065787,-0.011872,0,1,1,1,1,4,3,3,0.0000,0.0000,1,0.065513,0.00015260,0.043750,7.857636,-0.247203
2025-11-11,3.0200,1.7300,1.6900,17.2800,58.7302,621.570000,540.363650,0.065673,-0.009396,0,1,1,1,1,4,3,4,1.0000,1.0000,1,-0.008251,0.00015374,0.004537,7.893286,-0.243788
2025-11-12,3.0200,1.7300,1.6900,17.5100,58.9286,621.080000,540.860000,0.065791,-0.023489,0,1,1,1,1,4,3,4,1.0000,1.0000,0,-0.002058,0.00015374,-0.002058,7.877044,-0.245344
2025-11-13,3.0900,1.7500,1.6900,20.0000,58.1349,608.400000,541.297850,0.065978,-0.024044,0,1,1,1,1,4,3,4,1.0000,1.0000,0,-0.061766,0.00015374,-0.061766,7.390511,-0.291956
2025-11-14,3.0700,1.7700,1.6900,19.8300,57.5397,608.860000,541.726900,0.066049,-0.020084,0,1,1,1,1,4,3,4,1.0000,1.0000,0,0.000764,0.00015412,0.000764,7.396160,-0.291415
2025-11-17,3.1300,1.7700,1.6950,22.3800,53.1746,603.660000,542.133750,0.067271,0.009360,0,0,1,1,0,2,-1,4,1.0000,1.0000,0,-0.025683,0.00015374,-0.025683,7.206207,-0.309613
2025-11-18,3.2000,1.7700,1.7000,24.6900,53.7698,596.310000,542.524750,0.067583,0.021374,0,0,1,1,0,2,-1,2,0.0000,0.0000,1,-0.036159,0.00015450,-0.020578,7.057917,-0.323820
2025-11-19,3.1700,1.7900,1.7000,23.6600,52.5794,599.870000,542.901750,0.066757,0.010571,0,0,1,1,0,2,-1,2,0.0000,0.0000,0,0.017182,0.00015336,0.000153,7.058999,-0.323716
2025-11-20,3.1700,1.7900,1.7000,26.4200,49.2063,585.670000,543.195850,0.067445,0.023005,0,0,0,1,0,1,-3,2,0.0000,0.0000,0,-0.071464,0.00015374,0.000154,7.060085,-0.323612
2025-11-21,3.1900,1.8000,1.7000,23.4300,54.5635,590.070000,543.498200,0.066879,0.026013,0,0,1,1,0,2,-1,1,0.0000,0.0000,0,0.022174,0.00015336,0.000153,7.061167,-0.323509
2025-11-24,3.1500,1.8200,1.7000,20.5200,54.3651,605.160000,543.909400,0.066656,0.020571,0,0,1,1,0,2,-1,2,0.0000,0.0000,0,0.075821,0.00015183,0.000152,7.062239,-0.323406
2025-11-25,3.1000,1.8000,1.7000,18.5600,58.1349,608.890000,544.307600,0.065783,0.002485,0,1,1,1,0,3,1,2,0.0000,0.0000,0,0.018207,0.00015221,0.000152,7.063314,-0.323303
2025-11-26,3.0000,1.7900,1.7000,17.1900,59.1270,614.270000,544.739000,0.066200,0.017652,0,1,1,1,0,3,1,3,0.0000,0.0000,0,0.026149,0.00015183,0.000152,7.064387,-0.323200
2025-11-28,2.9500,1.7800,1.7000,16.3500,61.1111,619.250000,545.193750,0.066309,0.029613,0,1,1,1,0,3,1,3,0.0000,0.0000,0,0.021922,0.00015260,0.000153,7.065465,-0.323097
2025-12-01,2.9400,1.7800,1.7000,17.2400,58.5317,617.170000,545.600100,0.065055,0.009349,0,1,1,1,0,3,1,3,0.0000,0.0000,0,-0.008984,0.00015107,0.000151,7.066532,-0.322995
2025-12-02,2.9200,1.7800,1.7000,16.5900,57.7381,622.000000,546.019350,0.064473,0.013267,0,1,1,1,0,3,1,3,0.0000,0.0000,0,0.023127,0.00014839,0.000148,7.067581,-0.322894
2025-12-03,2.8900,1.7600,1.7050,16.0800,59.7222,623.520000,546.440100,0.064045,0.001407,0,1,1,1,0,3,1,3,0.0000,0.0000,0,0.007052,0.00014686,0.000147,7.068619,-0.322795
2025-12-04,2.8800,1.7700,1.7100,15.7800,60.1190,622.940000,546.857200,0.063867,-0.016251,0,1,1,1,1,4,3,3,0.0000,0.0000,0,-0.003232,0.00014495,0.000145,7.069643,-0.322697
2025-12-05,2.8500,1.7600,1.7100,15.4100,61.5842,625.480000,547.298450,0.063148,-0.024683,0,1,1,1,1,4,3,4,1.0000,1.0000,1,0.011529,0.00014457,0.005136,7.105952,-0.319218
2025-12-08,2.8900,1.7400,1.7100,16.6600,57.2277,624.280000,547.789450,0.062490,-0.040586,0,1,1,1,1,4,3,4,1.0000,1.0000,0,-0.006233,0.00014457,-0.006233,7.061658,-0.323462
2025-12-09,2.8900,1.7300,1.7100,16.9300,57.2277,625.050000,548.315350,0.062588,-0.035818,0,1,1,1,1,4,3,4,1.0000,1.0000,0,0.003763,0.00014533,0.003763,7.088234,-0.320916
2025-12-10,2.9100,1.7300,1.7100,15.7700,60.0000,627.610000,548.886800,0.062146,-0.026085,0,1,1,1,1,4,3,4,1.0000,1.0000,0,0.011427,0.00014533,0.011427,7.169228,-0.313156
2025-12-11,2.8800,1.7600,1.7100,14.8500,63.1683,625.580000,549.441900,0.062452,-0.024986,0,1,1,1,1,4,3,4,1.0000,1.0000,0,-0.009532,0.00014380,-0.009532,7.100889,-0.319703
2025-12-12,2.9100,1.7300,1.7100,15.7400,63.9604,613.620000,550.008650,0.062823,-0.014636,0,1,1,1,1,4,3,4,1.0000,1.0000,0,-0.058635,0.00014265,-0.058635,6.684530,-0.359592
2025-12-15,2.9100,1.7600,1.7100,16.5000,63.3663,610.540000,550.520500,0.063491,-0.008119,0,1,1,1,1,4,3,4,1.0000,1.0000,0,-0.015146,0.00014150,-0.015146,6.583288,-0.369292
2025-12-16,2.9800,1.7700,1.7100,16.4800,61.3861,611.750000,551.094000,0.063399,-0.007712,0,1,1,1,1,4,3,4,1.0000,1.0000,0,0.005959,0.00014227,0.005959,6.622519,-0.365533
2025-12-17,2.9900,1.7800,1.7100,17.6200,61.5842,600.410000,551.618300,0.063688,-0.013750,0,1,1,1,1,4,3,4,1.0000,1.0000,0,-0.055991,0.00014189,-0.055991,6.251719,-0.401057
2025-12-18,2.9500,1.7800,1.7150,16.8700,60.9901,609.110000,552.153800,0.063831,-0.021974,0,1,1,1,1,4,3,4,1.0000,1.0000,0,0.042713,0.00014189,0.042713,6.518746,-0.375475
2025-12-19,2.9000,1.7800,1.7200,14.9100,59.6040,617.050000,552.798050,0.062637,-0.036126,0,1,1,1,1,4,3,4,1.0000,1.0000,0,0.039022,0.00014112,0.039022,6.773117,-0.351105
2025-12-22,2.8800,1.7600,1.7200,14.0800,61.7822,619.210000,553.435150,0.062015,-0.056309,0,1,1,1,1,4,3,4,1.0000,1.0000,0,0.013640,0.00014112,0.013640,6.865501,-0.342254
2025-12-23,2.8300,1.7600,1.7200,14.0000,61.7822,622.110000,554.182050,0.061951,-0.057489,0,1,1,1,1,4,3,4,1.0000,1.0000,0,0.014009,0.00014189,0.014009,6.961681,-0.333040
2025-12-24,2.8400,1.7400,1.7200,13.4700,62.3762,623.930000,554.943700,0.062009,-0.054558,0,1,1,1,1,4,3,4,1.0000,1.0000,0,0.006362,0.00014227,0.006362,7.005975,-0.328796
2025-12-26,2.8600,1.7300,1.7200,13.6000,61.7822,623.890000,555.678550,0.061972,-0.060982,0,1,1,1,1,4,3,4,1.0000,1.0000,0,-0.000903,0.00014380,-0.000903,6.999647,-0.329403
2025-12-29,2.8700,1.7500,1.7200,14.2000,62.9703,620.870000,556.441200,0.062310,-0.052528,0,1,1,1,1,4,3,4,1.0000,1.0000,0,-0.014826,0.00014189,-0.014826,6.895874,-0.339345
2025-12-30,2.8400,1.7600,1.7200,14.3300,62.5743,619.430000,557.140050,0.062532,-0.060228,0,1,1,1,1,4,3,4,1.0000,1.0000,0,-0.007157,0.00014342,-0.007157,6.846518,-0.344073
2025-12-31,2.8100,1.7500,1.7200,14.9500,60.1980,614.310000,557.797750,0.062603,-0.064254,0,1,1,1,1,4,3,4,1.0000,1.0000,0,-0.025508,0.00014227,-0.025508,6.671875,-0.360805
2026-01-02,2.8300,1.7200,1.7200,14.5100,60.0000,613.120000,558.490650,0.063205,-0.063357,1,1,1,1,1,5,5,4,1.0000,1.0000,0,-0.007018,0.00014304,-0.007018,6.625050,-0.365291
2026-01-05,2.8100,1.7400,1.7200,14.9000,61.3861,617.990000,559.176150,0.062089,-0.081177,0,1,1,1,1,4,3,5,1.0000,1.0000,0,0.023878,0.00014227,0.023878,6.783241,-0.350135
2026-01-06,2.7900,1.7500,1.7250,14.7500,64.1584,623.420000,559.896950,0.062026,-0.083213,0,1,1,1,1,4,3,4,1.0000,1.0000,0,0.026306,0.00014189,0.026306,6.961681,-0.333040
2026-01-07,2.7900,1.7400,1.7300,15.3800,60.0000,624.020000,560.612850,0.060718,-0.127605,0,1,1,1,1,4,3,4,1.0000,1.0000,0,0.002909,0.00014150,0.002909,6.981930,-0.331100
2026-01-08,2.7600,1.7300,1.7300,15.4500,63.9604,620.470000,561.261900,0.060898,-0.115948,1,1,1,1,1,5,5,4,1.0000,1.0000,0,-0.017763,0.00014112,-0.017763,6.857908,-0.342982
2026-01-09,2.7400,1.7300,1.7300,14.4900,65.5446,626.650000,561.927850,0.061247,-0.120926,1,1,1,1,1,5,5,5,1.0000,1.0000,0,0.028972,0.00014112,0.028972,7.056596,-0.323947
2026-01-12,2.7400,1.7000,1.7300,15.1200,66.1386,627.170000,562.641800,0.061252,-0.128402,1,1,1,1,1,5,5,5,1.0000,1.0000,0,0.002331,0.00014112,0.002331,7.073048,-0.322370
2026-01-13,2.7500,1.7000,1.7300,15.9800,65.5446,626.240000,563.364900,0.061764,-0.117511,1,1,1,1,1,5,5,5,1.0000,1.0000,0,-0.005189,0.00014304,-0.005189,7.036347,-0.325887
2026-01-14,2.7600,1.6900,1.7300,16.7500,67.9208,619.550000,564.117950,0.062533,-0.096203,1,1,1,1,1,5,5,5,1.0000,1.0000,0,-0.031835,0.00014304,-0.031835,6.812349,-0.347347
2026-01-15,2.7100,1.6800,1.7300,15.8400,68.7129,621.780000,564.882250,0.062998,-0.078386,1,1,1,1,1,5,5,5,1.0000,1.0000,0,0.010217,0.00014304,0.010217,6.881953,-0.340678
2026-01-16,2.6500,1.6500,1.7300,15.8600,68.3168,621.260000,565.625050,0.062733,-0.072614,1,1,1,1,1,5,5,5,1.0000,1.0000,0,-0.004413,0.00014342,-0.004413,6.851580,-0.343588
2026-01-20,2.7300,1.6300,1.7300,20.0900,64.5545,608.060000,566.284600,0.063402,-0.064203,1,0,1,1,1,4,3,5,1.0000,1.0000,0,-0.062985,0.00014304,-0.062985,6.420034,-0.384932
2026-01-21,2.6900,1.6500,1.7300,16.9000,67.7228,616.280000,567.112700,0.062766,-0.067797,1,1,1,1,1,5,5,4,1.0000,1.0000,0,0.039424,0.00014418,0.039424,6.673140,-0.360683
2026-01-22,2.6400,1.6200,1.7300,15.6400,67.9208,620.760000,568.103150,0.061990,-0.082644,1,1,1,1,1,5,5,5,1.0000,1.0000,0,0.022189,0.00014418,0.022189,6.821207,-0.346498
2026-01-23,2.6800,1.5900,1.7300,16.0900,67.1287,622.720000,569.098300,0.061750,-0.076971,1,1,1,1,1,5,5,5,1.0000,1.0000,0,0.008905,0.00014457,0.008905,6.881953,-0.340678
2026-01-26,2.6900,1.6100,1.7300,16.1500,67.7228,625.460000,570.145300,0.061886,-0.056960,1,1,1,1,1,5,5,5,1.0000,1.0000,0,0.012872,0.00014418,0.012872,6.970540,-0.332191
2026-01-27,2.7100,1.6100,1.7300,16.3500,67.5248,631.130000,570.970950,0.062445,-0.047744,1,1,1,1,1,5,5,5,1.0000,1.0000,0,0.026507,0.00014304,0.026507,7.155307,-0.314490
2026-01-28,2.7200,1.6100,1.7300,16.3500,66.5347,633.220000,571.906150,0.062308,-0.057038,1,1,1,1,1,5,5,5,1.0000,1.0000,0,0.009197,0.00014304,0.009197,7.221115,-0.308185
2026-01-29,2.7700,1.6200,1.7300,16.8800,65.5446,629.430000,572.781300,0.062432,-0.044949,1,1,1,1,1,5,5,5,1.0000,1.0000,0,-0.017876,0.00014342,-0.017876,7.092031,-0.320552
2026-01-30,2.8000,1.6300,1.7300,17.4400,65.3465,621.870000,573.603250,0.062503,-0.042354,1,1,1,1,1,5,5,5,1.0000,1.0000,0,-0.036403,0.00014304,-0.036403,6.833863,-0.345285
2026-02-02,2.8100,1.6200,1.7300,16.3400,64.1584,626.140000,574.444000,0.061288,-0.070285,1,1,1,1,1,5,5,5,1.0000,1.0000,0,0.020370,0.00014304,0.020370,6.973071,-0.331949
2026-02-03,2.8500,1.6100,1.7300,18.0000,63.5644,616.520000,575.305700,0.062709,-0.044310,1,1,1,1,1,5,5,5,1.0000,1.0000,0,-0.046824,0.00014380,-0.046824,6.646564,-0.363229
2026-02-04,2.8600,1.6300,1.7300,18.6400,67.9208,605.750000,576.113950,0.062781,-0.049691,1,1,1,1,1,5,5,5,1.0000,1.0000,0,-0.052551,0.00014380,-0.052551,6.297278,-0.396693
2026-02-05,2.9700,1.6400,1.7300,21.7700,66.3366,597.030000,576.933550,0.063605,-0.048823,1,0,1,1,1,4,3,5,1.0000,1.0000,0,-0.042605,0.00014380,-0.042605,6.028985,-0.422396
2026-02-06,2.8700,1.6700,1.7300,17.7600,68.5149,609.650000,577.759400,0.062770,-0.046485,1,1,1,1,1,5,5,4,1.0000,1.0000,0,0.061923,0.00014304,0.061923,6.402317,-0.386629
2026-02-09,2.8400,1.6500,1.7300,17.3600,68.3168,614.320000,578.558200,0.062656,-0.046687,1,1,1,1,1,5,5,5,1.0000,1.0000,0,0.022732,0.00014342,0.022732,6.547853,-0.372686
2026-02-10,2.8600,1.6400,1.7300,17.7900,68.3168,611.470000,579.278800,0.063862,-0.029693,1,1,1,1,1,5,5,5,1.0000,1.0000,0,-0.013916,0.00014380,-0.013916,6.456735,-0.381416
2026-02-11,2.8400,1.6600,1.7300,17.6500,68.1188,613.110000,579.981550,0.064440,-0.024003,1,1,1,1,1,5,5,5,1.0000,1.0000,0,0.007448,0.00014380,0.007448,6.504825,-0.376809
2026-02-12,2.9200,1.6700,1.7300,20.8200,65.9406,600.640000,580.622700,0.066420,0.005703,1,0,1,1,0,3,1,5,1.0000,1.0000,0,-0.061089,0.00014418,-0.061089,6.107448,-0.414879
2026-02-13,2.9500,1.6800,1.7300,20.6000,66.1386,601.920000,581.254650,0.068207,0.014254,1,0,1,1,0,3,1,3,0.0000,0.0000,1,0.004351,0.00014418,-0.002479,6.092309,-0.416330
2026-02-17,2.9400,1.7200,1.7300,20.2900,65.1485,601.300000,581.883800,0.067921,0.005181,1,0,1,1,0,3,1,3,0.0000,0.0000,0,-0.002476,0.00014342,0.000143,6.093183,-0.416246
2026-02-18,2.8600,1.7000,1.7300,19.6200,67.3267,605.790000,582.504350,0.066459,-0.004622,1,1,1,1,1,5,5,3,0.0000,0.0000,0,0.021510,0.00014380,0.000144,6.094059,-0.416162
2026-02-19,2.8800,1.6700,1.7300,20.2300,65.5446,603.470000,583.077550,0.067365,-0.001247,1,0,1,1,1,4,3,5,1.0000,1.0000,1,-0.011338,0.00014418,0.003231,6.113751,-0.414275
2026-02-20,2.8600,1.6800,1.7300,19.0900,67.1287,608.810000,583.691950,0.067200,0.005034,1,1,1,1,0,4,3,4,1.0000,1.0000,0,0.025189,0.00014380,0.025189,6.267753,-0.399521
2026-02-23,2.9500,1.6900,1.7300,21.0100,64.5545,601.410000,584.291950,0.068407,0.026797,1,0,1,1,0,3,1,4,1.0000,1.0000,0,-0.036356,0.00014380,-0.036356,6.039880,-0.421352
2026-02-24,2.9700,1.7300,1.7300,19.5500,64.9505,607.870000,584.914800,0.068670,0.044677,1,1,1,1,0,4,3,3,0.0000,0.0000,1,0.031924,0.00014380,0.004152,6.064960,-0.418950
2026-02-25,2.9400,1.7300,1.7300,17.9300,64.7525,616.680000,585.556750,0.068326,0.032743,1,1,1,1,0,4,3,4,1.0000,1.0000,1,0.041985,0.00014380,0.026055,6.222983,-0.403810
2026-02-26,2.9800,1.7300,1.7300,18.6300,67.1287,609.240000,586.163100,0.068446,0.032508,1,1,1,1,0,4,3,4,1.0000,1.0000,0,-0.035088,0.00014380,-0.035088,6.004633,-0.424729
2026-02-27,3.1000,1.7500,1.7300,19.8600,67.1287,607.290000,586.660300,0.069578,0.070114,0,1,1,1,0,3,1,4,1.0000,1.0000,0,-0.010589,0.00014342,-0.010589,5.941047,-0.430821
2026-03-02,3.0300,1.8000,1.7300,21.4400,65.9406,608.090000,587.122800,0.069014,0.070945,0,0,1,1,0,2,-1,3,0.0000,0.0000,1,0.003635,0.00014304,-0.041791,5.692765,-0.454608
2026-03-03,3.0800,1.7800,1.7300,23.5700,62.1782,601.580000,587.537300,0.069187,0.079863,0,0,1,1,0,2,-1,2,0.0000,0.0000,0,-0.032193,0.00014495,0.000145,5.693590,-0.454529
2026-03-04,2.9700,1.7800,1.7300,21.1500,61.9802,610.750000,587.994800,0.068994,0.080365,0,0,1,1,0,2,-1,2,0.0000,0.0000,0,0.044906,0.00014457,0.000145,5.694413,-0.454450
2026-03-05,3.0000,1.7400,1.7300,23.7500,59.4059,608.910000,588.431800,0.068838,0.089529,0,0,1,1,0,2,-1,2,0.0000,0.0000,0,-0.009152,0.00014457,0.000145,5.695236,-0.454371
2026-03-06,3.1300,1.7600,1.7300,29.4900,56.0396,599.750000,588.820500,0.069514,0.110557,0,0,1,1,0,2,-1,2,0.0000,0.0000,0,-0.045382,0.00014418,0.000144,5.696057,-0.454292
2026-03-09,3.1900,1.7500,1.7300,25.5000,56.6337,607.760000,589.257950,0.069073,0.102890,0,0,1,1,0,2,-1,2,0.0000,0.0000,0,0.038915,0.00014380,0.000144,5.696877,-0.454214
2026-03-10,3.0600,1.7800,1.7300,24.9300,54.8515,607.770000,589.731600,0.068756,0.104744,0,0,1,1,0,2,-1,2,0.0000,0.0000,0,0.000202,0.00014457,0.000145,5.697700,-0.454135
2026-03-11,3.0900,1.7700,1.7300,24.2300,53.0693,607.690000,590.200050,0.068265,0.091354,0,0,1,1,0,2,-1,2,0.0000,0.0000,0,-0.001012,0.00014457,0.000145,5.698524,-0.454056
2026-03-12,3.1700,1.8400,1.7300,27.2900,50.0990,597.260000,590.640150,0.069814,0.108716,0,0,1,1,0,2,-1,2,0.0000,0.0000,0,-0.051064,0.00014457,0.000145,5.699348,-0.453977
2026-03-13,3.2800,1.8400,1.7300,27.1900,49.1089,593.720000,591.002650,0.070905,0.113623,0,0,0,1,0,1,-3,2,0.0000,0.0000,0,-0.019218,0.00014495,0.000145,5.700174,-0.453898
2026-03-16,3.2700,1.8300,1.7300,23.5100,50.4950,600.380000,591.410000,0.070640,0.112543,0,0,1,1,0,2,-1,1,0.0000,0.0000,0,0.033312,0.00014495,0.000145,5.701000,-0.453819
2026-03-17,3.2200,1.8500,1.7300,22.3700,51.2871,603.310000,591.826900,0.070260,0.103107,0,0,1,1,0,2,-1,2,0.0000,0.0000,0,0.014749,0.00014495,0.000145,5.701826,-0.453740
2026-03-18,3.2000,1.8500,1.7300,25.0900,48.1188,594.900000,592.205850,0.070650,0.104447,0,0,0,1,0,1,-3,2,0.0000,0.0000,0,-0.042774,0.00014495,0.000145,5.702653,-0.453660
2026-03-19,3.2700,1.8100,1.7300,24.0600,47.7228,593.020000,592.554900,0.070537,0.122266,0,0,0,1,0,1,-3,1,0.0000,0.0000,0,-0.008894,0.00014533,0.000145,5.703482,-0.453581
2026-03-20,3.2400,1.8100,1.7300,26.7800,44.7525,582.060000,592.828700,0.068844,0.104278,0,0,0,0,0,0,-5,1,0.0000,0.0000,0,-0.057124,0.00014533,0.000145,5.704311,-0.453502
2026-03-23,3.1900,1.7900,1.7300,26.1500,47.1287,588.000000,593.124850,0.068327,0.098038,0,0,0,0,0,0,-5,0,0.0000,0.0000,0,0.034587,0.00014572,0.000146,5.705142,-0.453422
2026-03-24,3.1900,1.7900,1.7300,26.9500,47.7228,583.980000,593.420800,0.069032,0.107142,0,0,0,0,0,0,-5,0,0.0000,0.0000,0,-0.021315,0.00014572,0.000146,5.705973,-0.453342
2026-03-25,3.1700,1.7500,1.7350,25.3300,48.1188,587.820000,593.710300,0.068893,0.106252,0,0,0,0,0,0,-5,0,0.0000,0.0000,0,0.017652,0.00014572,0.000146,5.706805,-0.453263
2026-03-26,3.2100,1.7600,1.7400,27.4400,46.7327,573.790000,593.925750,0.070269,0.119794,0,0,0,0,0,0,-5,0,0.0000,0.0000,0,-0.071187,0.00014533,0.000145,5.707634,-0.453183
2026-03-27,3.4200,1.7300,1.7400,31.0500,42.9703,562.580000,594.067600,0.071898,0.138249,1,0,0,0,0,1,-3,0,0.0000,0.0000,0,-0.059423,0.00014533,0.000145,5.708463,-0.453104
2026-03-30,3.4600,1.7800,1.7400,30.6100,42.5743,558.280000,594.196950,0.072662,0.148911,0,0,0,0,0,0,-5,1,0.0000,0.0000,0,-0.022950,0.00014533,0.000145,5.709293,-0.453024
2026-03-31,3.2800,1.7900,1.7400,25.2500,47.3267,577.180000,594.414550,0.070563,0.110816,0,0,0,0,0,0,-5,0,0.0000,0.0000,0,0.100026,0.00014457,0.000145,5.710118,-0.452945
2026-04-01,3.1600,1.7900,1.7400,24.5400,47.7228,584.310000,594.701300,0.070371,0.127088,0,0,0,0,0,0,-5,0,0.0000,0.0000,0,0.037188,0.00014418,0.000144,5.710942,-0.452866
2026-04-02,3.1700,1.7500,1.7400,23.8700,48.1188,584.980000,594.954750,0.070659,0.131943,0,0,0,0,0,0,-5,0,0.0000,0.0000,0,0.002313,0.00014418,0.000144,5.711765,-0.452787
2026-04-06,3.0500,1.7400,1.7400,24.1700,48.3168,588.500000,595.251850,0.070068,0.147146,1,0,0,0,0,1,-3,0,0.0000,0.0000,0,0.017771,0.00014418,0.000144,5.712589,-0.452708
2026-04-07,3.1200,1.7000,1.7400,25.7800,48.1188,588.590000,595.549850,0.070189,0.145859,1,0,0,0,0,1,-3,1,0.0000,0.0000,0,0.001134,0.00014495,0.000145,5.713417,-0.452629
2026-04-08,2.9400,1.7500,1.7400,21.0400,55.4455,606.090000,595.946150,0.069200,0.126467,0,0,1,1,0,2,-1,1,0.0000,0.0000,0,0.087203,0.00014457,0.000145,5.714243,-0.452550
2026-04-09,2.9000,1.7300,1.7400,19.4900,55.8416,610.190000,596.338850,0.069347,0.129265,1,1,1,1,0,4,3,2,0.0000,0.0000,0,0.020000,0.00014380,0.000144,5.715064,-0.452471
2026-04-10,2.9400,1.7300,1.7400,19.2300,53.4653,611.070000,596.695300,0.069114,0.116542,1,1,1,1,0,4,3,4,1.0000,1.0000,1,0.004289,0.00014342,-0.003805,5.693320,-0.454555
2026-04-13,2.9500,1.7200,1.7400,19.1200,56.0396,617.390000,597.076450,0.067614,0.080760,1,1,1,1,0,4,3,4,1.0000,1.0000,0,0.030303,0.00014380,0.030303,5.865845,-0.438026
2026-04-14,2.8400,1.7200,1.7400,18.3600,57.2277,628.600000,597.488350,0.066915,0.062374,1,1,1,1,0,4,3,4,1.0000,1.0000,0,0.054283,0.00014457,0.054283,6.184263,-0.407520
2026-04-15,2.8500,1.7000,1.7350,18.1700,55.4455,637.400000,597.934900,0.065748,0.048642,1,1,1,1,0,4,3,4,1.0000,1.0000,0,0.041940,0.00014457,0.041940,6.443629,-0.382672
2026-04-16,2.8600,1.6900,1.7300,17.9400,53.8614,640.470000,598.379050,0.066058,0.043372,1,1,1,1,0,4,3,4,1.0000,1.0000,0,0.014016,0.00014457,0.014016,6.533944,-0.374019
2026-04-17,2.8300,1.7100,1.7300,17.4800,60.7921,648.850000,598.888350,0.065001,0.036894,1,1,1,1,0,4,3,4,1.0000,1.0000,0,0.038278,0.00014418,0.038278,6.784048,-0.350058
2026-04-20,2.8700,1.7200,1.7300,18.8700,60.0000,646.790000,599.368300,0.064553,0.042527,1,1,1,1,0,4,3,4,1.0000,1.0000,0,-0.008705,0.00014418,-0.008705,6.724995,-0.355715
2026-04-21,2.8500,1.7200,1.7300,19.5000,57.0297,644.330000,599.808850,0.063842,0.034610,1,1,1,1,0,4,3,4,1.0000,1.0000,0,-0.011708,0.00014457,-0.011708,6.646259,-0.363259
2026-04-22,2.8400,1.7000,1.7300,18.9200,57.6238,655.110000,600.324250,0.063090,0.019976,1,1,1,1,0,4,3,4,1.0000,1.0000,0,0.048955,0.00014380,0.048955,6.971625,-0.332087
2026-04-23,2.8600,1.6900,1.7300,19.3100,56.2376,651.420000,600.819650,0.065058,0.042614,1,1,1,1,0,4,3,4,1.0000,1.0000,0,-0.016442,0.00014380,-0.016442,6.856994,-0.343069
2026-04-24,2.8600,1.6800,1.7300,18.7100,55.4455,663.880000,601.357800,0.064683,0.039143,1,1,1,1,0,4,3,4,1.0000,1.0000,0,0.056400,0.00014380,0.056400,7.243728,-0.306019
2026-04-27,2.8400,1.7000,1.7300,18.0200,55.8416,664.230000,601.901700,0.064586,0.035560,1,1,1,1,0,4,3,4,1.0000,1.0000,0,0.001279,0.00014380,0.001279,7.252991,-0.305131
2026-04-28,2.8500,1.7000,1.7300,17.8300,55.8416,657.550000,602.418450,0.064986,0.040866,1,1,1,1,0,4,3,4,1.0000,1.0000,0,-0.030332,0.00014342,-0.030332,7.032993,-0.326208
2026-04-29,2.8200,1.7000,1.7300,18.8100,54.2574,661.570000,602.945250,0.064195,0.048545,1,1,1,1,0,4,3,4,1.0000,1.0000,0,0.018439,0.00014342,0.018439,7.162676,-0.313784
2026-04-30,2.8300,1.6900,1.7300,16.8900,57.8218,667.740000,603.500350,0.065191,0.041241,1,1,1,1,0,4,3,4,1.0000,1.0000,0,0.027158,0.00014342,0.027158,7.357201,-0.295147
2026-05-01,2.7700,1.7000,1.7300,16.9900,57.2277,674.150000,604.084650,0.064594,0.030328,1,1,1,1,0,4,3,4,1.0000,1.0000,0,0.027699,0.00014342,0.027699,7.560988,-0.275624
2026-05-04,2.7800,1.6900,1.7300,18.2900,53.8614,672.880000,604.640050,0.064581,0.016264,1,1,1,1,0,4,3,4,1.0000,1.0000,0,-0.005972,0.00014342,-0.005972,7.515831,-0.279950
2026-05-05,2.7700,1.6900,1.7300,17.3800,54.8515,681.610000,605.241800,0.064067,0.021665,1,1,1,1,0,4,3,4,1.0000,1.0000,0,0.038207,0.00014418,0.038207,7.802986,-0.252439
2026-05-06,2.7500,1.6500,1.7300,17.3900,56.4356,695.770000,605.899800,0.062290,-0.006180,1,1,1,1,1,5,5,4,1.0000,1.0000,0,0.062027,0.00014380,0.062027,8.286982,-0.206070
2026-05-07,2.7900,1.6600,1.7300,17.0800,55.6436,694.940000,606.568250,0.061675,-0.036199,1,1,1,1,1,5,5,5,1.0000,1.0000,0,-0.003214,0.00014380,-0.003214,8.260351,-0.208622
2026-05-08,2.8100,1.6500,1.7300,17.1900,53.6634,711.230000,607.305350,0.060627,-0.063071,1,1,1,1,1,5,5,5,1.0000,1.0000,0,0.069246,0.00014380,0.069246,8.832346,-0.153822
2026-05-11,2.7900,1.6500,1.7300,18.3800,54.6535,713.290000,608.046750,0.061058,-0.087610,1,1,1,1,1,5,5,5,1.0000,1.0000,0,0.008915,0.00014380,0.008915,8.911082,-0.146279
2026-05-12,2.8200,1.6500,1.7300,17.9900,54.2574,707.240000,608.751100,0.061218,-0.110944,1,1,1,1,1,5,5,5,1.0000,1.0000,0,-0.025988,0.00014418,-0.025988,8.679505,-0.168465
2026-05-13,2.8200,1.6600,1.7300,17.8700,53.0693,714.710000,609.483950,0.060177,-0.123946,1,1,1,1,1,5,5,5,1.0000,1.0000,0,0.030416,0.00014418,0.030416,8.943503,-0.143172
2026-05-14,2.7600,1.6600,1.7300,17.2600,54.4554,719.790000,610.246600,0.060013,-0.105733,1,1,1,1,1,5,5,5,1.0000,1.0000,0,0.022139,0.00014380,0.022139,9.141501,-0.124203
2026-05-15,2.8000,1.6200,1.7300,18.4300,51.0891,708.930000,610.951150,0.059350,-0.128480,1,1,1,1,1,5,5,5,1.0000,1.0000,0,-0.045725,0.00014380,-0.045725,8.723505,-0.164249
2026-05-18,2.8300,1.6200,1.7300,17.8200,52.6733,705.880000,611.655500,0.059487,-0.122979,1,1,1,1,1,5,5,5,1.0000,1.0000,0,-0.013539,0.00014380,-0.013539,8.605401,-0.175564
2026-05-19,2.8600,1.5900,1.7300,18.0600,51.0891,701.530000,612.393750,0.060431,-0.125364,1,1,1,1,1,5,5,5,1.0000,1.0000,0,-0.018703,0.00014342,-0.018703,8.444455,-0.190984
2026-05-20,2.8000,1.5700,1.7250,17.4400,54.4554,713.150000,613.139000,0.060047,-0.135409,1,1,1,1,1,5,5,5,1.0000,1.0000,0,0.049088,0.00014304,0.049088,8.858977,-0.151270
2026-05-21,2.7800,1.5900,1.7200,16.7600,56.0396,714.510000,613.910200,0.060588,-0.121345,1,1,1,1,1,5,5,5,1.0000,1.0000,0,0.005751,0.00014227,0.005751,8.909924,-0.146389
2026-05-22,2.7400,1.5900,1.7200,16.7000,57.1146,717.540000,614.661300,0.060820,-0.120523,1,1,1,1,1,5,5,5,1.0000,1.0000,0,0.011566,0.00014342,0.011566,9.012976,-0.136517
2026-05-26,2.7200,1.5700,1.7200,17.0100,57.9051,730.280000,615.466500,0.060392,-0.144453,1,1,1,1,1,5,5,5,1.0000,1.0000,0,0.052801,0.00014342,0.052801,9.488867,-0.090924
2026-05-27,2.7100,1.5600,1.7200,16.2900,58.4980,729.450000,616.241000,0.060150,-0.140436,1,1,1,1,1,5,5,5,1.0000,1.0000,0,-0.003417,0.00014342,-0.003417,9.456446,-0.094030
2026-05-28,2.7200,1.5700,1.7200,15.7400,57.9051,735.600000,617.054750,0.059144,-0.161005,1,1,1,1,1,5,5,5,1.0000,1.0000,0,0.024611,0.00014342,0.024611,9.689181,-0.071733
2026-05-29,2.7200,1.5700,1.7200,15.3200,55.9289,738.310000,617.846050,0.058719,-0.164433,1,1,1,1,1,5,5,5,1.0000,1.0000,0,0.010516,0.00014380,0.010516,9.791075,-0.061971
2026-06-01,2.7200,1.5700,1.7200,16.0500,53.9526,742.740000,618.658050,0.056820,-0.194379,1,1,1,1,1,5,5,5,1.0000,1.0000,0,0.017502,0.00014380,0.017502,9.962442,-0.045554
2026-06-02,2.7100,1.5400,1.7200,15.7700,53.9526,746.160000,619.489400,0.057796,-0.190435,1,1,1,1,1,5,5,5,1.0000,1.0000,0,0.013715,0.00014725,0.013715,10.099072,-0.032464
2026-06-03,2.7500,1.5400,1.7200,16.0600,53.7549,744.210000,620.323750,0.057952,-0.179028,1,1,1,1,1,5,5,5,1.0000,1.0000,0,-0.007567,0.00014686,-0.007567,10.022652,-0.039785
2026-06-04,2.7400,1.5400,1.7200,15.4000,56.7194,740.610000,621.141250,0.058038,-0.174276,1,1,1,1,1,5,5,5,1.0000,1.0000,0,-0.015481,0.00014725,-0.015481,9.867495,-0.054650
2026-06-05,2.7600,1.5400,1.7200,21.5100,58.3004,705.060000,621.820150,0.060132,-0.129937,1,0,1,1,1,4,3,5,1.0000,1.0000,0,-0.142807,0.00014725,-0.142807,8.458349,-0.189652
2026-06-08,2.7500,1.5100,1.7200,18.9200,55.7312,716.070000,622.571000,0.058873,-0.173926,1,1,1,1,1,5,5,4,1.0000,1.0000,0,0.044079,0.00014725,0.044079,8.831188,-0.153933
2026-06-09,2.7800,1.5200,1.7200,19.8700,58.6957,707.830000,623.293750,0.059670,-0.176339,1,1,1,1,1,5,5,5,1.0000,1.0000,0,-0.033434,0.00014801,-0.033434,8.535927,-0.182220
2026-06-10,2.8000,1.5300,1.7200,22.2200,56.5217,693.690000,623.902350,0.060654,-0.153281,1,0,1,1,1,4,3,5,1.0000,1.0000,0,-0.060364,0.00014763,-0.060364,8.020669,-0.231584
2026-06-11,2.7800,1.5300,1.7200,19.4400,59.4862,717.120000,624.636350,0.059708,-0.165189,1,1,1,1,1,5,5,4,1.0000,1.0000,0,0.097300,0.00014763,0.097300,8.801083,-0.156817
2026-06-12,2.7100,1.5500,1.7200,17.6800,61.4625,721.340000,625.380000,0.060034,-0.168513,1,1,1,1,1,5,5,5,1.0000,1.0000,0,0.019866,0.00014725,0.019866,8.975924,-0.140066
2026-06-15,2.6600,1.5300,1.7150,16.2000,60.8696,744.000000,626.232550,0.059272,-0.182705,1,1,1,1,1,5,5,5,1.0000,1.0000,0,0.091202,0.00014725,0.091202,9.794548,-0.061639
2026-06-16,2.7100,1.5300,1.7100,16.4100,61.8577,729.860000,626.996450,0.060054,-0.147716,1,1,1,1,1,5,5,5,1.0000,1.0000,0,-0.055089,0.00014763,-0.055089,9.254974,-0.113332
2026-06-17,2.6300,1.5500,1.7100,18.4400,58.1028,722.510000,627.757000,0.060003,-0.137727,1,1,1,1,1,5,5,5,1.0000,1.0000,0,-0.029901,0.00014763,-0.029901,8.978239,-0.139845
2026-06-18,2.6600,1.5000,1.7100,16.4000,58.8933,740.620000,628.632000,0.059941,-0.150556,1,1,1,1,1,5,5,5,1.0000,1.0000,0,0.068739,0.00014916,0.068739,9.595392,-0.080719
2026-06-22,2.6500,1.5100,1.7100,17.2800,57.9051,737.950000,629.471400,0.060076,-0.145037,1,1,1,1,1,5,5,5,1.0000,1.0000,0,-0.003499,0.00014916,-0.003499,9.561813,-0.083936
2026-06-23,2.7100,1.5100,1.7100,19.4900,60.6719,713.650000,630.163500,0.061438,-0.142910,1,1,1,1,1,5,5,5,1.0000,1.0000,0,-0.098571,0.00014992,-0.098571,8.619295,-0.174233
2026-06-24,2.7600,1.5100,1.7100,18.6300,62.2530,710.620000,630.836300,0.062108,-0.157463,1,1,1,1,1,5,5,5,1.0000,1.0000,0,-0.015314,0.00014992,-0.015314,8.487296,-0.186879
2026-06-25,2.7800,1.5200,1.7100,18.8900,61.6601,716.380000,631.523850,0.062440,-0.163447,1,1,1,1,1,5,5,5,1.0000,1.0000,0,0.022510,0.00014992,0.022510,8.678347,-0.168576
2026-06-26,2.8300,1.5400,1.7100,18.4100,63.2411,706.520000,632.153900,0.063375,-0.114181,1,1,1,1,1,5,5,5,1.0000,1.0000,0,-0.041628,0.00014954,-0.041628,8.317087,-0.203186
2026-06-29,2.8000,1.5600,1.7100,17.6500,61.6601,724.080000,632.870800,0.062105,-0.132835,1,1,1,1,1,5,5,5,1.0000,1.0000,0,0.074621,0.00014916,0.074621,8.937714,-0.143727
2026-06-30,2.7500,1.5500,1.7100,16.4500,60.4743,736.400000,633.632400,0.060715,-0.160244,1,1,1,1,1,5,5,5,1.0000,1.0000,0,0.049359,0.00015069,0.049359,9.378868,-0.101463
2026-07-01,2.7400,1.5300,1.7050,16.5900,61.4625,725.170000,634.324950,0.060033,-0.162097,1,1,1,1,1,5,5,5,1.0000,1.0000,0,-0.043704,0.00015069,-0.043704,8.968976,-0.140732
2026-07-02,2.7500,1.5400,1.7000,16.1500,65.6126,712.600000,634.929550,0.061441,-0.140812,1,1,1,1,1,5,5,5,1.0000,1.0000,0,-0.053060,0.00014992,-0.053060,8.493086,-0.186324
2026-07-06,2.7200,1.5400,1.7000,15.5700,64.8221,722.820000,635.587750,0.060297,-0.142982,1,1,1,1,1,5,5,5,1.0000,1.0000,0,0.041854,0.00014877,0.041854,8.848556,-0.152269
2026-07-07,2.6700,1.5600,1.7000,16.1300,66.2055,709.430000,636.184900,0.061120,-0.130472,1,1,1,1,1,5,5,5,1.0000,1.0000,0,-0.054829,0.00015069,-0.054829,8.363403,-0.198749
2026-07-08,2.7000,1.5500,1.7000,16.9000,64.0316,711.440000,636.765500,0.060853,-0.131119,1,1,1,1,1,5,5,5,1.0000,1.0000,0,0.006784,0.00015030,0.006784,8.420139,-0.193313
2026-07-09,2.7000,1.5600,1.7000,15.8400,64.0316,723.280000,637.385150,0.060036,-0.122788,1,1,1,1,1,5,5,5,1.0000,1.0000,0,0.049780,0.00015069,0.049780,8.839293,-0.153156
2026-07-10,2.6900,1.5600,1.7000,15.0300,65.6126,725.510000,638.001700,0.060150,-0.109914,1,1,1,1,1,5,5,5,1.0000,1.0000,0,0.009039,0.00014916,0.009039,8.919187,-0.145502
2026-07-13,2.6900,1.5800,1.7000,17.1600,66.6008,711.740000,638.569400,0.061028,-0.076854,1,1,1,1,1,5,5,5,1.0000,1.0000,0,-0.056991,0.00014992,-0.056991,8.410876,-0.194201
2026-07-14,2.7200,1.5600,1.7000,16.5000,64.6245,719.690000,639.187350,0.060772,-0.085741,1,1,1,1,1,5,5,5,1.0000,1.0000,0,0.032764,0.00015145,0.032764,8.686453,-0.167799
2026-07-15,2.7100,1.6000,1.7000,15.6700,64.2292,717.740000,639.808400,0.059909,-0.083267,1,1,1,1,1,5,5,5,1.0000,1.0000,0,-0.007731,0.00014954,-0.007731,8.619295,-0.174233
2026-07-16,2.7100,1.6000,1.7000,16.7300,69.3676,705.940000,640.358250,0.060569,-0.065382,1,1,1,1,1,5,5,5,1.0000,1.0000,0,-0.049704,0.00014916,-0.049704,8.190878,-0.215277
2026-07-17,2.7300,1.5900,1.7000,18.7700,66.0079,695.330000,640.841250,0.060770,-0.050795,1,1,1,1,1,5,5,5,1.0000,1.0000,0,-0.045377,0.00014954,-0.045377,7.819197,-0.250886
2026-07-20,2.6900,1.5900,1.7000,18.6500,64.0316,696.060000,641.319700,0.060559,-0.041859,1,1,1,1,1,5,5,5,1.0000,1.0000,0,0.001777,0.00014992,0.001777,7.833091,-0.249555
2026-07-21,2.6900,1.6100,1.7000,17.0500,63.4387,708.970000,641.848300,0.060031,-0.081606,1,1,1,1,1,5,5,5,1.0000,1.0000,0,0.054989,0.00015030,0.054989,8.263825,-0.208289
2026-07-22,2.6800,1.6000,1.7000,16.6400,64.2292,705.350000,642.346400,0.061452,-0.052294,1,1,1,1,1,5,5,5,1.0000,1.0000,0,-0.015273,0.00015069,-0.015273,8.137615,-0.220380
2026-07-23,2.7700,1.5800,1.7000,18.7000,64.2292,691.960000,642.790300,0.062573,-0.032174,1,1,1,1,1,5,5,5,1.0000,1.0000,0,-0.056631,0.00015145,-0.056631,7.676777,-0.264531
2026-07-24,2.7900,1.5800,1.7000,18.5800,65.6126,684.230000,643.172900,0.062645,-0.037410,1,1,1,1,1,5,5,5,1.0000,1.0000,0,-0.034691,0.00015374,-0.034691,7.410463,-0.290045
2026-07-27,2.8100,1.5900,1.7000,18.6700,68.5771,682.120000,643.560950,0.061806,-0.038660,1,1,1,1,1,5,5,5,1.0000,1.0000,0,-0.009375,0.00015412,-0.009375,7.340990,-0.296700
2026-07-28,2.8400,1.6100,1.7000,18.2100,71.3439,675.490000,643.881200,0.061442,-0.059279,1,1,1,1,1,5,5,5,1.0000,1.0000,0,-0.029022,0.00015412,-0.029022,7.127939,-0.317112
2026-07-29,2.8700,1.6200,1.7000,20.6600,68.5771,661.730000,644.136350,0.061566,-0.047456,1,0,1,1,1,4,3,5,1.0000,1.0000,0,-0.061891,0.00015183,-0.061891,6.686785,-0.359376
2026-07-30,2.8400,1.6000,1.7000,17.0900,67.9842,683.550000,644.606600,0.060214,-0.069857,1,1,1,1,1,5,5,4,1.0000,1.0000,0,0.096104,0.00014916,0.096104,7.329411,-0.297810
2026-07-31,2.8500,1.6400,1.7000,15.9900,66.0079,687.990000,645.036500,0.059368,-0.075700,1,1,1,1,1,5,5,5,1.0000,1.0000,0,0.020853,0.00014877,0.020853,7.482252,-0.283167
2026-08-03,2.7800,1.6300,1.7000,15.8600,68.5771,700.070000,645.546850,0.058548,-0.062021,1,1,1,1,1,5,5,5,1.0000,1.0000,0,0.051687,0.00014916,0.051687,7.868986,-0.246116
2026-08-04,2.7300,1.6100,1.7000,16.5000,70.5534,723.850000,646.155000,0.057187,-0.076719,1,1,1,1,1,5,5,5,1.0000,1.0000,0,0.100942,0.00015221,0.100942,8.663295,-0.170018
2026-08-05,2.7500,1.6400,1.7000,15.8100,69.9605,717.300000,646.741550,0.056717,-0.067316,1,1,1,1,1,5,5,5,1.0000,1.0000,0,-0.026464,0.00015145,-0.026464,8.434034,-0.191982
2026-08-06,2.7100,1.6200,1.7000,15.1500,69.3676,714.650000,647.295150,0.056443,-0.078568,1,1,1,1,1,5,5,5,1.0000,1.0000,0,-0.011120,0.00015145,-0.011120,8.340245,-0.200967
2026-08-07,2.7000,1.6100,1.6950,14.9000,72.1344,723.030000,647.852600,0.056398,-0.082486,1,1,1,1,1,5,5,5,1.0000,1.0000,0,0.033875,0.00015183,0.033875,8.622769,-0.173900
2026-08-10,2.7000,1.6400,1.6900,15.4600,70.5534,720.870000,648.400050,0.055793,-0.075859,1,1,1,1,1,5,5,5,1.0000,1.0000,0,-0.008997,0.00015069,-0.008997,8.545191,-0.181333
2026-08-11,2.7200,1.6200,1.6900,15.2800,70.5534,718.450000,648.964850,0.056621,-0.058211,1,1,1,1,1,5,5,5,1.0000,1.0000,0,-0.010027,0.00015145,-0.010027,8.459507,-0.189541
2026-08-12,2.7100,1.6400,1.6900,14.5500,68.9723,723.700000,649.530450,0.056752,-0.045761,1,1,1,1,1,5,5,5,1.0000,1.0000,0,0.021079,0.00015145,0.021079,8.637821,-0.172458
2026-08-13,2.7100,1.6600,1.6900,14.6300,72.5296,732.070000,650.105300,0.056615,-0.050835,1,1,1,1,1,5,5,5,1.0000,1.0000,0,0.034182,0.00015069,0.034182,8.933082,-0.144171
2026-08-14,2.6700,1.6700,1.6900,14.2500,72.5296,731.070000,650.620200,0.057076,-0.058750,1,1,1,1,1,5,5,5,1.0000,1.0000,0,-0.004666,0.00015069,-0.004666,8.891398,-0.148164
2026-08-17,2.7000,1.6900,1.6900,15.1900,68.3794,729.870000,651.104950,0.057178,-0.049802,1,1,1,1,1,5,5,5,1.0000,1.0000,0,-0.005079,0.00015030,-0.005079,8.846241,-0.152491
2026-08-18,2.7500,1.6900,1.6900,15.8400,68.0473,717.510000,651.513650,0.057359,-0.055074,1,1,1,1,1,5,5,5,1.0000,1.0000,0,-0.050654,0.00015069,-0.050654,8.398139,-0.195421
2026-08-19,2.7300,1.6800,1.6900,14.8900,71.9921,716.080000,651.963800,0.057239,-0.060737,1,1,1,1,1,5,5,5,1.0000,1.0000,0,-0.006480,0.00015030,-0.006480,8.343719,-0.200635
2026-08-20,2.7500,1.6400,1.6900,16.0100,70.4142,710.930000,652.373100,0.057396,-0.050415,1,1,1,1,1,5,5,5,1.0000,1.0000,0,-0.021926,0.00015030,-0.021926,8.160773,-0.218162
2026-08-21,2.7000,1.6400,1.6900,15.1300,69.6252,713.440000,652.779900,0.055856,-0.072838,1,1,1,1,1,5,5,5,1.0000,1.0000,0,0.009790,0.00015069,0.009790,8.240667,-0.210507
2026-08-24,2.6900,1.6300,1.6900,15.8500,72.3866,706.320000,653.215250,0.056610,-0.043348,1,1,1,1,1,5,5,5,1.0000,1.0000,0,-0.030350,0.00015107,-0.030350,7.990564,-0.234468
2026-08-25,2.7000,1.6300,1.6900,15.4500,70.8087,710.720000,653.652450,0.056547,-0.037454,1,1,1,1,1,5,5,5,1.0000,1.0000,0,0.018258,0.00015069,0.018258,8.136457,-0.220491
2026-08-26,2.6700,1.6200,1.6900,15.2100,70.6114,711.370000,654.150950,0.056796,-0.000427,1,1,1,1,1,5,5,5,1.0000,1.0000,0,0.002846,0.00015030,0.002846,8.159615,-0.218272
2026-08-27,2.6300,1.6100,1.6900,14.5100,69.6252,721.110000,654.707800,0.055998,-0.031581,1,1,1,1,1,5,5,5,1.0000,1.0000,0,0.040159,0.00014992,0.040159,8.487296,-0.186879
